company,country,city,postcode,hall,stand,segment,description,id
2iSYS Co. Ltd.,South Korea,Gunpo-si,15847,Hall 3.2,230,Railway Technology,,1226667
3A Composites GmbH,Germany,Singen,78224,Hall 3.1,550,Interiors,"3A Composites Industry Europe is the leading manufacturer for cast and extruded plastic sheets, aluminium composite materials and lightweight foamboards for agricultural and commercial vehicles, caravans, sanitary ware, furniture construction, shipbuilding and the rail vehicle construction industry.",1000084
3B Logos GmbH,Germany,Berlin,14050,Hall 7.1a,205,AI Mobility Lab; Railway Infrastructure,"Founded in Berlin in 1995, 3B LOGOS GmbH develops innovative software solutions for transport and infrastructure. We combine deep industry expertise with technological innovation to make complex systems usable, controllable and safe.",1221477
3Binfra infrastruktur management systeme GmbH,Austria,Wien,1040,Hall 21,350,Railway Infrastructure; World Innovations,"Transparent rail infrastructure: INFRALIFE by 3Binfra GmbH combines asset management, maintenance, and KPIs on one platform, providing clear insights, structured processes, and data-driven decisions.",1000070
3M Deutschland GmbH,Germany,Neuss,41453,Hall 8.2,370,Railway Technology,"Emerging megatrends are the challenge of our time; and innovation is our answer to it.



3M captures the spark of new ideas and transforms them into thousands of ingenious products. 3M is the innovation company that never stops inventing. Our culture of creative collaboration inspires a neve...",1208058
"3onedata Co., Ltd.",China,NANSHAN,518105,Hall 4.1,232,Railway Technology; World Innovations,"3onedata will exhibit at InnoTrans 2026, showcasing innovative industrial networking and intelligent connectivity solutions for the rail industry. Join us in Berlin to explore how reliable and secure communications are shaping the future of digital rail transportation.",1000107
4AI Systems,Australia,Newcastle,2304,Hall 7.1a,530,AI Mobility Lab; Railway Technology; AI,4AI Systems designs AI-powered onboard vision perception and warning systems to improve safety and efficiency. EN4CER comprises an advanced driver advisory system and automatic train protection. HORUS enhances driver situational awareness by sensing and identifying objects in real-time.,1209438
4MADE a.s.,Czechia,OSTRAVA - MARTINOV,723 00,Hall 20,285,Railway Infrastructure,"4MADE a.s. is a well-established supplier and manufacturer of railway components, specializing in production of axles, freight and passenger wheelsets, wheels, and other parts for rail vehicles.",1209939
"4RAIL, a.s.",Czechia,České Budějovice,370 01,Hall 6.2,865,Public Transport,"4RAIL delivers railway vehicle repair, refurbishment, and modernization for Europe’s rail operators. Based in České Budějovice, Czech Republic, we provide certified solutions for passenger, sleeping, and historic rolling stock — built on precision, reliability, and technical expertise.",1000123
4Tel,Australia,Warabrook,2304,Hall 7.1a,530,AI Mobility Lab; Railway Technology,,1000125
5M s.r.o.,Czechia,Kunovice,686 04,Hall 3.1,315,Interiors,"5M is the specialist in production of lightweight materials such as sandwich panels and composite profiles.

Company 5M operates in the area of the development and manufacture of composite and sandwich materials, such as sandwich panel construction from aluminium or composites, pultruded compos...",1000138
A&R TECH GmbH,Austria,Wien,1210,Hall 27; Hall 7.1a,248; 271,Railway Technology; World Innovations; AI; Public Transport; AI Mobility Lab,"A&R TECH GmbH develops & manufactures safety-critical and highly complex control & visualization electronics for the railway industry.

Our focus is clearly on researching, developing, and producing high-quality and innovative products in Vienna for our globally active customers.",1000181
A+S Consult GmbH,Germany,Dresden,01277,Hall 7.2b,100,Railway Technology,"A+S Consult GmbH is a mid-sized company with more than 80 employees. We are active both throughout Germany and internationally. Headquartered in Dresden, we also maintain a southern office in Elchingen/Ulm (Bavaria). Additionally, large projects are handled on-site by offices in Kiew, Tbilisi, Ba...",1000227
A. Rawie GmbH & Co. KG,Germany,Rieste,49597,Hall 26,990,Railway Infrastructure,"Rail transport is one of the most important and most reliable means of transport. Every day, railway vehicles all over the world travel millions of miles, transport millions of passengers and move millions of tonnes of valuable cargo. Consequently, safety is of paramount importance. Whether main ...",1000192
A.M.R.A. S.p.A.,Italy,MILANO,20122,Hall 11.1,430,Railway Technology,"Since 1975, AMRA has designed and manufactured high-reliability electromechanical relays for railway and energy applications. As the Relay Competence Center of the CHAUVIN ARNOUX Group, AMRA delivers certified, long-life solutions for the most demanding safety-critical systems.",1002239
A.S.E.A. MOUMTZIS S.A.,Greece,Gerakas,15344,Hall 9,610,Railway Technology,,1000217
A.S.T. Angewandte System Technik GmbH,Germany,Wolnzach,85283,Hall 20,350,Railway Technology,"A.S.T. Group consists of several medium-sized companies. They are specialized in developing and manufacturing energy saving, environmental protection systems; various kind of measurement systems and control technology; power electronics for railway and other industries.
In more than 35 years thes...",1000220
AAC Controls,United States of America,"Farmingdale, NY",11735,Hall 11.1,440,Railway Technology,High Performance Sensors and Shunts for Harsh Environments,1219545
Aareplast AG,Switzerland,Rickenbach,4613,Hall 8.1,110,Railway Technology,"Aareplast AG – Swiss Expertise in High-Performance Plastic Components for the Railway Industry

Aareplast AG is a Swiss manufacturer of high-performance plastic components and assemblies for the international railway industry. We develop and manufacture precision-engineered parts from both thermoset",1220604
Aarsleff Rail A/S,Denmark,Viby J.,8260,Hall 11.2,210,Railway Infrastructure,"We connect Scandinavia
Aarsleff Rail is the rail contractor that connects Scandinavia. When we build, renew, maintain, and operate rail infrastructure across Denmark, Norway, and Sweden. We do more than lay tracks – we help ensure that our societies remain connected in the future.",1000259
AB Connectors,United Kingdom,ABERCYNON,CF454SF,Hall 12,410,Railway Technology,AB Connectors supplies high-reliability connector solutions to some of the largest transportation systems in the world and has built strong partnership based on innovation and engineering expertise.,1000267
Ab Ovo,Netherlands,Capelle aan den IJssel,2908 ME,Hall 7.1b,245,Railway Technology,,1226102
ABB Ltd.,Switzerland,Oerlikon,8050,Hall 9,320,Railway Technology,"ABB makes transport smarter and greener through innovative products, solutions and services. By providing leading-edge technologies, turnkey systems and superior service, ABB can help train builders, railway operators and network managers to deliver energy-efficient and cost-effective innovations.",1000297
ABB`s PMA Cable Protection,Switzerland,Uster,8610,Hall 15.1,270,Railway Infrastructure; World Innovations,"PMA has stood for high-quality cable protection systems “Made in Switzerland” since 1975. With over 6,500 products, PMA is a global market leader, delivering reliable cable protection solutions specifically for the railway industry worldwide.",1227061
Abet Laminati S.p.a.,Italy,Bra,12042,Hall 3.1,200,Railway Infrastructure,"Founded in 1957 in Bra (Italy), Abet Laminati was among the first companies in Europe to introduce decorative laminate to the worlds of architecture and interior design, playing a decisive role in its widespread adoption as an expressive and high-performance material.",1000350
ABL Technic Bogensberger GmbH,Austria,Sankt Marien,4502,Hall 6.2,130,Railway Technology,"Our company has a certified QM system according to ISO 9001:2015 and ISO 3834-3 for certified welding companies. The process parts and painting aids we manufacture are precisely tailored to your components and your painting systems, ensuring an optimal result.",1220485
Abtus Limited,United Kingdom,Haverhill,CB9 7XU,Hall 22,110,Railway Infrastructure,"Abtus Limited



Based in the UK, Abtus Limited have been designing and manufacturing electro/mechanical engineering solutions for the International Rail and Defence Markets since 1908.



Drawing on over 100 years of engineering excellence, Abtus continues to supply inventive and technic...",1000396
Abysalto d.o.o.,Croatia,Zagreb,10010,Hall 7.1c,540,Mobility+; Public Transport,"Abysalto develops digital solutions for mobility, public transport and critical communication systems. Working with transport operators, governments and telecoms, we help modernize infrastructure, improve passenger services and support reliable, future-ready mobility systems.",1225465
ABZ Innovation Ltd.,Hungary,Szentendre,2000,Hall 11.2,200,Railway Technology,"ABZ Innovation develops and manufactures heavy-duty action drones aimed at enhancing efficiency and performance in agriculture, construction, logistics, and various industrial operations.",1000407
Acal BFi Germany GmbH,Germany,Gröbenzell,82194,Hall 17,130,Railway Technology,"Acal BFi presents advanced Power Solutions for the railway industry at InnoTrans. With a broad portfolio of reliable power components and application-focused engineering expertise, Acal BFi supports rail manufacturers and system integrators in developing efficient and robust solutions.",1000422
Acapela Group,Belgium,MONS,7012,Hall 4.1,230,Public Transport,"VOICE AI IS READY TO GUIDE YOUR PASSENGERS
Acapela text-to-speech converts any written information into speech, delivering relevant audio passenger information in real -time. Station names are pronounced accurately in any language, thanks to the lexicon editor and Acapela's additional services",1000427
Acarlar Vagon San. ve Tic. A.S.,Türkiye,Dinar / Afyonkarahisar,0,Hall 6.2,320,Railway Technology,"As Acarlar Vagon Company we established in 2011, we started our service to make revisions of freight wagons. In 2014, we were the first private company to receive 4 function ECM certification. We continues to serve with 30,000 m2 open, 10,000 m2 closed area and 3 km connection line.",1000428
ACC M,France,CLERMONT-FERRAND,63100,Hall 11.2,270,Railway Technology,"From overhaul to full renovation. ACC M keeps passenger fleets running longer, safer, and better. We intervene on regional trains, intercity coaches, tramways, metros, and heritage & tourist railways. French industrial expertise, European reach.",1000431
Accenture,Germany,Kronberg,61476,"CityCube, Hall A",810,Railway Technology,"Accenture is a leading global professional services company that helps the world's top companies, governments and other organizations build their digital core, optimize operations, accelerate revenue growth and improve client services - all while delivering tangible benefits at speed and scale.",1000438
Aceros Moldeados de Lacunza SA,Spain,Arbizu,31839,Hall 20,360,Railway Technology,"AML(Spain) and ATPL(India) specialize in tailored high-value steel castings for rail and industrial applications. We supply components from 3 to 4,500 kg, including ready-to-assemble solutions, with engineering support, full traceability and certified quality ISO 3834-2, ISO 15085 and DB standards.",1224286
Achat Infrastruktur GmbH,Germany,Hoppegarten,15366,"CityCube, Hall B",220,Railway Infrastructure,"We offer a wide range of energy services, as part of which we carry out construction, renovation and modernisation",1000481
ACKSYS,France,Élancourt,78990,Hall 4.1,480,Public Transport,"ACKSYS is a manufacturer of WiFi and cellular routers specifically designed for railway applications. ISO 9001 certified and EN 18031 compliant, ACKSYS guarantees strict quality, security, and reliability standards across its products and operations.",1000493
ACLA-WERKE GmbH,Germany,Köln,51065,Hall 8.1,205,Railway Technology,,1224534
ACOME Group,France,PARIS,75014,Hall 22,276,Railway Infrastructure,"ACOME Group designs and manufactures optic and copper high-performance cables for trackside applications and control centers (ZPAU, K23, K25, ZC03, etc.)  as well as hardened solutions - including connectors, distribution boxes - built to secure network availability.",1000502
ACRI - Association of Czech Railway Industry,Czechia,Praha 1,110 00,Hall 9,315,Railway Technology,"ACRI - Association of Czech Railway Industry gathers 53 Czech companies, significant producers and suppliers of products and services for railway transport. It represents engineering, design, manufacture, maintenance. ACRI acts as Centre of Technical Standardization acting in the railway sector.",1000518
actain engineering GmbH,Germany,Erfurt,99091,Hall 7.2c,230,Railway Technology,,1226763
ACTIA,France,Toulouse,31400,Hall 4.1,310,Public Transport; World Innovations,"ACTIA delivers intelligent onboard railway systems combining engineering, EMS manufacturing and lifecycle services to improve safety, connectivity and operational efficiency. Meet our experts at InnoTrans and discover our global railway expertise.",1224227
ACUSTRAIN SL,Spain,Zamudio,48170,Hall 21,312,Railway Infrastructure,,1219528
ACYGS SALES MANAGEMENT S.L,Spain,ALCORCON,28925,Hall 23,560,Railway Technology,"ACYGS Sales Management offers engineering services to define and manage railway workshop projects, analyzing the clients’ needs and proposing the best solutions for the maintenance workshop equipment. We promote improvements and provide optimized solutions that have a direct impact on our customers.",1000553
Adam El Tenso,Romania,Ungheni,547605,Hall 6.2,925,Railway Technology,"Manufacturing and maintanance of rail-embedded load transducers, tensometry devices and locomotive balancing software. Offers construction and maintanance services for industrial rail scales, bogie test stands & spring compression stands.",1220483
Adamantes Engineering Kft.,Hungary,Rétság,2651,Hall 9,686,Interiors,,1227236
Adaptive Balancing Power GmbH,Germany,Pfungstadt,64319,Hall 15.1,230,Railway Infrastructure,Imagine putting more trains on the track without massive changing your infrastructure !,1222706
ADAPTIVE RECOGNITION,Hungary,Budapest,1123,Hall 11.2,200,Railway Technology,,1226934
adaptronic Prüftechnik GmbH,Germany,Wertheim,97877,Hall 12,270,Railway Technology,"adaptronic Prüftechnik GmbH is a leading manufacturer of wiring and functional test systems. For more than 30 years, we stand for customized high-quality test systems and adaptation solutions and their associated services in the HV and LV area as well as for high-current test applications.",1000583
ADComms,United Kingdom,Scunthorpe,DN15 9YH,Hall 6.1,570,Railway Technology,"Discover how ADComms is transforming rail through integrated telecoms and technology solutions, with Monica Hub – a powerful platform delivering real-time insights, smarter operations and improved network performance across modern rail environments.",1220445
ADES Technologies,France,Saint-CHAMOND,42400,Hall 3.2,210,Railway Technology,"ADES Technologies designs and manufactures fluid connection and control solutions for demanding railway applications, including valves, fittings, pneumatic panels and custom sub-assemblies.",1211480
Adhetec,France,TARBES,65000,Hall 1.1,880,Interiors,"ADHETEC:
   - Consumables
   - Technical markings
   - Self adhesive flooring
   - Interior decofoils",1000609
ADJ Engineering Private Limited,India,Noida,201301,Hall 23,365,Railway Technology,,1227235
ADLINK Technology GmbH,Germany,Mannheim,68163,Hall 4.1,672,Railway Technology; World Innovations,"ADLINK Technology Inc. (TAIEX: 6166) is a global leader in embedded and edge computing, accelerating edge AI empowerment—driving intelligence at the edge. ADLINK designs and manufactures edge hardware and software for embedded, distributed, and intelligent computing.",1000625
Adolf Würth GmbH & Co. KG,Germany,Künzelsau-Gaisbach,74653,Hall 8.2,360,Railway Infrastructure,"The Würth Group is leading in the development, production, and sale of assembly and fastening materials. The globally operating family business, headquartered in Künzelsau, Germany, includes over 400 companies with more than 2,800 shops in 80 countries.",1000639
ADSE Consulting and Engineering,Netherlands,Hoofddorp,2132 HZ,Hall 11.2,120,Railway Technology,"ADSE is a privately held engineering consultancy firm based in the Netherlands, passionate about transportation systems and mobility solutions. We are experts on Rolling Stock, Design & Integration, Safety & Certification and Systems Engineering. We turn your project into reality. Come and meet us!",1210114
ADVANTAGE AUSTIA,Austria,Wien,1040,Hall 21; Hall 8.2,230; 350,Railway Infrastructure,"ADVANTAGE AUSTRIA, with its more than 110 offices in over 70 countries, provides a broad range of intelligence and business development services for both Austrian companies and their international business partners. Our 800 employees and 35 consultants around the world can assist you in locating ...",1000673
Advantech Europe B.V.,Netherlands,Eindhoven,5692,Hall 4.1,370,Public Transport,"Advantech, founded in 1983, is a leader in IoT systems and embedded platforms. Utilizing AI, 5G, IoT, and cloud platforms, Advantech transforms public transportation with certified solutions for rolling stock and wayside applications, enhancing safety, efficiency, and passenger experiences.",1000676
Aero-X AG,Switzerland,Wuerenlos,5436,Hall 5.2,630,Railway Technology,"Aero-X AG is specialized in fire protection solutions for special hazard applications like mobile- and stationary technical infrastructure, vehicles and equipment. Designed in Switzerland, Aero-X fire suppression solutions protect people, equipment and assets all over the world.",1000787
AESYS S.p.A,Italy,Brusaporto,24060,Hall 2.1,635,Railway Technology,"We’ve come a long way, proving since 1977 the company’s leadership by setting the standards in the design and assembly of customized display solutions with the latest LED and TFT technology. Aesys prides itself for keeping all of the production stages at its headquarter in Bergamo, Italy.",1000798
AFIMES,France,verrière le buisson,91370,Hall 3.2,210,Railway Infrastructure,"AFIMES designs and supplies technical safety and security solutions for sensitive environments and critical infrastructure. Drawing on its expertise in physical protection, compartmentalization, secure cable routing, and security equipment, the company meets the requirements",1227013
African Rail Industry Association NPC,South Africa,Johannesburg,2001,Hall 10.1,100,Railway Infrastructure,,1000852
AGC Glass Europe SA,Belgium,Ottignies / Louvain-La-Neuve,1348,Hall 1.1,660,Interiors,"Look beyond the glass. At AGC Glass Europe, we're engineering more than just windows; we're shaping the future of the passenger experience. Discover how our advanced glazing solutions for trains are driving sustainable mobility through enhanced safety, comfort, and connectivity.",1000906
"AGG, Anlagen- und Gerätebau GmbH",Germany,Potsdam,14478,Hall 23,600,Railway Technology,System solutions - this word defines our claim. We deliver not only individual products but also analyse your measurement tasks and provide you with customised products from the stand-alone solution to complex system solutions. Benefit from our experience and that of our partners in the developme...,1000954
"AGICO International Holdings Co., Ltd.",China,Anyang,455000,Hall 9,282,Railway Infrastructure,"Leading firm in non-rail traction: R&D, mfg, sales, service. 60% China share, export 20+ countries. Products: electric, hydrogen, methanol, dual-power, diesel, retrofits, remote control, auto-charging, remote O&M. Mission: tech to productivity, cost-cut, green growth.",1225840
AGRO AG,Switzerland,Hunzenschwil,5502,Hall 12,370,Railway Technology,"The Swiss company AGRO AG has been developing and manufacturing high-quality cable entry and cable installation solutions since 1953. With its numerous innovations and patents, it is a pioneer in the field of cable glands.",1001103
Agôn electronics (Agôn Railway),France,Labège,31670,Hall 27,752,Railway Technology,"As part of AGÔN Electronics, we unite LEROY Automation, Mios Elettronica, and SC3 Automation. Together, we deliver smart, cyber-secure TCMS, connectivity, and custom automation for global rolling stock and critical rail infrastructure",1215673
AIF - Association des Industries Ferroviaires,France,FAMARS,59300,Hall 3.2,100,Railway Technology,"Founded in 1995, the Association of Railway Industries (AIF) celebrated its 30th anniversary in 2025.
For more than three decades, the AIF has supported, promoted, and united companies in the railway sector, helping them grow and strengthening the competitiveness of the industry",1161579
Air Purification Skroll Ltd,United Kingdom,Gateshead,NE95JG,Hall 18,180,Railway Technology,Air Purification Skroll Ltd (APSL) are revolutionizing the future of compressed air-drying technology with unique solutions to provide unparalleled results in arduous conditions.,1001331
Air Rail SL,Spain,Madrid,28023,Hall 6.2,355,Railway Infrastructure,"Air Rail is a company specialized in the manufacture of rail depot equipment. 
Our specialization is the train washing equipment, but we also supply bogie washing cabins, automatic (robotic) blowing systems and CET systems.",1001333
AirDIV Group,Czechia,Hlinsko,53901,Hall 3.1,600,Interiors,"Lightweight textile air ducts for railway & bus – better airflow, faster installation, less weight.",1001355
Airquick Newark LTD,United Kingdom,Newark,NG24 2AG,Hall 2.2,460,Railway Infrastructure,"Airquick is a specialist engineering company focused on the design, manufacture, installation, and maintenance of rail depot service equipment and compressed air systems.",1001381
AIRTEC INTERNATIONAL LTD,United Kingdom,GLASGOW,G4 0DL,Hall 25,185,Railway Infrastructure,"Mission Statement
Provide the Railway Industry with the best Petrol/Gas Driven Impact Wrench, Tool Carrier and Accessories available in the World

Company Profile
The NEW Master 35® Impact Wrench now powered by a New Generation low emission Engine complying with EUR5 & EPA3 Standards.",1001385
AIT Austrian Institute Of Technology GmbH,Austria,Wien,1210,"CityCube, Hall A",750,Railway Technology,"AIT Austrian Institute of Technology
The AIT Austrian Institute of Technology is Austria’s largest non-university research institute. With its seven Centers, AIT regards itself as a highly specialised research and development partner for industry.",1001398
AIXrail GmbH,Germany,Aachen,52070,"CityCube, Hall B",100,Railway Technology,,1209549
AKG Software Consulting GmbH,Germany,Heitersheim,79423,Hall 5.2,660,Railway Infrastructure,"AKG Software Consulting GmbH provides powerful software solutions for infrastructure planning, documentation, and asset management. Its digital applications support operators and engineers in efficiently managing technical assets, improving data quality, and optimizing operational processes.",1001450
AKG Thermotechnik International GmbH & Co. KG,Germany,Hofgeismar,34369,Hall 18,350,Railway Infrastructure,"AKG Group – Technological Leader with strong technical innovation

AKG is a global supplier of high-performance coolers, heat exchangers and customised system solutions. With around 3,000 employees and 11 production sites across Europe, the Americas and Asia, AKG stands for innovation and quality.",1001452
Akiem Holding SAS,France,Saint-Ouen-sur-Seine Cedex,93452,"CityCube, Hall A",445,Railway Technology,"A leading European provider of services to rail operators, manufacturers, and local authorities, Akiem offers its over 100customers in 22 European countries a fleet of 770 locomotives and 42 passenger vehicles as well as solutions covering the entire rolling stock value chain. Akiem is ECM certified",1001454
Akkodis,Switzerland,Zürich,8008,Hall 6.1,465,Railway Technology,"Akkodis is a global digital engineering consulting company combining technology and talent to accelerate transformation, drive innovation, and shape an intelligent, more sustainable future.",1209764
AKS DASIS Dommermuth GmbH & Co. KG,Germany,Mülheim-Kärlich,56218,Hall 18,430,Railway Technology,"Dasis Industry stands for quality and reliability and is your partner for industrial cooling.
Our radiators convince since over 45 years by solid constructions, high resistance to mechanical influences and external circumstances, maximum corrosion prevention and a very high resistance to heat an...",1001467
Aktobe Rail and Section Works LLP,Kazakhstan,Aktobe,030000,Hall 26,227,Railway Infrastructure,"ARBZ LLP is a unique enterprise for the production of differentially heat-strengthened rails of high quality and medium shaped rolled products in Kazakhstan. Our Products and Services: Rails of type R65,60Е1,60Е2, Equal-leg angle, Channel, Flange beam, SVP, Laboratory and Metrology services.",1001490
AKW A+V Protec Rail GmbH,Germany,Hirschau,92242,Hall 1.1,630,Interiors,"""Sanitary Waste Water Treatment For Rail Cars""The Protec Bioreactor transforms sanitary waste water into purified water.Biological and particularly efficient:An on-board toilet with a Protec Bioreactor will work for up to six months non-stop. Rail operators across the globe are benefitting...",1001493
ALBAYRAK MAKINE ELEKTRONIK SANAYI VE TICARET ANONIM SIRKETI,Türkiye,Eskisehir,26110,Hall 5.1,255,Interiors,"ALBAYRAK Makine Elektronik Inc. is focused on design, engineering, safety calculations, manufacturing and maintenance of products relevant to railway systems. 

Mostly giving services above for high safe Platform Screen Door Systems, Train Door Drive and Control Systems and Railway Signal Lamps.",1001633
"ALC ""Striy Avto""",Ukraine,Stryi,82400,Hall 4.2,410,Railway Infrastructure,"STRIY AVTO is a Ukrainian manufacturer of transport and engineering solutions with over 30 years of experience. The company specializes in the design and production of inter-car gangways, vehicle bodies, passenger seating systems, metal structures, and electric mobility solutions. Combining in-hous",1226849
"Alfa Union, a.s.",Czechia,Prague,143 00,Hall 9,250,Railway Technology,"Alfa Union is the manufacturing joint-stock company with her own development, sales and service department. Dynamically progress of the company since her foundation in 1997 is a result of an integration of the tradition, experiences, creativity and high professionalism. The main product range are...",1001723
Alfred PRACHT Lichttechnik GmbH,Germany,Dautphetal-Buchenau,35232,Hall 5.2,810,Public Transport,"PRACHT is one of the leading international manufacturers of luminaires with a high protection rating for specialised applications.  As a specialist in the damp and industrial sectors, the company focuses on luminaires that can withstand extreme conditions, including high temperatures and chemical ga",1001733
Aliant Battery,Italy,Imola,40026,Hall 15.1,455,Railway Technology,"Aliant Battery is the technology partner for advanced electrification of vehicles and industrial machinery, specializing in the design and production of fully customized lithium iron phosphate (LFP) batteries.",1218423
ALISA - Night Train Concept,Germany,Kirchentellinsfurt,72138,Outdoor Display,O/10,Public Transport; World Innovations,"ALISA is reimagining the future of European night travel. The modular and lightweight sleeper train concept combines flexible interiors, higher passenger capacity, and efficient operation for both day and night services, making overnight rail travel more sustainable and economically viable.",1227538
ALIX SmarTrack / GEXIA,France,TOULOUSE,31670,Hall 7.1a,550,Railway Technology; AI Mobility Lab,"Railway maintenance, simplified. ALIX SmartTrack delivers field-first, smartphone-driven measurement tools built for the modern operator. One person. One pass. Precise, real-time data with zero complexity. Ready to use out of the box and only what the field needs.",1223160
ALL COMMUNICATIONS NV,Belgium,Mullem-Oudenaarde,9700,Hall 7.1b,225,Railway Technology,WE BRING 4G & 5G INSIDE YOUR RAILWAY WAGONS,1210591
Allovis S.r.l.,Italy,Torino,10135,Hall 10.1,270,Interiors,"Founded in 2010, ALLOVIS is an R&D company specializing in numerical modeling, software development and mechanical design, supported by advanced experimental and prototyping capabilities. The company focuses on fluid-dynamic systems, with expertise in vehicle climate control for the rail sector.",1227157
ALMAR S.A.S.,France,Lyon,69005,Hall 26,155,Railway Infrastructure,ALMAR – Reliable Insulated Rail Joint Solutions for Railway Infrastructure Worldwide. ALMAR develops and manufactures high-quality insulated rail joints for the global railway industry. As a joint venture combining Austrian and French expertise.,1001855
ALMAVIVA,Italy,ROME,00137,Hall 4.1,720,Railway Technology,,1001858
ALMEX GmbH,Germany,Hannover,30539,Hall 2.1,200,Public Transport,"Almex GmbH is a leading solution and service partner for systems for recording, validating and processing data. 
We offer a comprehensive portfolio of solutions for your ticketing requirements. Stationary and mobile ticketing systems with the latest technology and innovative “extras” ...",1001866
Alpha Innovations,Belgium,Louvain-la-Neuve,1348,Hall 22,420,Railway Technology,"Powering rail reliability since decades. Alpha Innovations designs custom power systems & supervision software for safety-critical railway infrastructure. SIL4 certified products. Belgian engineering, global reach.",1001902
Alpha Trains Europa GmbH,Germany,Köln,50674,"CityCube, Hall A",505,Career Point; Railway Technology,"Alpha Trains is the leading rolling stock lessor in Europe. A total of 130 employees from 17 countries work in offices in Luxembourg, Antwerp, Cologne, Madrid, Paris and Warsaw. Alpha Trains owns more than 1,000 locomotives and passenger trains and offers tailor-made leasing solutions.",1001905
ALPHITAN GROUP,France,Bruges,33520,Hall 3.2,130,Railway Technology,"European specialist in the overhaul of traction motors, and repair of embedded electronic systems.",1211676
ALSTOM,France,Saint-Ouen-sur-Seine,93400,Hall 3.2; Outdoor Display,450; T2/20; T4/36; T5/40,Railway Technology; Outdoor Display; World Innovations; AI; Career Point; Public Transport,"Alstom is committed to making rail the backbone of sustainable transport. We design and deliver a complete range of future-ready solutions, from high-speed and regional trains to metros, monorails, trams, turnkey systems, end-to-end services, infrastructure, signalling and digital rail solutions.",1208793
Altametris,France,Saint-Denis,93200,Hall 7.1a,246,AI Mobility Lab; Railway Technology,"ALTAMETRIS, spin-off of SNCF Reseau is the French expert in generating geotechnical data for industrial infrastructure operators with an accute focus on operation & maintenance. Altametris offers Consulting and Support Services, a turnkey Solutions catalogue, and an Online Software Suite.",1001962
ALTEC Aluminium-Technik GmbH,Germany,Mayen,56727,Hall 6.2,890,Railway Technology,"With our innovative scaffolding solutions, bridges and dock systems -Made in Germany- we rely on a recyclable material and offer real added value for a safe and comfortable everyday work.",1001978
Althen Sensors & Controls B.V.,Netherlands,Rijswijk,2288 EL,Hall 23,960,Railway Technology,"Althen Sensors & Controls delivers reliable sensor and measurement solutions for the railway industry. From rolling stock and infrastructure to testing, monitoring and predictive maintenance, we help improve safety, performance and uptime.",1220435
ALTHEORA,France,MAUVES,60940,Hall 3.2,210,Railway Infrastructure,"ALTHEORA, industrial equipment manufacturer, leader in the design and manufacture of complex parts and subassemblies of new generation composite materials and polymers.",1001996
Alto,Canada,Montréal,,Hall 7.2c,130,Public Transport,Alto is the Toronto–Québec City high-speed rail network and one of the largest infrastructure projects in Canada in the past half-century.,1226289
ALTPRO,Croatia,Zagreb,10020,Hall 27; Outdoor Display,660; T10/45,Outdoor Display; Railway Technology; World Innovations,ALTPRO is a specialized company focused on the development and production of signalling systems for railway infrastructure and rolling stock.,1002013
Altraix International,France,CABRIES,13480,Hall 25,615,Railway Infrastructure,"With several innovation, ALTRAIX International will be pleased to welcome you on our booth. You will discover the latest USP technology, as well as a brand new solution for Rail pad application.
ALTRAIX International is your preferred partner for resilient solutions on tracks.",1002014
Amberg Technologies AG,Switzerland,Regensdorf,8105,Hall 25,455,Railway Infrastructure,"Headquartered in Switzerland, Amberg Technologies develops digital solutions for railway construction, measurement, inspection and maintenance.",1002127
AMBIENT SYSTEM,Poland,Gdańsk,80-298,Hall 4.1,412,Public Transport; World Innovations,"Ambient System is a leading European manufacturer and provider of advanced Public Address (PA) and Voice Evacuation Systems (VES), delivering reliable safety solutions to clients worldwide.",1002131
AMCO S.A.,Greece,Athens,PO 183 46,Hall 6.1,365,Public Transport,"AMCO S.A. was established in 2003 and since then, has evolved to a market leader for ITS solutions in smart mobility.
The company has successfully implemented hundreds of projects for private and public sector enterprises in more than 10 countries, as it has the expertise and the know-how to design…",1002144
AMCO S.A.S.,France,SAINT-OUEN L'AUMÔNE,95310,Hall 3.2,130,Interiors,"AMCO designs rubber & silicone sealing solutions, mastering extrusion, molding and cutting.",1002143
AMCON Software GmbH,Germany,Cloppenburg,49661,Hall 2.1,630,Public Transport,"As a national supplier of ticketing systems, automatic fare management (AFC) systems and real-time passenger information (ITCS) systems for buses and trains, AMCON is assisting transportation companies in making public transport more attractive and more efficient.",1002146
AmePower,United States of America,Miami,33178,Hall 9,430,Railway Technology; World Innovations,"AmePower brings innovative and patented next generation propulsion inverter solutions for Light Rail/Trams, Heavy Rail and Locomotives, with industry-leading efficiency and reliability.",1002152
Amest s.r.o.,Czechia,Jesenice u Prahy,73642,Hall 20,640,Railway Technology,"MEASURING STATIONS
Amest monitoring and measuring stations secure complex interstage and final inspections of components, assemblies, and final products. They check the dimensions; shapes; required weight; quality of finish; and monitor the quality requirements of the material used.",1002179
"AMI(Tianjin) New Materials Technology Co.,Ltd",China,Tianjin,300457,Hall 8.2,400,Railway Technology,"Established in 2014, we specialize in supplying UIC, AREMA, GOST, and GB standard railway rails, including light rails, heavy rails, and crane rails. Our products are widely used in railway, mining, and industrial projects worldwide. With stable quality, reliable supply, and professional export serv",1224129
AMiT Transportation s.r.o.,Czechia,Praha 5,158 00,Hall 27,531,Railway Technology,"AMiT Transportation s.r.o. – a European supplier of safe and reliable systems for rail and public transport. In-house HW and SW development, manufacturing and testing under one roof. CRA Ready solutions.",1002205
AMM Manufacturing - Member of MIND Group,Serbia,Kragujevac,34325,Hall 8.1,360,Railway Technology,"AMM Manufacturing specializes in the production of aluminum and steel carbody parts for Rail vehicles. Putting the quality of its products first, AMM Manufacturing has become an important link in supply chain and partner to the world's largest OEMs in the field of the Railway industry.",1002209
Ampetronic Ltd,United Kingdom,Newark,NG24 4XB,Hall 2.2,460,Public Transport,"Auracast™ is arriving at Innotrans. Auri™ enables high-quality, low-latency audio directly to passengers’ devices, supporting accessible, multilingual communication across transport environments.",1002226
Amphenol Tuchel Industrial GmbH,Germany,Heilbronn,74080,Hall 27,650,Railway Technology,,1002233
AMPHERR AG,Germany,Neuss,41468,Hall 15.1,260,Railway Technology,"We are delivering state of the art, smart energy storage systems for all kinds of electrical vehicles and stationary applications, which are based on various chemical variants of Lithium-Ion cells like NMC, LTO and LFP.",1002235
Amsted Digital Solutions,United States of America,Chicago,60606-6604,Hall 20,265,Railway Technology,,1227309
Amsted Rail,United States of America,Chicago,60606,Hall 20,265,Railway Technology,"Amsted Rail is a leading global provider of railcar systems and components with a broad array of advanced solutions across the freight, transit and telematics technology sectors.",1002247
AMT Rail Road B.V.,Netherlands,Breda,4838GZ,Outdoor Display,O/184; O/185; O/245,Railway Technology; Railway Infrastructure; Outdoor Display,"AMT Rail Road develops, manufactures and delivers unique tools for on and around tracks. The machines are developed together with you and built to your specifications, requirements and stated legislation and regulations. Machines such as road-rail vehicles (rail excavators and dumpers), railtrail...",1002268
Amurrio Ferrocarril y Equipos S.A.,Spain,Amurrio,01470,Hall 26,880c,Railway Infrastructure,"We make railway turnouts for tramway, crossings, metro, high speed, mining, heavy haul",1002271
ANAMET EUROPE B.V.,Netherlands,AMSTERDAM,1046 AW,Hall 12,400,Railway Technology,"Anamet Europe BV specializes in flexible connection and protection systems. We provide expert support to customers worldwide, across various markets, including the RAIL INDUSTRY - meet us at Hall 12 #400.",1002287
ANAND INTERNATIONAL,India,SURAT,394510,Hall 14.1,230,Interiors,,1225399
AND HITECH INDUSTRIES LIMITED,India,"Greater Noida,Gautambuddha Nagar",201306,Hall 1.2,290,Railway Technology,"We are specialized in All types of Brake Disc, Brake Pad, Dampers , HVAC, Pantograph , FIBA & ASCE.",1218560
ANDRE ABRASIVE ARTICLES Spółka z o.o. Sp.k.,Poland,Koło,62-600,Hall 5.2,140,Railway Infrastructure,"Andre Abrasive Articles designs, manufactures and supplies a wide range of general-purpose and special abrasive tools: grinding and cutting-off wheels, segments and hand stones made of hard bonded abrasives (Aluminum Oxide and Silicon Carbide) with vitrified and resin bonding agents.

	

	Our c...",1002370
ANDREW an Amphenol company,Germany,Buchdorf,86675,Hall 7.1b,310,Railway Technology,"At ANDREW, we believe that a better-connected future is possible. Since 1937, we have worked with customers around the world to advance wireless communications technology and create smarter, higher-performance connectivity experiences.",1225844
ANDRITZ Metals Germany GmbH,Germany,Hemer,58675,Hall 21,670,Railway Technology,ANDRITZ Metals Germany delivers furnace systems and combustion solutions for thermal processing in the metals industry. The portfolio covers continuous and batch-type furnaces as well as burners and heating systems for high-temperature applications.,1225550
ANDRITZ Schuler Pressen GmbH,Germany,Göppingen,73033,Hall 21,670,Railway Technology,"Railway - On the right track.
System solutions for the railway industry. Turnkey Forging Lines for Railway Wheels Axles and Switches.",1036235
Anglo Belgian Corporation,Belgium,Gent,9000,Hall 18,400,Railway Technology,"Anglo Belgian Corporation (ABC or ABC Engines), located in Ghent since 1912, is one of Europe's leading manufacturers of medium-speed internal combustion engines, with a power range from 600 kW to 10.5 MW per engine.",1000317
"Anhui Gangtai Rail Transit Technology Group Co., Ltd",China,Anhui,243000,Hall 22,860,Railway Technology,"Anhui Gangtai Rail Transit Technology Group Co., Ltd. was founded in October 2002. It is a full-industry-chain system integration service provider deeply engaged in the domestic rail transit industry for years, featuring mature global business layout and solid industrial strength. Gangtai has been g",1220342
"ANHUI TELMA TECHNOLOGY CO., LTD.",China,Xuancheng,242000,Hall 5.1,473,Interiors,"Focus on core industries, Telma Tech is striving to become the world's leading provider of overall solutions for high-performance composite materials. With green new materials, we will work together to build a better global village for mankind.",1220401
"Anping Jinlong Vehicle Equipment Co., Ltd",China,Hebei,053600,Hall 1.1,790,Public Transport,"Anping Jinlong Vehicle Equipment Co., Ltd. is a high-tech and specialized enterprise specializing in the R&D, production and supporting services of high-end special glass for rail transit.",1002482
ANRO GRAVITAS LTD.,Hungary,Szeged,6721,Hall 11.2,200,Public Transport,,1211754
Antonics GmbH,Germany,Velten,16727,Hall 4.1,860,Railway Technology,"Antonics is a leading German developer and producer of cutting-edge antenna system technology. As a pioneer in multiband train antennas, the company delivers high-performance antenna solutions for buses and rail vehicles. Based in Velten, near Berlin, Antonics GmbH is at the forefront of innova",1002525
"ANTS Co., Ltd.",South Korea,Haeundae-gu,48069,Hall 27,755,Railway Technology,"ANTS Co., Ltd. develops and supplies advanced rolling stock technologies. Key products include PA/PIS/CCTV systems, HVAC controllers, LCD and LED displays, and tachometers. The company serves global markets, including the US, Brazil, Indonesia, Hong Kong, Turkey, etc.",1207768
"Anyang General International Co., Ltd.",China,Anyang,455000,Hall 9,283,Railway Infrastructure,"AGICO is specialized in railway products, operating under the ISO9001 quality management system. The products include various fishplates, high-speed and subway fastening systems, composite sleepers etc.We ensure international standards and customized solutions, serving clients in over 30 countries.",1002546
"Anyang Railway Equipment Co., Ltd.",China,Henan,455000,Hall 26,515,Railway Infrastructure,"Our company's main products include rail clips, rail spikes, bolts, nuts, tie plates, elastic pads, section steel, rail clamps, joint bars, rubber products, nylon products, synthetic products,and plastic products, brake shoes, and other more than 100 kinds of railway products.",1002547
"ANYTECH Co., Ltd.",South Korea,Suwon-si,16681,Hall 11.2,150,Railway Technology,"- Air quality improvement device for railway vehicles

- Central control system for air quality improvement device",1113242
AOC AG,Switzerland,Schaffhausen,8200,Hall 3.1,345,Public Transport,,1226296
Aon,United States of America,Washington,DC 20006,"CityCube, Hall A",140,World Innovations; Railway Infrastructure,"Supporting rail and infrastructure leaders with data-driven insights and risk solutions to build resilience, accelerate investment, and power sustainable growth.",1220314
AP industrie,France,Ploërmel,56800,Hall 11.2,270,Public Transport,,1227031
APAR Industries Limited,India,Mumbai,400071,Hall 14.1,310,Railway Infrastructure,"How we do what we do


APAR Industries was started in 1958, in India. Over 60 years later, we have grown into a diversified billion dollar company, and expanded to over 140 countries as a highly trusted manufacturer and supplier of conductors, a wide variety of cables, speciality oils, polymers and",1002570
APCom,Poland,Czeladź,41-253,Outdoor Display,O/250,Railway Infrastructure,,1226628
Aplicaciones Mecanicas del Caucho S.A. (AMC MECANOCAUCHO),Spain,ASTEASU,20159,Hall 9,652,Railway Technology,"AMC-MECANOCAUCHO: Manufacturer of Anti Vibration Mounts, Rubber Mounts, AV Mounts, Rubber Engine Mounts.",1219038
Apollo Heat Exchangers Pvt.Ltd.,India,Boisar,401506,Hall 20,630,Railway Infrastructure,"Apollo Group -  Progressive | Adaptive | Innovative
Apollo Heat Exchangers caters flux-less Vacuum Brazed Cooling Units to all industrial segments including Railway, Defense, Cryogenics, Power electronics, Power transformers, Earth moving and other construction & mining industry.",1002623
Applus+ Laboratories,Spain,Bellaterra,08193,"CityCube, Hall A",450,Railway Technology,"We're Applus+ Laboratories, a division of the Applus+ Group that provides testing and certification to improve the competitiveness of our client products and encourage innovation.",1021234
Aprixon Information Services GmbH,Germany,Hamburg,20537,"CityCube, Hall B",100,Railway Technology,"We are the specialists for the digitalization of rail freight services. ECHO is the software suite that Aprixon has developed for rail freight services. Our customers are shippers, workshops, ECM, railway undertaking and rail forwarder.",1002651
APS Applied Power Systems,Switzerland,Niederbuchsiten,4626,Hall 2.2,250,Railway Technology,We develop and manufacture innovative solutions for sustainable mobility on rail and road.,1226193
AQ MAGNETICA ITALY SRL,Italy,MILANO,20129,Hall 11.1,205,Railway Technology,,1002678
Aqua Clean Oy,Finland,Pori,28200,Hall 6.2,440,Railway Technology,"Aqua Clean's mission is to provide a total cleaning solution for the customer, in all aspects:
- Technically
- Cost-effectively
- Energy-efficiently
- In the most environmentally friendly manner",1215786
"Aquafrisch , S.L.",Spain,Rivas-vaciamadrid,28521,Hall 6.2,415,Railway Technology,"Established in 1996, Aquafrisch, based in Madrid, has become an expert in Rolling Stock washing equipment, with more than 25 years of experience developing projects in more than 30 countries.
We manufacture TRAIN WASHING PLANTS, BOGIE WASHING CABINS, CET (Wcs extraction systems), SAND FILLING SY...",1002696
AR ENGINEERING WORKS Partnership,India,NEW DELHI,110020,Hall 8.2,451,Railway Infrastructure,,1227994
ARALAB,Portugal,Rio de Mouro,2635-047,Hall 6.2,460,Railway Technology; World Innovations,"Aralab designs and manufactures advanced climatic simulation chambers for reliability, durability, and environmental testing in transport and industrial applications. Discover customized solutions for the future of mobility at InnoTrans.",1220295
ARCA CATENARIA SA,Spain,Mungia,48100,Hall 22,100,Railway Infrastructure,"We are specialized in designing, developing and manufacturing hardware and fittings for overhead railway lines.

We service the domestic and international railway electrification market and have been cleared as suppliers of the leading international railway companies.

Our aim is to offer our client",1002784
Arcadis,Germany,Darmstadt,64293,Hall 5.2,675,Career Point; Railway Infrastructure,"Arcadis is the leading global design & consultancy organization for natural and built assets. For rail infrastructure, we work worldwide on projects for the expansion and new construction of rail networks and for digitally supported efficiency and operational optimization.",1002788
ArcelorMittal,Spain,Madrid,28021,Hall 26,880d,Railway Infrastructure; World Innovations,"ArcelorMittal Rails & Special Sections operates three rail production facilities in Europe, delivering a comprehensive rail portfolio—for trains, subways, trams, light rails, crane rails,  crossings, etc —supported by unmatched expertise and industry know-how",1002791
ArcelorMittal Schienenvertriebsgesellschaft mbH,Germany,Dortmund,44145,Hall 25,415,Railway Infrastructure,"… sind die Schlüsselworte der ArcelorMittal Schienen Vertriebsgesellschaft mbH, die eigens für den Vertrieb von DB-zertifizierten Langschienen 2009 in Deutschland gegründet wurde. Als Joint-Venture Unternehmen zwischen den Firmen Heinrich Krug GmbH & Co. KG und ArcelorMittal profitiert die Arcelo...",1002794
ARISTHODOS AG,Germany,Berlin,10719,"CityCube, Hall B",120,Railway Technology,The better Way,1002897
Arnold AG,Germany,Friedrichsdorf,61381,Hall 8.1,450,Career Point; Railway Technology,"ARNOLD AG develops and manufactures sophisticated rail technology solutions for interior and exterior applications in passenger and freight vehicles. As a system supplier, the company provides everything from a single source – from planning to final assembly.",1002964
Arnold Mobility GmbH,Germany,Obertshausen,63179,Hall 20,220,Railway Technology,"Arnold Mobility GmbH develops flexible protection and connection systems for rail vehicles. Building on more than 160 years of industrial experience and engineering expertise, the company supplies traction motor ventilation bellows, air duct compensators, and customized air duct solutions.",1224130
Aros Industripartner AB,Sweden,Västerås,721 37,Hall 1.2,555,Railway Technology,"Aros Industripartner AB is a Swedish engineering and manufacturing company with 30+ years of experience, delivering advanced solutions for the railway sector, including high-performance gangways, gaiters, and customized components for demanding environments.",1218526
Arsenal Railway Certification GmbH,Austria,Wien,1210,Hall 21,350,Railway Infrastructure,,1003011
ARTECHE,Spain,Mungia,48100,Hall 11.1,165,Railway Technology,Arteche´s expertise manufacturing electromechanical relays gives the client the assurance of a technological leader. The dedicated railway relays are suitable for general purpose and safety critical systems requiring up to SIL-4 safety level for both board and signalling applications.,1013726
ARTELIA,France,ST OUEN,93400,Hall 3.2,210,Public Transport,"With 11,000 employees and €1.35 billion turnover in 2025, Artelia ranks among Europe's top 10 engineering consultancies. Operating in 100+ countries, Artelia delivers consulting, studies, design & engineering, project and construction management, asset management, turnkey solutions and expertise.",1003030
Artex AB,Sweden,Mjölby,SE-595 41,Hall 5.1,150,Interiors,"Industrial soft goods and lifecycle solutions for public transport - supporting operators through refurbishment, modernization, onsite installation, spare parts management and long-term fleet performance.",1003039
Arthur Flury AG,Switzerland,Deitingen,4543,Hall 26,250,Railway Infrastructure,"The railway catenary material of Arthur Flury AG is in use in over 40 countries. Tram, Metro and pre-place trains of the greatest metropolises as well as regional and national train organisations rely on the quality of our products and services.",1003044
Arup,United Kingdom,London,W1T 4BJ,"CityCube, Hall A",530,Career Point; Railway Infrastructure,"Our rail experts bring decades of experience working with major international railways at every stage – from initial vision, to design and delivery of new projects or large-scale enhancements, through to operations, maintenance and asset renewals of some of the world’s busiest railways.",1221842
ARX,United Arab Emirates,Dubai,00000,"CityCube, Hall A",130,Railway Infrastructure,"ARX (formerly Pini Group) engineers the tunnels, bridges and rail networks that move people and goods — from the Alps to the Gulf. Meet us at InnoTrans 2026. Hall A, Stand 130.",1227161
arxes-engineering GmbH,Germany,Eberswalde,16225,"CityCube, Hall B",200,Railway Technology,,1212954
AS Drives & Services GmbH,Germany,Reken,48734,Hall 20,410,Public Transport,"Multi-Brand Service for Railway Drives

• Gearbox & Motor Repair
• Solutions for Special Cases
• ReDesign & Modification
• Spare Parts & Reverse Engineering
• General Drive Overhaul
• New Drives & Special Applications",1003103
AS INDUSTRIES,France,MERIGNAC,33700,Hall 8.1,430,Interiors,"AS Industries, The solution for optimizing and securing your industrial purchases.",1003106
AS Skinest Rail,Estonia,Tallinn,13522,Hall 6.2,210,Railway Technology,"SKINEST RAIL:
INTEGRATED SOLUTIONS FOR RAILWAYS 
 
The companies of the group in Estonia, Latvia, Lithuania, Finland, Germany, Poland, Croatia, Hungary, Ukraine, Azerbaijan, Georgia, and Kazakhstan will offer you efficient and professional solutions for rolling stock and railway infrastructure.",1003110
AS Tech Industrie- & Spannhydraulik GmbH,Germany,Geilenkirchen,52511,Hall 10.2,120,Railway Technology,,1225488
ASAM e.V.,Germany,Hoehenkirchen,85635,Hall 7.1a,290,Railway Technology; AI Mobility Lab,"ASAM promotes standardization for the development, testing, validation, and diagnostics of mobility systems. In line with our vision ""accelerate engineering for mobility"", we support the industry to jointly develop standards that enable collaboration beyond department and company boundaries.",1003117
ASAS ALUMINYUM,Türkiye,ISTANBUL,34810,Hall 8.2,270,Railway Technology,"ASAŞ Alüminyum is the leading aluminum extrusion company in Turkey which is integrated to obtain the best service for customer oriented special products.

Our main activites are, aluminum extrusion, anodizing, powder coating, machining, bending, welding, assembly, alu flat rolled products",1003123
ASC GmbH,Germany,Pfaffenhofen,85276,Hall 27,690,Railway Technology,"ASC is one of the leading manufacturers of accelerometers, gyroscopes, tilt sensors and Inertial Measurement Units.
High-precision sensors from ASC ensure safe and comfortable train operation or infrastructure monitoring.
We deliver our high quality sensors analog - digital - smart.",1003128
ASCO RAIL SP. Z O.O.,Poland,PYSKOWICE,44-120,Hall 6.2,230,Railway Technology,ASCO RAIL since the beginning of its activity in 1988 is considered one of the leaders on Rail sector for the Maintenance and Operation of railway vehicles.,1003133
ASE (Analysis Simulation Engineering) AG,Switzerland,Zürich,8004,Hall 2.1,625,Railway Technology,"Passenger Flow Analytics for Public Transport
We measure passenger flows with precision, automatically detect objects such as luggage, and deliver immediately actionable data for enhanced safety and efficiency. Railways including DB, SBB, SNCF, Network Rail rely on our analyses and services.",1003139
ASELSAN,Türkiye,YENIMAHALLE,06200,Hall 9,230,Railway Technology,"As a global technology leader, we have established an organization that delivers new experiences to our users all across the world. By investing into our highly diversified human asset, we keep growing in a sustainable and inspiring fashion. Striving for a better planet is our endless motivation.",1003149
Asis Elektronik,Türkiye,İstanbul,34320,Hall 2.1,655,Public Transport,"Asis Elektronik produces smart public transportation technologies in order to facilitate people's lives in cities. Asis puts into service the machines, payment systems, passenger information systems, loading, sales and filling systems, mobile monitoring systems needed in public transportation.",1003217
Askar Microns Private Limited,India,Mysore,570016,Hall 22,770,Public Transport,"Presentation of Axle Turning Lathe, Axle Journal Turning and Burnishing , Portal wheel lathe and VTL machines",1203705
Asociación Latinoamericana de Ferrocarriles-,Argentina,CIUDAD AUTONOMA DE BUENOS AIRES,c1092aai,Hall 10.1,360,Railway Infrastructure,"ALAF, Latin American Railway Association, is a non-governmental organization (NGO) that has been recognized by the United Nations. It was found in 1964 and its main offices are in Buenos Aires, Argentina, two regional offices in Brazil (Brasilia and San Paulo) and one in Guatemala (Guatemala). Th...",1003277
Asociación Latinoamericana de Metros y Subterráneos (ALAMYS),Spain,Barcelona,08040,Hall 22,700,Public Transport,ALAMYS was created in 1987 with the aim of facilitating the exchange of experiences and technologies among its member countries in Latin America and the Iberian Peninsula. ALAMYS aims to advance towards Integrated Transportation Systems that contribute to quality of life and the environment.,1001574
Associated Rewinds Ireland Ltd.,Ireland,Dublin,D24 EV62,Hall 18,420,Railway Technology,"Welcome to Associated Rewinds Ireland Ltd

The Largest Independent Specialists in Europe for Maintenance, Rewind & Re-manufacturing of Traction Motors for rail vehicles

Established in 1986, we focus our business exclusively on the re-manufacture, service and repair of AC & DC traction motors.",1003313
Associação CECOLAB - Collaborative Laboratory Towards Circular Economy,Portugal,Oliveira do Hospital,3405-155,Hall 11.2,220,Railway Technology,,1227570
ASSOTECH S.R.L.,Italy,Pianoro (BO),40065,Hall 8.1,150,Railway Infrastructure,,1226047
ASTRA Rail Europe GmbH,Germany,Hamburg,20354,Hall 9,610,Railway Technology,"– Former Astra Trading GmbH was renamed to ASTRA Rail Europe GmbH –

ASTRA Group – Your Dedicated Partner for the Global Rail Aftermarket

ASTRA Group is a specialized provider of aftermarket solutions for the railway industry, serving operators, maintainers, vehicle manufacturers, and suppliers w..",1003391
ASTRA Rail Global GmbH,Germany,Neustadt,31535,Hall 9,610,Railway Technology,"– Former PPI Rail GmbH was renamed to ASTRA Rail Global GmbH –

ASTRA Group – Your Dedicated Partner for the Global Rail Aftermarket

ASTRA Group is a specialized provider of aftermarket solutions for the railway industry, serving operators, maintainers, vehicle manufacturers, and suppliers worldw..",1031901
Astra Vagoane Calatori SA,Romania,Arad,310210,Hall 3.2,400,Railway Technology,"ASTRA Vagoane Calatori SA is a share company situated in Arad, Romania, with entirely private capital having a culture in rolling stock that started in 1981, date of its foundation.In a global world where everything moves more and faster, with barrier suppressed between countries and cultures, ...",1003392
AstraG Teknoloji A.Ş.,Türkiye,Ankara,06810,Hall 27,541,Railway Infrastructure,"Safety First to Provide High Quailty Innovative Railway Signalling Systems
AstraG is a global signalling company that provides interlocking and central management solutions in railway sector. 
AstraG is producer of critical Products/Systems for railway signalling sector.",1211702
Astromal spółka z o.o. sp.k.,Poland,Święciechowa,64-115,Hall 5.1,135,Railway Technology,"Astromal is one of leading manufacturer of glass reinforced laminate for industry in Poland. Company is one o biggest factory of this type in Central and East Europe. We manufacture components using hand lay-up lamination, RTM, L-RTM and vacuum technology.",1003401
ATEIS FRANCE,France,Claix,38640,Hall 3.2,130,Public Transport,ATEÏS deliver trusted public address and voice alarm solutions worldwide for over 40 years.,1226972
Atelierele CFR Grivita SA,Romania,Bucharest,010718,Hall 6.2,860,Railway Technology,Atelierele CFR Grivița is a leading provider of repairment and modernization services for passenger vehicles for long-distance and regional trains for administration. The company repairs and reconstructs several freight wagon types. The modernized vehicles are equipped with facilities that provid...,1003435
ATHERM,France,Domene,38420,Hall 11.2,270,Railway Technology,"Atherm cooling cold plates, insulated cold plates and heat pipe systems are historically dedicated to railway applications.",1003457
AtkinsRéalis,United Kingdom,London,SW1E 5BY,"CityCube, Hall A",330,Railway Infrastructure,AtkinsRéalis is a fully integrated professional services and project management company with offices around the world dedicated to engineering a better future for our planet and its people.,1003467
Atos Information Technology Gmbh,Germany,München,81739 München,Hall 4.1,570,Railway Technology; World Innovations,"Shaping the future of rail through secure, sovereign and tailored solutions - powered by AI - to enhance efficiency and resilience in rail operations.",1003514
ATPL (Arihant Technocast India PVT. LTD.),India,"COIMBATORE DISTRICT, TAMILNADU",641697,Hall 20,360,Railway Technology,,1224858
ATRON electronic GmbH,Germany,Feldkirchen,85622,Hall 2.1,210,Public Transport,,1003530
Attensys.io GmbH,Germany,Berlin,10435,Hall 1.1,550,Interiors,,1003542
Atul Engineering Udyog,India,Agra,282006,Hall 20,180,Railway Technology,"We are a RDSO(Research & Design Standard Organization, India)  approved class A foundry supplying critically engineered products to Indian railways. We supply components like couplers, draft gears and other critical components.",1003551
AUCOTEAM GmbH,Germany,Berlin,10407,"CityCube, Hall B",220,Railway Technology,,1003559
AUCOTEC AG,Germany,Isernhagen,30659,Hall 6.2,955,Railway Technology,"Vehicle Electrical Design – Model-based, Efficient, Flexible
Creating new potential with E-Engineering Software from AUCOTEC",1003560
AUDINNOV,France,varennes sous Dun,71800,Hall 8.2,250,Railway Infrastructure,"AUDINNOV designs and manufactures professional ladders and platforms for working at height. Discover our range of ladders and specfic equipments for work on catenary systems, and railway. Found all our informations on www.audinnov.fr",1207368
AUDIOBUS S.L.,Spain,ZARAGOZA,50013,Hall 2.1,640,Public Transport,Audiobus is strongly focused on passenger information systems (TFT) for the railway sector,1003570
August Storm GmbH & Co. KG,Germany,Spelle,48480,Hall 18,410,Railway Technology,"Service for all common diesel engines in locomotives and rail vehicles
- Repair and maintenance of engine systems
- Mobile mechanical processing of crankcases
- Overhaul of power packs for railcars   
- Repair of electronic engine control systems
- ECM-certified",1003582
Australasian Railway Association,Australia,Majura Business Park,2609,Hall 10.1,200,Public Transport,"The Australasian Railway Association (ARA) is the peak body for the rail sector in Australia and New Zealand, representing more than 230 member organisations across the rail industry. The ARA is leading an Australian rail industry delegation to InnoTrans 2024.",1003622
Autech AG,Switzerland,Rupperswil,5102,Hall 26,385,Railway Infrastructure,,1104875
Autech AG,Switzerland,Rupperswil,5102,Hall 26,385,Railway Technology,"Autech AG was established in 1990 and is renowned as a successful and competent supplier of welding and grinding machines for track maintenance, on a national and international level. Furthermore, we are also committed with product options in the yearly increasing field of measuring technology, w...",1003638
Autolift GmbH,Austria,Elixhausen,5161,Hall 23; Outdoor Display,550; O/373,Outdoor Display; World Innovations; Railway Technology,"Autolift is one of the world’s leading manufacturers of railway lifting systems With its broad portfolio stretching from mobile lifting jacks over mobile manipulation systems to underfloor lifting installations, Autolift is a one stop system provider for all railway lifting needs.

With more tha...",1003671
AutomatedTrain (DB InfraGO AG),Germany,Berlin,10829,Outdoor Display,T11/55,Railway Technology,"The “AutomatedTrain” project enables more flexible use of trains through automated preparation of the vehicle and fully automated, driverless train dispatching and parking. Thanks to intelligent sensor technology, the vehicles can detect their surroundings and react to obstacles automatically.",1209247
automotive thüringen e.V.,Germany,Erfurt,99084,Hall 7.2c,230,Railway Technology,"As the automotive thüringen network, we see ourselves as a transformation partner for the industry. Our mission is not only to connect companies with one another, but also to provide practical support in addressing the challenges of industrial transformation.",1003684
AUWEKO GmbH,Germany,Neu-Isenburg,63263,Hall 7.1b,265,Interiors,WASTE BINS FOR PUBLIC SPACES,1003712
"AV R&D, s.r.o.",Czechia,Zlín,760 01,Hall 9,310,Railway Technology,"AV R&D provides advanced engineering services, including product development, design, technical calculations, testing, and custom test rigs for the railway, automotive, defence, and industrial sectors. Supported by our accredited testing laboratory, we deliver solutions from concept to validation.",1226587
Avadh Rail Infra Ltd,India,Lucknow,226030,Hall 9,674,Railway Technology,"Manufactures Rubber & Rubber-to-Metal Bonded Components, NVH Components, Engineering Castings, Friction Rings, Brake Discs, Friction Buffer Stops, Precision Machined Parts, Condition Monitoring Systems, Inter-Car Gangways, Vacuum Circuit Breakers, Polymer Components, Track Systems and OHE Equipment.",1003722
Avalon Technologies Limited,India,Chennai,600045,Hall 11.1,135,Railway Technology,Avalon Technologies Ltd is a multi-faceted manufacturing company based in India. The Avalon group has manufacturing and design locations in USA and India. We are the leading global provider of electronic manufacturing services focused on providing superior quality end-to-end manufacturing solutions.,1137658
Avari Wireless,Canada,Burnaby,V5A 4N6,Hall 6.1,165,Railway Technology,"Avari Wireless is a global leader in advanced in-building wireless coverage solutions, designing and manufacturing Distributed Antenna Systems (DAS) for private PMR and public safety communications. Its high-performance digital DAS solutions support TETRA and LTE networks in complex venues such as t",1223556
Avaron Technologies Limited,Hong Kong SAR China,"Sha Tin, The New Territories",0,Hall 7.1a,240,Railway Technology; AI Mobility Lab,"Design, supply and Installation of Predictive Maintenance System for Lifts and Escalators",1003737
Aventech,France,Valence,26000,Outdoor Display,O/387,Outdoor Display; Railway Infrastructure,,1003747
Averna powered by Spherea,Germany,Ulm,89077,Outdoor Display,O/173,Outdoor Display; Railway Technology,Averna Powered by Spherea Deutschland ist auf maßgeschneiderte Prüf- und Diagnoselösungen für den Schienenverkehr spezialisiert. Mit unseren etablierten Produktreihen wie der TwinTrain-Familie und unseren Netzqualitätsanalysatoren bieten wir ein umfassendes Portfolio an Prüfgeräten.,1038178
AVIBHA INDUSTRIES PRIVATE LIMTIED,India,FARIDABAD,121004,Hall 20,670,Railway Technology,"We are EN15085-2, CL1 Certified company, with core expertise in manufacturing metal parts, presently our products are:-

1. Air reservoirs With PED certifications SPVD 2014/29/EU
2. Pantograph frame
3. Transformer Tanks
4. Diesel Loco Turbocharger parts
5. Coupler
6. Waste Water Tank
7. Fresh Water",1003779
AVIGIRI URETHANE AND RUBBER INDUSTRIES PVT LTD,India,Tumkur,572128,Hall 3.1,170,Interiors,"We manufacture a wide variety of gaskets such as: Single Shore Gaskets, Dual Shore Gaskets, Metal Inserted Gaskets, Corded Gaskets, Perforated/Pre-cut/ Notched Gaskets, Punched Gaskets, Colour-Coded Gaskets, Sponge Gaskets, Silicon Gaskets, Fire Retardant Gaskets, and Peroxide Cured Gaskets.",1208886
AVİTECH KAUÇUK METAL END. ÜRÜNLER SAN. VE TİC. LTD. ŞTİ,Türkiye,Istanbul,34524,Hall 9,730,Railway Technology,"We develop and produce innovative, high-quality and technically sophisticated products made of rubber-metal components as well as molded rubber parts for sound and vibration damping. Our goal is to ensure the best performance with the longest service life especially for rail vehicles, constructio...",1003792
AVOKOV,Slovakia,Zvolen,96003,Hall 11.2,100,Railway Technology,"AVOKOV - The association of producers and repairers of rail vehicles. The members of the association consist of the most distinguished companies dealing mostly with repairs, modernizing, and production of rail vehicles and respective components as well as related activities.



ŽOS Trnava, a....",1003814
AW Solutions Andrzej Wojtowicz,Poland,Radom,26-613,Hall 21,640,Railway Technology,Looking for a more efficient wheel flange lubrication system or longer-lasting solid stick lubricants?,1003829
Axentia Technologies AB,Sweden,Linköping,SE-583 30,Hall 2.1,225,Public Transport,"Axentia is a Swedish company and global supplier of end-to-end real-time information for public transport, uniting a cloud-native Transit Intelligence platform with ultra-low-power, battery-powered bus stop displays. We create opportunities for both society and people to move forward.",1003858
Axians,Germany,Möglingen,71696,Hall 25,460,Railway Infrastructure,"Environmentally friendly, safe and fast: these are the key advantages that set rail transport apart from other modes of transport. And for this to happen across the board, state-of-the-art digital systems technology and infrastructure is needed — our area of expertise and our passion.",1003861
"Axiomtek Co., Ltd.",Taiwan,New Taipei City,221,Hall 4.1,755,Public Transport,"Founded in 1990, Axiomtek is one of the major design and manufacturing companies in the Industrial Computer & Embedded field. Since our establishment, Axiomtek has successfully gained worldwide recognition for our innovative designs and outstanding customer satisfaction.",1003869
Axis Communications GmbH,Germany,Ismaning,85737,Hall 2.1,625,Public Transport; World Innovations,"Axis enables a smarter and safer world by improving security, safety, operational efficiency, and business intelligence. As a network technology company and industry leader, Axis offers video surveillance, access control, intercoms, and audio solutions. These are enhanced by intelligent analytics.",1003873
AXON VIBE,Switzerland,Lucerne,6003,Hall 7.1c,560,World Innovations; Mobility+; Public Transport,"Axon Vibe powers Mobile Pay-as-you-Go (MPAYG) ticketing (CiCo, CiBo, BiBo) and helps public transport agencies to actively shape passenger demand and unlock new non-fare revenue streams. Trusted by Swiss Federal Railways, Deutsche Bahn, RATP Smart Systems Paris, GVB Amsterdam, and Mobicia London.",1003880
AXTONE S.A.,Poland,Kanczuga,37-220,Hall 1.2,180,Railway Technology,"Axtone is an expert within impact energy absorption technology for all types of rail vehicles. 
We are a supplier of tailor-made rolling stock solutions, our team is committed to offer an unmatched SERVICE for railway solutions.",1003883
AYUSHI ENGINEERING PVT LTD,India,Rajkot,360024,Hall 20,155,Railway Technology,"Ayushi Engineering Pvt. Ltd. is a precision manufacturing company specializing in machined components from bar stock, forgings, and castings. We provide high-quality, cost-effective solutions across ferrous and non-ferrous materials, serving industries like agricultural, railways, and hydraulics etc",1219967
AZVI,Spain,Sevilla,41019,Hall 22,700,Railway Infrastructure,Everything rail,1003986
AŽD Praha s.r.o.,Czechia,Praha 10,10600,Hall 27,640,Railway Technology,"AŽD is the greatest Czech producer and supplier of Controlling, Signalling, Telecomunication and Information technologies for transport e.g. Station interlocking equipment, Line signaling systems, ETCS/ERTMS, GSM-R, Level-crossing safeguarding systems, Wayside elements and Control systems for metro.",1003934
B&G RailCompetence GbR,Germany,Wernigerode,38855,Hall 7.2b,200,Railway Technology,,1222187
B&T Exact GmbH,Germany,Gevelsberg,58285,Hall 1.1,805,Interiors,"B&T EXACT - your global ""full service supplier"" for railway interieur systems.",1004008
B+F Beton- u. Fertigteilgesellschaft mbH Lauchhammer,Germany,Lauchhammer,01979,Hall 25,150,Railway Infrastructure,Concrete for a better world - Concrete for a safer world,1004021
B-RAIL,France,Migennes,89400,Hall 25,285,Railway Infrastructure,,1213207
B. Hepworth & Co. Ltd.,United Kingdom,"Redditch, Worcestershire",B98 9HL,Hall 6.2,165,Railway Technology,"Hepworth Rail is the leading supplier of bespoke wiper equipment, having over seventy years of experience specialising in the design and manufacture of heavy duty windscreen wiper systems.

Meeting the challenges of rapidly developing technology alongside stringent demands.",1004010
BABACAN RUBBER INDUSTRY,Türkiye,ANKARA,06946,Hall 9,661,Railway Technology,"Babacan Rubber manufactures high-performance rubber and rubber-to-metal components for railway applications, including vibration isolation, bushings, suspension parts, and seals. We provide custom-engineered solutions for OEMs with reliable quality and flexible production.",1004033
Bachleitner Technology GmbH,Germany,Dunningen,78655,Hall 27,570,Railway Technology,Bachleitner Technology GmbH is your competent partner in the field of electronics for rail vehicles. We are a leading manufacturer of HMIs and video systems. Controls as well as network solutions complete our profile. We have SIL0 as well as SIL2/SIL4 products in our portfolio.,1004048
Backer AB,Sweden,Sösdala,28271,Hall 25,230,Railway Infrastructure,"Backer Ab in Sösdala, southern Sweden, is the parent company of Backer Group. The unit in Sösdala is the hub and combines global market coverage with local presence and proximity to the customers. The business idea is to provide producers and users of heating products with components and systems fo…",1004055
Backer ELC AG,Switzerland,Teufenthal,5723,Hall 25,230,Railway Infrastructure,Welcome to Backer ELC AG,1120363
BACKER WOLFF GmbH,Germany,Dortmund,44319,Hall 25,230,,"We are the specialist for electric point heating systems, both in the field of standard point heating systems for mainline railways and in the field of tramways.We welcome custom-made products from 1 piece as well as large quantities of standard heating rods, as well as advanced control systems.",1004057
BAE BATTERIEN GMBH,Germany,Berlin,12459,"CityCube, Hall B",220,Railway Infrastructure,Since 1899 BAE stands synonym for reliability in the market for industrial lead batteries. BAE excels in its customer orientation and quality is our hallmark. Nowadays the core business is the production of reliable batteries for stationary and renewable energy applications.,1004096
Bahn Fachverlag GmbH,Germany,Berlin,10119,"CityCube, Hall B",200,Railway Infrastructure,"As an established publisher specialized in the railway system and public transportation, Bahn Fachverlag (BFV) provides information and educational materials for vocational training and continuing professional development, lateral entry, and everyday professional practice.",1004118
Bahnkonzept GmbH Deutschland,Germany,Dresden,01189,Hall 7.2b,200,Railway Technology,"Bahnkonzept combines operational knowledge, timetables and infrastructure data for better rail operations.",1004119
BahnTechnologie Campus Havelland GmbH,Germany,Wustermark OT Elstal,14641,"CityCube, Hall B",310,Railway Infrastructure,BTC Havelland GmbH,1004125
Bahntek GmbH,Germany,Berlin,13158,"CityCube, Hall B",200,Public Transport; Career Point,"Bahntek is the mobile specialist for rail vehicle engineering.
Around 180 employees make Bahntek a reliable partner: delivering comprehensive services for maintenance, commissioning, and warranty support. On site, we get projects rolling.",1221234
BAHNVERBAND e.V. (Railway Association),Germany,Berlin,12159,"CityCube, Hall B",100,Railway Technology,"BAHNVERBAND e. V. is the interdisciplinary professional association for the entire railway and transport industry in Germany, Austria and Switzerland.

RAILWAY ASSOCIATION is connecting ALL relevant leading players in the fields of RAILWAY TECHNOLOGY (system providers, suppliers, service industry).",1004128
Baier GmbH,Austria,Bruck an der Mur,8600,Hall 8.2,230,Railway Technology,"Precision you can rely on. Fast, flexible, and fair.
Baier delivers high-precision CNC machining with advanced technology, digital processes, and experienced experts. From prototypes to series – ISO 9001 certified quality trusted by industry leaders.",1226324
"Baixiang Motor Co., Ltd.",China,Yueqing,325603,Hall 6.2,880,Railway Technology,"WECON is a high technology company specializing in automation products and solutions, dedicated to providing customers with integrated products and solutions, including Human Machine Interface (HMI), Programmable Logic Controller (PLC), Servo Controller, IIoT Solutions(V-NET and V-BOX) and Inverter.",1004145
Baker Bellfield,United Kingdom,Telford,TF1 7GP,Hall 2.2,460,Interiors,“Engineered for Life”,1004151
BALAJI SPRINGS PVT LTD,India,MEERUT,250205,Hall 9,684,Public Transport,,1225036
Bals Elektrotechnik GmbH & Co. KG,Germany,Kirchhundem,57399,"CityCube, Hall B",200,Railway Infrastructure,"More than half a century of competenceQuality that users can count on: For more than 60 years, Bals Elektrotechnik GmbH & Co. KG has been the partner for secure connections. The products prove themselves tens of thousands of times over everyday, around the world and in a wide variety of applica...",1004190
BANCE,United Kingdom,Derby,DE72 2GH,Outdoor Display,O/380,Railway Infrastructure,"For over 100 years, BANCE has been a trusted supplier and leading UK manufacturer of precision railway track components, supporting rail projects worldwide with dependable products and specialist expertise.",1225602
Baoji Bao De Li Electrification Equipment Limited Liability Company,China,Baoji,721013,Hall 9,270,Railway Infrastructure,"Baoji Bao De Li Electrification Equipment Co., Ltd. was established on August 1st, 2007. It is the first Chinese enterprise set up in Baoji City of Shaanxi Province for manufacturing overhead power supply equipment for high-speed railways.",1226688
"Baotou Beifang Chuangye Co., Ltd.",China,Baotou,014032,Hall 2.2,630,Railway Technology,"Railway vehicle, freight wagon, related components and parts, rolling stock technology",1004272
"Baowu Group Masteel Rail Transit Materials Technology Co., Ltd",China,Maanshan,243000,Hall 20,405,Railway Technology,"Baowu MRT restructured 2020, joint-stock 2024. The high-tech firm runs wheel-axle R&D, production and service from China’s first 1960s train wheel factory. Goods export to 70+ countries. Its independent core tech fills domestic gaps to seek global top ranking via specialized innovation.",1211532
Barco,Belgium,Kortrijk,8500,Hall 4.1,670,Public Transport,"Barco Control Rooms delivers visualization and collaboration solutions designed for mission-critical environments. With over 35 years of control room expertise, we bring unmatched experience to the world's most demanding operations.",1004307
BARET SASU,France,Haybes,08170,Hall 25,285,Railway Infrastructure,"Baret draws on decades of experience and in-depth knowledge of timber, railways and their components.

The company, which was founded in Haybes in 1949, is located in the heart of the Ardennes forest, recently expanded with the acquisition of two French concrete sleeper factories.",1004310
BAS GmbH,Germany,Mittenwalde,15749,Hall 11.1,245,Railway Infrastructure,Innovation by Design,1004342
Basic Point d.o.o.,Serbia,Belgrade,11000,Hall 9,610,Railway Technology,,1216111
Bauernfeind GmbH,Austria,Waizenkirchen,4730,Hall 5.2,642,Railway Infrastructure,"Als österreichischer Qualitätsrohrproduzent ist die Firma Bauernfeind Ihr Spezialist vom Grundmaterial, über die Produktion bis zur Verlegung des Rohres. Besonders mit unseren Spezialanfertigungen können wir flexibel auf jegliche Kundenwünsche eingehen und schnell reagieren - sowohl im Rohr- als ...",1004401
Baumer Electric AG,Switzerland,Frauenfeld,8501,Hall 27,130,Railway Technology,"From innovative axle encoders, precise pressure and level sensors to high-speed cameras: Baumer has more than 50 years of experience in designing sensors for the railway industry.",1004420
Bayerische Kabelwerke AG,Germany,Roth,91154,Hall 12,130,Railway Infrastructure,"Bayerische Kabelwerke AG– Bayka – is a medium-sized cable manufacturer founded in 1885 with its headquarter in Roth/Germany.
“Satisfied customers have been the benchmark of our work for more than 130 years”, this is the principle of our management.
We manufacture cables for power, telecommunicati...",1004447
BayernLB,Germany,München,80333,"CityCube, Hall A",725,Public Transport,BayernLB - Financing progress,1004479
BAYFU - Bayerische Funknetz GmbH,Germany,Kolbermoor,83059,"CityCube, Hall A",240,Railway Infrastructure,"BAYFU supports operators, industry and public stakeholders on their journey towards the next generation of mobile railway communications. Drawing on our expertise in FRMCS, mission-critical communication and 5G/6G technology, we develop secure, future-proof communication solutions.",1219812
BBL Bahnbau Lüneburg GmbH,Germany,Lüneburg,21337,Hall 25,240b,Railway Infrastructure,"We are innovative, growth-oriented and medium-sized companies based in Lüneburg, Germany as well as beyond the borders of Germany, and with strategic foreign offices throughout Germany. We are 100% owner-managed, which strengthens our market position and gives us the necessary flexibility for day...",1004508
BBL Logistik GmbH,Germany,Hannover,30419,Hall 5.2,320,Railway Infrastructure,"Die BBL Logistik Gruppe, bestehend aus der BBL Logistik GmbH, der BBL Technik GmbH sowie der BBL Consulting GmbH sind moderne Eisenbahnverkehrs- und Dienstleistungsunternehmen im bahnaffinen Bereich, die streng nach der Unternehmensgruppenmaxime „Zuverlässigkeit schafft Vertrauen“ seit vielen Jah...",1004509
BCY İNŞAAT VE SANAYİ TİCARET LİMİTED ŞİRKETİ,Türkiye,SAKARYA,54900,Hall 3.2,160,Railway Technology,,1207695
BD one,Germany,Wechselburg,09306,Hall 26,210,Railway Infrastructure,"Shaping the future of railway cable infrastructure.
Based in Wechselburg, Saxony, BD one develops innovative machinery solutions for the digitalization of modern railway infrastructure.",1221479
Be-Ge Seating AB,Sweden,Oskarshamn,SE 57236,Hall 1.1,255,Interiors,"Be-Ge Seating develops, produce, market and sell adjustable driver seats for commercial vehicles, machineries, track bounded vehicles and office chairs for the higher classes of comfort. Be-Ge has manufactured seats for commercial vehicles since 1949 and office chairs since 1975.",1004618
Beacon Rail Capital Europe B.V.,Netherlands,Amsterdam,1083 HN,"CityCube, Hall A",440,Railway Technology,"Beacon is a leading provider of high-utility rolling stocks across Europe. Established in 2008 and owned since 2017 by the Infrastructure Investment Fund, advised by J.P. Morgan Asset Management. Beacon owns and manages a diverse portfolio of 786 locomotives, 515 passenger vehicles",1027661
BEAZ Solutions B.V.,Netherlands,Hoogkarspel,1616LH,Hall 11.2,120,Railway Technology,Shunting solutions for all circumstances,1226575
Bedia Motorentechnik GmbH & Co.KG,Germany,Altdorf,90518,Hall 18,360,Railway Technology,-,1004583
BEEP Mobility GmbH,Austria,Amstetten,3300,Hall 5.1,100,Interiors,"SOLUTIONS for RAILWAY
- Ceiling Systems incl. lighting
- Luggage Racks
- Partition Walls
- Refurbishments
- Mechanical Components
- Bonding Components
- Accessories & Spare Parts
- LED Tubes",1220236
"Beijing AllWayTon Co.,Ltd.",China,Beijing,100079,Hall 7.1b,255,Railway Infrastructure,"FRMCS, GSM-R, Railway Communications, Railway Handheld Terminal, Operational Handheld, FRMCS Radio Module, Mission Critical Communications, MCX, MCPTT, Railway Radio, Railway Communication System, Railway Digitalization, Future Railway Communication System",1211746
"Beijing Anchuanggongyan Sci-Tech Co., Ltd.",China,Beijing,102200,Hall 5.2,437,Railway Infrastructure,"Founded in 2012, Beijing Anchuanggongyan Sci-Tech Co.,Ltd. is a provider of lithium battery road maintenance equipment, providing intelligent, accurate and innovative equipment solutions to improve the safety and efficiency of railway maintenance around the world.",1220109
"Beijing BOLECA Mechanics & Electronics Development Co., Ltd.",China,Beijing,100085,Hall 6.2,200,Railway Technology,"Testing equipment and instruments
BLC series Digital Ultrasonic Flaw Detector
Inspection instrument for Ultrasonic probe
BLC series Ultrasonic inspecting machine",1004636
"Beijing CQL Equipment Co., Ltd",China,Beijing,100028,Hall 20,682,Railway Technology,,1226320
"Beijing HollySys Co.,Ltd.",China,Beijing,100176,Hall 4.1,750,Railway Technology,"HollySys Rail, The World Leading Provider for Rail Signalling Solutions, provides integrated solutions for mainline railway and urban rail transit, including ETCS, CBTC and SCADA. Its train control systems cover 16,000+ km of railways, SCADA and CBTC applied to 60+ metro lines worldwide.",1004642
"Beijing HT-VIVA Technology Co., Ltd",China,Beijing,101300,Hall 6.1,560,Public Transport,"Beijing HT-VIVA Technology Co., Ltd. was founded in 2010 and focusing on urban rail transit vehicle display development and manufacture. We provide hardware and software solutions for customers.",1004643
"Beijing HUA-TIE Information Technology Co., Ltd.",China,Beijing,100081,Hall 9,260,Railway Infrastructure,,1223423
"Beijing Infrastructure Investment Co., Ltd.",China,Beijing,100070,Hall 6.2,815,Railway Technology,"Type A Metro: Intelligent Train of Beijing Subway Line 11, The Second-Generation Intelligent Train for Urban Transit 
Type B Metro: Train of the Cat Linh-Ha Dong Line Project in Hanoi, Vietnam
Suburban EMU Vehicle: 200 km/h Suburban EMU
Light Rail Vehicle: Hydrogen Fuel Hybrid Articulated Train",1211603
Beijing Jiaotong University High-Speed Railway Network Management Center,China,Beijing,100091,Hall 6.1,138,Railway Technology,"Fiber optic sensing
Cloud testing platform
Calligraphy robot
Digital human",1220431
"Beijing Puran Railway Braking High-Tech Co., Ltd.",China,Beijing,100070,Hall 1.2,450,Railway Technology,"Beijing Puran Railway Braking High-Tech Co., Ltd. specializes in railway braking systems, railway components, international trade, and technical services for the rail transportation industry.

The company's main products include brake pads, brake blocks, dampers, rubber-metal components, maintenance",1004655
"Beijing Rail Transit Technology Equipment Group Co., Ltd.",China,Beijing,100160,Hall 6.2,815,Railway Technology,"Type A Metro: Intelligent Train of Beijing Subway Line 11, The Second-Generation Intelligent Train for Urban Transit 
Type B Metro: Train of the Cat Linh-Ha Dong Line Project in Hanoi, Vietnam
Suburban EMU Vehicle: 200 km/h Suburban EMU
Light Rail Vehicle
Maglev Vehicle",1004656
"Beijing Railway Institute of Mechanical & Electrical Engineering Co., LTD.",China,Beijing,100070,Hall 6.2,425,Railway Technology,Inspection devices and systems,1004657
Beijing Teye Industrial & Trade Corp,China,Beijing,100040,Hall 5.2,120,Railway Infrastructure,"1) 43 kg/m, 50 kg/m, 60 kg/m, 75 kg/m four kinds of besite rails;
2) 50 kg/m, 60 kg/m two kinds of bainite AT rail;
3) 76 kg/m, 84 kg/m two kinds of high core rails with new practical and independent intellectual property rights;
4) 33 kg/m Bite groove retaining rail.",1004662
"Beijing Tianze Electric Power Group Co.,Ltd.",China,Beijing,100000,Hall 5.2,580,Railway Infrastructure,"Tianze Electric Power Group, which is leading in electrical connection and installation tools for railways, electric power, industrial automation, aviation, aerospace, ships, automotive, wind power, new energy and other industries.",1004664
Bel Fuse Inc.,United States of America,West Orange,07052,Hall 17,310,Railway Technology,"Bel designs and manufactures critical electronic components and systems for aerospace, defense, industrial, and data-driven markets. From power systems and connectors to networking solutions, Bel delivers reliable, customized technologies for demanding applications worldwide.",1220107
Belden,Netherlands,Venlo,5928 PG,Hall 4.1,630,Public Transport,"Belden powers mass transit with resilient, secure, connected networks—enabling digital transformation, real-time insights, and smoother operations for a better passenger experience. Our industrial networking and cybersecurity expertise is shaping urban mobility.",1030387
BELFOR Deutschland GmbH,Germany,Duisburg,47269,"CityCube, Hall B",100,Railway Technology,,1205090
BemaX GmbH,Germany,Ennepetal,58256,Hall 1.1,360,Interiors,,1004745
BEML LIMITED,India,Bangalore,560027,Hall 4.2,160,Railway Technology,"BEML :Transforming Urban Transport in India, now ready for the world. Transforming regional rail commutation is a game changer, Urban commuting has been transformed by the expansion of India's Mass Rapid Transit System (MRTS), BEML plays a vital role in this Transformation.",1204395
Bender GmbH & Co. KG,Germany,Grünberg,35305,Hall 9,350,Railway Technology,In the railway sector electrical safety plays a crucial role. Undetected insulation faults often cause outages and lead to high costs. Bender provides globally proven solutions for rolling stock and railway infrastructure to detect insulation faults and prevent breakdowns.,1004761
BENNING Elektrotechnik und Elektronik GmbH & Co. KG,Germany,Bocholt,46397,Hall 18,370,Railway Technology,"Repairing and re-building of DC and AC motors for Rail & Tractions.

Repair and re-building rotating electrical machines up to 120 t.

Production and marketing of Rectifiers, Inverters, Power Supply Systems (especially for but not limited to Power Supply Companies, Industry and the Telecom-Se...",1004778
Benway Industrial Services GmbH,Germany,Delmenhorst,27755,Hall 6.2,400,Interiors,"Benway Industrial Services is a specialised German provider of maintenance, repair, and technical support services for air-conditioning and refrigeration systems in rail vehicles and busses across Germany with a strong focus on quality, reliability, and customer-oriented solutions.",1004798
BERECIARTU STEEL CASTINGS,Spain,LEGAZPIA,20230,Hall 8.1,115,Railway Technology,"Your Full-Service Steel Casting Partner.

Based in the heart of the Basque metallurgy hub, Bereciartu combines six decades of expertise with cutting-edge technology. From initial simulation to machined finished parts, we power the world’s leading industrial players.",1211447
Berlin Partner für Wirtschaft und Technologie GmbH,Germany,Berlin,10623,"CityCube, Hall B",10; 120; 20; 216; 220; 320,Railway Technology,"Berlin Partner works on economic growth, promotes business, technology and innovation, and presents the advantages of the capital to companies, investors and talents.",1004853
BERNARD Gruppe ZT GmbH,Austria,Hall in Tirol,6060,Hall 21,350,Railway Infrastructure,,1004899
"BERNHARD CHINA CO., LTD",China,Jiangsu,215300,Hall 8.2,180,Railway Technology,"Bernhard China Co., Ltd. develops and manufactures intelligent railway maintenance equipment and accessories fo high-speed rail and rail transit, offering innovative solutions in rail milling, grinding, tamping, track inspection and maintenance technologies.",1226230
Bertoloni & Botturi Srl,Italy,GAVARDO (BS),25085,Hall 20,195,Railway Technology,"Numerosi bilancieri fino a 3500 ton di potenza, abbinati ad elettroricalcatrici anche a stampo contenuto fino a 450 kw e forni ad induzione fino a 1000 kw, (per un totale di 8 isole di lavoro dedicate allo stampaggio di pezzi in verticale) sono in grado di soddisfare e risolvere molte delle sempre p",1004939
Bertolotti Rail Srl,Italy,Figline e Incisa Valdarno,50063,Hall 23; Outdoor Display,700; O/210; T1/50; T1/60; O/200,Railway Technology; Outdoor Display,"Bertolotti Rail Srl, part of Bertolotti, is one of the most important international companies which can design, integrate and manufacture full range of depot equipment with the ""Turn-key"" formula to perform maintenance activities of railway, metro and tramway systems. We can propose bog...",1004940
Berufsgenossenschaft Energie Textil Elektro Medienerzeugnisse,Germany,Köln,50968,Hall 25,270,Railway Infrastructure,,1004947
Best Seating Systems GmbH,Austria,Haid,4053,Hall 21,350,Interiors,"Certified driver seats for rail vehicles from BEST SEATING. Together with our sister company SITTAB, we develop customized driver seat solutions with extensive accessories such as adjustment sledges, turntables, horizontal suspensions, joystick boxes, seat covers and much more.",1226326
Better Mobility GmbH,Germany,Aachen,52070,Hall 7.1c,228,Public Transport; Mobility+,"Better Mobility connects cities, transport operators and citizens on one digital platform. Scalable MaaS solutions, AI-powered mobility information and real-time data products – all from a single source.",1005034
BEVEL GEARS INDIA,India,Bangalore,560048,Hall 20,135,Railway Infrastructure,,1225390
BEWS,Spain,Barcelona,08006,Hall 5.2,732,Tunnel Construction; Railway Infrastructure,,1227160
"Beyondcomposite - Composite Engineering Solutions, S.A",Portugal,Maia,4410-309,Hall 5.1,300,Public Transport; World Innovations,"Advanced composite structures for rail vehicles — exterior and interior applications. Lightweight, multifunctional, engineered for the demands of modern rail. Portuguese manufacturing. Global supply capability.",1220510
BFG Africa Rail (Pty) Ltd,South Africa,Johannesburg,1614,Hall 1.1,810,Interiors,"Engineering the future of rail interiors through advanced composite manufacturing. BFG Africa designs and manufactures high-performance SMC components that combine safety, durability, lightweight performance, and aesthetic excellence.",1220672
BG BAU - Berufsgenossenschaft der Bauwirtschaft,Germany,Berlin,10719,Hall 25,270,Railway Infrastructure,"The BG BAU is the German Social Accident Insurance Institution for the building trade and building-related services and is part of the German Social Accident Insurance. We insure about 3 million members on a mandatory and voluntary basis, including about 480,000 companies and 60,000 private builders",1004946
Bharat Forge CDP Railsystems,Germany,Ennepetal,58256,Hall 26,690,Railway Infrastructure,Bharat Forge CDP is your supplier of safety parts for turnouts for railway operators.Our Center of Excellence “Railsystems” is your contact point for low maintenance and lubrication-free switches and crossings. Our products have successfully proved their employment at numerous international rai...,1005086
BHC Gummi-Metall GmbH a RUPF Industries Company,Germany,Meckenheim,53340,Hall 9,435,Railway Technology,"BHC Gummi-Metall GmbH, founded in 1986 in Meckenheim near Bonn, has established a reputation as an innovative and highly specialized supplier and a part of the Rupf Industries Group. We desgin and produce technically demanding rubber-metal connections and vibration control components for the use ...",1005094
BHM INGENIEURE - Engineering & Consulting GmbH,Austria,Graz,8020,Hall 21,350,Railway Infrastructure,"BHM connect people and places.
With our expertise and know-how, we make an important contribution to tomorrow’s transportation infrastructure.",1005098
BIEFFEPI S.R.L.,Italy,Calenzano (Florence),50041,Hall 6.2,920,Public Transport,,1005140
"Bilerro Solutions, SL (formerly named as Ikusi S.L.)",Spain,San Sebastian,20014,Hall 4.1,355,World Innovations; Railway Technology,"Bilerro Solutions S.L. specialises in the execution of on-board systems integration projects covering the engineering, design, development, installation, testing and commissioning of such systems, as well as the provision of maintenance and specialised services.",1220611
Billur Cam Endüstrisi Limited Şirketi,Türkiye,Istanbul,34555,Hall 5.1,330,Railway Infrastructure,,1222297
"Bilotserkivskiy zavod ""Tribo"" Ltd.",Ukraine,Bila Tserkva,09108,Hall 1.2,557,Public Transport,"TRIBO is the largest Ukrainian manufacturer of brake pads, brake blocks and brake shoes for railway transport, including UIC 200, UIC 250, UIC 175, UIC 320, AAR standards. With over 47 years of experience, in-house R&D, TRIBO supplies friction solutions to railway operators in Europe and Asia.",1220542
BINARY SYSTEM,Italy,Piacenza,29122,Hall 2.1,435,Public Transport,"SoftRail provides a platform for managing personnel, rolling stock, and safety activities. Its modular design meets diverse customer needs, offering optimized operations and cost savings while prioritizing safety.",1005207
Bindfadenhaus en gros Gustav Scharnau GmbH,Germany,Werneuchen,16356,"CityCube, Hall B",210,Interiors,SCHARNAU. Everything adhesive tape can do.,1005210
Bio-Circle Surface Technology GmbH,Germany,Gütersloh,33334,Hall 6.2,260,Railway Technology,"As a globally operating company we have been your partner for environmentally compatible, user-friendly and safe products in the field of surface technology for more than 35 years. We stand for customized cleaning-, protecting- and lubricating solutions, and our system solutions invariably focus ...",1005253
bip technology GmbH,Germany,Brandenburg an der Havel,14772,Hall 6.2,240,Railway Technology,"As a specialist in automated wheelset maintenance technology, bip technology develops innovative mechanical engineering solutions.

The products of bip technology include:
- Ultrasonic testing systems
- Systems for cleaning and depainting of wheelsets
- Measuring systems for wheelsets
- and more...",1005316
BIPV Limited,United Kingdom,Newport,NP10 8AS,Hall 2.2,560,Public Transport,"BIPVCO specialises in integrated thin-film solar solutions for buildings, transport infrastructure, and mobile applications, helping organisations generate renewable energy through lightweight, adaptable, and design-friendly technology.",1226803
Bischoff Federnwerk und Nutzfahrzeugteile GmbH,Germany,Staßfurt,39418,Hall 9,541,Railway Technology,Quality springs made in Staßfurt.,1005331
BISIACH & CARRU' SPA,Italy,VENARIA REALE (TORINO) ITALIA,10078,Hall 10.1,270,Railway Technology,,1005334
BitCtrl Systems GmbH,Germany,Leipzig,04229,Hall 2.1,610,Public Transport,"bitcontrol® LISA  - Live Infotainment Systems & Advertisment - the powerful modular software family for passenger information, dynamic passenger information, messages, infotainment and inclusion in public transport. Tailor-made for mobile and stationary systems.",1005342
BITIMEC SRL,Italy,Montevarchi,52025,Hall 6.2,730,Railway Technology,"Bitimec‘s Railway Sector Lines are the outcome of almost 35 years of design innovation. The ability to conceive, design and manufacture intelligent, economical solutions to customer’s needs has grown our railway sector presence worldwide. Bitimec has won large orders for railway related maintenan...",1005344
BIW Isolierstoffe GmbH,Germany,Ennepetal,58256,Hall 8.2,170,Interiors,"BIW Isolierstoffe GmbH develops and manufactures innovative silicone solutions and cable protection systems for demanding applications in railway technology, automotive, industry, aviation, medical technology, and energy technology – customized, high-performance, and certified.",1005353
BizLink alpha AG,Switzerland,Grenchen,2540,Hall 12,300,Railway Technology,"BizLink alpha is the most qualified partner as a comprehensive supplier of customized cable solutions for high-voltage railway systems worldwide—highly regarded for their reliability, safety, and first-class service.",1226752
BizLink elocab GmbH,Germany,Georgensgmünd,91166,Hall 12,300,Railway Technology,"BizLink is the most qualified partner as a comprehensive supplier of cable products and systems for rolling stock manufacturers, railway companies and public-sector transport operators.",1005358
Bizlink Silitherm S.r.l.,Italy,Monticelli d'Ongina (PC),29010,Hall 12,300,Railway Technology,"BizLink Silitherm S.r.l. is one of the leading manufacturers of silicone cables in Europe and North America (US).
Our production site in Italy specialized in compounding and manufacturing silicone rubber materials for cable applications and serves as the Competence Center of the BizLink Silicone BU.",1226753
Blaschke Umwelttechnik GmbH,Germany,Meitingen,86405,Hall 23,500,Railway Infrastructure,"Blaschke Umwelttechnik – Your Specialist for Clean Air
Since 1976, Blaschke Umwelttechnik has been developing innovative solutions for exhaust gas extraction. From our headquarters near Augsburg, we supply and install systems for our customers—systems that ensure clean air worldwide.",1005385
Blastman Robotics Ltd,Finland,Kempele,90440,Hall 6.2,375,Railway Technology,"We at Blastman believe that manual blast cleaning is not a job for humans. Robotising replaces manual labour and makes the work more efficient and safer in many ways. When blast cleaning is automated, one pair of hands becomes many pairs of hands.",1005387
Blastron Sp. Z o.o. Sp.K,Poland,Łódź,92-403,Hall 8.1,125,,"We offer industrial spray booths for painting large elements. These devices guarantee appropriate conditions of the painting process and meet environmental protection standards. We offer recuperation, humidification and VOCs reduction systems for spray booths.",1225837
BLIC GmbH,Germany,Berlin,12161,Hall 2.1,750,Public Transport,"As IT consultants, we specialize in designing, implementation and optimizing mobility management systems. 
Welcome to BLIC!",1005408
Blomberger Holzindustrie GmbH,Germany,Blomberg,32825,Hall 5.1,360,Interiors,"Blomberger Holzindustrie GmbH and Delignit Technologies Italia (Bellotti S.p.A.) combine German and Italian expertise to deliver sustainable, high-performance wood-based solutions for the railway industry and other mobility sectors under the Delignit brand.",1005418
Blue & Green AB,Sweden,Landskrona,261 44,Hall 6.2,250,Public Transport,"At Blue & Green, we are experts in cleaning products for the professional market. 
 
We have the market’s widest range and many years of experience in the development, production and sale of effective cleaning products, which we sell throughout Europe.
 
Our products
Our products are develop...",1005428
BLUE ENGINEERING SRL,Italy,Rivoli,10098,Hall 4.1,775,Public Transport,"BLUE Engineering Srl is able to design and integrate a complete railway vehicle system starting from the white paper up to the homologation process. The capability includes industrial design, mechanical design, virtual validation, RAMS, technical specification, supply chain definition, homologation.",1210287
Bluetel Communications (PTY) Ltd,South Africa,Pretoria,0157,Hall 10.1,100,Railway Technology,,1227879
BM MAKİNA SANAYİ VE TİCARET A.Ş,Türkiye,Kocaeli,41400,Hall 6.2,940,Railway Technology,"By manufacturing BKB Light Crane Systems first and solely in Turkey, it expanded its range of products.


Professionally, it solely manufactured and sold Motor Driven Cable Reels (KATO) in Turkey for the first time.

 
It started to manufacture DEMYKS Wagon Lifting Jacks. To better fulfil the custom",1210822
BMAC ltd,United Kingdom,Manchester,M34 5DW,Hall 2.2,560,Railway Technology,"Discover BMAC at InnoTrans: showcasing our EN-certified rail LED exterior lighting, including 28 series headlights and tail markers, new Bodyside Lateral Indicators, 5-in-1 multifunctional road headlights, Cat 6 Indicators, and our latest wireless bell push solutions.",1005562
BMS Project Upholstery,Netherlands,Haarlem,2031 BT,Hall 1.1,560,Interiors; World Innovations,,1005568
Bo Edin AB / Univox,Sweden,Stockholm,18141,Hall 4.1,115,Railway Technology,"Univox, one of the world's leading experts and producers of assistive listening products, created the very first true constant current loop amplifier 1969. Ever since, our mission is to serve the hard of hearing community with the highest degree of service and performance.",1219764
Bochumer Verein Verkehrstechnik GmbH,Germany,Bochum,44793,Hall 21,450,World Innovations; Railway Technology,"Bochumer Verein Verkehrstechnik GmbH (BVV) develops and manufactures wheels, axles, wheelsets and wheelset systems for the railway industry. Combining material expertise, engineering excellence and decades of experience, BVV is a reliable partner to the international railway industry.",1005596
Bode - Die Tür GmbH,Germany,Kassel,34123,Hall 2.2,110,Career Point; World Innovations; Railway Technology,"BODE – your daily access to the world

As a system supplier and partner to leading vehicle manufacturers, we develop customized door systems for rail and road vehicles. Our excellent service will support you for a lifetime.",1005600
Bodet Time,France,Trémentines,49340,Hall 2.1,745,Public Transport,"Bodet Time is the leader in time display in railway stations. Bodet has been offering a wide range of railway station clocks, customisable worldwide, that can be found both in outdoor and indoor areas. These clocks offer high accuracy due to a time distribution synchronised by an NTP time server.",1005606
Boehringer / VDF Boehringer,Germany,Eislingen,73054,Hall 22,720,Railway Technology,"VDF Boehringer supplies machinery and manufacturing solutions for:

- Automotive industry
- Commercial vehicle industry
- Rail transportation technology
- Energy and drive technology
- General mechanical engineering
- Aerospace industry",1211238
BONATRANS GROUP and GHH-RADSATZ,Czechia,Bohumín,73951,Hall 21,540,Railway Technology,GHH-BONATRANS is the Premium Supplier of wheelsets for rail bound transportation worldwide.,1005672
Boom Software AG,Austria,Leibnitz,8430,Hall 6.1,440,Railway Technology,"Boom Software has been developing software solutions for maintenance and service management for nearly 30 years. The main focus is on the railroad and public transport sectors, with the aim of mapping processes seamlessly and thus increasing efficiency and effectiveness.",1005707
BORCAD cz a.s.,Czechia,Fryčovice,739 45,Hall 1.1,540,Interiors; World Innovations,BORCAD is the leading manufacturer and supplier of seats and berths for passenger carriages. There is our own development and know-how behind every single seat we make.,1005746
BORFLEX GROUP,France,Hermes,60300,Hall 5.2,370,Railway Technology,,1211490
Bosch Engineering GmbH,Germany,Abstatt,74232,Hall 20,320,Railway Technology,"For more than ten years, Bosch Engineering has been developing specially tailored driver assistance systems for the operation of trams and public transport, for shunting services, and for railway maintenance vehicles.",1141810
Bosch Industrial Additive Manufacturing GmbH,Germany,Murrhardt,71540,Hall 20,320,Interiors,Pellet-based 3D printing — also in accordance with DIN EN 45545-2,1210215
BOSHTRANSLOYIHA JSC,Uzbekistan,Tashkent,100060,Hall 26,500,Railway Infrastructure,,1227767
Bossard Deutschland GmbH (ehemals Ferdinand Gross GmbH),Germany,Leinfelden-Echterdingen,70771,Hall 10.2,200,Railway Technology,"Bossard is a leading specialist in fastening, assembly, and connection technology, with around 3,000 employees worldwide. The Bossard Deutschland site in Leinfelden-Echterdingen (formerly Ferdinand Gross GmbH) stands for high availability and innovative services.",1015402
Boston Consulting Group (BCG),United States of America,Boston,02210,Hall 7.1a,238,AI Mobility Lab; Railway Technology,"Boston Consulting Group bridges the gap between ambition and outcomes for the world's leading rail and mobility companies and organizations. We are built for this era of unprecedented change—bringing strategic clarity rooted in over 60 years of deep industry expertise, combined with applied AI shape",1220169
Boxmark leather d.o.o.,Slovenia,Kidricevo,2325,Hall 1.1,830,Interiors,"BOXMARK is the ""one-stop shop"" for the development, production and processing of sustainable leather for interiors in the rail, automotive and aviation industries. Give your carriages this exclusive touch with our sustainable high-class upholstery leather.",1005841
BOZANKAYA,Türkiye,SİNCAN,06930,Hall 4.2; Outdoor Display,330; T2/19,Public Transport; Outdoor Display,"Bozankaya, a German-Turkish R&D focused company, have broken ground with their 100% low-floor, high capacity trams and ebuses, distinguished by their low energy consumption. Bozankaya also offers modern trolley buses equipped with the latest technologies and have expanded into subway trains.",1005848
BP Intelligen Mechanics,South Korea,Uiwang-si,16108,Hall 3.2,230,Railway Technology,,1226666
BPR Dr. Schäpertöns Consult GmbH &Co. KG,Germany,Berlin,10719,"CityCube, Hall B",320,Railway Infrastructure,"For us, rail traffic means a broad spectrum of engineering services for a wide range of infrastructure projects, from local and long-distance rail projects, inner-city urban railroads and streetcars, subway railroads to private works railroads in all planning and implementation phases.",1005854
BPS rail GmbH,Germany,Dresden,01067,Hall 5.2,760,Railway Infrastructure,BPS rail GmbH – your partner for planning of catenary systems,1005855
BR International Consulting Services GmbH,Austria,Wien-Flughafen,1300,"CityCube, Hall A",630,Railway Technology,"We take care of the entire process to obtain vehicle authorisations as well as single safety certificates in Europe, in particular in South and Eastern Europe.",1005859
Braillon Magnetics,France,Sainte-Hélène-du-Lac,73800,Hall 26,292,Railway Infrastructure,,1103694
Brandmaier Informative Leuchtanzeigen,Germany,Horb,72160,Hall 2.1,245,Public Transport,"Brandmaier has been developing and manufacturing information displays for public transport for 30 years. At InnoTrans, we present ePaper displays for buses & trains, solar-powered LCD displays, and smart solutions for parking guidance systems – energy-efficient, robust, and deployed worldwide.",1005902
Brazil on Rails,Brazil,Sao Paulo,01014-907,Hall 10.1,350,Railway Infrastructure,"Brazil stand, which brings together businesspeople, government officials,  industry executives, associations and cargo and passenger operators from Brazil",1005953
"Brecknell Willis (Tianjin) Electrification Co., Ltd.",China,Tianjin,300000,Hall 9,270,Railway Infrastructure,"Brecknell Willis (Tianjin) Electrification Co., Ltd. is a state-level high-tech enterprise and a well-known supplier of rail transit power transmission systems. The company possesses comprehensive technical strength of design, R&D, manufacturing, installation, operation and guidance.",1226691
BREMSKERL-REIBBELAGWERKE EMMERLING GMBH & CO. KG,Germany,Estorf-Leeseringen,31629,Hall 1.2,640,Railway Technology,The Experts in Friction Technology,1005987
BREUER Rail GmbH,Germany,Bonn,53229,Hall 23,370,Railway Infrastructure,,1227136
Brickyard B.V.,Netherlands,Amsterdam,1114 AD,Hall 7.1a,215,AI Mobility Lab; Railway Technology,,1226442
British Steel,United Kingdom,Scunthorpe,DN16 1XA,Hall 21,240,Railway Infrastructure,"British Steel is one of the leading steel manufacturers in Europe, producing around 3 million tonnes of quality steel products every year. We have manufacturing facilities across the UK and Europe, supplying premium products around the world.",1006020
Brot Technologies,France,Taverny,95150,Hall 1.1,640,Railway Technology,,1006047
Brouwer Technology B.V.,Netherlands,Nijkerk,3861NB,Outdoor Display,O/362,Railway Technology,,1209873
BRUSA KOLTUK VE İÇ TRİM TEKNOLOJİLERİ SANAYİ VE TİCARET ANONİM ŞİRKETİ,Türkiye,NILUFER / BURSA,16215,Hall 1.1,335,Interiors,"A manufacturer of seats for buses and trains, with a subsidiary, Vogelsitze GmbH, in Germany.",1226048
BSB Maschinenbau GmbH,Germany,Berlin,12681,Outdoor Display,O/135,Railway Technology; Outdoor Display,,1207476
BSB Metallverformung GmbH + Co. Stanzwerk,Germany,Burgau,89331,Hall 1.2,630,Railway Technology,"Stamped and formed parts, complex welded assemblies made of steel and stainless steel, MAG/MIG/TIG welding, laser welding and cutting, powder and liquid paint coatings using our own production lines.
This list illustrates the exceptionally wide range of services offered by our company.",1006090
BTU Cottbus-Senftenberg,Germany,Cottbus,03046,"CityCube, Hall B",310,Railway Technology,We are a university of technology and develop practical application oriented solutions for the major global issues and transformation processes of the future with scientific competence.,1006119
Bucher Group,Switzerland,Fällanden,8117,Hall 1.1,490,Travel Catering & Comfort Services; World Innovations; Interiors,"Since 1953, Bucher designs lightweight interiors for an exceptional travel experience — from galleys and coffee areas to service carts and branding elements. All from one source.",1006125
BUCK GmbH,Austria,Wien,1130,Hall 8.2,230,Railway Infrastructure,,1212122
"BUDAMAR LOGISTICS, a.s.",Slovakia,Bratislava,82109,Hall 3.2,630,Railway Technology,,1006134
Buffer Technologies GmbH,Germany,Landsberg,06188,Hall 3.2,630,Railway Technology,,1227432
BUG Verkehrsbau SE,Germany,Berlin,12623,Hall 25,240f,Railway Infrastructure,"Since BUG – Bau und Unterhaltung von Gleisanlagen (track system construction and maintenance) – was established by Martin Thomas in Berlin Köpenick, in May 1990, the company has steadily expanded to accommodate over 900 employees in the principal business field of track construction.",1006158
Bundesministerium für Verkehr (BMV),Germany,Berlin,10115,"CityCube, Hall A",410,Public Transport,"The Federal Ministry of Transport strives to put in place a modern, dependable and sustainable transport policy, one that builds trust and opens new horizons.",1006229
Bundesverband Deutscher Omnibusunternehmen (bdo) e.V.,Germany,Berlin,10117,"CityCube, Hall A",830,Public Transport,,1006256
BUPI Golser Maschinenbau GmbH,Austria,Hallein,5400,Hall 6.2,645,Railway Technology,"For many years, BUPI Golser Maschinenbau GmbH has been synonymous with innovation, quality and reliability through its BUPI CLEANER products. Drawing on many years of experience and in-depth expertise, the company has developed practical and highly efficient solutions.",1220531
Burdziąg Sp. z o.o.,Poland,Koźmin Wlkp,63-720,Hall 8.1,216,Public Transport,"For more than 35 years we have been manufacturing composite components for automotive and railway industry.
If you wish to shape the surrounding reality together with us, we encourage you to contact us!",1226565
Bureau Veritas,France,Courbevoie,92400,"CityCube, Hall A",425,Public Transport,"Bureau Veritas is a global leader in Testing, Inspection and Certification (TIC). The service portfolio includes specialised services in the areas of certification, construction supervision, inspection, safety assessments, cybersecurity and sustainability services.",1006288
Burgaflex,Netherlands,Etten-Leur,4879AT,Hall 8.1,200,Public Transport,"By combining the strengths of each member (Burgaflex, Design Bending, AC Filter and Hebonilube), Burgaflex Group operates as one connected network — leveraging knowledge, innovation and manufacturing power across all locations.

Committed as a Company, Adding Value as a Group.",1220879
BUS2BUS,Germany,Berlin,14055,"CityCube, Hall A",830,Public Transport,"BUS2BUS - The Mobility Trade Show
4–6 APRIL 2028, BERLIN 

BUS2BUS is a business platform for the German & European bus, coach & supplier industry with a clear focus on future technologies & sustainable solutions. BUS2BUS presents the entire range of products & services for the bus industry.",1212183
Business France,France,Paris,75014,Hall 11.2; Hall 3.2,100; 130; 210; 270,Railway Technology,"Business France is the national agency supporting the international development of the French economy, responsible for fostering export growth by French businesses, as well as promoting and facilitating international investment in France.More than 70 companies will be present on the French Pavilion.",1006345
bustec infosysteme GmbH,Germany,Wuppertal,42327,Hall 27,531,Public Transport,,1006357
BvL Oberflächentechnik GmbH,Germany,Emsbüren,48488,Hall 6.2,430,Railway Technology,"Intelligent cleaning and paint stripping of railway components in production and maintenance
Our cleaning systems are suitable for the thorough and efficient cleaning and paint stripping of a wide variety of railway components, such as bogies, wheelsets, axle bearings and motors.",1006377
bvSys Bildverarbeitungssysteme,Germany,Bremen,28357,Outdoor Display,O1/70; T2/70,Railway Infrastructure; Outdoor Display,"The bvSys team stands for the professional development of image processing hardware and software as well as a comprehensive, one-stop service since 1990.",1006380
BWB Behälter-Werk Burgau GmbH + Co. KG,Germany,Burgau,89331,Hall 1.2,630,Railway Technology,"More than 60 years of experience in the design and manufacture of oil separator and compressed air tanks made of steel, stainless steel, and aluminium. Many global players depend on our consistent quality management and our worldwide certificates and approvals.",1006383
Bächli AG,Switzerland,Obernau,6012,Hall 2.2,250,Railway Technology,Empowering Railway Solutions,1004049
Bär Technology GmbH,Germany,Berlin,13581,Hall 1.1,550,Railway Technology,,1227351
Bücker & Essing GmbH,Germany,Lingen (Ems),49811,Hall 18,220,Railway Technology,"As an ECM-certified specialist company, BÜCKER + ESSING overhauls railway engines and power packs quickly, cost-effectively and reliably.",1006129
BÜFA Composite Systems GmbH & Co. KG,Germany,Rastede,26180,Hall 3.1,345,Interiors,"BÜFA Composite Systems is a manufacturer of GRP-Specialties for the composites industry. The BÜFA Fire Retardant Range offers systems for the production of GRP components in various processes for ultimate lightweight construction, outstanding mechanics and optimum fire retardancy.",1006148
BÜRK MOBATIME GmbH,Germany,Villingen-Schwenningen,78056,Hall 2.1,830,Public Transport,"BÜRK MOBATIME has been successfully operating in the areas of time technology and time design for over 150 years. The company is the direct successor of the Württemberg clock factory, Bürk Söhne in Schwenningen, which was founded in 1855 as one of the first German industrial firms. Today, BÜRK MO...",1006307
Büter Hebetechnik GmbH,Germany,Meppen,49716,Hall 6.2,660,Railway Technology,Our solutions are specially tailored to the requirements of railway vehicle maintenance and servicing. From changing systems to lifting and supporting jacks to mobile lifting platforms or heavy-duty transporters - we have everything you need for efficient and safe railway operations.,1006362
Cables de Comunicaciones Zaragoza S.L. (Cablescom),Spain,Zaragoza,50017,Hall 22,700,Railway Infrastructure,"Founded in 1971, Cables de Comunicaciones has been building its reputation as a respected company in the field of communications technology as a cable manufacturer. With the growth of fibre optic technology, Cables de Comunicaciones has consolidated its position internationaly.",1006484
Cactus Rail AB,Sweden,Molndal,43135,"CityCube, Hall B",100,Railway Technology,,1006495
CAD-Terv Kft,Hungary,Budapest,1213,Hall 11.2,200,Railway Technology,CAD-Terv Engineering Ltd. delivers comprehensive engineering services from concept to manufacturing. Our solutions cover the entire product development process from concept creation and virtual validation to production-ready design. Railway reference: Knorr Bremse Hungary,1227030
CAF - Construcciones y Auxiliar de Ferrocarriles S.A.,Spain,Beasain,20200,Hall 4.2; Outdoor Display,130; T2/10,Outdoor Display; World Innovations; Railway Technology,"For the first time at InnoTrans, CAF is displaying a train: the CIVITY BEMU unit for VRR and NWL. Visit us at stand 130 in hall 4.2 and at outdoor display T2/10 to discover solutions driving the future of sustainable mobility.",1006517
"CAF MIIRA - Construcciones y Auxiliar de Ferrocarriles, S.A.",Spain,Beasain,20200,Hall 20,550,Railway Technology,"CAF MIIRA, a business unit of the CAF Group, is a global provider of integral wheelset solutions for the railway industry. Its portfolio includes wheels, axles, resilient wheels, gearboxes and complete wheelsets. The company delivers design, engineering, manufacturing, integration and maintenance.",1214012
Caleg Schrank und Gehäusebau GmbH,Germany,Calau,03205,Hall 15.1,305,Railway Infrastructure,"provider for industrial enclosure technology, cabinet systems and sub-assemblies",1220996
Calenberg Ingenieure GmbH,Germany,Salzhemmendorf,31020,Hall 25,130,Railway Infrastructure,"About Calenberg
Calenberg has been carrying out research into elastomeric materials technology since 1972. We operate as a solutions provider for static component bearings, vibration isolation and structure-borne sound control worldwide.

Calenberg has formed part of the potent LISEGA SE c...",1006551
California High-Speed Rail Authority,United States of America,Sacramento,95814,"CityCube, Hall A",535,Public Transport,America's first high-speed rail system,1224974
Camira,United Kingdom,Mirfield,WF14 8HE,Hall 1.1,530,Interiors,"Across the globe, across generations, the textiles made by Camira are instantly recognizable – a sign of home, of adventure, of a life well-travelled. Woven into journeys for two hundred years, our fabrics have remained a continuous presence in an ever-moving world.",1006650
Camlin Rail,United Kingdom,Lisburn,BT28 2EX,Hall 25,690,Railway Infrastructure,"Discover how our innovative Fleet and Infrastructure Monitoring solutions are Empowering Smart Maintenance. We believe in the power of the railway. Getting people where they need to be, safely and on time. We are helping the industry’s best to face some of their most complex challenges, facilitating",1006651
CAN in Automation (CiA) e.V.,Germany,Nürnberg,90429,Hall 27,290,Railway Technology,"CAN in Automation (CiA) is the international users’ and manufacturers’ group for the Controller Area Network (CAN). Founded in 1992 and headquartered in Nuremberg, Germany, the nonprofit association supports the development, standardization, and promotion of CAN-based embedded networking solutions.",1006689
CANAVERA & AUDI SPA,Italy,CORIO,10070,Hall 10.1,270,Railway Technology,,1006713
Canray Transport,Türkiye,Bursa,16000,Hall 3.1,710,Interiors,"Canray is a forward-thinking engineering and manufacturing company delivering lightweight, high-performance interior solutions for the global rail industry. Combining aluminum expertise with innovative design, it enhances the efficiency, comfort, and sustainability of modern rail systems.",1006737
CAPSYS,France,Bernin,38190,Hall 3.2,130,Public Transport,"CAPSYS develops innovative multi-technology detection solutions for smarter, safer, and more efficient urban and rail mobility.",1006810
CAPTRON Electronic GmbH,Germany,Olching,82140,Bus Display,B/510,Public Transport,,1006815
CargoRail,Lithuania,Vilnius,03163,Hall 6.1,120,Railway Technology,"Freight operators, shunting companies, and infrastructure managers can easily manage their planning, operation, and billing activities with CargoRail - a digital all-in-one solution.",1006862
Cargounit sp. z o.o.,Poland,Wrocław,54-207,"CityCube, Hall A",205,Public Transport,"CARGOUNIT is a leading locomotive leasing business in Central and Eastern Europe. The company has over 187 units including electric and diesel traction locomotives, as well as diesel shunting locomotives",1006866
Carrosserie HESS AG,Switzerland,Bellach,4512,Hall 2.2,250,Public Transport,,1226323
"CARS (Beijing) Railway Equipment Technology Co., Ltd.",China,Beijing,102202,Hall 9,260,Railway Infrastructure,,1223170
CarTelSol GmbH,Germany,Berlin,12347,Hall 7.1c,226,Mobility+; Public Transport,"Vehicle diagnostics, telematics and battery management for connected vehicle fleets. Our Vehicle X-Ray approach delivers full vehicle transparency through real-time data, remote diagnostics and predictive maintenance.",1226440
CASRAM SA,Switzerland,MEZZOVICO,6805,Hall 17,105,World Innovations; Railway Technology,"Casram has been manufacturing electrical contacts and electromechanical parts for more than sixty years. Its lengthy experience in working metals like copper, silver, and tungsten, along with the careful attention paid to each individual working phase, engineering and machining, allows Casram SA ...",1006988
Castioni Kabelführungssysteme GmbH,Switzerland,Mühlau,5642,Hall 25,190,Railway Infrastructure,"We present our newly developed buried GRP-cable duct, SOLCOSYSTEM. It is designed in accordance with the specification of DB InfraGO AG dated May 26, 2025 under the name ""Erdverlegte Leichtbau-Tröge (LKT) aus Kunststoff"".",1007013
"CATANA Corporation Co., Ltd.",Japan,Hamamatsu Shizuoka,4312103,Hall 7.1a,255,AI Mobility Lab; Railway Technology,"Japan's Nr.1 Real-Time Lossless Compression Technology.
CATANA Versatile Compression (CVC) guarantees data integrity on compression/decompression, simultaneously achieved Real-time High-speed performance. It is widely used in Japan’s major automotive manufactures.",1210078
CATCHSHIFT SPÓŁKA Z OGRANICZONĄ ODPOWIEDZIALNOŚCIĄ,Poland,Wolsztyn,64-200,Hall 26,195,Railway Infrastructure,,1226100
Cattron GmbH,Germany,Krefeld,47807,Hall 27,500,Railway Technology; World Innovations,"Since 1977 Cattron has delivered cutting-edge control solutions across industries. Our innovative radio remote control systems and global reach ensure outstanding operational excellence. Trusted worldwide, we empower businesses with reliable and secure advanced technology.",1007046
CATU,France,Bagneux,92220,Hall 22,560,Railway Infrastructure,"Come and visit us at our Sicame Group stand in Hall 22, Stand No. 560, to discover our range of products for railway infrastructure",1007047
Caucho Industrial Verdu,Spain,Alcoy,03801,Hall 22,700,Railway Infrastructure,"75 years engineering Europe's infrastructure. Caucho Industrial Verdú: structural bearings under EN 1337, plus resilient railway products from recycled tire rubber. CE-marked, EPD-verified, supplied to major European constructors.",1211117
CAVITY,Belgium,Waasmunster,9250,Hall 25,155,Railway Infrastructure,"CAVITY delivers high-performance moulds, machinery, automation, and engineering solutions for railway sleeper production. Together with THIOTRACK and PLASTWIL DE BONTE, we provide innovative, sustainable, and reliable solutions for modern railway infrastructure worldwide.",1011290
CCF - Associação Centro de Competências Ferroviário,Portugal,Matosinhos,4460-020 GUIFÕES,Hall 11.2,220,Railway Technology,"Portugal's national railway competence centre connecting industry, research and academia to accelerate innovation, training and technology transfer. Meet us to explore collaborative opportunities across the European rail sector.",1227384
CE cideon engineering GmbH & Co. KG,Germany,Bautzen,02625,Hall 7.2b,200,Career Point; Railway Technology,"CE cideon engineering – Making the Impossible Possible For over 30 years, we have been working with our customers to develop sustainable solutions for rail transport—from concept and design through to certification.",1007090
"CE STAR (HK) CO., LIMITED",China,WANCHAI HK,,Hall 11.1,315,Railway Technology,"CESTAR Electronic Technology Co., Ltd. is an application-innovation-driven company capable of providing comprehensive power supply solutions and related products.",1219463
CE+T Power,Belgium,Wandre,4020,Hall 22,420,Railway Infrastructure,"Founded in 1934, CE+T Power specializes in power conversion. We offer inverters, UPS, and multidirectional converters with advanced monitoring. Our innovative solutions ensure reliable backup and efficient energy management, supporting the energy transition in the railway industry globally.",1209403
Cecla Metal Process,France,Le Pont de Claix,38800,Hall 9,110,Railway Technology,"CECLA METAL PROCESS design and produce cooling systems for power electronics.

Our Technologies:
	
• Heat Pipe cooling systems

		
• Power: 0,5 to 10kW
		
• Natural / Forced Convection
	

• Cold Plates
		
• Power: 0,5 to 10kW

	
• High Voltage...",1007100
CEFEM Power,France,St Michel de Boulogne,07200,Hall 17,160,Railway Technology,"CEFEM POWER designs custom magnetic components and power film capacitors for railway power electronics. From traction and auxiliary converters to onboard power systems, we help OEMs maximize efficiency, reliability and power density.",1007110
CEIT,Spain,San Sebastian,20018,Hall 24,330,Railway Infrastructure,"Ceit develops advanced technologies for the railway sector, combining materials, manufacturing, digitalisation and transport systems to improve safety, efficiency and lifecycle management through monitoring, simulation and intelligent solutions.",1003235
Cellofoam International GmbH & Co. KG,Germany,Biberach an der Riß,88400,Hall 3.1,575,Interiors,Cellofoam is a renowned specialist for sound and thermal insulation as well as sealing products for industrial and technical applications – with special focus on environmentally safe and sustainable materials for rail vehicles and buses.For the series production of rail vehicles and buses.,1007128
CELYSS,France,BRON,69500,Hall 6.1,240,Railway Technology,,1007140
CEMB S.p.A.,Italy,Mandello del Lario,23826,Hall 23,940,Railway Technology,"Our balancing machines are designed for adaptability, accommodating a wide range of rotating components in different sizes, shapes, and weights, making them ideal for diverse industries, including: automotive, aerospace, power generation, railway, industrial maintenance, general manufacturing, paper",1007141
Cembre GmbH,Germany,München,80939,Hall 12; Hall 25,120; 680,Railway Technology; Railway Infrastructure,The Cembre company has been active in the field of connection technology for over 50 years. Customer proximity to Deutsche Bahn brought the first enquiries for special rail contact systems and subsequently also tools for the railway sector.,1007142
CEMIT AS,Norway,Oslo,0160,Hall 27,410,Railway Technology,"Your trains know what's about to break. Are you listening?

CEMIT's OnTrack turns the trains already running your network into a continuous monitoring system — no track-side equipment, no capex, insights within weeks.

Curious how it works?",1213142
CENTRALP,France,Vénissieux,69694,Hall 3.2,100,Railway Technology,"CENTRALP designs and manufactures embedded electronic systems and display solutions for the railway sector. Certified IRIS / ISO 22163, we provide robust, high-performance, and long-lifecycle TCMS, HMI, and communication solutions tailored to global rolling stock requirements.",1007192
Centrum Pæle A/S,Denmark,Vejle,7100,Hall 11.2,210,Railway Infrastructure,"Centrum Pile is a leading manufacturer of prefabricated concrete piles, delivering high-quality foundation solutions, including the mast foundation pile (MFP-C42) for fast, efficient installation of electrification masts in railway projects, ensuring full traceability from production to installation",1007235
"Centuray Technology Co., Ltd.",China,Changzhou,213025,Hall 17,350,Railway Infrastructure,"Headquartered in Changzhou, Centuray is a national Little Giant enterprise and National Green Factory. We develop basic materials, deliver solutions for green energy and smart transportation, and supply rail transit, cable and high-performance copper products to global partners.",1007238
Cenzin sp. z o.o.,Poland,Warszawa,00-957,Hall 22,740,Railway Technology,"CENZIN sp. z o.o. is a Polish foreign trade enterprise that exports and imports specialized equipment, as well as provides services for railway and industrial sectors.",1007241
CERSS Kompetenzzentrum Bahnsicherungstechnik GmbH,Germany,Dresden,01187,Hall 7.2b,100,Railway Technology,"The CERSS Kompetenzzentrum Bahnsicherungstechnik GmbH (centre of competence of railway signalling), a company of the CERSS group, is concerned with providing engineering and research services as well as expertise and certification in the fields of transport engineering and safety technology, especia",1161873
CERTIFER,France,Valenciennes,59300,"CityCube, Hall A",835,Railway Technology,"CERTIFER was founded in 1997. We are specialised in Testing, Inspection and Certification, consultancy and advisory services (CERTIFER Solutions) and Training (CERTIFER Academy) for all your mobility needs. Our 400+ employees provide services in 27 locations worldwide.",1007261
CertX AG,Switzerland,Fribourg,1700,Hall 2.2,250,Railway Technology,CertX is a Certification and Notified Body for Functional Safety and Cyber Security accredited by Swiss Accreditation Service (SAS) with international validity. Notified Body (CE) and Technical Service (car homologation).,1227018
CESPA MANUFACTURING srl,Italy,napoli,80147,Hall 6.2,150,Railway Technology,"CESPA SINCE 1953 RELIABLE EQUIPMENT FOR ROLLING STOCK MANUFACTURING AND MAINTENANCE WORKSHOPS:

LIFTING JACKS 
DUMMY  BOGIES
LIFTING AND ROTATING DEVICES,
SCISSOR LIFTING PLATFORMS
HANDLING EQUIPMENT
TURNING TABLES
PLATFORMS FOR ROOF ACCESS
BOGIES PRESSES, SPRING CALIBRATION TEST BENCHES",1007273
CETEST,Spain,Beasain,20200,"CityCube, Hall A",400,Railway Technology,"CETEST is a fully accredited independent test laboratory offering services for design verification, model validation, developmental testing and/or troubleshooting root cause identification. 

We cover the full life cycle of our customers', offering a complete test service portfolio worldwide.",1007212
CETIL,France,MONTBAZON,37250,Hall 11.2,270,Railway Technology,"Subcontractor in sheet-metal, boilermaking, welding (also with welding robot),
Certified EN15085-2 CL1,
With proven expertise in design and assembly-integration.",1007281
CETIM,France,SENLIS,60300,Hall 11.2,270,Railway Technology,Cetim supports innovation & competitiveness of companies thanks to its multidisciplinary expertise & unique R&D capacity.,1226744
CFL technics,Luxembourg,Pétange,4908,"CityCube, Hall A",826,World Innovations; Railway Technology,"CFL technics, a subsidiary of CFL cargo, provides maintenance and repair services for rail freight wagons and diesel hydraulic locomotives. With extensive experience dating back to 1869, the company combines tradition with modern technology to meet their customers needs at best.",1007298
CFT GmbH Compact Filter Technic,Germany,Marl,45768,Hall 5.2,700,Tunnel Construction,"When it comes to dedusting and ventilation or the heating and cooling of air, CFT presents itself as an innovative solution provider for all its customers’ needs. At the heart of our business are customer-orientated products and services for mining, tunnelling and tunnel refurbishment.",1007300
CG Rail GmbH,Germany,Dresden,01067,Hall 7.2b,200,Railway Technology,Lightweight Composite Engineering | CAD | FEA | Materials Testing | Pultrusion,1007303
CGR International,United Kingdom,SEVRAN,93270,Hall 11.2,270,Railway Technology,"Our extensive machinery enables us to produce all types of springs, from single units to millions. We supply tension, torsion, compression and wire formed springs made from steel wire, stainless steel  and alloys, as well as flat, spiral and constant force springs or micro-springs.",1227092
Chambrelan,France,le havre,76600,Hall 1.1,331,Railway Technology,"The rail transport sector imposes technical constraints based on the reliability and longevity of components. Chambrelan’s linear guide solutions meet these requirements. Resistant to extreme conditions (vibrations, intensive use and weather conditions), Chambrelan’s drawer slides ensure the safety",1210344
"Changchun Baozhuo Rail Transit Rubber & Plastic Technology Co., Ltd.",China,Changchun,130052,Hall 9,443,Railway Technology,"Changchun Baozhuo is a technology leader in rubber & plastic components for rail transit bogies and couplers since 1993. We offer primary springs, bushings, traction rods, coupler buffers, and repair services. Certified with ISO 22163 (IRIS) and ISO 9001. A-level supplier to CRRC Changchun, Beijing",1220465
"Changzhou Evergreen Technology Co., Ltd.",China,Changzhou,213000,Hall 3.1,450,Interiors; World Innovations,"Changzhou Evergreen Technology is a high-tech enterprise in Jiangsu China, engaged in the research and development, manufacturing, sales and technical service of sandwich high-performance composite integrated products, involving rail transit, architectural decoration and other sectors.",1007391
"Changzhou Huade Machine Co., Ltd",China,Zhiqian,213234,Hall 18,690,Railway Technology,,1221264
Charcroft Electronics Ltd,United Kingdom,Llanwrtyd Wells,LD5 4TH,Hall 2.2,560,Railway Technology,"Charcroft offers a wide range of passive, electro-mechanical and power-supplies for use in railway systems - both on-board train and trackside.  This includes the manufacture of specialist capacitors for railway-signalling applications, including sub-assembly value-add services.",1226807
Chauvin Arnoux GmbH,Germany,Kehl,77694,Hall 11.1,430,Railway Technology,"A worldwide player in measurement, the Chauvin Arnoux industrial group offers comprehensive expertise in the electrical, thermal and energy management sectors.",1007436
Cheemi Technology Co.Ltd,China,Nanjing,210046,Hall 11.1,120,Railway Technology,"Cheemi Technology Co., Ltd is a technology-based enterprise, integrating R&D, production, and sales. Pass the railway industry management system IRIS certification: ISO22163:2023.Provide solutions for applications of Railway, new energy vehicles, aerospace, traditional industries, and healthcare.",1215698
"CHEIL GRINDING WHEEL IND. CO., LTD.",South Korea,Pohang-si,37866,Hall 11.2,150,Railway Technology,RAIL Grinding / Cutting Wheel,1226669
CHEMET S.A.,Poland,Tarnowskie Góry,42-600,Hall 3.2; Outdoor Display,250; T2/24,Railway Technology; Outdoor Display,"If you are looking for a trusted partner who bases its activities on decades of experience, understands and cares about the highest quality standards related to the very demanding market of pressure vessels for transportation of dangerous goods, CHEMET S.A. is the right address for you.",1007456
Chemische Fabrik Budenheim KG,Germany,Budenheim,55257,Hall 8.1,140,Railway Technology,"Budenheim is a global specialty chemical company. With its innovative portfolio, the chemical specialist offers sustainable products, services and application concepts for various markets. It supports customers in developing safe, high-performance, and sustainable materials.",1226141
"Chengdu Aigre Technology Co., Ltd.",China,Chengdu,611730,Hall 26,512,Railway Infrastructure,"The company focuses on the research and development, production, and sales of complete sets of equipment and technology for seamless rail welding.The products are exported to more than 30 countries and regions in South Asia, West Asia, Europe, Africa, North America, South America, and Chinese Taipei",1007463
"Chengdu Ruilong Machinery Manufacturing Co., Ltd.",China,Chengdu,610300,Hall 9,270,Tunnel Construction,"Ruilong Intelligent Equipment is a high-tech enterprise in Southwest China and a domestic leader in the field of infrastructure construction equipment. The company focuses on the R&D, design, and production of intelligent bridge and tunnel equipment and its supporting facilities.",1226692
"Chengdu Syntech Technology Co., Ltd",China,Sichuan,610000,Hall 23,445,Railway Infrastructure,"Established in September 2003, Chengdu Syntech has long been dedicated to the R&D and manufacturing of non-destructive testing (NDT) equipment. The company's main products include rail eddy current flaw detectors and EDM CNC notching machines. Featuring high intelligence and complete independent int",1223424
"Chengdu Tangyuan Electric Co., Ltd.",China,Sichuan,610046,Hall 9,251,Railway Technology,"Rail transit inspection & monitoring, intelligent O&M, traction power supply monitoring, track engineering inspection, intelligent inspection robot, platform screen door, AI vision, rail transit safety",1226325
"Chengdu Yunda Technology Co.,LTD",China,Chengdu,6111730,Hall 7.2c,300,Railway Technology; World Innovations,"Adhering to the mission of ""making transportation safer and more convenient"", Yunda is committed to providing intelligent solutions and services for rail transportation business.",1227037
CHIANTI TECNOLOGIE S.r.l.,Italy,BARBERINO TAVARNELLE FI,50028,Hall 3.1,150,Interiors,SYSTEMS AND PRODUCTS FOR THE TRANSPORT INDUSTRY,1224544
China Academy of Railway Sciences Corporation Limited,China,Beijing,100081,Hall 9,260; 270,Railway Technology; AI,"Founded in 1950, CARS is the only multi-technology and multi-specialty comprehensive research institute in Chinese railway sector. It has participated in and witnessed the entire development process of this sector. It has now grown into a large high-tech corporation.",1007518
China Association of Metros,China,Beijing,100038,Hall 7.2c,100; 200; 300,Railway Technology,"China Association of Metros (CAMET) is a national first-class, non-profit association in urban rail transit industry , with more than 1,000 members.",1112152
"China High-Speed Railway Technology Co., Ltd",China,Beijing,100080,Hall 26,233,Railway Infrastructure,"China High-Speed Rail Technology Co., Ltd. main business includes the research, development, and sales of railway maintenance equipment for high-speed railways, heavy-haul railways, and urban rail transit, as well as providing technical services.",1007537
CHINA RAILWAY,China,Beijing,100844,"CityCube, Hall B",600,Railway Technology,"CHINA RAILWAY is a solely state-owned enterprise focusing on railway passenger and freight transport services and carrying out diversified business operation. Its responsibilities include railway construction, transportation operations, and safety.",1007543
"China Railway Baoji Bridge Group Co., Ltd",China,Baoji,721006,Hall 5.2,770,Railway Infrastructure,"China Railway Baoji Bridge Group Co., Ltd. is a core subsidiary of China Railway Group Limited, a Fortune Global 500 enterprise. As a large enterprise specializing in the manufacture of railway turnouts, urban rail transit equipment, steel bridges, steel structures and large hoisting machinery, the",1007544
"China Railway Shanhaiguan Bridge Group Co., Ltd.(CRSBG)",China,Qinhuangdao,066205,Hall 5.2,872,Railway Infrastructure,"China Railway Shanhaiguan Bridge Group Co., Ltd. is a leading manufacturer of railway turnout products in China. We commit ourselves to the research&design, manufacturing, installation and maintenance of turnout products in all kinds of railways  and tramways . Looking forward to your visit.",1203357
"China Railway Signal & Communication Co., Ltd.",China,BEIJING,100070,Hall 27,730,Railway Technology,"CRSC will showcase prospective system solutions for high-speed railway, urban railway, conventional railway, as well as regional coordination system, and systematically demonstrate the manufacturing process and quality control measures for the entire industry chain.",1007547
China Shenhua Energy Company Limited,China,Beijing,100011,"CityCube, Hall A",610,Railway Infrastructure,"China Shenhua is a world-leading coal-based integrated listed energy company, mainly engaging in six business segments, namely coal, electricity, coal-to-chemicals, railway, port handling and shipping. It realizes cross-sector and cross-industry integrated development and operation.",1222886
China Steel Corporation,Taiwan,Kaohsiung,812401,Hall 11.2,310,Railway Technology,"The goal of all CSC employees is to supply high quality steel products together with excellent technological service.
It accepts requests for engineering and technical services, hoping to back up the entire local industry with its long accumulated technology momentum.",1227080
Christ Wash Systems,Germany,Benningen,87734,Hall 10.2,235,Railway Technology,,1030398
Ci4Rail GmbH,Germany,Nürnberg,90441,Hall 4.1,565,Railway Technology,,1007636
CIM - Compagnie Internationale de Maintenance,France,LISSES,91090,Hall 4.2,150,,"CIM Group (subsidiary of John Cockerill) has been a long-standing player in the rail sector for nearly 50 years. Its expertise is based on several core business areas: industrial, technical and commercial expertise dedicated to the world’s largest railway networks.",1216078
CIMES,France,Famars,59300,Hall 11.2,270,Railway Technology,"Advanced testing and simulation for rail's future. Numerical simulation, testing, and data expertise for electric, autonomous, and next-gen mobility. Where simulation meets operational reality.",1007662
CIN - Corporação Industrial do Norte S.A.,Portugal,Maia,4474-009,Hall 11.2,220,Public Transport,,1227389
"Cincon Electronics Co., Ltd.",Taiwan,Taipei,10679,Hall 11.1,415,Public Transport,"Cincon is a global power solutions company with over 30 years of experience in DC-DC converters and AC-DC power supplies. Our products serve medical, industrial automation, telecom, railway, and defense industries. We focus on innovation, quality, and responsive support.",1007664
Circula GmbH,Germany,Berlin,10117,Hall 7.1c,220,Mobility+; Railway Technology,"Circula is the flexible spend management solution for German finance teams. The Berlin-based platform combines all company spend in one modular solution – from employee and travel expenses, corporate credit cards, and employee benefits to accounts payable.",1225579
Circutec | Speck Pumpen Walter Speck GmbH & Co. KG,Germany,Roth,91154,Hall 18,610,Railway Technology,,1227956
Cisco,United States of America,San Jose,95134,Hall 4.1,450,Railway Technology,"Cisco for rail solutions can help provide visibility into every phase of your operations to ultimately improve safety and compliance, deliver a satisfying passenger or shipping experience, and increase workforce efficiency.",1007697
CLAYENS,France,Genas,69740,Hall 11.2,270,Railway Infrastructure,"Driving the future of rail mobility with innovative polymer, composite and metal solutions. Clayens delivers lightweight, durable and high-performance components for demanding transportation applications.",1226911
CLEARSY,France,AIX-EN-PROVENCE,13100,Hall 27,301,Railway Technology,"CLEARSY is a certified safe systems and software applications designer, that use formal B method. Main driverless and unattended train operation systems are developed by CLEARSY. Moreover, CLEARSY translates the complex detail of European Interoperability’s ERTMS speciﬁcations into a suite of tools.",1008176
Cleemann Sitzsysteme GmbH,Germany,Ense,59469,Hall 1.1,780,Interiors,"For over 25 years we have been a very successful supplier ofchair-systems to national and international customers. Thesedecades of experience, our technical expertise and the focus onindivdually enable us to offer our customers optimal seatung solutionsat any time.



These solutions combine ...",1008179
CLERPREM SPA,Italy,CARRE,36010,Hall 1.1,440,World Innovations; Interiors,"CLERPREM SPA is an Italian company est. in 1969, when Roberto Marchesi began promoting polyurethane foams in the national market.The company has continued with the production of urethane foams and soon became the first production facility specialized in the molding of integral skin foam and fl...",1008191
CleverSolutions Autonomous,Germany,Berlin,10117,Hall 7.1c,240,Public Transport; Mobility+,"CleverSolutions Autonomous is an independent operations partner for autonomous mobility. Building on 10+ years of on-demand operations, we develop and operate the processes that make autonomous public transport safe, scalable and economically viable.",1225973
Cluster BahnTechnik | CNA e.V.,Germany,Nürnberg,90403,"CityCube, Hall A",240,Railway Technology,"Bavaria is a hotspot for railway technology. As part of the Bavarian Cluster Offensive, CNA e.V., Think Tank for Transport, Traffic & Logistics, was commissioned by the Bavarian state government with the management of a Cluster for Railway Technology...",1008255
Cluster TOTEM,France,Toulouse,31400,Hall 3.2,100,Railway Technology,"Explore the railway ecosystem of French Occitanie with Cluster TOTEM, to drive innovation in smart, sustainable, and connected mobility. #industrialsynergies #know-how #France #smart #sustainable #connected",1211169
CMA ROBOTER GMBH,Germany,DROLSHAGEN,57489,Hall 7.1a,270,Railway Technology; AI Mobility Lab,,1225719
CMA ROBOTICS SRL,Italy,Pavia di Udine (Udine),33050,Hall 7.1a,270,Railway Technology; AI Mobility Lab,"CMA Robotics develops intelligent robotic painting systems for large components such as trains, rail vehicles, and industrial equipment. Through AI and advanced 2D/3D vision technologies, CMA solutions simplify automation, improve coating quality, and optimize efficiency and safety.",1222525
CML INDUSTRIES,Belgium,LIBRAMONT,6800,Hall 5.2,370,Railway Infrastructure,,1008273
cn-mobility GmbH,Germany,Mittenaar,35756,Hall 2.1,720,Public Transport; World Innovations,"To help railway staff and passengers arrive better informed, cn-mobility develops software solutions for document management and real-time communication for mobile staff, as well as for passenger information and dispatching, along with software and hardware for passenger information on trains.",1008286
CN-Tec GmbH,Germany,Mittenaar,35756,Hall 2.1,620,Public Transport; World Innovations,"InnoScreen – Innovative passenger information services
Under the brand InnoScreen®, CN-Tec develops and produces displays for dynamic passenger information services and infotainment for rail companies at stations and in trains.",1008290
Codex d.o.o.,Slovenia,Murska Sobota,9000,Hall 20,400,Railway Technology,"Codex d.o.o. is a trusted bearing and power transmission supplier, based in Slovenia with 30+ years of experience.
We specialise in components for railway applications such as braking systems, axles, door systems, traction motors and gears, ensuring reliable performance in demanding conditions.",1221021
CODRA,France,Massy,91300,Hall 11.2,270,Railway Technology,"Accelerate your rail, metro, tram and tunnel projects with interoperable SCADA",1226919
COET Srl,Italy,San Donato Milanese,20097,Hall 22,150,Railway Infrastructure,"For more than 20 years COET has been actively working in the field of Power Supply Systems for DC traction applications.

COET is one of the most important Italian players in its field with experience in International projects having supplied many of its products worldwide thanks to the collabo...",1008346
Colas Rail,France,Puteaux,92800,Hall 5.2,240,Career Point; Railway Infrastructure,"Colas Rail is an international leader in rail infrastructure whose mission is to promote railway infrastructure solutions by sustainably designing, implementing and maintaining public transport solutions. As a system integrator, we also carry out the entire life cycle of railway infrastructures.",1008369
Collegio Ingegneri Ferroviari Italiani,Italy,ROMA,00185,"CityCube, Hall A",105,Railway Technology,"Collegio Ingegneri Ferroviari Italiani, the association of the italian railway engineers, is one of the oldest and most important technical and professional associations in Italy; it promotes scientific, technical, economic and legislative studies relating to transport, specifically railway systems",1008387
Columbus McKinnon Engineered Products GmbH,Germany,Kissing,86438,Hall 6.2,360,Railway Technology,,1119863
"COLWAY FERROVIARIA, S.L.",Spain,L'Hospitalet de Llobregat,08908,Hall 1.1,532,Interiors,"COLWAY Ferroviaria is your trusted partner for rolling stock interior refurbishment and modernization. We specialize in interiors, WC modules, and custom projects, delivering development, validation, traceability, material supply, and expert technical support.",1008427
COLWAY INDUSTRIAL SL,Spain,Getafe,28906,Hall 22,700,Railway Technology,"Spanish engineering and manufacturing company specialized in telecom networks, onboard systems, and electrical equipment for the railway sector. Reliable solutions for safer, smarter, and more connected trains.",1225245
ComatReleco AG,Switzerland,Düdingen,3186,Hall 2.2,250,Railway Technology; World Innovations,"ComatReleco AG:
With one of the broadest product portfolios, including customized solutions, ComatReleco serves industrial automation, rail, and transport sectors. 
Our strength lies also in tailored solutions—from adaptation to innovation—with short lead times.",1008432
Comeletric srl,Italy,MELEGNANO,20077,Hall 11.1,445,Railway Technology; Railway Infrastructure; Public Transport,"Since fifty years COMELETRIC is specialized in designing, manufacturing e trading high quality switches.

In the last decades, COMELETRIC has rapidly grown, developping a strong position in the national and international markets thanks to big commercial agreements with the main companies in the...",1008444
COMEM,Italy,Montebello Vicentino,36054,Hall 11.1,280,Railway Technology,"COMEM Group delivers high‑reliability transformer components and bushings for demanding applications, with strong expertise in Railway & Traction. Engineered for durability, safety, and consistent performance under extreme conditions.",1115579
Comesvil S.P.A.,Italy,Villaricca,80010,Hall 27,700,Railway Technology,"Comesvil SpA is an Italian company leading for over 30 years in the automation systems, railway and telecommunication industry.",1008457
"CommScope, an Amphenol Company",Germany,München,80333,Hall 4.1,685,Railway Technology,CommScope pushes the boundaries of communications technology to create the worlds most advanced networks.,1209242
Comp. Tech. Europe srl,Italy,Latina,04100,Hall 1.1,870,Interiors,"Comp.Tech.Europe s.r.l., italian leading company in the railway sector, since 2002 at your service!",1009954
COMPIN FAINSA,France,Evreux,27000,Hall 1.1,450,Interiors,"Our Vision
As an integrated provider of Products & Services solutions we aim to be the European leader of Railways and Bus seats in expanding to worldwide markets and in offering value-added Interiors solutions to the Public Transportation customers",1041435
compriband-Dichtungen GmbH,Austria,Wels,4600,Hall 21,350,Railway Technology,"compriband-Dichtungen GmbH will present innovative sealing solutions for the railway industry at InnoTrans 2026. Discover EN 45545-compliant seals, sealing tapes and customized solutions for rolling stock manufacturers, component suppliers and distributors.",1226194
COMSA Corporación,Spain,Barcelona,08014,Hall 22,700,Railway Infrastructure,"With 135 years of history, COMSA is a Spanish company leader in construction and specialist in turnkey railway projects covering all the fields of infrastructure and superstructure construction, track maintenance, electrification and control as well as communication systems.",1010002
COMSYS  Communications Systems Service GmbH,Germany,Bad Salzdetfurth,31162,Hall 4.1,345,Public Transport,"COMSYS is a company focusing on research, development, production and service of telecommunication systems. A particular focus is on microwave technology and filter technology. COMSYS is a partner of railway operators, railway vehicle manufacturers and railway system suppliers.",1010004
Comtec GmbH,Germany,Stuhr,28816,Hall 22,275,Railway Infrastructure,"Since 1975 we are manufacturing accessories for cables, telecommunication and railway technology for the worldwide market.

Our product range:
Signal cable distributors, distributors & accessories for fiber optics, Cable joint sets (VASS, SVSM), LK 0-4 kits, Shield connectors and grounding cables.",1010005
Concord Control Systems Limited,India,Lucknow,226019,Hall 11.1,250,Railway Technology,,1220302
Condor Technik GmbH,Germany,Essen,45239,Hall 25,240a,Railway Infrastructure,We provide and care for security - nationwide 24/7 with qualified personnel and state-of-the-art technology.,1010063
Conductix-Wampfler GmbH,Germany,Weil am Rhein,79576,Hall 23,360,Railway Infrastructure,"Transit Electrification
Sustainable, Robust Solutions for all Forms of Passenger Transit",1194392
Connect Com AG,Switzerland,Rothenburg,6023,Hall 27,572,Railway Technology,"Connect Com is a leader in passive and active fibre-optic technologies. In addition to our own product developments, we operate a state-of-the-art fibre-optic assembly facility. At Innotrans, we will be showcasing our fibre-optic sensing solutions for safe railway operations.",1218335
Connected Places Catapult,United Kingdom,London,EC1R 0BE,Hall 2.2,560,Public Transport,"The Connected Places Catapult is the UK’s innovation accelerator for cities, transport and build environment. We help grown the UK Economy by driving the commercialisation of emerging technologies in transport and the build environment in our towns and cities.",1226950
connwerk GmbH,Germany,Hannover,30161,Hall 2.1,345,Public Transport,"Turning heterogeneous data into consistent, reliable information for public transport – in real time and across all channels. That is the connwerk philosophy.",1010111
Consilium Safety Group,Sweden,Gothenburg,42246,Hall 5.2,825,Railway Infrastructure,"Discover Consilium Safety Group: global leader in fire, flame and gas safety tech for marine, energy, rolling stock, and buildings since 1912. With 55+ offices worldwide, we protect lives and values through innovative solutions.",1010144
Constellium Valais SA,Switzerland,Sierre,3960,Hall 8.2,300,Railway Technology,"By using our lightweight solutions, rail vehicle manufacturers can increase passenger capacity, save energy, and so reduce CO2. We are a market leader in rail solutions, covering the complete range of rolling stock material with our large extrusion product portfolio for all kind of rail vehicles.",1010241
CONTA-CLIP Verbindungstechnik GmbH,Germany,Hövelhof,33161,Hall 12,177,Railway Technology,,1225766
Continental,Germany,Hannover,30165,Hall 9,400,Railway Technology,"ContiTech is one of the world’s leading industry specialists. The Continental group sector offers its customers connected, environment-friendly, safe and convenient industry and service solutions using a range of materials for off-highway applications, on rails and roads.",1153624
CONTRAIL MACHINERY S.R.L.,Romania,Chitila,077045,Outdoor Display,O/385,Railway Infrastructure; Outdoor Display,"Contrail Machinery specializes in the design and manufacture of Rail Flash-Butt Welding Machines for railway infrastructure projects worldwide. We deliver reliable, customer-specific welding solutions, engineered and manufactured in-house.",1209854
Copma Polska Sp. z o.o.,Poland,Kraków,31-124,Outdoor Display,O/250,Outdoor Display; Railway Technology,"We invite you to cooperate in the production of road and rail vehicles, we have many years of experience in this field, we produce vehicles that meet the high requirements of our customers, and we provide warranty and post-warranty service.",1010430
CORDM,France,VERDUN,55100,Hall 20,200,Railway Technology,"CORDM, located in Verdun, France, is a gears specialist servicing diverse markets. Its main competence is the complete manufacturing of gears (spur, helical, internal, bevel and spiral bevel gears…) with diameter up to 1600 mm (Module 40) for small or medium-sized serial production.

For CORDM, e...",1010466
CORMACH  S.r.l.,Italy,MONTICHIARI  (Bs),25018,Hall 20,120,Railway Technology,"Producer of Articulated cranes, Recovery cranes and Aerial platform",1219292
CORYS,France,Grenoble,38004,Hall 3.2,210,Railway Technology; World Innovations,"CORYS is a global leader in rail simulation, for 35 years we have been creating innovative and game-changing simulators. Today, over 160 freight, passenger, LRV and metro operators count on CORYS to train their drivers on over 2000 simulators.",1010511
COSMO CONSULT Data & Analytics GmbH,Germany,Würzburg,97074,Hall 2.1,300,AI; Public Transport,"COSMO CONSULT develops Microsoft‑based solutions for public transport. Using technologies such as Azure, Fabric, Power BI and the COSMA AI platform, data is integrated, analyzed and automated across the entire public transport value chain.",1207808
CP - Comboios de Portugal,Portugal,Lisbon,1249-109,Hall 11.2,220,Public Transport,"CP is a state-owned company wholly owned by the Portuguese state.
It is 100% state-owned and governed by its Articles of Association, the Legal Regime of the State-Owned Business Sector, and other legislation applicable to the sector and the company’s field of activity.",1010611
CPC Tracking Aps,Denmark,Lystrup,8520,"CityCube, Hall B",100,Railway Technology,,1010615
CRCC High-Tech Equipment Corporation Limited (CRCCE),China,YUNNAN,650215,Hall 26,520,Railway Infrastructure,CRCC High-Tech Equipment Corporation Limited (CRCCE) is committed to provide customers with the world's most competitive intelligent railway engineering machines and comprehensive overall solution of railway engineering construction service.,1010644
Createc Ltd,United Kingdom,Cockermouth,CA13 0HT,Hall 2.2,560,Public Transport,-,1226952
CRESSTO s.r.o.,Czechia,Rožnov Pod Radhoštěm,75661,Hall 1.2,500,Railway Technology,,1203945
CRITICAL Software GmbH,Germany,München,80992,Hall 7.2b,200,Railway Technology,"Embrace onboard & trackside digitalisation with a trusted partner. Critical Software is a systems/software engineering company with 20 years' experience in building rolling stock & signalling systems – compliant with industry standards, protected against cyber threats and harnessing AI & automation.",1208991
CrossTech,United Kingdom,London,EC4A 3DE,Hall 2.2,560,Railway Technology,"CrossTech are AI specialists in automated inspection for railways, highways and industrial networks. Using advanced computer vision, machine learning and cloud technologies. CrossTech transforms inspection data into actionable insights that improve safety, reliability, and operation efficiency.",1010730
Crous Chemicals GmbH,Switzerland,Fulenbach,4629,Hall 6.2,470,Railway Technology,"Crous Group

We offer you products and services with state-of-the-art technology and expertise. 

We complement efficient maintenance with a wide range of services. 

www.crous-group.com",1010731
Crouzet,France,Pont De I'isère,26600,Hall 27,155,Railway Technology,Your Industrial Partner for the Future of Railway !,1010732
"CRRC Group Co.,Ltd",China,Beijing,100036,Hall 4.2; Hall 7.1a; Outdoor Display,210; 285; O/171; T2/40; T2/45,Railway Technology; World Innovations; Outdoor Display; Public Transport; AI Mobility Lab,"CRRC prides ourselves on the most extensive product portfolio in the industry, serving more than 110 countries and regions. As a world-class manufacturer of high-end equipment and provider of system, CRRC drives the sustainable transformation of global rail transport.",1010758
"CRSC (Chongqing) Intelligent Transportation Technology Co., Ltd.",China,"Liangjiang New Area, Chongqing.",401120,Hall 7.2c,200,Railway Technology,,1227890
CRX Software HQ BV (RailCube),Netherlands,Rotterdam,3013AL,Hall 6.1,425,Railway Technology,,1210515
CSI Trolley,Italy,Cairate (VA),21050,Hall 1.1,174,Interiors; Travel Catering & Comfort Services,"CSI Trolley specializes in realizing custom made, multifunctional trolley for onboard catering crafted to suit the unique needs of customers and traverles alike.",1211147
CSM SISTEM OTOMASYON MAKINA SAN. VE TIC. A.S.,Türkiye,Bursa,16110,Hall 26,625,Railway Infrastructure,,1219790
CSV GmbH,Germany,Nürnberg,90449,Hall 7.1a,265,AI Mobility Lab; Railway Technology,"We reduce complexity, empower internal teams, and transparently show which standards, tools, methods, and system settings serve the needs. In doing so, we support the tailored solution, SAP & non-SAP, according to our clients' starting point and objectives.",1226664
"CTC Union Technologies Co., Ltd.",Taiwan,Taipei,114,Hall 4.1,120,Public Transport,"Our experience in connectivity transmission for Telecom & Industrial grade products enables us to optimize communication and collaboration between systems, processes, and people. We can deliver an innovative, efficient, and reliable solutions for our customers.",1010829
CTEXPERTISE SRL,Italy,Mosciano Sant'angelo,64023,Hall 8.2,440,Railway Infrastructure,,1221360
CTS Composite Technologie Systeme GmbH,Germany,Geesthacht,21502,Hall 25,265a,World Innovations; Railway Infrastructure,CTS Composites is a leading European systems provider specializing in composites (GRP). Our many years of experience in materials and application technology and the machining and assembly of profiles and grating systems form the basis of our successful collaboration with customers.,1010843
CUBE SYSTEM POLSKA SPÓŁKA Z OGRANICZONĄ ODPOWIEDZIALNOŚCIĄ,Poland,Toruń,87-100,Hall 5.1,315,Interiors,.,1225768
Cummins,Germany,Groß-Gerau,64521,Hall 18,380,Railway Technology,"Cummins Inc. is a global power leader delivering innovative solutions that help move people, goods and economies forward.",1010875
Cunext Group,Spain,Córdoba,14005,Hall 22,200,Railway Infrastructure,Leader in the manufacture of efficient materials for energy and data transmission.,1010879
CVS engineering GmbH,Germany,Rheinfelden,79618,Hall 1.2,300,Railway Technology,CVS engineering GmbH produces compressors and vacuum pumps designed specifically for installation in vehicles – predominantly in trucks and trains.,1010903
CyberShield,Germany,Mannheim,68163,Hall 6.1,415,Public Transport,"Cybersecurity compliance, Secure Engineering, OT-Cybersecurity solutions",1010797
"CYG Insulator Co.,Ltd.",China,Dongguan,523128,Hall 22,525,Railway Infrastructure,"CYG Insulator Co.,Ltd., a subsidiary of CYG Group, is a high-tech enterprise focusing on composite insulators for high-voltage power grids and high-speed railways. It offers products for ±1100kV DC, 1000kV AC and 350km/h rail systems, with 10+ million units operating globally. A key supplier for Chi",1010923
Cyient GmbH,Germany,Stuttgart,70173,Hall 4.1,560,Railway Technology,"Intelligent Engineering for Rail Transportation

Discover Cyient's Rail solutions, enhancing safety, efficiency, and operations with advanced IoT, AI, and digital technologies.",1010927
Cylus cybersecurity Ltd,Israel,Tel AVIV,6777506,Hall 6.1,225,World Innovations; Railway Technology,"Cylus helps rail companies protect against cyber attacks on their safety-critical components. Our non-intrusive solution enables unprecedented visibility into the entire operational network, providing early detection of malicious activities based on cutting-edge cyber research.",1010931
CZ LOKO a.s.,Czechia,Česká Třebová,56002,Hall 2.2; Outdoor Display,150; T4/15,Railway Technology,"Manufacture, modernisation, repair and servicing of railway traction vehicles.",1010947
D&T,Italy,Milano,20142,Hall 6.1,455,Railway Technology,"Mobile train simulator - Interlocking simulators forn training of station masters and maintainers - Urban transport simulation - Crowd dynamic simulator, Infections simulator - Maintenance simulator.",1010961
d-fine GmbH,Germany,Frankfurt am Main,60313,Hall 7.1a,295,AI; AI Mobility Lab; Public Transport,d-fine is a European consulting firm focused on analytical and quantitative challenges and the development of sustainable technological solutions.,1011886
D.R. FERROVIARIA ITALIA SRL,Italy,ALBIANO MAGRA  (fraz. Aulla),54011,Hall 26,490,Railway Infrastructure,WE CONSTRUCT RAILWAY TURNOUTS & CROSSINGS. WE ARE LOOKING FOR NEW RAILWAY COMPONENT PRODUCERS & SUPPLIERS.,1010968
D2hub GmbH,Germany,Berlin,10553,"CityCube, Hall B",220,Public Transport; World Innovations,"D2hub: Die Zukunft der Anzeigen-Systeme

D2hub ist eine innovative und zukunftssichere Lösung für die Anzeigen-Systeme im öffentlichen Verkehr. Durch seine Flexibilität, Skalierbarkeit und seine starken Sicherheitsfunktionen bietet D2hub eine einzigartige Lösung, zukunftssicher.",1211738
DA-Group,Finland,Forssa,30300,Hall 2.1,110,Public Transport,"DA-Group plans to introduce a new product at InnoTrans. We provide open IP-based onboard systems and vehicle computers designed for demanding environments and rail vehicle modernizations. Our rugged solutions, custom displays, and passenger information systems endure extreme conditions.",1010989
"DAEYANG ELECTRIC Co., Ltd.",South Korea,Busan,49438,Hall 3.2,230,Railway Technology,,1010995
DAHUA EUROPE B.V.,Netherlands,Zoetermeer,2719 EA,Hall 6.1,475,Public Transport,,1223674
Daimler Truck AG,Germany,Wörth,76742,Outdoor Display,O/260; O/280,Railway Technology; Railway Infrastructure,,1208004
DAKO CZ a.s.,Czechia,Tremosnice,538 43,Hall 1.2,420,Railway Technology,"MANUFACTURER OF THE BRAKE SYSTEMS AND COMPONENTS FOR RAILWAY VEHICLES

DAKO-CZ supplies brake systems and components for railway freight cars and passenger coaches, suburban units, locomotives, maintenance cars, metro cars and tram sets.",1011025
Daktronics,Ireland,"Ennistymon, Co Clare",V95X6WV,Hall 2.1,840,Public Transport,"Daktronics has been providing solutions for the transportation industry world-wide for 50 years.



With 30,000+ rail and bus installations and offices around the globe, Daktronics are the world leader in the manufacture and design of passenger information displays for both LED & LCD products.
...",1011027
"Dalian Jierui Fluid Control Co.,Ltd",China,DALIAN,116033,Hall 1.2,510,Railway Technology,"JIERUI products were used in many subway subjects all over the world, and we could be your long-term supplier.",1011038
DAN DRYER A/S,Denmark,Randers,8940,Hall 5.1,260,Interiors,DAN DRYER supplies a wide range of products for the railway industry. The company possesses unique know-how and experience and provides the convenience of one-stop-shopping and dealing with only one supplier when equipping toilet facilities in railway carriages and station buildings.,1011067
Danish Industry for Pavilion of Denmark with a group of companies,Denmark,Copenhagen,DK-1553,Hall 11.2,210,Railway Technology,"Danish Industry (DI), is Denmark’s leading employers' organization with more than  20000 members. DI champions optimal business conditions, negotiates key agreements, and offers global export promotion and presence .",1011916
Danobat S.Coop.,Spain,Elgoibar,20870,Hall 22,610,Railway Technology,"Danobat focuses its activity in the supply of turnkey solutions for maintenance of railways rolling stock, incorporating own leading technology products, together with those manufactured by specialized companies.",1011101
"Danyang Tielong Railway Equipment Co.,LTD",China,Danyang,212300,Hall 1.1,635,Railway Technology,"Danyang Tielong – Your reliable partner for railway electrical cabinets & components.
IRIS-certified, EN 15085 welding, DIN 6701 bonding.
From non‑standard design to life‑cycle service.
Visit us at Hall 1.1, Stand 635 and discover precision made in China for the world.",1220272
DAS TEPPICHWERK (vormals Vorwerk Teppichwerke),Germany,Hameln,31785,Hall 3.1,830,Interiors,"DAS TEPPICHWERK (formerly Vorwerk Teppichwerke), founded in 1883, has been supplying carpets for train interiors for over 30 years; these can be manufactured to individual colour and design specifications. Production is powered by hydroelectricity and the company’s own photovoltaic system.",1220224
Dassault Systèmes Deutschland GmbH,Germany,Stuttgart,70563,Hall 2.1,855,Railway Technology,"Dassault Systèmes provides businesses and people with virtual twins to imagine sustainable innovations capable of harmonizing product, nature and life.",1011159
Dataciders GmbH,Germany,Dortmund,44139,Hall 7.1a,210,AI Mobility Lab; Railway Technology,"Dataciders is Germany’s leading data & AI specialist, with 1,000 employees. More than half of Germany’s top 50 companies rely on our end-to-end solutions.",1225634
"DATONG ELECTRIC LOCOMOTIVE CO.,LTD.",China,Datong,037000,Hall 10.1,250,Railway Technology,"Datong Electric Locomotive Co., Ltd., established in 1954, was the first major railway locomotive manufacturer developed by New China. In the past 70 years, over 12,000 high-horsepower main-line locomotives of various models have rolled off the assembly line here, providing unending traction power f",1226910
"Datong Xin Cheng New Materials Co. , Ltd.",China,Datong,037000,Hall 10.1,250,World Innovations; Railway Technology,"The Datong Xincheng Carbon Skateboard Production Workshop covers an area of 9000 square meters and is designed to produce 200000 pantograph skateboards annually, with an output value of approximately 600 million yuan. Among them, there are 6 carbon material extrusion molding machines, 17 roasting fu",1226810
Daulat Ram Engineering Services (P) Ltd,India,Bhopal,464993,Hall 18,540,Railway Technology,"Mr C.P. Sharma is the Managing Director of Daulat Ram Engineering Services (P) Ltd. and Ex.
Chairman of CII (Railway Equipment Division). He has experience of more than 40 years in Railway
Industry Domain. Under his leadership company has excelled in field of development of products
for Railway.",1130300
Dayton-Phoenix Group,United States of America,Dayton,45404,Hall 20,145,Railway Technology,"Engineering the future of rail through advanced locomotive systems, energy solutions, and battery-electric technologies. Dayton-Phoenix Group helps railroads improve performance, lower emissions, and extend asset life without replacing the locomotives railroads already have.",1221611
DB Bahnbau Gruppe GmbH,Germany,Berlin,12489,Hall 25; Outdoor Display,440; O/355,Railway Infrastructure; Outdoor Display,"The Bahnbau Group is a strong partner for track construction and erection services for the railway lines in Europe. With its comprehensive, diversified service in the fields of structural design, track superstructure, track welding, re-use of track materials, erection services and civil engineeri...",1011224
DB E.C.O. Group,Germany,Berlin,10829,"CityCube, Hall B",410,Railway Infrastructure,,1210157
DB ESG,United Kingdom,Derby,DE24 8UP,Outdoor Display,O/630,Railway Technology,,1011231
DB Fahrzeuginstandhaltung GmbH,Germany,Frankfurt am Main,60326,"CityCube, Hall B",410,Railway Technology,"We are your strong and experienced partner in the field of maintenance and repair of rail vehicles and their components. With our outstanding infrastructure, in-depth expertise and many years of experience, we can provide you with competent support for all your questions and challenges...",1011232
DB InfraGO AG (AutomatedTrain),Germany,Berlin,10829,Outdoor Display,O11/55,Railway Infrastructure,,1225819
DB Regio AG,Germany,Frankfurt,60486,"Bus Display; CityCube, Hall B",B/510; B/520; 410,Public Transport; Bus Display,"Whether by rail or road: DB Regio moves millions of passengers every day—flexibly, sustainably, and reliably.",1011242
DB Regio AG RegioTec,Germany,Ditzingen,71254,"CityCube, Hall B",410,Railway Infrastructure,Your partner for special facilities and maintenance,1011246
DB Systemtechnik,Germany,Minden,32423,"CityCube, Hall B; Outdoor Display",O/630; 410,Outdoor Display; Railway Technology,"DB Systemtechnik stands for holistic system and infrastructure expertise in the railway sector. With a deep understanding of vehicle-track interaction and system interfaces, we optimize operations, maintenance and rail performance – in Germany, across Europe and worldwide.",1011259
DCAirco Thermal management & HVAC Systems,Netherlands,Alkmaar,1812 RH,Hall 3.1,560,Interiors,"DCAirco specializes in low energy consumption thermal management and HVAC solutions for Trains, 
Locomotives and other rolling stock applications according to the new EU fire legislation EN 45545-2.

Due to the easy installation, our products can be used for either new builds or retrofitting...",1011272
DDAP-RAX LLC,Ukraine,Kamianske,51925,Hall 4.2,410,Railway Technology,"Railway axles for freight wagons, passenger rolling stock, locomotives, special rail vehicles, trams, and metro vehicles.
DDAP-RAX. Where quality on rails finds its axle.",1211697
ddm hopt+schuler GmbH & Co. KG,Germany,Rottweil,78628,Hall 2.1,125,Public Transport,"ddm hopt+schuler is a family-owned company with more than 50 years of experience in developing and manufacturing innovative human-machine interface solutions. From our headquarters in Rottweil, Germany, we design and produce high-quality switches, encoders, card readers and ticketing systems.",1213863
DE. CAP SRL,Italy,Nola,80035,Hall 3.1,290,Travel Catering & Comfort Services; Interiors,"DE.CAP. SRL was founded by people with 40 years of experience in the rail sector. We design and build trolleys, units and Atlas containers for onboard food transport. All in-house, Made in Italy and fully customizable, with after-sales assistance and maintenance. Discover the new Unique series: visi",1226821
DEF RAIL,France,Massy,91300,Hall 5.2,625,Tunnel Construction,"French supplier of fire protecion equipment covering all fire-related skills, DEF RAIL is a robust partner for your railway projects.
We tailor specific solutions and deliver turnkey projects that match your requirements, for infrastructures and rolling stock (freight and passengers).",1220740
DEHN SE,Germany,Neumarkt i.d.OPf.,92318,Hall 21,320,World Innovations; Railway Infrastructure,"DEHN is the globally leading specialist for innovative smart protection solutions in the fields of lightning and surge protection and electrical safety equipment.
Building the future
We create customised protection solutions for your building, energy and infrastructure applications.",1011374
Delhi Metro Rail Corporation Limited,India,New Delhi,110001,Hall 7.2c,240,Public Transport,,1227624
DELIMON GmbH,Germany,Düsseldorf,40219,Hall 22,760,Railway Technology,Pioneering advanced lubrication technology since 1872,1011423
Delkor Rail Pty Ltd,Australia,Condell Park NSW,2200,Hall 25,380,Railway Infrastructure,Delkor Rail is a world-leading supplier of high quality resilient bonded rail fasteners specifically designed to reduce noise and vibration. We have over 35 years experience in the Rail Track industry and can offer innovative solutions to meet a variety of operating conditions.,1011429
Dellner Couplers AB,Sweden,Falun,79195,Hall 1.2,210,World Innovations; Railway Technology,"Dellner, now part of Wabtec Corporation, is an industry leader in the design, manufacture and servicing of Train Connection Systems for train builders and rail operators worldwide.",1011435
Dellner Frimatrail Frenoplast SA,Poland,Majdan,05-200,Hall 1.2,480,Railway Technology,,1011438
Dellner Glass Solutions,United Kingdom,"Consett, County Durham",DH8 7RS,Hall 1.2,480,Interiors,,1011439
Dellner Group AB,Sweden,Borlange,78170,Hall 1.2,480,Railway Technology,,1211756
Dellner Polymer Solutions,United Kingdom,"Littlehampton, West Sussex",BN17 7QU,Hall 1.2,480,Railway Technology,www.dellnerpolymer.com,1011440
Deloitte Consulting GmbH,Germany,Düsseldorf,40476,Hall 6.1,310,Railway Technology,"Our experts provide business services, market insights, and strategic consulting for companies in transport, travel, hotels, restaurants, hospitality, resorts, and gaming. Together, we develop impactful solutions that help you succeed.",1205638
DELTA ANKARA OTOMOTİV LİMİTED ŞİRKETİ,Türkiye,Ankara,06520,Hall 2.2,638,Railway Technology,,1213176
Delta Electronics,Netherlands,Hoofddorp,2132MZ,Hall 9,231,Railway Infrastructure; Railway Technology; Tunnel Construction,"Powering Critical Transportation Infrastructure

From railway signaling and metro networks to tunnels, bridges, and trackside communications, Delta delivers reliable power and communication solutions that keep transportation systems running safely and efficiently. Designed for demanding environments",1011458
Delton Cables Limited,India,Faridabad,121002,Hall 14.1,430,Railway Infrastructure,,1226105
DENIOS SE,Germany,Bad Oeynhausen,32549,Hall 6.2,390,Railway Infrastructure,We protect lives and the environment.,1011491
Densen Group,China,Shenyang,110025,Hall 8.1,455,Railway Technology,"Densen Group supplies high-quality metal components by
Investment Casting Sand Casting Aluminum Casting Forging
CNC Machining Welding & Fabrication Mechanical Assembly
Why Densen
30+ Years Manufacturing Experience
6 Manufacturing Facilities
Engineering & Project Management Support
Flexible Productio",1225623
DENY SECURITY,France,SAINT BLIMONT,80960,Hall 3.2,210,Railway Infrastructure,"Dény Security combines decades of rail expertise with cutting-edge innovation to deliver safer, smarter, and more reliable railway solutions. Trusted by industry leaders, we turn complex challenges into high-performance results, driving the future of rail transport.",1011512
"Department of Trade, Industry and Competition",South Africa,Pretoria,0002,Hall 10.1,100; 150,Railway Technology,,1226680
Deploy Ltd,United Kingdom,London,EC1R 0NE,Hall 2.2,460,Railway Infrastructure,"At Deploy Recruitment Group, we're specialists. We're immersed and experienced in the sectors we work in, which means our expert team can find unique solutions that really work before anyone else.",1221356
Derovis GmbH,Germany,Berlin,12681,Hall 2.1,425,Public Transport,"Derovis GmbH, headquartered in Berlin, is a leading provider of specialized equipment for buses and trains in German-speaking countries. Since 2007, the company has been developing and marketing system solutions for video surveillance, automatic passenger counting, and data-driven applications.",1011567
DEUTA-WERKE,Germany,Bergisch Gladbach,51465,Hall 27,560,Railway Technology; World Innovations,"For more than 120 years, DEUTA-WERKE GmbH has been developing innovative technologies for safe rail transportation. Worldwide, the company stands for highly precise systems for speed measurement, data recording, and safe display and operating solutions up to SIL 3.",1011682
Deutsche Bahn AG,Germany,Berlin,10785,"CityCube, Hall B",410,Railway Technology; Career Point,"Deutsche Bahn AG is the backbone of mobility in Germany and Europe, committed to connecting people and goods reliably, safely, and sustainably.",1011694
Deutsche Bahn Connect GmbH,Germany,Frankfurt am Main,60327,"CityCube, Hall B",410,Public Transport,"DB Connect, a subsidiary of Deutsche Bahn, stands for flexible mobility solutions. We manage fleets across the DB Group and provide sharing and digital services. Our connected offerings link rail and road for future-ready urban mobility.",1011705
Deutsche InfraSoft GmbH,Germany,Berlin,12489,Hall 7.1a,300,Railway Technology; AI Mobility Lab,"The Deutsche InfraSoft Group is a modernisation partner for critical transport and utility infrastructure. Five specialised subsidiaries combine surveying, mobile mapping, BIM, and GIS — from precise data capture to the digital twin, all from a single source.",1219510
Deutsche Telekom AG,Germany,Bonn,53113,Hall 2.1,210,Public Transport,"Leading Digital Telco

With over 273 million mobile customers, more than 24 million fixed-network lines, and more than 22 million broadband customers, we are one of the leading integrated telecommunications companies worldwide.",1041949
Deutscher Bahnkunden-Verband e.V.,Germany,Berlin,10713,Hall 15.1,130,Railway Infrastructure,,1011776
Deutscher Christlicher Techniker-Bund,Germany,Korntal-Münchingen,70825,Hall 15.1,450,Railway Technology,"“Deutscher Christlicher Techniker-Bund (DCTB)” is a german christian association of technical Professionals. We bring together people who seek to consciously integrate their faith with their studies, their careers, and their responsibilities in society.",1011782
Deutsches Verkehrsforum (DVF) e.V.,Germany,Berlin,10785,,,,-,1011840
Deutsches Zentrum für Luft- und Raumfahrt e.V. (DLR),Germany,Köln,51147,Hall 2.2; Outdoor Display,440; O/10,Railway Technology; World Innovations,"The German Aerospace Center (Deutsches Zentrum für Luft- und Raumfahrt; DLR) is Germany’s national research and technology centre for aeronautics, space, energy, transport, security and defence.",1012237
Deutsches Zentrum für Schienenverkehrsforschung beim Eisenbahn-Bundesamt (DZSF),Germany,Dresden,01219,"CityCube, Hall A",510,Railway Technology,Rail Traffic Research — Knowledge That Moves!,1226272
Deutzer Technische Kohle GmbH,Germany,Zeuthen,15738,Hall 23,320,Railway Infrastructure,"Deutzer Technische Kohle GmbH (DTK) is an internationally recognized, innovative company that provides services for transport operators using its own measurement systems. Transport operators worldwide rely on DTK’s extensive experience, technical expertise, and reliability.",1011857
Developair Technologies,Spain,Donostia- San Sebastian,20014,Hall 7.1a,256,AI Mobility Lab; Railway Technology; AI,"Developair Technologies delivers AI-powered solutions specifically designed for safety-critical embedded software development, helping engineering teams improve productivity, traceability, verification and compliance across all SIL criticality levels.",1225901
DEVISMES LOCKS AND SHEET METAL WORK,France,FEUQUIERES EN VIMEU,80210,Hall 3.2,100,Railway Infrastructure,DEVISMES has two activities : the fine sheet metal work  and the locking systems .,1211656
DEWESoft Deutschland GmbH,Germany,Unterensingen,72669,Hall 27,100,Railway Technology; World Innovations,DEWESoft is here to challenge and change the world of measurement technology. We develop customer-focused test and measurement solutions by always thinking differently and pushing ourselves above the highest standards. It all started with a simple idea which has now grown into global success serving,1011871
DFI Inc.,Taiwan,"Xizhi Dist., New Taipei City",221,Hall 6.1,545,Railway Technology,"DFI is a global leading provider of high-performance computing technology with its innovative design and premium quality management system. DFI’s industrial-grade solutions enable customers to optimize their equipment and ensure high reliability, long-term life cycle, and 24/7 durability.",1011936
DHAYA MAJU INFRASTRUCTURE (ASIA) SDN BHD,Malaysia,KUALA LUMPUR,50490,Hall 10.1,220,Railway Infrastructure,"30 years of building the infrastructure that connects nations - now bringing that story to Berlin.

From the Pan Borneo Highway to the Klang Valley Double Track and the KLIA Aerotrain, DMIA has spent three decades turning ambitious rail, highway and power infrastructure into reality across Malaysia",1211894
DI Environnement,France,MONTÉLIMAR,26200,Hall 11.2,270,Railway Technology,"Robotic depollution, asbestos removal and dismantling of railway and industrial equipment",1226945
Diab Group,Sweden,Helsingborg,25221,Hall 3.1,790,Interiors,"At InnoTrans 2026, we will showcase our innovative recyclable Divinycell PR sandwich core materials and all our services, highlighting advancements poised to significantly impact the rail industry. Diab has extensive experience in composites and sandwich structures.",1011924
Diagramm Halbach GmbH & Co. KG,Germany,Schwerte,58239,Hall 2.1,550,Public Transport,"Diagramm Halbach – Your Partner for Secure Tickets and Innovative Security Solutions

Diagramm Halbach is an internationally operating family-owned company with a history dating back to 1832. We specialize in the development and production of high-quality tickets and security printing solutions.",1011928
DiBSI Dienstleister für Bahn- und Schiffsindustrie,Germany,Wismar,23966,Hall 6.2,800,Railway Technology,DiBSI GmbH is an innovative and reliable service provider for the rail and shipping industry based in Wismar. We offer a wide range of services tailored to the individual needs of our customers.,1011956
DICOTA SCHWEIZ AG,Switzerland,Pfäffikon SZ,8808,Hall 6.1,400,Railway Technology,"German pioneer in smart & sustainable IT-accessories, empowering your everyday work experience.
For more than 30 years, DICOTA has been the first address for highly functional and high-quality carrying solutions and the market leader in Germany, Austria, and Switzerland.",1011961
Diehl Aviation,Germany,Laupheim,88400,Hall 5.2,830,Railway Technology,"Complete Solutions for Efficiency
We provide development, production, approval, and support from a single source. As a system provider with a high level of in-house expertise, we ensure quality, transparency, and efficient processes — from planning to service deployment.",1012002
DigitalTrains™,United Kingdom,COVENTRY,CV7 9NE,Hall 1.2,530,Railway Technology,"DigitalTrains is a Digital twin environment. It is the software framework within which the digital twin is created, executed and managed. Integrating the modeling and simulation engines with scenario management and analysis tools.",1226286
DILAX Intelcom GmbH,Germany,Berlin,10559,Hall 2.1,425,Public Transport,"DILAX is a globally leading specialist in automatic passenger counting and data-driven analytics for public transport. Since 1988, we've developed precise technologies that help operators optimize planning, capacity management, and quality assurance.",1012066
Dipl. Ing. H. Horstmann GmbH,Germany,Heiligenhaus,42579,Hall 22,470,Railway Infrastructure,"Dipl.-Ing. H. Horstmann GmbH, founded in 1946, is a leading manufacturer in medium-voltage technology. Horstmann provides products and solutions for quick fault localization in the event of short circuits and lightning strikes, and for continuous monitoring and safety of traction current systems.",1012103
DIPOSTEL,France,SAINT AUNES,34130,Hall 22,710,Railway Infrastructure,"DIPOSTEL is a global leader in wheel/rail interface solutions, providing innovative products and services to control friction while reducing costs, and enhancing rail performance and safety for transit and freight networks worldwide.",1012106
DIRAK GmbH,Germany,Ennepetal,58256,Hall 3.1,740,Interiors,"DIRAK has been developing, producing and marketing mechanical and mechatronic latching and hinging solutions since 1991, purposefully focusing on forward-looking technology. With headquarters in Ennepetal, Germany, the company designs trailblazing products that are tailor-made to different applic...",1012113
DIRINLER SANAYİ MAKİNALARI ENDÜSTRİ VE TİCARET A.Ş.,Türkiye,ÇİĞLİ,35620,Hall 23,810,Railway Technology,,1012126
dispo-Tf Rail GmbH,Germany,Berlin,12681,"CityCube, Hall A",230,Railway Technology,"As a private railway company, we have driven progress for over 12 years, placing skilled professionals, managing transport operations in Germany and internationally (e.g., Austria), and training new industry professionals since 2022.",1012178
"DITECFER Distretto per le Tecnologie Ferroviarie, l'Alta Velocità e la Sicurezza delle Reti S.c.ar.l",Italy,Pistoia,51100,Hall 9,700,Railway Technology,"DITECFER // HOME OF INNOVATIONS

Displaying ""World Innovations"" also this year, DITECFER is the place in Italy where innovations grow and reach the market, to improve the railway system.

Established as consortium in 2014, DITECFER represents a complete and integrated value chain in the railway...",1012193
DIV GROUP LTD,Croatia,SAMOBOR,10430,Hall 26,775,Railway Infrastructure,We want to be the partner of first choice for demanding product solutions in metal processing. We challenge ourselves by setting our standards high in all aspects of our business.,1012203
Divyesh Brothers,India,Mumbai,400004,Hall 1.2,105,Railway Technology,"DB Rail Products has its establishment in the railway industry since 2006 and specialises in providing high quality products based upon the customer`s standards and specifications.

DB Rail Products under the MAKE IN INDIA initiative led by the Prime Minister Narendra Modi ji  introduces all high q…",1012218
DJ SYSTEMS s.r.o.,Slovakia,Komárno,94501,Hall 10.1,230,Railway Infrastructure,,1227550
DKS GmbH,Germany,Köln,50739,Hall 4.1,660,Public Transport,"Die DKS Dienstleistungsgesellschaft für Kommunikationsanlagen des Stadt- und Regionalverkehrs mbH ist seit 1993 Dienstleistungspartner im Bereich ÖPNV. Die DKS GmbH ist entstanden als Tochtergesellschaft der Häfen und Güterverkehr Köln AG, Kölner Verkehrs-Betriebe AG, Siemens Mobility GmbH.",1012230
DMA S.R.L. – A Socio Unico,Italy,Torino (TO),10153,Hall 26,270,Railway Technology,"We are the global leader in solutionsDMA is the global leader in solutions for railway infrastructure monitoring and diagnostics.

DMA offers both Trainborne and Wayside Train Monitoring solutions including contactless measurement technologies for railway infrastructure monitoring and diagnostics",1012245
DMC Europe GmbH,Germany,Oberursel (Taunus),61440,Hall 11.1,450,Railway Technology,"For over 75 years, DMC has been the trusted provider of tooling and technology for mission-critical electrical systems all over the world.",1026795
DNH GmbH,Germany,Hamburg,22041,Hall 4.1,820,Public Transport,"DNH manufactures one of the world's largest ranges of loudspeakers for industrial and commercial applications. Since the company was formed in 1946, DNH has been renowned as a supplier of high quality products for varied applications and projects world-wide. The range has been developed into a co...",1012272
DNIPRO RAILWAY SWITCH PLANT,Ukraine,Dnipro,49098,Hall 4.2,410,Railway Infrastructure,"Complete railway turnout solutions—from design and steel casting to finished products. 
Over 100 years of manufacturing expertise for rail infrastructure worldwide.",1211701
DNV,Norway,Høvik,1363,"CityCube, Hall A",250,Railway Technology,"Driven by its purpose, to safeguard life, property, and the environment, DNV helps its customers seize opportunities and tackle the risks arising from global transformations.",1012276
DOGA,Spain,Abrera,08630,Hall 6.2,410,Railway Technology,"Windshield wiper systems supplier of the main players in rail market complying all specifications, and working in the IRIS 3.Providing RAMS, LCC, UNIFE documents, EN45545, EN15085.
Electric DC motor manufacturer for doors & ramps, high modularity.
Stainless steel tanks. Certified for railway market.",1012300
DOLD AG,Switzerland,Wallisellen,8304,Hall 8.2,450,Railway Technology,"Dold AG is a leading Swiss supplier of high-quality, ecological coating systems for surface finishing. Its extensive range of paint and lacquer systems, decades of experience and innovative research guarantee the highest quality and reliability.",1012316
Dolphin Manufacturing LLC,United Arab Emirates,Ajman,20678,Hall 18,560,Railway Technology,"With nearly 40 years of engineering expertise, Dolphin Manufacturing delivers high-performance thermal and energy management solutions to OEMs and aftermarket partners across 85+ countries, covering automotive, off-highway, rail, marine, HVAC-R, and e-mobility industries.",1012329
Doppelmayr Seilbahnen GmbH,Austria,Wolfurt,6922,Hall 2.2,400,Public Transport,"The quality, technology and market leader in ropeway engineering.",1012422
dormakaba Deutschland GmbH,Germany,Ennepetal,58256,Hall 8.1,435,Interiors,"dormakaba stands for robust, patent-protected high-security key and locking cylinder systems. We offer industrial locking and security solutions for rolling stock and trackside infrastructure as well as access management products for railroad stations, depots, public areas and corporate offices.",1012435
dotspot.IT Service GmbH,Austria,Perchtoldsdorf,2380,Hall 21,350,Railway Technology,,1012463
Dowaldwerke GmbH,Germany,Dippoldiswalde,01744,Hall 1.1,470,Interiors,For more than 100 years Dowaldwerke is partner for the well-known European railway manufacturers and their sub-suppliers. All our roducts have a long tradition and have been developed further in line with the technical progress.,1012485
Downer,Australia,Melbourne,3000,Hall 2.2,450,World Innovations; Railway Technology; AI; Career Point,"We are a leading provider of rollingstock asset management services in Australia, with expertise in delivering whole-of-life asset management support to our customers. With a proud heritage, we’re excited to go global with our innovative engineering and digital services.",1012486
DPB Rail Infra Service GmbH,Austria,Frauental,8523,"CityCube, Hall A",710,Railway Infrastructure,"The training of ""SiPo"" at DPB GmbH already began in 2010. Subsequently on November 1, 2013, DPB Rail Infra Service GmbH was founded as an independent company and is now a certified railway transport company with various fields of activity in the railway sector.",1012497
DPB Rail Technical Service GmbH,Austria,Krieglach,8670,"CityCube, Hall A",710,Railway Infrastructure,"The company's focus is on maintenance and repair work on rail vehicles and their components in accordance with ECM guidelines. In addition, mobile maintenance work and retrofitting of subcomponents can be carried out.",1209501
DPIA,France,Valence,26000,Hall 9,450,Railway Technology,"As a manufacturer of leaf springs for last 40 years, DPIA Colaert produces traditional leaf springs, multi-leaves springs, parabolic leaf springs, and suspension arms. By taking over the business of COLAERT FRANCE at the end of 2009, DPIA confirmed its desire to remain the French reference for re...",1012498
Dr. D. Wehrhahn Meßsysteme für die Qualitätssicherung e.K.,Germany,Hannover,30173,Hall 23,900,Railway Technology,"Since 30 years, Dr. D. Wehrhahn Meßtechnik für die Qualitätssicherung delivers measurement solutions from single sensor up to a complete measuring system for measuring tasks in all areas of the railway industry. Dr. Dirk Wehrhahn founded the sole trade in 1994 and now his agencies acts worldwid...",1012506
Dr. Graband & Partner GmbH,Germany,Braunschweig,38104,"CityCube, Hall A",305,Railway Infrastructure,"The Dr. GRABAND & PARTNER GmbH is one of the leading service companies in the field of functional safety for transport and automation systems.

With a highly-qualified team of over 100 experts we provide a wide range of services in different disciplines for technical and operational challenges ...",1012508
Dr. M. Coskun Consulting GmbH,Germany,Stuttgart,70372,Hall 6.1,375,Railway Infrastructure,,1012510
Dr. techn. Josef Zelisko  Fabrik für Elektrontechnik und Maschinenbau Gesellschaft m.b.H,Austria,Mödling,2340,Hall 2.1,550,Public Transport,"Traffic management systems

Transport companies and transport associations need automated, easy-to-use IT solutions to satisfy passengers. Zelisko’s modern traffic management solutions bring together dozens of different elements in order to archive the highest possible user friendliness.",1227453
DR.SCHNELL GmbH & Co. KGaA,Germany,München,80807,Hall 6.2,405,World Innovations; Railway Infrastructure,"DR.SCHNELL is your reliable full-service provider for all aspects of transportation services. From interior and exterior cleaning to graffiti removal, workshop services, and maintenance: we offer tailored product solutions, expert consulting, and personalized service.",1012526
Dragonwood Rail,Netherlands,Vleuten,3452EH,Hall 5.2,175,Railway Infrastructure,"Sustainable sleepers. Proven performance. Lower CO₂.
Dragonwood Rail develops bamboo composite railway sleepers that offer a durable, high-performance and circular alternative to traditional materials for rail infrastructure.",1221091
DRAIVE GmbH,Germany,Chemnitz,09130,Hall 7.1a,245,AI Mobility Lab; Railway Technology,DRAIVE GmbH is a German startup building data- and information fusion systems. It provides reliable software building blocks for highly available and certifiably safe localization and mapping in GNSS hostile environments.,1012539
Drees & Sommer SE,Germany,Stuttgart,70569,Hall 5.2,132,Railway Infrastructure,"Drees & Sommer: Uniting opposites to create a world we want to live in.
Drees & Sommer is a partner-managed, global consulting company providing a single source of consultation and implementation services for the real estate, industrial, energy and infrastructure sectors.",1012563
Dresden-IT GmbH,Germany,Dresden,01129,Hall 7.2b,100,Public Transport,urbic® - The tool for high-quality urban transport and successful quality management of traffic light systems.,1220180
Driescher Energy Solutions GmbH,Germany,Moosburg,85368,Hall 25,650,Railway Infrastructure,"The electrical engineering company DRIESCHER is a well-established yet innovative medium-sized corporate group in the field of energy and railway technology, with global markets and around 500 employees, with locations in Moosburg and Eisleben as well as in the Czech Republic",1013749
Dromos Srl,Italy,Valsamoggia,40053,Hall 20,210,Railway Technology,"Dromos, a well experienced and reliable partner in engineering and manufacturing of railway gearboxes for track maintenance vehicles.",1012595
DRS Alliance,Austria,Wien,1020 Wien,Hall 26,150,Railway Infrastructure,"14 companies. One shared mission. The DRS Alliance combines digital technology and services, proven expertise, and automation to improve the safety, efficiency, and capacity of railway infrastructure – worldwide.[",1212386
DS Digitale Streckenkunde UG,Germany,Mannheim,68161,"CityCube, Hall B",200,Railway Infrastructure,"Digital training and information solutions for railway companies, including Digital Route Knowledge and Digital Rolling Stock Knowledge.",1227132
DSG-Canusa GmbH,Germany,Rheinbach,53359,Hall 8.1,345,Railway Infrastructure,"DSG-Canusa has been developing and producing high-quality heat-shrink tubing for more than 50 years. Our growing portfolio of heat-shrink products includes thin-, medium- and heavy wall products as well as a full range of technically advanced shrink appliances.",1012627
DSLAB YAZILIM ANONIM SIRKETI,Türkiye,KOCAELI,41400,Hall 7.1b,320,Railway Technology,,1226566
DSP Nederland BV,Netherlands,Tilburg,5048AC,Hall 18,320,Railway Infrastructure,"DSP Netherlands BV, founded in 2001, is a vastly growing and dynamic company with 50 well trained employees and more than 25 years’ experience in Railway applications. DSP is well known for its flexibility and capability to deliver a 24/7 service within the Netherlands and abroad.",1012630
"DSRailTech, a.s.",Czechia,Praha,110 00,Hall 23,415,Railway Infrastructure,DSRailTech solutions deliver more reliable results compared to existing solutions as well as a broader range of metrics and rail coverage with a single system. Our misson is to significantly improve safety in the railways saving lives and costs.,1012633
DST-CHEMICALS A/S,Denmark,Kolding,6000,Hall 6.2,440,Railway Technology,"DST-CHEMICALS: tough on grease, gentle on everything else. We provide water-based cleaning, degreasing and rust removal for metal parts. For rail maintenance cleaning; we are your expert.",1226846
"DT - Vyhybkarna a strojirna, a.s.",Czechia,Prostejov,79601,Hall 25,287,Railway Infrastructure,"Turnout trackwork research and development, manufacture, assembly, service and regeneration for different purposes:





	
• 
		railway corridors (high speed tracks including),
	
• 
		underground and commuting tracks,
	
• 
		industrial sidings,
	
• 
		mine and field railways,
	
• 
		e...",1012646
DTEC GmbH,Germany,Rosbach,61191,Hall 21,600,Railway Technology,"DTEC GmbH is an international integrator with specialized teams in railway marketing, R&D, production, and engineering. In Germany we have workshops for manufacture and testing, where we combine advanced technology with rich railway experience to provide customized solution.",1012637
DTSis,Türkiye,İstanbul,34320,Hall 2.1,645,Public Transport,Engineering High-Reliability Mobility Systems for Smarter Transit Networks,1215761
Dual Inventive Holding BV - The inventive GROUP,Netherlands,Oisterwijk,5061 KG,Outdoor Display,O/362,Railway Infrastructure; Outdoor Display,"Dual Inventive Holding - The inventive GROUP

Our companies are recognized in the critical industries for driving digital growth and adoption in support of our mission for a safe and secure future. 

AnyWare BV 
Dual Inventive 
Core Vision",1012653
DUBUIS SAS,France,VILLEBAROU,41000,Hall 26,297,Railway Infrastructure,"DUBUIS: A leading manufacturer specializing in a wide range of tools for cutting, crimping and grounding applications. For more than 35 years, we have been developing innovative products for the railway industry, and especially a wide range of cordless tools.",1012666
Duisburger Lokservice GmbH,Germany,Duisburg,47058,Hall 2.2,410,Railway Technology,,1223729
duisport rail GmbH,Germany,Duisburg,47058,Hall 2.2,410,Railway Infrastructure,öffentliches Eisenbahnverkehrsunternehmen im Güterverkehr,1208959
Duragon systems Oy,Finland,Espoo,02170,Hall 6.1,240,Railway Technology,,1227615
DUREL GmbH,Germany,Neitersen,57638,Hall 9,642,Railway Technology,"DUREL® brand name stands for excellence in high performance polymer spring systems, proven and reliable spring components for draw gears, buffers, draft gears and coupling systems that are used in rail vehicles, engineering and industrial applications worldwide.",1012706
Duro Dakovic,Croatia,Slavonski Brod,35000,Hall 4.2,200,Railway Technology,"Đuro Đaković Special vehicles plc. is engaged in the production of specialized purpose wagons, maintenance of armored vehicles, and machines for humanitarian demining.",1012710
"Duvonn Electronic Technology CO., LTD",China,Nanjing,210051,Hall 15.1,115,Railway Technology,"Established in 2013, Duvonn is national high-tech enterprise engaged in R&D, manufacturing and marketing of on-board recording products (Crash Protected Memory Module & Vehicle Black Box). Reference standards are IEC 62625, IEEE 1482.1, U.S 49.229，etc. Invention patents have been granted internation",1227158
DUVROO,South Korea,Gangwon-Do.,24461,Hall 6.2,135,Railway Technology,"""Creating environments Air, water, surface free from bacteria and viruses — through the power of UVC 275nm LED.""",1223861
DVA Deutsche Verkehrs-Assekuranz-Vermittlungs-GmbH,Germany,Bad Homburg,61348,"CityCube, Hall A",525,Railway Infrastructure,"Specialized industrial insurance broker with a focus on transport, infrastructure, and complex risks: DVA develops customized insurance solutions, provides comprehensive advice, and reliably supports its clients from risk analysis through to claims management.",1012749
DVS ZERT GmbH,Germany,Halle (Saale),06118,"CityCube, Hall A",700,Railway Technology,,1012755
DXC Technology,Germany,Eschborn,65760,Hall 6.1,270,Railway Technology,"DXC helps companies modernize, protect and operate complex IT environments – with enterprise technology, AI expertise and industry-specific solutions that drive sustainable innovation.",1218848
DYSTEN SP. Z O.O.,Poland,Zabrze,41-800,Hall 2.1,118,Public Transport,"DYSTEN designs, creates, delivers and installs Passenger Information Displays for Intelligent Transportation Systems.
Company produces passenger information displays in LCD TFT, LED, LED RGB and e-paper technologies.",1012778
Dürr Technik GmbH & Co.KG,Germany,Bietigheim-Bissingen,74321,Hall 1.2,680,Railway Technology,"Oil-free compressors for main and auxiliary air systems in rail vehicles. With more than 200 customers across 35 countries, Dürr Technik is a trusted global specialist for reliable railway compressed air solutions.",1012713
e-loco GmbH / DRO Deutsche Rail Operations GmbH,Germany,Berlin,10829,"CityCube, Hall B",220,Railway Technology,"DRO stands for safe, flexible and cost-effective rail transport. With many years of operational and consulting expertise, we optimize rail systems holistically—from strategy and operations to innovative solutions such as the battery conversion of diesel shunting locomotives.",1226080
E-T-A Elektrotechnische Apparate GmbH,Germany,Altdorf,90518,Hall 6.1,510,Railway Infrastructure,About E-T-A Elektrotechnische Apparate GmbH,1014385
E.P.S. Germany GmbH,Germany,"Bad Blankenburg, Germany",07422,Hall 5.2,432,World Innovations; Railway Infrastructure,"Our voltage limiting devices provide critical protection for sensitive railway electronics, safeguarding against voltage spikes and transients that can cause injuries and failures. Our sensor units deliver IoT based online monitoring capabilities and stray current monitoring.",1220369
E.Schoepf GmbH,Germany,Stammbach,95236,Hall 1.1,680,Interiors,,1208962
EAO Group,Switzerland,Olten,4600,Hall 27,750,Railway Technology; World Innovations,"EAO AG, a Swiss, family-owned company founded in 1947, is one of the world's leading manufacturers of high-quality actuators and indicators, sophisticated control elements, and complete HMI control units and HMI Systems. With a total of 600 employees and production sites in Switzerland, China, Ge...",1012810
EASIER,France,Suresnes,92150,Hall 2.1,850,Public Transport,"EASIER provides self-service and access control solutions for public transport and airports. Our portfolio includes ticketing systems, printers, access gates, check-in kiosks and self bag drop units, designed to enhance efficiency and streamline passenger journeys worldwide.",1220512
East Japan Railway Company (JR EAST),Japan,",Shibuya-ku, Tokyo",151-8578,Hall 7.2a,100,Public Transport,"JR East is Japan’s leading railway operator, integrating transport with lifestyle services across eastern Japan. At InnoTrans, we showcase our specialized expertise in station facilities, Transit-Oriented Development, electrical upgrades, structural design, and disaster prevention.",1012841
Easydur Srl,Italy,Arcisate,21051,Hall 23,710,Railway Technology,"WE HAVE BEEN MEASURING EXCELLENCE PROFESSIONALLY AND WITH PASSION SINCE 1985.

Easydur is a company with a global presence, who loves challenges based on high technology.

We produce testing and metrology instruments that ensure maximum precision and reliability, according to ISO 9001 and ISO 14001.",1012866
Eaton,France,Versailles,78000,Hall 12,170,Railway Technology,"Eaton is a world leader in high-performance interconnect technologies designed for harsh environments and critical applications. Our portfolio of connectors, backshells, wire protection, cable assemblies and contacts provide a complete interconnect solution.",1012875
ebblo,Switzerland,Neuhausen,8212,Hall 2.1,435,Public Transport,"Future-proof ITCS solutions for intelligent, efficient, and sustainable public transport.",1041495
EBE Solutions GmbH (EBE Railway Systems),Austria,Wien,1220,Hall 25,280,Railway Infrastructure,,1225910
ebm-papst Mulfingen GmbH & Co. KG,Germany,Mulfingen,74673,Hall 3.1,380,Railway Technology,"The ebm-papst Group, a family-owned company in Mulfingen, Germany, is the world market leader in fans and drives. Founded in 1963, the technology leader with its core competences motor technology, electronics and aerodynamics, has set international market standards ever since. With over 20,000 pr...",1012895
EC Engineering sp. z o.o.,Poland,Kraków,30-150,Hall 27,470,Railway Technology,"As a globally recognized engineering company, we specialize in the development of rolling stock. Our R&D center excels in delivering ""Turn Key"" rail vehicle projects, We produce rolling stock components like pantograph, vacuum toilets modules, wiper systems and more.",1012901
Echion Technologies,United Kingdom,Sawston,CB22 3FG,Hall 2.2,460,Railway Technology,"Industrial electrification, fully realised. XNO® is the world's leading niobium anode, delivering unmatched power, life, and safety in one battery. Built for industrial duty cycles that defeat conventional Li-ion",1226519
Eco-Point International,Netherlands,Halsteren,4661 PZ,Hall 6.2,455,Public Transport,"Eco-Point provides effective cleaning solutions for the rail sector. We support the cleaning of trains and infrastructure, including graffiti-related challenges, with solutions that are safe for people and the environment and perform reliably.",1225784
Ecoearth Solutions pvt ltd,India,Mumbai,400076,Hall 5.1,202,Interiors,,1222682
eCon Engineering Kft.,Hungary,Budapest,1116,Hall 11.2,200,Railway Technology,"Econ Engineering provides advanced engineering simulation solutions for the railway industry from concept to validation, including structural, crashworthiness, vibration, thermal, CFD, electromagnetic and system-level analyses, backed by 80+ engineers and 20+ years of experience.",1012967
EcoUrba SA de CV,Mexico,Tlalnepantla de Baz,54054,"CityCube, Hall A",537,Railway Infrastructure,"A network formed by Private Initiative, Government, Organized Civil Society, Academia, and International Cooperation. Its objective is to promote innovation and technological development in Mexico's railway sector. Its actors are an essential part of country`s railway transportation.",1206464
Eddyfi Technologies,Canada,Quebec,G1P 0B3,Hall 23,510,Railway Technology,"With the most advanced NDT technologies in the world, we are helping OEMs, asset owners, and service companies enhance productivity, save lives, and protect the environment.",1210448
Edelsegger Metals GmbH,Austria,Ybbsitz,3341,Hall 5.1,100,Interiors,"Metal is our passion and its processing is our core competence.

Since its foundation in 1934, Edelsegger Metals has developed over four generations from a metalworking company to an international leader in metal processing technology for steel, stainless steel and aluminium.",1211449
EDIH MID GERMANY,Germany,Weimar,99423,Hall 2.1,320,Public Transport,,1227364
edilon)(sedra bv,Netherlands,Nieuw-Vennep,2153 GM,Hall 25,310,Railway Infrastructure,"Rail fastening and isolation systems with end-to-end engineering support, from design through to installation, for heavy & high-speed rail, metro, tram & light rail, and industrial & crane applications.",1013428
Edmund Brand  Federnfabrik Inh. Dietmar Gebhard,Germany,Hagen,58091,Hall 9,541,Railway Technology,,1013442
Efacec,Portugal,Maia,4471-907,Hall 4.1,815,Public Transport,"Efacec develops and supplies turnkey solutions focused in four main areas: Traction Power, Rail Safety, Operations Management and Operational Control Centre solutions, with a high range of competences, in-house products and services which enable the sustainable growth of the business.",1013457
Efftronics Systems Pvt ltd,India,"Mangalagiri, Guntur",522503,Hall 27,501,Railway Infrastructure,"Efftronics Systems Pvt. Ltd. provides end-to-end IoT solutions provider using cutting-edge technologies like IoT, Mobile, Cloud, AI, and Digital Twin for Railways. Efftronics indigenously developed 70+ innovation solutions in last three decades.",1013470
EFG Tietek LLC,United States of America,Mesa,85207,Hall 21,265,Railway Infrastructure,,1219363
EGEMET DÖVME SAN. VE TİC. LTD.ŞTİ,Türkiye,IZMIR,35170,Hall 8.1,260,Railway Technology,Powered by Fire,1013486
Egis,France,Paris,75015,Hall 5.2,355,Railway Infrastructure,"Egis is a leading global architectural, consulting, construction engineering, operations and mobility services firm. We create and operate intelligent infrastructure and buildings that both respond to the climate emergency and contribute to balanced, sustainable and resilient development.",1013494
EGSTON System Electronics Eggenburg GmbH,Austria,Eggenburg,3730,Hall 14.1,110,Railway Technology,,1224047
EIFFAGE,France,Vélizy-Villacoublay,78140,Hall 5.2,370,Railway Infrastructure,"Through its brands Eiffage Rail and Eiffage Energie Systèmes, our teams work in France and internationally to design, build, maintain and manage, in partnership with our clients, safe and efficient rail infrastructure, connecting regions in a sustainable manner and facilitating mobility.",1013551
EISENBAHN-CERT beim Eisenbahn-Bundesamt,Germany,Bonn,53175,"CityCube, Hall A",510,Railway Infrastructure,"EISENBAHN-CERT is a certification- and inspection-body for complex railway systems and constituents.

EISENBAHN-CERT is accredited as „Notified Body Interoperability” (identification number of European Commission: 0893) and an autonomous organisation under public law. It is a financially and le...",1013582
Eisenbahnneubaustrecke Dresden-Prag EVTZ,Germany,Dresden,01097,Hall 7.2b,100,Railway Infrastructure,"The New Railway Line Dresden-Prague EGTC is a czech-saxon platform supporting the project. Activities are concentrated on technical support requested by the investors, political actions propagating the project an public work in the region.",1210148
Eisenwerk Arnstadt GmbH,Germany,Arnstadt,99310,Hall 7.2c,230,Railway Technology,Our sophisticated cast products are manufactured in accordance with the strictest guidelines and short processing times by our well-trained and flexible specialist staff. We utilise modern facilities that meet the latest technological standards.,1013584
EKA DOOEL Skopje,North Macedonia,Skopje,1000,Hall 1.2,625,Public Transport,"Advanced Rail Maintenance Solutions
We specialize in developing state-of-the-art test benches for railway wagon braking systems. Our expertise combines advanced mechanical engineering, precision measurement technology, and deep industry knowledge to create solutions that meet your needs.",1221488
EKE-Electronics Ltd.,Finland,Espoo,02240,Hall 27,471,Railway Technology,"Looking for a flexible and secure TCMS platform? EKE-Electronics provides train automation systems, data communication solutions, cybersecurity, and safety applications for rolling stock. Meet our experts at InnoTrans and discover how we can support your next train project.",1013601
EKF Elektronik GmbH,Germany,Hamm,59065,Hall 4.1,565,Railway Technology,"Founded in 1972, EKF Elektronik started already end of the seventies with development and manufacturing of industrial microcomputers. From 1985 a VMEbus product with 16/32 bit technology line was established. Since 1998 EKF Elektronik product range is growing by the Industrial PC product line bas...",1013602
EKNES RAIL,Norway,Eikangervåg,5913,Hall 5.1,240,Interiors,"The art of high-end travel. Eknes seats since 1952.
Premium passenger flat bed seats. More capacity. Better economics. Tailored fit and design. A new way to travel by rail.",1017275
EKO-TECH Sp. z o.o. Sp. k.,Poland,Kalety,42-660,Hall 10.1,300,Railway Technology,"EKO-TECH delivers tailor-made converting solutions for rail, bus, tram and mobility applications: die-cut adhesive parts, foams, insulation, sealing, protection and fastening solutions based on materials from leading global partners.",1013621
EKOM-AIR GmbH,Germany,Ahrensburg,22926,Hall 1.2,195,Railway Technology,"EKOM looks back on more than 20 years experience and a successful and innovative development of the own compressor technology.



Due to consistent utilization of oil free technology on our compressors we provide an eco-sensitive, economic and technical well engineered solution to the user, e...",1013616
EKOSLIDE s.r.o.,Czechia,Praha 1 - Staré Město,110 00,Hall 23,300,Railway Infrastructure,"EKOSLIDE – Switch roller system for railways, no need for slide plate lubrication",1013620
El-Cab Sp. z o.o.,Poland,Owińska,62-005,Hall 11.2,245,Railway Technology,,1225929
ELAG Elektronik AG,Switzerland,Winterthur,8409,Hall 23,355,Railway Infrastructure,"ELAG has been developing and supplying OPTIMESS laser sensors and measurement systems since 1983, adhering to the highest quality standards. From individual sensors to bespoke turnkey solutions – our sensor specialists are on hand to assist you with any challenge.",1013680
ELANRAIL,France,Orvault,44700,Hall 5.2,365,Railway Infrastructure; World Innovations,"Blue Sentinel is a dynamic wildlife collision prevention system with alert beacons installed lineside. Using intelligent detection and brief, targeted audio and light signals, it deters wildlife from the track only as a train passes, without harming animals and without disrupting rail operations.",1220379
ELASKON Sachsen GmbH & Co. KG für Spezialschmierstoffe,Germany,Dresden,01237,Hall 7.2b,100,Railway Infrastructure,"ELASKON is versatile.

Thanks to our broad product range, we offer the right specialty lubricant for almost any application and thus decisively contribute to maintaining the value and efficiency of your application.",1220271
Elcowire Rail GmbH,Germany,Hettstedt,06333,Hall 22,310,Railway Infrastructure,"Elcowire delivers proven conductors for the reliable energy supply through overhead contact lines. In addition to our standard material, we offer customized solutions to save energy, to increase wear resistance and to stand an extended life cycle. Our contact wires, catenary wires and dropper wi...",1013697
ELECTRIFICACIÓN Y ESTUDIOS FERROVIARIOS S.L. (e2f),Spain,Albacete,02002,Hall 22,700,World Innovations; Railway Infrastructure,"Electrificación y Estudios Ferroviarios S.L. (E2F) is an engineering firm specializing in the railway sector, with extensive experience in studies, design, construction supervision, and technical consulting for catenary systems, traction substations, and railway electrification.",1225195
Electris Sp. z o.o. Sp.k.,Poland,Maków Podhalański,34-220,Hall 11.2,245,Railway Technology,,1225933
Electro Adda S.p.A,Italy,Brivio LC,23883,Hall 20,150,Railway Technology,"Founded in 1948, Electro Adda remains a family-owned business, even after more than 75 years of experience in the development and manufacture of low-voltage motors and generators. Our motors are manufactured in Italy.",1225173
ELECTROHMS PRIVATE LIMITED,India,BENGALURU,560022,Hall 11.1,125,Railway Technology,"Electrohms is a leading designer and manufacturer of current and voltage sensor solutions for RAILWAYS , EVs , Industrial applications. Renewables etc.
 With a wide range of standard components and custom design, we deliver on innovation, quality, and service to our customers worldwide.",1013716
ELECTRONICON Kondensatoren GmbH,Germany,Gera,07549,Hall 7.2c,230,Railway Technology,"Germany’s leading capacitor maker offers power electronics, traction, green energy. Unique solutions and rapid delivery thanks to own film metallization.",1013721
ELECTROPUTERE VFU PASCANI SA,Romania,Pascani,705200,Hall 6.2,710,Railway Technology,,1210153
Electrosistemas Bach s.a.,Spain,Santa Perpetua de Mogoda,08130,Hall 27,581,Railway Technology; World Innovations,"Electrans is leading innovation in the railway industry since 1977.Electrans stands out for developing its own product line, always being at the technology forefront, sustaining its competitive advantage in the capacity to be responsive to the needs of each customer.Our long and successful ca...",1013725
ELEKON,Czechia,Vyskov,68201,Hall 2.1,830,Public Transport,"We are your reliable partner for timekeeping devices and passenger information systems, with over 30 years on the market. Our professional team offers a personalized approach, consultancy, and service. Our products meet the highest quality standards and set the direction for future development.",1013731
Elektra GmbH,Italy,Kaltern,39052,Hall 14.1,220,World Innovations; Railway Technology,"Innovation and quality in the production of DC/DC converters.
For over 40 years, synonymous with excellence in electronics technology with high quality and flexible solutions.",1013733
Elektrizace železnic Praha a.s.,Czechia,Praha 4,14000,Hall 25,125,Railway Infrastructure,"The company specializes in the design, manufacture and installation of overhead contact systems for railway, tram and trolleybus transport, the delivery of electrical and lighting equipment, transformer stations, distribution points and traction substations.",1013737
Elektroline Inc.,Czechia,Prague,184 00,Hall 22,250,Railway Infrastructure,"The company Elektroline designs, produces, supplies, installs and maintains the whole assortment of necessary armatures, of tram OCL, signaling, way-side systems, switch point machines, trolleybus switches, railway OCL and technlogies and many more.",1013743
Elemaster S.p.A. Tecnologie Elettroniche,Italy,Lomagna (LC),23871,Hall 27,300,Railway Technology,"Over the last 50 years Elemaster has distinguished itself in the market as a Mechatronics service provider, offering Design and Manufacturing services for high-tech electronic equipment, covering the entire life cycle of electronic products. First EMS in Europe by turnover within rail sector.",1013752
ELERON POWER,Italy,ANDEZENO,10020,Hall 9,200,Railway Technology,"Eleron Power has been operating since 1956 in the electromechanical field of high, medium and low voltage.
Nowadays the core business is focused on disconnectors for Power Distribution, disconnectors for Railway and rolling stock application.",1013764
Elettromar SPA,Italy,Follonica,58022,Hall 17,110,Railway Technology,"Electric engineering for industrial automation, control systems and turnkey project delivery",1013766
Elettromil srl,Italy,Castiglione del Lago – Perugia,06060,Hall 11.1,235,Railway Technology,"Elettromil, HQ in Perugia, Italy, producer of transformer and chokes in LV and MV up to 11kV and few MVAs. . For metros, trains and high speed trains we deliver filter chokes, air core inductors and transformers for auxiliary. Besides that we supply substation limiting inductors and impedance bonds",1207969
ELH Eisenbahnlaufwerke Halle GmbH,Germany,Landsberg,06188,Hall 20,240,Railway Technology,"Managing Director: Mr. Sascha Wagner

We have a staff of some 100 personal with a production capacity of over 3,500 bogies per year.

Our product range includes:
 
• single axle ELH1 running gear 
• low noise and track friendly 25 t axle load RC25NT bogies 
• two-axle freight bogies, Y25, Y...",1013778
elke Technik Wärme- und Verbindungssysteme GmbH,Germany,Ellwangen,73479,Hall 5.1,365,Interiors,"Electrical heating technology for modern rail vehicles
Individual floor heating systems in entrances, passenger compartments, the driver‘s cab, as well as heaters with perfect fit for pipes, valves, tanks and equipment. Efficient and precisely tailored—frost protection, safety, and comfort!",1220307
ELL Germany GmbH,Germany,Gräfelfing,82166,"CityCube, Hall A",210,Career Point; Public Transport,The European Locomotive Leasing Group was founded in 2014 and leases electric locomotives for European corridors as part of its single asset strategy.,1013822
Elma Electronic AG,Switzerland,Wetzikon,8620,Hall 2.2,250,Railway Technology,,1135868
ELMESY s.r.o.,Czechia,Brno,61900,Hall 3.1,630,Interiors,"Czech manufacturer of door systems for rail vehicles, producing control units and other components for door systems.",1013838
Elpro GmbH,Germany,Berlin,13053,Hall 21.e; Hall 22,370; 20,Railway Infrastructure; RecruitingLAB,"We are a growth-oriented, commercially and technologically independent group of companies.We plan, build and supply control and electrical systems for the sectors energy, natural gas, water, mining, cement and transportation. Decades of experience and our highly motivated staff have made us one...",1013850
ELSIT Sp. z o.o.,Poland,Gliwice,44-100,Hall 17,410,Railway Technology,"For more than 30 years, ELSIT has been developing and manufacturing magnetic components and custom winding solutions. As part of the MTM Power Group, the company serves as a technology and manufacturing partner for industrial and railway applications.",1225570
Elsitel Elektromekanik Insaat Proje Ticaret ve Sanayi A.S.,Türkiye,"Cankaya, Ankara",06810,Hall 27,320,Railway Infrastructure,"Elsitel is established in 2009 in Ankara to produce and implement solutions for Signaling, Electrification and Communication systems in the Transportation sector, and has been awarded with many local rail system projects as well as international ones.",1013859
ELTOM TOMASZ CISAK,Poland,Lębork,84-300,Hall 11.1,345,Railway Technology,"We are proud to have earned a reputation as a trusted and reliable supplier of equipment for railways, including switch disconnectors, earthing switches, and motor drives. All of our products have been rigorously tested and hold necessary certificates issued by scientific and technical institutions.",1013869
ELV PRODUKT a.s.,Slovakia,Senec,903 12,Hall 25,175,Railway Infrastructure,"ELV PRODUKT Inc. is the biggest Slovak producer of steel and concrete poles for traction (catenary), lighting, power distribution, signalization, telecom and other purposes.",1013873
emagine GmbH,Germany,Berlin,10781,"CityCube, Hall B",220,Railway Technology,,1227424
Emanuel Srl,Italy,Anzola dell'Emilia (BO),40011,Hall 6.2,820,Railway Technology,"Emanuel was established in 1899 as a manufacturer of equipment for car work-shops within the new-born automotive industry. In over a century of history, the company has specialized in building lifting systems for industrial vehicles, finally also catering for the railway sector. Its ability to cr...",1013883
Emas Demir Celik San Dis Tic Ltd. Sti.,Türkiye,Karabük,78100,Hall 26,770,Railway Infrastructure,"The family firm EMAS, founded in 1968, has systematically grown in recent years from being a supplier of structural steels of all types to become a provider for Turkish railway and city rail systems. We ourselves produce the products we supply and monitor the parts of production provided for us b...",1013886
Emch+Berger AG Bern,Switzerland,Bern,3008,Hall 5.2,880,Railway Infrastructure,The main activities of the Railway Systems department of Emch+Berger AG Bern include demanding projects in the field of public transport for both infrastructure and vehicle projects.,1013899
Emch+Berger Gruppe Deutschland,Germany,Berlin,10963,Hall 5.2,880,Railway Infrastructure,"𝖶𝖾 𝗉𝗅𝖺𝗇, 𝖼𝗈𝗇𝗍𝗋𝗈𝗅 𝖺𝗇𝖽 𝗆𝗈𝗇𝗂𝗍𝗈𝗋 𝗒𝗈𝗎𝗋 𝖼𝗈𝗆𝗉𝗅𝖾𝗑 𝗍𝗋𝖺𝖿𝖿𝗂𝖼 𝗂𝗇𝖿𝗋𝖺𝗌𝗍𝗋𝗎𝖼𝗍𝗎𝗋𝖾 𝖺𝗇𝖽 𝖼𝗈𝗇𝗌𝗍𝗋𝗎𝖼𝗍𝗂𝗈𝗇 𝗉𝗋𝗈𝗃𝖾𝖼𝗍𝗌 “𝖿𝗈𝖼𝗎𝗌𝗂𝗇𝗀 𝗍𝗁𝖾 𝗐𝗁𝗈𝗅𝖾 𝗂𝗌𝗌𝗎𝖾” 𝖺𝗌 𝖺𝗇 𝗂𝗇𝖽𝖾𝗉𝖾𝗇𝖽𝖾𝗇𝗍 𝖼𝗈𝗇𝗌𝗎𝗅𝗍𝗂𝗇𝗀 𝖿𝗂𝗋𝗆.",1013898
Emeg Group,United Kingdom,Chesterfield,S41 8NL,Hall 6.2,945,Railway Infrastructure,,1013903
EMES Holding GmbH,Germany,Amtsberg,09439,Hall 7.2b,200,Railway Technology,From development and prototype assembly to series production - everything from one hand.,1208989
Emil Erdmann GmbH,Germany,Hagen,58135,Hall 8.1,265,Railway Technology,"Since 1919, our company has been manufacturing forged parts for the rail industry—from raw blanks, heat treatment, machining, and painting to ready-to-install components. The close integration of our companies enables efficient processes and flexible solutions, from prototypes to series production.",1215713
EMKA Beschlagteile GmbH & Co KG,Germany,Velbert,42551,Hall 3.1,765,Interiors,"The EMKA GROUP is the world market leader for locking systems, hinges and gaskets, which are used in cabinets and control cabinets for electronics and electrical engineering.

In the areas air conditioning technology and transport, EMKA is one of the leading manufacturers of locking technology.",1013941
emost AG,Switzerland,Dietikon,8953,Hall 25,635,Railway Infrastructure,"emost AG is on a mission to redefine the energy landscape and envisions a world free from the CO2 emissions of diesel generators. Our mobile battery systems called Butler are noiseless, low-maintenance and emission-free alternatives.",1209180
Enable My Team,United Kingdom,London,SE10 0SS,Hall 5.2,435,Railway Technology,"Enable My Team (EMT) is a London-based engineering technology company transforming infrastructure delivery through data-first software. Its platform unifies and unlocks asset data, helping teams work smarter, reduce risk, and deliver complex projects with greater efficiency and insight.",1013985
Enekom Enerji Bilişim ve Mühendislik San. Tic. A.Ş.,Türkiye,Ankara,06378,Hall 7.1b,350,World Innovations; Railway Technology,Next-Generation Acoustic-Based Rail Break Detection and Monitoring System,1222891
Enetel Solutions d.o.o.,Serbia,Belgrade,11000,Hall 7.1a,275,AI Mobility Lab; Public Transport; World Innovations,"Tailor-made software for efficiency and transparency. With AVIS and EMIS, we deliver powerful solutions for complex, asset-intensive environments like railway systems—powered by real-time insights. Enetel Solutions, SAP Gold Partner.",1220408
engineerethics S.r.l.,Italy,Fiumicino (RM),00054,Hall 1.1,590,Interiors; Travel Catering & Comfort Services,"Customized catering solution through R&D, design and engineering.

Manufacturing of proof of concept as well as series products for the on board passenger service.

Open minded approach to our customers demands. lead our vision of this market with the aim to turn customer ideas into series prod...",1014033
"ENGRANAJES ESPECIALES, SAU (SPIROIDE)",Spain,SANT JOAN DE VILATORRADA (BARCELONA),08250,Hall 20,402,Railway Technology,Spiroide is a manufacture of: spiral bevel gears; spur & helical gears; We provide assesment of gear calculation and transmission optimization,1014042
ENON GmbH & CO.KG,Germany,Putlitz,16949,Outdoor Display,O5/65; T5/65,Outdoor Display; Public Transport,,1014066
Enotrac AG,Switzerland,Thun,3600,Hall 2.2,250,Railway Technology,Enotrac offers specialized engineering with focus on electrical and safety and solves technical and interdisciplinary challenges in the overall railway system.,1014070
ENSCO Rail,United States of America,Vienna,22180,Hall 25,520,Railway Infrastructure,"ENSCO Rail stands as a global leader in railway infrastructure inspection technology, extending its reach to serve governments and railways across more than 40 countries.",1014078
ENSYTEC GmbH,Germany,Haltern am See,45721,Hall 6.2,530,Railway Technology,,1225765
"Enterprise Business Group, Chunghwa Telecom Co., Ltd",Taiwan,Taipei City,106097,Hall 11.2,310,Railway Technology,,1227070
ENYSE,Spain,Alcobendas,28108,Hall 5.2,360,Railway Technology,,1220186
eos.uptrade GmbH,Germany,Hamburg,20357,Hall 27,230,Public Transport,"For 20 years, eos.uptrade has been the market leader for online sales systems and ticketing in public transport. With holistic solutions, we guide passengers from information to ticket and support transport companies with sales and data evaluation.",1014132
Epengle Tekstil Endüstri ve Ticaret A.Ş.t,Türkiye,Istanbul,34010,Hall 1.1,330,Interiors,"EPENGLE has managed to go from strength to strength as ""the first velvet production plant"" and ""the first velvet exporter"" of Turkey since its establishment in 1961. 

Epengle also stepped into the transportation sector within the scope of its corporate sales strategy in the early 1980s. Shinin...",1014140
EPHYMESS GmbH,Germany,Wiesbaden,65205,Hall 27,411,Railway Technology,"With more than 65 years of expertise, EPHYMESS consults, develops and produces individual sensor solutions for safety and control requirements in the railway industry. The focus is on monitoring drive technology such as traction motors, gearboxes and wheel-set bearings.",1014145
EPL,France,Faremoutiers,77515,Hall 3.1,690,Interiors,EPL designs and manufactures  in France rail qualified LED lighting solutions.,1014163
Eplan GmbH & Co.KG,Germany,Monheim,40789,Hall 22,260,Railway Infrastructure,"EPLAN provides software and service solutions in the fields of electrical, automation and mechatronic engineering. The company develops one of the world’s leading design software solutions for machine and panel builders. EPLAN is also the ideal partner to streamline challenging engineering processes",1014164
EPTA - European Pultrusion Technology Association,Germany,Frankfurt am Main,60329,Hall 8.1,416,Public Transport,Welcome to the World of Pultruded Profiles - Light. Strong. Sustainable. Versatile.,1226611
Equans SAS,France,Courbevoie,92400,Hall 22,340,Railway Infrastructure,"Equans delivers integrated rail and mobility solutions worldwide. From electrification and catenary systems to signalling, telecoms and passenger information, we combine energy, transport and digital expertise to enable safer, smarter and more sustainable mobility.",1216545
EQUUS GROUP,India,KOLKATA,700020,Hall 11.1,260,Railway Technology,"PROPULSION SYSTEMS, DRIVES, MOTION, POWER ELECTRONICS, SIGNALLING AND SAFETY SOLUTIONS, EPC, DEFENSE SOLUTIONS, RENEWABLE ENERGY SOLUTIONS, DATA CLOUDS, ADVANCED TECHNOLOGY",1227546
ER-BAKIR ELEKTROLITIK BAKIR MAMULLERI A.S.,Türkiye,DENIZLI,20020,Hall 22,272,Railway Infrastructure,"Our catenary systems are suitable for a wide range of railway applications, including:
High-Speed Rail, Urban Transit Systems, Freight Rail and Regional Lond-Distance Rail",1014195
ER. bahn-consulting GmbH,Germany,Nürnberg,90471,Outdoor Display,O2/85; T2/85,Railway Technology,"ER. bahn-consulting – your full-service provider for the railway industry: from personnel services and temporary staffing to consulting and training, as well as the management and support of your infrastructure — all reliably delivered from a single source.",1202339
ERA ELEKTRONİK SAN. VE TİC. A.Ş.,Türkiye,İSTANBUL,34776,Hall 3.1,520,Interiors,"ERA has been implementing the requirements of IATF 16949 Automotive Quality Management System, ISO/TS 22163:2017 (IRIS) and ISO 9001 Quality Management System, for many years. RA attaches great importance to Quality Management System. 
That is why our motto is “Quality All”.",1014187
ERA OZEL CIVATA VE MAKINE SAN. TIC. LTD. STI.,Türkiye,CORUM,19000,Hall 20,290,Railway Technology,We are producing spare parts for freight wagon bogies and the body. More than 10 years we are manufacturing different types of spare parts for railway industry. Our main production is wheelset guiding systems. We are producing more than 20.000 pcs wheelset guiding systems in a year.,1014188
era-contact GmbH,Germany,Bretten,75015,Hall 12,380,Railway Technology,"From UIC 552, 558, 541 and UIC IT connectors to cable assemblies, vehicle harnesses, control cabinets, electrical rail couplings and the optical transmission of Ethernet and Fast Ethernet signals – era-contact offers the entire product range for signal, data and power transmission for high-speed...",1014191
Eraneos AG,Switzerland,Zürich,8050,Hall 2.2,250,Public Transport,"Eraneos is an international strategy, transformation, and technology consulting group with around 1,300 professionals. The company supports organizations in digital transformation, covering strategy, data & AI, and cybersecurity.",1014193
ERC.D GmbH,Germany,Nürnberg,90471,Outdoor Display,O2/85,Public Transport,,1207984
ERC.RAIL GmbH,Germany,Braunschweig,38102,"CityCube, Hall A",635,Railway Technology,"Do you need an expert opinion or an independent assessment for your rail vehicle project? Or are you planning to start operations as an rail undertaking and need a safety assessment report from an independent assessment body?
Then ERC.RAIL GmbH is the right point of contact for you.",1014200
Erdmann-Softwaregesellschaft mbH,Germany,Görlitz,02826,Hall 25,480,Railway Infrastructure,"The ERDMANN-Softwaregesellschaft mbH was founded by Ulrich Erdmann in 1994 with the vision, not only to centralize the condition monitoring, but also to digitalize the complete maintenance process of an entire railway infrastructure.",1014204
Erhard Hippe KG,Germany,Hildesheim,31135,Hall 8.1,270,Railway Technology,"""Well-tried tracks are worn-out tracks.""André BrieContinuous development – that has distinguished HIPPE ever since the company was founded in Dresden by Erhard Hippe in 1935. But apart from the move to Hannover, one thing has not changed: our ambitious goal of producing plastics with only the ...",1014225
ERIC Robotics,India,Pune,411019,Hall 7.1a,110,Railway Technology; AI Mobility Lab,"ERIC Robotics develops autonomous robotic systems powered by artificial perception and infrastructure observability. Discover RailwayMitra, our AI-driven railway inspection platform delivering continuous asset intelligence, predictive maintenance, and safer railway operations.",1107889
Ericsson,Sweden,Stockholm,164 83,Hall 4.1,710,Railway Technology,5G for rail communications,1014235
Ernst Hombach GmbH & Co. KG,Germany,Uehlfeld,91486,Hall 5.1,133,Interiors,"Innovative cladding solutions for rail transport with our Twin-Sheet Technology

For more than a decade, Hombach has been a system supplier for rail transport and many other industries that are increasingly substituting GRP components.",1138022
ErvoCom AG,Switzerland,Feusisberg,8835,Hall 4.1,665,Public Transport; World Innovations,"ErvoCom has specializes in development and manufacture of railway communication and public address systems for rolling stock. The company’s market specific product range covers innovative Cab Radios, PA- & Intercom and Radio Dispatch Solutions.",1014272
ESA Elektroschaltanlagen Grimma GmbH,Germany,Grimma,04668,Hall 25; Outdoor Display,525; O/640,Railway Infrastructure; Railway Technology; Outdoor Display,"ESA Elektroschaltanlagen Grimma GmbH is a medium-size enterprise that specialises in the safe and efficient distribution of power. In our state-of-the-art production and distribution center in Grimma, Germany, we manufacture high-quality low-voltage switchgear assemblies for railway, industry and...",1014289
ESARIS INDUSTRIES,France,Illkirch-Graffenstaden,67400,Hall 11.2,270,Railway Infrastructure,"From rugged electrical contacts to complete electromechanical subassemblies, ESARIS delivers interconnection solutions built for the harshest environments — where defense and industry demand nothing less than total reliability.",1227033
ESCHA GmbH & Co. KG,Germany,Halver,58553,Hall 12,250,Railway Technology; World Innovations,"The ESCHA Group develops, manufactures, and markets qualitatively high-grade connectivity- and housing technology. Coming from automation engineering, we master the technology of dust- and waterproof connectivity. The advantages of this technology can be transferred to the rail industry.",1014304
ESCO Couplings SRL,Belgium,Tubize,1480,Hall 20,300,Railway Technology,"We are a more than 75 years old family-owned company specialized in designing and manufacturing high-quality custom-made power transmission products. Because we believe each transmission challenge is diﬀerent, we create much more than oﬀ-the shelf products: we work hand in hand with our customers to",1014308
ESIM srl,Italy,Bari,70123,Hall 23,730,Railway Infrastructure,"The ESIM railway diagnostic department was founded in 2006 and it operates in design, prototyping and highly engineered systems production for railway infrastructure monitoring. The diagnosis requires high measuring technology applied in a hostile environment such as the railway infrastructure.
...",1014319
Especialidades Químicas Neoquim S.L.,Spain,MURCIA,30564,Hall 6.2,887,Railway Technology,"Spanish manufacturer of professional chemical solutions for rail infrastructure and industrial maintenance. Over 20 years of experience, ISO 9001 & 14001 certified, with a portfolio of 300+ tailored products including degreasers, anti-graffiti systems, rust removers and surface protectors for rollin",1226502
Esray A.Ş.,Türkiye,Eskişehir,26100,Hall 3.2,340,Railway Technology,"ESRAY is a leading railway manufacturer producing standard and special freight wagons, steel structures, bogies, cabins, and underframes. Compliant with ISO and TSI norms, ESRAY delivers high-quality solutions and serves global OEMs in railway, steel, and heavy industry sectors. info@esray.com.tr",1014341
Estelaxe,Estonia,Võru,65605,Hall 5.1,190,Interiors,,1211190
ETC Solutions GmbH,Germany,Berlin,10557,Hall 2.1,405,Public Transport,"ETC Gauff-Solutions GmbH is a gauff.com company based in Berlin and Olten (Switzerland).
ETC is a specialist for automation and digitization solutions in all emerging questions of information technology for public transport, particularly for bus and rail passenger transport. ETC offers its custom...",1014397
ETENAR Technology GmbH,Germany,Herzogenaurach,91074,"CityCube, Hall A",240,Railway Technology,,1227547
Eternity Technologies,United Arab Emirates,Ras Al Khaimah,35102,Hall 15.1,120,Railway Infrastructure,,1219996
ETF,France,Rueil Malmaison,92500,Hall 5.2,360,Railway Infrastructure,"ETF, a subsidiary of VINCI Construction, is a leading global player in its field. The company specializes in construction and maintenance of rail infrastructure, including national railway systems, urban transit networks, and industrial sidings.",1014403
Etion Create,South Africa,Pretoria,0157,Hall 7.1b,410,Railway Technology,Leading Original Design Manufacturer,1226479
ETKA-D OTOMOTIV,Türkiye,BURSA,16140,Hall 5.1,180,Railway Infrastructure,"Etka-d is a leader in designing and manufacturing solutions that improve product performance, reduce costs and creating alternative for customers since 1990.Etka-d offer full-service plastic injection molding, specializing in low to mid-volume production, custom mold making, and post-production ser…",1014431
ETM Dynamics GmbH,Germany,Waldkraiburg,84478,"CityCube, Hall A",240,Railway Technology,"From global train manufacturers to small and medium-sized suppliers, they all rely on the products of ETM Dynamics GmbH (formerly SGF). And for good reason. Because with their products, they manage to stay at the forefront of the industry.",1038898
Ets L.Rustin,France,La Chartre Sur Le Loir,72340,Hall 3.2,130,Railway Technology,"French manufacturer of high-performance rubber and silicone components for the railway industry. Custom sealing solutions, extrusion, molding and assembly for OEMs and Tier 1 suppliers since 1903.",1035244
ETS S.r.l.,Italy,Roma,00142,Hall 9,700,AI; Railway Infrastructure,"ETS is a civil engineering firm that offers infrastructure and architectural design services, Mobile Mapping surveys and geotechnical geological studies in the transportation sector. ETS owns proprietary technologies and methodologies for infrastructure diagnostics and facility management.",1014452
Euco Rail AG,Switzerland,Baar,6340,Hall 2.2,250,Railway Technology,"EUCO RAIL AG ist ein in der Schweiz ansässiges Unternehmen mit Tochterunternehmen in Deutschland, das sich auf die Instandhaltung und Wartung von Schienenfahrzeugen aller Art spezialisiert hat. 

Unser Ziel ist es, sicherzustellen, dass Schienenfahrzeuge effizient und sicher betrieben werden können.",1211083
Eurailpress | DVV Media Group GmbH,Germany,Hamburg,20097,Hall 4.2,115,Railway Technology,"Hamburg-based DVV Media Group publishes market-leading trade media for the rail transport sector under the Eurailpress brand. The portfolio is aimed at professionals and executives and includes magazines, digital offerings, and conferences to provide well-founded information for business operations.",1012756
Eurailscout Inspection & Analysis B.V.,Netherlands,Amersfoort,3818LA,Hall 23,225,Railway Technology,From raw data to actionable insights,1014476
Euro Inwest Bisp,Poland,Katowice,40-847,Hall 7.1b,230,Public Transport,,1220920
Euro Rail / Regio Rail,France,Le Boulou,66161,"CityCube, Hall A",125,Public Transport,,1226429
EURO-COMPOSITES S.à r.l.,Luxembourg,Echternach,6468,Hall 3.1,140,Interiors,"EC stands for “Excellence in Composites”.With more than 40 years experience the EC group is your reliable partner for the design and production of advanced composites: Assemblies, finished parts, core details (milled and formed), panels or even a plain sheet of honeycomb – we reinforce your ideas!",1014518
EUROCERT,Greece,ATHENS,14452,"CityCube, Hall A",200,Railway Technology,"EUROCERT constitutes a Greek multinational Inspection and Certification company, with 25 years of operation that follows a dynamic growth path on a worldwide scale, based on the commitment to total quality of the services provided.
EUROCERT, as an independent body for Inspections, Audits and Cer...",1014515
EUROGAMMA SPA,Italy,CALENZANO,50041,Hall 8.2,380,Railway Technology,"Lifting systems composed by mobile or fixed lifting jacks for rail vehicles

Bogie lifting  tables for rail vehicles

Underfloor lifting systems for rail vehicles

Mobile and fixed body stands

Lifting systems composed by mobile lifting jacks for commercial vehicles",1014539
Euroguarco SpA,Italy,Arcola La Spezia,19021,Hall 3.1,570,Interiors,"Euroguarco is an engineering, manufacturing and supply company in the fields of interior, insulating, sealing and piping products for the markets of Industry, Defense, Oil & Gas and Advanced Transport.
Established in 1958, the company has two manufacturing facilities in Arcola and La Spezia (SP)...",1014541
euroline GmbH Friedrich Schlichte,Germany,Bad Pyrmont,31812,Hall 6.2,370,Railway Infrastructure,"euroline is a mid-sized , family-owned company that has specialised in manufacturing high-quality access technology, made in Germany, for 100 years. We manufacture all of our access technology and stair products exclusively in Germany – for maximum quality!",1014585
EUROMECC SRL,Italy,Misterbianco,95045,Hall 26,412,Railway Infrastructure; World Innovations,"Euromecc, an Italian manufacturer with 55+ years of experience, offers: Mobile and stationary batching plants, Precast concrete plants,     Continuous plants for construction, Concrete mixers, Concrete washing and recycling and Bulk material storage & handling.",1211217
Europe's Rail Joint Undertaking,Belgium,Brussels,1060,Hall 4.2,260,Railway Technology,"The vision of EU-Rail is to deliver, via an integrated system approach, a high capacity, flexible, multi-modal and reliable integrated European railway network by eliminating barriers to interoperability and providing solutions for full integration, for European citizens and cargo.",1014663
Europea de trabajos forestales,Spain,Zamudio,48170,Hall 21,312,Railway Infrastructure,,1224876
European Commission,Belgium,Brussels,1040,Hall 4.2,260,Public Transport,"Europe is here, talk to us! 
The European Commission will be represented by DG MOVE shaper of EU rail policy, investment priorities and interoperability agenda for the European railway system and DG INTPA supports rail beyond the EU through partnerships, connectivity and infrastructure cooperation.",1216087
European Loc Pool AG,Switzerland,Frauenfeld,8500,Hall 2.2,250,Railway Technology,"European Loc Pool, ELP, is a leading provider of innovative leasing and maintenance services for the most powerful locomotives in Europe, headquartered in Frauenfeld, Switzerland. The full-service leasing packages include modern, six-axle hybrid locomotives that can be tailored to the specific needs",1014651
European Union Agency for Railways (ERA),France,Valenciennes Cedex,"BP 20932, 59307",Hall 4.2,260,Railway Technology,"ERA is the technical agency facilitating the Single European Railway Area (SERA). As European institution, it is at the core of a network of national safety agencies (NSA) for railways, and acts as European authority issuing vehicle authorisation, safety certification, and ERTMS trackside approval.",1014661
EUROPTEN Deutschland GmbH,Germany,Berlin,12681,Hall 25,220,Railway Infrastructure; Career Point,Your Reliable Partner in Railway Electrification,1148107
Eurotech S.p.A.,Italy,Amaro (UD),33020,Hall 4.1,220,Railway Infrastructure,"Eurotech designs and develops Edge AI and edge computing platforms that combine hardware, software, cybersecurity, and services. Its solutions enable intelligent data processing in industrial, transportation, energy, and other mission-critical environments.",1014675
EUSPA- European Union Agency for the Space Programme,Czechia,Prague,17000,"CityCube, Hall A",825,Railway Technology,Linking space to user needs,1226044
Eutelsat,France,Issy Les Moulineaux,92130,Hall 11.2,270,Railway Infrastructure,"Eutelsat, Satellite Connectivity, LEO Satellite, European Satellite Connectivity, Railway Connectivity",1226938
Everlux,Portugal,Figueira da Foz,3080-436,Hall 5.1,480,Public Transport,"Everlux are dedicated to the study and development of technologies related to the production of photoluminescent products and their applications in the safety area – i.e. photoluminescent safety signs and systems.Everlux have a sound commitment towards quality, innovation and continuous improve...",1045647
EVIDEN,France,Bezons,95870,Hall 4.1,570,Public Transport; AI,"Eviden has established itself as a key player in the mission-critical market, serving Railways worldwide. We offer a full range of cutting-edge solutions, value-added services and integration capabilities that ensure safety, resilience, availability, broadband and passenger comfort.",1014752
"Evident Scientific, Inc.",United States of America,Waltham,02453,Hall 1.2,210,Railway Technology; World Innovations,"As of July 1, 2025, Evident’s Inspection Technology business is part of Wabtec Corporation. Evident designs and manufactures a diverse range of inspection technologies and industrial products, including nondestructive testing flaw detectors, x-ray fluorescence analyzers, and video borescopes.",1226481
Evolit Schweiz AG,Austria,Zürich,8001,Hall 2.2,250,Railway Technology,,1226638
EVPÚ a.s.,Slovakia,Nová Dubnica,018 51,Hall 9,252,Railway Technology,,1014770
Exalto Wiper Technologies B.V.,Netherlands,Hardinxveld-Giessendam,3371KA,Hall 6.2,325,Railway Technology,"Exalto Wiper Technologies, based in Hardinxveld-Giessendam, the Netherlands, has established a name of quality combined with a high level of technical know-how in the Rail industry. Exalto Wiper systems. Clearly the best!
 ...",1014785
Excelerate Technology Ltd,United Kingdom,Cardiff,CF3 OLW,Hall 2.2,560,Public Transport,"Excelerate Technology delivers resilient connectivity and communications solutions for transport and critical infrastructure. Combining 4G, 5G, satellite and edge technologies, we help rail and transport operators stay connected, informed and operational in any environment.",1226805
Exeon Analytics AG,Switzerland,Zürich,8045,Hall 2.1,210,Railway Technology,"Exeon Analytics is a Swiss security analytics software vendor delivering holistic visibility, reliable detection, and actionable response across networks, identities, and applications. By combining AI-driven behavior analytics with expert-built detection logic, Exeon uncovers hidden threats, reduces",1227874
Exodigo Inc,United States of America,Palo Alto,94306,Hall 5.2,680,Railway Infrastructure,"Exodigo delivers AI-powered subsurface intelligence for rail and infrastructure projects. Our non-intrusive technology maps underground utilities and hidden risks with high accuracy, helping rail operators and project teams reduce uncertainty, improve safety, and avoid costly delays.",1222276
Experimental mechanical plant “Karpaty”,Ukraine,Novyi Rozdil,81652,Hall 3.2,405,Railway Technology,,1014869
Expleo,France,Montigny-le-Bretonneux,78180,Hall 7.1a,310,Railway Technology; AI Mobility Lab,"Expleo is a global engineering, technology and consulting service provider. We secure the future of intelligent rail with end-to-end engineering for rolling stock and signalling—powered by AI to deliver safer, smarter and more efficient rail systems.",1014875
Expliseat,France,Paris,75011,Hall 1.1,700,Interiors,Get ready for the future of transportation seating !,1014877
Express Service OOD,Bulgaria,Ruse,7011,Outdoor Display,O2/70; T2/65,Railway Technology; Outdoor Display,Express Service is a Bulgarian railway company. We have been servicing locomotives since 1866. Throughout these 158 years we have gained a lot of experience and deep understanding of locomotives. Nowadays we manufacture new diesel and battery locomotives and service electric and diesel locomotive...,1014953
EXSTO,France,Romans-sur-Isère,26100,Hall 8.2,210,Railway Technology,"For nearly 50 years, EXSTO has been developing customized solutions in high-performance technical elastomers. From R&D to production, the Group supports the most demanding industries through its expertise in polyurethane, silicone, and rubber. 

EXSTO : Perfecting Performance",1214715
EYYES GmbH,Austria,Gedersdorf,3494,Hall 7.1a,370,AI Mobility Lab,EYYES is a leader in driver assistance functions and traffic perception using AI and camera sensor technology with locations in Austria and Germany. Our focus is on customised solutions for rail and commercial vehicles as well as innovative applications in traffic detection.,1014990
F. W. Breithaupt & Sohn GmbH & Co. KG,Germany,Kassel,34121,Hall 26,570,Railway Infrastructure,"For more than 260 years the name of BREITHAUPT worldwide has been standing for precision measurement instruments of  outstanding quality Made in Germany. We are offering instruments for the measurement of angles, distance, planes and azimuth.",1015021
F.LLI BIGARAN SRL,Italy,Alessandria,15121,Hall 10.1,270,Railway Technology,,1015012
FA Krosno S.A.,Poland,Warszawa,02-797,Hall 10.1,300,Railway Technology,,1227060
Fabrimech Engineers Pvt Ltd,India,CHENNAI,600098,Hall 8.1,460,Railway Technology,"We are EN15085 Certified- Precision Fabricator in Alu, SS & MS
Precision Fabricator, Stainless Steel and Aluminum Frames and Tank Fabrication, Expansion Tanks, Manufacturer Exporter, Pressure Vessels, Air Tanks, Precision Welding, Stainless Steel Tank Fabricators, Precision Laser cutting and Bending",1206144
Fahrzeugtechnik Hattingen Bus- und Schienenfahrzeugteile-Großhandel GmbH,Germany,Hattingen,45527,Hall 9,500,Railway Technology,"Die Fahrzeug-Technik Hattingen: Das ist Kompetenz seit mehr als 40 Jahren. Was als kleines Unternehmen begann, ist heute einer der führenden Lieferanten hochwertiger Ersatzteile für Busse und Schienenfahrzeuge auf dem deutschen Markt.
Wir garantieren Originalausrüsterqualität. Dafür arbeiten wir ...",1015088
Fairfild s.r.l.,Italy,Trezzano,20090,Hall 17,215,Railway Technology,,1015101
FAIRTIQ AG,Switzerland,Bern,3011,Hall 2.1,500,Public Transport; World Innovations; AI,"We are an innovative, dynamic company that makes traveling by public transport easier than ever before. The FAIRTIQ app offers the simplest, most cost-effective tickets - for travelers, transport authorities, and public transport operators.",1015129
Faserplast Composites AG,Switzerland,Rickenbach b. Wil,9532,Hall 2.2,250,Railway Technology,"Faserplast Composites is your competent partner for the production, design and development of assemblies made of fiber-reinforced plastics (composites) in the rail vehicle sector. Front assemblies, removable  frame systems for front glazing, door systems for front exits, interiors.",1015238
FAST.LOC SPA,Italy,PIANEZZA,10044,Hall 5.1,187,Interiors,"FAST.LOC S.p.A. specializes in the manufacture and distribution of industrial fastening systems and custom-made turned components for the industrial, defense, and aerospace sectors.",1185776
Fbg srl  Blend Plants,Italy,Rodengo Saiano (SB),25050,Outdoor Display,O/183,Outdoor Display; Railway Infrastructure,Blend mobile mixing plants can be mounted on rail wagons so becoming a concrete batching train. The installation is simple and allows maximum autonomy. The use of the machine permits different concrete productions and it requires one operator only.,1015278
FBO,France,Saint-Junien,87200,Hall 11.2,270,Railway Technology,"FBO designs, manufactures bespoke electro-pneumatic and electronic components, subassemblies and systems for rail. Its industrial expertise, in-house engineering and full chain control support rolling stock manufacturers, operators and maintenance specialists with reliable safety-critical solutions.",1015279
FBT Feinblechtechnik GmbH,Germany,"Blankenfelde-Mahlow, OT Dahlewitz",15827,Hall 7.2b,200,Railway Technology,"FBT Feinblechtechnik GmbH – Berlin-based specialist for precision sheet metal processing with 70+ years of experience. Certified to EN 15085-2 CL1, ISO 9001 & EN 17460. Custom components for railway, medical technology & mechanical engineering. Precise. Reliable. On time.",1209929
"FCP Fritsch, Chiari & Partner ZT GmbH",Austria,Wien,1030,Hall 25,172,Railway Infrastructure,"We are the red thread in your project – with courage to innovate up to the smallest fibre.
Our key areas of expertise include operational facility permitting, bridge engineering, digital engineering, building construction, industrial facilities, and infrastructure & civil engineering.",1211668
FCP IBU GmbH,Germany,Essen,45127,Hall 25,172,Railway Infrastructure; Career Point,"Environmental Impact Protection
Structural Dynamics
Environmental Engineering

In these fields, we provide expert consulting and assessment services, planning and design services, construction supervision, as well as measurement and monitoring services.",1015284
FCP Ingenieure Deutschland GmbH,Germany,Berlin,10707 Berlin,Hall 25,172,Railway Infrastructure,FCP Ingenieure Deutschland GmbH provides the full spectrum of engineering services in the construction industry.,1226966
FCS SRL,Italy,POLESELLA (RO),45038,Hall 26,237,Railway Infrastructure,"FCS srl is an Italian Company that manufactures railway equipment since 1988. In particular, we manufacture power wrenches, Vossloh and Pandrol clips machines, sleepers drilling machines, rail band saws, rail drilling machine, rail grinding machines, rail bender, rail stressors, weld-shearing mac...",1015285
Federal-Mogul Bremsbelag GmbH,Germany,Glinde,21509,Hall 1.2,560,Railway Technology,"Tenneco is one of the world's leading designers, manufacturers and marketers of automotive products for original equipment and aftermarket customers. In addition, Tenneco delivers technology solutions for global markets, including light vehicle, commercial truck, off-highway, industrial and railway.",1015305
Federal-Mogul Deva GmbH,Germany,Stadtallendorf,35260,Hall 1.2,560,Railway Infrastructure,,1220184
Federnwerke J.P. Grueber GmbH & Co. KG,Germany,Hagen,58093,Hall 9,425,Railway Technology,,1015317
FEIG ELECTRONIC GmbH,Germany,Weilburg,35781,Hall 2.1,240,Public Transport,"Contactless payment terminals for validators, on-board computers, ticket machines and access systems ensure the greatest possible user comfort and maximum investment security for the operators of public transport systems.
RFID enables applications such as position detection or wayside detection.",1015340
FELA Management AG,Switzerland,Diessenhofen,8253,Hall 2.1,120,Public Transport,"You are a railroad operator and need a passenger information system? Are you looking for a ticketing system for your bus? Do you want to modernize your fleet? We would be happy to work out the ideal solution concept together. 

Visit us in hall 2.1 booth 230.",1015349
FEME  S.r.l.,Italy,Milano,20045,Hall 26,215,Railway Technology,"FEME srl is an Italian company with over a century of history — founded in 1924, it recently celebrated its centenary — specialising in the design and manufacture of electromechanical and electronic components and systems for the railway sector and for electrical power distribution infrastructure.",1221273
"FERESPE-Fundição de Ferro e Aço, Lda",Portugal,Famalicão,4760-485 Fradelos,Hall 11.2,220,Railway Technology,FERESPE: Your Certified Partner for High-Performance Railway Casting Solutions,1015406
Fernsteuergeräte Kurt Oelsch GmbH,Germany,Berlin,12347,Hall 27,315,Railway Technology,"FSG - Your partner for custom engineered system solutions in the field of industrial measuring and automatic control engineering.

Based in Berlin, FSG Fernsteuergeräte was founded in 1946. FSG is mainly involved in developing and manufacturing high-quality sensors and transmitters and is now one...",1015423
Ferrivia con s.r.o.,Czechia,Prag,18600,Hall 9,310,Public Transport,"Thanks to our extensive experience in the integration of ETCS systems for various rolling stock series, our expert team is ready to respond promptly to any assignment in this area. Based on our close cooperation with various European system manufacturers, we have gained extensive experience overlap",1226766
Ferrovie dello Stato Italiane,Italy,Roma,00161,"CityCube, Hall B; Outdoor Display",610; T2/16,Railway Infrastructure; Outdoor Display; Public Transport,"The FS Italiane Group operates approximately 17,000 kilometers of railway lines, including over 2,100 tunnels, 23,000 bridges and viaducts, and 2,200 stations. This extensive network has long supported Italy’s economic and social development, with 10,000 trains traveling on it daily. Ferrovie dello",1015439
FEV,Germany,Aachen,52078,Hall 6.1,515,Public Transport,"FEV is a global engineering partner driving innovation in rail and mobility. With expertise in systems, software and sustainable technologies, FEV develops efficient, intelligent solutions for modern rail transport - supporting a cleaner, connected future worldwide.",1015460
FEW Fahrzeug-und Entwicklungswerk Blankenburg GmbH,Germany,Blankenburg,38889,Hall 8.1,230,Railway Technology,"Tradition in der Eisenbahnindustrie
Einst war es die Reparaturwerkstatt der Halberstadt-Blankenburger Eisenbahn (HBE): das heutige Fahrzeug- und Entwicklungswerk Blankenburg GmbH (Harz). Die teilweise historischen Werkhallen haben eine bewegte Geschichte aufzuweisen.",1225191
"FH Aachen, Fachbereich Maschinenbau und Mechatronik",Germany,Aachen,52064,Hall 2.2,410,Railway Technology,,1015471
FIDA srl,Italy,Brugherio,20861,Hall 2.1; Outdoor Display,700; O/379,Railway Technology; Outdoor Display; World Innovations,"FIDA is an Italian manufacturer of Passenger Information Displays (PID) and lighting solutions for transport. We design TFT-LCD, LED and low power displays for harsh environments, with high visibility and remote monitoring. All products are engineered and made in Italy.",1015008
FILOform GmbH,Germany,Waldshut-Tiengen,79761,Hall 5.2,110,Railway Technology,"FILOform entwickelt innovative Lösungen für Verbindung, Abdichtung und Schutz unterirdischer Kabelnetze. Mit eigener F&E, maßgeschneiderten Produkten und Fokus auf Energie, Telekommunikation & Infrastruktur ist FILOform ein verlässlicher Partner für sichere und effiziente Netze.",1219294
Filter-Müller GmbH,Germany,Berlin,12277,Hall 10.2,305,Railway Technology,"Filter-Müller has been a specialist in the field of filtration for over 45 years. With its extensive product portfolio in the three core areas of automotive, industrial, and climate and ventilation filtration, we serve a wide range of diverse customers.",1015528
Filtration Control Ltd,United Kingdom,Northampton,NN4 7PL,Hall 3.1,660,Interiors,"Filtration Control Ltd (FCL) stands at the forefront as the leading manufacturer and distributor in the United Kingdom, specialising in engine filtration technology, HVAC air filtration, batteries and components for the bus, rail, automotive, commercial, and industrial sectors worldwide.",1015529
FIMOR,France,LE MANS,72000,Hall 5.2,370,Railway Technology,"FIMOR will showcase its new anti-drift wheel chock, designed and patented in partnership with Hexafret and validated by SNCF Réseau. This innovative solution significantly reduces the risk of derailment.",1015536
Finder GmbH,Germany,Trebur-Astheim,65468,Hall 17,470,Railway Technology,"Die Finder GmbH ist die deutsche Tochtergesellschaft der italienischen Unternehmensgruppe Finder S.p.A., einem Hersteller von elektromechanischen und elektronischen Komponenten, insbesondere Relais, Zeitrelais und Installationsgeräte.

Das Unternehmen bietet ein breites Sortiment für Anwendungen im",1222144
Fine Automotive & Industrial Radiators Pvt Ltd,India,Pondicherry,605111,Hall 18,190,Public Transport,,1221088
Finnblast Oy,Finland,Revonlahti,92350,Hall 6.2,750,Railway Technology,"Finnblast Oy is a Finnish, private owned engineering and manufacturing company specialized in blast cleaning machines. We have produced blast cleaning machines for 40 years. Our special offer for railway industry is the blast cleaning machine of wheel sets ...",1015569
Finnprofiles Oy,Finland,Sastamala,38200,Hall 3.1,420,Interiors,"Sealing solutions for the railway industry need to be safe, reliable and meet the high demands of the end user in order to make the travel experience as comfortable and enjoyable as possible.
 
FinnProfiles is specialized in custom-made extruded profiles, gaskets and molded components.",1016107
Fir.Ex. srl,Italy,Roma,00198,Hall 5.2,640,Tunnel Construction,The cutting edge aerosol solution for railways fire protection,1015588
"FIRSTACK TECHNOLOGY Co., LTD.",China,"Hangzhou, China",310011,Hall 11.1,110,Railway Infrastructure,,1219885
FirstClass Safety & Control Limited,United Kingdom,Colchester,CO2 8FZ,Hall 2.2,460,Railway Technology,"FirstClass Safety & Control are specialists in rail depot safety and control systems, delivering innovative Depot Protection and Depot Control solutions that protect people, assets and infrastructure. With over 25 years’ experience, we help rail operators improve safety, efficiency and performance",1015611
FISA Fabbrica Italiana Sedili Autoferroviari S.r.l,Italy,Osoppo (UD),33010,Hall 1.1,430,Interiors,We shape comfort since 1960,1015009
fischerwerke GmbH & Co. KG,Germany,Waldachtal,72178,Hall 5.2,765,Railway Infrastructure,"As the world’s technological market leader in key areas of fastening technology, fischer offers a wide range of fixing products in addition to numerous system solutions and services in categories including planning, construction and operation along the entire supply chain of a building.",1015634
Fisola,Portugal,Albergaria-a-Velha,3850-184,Hall 11.2,220,Railway Infrastructure,,1227388
FIT AG,Germany,Lupburg,92331,"CityCube, Hall B",320,Railway Technology,,1226003
FITRE S.p.A.,Italy,Milano,20142,Hall 4.1,375,Public Transport,"Fitre is a manufacturer with enviable experience in industrial and emergency telecommunications, with a wide range of products, offering the most advanced solutions for communications in Transports, Heavy Industries and other harsh environments. That is proven by countless worldwide installations.",1015671
FKB GmbH,Germany,Oberndorf a.N.,78727,Hall 8.2,140,Railway Technology,"FKB GmbH is a leading manufacturer of high-quality fastening systems, particularly block clamps and pipe clamps (acc. to DIN 3015) under the RSB® brand.",1015700
FLACHGLAS Wernberg GmbH,Germany,Wernberg-Köblitz,92533,Hall 1.1,420,,"FLACHGLAS Wernberg GmbH is one of the world's leading companies in the development and conception, manufacture and supply of sidewall windows and interior glazing for the Transportation market.",1015703
Flaig + Hommel GmbH - Verbindungselemente,Germany,Aldingen,78554,Hall 8.2,380,Railway Technology,"THE COMPANY FLAIG + HOMMEL, QUALITY, FLEXIBILITY, CUSTOMER ORIENTATION AND TECHNICAL KNOW-HOW",1015705
Flender GmbH,Germany,Bocholt,46395,Hall 20,340,Railway Technology,"FIRST-CLASS CONNECTIONS.

Focused on reliability and safety during both design and production, the Flender range of rail couplings ensures smooth travel for all rail vehicles.",1015749
FLEXA GmbH & Co Produktion und Vertrieb KG,Germany,Hanau,63456,Hall 12,370,Railway Technology,"FLEXA Protective tubing systems: On duty around the worldWhenever cables need to be protected, the protective cable systems made by FLEXA are most often first choice. The FLEXA protective system range can cope with almost any industrial application, be it in machine construction and railway.",1015762
FLEXBALL ITALIANA SRL,Italy,ORBASSANO,10043,Hall 20,500,Railway Technology,"In railway field since 1960, when the Flexball cable was introduced on the market, Flexball Italiana operates in the transport business with more than 100 customers including OEMs, End Users and distributors in Europe and worldwide.

Our strength is the development of customized applications and ...",1015763
FLEXELEC Groupe OMERIN,France,SAINT BONNET DE MURE,69720,Hall 14.1,120,Interiors,,1216286
Flexibil srl,Romania,Sasar,437229,Hall 9,720,Railway Technology,"Flexibil is supplying the Railway industry with rubber-metal components for 20 years. Flexibil’s core competences are spherical bearings and wedged shaped layer springs for drives and couplings, conical and chevron springs for primary suspension and multi layer springs for secondary suspensions.",1015768
FLEXIX S.A.U.,Spain,Zamudio,48170,Hall 21,314,Railway Infrastructure,"In KÄCHELE - FLEXIX we develop and produce RUBBER ANTIVIBRATION PARTS and assemblies, adapted to the customers needs.
MATERIALS: NR, SBR, EPDM, CR, NBR/HNBR, ECO, AEM, ACM, Silicone, FKM/FPM.
CAPABILITIES: Mixtures development, mixing room, product development, simulation, prototyping, automation.",1015772
FlixTrain,Germany,Berlin,10245,Hall 21.e,10,Public Transport; RecruitingLAB,"FlixTrain is reshaping long-distance rail travel in Germany: modern, affordable and built for the future. New routes, new standards and a new generation of high-speed trains from 2028. The journey is just beginning.",1015792
Flohe Berg GmbH,Germany,Castrop-Rauxel,44579,Hall 22,120,Railway Infrastructure,Kompetenz in Engineering + Fertigung von der einzelnen Komponenten bis hin zum komplexen HochstromsystemSeit über 60 Jahren steht der Name FLOHE für deutsche Qualitätserzeugnisse und umfangreiche Serviceleistungen in Sachen Hochstromtechnik.Vom Basic Engineering über die Konstruktion ...,1015799
Flora Bis Sp. z o.o.,Poland,Krzepice,42-160,Hall 5.2,645,Railway Infrastructure,"Flora Bis is a Polish manufacturer with over 30 years of experience in acoustic panels and steel structures for road infrastructure. We design, produce and deliver complete systems for projects across Poland and Europe, ensuring compliance with technical standards and long-term performance.",1214073
Flowly,Réunion,PARIS,75012,Hall 11.2,270,Public Transport,Flowly supports local authorities and transport operators in gaining a better understanding of travel patterns and analysing network performance.,1227032
Flowy,Italy,Firenze,50127,Hall 6.1,152,Public Transport,"We revolutionize public multimodal mobility through a smart platform for passenger analysis, advanced interaction like BeIn-BeOut ticketing, and real-time GPS vehicle tracking",1220234
Fluid Controls Limited,India,Mumbai,400020,Hall 10.2,215,World Innovations; Railway Technology,"With over 5 Decades of experience, Fluid Controls delivers end-to-end  solutions for locomotive, coach & metro brake piping arrangements – from design, engineering, and rigorous testing to  seamless on-site installation, we supply high-performance connectors, isolating cocks, cleats, tube & hose ass",1015860
FMC Hidrolik Otomotiv Makina Sanayi Ticaret A.S.,Türkiye,Selcuklu,42250,Hall 4.2,110,Railway Technology,,1015886
FOC Ciscato SpA,Italy,Velo d'Astico,36010,Hall 8.2,325,Railway Technology,"Renowned quality, reliability and flexibility is our hallmark. We manufacture tailor made products based on customer requirements. Our Team is very proactive and customer oriented. Thanks to our experience we can offer a wide range of products and a high-level service to our Customers.",1219395
FOGTEC Brandschutz GmbH,Germany,Köln,51063,Hall 5.2,735,Tunnel Construction,FOGTEC is the leading supplier of active fire protection solutions for railway industry and many other applications. FOGTEC develops fire detection and firefighting systems. The Rail products have been developed and tested especially for the use in railways.,1015919
Forbo Flooring Systems,United Kingdom,Derbyshire,DE5 3NT,Hall 3.1,320,Interiors,"The widest portfolio of sustainable floor coverings for rail vehicles, including entrance systems, resilient floor coverings and broadloom carpets: Coral FR, Marmoleum FR, Flotex VisionFR, Coral Move Vision FR, Tessera FR. All floor coverings are certified to EN 45545-2 with a minimum rating of HL2.",1015977
FORECR,Estonia,Tallinn,10141,Hall 7.1a,100,AI Mobility Lab; Public Transport,READY TO DEPLOY HARDWARE SOLUTIONS,1219985
Forge Auto International Limited,India,Ludhiana,141112,Hall 20,680,Railway Technology,Manufacturer of Forged & Machined Components in Carbon & Alloy Steel.,1215778
Forgex France,France,Monthermé,08800,Hall 11.2,270,Railway Infrastructure,"FORGEX France is a premier European industrial group specializing in high-quality hot forging. We design and manufacture custom carbon, alloy, and stainless steel parts (from a few grams up to 30 kg) with fully integrated machining, heat treatment, and surface finishing for the rail sector.",1016008
"FORGING STEEL PRODUCTS, S.L.",Spain,Amorebieta Bizkaia,E48340,Hall 22,700,Railway Infrastructure,"Rolling Stock
Infrastructure
Coengineering
Carbon
Alloy
Stainless Steels
Aluminium
4 Presses
4 Hammers
850mm lenght
550mm diameter
120kg steel
35kg aluminium
Mechanizing
Heat Treatment
Painting
Mechanical Tests
Scan3D
HPQ(DB)
IATF16949
ISO9001
ISO14001
BVMod.II
LLOYDS REGISTER MARINE
2024FOOTPRINT2",1016009
Forsee Power,France,Ivry Sur Seine,94200,Hall 15.1,330,Railway Technology,"Smart batteries are essential to rail greening projects and adapt to all given applications and environments: catenary-free trams, 100% battery trains, hybrid trains (diesel and batteries), hydrogen trains (fuel cell and batteries). They limit emissions, considerably reduce infrastructure costs!",1016027
Forster System-Montage-Technik GmbH,Germany,Forst (Lausitz),03149,Hall 1.1,400,Interiors,Zuverlässige Partner und Lieferanten im Schienenfahrzeugbereich I Systemlieferant I Vollausrüster I Leichtbau I Handel & Dienstleistung I,1016030
Fort Vale Engineering Ltd,United Kingdom,Burnley,BB12 7ND,Hall 2.2,560,Railway Technology,"A global leader in precision-engineered valves and fittings, Fort Vale supports the safe transport of bulk liquids and gases across rail, road, and tank container industries.
With around 90% of production exported, its solutions are trusted worldwide for their quality, reliability, and performance.",1016037
FORTAL,France,Barr,67140,Hall 6.2,700,Public Transport,"FORTAL is a leading French manufacturer of safe access solutions for working at height. With extensive expertise in aluminum and steel, we design standard and custom-made equipment for the maintenance of trains, trams, subways and buses.",1016039
FORTEC Integrated GmbH,Germany,Germering,82110,Hall 11.1,360,Interiors,"Your Partner for Innovation and System Solutions

FORTEC Integrated GmbH, as an internationally active provider of display technology, embedded computing and customized system solutions, stands for tailored solutions that integrate seamlessly into logistics processes.",1220185
FORTEC Power GmbH,Germany,Sachsenheim,74343,Hall 11.1,360,Railway Technology; World Innovations,"With locations in Riedstadt, Sachsenheim, and the Czech Republic, FORTEC Power—under its established AUTRONIC brand—offers decades of experience in developing compact, vibration-resistant, and EMC-certified plug-and-play power supplies for the railway sector.",1219881
FORTINET,France,Valbonne,06560,Hall 7.1a,296,Railway Technology; AI Mobility Lab,"Fortinet is a driving force in the development of cybersecurity and the convergence of networking and security. Our mission is to protect people, devices, and data everywhere. Today, we provide cybersecurity wherever our customers need it – with over 50 enterprise products.",1225729
FOSINA,France,Nanterre,92000,Hall 7.1a,280,AI Mobility Lab; Railway Technology,"FOSINA specializes in Distributed Fiber Optic Sensing for temperature, strain, and acoustic. Connected to conventional optical fiber and combined with AI, it allows to detect, classify, and visualize activity in real-time, for train tracking, infrastructure monitoring, and intrusion detection.",1209971
"FoxCom, s.r.o.",Czechia,Kadaň,432 01,Hall 23,230,World Innovations; Railway Infrastructure,"FoxCom builds software for railway infrastructure — diagnostics, data warehouses, analytics, and AI-based inspection and monitoring that help detect defects earlier.",1214681
Franz Kaminski Waggonbau GmbH,Germany,Hameln,31785,Hall 6.2,270,Railway Technology,"Franz Kaminski Waggonbau GmbH is an international waggon-maintenance and mechanical engineering company.
 It was founded in 1921 and since then, it stands for good quality.",1016175
Franz Kiel GmbH,Germany,Nördlingen,86720,Hall 1.1,270,Interiors,"We are one of leading manufacturers of seating systems for commercial vehicles and public transport by bus and train at local, regional, and intercity levels.",1016176
Fraunhofer Cluster of Excellence Circular Plastics Economy CCPE,Germany,Oberhausen,46047,Hall 23,240,Interiors,"The Fraunhofer Cluster of Excellence Circular Plastics Economy CCPE develops solutions for a circular plastics economy across the entire value chain. Through research into materials, recycling, and digital circular economy concepts, the cluster supports companies in achieving greater sustainability.",1226725
Fraunhofer IKTS,Germany,Dresden,01109,Hall 7.2b,200,Railway Technology,Your research partner for safety in the rail sector: NDT and monitoring of railway technology and infrastructure.,1123182
Fraunhofer-Allianz Verkehr,Germany,Saarbrücken,66123,Hall 23,240,Railway Technology,Fraunhofer Transport Alliance – Best solutions for future mobility through joint research expertise.,1016226
Fraunhofer-Gesellschaft,Germany,München,80686,Hall 23,240,Railway Infrastructure,"The Fraunhofer-Gesellschaft, based in Germany, is a leading applied research organization. It plays a crucial role in the innovation process by prioritizing research in key future technologies and transferring its research findings to industry in order to strengthen Germany.",1016228
Fraunhofer-Institut für Offene Kommunikationssysteme FOKUS,Germany,Berlin,10589,"CityCube, Hall B",220,Railway Technology,At InnoTrans 2026 Fraunhofer FOKUS shows AI for Safe and Scalable Rail Automation,1016254
Fraunhofer-Institut für Physikalische Messtechnik IPM,Germany,Freiburg,79110,Hall 23,240,Railway Infrastructure,,1016255
Fraunhofer-Institut für Verkehrs- und Infrastruktursysteme IVI,Germany,Dresden,01069,Hall 7.2b,100,Railway Technology,,1220178
Fraunhofer-Institut für Zerstörungsfreie Prüfverfahren IZFP,Germany,Saarbrücken,66123,Hall 23,240,Railway Technology,"Fraunhofer IZFP - Sensor and Data Systems for Safety, Sustainability, and Efficiency",1227175
Frauscher Sensortechnik GmbH,Austria,St. Marienkirchen bei Schärding,4774,Hall 1.2; Hall 27,270; 210,Railway Technology; World Innovations,"Frauscher Sensor Technology is dedicated to delivering the world’s most reliable train detection and wayside object control solutions, as well as a comprehensive portfolio beyond.",1016273
FreiLacke  |  Emil Frei GmbH & Co. KG,Germany,Bräunlingen-Döggingen,78199,Hall 8.1,310,Railway Technology,"100 years of colours. FreiLacke has stood for innovative paints and coatings since 1926. The family business is now run by a third generation and, with a staff of more than 650 employees at its location in Döggingen in the Black Forest, it develops system coatng- solutions for customers worldwide.",1016308
Frequentis,Austria,Wien,1100,Hall 4.1,740,Public Transport,"Every day, millions of people rely on rail to reach their destination safely, punctually and without disruption. 
Frequentis supports these journeys with operations communications and incident management systems that keep rail teams connected, even when conditions change.",1016334
Friedrich Köster GmbH & Co. KG,Germany,Heide,25746,Hall 20,160,Railway Technology,"Foundry (custom castings)
Mechanical Engineering (machining of castings)",1177765
FRIKE electronic AG,Switzerland,Hüntwangen,8194,Hall 24,400,Railway Infrastructure,"More safety in railroad traffic thanks to FRIKE electronic AG! For more than 30 years, the company has been a specialist for mobile signalization and construction site safety. FRIKE electronic AG stands for convincing business models and solutions in the areas of road, rail and air.",1016456
Fritz Becker GmbH & Co. KG,Germany,Brakel,33034,Hall 5.1,130,Interiors,"As a supplier, Becker Brakel is one of the most important moulded wood and moulded fleece manufacturers in the world.",1016469
Fritz Rensmann GmbH & Co. KG,Germany,Dortmund,44379,Hall 5.2,475,Railway Technology,"The Fritz Rensmann GmbH & Co. KG company provides comprehensive rail mainenance services for components for mainline units, rail cars and locomotives. The Services are:

- overhaul and repair of bogies

- repair service for wheel sets with or without gear and electric rail car drive units

- w...",1016471
Fritz STIEFEL GmbH,Germany,Waiblingen,71334,Hall 10.2,310,Railway Infrastructure,"Innovation shapes the future – we produce it.

Fritz STIEFEL GmbH develops and manufactures hydraulic and pneumatic solutions for the global rail industry. With over 60 years of experience, in-house production, and engineering expertise, we deliver reliable fluid power systems for rolling stock, rai",1227486
FRÄNKISCHE Industrial Pipes GmbH & Co. KG,Germany,Königsberg,97486,Hall 15.1,195,Railway Technology,"FRÄNKISCHE INDUSTRIAL PIPES manufactures cable protection solutions for various applications on over 280,000 sqm production area all around the world.
The specialties include corrugated and smooth plastic conduits with up to five layers, braided and knitted hoses as well as matching accessories. ...",1016162
FTB-Filtertechnik Brockmann GmbH & Co.KG,Germany,Veitshöchheim,97209,Hall 3.1,240,Railway Technology,FTB Filtertechnik Brockmann is a leading provider of high-quality replacement filters and filtration concepts that is characterized by over 25 years of experience and state-of-the-art technology. The company supplies filter material according to the EN 45545-2 classification for the railway industry,1016687
FTS Tools,United States of America,Forest,24551,Outdoor Display,O/371,Railway Infrastructure; Outdoor Display,FTS Rail allows track workers to work smarter and not harder with our one of a kind battery-powered track maintenance technology designed around the Milwaukee battery platform and railway track inspection and infrastructure monitoring technology.,1213944
FUCHS Europoles GmbH,Germany,Neumarkt,92318,Hall 22,530,Railway Infrastructure,"FUCHS Europoles is Europe’s leading manufacturer of poles, columns and structural systems. We offer standard and special solutions as well as turnkey systems including all services from consulting to dismantling. We use proven & innovative technologies and materials of concrete, steel and fiberglass",1016697
FUCHS Ingenieurbüro für Verkehrsbau GmbH,Germany,Chemnitz,09116,Hall 7.2b,100,Railway Infrastructure,"Ihr Spezialist für Verkehrsanlagen
Wir planen Gleisanlagen und dazugehörige sicherungstechnische Elemente, Bahnübergänge, Bahnsteiganlagen, ingenieurtechnische Bauwerke, Straßenverkehrsanlagen, Wege und Plätze sowie Abstellhallen und Werkstätten für Schienenfahrzeuge und andere hochbauliche Anla...",1016698
FUCHS LUBRICANTS GERMANY GmbH,Germany,Mannheim,68169,Hall 21,525,Railway Technology,"FUCHS LUBRICANTS GERMANY
We don’t just develop lubricants. For highly complex challenges in a wide range of industries, we develop innovative lubricant solutions that enable the mobility of tomorrow. Our goal: to keep our customers’ world in motion.",1016699
"Fuji Electric Co., Ltd.",Japan,Tokyo,141-0032,Hall 7.2a,100,Railway Technology,"Fuji Electric provides Door Operators and APS for railcars, as well as facilities for substations.
We look forward to seeing you at the JORSA Pavilion (Hall 7.2a).",1016726
Fundiciones del Estanda,Spain,Beasain,20200,Hall 1.2,670,Railway Technology,"Focused in high-performance Steel Casting, Machining and other Solutions for the Railway sector. 

We are one of the main world-wide suppliers of undercarriage components (over 1,000,000 brake discs manufactured, suspensión spring supports, axle boxes…), coupling systems and railroad maintenance.",1016765
Funkwerk Mobility Solutions GmbH,Germany,Karlsfeld,85757,Hall 2.1,530,Railway Infrastructure,"Funkwerk Mobility Solutions – The intelligent backbone of mobility. The company develops connected mobility solutions, ranging from display systems and public address systems to AI-supported operational processes for railways, transport companies and infrastructure operators in the DACH region.",1226342
Funkwerk Systems GmbH,Germany,Kölleda,99625,Hall 4.1,420,Railway Technology,"Funkwerk is the leading provider of innovative train radio and communication systems, passenger information systems and integrated security solutions made in Germany. Since 1982, Funkwerk has been developing and producing train radio technology for railway companies worldwide.",1016778
"FUNOR, SA",Spain,Burgos,09001,Hall 22,820,Railway Infrastructure,Spanish steel foundry producing high-quality cast steel component for railway bogies and rolling stock. Reliable partner for OEM worldwide since 1985,1016780
FUNOSA,Spain,Òdena,08711,Hall 5.2,415,Railway Infrastructure,"FUNOSA is a Barcelona-based ductile iron foundry, Deutsche Bahn DB certified, supplying precision cast components for railway track systems, turnouts and electrification. In-house engineering and quality team. Parts from 120g to 120kg.",1220905
Furka Reibbeläge AG,Switzerland,Breitenbach,4226,Hall 2.2,250,Railway Technology,"Furka Reibbeläge AG is a Swiss industrial company specialising in the development, manufacture and distribution of brake, clutch and sliding linings for industrial applications. Core markets include public transport, cable cars, lift and drive technology, energy and industrial plants.",1016788
Furrer+Frey AG,Switzerland,Bern,3005,Hall 26,250,Railway Infrastructure,Innovation for tomorrow.,1016790
Furrer+Frey Deutschland GmbH,Germany,Berlin,12487,Outdoor Display,O/120,Outdoor Display; Railway Infrastructure,"INNOVATIVE & DYNAMIC: Founded in 2016, we are the first point of contact at three locations - Berlin, Halle, and Essen - when it comes to planning, conversion and new construction, as well as maintenance of overhead contact line systems.",1016791
Furukawa Electric Europe Ltd,United Kingdom,London,W6 7JP,Hall 22,520,Railway Infrastructure,"Green Trough - The world’s most versatile cable trough system.

7,000 tonnes of recycled household plastic waste is used to make Green Trough in one year. Equivalent to 467 million average-sized plastic bottles/containers.",1016795
Futurail,France,Strasbourg,67200,Hall 7.1a,140,Railway Technology; World Innovations; AI Mobility Lab,"Futurail is a Franco-German startup developing the leading autonomy stack for self-driving trains. Together with our customers we empower the industry to make travelling by train even more attractive by offering frequent, reliable, cost-effective and low-carbon transportation. Ultimately contributin",1211160
FUTURE RESOURCES,Belgium,Glaibais,1473,Hall 11.2,260,Railway Technology,,1209698
FZK Mühendislik ve Sınai Yatırımlar AŞ,Türkiye,Kocaeli,41400,Hall 4.2,280,Railway Technology,"FZK manufactures:
•	Freight Wagon Bogies
•	Tram and Metro Bogies
•	Locomotive Bogies
•	Car Body Components
•	Clamps

TSI certified Y25 Bogies for Freight Wagons",1016831
Fédération des Industries Ferroviaires,France,Levallois-Perret,92300,Hall 3.2,100,Railway Infrastructure,"The French Federation of Railway Industries represents 90 direct members and 600+ indirect members across all railway sectors. Recognised by public authorities and industry stakeholders, FIF promotes growth, innovation and collaboration, supporting the French railway industry in France and worlwide.",1226974
G&G Növényvédelmi KFT,Hungary,Szeged,6726,Hall 23,200,Railway Infrastructure,"G&G Plant Protection and Trade Ltd’s main profile is chemical weed control on railway tracks. The applied technology with weed recognition system is currently the most high-tech which assures signinficant savings in terms of chemical, water, time and money.",1016838
G. Zwiehoff GmbH,Germany,Rosenheim,83022,Outdoor Display,O/280; O/280a,Railway Technology; Outdoor Display,"As an expert in the field of road/rail technology, we offer a great variety of vehicles which can be used on roads as well as on rails.



Due to this double profit and the quantity of available attachments, our road/rail vehicles can be used for most different kinds of applications.",1016846
G.W.P. Manufacturing Services AG,Germany,14513 Teltow,14513,"CityCube, Hall B",210,Interiors,"G.W.P. AG manufactures mechanical components, assemblies and industrial enclosures in small to mid volumes—from engineering and prototyping through serial production. Die casting, injection molding, CNC, finishing & assembly. New: Enclonova Corp. in Calgary serving North America.",1209725
"G2B Co,. LTD",South Korea,"pyounhtaek-si, Gyunggi-do",17791,Hall 7.2c,140,Interiors,"G2B Co., Ltd. manufactures advanced smart glass for rail vehicles. Utilizing NSF (nanocrystal switchable film) technology, this glass rapidly controls solar energy transmittance, providing continuous light control, energy savings for heating and cooling, and exceptional durability.",1225905
Gadelius Europe AB,Sweden,Halmstad,301 06,Hall 9,602,Railway Technology,"Gadelius Holding Ltd. is a trading company in Japan The group includes Gadelius Industry K.K. (founded 1890), Gadelius Medical K.K. (founded 1977) and Gadelius Europe AB. Gadelius Holding Ltd.",1016867
Gaelta s.r.o,Slovakia,Trnava,91701,Hall 10.1,230,Public Transport,,1227998
Galeb Signalizacija doo,Serbia,Sabac,15000,Hall 25,400,Railway Infrastructure,,1016898
GALLAND SAS,France,La Lande de Fronsac,33240,Hall 22,350,Railway Infrastructure,"The company GALLAND's purpose is to offer solutions for catenaries, whether they are conventional, high-speed, or intended for urban transportation. Since 1946, our accumulated expertise in the railway sector positions us as specialists in the market.",1016917
Gally s.p.a. s.u.,Italy,VOLPIANO TO,10088,Hall 8.2,430,Railway Technology,"Gally S.p.A., founded in 1949, operates worldwide.
Vargal® self-locking nuts are appreciated and recognized as extremely reliable products.
They are used by the main European railways both in railway rolling stock and track. The main features are: high resistance to vibration, reusability, resi...",1016930
Gamarra S.A.,Spain,Vitoria,01013,Hall 1.2,400,Railway Technology,"GAMARRA, S.A. at a glance: Spanish steel foundry - located at Vitoria Gasteiz
 
• our annual production of 7,000 tons comprises weights of 10 kgs. to 300 kgs. and dimensions of 1,100 x 1,100 mm. 
• customers: European State Railways among which we can mention: DB AG, SNCF, SNCB, SBB, ÖBB, RENFE, ...",1016940
"Gangtai Rail Transit (Shenyang) Material Technology Co., Ltd",China,Shenyang,110000,Hall 22,860,Railway Technology,"We has always been deeply rooted in the field of rail transit and has now developed into a comprehensive high-tech enterprise, specialized and innovative enterprise, and key enterprise in the rail transit industry that integrates research and development, design, production, sales, and full",1226808
GANZ Kapcsoló -és Készülékgyártó Kft,Hungary,Budapest X.,1101,Hall 11.2,200,Railway Technology,,1226920
Ganz Motor Kft.,Hungary,Budapest,1089,Hall 18,440,Railway Technology,"Design, development and manufacturing of diesel engines, railway bogies, axle drives, hydrodynamic transmissions, engines for the railway industry using up to date CAD/CAM and FEA system",1016964
GATX Rail Germany GmbH,Germany,Hamburg,20355,Outdoor Display,T4/16,Railway Infrastructure,"GATX Rail Europe is a leading, full-service railcar lessor offering a high-quality and diversified fleet. With an experienced, service-oriented team, GATX is focused on making railcar leasing and rail transport simple, efficient, and seamless.",1226615
GB Equipment Systems Limited,India,"Dehradun, Uttarakhand",248001,Hall 9,741,Railway Technology,"Engineering the future of railway motion since 1992 - GB Equipment Systems Limited specialises in manufacturing railway damping and suspension solutions, combining over three decades of engineering expertise with world-class manufacturing excellence.",1226881
GBM Gleisbaumechanik Brandenburg/H. GmbH,Germany,Brandenburg an der Havel,14774,Hall 25,425,Career Point; Railway Infrastructure,"GBM Gleisbaumechanik Brandenburg can look back on many years of experience in the development and production of railway vehicles and the maintenance and modernisation of vehicle technology connected with railways.

GBM is a company known for being an active economic partner all over Europe",1017075
GBneuhaus GmbH,Germany,Neuhaus am Rennweg,98724,Hall 7.2c,230,Railway Technology,,1017077
GCF - Generale Costruzioni Ferroviarie SpA,Italy,Rome,00144,Hall 26,315,Railway Infrastructure,"Railway, metro and tram track works, electrification and signalling:

• Construction of new lines including high speed tracks

• Construction of metro and tram lines

• Track renewal and ballast cleaning

• Construction of slab track

• Design and installation of Overhead Contact System",1017085
GDS - Global Display Solutions SpA,Italy,Cornedo Vicentino,36073,Hall 2.1,810,Public Transport,"With over 45 years of experience, GDS offers reliable solutions based on leading-edge display products, with vertically integrated in-house research, development, manufacturing, seamless global field service, legacy support and long-term continuity of supply. Our position as the chosen partner for..",1017091
GE Vernova,France,Massy,91300,Hall 22,475,Railway Infrastructure,We have the energy to change the world.,1211600
GEATECH GROUP SRL,Italy,ALTEDO,40051,Hall 23,210,Railway Infrastructure,"Geatech is a company with 20 years of experience specialised on design and construction of maintenance equipment for railway, tramway and metro lines; and in general terms, designs and manufactures hydraulic power stations.



Geatech has moreover obtained the certification ISO 9001 on the year...",1017101
Gebr. Steck GmbH,Germany,Rammingen,89192,Hall 26,595,Railway Infrastructure,,1227808
GECO srl,Italy,Galliate (NO),28066,Hall 10.1,270,Public Transport,"GECO is a system integrator delivering end-to-end solutions for security, safety, communications and time synchronization. Across transport, industrial, energy and smart security sectors, GECO combines AI, IoT, Autonomous Perimeter Defence, Centralized Control Centre and Cloud & Edge Platforms to im",1227154
Gedack Rohrsysteme GmbH,Germany,Dessau-Roßlau,06844,Hall 18,610,Railway Technology,Certifications / Authorizations DIN EN 15085-2 CL1 / EN 45545-2 / DIN ISO 9001: 2015We are a supplier of systems for track and road vehicle construction and for the construction of plant and specialist equipment.We supply specifically for vehicles and drive systems:The development and const...,1017123
Geismar Rail Industry Technologies & Services,France,Colmar,68000,Hall 26,420,Railway Infrastructure; Outdoor Display,Word leader in equipment and services for track laying and maintenance,1220388
Geissel India Pvt. Ltd.,India,Pune,412115,Hall 15.1,116,Railway Technology,,1226653
"Gemac Engineering Machinery Co., Ltd.",China,Xiangyang，Hubei,441000,Hall 26,415,Railway Infrastructure,"Founded in 1958, Gemac Engineering Machinery Co., Ltd. is a listed enterprise held by China Railway Wuhan Bureau Group Co., Ltd. under China State Railway Group Co., Ltd. Gemac focuses on the R&D and manufacturing of railway infrastructure maintenance equipment.",1017157
GEMINIS LATHES - TALGO MAINTENANCE,Spain,Elgoibar,20870,Hall 22,600,Railway Technology,"GEMINIS LATHES RAILWAYS - TALGO MAINTENANCE EQUIPMENTS
Together, the two variants of this combination form an all-in-one train maintenance system:
· Short-cycle maintenance.
· Long-cycle maintenance.",1017182
Gen Phoenix,United Kingdom,PETERBOROUGH,PE7 3HH,Hall 5.1,270,Interiors; World Innovations,"ELeather, our flagship recycled leather material, leverages the innate qualities of leather while elevating performance and offering limitless design possibilities. Experience infinitely customisable, sustainable luxury for the modern traveler.",1203590
GENERAL AUTO ELECTRIC CORPORATION,India,Mumbai,400072,Hall 27,785,Railway Technology,,1215154
genua GmbH,Germany,Kirchheim bei München,85551,Hall 27,540,Railway Technology,genua – Excellence in Digital Security,1017237
GEO DIGITAL GmbH,Germany,Düsseldorf,40470,Hall 5.2,775,Railway Infrastructure,"GEO DIGITAL GmbH, a subsidiary of IB&T Software GmbH, has been developing high-quality 3D BIM CAD solutions for the planning of rail-based local public transport for more than 30 years.",1017248
Geo++® Gesellschaft für satellitengestützte geodätische und navigatorische Technologien mbH,Germany,Garbsen,30827,Hall 7.1c,250,Railway Technology; Mobility+,,1226438
GEORAIL.solutions s.r.o.,Czechia,Ostrava,70200,Hall 23,145,Railway Infrastructure,We only sell what we actually use in the field every day. Top surveying equipment and services.,1017273
Georg Martin GmbH,Germany,Dietzenbach,63128,Hall 8.1,425,Railway Technology,"We have been manufacturing metallic shims for mechanical and plant engineering applications, for more than 60 years. Our spectrum of references comprises all essential areas of industry, with focus on companies involved in the automobile, aviation and aerospace industries.



We can offer you d...",1017279
Georg Schlegel GmbH & Co. KG,Germany,Dürmentingen,88525,Hall 27,160,Railway Technology,"GEORG SCHLEGEL GmbH & Co. KG is a leading supplier of pushbuttons and switches to operate machines and devices. For more than 75 years SCHLEGEL has been developing, designing and producing emergency-stop switches, panel mount jacks, enclosures, RFID systems as well as industrial networks.",1017280
Geosystem GBK GmbH,Germany,Berlin,13353,Hall 26,185,Railway Infrastructure,RAU Geosysteme GBK GmbH – Your Partner for Eco-Friendly Noise Protection Solutions,1017321
GER MÁQUINAS HERRAMIENTA SLU,Spain,ITZIAR,20829,Hall 8.1,350,Railway Infrastructure,"For many years, GER has been a trusted supplier in the grinding sector, particularly providing high-production machines for railway wheel axles, as well as grinding machines for their maintenance.",1225168
GERB Schwingungsiso. GmbH & Co KG,Germany,Berlin,13407,Hall 25,550,Railway Infrastructure,"GERB Vibration Control Systems is working with a special profession in vibration isolation, vibration control and seismic protection since 1908. This covers the elastic support of machines, equipment and buildings as well as damping of tall structures (e.g., stadiums, bridges, stacks, floors, bui...",1017329
GEREP Maschinenbau GmbH,Germany,Suderburg,29556,Hall 9,530,Public Transport,"As specialists in the area of vibration reduction we have been developing and producing hydraulic shock absorbers for decades for Rail cars Commercial vehicle.



Our top company objective to ensure that quality permeates through all of our production phases.



The results of this strategy c...",1017332
Gerflor,France,Tarare,69170,Hall 3.1,800,Interiors,"Gerflor is recognized as a specialist and world leader in resilient flooring solutions, well established in more than 100 countries. TRAVELLER is the Gerflor product range designed for metros, trams and trains applications. High product quality and innovative designs make TRAVELLER a major player...",1017333
Gersys GmbH,Germany,Wolfratshausen,82515,Hall 1.2,505,Railway Technology,"GERSYS was founded in 2001, is headquartered in Wolfratshausen, south of Munich, and employs 60 people. Since 2026, the company has been a wholly owned subsidiary of AMiT Transportation.",1017368
Gertek Gerätetechnik GmbH,Germany,Nürnberg,90439,Hall 22,420,Railway Infrastructure; World Innovations,"Gertek engineers and manufactures customer-specific secured power supply systems for railway infrastructure, telecommunications, industry and energy. As a DB Q1-certified partner, we will present robust DC, UPS and battery systems for critical applications at InnoTrans 2026.",1017369
Gerätebau-Energieanlagen -Telekommunikation GmbH,Germany,Geringswalde,09326,Hall 7.2b,100,Railway Infrastructure,"GET - your certified partner for individual switchgear in the field of railway infrastructure!

With more than 25 years of experience in the field of railway-specific low-voltage switchgear, we support our customers with electrotechnical competence and flexibility.

Our focus is on ...",1209520
GESTE Engineering SA,Switzerland,Renens,1020,Hall 2.2,250,Railway Infrastructure,"GESTE Engineering is a consulting-engineering company. Since 1999, it provides assistance in the fields of project management, expertise, studies and consultancy for a sustainable and safe mobility. Its activity ranges cover the Rail, Urban, Road, RAMS and Flows sectors.",1017384
GETA mbH,Germany,Wangen,88239,Hall 3.1; Outdoor Display,510; O/10,Interiors,For 125 years our business rest on traditions in wood-working industry of the founder family Buhmann. In this tradition of high quality products 1986 resulted the company GETA Interieur® under the direction of Mr. Dipl.-Ing (FH) Robert Buhmann.,1017402
Getzner Werkstoffe GmbH,Austria,Bürs,6706,Hall 21.e; Hall 25,50; 330,Railway Infrastructure; RecruitingLAB,"Getzner Werkstoffe is a leading global expert in vibration isolation for the railway, construction and industrial sectors. Advanced elastic solutions are designed to minimise vibration and noise, helping to safeguard structures, enhance system efficiency and improve comfort.",1017408
GEZ Rail Solutions GmbH,Germany,Gladbeck,45968,Hall 27,810,Railway Technology,,1017422
GFG Rail,Italy,Moncalieri (TO),10024,Hall 2.2,615,Railway Infrastructure,"We are a specific team of professionals focusing on rolling stock design services for companies worldwide.GFG Rail is an 100% italian company belonging to Fabrizio and Giorgetto Giugiaro, two of the most well-known designers in history, active in the fields of architecture and industrial design.",1017540
GFK-Ingenieure GmbH,Germany,Hannover,30159,Hall 21.e; Hall 5.2,745; 30,RecruitingLAB; Railway Infrastructure,"Our Motivation is doing things that are important to us, with people who are important to us. We are engineers who connect people, trades, areas, disciplines - quickly, adaptably and competently. Specialized in railway infrastructure projects, renewable energy and building construction.",1017433
Gföllner Fahrzeugbau und Containertechnik GmbH,Austria,St. Georgen bei Grieskirchen,4710,Outdoor Display,T4/70,Railway Technology,"Gföllner is a technology leader in the construction of technical containers and vehicle production. Customers from the energy, industrial, rail, and construction sectors rely on many years of experience and in-depth expertise.",1227475
GGB Heilbronn GmbH,Germany,Heilbronn,74078,Hall 21,560,Railway Infrastructure,"GGB delivers maintenance free bearing and coating solutions for railway applications. With tribological and application engineering expertise and global reach, GGB partners with OEMs to provide reliable, low noise, cost efficient solutions for safe passenger and freight transport.",1224875
GGG EISENBAHNSERVICE UG,Germany,Güsen,39317,Hall 7.1b,470,Railway Infrastructure,,1214041
GGT GMEINDER GETRIEBETECHNIK GmbH,Germany,Mosbach,74821,Hall 20,250,Railway Technology,"Gearboxes, drives and gear wheels for rail vehicles; own R&D team; gearboxes for rail maintenance vehicles, locomotives, trams, EMUs, DMUs",1017442
GI Plast S.R.L.,Italy,Lonate Ceppino (Varese),21050,Hall 5.1,204,Interiors,"About us
GI PLAST, leading company in the plastics business, stands out for the great innovation and high technology gained through 30 years of experience in the extrusion of TUBES, PROFILES and SHEETS. 
Thanks to a long-standing experience in the extrusion process of different polymers...",1017469
"Giansun Precision Machinery Equipment Technology Jiangyin Co., Ltd.",China,Jiangyin,214423,Hall 18,240,Railway Technology,"Giansun Precision Machinery Equipment Technology Jiangyin Co., Ltd. was established in 2007, affiliated to Jiangsu Giansun tech. Group, specializing in providing high-quality precision components for Rail Transit equipment, Wind power equipment, Construction equipment, and Transmission equipment .",1017473
GIBRALTAR AIRSPRINGS PRIVATE LIMITED,India,Howrah,711302,Hall 9,725,Railway Infrastructure,Best quality Air spring with a competitive price.,1017477
GIE EURAILTEST,France,Paris,75003,"CityCube, Hall A",300,Railway Technology,"Eurailtest supports the rail industry with expert consulting, advanced testing, and tailored engineering services, ensuring safe, compliant, and high-performing railway projects worldwide.",1017483
Giesecke+Devrient,Germany,München,81677,Hall 6.1,160,Railway Infrastructure,"G+D is a global SecurityTech leader enabling secure IoT connectivity through SIM, eSIM, and iSIM solutions. From fraud prevention to smart logistics and asset tracking, G+D empowers businesses with secure connections and unlimited potential.",1219742
GIFAS-ELECTRIC GmbH,Switzerland,Rheineck,9424,Hall 5.2,600,Tunnel Construction,"GIFAS-ELECTRIC Switzerland is part of the international GIFAS group. GIFAS as a competent, reliable partner for individual solutions for electrical and electro-technical products and services for the safety of tunnelsystems. We supply a wide range of different products, from plugs to optical guid...",1017498
GILARDONI SPA,Italy,MANDELLO LARIO,23826,Hall 21,630,Railway Infrastructure,"Gilardoni was founded in 1947 by Dott. Ing. Arturo Gilardoni whose objectives and mission were devoted to the realization of research laboratories of a world-wide dimension, with a structure capable to produce, distribute, sell and assist innovative products anywhere in the world.



Today Dott...",1017504
Gillam Powered by Infratech,Belgium,Thimister – Clermont,4890,Hall 11.2,260,Railway Technology,,1226791
GILLET TOOLS,France,NOGENT,52800,Hall 3.2,210,Railway Technology,"GILLET GROUP is a company of 65 people with an annual turnover of approximately 10 M€. The main part of our activity resides in design and manufacturing. The modernisation of our tools and equipment, our creative spirit and our specific skills enable us to respond to the needs of any company and to",1017511
GIMOTA AG,Switzerland,Geroldswil,8954,Hall 12,240,Railway Technology,GIMOTA AG develops and produces connection solutions for applications under the toughest conditions. The company is based near Zurich in Switzerland and was founded in 1961 by Otto Schoch and specialises in connectors for demanding railway applications.,1017513
GINO AG Elektrotechnische Fabrik,Germany,Bonn,53117,Hall 17,215,Railway Technology,"Company GINO AG - Elektrotechnische Fabrik has more than 40 years of experience in the production of power resistors from 50 W to 360 MW.In the Mobility Engineering department, GINO AG offers customer-specific solutions for all types of resistors that are demanded by today's and future markets ...",1017519
"GINYO Transport Facilities Co., Ltd",China,Jilin,130000,Hall 3.1,180,Interiors,"GINYO located at No. 1999 Fuye Road Changchun City, specializes in the railway vehicle seats, gangways and stainless products and interiors for domestic and overseas customers. GINYO has 3 sites respectively located in Changchun City, Chengdu City and Chuzhou City.",1134039
GIRO,Canada,Montréal,H2S 3L5,Hall 2.1,100,AI; Public Transport,"GIRO trägt seit über 45 Jahren maßgeblich zur Effizienzsteigerung im Personenverkehr bei – durch Lösungen zur Optimierung von Planung, Disposition und Betriebsabläufen, die von mehr als 100 Bahnbetreibern weltweit eingesetzt werden.",1017534
GL Spezialverglasung GmbH,Germany,Halstenbek,25469,Hall 1.1,210,Interiors,"special glazing

Glass and windows for all webs

bonding jobs

joint restorations

Scratch and sun protection films

GRP Repair/Repair

Windows for rail vehicles in Germany and Europe



Our experienced intervention teams are on site as quickly as possible with mobile workshop and...",1017556
GLAMA Maschinenbau GmbH,Germany,Gladbeck,45964,Hall 23,750,Railway Technology,"GLAMA Maschinenbau GmbH, founded in 1961, sells its know-how in engineering, manufacturing and commissioning of machines and equipment for customers of Steel Forging and Aluminum Industry on all continents of the world.",1017559
Glas Trösch AG Zweigniederlassung Rail,Switzerland,Ursenbach,4937,Hall 1.1,720,Interiors,Glas Trösch Rail is a leading supplier of innovative railway glazing solutions. From structural glazing and heated windows to customised frame systems and accredited testing services - we support customers from development to series production.,1017566
GLASSPORT s.r.o.,Slovakia,Trnava,SK-91701,Hall 10.1,230,Railway Technology,Safety glass and glazing systems,1017573
Glenair GmbH,Germany,Bad Homburg vor der Höhe,61348,Hall 11.1,420,Railway Technology,,1017576
GLM Lasermeßtechnik GmbH,Germany,Witten,58453,Hall 6.2,885,Railway Technology,"More than 30 years of industry solutions in the area of the industrial 3D metrology – a success story for GLM, customers, and projects. Experience the power of precise techniques in combination with innovative software.

Software
In 1991, GML developed the first individual software solution fo...",1017581
Global Centre of Rail Excellence (GCRE),United Kingdom,Wales,SA10 9PD,Hall 2.2,560,Railway Infrastructure,"The Global Centre of Rail Excellence (GCRE) is a new, purpose-built facility being developed in the UK that will provide facilities for world class research, testing and showcasing of rolling stock, infrastructure and net zero rail technologies that will serve markets across Europe and beyond",1226961
Global Rail Group,Austria,Wien,1020,Hall 26,150,Railway Infrastructure,"Global Rail Group is an international team of rail infrastructure experts. We deliver specialized training, recruitment, and consulting, helping companies worldwide build efficient networks and a skilled workforce for the future.",1018356
Globe Scott Motors Pvt Ltd,India,Valsad,396125,Hall 24,500,Railway Infrastructure,"Customized PMDC motors, geared motors, and railway signaling solutions engineered for reliability. With 40+ years of expertise, Globe Scott Motors helps OEMs and rail operators reduce downtime, minimize operational risk, improve system performance, & keep critical applications running without worry.",1017633
GLOBIZ.Inc,South Korea,Seoul,08804,Hall 6.2,775,Railway Technology,"GLOBIZ provides a condition-based maintenance (CBM) system, an integrated solution for predictive maintenance of railway vehicles. The CBM system and operating platform are applicable for the widest range of target devices of trains in the world.",1017636
Glovarail A/S,Denmark,Odense,DK 5260,"CityCube, Hall B",200,Interiors,,1209525
GMEINDER LOKOMOTIVEN GmbH,Germany,Mosbach,74821,Outdoor Display,O/260,Railway Technology,"GMEINDER LOKOMOTIVEN – We bring efficiency onto the railways

For more than 100 years, the name of GMEINDER LOKOMOTIVEN has been standing for efficient shunting locomotives. We have gathered in-depth experience in the development, manufacture and maintenance of locomotives.",1017671
GMH Gruppe,Germany,Georgsmarienhütte,49124,Hall 23,640,Railway Technology,"The GMH Gruppe provides sustainable solutions for the railway industry with GREEN STEEL. Our portfolio includes high-quality components for locomotives, freight wagons, and high-speed trains, manufactured to the highest quality standards with a reduced CO₂ footprint.",1207877
GMH Prüftechnik GmbH,Germany,Nürnberg,90471,Hall 6.2,810,Railway Technology,,1215522
GMT Gummi-Metall-Technik GmbH,Germany,Bühl,77815,Hall 9,620,Railway Technology,"Global manufacturing excellence
GMT specialise in the production of molded rubber and rubber-to-metal bonded anti-vibration components for use in a vast range of applications. Our products can be applied wherever unwanted noise and vibration are generated, may this be in rail road vehicles, airc...",1017676
Gmundner Fertigteile GmbH & Co KG,Austria,Ohlsdorf,4694,Hall 25,320,Railway Infrastructure,"GMUNDNER FERTIGTEILE – a successful medium-sized enterprise for the production of pre-fabricated reinforced polymer concrete and cement concrete parts, specialized in products for the transport sector and energy supply technology.

GMUNDNER FERTIGTEILE started producing station and hall constru...",1017677
GMV,Spain,Tres Cantos - Madrid,28760,Hall 2.1,340,World Innovations; Public Transport,"GMV’s solutions for rail:SAE-R: Automatic Vehicle Location System for rail.Info-Pass: On board passenger information systemDV-REC: Digital video-surveillance PA-Intercom: Public address and intercommunications system.Automatic Fare Collection Systems: in-station, on board and backoffice systems",1017678
Goal,Spain,Madrid,28042,Hall 2.1,415,Public Transport,"Goal provides advanced planning and optimisation software for bus, rail and metro operators, helping improve efficiency, reduce costs and deliver more reliable services.",1017723
Goldschmidt Holding GmbH,Germany,Leipzig,04109,Hall 25; Outdoor Display,485; O/177,Outdoor Display; Railway Infrastructure,"Goldschmidt is a global group of companies. Together with our customers and partners, we are shaping the rail-bound mobility of tomorrow with products and services for the joining of rails, modern construction of railway tracks as well as inspection and maintenance of track infrastructure.",1017841
goNEON Agentic Systems AG,Switzerland,Zürich,8058,Hall 7.1a,200,Railway Infrastructure; AI Mobility Lab; World Innovations,"goNEON uses agentic AI to generate regulation-compliant infrastructure plans in minutes instead of months. With our planning agent N! we help planning firms and infrastructure operators replace slow, manual planning with fast, scalable, decision-making.",1222698
Good Tool SL,Spain,Aranda de Duero,09400,Hall 6.2,520,Railway Technology,,1226068
GoodMaps,United States of America,Louisville,40206,Hall 7.1c,215,Mobility+; Interiors,"GoodMaps delivers infrastructure-free indoor navigation for complex transit hubs, guiding passengers in real time from entrance to platform. With precise positioning, accessibility at its core, and seamless integration, it enhances journeys while reducing cost and operational complexity.",1017888
Gottlieb Binder GmbH & Co. KG,Germany,Holzgerlingen,71088,Hall 1.1,140,World Innovations; Interiors,Application-specific fastening solutions: repositionable and reclosable,1017933
Gradall Industries LLC,United States of America,New Philadelphia,44663,Hall 26,225,Railway Infrastructure,EFFICIENTLY HANDLING MAINTENANCE OF WAY JOBS and Rail Maintenance,1211442
Grampet Debreceni Vagongyár Kft,Hungary,Debrecen,4034,Hall 6.2,710,Railway Technology,"The company was founded in 1893 in Debrecen. At the end of 1992, the plant was transformed into an independent legal entity, but 100% of the shares were still in the hands of the Hungarian Railways. Since 2010 the owner is Grampet S.A.",1017997
Grant Thornton,United Kingdom,London,EC2M 7EA,Hall 6.1,125,Public Transport,"With global insight and specialist expertise, Grant Thornton helps public authorities and private clients across the transport sector deliver better outcomes — from operations to complex projects, commercial initiatives and change.",1223499
GRAS Sound & Vibration,Denmark,Holte,2840,"CityCube, Hall A",350,Railway Technology,,1224535
Gravlund Rubber Solutions A/S,Denmark,Ballerup,2750,Hall 11.2,210,Public Transport,"Gravlund Rubber Solutions has supplied the railway industry with high-quality rubber components for more than 30 years. Our specialty is the development and manufacture of rubber components, all produced at our factory in Denmark. Gravlund is certified to ISO 9001, ISO 14001 and ISO 45001.",1226285
GRE German Rail Engineering GmbH,Germany,Berlin,12435,Hall 5.2,760,Railway Infrastructure,GRE German Rail Engineering provides nationwide services to design and manage complex infrastructure projects,1018114
Greenbrier Europe,Romania,Arad,310141,Hall 3.2; Outdoor Display,640; T2/22; T3/40; T3/45; T3/48; T4/40,Railway Technology; Outdoor Display,-,1223920
Greenpipe Group,Sweden,Växjö,352 27,Hall 25,132,Railway Infrastructure,"Greenpipe - Innovation for a green future. 

Our mission is to create sustainable infrastructure for future generations. With deliver innovative products within infrastructure such as divisible cable protection, bases and anchors.",1204548
Greenwood Engineering A/S,Denmark,Broendby,2605,Hall 23,540,Railway Technology,"Greenwood Engineering A/S manufactures the MiniProf digital profile measuring systems, premier full-contact measuring tools designed for monitoring and analysing the cross-sectional profiles of railway tracks, wheels, brakes, switches and crossings.",1018246
Gremmler Bauchemie GmbH,Germany,Huenxe,46569,Hall 26,155,Railway Infrastructure,"Gremmler Bauchemie GmbH since more than 25 years manufacture and 
supplier for the high quality epoxy based ballast bondiing resin GREBOPOX.",1018260
GREYSHAM INTERNATIONAL PRIVATE LIMITED,India,NOIDA,201301,Hall 1.2,550,Railway Technology,"Greysham International is ISO and IRIS (International Railway Industry Standard) approved company Complete Air Brake systems and spares for passenger coaches and freight stock including Distributor Valve, Brake Cylinder, Slack Adjusters, all types of End Cock and isolating cocks; load sensing valve.",1018267
GREYSTAL,France,Montreuil-Bellay,49260,Hall 5.1,215,Interiors,,1222624
Grinding Technology Srl. - Morara,Italy,Cassine,15016,Hall 22,720,Railway Technology,"Grinding Technology with the brands of Meccanodora, Morara and Tacchella is the undisputed leader in turning, milling, grinding and gear manufacturing technology.",1226918
Gripple Limited,United Kingdom,Sheffield,S9 2UB,Hall 5.2,670,Railway Infrastructure,"Gripple Limited are a UK-based manufacturer supplying the Construction, Agriculture, Rail, Civil and Solar industries. With a target of achieving 20% of turnover from products which are less than five years old, Gripple has a focus on developing innovative solutions to solve real-world problems.",1220500
griwecolor GmbH,Germany,Bräunlingen,78199,Hall 8.1,310,Railway Technology,griwecolor GmbH - we make the world a little more colourful!,1018290
Groeneveld-BEKA GmbH,Germany,Pegnitz,91257,Hall 22,760,Railway Technology,"Groeneveld‑BEKA is a global leader in automatic lubrication systems for machinery and equipment. Its solutions reduce wear, extend component life, and improve equipment reliability.",1018298
Groupe SYSTEREL,France,AIX EN PROVENCE,13100,Hall 3.2,210,Railway Technology,"Engineering of safety-critical systems, cybersecurity and software, offering extensive signaling experience based on cutting-edge technologies.",1039312
Grupo Técnico RIVI S.L.,Spain,María de Huerva,50430,Hall 22,700,Railway Technology,"RIVI is a Technical Group fully dedicated to engineering, design and manufacturing Automatic Lubrication Systems & Fluid Technology for heavy industry, such as RailRoad, Pulp & Paper, Oil & Gas, Steel, Energy, and rotative equipment in general.

Also turn-key installations & Maintenance on site.",1211126
Gruppo Bonomi (legal form: Bonomi Eugenio Spa),Italy,Montichiari,25018,Hall 22,360,Railway Infrastructure,"Bonomi has been involved in rail electrification from its inception providing high performance and innovative solutions in overhead
line technology (up to 25 kV). Bononi offers design and production flexibility, which supports customer requirements from component specification to overall line design",1005683
GS1 Germany GmbH,Germany,Köln,50933,Hall 2.2,410,Railway Technology,"Collaboration of GS1 with the rail sector started in 2010, and GS1 Germany has been involved from the very beginning. Until today, we have developed three application standards with and for the rail sector, as the implementation of GS1 standards in this industry continues to grow.",1018464
GSF Railinfra GmbH,Germany,München,81373,Hall 25,250,Railway Infrastructure,,1226004
GSI - Gesellschaft für Schweißtechnik International mbH,Germany,Duisburg,47057,"CityCube, Hall A",700,Railway Technology,,1221922
GTB Bahntechnik GmbH,Germany,Treuenbrietzen,14929,"CityCube, Hall B",210,Railway Technology,"PZB/INDUSI components since 1984
 
• Manufacturer and supplier of the Inductive Automatic Train Protection System: PZB/INDUSI based on three frequencies: 500 Hz, 1000 Hz und 2000 Hz. 
• Components are approved by EBA (Eisenbahn-Bundesamt) 
• Quality- and Environmental Management according ISO 9001:",1018484
"Guangzhou Metro Group Co., Ltd.",China,Guangzhou,510330,Hall 7.2c,200,Railway Technology,,1227528
"Guangzhou Railway Locomotive Fittings  Works CO.,Ltd",China,Guangzhou,510800,Hall 18,155,Railway Technology,,1018513
GuK Technische Gummi und Kunststoffe GmbH,Germany,Berlin,12277,Hall 8.1,470,Railway Technology,"GuK Technische Gummi und Kunststoffe GmbH is your specialist consultant in the field of rubber and plastics technology. We see ourselves as a solution provider and competent partner for our customers, who benefit from the comprehensive know-how and innovative spirit of our employees.",1018554
GURUTZPE Turning Solutions S.L.,Spain,Itziar,20829,Hall 22,830,Railway Infrastructure,"High-precision horizontal turning solutions for large railway components. Designed for machining wheelsets, axles, and critical parts with maximum stability and long-term reliability.",1018596
Gustav Klein GmbH & Co. KG,Germany,Schongau,86956,Hall 22,240,Railway Infrastructure,Gustav Klein was founded in Schongau in 1948 and has been supplying stationary traction power supplies for over 50 years. Gustav Klein is a certified Q1 supplier to Deutsche Bahn and has also counted ÖBB and SBB among its valued customers for decades.,1018603
Gutor,Switzerland,Wettingen,5430,Hall 11.1,275,Railway Technology; World Innovations,The leading international Solutions & Services provider of uninterruptible power supply systems for industrial applications.,1221502
GVE Viehbeck Engineering + Systemtechnik GmbH,Germany,Ansbach,91522,"CityCube, Hall A",240,Interiors,"We are your partner in the rail vehicle industry.

At the joint booth of the Railway Technology Cluster,
Hall A, City Cube 240,
we would be happy to tell you more about our product portfolio, our experience, and our expertise.",1018631
GVS Gesellschaft für Verkehrsberatung u. Systemplanung mbH,Germany,Hannover,30159,Hall 4.1,250,Public Transport,"Main working area include:

conceptional and strategic planning of the whole transport sector transport surveys for all modes of transport Development and maintance of planning and information software in the field of transport. Main software product is FAN (Planning and information system for ...",1018632
GW Batterien GmbH,Germany,Zwickau,08056,Hall 7.2b,200,Railway Technology,"GW Batterien GmbH - Battery systems and specialist products  to meet the most stringent requirements
 
As an innovative and flexible company we not only develop, build and deliver battery systems featuring nickel cadmium, lead and lithium ion technology but also see ourselves as problem solvers.",1018636
GYS GmbH,Germany,Aachen,52070,Hall 5.2,726,World Innovations; Railway Infrastructure,,1150970
Gök Yapı Sanayi ve Ticaret A.Ş.,Türkiye,Sivas,58000,Hall 3.2; Outdoor Display,670; T4/16; T4/17; T5/45,Railway Technology; Outdoor Display,"Built for Freight. Engineered for Endurance.

Everything under one roof.

Located in Sivas, Türkiye, our integrated production facility brings together engineering, fabrication, assembly, testing and commissioning in one location—ensuring complete production traceability, consistent quality and effi",1017770
GÖLZ GmbH,Germany,Hellenthal,53940,Hall 5.2,870,Railway Infrastructure,"Since 80 years, GÖLZ has been delivering innovative drilling and cutting solutions. We continuously evolve beyond our traditional core business, exploring new technologies, applications, and markets to provide professional solutions for the future.",1220103
Güde GmbH,Germany,Plettenberg,58840,Hall 25,170,Railway Infrastructure,"Founded in 1948, Güde is a Plettenberg-based specialist in high-quality screw locking and fastening elements. With streamlined logistics, custom packaging, and competitive prices, Güde ships up to 140 pallets daily to customers around the world!",1018530
Güdel AG,Switzerland,Langenthal,4900,Hall 21,400,Railway Technology,"The Güdel Group is a manufacturer of high-precision machine components and provider of turnkey automation solutions. Its spectrum of products ranges from linear guideways, racks, pinions and drives right through to linear axes and gantry robots.",1225443
Günter Bechtold GmbH,Germany,Weilheim,82362,"CityCube, Hall A",240,Railway Technology,"Welded components in accordance with DIN EN 15085 and DIN 2303, sheet metal manufacturing on fully automated Punching-Laser-Cutting-machines",1209249
Günter Lehmann Verkehrstechnik GmbH,Germany,Vetschau,03226,Hall 7.2b,200,Railway Technology,"Die Günter Lehmann Verkehrstechnik GmbH ist ein führendes Unternehmen in der Instandhaltung von angetriebenen Radsätzen und mechanischen Getrieben. Unser umfassendes Leistungsspektrum umfasst die Bearbeitung verschiedenster Komponenten, darunter Achsen und Wellen, Lagergehäuse und Gussteile.",1208987
GÜRAL ELEKTRİK MALZEMELERİ TİCARET VE SANAYİ ANONİM ŞİRKETİ,Türkiye,Beyoğlu/İstanbul,34425,Hall 22,540,Railway Infrastructure,"Güral Elektrik is a Turkish manufacturer of medium-, high- and extra-high-voltage switching equipment, offering disconnectors, earthing switches and fuse solutions for transmission and distribution networks up to 550 kV.",1220452
Gürgenler Metal Şekillendirme İşleme San.Tic.A.Ş.,Türkiye,ANKARA,06909,Hall 8.1,220,Interiors,"The company stands out for its advanced knowledge of the requirements of the UIC 810-1 standard, as well as its proficiency in mechanical testing, metallurgical analysis, non-destructive testing (NDT) methods, and comprehensive quality assurance and validation processes.",1219520
GÜRMAK DEMİRYOLU BAĞLANTI ELEMANLARI SAN.TİC.A.Ş.,Türkiye,Istanbul,34956,Hall 26,160,Railway Infrastructure,"Gurmak Demiryolu is a company provides fastening solutions for every railway types. Gurmak rail fastening are already working all over the world efficiently and safely. With our high production capacity for both steel and plastic parts, fastest solution is our sets.",1018592
H. Costenoble GmbH & Co. KG,Germany,Eschborn,65760,Hall 22,850,Railway Technology,"Costenoble is an internationally respected trading company and a reputable producer of chemical-technical products and special chemicals. The company, founded in 1953, is a specialist in lubricants, coatings, pigments, adhesives, and sealants with a worldwide network.",1018666
H.F. Wiebe GmbH & Co. KG,Germany,Achim,28832,Outdoor Display,O5/70; T5/70,Outdoor Display; Railway Infrastructure,"H. F. Wiebe is an innovative medium sized company that has been successfull  for more than 175 years. H. F. Wiebe and its susidiary companies (BLP, Sächsische Bau and ITG) operate in the growing railroad infrastructure sector. The group offers a comprehensive range of modern technology for track...",1018672
HACI AYVAZ,Türkiye,ISTANBUL,34555,Hall 20,147,Interiors,,1018713
Hacon Ingenieurgesellschaft mbH,Germany,Hannover,30163,Hall 27,230,Public Transport,Hacon - A Siemens Company,1209244
Hagen F.  Lothes GmbH,Germany,Plettenberg,58840,Hall 25,160,Railway Infrastructure,"Break Shoes, Emergency Rail Clamps, Rail fastenings and much more made in Germany! 
We have our own engineering and production, which makes us competent to deliver individual solutions in superior quality. 
We provide exactly the product to your needs.",1018737
Hamburg Port Authority AöR,Germany,20457 Hamburg,20457,Hall 2.2,410,Railway Infrastructure; Career Point,Experience the HPA Port Railway – the heart of Europe’s largest railway port! Around 160 rail transport operators put their trust in our infrastructure and service.,1018813
Hanjes + Co Stahlbau GmbH,Austria,Wien,1230,Hall 3.1,270,Interiors,"We are a service company in the metalworking sector and are specialised in the processing of sheet metal, aluminium profiles, stainless steel and steel.Our clients are enterprises from the rail vehicle industry, pharmaceutical, chemical and food industry and sewage technology.",1018875
"Hankuk Carbon Co., Ltd.",South Korea,Miryang-si,50403,Hall 3.2,230,Railway Technology,"Hankuk Carbon delivers trusted GFRP and prepreg composite solutions for rolling stock. Backed by IRIS and ISO 9001 certified manufacturing, we provide lightweight, durable, and reliable railway components.",1018877
Hankyu Corporation,Japan,Osaka,5308389,Hall 7.2a,100,Public Transport,"With over 100 years of history, we are a leading private railway group in Japan and a pioneer in TOD, connecting people and communities through railway, IT solutions,  real estate and diverse businesses—enhancing everyday life and creating richer experiences.",1226755
HANNING & KAHL GmbH & Co. KG,Germany,Oerlinghausen,33813,Hall 27,610,Public Transport,"# driving mobility # enhancing service # real added value
Realising products and solutions for long-distance, public transport and freight forwarding requires many years of competence. This is where our experts and customers excel. Together with our customers, we develop new mobility solution.",1018882
Hanover Displays Ltd,United Kingdom,"Lewes, East Sussex",BN8 6JN,Hall 2.1,420,Public Transport,"Hanover Displays has been designing and manufacturing passenger information systems for the public transport industry since 1985. 
We have a global reputation for exceptional products, industry-leading warranties, and unrivalled customer service.",1018890
HANSA-FLEX AG,Germany,Bremen,28307,Hall 10.2,230,Railway Technology,HYDRAULICS CAN BE FOUND ALMOST ANYWHERE. SO CAN WE.,1018904
HARBINGER TECHNOLOGY CORP.,Taiwan,"Zhonghe, New Taipei City",235603,Hall 11.2,310,Railway Technology,,1227086
Hardi-AMC Ltd.,Bulgaria,Montana,3400,Hall 6.2,630,Railway Technology,"We offer reliable solutions for maintenance of rolling railway stock.
We have a wide range of facilities, complementing the landfill equipment .
We guarantee high quality and technological innovation.
The use of automatic washing stations allows trains to remain impeccably clean.",1018977
Harmill Systems Ltd,United Kingdom,Leighton Buzzard,LU7 4UH,Hall 6.2,110,Railway Technology,"Road / rail shunters for trains and bogies. Mobile roof access gantries with crane. Scissor tables, engine lifts.",1208769
HARTING Deutschland GmbH & Co. KG,Germany,Minden,32427,Hall 12,310,Railway Technology,"The HARTING Technology Group is a leading global provider of industrial connectivity. Its solutions transmit data, signals and power across industries, including transportation, mechanical engineering, e-mobility, automation, and renewable energy generation, storage and distribution.",1019010
Haskoning,Netherlands,Amersfoort,3818EX,Hall 11.2,120,Railway Infrastructure,,1227425
HaslerRail AG,Switzerland,Bern,3018,Hall 27,630,Career Point; Railway Technology; World Innovations,"HaslerRail - Reliable on-board electronics for modern railways - from data recording and speed sensing to energy management and visualisation, enabling safe, efficient and connected train operations.",1019030
Hasso-Plattner-Institut für Digital Engineering gGmbH,Germany,Potsdam,14482,"CityCube, Hall B",220,Railway Technology,,1019035
Hastema GmbH,Switzerland,Brügg,2555,Hall 23,450,Railway Infrastructure,"• Dynamic rail scales, weighing system, legal for trade 
• Automatic train monitoring, measuring wheel load impacts, flat wheels, etc. 
• Wagon identification (UIC Number recognition by camera or by RFID) 
• Wagon inspection 
• Mobile and stationary point inspection systems 
• Point drives test b...",1019036
Hatch,United Kingdom,London,EC4A 3AG,Hall 26,615,Railway Infrastructure,"Hatch partners with agencies to modernize infrastructure, grow rail networks, and improve passenger experience with solutions designed to support long term urban mobility and sustainability.",1225618
Havelländische Eisenbahn AG,Germany,Wustermark OT Elstal,14641,"CityCube, Hall B",310,Public Transport,"We are a successful private railway company,
on the move for our customers throughout
Germany and its neighbouring countries.",1121543
Hayden AI Technologies Ireland Limited,Ireland,Dublin,2,Hall 7.1c,245,Public Transport,"Hayden AI enables safer, smarter and more efficient cities through advanced AI image analysis on vehicle-based hardware that analyzes urban environments in real-time and improves traffic safety and public transit performance.",1226729
Hays,Germany,Mannheim,68163,Hall 7.1b,150,Public Transport,"WIR ARBEITEN FÜR IHR MORGEN 
Ob Arbeitskräftestrategie, Infrastrukturausbau, Innovation oder Digitalisierung – Hays unterstützt bei der Rekrutierung von Fach- und Führungskräften für Vakanzen in den verschiedensten Bereichen.",1019103
HBK Hottinger Brüel & Kjaer,Germany,Darmstadt,64293,Hall 23,315,World Innovations; Railway Infrastructure,"HBK offers comprehensive railway test products and services, integrating sensors, testing, and measurement with simulation and analysis. Trusted worldwide, HBK covers all critical metrology aspects for design, testing, control, and monitoring, built on decades of industry collaboration.",1020513
HBL Germany GmbH/HBL Engineering Ltd.,Germany,Zwickau,08056,Hall 7.2b,100,Railway Technology,HBL is a leading supplier of railway batteries for rolling stock and trackside use. We supply nickel cadmium and lithium-ion batteries along with the associated structural battery boxes and electrical interfaces. HBL offers strong engineering design capabilities and a broad portfolio of references.,1019110
HC Linear Kft.,Hungary,Pécs,7630,Hall 4.1,270,Public Transport,"For over 35 years, HC Linear has been developing innovative public transport solutions. From R&D and manufacturing to system integration and operational support, we provide end-to-end passenger information and transport technology solutions under one roof.",1204075
HDS a.s.,Slovakia,Dolný Kubín,026 01,Hall 10.1,230,Public Transport,,1227854
Head acoustics GmbH,Germany,Herzogenrath,52134,Hall 27,601,Railway Technology; World Innovations,HEAD acoustics GmbH is one of the world’s leading providers of integrated solutions for noise and vibration analysis.,1220383
"Head Sun Co., Ltd.",China,Fuyong Town,518103,Hall 7.1b,170,Interiors,"We are a Chinese manufacturer specializing in customized rail & commercial long strip displays and vehicle-mounted monitors for metro, train and bus systems. We offer ODM & OEM service covering PCB design, structural development and strict anti-vibration & wide-temperature tests.",1218947
HEBCO Industrie - CATALDI sas,France,MARMANDE,47200,Hall 18,680,Railway Technology,,1019156
Hedemora Turbo & Diesel AB,Sweden,Hedemora,77635,Hall 18,570,Railway Technology,Highly efficient air-cooled axial turbochargers for locomotives that improves fuel efficiency and operability. Talk to us at Hedemora how we can help you reach your environmental and financial targets for the next five years.,1019172
HEH-LED - Ing. Helmuth Horvath,Austria,Zurndorf,2424,Hall 21,350,Interiors,"We solve rail vehicle lighting where catalogue products stop: retrofit, custom LED replacements, serviceability and long-term spare parts availability.",1019187
HEICO Group,Germany,Ense-Höingen,59469,Hall 8.2,110,Railway Technology,HEICO Group - A STRONG GROUP BEHIND STRONG PRODUCTS,1019190
HEINRICH KIPP WERK GmbH & Co. KG,Germany,Sulz am Neckar,72172,Hall 8.1,440,Interiors,"MANUFACTURING EXPERTISE WITH FAMILY TRADITION

KIPP is a manufacturer in the field of clamping technology, standard elements and operating parts - we produce in Germany with a large machine park.",1019228
Heinrich Krug GmbH & Co. KG,Germany,Dortmund,44145,Hall 25,415,Railway Infrastructure,"Innovation und Tradition

Über 100 Jahre sind wir professioneller Ansprechpartner für hochqualitative Produkte in den Bereichen Schienen, Weichenbau und Kranbahntechnik. Die ständige Optimierung unserer Fertigungsprozesse und unser Qualitätsbewußtsein bieten die Voraussetzung für eine wirtschaftl...",1019229
HeiterBlick GmbH,Germany,Leipzig,04179,Hall 3.2; Outdoor Display,420; T11/50,Public Transport,You have specific requirements for your tram und you are looking for a tailor made product? You are looking for an independent company that can act flexibly und does not think contractually? Than you are just right here at HeiterBlick. There are only two items we insist to be the technological ba...,1019242
Helbling Technik AG,Switzerland,Aarau,5000,Hall 2.2,250,Railway Infrastructure,"- Transportation Mechatronic Systems 
- Fahrzeug- und Energiesysteme 
- Modellierung und Simulation",1019246
HellermannTyton GmbH & Co. KG,Germany,Tornesch,25436,Hall 12,420,Railway Technology,"HellermannTyton is a leading manufacturer and supplier of quality products for fastening, fixing, installing, connecting, insulating, protecting and identifying electrical cables and network connectivity solutions.",1019278
Helmholz & Pauli GmbH,Germany,Frankfurt am Main,60431,Hall 27,490,Railway Technology,"Lighting Systems for Railway Rolling Stock. Specialized in LED technology for mainland railway, metro and tram. Leading product line for exterior and interior lightsFulfillment of UIC; TSI, ECE, SAE and national norms. LED refittings. System supplier and customized solutions",1019296
HEMSCHEIDT | RAIL,Germany,Feucht,90537,Hall 1.2,120,Railway Technology,,1225931
"HENAN QIANGLI MACHINERY CO., LTD",China,Henan,450001,Hall 26,300,Railway Infrastructure,"The mainly products is rail grinder,rail cutter, wrench, tamping pick, drilling machine, etc., as well as railway tools, provide gasoline engine type, motor type and batteries type , provide special design and production according to the customer's engineering requirements and track Specifications.",1019318
"Henan Ruver General Equipment Co., Ltd.",China,zhengzhou,450000,Hall 6.2,910,Railway Technology,"Henen Ruver General Equipment Co. Ltd. (Chinesisches Festland) wurde 2007 gegründet. Es ist ein Unternehmen, das technische Dienstleistungen für umfassende Ausrüstungen anbietet und sich auf die Instandhaltung großer bahntechnischer Maschinen spezialisiert hat. Zur Ausstattung gehören Stopfmaschi...",1019319
"Henan Sulun Rail Transit Equipment Co., Ltd",China,HENAN,453000,Hall 20,440,Railway Technology,"Henan Sulun Rail Transit Equipment Co., Ltd is the first high-end equipment enterprise in Henan Province that uses rolling technology to produce rail transit wheels and industrial wheels.",1019320
"Henan Xinda Railway Equipment Co.,Ltd",China,Anyang,455000,Hall 21,212,Railway Infrastructure,"Henan Xinda Railway Equipment Co., Ltd. (est.1994, Anyang) - 30+ years in rail fastening R&D. 130K㎡, 400+ staff, 30+ patents. Disruptive dual-line heating system for spring bars. Products: clips, bolts, spikes, tie plates, joint bars. Customization. ISO9001, AREMA, BS, GOST. Export to 20+ countries.",1019321
"HENGSHUI YITONG PIPE INDUSTRY CO.,LTD",China,Hebei,053400,Hall 5.2,535,Railway Infrastructure,"Our main products includes 4 types culvert pipes and irregular-shaped pipes, annual capacity is 500,000 meters, the company obtained ISO9000 quality and ISO 14000, ISO18001 certificates",1220168
Henkel AG & Co. KGaA,Germany,Düsseldorf,40589,Hall 8.2,385,Railway Technology,"We are YOUR PARTNER IN THE RAIL INDUSTRY. We can help you reduce weight, increase durability, enhance reliability, and we’re continually developing innovations and sustainability to help you succeed in the future.",1019327
HEPA Hungarian Export Promotion Agency Nonprofit Private Company Limited by Shares,Hungary,Budapest,1027,Hall 11.2,200,Railway Technology,-,1019351
Herbert Kneitz GmbH,Austria,Bad Mitterndorf,8983,Hall 1.1,680,Interiors,"Herbert KNEITZ GmbH

From the heart of Austria, Herbert KNEITZ GmbH is one of the leading manufacturers of premium interior textiles in the automotive and transport industry.",1019360
HERING Gruppe,Germany,Burbach,57299,Hall 25,365,Railway Infrastructure,"HERING Group – Sustainable Rail Solutions

HERING, a family-owned German company with over 130 years of experience, delivers innovative and sustainable solutions for railway infrastructure and platforms. At InnoTrans, HERING showcases future-ready, efficient transport solutions.",1019374
Herman technologies s.r.o.,Czechia,Modrice,664 42,Hall 2.1,145,Public Transport,"The company Ing. Ivo Herman, CSc. was founded 1.5.1990 for manufacturing and development of special electrical products and it followed the projects done before.

The most important programme of company is focus on public transport, C-ITS and V2X.",1021524
HERMOS Systems GmbH,Germany,Dresden,01157,Hall 7.2b,100,Railway Infrastructure,HERMOS is a group of international companies involved in automation and information processing.Businesses want to work rationally in the future as well. Specified quality must be maintained and safeguarded. Employer potential should be implemented in a meaningful manner. The demands for quality o...,1019405
HEROS Helvetic Rolling Stock GmbH,Switzerland,Rheinfelden,4310,Hall 2.2,250,Railway Technology,,1019410
Hessapp / FFG Werke GmbH,Germany,Taunusstein-Hahn,65232,Hall 22,720,Railway Technology,"Hessapp specializes in high-precision vertical lathes for series production and complex machining tasks. The machines are used in the following industries, among others:
•    Rail industry  (wheel sets and wheels) 
•    Commercial vehicle industry 
•    Wind energy
•    General mech. engineering",1211096
HET Elastomertechnik GmbH,Germany,Wiesbaden,65203,Hall 25,605,Railway Infrastructure,"Visit us at the InnoTrans in Berlin! We will be presenting innovative products such as the ELETCPUR rail level crossing, the proven rail insulation ELTECPUR rail with filler blocks, the polyurethane grouts V FLOW and V FLEX as well as the TRAVETTO slab track systems.",1019456
Hewlett Packard GmbH,Germany,Böblingen,71034,Hall 7.1b,400,Railway Infrastructure,,1203488
Hexagon,Austria,Graz,8053,Hall 23,530,Railway Technology,"FROM MEASUREMENT TO DEMAND PLANNING - CLOSING THE LOOP WITH CALIPRI

Thanks to its unique CALIPRI technology, Hexagon, through its CALIPRI brand, is one of the world’s leading providers of mobile profile measurement systems for measuring wear on wheels, rails, and tracks.",1029036
HGN Scalar GmbH,Germany,Bebra,36179,Hall 23,770,Railway Technology,Optical systems for visual inspection and measurement for maintenance and manufacturing.,1209722
Hi-Bond Bearings Pvt Ltd,India,Rajkot,360003,Hall 20,655,Railway Technology,"We are an India based company established in 1990, manufacturing bimetal / trimetal Bearings, Bushings, Thrust Washers, Thrust Bearings & Tilting Pads for Diesel Engines, Heavy Engines (diesel, internal combustion, automotive and marine), Gas and Steam Turbines, Earth movers, Pumps, Compressors, ...",1019515
HIAROM INVEST SRL,Romania,Dragomirești-Vale,077095,Outdoor Display,O/385,Railway Infrastructure,"Success needs a strong driving force and a reliable partner: Hiarom Railway and Hiarom Superstructure offer you the best dynamics and 
optimum efficiency to that you can cope with the challenges of our times. Rely on our innovative technologies, maximum economic efficiency and extra safety.",1212527
HIFI FILTER FRANCE,France,Pontarlier Cedex,25303,Hall 10.2,160,Railway Technology,"HIFI FILTER: Specialised in filtration systems and spare parts. Our main strength is our broad range of more than 30,000 different types of high-quality filters on stock that meet the requirements of a wide range of applications.",1019535
highQ Computerlösungen GmbH,Germany,Freiburg im Breisgau,79100,Hall 2.1,320,World Innovations; Public Transport,"For more than 25 years, highQ Computerlösungen GmbH has been supporting transport companies and municipalities in the effective planning, implementation, optimization and monitoring of their tasks. Their innovative software solutions make public transport more fluid and environmentally friendly.",1019546
Hilton Kommunal GmbH,Germany,Gehrden,30989,Outdoor Display,O/390,Outdoor Display; Railway Infrastructure,"Seit 1920 ist Schörling ein Pionier im Bereich Zweiwegefahrzeuge. Heute führt Hilton Kommunal dieses Erbe fort und entwickelt sowie produziert innovative Fahrzeuge für die Gleisreinigung, Instandhaltung, Rettung und Rangierarbeiten in Deutschland und den Niederlanden für Kunden weltweit.",1019600
HIMA Group,Germany,Brühl,68782,Hall 27,540,Railway Technology; World Innovations,"HIMA is the safety backbone of the digital railway, delivering certified systems that keep trains, signalling and infrastructure safe. Its product and solutions portfolio spans onboard safety, signalling, and SCADA applications, all built on certified safety technology.",1019630
Himmel u. Papesch Bauunternehmung GmbH,Germany,Bebra,36179,Hall 23,770,Railway Infrastructure,Specialized civil- and structural engineering are our passion.,1209948
HIOLLE Technologies,France,PROUVY,59121,Hall 11.2,270,Interiors,"HIOLLE Technologies delivering innovative solutions in : 
-	Electrical wiring and systems integration
-	Maintenance and technical services",1227011
Hird Rail Development Ltd,United Kingdom,Doncaster,DN4 5NF,Hall 25,300,Railway Infrastructure,"An international supplier of rail infrastructure products. Manufacturing & supplying Insulated Glued Joints, IBJ kits, Insulated Dry Joints, End Post Repair Kits, CBX equipment, Recycled Rubber Anti-trespass mats and Polymer cable management system.",1019661
Hirect Limited,India,Mumbai,400078,Hall 9,621,Railway Technology,"Hirect Limited manufactures products ranging from converters, control electronics, transformers, rectifiers, inverters and semiconductor devices. These products are used for railways and a variety of industrial applications.

Established in 1958 in Mumbai, India in partnership with Westing.",1019642
"Hitachi Industrial Products, Ltd.",Japan,"Chiyoda-ku, Tokyo",101-0021,Hall 20,520,Railway Technology,,1227223
Hitachi Limited,United Kingdom,London,EC4M 7AW,Hall 21.e; Hall 4.2; Outdoor Display,430; 80; T1/40,Railway Technology; RecruitingLAB; Outdoor Display,"Hitachi is a global provider of rail solutions and is a trusted partner to operators around the world. It is driving the sustainable mobility transition, with expertise across every part of the rail ecosystem.",1019696
HKM Innovations,India,Greater Noida,201306,Hall 6.2,855,Railway Technology,,1220322
Hobart GmbH,Germany,Offenburg,77656,Hall 1.1,592,Interiors; Travel Catering & Comfort Services,"At HOBART, we take pride in providing reliable, high quality kitchen equipment that has been engineered and tested to ensure that whatever challenges the day may bring - you can make it happen with HOBART! Let‘s make it happen!",1019748
Hodapp GmbH & Co. KG,Germany,Achern,77855,Hall 5.2,610,Tunnel Construction,"The company Hodapp GmbH & Co. KG, located in Achern (D) has been producing the most secure steel and stainless steel doors for metro, rail and road tunnels for more than 25 years. It has the perfect solutions for the highest requirements in tunnel constructions.",1019791
Hoeflon International B.V.,Netherlands,Barneveld,3771 NR,Outdoor Display,O/374,Railway Infrastructure,"Hoeflon builds compact electric tracked carriers for work in confined spaces. Emission-free power, a narrow footprint and remote control for rail infrastructure, depots, tunnels and stations. At InnoTrans we present the TC4 with railtool for wagon shunting.",1227863
HoKon GmbH & Co. KG,Germany,Dortmund,44263,Hall 3.1,455,Interiors,"Hinges and locking technology
However banal it might seem, the division of hinge technology is the interface between innovation and design. As a service provider we are required to offer the best solution to fulfil the needs of our customers on a state of the art basis.
As an international oper...",1019838
Holland L.P.,United States of America,Illinois,60484,Hall 26; Outdoor Display,170; O/186,Railway Technology; Outdoor Display; Railway Infrastructure,"Since our founding in 1935, Holland has pioneered the delivery of comprehensive and progressive transportation solutions. With the largest fleet of MobileWelders® on the globe, we are proud to be the industry leader in flash-butt welding.",1019900
Holmatro,Netherlands,Raamsdonksveer,4941 VL,Hall 23,630,Railway Infrastructure,"Holmatro Rerailing Systems provide lightweight & ergonomic solutions, ensuring a safe, fast & controlled process for returning your railway vehicle back on the tracks.",1019911
Holz- und Kunststofftechnik Gerd Finkensiep GmbH Co. KG,Germany,Witten,58456,Hall 3.1,110,Interiors,,1169188
Holz-Fehlings Gleistechnik u. Entsorgung GmbH,Germany,Marl-Sinsen,45770,Hall 25,415,Railway Infrastructure,"Die FEHLINGS GRUPPE ist der Partner im Oberbau

Fehlings bietet alles aus einer Hand – Versorgung und Entsorgung Ihrer Oberbauprojekte.

Durch die Kooperation mit ArcelorMittal Schienen Vertriebsgesellschaft mbH, der Heinrich Krug GmbH & Co. KG und weiteren starken Partnern bieten wir unseren Kun...",1019929
"Honrock Railway Transportation Equipment Co.,Ltd",China,"Laoshan District,Qingdao",266104,Hall 5.1,380,Interiors,"Qingdao Honrock Railway Transportation Equipment Co., Ltd. produces locks, roller blinds, cabin doors, partition walls, floor panels and other interior products for trains. Since 1999, the company is headquartered in Beizhai Industrial Park of Qingdao. Honrock has a registered capital of 12 million",1207694
hopf Elektronik GmbH,Austria,Rabenstein an der Pielach,3203,Hall 21,350,Railway Technology,"hopf is a leading center of expertise for time and frequency solutions, time reference systems and time distribution applications. Since 1972, German quality and innovation have distinguished our established prosducts which are used in numerous industries in more than 130 countries worldwide.",1213124
HOPPECKE Batterie Systeme GmbH,Germany,Brilon,59929,Hall 15.1,265,Railway Technology,"The future of rail. Powered by HOPPECKE batteries. 

Whether nickel-cadmium, lithium or lead-acid. Whether it's a hot 50 degrees in the Sahara or a frosty -40 degrees in North China. Whether for traction or auxiliary applications. HOPPECKE batteries offer green power for every challenge.",1019979
hotsplots GmbH,Germany,Berlin,10997,Hall 4.1,110,Public Transport,"Innovative WiFi solutions from HOTSPLOTS for trains and railways

As a leading provider of professional WiFi solutions in vehicles, HOTSPLOTS stands for high performance and innovative technologies.",1020511
Howden - Chart,France,Meyzieu,69330,Hall 18,230,Railway Technology,,1020531
"HR COMPOSITES CO., LTD.",China,Chuzhou,239354,Hall 5.1,267,Interiors,"R Composites is a leading Chinese manufacturer of composites and metal components for railway vehicles and industrial applications, offering design, tooling, manufacturing, painting, and assembly services with advanced technologies and international quality standards.",1219747
HSB Schweißtechnik Inh.: Mike Szafran,Germany,Rochlitz,09306,Hall 26,180,Railway Infrastructure,Wir sind die Schienenprofis!,1020567
HTC Srl,Italy,Leinì,10040,Hall 12,320,Railway Infrastructure,,1224877
"Huawei Technologies Co., Ltd",China,shenzhen,518129,Hall 4.1,320,Railway Technology,"Huawei is a leading global provider of information and communications technology (ICT) infrastructure and smart devices. We have 207,000 employees and operate in over 170 countries and regions, serving more than three billion people around the world.",1020594
"Hubei Infinity Railway Technology Co., Ltd.",China,"Xiqing District, Tianjin City",300392,Hall 6.2,610,Railway Technology,"Products for High-Speed Trains
- Monitoring system of EMU bearings
- Wheel rotating device for online flaw detection
- Some other products for high-speed trains

Products of Fluid Mechanics
- Mobile sand filling system
- Fixed sand  filling system
- Underframe cleaning system
- etc",1020601
"Hubei Sanjiang Boli Intelligent Equipment Co.,Ltd",China,Wuhan,430000,Hall 8.1,255,Railway Technology,"Hubei Sanjiang Boli Intelligent Equipment Co., Ltd. (original Hubei Sanjiang Aerospace Coating Equipment Engineering Co., Ltd.) is a national specialized special new ""little giant"" enterprise, national high-tech enterprise. The company's main products: sandblasting/painting robot, waste gas treatmen",1209943
HUBER+SUHNER,Switzerland,Pfaeffikon,8033,Hall 2.2,250,Railway Technology,"HUBER+SUHNER develops and produces components and system solutions for electrical and optical connectivity. The company serves the three main markets Industry, Communication and Transportation with applications from the three technologies of radio frequency, fiber optics and low frequency.",1179019
Hughes Power System AB,Sweden,Nattraby,373 30,Hall 22,300,Railway Infrastructure; World Innovations,"Hughes Power System is a Swedish manufacturer, a supplier to the Swedish Railway Administration.
- high and medium voltage solid insulated vacuum circuit breakers;
- motor drives for air break switches with remote blocking;
- air break switches 16.7, 50 Hz in 1-2-3 poles configurations;
- reclosers",1020626
"Hunan Lince Rolling Stock Intelligent Equipment Co., Ltd.",China,Zhuzhou,412001,Hall 17,245,Railway Technology,"Hunan Lince Rolling Stock Equiment Co.,Ltd is a joint-stock private enterprise in the rail transit equipment component industry with a 40-year history. And the first collective economic enterprise successfully restructured in the national railway system.",1020656
"Hunan Wuxin Intelligence Technology Co., Ltd.",China,Changsha,410100,Hall 5.2,975,Railway Infrastructure,"Uniroc Bridge focuses on the R&D, manufacturing, and sales of complete sets of  bridge construction equipment and intelligent concrete forming machinery, with main products of Cantilever Form Traveler, Box Girder Formwork, Segmental Beam Formwork, Bridge Component Precasting Production Line, and Sel",1218479
"Hunan Zhongtong Electric Co.,Ltd.",China,Hunan,411101,Hall 11.1,105,Railway Technology,,1223558
HUNGRAIL Hungarian Rail Association,Hungary,Budapest,1066,Hall 11.2,200,Railway Technology,"The mission of HUNGRAIL is to support the development of the railway sector, its competitivity and its security by lobbying and improving the visibility of railways. The association gathers 40 companies active in the Hungarian railway sector, we proudly celebrate our 20th anniversary in 2026.",1227216
"HUQIANG ENTERPRISE (YANCHENG) CO., LTD.",China,"Jianhu County, Yancheng City, Jiangsu Province",224700,Hall 5.1,250,Interiors,,1220160
Huta Stalowa Wola S.A. Oddział I w Stalowej Woli,Poland,Stalowa Wola,37-450,Hall 20,435,Railway Technology,"World leading manufacturer of drivelines, transmissions, gears and toothed parts.",1209208
HUTCHINSON,France,Clichy,92110,Hall 9,640,Railway Technology,"Hutchinson Stop-Choc as a company of worldwide Hutchinson Group provides customized solutions for each type of antivibration applications. Our experts work with a large range of products comprising elastic mounts with Stop-Choc® wire mesh elements, Paulstra rubber to metal components and airsprin...",1020696
HYDAC International,Germany,Sulzbach,66280,Hall 10.2; Hall 18,205; 630,Railway Technology,"HYDAC has been an established supplier of components and systems for railway vehicles, track laying machines and infrastructure for decades. We speak your language when it comes to railway technology applications. Find out more about our solutions.",1020732
Hydraulic and Engineering Services SA (Pty) Ltd,South Africa,Pietermaritzburg,3201,Hall 10.1,100,Railway Technology,,1227916
Hyperloop Development Program,Netherlands,Rotterdam,3029AK,Hall 2.2,100,Railway Technology,"Explore Europe’s first full-scale hyperloop passenger vehicle and discover how the Hyperloop Development Program together with its partners is advancing the future of sustainable ultra-high-speed transportation through research, testing and European collaboration.",1222253
HYT Engineering Company Private Limited,India,Pune,411019,Hall 22,630,Railway Technology,"Founded in 1977, HYT Engineering is a leading manufacturer of railway maintenance and heavy engineering machines. With 1,100+ machines supplied, a 16,000 m² manufacturing facility, and 95% of Indian Railways' rolling stock serviced on HYT Wheel Lathes, we deliver innovative turnkey solutions worldwi",1020760
Hyundai Rotem Company,South Korea,"Uiwang-si, Gyeonggi-do",16082,Hall 3.2; Outdoor Display,410; T4/29,World Innovations; Outdoor Display; Railway Technology,"With inexhaustible passion and innovation, we have kept creating new possibilities, solidifying our status as a global total heavy industry company through a wide range of business sectors, from railway through to defense, plant and machinery and the environment.",1020765
Hägele GmbH,Germany,Schorndorf,73614,Hall 20,685,Railway Technology,The best thing that can happen to your engine – self-cleaning fan from Haegele,1018735
Hörmann Vehicle Engineering GmbH,Germany,Chemnitz,09112,Hall 7.2b,100,Railway Technology,"About Hörmann Vehicle Engineering:
Hörmann Vehicle Engineering is an engineering partner for customers in the sectors of railway and automotive. Depending on the customer's requirements, the company offers the complete process from design and prototype construction through to series development a...",1019989
HÜBNER Group,Germany,Kassel,34123,Hall 1.2,120,World Innovations; Railway Technology,"Making Mobility Happen – Today. Tomorrow. Together.

The HÜBNER Group is a leading global supplier of systems and components for key applications in rail vehicles. Through our globally deployed group of companies with regional expertise, we deliver customized solutions for all types of rail vehicles",1020613
Hürlimann Railtec AG,Switzerland,Illnau,8308,Outdoor Display,O/189,Outdoor Display; Railway Infrastructure,"Ballast bonding system
The future of ballast stabilization in railroad construction.
Ballast bonding by Hürlimann Railtec AG offers a financially and time-wise very interesting alternative to conventional constructions",1020680
HŽP a.s.,Czechia,Prostějov,796 01,Hall 9,310,Railway Technology,Leaf and coil spring production for OEM automotive and all railway application,1020769
i PRO EMEA BV,Netherlands,Amsterdam,1101 CT,Hall 4.1,470,Interiors,"From intelligent cameras to AI-powered edge computing: i-PRO delivers secure, reliable, and future-ready vision solutions that help transportation operators enhance safety, optimize operations, and unlock actionable insights",1226749
IABG Industrieanlagen-Betriebsgesellschaft mbH,Germany,Ottobrunn,85521,"CityCube, Hall B; Hall 6.1",450; 310,Railway Technology,Your partner in the mobility transition: IABG supports the entire lifecycle of the rail industry – from test benches to digital infrastructure. Find out more about our solutions for secure digitalisation and our expertise in meeting the requirements of the Cyber Resilience Act (CRA).,1020797
IAV GmbH,Germany,Berlin,10587,Hall 7.1a,120,Railway Technology; AI Mobility Lab,We develop what moves us,1020807
IB&T Software GmbH,Germany,Norderstedt,22848,Hall 5.2,775,World Innovations; Railway Infrastructure,"card_1 has been a market leader since 1985. It's an innovative, comprehensive CAD software application for surveying and civil engineers focusing particularly on road, rail and sewer planning plus cost calculation and GIS.",1020810
IBASE Technology Inc.,Taiwan,Taipei,11503,Hall 4.1,112,Railway Technology,"IBASE Technology (TPEx: 8050) designs and manufactures industrial PCs in Taiwan. ISO-certified operations support industrial motherboards, embedded systems, edge AI computers, panel PCs, digital signage players, network appliances, and ODM services for diverse industrial applications.",1020814
IBB Technology GmbH,Germany,Michelstadt,64720,Hall 20,100,Railway Technology,"IBB Technology is an internationally operating company in dimensional measurement, spezialized in rotationally symmetrical parts.
Our ambition is to provide customized, innovative and reliable solutions for your metrological requirements in the field of measuring rotationally symmetrical workpieces.",1210749
ICA Traffic GmbH,Germany,Dortmund,44149,Hall 2.1,330,Public Transport,"As a technology-focused, owner-managed company based in Dortmund, we develop ticketing solutions for transport providers. Our focus is on simple, efficient ticketing for passengers – from modern ticketing systems to digital sales concepts such as ID-based ticketing.",1020949
Icaiplast S.P.A.,Italy,Vigevano,27029,Hall 1.1,650,Interiors,"Icaiplast Synthetic leathers  for Railway seats upholstery are designed and manufactured to meet the most demanding specifications.
We have developped two different products with PU and PVC coating: CRUISER  IF2  and CRUISER  UR, an Antivandalism ecoleather CRUISER KV that complies to Annex A reg...",1020950
ICF -  INGENIERIA Y CONTROL FERROVIARIO,Spain,ALCOBENDAS,28108,Hall 27,525,Railway Technology,"ICF is a Spanish engineering company specialized in railway signalling, telecommunications, and level crossing protection systems. Using SIL4-certified technologies and wireless photovoltaic solutions, ICF delivers safer, smarter, and more sustainable railway infrastructures worldwide.",1225338
Icomera AB,Sweden,Gothenburg,411 03,Hall 22,340,Railway Infrastructure,"Seit mehr als zwei Jahrzehnten ist Icomera der weltweit führende Anbieter von Onboard-Konnektivitätslösungen. Unsere Netzwerke ermöglichen die vollständige Integration von Zehntausenden Fahrzeugen in die Cloud und ebnen damit den Weg für eine neue Welt intelligenter, vernetzter Mobilität.",1020987
"ICON Multimedia, S.L.",Spain,Palencia,34005,Hall 22,700,World Innovations; Railway Technology,Specialists in the development and integration of Digital Signage software and Passenger Information Systems for the creation of digital experiences in Smart Cities and Smart Stations,1020992
icotek GmbH & Co. KG,Germany,Eschach,73569,Hall 12,180,Railway Technology,"icotek – Innovative leader in cable management
Wherever a secure connection of machinery and equipment is required, the icotek cable management and entry systems are your best solution.",1020994
ICS - Informatik Consulting Systems GmbH,Germany,Stuttgart,70184,Hall 6.1,450,Railway Technology,"ICS has been providing secure software and systems for critical infrastructures for 60 years.
>> We are looking forward to see you there: Hall 6.1/450",1021497
ICT Group,Netherlands,Barendrecht,2993LL,Hall 4.1,880,Railway Technology,"For 20+ years, ICT Group has helped rail and public transport organizations solve critical challenges with smart, safe and future-ready solutions. At InnoTrans 2026, discover our in-vehicle solutions and seamless integration into modern operations.",1220153
IDOM,Spain,Bilbao,48015,Hall 22,700,Railway Infrastructure,"IDOM is a technology‑driven professional services company specializing in engineering, consulting, and architecture. With a team of around 5,000 professionals, IDOM operates under a partner‑ownership model in which approximately 1,000 professionals are shareholders of the firm while actively...",1209526
IEM Corporation (International Electronic Machines Corp),United States of America,Troy,12180,Hall 23,950,Railway Technology,"International Electronic Machines Corporation (IEM Corporation) established in 1987 is a high-technology research, development and manufacturing firm located in the United States. IEM Corporation focuses on products and services for the railway industry including handheld measurement systems, aut...",1021074
IFB Institut für Bahntechnik GmbH,Germany,Berlin,10587,"CityCube, Hall A",120,Railway Technology,"Service Portfolio:
Wide range of services in consulting, development, planning and research of railway systems and magnetic levitation systems; EBA Approved Technical Experts (EBA - German Federal Railway Authority)

Company Profile:
Around 60 employee, 50 professionals from various disciplines",1021085
IFF Engineering & Consulting GmbH,Germany,Leipzig,04249,Hall 7.2b,100,Railway Technology,"The IFF Engineering & Consulting GmbH is a neutral and independent engineering company with a broad base of know-how and specialist skills in the field of mechanical engineering, especially in the specialist fields of materials handling technology and rail and special vehicles. IFF Engineering & ...",1021090
IFS Copperleaf,United Kingdom,Staines,TW18 3AG,Hall 7.1c,520,Railway Technology; Mobility+,"IFS Copperleaf empowers enterprises to optimize capital deployment, enabling resilient, sustainable, and strategic infrastructure investments aligned with regulatory, ESG, and financial goals.",1226708
Iftec GmbH & Co. KG,Germany,Leipzig,04347,Hall 6.2,755,Railway Technology,"Company information

The Leipzig tram system is one of the largest in Germany. IFTEC - founded in 2005 - continues the tradition of tram maintenance started in 1896. As a joint venture of the Leipziger Verkehrsbetriebe (LVB) GmbH and Siemens AG, we are responsible for the maintenance of the com...",1021098
IGH Automation GmbH,Germany,Ilmenau,98693,Hall 7.2b,200,Railway Technology; World Innovations,"IGH Automation GmbH is a global provider of modular and automated test and inspection systems for rail vehicles. At InnoTrans 2024, IGH will be presenting innovative solutions for digitalization and automation throughout the entire shop floor...",1021127
IGP Pulvertechnik AG,Switzerland,Wil,9500,Hall 8.2,450,Railway Technology,IGP is one of the leading powder coating manufacturers based in Kirchberg SG near Wil SG in Switzerland. The company has a global presence and employs around 600 people.,1209508
IGRALUB,Switzerland,Zürich,8008,Hall 2.2,250,Railway Technology,Igralub as all about resolving curve squealing. Experts in the whole application chain from finding the hot spots to propose the best solutions and measure the success. Products developed and tested in Switzerland under harsh quality criteria.,1021143
igus SE & Co.KG,Germany,Köln,51147,Hall 15.1,465,Railway Technology; Career Point,"The company igus® SE & Co. KG is a worldwide leading manufacturer of energy chain systems, cables, spindles and plastic bearings. The family-run company based in Cologne directly operates in 35 countries, employs around 3.800 people and supplies customers through partners in another 51 countries.",1021145
IHI Corporation,Japan,"Koto-ku, Tokyo",135-8710,Hall 5.2,350,,"IHI Corporation is a comprehensive heavy-industry manufacturer working to create value for customers in four main areas—Resource, Energy and Environment; Social Infrastructure and Offshore Facilities; Industrial Systems and General-purpose Machinery; and Aero Engine, Space and Defence.",1021157
IKOS Group,France,Levallois-Perret,92300,Hall 3.2,210,Railway Technology,IKOS quickly became a leading consultancy in the railway industry recognized for our expertise and unique positioning. We make complex railway projects possible. Our objective is to ease the development of the sector in a world with rapidly expanding urbanization and growing environmental concerns.,1021172
ILF Consulting Engineers,Austria,Rum bei Innsbruck,6063,Hall 5.2,970,Railway Infrastructure,The ILF Group is an international engineering and consulting firm that helps its clients successfully execute technically demanding industrial and infrastructure projects.,1217347
ILGOM TUBI SRL,Italy,ROBASSOMERO,10070,Hall 10.1,270,Railway Technology,,1227219
ILME SpA,Italy,Milano,20149,Hall 12,100,Railway Technology,"Headquartered in Milan, where is also located its technology hub for connections solutions, and with subsidiaries in the key countries driving the progress of automation, ILME is an industry leader in the main world markets.",1021212
"IMATHIA CONSTRUCCION, S.L.",Spain,Madrid,28036,Hall 22,700,Railway Infrastructure,-,1209521
imc Test & Measurement,Germany,Berlin,13355,"CityCube, Hall A",350,World Innovations; Railway Technology,"imc Test & Measurement is a manufacturer and solution provider of productive test & measurement systems. Part of Axiometrix Solutions, a leading test solutions provider comprised of globally-recognized brands, it offers its customers top technological performance along entire measurement chain.",1021250
IMDM SA,Switzerland,Vevey,1800,Hall 2.2,250,Railway Infrastructure,,1021252
ime Elektrotechnik GmbH,Germany,Berlin,10553,"CityCube, Hall B",220,Railway Technology,,1021255
ime Systems Sp. z o. o.,Poland,Torun,87-100,"CityCube, Hall B",220,Railway Technology,,1211739
IMG Solution Zrt. / IT.DOT / INFOPIX,Hungary,Budapest,1023,Hall 2.1,755,Public Transport,"IMG Solution Zrt. is an innovative system integrator with 15+ years of experience, delivering end-to-end IT services and digital solutions. IT.DOT is a leading European provider of passenger information systems, offering scalable railway display and audio solutions with advanced control software.",1031027
IMG Ultrasuoni S.r.l.,Italy,Mandello del Lario,23826,Hall 6.2,510,Railway Technology,"IMG pursues a model based on a balance between innovation, customer satisfaction, economic growth and social responsibility.
Convenience is a choice, but reliability is priceless.",1211246
iMRail Technology GmbH,Germany,Menden,58708,Hall 4.2,380,Public Transport,"Next-Generation Urban Mobility. Platform screen doors, innovative monorail systems, and maglev trains—IMRail develops and delivers smart mobility solutions for the cities of tomorrow.",1227499
in-tech GmbH,Germany,Garching/München,85748,"CityCube, Hall A",240,Railway Technology,"Digital rail requires more than just software: Engineering that understands systems. in-tech combines rail technology expertise with systems engineering, digital signaling, software, safety, and security—from development through certification.",1021738
INAVET - Institut für angewandte Verkehrstelematik GmbH,Germany,Dresden,01159,Hall 7.2b,100,Public Transport,"INAVET GmbH is your reliable partner for minimizing energy costs and enhancing the operational efficiency of your transport company. We specialize in evaluating and integrating driver advisory systems for energy-efficient driving, simplifying driver training and tasks as well as railway operation.",1021348
Inbetriebnahmegesellschaft Transporttechnik mbH,Germany,Salzgitter,38226,"CityCube, Hall A",240,Railway Technology,"IGT – Inbetriebnahmegesellschaft Transporttechnik mbH

Our railway undertaking (RU) and engineering firm have been your trusted partner for technology and railway operations for over 20 years, offering reliability and technical expertise in rail transport.",1227731
Incap Electronics Germany GmbH,Germany,Karlsfeld,85757,"CityCube, Hall A; Hall 8.1",160; 240,Railway Technology,Coming soon …,1226524
Incremental Solutions Ltd,United Kingdom,York,YO1 6GA,Hall 2.2,460,Railway Technology,"Incremental Solutions helps rail organisations turn complex operational, infrastructure and GNSS/GPS positioning data into clear, real-time insight. Our software supports safer operations, stronger performance, faster decision-making and more efficient, resilient railways.",1226356
Incyde industrial cyber defense GmbH,Germany,Berlin,10117,"CityCube, Hall A",240,Railway Technology,"INCYDE Turns your Industrial Cyber Defense on!
As experts in IT/OT we support you through the end-to-end project process and apply security-by-design within the operation life cycle. 
INCYDE combinen deep Rail system knowledge with Cybersecurity expertise to make your cyber security a success!",1021373
Indra Group,Spain,Alcobendas,28108,Hall 4.1,610,Railway Technology; World Innovations,"Indra Group is one of the main global defence, aerospace and technology company. Its business model is based on a comprehensive range of proprietary products with a significant innovative component, making it the technological partner for the digitization and key operations of its.",1021430
INDUSTRIAL DE TRANSFORMADOS SA,Spain,LA BISBAL DEL PENEDES,43717,Hall 3.1,430,Interiors,"ITSA is a Spanish group specialized in the design and manufacturing of turnkey Railway Interior panelling. We optimize go-to-market, costs, weights, and assembly time through our technologies and engineering. Our core business is plastic composites transformation with SMC and plastic injection.",1021438
Industrial Technology Research Institute,Taiwan,"Zhudong Township, Hsinchu County",310401,Hall 11.2,310,Railway Technology,,1227076
Industrie-Partner GmbH Radebeul-Coswig,Germany,Coswig,01640,Hall 23,910,Railway Technology,"IP RailEquipment is your reliable technology partner for testing and measurement equipment in the railway sector. We develop, manufacture and supply innovative brake testing units, measuring devices and maintenance equipment for rail transport.",1021458
Industrilas AG,Germany,Gevelsberg,58285,Hall 3.1,460,Interiors,"Industrilas designs, develops and manufactures locking, latching, hinging and sealing solutions. Products for railway are verified to applicable standards for vibration resistance, fire safety, corrosion and severe weather conditions, such as: DIN EN 61373, EN 45545-2 (HL3), UL50, UL50E, UL94HB.",1021462
Ineco,Spain,madrid,28036,Hall 5.2,165,World Innovations; Railway Infrastructure,"Ineco is a leading engineering and consultancy company expert in sustainable mobility and digital transformation. For more than 50 years, it has been providing comprehensive, innovative and technological solutions in order to advance towards a new model of mobility.",1021464
Inelmatic Electronics,Spain,Valladolid,47151,Hall 6.1,545,Railway Technology,,1225780
INEO,France,Courbevoie,92400,Hall 22,340,Railway Infrastructure,"Equans delivers innovative rail and urban transport solutions through Axima Ventilation Systems, Ineo Scle Ferroviaire, Icomera, Ineo UTS, Systrans and PowerLines. From electrification and signalling to ventilation and major projects, it boosts safety, performance and sustainability worldwide.",1225196
INEO SCLE FERROVIAIRE SAS,France,TOULOUSE CEDEX 2,31201,Hall 22,340,Railway Infrastructure,"Equans delivers innovative rail and urban transport solutions through Axima Ventilation Systems, Ineo Scle Ferroviaire, Icomera, Ineo UTS, Systrans and PowerLines. From electrification and signalling to ventilation and major projects, it boosts safety, performance and sustainability worldwide.",1225197
Infinitive Group Limited,United Kingdom,Milton Keynes,MK1 1FB,Hall 4.1,330,Public Transport,"Infinitive Group combines consultancy, engineering technology and specialist resourcing expertise to support the transport sector. We connect operational know-how, technology and talent to help clients deliver, sustain and improve critical transport infrastructure and services.",1021477
Infodev Electronic Designers International inc.,Canada,Quebec,G1W2K6,Hall 2.1,800,Public Transport,"Infodev is a pioneer in AI-based automatic passenger counting (APC) without facial recognition, delivering up to 99.8% accuracy and reliable real-time occupancy data for planning, operations and passenger-facing applications.",1214409
infoteam Software AG,Germany,Bubenreuth,91088,Hall 27,745,Public Transport,"The infoteam Software Group has been implementing specific software solutions for industry, infrastructure, life science and public service markets for more than 40 years and employs more than 250 people in Europe. The headquarter is in the metropolitan region of Nuremberg.",1021509
INFRA LLC,Uzbekistan,Tashkent,100007,Hall 26,500,Railway Infrastructure,,1227851
infra-tec GmbH,Germany,Hachenburg,57627,Hall 26,870,Railway Infrastructure,"infra-tec is responsible for the planning, foundation works, design, and installation of noise barriers, signal gantries, and roof systems in infrastructure construction. The company plans and constructs services and products according to the planning and manufacturing requirements of Deutsche Bahn.",1021519
Infrabel,Belgium,Brussels,1060,Hall 11.2,265,Railway Infrastructure,"Infrabel, as railway infrastructure manager, is responsible for the construction, maintenance and management of the Belgian railway network. TUC RAIL offers a specialised end-to-end expertise regarding the implementation of complex and multidisciplinary railway projects.",1021514
INFRACERT d.o.o.,Croatia,Zagreb,10000,Hall 11.1,220,Railway Infrastructure,"Our advantage is our extensive experience in the certification of subsystems and interoperability components, supported by the implementation of number of processes in Croatia and Europe.",1220681
INFRACERT TSI Sp. z o.o.,Poland,Warsaw,03-719,Hall 11.1,220,Railway Infrastructure,,1021516
infraView GmbH,Germany,Mainz,55116,"CityCube, Hall A",110,World Innovations; Railway Technology,"Intelligent Railways for a Sustainable Future - Over 10 years of experience with IoT and AI software engineering for predictive maintenance, digital twins and sensor fusion for the entire railway life cycle",1021520
INFRAVIS,United States of America,Norcross,30071,Hall 23,220,Railway Technology,"Infravis delivers advanced wayside rolling stock condition monitoring, combining sensing, imaging, AI-enhanced analytics and data integration with practical, operator-centered systems designed to improve railway safety, reliability and efficiency.",1222821
INGEROP,Spain,Madrid,28001,Hall 5.2,910,Railway Infrastructure,"Ingerop Engineering and Consulting Group

3,700 employees worldwide
507 M€ turnover in 2025
31% of this turnover was generated internationally
Over 100 locations around the world
7 core activities",1211145
Ingeteam Power Technology S.A.,Spain,Zamudio,48170,Hall 27; Hall 9,615; 870,Railway Infrastructure; Railway Technology,"INGETEAM designs and supplies complete traction systems & converters , control (TCMS & Subsystem controllers) and predictive maintenance solutions, based on in-house developments of power and control electronics.",1021543
InHand Networks,Germany,Düsseldorf,40212,Hall 6.1,565,Public Transport,"InHand Networks, founded in 2001, is a global IoT solutions provider delivering industrial-grade connectivity for enterprise networks, industrial IoT, digital energy, smart retail, transportation, and other industries across 60+ countries.",1216052
INIT Group,Germany,Karlsruhe,76131,Hall 2.1,425,Public Transport; World Innovations; AI,"INIT is the worldwide leading supplier of integrated planning, dispatching, telematics and ticketing systems for buses and trains. For more than 40 years, INIT has been assisting transport companies in making public transport more attractive, reliable and more efficient.

More than 1,400 transpor...",1021558
INLOCON AG,Germany,Leipzig,04229,Hall 26,390,Railway Infrastructure,Alle Ausschreibungen der DACH Staaten für Schienenverkehr und ÖPNV  tagaktuell im SCHIENENVERKEHRSPORTAL.DE !,1177390
innoflex GmbH,Germany,Halle (Saale),06110,Hall 2.2,410,Public Transport,,1225258
INNOGLASS SDN BHD,Malaysia,Rawang,48000,Hall 10.1,220,Railway Technology,,1211899
Innokrea sp. z o.o.,Poland,Gdańsk,80-386,Hall 7.1c,315,Public Transport,"INNOKREA supports public transport operators, cities and mobility technology providers in designing and developing IT systems that streamline operations, provide real control over data and support sustainable mobility in regulated environments.",1218833
Innolux Corporation,Taiwan,Tainan,74147,Hall 11.2,310,Interiors,,1211181
InnoTix AG,Switzerland,Zürich,8045,Hall 2.1,820,Public Transport,The Electronic Driver Bag is the interface to drivers of your public transport fleet.,1021602
InnoTrans Asia,Singapore,Singapore,486150,"CityCube, Hall B",305,,"InnoTrans Asia debuts at Singapore EXPO from 7–9 September 2027, connecting transport industry leaders from Asia and around the world.",1027179
InnoTrans T-Shirt Shop / Meeting Point,Germany,Berlin,14055,Hall 13,Meetingpoint & 30th Anniversary Merch,,"Celebrate 30 years of InnoTrans! Get the limited-edition Anniversary T-shirt exclusively in Hall 13. Exhibitors receive two free vouchers, visitors can purchase the shirt for €25. Available in sizes XS–XXL while stocks last – first come, first served!",1227250
Innovation Factory Limited,United Kingdom,BIRMINGHAM,B1 2LP,Hall 2.2,460,Railway Technology,"Innovation Factory Limited is an award-winning UK AI company developing intelligent sensor technologies that protect people, infrastructure, and wildlife. Its flagship platform, DeterCam, combines edge AI, computer vision, and automated deterrence to detect and respond to animals and security threat",1212835
Inotec electronics GmbH,Germany,Lauffen a. N.,74348,Hall 12,200,Railway Technology,"Since more than 40 years, Inotec recognized the necessity for optimal EMI/RFI Shielding of data transmission systems. As a logical advancement, Inotec developed a series of full metal hoods for Sub-D connectors with a unique crimp flange technique for multiconductor cables which became a must for...",1021641
inovus engineering GmbH,Switzerland,Tägerwilen,8274,Hall 1.1,230,Interiors,Holistic construction services for flexible and industrial projects delivered on time,1021656
inpotron Schaltnetzteile GmbH,Germany,Hilzingen,78247,Hall 17,240,Railway Technology; Public Transport,"For more than 25 years, INPOTRON has developed and manufactured customized power supply solutions for railway applications. Visit us at InnoTrans to discover reliable AC/DC and DC/DC converters, battery chargers and UPS systems engineered for maximum performance, availability and long-term reliabili",1021661
INSPECTRAIL SL,Spain,San Sebastián,20009,Hall 23,130,Railway Infrastructure,"InspectRail turns any train into a track inspection vehicle. From periodic auscultation campaigns to continuous, daily monitoring of railway infrastructure — on every commercial run. The new standard in condition-based maintenance.",1210891
"Institut ""Mihajlo Pupin"" d.o.o. Beograd",Serbia,Belgrade,11060,Hall 27,840,Railway Technology; World Innovations,"The Institue Mihajlo Pupin doo Belgrade provides turnkey solutions in the railway signaling, telecommunication, and radio systems, starting from own design, engineering, development of technical solutions and products, its installation, commissioning, and maintenance, and after-sales services.",1021693
Institute of Spring Technology,United Kingdom,Sheffield,S3 7EQ,Hall 8.2,455,Railway Technology,"We are a unique centre of excellence for spring technology, advising and supporting businesses in every aspect of the spring supply chain.

We help companies design and manufacture safe, effective and reliable springs through our software, failure analysis problem-solving and testing services.",1227677
"InSynerger Technology Co., Ltd.",Taiwan,Taipei City,105412,Hall 11.2,310,Railway Technology,,1227067
INTECMA Anlagentechnik GmbH,Germany,Leipzig,04109,Hall 7.2b,200,Railway Technology,"INTECMA Anlagentechnik GmbH, headquartered in Leipzig, has been a reliable and innovative service provider and partner to the rail mobility sector for over 25 years.",1222194
InTeEx AB,Sweden,Sandviken,81193,Outdoor Display,O/375,Railway Technology,,1226182
INTEM S.R.L.,Italy,VIMERCATE,20871,Hall 9,351,Railway Infrastructure,,1226218
INTERAUTOMATION Deutschland GmbH,Germany,Berlin,13158,"CityCube, Hall B",320,,"INTERAUTOMATION develops intelligent solutions for rail and public transport. Our portfolio includes real-time operational data systems, Automatic Passenger Counting, Passenger Information Systems, mobile applications, and railway-certified AI-enabled onboard computers and AI applications.",1021779
INTERCABLE TOOLS GmbH,Germany,Remscheid,42897,Hall 25,665,Railway Infrastructure,"Intercable Tools is one of the world’s leading manufacturers of tools for processing low- and medium-voltage cables, as well as connection materials for the electrical, wind, and railway earthing devices.",1021782
InterEngineer GmbH,Germany,Kollmar,25377,"CityCube, Hall A",420,Railway Technology,"The InterEngineer Group delivers independent engineering, ETCS retrofit, safety, authorization, and training services for the railway industry. With over 20 years of experience, we support operators, manufacturers, and leasing companies in successful rail modernization projects.",1021819
Intermas-Elcom GmbH,Germany,Darmstadt,64293,Hall 15.1,220,Railway Technology,"Modular Assembly Systems Intermas......... more than 10.000 components to package your electronics. As one of the pioneers in the field of electronic packaging to DIN, VME, Multibus II and IEC specifications Intermas has been developing, manufacturing and marketing modular assembly systems: case...",1021839
intermetric GmbH,Germany,Stuttgart,70565,Hall 26,290,Railway Infrastructure; Career Point,"intermetric GmbH is your competent partner for the right measure on tracks - since 1967.

We survey for all track related constructions.  
We run state of the art automatic geomoniring systems.
We support your construction team when in geometrical trouble
The right measure on track on time.",1021843
Intermodal logistics solution,Slovakia,Bratislava,81102,Hall 10.1,230,Railway Infrastructure,,1227567
"Internacional Hispacold, S.A.",Spain,Seville,41016,Hall 3.1,360,Interiors,"HISPACOLD RAILWAY HVAC SOLUTIONS: specialist in passengers’ comfort with first-class engineering quality. With more than 45 years of experience, it designs, manufactures and distributes HVAC systems for all rail vehicles: trams, metros, EMUs, DMUs, LRVs with proven and reliable technology solutions.",1021845
"International Integrated Systems, Inc. (IISI)",Taiwan,"Banqiao Dist., New Taipei City",220229,Hall 11.2,310,Railway Technology,"Founded in 2008, International Integrated Systems, Inc. (IISI) is committed to becoming Taiwan’s leading brand in digital transformation and sustainable development solutions. Leveraging over 30 years of expertise in IT system integration and software development, IISI supports governments and enter",1227091
International Monorail Association,Switzerland,Münsingen,3110,Hall 4.2,100,Public Transport,"The purpose of the International Monorail Association is to promote the use of monorail technology worldwide, publish information about monorail technology, and establish performance standards for monorails as a mass transit solution.",1211211
International Rail Catering Group,Czechia,Prague 4,141 00,Hall 1.1,110,Travel Catering & Comfort Services; Public Transport,"IRCG members are all experts in their own areas of the food travel market – regionally, nationally or internationally.

Combined, the group serves millions of customers every day, with tens of thousands of on-board catering and station retail services every week.",1021858
"INTERNATIONAL WIRE, TRESSE METALLIQUE J.FORISSIER",France,SAINT-CHAMOND,42400,Hall 12,440,Railway Technology,"As a supplier of copper made flexible connections, we are specialized in braiding and extrusion operations. Backed by our unique know-how, our products offer the mechanical and electrical properties required for a wide range of applications.",1041725
Intersys S.r.l.,Italy,Barberino Tavarnelle,50028,Hall 3.1,570,Interiors,"Established in 1998, the company has a manufacturing facility in Barberino Tavarnelle (FI). Intersys is an engineering and  manufacturing company of Lighting systems, Toilette Systems (own proprietary vacuum system) and power sockets.",1021909
Intertech Rail,United States of America,Coral Gables,33146,Hall 27,150,World Innovations; Railway Technology,"Intertech Rail delivers reliable railway technology solutions, including AEI/RFID systems, rail asset tracking, Yard Management software, Switch Machines, Fail-Safe Relays, Balise Systems, and signaling equipment. Trusted by rail operators worldwide for over 20 years.",1021911
Intertoll International Holdings BV,Netherlands,Thw Hague,2517 JK,Hall 11.2,120,Railway Technology,,1226401
intreXis AG,Switzerland,Neuhausen am Rheinfall,8212,Hall 17,165,World Innovations; Railway Technology,"Driven by our passion for technology and performance, here at intreXis, we are constantly researching ways to develop more efficient and improved solutions for our products.That is why intreXis Power Supplies now provides the most complete portfolio for railway applications on the market today...",1021939
Invatec GmbH,Germany,Satteldorf,74589,Hall 26,870,Railway Infrastructure,"invatec was founded in 1997. From innovative plastic cable ducts to patented foundations for signal systems and applications in low-level track-side lighting, to ballast retainers and cable outlet fittings, invatec stands for a different way of thinking and better solutions.",1021946
INVEHO UFO,France,ORVAL,18200,Hall 3.2,270,Railway Infrastructure,"Experts in the railcar freight industry since 1907 and leading European railcar maintenance and manufacturing network, all 10 Inveho workshops spread across Europe and 830 employees operate for all the major actors to meet your needs and make your projects a success!",1021947
INVEKTA s.r.o.,Czechia,Litomyšl,57001,"CityCube, Hall A",235,Railway Infrastructure,"INVEKTA was established in 1992. Our key program is the manufacture of pressure vessels designed for compressed air brakes and auxiliary pneumatic equipment for rail vehicles, and special vessels, especially for mechanical engineering.",1021948
INVEST SELANGOR BERHAD,Malaysia,SHAH ALAM,40000,Hall 10.1,220,Railway Technology,"Invest Selangor Berhad is a one-stop agency that provides information, advisory services, as well as start-up and expansion assistance to potential and existing investors.",1226494
"Invision AI, Inc.",Canada,Toronto,M5B 1J3,Hall 7.1c,100,Railway Technology; AI,See every crossing event. Improve Safety. Reduce operational cost.,1227675
inxire GmbH,Germany,Frankfurt,60314,Hall 6.1,300,Railway Technology,"inxire is a provider of products and services for enterprise digitalization. With our innovative products, we lay the foundation for new digital solutions and enable companies and organizations to unlock their full digitalization potential.",1021972
iRFP e. K.,Germany,Dresden,01069,Hall 7.2b,200,Railway Technology,"We develop and distribute the Timetable Construction System FBS, advise administrations and companies, and stand for knowledge transfer between university research and practical application - for almost 30 years.",1022025
iris-GmbH infrared & intelligent sensors,Germany,Berlin,12439,Hall 2.1,450,Public Transport,"iris high-tech components for automatic passenger counting and video security in public transport vehicles harness the power of data to organise local public transport efficiently, sustainably and safely.",1022030
IRJ,United Kingdom,Falmouth,TR113PP,Hall 6.2,100,Railway Infrastructure,"IRJ – Your one-stop shop for railway news and data
International Railway Journal – IRJ – was launched in 1960 as the world’s first magazine reporting on the railway industry worldwide.  66 years later, IRJ maintains its position as the world’s brightest and best international railway magazine.",1044945
Irmie Impianti S.r.l.,Italy,Villafranca di Verona,37069,Hall 23,620,Railway Technology,"Founded in 1993, Irmie Impianti is now a leading company, at the forefront in the design, manufacture and installations of Test Benches and turnkey solutions for rail and metro applications and plant engineering in general, with an exceptional after-sales service.",1022039
IS3 METALWORKING,Portugal,Campo,4440-014,Hall 11.2,220,Railway Infrastructure,"""We promise our clients high quality, service excellence and good delivery times! Our main aim is DO MORE AND BETTER!""",1227448
ISALAB S.r.l.,Italy,Genova,16121,"CityCube, Hall A",620,Railway Technology,ISALAB SRL is an Inspection body according to ISO/IEC 17020:2026 and a Certification Body for Products/Services/Processes according to EN/ISO/IEC 17065:2012.,1216762
Isarsoft GmbH,Germany,München,81541,Hall 7.1a,235,AI Mobility Lab; Railway Technology,"Isarsoft develops privacy preserving Video Analytics and Smart Camera solutions for passenger counting, platform security and occupancy analysis.",1022060
ISB Ingenieurgesellschaft für Sicherungstechnik und Bau mbH // ISB-Rhein-Main GmbH,Germany,Dresden,01189,Hall 7.2b,200,Railway Technology,We live railways and shape the mobility of tomorrow.,1208976
ISE,Italy,"Vecchiano, Pisa",56019,Hall 5.2,825,Railway Technology,"ISE, part of Consilium Safety Group, is an Italian manufacturer of advanced fire detection and protection systems for the railway industry. With over 30 years of experience, ISE delivers innovative, SIL2-certified solutions that help protect passengers, crew, assets, and infrastructure worldwide.",1226751
ISEF STEEL FORGINGS,Italy,CARNAGO,21040,Hall 20,230,Railway Technology,"ISEF Steel Forgings is a family owned company, with over one century history, focused on hot steel forging of carbon, alloyed and stainless steel also including nickel-based alloys with a range of manufactured products up to 80 kg.",1022073
ISGEV S.p.A.,Italy,Arzignano,36071,Hall 18,600,Railway Technology,"The electric motors we produce for the railway sector are used in all kind of applications on board of trains, such as:- compressors of braking systems- cabin ventilation and air conditioning systems- engine room cooling systems- pumps for fluid circulation equipments",1020794
Isoflex AB,Sweden,Gustafs,78160,Hall 3.1,535,Railway Technology,Isoflex AB - is a well-established global producer and supplier of insulation systems for the rail industry. We provide a wide range of insulation products and solutions to the train manufacturers and operators all over the world.,1022128
ISP SYSTEM,France,Vic en Bigorre,65500,Hall 11.2,270,Railway Technology,"ISP SYSTEM specializes in the design and production of embedded electric actuators. Our multi-disciplinary team meets every challenge, whether related to performance or the environment.",1208309
Istituto Italiano Della Saldatura,Italy,Genova,16141,"CityCube, Hall A",135,Railway Infrastructure,"The IIS Group features a multidisciplinary and versatile structure, consisting of operative divisions specialised in the various sectors of competence, able to offer global services in many industrial sectors.",1022161
ISTOBAL S.A.,Spain,L´Alcudia,46250,Hall 6.2,650,Railway Technology,"ISTOBAL is a professional in manufacturing and marketing gantries and tunnel washing equipment for trains, trams and subways.
For its clients, ISTOBAL designs new facilities and offers different options such as water recycling systems equipment, high pressure arches or chassis and unde...",1022163
IT-TRANS I Karlsruher Messe- und Kongress GmbH,Germany,Karlsruhe,76137,Hall 6.1,130,Public Transport,"IT-TRANS will showcase all the topics that are shaping the future of urban mobility. The next IT-TRANS will take place from 1 to 2 February 2028 in Karlsruhe, Germany.",1110346
ITA-Italian Trade Agency,Italy,Roma,00144,Hall 10.1,170,Interiors,ITA - Italian Trade Agency is the Governmental agency that supports the business development of italian companies abroad and promotes the attraction of foreign investment in Italy.,1020956
Italcarrelli Spa,Italy,CHIAMPO,36072,Hall 6.2,155,Railway Technology; World Innovations,"For handling carriages, axles, engines, and components within large railway mechanical workshops.",1210214
italpres Eredi Zani Bruno s.n.c.,Italy,Lumezzane Gazzolo (BS),25065,Hall 8.1,275,Railway Technology,Aluminium die-casting foundry with in-house die manufacturing,1022198
ITCS Service Support GmbH,Germany,Recklinghausen,45659,Hall 2.1,550,Public Transport,"ITCS Service Support GmbH – Your manufacturer-independent system integrator for public transport. From precise vehicle cabling to turnkey system integration for rail and road, we deliver flexible, future-ready solutions with on-site support across Europe.",1227359
"ITEC Hankyu Hanshin Co., Ltd.",Japan,Osaka,553-0001,Hall 7.2a,100,Railway Technology,"we are iTec Hankyu-Hanshin Co., Ltd. is a frontier of mobility and railway solution system provider/developer/integrator in Japan.",1227311
ITEC Tontechnik und Industrieelektronik Gesellschaft m.b.H.,Austria,Gleisdorf,8200,Hall 21,350,Railway Infrastructure,,1226916
ITH GmbH & Co. KG,Germany,Meschede,59872,Hall 18,590,Tunnel Construction,ITH Bolting Technology is hidden champion for tension and torque tools to tighten and loosen industrial bolt connections bigger than M16 (5/8”).,1022235
ITK Engineering GmbH,Germany,Rülzheim,76761,Hall 20,320,Railway Technology,"As a smart engineering partner, we work with you to rise to the occasion and deliver digital, future-ready software solutions for rolling stock, digital infrastructure, signalling & control technology as well as operation.",1022241
ITORA GmbH,Germany,Dresden,01219,Hall 7.2b,200,Railway Technology,"ITORA – where rail expertise meets AI. We transform complex challenges in rail transport into smart, data-driven software. From consulting to a production-ready solution – intelligent, efficient, sustainable.",1222198
ITSS IBERICA TECNOLOGIA EN SISTEMAS DE SEGURIDAD FERROVIARIOS SL,Spain,Puerto de Sagunto,46520,Hall 22,700,Railway Technology,"Ibérica Tecnologia en sistemas de seguridad ferroviarios SL (ITSS) is proud to present the latest developments in the field of railway monitoring systems,  mainly hot axle box /hot wheel detection, flat wheel detection and weighing in motion.",1141864
ITT Veam,Italy,Lainate,20045,Hall 1.2,180,Railway Technology,ITT Veam is a leading designer and manufacturer of highly engineered connector solutions for rail. We operate on a global basis delivering both off-the-shelf and customized rail-specific solutions. Our customers depend on us to solve their most critical interconnect challenges.,1225783
IVE- Ingenieurgesellschaft für Verkehrs- und Eisenbahnwesen mbH (lVEmbH),Germany,Hannover,30161,Hall 25,180,Railway Infrastructure,"Integration, efficiency and competitiveness of the railway system determine the work of the IVE Ltd. (Consulting Company for Traffic and Railway Engineering Ltd.) in Hanover.",1022269
Ivema-Fahrleitungsbau GmbH,Germany,Mülheim-Ruhr,45472,Hall 22,380,Railway Infrastructure,"In times we live with increase of urbanization cost effective and innovative solutions are allways a must. To step ahead the risk of traffic-collapse and environmental pollution through individual traffic as well, the reliable masstransport with tramsystems seems to be a well solution.To improve...",1022271
IVM Industrievertretung Meyer und Stiene OHG,Germany,Überlingen,88662,Hall 8.1,160,Railway Technology,"From individual parts to complete assemblies. Our suppliers are active in the fields of machining, sheet metal, welded assemblies, cable assembly, printed circuit board assembly (PCBA), switch cabinets and device assembly.
Production sites are located in Germany and Eastern Europe.",1022278
IVM s.r.l.,Italy,Naples,80142,Hall 6.2,670,World Innovations; Railway Technology,"IVM - Innovative Vibration Monitoring is an innovative SME focused on the development of end-to-end monitoring and diagnostics systems focused on wheel/rail interaction, aimed to ensure safety and optimize maintenance processes. 
It’s not just data, but information!",1022279
IVR GmbH,Germany,Dielheim,69234,Hall 23,410,Railway Infrastructure,"INSPECTION AND PLANNING OF RAILWAY INSTALLATIONS I CONSULTING FOR RAILWAY PROJECTS I SALES OF TRACK DIAGNOSTIC DEVICES
Your contact for the planning and examination of railway installations (track inspection) as well as the distribution of track diagnostic devices.",1022282
IVS RAIL S.r.l.,Italy,SERIATE (BERGAMO),24068,Hall 1.1,180,Travel Catering & Comfort Services; Interiors,"Our Expertise: Experience and Reliability, Customized Offerings, Cutting-Edge Technology Our machines are equipped, Efficiency and Maintenance, Sustainability; Revenue Increase and Dedicated Assistance and Support",1217181
IVU Traffic Technologies AG,Germany,Berlin,12161,Hall 2.1,615,Public Transport; Career Point,IVU Traffic Technologies has been developing integrated IT systems for an efficient and environmentally friendly public transport for over 50 years. IVU.suite‘s integrated standard products cover all bus and rail companies’ processes.,1022285
IWMARK Marek Jankowski,Poland,Płock,09-411,Hall 21,500,Railway Technology,"For over 30 years, a manufacturer built entirely on Polish capital has been the driving force behind global rail precision, producing high-performance bearings for locomotives and wagons. Operating internationally, they deliver elite components that flawlessly meet strict EU interoperability require",1219512
"IWMT CO., LTD",South Korea,Gyeonggi-do,18576,Hall 26,105,Railway Infrastructure,"ECOPS® plastic sleepers are upcycled products utilizing extrusion technology and recycled materials. Through high-pressure, high-output extrusion production, we have suppressed internal cracks and bubbles. The material technology approach to raw material design results in high-quality, economically",1207958
IZZO SPA,Italy,NAPLES,80133,Hall 1.1,575,Interiors,,1208582
J&R Technology Ltd,China,Shenzhen,518103,Hall 15.1,500,Railway Infrastructure,"Harsh Environments. Mission-Critical Communications.
J&R Technology, based in Shenzhen, specializes in industrial and emergency communications. We deliver mission-critical communication solutions for oil & gas, petrochemical, hazardous areas, rail transit, correctional facilities, and marine & offsh",1227888
J.M. Voith SE & Co. KG | VTA,Germany,Heidenheim,89522,Hall 1.2,130,Railway Technology,"Together with our partners, we enable efficient transport for people and goods, whether by rail or road.",1022331
J2 Sourcing,Sweden,Malmo,SE-21376,Hall 6.1,155,Railway Infrastructure,"Since 2004, J2 Sourcing AB has been a trusted partner for companies around the world, offering tailored solutions to make supply chains more efficient. We’re all about quality, service, and teamwork. Our services, including Global Sourcing, Excess Management and Tail Spend Management.",1208231
JAE Europe Ltd. German Branch,Germany,Hilden,40724,Hall 12,415,Railway Technology,"JAE, headquartered in Tokyo / Japan, is one of the leading manufacturers and development partners for connectors worldwide, also for railway equipment and systems. In the history of JAE, however, precise sensors and electronics for the aerospace industry have also played a major role, which is st...",1022372
JAMAI TECHNICAL SERVICES SL,Spain,Aduna,20150,Hall 8.1,420,Railway Infrastructure,"JAMAI offers comprehensive engineering solutions for parts manufactured in casting, forging, injection, stock removal and various surface protections. 

Our 20 years of experience in the railway industry with a track record of 3.000 references, prove we are dedicated to meeting our customers’ needs.",1207497
Japan International Cooperation Agency,Japan,Tokyo,102-8012,Hall 7.2a,100,Public Transport,"Japan International Cooperation Agency (JICA) is responsible for administering all Official Development Assistance (ODA) to assist and support developing countries, such as technical cooperation, finance and investment cooperation, and grants in the various fields. 
In the railway sector, JICA supp…",1022436
Japan Overseas Railway System Association,Japan,Tokyo,100-0005,Hall 7.2a,100,Public Transport,"Delivering safe, reliable, and innovative Japanese railway systems to the world.",1022439
Japan Transport Engineering Company,Japan,Yokohama,236-0043,Hall 2.2,530,Railway Technology,"Japan Transport Engineering Company is a total transport engineering firm manufacturing rolling stock and freight containers, in JR East Group. J-TREC can provide rolling stock as a stand-alone product or total package including maintenance with a support from JR East.",1022441
Jarosch & Haas,Austria,Wien,1010,Hall 2.1,140,Public Transport,"For more than 30 years, Jarosch & Haas has been developing software solutions that help public transport operators succeed in the digital age.
Our goal is a modern public transport ecosystem that simplifies processes and delivers a seamless passenger experience.",1225182
JAY JALARAM PRECISION COMPONENT LLP,India,RAJKOT,360021,Hall 10.2,145,Railway Infrastructure,"Jay Jalaram Group manufactures precision machined components, fabricated structures, welded assemblies and sub-assemblies for railway and industrial OEMs. With local teams, sales offices and warehouses in Europe & the USA, we ensure reliable supply and responsive support.",1226793
Jayme da Costa,Portugal,Vila Nova de Gaia,4415-490 Grijó,Hall 11.2,220,Railway Infrastructure,,1227447
Jewell Instruments,United States of America,Manchester,03103,Hall 27,145,World Innovations; Railway Technology,"Jewell Instruments is a world leader in the manufacture of high precision tilt and motion sensors. These sensors are used for rail maintenance of way, rail automated train controls, rail test and measurement, tunnel construction and monitoring and more. Our experienced engineering team works with...",1022534
"JHC Technology Development Co., Ltd.",China,"Guangming District, Shenzhen, China",518132,Hall 6.1,305,Public Transport,"AI Edge Computing for Industrial Intelligence. JHCTECH provides industrial computers, edge AI platforms, vehicle-mounted systems, and customized solutions that empower digital transformation across transportation, manufacturing, robotics, energy, and healthcare.",1215225
"Jiangsu Aidi Co., Ltd.",China,Nanjing,211164,Hall 23,830,Railway Technology,"Stainless Metal bellows
Metal hose
Metal Expansion joint",1223629
"Jiangsu Aulland New Material Technology Co., Ltd",China,Nantong,226017,Hall 8.1,280,Railway Technology,"Jiangsu Aulland New Material technology Co., Ltd is a leading and professional manufacturer specially engaged in FRP products which includes FRP molded gratings, FRP pultruded gratings, pultruded profiles, hand rails, stair treads, ladders and so on.",1226570
"Jiangsu Bide Science& Technology Co., Ltd.",China,Jiangsu,214400,Hall 5.1,440,Interiors,"Jiangsu Bide Science and Technology Co., Ltd., founded in 2002 in Jiangyin, Jiangsu, China, is an SSE main-board listed high-tech enterprise specializing in R&D, production, sales and full-life-cycle maintenance of rail transit vehicle supporting products.",1220730
"Jiangsu Guozhiding Fluid Technology Co., Ltd.",China,"Changzhou, Jiangsu",213025,Hall 10.2,130,Railway Technology,"Our products and hare been widely applied in various industrial sectors, including high-speed trains such as Harmony and Fuxing, high-power electric and diesel locomotives, urban rail vehicles, and wind energy storage, among others.",1007394
"Jiangsu Kingway Transportation Co., Ltd.",China,Suzhou,215104,Hall 7.2c,100,Railway Technology,,1022552
"Jiangsu MTF Transport Equipment Co., Ltd.",China,Changzhou,213000,Hall 3.1,610,Interiors,"MTF Transport Equipment Co., Ltd. runs a 100,000㎡ plant with 1,800+ staff. We produce rail parts: interiors, electric parts, gangways, seats & catering systems. With ISO, IRIS & EN certificates, we provide one-stop solutions for global rail clients via green, smart manufacturing.",1216160
"Jiangsu Railteco Equipment Co., Ltd.",China,"Zhangjiagang City, Jiangsu Province",215600,Hall 2.2,160,Railway Technology,"Jiangsu Railteco Equipment Co., Ltd. was established in 2012, which is a professional manufacturer focus on rail transportation equipment products. Railteco is principally engaged in the design, production, maintenance, sales and service of railway equipment products.",1022555
"Jiangsu Tedrail Industrial  Co., Ltd.",China,Yangshe,215600,Hall 20,330,Railway Technology,"We can provide a wide range of railway products, from a small part to the whole system. We can select a suitable product for you base on your requirements, or we can customize for you base on your drawings and designs.",1022557
"Jiangsu Tie Mao Technology Co.,Ltd.",China,Haian,226600,Hall 1.1,735,Interiors,"Jiangsu Tie Mao Technology Co.,Ltd. is one of the world leading suppliers of special glass products & solutions.",1022558
"Jiangsu Vessun Rail Technologies Co., Ltd.",China,Suzhou,215600,Hall 27,775,Railway Infrastructure,"VESSUN boasts more than 20 years of experience designing and manufacturing railway signalling & control products for urban transit and mainline railways, holding IRIS (ISO 22163) certification.
VESSUN supplies complete train control solutions comp",1223162
"Jiangsu Xinlihe Abrasive Tools Technology Co., Ltd.",China,Jiangsu,212200,Hall 9,270,Railway Infrastructure,"Jiangsu Xinlihe Abrasive Tools Technology Co., Ltd. is a professional abrasives enterprise integrating the R&D, production and sales of various rail grinding wheels and other types of grinding wheels.",1226696
"Jiangxi Jinghang Aviation Forging & Casting Co., Ltd.",China,Jiangxi,333400,Hall 9,270,Railway Technology,,1226690
"Jiaxing Coeteks Material Co., Ltd",China,Zhejiang,314000,Hall 5.1,450,Interiors,"COETEKS Material provides lightweight, flame-retardant, and sustainable rail interior material solutions. Our thElement® and NOVATIRE® series are certified to EN 45545, NFPA 130, and key railway standards, delivering safety, durability, low emissions, and design flexibility for modern rail vehicles.",1223269
"Jinan Taichan Technology Co. , Ltd.",China,Yucheng,251200,Hall 22,660,Railway Technology,"Jinan Taichan Technology Company was founded in 1996 and has manufactured over 60 types of railway specific equipment. Up to now, more than 40 sets of mobile CNC wheel lathes have been sold; In 2022, the world's first All-electric underfloor wheel lathe (pit type).",1210347
"Jinchen Zhihui (Tianjin) Equipment Manufacturing Co.,Ltd",China,Tianjin,300400,Hall 5.2,685,Railway Infrastructure,"Jinchen Zhihui (Tianjin) Equipment Manufacturing Co., Ltd set equipment manufacturing, research and development, design, production and sales as one of the automated factory.",1223425
Jindal Steel Limited,India,Gurugram,122001,Hall 8.1,100,Railway Infrastructure,,1226652
Jinxi Axle Company,China,"TAIYUAN, SHANXI",030027,Hall 20,535,Railway Technology,,1022592
"Jinzhou Jietong Railway Vibration Attenuation Equipment Co., Ltd.",China,Liaoning,121000,Hall 9,681,Railway Technology,,1224012
"JINZHOU JT RAILWAY MACHINERY CO., LTD.",China,LIAONING,121000,Hall 20,175,Railway Technology,"Our product portfolio, like forged parts, blank parts of steel casting and spheroidal graphite cast iron, or precisely machined part and rubber joint assembly, they are used in bogie assembly and other industrial applications.",1022594
"Jinzhou Tiegong Railway Maintenance Machinery Co., Ltd.",China,JINZHOU,121000,Hall 26,405,Railway Infrastructure,"Jinzhou Tiegong Railway Maintenance Machinery Co., Ltd is a professional manufacturer engaged in the research and development, production, sales and service of rail drilling, cutting, tamping, grinding machines and  hundreds of other series of railway equipment.",1022595
"JOC Machinery Co., Ltd.",China,Nanjing,210008,Hall 8.2,200,Railway Technology,"JOC Machinery Co., Ltd. is an ISO9001 & IATF 16949 certified supplier of railway freight wagon components and overhead line equipment parts. Core railway products include railroad parts, brake cylinders, brake shoes, flanges, socket, weld fittings, brackets, overhead installations, clamps, etc.",1022619
John Cockerill,France,SERAING,4100,Hall 4.2,150,Railway Technology,"A pioneer in locomotives, JOHN COCKERILL offers today a wide range of products and services dedicated to the rail industry: rental locomotives, maintenance, rolling stock and spare parts, track equipment, maintenance workshops equipment, drivers simulators, technical support and consulting.",1022643
"Jonhon Huayi (Shenyang) Electronic Technology Co.,Ltd.",China,Shenyang,110000,Hall 12,160,Railway Technology,"As the key supplier for CRRC and national high-tech enterprise,JONHON HUAYI(JOHUAYI) is a subsidiary of JONHON specialized in rail transit and founded in 2008.
Focusing on the five key technical fields--electrical,optical,liquid,sensing and photoelectric conversion,JOHUAYI  has developed various con",1210406
"JOOWON INDUSTRIAL CO., LTD.",South Korea,Seongnam-Si,13636,Hall 11.2,150,Railway Technology,,1022682
JOSEF MEYER Rail Group AG,Switzerland,Berlin,12524,"CityCube, Hall B",120,Railway Technology,,1226242
Journey Alerts Ltd,United Kingdom,London,N1 7GU,Hall 2.2,560,Public Transport,-,1226954
"JSC ""Stepnogorsk Bearing Plant""",Kazakhstan,Stepnogorsk,C10E0F9,Hall 23,835,Railway Infrastructure,,1209406
JST Transformateurs,France,LYON,69008,Hall 9,140,Railway Technology,"Independant, reliable, efficient.

A trusted partner for your propulsion system:
For several decades, JST transformateurs has been demonstrating its continuous pioneering spirit in designing, manufacturing, and servicing traction transformers and inductors immersed in oil.",1022774
JSW Steel Italy Piombino S.p.A.,Italy,Piombino,57025,Hall 25,315,Railway Infrastructure,"JSW Steel Italy Piombino SPA, part of the JSW Group, is an iron and steel company which bought Lucchini plant located in Piombino (IT). Lucchini has been for long time one of the most important manufacturers of rail in Europe, leader in the production of rail.",1022776
JUMO GmbH & Co. KG,Germany,Fulda,36039,"CityCube, Hall A",240,Railway Technology,JUMO GmbH & Co. KG is a leading global supplier of components and systems for individual sensor and automation solutions.,1022830
JUST ADD AI GmbH,Germany,Bremen,28217,Hall 7.1a,400,Railway Technology; AI Mobility Lab,,1207999
"JWM Hi-Tech Development Co., Ltd.",China,Shenyang,110000,Hall 4.1,285,Public Transport,"JWM Hi-Tech Development Co., Ltd.",1220143
Jármüszerelvényt Gyártó Zrt.,Hungary,Budapest,1151,Hall 3.1,579,Interiors,"Jármű Zrt has been manufacturing parts for railway coaches and buses for over a century (since 1916). We produce luggage racks with lights and occupations signal, decorative suitcase holders, partition walls, windows and related components.",1022450
k + v Ingenieurgesellschaft mbH,Germany,Ibbenbüren,49479,"CityCube, Hall A; Outdoor Display",800; O/10,Railway Technology,"k + v Ingenieurgesellschaft mbH is an independent, neutral engineering company that has accumulated expertise and competency in the field of designing for the railroad industry. Since the company was registered in January 1998 we have developed into a strong partner in design, engineering and con...",1022915
K-array,Italy,Scarperia e San Piero,50038,Hall 4.1,870,Railway Technology,K-ARRAY is known for its dedication to innovation and quality in the professional audio industry. The brand is committed to developing unique and cutting-edge solutions.,1203427
K2G Sp. z o.o.,Poland,Skarbimierz-Osiedle,49-318,Hall 3.1,750,Interiors,"hot press composites, interiors&exteriors, wiring harnesses",1227027
KAAF Rolling Stock Inc.,Türkiye,Kayseri,38165,Hall 2.2,635,Railway Technology,"OEM railway vehicle manufacturer providing shunting locomotives, shunting vehicles, rolling stock subsystems, maintenance machines, modernization and heavy maintenance solutions for railway operators and industrial rail applications.",1022920
Kabel-Technik-Polska Sp. z o.o. / Motherson Group / KTP,Poland,Czaplinek,78-550,Hall 11.1,210,Railway Technology,"Kabel-Technik-Polska, part of the Motherson Group offers comprehensive electrical manufacturing services for the railway industry, certifications according to various standards, with nearly 20 years of experience, full in-house capabilities, and production presence spanning Poland, USA and India.",1022929
Kabelwerk EUPEN AG,Belgium,Eupen,4700,Hall 12,150,Railway Technology,"With more than 100 years of experience, KABELWERK EUPEN AG - also known under the name EUPEN or EUPEN CABLE - is today one of Europe's leading companies in the field of cable production, offering a very wide product range including power, signalling, communication and special cables.",1022930
KAGO AG,Switzerland,Goldau,6410,Hall 26,250,Railway Technology,"KAGO Products:
Rail Contact Clamps, Electrical Rail Connections; Earthing Equipment; Cable Fastenings for Rails and Sleepers; Rail Attachment Boxes; Bird Protection Products

KAGO Installations:
Track Returns and Earthing Wires, Catenary Technology, Heavy-duty Mountings and Diamond Drillings,...",1022953
Kalthoff Luftfilter und Filtermedien GmbH,Germany,Selm,59379,Hall 3.1,515,Interiors,Kalthoff - Filter requirements on ships and railway vehicles,1215265
KANCA,Türkiye,Cayirova,41420,Hall 8.1,370,Public Transport,"KANCA is as one of the leading forged parts manufacturer in Europe, located in Kocaeli/Türkiye, supplying forged oem parts to several very reputable passenger and commercial vehicle manufacturers,tier1 manufacturers,railway industry and several non automotive applications.  

Kanca is  a worldwide k",1023048
KANEKO Corporation,Japan,"Suginami-ku, Tokyo",167-0051,Hall 23,140,Railway Infrastructure,"Our corporation was established in 1951 to design, manufacture, and sell measuring instruments for track maintenance. Our business scope has expanded significantly. We now produce construction and electrical measuring devices, as well as develop and install disaster prevention and warning systems.",1216139
KANSAI HELIOS Austria GmbH,Austria,Vienna,1210,Hall 8.2,365,Railway Technology,"Designing Excellence – for more than 170 years, KANSAI HELIOS has combined tradition, expertise and continuous innovation in the coatings industry, always driven by passion.",1034069
KARDEMIR KARABUK IRON STEEL INDUSTRY & CO INC.,Türkiye,Karabük,78170,Hall 21,255,Railway Infrastructure,To become a “World-Class Company” as one of the leading companies among all the industrial companies in Turkey with a high value-added product content of 3.5 million tons of steel production in the second century of our Republic.,1023095
"Karlsruhe Institute of Technology (KIT), Rail System Technology",Germany,Karlsruhe,76131,Hall 2.2,410,Railway Technology,"KIT – The University in the Helmholtz Association
We create and impart knowledge for the society and the environment. From fundamental research to applications, we excel in a broad range of disciplines.",1223583
Karos Mobility,Germany,Köln,50668,Hall 7.1c,235,Public Transport; Mobility+,,1220247
kasasi GmbH,Germany,Kempten,87439,Hall 6.1,445,Railway Technology,"Hello, we are kasasi! Since 2009, our team of 50 develops innovative software for the logistics industry. Our Multimodal Visibility Platform links planning and real-time telematics data – creating transparency and full control over transports by rail, road and water.",1220241
KCW GmbH,Germany,10963 Berlin,12109,"CityCube, Hall B",320,Public Transport,"KCW advises on all aspects of public transport and the mobility of tomorrow. Interdisciplinary, independent and individual.",1023256
KELEX s.r.o.,Slovakia,Sucany,03852,Hall 10.1,230,Railway Technology,,1023292
Keller & Kalmbach GmbH & Co. KG,Germany,Unterschleißheim,85716,Hall 8.2,240,Railway Technology,"Tradition meets innovation at Keller & Kalmbach. We are the experts in fastening and fixing technology - and have been since 1878. With 1000 employees worldwide, we are responsible for the automated supply and optimization (C-parts management) of our customers' material flow and supply chain...",1023294
KEMROC Spezialmaschinen GmbH,Germany,Bad Salzungen,36469,Outdoor Display,O/650,Railway Infrastructure,,1023329
"KENMEC MECHANICAL ENGINEERING CO., LTD. /  Machinery and Electrical Equipment Manufacturing",Taiwan,Taipei City,115,Hall 11.2,310,Railway Technology,,1227089
"KENYOU IND.CO.,LTD",Taiwan,Nantou,54258,Hall 6.2,665,Railway Technology,KENYOU is combining booth with WFL which bring not only the machine solution and also solution with automation.,1219360
KEOLIS,France,Courbevoie,92400,"CityCube, Hall A",720,Public Transport,Keolis is a pioneer in the development of public transport systems and partners with public transport authorities to deliver shared mobility services that enhance liveability for local communities.,1023364
KES GMBH & CO. KG,Germany,BARSINGHAUSEN,30890,Hall 1.2,470,Railway Technology,"We have long standing experience regarding design, development and production of microelectronic control systems for railway vehicles.



Our strength lies in the development and production of market-driven products and their adaptation to customer-specific applications. In this regard we enhan...",1023381
KETS TEKSTIL TURIZM TICARET ANONIM SIRKETI,Türkiye,FATIH,34490,Hall 5.1,445,Interiors,,1151632
Key Direction Limited,Hong Kong SAR China,Tsuen Wan,0,"CityCube, Hall A",625,Railway Technology,"In Key Direction Limited, we believe in innovation and creativity which need effective management to bring it into full play. With rapid development of railway systems and technologies nowadays, we provide innovative solutions for the clients to achieve their business objectives and sustainability.",1023397
KFS Mobility,France,Andrezieux-Bouthéon,42160,Hall 1.1,370,Public Transport,"KFS Mobility is a global leader in railway seating solutions, delivering innovation from R&D to after-sales service. With 240+ experts and a state-of-the-art facility in France, KFS designs and manufactures high-quality seats for trains, metros and trams worldwide.",1215290
Kiepe Electric GmbH,Germany,Düsseldorf,40599,Hall 9,540,Public Transport,"KIEPE: Energizing the world's transit. We supply electrical systems and components to rail manufacturers, driving sustainable networks. From engineering to after-sales, we're the pulse behind modernization.",1023465
Kiesel GmbH,Germany,Baienfurt,88255,Outdoor Display,O/110,Railway Infrastructure,Kiesel – my system partner – delivers premium products that master every challenge on and around the track.,1023466
Kineco Limited,India,Pilerne,403511,Hall 3.1,675,Interiors,"Kineco Global Rail is the newly launched international brand of India's leading rail interior furnishing solutions provider, Kineco Group for the global rail industry. Kineco Group offers a wide array of offerings across industries such as mobility, mass transit, aerospace, defence and wind energy.",1023505
"KINEX BEARINGS, a.s.",Slovakia,Bytca,014 83,Hall 20,450,Railway Technology,"Production of the KINEX rolling bearings has a long term tradition. KINEX BEARINGS offers complex services in the field of research, development and production of the rolling bearings. Beginning of production in segment of single row cylindrical roller bearings for the rail vehicles dates from ye...",1023509
kirsch konkret,Germany,Münster,48155,Hall 2.1,320,Public Transport,Consulting - Training - Software - Practical solutions for customer service in public transportation; serving you since 2010,1227431
Kiwa MPA Dresden GmbH,Germany,Freiberg,09599,Hall 7.2b,100,Railway Technology,,1227446
KK Group,Denmark,Ikast,7430,Hall 18,620,Railway Technology,"KK Group helps rail OEMs accelerate from concept to validated cooling solution through rapid prototyping, innovation and deep OEM integration expertise, supporting the shift from combustion engines to hybrid and EV platforms with reliable solutions and a global supply chain.",1220144
Klaus Bauer Kabel GmbH & Co. KG - Bauer Beton - bbL Beton GmbH,Germany,Saalfeld,07318,Hall 25,275,Railway Infrastructure,"We are your point of contact for manholes, ducts, foundations, and concrete components — including both standardized parts and custom-made solutions — for railways, airports, and shipyards, as well as for energy supply, telecommunications, industrial, and water facilities.",1023610
Klefenz GmbH,Germany,Waldshut-Tiengen,79761,Hall 25,618,Railway Infrastructure,"Klefenz GmbH is an experienced infrastructure company with over 60 years of expertise in railway track construction, civil engineering and cable installation. As a trusted partner to railway operators, utilities, and public-sector clients, Klefenz delivers complex projects across Germany.",1208562
KLEIN Anlagenbau AG,Germany,Freudenberg,57258,Hall 1.2,430,Railway Technology,"KLEIN Anlagenbau AG is distinguished by its longstanding experience and expertise in the field of pneumatic conveyors, foundry technology and sanding equipment for rail vehicles. As an international system supplier, we offer our customers complete packages of tailor-made solutions, covering all s...",1023626
KLG Smartec GmbH,Germany,Eningen,72800,Hall 4.1,335,Public Transport,Moving from Industrial Connectivity towards Industrial AI,1211149
KLW Wheelco SA,Switzerland,Paradiso,6902,Hall 21,550,Railway Technology,"KLW is a railway products marketing brand of the Ukrainian pipes and railway wheels producer — Interpipe.
Our product portfolio includes more than 250 types of wheels, axles, tyres and wheelsets for passenger and freight railway transport and urban rail transport, marketed in more than 60 countr...",1023671
Klüber Lubrication München GmbH & Co KG,Germany,München,81379,Hall 21,440,Railway Technology,"Keep your rail performance on track.

Discover how specialty lubrication for gearboxes, wheelset bearings and railway switches can help improve reliability, extend maintenance intervals and reduce lifecycle costs. Meet our experts at InnoTrans 2026 and explore real-world rail success stories.",1023666
Knapp Engineering GmbH,Germany,Bretzfeld,74626,Hall 5.2,545,Railway Infrastructure,"Knapp Engineering GmbH – your specialist for infrastructure projects: We deliver your project holistically, from planning through to commissioning. Our core competencies include signal gantries, contact protection systems, noise barriers, civil engineering, and track-bound works with our own vehicle",1224013
Knick Elektronische Messgeräte GmbH & Co.KG,Germany,Berlin,14163,Hall 17,225,Railway Technology; Career Point,"Reliable electronic measurement and control devices are of great importance for the industry. The precision of the measurements can mean the difference in the market success of a product. In an industrial context in particular, only quality pays dividends in the long run. Signal conditioners, sen...",1023690
Knorr Bremse I Braking Systems (incl. New York Air Brake),Germany,München,80809,Hall 1.2,250,Railway Technology,"As the global market leader for braking systems in rail transport, Knorr‑Bremse offers a comprehensive braking portfolio for all relevant rail vehicle types. The portfolio covers the entire system architecture of modern braking systems.",1012520
Knorr-Bremse,Germany,München,80809,Hall 1.2; Hall 27,250; 740,World Innovations; Railway Technology; Career Point,"Knorr‑Bremse has been the global market leader for braking systems for more than 120 years and is a global technology company that makes mobility safer, more efficient and more sustainable worldwide, with around 30,000 employees in over 60 locations in 30 countries.",1023701
Knorr-Bremse I Coupling Systems,Germany,München,80809,Hall 1.2,250,Railway Technology,"Knorr‑Bremse Coupling Systems supports vehicle manufacturers and operators worldwide with modular system solutions – ranging from established applications in passenger rail to automated and digitalized freight transport concepts, including the Digital Automatic Coupler (DAC).​",1226514
"Knorr-Bremse I Embedded Electronic Solutions (duagon, Selectron)",Switzerland,Dietikon,8953,Hall 1.2; Hall 27,740; 250,Railway Technology; World Innovations,"Knorr-Bremse I Embedded Electronic Solutions address the system‑critical computing and communication layer of modern rail vehicles. Driven by the complementary capabilities of duagon and Selectron, the segment provides the foundation for safe, connected and digitalised vehicle architectures.",1036522
Knorr-Bremse I Entrance Systems (Doors IFE),Austria,Kematen/Ybbs,3331,Hall 1.2,250,Railway Technology,"As a globally leading systems supplier for entrance and door systems in rail transport, Knorr-Bremse Entrance Systems (Doors IFE) represents quality, reliability, safety and cost efficiency within the Knorr-Bremse Group.",1159203
"Knorr-Bremse I Power & Grid Solutions (Microelettrica, Zelisko)",Italy,Buccinasco (MI),20090,Hall 1.2,250,Railway Technology,"Knorr‑Bremse | Power & Grid Solutions addresses the energy supply and power infrastructure layer within rail systems. The segment forms a key foundation for the reliable generation, conversion, distribution, and protection of electrical energy in rail vehicles and rail‑specific applications.",1027383
Knorr-Bremse I Sanitary Systems (Evac),Germany,Wedel,22880,Hall 1.2,250,Railway Technology,"Knorr-Bremse Sanitary Systems (Evac) supports vehicle manufacturers and operators worldwide with scalable, efficient and sustainable sanitary and cabin systems for new vehicles, as well as for modernization, retrofit and the ongoing operation of existing fleets.",1014697
"Knorr-Bremse I Signaling Solutions (KB Signaling, Zelisko)",United States of America,"Grain Valley, Missouri 64029",,Hall 1.2; Hall 27,250; 740,Railway Technology,"As a provider of Control Command & Signaling technologies, Knorr‑Bremse addresses a safety‑ and function‑critical core area of rail transport. KB Signaling focuses on wayside command, control and signaling systems and supports rail infrastructure operators and customers.",1226508
Knorr-Bremse RailServices,Germany,München,80809,Hall 1.2,250,Railway Technology,"Knorr‑Bremse RailServices delivers comprehensive aftermarket solutions across the entire lifecycle of rail vehicles. As a strategic service partner and global market leader in braking systems, RailServices supports operators worldwide with deep operational, system and product expertise.",1226513
KOBA.CO.LTD,South Korea,Seoul,08260,Hall 1.2,440,Railway Technology,"Buffers & dampers for Railway, Aerospace, defense,  sea port cranes, auto-warehouse, heavy industries, factory automation, steel industries and other industrial purpose which have high competance & quality.",1023714
Kockum Sonics AB,Sweden,Malmö,21210,Hall 27,600,Railway Technology,Tyfon® – World’s leading brand of Warning Horns for all types of Rolling Stock. The classic sound of the Tyfon® horn has been heard from railroad tracks since the 1920s.,1023719
Kolowag AD,Bulgaria,Septemvri,4490,Hall 21,510,Railway Technology,"KOLOWAG AD

The company is specialized in:

PRODUCTION OF WHEEL SETS:
25 tons, axle load 23.5 tons, 20 tons axle load ,WSs with brake discs, Driving WSs, WSs for Iberian gauge
Approvals: TSI-Module CB+CD, HPQ DB, RISAS-UK, ISO 9001-2008

PRODUCTION OF FREIGHT WAGONS AND PASSENGER COACHES:...",1023772
Kolster Sp. z o.o.,Poland,Olsztyn,10404,Hall 26,480,Railway Infrastructure,"Kolster is a manufacturer of mechanical and electromechanical equipment for rail traffic management systems with nearly 80 years of experience. Our production site in Olsztyn (Allenstein) was founded in 1885 as an iron foundry and agricultural machine factory. Since 1945, we were part of the PKP...",1023777
KOLTECH,Poland,Racibórz,47-400,Hall 22,740,Railway Technology,KOLTECH - Polish producer of wheel lathes for machining of wheelsets and devices for maintenance of city rail transport depots and railway repair workshops. More at www.wheellathes.com,1023779
Komax AG,Switzerland,Dierikon,6036,Hall 12,270,Railway Technology,"Komax is a Swiss pioneer and market leader in automated wire processing. The company develops standardized and customer-specific machinery as well as testing and networking solutions for automotive, transport, and industrial markets - globally active with strong local support.",1224878
KOMBUD GROUP S.A.,Poland,Radom,26-603,Hall 27,520,Railway Technology,"Kombud Group specializes in solutions for the critical infrastructure, with an established success record in railway and subway signalling systems. The combined technological and capital potential places the Group among the leaders on the rail signalling market in Central and Eastern Europe.",1211414
Kompetenz für Schienengebundene Verkehre GmbH,Germany,Leipzig,04103,Outdoor Display,O2/85,Railway Infrastructure,"KSV – Your partner for operational safety, professional development and digital railway processes.",1024048
Kompetenznetz Rail Berlin-Brandenburg GmbH,Germany,Brandenburg an der Havel,14770,"CityCube, Hall B",100,Railway Technology,"Kompetenznetz Rail Berlin-Brandenburg GmbH enables a new level of collaboration between the client and contractors on complex rail technology projects.
We are an international network in the field of rail technology with over 70 partners.",1023807
KONI B.V.,Netherlands,Oud-Beijerland,3261 NH,Hall 1.2,180,Railway Technology,"KONI is a worldwide shock aborser company which produces unique and tailor made, high-quality shockaborbers. 
We produce dampers for the RAIL, Automotive and Defense Industry, Defense and Industrial Applications.",1105993
Konstrukta Ingenieurgesellschaft für Sondermaschinen mbH,Germany,Blankenfelde-Mahlow,15831,"CityCube, Hall B",200,Railway Technology,Konstrukta is your specialized engineering company for design services in rail vehicle construction. We develop tailored solutions – from the concept phase to the implementation of complex special systems – combining customer experience with our technical expertise.,1221019
Konten Networks Inc.,Taiwan,New taipei City,23141,Hall 4.1,835,Public Transport,"Konten Networks originated from the basis of 20 years networking experience with office and factory located in Taiwan. As a leading manufacturer of industrial Ethernet switches, we are devoted to design and produce industrial networking devices for harsh environments and critical infrastructure w...",1023847
Kontron Transportation GmbH,Austria,Wien,1120,Hall 4.1,650,Public Transport,"Kontron Transportation is a leading global supplier of end-to-end communication solutions for mission-critical networks. The core customers are railways across Europe and beyond. The company specializes in systems that produce, transport, and process voice, data, and video.",1023861
Konvekta AG,Germany,Schwalmstadt,34613,Hall 3.1,220,Interiors,"Energy efficient and environmentally friendly – Konvekta CO2-air conditioning unit for rail vehicles

Our HVAC CO2-heat pump is the new, ecological heating and air conditioning system for local and long-distance rail traffic.",1023865
KONČAR Inc.,Croatia,Zagreb,10000,Hall 3.2; Outdoor Display,470; T4/20,Railway Technology; Outdoor Display,Energy in Motion,1023817
Korea Railroad Research Institute,South Korea,"Uiwang-si, Gyeonggi-do",16105,Hall 3.2,150,Railway Technology,Korea Railroad Research Institute (KRRI) creates new opportunities for our lives with future transportation science and technology,1023892
Korea Rolling Stock Industries Association,South Korea,Gyeonggi-do,16105,Hall 11.2; Hall 3.2,230; 150,Railway Technology,"The Korea Rolling Stock Industries Association (KORSIA) is an active organization operating in Korea.
As its members, the KORSIA has rolling stock manufactures, rolling stock components suppliers and traction & control equipment suppliers.",1023895
Koskisen Corporation,Finland,Järvelä,16600,Hall 3.1,820,Public Transport,"Koskisen — an international wood processing specialist known for its agility and ability to listen to the customer. We utilise our wood raw material as thoroughly as possible, up to the last particle of sawdust. We manufacture sustainable circular bioeconomy products that store carbon for decades...",1023922
KOTRA (Korea Trade-Investment Promotion Agency),South Korea,Seoul,16792,Hall 3.2,230,Railway Technology,,1023941
Kovis d.o.o.,Slovenia,Brezice,8250,Hall 1.2,160,Railway Technology,"KOVIS is an internationally innovative company for the development and production of components for the railway industry and various parts for other industrial sectors. Sustainability and innovation design our pace, therefore we operate according to the slogan – good ideas create the future.",1023949
KPH Handel A/S,Denmark,Ringsted,4100,Hall 9,610,Railway Technology,,1216112
Kraftler UAB,Lithuania,Vilnius,LT-06145,Hall 9,630,Railway Technology,"Kraftler designs, manufactures and supplies high performance damping systems, such as draw gear and buffer polymer springs, and draft gears for rail vehicles, with the best cost-quality ratio.",1023969
KRAIBURG PuraSys GmbH & Co. KG,Germany,Diepholz,49356,Hall 25,660,Railway Infrastructure,Kraiburg PuraSys – Vibration Isolation for Tracks,1023970
KRAIBURG Relastec GmbH & Co. KG,Germany,Salzwedel,29410,Hall 25,660,Railway Infrastructure,KRAIBURG Relastec has already established itself through numerous international projects with its DAMTEC® products and offers its partners an extensive range of solutions to reduce noise and vibration problems in rail traffic.,1023971
KRAIBURG STRAIL GmbH & Co. KGd,Germany,Tittmoning,84529,Hall 25,370,Railway Infrastructure,"KRAIBURG STRAIL - partner of railways.

Under, between and around the rails - with us, everything revolves around the track. At KRAIBURG STRAIL, we are one of the world's leading suppliers of level crossing systems and specialists in the use of rubber and plastics in railroad infrastructure.",1023973
Krapf & Lex Nachf. Verkehrstechnik GmbH & Co. KG,Germany,Weiden,92637,Hall 3.1,530,Railway Technology,"Krapf & Lex develops and produces effective filters, ventilation grilles and pressure protection systems for fresh air and exhaust air systems in railway vehicles since more than 50 years.

To prevent the penetration of dust, water and snow into the inside of vehicles, effective filter systems ...",1023984
Kraus & Naimer,Netherlands,Hengelo (OV),7556 BR,Hall 15.1,460,Railway Technology,"A global switch specialist providing tailored switching solutions for railway interiors, maintenance, and infrastructure. Specialized locking systems, additional components, custom labeling and covers, as well as rugged housings. Modular . Custom-made . Reliable",1222676
Krause Rail Systems,Poland,Narok,49-120,Hall 5.1,170,Interiors,"KRAUSE Rail Systems designs and manufactures interior fittings for rail vehicles – compartment tables, Wars fittings and washbasins for toilets. We use the highest quality materials to create lightweight, durable and attractive solutions that meet the requirements of modern transport.",1023987
KRAUSE-Werk GmbH & Co. KG,Germany,Alsfeld,36304,Hall 6.2,760,Railway Technology,KRAUSE-Werk in Alsfeld (Germany) was founded in 1900 and has more than 100 years of experience in the production and sales of climbing and scaffold technology. The dynamic growing company has successively developed into an internationally operating group of companies with further production facil...,1023988
krauth technology GmbH,Germany,Eberbach,69412,Hall 2.1,410,Public Transport,"krauth technology – Your Partner for Mobility Solutions!

With 100 years of history and more innovative than ever—there’s hardly a more fitting way to describe our company in 2026. As long-standing industry experts, we develop, design, and manufacture customized hardware and software solutions.",1023993
KREBS+KIEFER Ingenieure GmbH,Germany,Darmstadt,64295,Hall 5.2,760,Railway Infrastructure,Giving space to the future. Envisaging tomorrow’s world and actively helping to shape it. Creating buildings for future generations that allow them to frame their lives with confidence and safety. Creating an efficient and sustainable infrastructure that gives people mobility and freedom.,1210499
Krishna Global Bharat Pvt. Ltd.,India,Faridabad,121004,Hall 10.2,440,Railway Technology,,1215781
KROMA Füllstandsmesstechnik GmbH,Germany,Magdeburg,39124,Hall 27,291,Railway Technology,"At the core of KROMA are two experienced electrical engineers, Dietrich and Roland Kroll.

With the support of a team of qualified specialists, they have succeeded in establishing their company in the marketplace and creating new jobs. The secret of KROMA's success lies in its high level of com...",1024017
Kruch Railway Innovations GmbH & Co. KG,Austria,Wien,1230,Hall 22,400,Railway Infrastructure,"The company Kruch Railway Innovations GmbH & Co KG is an internationally operating business with headquarters in
Vienna, Austria.
Kruch has expertise in two main fields:
Specialised, life-cycle-cost optimised components for overhead contact lines and systems for digitalising overhead contact l...",1024029
KRUSZ-TECH SP. Z O.O.,Poland,Kruszwica,88-150,Hall 5.1,218,Interiors,"KRUSZ-TECH Sp. z o.o. manufactures certified railway components, technical seals and precision CNC-machined parts. 
Using EN 45545-2 compliant materials and advanced manufacturing technologies, we deliver reliable, high-quality solutions for rolling stock and railway infrastructure.",1220584
KST GmbH - Kamera & System Technik,Germany,Pirna,01796,Hall 4.1,470,Public Transport,"We have the development and production of highly specialised Camera-Monitor-Systems in our main competence and passion. 
Our products prove themselves under extreme conditions in road, rail and special vehicle applications.",1024046
KST Lighting,Belgium,WANDRE,4020,Hall 3.1,310,Interiors,"Located in Belgium, KST has been developing and manufacturing electronic and lighting equipment for rolling stock since 1982. Our focus remains product quality and customer satisfaction, which is why numerous tests are being performed from the conception to the production in our workshop.",1024047
KUGEL Edelstahlverarbeitung GmbH,Germany,Viechtach,94234,Hall 1.1,480,Travel Catering & Comfort Services; Interiors,"KUGEL processes stainless steel in Viechtach, Germany, into high-quality railway galleys and bistros. With 120 employees, 65+ years of experience and a high vertical range of manufacture, KUGEL supports customers from concept to series production and after-sales service.",1024069
Kugel Elektro- & Metalltechnik GmbH,Germany,Viechtach,94234,Hall 1.1,172,Travel Catering & Comfort Services; Interiors,Kugel Elektro- & Metalltechnik GmbH designs and manufactures refrigerated display units as well as complete train galleys and dining cars for the railway sector. Based in Viechtach – the “Galley Valley” – we represent concentrated expertise. Visit our booth to explore innovative onboard catering sol,1220310
Kugel- und Rollenlagerwerk Leipzig GmbH,Germany,Leipzig,04178,Hall 21,420,Railway Technology,"Precision made in Germany – KRW has been a flexible and high-performance supplier for the world’s leading vehicle manufacturers, vehicle operators, transmission and component manufacturers for decades.",1024070
KuhnOdice Germany GmbH,Germany,Seevetal,21217,Hall 8.2,212,Railway Technology,"KuhnOdice is an end-to-end provider of passive fire protection solutions. For rolling stock, KuhnOdice delivers proven solutions for all rail vehicles, combining fire protection, environmental resistance and compliance with standards.",1222274
Kummler+Matter AG,Switzerland,Dällikon,8108,Hall 26,250,Railway Infrastructure,"Discover Kummler+Matter AG’s innovative solutions for railway, tram and trolleybus electrification. At InnoTrans 2026, we will present our expertise in overhead contact line systems, engineering, installation, maintenance and product development.",1024112
Kummler+Matter EVT SA,Switzerland,Le Mont-sur-Lausanne,1052,Hall 22,340,Railway Infrastructure,"Kummler+Matter EVT delivers cutting-edge, safe railway signalling, combining Swiss quality heritage with modern innovation. Discover our EULYNX-compatible solution, smart level crossings and AI-driven predictive maintenance – engineered for performance. Hall 22, Booth 340.",1210151
Kunststofftechnik Henningsdorf GmbH,Germany,Henningsdorf,16761,Hall 1.2,120,Interiors,,1024159
KUVAG GmbH & Co KG,Austria,Neumarkt,4720,Hall 25,152,Railway Infrastructure,"Superior engineering - the key success factor in traffic engineering
In recent years, KUVAG has established itself globally as an efficient partner to numerous traffic engineering companies. Our products are being used reliably to service many millions of passengers daily. We supply components for l",1024204
Kuznia Ostrów Wielkopolski Sp. z o. o.,Poland,Ostrów Wielkopolski,63 - 400,Hall 9,671,Railway Technology,,1213108
KWD Kupplungswerk Dresden AG,Germany,Dresden,01159,Hall 20,310,Railway Technology,"KWD has gained a leading position in the field of rail vehicle construction in the past few years. With products that are demanding in terms of design and manufacturing technology we have drive system solutions for the most diverse driven bogies of high speed trains, metros, trams and locomotives.",1024222
KWM Karl Weisshaar Ing. GmbH Blechbearbeitung,Germany,Mosbach,74821,Hall 3.1,760,Interiors,"Your system supplier to the Rail Vehicle / Locomotive market as a leading, innovative company in the metal and sheet-metal branch, we are a team of nearly 500 employees and a valued partner to many highly respected customers. Over 45 years, since the foundation of the company, KWM WEISSHAAR h...",1024224
Kyosan Electric Mfg. Co.Ltd.,Japan,Yokohama,230-0031,Hall 7.2a,100,Railway Technology,"Over 100 Years of Excellence, Creativity and Pride",1024236
"KZESO, LLC",Ukraine,Kiev,01042,Hall 25,420,Railway Infrastructure,"Mobile Rail Welding Machines:
Stationary Rail Welding Machines
Rail Welding Complexes
Road-Rail Vehicles
Service maintenance",1206190
KZN Bahntechnik GmbH,Germany,Bochum,D-44805,Outdoor Display,O/250,Railway Infrastructure,"How can urban track works be completed faster while moving a significant part of the construction process from the site into controlled production conditions? At InnoTrans, KZN Bahntechnik will present CONTRACK – a technology developed by the KZN Bieżanów Group for the prefabrication of large-scale",1226626
KZN Contrack Sp. z o.o.,Poland,Kraków,30-740,Outdoor Display,O/250,Railway Infrastructure; World Innovations,"Discover CONTRACK – a prefabricated track system integrating rails and road surface into large-format concrete slabs. Individually engineered, precisely manufactured and designed for efficient construction of modern tram, road, railway and intermodal infrastructure. Meet CONTRACK at InnoTrans.",1226625
KZV s.r.o.,Czechia,Praha-Suchdol,165 00,Hall 23,410,Railway Infrastructure,,1024253
Kárászy Ltd.,Hungary,Budapest,1033,Hall 9,531,World Innovations; Railway Technology,The KARSUS (Kárászy Suspension) name came along after 150 years of existence and experience of KÁRÁSZY Company in the field of shock absorbers. Recycling has always been a fundamental criterion in the designing of KARSUS shock absorbers. We pay the greatest attention to environmental protection a...,1023090
König Kft.,Hungary,Kerekegyhaza,6041,Hall 1.1,500,Interiors,"Company König is one of the leading manufacturers of vehicle windows in Europe. We have supplied window systems nearly for all OEM in the field of trains, trams and buses in the past 33  years. Consulting - Development - Quality - Flexibility are the strengths of us.",1023831
Künstler Bahntechnik GmbH,Germany,Hamm,59075,Hall 25,415,Railway Infrastructure,"Since more than 90 years the medium-sized, independent company Künstler Bahntechnik GmbH is active in the specialised steelprocessing. This large experience makes us a flexible and reliable partner of our customers.



Customer oriented complete solution incl. customer advisory service, technic...",1024137
L&B GmbH,Germany,Wustermark,14641,Outdoor Display,O2/85; T2/85; T2/90,Railway Infrastructure,"L&B GmbH specialises in signalling and safety technology for the railway sector throughout Germany. As a reliable partner to Deutsche Bahn, we provide installation, maintenance and testing services to ensure a safe and efficient railway infrastructure.",1226480
L&S Luddeneit und Scherf GmbH,Germany,Neustadt an der Orla,07806,Hall 25,490,Railway Infrastructure,"L&S Luddeneit und Scherf GmbH is engaged in the fields of development, construction and manufacturing of special technology for maintenance of rail-bounded transport systems.

Our highly qualified specialists realize world-wide services with our special-purpose machines.",1024256
L&T Technology Services Limited,Germany,Leipzig,04109,Hall 6.1,118,Railway Technology,"L&T Technology Services (LTTS) is a global leader in AI, Digital & ER&D Consulting Services. A listed subsidiary of Larsen & Toubro (L&T), we offer design, development, testing, and sustenance services across products and processes.
 
Purposeful. Agile. Innovation. is how we drive growth.",1152379
L.B. Foster,United States of America,Pittsburgh,15220,Hall 25,580,Railway Infrastructure,"Become part of our trusted network of partners and suppliers, delivering end-to-end solutions to that shape the future of Global Rail Sector.",1024258
LA CELSIA di Elisa Bacchetta e C sas,Italy,Ornavasso,28877,Hall 9,205,Railway Technology,"LA CELSIA SAS since 1974 is a company leader in designing, manufacturing and marketing of sintered electrical contacts and electromechanical spare parts for electrical switching devices, transformation and distribution of electricity (disconnectors, switches, combiners, high-speed circuit breaker...",1024286
"La Farga yourcoppersolutions, S.A.",Spain,Les Masies de Voltregà,08508,Hall 22,440,Railway Infrastructure,"With over 218 years of experience, La Farga is a global leader in copper recycling and sustainable railway electrification solutions. Through GENIUS, 100% recycled and recyclable copper, we reduce CO₂ emissions by 92% while driving the transition towards a more circular and decarbonised mobility🌍♻.",1024298
LA-CO Industries Europe SAS,France,Blyes,01150,Hall 8.1,135,Railway Technology,"Discover our Markal Security Check Paint Marker, which provides a convenient visual method for identification of vibratory loosening or tampering in nuts, bolts, fasteners, and assemblies. High visibility paint mark becomes a hard film that breaks easily. Ideal for quality control and warranty work!",1024368
Laborex Group,Belgium,Olen,2250,Hall 6.2,220,Railway Technology,"LaborexRail railway wastewater systems for disposal of railway carriages: from mobile disposal vehicles to complete vacuum supply and disposal networks, vacuum cleaners and cleaning cabinets. We also manufacture Parts Cleaning Machines and Blasting Cabinets.",1142170
Lackfabrik Bäder GmbH & Co KG,Germany,Esslingen,73734,Hall 8.1,305,Railway Technology,,1220484
LAF - Les Appareils Ferroviaires,France,LISSES,91090,Hall 4.2,150,Railway Infrastructure,"Part of CIM company, LAF designs and manufactures tailor made products for rail freight vehicles (couplers, drawbars, etc). LAF has always known how to adapt to a constantly changing market finding THE solution that will make the difference to your project.",1024377
Lakowa GmbH,Germany,Wilthen,02681,Hall 1.1,240,Interiors,"• Interior paneling systems

• Paneling assemblies

• Air-ducting components and channels

• Control panels

• Ceiling components

• Door columns


Technical parts

 



• Interior – and exterior lining systems

• Covers and cases

• Operating desks and consoles

• Channe...",1024432
Landesentwicklungsgesellschaft Thüringen mbH (LEG Thüringen),Germany,Erfurt,99084,Hall 7.2c,230,Railway Technology,-,1024487
LANFRANCO & Cie,France,Paris,75012,Hall 8.2,120,Railway Infrastructure,"The Lanfranco Company is specialized in manufacturing self-locking systems and fasteners (self-locking nuts, modular fixings, screws...) for secure connections (no more loosening and no more maintenance).

Reusable nuts with resistance to vibration, standard materials (steel cl.8.8 - 10.9...)",1022320
Langmatz GmbH,Germany,Garmisch-Partenkirchen,82467,Hall 15.1,210,Railway Technology,,1024631
Lankhorst Engineered Products,Netherlands,Sneek,8607 AD,Hall 21,225,Railway Infrastructure,"Discover our proven KLP® Hybrid Polymer Sleepers for track and turnouts, now backed by EBA approval and DB HPQ qualification. Meet the innovative Hedgehog Sleeper and see a KLP® Sleeper after 13 years in service and 321 million tonnes of accumulated axle load.",1024641
Lantal Textiles,Portugal,Água Longa,4825-109,Hall 1.1,380,Interiors,Soft interior products & solutions for aviation & ground transportation - the ultimate in well-being for passengers.,1024645
Lantech Communications Global Inc.,Taiwan,Taipei,114066,Hall 4.1,350,Public Transport,,1024648
LAPP,Germany,Stuttgart,70565,Hall 15.1,285,Railway Technology,"LAPP is a leading supplier of integrated solutions and branded products in cable and connection technology. Our portfolio includes standard and highly flexible cables, industrial connectors, screw technology, customised system solutions, automation and robotics technology and technical accessories.",1042177
LARS ANDRZEJ SZYMANSKI,Poland,Niepruszewo,64-320,Hall 11.1,400,Railway Technology,,1222926
Laser Precision Solutions (LPS),Netherlands,Amsterdam,1042 AB,Hall 23,470,Railway Infrastructure,"LPS’s laser-based rail cleaning systems, real-time contamination detection and expert guidance provide a complete approach to optimising railhead adhesion and reducing slip risk.",1220436
LAT Gruppe,Germany,Berlin,10245,"CityCube, Hall B",220,Railway Infrastructure,"The LAT Group offers a wide range of services and products for the transportation industry, from system construction to video surveillance.",1024694
Latronix AB,Sweden,Täby,187 66,Hall 23,310,Railway Infrastructure,"Latronix – your partner in railway measurements. For precision track and catenary measurements, our rugged solutions ensure safety and reliability in railway operations.",1024720
Lausitz Elaste GmbH,Germany,Rothenburg / OL,02929,Hall 7.2b,100,Interiors,"Lausitz Elaste GmbH is your capable production partner for all rubber technology areas from bespoke solutions to series production. The product range includes profiles, moulded articles, rubber-metal compounds, rubber-plastic compounds as well as frames with injected or preformed angles.",1024734
Lazzari Officine Meccaniche - Impianti industriali S.p.A.,Italy,Ponte San Pietro,24036,,,Railway Infrastructure,,1226836
LCI Italy Srl,Italy,San Casciano Val di Pesa,50026,Hall 1.1,610,Interiors,"Lippert Rail, part of the publicly listed Lippert company since 2017, operates globally from Italy and the US, driving innovation through interiors and exteriors components. Our commitment to excellence grows through the Lippert Technical Excellence Center, established in 2022.",1024763
LEACH INTERNATIONAL EUROPE S.A.S,France,SARRALBE,57430,Hall 11.1,350,Railway Technology,"LEACH International Europe S.A.S. is a leader in the design, development and manufacturing of electrical switching devices for transportation and high-end industrial applications. Founded in 1919, Leach components/solutions are used in the most severe environments of ground and rail...",1024823
LEDATEL sp. z o.o. i Wspólnicy sp. k.,Poland,Nowy Konik,05-074,Hall 4.1,405,Public Transport,"LEDATEL is focusing on creating proprietary systems and solutions for public transport vehicles and infrastructure.

We’re effectively carrying out even the most demanding projects. The components and systems we offer are certified and compliant with proper requirements.",1024857
Lederer GmbH,Germany,Ennepetal,58256,Hall 8.2,340,Railway Technology,"Lederer has stood for high-quality fasteners in the railway industry for over 55 years – from track construction to rail automation. The comprehensive product range includes standard and custom parts, available with inspection certificates upon request",1024858
Lef Srl,Italy,Sesto Fiorentino (FI),50019,Hall 27,890,Railway Infrastructure,"LEF Group, un'unica famiglia con la passione per il Made in Italy",1211398
Lefixea Inc.,Japan,"Roppongi, Minato",106-0032,Hall 23,430,Railway Infrastructure,,1223725
LEM Europe GmbH,Germany,Groß-Gerau,64521,Hall 11.1,435,Railway Technology,"Driving the future of rail mobility, LEM delivers high-precision electrical measurement solutions that improve efficiency, reliability, and sustainability across modern railway networks.",1024950
LENOIR ELEC,France,GORCY,54730,Hall 25,670,Railway Infrastructure,"Lenoir Elec, part of the MasterGrid Group, designs and manufactures custom made LV DC switches (off-load disconnectors and inverters, bar contactors and load break switches up to 8000 A) and switchgears for 750 and 1500 VDC traction networks: substation panels, distribution cubicles and VLD-O.",1024962
"Lenord, Bauer & Co. GmbH",Germany,Oberhausen,46145,Hall 27,561,Railway Technology; World Innovations,"Safe, standards-compliant and retrofit-capable sensors for rail vehicles

Lenord+Bauer specialised in the manufacture of extremely robust sensors for rail vehicles decades ago and offers appropriate certified solutions for train control, traction monitoring, bogie monitoring and anti-skid protec...",1024964
LEOMOTIV,United States of America,Wilmington,19801,Hall 7.1a,298,AI Mobility Lab; Railway Technology,,1225650
Leonhard Moll Betonwerke GmbH & Co KG,Germany,München,80337,Hall 5.2,310,Railway Infrastructure,"We are a family company in the fifth generation. Our 90-year success
story is based on thinking and acting with a long-term perspective.
Our customers, suppliers and employees know they can depend on us,
and we all benefit from this. We are proud of what we have achieved,
and look forward to ...",1024981
LEONHARD WEISS GmbH & Co. KG,Germany,Göppingen,73037,Hall 26,870,World Innovations; Railway Infrastructure,"Founded in 1900 as a track construction company, LEONHARD WEISS has developed into an innovative group of companies that is active in almost all areas of construction. Track infrastructure projects are implemented in highest quality with much know-how, modern machines and years of experience.",1024982
LEROY Automation,France,LABÈGE,31670,Hall 27,752,World Innovations; Railway Technology,"LEROY AUTOMATION is a designer, manufacturer and integrator of train automation solutions and on-board train electronics (BI/SIL2 Remote I/Os Modules, Vehicle Control Units, PLC & Train Communication Gateways) for on-board rolling stock vehicles, fail-safe signalling and railway control systems.",1024999
Leube Betonteile GmbH & Co KG,Austria,Maishofen,5751,Hall 26,395,Railway Infrastructure,"Leube shapes the future. 

As a family-owned business, we produce construction materials and precast concrete elements with low CO₂ emissions. Leube stands for high-quality products, reliability you can count on, long-term partnerships and a spirit of innovation.",1025046
"LEVEL, s.r.o.",Czechia,Náchod,54701,Hall 6.1,370,Public Transport,"We develop and manufacture GPS devices (different types for different purposes included ATEX and IECEx certification) and run the Positrex service - a monitoring system/web app or mobile app. Our GPS devices have use in fleet tracking, intermodal transport and railways - Smart Wagon concept.",1025050
Lex und Hesse GmbH,Germany,Dresden,01159,Hall 9,500,Railway Technology,"Als erfahrener Systemlieferant für die Instandhaltung bieten wir ein breit gefächertes, auf die Bedürfnisse zuge­schnittenes Sortiment hochwertiger Markenprodukte. Ob Fahrwerk, Antrieb, Heizung, Klima, Karosserie oder Elektrik: Bei uns sind Sie in jedem Fall an der richtigen Adresse, wenn es um Q...",1025056
Lexcom B.V.,Netherlands,'s-Hertogenbosch,5215 ML,Hall 4.1,215,Railway Technology,,1025058
Leyfa Measurement,France,AUCAMVILLE,31140,Hall 5.2,250,Railway Infrastructure,,1211614
"Liaoning Siyide Transportation Equipment Co., Ltd.",China,Shenyang,110000,Hall 20,665,Railway Technology,"Liaoning Siyide supplies railway rolling stock components for locomotives, passenger coaches, freight wagons and EMUs, covering braking parts, coupler components, hydraulic shock absorbers, electrical connectors, axle boxes and valves with one-stop support.",1220494
"LIAOYANG ZHONGWANG YACHUANG TRADING CO., LTD.",China,Liaoning,111000,Hall 5.1,237,Interiors,"Our company is a modern enterprise specializing in the manufacturing of aluminum alloy  extrusion profiles and products. We can perform mechanical processing, welding, and bending on the body and sub assembly to meet various needs of customers in the railway industry.",1225813
"Liberaware Co., Ltd.",Japan,"Chiba-shi, Chiba",260-0013,Hall 7.2a,100,Railway Technology,"Liberaware is a Japanese industrial drone manufacturer making invisible risks visible. We deliver inspection solutions for critical infrastructure using ultra-compact drones built for confined spaces. Through Project SPARROW, we replace hazardous railway patrol work with autonomous drone operations.",1225679
LiCoMo GmbH,Germany,Großweitzschen,04720,Hall 7.2b,100,Railway Technology,LiCoMo GmbH is specialised in manufacturing of components made of fibre reinforced materials.,1220179
Liebherr-Hydraulikbagger GmbH,Germany,Kirchdorf/Iller,88457,Outdoor Display,O/170,Railway Technology,The Liebherr Group is a family-run technology company with a highly diversified product programme. Not only is the company one of the largest manufacturers of construction equipment in the world; it also provides high-quality and user-oriented products and services in a wide range of areas.,1025106
Liebherr-Transportation Systems GmbH & Co KG,Austria,Korneuburg,2100,Outdoor Display,O/170,Railway Technology,The Liebherr Group is a family-run technology company with a highly diversified product programme. Not only is the company one of the largest manufacturers of construction equipment in the world; it also provides high-quality and user-oriented products and services in a wide range of areas.,1025112
LIGHTPARTNER GmbH & Co. KG,Germany,Bremen,28277,Hall 7.2c,150,Railway Infrastructure,,1226143
LIMITED LIABILITY COMPANY «TAS DNIPROVAGONMASH»,Ukraine,Kamianske,51925,Outdoor Display,O5/55,Railway Technology,"LLC ""TAS DNIPROVAGONMASH"" offers its expertise in the field of development and production of standard and specialised freight rolling stock for 1,520 and 1,435 mm gauge as well as components and welded assemblies thereof.",1226574
Limited liability partnership «BT Signal»,Kazakhstan,Astana city,010010,Hall 26; Hall 27,491; 500,Railway Infrastructure; Railway Technology,,1208746
Lindapter GmbH,Germany,Düsseldorf,40476,Hall 21,214,Railway Infrastructure,Lindapter steel-to-steel connection solutions save time and money by avoiding rail and road closures. No shut downs. Faster installation. Shorter timescales.,1220495
LINMAG GmbH,Austria,Steyrermühl,4662,Hall 25,105,Railway Infrastructure,"As an international rail service partner, LINMAG relies on the quality of rail milling technology with combined circumferential grinding and convinces their customers with flawless reprofiled rails.

Decades of research and development by the affiliate company Linsinger Maschinenbau, has establ...",1025215
"LINSEN RAILWAY VEHICLE COMPONENTS CO.,LTD",China,SHENZHOU,053800,Hall 3.1,280,Interiors,,1025218
Linsinger Maschinenbau Gesellschaft mbH,Austria,Steyrermühl,4662,Outdoor Display,O/318; O/319; O/320; T2/36,Railway Technology; Railway Infrastructure; Outdoor Display,LINSINGER has more than eight decades of experience in milling technology which speaks for itself. In the last 30 years this expertise has also successfully been used for track maintenance. In a single processing pass the complete rail head is reprofiled.,1025219
Linxon,Switzerland,Baden,5400,Hall 22,460,Railway Infrastructure,"Teaser: Linxon has a global footprint and local presence. As pioneers in engineering, procurement, and construction services, we specialize in delivering large, complex AC power substations that facilitate expansions and electrification across five main segments.",1025221
"Linzhou Public Service Railway Equipment Manufacturing Co., Ltd.",China,Anyang,456592,Hall 21,316,Railway Infrastructure,"We are a Chinese professional rail fastener manufacturer which mainly produce rail clip,rail bolts,rail screws,rail tie plate,rail liner,rail pad,and other rail casting products since 1996 years.",1025226
Litemax Electronics Inc.,Taiwan,New Taipei City,23145,Hall 7.1b,420,Railway Technology,"Litemax is a global leader in high-brightness and resized LCDs. We provide ruggedized PIDS and low-power ePaper displays for smart transit, fully meeting ESG trends. Integrating Edge AI and industrial computing, Litemax empowers next-generation smart city and transportation ecosystems.",1025261
"LivSYT, Devin Tech Inc",United States of America,Delaware,78701,Hall 10.2,341,Railway Technology,"LivDES turns your engineering rules into validated 3D infrastructure models: piers, viaducts, drawings and BOQs generated automatically, clash-free and ready to build. From metro and rail to data centres and highways, one engine designs it all, faster.",1227526
LLC TATRA-YUG,Ukraine,Odesa,65023,Hall 2.2,640,Public Transport,"TATRA-YUG is a large Ukrainian LRV and tramcar manufacturer and equipment producer since 1993, being an ideological follower of the world’s largest enterprise for production of trams – CKD “TATRA” (the Czech Republic, founded in 1927).",1039580
LMT Leuchten + Metall Technik GmbH,Germany,Hilpoltstein,91161,Hall 5.2,725,Public Transport,"LMT Leuchten + Metall Technik GmbH – for four decades, our name has stood for highest quality in architecture illumination, station lighting and equipment as well as  sophisticated metal structures for projects all over the world.
The LMT product range includes numerous standard products as well ...",1025413
Lock GmbH,Germany,Ertingen,88521,Hall 8.2,150,Railway Technology,"For many years, drive technology specialist Lock has been developing workplatforms - based on reliable technology. Robust and durable system technology is the basis for the development of workplatforms according to customer requirements.",1025436
Logiplus,Belgium,Gosselies,6041,Hall 27,570,Railway Technology,"Visit us to discuss our optimized solution for Automatic Train Protection / Safety, Cab Access Control system / Badge Reader / Electronic Key, Communication and Event Recorder systems.",1025456
LOGISTICA TEXTIL SL,Spain,Sabadell,08202,Hall 5.1,208,Public Transport,,1223628
LOGISTICS IN WALLONIA,Belgium,Grace-Hollogne,4460,Hall 11.2,260,Railway Technology,"Logistics in Wallonia is the Competitive Cluster that embodies the force behind transformation and innovation in the field of transport, logistics, supply chain and mobility. Our mission is to orchestrate the development of this industry, ensuring effective promotion both within Wallonia and interna",1025463
LogObject AG,Switzerland,Opfikon,8152,Hall 26,250,Railway Technology,"As a strong software partner, LogObject AG has been supporting customers such as SBB, Rhomberg Sersa and DB InfraGO in the areas of track construction, maintenance, railway operation, telecommunications, energy, services and security for many years.
Smarter planning.
Better processes.
Lower costs.",1138127
LogoMotive GmbH,Germany,Nürnberg,90402,"CityCube, Hall A",240,Railway Technology,"LogoMotive is a highly competent and solution-oriented engineering firm specializing in track-guided vehicles. We handle all development stages, from planning to certification. We take care of development, design, strength, crash, dynamics, acoustics, testing, inspection, and maintenance.",1025468
LogPay Financial Services GmbH,Germany,Eschborn,65760,Hall 2.1,220,Public Transport,"Die LOGPAY Unternehmensgruppe ist ein Unternehmen der Volkswagen Financial Services AG und Anbieter der LOGPAY CHARGE&FUEL CARD, dem Tank- und E-Charging Angebot der Marken des Volkswagen Konzerns. Mit den Tank- & Servicekarten der LOGPAY können Kunden bargeldlos an über 50.000 Tankstellen tanken, …",1025472
LOHR INDUSTRIE,France,HANGENBIETEN,67980,Hall 11.2,270,Railway Technology,"Lohr is a private French group with its headquarters near Strasbourg, Alsace. For over 60 years it has been a global specialist in the design, manufacture and marketing of transportation systems for people and goods, 80% of its turnover being derived from export.",1164597
"Longhua Technology Group (Luoyang) Co., Ltd.",China,Luoyang,471000,Hall 5.2,536,Railway Infrastructure,"Longhua has gradually built a diversified and sustainable industrial pattern consisting of 3 major industrial sectors: electronic new materials, polymer composite materials, and energy conservation and environmental protection, through a combination of internal incubation and industrial invesments",1219049
Loop Telecom International Inc,Taiwan,HSINCHU,300092,Hall 4.1,765,Public Transport,"Loop Telecom produces Telecom/Networking solutions for Mission Critical Communication deployed in Railway, MRT, LRT, Power transport/distribution, Oil & Gas domains... We support Packet MPLS-TP/CE/IP, TDM PDH-SDH for SCADA, low-latency… Access and Secure Transport together w. high Packet traffics.",1025507
"Loram Maintenance of Way, Inc.",United States of America,Hamel,55340,Hall 26,575,Railway Infrastructure,"Since 1954, Loram has been providing railroad maintenance equipment and services around the world that consistently exceed our customers’ expectations in terms of Speed, Performance, and Reliability.",1025519
LPA Group Plc,United Kingdom,Normanton,WF6 1QT,Hall 3.1,340,Interiors,"LPA Group plc is a UK specialist in the design and manufacture of high-reliability LED lighting and electro-mechanical systems for rail rolling stock, with over 40 years of industry expertise.",1025589
LSI Brieske GmbH & Co. KG,Germany,Brieske,01968,"CityCube, Hall B",100,Railway Technology,WE GET YOU BACK ON TRACK!,1220845
LTG Aktiengesellschaft,Germany,Stuttgart,70435,Hall 20,192,Railway Technology,"LTG - THE INNOVATION COMPANY
We are celebrating our anniversary! LTG Aktiengesellschaft has been a pioneer in ventilation and air-conditioning technology for 100 years. With trend-setting innovations, LTG has always been one step ahead. Inventing has made us great and is still our strength.",1025629
Lucchini RS S.p.A.,Italy,Lovere,24065,Hall 21,410,Railway Technology,"Lucchini RS Group is a global leader in the design and production of rolling stock components, combining over 170 years of experience with advanced manufacturing, digital solutions and full lifecycle support t a world leader in the design and production of rolling stock products.",1025657
Lufthansa Industry Solutions,Germany,Norderstedt,22848,Hall 2.2,410,Public Transport,"We present our eTicket Connector (ET‑CONN), which is scheduled to receive VDV licensing in Q2 2027 and enables independent operation from the back-end system. We will demonstrate practical examples as part of the VDV (((etiCORE Parcours – including the display and validation of (((etiCORE Tickets.",1025681
LUKAS Hydraulik GmbH,Germany,Erlangen,91058,Hall 23,820,Railway Technology,"The wellconceived rerailing system from LUKAS has been the solution of choice throughout the world for 60 years. Choose genuine quality and a product that enables you to quickly, precisely and safely. This ensures that rail lines are available for use once again as quickly as possible and that yo...",1025700
Luma Automation S.A,Poland,Łaziska Górne,43-170,Hall 10.1,300,Railway Technology,,1227059
Lumax srl,Italy,Roccella ionica,89047,Hall 15.1,140,Railway Technology,,1227230
Lumikko Oy,Finland,Seinäjoki,60100,Hall 3.1,130,Interiors,"Lumikko Oy provides railway HVAC lifecycle services and thermal management solutions. With 50 years of expertise and railway experience since 1992, we help extend fleet lifetime through HVAC overhaul, retrofit and modernization.",1025707
Luminator Technology Group,Denmark,Vaerloese,3500,Hall 2.1,605,Railway Technology,"Join us at InnoTrans to see how Luminator is helping transit agencies move smarter—with solutions that improve safety, simplify operations, and deliver a better experience for every rider.",1015901
LUMINO Licht Elektronik GmbH,Germany,Krefeld,47807,Hall 2.1,310,Public Transport,dynamic passenger information systems (DFI) for public local transport,1025711
Luna Rail,Germany,Berlin,10179,Outdoor Display,T1/70,World Innovations; Railway Technology,"Night trains are coming back, but they are too expensive for travelers and unprofitable for operators. Luna Rail solves this first: our cabin technology brings privacy & comfort at high capacity, and fits into existing railcars. Our vehicles will be the standard the night-train revival is built on.",1220447
LUNUX Lighting GmbH,Germany,Leipzig,04316,Hall 3.1,370,Railway Infrastructure,,1211621
Luoyang Sunrui Rubber & Plastic Science and Technology Co. Ltd,China,Luoyang,471000,Hall 21,237,Railway Infrastructure,"As a Chinese state-owned company, Luoyang Sunrui Rubber&Plastic Science and Technology co.,Ltd(Luoyang Sunrui here after) manufactures and distributes custom services for noise and vibration control in the rail industry.
The company's elastic fastening systems and composite products are used in t...",1025725
"Luoyang TiHot Railway Machinery Manufacturing Co., Ltd.",China,Henan,471002,Hall 20,130,Railway Technology,,1220468
"LUZNOR DESARROLLOS ELECTRONICOS, S.L.",Spain,VITORIA-GASTEIZ,01015,Hall 3.1,160,World Innovations; Interiors,"Luznor designs and manufactures professional torches for the rail sector. Robust, programmable and fully customizable, our solutions adapt to each customer’s operational needs and comply with key European railway safety and performance standards.",1146604
LYC Import & Export Corp.,China,Luoyang,471039,Hall 20,430,Railway Technology,"LYC has more than 65 year's experience in the development and production of rail bearing, and participate in the formulate Chinese railway national standards, LYC can supply bearing for high-speed passenger train, cargo, locomotive, traction motor, transmission, subway and light rail trains and etc",1210559
Lynxeo,France,PARIS,92800,Hall 12,280,Railway Technology,"Lynxeo designs, produces and supplies innovative cables and connectivity solutions to all major players in renewable power generation (solar and wind), in mobility solutions (railways, rolling stock, aerospace, shipbuilding), and other innovative markets like automation or healthcare",1029006
Lätzsch GmbH Kunststoffverarbeitung,Germany,Kitzscher OT Thierbach,04567,Hall 7.2b,100,Interiors,"•	Moulded and cladding parts made of GRP - surface-finished in gelcoat or painted. 
•	Moulded parts made of semi-rigid PUR integral foam for coaches and local passenger transport.",1119555
Lütze Transportation GmbH,Germany,Weinstadt,71384,Hall 27,650,World Innovations; Railway Technology,"Getting on track with railway competence from LÜTZE!

Temperature variations, vibrations, shocks and strong electrical ﬁelds are just some of the extremes affecting the electronic assemblies in rail vehicles - continually, over decades. Therefore LÜTZE's rail components are particularly long-la...",1025740
M.A.I.O.R.,Italy,Lucca,55100,Hall 4.1,160,Public Transport,"MAIOR has 35+ years of experience in Artificial Intelligence and Operations research. We design and develop advanced software solutions for service planning, vehicle and crew scheduling, and company performance analysis in several transportation industries.",1025815
M/s. Sidwal Refrigeration Industries Private Limited,India,"Faridabad, Haryana",121006,Hall 3.1,435,Interiors,"	ISO 9001-2015 and ISO/TS 22163:2017 (IRIS) certified company, subsidiary of Amber group, a listed organization
	Established Name in HVAC (Heating Ventilation Air Conditioning) in the field of mobile applications e.g. Railways, Metro rails and buses",1037156
MAE. Group,Germany,Erkrath,40699,Hall 23,760,Railway Technology,"MAE. - Manufacturer of Industrial Straightening Machines & Wheelset Presses. With machine solutions for manual straightening, automatic straightening and pressing of wheel sets, we help to realize and prioritize mobility, for automotive, railroad and a variety of other industries.",1025929
MAFELEC SAS,France,Chimilin,38490,Hall 27,480,Railway Technology,"MAFELEC develops control and signaling solutions for harsh environments. From auxiliaries to complete panels, from signal lights to front lighting, the company offers solutions that are best suited to the needs of our partners.",1025943
MAFEX | SPANISH RAIL INDUSTRY,Spain,Leioa,48940,Hall 22,700,Railway Technology,"Mafex is the Spanish Rail Association. Its main objective is to represent and defend the interests of the Spanish Rail Industry through the implementation of different range of actions in the field of internationalization, innovation, competitiveness and public affairs.",1025945
MAG IAS GmbH,Germany,Eislingen,73054,Hall 22,720,Railway Technology,"MAG is one of the leading providers of individual manufacturing and technology solutions. It emerged from the renowned machine tool brands. MAG supplies machine tools, manufacturing systems and services for milling and honing together with unique know-how in the fields of process and system design.",1025948
Magellan,United Kingdom,Nottingham,NG9 1LA,Hall 2.2,460,,"Magellan is a leading international Consulting and Technology group helping organisations transform vision into action, in a rapidly evolving world.",1226518
Magyar Vagon Vasúti Kft.,Hungary,Szolnok,5000,Hall 11.2,200,Railway Technology,"Modern vehicles for the reliable hungarian railways. Komplex knowledge, tailored solutions for customers.",1227065
MAHLE Industrial Thermal Systems GmbH & Co. KG,Germany,Kornwestheim,70806,Hall 18,460,Railway Technology,"MAHLE is a leading international development partner and supplier to the automotive industry with customers in both passenger car and commercial vehicle sectors.Founded in 1920, the technology group is working on the climate-neutral mobility of tomorrow,with a focus on the strategic areas of e-mobil",1026010
"MAIKE Magnetics Co.,Ltd",China,Mianyang City,621000,Hall 11.1,150,Railway Technology,"Inverters, converters,Railway traction systems,Railway power electronics, Planar transformer, Auxiliary power supply magnetics, Custom magnetic components, power supplies, transformer, inductor, high power",1223927
Makineo GmbH,Germany,Stockstadt/Rhein,64589,Outdoor Display,O/110,Railway Infrastructure,,1227768
MALAYSIA EXTERNAL TRADE DEVELOPMENT CORPORATION (MATRADE),Malaysia,Kuala Lumpur,50480,Hall 10.1,220,Railway Technology,"Malaysia offers a competitive and reliable manufacturing base supported by strong engineering capabilities, established supply chains, and a strategic location at the heart of Southeast Asia.",1201708
Malaysia Rail Industry Corporation (MARIC),Malaysia,"Cyberjaya, Selangor",63000,Hall 10.1,220,Railway Technology,,1211902
Malux Sweden AB,Sweden,Örnsköldsvik,89130,Hall 7.1b,450,Public Transport,,1208768
Mankiewicz Gebr. & Co. (GmbH & Co.KG),Germany,Hamburg,21107,Hall 8.2,225,Railway Technology,"ONE-STOP-SHOP for rail coating solutions: Interior, exterior and bogie coating systems.",1026232
MANN+HUMMEL,Germany,71636 Ludwigsburg,71636,Hall 18,550,Railway Technology,"MANN+HUMMEL is a leading global company in filtration technology. Under its two business units Transportation and Life Sciences & Environment, MANN+HUMMEL develops intelligent filtration and separation solutions that enable cleaner mobility, cleaner air, cleaner water, and cleaner industry.",1026234
MANQUILLET PARIZEL,France,LES HAUTES RIVIERES,08800,Hall 8.2,130,Railway Technology,"MPS is producing forgings and welded parts for railway industry. Our production plant with 80 employees is situated in France and our turnover is 13 M€. We are 100% dedicated to railway business. Our processes are: forging, machining, heat treatment, welding, painting, mounting. We are doing reve...",1026241
"Manufacturing Technology, Inc (MTI)",United States of America,South Bend,46628,Hall 8.2,445,Railway Technology,"Advanced Friction Stir Welding (FSW) solutions for rail applications—delivering lightweight, high-performance structures with proven production results.",1225769
Mare Group Spa,Italy,Pomigliano d’Arco (NA),80038,Hall 23,980,Railway Technology,,1219245
MARGARITELLI FERROVIARIA SpA,Italy,Perugia,06135,Hall 26,130,Railway Infrastructure,"Concrete sleepers for conventional and High Speed Railway Lines, concrete bearers for switches and crossings, innovative concrete sleepers with USP (Under Sleeper Pad) for tunnels, special concrete sleepers for rail joints (Rail Joint Bearing Sleeper) for housing wires and devices of track signal...",1026345
MARI Technology Holland B.V.,Netherlands,Hendrik-Ido-Ambacht,3343LK,Hall 9,631,Railway Technology,,1026351
Marini Impianti Industriali S.p.A.,Italy,Cisterna di Latina,04012,Hall 27,281,Railway Technology,"Marini Impianti is capable of engineering products with high-technological content within the Railway, Industrial and Military areas of application. Our core business is represented by electronic and mechanical products and systems, we design, manufacture and maintain.",1026379
Marmon Industrial Energy & Infrastructure,United States of America,East Granby,06026,Hall 14.1,410,Railway Infrastructure,"For over 95 years, we have been a world leader in the design & manufacture of electronic wire and cable, providing critical products to commercial and industrial markets around the world.",1026491
MARTEK SRL,Italy,PIOBESI TSE (TO),10040,Hall 1.1,834,Interiors,"Baby holder is effective to keep hygiene levels at the highest rate for the health and safety of our beloved ones.
It is an optimal service to provide users and visitors, enhancing the passenger experience and perception of a well-thought, careful service.",1026535
Martin Schienentechnik KG,Austria,Biedermannsdorf,2362,Hall 26,155,Railway Infrastructure,"Martin Schienentechnik KG is an Austrian family-owned company based in Biedermannsdorf, specializing in innovative solutions for railway infrastructure. Since 2022, the corporate group has also been active worldwide in the field of insulated rail joints through its subsidiary ALMAR S.A.S..",1026544
Maschinenfabrik ALFING Kessler GmbH,Germany,Aalen,73433,Hall 26,400,Railway Infrastructure,"Steel in Motion:
#Crankshaft for engines
#Railway track parts 
#Drive shafts for eletrci engines
#Propellers and wings for  marine applications
#Compressor shafts for industrial applications",1026581
Maschinenfabrik Liezen und Gießerei Ges.m.b.H.,Austria,Liezen,8940,Hall 22,210,Railway Infrastructure,"The company MFL with approximately 700 employees in Liezen ranks among the biggest mechanical engineering companies in Austria. For more than 80 years the name MFL has been standing for quality, reliability, flexibility and efficiency.
The product portfolio covers engineering and manufacturing s...",1026582
MasperoTech srl,Italy,Monza,20900,Hall 8.2,160,Railway Technology,"Hot forging of non-ferrous metals. Large pieces for rail market: structural parts, components for suspensions, boogies and engines. Aluminium, copper, magnesium and many others. Machining of large pieces.",1026597
"Mass World International Co., Ltd.",Taiwan,New Taipei City,221,Hall 14.1,420,Interiors,"Mass World International Co., Ltd. was established in Capella, Netherland in 1986 in proximity Mass River. It's Taipei Head office was founded in 1987 and acts as manufacturer and exporter . Products lineups include cable and accessories in the areas of automobile, industry, medicine, aviation, net",1026598
MASTERIS,France,SAINT-DENIS,93210,Hall 6.2,840,Railway Technology,"Since 2009, MASTERIS, subsidiary of SNCF Voyageurs, specialist in railway maintenance and engineering solutions, certified Entity in Charge of Maintenance (ECM), assists more than 180 French and foreign clients with all types of railway and urban stock. From simple repairs to overhauls, MASTERIS...",1026612
MATISA Matériel Industriel SA,Switzerland,Crissier,1023,Hall 26,250,Railway Technology,,1026639
MATTEI GROUP,Italy,Vimodrone MI,20055,Hall 1.2,201,Railway Technology,"Mattei is one of the world’s foremost companies in the compressed air sector and the leader in the production of rotary vane compressors.
Mattei technology delivers high quality clean air, compact size and low noise level coupled with unrivalled reliability in the most demanding of environments",1026656
MAURER MAGNETIC AG,Switzerland,GRUENINGEN,8627,Hall 23,970,Railway Technology,"Magnetism Disrupts Rail Operations - Maurer Magnetic: Your Partner for Demagnetizing Rails, Rail Vehicle Components and Magnetic Field Measurements",1026668
Max Bögl,Germany,Sengenthal,92369,Hall 2.2,420,Railway Technology,Progress ist built on ideas.,1026696
MAY FREN SİSTEMLERİ SANAYİ VE TİCARET ANONİM ŞİRKETİ,Türkiye,NİLÜFER,16315,Hall 1.2,620,Railway Technology,"Founded in 1980, our company. Since 2002, we have channeled our deep ""know-how"" in specialized rubber components for heavy vehicle into the rail sector. Today, we specialize in the high-precision world of pneumatic brake systems and sealing solutions for modern rolling stock.",1225261
Mayser GmbH & Co. KG,Germany,Ulm,89073,Hall 3.1,595,Public Transport,"As an internationally operating company with four production sites in Europe and the USA, Mayser develops and produces high-quality safety products, and system solutions for the fields of public transport, industrial-safety technology, and automotive. Mayser also excels as an industry leader ...",1026739
MB Technology | EK CONNECT,Italy,Reggio Emilia,42124,Hall 14.1,320,Railway Technology,"EK Connect: Safe Connections and Tailor-Made Electrical Systems
EK Connect brings together MB Technology, ATB Cablaggi, and Romana Elettrotecnica, combining experience and complementary expertise in the design and manufacturing of wiring harnesses, electrical panels, and industrial automation system",1220424
MBM Maschinenbaumechanik Dresden GmbH,Germany,"Demitz-Thumitz, OT Stacha",01877,Hall 7.2b,200,Railway Technology,"MBM Maschinenbaumechanik Dresden GmbH develops bespoke solutions for mobility and special machinery construction – from concept to commissioning. Our expertise spans rail vehicle equipment, turntable modernization, and lifting jack systems. Precision, reliability, and end-to-end service.",1208963
MC Technologies GmbH,Germany,Hannover,30179,Hall 4.1,680,Railway Technology,"MC Technologies GmbH is a leading provider of industrial data transmission solutions. Our company develops and markets customized M2M and IoT solutions, hardware components, and custom-made cables. Our focus: reliable connectivity for the industrial, energy, and transportation sectors.",1026788
MCG,Portugal,Carregado,2580-470,Hall 3.1,670,Interiors,"With 75 years of existence, MCG is a manufacturing company under contract that is dedicated to the development and production of solutions and products based on metal and other new-generation composite materials.",1026796
McKinsey & Company,United States of America,New York,10007,Hall 6.1,350,Railway Infrastructure,Visit McKinsey & Company in Hall 6.1 at booth #350,1225811
MCR Engineering Lausitz GmbH,Germany,Cottbus,03050,"CityCube, Hall B",110,Railway Infrastructure,"VPI / ECM4 certified railservice 

Our services:

maintenance & overhauls of freight cars, electric locomotives, V-locomotives and special vehicles
retrofit & reconstruction
wheelset reconditioning
construction, manufacturing, underframes, superstructures
3D print for metallic spare-parts",1026804
MECALAC,Germany,Boppard,56154,Outdoor Display,O/145,Railway Infrastructure; Outdoor Display,"Built for Every Track Challenge.

The Mecalac 136MRail and 216MRail combine rail-road versatility, compactness and high lifting performance. Designed for maintenance, construction and infrastructure works, they deliver outstanding stability, fast road-to-rail transition and maximum productivity on e",1220812
MECATEAMCLUSTER AGENCE ECOSPHERE,France,TORCY,71210,Hall 5.2,370,Railway Infrastructure,"MECATEAMCLUSTER is a group of 150 French companies whose expertise, products and knowledge are dedicated to railway tracks renewal & construction. Recognized by the French government as the national private centre of excellence for the design and the manufacture of tailor-made machines for track.",1026833
Mecatraction,France,Arnac-Pompadour,19230,Hall 12,445,Railway Technology,"Mecatraction is proud to present you at InnoTrans 2026 new crimping solutions for the railway market ! 
Come and test our new products : Hall 12 - Stand n°445",1026834
Mecatraction GmbH,Germany,Adelsdorf,91325,Hall 22,560,Railway Infrastructure,"Come and visit us at our Sicame Group stand in Hall 22, Stand No. 560, to discover our range of products for railway infrastructure",1164891
Meccanica Ponte Chiese Srl,Italy,Prevalle (BS),25080,Hall 8.2,426,Railway Technology,"The company deals with precision mechanical workings for the removal of shavings on medium and large parts incast-iron, aluminium, titanium and steel. The activity is addressed to different sector and work as subcontractor. The strong points are precision and flexibility.",1026835
Meccanotecnica SRL,Italy,San Daniele del Friuli,33038,Hall 22,750,Railway Technology,"Italian specialist in railway workshop equipment, wheelset machining, custom machine tools and retrofitting, expanding its international network of projects and distributors.",1026838
MECHAN Limited,United Kingdom,Sheffield,S9 4EX,Hall 4.2,150,Railway Technology,"Part of CIM company, MECHAN provides a wide range of lifting and handling equipment to the rail industry.",1026839
Mecno Service Srl,Italy,Robegano di Salzano -Venice,30030,Hall 25,630,Railway Infrastructure,"MECNO SERVICE is specialized in the construction of rail grinding machines and in the exercise of rails and turnouts grinding services tramway, metro, railway and high speed lines. During the exposition Innotrans 2016, MECNO SERVICE presented a innovative rail grinding system according to EN 1323...",1026857
MEDCOM Sp. z o.o.,Poland,Warszawa,02-230,Hall 17,255,Railway Technology,"Design, manufacture, sales and after-sales service of power electronic equipment in the full-SiC technology, dedicated to all type public transport vehicles.",1026871
MEDEL MÜHENDİSLİK VE ELEKTRONİİK SAN TİC AŞ,Türkiye,ISTANBUL,34956,Hall 11.1,270,Railway Technology,"MEDEL Electronic, has a brand value that is trusted in Turkey in railway applications.
Yesterday, today, to have successfully accomplished several projects MEDEL, to
follow closely the rapidly evolving technology and can produce instant solutions to all
your needs.",1210077
Medha Servo Drives Pvt Ltd.,India,Hyderabad,500051,Hall 9,210,Railway Technology,"Medha designs, develops, manufactures, installs and commissions & services electrical & electronic equipment for different application. The Medha Group consists of SepsaMedha (Spain, US and Brasil) , Medha Italy, Enika (Poland) and MEDHA Mobility Australia.",1026875
Megger GmbH,Germany,Aachen,52074,Hall 17,200,Railway Technology,Megger has partnered with several rail customers for many decades in developing and supplying test instruments to suit rail applications. We have recently added the Balto testing products to increase our HV breaker testing capabilities. Megger is available to support you with your testing needs.,1027000
Menlo79 GmbH,Germany,Berlin,10179,"CityCube, Hall B",320,Railway Technology,Menlo79: AI & Automation in Rail Operations.,1107873
Mentz GmbH,Germany,München,81675,Hall 4.1,510,Public Transport,"For over 50 years, MENTZ has been shaping the future of mobility with innovative software. As mobility enthusiasts, we create tailored solutions for planning, information, and distribution. We don't just code for clients; we build the exact tools we want for ourselves to ensure seamless mobility.",1027110
MER MEC SpA,Italy,monopoli,70043,Hall 27,670,Railway Technology,"MERMEC is an Italian multinational company active in the field of advanced technologies for rail transport: signalling, measuring trains, electric traction, telecommunications.",1027114
MERAK,Spain,Getafe,28906,Hall 3.1,260,Railway Technology,MERAK — shaping the future of transport air conditioning,1211155
MEREFSA S.L.U.,Spain,SANT BOI DE LLOBREGAT,08830,Hall 5.1,112,Interiors,"MEREFSA, manufacturer of silicone and PTFE sheets, as well as silicone tubes, cords, gaskets and profiles.
Since 1966, we are one of the largest transformers and manufacturers of finished silicone parts in Spain. We are specialized in the extrusion of silicone tubes, cords and profiles.",1026257
Meridian Engineers Pty Ltd,Australia,OSBORNE PARK,6017,Hall 6.2,600,Railway Technology,"Meridian Engineers Pty Ltd offer high-quality, in-house designed large-scale weighing and loading products, along with specialist engineering consulting services.",1027149
Mersen,France,Saint Bonnet de Mure,69720,Hall 9,220,World Innovations; Railway Technology,"In transportation, Mersen enhances the performance of trains, trams, metros, and e-buses with specialized products like third rail current collectors and fuse boxes. With decades of expertise and long-term partnerships with major railway manufacturers, Mersen delivers robust and reliable solutions.",1027158
MESAR S.r.l.,Italy,Guidonia (Roma),00012,Hall 27,190,Railway Infrastructure,"Railway applications represents today the most important  market for MESAR. For this sector MESAR design and manufacture a great variety of products and holds important products and process certifications. Inverters,Converters,Battery Charger are only some of the product realized by MESAR.",1027170
Messe Berlin GmbH,Germany,Berlin,14055,Hall 7.2c,250,,"InnoTrans is the leading international trade fair for transport technology, which takes place every two years in Berlin.",1027188
META PHYSICAL INTELLIGENCE,South Korea,Hwaseong,18323,Hall 11.2,150,Railway Technology,"Railway, RailTech, PredictiveMaintenance, PdM, PhysicalIntelligence, RailwayAI, SmartRail, RailwayInfrastructure, ConditionMonitoring, AssetManagement, FaultPrediction, RailwaySafety, MaintenanceOptimization, DigitalRailway, ELI X",1226668
"MetaBox Technology Co., Ltd.",China,Beijng,100160,Hall 6.2,815,Railway Technology,"Network-TCMS, AI Agent, Autotrain Intelligent Chassis Vehicle, Integrated Platform, Data Detection, Train-Ground Wireless Communication, Intelligent Operation & Maintenance, Health Diagnosis, System Integration, Traction Electric Vehicle, Diesel-to-Electric Retrofit, Driverless Operation, Auxilia",1210506
Metal 99 Kft.,Hungary,Dabas,2370,Hall 5.1,370,Public Transport,"The scope of activity of Metal 99 Ltd. covers the design, manufacture and repair of doors and windows of railway vehicles and buses, but we also deal with the production, repair or even renovation of parts for public transport vehicles.",1027227
metal cluster,France,Troyes,10000,Hall 5.2,285,Railway Infrastructure,,1027229
Metal Technology Group,Bulgaria,Sofia,1404,Hall 26,630,Railway Infrastructure,,1027233
Metalcolour Sverige AB,Sweden,Ronneby,372 30,Hall 5.1,290,Interiors,"YOUR INNOVATION PARTNER
Since 1973 Metalcolour has been highly committed to and focused
on delivering value to clients in deﬁned segments. Metalcolour’s
size and production set up, makes it possible to oﬀer a superior
service and we are setting a market standard for fast delivery, by
employi...",1027234
Metalelektro Merestechnika Kft,Hungary,Budapest,1119,Hall 23,440,Railway Infrastructure,"Metalelektro Méréstechnika Kft. has been producing and developing railway measurement devices for more than 30 years. In our portfolio, everyone can find the right inspection device or system for them. We are also eager to hear about, and provide solutions for, specific problems, ideas, or requests!",1027238
METALHOM,France,BROGNARD,25600,Hall 5.2,370,Railway Infrastructure,,1226941
Metalrubber Technologies S.r.l,Italy,Sala Bolognese,40010,Hall 9,680,Railway Technology,,1027250
"Metaltrade Nitra, spol. s r.o.",Slovakia,Nitra,94901,Hall 10.1,230,Railway Technology,"METALTRADE NITRA, spol. s r.o. is a stable and reliable partner in the field of precision CNC machining of metal components for the automotive and engineering industries. With a tradition dating back to 1994, the company offers modern manufacturing technologies and high processing quality.",1227554
Metatronix Srl,Italy,Grugliasco,10095,Hall 10.1,270,Public Transport,,1227164
Metawell GmbH,Germany,Neuburg,86633,Hall 3.1,480,Interiors,"Lightweight aluminium sandwich panels and customized lightweight solutions for interior and exterior. ISO/TS 22163:2023 (IRIS), DIN 6701-2 class A1, fire safety HL 3 according to EN 45545, etc.",1027255
Metitalia srl,Italy,Angri,84012,Hall 25,610,Railway Infrastructure,"Metitalia has capabilities and wide experience in:
• Design & Engineering
• Complex Milling & Turning
• Assembly
• Heat Treatment
• Surface Processes
• Part and tooling composite fabbrication
• Innovative mold, Jigs, Rigs & Fixtures
• Research & Development.",1027261
MetMax Europe Nyrt.,Hungary,Töltéstava,9086,Hall 11.2,200,Railway Technology,,1225881
METRA SPA,Italy,RODENGO SAIANO,25050,Hall 8.2,275,Railway Technology,"METRA Rail designs and manufactures aluminum structural components and welded assemblies for the global railway industry. Through an integrated production chain, advanced technologies, and certified processes, it delivers reliable, efficient, and sustainable solutions for modern rail mobility.",1220206
METUSAN FUTURE GmbH | WOLTRONIC,Austria,Wolkersdorf 6,2120,Hall 21,350,Railway Infrastructure,,1211928
MEV Eisenbahn-Verkehrsgesellschaft mbH,Germany,Mannheim,68163,Outdoor Display,O2/85,Railway Infrastructure,"Founded in 1999, MEV is a trusted railway service partner for operators, infrastructure providers and rail construction companies. We deliver operational services in freight and passenger transport, personnel scheduling, and tailored training programmes.",1027296
MEV Schweiz AG,Switzerland,Muttenz,4132,Outdoor Display,O2/85; T2/85; T2/90,Public Transport,,1211937
MEV Österreich GmbH,Austria,Schwechat,2320,Outdoor Display,O2/85; T2/85; T2/90,Public Transport,"MEV Österreich GmbH is your partner for operational services in rail transport. We offer qualified railway personnel, test and approval runs, transfers, and practical training and further education. With 20 years of experience, we stand for reliable solutions in the railway sector.",1226495
"MFD Precision (Thailand) Co., Ltd.",Thailand,Ayutthaya,13170,Hall 26,620,Railway Infrastructure,,1226079
MG Industrieelektronik GmbH,Germany,Ettlingen,76275,Hall 2.1,400,Public Transport,"For more than 40 years, the name MG-Industrieelektronik has stood for flexibility, quality and innovation. We successfully plan, develop and market information systems for public transport. We have the experience and know-how to serve the needs of public transport in the field of communication techn",1027330
MG Oberflächensysteme GmbH & Co.,Germany,Heilbad Heiligenstadt,37308,Hall 7.2c,230,Railway Technology,,1226760
MG srl,Italy,San Giovanni Valdarno (AR),52027,Hall 8.2,375,Railway Technology,,1027331
MICRO-EPSILON MESSTECHNIK GmbH & Co. KG,Germany,Ortenburg,94496,Hall 27,170,World Innovations; Railway Technology,More precision for the world of tomorrow,1027384
Micro-Hybrid Electronic GmbH,Germany,Hermsdorf,07629,Hall 27,170,Railway Technology,"Micro-Hybrid Electronic GmbH stands for durable and reliable sensors for rail vehicles. The company specializes in custom inertial sensors for measuring acceleration, vibration, angular rate and tilt.",1027390
MICRONOR AG,Switzerland,Regensdorf,8105,Hall 27,572,Railway Technology,"Manufacturer of mechanical and fiberoptic Sensors for the railway industry, taking the particular electromagnetic environmental conditions into account.",1027387
Mieres Rail S.A.,Spain,Mieres,33600,Hall 26,880b,Railway Infrastructure,"Specialized Company for the design, manufacturing and supply of turnout systems and their components, covering a wide range of applications: from tramway to high speed turnouts, passing by metro or conventional turnouts, industrial turnouts, heavy haul, ...",1027415
MIKROELEKTRONIKA PLYUS LLC,Uzbekistan,Tashkent,100115,Hall 17,230,Railway Infrastructure,"MIKROELEKTRONIKA PLYUS is a leading engineering company, manufacturer and system integrator specializing in railway signalling, digital railway infrastructure, passenger rolling stock electrical equipment and integrated turnkey solutions for the railway industry.",1220492
"Milwaukee Composites, Inc",United States of America,Cudahy,53110,Hall 3.1,770,Interiors,"Milwaukee Composites is the leader in advanced phenolic composite panels and has been supplying the transit industry with our light weight, innovative panel solutions since 1997.  MCI ‘s cost effective solution has been designed to be maintenance free and will last the service life of the car.",1027468
Minel Global Engineering,Serbia,Nova Pazova,22330,Hall 11.1,140,Railway Technology,"Minel Global Engineering ist ein führender Hersteller von Stromabnehmern und liefert fortschrittliche Engineering-Lösungen, die die Zukunft der Bahnindustrie prägen. Wir entwickeln Systeme, die Qualität und Zuverlässigkeit gewährleisten und so zu einer intelligenteren Mobilität weltweit beitragen.",1027485
"Miner Enterprises, Inc.",United States of America,Geneva,60134,Hall 9,550,Railway Technology,"Miner Enterprises, Inc. is a leading designer, manufacturer, and supplier of wagon components to railroads, locomotive and freight wagon builders, private wagon companies, and repair shops in 56 countries around the world.

Since 1894, Miner has focused on improving the performance and value of...",1027487
MININI & C. SRL,Italy,CASSACCO,33010,Hall 1.1,600,Interiors,"Plastforge specializes in railway thermoforming, supplying custom plastic components with tailored materials. We ensure EN45545-2 compliance, flexible production from prototypes to series, and full technical support, including GRP and steel replacement with lightweight, aesthetic solutions.",1208271
Ministerstvo průmyslu a obchodu,Czechia,Praha 1,110 15,Hall 9,310,Railway Infrastructure,"The Ministry of Industry and Trade of the Czech Republic (MPO) is the central government authority for state policy in the areas of industry, trade, raw materials, and economic relations with foreign countries.",1027566
Ministry of Transport Qatar,Qatar,Doha,,"CityCube, Hall A",640,Public Transport,"The Ministry of Transport is the government body responsible for shaping and regulating Qatar’s land, maritime, and air transport sectors. Its mission is to build an integrated, safe, resilient, and sustainable transport ecosystem that supports economic growth, logistics and efficiency.",1220760
MIOS Elettronica,Italy,Veronna,37036,Hall 27,752,Railway Technology,"MIOS Elettronica is an international provider of technologically advanced products for train control and monitoring systems, data recording systems and onboard communication systems for rail vehicles with a proven track record, representing a trusted partner for global customers",1027604
Mipalloy private Limited,India,Sriperumbudur,602117,Hall 8.2,425,Railway Technology,,1223505
Mipro Oy,Finland,Mikkeli,50600,Hall 27,530,Railway Technology,"Since 1980 Mipro has been involded in the development of safer and more effective rail traffic, water and energy management and industry. 

Mipro provides complete signalling, traffic management and operations control solutions for demanding railway and metro infrastructures including
 
• Mai...",1027606
Mipsan Makina İmalat Parça Sanayi Tci. Ltd. Sti.,Türkiye,Istanbul,34791,Hall 5.2,124,Railway Infrastructure,“We think quality is very crucial in production. Best quality/price ratio is our main goal.”,1027607
MiTAC Information Technology Corp.,Taiwan,"Neihu District, Taipei City",114,Hall 11.2,310,Railway Technology,"MiTAC Information Technology
MiTAC has inherited experiences in system integration and core technology from MiTAC Inc. One of the leading providers of AIoT solutions for Smart City and Digital Transformation.",1227078
Mitsubishi Electric Corporation,Japan,Tokyo,1008310,Hall 9,440,Railway Technology,"From its founding in 1921, Mitsubishi Electric has been at the forefront of Japan’s technical ingenuity and product innovation and is one of the world's leading names in the manufacture and sales of electrical and electronic products and systems used in a broad range of fields and applications.",1027657
"Mitsubishi Heavy Industries, Ltd.",Japan,"Minato-ku, Tokyo",108-8015,Hall 7.2a,100,Railway Technology,"Mitsubishi Heavy Industries (MHI) Group is one of the world’s leading industrial groups.MHI Group combines cutting-edge technology with deep experience to deliver innovative, integrated solutions that help to realize a carbon neutral world, improve the quality of life and ensure a safer world.",1209072
MK Seats GmbH,Germany,Soest,59494,Hall 5.1,350,Interiors,MK Seats GmbH,1027682
MK-RAIL LOGISTICS Sp. z o. o.,Poland,Ostrów Wielkopolski,63-400,Outdoor Display,O/140,Railway Technology,"WE EXCEED BOUNDARIES OF MOBILITY 
COMPRENHENSIVE SERVICE AND THE HIGHEST STANDARDS",1225831
MLB Industrial,Australia,Arundel,4214,Hall 15.1,150,Railway Technology,"MLB Industrial is an Australian rail technology company designing and manufacturing lithium-ion battery systems for locomotives and rail fleets. Our solutions replace lead-acid batteries to improve starting reliability, reduce maintenance, cut idling, fuel use and emissions.",1219524
Mobile Locker NV,Belgium,Wommelgem,2160,Hall 7.1c,410,Railway Infrastructure; Mobility+,Producer and operator of premium lockers equipped with state of the art software for high traffic public locations and safe charging of lithium batteries for construction yards and E-bikes.,1027724
Mobile Rail Service GmbH,Germany,Naunhof,04683,Hall 6.2,725,Railway Technology,Your competent service provider for preventive and corrective maintenance of rail vehicles.,1027725
Mobility goes Additive e.V.,Germany,Berlin,12107,"CityCube, Hall B",320,Railway Technology,"Mobility goes Additive (MGA): the leading international network for industrial Additive Manufacturing! With our more than 100 members, we bring 3D printing into series production... especially on tracks!",1027733
Mobility Signage GmbH,Germany,München,80336,Hall 2.1,725,Public Transport,"Mobility Signage is building the digital infrastructure for public transportation. The company connects existing systems through a centralized Data Hub and modular SaaS applications, enabling more efficient operations, improved passenger information, and AI-driven automation.",1222456
MOBILITY SOLUTIONS LIMITED,India,SAS NAGAR,140501,Hall 5.1,355,Interiors,,1219447
Mobilligence GmbH,Germany,Berlin,10557,Hall 2.1,215,Public Transport,"With a lot of know-how and an eye for the bigger picture, Mobilligence accompanies transport companies and associations into digitization:
• Analysis of existing structures
• Definition of goals for your specific requirements
• Project management
• Conceptual and operational solution support
• T...",1027736
Modaxo,Denmark,,,Hall 2.1,435,Public Transport,"Visit the Modaxo Neighbourhood at InnoTrans: independent technology specialists in people transportation, united by one mission. Discover expert solutions for rail, bus, demand response, taxi and more - backed by the strength of a global transit technology family. #WeAreModaxo",1211372
Modison Copper Private Limited,India,Silvassa,396230,Hall 18,510,Railway Technology,"Manufactures High Performance Copper Alloy products for Railways, Industrial, Switchgear, Marine & Defence etc.",1027769
MOIA GmbH,Germany,Hamburg,20355,Hall 7.1c,255,Public Transport; Mobility+,"MOIA is the brand for autonomous mobility technology within the Volkswagen Group. As a tech provider, MOIA develops a turnkey end-to-end solution that enables cities, operators, and mobility companies to run their own autonomous services.",1162310
Moklansa GmbH,Germany,Holzwickede,59439,Hall 25,140,Railway Infrastructure,"moklansa is one of the pioneers in efficient track lubrication systems. For many years, the moklansa E3S electronic rail lubrication system has proven its worth in continuous use for state-owned railways, private rail operators, local transport companies and industrial enterprises at home and abr...",1027806
MOL CY NV,Belgium,Staden,8840,Outdoor Display,O/280,Railway Technology,"MOL has been active for more than 40 years as a manufacturer of special vehicles operating world-wide often in extreme conditions such as deserts and ports. MOL is manufacturing vehicles for applications where standard vehicles can not be used.

Starting from this philosophy Mol has developed a r...",1027807
Molpir s.r.o,Slovakia,Bratislava,821 05,Hall 3.1,440,Interiors,,1027830
Monga Brothers Limited,India,Ludhiana,141010,Hall 8.1,410,Railway Technology,,1219020
MoniRail Ltd,United Kingdom,Birmingham,B15 2TT,Hall 2.2,460,Railway Technology,"The MoniRail solution is based on years of sound research. Closing the gap of industry knowledge, through its pioneering technology, MoniRail helps to optimise maintenance and improve network reliability.",1211568
MONOCAB System,Germany,Lemgo,32657,Hall 2.2,155,Public Transport,,1214730
Monovalf Makine San ve Tic Ltd Şti,Türkiye,Istanbul,34956,Hall 10.2,340,Railway Technology,"Monovalf manufactures tank equipment for railway tank wagons and storage tanks, and process applications. Our portfolio includes foot valves, side valves internal valves, safety devices, manhole covers, and customized flow control solutions",1226564
Mont-Ele Srl,Italy,Giussano,20833,Hall 5.2; Hall 9,300; 700,Railway Infrastructure; Railway Technology,"Mont-Ele offers engineering, construction, commissioning, assistance and maintenance of complete conversion substations for railway, tramway and metro applications (3kVdc, 750-1500Vdc) and bus charging system, producing switchboards designed and manufactured by itself; automation and control systems",1027899
Montagetechnik-Munsky GmbH,Switzerland,Aarburg,4663,Hall 26,250,Railway Infrastructure,"Montagetechnik Munsky GmbH is an international specialist in railway technology, steel construction and plant engineering. We provide tailored solutions in switch tongue straightening, corrosion protection and surface treatment, from planning to installation.",1219605
Monte Meão,Portugal,Cucujães,3720 354,Hall 1.1,620,Interiors,"Monte Meão, founded in 1951, is a well renowned company in the seat manufacturing market, having more than 30 years of continuous success with a vast portfolio supporting it.",1027896
MORAVIA STEEL a.s.,Czechia,"Třinec, Staré Město",739 61,Hall 21,250,Railway Infrastructure,"""The key product of the MORAVIA STEEL  and TŘINECKÉ ŽELEZÁRNY Group, as the largest Czech steel producer, is  railway,  tramway and switch rails as well as railway accessories..",1027946
MORAVIA STEEL DEUTSCHLAND GmbH,Germany,Kürten-Herweg,51515,Hall 21,250,Railway Infrastructure,"MORAVIA STEEL Deutschland GmbH provides a comprehensive portfolio of metallurgical products sourced from the MORAVIA STEEL - Třinecké železárny Group, one of the leading steel producers in Central Europe.",1027947
Morbern Europe,Belgium,Wevelgem,8560,Hall 5.1,230,World Innovations; Interiors,"Morbern Europe leads the way in designing and delivering sustainable, performance-based coated fabrics for premium upholstery applications.  Morbern’s collections are designed to go beyond expectations and offer MORe.  More sustainability, durability, versatility, style, innovation and comfort.",1226026
Morgan Advanced Materials plc,United Kingdom,Swansea,SA6 8PP,Hall 9,650,Railway Technology,"Material Science. Railway Reliability.
High-performance solutions for traction and current collection, backed by global support and local expertise.",1027954
Morocco TraIndustry Cluster,Morocco,Casablanca,20000,"CityCube, Hall A",545,Railway Technology,Morocco TraIndustry Cluster a Vector of technological innovation and sustainable anchoring of the railway industry​,1027971
Morooka Europe GmbH,Germany,Gross-Gerau,64521,Outdoor Display,O/100,Railway Infrastructure,"Morooka Europe GmbH is serving since 2017 the European market from our European headquarters in Groß-Gerau, Germany — handling after-sales support, spare parts supply and managing the distributor network across the continent for Morooka Products.",1219328
Mosaiq by Snapper Services,New Zealand,Wellington,6011,Hall 7.1c,245,Public Transport; Mobility+,"The Mosaiq Transit Intelligence Suite by Snapper Services helps operators and authorities gain full visibility of their networks, identify inefficiencies, and make informed decisions to improve services.",1212180
Mosdorfer,Austria,Weiz,8160,Hall 21,350,Railway Infrastructure,,1027989
Mosebach Manufacturing Company,United States of America,Pittsburgh,15241,Hall 17,215,Railway Technology,,1027990
MOSER-Baer AG,Switzerland,Sumiswald,3454,Hall 2.1,830,Public Transport,MOBATIME clocks are a feature of countless railway stations around the globe. The impressive technology in the robust clock has won it a huge number of customers worldwide. MOBATIME clocks tailored to regional requirements can be found in innumerable train stations throughout the world.,1027995
Motion Marketing,United Kingdom,Cirencester,GL7 5XL,Hall 5.2,430,Railway Infrastructure,"We don’t just market technology, we understand it. 

Motion Marketing is a full-service B2B agency for industrial, manufacturing, and technology companies looking to grow with purpose.",1225095
motiontag GmbH,Germany,Berlin,10997,Hall 7.1c,150,Mobility+; Public Transport,MOTIONTAG was founded in 2015 and is a pioneer in mobility analytics across Europe. Our solution can be used as a white-label app or an SDK. It logs individuals’ movements by automatically detecting 12 modes of transport and also calculates carbon emissions produced over a given time period.,1028003
Motor-Elektrik Baugruppen Vertriebs- und Service GmbH,Germany,St. Egidien,09356,Hall 18,130,Railway Technology,MEB GmbH: Europe-wide remanufacturing & parts for public transport. Fast repairs instead of long lead times – cost-effective and sustainable for over 60 years.,1205918
Motoren Feuer GmbH,Germany,Overath,51491,Hall 18,650,Railway Technology,"Individual engine and power pack repairs from a single source.

Motoren Feuer GmbHhas been a specialist in the repair and maintenance of engines for 50 years and has gained an excellent reputation over this time.",1028010
Motorenzentrum Wilhelm Schmidt GmbH,Germany,Blankenfelde-Mahlow,15831,"CityCube, Hall B",200,Railway Technology,"The Motorenzentrum Wilhelm Schmidt GmbH is your specialist for the overhaul, service, and spare parts of combustion engines. We maximize performance and availability – from component repair to complete overhauls.",1221018
Mott MacDonald,United Kingdom,London,EC4M 7RB,"CityCube, Hall A",335,Railway Infrastructure,"We are a global engineering, management and development consultancy focused on guiding our clients through many of the planet’s most intricate challenges. Whether it’s creating a new railway or enhancing existing assets, we work with clients around the world to support their needs.",1028023
Movasan,Germany,Wiefelstede,26215,Hall 6.2,125,Railway Infrastructure,"Movasan develops mobile and stationary disposal solutions for buses, trains, depots and transport operators. Robust materials, modern vacuum technology and customised planning ensure efficient, hygienic and reliable service processes.",1205345
Move & Traffic Controls GmbH,Germany,Berlin,13053,"CityCube, Hall B",320,Railway Technology,"Sensors, sensor systems and services for traffic engineering➔ moving safely",1028043
MOVINTER s.p.a.,Italy,Cairo Montenotte,17014,Hall 5.1,145,Railway Technology,,1210479
Mowasalat (Karwa) Company Q.P.S.C.,Qatar,Doha,00000,"CityCube, Hall A",640,Public Transport,,1227532
Moxa Europe GmbH,Germany,München,81673,Hall 4.1,550,Public Transport; World Innovations,"At InnoTrans 2026, Moxa will showcase how operators, train builders, and infrastructure providers can strengthen cybersecurity, enable AI-powered operations, and achieve sustainability goals with reliable industrial networking and edge computing solutions.",1028080
MOXZ GmbH,Germany,Berlin,10625,Hall 5.1,110,Railway Infrastructure,We offer wireless systems for real-time location tracking and communication in tunnel and urban area. Our wireless MOXZ solution does not require external infrastructure or GPS/GNSS connection.  Visit us to see our first prototype hardware in action and how it works in Berlins Subway Network.,1211834
MOÏZ,France,Saint-Martin-le-Vinoux,38950,Hall 11.2,270,Railway Technology,"MOÏZ — Powering Autonomy. Battery-free, cable-free sensors that turn waste heat into data. On rail networks, Harvestree detects catenary frost and overheating, rail temperature anomalies and traction current — maintenance-free for 15+ years, installed in minutes.",1226944
MR-Bahn GmbH & Co. KG,Germany,Mechernich-Satzvey,53894,Hall 5.2,610,Railway Infrastructure,We are your Q1-certified manufacturer of precast concrete components for railway and track construction,1212429
MRK Management Consultants GmbH,Germany,München,80539,Hall 7.2b,200,Railway Technology,"Founded in 1971, MRK Management Consultants GmbH is an international management consultancy with strong implementation expertise. We work with public and private business partners to develop forward-looking solutions with a focus on infrastructure, digitalization, mobility & energy.",1208964
MS Power GmbH,Germany,Eschborn,65760,Hall 11.1,465,Railway Technology,"MS Power GmbH
Diodes
Thyristor
Power Module
Bridges & SSR
IGBT
Fuses
Power Stack Assemblies",1028122
MSA DAMPER SRL,Italy,Asti,14100,Hall 9,660,Railway Technology,Shock absorbers and anti-vibration metal rubber components for railway applications,1028123
MSc Traction Oy,Finland,Tampere,33560,Hall 17,155,Railway Technology,"The Converter House. As an experienced power conversion expert MSc is a rolling stock specialised and flexible partner who can quickly fulfill the customer requirements. New developments, modifications, overhauls.",1028127
MSG GmbH Ammendorf,Germany,Halle (Saale),06132,Hall 6.2,715,Railway Technology,"Die MSG mbH Ammendorf hat sich zu einem wichtigen und sehr verlässlichen Partner der DB entwickelt. Das Unternehmen verfügt über ausgezeichnetes Fachwissen und hat sich auf die Instandhaltung, Unfallreparatur und das Redesign von elektrischen und Dieseltriebzügen spezialisiert.",1028131
MSM Messe Service Merkhoffer GmbH,Germany,München,81829,Hall 17,330,Railway Technology,,1178563
MSV elektronika s.r.o.,Czechia,Studenka,74213,Hall 27,400,Railway Technology,"MSV elektronika s.r.o. is a Czech railway technology company specializing in the design, development and production of control, information and lighting systems for rail vehicles. Our portfolio includes TCMS, passenger information systems, LED lighting, brake control electronics, door control units,",1028145
"MSV Metal Studénka, a.s.",Czechia,Studenka,74213,Hall 9,671,Railway Technology,"Leading European manufacturer of buffers, draw gears, screw couplers, draw hooks and other components for railway rolling stock.
Production of die forgings in the weight category 2 - 60 kg, incl. machining, painting, welding and small assemblies.",1028146
MTC Deutschland GmbH,Germany,Hannover,30159,Hall 6.2,455,Public Transport,Flexible services and reliable results for transport operators,1028151
MTE Deutschland GmbH,Germany,Heiligenroth,56412,Hall 26,190,Railway Infrastructure,"MTE Deutschland supplies high-performance bed-type and travelling-column milling machines for the precise machining of track components, points components, rail infrastructure parts and large welded structures. Maximum stability, precision and productivity for demanding applications.",1225082
MTM Power Messtechnik Mellenbach GmbH,Germany,Schwarzatal,98744,Hall 17,410,Railway Technology,"For more than 30 years, MTM Power has been developing power supply solutions for the railway industry. Our DC/DC converters, AC/DC power supplies, and custom solutions provide reliable power for rolling stock and railway infrastructure applications worldwide.",1028157
MTS Schrode AG,Germany,Hayingen,72534,Outdoor Display,O/182,Railway Technology; Outdoor Display,"MTS behauptet sich dank zahlreicher innovativer Produktentwicklungen als Spezialist für Automatisierungsstrategien im Tiefbau und Gleisbau.Hauptanliegen der vom Anbauverdichter bis zur 3D-Steuerung für Bagger reichenden Produktpalette ist es, die Effizienz und Wirtschaftlichkeit von Arbeitsabläufen",1028173
MUECAP Vertriebsgesellschaft für elektronische Bauelemente m.b.H.,Germany,Gräfelfing,82166,Hall 17,150,Railway Technology,"MUECAP is a German ( Munich based ) distributor, specialized on passive components for power electronics coming from France and Italy. Since 1987 a major focus is on railway applications where we can follow the specific requirements, either with standard or with custom adapted parts. Main product...",1028195
MUGLER SE,Germany,Oberlungwitz,09353,Hall 7.2b,100,Railway Infrastructure,,1144548
Muirhead,United Kingdom,Bridge of Weir,PA11 3RH,Hall 2.2,460,Interiors,"Muirhead brings 180+ years of expertise to rail, showcasing high-performance leather and protein-based BioPRO foam at InnoTrans. Designed for durability, hygiene and compliance, our solutions enhance passenger experience while reducing lifecycle costs.",1028209
Mukan Grup Makina Sanayi ve Ticaret LTD.STI.,Türkiye,Ankara,06800,Hall 6.1,215,Railway Technology,"Railways is a sector that requires effort, patience and continuous service. Being aware of how difficult it is to be permanent in the sector, Mukan Rail does not compromise on these principles.",1148175
MULTI RAIL Srl,Italy,Cimavilla di Codognè (TV),31013,Hall 1.1,670,Interiors; Travel Catering & Comfort Services,,1028223
Multitel asbl,Belgium,Mons,7000,"CityCube, Hall A",650,Railway Technology,"Multitel’s Railway Certification department is specialized in testing solutions for ERTMS, CTCS, KTCS, and more. We give support to the certification, provide performance and reliability test solutions and offer maintenance tools. We provide R&D in the design of new tools (hardware and software).",1028234
MUNK Günzburger Steigtechnik,Germany,Günzburg,89312,Hall 6.2,335,Railway Technology,"With its business units MUNK Günzburger Steigtechnik, MUNK Rettungstechnik and MUNK Service, the MUNK Group is one of the leading suppliers of access solutions and rescue equipment and corresponding service solutions.",1028294
MV automation systems GmbH,Germany,Grünhain-Beierfeld,08344,Hall 7.2b,100,Railway Technology,"Our solenoid valves stand for precision and reliability, even under extreme operating conditions. 
They are used in all areas of the railway. Especially in refrigeration and air conditioning systems, water installations, brake systems, door closing devices & other applications",1028404
MW.FEP SpA,Italy,Ronchi dei Legionari - GO,34077,Hall 11.1,225,Railway Technology,"MW.FEP is a leading Electronic Manufacturing Services (EMS) provider. We proudly promote and develop a culture of total quality and safety, in compliance with the main certifications in the sectors we operate in.",1208181
MWB Power GmbH,Germany,Bremerhaven,27568,Hall 18,220,Railway Technology,"Since 1957, MWB Power has been a competent and reliable partner for the maintenance and repair of railway engines and associated equipment.",1211547
MWS Aluguss GmbH,Austria,Klagenfurt am Wörthersee,9020,Hall 8.2,230,Railway Technology,"MWS is a light metal company specializing in aluminum casting and CNC machining, producing complex, ready-to-install products with highest precision. We primarily supply automotive manufacturers, the commercial vehicle and two-wheeler industry, the RAIL industry, mechanical and electrial industry.",1211936
MZA Makas Fabrikası,Türkiye,Karabük,78000,Hall 26,770,Railway Infrastructure,,1216113
MÄDER GROUP,France,Villeneuve d'Ascq,59650,Hall 8.2,350,Railway Technology,"International player in high added-value coatings and composites, Mäder offers its customers global and innovative solutions oriented towards the constant search for efficiency in demanding markets such as Automotive, Piping & Storage, Coil Coating and Railways.
We have established ourselves as a...",1025916
MöllerWerke GmbH,Germany,Bielefeld,33649,Hall 3.1,650,Interiors,"MöllerWerke GmbH develops and produces air-conducting, flexible structural parts for rail vehicles, offers customized traction motor boots, expansion joints, lightweight air duct systems, and charge air and coolant hoses.",1027821
MÖVE Fahrzeugsitze GmbH,Germany,Mühlhausen,99974,Hall 7.2c,230,Interiors,"MÖVE vehicle seats combine perfect ergonomics with maximum safety, serving as the ideal interface between human and machine.
The MÖVE driver's seat is the central element of the cab, enabling the safe and fatigue-free operation of complex rail vehicles.",1226761
Müller Systemtechnik GmbH,Germany,Gräfelfing,82166,"CityCube, Hall A",815,Railway Technology,"Mobile railway and road-rail excavator simulators, combined with innovative railway route modelling: MST presents practical solutions for training and assessment, bringing simulation directly to local operating sites instead of requiring personnel to travel.",1220260
Müller-BBM Industry Solutions GmbH,Germany,Planegg,82152,"CityCube, Hall A",240,Railway Technology,"Rail and Vehicle Acoustics addresses all noise and vibration issues related to rail systems, automobiles, and commercial vehicles. This includes evaluating designs, assisting in the development of noise reduction measures, troubleshooting, conducting acoustic analyses and tests, or simply providing",1028219
Müller-BBM Rail Technologies GmbH,Germany,Planegg,82152,"CityCube, Hall A",240,Railway Technology,"From measurement to monitoring: Müller-BBM Rail Technologies provides high-precision measurement and intelligent monitoring solutions for railway vehicles, infrastructure, noise and vibration – enabling safer operations, higher availability and data-driven maintenance.",1028220
Nadi Airtechnics Pvt. Ltd.,India,Chennai,600067,Hall 18; Hall 3.1,530; 100,Railway Technology,"With over 60 Years of experience in manufacturing Industrial Fans and Blowers, Nadi Airtechnics offers high-quality Industrial Fans to Global Customers across multiple industries. Nadi is Certified for ISO 9001, ISO 14001, ISO 45001 and Association of American Railroads.",1028521
Nagarro,Germany,Munich,81379,Hall 4.1,370,Railway Technology,"Nagarro is a global AI-native engineering and transformation company. We help enterprises restore and accelerate the flows that run their business by embedding AI where intelligence is blocked, delivering at least a 20% performance uplift.",1209272
Nagel Werkzeug-und Vorrichtungsbau GmbH,Germany,Gingen an der Fils,73333,Hall 22,870,Railway Technology,"Outstanding in application !
Our innovative new workholding technolgy for railway wheels in monoblock design offers exceptional ease of use as well as very high chuck stability.",1028528
Nakorid GmbH,Germany,Gründau,63584,Hall 25,352,Railway Infrastructure,The NaKorid Isorail insert replaces old insulated joints and makes thermite welding superfluous.,1028544
NAMTOR GmbH,Germany,Berlin,10719,Hall 5.2,845,Railway Infrastructure,,1227853
Namtor P.S.A.,Poland,Poznań,PL60-689,Hall 5.2,845,Railway Infrastructure,,1220543
NaNa Nahverkehrs-Nachrichten | DVV Media Group GmbH,Germany,Hamburg,20097,Hall 2.2,410,Public Transport,"DVV Media Group publishes market-leading trade media for the public transport sector. The portfolio is aimed at professionals and executives and includes magazines, digital offerings & conferences to provide well-founded information for future-oriented strategies & economic action.",1223523
NANA UDYOG,India,Surat,395008,Hall 17,116,Interiors,"Manufacturer of Copper Flexible Connectors, Braided Copper Conductors, Grounding Straps, and Fine Gauge Copper Wires for Electrical, Electronics, Railway, and Automotive Industries. ISO 9001:2015 certified and UL-approved products.",1212076
"Nanjing Haoming Industry and Trade Co., Ltd.",China,Nanjing,210019,Hall 8.2,100,Railway Technology,"Founded in 2001, Nanjing Haoming Industry and Trade Co., Ltd. specializes in the design, R&D, manufacturing, integration, and sales of products for the rail transit industry. The company is dedicated to providing comprehensive, professional, and systematic solutions for the rail transit sector.",1221814
"Nanjing Kangni Mechanical & Electrical Co., Ltd",China,Nanjing,210013,Hall 3.1,210,Interiors,"Kangni is a company founded in year 2000, specialized in railway vehicle door system solution for manufacturing and maintenance of the Door System, Platform Screen Door System, Interior Fittings, Power Connectors, New Energy and Intelligent Health products etc.",1028573
"Nanjing KINGYOUNG Intelligent Technology Co., Ltd.",China,Nanjing,211135,Hall 9,270,Railway Infrastructure,"Nanjing KINGYOUNG Intelligent Technology Co., Ltd. was established in April 2013 which is a pioneering AI robotics company, specializing in Rail transit, Energy & Power.",1226693
"Nanjing Orientleader Technology Co., Ltd.",China,Nanjing,210000,Hall 8.1,340,Railway Technology,"Obtained IATF 16949, ISO 22163, CQC certificates railway product certification, as well as passed ISO 9001 quality management system, ISO 14001 environmental management system, ISO 45001 occupational health & safety management system, ISO 50001 energy management system, IR CETRIFICATE.",1028574
"Nanjing Wuhua Electrical Equipment Co., Ltd.",China,Nanjing,211161,Hall 22,510,Railway Infrastructure,"Founded in 2013, Nanjing Wuhua Electrical Equipment Co., Ltd. produces rail electrification products including Al-steel conductor rails and overhead catenaries. We own 45+ patents and ISO triple certifications, supplying traction power systems for metro, light rail and maglev. With solid R&D, we hav",1211757
Nanotech Elektronik Sp. z o.o.,Poland,Warsaw,02-486,Hall 15.1,475,Railway Technology,"Nanotech Elektronik is a Poland-based EMS provider specializing in electronic manufacturing services, including PCB fabrication and assembly, BOM optimization, and electronic component sourcing. Our portfolio also includes industrial displays, custom keyboards, and connectors designed for demanding",1220671
"Nantong Strongrate Co., Ltd.",China,Nantong,226351,Hall 7.1b,250,Railway Infrastructure,"FRP Grating, GRP grating 
FRP profile, GRP profile
FRP, GRP
GRP handrail, FRP handrail 
FRP walkway, GRP walkway 
FRP fence, GRP fence
FRP anti-slip strip, GRP anti-slip strip
FRP ladder, GRP ladder
FRP platform, GRP platform 
FRP fence, GRP fence",1218734
NAST Ltd.,Hungary,Budapest,1044,Hall 20,280,Public Transport,"Visit Us at InnoTrans 2024!

Founded in 1989, NAST Ltd. excels in manufacturing and refurbishing parts for public transport vehicles. Discover our advanced CNC machining solutions, qualified welding solutions, and parts manufacturing for the railway industry Hall 20 / Booth 130.",1209089
National Capital Region Transport Corporation,India,Delhi,110023,Hall 5.2,805,Railway Infrastructure,,1224550
National Engineering Industries Ltd.,India,Jaipur,302006,Hall 20,450,Railway Technology,,1228017
National Taipei University of Technology,Taiwan,Taipei City,10608,Hall 11.2,310,Railway Technology,"The Smart Railway Industry Talent Academy R&D Center at National Taipei University of Technology has long been dedicated to the development of smart railway technologies and key rolling stock systems, supporting Taiwan’s policy goals of domestic railway manufacturing and railway industry autonomy. A",1227057
Natroyal Industries Private Limited,India,Mumbai,400067,Hall 5.1,325,Interiors,"End-to-end railway & metro seating solutions—from design and prototyping to testing, tooling, and production. Our driver seats combine ergonomic comfort, fire safety, shock absorption, durability, and reliability, engineered for demanding journeys.",1220738
NCB Lohmann GmbH,Germany,Menden,58706,Hall 20,540,Railway Technology,"The foundations of today´s NCB Lohmann GmbH were laid in 1874 - four generations ago. The company has grown continuously since its formation, and now handles complex, custom powertrain-component machining projects in the rail-transport technology as well as for general mechanical engineering vent...",1028771
NDCon LOGIC a.s.,Czechia,Praha 2,120 00,Hall 23,375,Railway Infrastructure,"NDCon GROUP is an international railway diagnostics, engineering and technology company focused on smart solutions for complex railway infrastructure, including diagnostic vehicles, ITS, AI-based analytics, dispatch centres, design, engineering and digital transformation.",1210656
NDT Automation Lasner GmbH,Germany,Berlin,13585,Hall 6.2,137,Railway Infrastructure,,1225838
NDT Technologies Inc.,Canada,"Baie d'Urfe, Montreal,",H9X 3T5,Hall 26,660,Railway Infrastructure,"We provide turn-key solution for: 
Rail test centre: Combined inspection technologies Including UT, EC, Straightness measurement, Profile measurement, etc. 
Fully automated ultrasonic inspection equipment for Wheelsets, Axles in maintenance shop, and wheels in manufacturer mill.",1028777
NEAT S.r.l.,Italy,Roma,00155,Hall 27,135,Railway Infrastructure,"NEAT is an independent design and development company, with extensive experience in creating exclusive HW and SW solutions for mission and safety critical applications, offering IPs and engineering services for customers who play a major role in railway, aerospace, and avionic markets.",1028785
NELCO INDUSTRIES,France,GUEBWILLER,68500,Hall 18,660,Railway Technology; Public Transport,,1219515
Nencki AG,Switzerland,Langenthal,4901,Hall 23,520,Railway Technology,"Nencki Railway Technology is a business unit of Nencki AG at Langenthal, Switzerland with orientation on the worldwide distribution of machines and equipment for bogie workshops and stationary rail welding plants.",1028818
Neo Trans,South Korea,"bundang-gu, Seongnam-si, Gyeonggi-do",13524,"CityCube, Hall A",730,Public Transport,"We are now actively engaging in overseas new rail projects.
From railway construction plan to operation, maintenance, R&D, and PM services, NEO TRANS will be your reliable partner.",1028822
Neo.Net,Poland,Świdnik,21-040,Hall 6.1,200,Public Transport,,1215397
Neotec,France,Bressols,82710,Outdoor Display,O/270,Outdoor Display; Railway Infrastructure,"NEOTEC was founded in 1991 in the area of Toulouse, a region of France traditionally associated with industrial innovation.

After 33 years NEOTEC is recognized as an innovative manufacturing of f vehicles and equipments for the construction and maintenance of railway infrastructure.",1028832
NET CHECK GmbH,Germany,Berlin,10829,Hall 4.1,345,World Innovations; Railway Technology,"NET CHECK aims to improve the quality of communication networks. Our core areas of expertise include international network benchmarking and fault analysis. We have over 20 years’ experience in railway measurements, ranging from GSM-R and 4G to 5G, CBTC and FRMCS",1211980
NET ELECTRONIC SMT Srl,Italy,Carinaro,81032,Hall 11.1,310,Railway Technology,"NES is an international company with a leading position in the market of design, industrialization and production of electronic devices. 
NES is able to offer a wide range of services, starting from electronic and electromechanical design up to complete assembling and testing of finite products.",1206428
Net Powersafe SA,Switzerland,Gland,1196,Hall 15.1,230,Railway Infrastructure,Your competent partner for individual solutions,1028874
NET-Automation GmbH,Austria,St. Peter ob Judenburg,8755,Hall 1.2,660,Railway Technology; World Innovations,"NET-Automation presents ForceBEE and BrakeBEE: innovative wireless systems for railway brake testing and real brake force measurement. The solutions enable faster testing, guided workflows, reliable documentation and data-driven maintenance.",1028879
netwiss OG,Austria,Wien,1190,Hall 6.1,210,Public Transport,"For reasons of economy, modern passenger trains strive for a maximum number of seats. However, this reduces the size of luggage-storage areas leading to longer dwell times and a lower occupancy rate, all of which negatively effects economic efficiency!
Based on meticulous studies of the behaviou...",1028903
Network Rail Consulting Ltd,United Kingdom,London,SE1 7LY,Hall 2.2,560,Railway Infrastructure,"Delivering consultancy services to government, public and private organisations, and to passenger and freight owners across Australia, Canada, the Middle East and North America.",1226520
Netz 33 GmbH,Germany,Neustadt/Wied-Rahms,53577,Hall 22,220,Railway Technology,"Netz 33 GmbH plans, builds and operates a high-performance, secure fibre optic network as the basis for Germany's digital future and sovereignty.",1227787
NEU RAILWAYS,France,LA CHAPELLE D'ARMENTIÈRES,59930,Hall 3.2,100,Railway Infrastructure,"# SAND DISTRIBUTION SYSTEM
# TOILET SERVICING
# TRAINWASH
# TRACK CLEANING
# INTERIOR CLEANING
# RAILWAY DEPOT EQUIPMENT",1028912
NEUERO RAILTEC GmbH,Germany,Emlichheim,49824,Hall 23,720,Railway Infrastructure,Worldwide leading specialist of equipment for railway workshops.,1028920
NEVO3D GmbH,Austria,Schörfling am Attersee,4861,Hall 8.2,230,Railway Technology,"NEVO3D provides additive manufacturing solutions for the railway industry, supplying EN 45545-certified spare and functional parts up to R1/HL3, as well as 3D printing systems for decentralized production. This enables manufacturers to benefit from greater flexibility and shorter lead times.",1212002
NEW AREL SRL UNIPERSONALE,Italy,NOVATE MILANESE,20026,Hall 8.1,445,Railway Infrastructure,"We protect people, plants and equipment by supporting the design and implementation of harmless/safe processes and  working spaces, while safeguarding our customers business productivity.",1028945
NEW ERA MATERIALS SP. Z O.O.,Poland,Modlniczka,32-085,Hall 8.2,135,Railway Technology,"New Era Materials has been the symbol of progress in prepregs, composites and 3D printing. We provide design services, scanning, reverse engineering, 3D printing, selection of materials and technologies. Our solutions meet the requirements e.g. HL3 acc. to EN 45545-2 for fire resistance.",1028952
"New United Group Co.,Ltd.",China,Changzhou,213166,Hall 11.1,340,Railway Technology,"In the field of railway & mobility, New United Group is providing proposals of components,systems and solutions in railway vehicle driving and control, HVAC system, signalling and communications. The rail transit business of New United Group has become a leading team in this field.",1028970
NEWAG SA,Poland,NOWY SACZ,33-300,Hall 3.2; Outdoor Display,620; T2/28,Outdoor Display; Public Transport,"NEWAG’s main business is the manufacturing, modernization and overhauls of rolling stock.

NEWAG’s product range includes electric multiple units (EMUs), diesel multiple units (DMUs), passenger coaches, tram cars and diesel and electric locomotives.

NEWAG has 140 years of history, having bee...",1028984
NewTec GmbH,Germany,Pfaffenhofen a. d. Roth,89284,Hall 6.1,510,Public Transport,"NewTec develops safe, cyber-resilient electronics and software for railway systems: from system architecture and embedded software to functional safety, cybersecurity and TRDP-based train communication - all from a single source.",1028998
NEWTECH GROUP CO..LTD.,China,CHANGZHOU,213000,Hall 3.2,260,World Innovations; Railway Technology,,1220062
Newtek Solidos S.L.,Spain,Zumaia,20750,Hall 22,700,Railway Infrastructure,"Since 1987, NEWTEK has delivered innovative bulk material handling solutions for railway and industry. From sand storage silos to fixed and mobile sanding systems, we design reliable, efficient, and customized turnkey installations that keep operations moving.",1028999
NEXAGATE SDN BHD,Malaysia,KUALA LUMPUR,59200,Hall 10.1,220,Railway Technology,,1227771
"NEXCOM International Co., Ltd.",Taiwan,New Taipei City,23586,Hall 4.1,615,Public Transport; World Innovations,"NEXCOM provides the product lines for on-board edge devices including AI Edge Telematics series, In-Vehicle Computer, Railway Computer, Vehicle Mount Computer(all-in-one Panel PC),and Monitors to support solution providers in Public Transit Bus&Rail, First Response and Material Handling applications",1029008
Nexfeld,Germany,Braunschweig,38112,Hall 2.1,435,Public Transport,"Nexfeld builds planning, scheduling, and dispatch solutions for public transport operators and authorities. Our TRAICY platform keeps networks running reliably, and LEA gives bus dispatchers real-time control. Smarter operations, built around the people who plan and run them.",1227252
NEXRAIL Manco S.a.r.l,Luxembourg,Luxembourg,1724,Outdoor Display,O2/80; T2/80,Railway Technology; Outdoor Display,"Hybrid today. Zero-emission tomorrow.
Discover how NEXRAIL is helping rail operators transition to cleaner, smarter and more flexible freight operations.",1029017
Next Generation Robotics Srl,Italy,Pisa,56123,Hall 6.2,875,Railway Technology,"Next Generation Robotics (NGR) is a high-tech company that operates in the sector of collaborative robotics for inspection and monitoring in the railway field.
Thanks to AI and advanced robotic solutions combined in the ARGO platform, NGR aims to digitize the world of rolling stocks inspection.",1029019
next:urban technologies GmbH,Austria,Guntramsdorf,2353,Hall 2.1,355,Public Transport,"next:urban, your Hardware and Software Partner for Public-Transport-Solutions
Passenger information: At the bus stop with e-paper technology
Passenger information: Refurbishment in existing trains and buses",1029023
NEXTRAIL GmbH,Germany,Berlin,10117,"CityCube, Hall A",240,Railway Infrastructure,"Digitizing railroads, supporting transformation, enabling progress: We are specialists in the introduction of new technologies into the rail networks and vehicles of tomorrow. As a link between industry & rail operators, we support the implementation of national & international future projects ...",1029035
Nexxiot,Switzerland,Zurich,8005,Hall 6.1,460,Railway Technology; World Innovations,,1029051
NIBE Element Railway Solutions,Sweden,Sösdala,280 10,Hall 25,230,Railway Infrastructure,NIBE Element Railway Solutions provides heating solutions for both infrastructure and rolling stock. We supply components as well as complete intelligent systems and software.,1029085
NIEDAX GmbH & Co. KG,Germany,Linz/Rhein,53545,Hall 22,220,Railway Infrastructure,"The name Niedax has been synonymous with state-of-the-art electrical installation for more than a century. The global Niedax Group is founded upon decades of experience and forward-looking innovation and now employs over 2,800 people worldwide.",1029108
Niederbarnimer Eisenbahn (NEB),Germany,Berlin,10117,"CityCube, Hall B",310,Career Point; Public Transport,"Best connections between city and country – under this motto, the Niederbarnimer Eisenbahn-AG railway company (NEB) has been writing success stories since 1900. Operating the traditional “Heidekrautbahn” (“heather train”) line, NEB is deeply rooted in the Berlin-Brandenburg region and is working wit",1029109
"Nihon Sharyou Senjouki Co., Ltd.",Japan,tokyo,0650041,Hall 7.2a,100,Railway Technology,"Japanese manufacturer of railway vehicle washing systems and maintenance equipment since 1956. Providing efficient, reliable, and environmentally friendly cleaning solutions for railways, metros, buses, and commercial vehicles.",1226778
NIJL,Netherlands,Zwolle,8042PB,Hall 6.2,120,Public Transport,NIJL: Your partner for a safe working environment. Turn-key supplier of Docking Systems and Access Equipment.,1208125
NILES-SIMMONS-HEGENSCHEIDT GmbH,Germany,Chemnitz,09117,Hall 22,640,Railway Technology,"NSH Group is the market leader with machine tools for wheels, axles, wheel sets and complete production lines",1029145
Ninefeb Technical Documentation GmbH,Austria,Wien,1120,Hall 21,350,Railway Technology,The NINEFEB Group is a Europe-wide provider of technical documentation and e-learning services. We offer support at every level of technical communication and create maximum value for your company through our comprehensive industry knowledge and practical solutions.,1225377
NINGBO HUANSHAN RAILWAY EQUIPMENT CO.LTD,China,Ningbo,315035,Hall 5.2,464,Railway Infrastructure,"HuanShan was established in 1978, locating in NINGBO CHINA.  We were widely  known as the brand of “环铁” in China. We mainly produce and sell petrol driven cutting machine, drilling machine ,grinding maichine and other hydraulic lifting and lining machine.",1218713
"Ningbo Jinhui Precision Casting Co., Ltd",China,Ningbo,315000,Hall 1.2,191,Railway Technology,,1220569
NINIVE CASSEFORME S.r.l.,Italy,GARBAGNATE MONASTERO - LECCO,23846,Hall 26,785,Railway Infrastructure,moulds and forms,1029189
NIOGLAS SL,Spain,CASTELLBISBAL,08755,Hall 22,277,Railway Infrastructure,"NIOGLAS, MANUFACTURERS OF CANTILEVER, CATENARY, MANUFACTURERS OF PORFILAS PRFV.
Nioglas has been a manufacturer of PRFV profiles for the growing system since 1981.
The factory is located in Castellbisbal (Barcelona).
Manufacturers of structural profiles for different markets such as road signs...",1029191
NIPHA Limited,India,Kolkata,700017,Hall 20,610,Railway Technology,"Since 1960, NIPHA Group has been recognized as a premier Manufacturing Export House for engineered components, serving major global industries such as Agriculture Machineries, Railways, Construction & Mining, and Electrical Switchgear.",1220019
"NIPPON SIGNAL Co., Ltd.",Japan,Tokyo,100-6513,Hall 7.2a,100,Railway Infrastructure,"“Evolving the World’s Infrastructure""
Leveraging our 98 year experience contributing to the world infrastructure, we will continuously lead the global sustainable development of infrastracture. In our booth, you will found our DX-based solution using the latest digital and IoT technologies",1029197
NIPPON STEEL CORPORATION,Japan,Tokyo,100-8071,Hall 7.2a,100,Railway Technology,"Our products ： Wheel, Axle, Bogie, Gear Unit, Coupler, Rail",1226027
Nishiyama Corporation,Japan,Tokyo,143-0016,Hall 7.1b,240,Interiors,"To create Innovation NISHIYMA

Providing our customers with ""Best Matching"" requires ongoing planning and developmet.",1029207
"NITTA CHEMICAL INDUSTRIAL PRODUCTS CO., LTD.",Japan,OSAKA,556-0022,Hall 9,602,Railway Technology,NITTA strives to move the world with innovative and meaningful ideas that provide the vision for a more advanced society and more harmonious way of life.,1029213
NKE Fersa,Austria,Steyr,4407,Hall 8.2,230,Railway Technology,"NKE Fersa provides precision industrial bearing solutions for demanding applications, including railway, wind, industry and agriculture, combining OEM expertise, aftermarket support and advanced technologies.",1029222
"NKK SWITCHES CO., LTD.",Japan,Kawasaki-shi,2138558,Hall 7.2a,100,Interiors,NKK SWITCHES has been a leader in the manufacturing of miniature and illuminated switches for over half a century. The company was founded in 1951.  Its customers span the globe in their depth and variation.,1029224
NMi TESTLAB GmbH,Germany,Blomberg,32825,"CityCube, Hall A",845,Railway Technology,"NMi TESTLAB is an independent, accredited testing and certification institute for technical products. We support companies worldwide with compliant testing, certification, and efficient access to international markets.",1031269
Nokia Solutions and Networks Oy,Finland,Espoo,02610,Hall 4.1,360,Railway Technology; World Innovations,"We create the technology to connect the world. Only Nokia offers a comprehensive portfolio of network equipment, software, services and licensing opportunities across the globe. With our commitment to innovation, driven by the award-winning Nokia Bell Labs, we are a leader in the development and ...",1029278
Nomad Digital Ltd,United Kingdom,Newcastle upon Tyne,NE1 2HF,Hall 4.1,260,AI; Public Transport,Nomad Digital is a world leading provider of passenger and fleet management and monitoring solutions to the transport industry.,1029286
Nomad Tech,Portugal,Matosinhos,4460-020,Hall 11.2,220,Railway Technology,"Railway specialists since 2013, Nomad Tech develops tailored, certified solutions that cut the life-cycle cost of rolling stock, from remote condition monitoring to power traction upgrades and maintenance engineering.",1211655
nora systems GmbH,Germany,Weinheim,69469,Hall 3.1,330,Interiors,"nora systems produces high-quality rubber floor coverings, accessories and steptreads under the nora® brand and is part of the Interface Inc. Thanks to innovative in-house developments backed up by trend-setting production processes and an uncompromisingly stringent quality assurance system, ...",1029304
Nord-Lock GmbH,Germany,Lauchheim,73466,Hall 25,465,Railway Infrastructure,"Your global trusted partner in bolt optimization

Nord-Lock Group is a global leader in bolted solutions. Our innovative technologies combined with our industry-leading expertise secures millions of critical applications across the globe.",1029338
Nordic Noise Barrier Group,Sweden,Nacka,13151,Hall 26,185,Railway Infrastructure,,1227473
Nordlift Oy,Finland,Vaasa,65370,Hall 6.2,655,Railway Technology,"Nordlift Oy is a Finland based manufacturer for lifting jacks and bogie handling equipment.

Nordlift lifting jacks are available from 6 ton per column up to 50 ton per column. From 4 column set up to 24 columns per set. For Metro/Streetcar/Railway workshops.

Even tailor made solutions are ava...",1029337
Norgren GmbH,Germany,Alpen,46519,Hall 10.2,210,Railway Technology,"Delivering customised solutions for metro, inter-city, high-speed and freight rolling stock, Norgren collaborates with many of the industry’s key organisations. From specialist OEMs to demanding train operators and busy maintenance teams.",1029357
Noris Group GmbH,Germany,Nürnberg,90429,Hall 27,751,Railway Technology,"The Noris Group GmbH is an internationally operating specialist in sensor technology and analogue indicators for demanding transport technology applications. For decades, Noris has been developing and manufacturing reliable sensor solutions for rail vehicles.",1029362
NORKA Norddeutsche Kunststoff- und Elektrogesellschaft Stäcker mbH & Co. KG,Germany,Hamburg,22083,Hall 5.2,800,Railway Infrastructure,"The family-owned company NORKA, founded in 1948 and based in Hamburg and Dörverden-Hülsen, specialises in technically sophisticated lighting solutions tailored to very special ambient conditions.",1029363
NORSERVIS s.r.o.,Czechia,Dlouhonovice,56401,Hall 10.2,420,Railway Technology,"Motto : ""Automation within reach.""",1029373
Nortech Elettronica Srl,Italy,Molinella,40066,Hall 11.1,320,Railway Technology,"We create value beyond production.
Nortech Elettronica is an EMS partner that supports customers throughout the entire lifecycle of the electronic product. We do more than assembly: we intervene upstream in the process to reduce critical issues, optimize design choices, and build a solid production",1113330
Northrail GmbH,Germany,Hamburg,20457,"CityCube, Hall A",320,Public Transport,"Northrail is one of Europe's leading rolling stock leasing companies, asset managers and developers of innovative rolling stock investments. Northrail manages a portfolio of approximately 430 vehicles, including around 250 locomotives and around 180 multiple units and passenger coaches.",1029400
"Northwest Railway Electronics Co., Ltd.",China,Xi'an,710117,Hall 9,270,Railway Technology,"Northwest Railway Electronics Co., Ltd. is a national high-tech enterprise and a nationally recognized ""Little Giant"" enterprise specializing in the research, development, production, sales, and service of China railway train control equipment and intelligent railway products.",1226694
NOSKE-KAESER Systems + Service GmbH,Germany,Hamburg,22305,Hall 3.1,760,Interiors,,1209532
Nosta GmbH,Germany,Höchstädt,89420,Hall 8.2,190,Railway Technology,"nosta supports vehicle manufacturers with custom components and standardized fastening solutions. Our Rail Solutions, consisting of slotted nuts and C-rails, reduce the number of variants, simplify procurement, and enhance supply reliability.",1029422
Novatronic LLC,Serbia,Novi Sad,SR21000,Hall 4.1,212,Public Transport,"“Novatronic” provides innovative passenger information solutions for public transport since 1993. Our goal is to provide passengers with reliable real time information, securing easy-going traveling.",1029465
NOVIUM,France,SAINT-VALLIER,71230,Hall 5.2,370,Railway Infrastructure,,1029479
Nox Mobility,Germany,Berlin,10969,Outdoor Display,T4/12,Outdoor Display; Public Transport,"From 2027, Nox brings overnight trains back to Europe and will offer a real alternative to short-haul flights with 100% private rooms at the price of a flight.",1223924
NRail GmbH,Germany,Hamburg,22767,"CityCube, Hall A",320,Railway Technology,"NRail GmbH is a specialized partner for rolling stock, spare parts, brokerage and digital solutions in the railway sector. With NRailMind, the company adds AI-based applications for more efficient railway processes.",1029509
NRF,Netherlands,Mill,5451 JM,Hall 18,310,Interiors,,1213830
NSK Deutschland GmbH,Germany,Ratingen,40880,Hall 20,270,Railway Technology,NSK products and solutions are everywhere where something is moving – even deployed under the hardest of conditions. Our high quality bearings are spinning away in various applications.,1029518
nuglass,Switzerland,Nyon,1260,Hall 2.2,250,Railway Technology,"nu glass offers a solution to improve wireless connectivity indoors by making glass pervious to mobile phone frequencies, there is no more need for routers and repeaters.",1225925
NUSO,Italy,Padua,35129,Hall 4.1,770,Railway Technology,"NUSO is a global cloud communications provider delivering AI-powered voice, messaging, collaboration and contact centre solutions through a secure, unified platform. We empower the transportation sector with next-generation communication solutions.",1027396
NUTRISET SL,Spain,CALLUS,08262,Hall 1.1,520,Interiors,,1223601
NYMWAG CS a.s.,Czechia,Nymburk,28802,Hall 3.2; Outdoor Display,240; T1/80; T1/85; T1/90,Outdoor Display; Railway Infrastructure; Railway Technology,WAGONS :: PASSION,1029588
Obermeyer GmbH & Co. KG,Germany,München,80686,Hall 26,330,Railway Infrastructure; Career Point,"Overall planning of infrastructure projects in the fields of rail, road, civil engineering, water, light rail, power lines, technical equipment for railroads, traffic planning and immission control. The company also offers construction and project management services as well as project control.",1029662
OCS di Alberici,Italy,Brescia,25080,Hall 8.1,210,Railway Infrastructure,"O.C.S. Alberici is an Italian manufacturing company specialized in precision metal stamping, tool making and wire EDM. With strong expertise in railway components, it delivers reliable, high-quality, tailor-made solutions for demanding industrial applications.",1220872
Octave,Germany,Bruchsal,76646,Hall 2.1; Hall 6.1,220; 625,Railway Technology,"Octave is a leader in enterprise software, turning data into actionable intelligence at scale. Its solutions simplify complexity across design, build, operations, and protection of people and assets – helping customers boost performance, efficiency, and results at any scale – from sites to cities.",1032586
Odenwald Insulation GmbH,Germany,Neckarsteinach,69239,Hall 8.1,315,Interiors,,1220396
OELCHECK GmbH,Germany,Brannenburg,83098,Hall 18,150,Railway Technology,"Mit einer Schmierstoff-Analyse, Kühlmittel-Analyse oder Öl-Analyse von OELCHECK passen Sie die Wartungs- und Ölwechselintervalle dem tatsächlichen Zustand Ihrer Maschinen an.",1029772
Officine Mario Dorin S.p.A.,Italy,"Loc. Compiobbi, Fiesole",50061,Hall 9,700,Railway Technology,Manufacturing and supplying HVAC&R compressor technology for a greener future 🌱 #Born2Freeze #natrefs since 1918.,1029813
OFFICINE MECCANICHE BBM  S.p.A.,Italy,ROSSANO VENETO,36028,Hall 22,670,Railway Technology,"OFFICINE MECCANICHE BBM SPA is working as manufacturer of equipment for the production and maintenance of rolling stock. 
Products: Wheelset Presses, Bogie Testing Benches, Lifting and Handling Systems, Testing and Special Equipment and Mobile and Fixed Platforms",1004510
OFOLUX SRL,Italy,BRUNELLO,21020,Hall 3.1,120,Interiors,"OFOLUX is a family-owned company based 50km NW of Milan - Italy, established 1974, designing, engineering and manufacturing Led Lighting Systems and Interiors for vehicles (OEM).
Our product range includes LED lighting systems, Air ducts, Luggage racks, PC/ABS extruded profiles, Ceiling systems,...",1029828
OHB Teledata GmbH,Germany,Gilching,82205,Hall 27,510,Railway Technology,"We drive the digitalisation and electrification of railway infrastructure and, by leveraging cutting-edge technologies, ensure safe, efficient and sustainable mobility. In doing so, we actively contribute as a company to ESG objectives and responsible business practices.",1029845
OilQuick Deutschland KG,Germany,Steindorf,82297,Outdoor Display,O/130,Railway Technology,,1029856
OK Automation GmbH,Austria,St.Pölten,3100,Hall 21,350,Railway Technology,"OK Automation is your expert in automation, control and process control systems, and dynamic process simulation for power generation and rail technology – from planning to commissioning.",1029863
OKOndt GROUP,Ukraine,Kyiv,04071,Hall 21,660,Railway Infrastructure,OKOndt GROUP - Manufacturer of Ultrasonic and Eddy Current Rail Testing Equipment,1219987
OKTAL SAS,France,TOULOUSE,31300,Hall 27,120,Railway Technology,"Multinational company specialising in simulation and virtual reality systems for the Metro, Tramway, Freight, and Bus and Truck transport sectors. Our expertise lays in the design and production of specialized and innovative driver training solutions.",1029884
OLAB SRL,Italy,Torbole Casaglia,25030,Hall 10.2,330,Railway Technology,"OLAB does not only produce a vast range of fittings, it also supplies rapid and effective custom solutions thanks to its competent, flexible and dynamic design office. Our team of engineers collaborates actively with the main Italian and foreign companies operating in the railway and automotive i...",1029887
Ole Nonbye Deutschland GmbH,Germany,Nienstädt,31688,Hall 1.1,871,Interiors,"Das Ole Nonbye System: Fahrzeug Re-Desing auf Folienbasis

Neugestaltung von Fahrgasträumen in Bussen und Bahnen.



Das System ermöglicht die komplette Umgestaltung -außen und innen- ebenso wie einzelne Maßnahmen zur Auffrischung oder Spezialeffekte. Außerdem schützen die Folien mit ihrer ...",1029905
Oleo International,Germany,Holle OT Grasdorf,31188,Hall 1.2,530,Railway Technology,"Oleo is a leading expert in the field of energy absorption technology, providing innovative solutions for the railway industry such as:
Gas Hydraulic Capsules (incl. Service), Crash Energy Absorbers, Anti Climbers, Mechanical Couplers, Buffer Stops, 3D Simulation Software (Digital Twin), Testing.",1029912
"Oliva Torras, S.A.",Spain,Manresa,08241,Hall 3.1,470,Interiors,"Oliva Torras Railway offers comprehensive solutions for train interiors, covering all the project phases, from design and engineering to the delivery of complete subassemblies and assistance to the final assembly at the customers’ facilities.",1029918
OLTIS Group a.s.,Czechia,Olomouc,779 00,Hall 4.1,430,Public Transport,"Since 1997, OLTIS Group has been a respected supplier of railway information technologies, providing comprehensive IT products and services for transport and logistics, with a clear focus on tailor-made solutions that meet customers’ operational needs.",1029946
OMEGA GmbH,Germany,Limbach-Oberfrohna,09212,Hall 7.2b,100,Railway Technology,"Sheet metal assemblies of the highest quality from a single source. Made of steel, stainless steel and aluminum.",1210146
OMER SPA,Italy,Milano,20121,Hall 1.1,340,Interiors,"OMER operates from 28 years in rolling stock manufacturing, now present with 3 independent production sites (2 located in Italy and 1 in the United States) for a total of 7 production facilities fully integrated and digitized.

The Group counts on 350 dedicated staff, leaded by an highly...",1029597
Omerin SAS,France,Ambert,63600,Hall 14.1,120,Railway Technology,"For more than 60 years, OMERIN have been specializing in the manufacture of electrical cables for extreme operating conditions, from -190°C to +1400°C. A wide range of leading-edge products for a huge variety of industrial applications; especially Cable Solutions for Rolling stock.",1029969
"Omexom GA Süd GmbH, FL Planung",Germany,Fellbach,70736,Hall 25,460,Railway Infrastructure,,1029971
Omni3D Sp. z o.o.,Poland,Poznan,61-119,Hall 1.1,120,Public Transport; World Innovations,"Transform rail production with Omni3D’s large-format 3D printing. 

• Meet strict EN 45545-2 fire safety standards, 
• slash MRO downtime by 90%, and 
• replace metal with lightweight polymers. 

Visit us at InnoTrans 2026 to secure your manufacturing sovereignty and eliminate supply delays.",1223630
Omniseal Solutions,Belgium,Kontich,2550,Hall 1.1,510,Railway Technology,"Visit us at InnoTrans Berlin 2026 to discover Omniseal Solutions' (part of Saint Gobain) Wear & Friction solutions—Meldin®, Hycomp® and Rulon®. Designed for rail environments, our materials reduce wear, friction and maintenance in braking, actuation, HVAC and motion systems.",1223524
OMP MECHTRON GROLLEAU,Italy,USMATE VELATE,20865,Hall 11.1,200,Railway Technology,"Customized products,  Mechanical production, 19” Racks and Subracks, cabinets, shelters, wiring, cabling and Electronic integration.
Electromechanical",1029988
OMSI Trasmissioni SpA,Italy,Roè Volciano,25077,Hall 20,260,Railway Technology,"QUALITY ALONG THE RAIL
PRECISION AND EFFICIENCY FROM ENGINEERING TO PRODUCTION
CONTINUOUS EVOLVING KNOWLEDGE
GEARBOXES
TRANSMISSIONS
SPECIAL DRIVES
AXLES
HYBRID",1029989
ONCF,Morocco,Rabat,10000,"CityCube, Hall A",545,Public Transport,"Morocco's premier rail operator, ensures the safe, comfortable, and sustainable transport of passengers and goods. As a leader in managing railway infrastructure, ONCF also excels in urban rail and offers complementary services, positioning itself as a vital supply chain integrator.",1027967
Oncron,Germany,Schäftlarn,82069,"CityCube, Hall A",240,Railway Technology,"SUPER-HUMAN DECISIONS FOR TRAINS ON TIME
Oncron's AI-powered software gives dispatchers real-time, network-wide visibility to quantify and prevent cascading delays before they spread, and helps performance analysts pinpoint what impacts punctuality most. Already used in the UK, now tested in Spain.",1227969
One Big Circle,United Kingdom,Bristol,BS1 6QA,Hall 2.2,560,Railway Technology; World Innovations,"One Big Circle is a UK rail technology company and the creator of AIVR® (Automated Intelligent Video Review) – a multi-award-winning rail inspection technology that transforms the way the industry monitors infrastructure, improves operational performance, and delivers safer, more reliable services.",1030015
"ONGAKUKAN Co., Ltd.",Japan,Kawasaki-shi,212-0013,Hall 7.2a,100,Railway Technology,ONGAKUKAN - train simulator specialist ─ We offer train simulators that combine high quality video footage with dynamic Computer Graphics and an audio system capable of reproducing sounds to a high precision. Come and experience our Japanese simulators!,1030038
onway ag,Switzerland,Zürich,8004,Hall 4.1,410,Public Transport,"Since 2004 onway ag has been developing integrated software solutions for all the communications requirements of public transport. We provide cloud-managed software components for secure, high-performance and high-availability communication connections for all mobile applications.",1030055
Opakmet Sp. z o.o.,Poland,Inowrocław,88-100,Hall 8.1,120,Railway Technology,"Opakmet is a medium-size family-owned business with 15-years experience on Railway Market. Our core business is production of different partsand sub-assemblies as subcontractor for Railway Industry. We produce different equipment elements of cars (inside and outside), also with DB quality approva...",1030089
OpenCapacity Ltd.,United Kingdom,London,EC2A 4NE,Hall 7.2b,200,Railway Technology,"AI-driven Capacity Forecasting for Public Transportation:
We use existing data sources that are already available on the vehicles (such as, but not limited to APC, CCTV, WiFi, loadweight data, etc.) to predict the number of passengers on the transport vehicles (Rail, Bus, etc.)",1222197
OpenMove,Italy,Rovereto,38068,Hall 2.1,150,Public Transport,"OpenMove is a software company specialized in ITS and MaaS, offering an Account-Based Ticketing platform with a real time passenger information system. It tailors its ticketing, booking and information solutions to integrate various transport modes into a single mobility platform, making MaaS happen",1030104
OpenRail Aisbl,Belgium,Brussels,1050,Hall 7.1c,530,World Innovations; Railway Technology; Mobility+,"The OpenRail Association is an open, independent and collaborative innovation hub dedicated to the rail sector.",1213466
OpenTrack Railway Technology,Switzerland,Zürich,8050,Hall 4.1,170,Railway Technology,"OpenTrack Railway Technology Ltd develops and markets simulation tools for public transport systems, provides consulting services in railway information technology, and develops data exchange formats for railway applications. OpenTrack Railway Technology is a spin-off-company from the ETH Zurich....",1030110
operational services Gmbh & Co.KG,Germany,Frankfurt a.M.,60549,Hall 7.1a,260,Railway Technology,,1227346
optiMEAS GmbH,Germany,Friedrichsdorf,61381,Hall 7.1a,470,Railway Technology; AI Mobility Lab,,1226009
Optym,United States of America,Dallas,TX 75019,Hall 7.1b,340,Railway Technology,Optym combines optimization and AI to help rail operators move more on the network they already have. Visit us at InnoTrans 2026 to see what's possible when this meets real-world rail operations.,1226818
Orascom Construction,Egypt,Cairo,11221,Hall 5.2,710,Tunnel Construction,"Orascom Construction is a Leading Global Engineering & Construction Contractor focused on infrastructure, industrial & high-end commercial projects in the MENA & the USA. Orascom develops & invests in infrastructure opportunities. ENR'23 Ranking: #4 in Africa & #27 International Contractors.",1030201
ORing Industrial Networking Corp.,Taiwan,New Taipei City,23148,Hall 4.1,255,Railway Technology,"ORing Industrial Networking Corp. the global leading brand company, established in 2005 and focuses on innovation of Industrial networking products. Within these years ORing, a group of well-experienced industrial-networking software and hardware engineers, has developed a lot of product lines.",1030270
Orion Deri Ltd,Türkiye,İstanbul,34400,Hall 5.1,410,Interiors,,1030274
Ortolan Akademie GmbH,Germany,Ahrensfelde,16356,"CityCube, Hall B",200,Public Transport,"The Ortolan Akademie GmbH is a specialised training provider for the railway sector, founded in 2023 as part of the Ortolan Group. With locations in Mannheim and Berlin, it offers tailored, practice-oriented education for rail operations and infrastructure professionals.",1221005
Ortolan Service GmbH,Germany,Ahrensfelde,16356,"CityCube, Hall B",200,Public Transport,"ORTOLAN – Unity makes the difference!

Ortolan Service GmbH is a specialized personnel service provider in the railway sector. We provide qualified professionals for nationwide deployment, combining hands-on experience, quality, and reliability",1221007
OSAKA RUBBER PRIVATE LIMITED,India,MUMBAI,400059,Hall 9,683,Interiors,"Osaka Rubber Pvt. Ltd. is a leading Indian manufacturer of engineered rubber sealing profiles and butyl tapes for Railways & Metro, Automotive and Industrial applications. Since 1981, we have been delivering reliable, high-performance sealing solutions to customers worldwide.",1226801
Oscar Fäh AG,Switzerland,Oberbüren,9245,Hall 3.1,860,Railway Infrastructure,"Vollzertifizierte Fahrer- und Klappsitze von Oscar Fäh AG. Vollzertifizierte GRAMMER-, ISRI/SKA- und BE-GE Fahrersitze, werden mit den Oscar Fäh-Bedienungsarmlehnen nach Ihren Bedürfnissen gefertigt, Für jeden Fahrgast mit Rollator steht ein Rollator-REST zur Verfügung.",1030331
OSG,Israel,Kibbutz Zova,9087000,Hall 1.1,760,Interiors,"OSG – Glazing Systems Provider for the Rail & Transportation Sector 
OSG leads in rail glazing solutions, offering advanced and customized safety glass systems - windshields, windows, glass-embedded displays, light covers, and more. We prioritize safety, durability, and sustainability, servin",1030334
OSTAKON GmbH,Germany,Berlin,10999,"CityCube, Hall B",220,Railway Technology,"Cross-organizational operations with the OSTAKON Data-Cloud for Rail. We're bridging isolated software systems and creating cross-system process chains for ECM, RU, and maintenance. Trusted blockchain enables operations across industry partners. OSTAKON builds bridges for efficiency and security.",1211162
OSTIRION SLU,Spain,Madrid,28001,Hall 7.1a,230,AI; AI Mobility Lab; Railway Technology,"OSTIRION develops advanced AI and computer vision solutions for railways, led by SPOT, its optical train positioning system. SPOT improves train speed and position detection while reducing reliance on complex wayside infrastructure and conventional onboard sensors.",1204954
OTIV,Belgium,Gent,9000,Hall 7.1a,500,Railway Technology; AI Mobility Lab,"OTIV builds technology for assisted, remote-controlled and autonomous driving in rail. We empower industrial companies, railway undertakings, infrastructure managers and OEM's to increase safety and efficiency of rail vehicles. In doing so we help increase capacity and decrease operational costs.",1030384
Overail S.r.l.,Italy,Rome,00138,Hall 26,240,Railway Infrastructure,Overail S.r.l. is an Italian company specialised in designing and manufacturing high-performance precast concrete products for the railway industry.,1030443
OWI GmbH,Germany,Lohr am Main,97816,Hall 5.1,140,Interiors,"For nearly 100 years, OWI has been developing and manufacturing customized molded parts made of wood and plastic. With solutions like OWI-FireProtect up to HL3, we enable safe, functional and design-driven applications in the railway industry.",1167608
OWS Service für Schienenfahrzeuge GmbH,Germany,Weiden,92637,"CityCube, Hall A",240,Railway Technology,"OWS Service für Schienenfahrzeuge GmbH is a German company that provides a wide range of maintenance and repair services for rail vehicles. On about 20,000 square meters OWS inspects, repairs and modernizes suburban and regional trains as well as passenger coaches and locomotives.",1030455
OXYSIGN,France,AUBAGNE,13400,Hall 3.2,130,Public Transport,"A French specialist in industrial marking and signage, we master infinite possibility in every dimension. From large series for global distribution to unique custom items.",1211674
Oy Stallgärden Astra Ab,Finland,KYRKSLÄTT,02400,Hall 9,610,Railway Technology,,1030466
OZ VAGON DEMIRYOLU EKIPMANLARI YEDEK PAR. SAN. TIC. LTD. STI.,Türkiye,ANKARA,06909,Hall 20,560,Railway Technology,LEADING RAILWAY EQUIPMENT MANUFACTURER IN TURKIYE,1219997
"P-DUKE Technology Co., Ltd.",Taiwan,Taichung,40850,Hall 17,130,Railway Technology,"P-DUKE offers a broad range of railway approved DC/DC converters from 3W to 300W. 
These highly reliable converters have input voltage ranges from 8.5VDC to 160VDC and are available with single and dual outputs.
All converters are EN 50155/ EN45545-2 certified.",1030987
P. Druseidt Elektrotechnische Spezialfabrik GmbH & Co. KG,Germany,Remscheid,42855,Hall 17,140,Railway Technology,"Paul Druseidt Elektrotechnische Spezialfabrik GmbH & Co. KG is an internationally active medium-sized company from Remscheid, whose roots go back to before the year 1890....",1030491
P.W.P. NEEL Sp. z o.o.,Poland,Warszawa,02-836,Hall 5.2,380,Railway Infrastructure,"NEEL company was established in 1993 by a group of former employees of the Railway Institute in Warsaw.
The main scope of activity is production of the animal deterring device ""UOZ-1"" for railway lines, the best known solution for preventing animal-train collisions.",1030510
PACE Networks,United Kingdom,Cirencester,GL7 5XL,Hall 5.2,430,Railway Infrastructure,PACE Networks is a specialist distributor partnering with leading manufacturers of rail solutions to deliver high levels of service and cutting-edge components and systems.,1220455
Pacific Smart System Corporation (PSSC),Taiwan,New Taipei City,241,Hall 11.2,310,Railway Technology,,1204975
Padam Mobility SAS,France,Paris,75008,Hall 27,230,Public Transport,,1030550
Pahladrai Steel Forging Works,India,Kanpur,209304,Hall 18,580,Railway Technology,,1030563
Pakom Sp. z o.o.,Poland,Chwaszczyno,80-209,Hall 8.1,251,Interiors,"PAKOM develops precision-converted components for the rail industry, including front panels, technical labels, die-cut adhesive parts, gaskets, insulation and bonding solutions. Visit us to discover engineered material solutions that improve quality, durability and assembly efficiency.",1227319
PALFINGER EMEA GmbH,Austria,Bergheim,5101,Hall 26,525,Railway Infrastructure,"PALFINGER has designed railway solutions for 45 years, always pursuing an uncompromising approach to system design. PALFINGER railway systems deliver maximum efficiency when used in combination.",1030608
PALFINGER Passenger Lifts,Germany,Ganderkesee,27777,Hall 3.1,245,Public Transport,,1220230
Palmieri Tools Forging srl,Italy,Alto Reno Terme,40046,Hall 20,660,Railway Technology,1908 wurde das Unternehmen als Erbauer von landwirtschaftlichen Maschinen gegründet. Ab 1938 konzentrierte sich die Produktion auf die Herstellung von Antriebswellen für LKWs und Fahrzeuge. Zwischen Ende der 1960er und Anfang der 1970er Jahre fing Palmieri auch mit der Fertigung von geschmiedeten...,1030637
Pan Acoustics GmbH,Germany,Wolfenbüttel,38302,Hall 4.1,180,Public Transport,,1030651
Pan Dacom Direkt GmbH,Germany,Dreieich,63303,Hall 4.1,340,Railway Infrastructure,We support the world's transport and logistics companies with modern and efficient information and communication technology. Nets get connected! Pan Dacom Direct System & Support - Made in Germany,1030653
Panasonic Energy,Germany,Ottobrunn,85521,Hall 15.1,180,Railway Technology,"The Panasonic Energy Co., Ltd. is globally active in our consumer battery business that supports everyday convenience and comfort, as well as our B2B business such as industrial batteries and automotive batteries that support social infrastructure across a broad area.",1030676
Pandrol,France,Paris,92700,Hall 23,250,Railway Infrastructure,"We lead the rail infrastructure sector to maximise the availability of track, safety of people and assets, and deliver sustainable lifetime value for networks around the world.",1030691
PANEL POLİÜRETAN AŞINMA NAKİL ELEMANLARI SAN VE TIC AŞ,Türkiye,ANKARA,06830,Hall 26,780,Railway Infrastructure,"PANEL RAIL FASTENING SYSTEM 
MANUFACTURER OF RAIL FASTENING SYSTEM (ALL COMPONENTS)",1030694
"Panjin Tiangong Precision Casting Co.,Ltd.",China,Liaoning,124000,Hall 23,825,Railway Technology,"Products cover pump & valve parts, railway components, auto parts, mining machinery parts, marine hardware, petrochemical equipment, military components and nuclear power parts.",1220453
Panorama Antennas Ltd.,United Kingdom,London,SW181HF,Hall 4.1,380,Railway Infrastructure,Panorama Antennas is a leading designer and manufacturer of antennas for wireless communication.,1030708
PANTOhealth GmbH,Germany,Berlin,10829,Hall 22,400,Railway Technology,"PANTOhealth brings deep engineering intelligence to pantograph and catenary systems — through real-time field monitoring and advanced dynamic simulation, empowering the rail industry to prevent failures, validate design and operate effectively.",1030721
PantoInspect A/S,Denmark,Copenhagen N,2200,Hall 11.2,210,Railway Infrastructure,"Most Reliable and Accurate Technology for Automated Pantograph Monitoring

PantoSystem: Keep trains running. Protect infrastructure. Optimize fleet performance.",1226005
Parametric GmbH,Switzerland,Wilderswil,3812,Hall 2.2,250,Railway Technology,"Your data – your rules! 
Trusted on-board equipment for measurement, edge analytics, and safe data transfer.",1030778
Parker Hannifin GmbH,Germany,Kaarst,41564,Hall 10.2,220,Railway Technology,Parker Hannifin is a Fortune 250 global leader in motion and control technologies. For more than a century the company has been enabling engineering breakthroughs that lead to a better tomorrow.,1030819
Parquery AG,Switzerland,Zurich,8048,Hall 4.1,370,Railway Technology,"Parquery turns existing cameras into smart sensors using AI. At InnoTrans, see our core software-defined Automatic Passenger Counting (APC) solution for fleets and platforms, alongside our Smart Parking for seamless P+R journeys. Maximize transit efficiency with Swiss precision.",1226663
Pars Komponenty s.r.o.,Czechia,Studénka,742 13,Hall 9,310,Interiors,"Meet PARS KOMPONENTY – a trusted European supplier of railway vehicle components. From door and boarding systems to window and interior solutions, we help rolling stock manufacturers deliver safer, smarter, and more comfortable passenger transport.",1030846
PAS Cable GmbH,Germany,Neuruppin,16816,Hall 5.1,110,Interiors,,1220399
Passengera s. r. o.,Czechia,Prague,160 00,Hall 4.1; Hall 9,370; 310,World Innovations; Interiors; Public Transport,"Passengera is a Czech technology company delivering onboard connectivity, infotainment, digital passenger experience and monetization solutions for public transport worldwide. Its modular platform is used by operators including Czech Railways, FlixBus, KiwiRail and the Riyadh Metro project.",1226662
Patentes Talgo S.l.,Spain,Madrid,28290,Hall 22; Hall 4.2; Outdoor Display,450; T11/40; T2/15; 600,Outdoor Display; Public Transport; Railway Technology,"Talgo is a Spanish engineering company with more than 70 years of experience, specialized in designing and manufacturing trains, as well as providing maintenance services to railway operators worldwide. Today, Talgo is the leading global reference for Spanish High Speed Technology and the number ...",1030900
PATON-PTH - Patentmanagement Thüringer Hochschulen,Germany,Ilmenau,98693,Hall 7.2c,230,Railway Technology,,1226764
PATRY,France,PERSAN,95340,Hall 5.2,370,Railway Infrastructure,,1030929
Paul Rüster & Co. GmbH,Germany,Stahnsdorf,14532,Hall 18,160,Railway Technology,Paul Rüster & Co. sees itself as a family business with a vision. With our passion for technology we want to manufacture solution-oriented products for temperature and pressure measurement that fully meet the individual requirements of the industry.,1030942
PaxLife Innovations GmbH,Germany,Potsdam,14467,Hall 2.1,805,Public Transport; World Innovations,Paxlife Innovations provides Passenger Information Solutions for a Public Transit Ecosystem built on Absolute Passenger Trust.,1030963
PB Consult GmbH,Germany,Nürnberg,90443,Hall 5.2,760,Public Transport,"PB Consult is shaping mobility applying interdisciplinary, sophisticated and innovative approaches. The experts of PB Consult are civil engineers, traffic & urban planners, geographers & other creative people, developping modern and mobile living spaces with environmental and social responsibility.",1210156
PB energy + defence GmbH,Germany,Grünwald,82031,Hall 4.2,105,World Innovations; Railway Technology,Solutions for specialised and sensitive rail transport,1226965
PBVI Planung Bauüberwachung Vermessung für Infrastruktur GmbH,Germany,Berlin,12681,"CityCube, Hall B",220,Railway Infrastructure,,1030975
"PC ""MOTORIMPEX"", LLC",Ukraine,Kharkiv,61105,Hall 4.2,410,Railway Technology,,1226855
"PCI Technology Group Co., LTD.",China,Guangzhoou,510000,Hall 7.2c,200,Public Transport,,1227477
PCM RAILONE AG,Germany,Neumarkt in der Oberpfalz,92318,Hall 26,790,Railway Infrastructure,"Innovative by tradition: For RAILONE, engineering means developing sustainable and economical solutions for the most complex requirements in passenger and freight transportation...",1030979
Peak Mobility GmbH,Germany,Berlin,10117,Hall 2.1,515,AI; World Innovations; Public Transport,"Peak Mobility develops software for public transportation. Our products for depot, train, and personnel management - based on the PEAK.X platform - improve efficiency and service quality. Through Cybersense GmbH, a member of the Altamount family, we also offer cybersecurity solutions.",1032357
PECCA LEATHER SDN BHD,Malaysia,KUALA LUMPUR,52200,Hall 10.1,220,Interiors,,1227267
PECS-WORK GmbH,Germany,Dresden,01067,Hall 7.2b,200,Railway Technology,"PECS-WORK GmbH is a consulting and engineering company that has positioned itself as specialist for the introduction of digitalization solutions in the rail market. We turn regulatory requirements into clear solutions – technically sound, compliant and implementable.",1208972
PEI Mobility brand of P.E.I. SRL,Italy,Calderara di Reno (BO),40012,Hall 1.2,610,Railway Technology,"PEI Mobility, a brand of P.E.I. Group, world leader in machine tool protections, was founded in 2005 as a manufacturer of bellows for articulated buses.",1220974
pei tel Communications GmbH,Germany,Teltow,14513,Hall 4.1,635,Public Transport,"pei tel, a company of the Peiker family, stands for professional equipment for perfect voice and data transmission for over 30 years. The company, which is based in Teltow near Berlin and has a branch office in Osnabrück, specializes in the development, production and distribution of high-quality co",1031035
Peko AG,Switzerland,Bad Zurzach,5330,Hall 2.2,250,Railway Technology,"Project services for demanding railway technology – the full chain from a single source, with our own track facilities in Switzerland.",1031038
PENGG KABEL GmbH,Austria,Kapfenberg,8605,Hall 12,470,Railway Technology,We here at PENGG KABEL have specialised in the manufacture of cable-infrastructure components.,1031055
PENTA 4NRJ,France,LA CHAUSSEE SAINT-VICTOR,41260,Hall 5.2,370,Railway Infrastructure,,1226936
PENTA d.o.o.,Croatia,Pula,52100,Hall 7.1c,400,Public Transport,"PENTA delivers smart mobility solutions with a focus on BusCARD - an advanced e-ticketing system that makes public transport smarter, faster, and more efficient, improving user experience and optimizing operations for modern cities.",1031067
"Perrone Leather , LLC",United States of America,Fultonville,12072,Hall 1.1,880,Interiors,"Perrone Railway, a division of Perrone, designs and manufactures EN45545-HL3 compliant performance leathers and textiles that are respected and installed throughout the world. At our state of the art 100,000sf facility located in Northeast USA, we design, manufacture, clean, repair, and...",1031120
PESA Bydgoszcz SA,Poland,Bydgoszcz,85-082,Hall 4.2; Outdoor Display,420; T2/17,Railway Technology; Outdoor Display; Public Transport,"PESA Bydgoszcz SA is the biggest Polish company producing and modernizing rail vehicles, responsive to current market challenges and aiming for development.",1031636
Petards Rail,United Kingdom,GATESHEAD,NE11 0TU,Hall 2.2,460,Railway Technology,"Safety is our Service.
Smarter technology. Safer railways. Enhanced performance.

For over 40 years, Petards Rail has delivered safety-critical solutions that protect passengers, staff and assets while helping operators maximise reliability and efficiency.",1212222
Petrosoft.pl Technologie Informatyczne sp. z o.o.,Poland,Rzeszow,35-310,Hall 6.1,175,Public Transport,"Petrosoft.pl gestaltet die Zukunft der Schienenlogistik. Entdecken Sie RCMS – unser webbasiertes Eisenbahnmanagementsystem der neuen Generation, das Lieferketten optimiert und den Betrieb in Europa digitalisiert. 

Besuchen Sie unseren Stand und erfahren Sie mehr unter: https://petrosoft.pl/",1031185
PFIFFNER Schaltgeräte AG,Switzerland,Sissach,4450,Hall 26,250,Railway Infrastructure,"PFIFFNER Schaltgeräte AG offers switching systems for AC and DC applications. Since 2025, the Electrical Switches & Connectors portfolio has been part of PFIFFNER Schaltgeräte AG, a subsidiary of the PFIFFNER Group. Previously, it was part of the Rauscher & Stoecklin (R&S) Group.",1225927
PFISTERER,Germany,Winterbach,73650,Hall 12,430,Railway Technology,"PFISTERER Holding SE is a globally leading, publicly listed and independent technology company headquartered in Winterbach near Stuttgart, Germany. We develop, manufacture and supply solutions for connecting and insulating electrical conductors at mission-critical interfaces in power grids...",1031208
PFLITSCH GmbH & Co. KG,Germany,Hückeswagen,42499,Hall 12,450,Railway Technology,"PFLITSCH GmbH & Co. KG
Passion for the best solution

PFLITSCH cable glands – paving the way for reliable fire protection.

For more than a century now, PFLITSCH has been developing innovative solutions for cable management which are proven in use in many different branches of industry.
PFL...",1031215
PFP - Plataforma Ferroviária Portuguesa,Portugal,Porto,4350-059,Hall 11.2,220,Railway Technology,"The Portuguese Railway Cluster Platform is a joint initiative gathering more than 100 players in the domestic rail system, divided up into huge public and private companies, SME, non-corporate bodies within the SI&I and other corporate associations, representing the Portuguese  Railway Value Chai...",1031216
PH Industrie-Hydraulik GmbH & Co. KG,Germany,Ennepetal,58256,Hall 10.2,310,Railway Technology,"P. H. Industriehydraulik is a leading European manufacturer of hydraulic hose couplings and compression fittings for heavy-duty industrial applications made from Stainless Steel AISI 316 ti.



PRODUCTS & APPLICATIONS



For decades our customers have trusted the quality of PH product...",1031225
PHOENIX CONTACT Deutschland GmbH,Germany,Blomberg,32825,Hall 11.1,370,Railway Infrastructure,"Under a global umbrella brand, Phoenix Contact offers innovative products, solutions and
digitalization expertise for the electrification, networking, and automation of all sectors of the
economy and infrastructure. The family-run company empowers industry and society to transform
into a sustainable",1031260
Photon Laser Manufacturing GmbH,Germany,Berlin,13581,Hall 8.2,420,Railway Technology; Career Point,"The name Photon Laser Manufacturing GmbH stands for many years of experience and expertise in the manufacture of complex subassemblies made of steel, stainless steel, aluminium and composite materials. Particularly our know-how and resources in the area of laser beam welding make us a reliable pa...",1031276
Photon Meissener Technologies GmbH,Germany,Meißen,01662,Hall 4.1,200,Railway Infrastructure,"For many years Photon Meissener Technologies has been a reliable partner as a manufacturer and supplier of products for railway infrastructure and for services and products in the area of railway vehicles.
 
The expertise within the Photon group ranges from distribution technology, display hous...",1031277
Photonvite Intelligent Technology (Changzhou) Co. Ltd.,China,Changzhou,213031,Hall 15.1,425,Railway Technology,"Photonvite Tech, est. 2023 in Changzhou, develops SiP sensors (accel, press, temp) & IMC interrogator. Excels in harsh envs (static, extreme temp, high current/voltage, EMI, explosive). Serves rail, energy, nuclear, mining. Enables 24/7 monitoring. Aims world leader.",1226399
PIEMONTE AGENCY,Italy,Torino,10126,Hall 10.1,270,Railway Technology,"Piemonte Agency is the agency supported by the Government of the Region and the Chamber of commerce of Piemonte- North West Italy, dedicated to supporting local companies' international business promotion and assisting foreign investors in our region.",1031324
Piikkio Works Oy,Finland,Piikkiö,21500,Hall 11.2,360,Interiors,"Piikkio Works is the world’s leading manufacturer of modular cabins and  bathrooms on moving platforms like ships. At Piikkio’s premium interior-module factory, we can give your business a powerful competitive edge: modular momentum for consistent quality, reduced costs and faster delivery.",1220332
Pilz GmbH & Co. KG,Germany,Ostfildern,73760,Hall 27,550,Railway Technology,"Safe, modular control solutions for the digital railway. Pilz GmbH & Co. KG is technology leader in safe automation technology. Pilz provides safe digital automation solutions to SIL4. The safe and modular railway control system PSSrail forms the basis for the digitisation of railway infrastructure",1031351
Pimatic Oy,Finland,Huittinen,32700,Hall 10.2,400,Railway Technology,"Lack of resources? Let our top-level engineering team support to acheive Your goals! OEM from your drawings, ODM by your vision. Customer specific retailed pneumatic solutions. Engineering with own manufacturing.

Pimatic Oy - Finland",1225797
Pinpoint GmbH,Germany,Chemnitz,09111,Hall 7.2b,200,Railway Technology,"Pinpoint offers ultra-wideband systems for precise indoor positioning and navigation with the highest accuracy and scalability, without compromising user privacy. These solutions are easy to use and cost-effective.",1208969
PINTSCH GmbH,Germany,Dinslaken,46537,Hall 27,710,Railway Infrastructure; Career Point,"PINTSCH. Safety for Rail.As a manufacturer of safety-relevant products for the railway infrastructure, our product range is focussed on the provision of systems, components and services. At www.pintsch.net you will find all the important information about our extensive range of products.",1031379
Piper Networks Inc.,United States of America,San Diego,92122,Hall 27,770,Railway Infrastructure,"Piper provides rail safety and navigation products incl: Vital Train Positioning, Maintenance of Way Protection, Automatic Train Protection, Grade Crossing Safety, and Passenger Information Display Systems. Their technology aims to enhance accuracy and safety while reducing installation time/costs.",1031396
PITON Technology,Türkiye,ESKISEHIR,26250,Hall 2.1,600,Public Transport,Life-Touching Solutions That Make Life Easier.,1031412
PJ Messtechnik GmbH,Austria,Graz,8020,"CityCube, Hall A",220,Railway Technology,PJM is an internationally renowned system specialist for rail transport and has successfully implemented projects in 30 countries on 6 continents.,1031428
PJ Monitoring GmbH,Austria,Graz,8020,"CityCube, Hall A",220,Railway Technology,"With its comprehensive digital system, WaggonTracker, PJ Monitoring GmbH is a technology leader in the automation and digitalisation of rail freight . Digital train functions such as the automatic brake test significantly improve the efficiency, cost-effectiveness and safety of rail transport.",1031429
PJ Motion GmbH,Austria,Schwaz,6130,"CityCube, Hall A",220,Railway Technology,"PJ Motion GmbH is specialised in authorisation management and project management which includes: requirement capture, evidence management, applications for vehicle authorisations or managing the whole process from the project idea to concept development and to the success product launch.",1209500
"PJCS ""Kryukovsky Railway Car Building Works""",Ukraine,Kremenchug,39621,Hall 3.2,415,Public Transport,"Public Joint-Stock Company ""Kryukovsky Railway Car Building Works"" is a leading manufacturer of vehicles in Ukraine, including railway rolling stock.
Over the 155-year history of the company, the plant staff managed to switch from maintenance and repair of railway freight cars and passenger coac...",1031431
PKP INTERCITY S.A.,Poland,Warsaw,02-305,"CityCube, Hall B",430,Public Transport,"PKP Intercity is Poland’s largest rail operator, connecting major cities, smaller towns, and popular tourist destinations. It provides comfortable domestic and international travel, improving transport accessibility for residents in an increasing number of locations across Poland.",1031440
PKP Linia Hutnicza Szerokotorowa sp. z o.o.,Poland,Zamość,22-400,"CityCube, Hall B",430,Railway Infrastructure,"PKP LHS is a leading rail freight operator, carrier and infrastructure manager, connecting Europe and Ukraine railways through Poland’s longest broad-gauge line. The company offers safe, efficient and sustainable cargo transport including rail transport, logistics, customs and transshipment services",1031441
PKP Polskie Linie Kolejowe S.A.,Poland,Warszawa,03-734,"CityCube, Hall B",430,Railway Infrastructure,,1031442
PKP S.A.,Poland,Warsaw,02-305,"CityCube, Hall B",430,Public Transport,PKP S.A. was established in 2001 as a result of the commercialisation of the Polish State Railways state enterprise.  PKP S.A. is the owner of a large part of railway stations in Poland. PKP plays a special role in the PKP Group. It supervises and coordinates the activities of the other companies.,1031696
PLABIS INGENIEURGESELLSCHAFT mbH & Co. KG,Germany,Magdeburg,39130,"CityCube, Hall B",220,Railway Infrastructure,The PLABIS GROUP is a medium-sized company specialized in railway infrastructure.,1225603
Plan S.r.l.,Italy,Chiusi,53043,Hall 23,100,Railway Infrastructure,"Plants and machinery for the manufacture of concrete railway sleepers for use in any application, from heavy duty cargo lines to high speed passenger lines, turn-outs, and ballastless track systems.",1031449
Planavision,France,Elancourt,78990,Hall 4.1,480,Public Transport,"Planavision is a French specialist in rugged embedded display solutions for mission-critical environments. The company designs and manufactures high-reliability monitors, video processing systems, electronics, and firmware for transportation, naval, and defense applications.",1227008
PLANET Technology Corporation,Taiwan,New Taipei City,231,Hall 4.1,275,Public Transport,"A leading global provider of IP-based networking products and solutions for small-to-medium-sized businesses, enterprises, and network infrastructures of IoT, AIoT, IIoT and IoV applications.",1031467
Plarad - Maschinenfabrik Wagner GmbH & Co. KG,Germany,Much,53804,Outdoor Display,O/175,Outdoor Display; Railway Technology,Bolting systems & services for rail and road!,1031499
"Plasser & Theurer, Export v. Bahnbaumaschinen, GmbH",Austria,Wien,1010,Hall 21.e; Hall 26; Outdoor Display,40; 270; O2/50; T2/50; T3/55,Railway Infrastructure; Career Point; Outdoor Display; RecruitingLAB,"As a global technology leader in track construction and maintenance, the Austrian family-owned company offers solutions that continue to boost the performance of the railway sector. Innovations on the topics of digitalization and automation will be presented in Berlin.",1031504
Plasser Robel Services GmbH,Germany,MÜNCHEN,81929,Hall 26; Outdoor Display,270; 470; T2/60,Railway Infrastructure,"PRS provides comprehensive full-service for your track-bound vehicles from Plasser & Theurer and ROBEL with more than 270 employees at the locations in Munich, Opladen, Freilassing, and Brugg (Switzerland). Our services include spare parts service, maintenance, repair, overhaul, and retrofit.",1031505
Plastiroma Srl,Italy,Roma,00147,Hall 26,510,Railway Infrastructure,"For 60 years Plastiroma Srl has specialised in the processing and transformation of plastics, offering innovative and bespoke solutions for a range of industrial sectors.",1219618
Plateway Pty,Australia,Clyde,2142,Hall 4.1,170,,Plateway is an innovative consultancy with a sphere of operation covering: • Infrastructure engineering;• Asset condition assessment;• Capital works programme development;• Maintenance regime development;• Railway network simulation and capacity analysis,1031532
PLATFORM BASKET SRL,Italy,Poviglio  (RE),42028,Outdoor Display,O/240,Outdoor Display; Railway Infrastructure,"Platform Basket was founded by a group of highly experienced professionals, who have joined their specialist skills in manufacturing, hydraulics, design and access platforms, to create a modern and dynamic Company, which is in continuous development.

Two fundamental principles particularly dis...",1031533
platzmann federn gmbh & co. kg,Germany,Hagen,58119,Hall 9,670,Railway Technology,,1213786
Pliteq,Canada,Toronto,M2P2A9,Hall 21,165,Railway Infrastructure,"Driven by continuous engineering R&D and multiple patents worldwide, Pliteq is a global innovator in rail isolation. Meet us at InnoTrans 2026 to explore our latest patented GenieMat® RAIL inventions, engineered to control track modulus, reduce structural vibration, and extend asset life.",1031575
Pluton IC,Ukraine,Lviv,79026,Hall 17,420,Railway Infrastructure,PLUTON offers a wide range of equipment with application of the latest global innovations due to 30+ years of experience in power supply systems for electric transport,1210555
PM Microwave srl,Italy,Rivalta sul Mincio,46040,Hall 4.1,600,Railway Technology,"PM Microwave s.r.l, based in Rivalta sul Mincio (Italy) a few kilometres far from the Garda Lake, began its activity in 2001, as a response to the increasing demand in railway and metro telecommunication market.



The PM Microwave operative site covers an area of 1200 square metres where the m...",1031597
PMF Steel Poles by Saferoad,Netherlands,Burgum,9251 GA,Hall 26,295,Railway Infrastructure,Custom-made steel poles for infrastructure.,1208050
PMS Metal Profil Aluminum San. ve Tic .A.S.,Türkiye,Bursa,16110,Hall 8.1,130,Railway Technology,,1219566
Podium Advanced Technologies,Italy,Pont-Saint-Martin,11026,Hall 10.1,270,Railway Technology,,1227156
"Point Mobile Co., Ltd.",South Korea,Seoul,08513,Hall 2.1,255,Public Transport,"Since 2006, Point Mobile has engineered reliability for the world's most demanding industries through a seamless ecosystem of rugged mobile computers, Handheld Scanners, RFID readers, and POS. This is the pulse of your operations-powering a frontline that is sharper, faster, and simply unstoppable.",1031633
Polarteknik Oy,Finland,Huittinen,32700,Hall 3.1,730,Interiors,"Polarteknik is the leading European company supplying door systems and partition walls for rolling stock. We are the supplier in majority of the latest European high and very high speed trains. Elevated onboard experience for sustainability, quality, safety and cyber-security.",1031652
Polbema Sp. z o.o.,Poland,Kraków,30-347,Hall 21,500,Railway Technology,Polbema Sp. z o.o.  is a leader in rail wheelset production. Our automated line and ECM/WE certifications (up to 25t) ensure elite precision and full EU compliance. We combine high-tech diagnostics with expert welding to deliver safety and top reliability for your fleet,1219669
Polish Automotive Group (PGM),Poland,Sędziszów Małopolski,39-120,Hall 10.1,300,Interiors,"Polish Automotive Group (PGM) - over 100 Polish suppliers whose competences support the railway sector. Visit our stand to discover solutions in metal processing, tooling, plastics, technical tapes and motion systems. At our stand: Eko-Tech, FA-Krosno, Luma Automation, Sierosławski Group.",1225668
POLOMARCONI.IT SPA,Italy,VERONA,37057,Hall 4.1,850,World Innovations; Public Transport,"POLOMARCONI.IT S.p.A. is a leading Italian manufacturer of antennas and RF solutions for critical communications. Specialized in railway applications, GSM-R, ERTMS and 5G-ready MIMO technologies, we deliver innovative, safe and customized connectivity solutions for modern rail networks.",1031689
Polska Agencja Inwestycji i Handlu S.A.,Poland,Warszawa,00-025,Hall 11.2,240,Railway Infrastructure,We are the first point of contact for exporters and investors operating in dozens of markets globally. We provide free consulting in order to grow and promote Polish businesses.,1031692
POLSKA IZBA KOLEI,Poland,BYDGOSZCZ,85-065,Hall 11.2,245,Public Transport,"The Polish Chamber of Railways is an institution that brings together economic entities related to the railway market.
The primary goal of the Chamber is to represent and protect the interests of our members, as well as to inspire and support the development of rail transport in Poland. The seat of",1031694
Poltava Locomotive Repair Plant,Ukraine,Poltava,36005,Hall 4.2,410,Railway Technology,,1211728
Polybond India Pvt Ltd,India,Pune,411014,Hall 8.1,465,Railway Technology,"our company is a leading manufacturer of Rubber & Rubber-metal bonded components & Anti-vibration mountings in India since the past 40 years. Our range of products includes Anti Vibration Mountings, rubber moulded parts; rubber- metal bonded parts, rubber-plastic bonded parts, automotive hoses.",1031705
POMEN,Malaysia,SHAH ALAM,40150,Hall 10.1,220,Railway Technology,"POMEN provide secure, scalable digital platforms for Enterprise Asset Management with focus on asset lifecycle and asset operations. Our solutions help organisations across automotive, logistics, ports, railway, aviation and infrastructure improve visibility, productivity and asset perform",1227770
PORCELANAS INDUSTRIALES S.A.,Spain,Massamagrell,46130,Hall 22,140,Railway Infrastructure,"We are one of the European leader manufacturers of low/medium/high voltage porcelain and composite (polymer) insulators, and we are certified/accredited with experience in many Utilities, OEMs, EPCs and railways companies.",1031765
Porosit-Betonwerke GmbH,Germany,Felsberg,34587,Hall 25,135,Railway Infrastructure,"Langzeit-ErfahrungSeit über 75 Jahren produzieren wir Betonfilterrohre und entwickeln sie ständig weiter.

Heute steht Porosit für vielfältige und ausgereifte Produkt-Systeme mit nachgewiesener Langzeit-Bewährung.

Spezielle Lösungen

Jeder Fall braucht seine eigene spezielle und angemesse Lösung.",1031770
PORR Bau GmbH,Austria,Vienna,1100,Hall 25,410,Railway Infrastructure,"Porr Bau GmbH is the PORR Group’s competence centre for civil engineering activities in engineering construction, environmental technology and resource management, as well as operator and franchise models. PORR has specialist knoweldge in high speed slab track design, supply and construction.",1031771
Port Polska developed by Centralny Port Komunikacyjny,Poland,Warsaw,02-305,Hall 26,100,Railway Infrastructure,"Port Polska is a strategic infrastructure programme designed to create a modern, integrated transport network across Poland. The project includes a new airport between Warsaw and Łódź and a High-Speed Rail network connecting Warsaw, Łódź, Wrocław and Poznań.",1007191
PORTALP RAILWAY,France,SAINT EGREVE,38120,Hall 7.1b,200,Railway Infrastructure,"Based near Grenoble, we deliver 100% French-engineered solutions for platform doors, onboard systems, station access, and railway safety—serving projects worldwide with safety, reliability, and performance at the core.",1031812
POSA S.p.A.,Italy,BRUGHERIO,20861,Hall 8.1,165,Railway Technology,A seal you can trust!,1214702
Post Glover Resistors,United States of America,Erlanger,41018,Hall 17,215,Public Transport,,1031850
Potma Oy,Finland,Pello,95700,Hall 5.1,390,Interiors,"Potma Oy is known as close to customer manufacturer of lightweight and self-supporting aluminium honeycomb structures. 
Located in the beautiful nature of Finnish Lapland. 
We want to treasure this environment, no matter if it is about our product environmental friendly or our way of producing ...",1031857
Powell Electronics,United States of America,Swedesboro,08085,Hall 14.1,210,Railway Technology,,1220395
Power Innovation GmbH,Germany,Achim,28832,Hall 17,100,Railway Technology,"The profile of Power Innovation Power GmbH
 
The power electronics is the central theme in Power Innovation Stromversorgungstechnik GmbH history. Innovative developments and ideas are the milestones in development of this company. The consistent and professional implementation of newly developmen...",1031871
Powerflex Srl,Italy,Limatola (BN),82030,Hall 23,980,Railway Technology,,1219253
Powering Railway Resilience from Taiwan,Taiwan,"New Taipei City,",220231,Hall 11.2,310,Railway Infrastructure,"The Taiwan Pavilion will present Taiwan’s latest railway innovations, featuring onboard communication, intelligent cloud systems, maintenance technologies, rail detection, TCMS developments, and smart railway solutions.",1011383
Powerlines Group GmbH,Austria,Wolkersdorf im Weinviertel,2120,Hall 22,340,Railway Infrastructure; Career Point,The Powerlines Group is one of Europe’s leading providers of electrification solutions for rail infrastructure and energy transmission networks. We are committed to accelerating the energy transition and enabling sustainable mobility across Europe.,1031876
Poweronics Ltd,United Kingdom,Wyboston,MK44 3AL,Hall 2.2,460,Railway Technology,"Poweronics delivers high-voltage, high-power solutions—from industry-leading gate drivers to complete power systems. With flexible design, manufacturing, and deep engineering support, we solve complex challenges others can’t. From gate drive to full power systems—done right.",1211570
PowerRail,United States of America,"Exeter, Pennsylvania",18643,Hall 18,210,Railway Technology,"PowerRail is North America’s leading manufacturer and global distributor of aftermarket locomotive parts and components. As a certified AAR M-1003 quality company, we offer a wide range of products, supporting both EMD and GE locomotives. In addition to our broad locomotive line...",1031879
Powersoft,Italy,Scandicci (FI),50018,Hall 4.1,870,Public Transport,,1227552
PPHU Larisa,Poland,Włocławek,87-800,Hall 3.1,412,Interiors,Das Unternehmen konzentrierte sich auf die Entwicklung und Herstellung von Lösungen für die Eisenbahnindustrie,1031898
PRAKAB Pražská Kabelovna s.r.o.,Czechia,Praha 10,10200,Hall 12,480,Railway Infrastructure,"The company PRAKAB Pražská Kabelovna s.r.o., is a traditional Czech cable manufacturer with a history dating back to 1921. Tradition, combined with high performance and flexibility, is a guarantee of professional and quality service.",1031922
Pražská strojírna a.s.,Czechia,Praha 9,190 00,Hall 26,110,Railway Infrastructure,,1031938
Premier Composite Technologies,United Arab Emirates,Dubai,282777,Hall 3.1,700,Interiors,"Advanced Composite Solutions for the Global Rail Industry
Premier Composite Technologies (PCT) is a global leader in the design and manufacture of large-scale, high-performance composite solutions. Headquartered in Dubai, UAE, PCT brings over two decades of experience delivering complex, safety-crit",1031956
Premio Inc.,United States of America,City of Industry,CA 91748,Hall 6.1,142,,"The Machines Behind the AI Scenes — Ruggedized for the Edge.

Premio delivers rugged edge computing solutions purpose-built for AI inference, real-time processing, and IoT applications in demanding environments. As your “Inside Outsource,” we co-design scalable, high-performance platforms that accel",1220074
PREMIUM PSU,Spain,BARCELONA,08908,Hall 17,425,Railway Technology; World Innovations,"Premium PSU´s product range consists of DC/DC converters, DC/AC inverters, AC/DC power supplies, uninterrupted power supplies and any solution that requires high reliability from 50W to 72kW. With an extensive range of standard products, we have developed over 900 custom-made designs over the years.",1031971
Premnath Engineering Works,India,Faridabad,121003,Hall 26; Outdoor Display,590; O/360,Railway Infrastructure; Railway Technology; Outdoor Display,Premnath Rail is a Railway Equipment manufacturer from India.,1031975
PRIMMCON Industries Inc.,Taiwan,NEW TAIPEI CITY,22161,Hall 6.1,115,Railway Infrastructure,"Primmcon specializes in rugged industrial Ethernet and PoE solutions built for mission-critical environments. From railway to outdoor infrastructure, our Taiwan-made products combine reliability, flexibility, and fast customization to support demanding applications worldwide.",1219989
PRISM SURFACE COATINGS PVT. LTD.,India,"BANGALORE, KARNATAKA",560099,Hall 8.1,417,Interiors,"Prism Surface Coatings is one of the largest Turnkey suppliers in the world supplying Powder Coating Lines, Liquid Painting Lines, Spray Booths, etc. with over 1500+ installations in 40+ Countries.",1215751
PRISMA solutions,Austria,Mödling,2340,Hall 2.1,320,Public Transport,"Ihr Ziel ist die Bereitstellung eines optimalen Mobilitätssystems.
Ein Ziel, das heute nur durch Digitalisierung erreichbar ist.
Mit TRAFF-X bringen wir die Vorteile der Digitalisierung in Ihre täglichen Arbeitsprozesse.",1224536
Privat Person,Germany,"Bad Nauheim, Deutschland",61231,Hall 27,571,Railway Infrastructure,"EULYNX brings together 20 European infrastructure managers to transform railway signalling through standardised, interoperable interfaces. By enabling modular and vendor-neutral system design, it paves the way for safer, more efficient, and fully digital rail networks across Europe.",1014467
PRIVATE JOINT-STOCK COMPANY “SEVERODONETSK RESEARCH AND PRODUCTION ASSOCIATION “IMPULSE”,Ukraine,Kyiv,04073,Hall 26,230,Railway Technology,"SRPA «Impulse» is a leader of the Ukrainian market of smart instrumentation and control systems (I&C systems) to optimize and assure safety of critical infrastructure facilities widely supplied abroad, including the European Union.",1208230
ProBahnPlan GmbH,Germany,Bonn,53177,Hall 5.2,779,Railway Infrastructure,"ProBahnPlan GmbH specialises in the planning and design of modern railway infrastructure, focusing on technical systems, power supply and telecommunications. From initial concepts to detailed design, the company delivers sustainable and cost-effective solutions.",1225680
ProCom Professional Communication & Service GmbH,Germany,Essen,45131,Hall 5.2,779,Railway Infrastructure,"ProCom is your reliable partner for tailor-made communication solutions in safety-critical areas, from intercom systems to emergency call and information systems.",1032152
ProDisplay Systems GmbH,Germany,Neu-Ulm,89231,Hall 2.1,555,Public Transport,,1226487
ProElectra GmbH,Germany,Neu-Isenburg,63263,Hall 5.2,779,Railway Infrastructure,"ProElectra is your experienced partner for complete railway infrastructure solutions. From planning to full service, we offer customised and future-proof systems that meet the highest technical standards.",1032191
Prof. Jung-Lundberg Baumanagement GmbH,Germany,Hildesheim-Bavenstedt,31135,Hall 5.2,780,Railway Infrastructure,"Prof Jung-Lundberg Baumanagement GmbH delivers future-driven construction management for complex infrastructure projects. With expertise in project management, BIM, and Lean Construction, we ensure time, cost, and quality – shaping the infrastructure of tomorrow.",1218285
"Progress Rail, A Caterpillar Company",United States of America,Albertville,35950,Hall 2.2,130,Railway Technology,"Through fleet modernizations, track structure improvements and industry technology advancements, such as asset protection and predictive maintenance tools, we are helping railroads are take efficiency, safety and reliability to the next level.",1032217
Projector A/S,Denmark,Randers SV,DK8940,Hall 11.2,210,Public Transport,,1211812
Projektron GmbH,Germany,Berlin,10117,Hall 6.1,520,Railway Technology,Everything for your project management and so much more.,1045650
Prokonzept GmbH,Germany,BERLIN,10117,"CityCube, Hall A",240,Railway Technology,We are the engineers of your entrepreneurial vision,1032238
Prolan Zrt.,Hungary,Budakalász,2011,Hall 6.1,230,Railway Technology,"Prolan Process Co. has more than three decades of experience in the market of railway automation solutions, and its own development, manufacturing, engineering and maintenance capacities fully cover the needs of its customers. Or company delivers traditional but innovative solutions for safe and eff",1032240
PROSE AG,Switzerland,Winterthur,8400,Hall 2.2,250,Career Point; Railway Technology,"Your Destination. Our know-how.

Make a stop at our booth and start your next journey with us. At PROSE, we combine deep railway expertise with a clear with solutions that fit your needs. Tell us where you want to go, and we will help you get there.",1032287
PROTECK METALICS PRIVATE LIMITED,India,SRIPERUMBUDUR,602105,Hall 8.2,222,Railway Technology,,1219998
PROVER,France,Toulouse,31000,Hall 3.2,210,Railway Technology,"Succeed with signaling migrations through open signaling solutions. Open signaling enables interoperable components from multiple vendors, reducing single-supplier dependency and strengthening procurement leverage — driving stronger competition and sustainable value across the system lifecycle.",1200531
PROVER,Sweden,Stockholm,118 51,Hall 7.1a,258,AI Mobility Lab; Railway Technology,"Modern railway signaling needs more than faster tools. Prover brings formal methods and AI assistance together to make open signaling safer, faster, and easier to evolve. See how AI can accelerate open signaling and how formal methods can safeguard AI. Find us at InnoTrans 2026.",1032312
ProVI GmbH,Germany,München,81373,Hall 5.2,280,Railway Infrastructure; World Innovations,"ProVI GmbH, headquartered in Munich, develops and markets ProVI, a BIM software solution for transportation infrastructure design.",1032316
"První Signální, a.s.",Czechia,Ostrava,712 00,Hall 27,421,Railway Infrastructure,"Prvni Signalni plans, designs, manufactures, installs and commissions signalling components, systems and integrated solutions for the management and control of new and upgraded Railway and Freight lines, Industrial and Mine sidings.",1032337
PRYSMIAN Kabel und Systeme GmbH,Germany,Berlin,10559,Hall 12,230,Railway Technology,"Prysmian, world leader in the energy and telecom cables and systems industry, is a benchmark player in the energy transition and digital transformation with over 150 years experience, about 30,000 employees, 108 production plants and 26 R&D centres in 50 countries, sales exceeded €16 billion.",1032340
PT Stainless Steel Primavalve Majubersama,Indonesia,Tangerang,15710,Hall 8.1,400,Public Transport,"PT Stainless Steel Prima Valve Majubersama (SPV) is a trusted Indonesian manufacturer specializing in casting and machining solutions. With proven export experience, PED certification, and integrated manufacturing capabilities, SPV supports global customers across diverse industries.",1218975
"PTB Ingenieurbüro für Planung, Technologie und Bauüberwachung Magdeburg GmbH",Germany,Magdeburg,39114,Hall 5.2,130,Railway Infrastructure,"PTB engineers - pioneers in the German railway industry. Highly qualified specialists develop innovative and sustainable solutions for all challenges in rail transport.

Shape what moves us tomorrow.",1032391
PTS-Prüftechnik GmbH,Germany,Waldstetten,73550,"CityCube, Hall A",150,Railway Technology,"PTS-Prüftechnik is a system service provider specializing in testing, engineering, and simulation. We offer verification and validation at both system and component level – supported by internally developed test benches and in-depth expertise for reliable, application-specific testing.",1222760
PTV  Planung Transport Verkehr GmbH,Germany,Karlsruhe,76131,Hall 2.1,350,Public Transport,PTV Group is a leading global software company for traffic planning and simulation. With more than 40 years of experience the company provides software products based on proprietary algorithms ranging from microscopic and macroscopic modeling and simulation of traffic to real-time traffic management,1032394
Pulsar FZC,United Arab Emirates,Sharjah,PO Box: 120222,"CityCube, Hall A",820,Railway Infrastructure,,1214796
"PVF Trade, s.r.o.",Czechia,Ceska Lipa,470 01,"CityCube, Hall A",235,Railway Technology,Development and Production of special freight cars,1225192
PwC GmbH WPG,Germany,Frankfurt am Main,60327,Hall 5.2,665,Railway Infrastructure,"Turning rail ambition into action. As a global network across 140+ countries, PwC combines deep sector expertise with hands-on execution — helping operators, authorities and infrastructure owners transform the railway value chain with confidence. Where strategy meets execution.",1031999
PYROTEK,Czechia,Blansko,67801,Hall 8.2,320,Railway Technology,"Pyrotek presents advanced acoustic and thermal solutions for the transport industry. With 50+ years of expertise, we deliver lightweight, fire-compliant materials that reduce noise and vibration, enhance comfort, and meet EN 45545 safety standards for modern transport systems.",1032514
Q-Consult Wolfgang Gallisch,Germany,Stahnsdorf,14532,"CityCube, Hall B",210,Railway Infrastructure,Innovative Hard- und Software-Lösungen für die Leit- und Sicherungstechnik,1032547
Qantos GmbH,Germany,Weiden,92637,Hall 8.1,240,Railway Technology,"Our core expertise lies in the processing and fabrication of fibre-reinforced plastics, as well as the manufacture of complex system assemblies, particularly air intake systems with separation capabilities.
We are a system supplier to the rail-,  passenger- and commercial vehicle and industry sector",1032527
Qatar Rail Company,Qatar,Doha,29988,"CityCube, Hall A",640,Public Transport,,1227531
Qifeng Precision Industry Sci-Tech Corp.,China,Jiaxing,314300,Hall 26,610,Railway Infrastructure,"Qifeng Precision Industry Sci-tech Corp. is a professional manufactory of fasteners locatied in Zhejiang,China.It has an extensive experience of manufacturing for more than 15 years.The products standard include:GB,BS,DIN,JIS,ANSI,ISO, and special fastener.Size:M6-M64,Max length 2000mm.

We pas...",1032548
"Qingdao Bonin Fortune Intelligent Transportation Technology Development Co., Ltd.",China,Shandong,266111,Hall 7.1b,160,Railway Infrastructure,"Bonin Fortune is a low-voltage system integrator for the rail transit industry. We have built a full-industry-chain service ecosystem covering low-voltage system software development, system integration, equipment manufacturing and operation & maintenance services.",1211583
"Qingdao Evergreen Machinery Co., Ltd.",China,Qingdao,266043,Hall 8.1,126,Railway Technology,Railway Components; EN15085 CL1; Casting & Forging; CNC Machining; Aluminum Die Casting; Sheet Metal Fabrication;  Train Door & Interior Parts;,1226795
"Qingdao Fuxin Urban Rail Technology Co., Ltd",China,Qingdao City,266000,Hall 7.2c,200,Railway Technology,,1032555
"Qingdao Ggaea-Meilleur New Material Co., Ltd",China,Qingdao,266400,Hall 3.1,400,Railway Technology,"SilShield® — In-house R&D, in-house manufacturing: functional films engineered for rail transit, delivered worldwide.",1032556
"Qingdao Hilywill Advanced Materials Technology Co.,Ltd.",China,Qingdao,266113,Hall 5.2,160,Railway Infrastructure,"Qingdao Hilywill Advanced Materials Technology Co., Ltd. is located in China. It was established in 2004, focuses on the research、development、production and saleses of polymematerials such as rubber, polyurethane and composite materials. The products mainly cover two major applicatiorfields of autom",1220188
"Qingdao Meilleur Railway Co.,Ltd",China,Qingdao,266000,Hall 3.1,635,Interiors,"High speed train, EMU, ordinary railway passenger car, special railway vehicle and urban transit vehicle of seats, berths, luggage racks, ceilings, windows, partitions, emergency exit door systems, facilities of dining car interior furnitures and business class cabinet of interior decoration parts.",1032561
"Qingdao Sanheshan Precision Casting Co., Ltd",China,Qingdao,266723,Hall 8.1,320,Railway Technology,"Steel castings, iron castings, rail transit industry, railways, construction machinery, bogie components",1222388
Qingdao Siji Equipment Co. Ltd,China,Qingdao,266000,Outdoor Display,O/660,Railway Technology; Outdoor Display,,1032566
"Qingdao Tietongda New Materials Co.,Ltd.",China,"Chengyang Distinct, Qingdao",266111,Hall 1.1,635,Interiors,"Qingdao Tietongda (TTD) – Your trusted partner for railway lightweight composite solutions.
ISO/TS22163 certified,  EN 15085 welding,  EN 17460-A1 bonding.
From customized composite design to full life-cycle service.
Visit us at Hall 1.1, Stand 635 and discover precision made in China for the world.",1219795
"Qinhuangdao Shanhaiguan Railway Material Co.,Ltd.",China,Hebei,066000,Hall 24,100,Railway Infrastructure,"Qinhuangdao Shanhaiguan Railway Material Co,. Ltd (GWQC) which was previously founded in 2000 as Qinhuangdao City Shanhaiguan Gongwu Equipment Factory, is a professional railway turnout and components manufacturer. GWQC offers solutions, services and support for all types of rail infrastructure.",1223672
Qlar Europe GmbH,Germany,Darmstadt,64293,Hall 23,345,Railway Infrastructure,"""Driving circular transformation"". Digital and sustainable solutions that enable companies to achieve a climate-neutral future - that is Qlar's drive and aspiration. Our success is based on more than 140 years of experience and the strong Schenck Process brand.",1036097
"QM TRACK EQUIPMENT CO.,LTD",China,"Xinbei District, Changzhou",100070,Hall 5.2,410,Railway Infrastructure,"Tamping Machine Spare Parts, Ballast Cleaning Machine Parts, Stabilizer Parts, Tamping Units, Tamping Tools, Ballast Undercutter Attachments, Sleeper Changer Attachments, Rail-Road Maintenance Machines, Railway Engineering Equipment, Maintenance & Overhaul Services.",1220429
Qnamic AG,Switzerland,Hägendorf,CH-4614,Hall 6.1,430,Railway Technology,"The Intelligent Resource Management CompanyQnamic Inc. is the leading developer and vendor of all-encompassing, simultaneous planning and production systems. With the Intelligent Resource Management IRM® approach, we develop and sell modern software solutions that increase efficiency in tra...",1032583
Qommute,France,Marseille,13008,Hall 7.1c,510,Public Transport; Mobility+,"Qommute is the IT solution for managing real-time passenger information. 
Qommute is a solution developed with transport operators to specifically meet their needs and implement efficient, coherent and responsive passenger information management.",1226466
Quadra Ingenieure GmbH,Germany,Nürnberg,90443,"CityCube, Hall A",240,Railway Infrastructure,Quadra Ingenieure GmbH has been offering valuable solutions for demanding infrastructure projects since 2010. We develop need-based concepts and implement them from planning to commissioning together with your project team.,1032599
QUATTRO Sp. z o.o.,Poland,Kraków,31-124,Hall 11.2,245,World Innovations; Public Transport,,1225930
quattron GmbH,Germany,Bamberg,96049,"CityCube, Hall A",240,Railway Infrastructure,"quattron is an international management and technology consultancy specialising in strategic infrastructure management and a reliable partner for tackling complex challenges in the transport, energy and telecommunications sectors.",1210490
Quester Tangent,Canada,Saanichton,V8M1Z6,Hall 4.1,780,Railway Technology,"Quester Tangent enhances passenger rail systems with advanced solutions for new and legacy fleets. Our Trainwise® and Fleetwise® systems improve performance and the passenger experience, making us a trusted partner for train builders and transit authorities across North America.",1033411
QUIRI,France,Duttlenheim,67120,Hall 11.2,270,Railway Technology,"At INNOTRANS, we will showcase our hydraulic rerailing equipment range, built on more than 50 years of experience in the industry.",1227012
r-e-s GmbH,Germany,Oberlungwitz,09353,"CityCube, Hall B",220,Railway Technology,,1226639
r2p Holding GmbH,Germany,Flensburg,24941,Hall 4.1,530,Public Transport; Career Point,"The r2p Group enables Smart City Transportation by designing and developing intelligent technology systems with the highest quality standards for the mobile transport sector: CCTV, Automatic Passenger Counting, Integrated Passenger Information Systems and real time information.",1033468
Radhika Industries,India,Kanpur,208022,Hall 18,580,Railway Technology,Radhika Industries is a manufacturer and supplier of drawn sections of Copper and Copper Alloys for use in Rotating Electrical Machines.,1033490
Radiall GmbH Elektronische Bauelemente,Germany,Rödermark,63322,Hall 12,110,Railway Technology,"Radiall is a global manufacturer of leading-edge interconnect solutions. Since 1952, the company has offered an extensive range of components designed for harsh environments in the railway and industrial markets, including rolling stock, signaling and infrastructure applications.",1033491
Radiant Enterprises,India,vadodara,390010,Hall 22,515,Railway Infrastructure,Manufacturers of Epoxy Insulators & Bushings,1033494
Radio Frequency Systems GmbH,Germany,Hannover,30179,Hall 7.1b,215,Railway Technology,,1139514
Radionika sp.z o.o.,Poland,Krakow,31-864,Hall 7.1b,440,Public Transport,"ACTIVITY DESCRIPTION:
 
Radio communication equipment design, production and supply.
Radio communication systems and applications for Polish State Railway radio net.
Dual-mode loco radio terminal Koliber GSM-R/VHF, loco mobile radio accessories – handsets, antennas.
Stationary equipment, dispatch...",1033504
RAFAMET S.A.,Poland,Kuźnia Raciborska,47-420,Hall 22,620,Railway Technology,"RAFAMET Railways is focused on machine tools for wheelset machining (wheels and axles), rail vehicle bogies and rail switches. It also offers rail-road shunting vehicles, as well as measuring devices for the wheel geometry and flaw detection.",1015048
Rail & Logistik Center Wustermark GmbH,Germany,Wustermark OT Elstal,14641,"CityCube, Hall B",310,Railway Infrastructure,"Rail & Logistics Center Wustermark –
Wustermark hub in the European rail
network – since 1909

Your independent rail and logistics center in
northwestern Berlin, located directly on the
railroad line between Berlin and Hanover, with
access to the BAB A10/E55.",1033573
Rail 1435,Netherlands,Maarn,3951 LC,Hall 11.2,120,Railway Technology,"Rail 1435 transforms railway maintenance with edge IoT sensors and AI that predict failures months ahead. Proven in real operations for years, we don’t deliver data, we deliver a complete automated maintenance solution that keeps rail networks reliable, efficient, and ready for the future.",1227449
Rail Care Solutions GmbH,Germany,Beldorf,25557,Hall 26,385,,,1033577
Rail Clinic s.r.o.,Czechia,Praha,11800,Hall 18,190,Railway Technology,,1227367
Rail Concept,France,Les Angles,30133,Hall 6.1,170,World Innovations; Public Transport,"Developed since 2010 by Rail Concept, RailLab is the reference for railway timetable simulation. RailLab  includes all the modern signalling systems and is one of the most innovative and ergonomic software in the field. Its purpose is to design and simulate reliable and robust timetables.",1215670
Rail Europe Solutions,France,Vireux-Wallerand,08320,Hall 25,110,Railway Infrastructure,A complete offer for your tracks products needs.,1033580
Rail Factory Ltd,Croatia,Čakovec,40000,Hall 6.2,620,Railway Technology,,1223555
Rail Management Consultants International GmbH,Germany,Hannover,30161,Hall 4.1,140,Public Transport,"Rail Management Consultants International is the creator of RailSys® Software Suite, which is used worldwide to successfully plan and manage railway matters.",1033582
Rail Power Systems GmbH,Germany,München,,Hall 25,250,Career Point; Railway Infrastructure,"As an engineering-driven technology company with over 135 years of experience, Rail Power Systems is a general contractor for railway infrastructure and one of the leading system providers of contact lines, traction power supply and electrotechnical equipment. Our range of services includes...",1033584
Rail Products UK Ltd,United Kingdom,Carluke,ML8 4EN,Hall 2.2,460,Railway Infrastructure,"Rail Products have introduced cutting-edge innovation in the rail maintenance sector, the RP 450EV. A totally new battery-powered Hi-Rail Access platform (MEWP) delivering high performance and ZERO emissions. Powered by two LFP battery packs, the RP 450EV can operate continuously for up to 55 hours",1033585
Rail Safety Campus GmbH,Germany,Kollmar,25377,"CityCube, Hall A",420,Public Transport,"The Rail Safety Campus offers practical training courses on functional safety, CENELEC standards, and regulatory requirements in the railway sector, as well as modular training programs. It is also actively involved in research and development projects related to ETCS and modern railway technologies",1225272
Rail Services International System GmbH,Austria,Wien,1100,Hall 6.2,160,Railway Technology,,1033588
Rail Systems Engineering Sdn. Bhd.,Malaysia,"Petaling Jaya, Selangor",46350,Hall 4.1,170,Railway Technology,"Rail Systems Engineering is a consulting company with offices in Asia and Europe specializing in Studies, Operations Planning and ATO. Our expertise includes integrated and clocked rail services, Onboard and Trackside ATO and Remote Train Operation. We provide advanced rail operation solutions.",1033590
Rail Technology International,Australia,Lynbrook,3975,Hall 23,235,Railway Infrastructure,"RTI designs and develops innovative rail flaw detection and condition monitoring technologies, setting the standard for best practices and redefining how the rail industry operates.",1033591
Rail Vision,Israel,Raanana,4366517,Hall 27,760,Railway Technology,Rail Vision is an early commercialization-stage technology company advancing railway safety with AI-powered sensing systems. Its proprietary multi-spectral electro-optic platforms deliver long-range situational awareness and real-time hazard detection.,1033625
rail-assets Georg Kreitmair e.K.,Germany,Augsburg,86156,"CityCube, Hall A",240,Railway Technology,,1225601
Rail-Bohamet Sp. Z o.o.,Poland,PATEREK,89-100,Hall 1.1,775,Interiors,"Founded in 2011 Rail-Bohamet Sp. z o.o. specializes in the production of glass and metal solutions for the rail industry. From its headquarters in Paterek, Kujawsko-Pomorskie, the company delivers products to their client in Poland and other countries in Europe.",1033598
Rail.S e. V.,Germany,Dresden,01067,Hall 7.2b,200,Railway Technology,"With more than 100 members from industry and science, Rail.S is one of the largest railway technology clusters in Germany. Our mission is
to strengthen in particular the railway industry SMEs – the innovators and backbone of the mobility transition.",1033592
RailAdventure GmbH,Germany,Pullach,82049,Hall 2.2,430,Railway Technology; Career Point,"RailAdventure is a company based in Pullach near Munich. The company began its activities in 2006 with the world record project. The project outcome was that after 51 years a new world speed record for a series-produced locomotive was set – 357 km/h. Amongst other things, this led to an entry in ...",1033594
RAILBETON HAAS GmbH,Germany,Chemnitz,09114,Hall 25,450,Railway Infrastructure; World Innovations,"RAILBETON HAAS GmbH – always a track length ahead. For nearly 90 years, our expertise has centered on the planning and manufacturing of concrete components for industrial and transport infrastructure. As a family-run business, we are deeply rooted in the heart of Saxony.",1033597
RAILCAP,France,Neuilly-sur-Seine,92200,Hall 11.2,270,Railway Technology,Smart and Automation railcar designer,1227685
Railcare Group AB,Sweden,Skelleftehamn,93221,Outdoor Display,O/328,Outdoor Display; Railway Infrastructure,"We know the true value of time on track. Railcare delivers efficient, sustainable railway maintenance, contracting, transport and workshop services, powered by proprietary vacuum technology. Trusted across Sweden for reliability, precision and safety since 1992.",1033599
Railcomplete AS,Norway,LYSAKER,1366,Hall 6.1,100,Railway Infrastructure,"Railcomplete AS is working on the future of planning tools. With RailCOMPLETE® we have launched an AutoCAD® plug-in for the planning of railway facilities with a high level of detail, with which railway and infrastructure facilities can be planned.",1033602
RAILEVO SRL,Italy,Storo,38089,Hall 7.1c,370,Mobility+; Railway Technology,,1227003
RailHope - Christen bei den Bahnen e.V.,Germany,Dortmund,44339,Hall 15.1,450,Railway Technology,"RailHope International is an interdenominational movement. We live hope by connecting Christians in railways and public transport worldwide. We pray for each other and our companies. We organise Festivals for sharing experience, encouragement and fellowship.",1033607
Railistics GmbH,Germany,Dessau-Roßlau,06844,"CityCube, Hall A",430,Railway Technology,Railistics is a team of specialists in the railway sector which is well-adjusted to work together. You can benefit from an extensive range of interdisciplinary consulting services with regard to the railway sector world-wide provided by us and our partners.,1033608
Raillighting BV,Netherlands,Ouddorp,3253 BN,Hall 25,165,Railway Infrastructure,"A revolution in railway lighting!

The patented Railpuck is a plug-and-play lighting solution that improves safety by providing complete lighting of pathways alongside railway tracks. Say goodbye to invisible potholes, train shadows and other obstructions and hello to full visibility and safety.",1033609
RailMaint GmbH,Germany,Delitzsch,04509,Hall 7.2b,100,Public Transport,"We consider ourselves to be the leading independent service & solution provider for maintenance and modernization of railcars and components in the German passenger and freight sector.



Availability is our byword. Through exceptional technical skills and unwavering commitment to quality, we...",1033610
Railmetrics (Eddyfi Technologies),Canada,Québec,G1P 0B3,Hall 23,510,Railway Technology,-,1033612
railML. org e. V.,Germany,Dresden,01187,Hall 7.2b,200,Railway Technology,railML® is an open-source railway markup language designed to facilitate seamless communication among diverse railway applications.,1222195
Railmonitor ApS,Denmark,Hadsten,8370,"CityCube, Hall B",100,World Innovations; Railway Infrastructure,"Many organisations already have data. The challenge is turning it into confident action.
Railmonitor closes the gap between measurements and decisions—so you know what needs attention, what can wait, and what to do next.",1033613
Railnova (Member of Knorr-Bremse),Belgium,Brussels,1060,Hall 1.2,250,Railway Infrastructure,"Railnova addresses the data‑driven layer for operations and maintenance in rail transport, complementing traditional vehicle and system technologies with advanced digital solutions. The company specializes in condition monitoring, predictive maintenance and fleet management.",1033614
Railpool GmbH,Germany,München,80335,"CityCube, Hall A",520,Public Transport,RAILPOOL is one of the leading railway vehicle leasing companies offering real expertise for full service from a single source. The company was founded in Munich in 2008 and now operates in 19 European countries.,1033617
RailSense Solutions Ltd,United Kingdom,Emsworth,PO10 7BT,Hall 5.2; Outdoor Display,445; O/380,Railway Technology; Outdoor Display; Railway Infrastructure,"In Hall 5.2, Stand No. 445. RailSense will be demonstrating our industry leading IoT remote condition monitoring technologies, used globally to support the activities of track operators, asset maintainers and rail infrastructure owners.",1033620
RAILSHINE,France,PARIS,75012,Hall 22,480,Railway Technology,"RAILSHINE SARL is a leading global player in the development and sales of machinery, equipments and working methods for professional users within the railway industry.



RAILSHINE celebrates in 2016 its 10 years of being, full of successes and projects all over the world. Thanks to its partner...",1033621
Railsystems RP GmbH,Germany,Gotha,99867,"CityCube, Hall B",100,Public Transport,,1209653
Railtech Group srl,Italy,Brescia,25122,Hall 27,700,Railway Technology,,1219569
RailTechnology GmbH,Germany,Stadthagen,31655,Outdoor Display,O3/75,Railway Technology,,1033622
RAILTIME GmbH,Switzerland,Zürich-Flughafen,8058,Hall 5.2,965,Railway Infrastructure,RAILTIME GmbH - Construction without disturbance of traffic,1215717
RAILUP e.K.,Germany,Seligenstadt,63500,Hall 5.2,440,Railway Infrastructure,"RAILUP ist Ihr kompetenter und zuverlässiger Partner für innovatives Softwareengineering im Bereich
der Planung und dem Bau von Oberleitungsanlagen für den Schienenfernverkehr.

Als erfahrenes und unabhängiges Softwareunternehmen, überzeugt RAILUP mit seinen
branchenführenden Lösungen OLDesig...",1033624
RAILwAI,France,Montpellier,34000,Hall 11.2,270,Railway Technology,RAILwAI (aka RAIL with AI) leverage all available data to provide Infrastructure predictive maintenance,1033626
Railway Approvals Germany GmbH,Germany,Minden,32423,"CityCube, Hall A",635,Railway Technology,Your certification body for the railway system.,1033627
Railway Areas Innovation Lab Berlin Brandenburg e.V.,Germany,Wustermark OT Elstal,14641,"CityCube, Hall B",310,Public Transport,,1209073
Railway Competence and Certification GmbH,Austria,Graz,8020,"CityCube, Hall A",220,Railway Technology,RCC Railway Competence and Certification GmbH is an accredited conformity assessment body according to ISO/IEC 17065 and ISO/IEC 17020 and specializes in certifications and safety assessments.,1211148
Railway Gazette International,Netherlands,Rotterdam,3013,Hall 4.2,115,Public Transport,"Railway Gazette Group’s independent and authoritative coverage of the rail industry is read by train operators, infrastructure managers, regulators, policymakers and suppliers in more than 140 countries. It can be accessed through railwaygazette.com using a variety of tailored subscription packages.",1225928
Railway Industry Association,United Kingdom,London,SW1P 3HQ,Hall 2.2,460; 560,Railway Technology,"The Railway Industry Association (RIA) is the voice of the UK rail supply community. We help to grow a sustainable, high-performing, railway supply industry, and to export UK rail expertise and products. RIA has 450+ companies in membership, find us in Halls 2.2 on our UK Pavilion.",1033633
Railway Technical Research Institute,Japan,Tokyo,185-8540,Hall 7.2a,100,Railway Technology,"The Railway Technical Research Institute (RTRI)  is an independent organisation funded by the seven Japan Railway (JR) companies.
RTRI will introduce its latest R&D efforts for:
- Digital maintenance
- Autonomous train operation control system
- Technologies supporting higher-speed train operation",1033637
Railway Windows srl,Italy,Napoli,80142,Hall 1.1,250,Interiors,"Railway Windows srl designs and manufactures windows, doors and interior furnishings for the maintenance of railway carriages.",1033639
RAILWAYAUTOMATIC,Ukraine,Kharkiv,61166,Hall 4.2,410,Railway Infrastructure,,1226851
rail³ GmbH,Germany,Salzgitter,38226,"CityCube, Hall A",240,Railway Technology,"As a recognised Notified Body (NoBo) and Designated Body Germany (DeBo) as well as an Assessment Body (AsBo), rail³ GmbH prepares the necessary assessments and certificates for the approval of new vehicles and for modifications to already approved vehicles.",1033593
Ramboll Deutschland GmbH,Germany,Hamburg,22763,"CityCube, Hall B",120,Career Point; Railway Infrastructure,"On Rails into the Future - Consulting and Planning for a Sustainable Transformation of Transport. We offer engineering, planning and consulting services for the entire spectrum of rail transport. Customers benefit from our local presence and expertise for smaller and large-scale projects.",1033687
"Ranger Enterprise Co., Ltd.",Hong Kong SAR China,Hong Kong,00000,Hall 15.1,270,Railway Technology,"Ranger China has been part of the strong global PMA partner network since 1998.

In addition to Ranger, 14 other long-term PMA Partners as Pantaflex NL, Rutab SE, ESS ESS Kay IN, ASTE PL, Bagger Nielsen DK, Captain JP, ZTC CZ/SK, Eurovill HU, Orban HR, Treotham AU, MEC KR, Lintronix TW and Nano...",1033701
RATP Dev,France,PARIS,75012,Hall 11.2,270,Public Transport,"RATP Dev: your global partner for high-performing urban and intercity transport systems. 
Active across 5 continents, our 25,000 experts deliver operational excellence across more than 120 networks, from buses and trams to high-capacity automatic metros.",1226768
RATUSARIA INDUSTRIES PRIVATE LIMTED,India,RAIPUR,493221,Hall 23,367,Railway Infrastructure,,1220321
Raut Electro-Mech Industries,India,Mumbai,401602,Hall 18,145,Railway Technology,Manufacturer of custom built Commutators for Railway Traction Motors and Industrial Motors.,1033747
Raycap GmbH,Germany,Garching bei München,85748,Hall 15.1,310,Railway Technology,"Raycap ist ein international tätiger Hersteller von Lösungen für Blitz- und Überspannungsschutz sowie passive Telekommunikationsinfrastruktur. Das Unternehmen entwickelt zuverlässige Technologien und Lösungen für sichere Infrastrukturen in den Bereichen Telekommunikation, Energie und Bahntechnik.",1033763
RazorSecure,United Kingdom,Basingstoke,RG21 4HG,Hall 2.2,460,Railway Technology,"Cyber security built exclusively for rail. RazorSecure protects rolling stock and infrastructure from internal and external threats. Trusted on 23+ fleets worldwide, we deliver intrusion detection, asset monitoring, secure digital maintenance, and network segregation for safer journeys.",1033779
RB Rail AS,Latvia,Riga,LV-1050,"CityCube, Hall A",155,Railway Infrastructure,"Rail Baltica is a transformative project that offers a multitude of benefits, ranging from fostering economic growth and environmental sustainability to improving military mobility and promoting social equity, thereby making a significant impact on both the Baltic region and the broader EU.",1033781
RB Solutions AB,Sweden,Göteborg,41663,Hall 26,270,Railway Infrastructure,"New and pre-owned yellow machines for rental, lease, or purchase",1226512
RCR Research Center Railways RWTH Aachen,Germany,Aachen,52074,Hall 2.2,410,Railway Technology,"The Research Center Railways (RCR) was founded by the Institute of Transport Science (VIA), the Institute of Rail Vehicles and Transport Systems (IFS) and the Institute of Power Electronics and Electrical Drives (ISEA) at RWTH Aachen University.",1209652
RCS GmbH Rail Components and Systems,Germany,Königsbrück,01936,Hall 8.1,240,Railway Technology,RCS is a leading supplier of highly complex GRP-systems for the railway industry.,1033789
RD Vision,France,Saint Maur des Fossés,94100,Hall 3.2,210,Railway Technology,Tailor-made optical and AI imaging systems dedicated to rolling stock and railway infrastructure monitoring,1226665
RDC Deutschland GmbH,Germany,Hamburg,22767,"CityCube, Hall A",125,Public Transport,"RDC Deutschland has been operating as a private provider on the German market since 2009 and is one of the leading private rail operators in Schleswig-Holstein, as well as in the German and European night train sector. Areas: RU Schleswig-Holstein, Night Trains & Fleet, Infrastructure & Workshops",1033795
REART SRL,Italy,Frossasco,10060,Hall 10.1,270,Railway Technology,,1227054
REBS Zentralschmiertechnik,Germany,Ratingen,40885,Hall 21,620,Railway Technology,REBS impresses with more than 60 years of experience and uncompromising product quality. Visit us and let our competent staff advise you individually - for your economic success.,1033810
RECARO Rail sp. z o.o.,Poland,Grodzisk Wlkp.,62-065,Hall 1.1,310,Interiors,"RECARO Rail is a manufacturer of the highest quality passenger railway seats, that have been developed using more than 50 years of experience in railway seat design and manufacturing.

Pasenger railway seats:
INTERCITY
REGIO
METRO
CITY
REFURBISHMENT

BEDS AND LOUNGERS",1018295
RECOGINE TECHNOLOGY SDN BHD,Malaysia,SUBANG JAYA,47650,Hall 10.1,220,Railway Technology,"Malaysian technology and engineering group delivering intelligent railway solutions including RailMaster PIDS & PAS, CMMS system integration, AI, computer vision and lifecycle support for scalable transportation infrastructure across Southeast Asia.",1227769
RECOM Power GmbH,Austria,Gmunden,4810,Hall 17,320,Railway Technology,"Over the last few years, RECOM has greatly extended its product portfolio of EN50155-certified components and now offers a huge range of AC/DC and DC/DC converters for railway.",1033816
Recore Industries AB,Sweden,Sundsvall,852 29,Hall 5.1,475,Interiors,,1226780
"ReDat Recording, a.s",Czechia,Pardubice,530 02,Hall 9,310,World Innovations; Public Transport,,1226767
REEL Reinheimer Elektronik GmbH,Germany,Hüttenberg,35625,Hall 4.1,680,Railway Technology,"REEL Reinheimer Elektronik GmbH stands for precision, innovation, and quality “Made in Germany.” Our antennas and adapter cables are developed and manufactured for professional use in a wide range of industries.",1226435
REGION OCCITANIE,France,TOULOUSE,31400,Hall 3.2,100,Railway Technology,"The Occitanie Region supports companies wishing to do business and to set-up in Occitanie, and offers - with AD'OCC, its Investment & Trade agency - in-depth knowledge of the region’s ecosystem. For 35 years, we have been helping rail companies wishing to set up in Toulouse and the Occitanie region!",1211168
REGONIK spol. s r.o.,Slovakia,Bratislava,83103,Hall 11.2,100,Railway Technology,,1033985
REHAU Industrial Solutions SE & Co. KG,Germany,Rehau,95111,Hall 25,620,Railway Infrastructure; World Innovations,"Whether for use in tunnels or outdoors: our power rail covers, power rail supports and composite power rails made of aluminium and stainless steel for underground and urban railways can be used even under the most demanding climatic conditions. This is how we are shaping the future of mobility.",1226045
Reichle & De-Massari AG,Switzerland,Wetzikon,8620,Hall 4.1,210,Railway Infrastructure,"R&M RailCon - Where secure connectivity is mandatory for safe and timely daily operations. Our solution portfolio in fiber optic cabling and connectivity perfectly fits, where long-term reliability, system availability and secure connectivity is mandatory: Digitalization in Railway Communications.",1220352
RELOC SA,Romania,Craiova,200743,Hall 6.2,710,Railway Technology,,1210483
REO AG,Germany,Solingen,42657,Hall 17,125,Railway Technology,"REO has set itself the task of contributing to making trains ever safer, today and in the future. With REO Train Power Magnetics we offer specially for the railway sector mains filters, inductors and transformers, which ensure that EMC problems are eliminated directly at the source. The result is...",1034116
Replique GmbH,Germany,Mannheim,68163,"CityCube, Hall B",320,Railway Technology,"Replique helps railway companies source spare parts, series parts and custom components quickly and on demand. Through its platform, parts are qualified, manufactured and delivered via a global partner network — using technologies such as 3D printing, CNC machining and casting.",1211202
Reprocover,Belgium,PETIT-RECHAIN,4800,Hall 11.2,260,Railway Infrastructure,"Your waste becomes your infrastructure. Reprocover transforms composite waste into lightweight, durable and recyclable tailor-made products, including cable ducts and manholes. Easy to install and built to last, they enable truly circular infrastructure projects. Cable ducts are certified by DB",1034123
Research-and-production enterprise “Techvagonmash”,Ukraine,Kremenchuk,39627,Hall 3.2,401,Railway Technology,,1220411
RESSORTS MASSELIN,France,LE PETIT QUEVILLY,76140,Hall 9,600,Railway Technology,"Ressorts Masselin is a company specialised in the manufacture of springs and torsion bars, using the most modern technology and related production techniques. Due to our wide experience in such demanding fields as those of aerospace, energy production and transport we are able to comply with the ...",1034167
RETEX a.s.,Czechia,Moravský Krumlov,672 01,Hall 9,310,Public Transport,"RETEX turns recycled fibres into advanced technical textiles for trains, trams and metro systems. Our materials support fire safety, durability, acoustic comfort and lightweight rail vehicle design.",1034188
REVA SA,Romania,Simeria,335900,Hall 6.2,710,Railway Technology,,1210154
Rex-Royal AG,Switzerland,Dällikon/ZH,8108,Hall 1.1,570,World Innovations; Interiors; Travel Catering & Comfort Services,"The Swiss coffee machine manufacturer Rex-Royal AG was founded in 1937. With its long history, continuous innovation and the highest quality standards, the family-owned company has successfully established itself as a provider of professional coffee solutions on the international market.",1034228
Rexroth Rhinow GmbH,Germany,Rhinow,14728,Hall 8.1,145,Railway Technology,"Mit technischem Know-how, kurzen Reaktionszeiten und einem hohen Qualitätsanspruch unterstützen wir unsere Kunden bei der erfolgreichen Umsetzung ihrer Projekte.",1034227
Rexxon GmbH,Germany,Flensburg,24939,Hall 3.1,540,Interiors,"Klimasysteme für mobile Anwendungen, elektrotechnische Fahrzeugausrüstung sowie Elektronik- und Softwareentwicklung",1034229
Rhein-Main-Verkehrsverbund GmbH,Germany,Hofheim am Taunus,65719,Hall 2.1,215,Public Transport,"Rhein-Main-Verkehrsverbund (RMV or Rhine/Main Regional Transport Association) is one of the biggest transport associations in Germany. It coordinates and organises regional bus and rail transport services across an area of around 14,000 square kilometres. That’s around two-thirds of the area of t...",1034265
Rhein-Ruhr Systemtechnik GmbH,Germany,Bochum,44894,Hall 5.2,779,Railway Infrastructure,"- Signalling
- IT / Telecommunication",1211154
Rhomberg Sersa Rail Group,Austria,Bregenz,6900,Hall 25; Outdoor Display,430; O/176,Railway Infrastructure; Career Point,"The Rhomberg Sersa Rail Group was formed in 2012 from the merger of the Swiss Sersa Group with the Austrian Rhomberg Bahntechnik. Since then, the railway technology company has evolved into an international full-service provider with an almost comprehensive range of services.",1034280
Rhomberg Sersa Vossloh GmbH,Germany,Föhren,54343,Outdoor Display,O/176,Railway Technology,"As a joint venture of Rhomberg Sersa & Vossloh, we at RSV have comprehensive expertise in the construction & maintenance of railway infrastructure. With this knowledge, we support infrastructure operators in optimising the service life in the most sustainable way.",1221596
RIBE Richard Bergner Elektroarmaturen GmbH & Co. KG,Germany,Schwabach,91126,Hall 25,255,Railway Infrastructure,"RIBE supplies reliable fittings for Overhead Catenary Systems - With our extensive experience over many years in the development and manufacturing of overhead line fittings, we set standards in quality and reliability for a wide variety of railway systems.",1034296
Richard AG,Switzerland,Murgenthal,4853,Hall 11.1,330,Railway Technology,Richard AG develops and manufactures high-precision electrical components and system solutions for the international rail industry.,1034302
Ridango,Estonia,Tallinn,10112,Hall 2.1,650,Public Transport,"Ridango is the software operating system of choice for public transportation providers globally, specialising in automated fare collection (“AFC”), real-time passenger information systems, automatic vehicle location tracking (“AVL”), employee apps, school transport, and data intelligence.",1034321
RideOnTrack,Belgium,Geel,2440,Hall 4.1,700,Railway Technology,,1034326
Riecken Maschinenbau GmbH,Germany,Bramsche,49565,Hall 25,415,Railway Infrastructure,"The company H. + R. Riecken Maschinenbau GmbH was founded almost half a century ago by Hans and Reinhold Riecken and since then has maintained its hold on the market as a skilled partner in the production of parts and
components for railway switches, including points and tongues.

This family com...",1034328
Riedlberger GmbH,Germany,Schiltberg,86576,Hall 10.2,110,Interiors; World Innovations,Eigene Fertigung & Engineering. MR Riedlberger ist Ihr Partner für hochwertigen Maschinenbau und Straßentechnik.,1034331
RIEGL,Austria,Horn,3580,Hall 5.2,155,Railway Infrastructure,"RIEGL is an international leading provider of LiDAR sensors and laser scanning solutions for applications in surveying. In order to meet the rail industry’s particular demands, RIEGL has designed several system solutions specifically adapted for classic rail-surveying tasks.",1034332
RIGA ELECTRICAL MACHINERY FACTORY,Latvia,Riga,LV-1005,Hall 18,200,Public Transport,"Production of DC and asynchronous electric traction motors for electric trains, subways, public transport and trucks with electric drive (power from 100 kW to 500 kW), of electric equipment for electric power supply of passenger trains (electric power supply of undercar generator, power from 8 kW...",1022763
RIMEF SRL,Italy,"Cavriago, Reggio Emilia",42025,Hall 6.2; Outdoor Display,140; O/372,Railway Infrastructure; World Innovations; Outdoor Display,"Rimef has meant mechanical expertise and railway maintenance since 1979. Today the company stands as a benchmark in the industry and bases its growth and future challenges on a ""full service"" approach to the market.",1034359
RINA,Italy,Genova,16128,"CityCube, Hall A",550,Railway Infrastructure,"RINA delivers engineering and certification expertise for safe, sustainable, and innovative mobility. With integrated solutions across Infrastructure & Mobility and Railway Certification, we help shape the future of transport.",1034364
Rinn Beton und Naturstein GmbH & Co. KG,Germany,Heuchelheim,35452,Hall 25,240d,Railway Infrastructure,"The Rinn company: family-run, sustainable, CO2-neutral

Rinn Beton- und Naturstein is a medium-sized company founded in 1900 with headquarters in Hesse and Thuringia and manufactures concrete block products for home gardens, public spaces, platforms and the area surrounding the station.",1034379
Rittal GmbH & Co.KG,Germany,Herborn,35745,Hall 22,260,Railway Infrastructure,"Rittal is a leading global supplier of enclosure systems, automation and infrastructure with its industrial, IT, energy and power, cooling and service units. Rittal products and solutions are used in over 90% of global industries – standardised, customised, and always of the very best quality.",1034406
RITTER Starkstromtechnik GmbH & Co. KG,Germany,Wilnsdorf,57234,Hall 25,200,Railway Infrastructure,"No limits of our know-how: Intelligent und patented switch technology - world-.wide in use



The main applications of RITTER switchgear devices are in the business areas of high current-, medium voltage- and railway technology.



RITTER convinces world-wide with experience, know-how and suc...",1034408
RITZ Instrument Transformers GmbH,Germany,Hamburg,22041,Hall 11.1,410,Railway Technology,,1034411
River Engineering Pvt Ltd,India,Gerater Noida,201306,Hall 9,340,Railway Technology,"River Engineering Pvt Ltd is engaged in designing, manufacturing and supplying of  top-of-the-line products in the technology arena of electrical, magnetic and electro-mechanical for Mainline Railways, Metro Rail, Aerospace and Defence applications.",1034421
"RIZHAO HONGYU ELECTRIC APPLIANCE CO., LTD.",China,Rizhao,276800,Hall 8.1,300,Railway Technology,,1220761
RM SYSTEM,France,VAL-DE-MODER / UBERACH,67350,Hall 3.2,210,Railway Technology,"For over 25 years, RM SYSTEM supports railway stakeholders with service provider, high-performance and responsive solutions, covering the entire rolling stock lifecycle",1034471
rms GmbH (Rhein-Main-Verkehrsverbund Servicegesellschaft),Germany,Frankfurt,60329,Hall 2.1,215,Career Point; World Innovations; Public Transport,"Our knowledge for your success!

rms provides efficient solutions for the public transport sector - for attractive, sustainable mobility of the future. From eTickets to call centers and from digitization to new mobility: we combine 25 years of industry experience with interdisciplinary innovative st",1034266
ROBEL Bahnbaumaschinen GmbH,Germany,Freilassing,83395,Hall 26; Outdoor Display,470; O2/60; O2/65; T2/60; T3/60; T3/65,Outdoor Display; Railway Infrastructure; World Innovations,"The ROBEL Group specializes in hand-guided, rail-bound and robot-supported rail construction machines and measuring systems. With alternative drives, semi-automated processes and  focus on safety, ergonomics and service, we create modern conditions for working on tracks all over the world.",1034490
ROBEL Rail Automation GmbH,Germany,Freilassing,83395,Hall 26,470,Railway Infrastructure,ROBEL Rail Automation pursues development projects for the automation of maintenance processes in railway infrastructure and thus contributes to better working conditions and reproducible results in track construction.,1034491
Robert Wagner GmbH & Co. KG,Germany,Radevormwald,42477,Hall 1.1,640,Interiors,"ROBERT WAGNER designs and manufactures a diverse range of high-quality products for the rolling stock sector. By not only providing convincing standard articles, but by also offering custom-specific solutions, which are devised with great expertise and then transformed into precision products, we...",1034502
ROCK.ZONE GmbH,Germany,Langenburg,74595,Hall 5.2,835,Tunnel Construction; World Innovations,"We develop and manufacture high-performance excavator attachments for railway, tunnelling and construction applications worldwide, built to perform in challenging environments where precision, power and efficiency matter most.",1222697
Roediger Vacuum GmbH,Germany,Hanau,63450,"CityCube, Hall B",220,Railway Technology,Supply and Disposal Systems for Railway Service Depots,1168774
Rogers Corporation,United States of America,Carol Stream,60188,Hall 3.1,880,Interiors,"Rogers Corporation is a global leader in silicone materials solutions for rail interiors. BISCO®, ARLON® and kSil® silicones cover a wide range of applications including sealing, gaskets, floating floor pads, seat cushion foams, anti-vibration, acoustics, thermal insulation and heat management.",1034718
Rolen Technologies & Products,Spain,Sabadell,08202,Hall 1.1,580,Travel Catering & Comfort Services; Railway Technology,"Toilet Modules, Vacuum Systems, Vending machines, Thermal Management, Metalworks and Interiors for railway.",1034738
Roller Invest s.r.o.,Slovakia,Trencin,91101,Hall 10.1,230,Railway Technology,,1034741
Rollon,Germany,Düsseldorf,40589,Hall 21,560,Interiors,"For over 50 years, Rollon has been a leader in linear technology. We offer highly developed linear technology components and systems. A particular focus is on customized solutions that aim for innovation and meet evolving market needs.",1034743
Rolls-Royce Power Systems,Germany,Friedrichshafen,88045,Hall 18,500,Railway Technology,"Rolls-Royce provides world-class power solutions and complete life-cycle support under the product and solution brand mtu. Through digitalization and electrification, we develop drive and power generation solutions that are even cleaner, smarter and more climate-friendly.",1034748
"Romansys Co., Ltd",South Korea,Daewon-dong,51406,Hall 4.2,360,Railway Technology,Always Moving With You.,1220021
ROMAY AG,Switzerland,Oberkulm,5727,Hall 1.1,200,Interiors,"We develop and manufacture composite systems for world-leading companies in the healthcare, public transport, machinery and power generation sectors.",1034933
ROMIC Group Limited,United Kingdom,Wisbech,PE13 4HD,Hall 2.2,460,Railway Technology,"The established experts in the international trade of new and used locomotives and rolling stock. 

“Yard to port to final destination, and everything in between.”",1226521
Rosehill Rail,United Kingdom,Sowerby Bridge,HX6 2jt,Hall 5.2,960,Railway Infrastructure,,1034990
Rosenberg Ventilatoren GmbH,Germany,Künzelsau,74653,Hall 3.1,500,Interiors,"The modern railway transportation technology has high requirements to qualitative high-value fans. Purpose-built fans are installed among other things in air conditioning units and are used for cooling of traction motors, transformers and electronic comp...",1034995
Rosenxt - IDS GmbH,Germany,Wietmarschen-Lohne,49835,Hall 21,650,Railway Infrastructure,Rosenxt is a forward-thinking technology group — we are visionary architects of progress with decades of engineering excellence.,1034991
"ROSTEX VYŠKOV, s.r.o.",Czechia,Vyškov,682 01,Hall 9,310,Railway Technology,"ROSTEX VYŠKOV, s.r.o. is a specialized supplier of metal components and assemblies for the railway industry. We provide comprehensive manufacturing solutions, including sheet metal processing, CNC machining, welding, surface treatment, and final assembly for railway projects throughout Europe.",1035013
Rota,United Kingdom,Bury,BL79BG,Hall 14.1,400,Tunnel Construction,Rota Limited - Position Sensors,1223578
Rotary Connectors Pvt Ltd,India,Bangalore,560044,Hall 15.1,100,Railway Technology,"Rotary Connectors is a manufacturer of MIL grade circular connectors like the MIL-DTL-D38999 S III, MIL-DTL-26482 S I & S II; Backshells; Dust caps & other accessories, for the Railways, Defence & Aerospace industries.",1226292
Rowe Hankins Ltd,United Kingdom,Bury,BL9 0RH,Hall 2.2,460,Railway Technology,"Delivering high-reliability electrical protection, monitoring and engineering solutions that support the safe and efficient operation of safety-critical rail systems worldwide.",1035062
Roxtec GmbH,Germany,Hamburg,22143,Hall 15.1; Hall 22,255; 280,Railway Infrastructure; Railway Technology,"Roxtec provides flexible sealing solutions for cables, pipes, corrugated pipes and conduits. The seals can be used on all kinds of locomotives, trains, metros and light rail vehicles as well as for infrastructure applications to ensure safety, efficiency and operational reliability.",1035064
"RPA ""A.T.O.R."" LLC",Ukraine,Kharkiv,61000,Hall 4.2,410,Interiors,"We offer components for major repairs of wagons of different series, electrical equipment, interior elements for passenger cars, control panels and other.",1211700
"RPC ""SPRING ""LLP",Kazakhstan,Astana city,Z05T9K5,Hall 9,651,Railway Technology,"Our mission is to ensure sustainable movement with solutions you can rely on.

The plant ""RPC SPRING"" LLP specializes in the production with brand “KAZSPRINGS” springs for rolling stock - freight, coaches, loco",1035129
RS Clare & Co Ltd,United Kingdom,Liverpool,L85RQ,Hall 21,610,Railway Infrastructure,RS Clare was founded in Liverpool in 1748 at the start of the Industrial Revolution. We are the longest established company manufacturing lubricants in the United Kingdom.,1220454
RSE. Rhein-Sieg-Eisenbahn GmbH,Germany,Bonn,53227,"CityCube, Hall A",100,Public Transport,"RSE Rhein-Sieg-Eisenbahn GmbH is an independent railway company that stands for the highest standards of safety and quality. We sustain operational excellence through tailor-made training, on-the-job monitoring and an advanced road-rail excavator simulator.",1220828
RSP GmbH & Co. KG,Germany,Saalfeld,07318,Hall 5.2,420,Railway Infrastructure,World market leader in specialised suction technology powered by fans or pumps.,1211886
RST Rail System Testing GmbH,Germany,Hennigsdorf,16761,"CityCube, Hall B",310,Railway Technology,"DAkkS - accredited testing laboratory.
ENVIRONMENTAL SIMULATION TESTING, FIRE TESTING and MATERIALS TESTING.",1035151
RST ROZTOCZE Sp. z o.o.,Poland,Tomaszów Lubelski,22-600,Hall 1.1,800,Interiors,,1225648
RTA Rail Tec Arsenal Fahrzeugversuchsanlage GmbH,Austria,Wien,1210,"CityCube, Hall A",325,Railway Technology,"Rail Tec Arsenal is an internationally active independent research and testing institute for rail and road vehicles, aircraft, new transport systems and technical facilities that are subject to extreme climatic conditions.

As an internationally recognised expert in climatic testing, ...",1035155
RTC TEC Bağlantı Elemanları A.Ş.,Türkiye,İSTANBUL,34956,Hall 10.2,300,Railway Technology,"We have a direct line to our clients and a firsthand understanding of what they really need. In order to ensure a continuous process of improvement, we are developing new products together with our clients by analyzing all their inquiries and requirements.",1223163
"Rubena, s.r.o.",Czechia,Náchod,54701,Hall 9,442,Railway Technology,"Rubena has been a traditional Czech manufacturer of rubber parts since 1908. From producing rubber compounds and rubberizing textiles to producing specialized products such as air suspension bellows, V-belts, or sealing and anti-vibration systems for various industrial applications.",1035165
RUD Ketten Rieger & Dietz GmbH & Co. KG und Marke Erlau,Germany,Aalen,73432,Hall 6.2; Hall 7.1b,420; 360,Public Transport; Railway Technology,"RUD presents innovative lifting, lashing and load securing solutions. Together with RUD+Spanset Plauen, specialists in customised lifting devices, RUD showcases tailored solutions for the rail and transportation industries. Erlau presents high-quality urban furnishing solutions.",1035174
RUD+SpanSet GmbH Plauen,Germany,Oelsnitz/Vogtl.,08606,Hall 6.2,420,Railway Technology,"RUD+SpanSet is presenting innovative solutions for slinging, lifting and lashing technology at the RUD Ketten stand. RUD+SpanSet Plauen specialises in load-handling equipment and customised solutions for the rail and transport industries, and offers services such as testing and comprehensive consult",1223726
Rudolf Hensel GmbH | Lack- und Farbenfabrik,Germany,21039 Börnsen,21039,Hall 8.2,460,Railway Technology,"Rudolf Hensel GmbH | Fire Protection Coating Systems have been a partner to industry for many years and, with our HENSOTHERM® and HENSOMASTIK® product lines, we offer a wide range of options and solutions for passive fire protection, e.g. in aviation, shipping and railway vehicles.",1035179
Rudolf Rost Sperrholz GmbH,Germany,Rellingen,25462,Hall 3.1,410,Interiors,"We are your innovative partner for saving weight, fire-protection, noise protection, environmental compatibility, and durability of components since 1969.
Our materials consist of light, flame-retardant or non-flammable, glass fiber reinforced special foams. We also offer sandwich constructions ...",1035186
Rudolph Tietzsch GmbH & Co. KG,Germany,Ennepetal,58256,Hall 2.2,410,Railway Technology,"Rudolph Tietzsch develops high-precision testing and measurement technology for critical infrastructures. For more than 70 years, our solutions have protected people, assets and railway infrastructure – Made in Germany and engineered for the safe, electrified mobility of the future.",1035187
RuiSing Technology Company (Hong Kong) Limited,China,Hong Kong,100070,Hall 6.1,110,Public Transport,"Rolling stock wireless sensor, Railway RFID, Vibration sensor, Axle-box monitoring, Temperature tag, RFID manufacturer, IoT solutions, 2.45GHz RFID tags, RFID antennas, RFID readers, RFID labels, Warehouse management, Personnel management, Healthcare solution,  Transportation solution",1222892
Rupkala Engineers Pvt Ltd,India,Rajkot,360021,Hall 18,165,Railway Technology,"Rupkala Engineers manufactures precision railway traction motor pinions, bull gears, ground gears, and transmission components for global OEMs including Alstom. Advanced CNC gear grinding, DIN Class 4 quality, and railway gearbox expertise from India.",1219958
RW Equipment & Consulting LLC,United States of America,"Cedar Lake, Indiana",46303,Hall 26,485,Railway Infrastructure,Proven Technology. Experienced Engineers. Outstanding Services.,1211313
RWAYTECH SAS,France,Archamps,74160,Hall 11.2,270,Railway Technology,"Rwaytech provides control and protection relays of DC power supply lines for main-railway and mass-transit networks, current and voltage sensors, electronic to control wheel flange lubrication etc...",1035264
RWS Holding (Railways Systems KZ),Kazakhstan,Ekibastuz,141200,Hall 26,580,Railway Infrastructure,"RWS Holding (Railways Systems KZ) is the high-tech railway cluster in the city of Ekibastuz in Kazakhstan operating since 2012. Upgrading management processes led to higher degree of production integration, creating more than 3,700 jobs and setting up the manufacturing of railway products.",1003345
RWS Railway Service GmbH,Germany,Neuenhagen bei Berlin,15366,"CityCube, Hall B",310,Railway Technology,,1035266
Région Hauts-de-France,France,Lille,59555,Hall 3.2,100,Railway Technology,"The Hauts-de-France is where the great innovations are designed and where these are made a reality in the construction and assembly of the trains of today and tomorrow: TGV [intercity trains], TER [local/regional trains], trains for everyday use and for long journeys, whether for passengers or freig",1033921
Röchling Industrial SE & Co. KG,Germany,Haren (Ems),49733,Hall 1.1,320,Interiors,Röchling Industrial has been active in railway technology for decades and offers a one-of-a-kind assortment of materials made from thermoplastics and glass fibre-reinforced materials especially for use in railway technology and are certified according to EN 45545-2:2013. These materials fulfil a ...,1034528
Rösler Oberflächentechnik GmbH,Germany,Untermerzbach,96190,Hall 6.2,450,Public Transport,"We are Rösler!
Your all-in-one solution provider for surface finishing",1219752
S.A.E. Ibertest,Spain,Daganzo de Arriba (España),28814,Hall 22,700,Railway Technology,"IBERTEST designs and manufactures testing systems and turnkey laboratories for railway infrastructure, rolling stock components and other industrial sectors, providing customised solutions and long-term lifecycle support.",1035310
S.E.A. Società Elettromeccanica Arzignanese S.p.A.,Italy,Tezze di Arzignano (VI),36071,Hall 11.1,100,Railway Technology,"SEA S.p.A. is one of the world’s leading manufacturers of dry-type, cast resin, liquid filled transformers, reactors and coils.",1209834
"S.K. Polymer Co., Ltd.",Thailand,Bangkok,10150,Hall 26,620,Railway Infrastructure,"S.K. Polymer is a specialist manufacturer of rubber, plastic, and polymer products, with strong expertise in railway solutions such as Platform Gap Filler, Rubber Railway Crossing Panels, and custom rail components.",1215791
S.T.E Strumenti Trasformatori Elettrici SRL,Italy,Usmate-Velate,20865,Hall 9,351,Railway Technology,"Instrument transformers, transducers and sensors, since 1981, are the focus of the specialization, design and manufacturing of S.T.E. srl.Production, characterized by high qualitative standards, is voted to innovation and constant research.",1035334
SAARSTAHL RAIL SAS,France,COURBEVOIE,92927,Hall 21,210,Railway Infrastructure,"Saarstahl Rail is a specialist in the rail business and manufactures high-quality infrastructure products in its rail factory in Hayange, France. By using low-CO2 steel, the company designs and continuously develops sustainable mobility solutions. Approximately 300,000 tons of rails are delivered wo",1035369
SAARVAM INDUSTREIS LLP,India,JAIPUR,303905,Hall 20,620,Railway Technology,"We are one of the leading Manufactures of Bi&Tri-Metal/Bronze/Bronze Babbitt Engine Bearings and Bushes for EMD, Alco Locomotive Engines & are approved sources in INDIAN RAILWAYS.
Our product range also includes heavy duty Engines Bearings for Oil & Gas, Pumps to major OEM's & Refurbishers in th...",1035370
SAB Bröckskes GmbH & Co. KG,Germany,Viersen,41749,Hall 14.1,200,Railway Technology,"We design and manufacture custom cables and wires - Whenever standards are not enough!

SAB is a leading manufacturer of cables, thermocouples and cable harnessing worldwide.
Also in the third generation we as a innovative cable specialist put emphasis on a permanent new and further developmen...",1035374
Sabik - SPX Aids to Navigation,Finland,PORVOO,06150,Hall 11.2,360,Railway Technology,"Reliable LED signal solutions for rail and road. Sabik enhances safety, visibility, and efficiency with energy‑efficient, long‑lasting technologies designed for demanding environments. Discover our product portfolio at InnoTrans.",1224980
SACATEC,France,CLAYE SOUILLY,77410,Hall 3.2,100,Railway Technology,"Rubber, compound, antivibration, bellows, suspension",1035402
Sadel SpA,Italy,Bolognia,40013,Hall 4.1,720,Railway Technology,,1035427
SADTEM,France,DOUAI,59500,Hall 3.2,210,Railway Infrastructure,"Since 1928, SADTEM, a family-owned French company, supply all kind of medium voltage instrument transformers worldwide.
From our factory located in North of France, we support the main actors of Energy and Railway sectors with our custom designed solutions of voltage, current and combine transformer",1211174
"SaeYoung Technologies Co., Ltd.",South Korea,Seoul,04090,Hall 3.2,230,Railway Technology,"Saeyoung Technologies Co., Ltd., founded in 2003, is a railway solutions specialist. It supplies advanced railway technologies while developing and manufacturing various proprietary systems, including rail surface measurement and fine-dust/noise reduction devices.",1035436
"SAFE Rail Fastening System (Zhejiang) Co., Ltd.",China,Zhuao,317100,Hall 21,310,Railway Infrastructure,"We aim to  provide ""EPC+M+O"" entire solutions in rail fastener industry. We aim to continuously develop our system,operation and personnel and to manage our resources efficiently so as to provide a modern, fast, safe, efficient and reliable service for our customers and society.",1211312
SafeInTrain GmbH,Germany,Malterdingen,79364,"CityCube, Hall A",240,Railway Technology,,1227613
SAFKAR EGE SOĞUTMACILIK A.Ş,Türkiye,Menemen,35663,Hall 3.1,780,Interiors,,1103571
SAFOP S.p.A.,Italy,Pordenone,33170,Hall 22,730,Railway Technology,,1035473
Saft,France,Levallois-Perret,92300,Hall 15.1,290,Railway Technology; World Innovations,"Saft specializes in advanced technology battery solutions for industry, from the design and development to the production, customization and service provision. Saft is powering industry and smarter cities, while providing critical back-up functionality in remote and harsh environments.",1035479
SAG Motion Spain SL,Spain,Alcalá de Henares,28802,Hall 8.2,415,Railway Technology,"Rail-Ready Components, Designed to Perform: Lightweight tank systems for Rail vehicles and Custom Structural & Body Components.",1224656
SAIEP srl,Italy,Cairo Montenotte,17014,Hall 5.1,145,Railway Technology,-,1210480
Saint-Gobain Sekurit Transport,France,La Defense,92096,Hall 1.1,510,Interiors,"Saint-Gobain Sekurit Transport is a glass manufacturer and system supplier with over 100 years of expertise in the glass rail industry. We develop innovative glazing to enhance comfort, safety and sustainability to #make the world a better home.
Discover our glazing thanks to a unique VR experience!",1035539
Salcef Group S.p.A.,Italy,Rome,00138,Hall 26,240,Railway Infrastructure,"Salcef Group is an Italian excellence designing, developing, and producing solutions for sustainable mobility. Serving the market for over 75 years, the Group is now a global leading player providing the railway industry with a comprehensive ecosystem of products and services.",1035568
SALTEK,Czechia,Ústí nad Labem,40007,Hall 11.1,300,World Innovations; Railway Infrastructure,Premium VLD Solutions for Maximum Railway Infrastructure Safety,1035587
SAMI S.P.A.,Italy,Liscate,20050,Hall 12,405,Railway Technology,,1225767
SAMTEL AVIONICS LIMITED,India,"Gururam, Haryana",122015,Hall 6.1,360,Railway Technology,"Samtel is a key Indian player in high-technology electronic products & systems for various applications and industries for last 5 decades.  Samtel's product portfolio for Railway Electronics includes DDU/HMI, Infotainment Displays, PIS Displays, CCTV HMI Displays, CCMS Displays,  RMS, and PAPIS.",1035660
SAN Electro Heat A/S,Denmark,Graested,3230,Hall 25,230,Railway Infrastructure,SAN Electro Heat a/s - who is member of the NIBE Element Railway Solutions - strives to continue leadership in sustainable design and manufacture of energy-saving heating and de-icing systems for the rail infrastructure. Our solutions ensure cold-weather safety on the rails and on station platfor...,1035673
San Engineering and Locomotive Co. Ltd.,India,Bangalore,560048,Hall 4.2,405,Railway Infrastructure,"Established in 1969 as a locomotive manufacturer, in a flourishing journey of almost five decades, SAN has sold over a 1000 locomotives to various sectors in India. San’s products are engineered and built to last. Locomotive sold in 1974 is still going strong at a salt-making unit in Gujarat, India.",1035674
Sand Profile GmbH,Germany,Stockstadt,63811,Hall 3.1,490,Interiors,"SAND PROFILE offers a comprehensive portfolio of sealing systems and profiles for the entire rail-bound transportation industry. Whether locomotives or railway cars, whether streetcars or subways, we offer suitable seals for each category of railway system. We adhere to industry standards / DIN (...",1035708
"Sanhe Lankwitzer Industry Coating Co., Ltd.",China,"High-tech Zone,Yanjiao. Sanhe City, Hebei Province",065201,Hall 8.1,480,Railway Technology,"Sanhe Lankwitzer was founded in 2008 in China, and has two paint production sites with annual capacity of 14,000 tons. It has grown into an international industrial coating brand which rooted in China and serving the world. Our product applications cover Railway & Automotive industries.",1218333
"SANKOSHA Co., Ltd.",Japan,"Hatagaya, Shibuya-ku, Tokyo",151-0072,Hall 7.2a,100,Railway Technology,We introduce products that contribute to level crossing safety in Japan.,1225636
Sanmar Matrix Metals Limited,India,Chennai,600086,Hall 8.2,260,Railway Technology,,1220575
SAR TEKNIK OTO YAN SANAYI VE REKLAMCILIK SANAYI VE TICARET LTD. STI.,Türkiye,Bursa,16140,Hall 3.1,810,Public Transport,"Since 1999, SAR Teknik has been developing and manufacturing high-quality interior components for buses and minibuses. The company is continuously expanding its activities into the railway vehicle sector and has initiated the IRIS certification process to meet the quality requirements of the railway",1220904
Sarita Forgings Ltd.,India,LUDHIANA,141421,Hall 8.1,375,Railway Infrastructure,Sarita Forgings Limited was established in the year 1996 in Ludhiana and subsequently converted to Sarita Forgings Limited in November 2017 and is now one of the leading manufacturers of all kinds of heavy steel forgings in North India. Our major specialized area of work is for Indian Rai...,1035851
SARKUYSAN ELEKTROLITIK BAKIR SANAYI VE TICARET A.S.,Türkiye,Kocaeli,41700,Hall 22,245,Railway Infrastructure,"SARKUYSAN is located in Kocaeli,Turkey where electrolytic copper products,copper wires,trolley wires,copper tubes,busbars and copper alloys are produced since 1972. SARKUYSAN increased annual production capacity to over 220.000 tonnes which was 10.000 tonnes at the inital stage.",1035853
satek gmbh,Germany,Salach,73084,Hall 1.1; Outdoor Display,750; O/10,Interiors,"satek - Intelligent solutions, from development up to production stage

The satek gmbh is your competent partner for development and production of sanitary cabins, washbasins, tank facilities and automatic doors.

Satek is a young company, nevertheless our engineering department can provide d...",1035925
SATEL Oy,Finland,Salo,24100,Hall 4.1,865,Public Transport; World Innovations,"SATEL- High quality mission-critical connectivity for ITS.
SATEL, one of the world’s leading experts in wireless networking technology, develops high quality connectivity solutions that enable mission-critical connections, utilizing the best characteristics of each technology for real-life use-cases",1035926
Saudi Transport General Authority,Saudi Arabia,Riyadh,13315,"CityCube, Hall A",540,Public Transport,,1222042
SAURON INDUSTRIE SAS,France,BONDOUFLE,91070,Outdoor Display,O/364,Railway Infrastructure,The rail division of SAURON INDUSTRIE specializes in the design and manufacture of equipment for railway track maintenance and rail repair through automated welding overlay.,1010831
Saxony Media Solutions GmbH,Germany,Dresden,01277,Hall 6.1,435,Railway Technology,"Saxony Media Solutions GmbH is a privately owned, mid-sized software company that specializes in the digitalization of business operations.

We develop state-of-the-art software solutions for corporate clients such as Deutsche Bahn AG, Robert Bosch GmbH and the Airbus Group.",1035991
SAZCILAR OTOMOTIV SAN. VE TIC. A.S.,Türkiye,BURSA,16140,Hall 1.1,770,Interiors,"Sazcılar manufactures interior and exterior GRP parts in Railway, Automotive, Construction and Agricultural Machinery sectors. Production Methods: RTM, SMC, Infusion, Hand Lay-up.",1036000
SBF Spezialleuchten GmbH,Germany,Leipzig,04316,Hall 3.1,370,Interiors,"SBF Spezialleuchten GmbH develops and manufactures customized interior, ceiling and lighting systems for rail vehicles worldwide. As a development and system partner, SBF supports customers from concept to series production.",1036006
SBG Systems,France,Carrières-sur-Seine,78420,Hall 11.2,270,Railway Technology,"SBG Systems is a world leading manufacturer of innovative inertial sensors (IMU, AHRS, INS, INS/GNSS).",1161556
SBM sp. z o.o. sp.k.,Poland,Wrocław,54-413,Outdoor Display,O3/75,Railway Infrastructure,,1211612
SC3 Automation Inc.,Canada,Magog,J1X 0J1,Hall 27,401,Railway Technology,"SC3 Automation is specialized it the design of custom Safety Controllers for the RAIL market
Our objective is to reduce cost and time to market.",1036025
Scala Messzeuge GmbH,Germany,Dettingen unter Teck,73265,Hall 23,650,Railway Technology,"More than 85 years experience in manufacturing measuring instruments  „Made in Germany“. Measuring instruments in standard and tailor-made executions upon drawing, measuring instruments for railway purposes, such as Sh-gauge, Ar-gauge, Qr-gauge, Sd-gauge, Br-gauge, Sd-Gauge, railhead wear gauge, ...",1036029
Schaeffler Smart Maintenance Tools BV,Netherlands,Vaassen,8171 ME,Hall 21,430,Railway Technology,Schaeffler Smart Maintenance Tools (fka Bega Special Tools) produces and delivers induction heaters and MF Generators. We supply also hydraulic and mechanical pullers an other equipment for safe mounting and dismounting of bearings and other workpieces that need to be handled safely and durable.,1220409
Schaeffler Technologies AG & Co. KG,Germany,Schweinfurt,97421,Hall 21,430,Railway Technology,"Digitization is having a dramatic impact on the world. Schaeffler is investing heavily in this area and developing technologies for the rail vehicle market to advance the digitization among rail operators and manufacturers. Focus: customer benefits, optimized supply chains and recyclable products.",1036058
Schalke Locomotives GmbH,Germany,Gelsenkirchen,45891,Hall 4.2,400,Railway Technology,"Tailor-made locomotives for mining, industry and special vehicles for urban rail passenger transport from 10 to 140 tonnes. Power supply by battery, catenary, diesel or combinations thereof.",1036067
Schaltbau GmbH,Germany,München,81829,Hall 2.2,110,Railway Technology,"Schaltbau is a global leader in DC power solutions, specializing in products and solutions that drive electrification across industries.",1036071
SCHAUENBURG Industrietechnik GmbH,Germany,Zentrale: Nürnberg,,Hall 5.2,475,Railway Technology,"𝗦𝗖𝗛𝗔𝗨𝗘𝗡𝗕𝗨𝗥𝗚 𝗜𝗻𝗱𝘂𝘀𝘁𝗿𝗶𝗲𝘁𝗲𝗰𝗵𝗻𝗶𝗸 𝗚𝗺𝗯𝗛 offers customized solutions in 𝗵𝗼𝘀𝗲 𝗮𝗻𝗱 𝗳𝗶𝘁𝘁𝗶𝗻𝗴𝘀 𝘁𝗲𝗰𝗵𝗻𝗼𝗹𝗼𝗴𝘆, 𝘀𝗲𝗿𝘃𝗶𝗰𝗲, 𝗺𝗼𝗹𝗱𝗲𝗱 𝗽𝗮𝗿𝘁𝘀 𝗺𝗮𝗱𝗲 𝗼𝗳 𝗽𝗹𝗮𝘀𝘁𝗶𝗰𝘀 𝗮𝗻𝗱 𝗲𝗹𝗮𝘀𝘁𝗼𝗺𝗲𝗿𝘀, 𝗮𝗻𝗱  – from development to series production.",1216076
Scheidt & Bachmann GmbH,Germany,Mönchengladbach,41238,Hall 2.1,205,Public Transport,"The Scheidt & Bachmann group is one of the leading providers of innovative system solutions for mobile living. With our unique portfolio, we support a wide range of ...",1036093
Scheuchzer SA,Switzerland,Bussigny,1030,Hall 26,250,Railway Infrastructure,"Mechanical engineering - Mechanical rail maintenance

Top performance on the track",1211092
Schilderwerk Beutha GmbH,Germany,Stollberg / OT Beutha,09366,Hall 7.1b,260,Public Transport,"Schilderwerk Beutha GmbH is an experienced manufacturer and installation partner for traffic signs, display and signage systems, wayfinding, advertising technology, and municipal equipment. Our brand smart.STATIONS represents flexible, smart, and customer-oriented mobility in local public transport.",1036111
Schlatter Industries AG,Switzerland,Schlieren,8952,Hall 26,360,Railway Infrastructure,The Schlatter Group is the internationally leading manufacturer of stationary rail welding machines for rails and for turnouts. The mobile rail welding machines are worldwide used for in-track welding of continuous welded rails for high speed tracks and heavy haul tracks. The group has a global s...,1036123
Schlemmer,Germany,Kirchheim bei München,85551,Hall 15.1,461,Railway Technology,Schlemmer is a global leader in engineering specialized cable management and fluid handling systems for diverse industries.,1215369
Schleswiger Tauwerkfabrik Oellerking GmbH,Germany,Schleswig,24837,Hall 8.2,255,Railway Technology,"OELLERKING

Certified according to ISO 9001 OELLERKING with 400 employees produces and distributes world-wide innovative products made of high-grade technical textiles for use in the most varied lines of business.

As an expert for cover systems OELLERKING has specialized in the railway market",1029774
Schliess- und Sicherungssysteme GmbH,Germany,Mühlhausen,99974,Hall 1.1,410,Interiors,"Our product range
 
• Interior Components 
• Partitions, Handrails and Poles, Waste Containers, Luggage Racks, Interior Doors, Driver´s Cab Doors, Tables 
• Locking and Hardware Products for Interior and Exterior Doors 
• Components for Access and Gangway Systems 
• Evacuation Systems 
• ...",1036133
Schmidt-Strahl GmbH,Germany,Meerbusch,40668,Hall 5.2,875,Railway Infrastructure,"Discover Schmidt-Strahl’s intelligent LED lighting solutions at InnoTrans 2026. Designed for the demanding requirements of the rail industry, our luminaires provide reliable illumination for platforms, trackside areas, level crossings, and a wide range of outdoor rail infrastructure applications.",1209908
Schmirgelwerk Chemnitz GmbH,Germany,Chemnitz,09114,Hall 25,390,Railway Infrastructure,"Wir sind eine mittelständische Unternehmensgruppe und entwickeln und fertigen Präzisionsschleifkörper.
Gerne kümmern wir uns um Ihr individuelles Schleifproblem.",1036169
SCHNORR GmbH,Germany,Sindelfingen,71069,Hall 9,682,Railway Technology,"SCHNORR is a leading company specializing in the design and manufacture of disc springs, screw locking elements, deep-drawn parts and spring-loaded stamped parts.
SCHNORR® employs more than 250 people worldwide. We have a global presence in 9 countries through our own subsidiaries.",1223576
Schramm GmbH,Germany,Frankfurt,60388,Hall 17,205,Railway Infrastructure,"Since 1947 SCHRAMM has produced individual solutions for Outdoor cabinets and shelters made of glassfiber reinforced Polyester, Aluminum or Stainless Steel.

The family run company has approx. 100 employees and is among the certified suppliers of international companies from many sectors.",1036221
Schraubenwerk Zerbst GmbH,Germany,Zerbst,39261,Hall 26,380,Railway Infrastructure,"Since 1912 Schraubenwerk Zerbst GmbH has produced a wide range of bolts, studs and screws. As the only German manufacturer of screws for rail fastening systems Schraubenwerk Zerbst with its special products supplies state railways, transporting enterprises and switch engineering companies all aro...",1036222
Schrey & Veit GmbH,Germany,Sprendlingen,55576,Hall 21,230,Railway Infrastructure; World Innovations,"Schrey & Veit – Solutions for Silence
Engineered in Germany - made in Germany – installed worldwide.
With the mission to make the world a bit more quiet, Schrey & Veit focuses on developing and providing solutions for noise reduction  through tuned dampers for railways and other applications.",1036226
Schroff GmbH,Germany,Straubenhardt,75334,Hall 4.1,540,Railway Technology,"RESILIENT PROTECTION OF CRITICAL RAIL INFRASTRUCTURE

For more than 60 years, nVent SCHROFF has been a world leader for innovative creation, development and manufacturing of electronics packaging for railway systems and technology.

At nVent, we believe that safer systems ensure a more secure world.",1036229
Schréder GmbH,Germany,Stuttgart,70499,Hall 5.2,730,Tunnel Construction,"Schréder GmbH is one of the leading companies in the German lighting industry. Our business areas include street, industrial, sports, and tunnel lighting, as well as spotlights.",1036223
Schunk Transit Systems GmbH,Germany,Wettenberg,35435,Hall 9,345,Railway Technology; World Innovations,"Innovation that keeps you moving

Schunk is one of the world's leading suppliers in the field of reliable power transmission. Our developments set technological milestones and push the boundaries of what is possible.",1208143
SCHURTER TrenoLux,Austria,Wien,1210,Hall 1.1,220,Railway Technology,"SCHURTER TrenoLux is the market leader of advanced LED lighting solutions for railway vehicles, combining engineering excellence with deep industry expertise. As part of the SCHURTER Group, TrenoLux focuses on the development and production of high-performance exterior and interior lighting systems.",1006304
Schwalbe Baugesellschaft mbH & Co. KG,Germany,Preetz,24211,Hall 25,240e,Railway Infrastructure,,1208554
Schweerbau GmbH & Co. KG,Germany,Stadthagen,31655,Outdoor Display,O3/75; T3/75,Outdoor Display; Railway Infrastructure,"Modern for 100 years. We ensure mobility

Track construction, rail treatment, civil engineering, welding technology - a crisis proof industry",1036276
Schweizer Electronic AG,Switzerland,Reiden,6260,Hall 26,250,Railway Infrastructure; World Innovations,"Schweizer Electronic provides automated railway safety solutions for track workers and level crossings. With Swiss engineering and global reach, we enhance protection across rail operations worldwide, guided by our core promise: safety on tracks.",1226081
Schweißtechnische Lehr- und Versuchsanstalt Halle GmbH,Germany,Halle (Saale),06118,"CityCube, Hall A",700,Railway Technology,,1221878
Schweißtechnische Lehr- und Versuchsanstalt Mecklenburg-Vorpommern GmbH,Germany,Rostock,18069,"CityCube, Hall A",700,Railway Technology,,1221920
Schwihag AG,Switzerland,Tägerwilen,8274,Hall 26,860,Railway Infrastructure,"Schwihag AG is a leading supplier of innovative products for track and switch technology. Schwihag products optimise the functionality of switches and track systems, reduce maintenance costs and help protect the environment.",1036297
SCHÖMA Lokomotiven GmbH,Germany,Diepholz,49356,Hall 5.2,650,Railway Infrastructure,"SCHÖMA develops and manufactures robust, tailor-made locomotives and special rail vehicles for tunnelling, infrastructure, industrial and international railway applications.",1219539
SCI Verkehr GmbH,Germany,Berlin,10179,"CityCube, Hall B",320,Public Transport,SCI Verkehr is an independent and highly specialised management consultancy focusing on strategic issues in the international rail and logistics business. We support our business partners in industry and politics by analysing markets and developing viable and tailor-made strategies for the future.,1036298
"Scintific and Production Association ""RIST""",Ukraine,Vilnyansk,70002,Hall 4.2,410,Interiors,"Scientific & production association ""Rist"" is a production and engineering company. We are engaged in a specialized design and manufacture of products for railway rolling stock.",1226852
SciTeeX Sp. z o.o.,Poland,Warsaw,00-215,Hall 6.2,365,Railway Technology,,1220444
Scoma,France,LA LOUPE,28240,Hall 11.2,270,Railway Technology,"SCOMA
BUILT TO RESIST
Designer and manufacturer of safety parts 
for the railway industry since 1933",1130290
SCONRAIL AG,Switzerland,Winterthur,8400,Hall 2.2,250,Railway Technology,"SCONRAIL is your point of contact for NoBo, DeBo, AsBo and ECM assessments and certifications in the railway sector. Accredited as a conformity assessment and inspection body since 2006, represented in several European countries and have 100+ railroad experts at our disposal in all fields of railway",1036311
Scott Bader Company Ltd,United Kingdom,Wellingborough,NN29 7RL,Hall 8.2,265,Public Transport,"Scott Bader is an employee-owned global manufacturer of advanced composites and structural adhesives. Established in 1921, we have a century of expertise in manufacturing high-quality, innovative products for a variety of markets around the world. Visit us in Hall 8.2 on Stand 265 for more info.",1036319
"Scout Robotics, INC",United States of America,Philadelphia,PA 19146,Hall 7.1a,236,Railway Infrastructure; World Innovations; AI Mobility Lab,Your trains already connect the network. Now they make it smarter.,1223799
SCS Industrie-Componenten BV,Netherlands,Zoetermeer,2718 RM,Hall 3.1,850,Interiors,"SCS is your full experienced partner in LED Lighting Solutions for vehicles in Public Transport. Quality orientated, Turn Key, Custom Built, Plug and Play.",1205683
SCULFORT YEL,France,Feignies,59750,Hall 11.2,270,Railway Infrastructure,MANUFACTURER OF UNDERFLOOR WHEEL LATHES AND VERTICAL BORING MACHINES,1036329
SDCEM,France,CHAMPAGNIER,38800,Hall 25,670,Railway Infrastructure,"SDCEM, part of the MasterGrid Group, designs and manufactures high and very high voltage disconnecting solutions for railway electrification networks. Over 75 years of expertise in disconnectors and switches for urban, conventional and high speed lines. Approved by railway operators worldwide.",1036336
SDH FER GROUPE MILLET,France,Saint Denis de l’Hôtel,45550,Hall 5.2,370,Railway Technology,,1226940
Seaborne Plastics,Czechia,Brno,627 00,Hall 3.1,835,Interiors,"With a commitment to continuing investment, Seaborne Plastics has modern machinery and equipment to produce high quality vacuum formed and thermoformed parts. 
From very small mouldings to parts over 2m square, Seaborne Plastics has a skilled workforce dedicated to producing the highest quality ...",1036355
SEALABLE Solutions GmbH,Germany,Waltershausen,99880,Hall 25,215,Railway Infrastructure,"Whether you require elastic rail storage with the highest stray current insulation, track bed mats with more than 40-year application or the new developed “bike protection” rail profile – Dätwyler Sealing Technologies products give more comfort and safety with the easiest use.
Accordingly, our R...",1036371
SEC spol. s r. o.,Slovakia,Nitra,94901,Hall 3.1,230,Interiors,• LED Lighting / SMART Lighting              • Luggage Racks               • Functional AL profiles              • ALU Ceiling panels,1036395
Sedlmayer GmbH Metallbearbeitung,Germany,Triptis,07819,Hall 7.2c,230,Railway Technology,"- Serial supplier – from development and prototyping to the delivery of spare parts
- Supplier of components – procurement of raw and assembly parts 
- Supply of cast, forged and turned parts as finished parts and ready-to-install modules
- Specialized suppliere for the mobility industry",1135428
SEEDIA Sp. z o.o.,Poland,Krakow,31-231,Hall 7.1c,300,Public Transport,"SEEDiA designs and delivers smart, solar-powered urban infrastructure supporting low-emission mobility. Our portfolio includes solar benches, bus shelters, e-paper passenger information systems and charging stations for e-bikes and e-scooters, integrating IoT and real-time data analytics.",1226896
SEF Power,France,Fontenay Trésigny,77610,Hall 17,155,Railway Technology,"SEF Power is a manufacturer of power solutions (AC/DC power supplies, DC/DC converters and UPS) for the defense, aeronautics and railway markets. Its design and production teams develop solutions that meet the most demanding markets in France.",1211176
"SEFOS, s.r.o.",Czechia,BLANSKO,67801,Hall 7.1b,210,Railway Technology,"SEFOS, s.r.o. and TRAMECo Systems, s.r.o. are a leading manufacturer of the vehicle onboard electronic systems and devices with innovative solutions and hi-quality able to satisfy the customers requirements.",1036469
SEG - Sogema Engineering,France,Lys-Lez-Lannoy,59452,Hall 4.2,150,Railway Technology,"Part of CIM company, SEG designs, manufactures and installs a large range of railway maintenance depot equipment for EMU, DMU, Passenger coaches, Freight wagons, Metros and Tramways. SEG also offers to its clients a wide range of personalized services for presses, lathes or other equipment.",1036470
SEGULA Technologies,France,Courbevoie,92400,"CityCube, Hall A",605,Railway Technology,"SEGULA Technologies is a global engineering group operating in over 30 countries with 140 offices. Driven by the expertise of its 15,000 employees, the Group fosters close relationships with clients across major industrial sectors, including automotive, aerospace, energy, rail, naval, life sciences,",1036487
Seifel,France,Saint-Malo,35400,Hall 22,560,Railway Infrastructure,"Come and visit us at our Sicame Group stand in Hall 22, Stand No. 560, to discover our range of products for railway infrastructure.",1227009
Sekisui Chemical GmbH,Germany,Düsseldorf,40476,Hall 25,265b,Railway Infrastructure,"It is essential for a comfortable and convenient life to be supported with a substantial infrastructure. SEKISUI group supplies a great variety of products and services with high-technology to support substantial infrastructure.

FFU synthetic sleeper is the new environmental material that SEKI...",1036507
SEKISUI KYDEX,United States of America,Bloomsburg,17815,Hall 5.1,415,Interiors,"KYDEX® Thermoplastics are globally recognized as the leader in high-performance specialty polymers for rail interiors. We are more than a raw material supplier, we are a solution provider. As your collaborative partner we put innovation at the forefront.",1205368
SELECTRAIL AUSTRALIA PTY LTD,Australia,TULLAMARINE,3043,Hall 27,591,Railway Infrastructure,"Selectrail Australia Pty Ltd is an Australian based railway signalling and solutions company that specialises in the area of signalling relays, in particular we have developed solid state SIL4 level Q style relays made in accordance with BR930 standards and retrofittable with the incumbent relays.",1181613
SELITE SRL,Italy,Ronco Briantino,20885,Hall 9,286,Railway Technology,Italian specialists in low-frequency electromagnetic and magnetic shielding solutions for reliable railway applications.,1225503
Semperit Technische Produkte GmbH,Austria,Wimpassing im Schwarzatale,2632,Hall 26,890,Railway Infrastructure,"Since 1824, Semperit AG Holding has been delivering high performance elastomer solutions to industrial customers in over 100 countries.
As a leading partner in railway superstructure solutions, our product make rail systems safer, quieter, and more reliable.",1036554
Semvac A/S,Denmark,Odense S,5260,Hall 3.1,675,Public Transport,"Semvac delivers innovative railway sanitation systems designed for comfort, sustainability, and reliability. Trusted by train operators worldwide for more than 40 years.",1036556
semvox GmbH,Germany,Kirkel,66459,Hall 7.1a,220,Public Transport; AI Mobility Lab,"semvox develops speech technology for passenger information systems, in addition to AI-based assistance and interaction solutions, focussing on dynamically generated announcements.",1225165
Senceive,United Kingdom,Milton Keynes,MK14 6LY,Hall 23,510,Railway Technology,"Come and talk to us at Stand 510 in Hall 23a where you’ll also find our partners Railmetrics and Eddyfi Technologies as well as our very own barista. Together we deliver great coffee and innovative solutions helping you manage critical assets. 

Helping you manage risk – from corridor to component",1036563
Sener,Spain,Getxo,48930,Hall 22,700,Railway Infrastructure; World Innovations,"Private engineering and technology group which seeks to transform the world by challenging the boundaries of technology, with the mission of helping its clients with innovative and effective solutions. Sener has 4,500 professionals and offices in 18 countries across five continents.",1225489
Senozon Deutschland GmbH,Germany,Berlin,10587,Hall 7.1c,225,Public Transport; Mobility+,,1226043
Sensative AB,Sweden,Lund,223 62,Hall 6.1,420,Railway Technology,"SeatSense delivers live, seat-by-seat occupancy for rail operators. 98% accurate, EN 50155 certified, easy to install — and integrated into your systems the way you need it. 

Visit us at Hall 6.1, Stand 420.",1137912
Sensedge Transportation Systems and Solutions Private Limited,India,Bangalore,560061,Hall 27,800,Railway Technology,"Electronic Interlocking System configuration design, Electronic Interlocking Automated Application Software design, Indoor & Outdoor wiring circuits design, Electronic Interlocking Installation, testing and commissioning, Performance monitoring and Maintenance management, Functional Safety, RAMS.",1219476
SENSIT s.r.o.,Czechia,Roznov pod Radhostem,75661,Hall 27,701,Railway Technology,"The SENSIT Company from Roznov p.R., known in the Czech market of temperature sensors since 1991, has begun the development, manufacture and supply of special temperature, relative humidity, CO2, VOC and atmospheric pressure sensors for railway vehicles since 2004. Products for this segment must ...",1036592
Serinox,France,Thiers,63300,Hall 3.2,100,Interiors,"Metalworking lies at the heart of Serinox’s expertise. The company has mastered all the processes required for metal fabrication, taking into account the mechanical, thermal and functional constraints specific to industrial applications.",1036664
SERTO GmbH,Germany,Kassel,34123,Hall 8.1,235,Railway Technology,"With our unions and unique SERTO system, we create smart tube connections that save time and money and can be easily installed even in the tightest spaces",1220171
SET Limited,United Kingdom,Derby,DE24 8AQ,Hall 18,670,Railway Technology,,1221216
setec,France,Paris,75012,Hall 5.2,170,Career Point; Railway Infrastructure,"Independent international engineering group delivering integrated railway and mobility solutions across the entire project lifecycle, from planning and systems integration to design, project delivery and asset management",1216893
SEYOND EUROPE GMBH,Germany,ESCHBORN,65760,Hall 27,180,Railway Technology,"THE INDUSTRY LEADER IN DIRECTIONAL LIDAR, POWERING THE FUTURE OF MOBILITY",1226032
Sferis,France,Paris,75013,Hall 5.2,250,Railway Infrastructure,"SFERIS is a leading French player in safety, maintenance, and works on railway networks.",1036735
SFS Safety Flooring Systems GmbH,Germany,Velbert,42553,"CityCube, Hall B",100,Interiors,SFS Safety Flooring Systems GmbH has been active in the anti-slip solutions market for more than 20 years. The company provides a wide range of solutions for preventing slip hazards and for marking surfaces.,1036739
SFT Service und Fahrzeugteile GmbH,Germany,Dresden,01159,Hall 9,500,Railway Technology,"Die SFT Service und Fahrzeugteile GmbH mit ihren Vertriebspartnern der Lex & Hesse GmbH, der Fahrzeugtechnik Hattingen Bus- und Schienenfahrzeugteile-Großhandel GmbH und der Kampa BV ist einer der Marktführer im Handel mit Ersatzteilen für Schienenfahrzeuge in Deutschland und Benelux-Länder.",1036742
SG Automotive d.o.o.,Slovenia,Slovenske Konjice,3210,Hall 8.1,315,Interiors,,1212796
SGS Group,Spain,Madrid,28042,Hall 22,700,Railway Technology,"We are the world’s leading testing, inspection and certification company.",1209522
"Shaanxi Changmei Technology Co., Ltd.",China,Baoji,721000,Hall 21,216,Railway Infrastructure,"Founded in 1995, Shaanxi Changmei Technology Co., Ltd. has been active in the rail transit vibration and
noise reduction industry for over 30 years. The company currently offers more than 3OO products across six
major series, allfocused on vibration and noise control for rail transit. Changmei produ",1211115
"Shalom Engineering Co., Ltd",South Korea,Hanam-si,12988,Hall 21,160,Railway Infrastructure,,1036775
"Shandong Bohong Rail Transportation Equipment Technology Co., LTD",China,Shandong,257000,Hall 23,840,Railway Technology,,1225104
"Shandong Gold Phoenix Co., Ltd.",China,Leling,253600,Hall 1.2,495,Railway Technology,"Founded in Aug,1999, Shandong Gold Phoenix Co., Ltd, as a national high-tech enterprise, mainly manufactures braking friction materials and its products for the global market. Our company has been listed on the main board of Shanghai Stock Exchange in April 6th, 2017,(Stock Code: 603586).",1223422
"SHANDONG HUASHENG ZHONGTIAN ENGINEERING MACHINERY CO., LTD",China,LINYI,276301,Hall 26,200,Railway Infrastructure,"Shandong Huasheng Zhongtian Engineering Machinery Co., Ltd. is a wholly-owned subsidiary of Shandong Huasheng Zhongtian Machinery Group Co., LTD. The company is located in the Economic Development Zone of Yinan County, Linyi City, Shandong Province, covering an area of more than 150,000 square meter",1036792
"Shandong Longertek Technology Co. , Ltd.",China,Jinan,271100,Hall 5.1,280,Interiors,"Shandong Longertek Technology Co., Ltd. (Stock Code: 300594) is a high-tech listed enterprise having core energy-saving technology and inverter cooling system control technology. Company currently has more than 900 employees including more than 200 R&D engineers.",1211106
"Shandong Tiannuo Construction Machinery Co., Ltd.",China,Shandong,272000,Hall 9,284,Railway Infrastructure,"Founded in 2014, Shandong Tiannuo is a high-tech enterprise focused on excavator retrofitting, R&D and production for railway, mining and construction. With 100+ patents and ISO certification, we provide railway maintenance equipment, excavator modification parts, booms, attachments and accessories.",1225676
"Shandong Yili Power Technology Co., Ltd",China,Weifang,261057,Hall 20,170,Railway Technology,"Turbocharger Part, Turbine Wheel, Runoff Turbine, Axial Flow Turbine, Nozzle Ring, Runoff Nozzle Ring, Axial Flow Nozzle Ring, Impeller, Turbine Blade, Turbine Shaft",1036800
"Shanghai BOFA Spatial Information technology Co,. Ltd.",China,Shanghai Jia Ding District,201821,Hall 5.2,620,Tunnel Construction,,1220085
"Shanghai Emyte Hydraulic Equipment Co., Ltd.",China,Shanghai,200000,Hall 10.2,140,Railway Technology,"Founded in 2005, Emyte Group specializes in ferrule fittings, steel pipes, steel pipe assemblies, brake hoses, quick couplings and other related products. We have provided services to numerous clients in the rail transit sector including CRRC, Knorr and Voith. Meanwhile, we also serve customers from",1218932
"Shanghai Gino Telema New Electric Co., Ltd.",China,"Sijing, Songjiang, Shanghai",201601,Hall 17,215,Railway Infrastructure,,1211669
"Shanghai Oriental Machine Vision & Inspection Technology Co., Ltd",China,Shanghai,201111,Hall 23,435,Railway Infrastructure,"Intelligent Operations&Maintenance 
Rail Eddy Current Inspection Module
Ultrasonic Rail Flaw Detection
Rail Surface Monitoring
Track Inspection
Rail Profile&Corrugation Measurement
Track Geometry Measurement
Tunnel Surface Inspection
Tunnel Profile Measurement
RailTransit Intelligent Inspection Cart",1215756
"Shanghai Qnode Technology Co.,Ltd",China,Shanghai,200444,Hall 7.2c,100,Railway Technology,"-Shanghai Qnode is a national high-tech enterprise providing active/passive obstacle detection, collision warning and intelligent monitoring solutions for urban rail vehicles, with full capabilities from R&D to mass production and lifecycle services.",1227029
"Shanghai Railwell Technology Co., Ltd.",China,Shanghai,200235,Hall 7.2c,200,Railway Technology,RAILWELL – Smart Track Condition‑Based Maintenance Solutions.,1227848
"Shanghai ZHJ Technologies Co.,Ltd",China,Shanghai,201615,Hall 11.1,115,Railway Technology,"Diesel-Electric Locomotives, Mass Transit, LRV and GE Contactors",1036828
Shanker Coils Private Limited,India,Kolkata,700026,Hall 18,170,Railway Technology,"Leading Manufacturer and Service provider for traction motors, alternators and its sub-assemblies",1224283
"Shanxi Chiart Machinery Equipment Co., Ltd.",China,Taiyuan,030000,Hall 10.1,250,Railway Technology,"Shanxi Chiart Machinery Equipment Co., Ltd. is a professional manufacturer of turbocharger replacement parts of ALCO, EMD, GE, MAN, ABB, MITSUBiSHl etc. including Rotor Assy Compressor wheel Assy, Turbine disk Assy, lmpeller, Nozzle ring, Turbine blades, Bearing Assy etc. Dealing with manufacturer d",1036848
"Shaoxing Meili Precision Spring Co.,Ltd",China,Zhejiang,312500,Hall 9,685,Railway Technology,,1222387
SHC Heavy Industry Co. Ltd.,South Korea,Asian,18583,Hall 8.1,325,Railway Technology,"SHC Heavy Industry Co., Ltd is specialized in manufacturing Steel Profile Components and Structures for Underframe assembly, Roof assembly, and Wall assembly for Passenger and Wagon cars.



Its major business areas are as below:



ROLL FORMING

 


	
• Cold Rolling profiling method to pr...",1036884
"Shenyang Elysan Electronic Technology Co.,Ltd",China,Shenyang,110027,Hall 5.2,815,Railway Technology,water mist suppression systems；non‑stored perfluorohexanone systems；Gas fire suppression system ；fire detection；AI vision solutions；213；Elysan Technology,1220304
Shenyang Liaohe Special Glass Factory,China,Shenyang,110200,Hall 1.1,840,Railway Technology,"Dongguan Dongfa Glass Products Co., Ltd. Was certified to ISO9001: 2000 and SGS Company In China, which was established in 1999, specializing in deep processing of glass products with closed-tolerance, with a total investment of more than RMB200 million and a floor area covering 13, 000sq",1036898
"Shenyang Yuancheng Friction and Sealing Material Co.,Ltd.",China,Shenyang,110168,Hall 1.2,600,Railway Technology,"Shenyang Yuancheng Friction and Sealing Material Co.,Ltd, brake pads for high-speed trains, freight wagons, locos, metros & automobiles. National ""Little Giant"".possess 480km/h 1:1 dyno. 200+ formulas, 100+ in use. 4 invention & 30 utility patents. UIC, CRCC, CCC certified. Exported to 20+ countries",1036900
"Shenyang Zhongye Guangyang Bearing Co., Ltd",China,Shenyang,110326,Hall 22,880,Railway Technology,"Shenyang ZhongYe GuangYang Bearing Co., Ltd. is an IRIS-certified (ISO 22163) manufacturer of high-performance railway and industrial bearings. From axle-box to traction-motor applications, we deliver certified precision, extended service life, and cost-optimized solutions for OEMs, operators, and m",1204697
"Shenzhen Cansinga Technology Co., Ltd.",China,Shenzhen,518101,Hall 1.2,490,Railway Technology,-,1036907
"Shenzhen Coming Technology Co., Ltd",China,SHENZHEN,518115,Hall 5.2,450,Railway Infrastructure,,1211736
"SHENZHEN GOALTEK ELECTRIC CO., LTD.",China,Shenzhen,518000,Hall 11.1,405,Railway Technology,"Welcome to Goaltek, where brilliance meets safety in the dynamic world of intrinsically safe explosion-proof lighting. Powered by over 30-year legacy, we redefine safety standards with products crafted to meet ATEX and IECEx benchmarks.",1223509
Shenzhen Hengzhiyuan Technology Corporation Ltd.,China,Shenzhen,518052,Hall 5.1,435,Railway Technology,"Founded in 2000, Hengzhiyuan is a national high-tech enterprise specializing in rail transit intelligent lighting. A pioneer in LED cold light source tech, we were the first to bring energy-efficient solutions to China’s premium trains. With top certifications, patents, and projects like BART, Paris",1036931
"Shenzhen Hi-Net Technology Co.,Ltd",China,Shenzhen,518130,Hall 7.1b,100,Railway Technology,,1219796
"Shenzhen Longyun Lighting Electric Appliances Co., Ltd.",China,Shenzhen City,518109,Hall 3.1,350,Interiors,Professional transportation lighting system supplier,1036950
"Shenzhen Risingstar Outdoor High Light Lcd Co.,Ltd",China,Shenzhen,518106,Hall 6.1,140,Public Transport,,1214054
"Shenzhen SED Wireless Communication Technology Co., Ltd.",China,Shenzhen,518057,Hall 4.1,810,Public Transport,"The core offerings, which cover the majority of the railroad business in Europe, are GSM-R phones, OPH, GPH, and OPS compliance with FRS and SRS EIRENE regulations. 
More than 19 years of experience innovating and manufacturing GSM-R mobile phones.",1036970
Shenzhen Techtion Smart Electronics Co.Ltd,China,Shenzhen,518100,Hall 2.1,115,Public Transport,,1219975
"Shenzhen Tongye Technology Co., Ltd.",China,Guangdong,518110,Hall 18,520,Railway Technology,"As a national high-techenterprise Shenzhen Tongye Technology Co, Ltd. has been committed to the development and production of the train power suppy products, network control products, enegy management system, motor and fan of rail transt since its establishmentin 2000. Our products are widely used i",1203584
"Shenzhen Zhongzhigu Electronic Technology Co., Ltd.",China,Shenzhen,518110,Hall 6.1,150,Railway Infrastructure,,1219589
"Shi Jia Zhuang High Fin M&E Equipment Co., Ltd.",China,Shijiazhuang,050000,Hall 1.1,290,Interiors,"Our company mainly engages in  Air filter/thermal insulation materials/ Sound proof materials/ air outlets, and other accessories for HVAC systems of metro and high-speed rail vehicles. All  have been widely applied in metro and high-speed rail projects and fully meets the performance requirements o",1226099
"Shijiazhuang KING Transportation Equipment Co,Ltd",China,Shijiazhuang,050035,Hall 3.1,250,Railway Technology,"Shijiazhuang King Transportation Equipment Co., Ltd (KING for short) , founded in 1992, is mainly engaged in the design and production of HVAC for a wide range of  rail transit vehicles such as:
- High Speed Trains
- Metro and LRV
- Mainline Passenger coaches
- Locomotives.",1037028
SHIP-CAR SRL S.U.,Italy,Gavardo,25085,Hall 5.1,470,Interiors,"Since 1989 Ship-Car has been producing customised windows (made of glass panes and aluminium frames) and glazing systems for buses, trams, trains, driver cabs, earthmoving machinery, boats, commercial and industrial vehicles.
 
 Thanks to a new machining line of glass with hi-tech processing equi...",1037038
SHP Primaflex GmbH,Germany,Ratekau,23626,Hall 3.1,555,Interiors,"Technical spiral hoses and air ducting systems from Germany. Since 1979, we have been developing and manufacturing customized solutions for rail vehicle construction in Ratekau—from individual components to ready-to-install systems. Compliant with standards, lightweight, flexible, and in use worldwi",1037061
SHPERE THERMAL SYSTEMS PRIVATE LIMITED,India,GREATER NOIDA,201306,Hall 1.2,290,Railway Technology,,1218562
SHPP BV,Netherlands,Bergen op Zoom,4612 PX,Hall 5.1,220,Interiors,"Combining thermoplastics expertise with in-depth knowledge of the industry standards, regulations and trends, SABIC is committed to keeping its customers in the transportation industry at the leading edge of materials and processing technologies.",1037062
"SI ""Entrepreneurship and Export Promotion Office""",Ukraine,Kyiv,01001,Hall 4.2,410,Railway Technology,"The Entrepreneurship and Export Promotion Office (EEPO) is a state institution responsible for supporting the development of small and medium-sized enterprises (SMEs) and facilitating the promotion of exports of goods, works, and services by Ukrainian producers.",1042436
SI-KA-TEC GmbH engineering coating,Germany,Selb,95100,Hall 5.1,225,Railway Technology,"SI-KA-TEC develops high-performance silicone and polyurethane coated technical textiles for Mass Transit, Automotive, Aerospace and Industry — tested, reliable and engineered for demanding mobility applications.",1219973
SIA DiGas,Latvia,Jurmala,2016,Hall 18,185,Railway Technology,Greening the railways with Biomethane (BioCNG & BioLNG) and Hydrogen (H2) retrofit and repower systems for locomotives. The winner of Europe's Rail Joint Undertaking special prize for Rail within the European Startup Prize for Mobility 2022.,1037079
SIBA GmbH,Germany,Lünen,44534,Hall 9,740,Railway Technology,Our protection. Your Benefit. – safety through quality is not only our motto but also our passion.,1037098
Sicame Group,France,ARNAC POMPADOUR,19230,Hall 22,560,Railway Infrastructure,"Together with our subsidiaries CATU, Seifel and MTR GmbH, come and visit us at our stand in Hall 22, no. 560, to discover and try out our railway infrastructure solutions !",1214791
SICE,Spain,Alcobendas,28108,Hall 4.1,760,Railway Technology,"SICE is a leading multinational company in the integration of technologies for public infrastructure management that has become an international benchmark. Offering a cross-cutting vision, we develops integrated solutions and applications based on data science and artificial intelligence technology.",1121589
"Sichuan Central-Service Hongda technology Co.,Ltd",China,Sichuan,610200,Hall 9,520,Railway Technology,"China Expo Overseas (Beiling)International Business Ltd. provides a full range of services, including handling the business of Chinese offices, internationalexhibition organization, customized business travel, exhibition booth services, marketanalysis,marketing promotion,and import and export trade.",1037117
"Sichuan Changhong Battery Co., Ltd.",China,Mianyang,621000,Hall 9,270,Railway Technology,"Founded in 1970, Sichuan Changhong Battery Co., Ltd. is a military-civilian integrated battery manufacturer with 1,130 staff. We develop and produce rail transit lithium-ion & nickel-cadmium batteries with mature and stable technical performance. Equipped with internationally advanced production & t",1037118
"Sichuan Hrailway Digital Technology Co., Ltd.",China,Sichuan,621000,Hall 9,285,Railway Infrastructure,"Sichuan Hrailway Digital Technology Co., Ltd. is a China national high-tech enterprise. We focus on high-precision detection and online monitoring equipment for rail transit systems. We hold a special production license from China State Railway Group and offer custom R&D services for the industry.",1225693
"SICHUAN HUAFENG TECHNOLOGY CO., LTD.",China,Sichuan,621000,Hall 12,447,Railway Technology,"Sichuan Huafeng Technology Co., Ltd. (Stock Code: 688629), founded in 1958 and headquartered in Mianyang, Sichuan Province, was listed on the STAR Market in 2023. It is a world-leading supplier of optoelectronic connectors and interconnection system solutions.
Drawing on over six decades of accumula",1037119
"Sichuan Swjtu Railway Development Co., Ltd.",China,"Chengdu, Sichuan",610071,Hall 7.2c,300,Railway Infrastructure,Cutting-edge rail safety technologies on display — from intelligent monitoring to advanced materials.,1227035
"SICHUAN TOGEE RAIL-TRANSIT EQUIPMENTS CO., LTD.",China,Chengdu,610083,Hall 11.1,230,Railway Technology,"Established in 2007 and relocated to Chengdu in July 2022, Sichuan Togee Rail-Transit Equipment Co., Ltd. (Togee Equipment) has a registered capital of 67.92 million RMB. As a National High-Tech Enterprise, the company specializes in the R&D, manufacturing, and sales of urban rail transit and",1225615
Sichuan Unicorn-China Railway Special Equlpment Public Company,China,Sichuan,610500,Hall 3.1,635,Railway Technology,"Our company is mainly engaged in the new construction and maintenance of hydraulic shock absorbers, and can also provide consulting services and comprehensive professional solutions according to customer needs and site conditions.",1037124
SICK AG,Germany,Waldkirch,79183,Hall 27,405,Railway Technology,"SICK provides advanced sensor solutions for the railway industry, enhancing safety, inspection, and asset tracking. High-speed 3D cameras, RFID systems, and LiDAR technologies enable reliable inspections, monitoring of hazardous areas, and efficient rail operations worldwide.",1037136
Sicut Enterprises Ltd.,United Kingdom,London,EC1V 2NX,Hall 23,340,Railway Infrastructure,"Sicut is the leader in the manufacture and supply of recycled plastic composite sleepers (ties) and is successfully installed in plain line, switches & crossings, metros, bridges, tunnels and heavy haul networks. Sicut is DB, STA, Network Rail approved & has extensive EU & US approvals.",1037139
SIEBERT Hydraulik – Pneumatik GmbH & Co. KG,Germany,Stendal,39576,Hall 10.2,410,Railway Technology,"360° Hydraulik & Pneumatik:
Siebert Hydraulik - Pneumatik ist mit vier Standorten ihr Komplettanbieter in Sachen Hydraulik, Pneumatik und Industriebedarf.",1037158
Siechem Technologies Private Limited,India,Pondicherry,605101,Hall 12,175,Railway Infrastructure,"Siechem – India’s No.1 for speciality wires and cables manufacturer for Aerospace, Automotive, Defence, Railways, Solar, Wind, Power, Control and Instrumentation, established in 2002, having its head office at Chennai and factory at Pondicherry, equipped with state of the art automated manufactur...",1037159
Siemens AG,Germany,München,80333,Hall 27,220,Railway Technology,,1037164
Siemens Energy Global GmbH & Co. KG,Germany,Erlangen,91058,Hall 17,300,Railway Technology,"We get where you want to go. Siemens Energy is a trusted partner for railway electrification, providing transformers and railway grid solutions that enable reliable, efficient, and sustainable rail transportation worldwide.",1037169
Siemens Mobility GmbH,Germany,München,80997,Hall 27; Hall 7.1c; Outdoor Display,230; O6/50; O7/50; O/610; T6/40; T6/45; T6/50; T7/40; T7/50; 200; 220,Outdoor Display; Mobility+; Career Point; Railway Infrastructure; Railway Technology,"As a leading technology company, we combine the real and digital worlds like no other in rail. Together with our customers we transform mobility for everyone.",1037175
Sierosławski Group Jan Sierosławski,Poland,Mielec,39-300,Hall 10.1,300,Railway Technology,,1227058
SIFER and EXPO Ferroviaria,United Kingdom,Richmond,TW9 1DN,Hall 11.2,270,Railway Technology,SIFER and EXPO Ferroviaria: Key events connecting French and Italian rail industries with cross-border opportunities.,1226750
SIGMA S.p.A.,Italy,Monterubbiano,63825,Hall 2.1,250,Public Transport,"SIGMA S.p.A. is a leading Italian company specializing in design, manufacturing, delivery, and maintenance of products and solutions in the fields of banking automation, equipment for Fare Collection solutions (Ticket Vending Machines, Validators, and Monitoring tools), and self-service payments.",1037189
Signal Concept GmbH,Germany,Markkleeberg,04416,Hall 25,640,Railway Infrastructure,Signal Concept GmbH was founded in 1993. Its success bases on many years of experience in developing modern clear track signalling systems. Signal Concept is anually certified following DIN EN ISO 9001:20015. Since 2004 Signal Concept GmbH is certified as supplier L1 and Q1 of the German railway ...,1037192
Signature HILLER GmbH,Germany,Birkenfeld,55765,Hall 7.1b,300,Public Transport,"Wir sind Vorreiter im Bereich Beschilderung und Bahnhofsausstattung.
Unser erfahrenes Team bietet Ihnen ein „Rund um Sorglos-Paket“, angefangen mit der Idee, über die Entwicklung, bis hin zur Konstruktion, Produktion und Montage von allen Hinweis- und Warnschildern bis zum Wetterschutzhaus oder ...",1037197
SIGNON Deutschland GmbH,Germany,Berlin,10557,"CityCube, Hall B",320,Railway Infrastructure; AI,SIGNON — Rail. Mobility. Future.,1037201
SIKA,Poland,Warszawa,02-871,Outdoor Display,O/250,Railway Technology,,1226630
Sika Deutschland CH AG & Co KG,Germany,Stuttgart,70439,Hall 25; Hall 8.2,195; 120,Railway Infrastructure; Railway Technology,"Sika is a specialty chemicals company with a leading position in the development and production of systems and products for bonding, sealing, damping, reinforcing and protecting in the building sector and motor vehicle industry. Sika has subsidiaries in 101 countries around the world.",1037213
Sil Air srl,Italy,Reggio Emilia,42124,Hall 1.2,650,Railway Technology,,1211402
Silicone Engineering Ltd,United Kingdom,"Blackburn, Lancs",BB1 3HU,Hall 3.1,880,Interiors,"Silicone Engineering specialise in silicone solutions for Rail and Mass Transit interiors.

The kSil®V-0 range of silicone sponge is used to Seal, Insulate & Protect rail interior applications whilst reducing maintenance and downtime costs. Uses include seals, gaskets, floating floors, vibratio...",1037230
SIM FACTOR S.A.,Poland,WARSZAWA,03-244,Hall 11.2,245,Railway Technology,"SIM Factor is a European leader in advanced railway simulation and safety systems. With over 100 simulators delivered across 11 countries, we empower operators with cutting-edge training technology and full onboard software integration, including ETCS, PZB, and Mirel. Visit our booth at InnoTrans!",1225932
SIMONA AG,Germany,Kirn,55606,Hall 1.1,501,Interiors,"SIMONA AG is one of the leading manufacturers of thermoplastic products, with production facilities and sales offices around the globe, as well as an acknowledged development partner within this field.The company's product portfolio includes semi-finished parts (sheets, rods, profiles, welding ...",1037284
SIMPAX,Poland,Piaski,63-820,Hall 11.1,155,Railway Technology,"SIMPAX is ISO 9001 and IRIS certified resistor manufacturer.
 We provide resistors:
• Roof mounted 
• Under floor mounted 
• Inside of vechicle
• Neutral Earthing
• Starting and braking for machines,etc.
• Load resistor
• Other with power >50W to MW's
• Replacements
• Renovation and service",1037290
simplify engineering AG,Switzerland,Wattwil,9630,Hall 1.1,390,Interiors; Travel Catering & Comfort Services,"We supply customized lift systems, ADA lift or wheelchair lifts for the rail vehicle industry.",1037294
Simpro Spa,Italy,Brandizzo,10032,"CityCube, Hall A",500,Railway Technology,"Simpro is an Italian company, based in Brandizzo (TO), that has been working in the special production and testing equipment field for 35 years, focusing on the automotive and railway sectors. Over the years, it has designed and built important test benches for various customers.",1037300
Simuverse Technologies,Austria,Wien,1200,"CityCube, Hall A",145,Railway Technology,Simuverse GmbH is a software development company that specializes in creating 3D simulations and custom applications for the railway sector.,1020552
SINOMAC GROUP LIMITED,China,Beijing,101200,Hall 8.1,245,Railway Technology,"Established in 2010, SinoMac Group is a one-stop solution provider for power systems and vehicles. We prioritize innovation to empower diversified business lines including professional railway brand RailMac. Our international team delivers efficient communication and customized solutions. We persist",1219254
SINTRONES Technology Corp.,Taiwan,New Taipei City,235024,Hall 6.1,538,Railway Technology,"Founded in 2009, SINTRONES delivers high-performance, rugged AI solutions for sectors where reliability is non-negotiable. From smart transportation to defense, we make mission-critical applications smarter and safer.",1037344
SIR Società Italiana Resistor,Italy,Castellanza,21053,Hall 17,360,Railway Technology,"Power resistors for railway applications: SIR develops robust standard and custom-engineered solutions for braking, energy absorption and load applications – reliable, flexible and internationally proven.",1227529
Sirail Group,France,Crespin,59154,Hall 11.1,325,Railway Technology,"Sirail designs, produces, and integrates electric harnesses, cubicles, and driver desks for the major European railway companies. 
From design to retrofit, through manufacturing and service, Sirail is a leading European specialist in electricals for rolling stock, in the whole customer valued chain.",1037353
SISCOG,Portugal,Lisbon,1700-097,Hall 6.1,255,Public Transport,"SISCOG offers software tools to save money and time in using rail operators' resources, while satisfying staff and passengers/clients. These decision support systems for optimised resource scheduling and management use a combination of Artificial Intelligence and Operational Research techniques.",1037364
Sistaş Çelik Dövme San. Tic. A.Ş.,Türkiye,İzmir,35620,Hall 10.2,405,Railway Infrastructure,.,1037367
SITAV S.P.A.,Italy,MILAN,20122,Hall 3.2,360,Railway Technology,"SITAV was set up in 2002 and immediately began to be operational in the execution of current and corrective maintenance on electric locomotives and passenger stocks at Trenitalia depots.
SITAV also provides to ordinary and corrective maintenance on regional trains.",1037379
SITES,France,Rueil-Malmaison,92500,Hall 5.2,150,Railway Infrastructure,"SITES, a pioneer in structural sustainability since 1984. Over 600 employees, 7 offices in France, 2 international subsidiaries, and over 1,000 structures monitored annually. Engineering, monitoring, inspection, commissioning: we ensure the infrastructure around us lasts.",1211939
Siut GmbH,Germany,Berlin,10437,Hall 7.1b,220,Public Transport,"With our innovative passenger guidance systems, we are designing the barrier-free, safe and customer-oriented platforms of the future.",1037397
SIX ITALIA S.p.a.,Italy,Genova,16121,Hall 5.1,145,Railway Technology,"SIX ITALIA S.P.A. IS SPECIALIZED IN THE DESIGN, SUPPLY, PRODUCTION AND INSTALLATION OF STRUCTURAL OR COMPARTMENTAL FIRE PROTECTION SYSTEMS, THERMAL-ACOUSTIC INSULATION, STRUCTURAL DAMPERS AND FLOOR SYSTEMS.",1037400
SK Consulting,France,PARIS,75007,Hall 6.1,518,Railway Technology,,1226067
SKA Sitze GmbH,Germany,Wörth am Rhein,76744,Hall 1.1,280,Interiors,"In recent years, SKA has developed into a leading international seat manufacturer for trains, buses and motorhomes. Our products include individual system solutions for the passenger area and for the driver's cab. In addition to sophisticated lightweight technology and first-class comfort...",1037419
"SKD TRADE, a.s.",Czechia,Praha 8,182 00,Hall 9,310,Railway Technology,Company with a history and a long tradition in the manufacture and repair of rail vehicles components.,1037426
SKF GmbH,Germany,Schweinfurt,97421,Hall 22,650,Railway Technology,"Smarter railways start with SKF. Innovative solutions, digital insights, and expert services help maximize performance, extend maintenance intervals, and reduce costs—while improving sustainability.",1037429
SLF Oberflächentechnik GmbH,Germany,Emsdetten,48282,Hall 6.2,345,Public Transport,"Expertise for demanding surfaces
Surface technology: sophisticated. efficient. from a single source.

We are your reliable partner for industrial surface technology. Our focus is on system solutions for large-scale components, such as those used in rolling stock or commercial vehicle industries",1215709
SLG Prüf- und Zertifizierungs GmbH,Germany,Hartmannsdorf,09232,Hall 7.2b,100,Railway Technology,"SLG Prüf- und Zertifizierungs GmbH - Your independent and neutral full-service provider for product testing and certification. Our range of services for railway applications - EMC, environmental simulation, vibration and shock tests, tests for the safety of components and parts",1037567
Slovak Investment and Trade Development Agency - SARIO,Slovakia,Bratislava,82109,Hall 10.1,230,Public Transport,,1037571
"Slévárny Třinec, a.s.",Czechia,"Třinec, Staré Město",739 61,Hall 21,250,Railway Infrastructure,,1037565
SM Calvörde Sondermaschinenbau GmbH & Co. KG,Germany,Calvörde,39359,Hall 23,600,Railway Technology,SM Calvörde - Special wishes are our daily business!,1224860
SMA und Partner AG,Switzerland,Zürich,8050,Hall 2.2,250,Public Transport,"SMA is an independent consulting and software company for railway systems. Established in Zurich in 1987, the SMA Group employs approximately 80 members of staff. In addition to its headquarters in Zurich, SMA also has sites in Lausanne, Frankfurt and Paris.",1037591
Smart Motors,Spain,Barcelona,08027,Hall 24,240,Railway Technology,"Our mission at Smart Motors is to drive the digital transformation of the railway industry. We help railway operators and maintainers improve their operations, boost network reliability, and streamline maintenance through integrated data solutions.",1040548
Smart Rail Connectivity Campus e. V. (SRCC),Germany,Annaberg-Buchholz,09456,Hall 7.2b,200,Railway Technology,"SRCC, an established innovation center and network, featuring: Chemnitz University of Technology, Vodafone, Boldyn Networks DE, Frauscher Sensortechnik DE, IKADO

Keywords: RTO, 5G/6G, FRMCS, MCx, Real-time Video Transmission, Human-Machine Interaction, Research Infrastructure, Sensor Technology",1037628
Smart Rail Solution From Finland,Finland,Helsinki,00760,Hall 11.2,360,Railway Technology,,1215725
SMART Railway Technology GmbH,Germany,Kassel,34123,Hall 9,281,Railway Technology,SMART Railway Technology GmbH develops and manufactures innovative auxiliary power converters for international rolling stock. The portfolio ranges from single devices such as battery chargers or air conditioning inverters to complete auxiliary power converters.,1037630
Smart Solution Consortium,Italy,Prato,59100,"CityCube, Hall A",840,Railway Technology,,1037635
Smart Train Lease GmbH,Germany,München,80997,Hall 27,140,Railway Technology,Mireo Smart: Just rent it!,1208226
SmartTECS Cyber Security Gmbh,Germany,Chemnitz,09126,Hall 4.1,222,Railway Technology,Digital security for the world of tomorrow.,1209514
SmartTECS Engineers GmbH,Germany,Chemnitz,09126,Hall 4.1,222,Railway Technology,SmartTECS Engineers – Driven by the future.,1037659
SmartTECS Rail Service GmbH,Germany,Chemnitz,09126,Hall 4.1,222,Railway Technology,Your partner for individual rail vehicle modernization,1209515
Smartwagons,Portugal,Entroncamento,2330-137,Hall 11.2,220,Railway Technology,,1211679
SMH RAIL SDN.BHD.,Malaysia,Kuala Lumpur,50480,Hall 3.2,650,Railway Technology,"Background
SMH Rail is Malaysia's largest privately owned rolling stock manufacturer and service provider. Established in Year 2000 to undertake railway engineering projects. Over the years, SMH Rail has acquired and developed its own local engineering expertise and technology through strategic ...",1037668
SMS group,Germany,Mönchengladbach,41069,Hall 21,530,Railway Technology,SMS group is renowned worldwide for its future-oriented technologies and outstanding service for the metals industry. The company applies its 150 years of experience and its digital know-how to provide the industry continuously with innovative products and processes...,1037693
SNCF Connect & Tech,France,La Plaine Saint-Denis,93212,Hall 7.1c,110,Railway Technology; Mobility+,,1121611
SNCF Réseau,France,Saint-Denis,93200,Hall 5.2; Hall 7.1a,250; 246,AI Mobility Lab; Railway Infrastructure,,1211952
SNIC TECHNOLOGIES,France,BONNEUIL SUR MARNE,94380,Hall 27,525,Railway Technology,,1033581
SOBAtec GmbH,Germany,Kamenz,01917,Hall 7.2b,100,Railway Technology,,1221792
SOCOFER FRANCE,France,ST PIERRE DES CORPS,37700,Hall 3.2,210,Railway Infrastructure,Tailor-Made rollinstock solutions,1037788
SOGA SPA,Italy,MONTECCHIO MAGGIORE,36075,Hall 18,140,Railway Technology,"SOGA electric motors are specifically engineered and totally customized to meet the strictly severe requirements of the global rail industry, by powering on board auxiliary drives: braking systems, HVAC equipment, cooling units and other auxiliary systems. Made in Italy since 1966.",1037847
SOGEFI SUSPENSIONS HEAVY DUTY ITALY SPA,Italy,PUEGNAGO SUL GARDA (BS),25080,Hall 9,641,Railway Technology,From design to delivery: the one-stop shop for railway suspension components.,1037849
SOGO S.P.A.,Italy,Frosinone,03100,Hall 25,355,Railway Infrastructure,"SOGO is an industrial reality focused on the design, production and distribution of technical rubber and expanded rubber parts for RAILWAY, automotive and industrial applications.

Railway Products:
• Rubber Rail Pads
• Sleeper Rubber Boots
• Under Slab Elastic Bearings
• Antivibration Mats",1037851
SOL SOLUTION,France,Riom,63200,Hall 5.2,470,Railway Infrastructure,"Sol Solution is a geotechnical consultancy established in 1992.
The company provides railway substructure innovative investigations as well as concrete sleeper non destructive characterization.
Compaction control and soil investigation equipment sale (dynamic penetrometer DCP) is our second segment",1037867
Solafix SA,Switzerland,Ecublens,1024,Outdoor Display,O/174,Railway Infrastructure,,1227730
SOLARI SPA,Italy,UDINE,33100,Hall 2.1,455,Public Transport,The origin of the Solari business dates back to the 18th century when the Solari family began to manufacture tower bell clocks. At the beginning of the 20th century Mr. Remigio Solari invented the split flap display that had a lot of success worldwide. Solari rapidly earned a reputation for techn...,1037880
SOLiD Inc.,South Korea,Bundang-gu,06792,Hall 4.1,400,Public Transport,"SOLiD has developed a special platform, ""Genesis,"" to provide track-side connectivity in the most difficult locations, including tunnels. SOLiD's Genesis platform supports 5G and is a digital Distributed Antenna System (DAS) designed to work for all environments within the railway industry.",1207375
Solutions Composites,France,Mettray,37390,Hall 11.2,270,Railway Infrastructure,"Solutions Composites designs and manufactures a wide range of innovative composite solutions for railway infrastructure, including complete platforms and platform extensions, station equipment, footbridges, maintenance walkways, cable trays and other railway infrastructure components.",1226759
SOLVIT - Innovation in Telecommunications Lda.,Portugal,Angra do Heroísmo,9700-025,Hall 11.2,220,Railway Technology,"SOLVIT – Innovation in Telecommunications is a Portuguese engineering company specialized in railway critical communications for over a decade. Discover the SIGRAIL family: Planning, Monitoring and Network — FRMCS ready, future ready.",1227439
Sona Comstar Railway Business,India,Faridabad,121005,Hall 1.2,570,Railway Technology,"Sona Comstar Railway Business is a leading provider of railway safety and mobility solutions with 60+ years of expertise. Serving passenger, freight, metro and locomotive segments, it delivers high-quality systems and components trusted by customers in Indian and global markets.",1219531
SONAX GmbH,Germany,Neuburg,86633,Hall 6.2,635,Public Transport,SONAX showcases its comprehensive service portfolio for the professional cleaning and maintenance of rail vehicles and bus fleets. The focus is on integrated solutions for those responsible for customer-oriented care and maintenance at private and public operators.,1037956
SONDA,Chile,Santiago,7500000,Hall 27,150,Railway Technology,"In Chile we have the complete integration of the ticketing system for the city of Santiago in more than 7500 buses, and the payment methods in the Chilean Railways. In Mexico City, SONDA transformed public transportation through the modernization of the Metrobús system.",1227875
Sonneville AG,Switzerland,Müntschemier,3225,Hall 26,370,Railway Infrastructure,"Sonneville AG, part of the Swiss Vigier Group, is the worldwide system provider of the ballastless track system Low Vibration Track (LVT).

With more than 50 years of experience in ballastless track technology, Sonneville is one of the pioneers in this field. The ballastless track system develo...",1037978
Southco Manufacturing Ltd.,United Kingdom,Worcester,WR4 9FA,Hall 3.1,300,Interiors,"Southco presents access hardware with a focus on showcasing latching solutions that support some of the industry’s key security concerns, i.e. protecting rail carriages and on-board equipment from theft, vandalism and cybersecurity threats.",1038077
Southern African Railways Association,Zimbabwe,Harare,00000,Hall 10.1,370,Railway Infrastructure,-,1227370
Southern Electronics (B) Pvt Ltd,India,"Peenya, Bangalore",560058,Hall 15.1,440,Railway Technology,"Offering customer satisfaction through continuous improvement, since 1971.",1226334
Southwest Jiaotong University,China,"Chengdu, Sichuan",610031,Hall 7.2c,300,Railway Technology,,1227039
SPAL SRL con unico socio,Italy,CORREGGIO - REGGIO EMILIA,42015,Hall 5.1,200,Interiors,"HIGH-PERFORMANCE FANS, BLOWERS AND COOLANT PUMPS",1214708
Spaleck GmbH & Co. KG,Germany,Bocholt,46397,Hall 8.2,330,Railway Technology,SPALECK is a certified specialist company for the manufacture of highly safety-relevant CL1 components for railway vehicles (DIN EN 15085-2 CL1 and CL2) and has the highest quality certification Q1 from Deutsche Bahn AG. SPALECK is also certified in accordance with EN 17460 - A2 for the adhesive,1038128
Speck Pumpen Walter Speck GmbH & Co. KG,Germany,Roth,91154,Hall 18,610,Railway Technology,,1169041
SpectroTech s.r.o.,Czechia,Brno,602 00,Hall 3.1,530,Railway Technology,"SpectroTech is a Czech specialist in industrial surface finishing, providing wet painting, powder coating and advanced surface pretreatment for industries where quality, durability and long-term corrosion protection are essential.",1226943
SPENCER MOULTON,France,LE MALESHERBOIS,45330,Hall 3.2,100,Railway Technology,Rubber-to-metal bonded ; bearings ; suspension ; bushes ; drawgear ; buffer,1038170
SPENO International SA,Switzerland,Meyrin,1217,Hall 26,120,Railway Infrastructure,"SPENO INTERNATIONAL SA designs, develops, manufactures, operates, and markets machines for the reprofiling of railway tracks and turnouts. Reprofiling activities are monitored through the real-time measurement of track profiles and surface defects, with all results systematically documented.",1038171
Sperry Europe GmbH,Germany,Brandenburg,14774,Hall 25,240c,Railway Technology,"Sperry Rail is a leader in rail flaw detection, significantly reducing the risk of rail failure by conducting the most comprehensive assessment of rail condition available.",1209122
SPHINX Computer Vertriebs-GmbH,Germany,Laudenbach,69514,Hall 4.1,240,Public Transport,"Established in 1989 in Germany, SPHINX quickly became one of the biggest distributors for industrial communication products across Europe. The business of SPHINX is based on 4 pillars: classic distribution, logistics, project management and built-to-order service.",1038180
spiekermann ingenieure gmbh,Germany,Düsseldorf,40547,Hall 5.2,760,Railway Infrastructure,"Interdisciplinary consulting. Smart planning. Sustainable results. spiekermann ingenieure specialize in transportation, water and environmental issues, as well as structural engineering and construction management. With foresight and reliability, well-thought-out solutions are implemented.",1226913
SPITZKE SE,Germany,Großbeeren,14979,Hall 5.2,330,Railway Infrastructure; Career Point,"The SPITZKE group is one of the leading railway infrastructure companies in Germany and Europe. As a system supplier, SPITZKE realizes the construction and repair of railway systems of all line categories, of train stations and railway bridges.",1038221
Spring AG Apparatefabrik,Switzerland,Wettingen,5430,Hall 2.2,250,Railway Technology,,1213267
"Správa železnic, státní organizace",Czechia,Praha 1,11000,Hall 5.2,860,Railway Infrastructure,"Speed, technology, sustainability. At Správa železnic, we look after more than 9,000 kilometres of lines, we are developing the TEN-T network, and we are preparing high-speed lines for trains running at up to 320 km/h. The Czech railway network is entering a new dimension of travel.",1038261
SPS Technik GmbH,Austria,St Valentin,4300,Hall 21,350,Railway Technology,,1038294
"SR Co., Ltd",South Korea,"Uiwang-si, Gyeonggi-do",16108,Hall 27,590,Railway Technology,"Outstanding Railway Signalling Industry
Pioneering the future of railway signaling- from Integrated power supply to total system solutions
We deliver end to-end excellence across design, supply, installation, and commissioning with deep expertisetstanding Railway Industry",1226148
SRM Mikroelektronik GmbH,Germany,Berlin,12099,Hall 5.1,110,Railway Infrastructure,E2MS - For resilient European Electronics Supply Chains,1226488
SRT s.r.l.,Italy,Rome,00196,Hall 26,240,Railway Infrastructure,"SRT globally operates in the rolling stock market dedicated to the construction and maintenance of railway infrastructure.
We offer integrated solutions by managing the entire production cycle: from design and construction, to sales and rental, including maintenance and after-sales service.",1038317
SRUBENA UNIA SP. Z O.O.,Poland,Zywiec,34-300,Hall 21,260,Railway Infrastructure,"SRUBENA UNIA S.A. is one of the largest fastener manufacturer in Poland and Europe. We have been serving a wide variety of industries, including railway structure fasteners since 1832 year with hot and cold formed fasteners as: bolts, screws, nuts and rivets. The quality of our products is well k...",1038318
SSB AG,Germany,Stuttgart,70565,Hall 21.e,60,RecruitingLAB; Public Transport,"SSB has been providing mobility in Stuttgart since 1868, operating 365 days a year. Hundreds of thousands of people use buses and trains every day. Over 4.000 employees make a difference every day and keep the city running—in driving operations, engineering, IT, and administration. We move Stuttgart",1220416
SSB ELECTRONIC GmbH,Germany,Lippstadt,59557,Hall 7.1b,225,Railway Infrastructure,,1227891
SSV-Kroschke GmbH (LEG) Thüringen mbH,Germany,Wutha-Farnroda,99848,Hall 7.2c,230,Railway Technology,"𝗪𝗲 𝗴𝗲𝘁 𝗽𝗿𝗼𝗰𝘂𝗿𝗲𝗺𝗲𝗻𝘁 𝗿𝗶𝗴𝗵𝘁!
At InnoTrans, we demonstrate how industrial companies in the rail and mobility sectors can make the procurement and supply of C-parts more efficient through automation.",1226779
ST Vitrinen Trautmann GmbH & Co. KG,Germany,Bielefeld,33729,Hall 2.1,235,Public Transport,"Under the ST-MOBILITY brand, we advise you on dynamic passenger information systems. Among other things, we manufacture customized information systems for public transport that make it possible to send data in real time to the stop or platform and thus to your customer or passenger.",1038333
ST-OS Industry s.r.o.,Czechia,Oslavany,66412,Hall 9,750,Railway Technology,"Certified Czech manufacturer of hydraulic shock absorbers for railway vehicles, including the overhaul services.",1038808
Stadler Rail  AG,Switzerland,Bussnang,9565,Hall 2.2; Outdoor Display,230; O/620; T10/50; T10/55; T4/19; T8/40; T8/50; T9/40; T9/50; 250,World Innovations; Railway Technology; Outdoor Display; Career Point,"Stadler builds trains which are tailored to meet the needs of customers. Our trains are reliable and safe, with optimum comfort for the passengers' travels.",1038394
Stadtwerke Tübingen GmbH,Germany,Tübingen,72072,Hall 2.2,410,Railway Infrastructure,,1038470
Stahl Netzmamagement GmbH,Germany,Pfaffenhofen a. d. Ilm,85276,Hall 4.1,240,Public Transport,"ONE PLATFORM, EVERYTHING CONNECTED

No more isolatad solutions: switch to the all-rounder. The STAHL Network Management System is the manufacturer-independent, all-in-one platform for managing devices and connecting systems. Now even more powerful with new modules and IBIS-IP connectivity.",1224866
Stahlwerk Thüringen GmbH,Germany,Unterwellenborn,07333,Hall 7.2c,230,Railway Technology,"Innovation, sustainability and tradition: your partner for high-quality steel from Thuringia.",1227218
STAHLWILLE Eduard Wille GmbH,Germany,Wuppertal,42349,Hall 6.2,330,Railway Technology,"STAHLWILLE is a leading international manufacturer of high-quality hand tools and torque technology. Since 1862, the company has stood for precision, quality and innovative strength ""Made in Germany"".",1038478
STAL Shock Absorbers | Gurmak Amortisor A.S.,Türkiye,Izmir,35620,Hall 9,441,Railway Technology,"STAL: Elevating Suspension of Rail System Performance Quality-driven shock absorbers (damper) for rail systems. Durability matters—built to withstand extreme conditions. Innovation, R&D, and custom solutions ensure excellence. Eco-friendly commitment for a greener rail future",1018591
Standard Radiators Pvt. Ltd,India,Vadodara,390016,Hall 18,175,Railway Technology,"STANHEX is the industrial product line of Standard Radiators and provides end-to-end cooling solutions for electric, diesel and hybrid locomotives.

STANHEX's products include oil cooling, glycol cooling, charged air cooling and engine cooling systems. We are associated with the best in the busin...",1038492
STANLEY,France,VILLEBAROU,41000,Hall 26,297,Railway Infrastructure,,1220269
STARMON s.r.o.,Czechia,Choceň,56501,Hall 23; Hall 9,310; 415,Railway Infrastructure; Public Transport,"STARMON is a technology company focused on the development, production, and support of interlocking and information systems in transport. Our product portfolio is built on three basic pillars: interlocking systems for railways, passenger information systems, and diagnostic systems.",1038525
"Steconfer, S.A.",Portugal,Póvoa de Santarém,2000-531,Hall 5.2,128,Railway Infrastructure,"Steconfer is a global rail infrastructure specialist, with a team of specialized engineers, technicians and operatives working closely with several railway authorities and operators for more than two decades.

We Rail your Way!",1038591
Steelcast Limited,India,Bhavnagar,364005,Hall 20,105,Railway Technology,"Established in 1960
100% Sales to OEMs
AAR Approved Foundry
60% of Sales are Direct Exports to End Customers
Making Castings by Sand & Shell Moulding Foundry
State of Art Inhouse CNC Machine Shop & Induction Hardening 
All manufacturing & testing facilities including all NDT inhouse including RT.",1147199
Steinke GmbH & Co. KG,Germany,Wittenberge,19322,"CityCube, Hall B",200,Railway Infrastructure,"Partner für Arbeitsschutz, Werkzeuge und Betriebseinrichtung",1209503
Stelter Zahnradfabrik GmbH,Germany,Bassum,27211,Hall 20,420,Railway Technology,"For more than 70 years, Stelter Zahnradfabrik GmbH has been a byword for gears and drive elements of outstanding quality.",1038639
Ster Sp. zo.o.,Poland,Swadzim,62-080,Hall 1.1,232,Interiors,"Ster is a leading manufacturer of seats for rolling stock, trams and urban and intercity buses.",1038658
Stercom Power Solutions GmbH,Germany,Weyarn,83629,"CityCube, Hall A",240,Railway Technology,,1038659
Sternico GmbH,Germany,Wendeburg,38176,Hall 6.2,300,Railway Technology,"Sternico offers software and hardware engineering as well as the innovative standard software products RAILBASE, COMAP and DISPOLINO for more than 20 years. All Sternico services focus on the digitisation of the railway industry and support the customer's digital transformation.",1038668
SThree GmbH,Germany,Frankfurt,60322,Hall 7.1b,370,Railway Technology,SThree verbindet Unternehmen und Fachkräfte im MINT-Bereich und zählt zu den am schnellsten wachsenden Personalberatungen Deutschlands.,1038675
Stierli-Bieger AG,Switzerland,Sursee,6210,Hall 26,292,Railway Infrastructure,"We are a manufacturer of bending and straightening machines for professional rail processing from 82 tonnes to 600 tonnes.
Numerous rail and switch factories around the world rely on our bending and straightening solutions from Stierli-Bieger AG.


For further information please visit our website.",1038685
Stirtec GmbH,Austria,Kalsdorf,8401,Hall 8.2,445,Railway Technology,"FSW full-line supplier in the field of Friction Stir Welding, based in Austria.",1038715
STRABAG Infrastructure & Safety Solutions GmbH,Austria,Wien,1210,Hall 4.1,455,Public Transport,"STRABAG Infrastructure & Safety Solutions develops and provides proprietary video surveillance, recording, transmission, and analytics systems specifically designed for public transportation applications. These solutions are deployed across trams, metro and suburban rail systems, regional and long-d",1038763
STRABAG Rail GmbH,Germany,Berlin,12103,Hall 26,560,Railway Infrastructure; Career Point,"Die STRABAG Rail, ein Unternehmen der STRABAG SE, ist seit rd. 100 Jahren erfolgreich am Markt. Durch unsere langjährige Erfahrung geben wir wertvolle Impulse bei der Planung von Bahnbauprojekten und setzen bei der Bauausführung qualitative Maßstäbe.",1038766
Stratiforme Industries,France,Bersée,59235,Hall 11.2,270,Railway Infrastructure,"For over 60 years, Stratiforme Industries has designed and manufactured composite parts for demanding industries. Based in the Hauts-de-France region, we support rail OEMs and operators from design to delivery, with full control of production and an uncompromising commitment to quality.",1038782
STRKAN s.r.o.,Czechia,Město Touškov,33033,Hall 6.2,340,World Innovations; Railway Technology,Development and production of single-purpose machines and equipment. Production of welded parts and parts of rolling stock.,1220405
Strukton,Netherlands,Utrecht,3542 DA,Hall 21,100,Railway Infrastructure,"Strukton wants to ensure the future of sustainable infrastructure by delivering expert, innovative and technology-driven solutions that are safe and provide climate-friendly mobility for generations to come.",1038818
STS Spezial-Transformatoren-Stockach GmbH & Co. KG,Germany,Stockach,78333,Hall 17,450,Railway Technology,"Inductive Efficiency – For 50+ years, STS designs, validates and manufactures custom medium-frequency transformers and inductors, turning demanding requirements into efficient inductive solutions.",1038823
Stucchi SpA,Italy,Pagazzano,24040,Hall 10.2,100,Railway Technology,"Discover Stucchi’s quick coupling expertise for advanced fluid management in railway applications. From hydraulics to cooling circuits and auxiliary lines, our solutions support safe, clean and efficient connections in demanding operating environments.",1221496
Studer Cables AG,Switzerland,Däniken,4658,Hall 12,210,Railway Technology,"Swiss Quality Cables for the Global Market
Since 1939, Studer Cables AG has been a Swiss manufacturer of safe, and innovative cable solutions. The range includes cables for energy and infrastructure, machinery cables, as well as cables for rail vehicles, airport infrastructure, and e-mobility.",1038831
Stumpe Glas GmbH,Germany,Kaufbeuren,87600,Hall 3.1,755,Railway Infrastructure,,1106824
STUVA e. V.,Germany,Köln,50827,Hall 5.2,940,Tunnel Construction,"STUVA – Competence in transport infrastructure and beyond

The Research Association for Tunnel and Transportation Facilities – STUVA – is an internationally renowned research institute. We mainly develop new products or methods in the fi eld of producing transport infrastructures in conjunction...",1038832
Stäubli Tec Systems Connectors,Germany,Bayreuth,95448,Hall 12,350,Railway Technology,"Stäubli is a global supplier of advanced connection solutions for the railway industry, providing integrated electrical and fluid technologies to simplify system design, improve safety and ensure reliable performance across all on-board applications.",1038561
"SUGANUMA CO., LTD.",Japan,"OTA-KU, TOKYO",143-0016,Hall 7.2a,100,Railway Infrastructure,"“For a Better World and a Happier Life”
– a Pioneer of OCS products in Japan –",1209070
Sun-Ways,Switzerland,Ecublens,1024,Outdoor Display,O/174,Railway Infrastructure,,1225764
SUNDARAM INDUSTRIES PRIVATE LIMITED,India,Madurai,625016,Hall 9,672,Railway Technology,"TVS Rubber is a leading manufacturer of rubber parts from India. For Railways, we make rubber parts for Gangway assembly, Flat stock, Air duct bellows, bonded valves for Braking systems, Pantograph dampers, Silent Blocks, Speri Blocks, Fire retardant Bellows, Air Springs, Fire-resistant Hoses, etc.",1208997
Sung Shin Rolling Stock Technology Limited,South Korea,Haman,52022,Hall 3.2,230,Railway Technology,"SSRST is a Korean finished rolling stock manufacturer with 36 years of experience, offering passenger coaches, DMUs, BEMUs, locomotives, special-purpose railway vehicles, wagons, and bogies for global railway markets.",1039004
SUNVIAUTO SA,Portugal,VNGaia,4415-170 Pedroso VNG,Hall 5.1,235,Public Transport,"Sunviauto SA is a Portuguese company, with product and process development, supplier of seats and metallic components mainly for the transport sector, including the automotive industry, railway industry, and bus industry.",1039047
Supercomputing Systems AG,Switzerland,Zürich,8005,Hall 2.2,250,Railway Technology,,1039068
Surlon,India,Uttar Pradesh,201310,Hall 9,643,Railway Infrastructure,"Railway buffers, hydraulic shock absorbers, pantographs, draft gear, coupling systems, vibration dampers, cable cleats, and non-metallic components for rolling stock and infrastructure. Custom-engineered, low-maintenance solutions for rail and metro systems.",1219394
Suzhou Doneka New Materials Corp. Ltd.,China,Suzhou,215416,Hall 9,130,Railway Technology,"Suzhou Doneka New Material Co.,Ltd is a manufacturer dedicated to producing special carbon materials and carbon brushes for rail, automotive, and household appliances.",1039123
"Suzhou East Railway Co.,Ltd",China,Suzhou,215511,Hall 3.1,165,Interiors; Railway Technology,"We will be attending InnoTrans 2026, booth located at Hall 3.1-165. We warmly welcome all friends to visit and discuss business opportunities.",1039124
"Suzhou FangKe Industrial Co.,Ltd.",China,Jiangsu,215400,Hall 26,107,Railway Infrastructure,"Suzhou Fangke Industrial Co., Ltd. is a self-owned brand enterprise specializing in railway fastening components and self-developed high-performance polymer raw materials. Fanke supplies reliable maintenance and repair supplies for railway lines to the global railway market.",1203583
"Suzhou Fengshi Metal Technology Co., Ltd",China,Suzhou,215143,Hall 5.1,120,Interiors,"We strive to create value for our customers by proactively understanding their needs, providing solutions and executing against the commitment we give.
We value integrity and straightforwardness in our dealings with customers, suppliers and among ourselves",1220205
SUZHOU HUAQI INTELLIGENT TECHNOLOGY CO..LTD,China,SUZHOU,215153,Hall 4.1,730,Railway Technology,"Suzhou Huaqi Intelligent Technology Co., Ltd. HQi was established in December 2010. HQi is a leading enterprise in automation and information system solutions in rolling stock industry.",1039126
"SUZHOU HUIBO RAILWAY FASTENER CO., LTD",China,Jiangsu,215500,Hall 23,223,Railway Infrastructure,,1220616
Suzhou Pixel Display Technology Co Ltd,China,Suzhou City,215000,Hall 2.1,555,Public Transport,The Display Experts,1039130
"Suzhou Speeter Lighting Technology Co.,Ltd",China,Suzhou,215101,Hall 5.1,265,Interiors,"Suzhou Speeter Lighting Technology Co., Ltd. was founded in 2013 in Mudu Town, Suzhou, with a 2,000-square-meter factory. We have a complete team covering R&D, manufacturing, sales, and customer service.",1215092
"Suzhou Sudelan Railway Parts Co., LTD",China,Jiangsu,215400,Hall 21,227,Railway Infrastructure,"Sudelan is a manufacture that produce railway fasteners, which has a greate ambition to make significant contribution to railway transportation.
Our fasteners are widely welcomed in China and the world.",1204964
SV-SHOCKS (Suomen Vaimennin Oy),Finland,JÄRVENPÄÄ,04410,Hall 9,510,Railway Technology,"By combining robust materials, precise engineering, and rigorous testing, SV-SHOCKS delivers shock absorbers that represent the true pinnacle of reliability in extreme environments—from arctic railways to desert highways, from industrial sites to military applications.",1039054
SVI S.p.A.,Italy,Lucignano,52046,Outdoor Display,O7/65; T6/55; T7/60; T7/65,Railway Infrastructure; Outdoor Display,-,1039150
"SVV Praha, s.r.o.",Czechia,Praha 4,140 00,Hall 9,310,Railway Technology,"SVV Praha provides EWF qualification, certification, testing, and technical support in welding and adhesive bonding, including certification to EN 17460, EN ISO 21368, DIN 35255 and support for TL A-0023, and key welding standards such as EN 15085-2, EN 1090, DIN 2303, EN ISO 3834 and more.",1039160
SVÚM a.s.,Czechia,Čelákovice,250 88,Hall 9,310,Railway Technology,"3VÚM a.s. is equipped with test stands Schenck 2500 kN, Schenck 300 KN or SincoTec for 'atigue 
testing of railway wheels, test stand for thermomechanical tests of wheels and Jrakes and test 
stand for tests of wagon bearings.",1039159
Sweco GmbH,Germany,Frankfurt am Main,60329,Hall 25,475,Railway Infrastructure; Career Point,"Sweco ist Europe`s leading architecture and engineering consultancy. We offer you innovative and proven solutions for all aspects of transportation, logistics and mobility.",1039173
Swibox AG,Switzerland,Balterswil,8362,Hall 5.2,935,Railway Infrastructure,"As a medium-sized Swiss companie, we owe the success of our work of the innovation and the willingness to adapt to ever-changing customer needs.With the two main sites in Switzerland and production abroad, we are able to offer customer-oriented services.Benefit from our flexibility and our kno...",1039193
Swietelsky AG,Austria,Linz,4020,Hall 26,320,Railway Infrastructure; Career Point,"We work for people.
We shape the future.
We are part of the solution.
#buildingeverbetter",1182319
Swisscom (Schweiz) AG,Switzerland,Ittigen,3063,Hall 2.2,250,Public Transport,,1225678
SwissDrives AG,Switzerland,Steinach,9323,Hall 17,440,Railway Technology,"CUSTOMISED SOLUTIONS FOR YOUR REQUIREMENTS
SwissDrives develops customised drive and control solutions. We offer intelligent, customised complete solutions from mechatronics to software. Our products: Frequency inverters, servo technology, Yaskawa robots, control systems.",1039220
swissplast Rail AG,Switzerland,Sargans,CH-7320,Hall 7.2b,200,Railway Technology,,1222196
Swissrail Industry Association,Switzerland,Bern,3011,Hall 2.2; Hall 26,250; 250,Railway Infrastructure; Railway Technology,"Discover the Swissrail Industry Association at halls 2.2 and 26, where 44 of our member companies will be showcasing their expertise. Representing over 140 companies, Swissrail is the leading local and global association for the Swiss rail and mobility industry.",1039233
Sykatec an Innomotics Business,Romania,Sibiu,550426,Hall 11.1,160,Railway Technology,,1226308
SYKO Gesellschaft für Leistungselektronik mbH,Germany,Mainhausen,63533,Hall 17,430,Railway Technology,"SYKOs competence is power electronics for mobile applications on land, at sea and in the air.

The product range starts from DC/DC-converters, front-end devices, onboard-regenerators, battery chargers,1/2 phase inverters, 3 phase inverters (f/U), frequency converters, emergency start-up systems...",1039256
Symeo GmbH,Germany,Neubiberg,85579,Hall 27,210,Railway Technology,"Your partner for state-of-the-art sensor technology

We develop and manufacture next-level-radar sensors as well as complete radio-based systems for position detection and distance measurement in real time for industrial applications. In addition, we offer reliable solutions for collision avoidance.",1039261
Syneox Rail S.L.U.,Spain,Madrid,28016,Hall 5.2,360,World Innovations; Railway Infrastructure,"Syneox is a global railway infrastructure company specialized in electrification, signaling, telecommunications, and turnkey transport solutions, delivering innovative and sustainable projects for high-speed rail, metro, and urban mobility networks worldwide.",1220187
Synics RAIL,Switzerland,Regensdorf,8105,Hall 6.1,540,World Innovations; Railway Technology,"Synics AG has been developing innovative electronic solutions for railway and industrial applications for more than 30 years. Products such as asisJRU and asisVS-100 are ideal for new build and retrofit projects. Visit us at InnoTrans 2026, Hall 6.1, Booth 540.",1219519
Systech GmbH,Germany,Bamberg,96052,Hall 9,610,Railway Technology,Taking care of your mobility…,1039297
system7 Railtechnology GmbH,Austria,Laakirchen,4664,Outdoor Display,O3/70; O/340; O/350; T3/70,World Innovations; Outdoor Display; Railway Technology; Railway Infrastructure,"system7 rail is a manufacturer of tamping machines, tamping units, tamping head attachments, mobile lifting and lining units as well as innovative measuring systems such as the inertial measuring unit for the entire railroad system. A recent extension of the product range is the ballast regulating..",1039305
Systemair GmbH,Germany,Boxberg,97944,Hall 3.1,100,Interiors,"Systemair is one of the world's leading suppliers of sustainable and energy-efficient ventilation and air conditioning systems. In Germany, the Swedish group of companies is represented by Systemair GmbH in Boxberg, Baden.",1039306
Systems Lab 21 GmbH,Germany,Potsdam,14482,"CityCube, Hall B",210,Railway Technology,"We enable safe, rapid delivery of digital signalling systems — through dependable software and automated verification.",1209399
Systems Protection - A Tenneco Company,France,Crépy-en-Valois,60800,Hall 12,440,Railway Technology,"Systems Protection is recognized as the foremost supplier and global market leader with sales offices, technical centers, and manufacturing facilities located throughout the Americas, Europe, Africa and Asia. When you partner with SP, you are getting the support of a truly global team who understand",1227383
Systemtechnik GmbH,Germany,Sömmerda,99610,Hall 2.1,435,Railway Technology,"Hardware, software & services for your daily needs. 
A complete ticketing solution to keep passengers on the move and employees working more efficiently.",1039310
SYSTRA,France,Paris,75015,Hall 5.2,265,Railway Infrastructure; World Innovations,"SYSTRA provides engineering and consultancy services for transport systems and infrastructure, helping clients design, deliver and modernize complex projects. Combining multidisciplinary expertise with digital and innovation, we deliver high-quality solutions across the full project lifecycle.",1039313
"Systrans, an Equans company",France,NEUVILLE SUR OISE,95015,Hall 2.1,740,Public Transport,"For over 40 years, Systrans, an Equans company, has been designing and developing Intelligent Transportation Systems to improve the performance and efficiency of public transit networks. NAVINEO, our CAD/AVL and Passenger Information System, is deployed worldwide on buses, light rail, and trains.",1014177
SYSTÈMES ET CONNECTIQUE DU MANS,France,Allonnes,72700,Hall 11.2,270,Railway Infrastructure,"Design, development, manufacture and sale of connectors for rolling stock.",1211188
Szakalfem Kft.,Hungary,Budaörs,2040,Hall 3.1,580,Interiors,"Concern Szakál comprises several companies that have been highly experienced for decades in production, repairs and trade of mechanical and electrical engineering.



Mr József Szakál senior established his first car repair and mountings shop in Budapest in 1946. Thanks to its continuous develo...",1039316
Sécheron SA,Switzerland,Satigny,1242,Hall 21.e; Hall 9,240; 70,Career Point; RecruitingLAB; Railway Infrastructure; Railway Technology; World Innovations,"Explore Sécheron’s cutting-edge high-voltage solutions in compact designs, and advanced power conversion systems for DC traction substations. Discover how we can meet your needs across the railway industry and beyond, and experience our commitment to excellence and customer satisfaction firsthand!",1036401
Sönmez Transformatör Sanayi ve Ticaret A.Ş.,Türkiye,Kocaeli,41455,Hall 9,420,Railway Technology,"Sönmez Transformer Company (STS) manufactures power transformers, special transformers for different applications and reactors. The Company was founded in 1976 and located in Gebze. STS exports more than 90% of its products to various countries all around the world.",1037973
T & T SRL,Italy,Napoli,80053,Hall 9,700,Railway Technology,,1226969
"T – CZ, a.s.",Czechia,Praha 8,180 00,Hall 9,310,Public Transport,,1039614
Tac Kaucuk Poliuretan San Tic Ltd Sti,Türkiye,İstanbul,34283,Hall 25,675,Railway Infrastructure,Transforming the rubber in a sustainable way,1039362
"TAICANG ZHONGBO RAILWAY FASTENING CO., LTD.",China,JIANGSU,215421,Hall 26,235,Railway Infrastructure,"ZHONGBO Railway Fastening, is a rail fastening manufacturer from china. Our products are mainly focused on railroad fastening, fastening for urban transit, fasteners for construction of tunnels, fastening for crane rails and materials around rails. Our market covers more than 60 countries worldwide,",1039389
"TAISEI TECHNO Co.,LTD",Japan,osaka,5370023,Hall 7.2a,100,Railway Technology,,1039392
Taiwan High Speed Rail Corporation,Taiwan,"Nangang District, Taipei",115605,Hall 11.2,310,Public Transport,,1227084
"Taiwan Railway Corporation,Ltd.",Taiwan,"Liming Village, Zhongzheng District",100230,Hall 11.2,310,Public Transport,"The headquarters of the Taiwan Railways Corporation is located in the Taipei Main Station complex. The company is currently led by Chairman James Jeng, who possesses extensive experience in the transportation sector, and President Feng Hui-Sheng.",1227072
Taiwan TaoYuan Metro Corporation,Taiwan,Taoyuan City Dayuan Dist,337601,Hall 11.2,310,Public Transport,"Connecting Tomorrow with Smart Rail , Driving Innovation, Empowering Mobility.",1227082
"TAIYUAN HEAVY INDUSTRY RAILWAY TRANSIT EQUIPMENT CO., LTD.",China,"Taiyuan, Shanxi Province",030032,Hall 20,650,Railway Technology,,1224923
"Taiyuan Locomotive & Rolling Stock Co., Ltd",China,Taiyuan,030027,Hall 10.1,250,Railway Technology,,1226963
TAIZHOU CITY LEMER AUTOPARTS CO. LTD,China,"TAIZHOU, ZHEJIANG",318020,Hall 20,670,Interiors,,1227163
Talbot Services GmbH,Germany,Aachen,52070,Hall 6.2,830,Public Transport,"Talbot Services GmbH is a flexible partner for the rail industry and operators of regional trains and trams.
Our core expertise in this area includes the modernization, repair, maintenance, assembly production (supplier of assemblies and components) and commissioning of new vehicles, as complete ...",1039433
TALLAG Saalfeld GmbH,Germany,Saalfeld/Saale,07318,Hall 7.2c,230,Railway Technology,The TALLAG Group is a corporate group based in Thuringia specializing in various metalworking technologies.,1226765
Talleres Alegria S.A.,Spain,Carreno-Asturias,33492,Hall 26,880a,Railway Infrastructure,"Talleres Alegría is a Spanish family Owned Company with the heritage of above 100 years in the field of manufacturing Turnout Systems, for Conventional, Metro, LRT and High Speed Lines along with the Activity of Design Manufacturing and Maintenance of freight wagons and Special Purpose Vehicles.",1039444
TALLERES CORRAL MECANIZADOS,Spain,VILLARRUBIA,14710,Hall 22,840,Railway Technology,"TalleresCorral is a medium size company, which was founded in 1958. Its focus is on the production of high quality and security requirement components for the railway industry. Currently our staff is consists of over 50 people, highlighting the high level of training and percentage of technical s...",1039446
Tampereen Tiivisteteollisuus Oy,Finland,Tampere,33560,Hall 8.1,405,Interiors,"Smarter Sealing for a Safer Tomorrow
Sealing the world with Nordic precision and quality. Fast, sustainable, reliable and flexible. At your service.",1039470
Tamtron s.r.o.,Czechia,Prague,16000,Hall 23,357,Railway Infrastructure,"Tamtron is a leading supplier of advanced weighing solutions, offering innovative weighing and dosing technologies, comprehensive lifecycle services, and modern cloud-based digital services.",1211782
Tamura Corporation,Japan,"Nerima-Ku,Tokyo",178-8511,Hall 17,235,World Innovations; Railway Technology,"Tamura Corporation conducts business operations in three areas: electronic components, electronic chemical mounting, and information equipment, to develop and supply products that meet the needs of new markets, such as the environment and energy markets.",1039473
Tamware Oy AB,Finland,Tampere,FI-33710,Hall 1.2,480,Interiors,"High quality door solutions for demanding conditions.

- Sliding plug door systems
- Interior door systems
- Sliding steps / gap fillers
- Door Controller Units",1030467
"Tangshan Kuntie Technology Co., Ltd.",China,Tangshan,063305,Hall 9,270,Railway Infrastructure,"Tangshan Kuntie Technology Co., Ltd. has developed a series of medium-sized grinding vehicles including the Medium Intelligent Rail Grinding Vehicle and Two-way Switch Grinding Robot, as well as new products such as track working vehicles and material transport vehicles.",1226689
Tatonka GmbH,Germany,Dasing,86453,Hall 6.2,870,Public Transport,"The German outdoor equipment manufacturer from Bavaria produces backpacks, bags, luggage and accessories, tents, cookware and clothing. Production is carried out according to European manufacturing standards while maintaining high social standards in the company's own SA8000-certified factories in V",1039573
Tatravagonka Bratstvo doo,Serbia,Subotica,24106,Hall 3.2,630,Railway Infrastructure,,1039578
TATRAVAGÓNKA a.s.,Slovakia,Poprad,058 01,Hall 3.2; Outdoor Display,630; T2/26; T4/50; T4/55; T4/60; T4/65; T4/70; T4/75; T4/80,Railway Technology; Outdoor Display,"THROUGH SATISFACTION TO STABILITY 

Strength of the TATRAVAGÓNKA trademark is based upon 100-year history of determined and tireless work. Complexity of our own development and professionalism of our production capacities is a guarantee of a stable partner for railways and forwarders.",1039577
TATRAVAGÓNKA Tlmače spol. s r.o.,Slovakia,Tlmače,93521,Hall 3.2,630,Railway Technology,,1039579
TCDD,Türkiye,ANKARA,06560,"CityCube, Hall B",400,Railway Technology,"Visit us and our  subsidiaries  at Hall B, Stand 400",1039607
TCM International Tool Consulting & Management GmbH,Austria,Stainz,8510,Hall 8.2,230,Railway Technology,"Proven in automotive and aerospace, now for the rail industry: TCM International showcases at InnoTrans how intelligent tool management makes tooling costs predictable and optimises manufacturing processes. Visit us – productivity starts with a conversation.",1225376
TDG TRANSIT DESIGN GROUP INC,Canada,MISSISSAUGA,L5L 0A7,Hall 3.1,680,Interiors,"TDG is a global industry leader in building complete lighting systems for locomotive and rail passenger vehicles, inside and out. This includes light rail, heavy rail, rapid transit, and commuter rail.



TDG specializes in LED & OLED innovations, continually introducing new technology which ...",1039620
TDI Greenway (Transport Design International),United Kingdom,West Midlands,WV10 9HB,"CityCube, Hall A",125,Railway Technology,,1226430
TDK Tronics,France,CROLLES,38920,Hall 6.2,950,Railway Technology,"High-precision MEMS inertial sensors by TDK Tronics for extreme railway conditions.
We deliver digital accelerometers, gyroscopes, and vibration sensors for precise positioning, train navigation, and predictive maintenance. Extreme Conditions. Exact Precision.",1219629
TEAFLEX SPA,Italy,Biassono MI,20853,Hall 15.1,430,Railway Technology,"Teaflex S.p.a is an international Italian leading manufacturer and distributor of polyamide and metallic flexible conduits, fittings, cable glands and accessories for protection and safety of electrical cables. Our products got the main important certifications for railway industry and many other.",1039631
TEAM PLASTIQUE SAS,France,CHATEAUBRIANT,44110,Hall 5.1,305,Interiors,"Since 1988, Team Plastique has been transforming plastic into technical and aesthetic components. Its expertise is recognized across seven main areas of activity (thermoforming, Vacuum laminating, thermo soft touch, Pressure forming, machining, assembly, finishing and modeling)",1222627
Team Projektbahn GmbH,Germany,München,80636,Hall 4.2,105,Railway Technology,Transport and test runs of new rolling stock,1220509
Tecair,Netherlands,Drachten,9206 BB,Hall 10.2,155,Railway Technology,"We develop smart, custom pneumatic solutions for the railway industry — from sanding and braking systems to train doors and pantographs. Trusted by 150+ organizations in 16 countries, we combine decades of pneumatics expertise with a personal, partnership-driven approach. Smart air. Lasting impact.",1220265
Tech Power Electronics Group GmbH,Germany,Freiburg im Breisgau,79106,Hall 11.1,130,Railway Infrastructure,,1219880
TECH-CO GmbH,Austria,Wolkersdorf im Weinviertel,2120,Hall 18,250,Railway Technology,,1219690
TechInn,Czechia,Pilsen,326 00,Hall 7.1a,510,AI Mobility Lab; Railway Technology,We create intelligent devices for a Smart Depot and accelerate digital transformation in Rail and Public Transport.,1210425
Techne Kirow GmbH,Germany,Leipzig,04179,Hall 26; Outdoor Display,280; O2/45; T3/50; T4/34,Railway Infrastructure; Outdoor Display,"We are the world market leader for railway cranes and slag pot carriers. Our products are based on extensive experience and a high degree of innovation. As, more than 140 years of engineering design history, and the Free State of Saxony ‘Innovation Award’ bear witness.We are driven by the...",1039657
TECHNI INDUSTRIE,France,BONCHAMP LES LAVAL,53960,Hall 3.2,210,Railway Technology,"Specialist of the industrial sheet metal workshop, TECHNI INDUSTRIE has important technical means allowing to assert itself as one of the major European actor in the world of the railroad freight.",1039658
Technik in Form Blechbearbeitung GmbH,Germany,Heilbad Heiligenstadt,37308,Hall 7.2c,230,Railway Technology,"Robust sheet metal parts & assemblies for the railway industry.
Durable, precise & cost-effective.
Welding of rail vehicles in accordance with EN 15085-2
– covering both interior components and running gear-related parts
Focus on small-batch production, spare parts, and custom solutions.",1039663
Technische Hochschule Wildau,Germany,Wildau,15745,"CityCube, Hall B",210,Railway Technology,,1039674
Technische Universität Berlin,Germany,Berlin,10623,"CityCube, Hall B",220,Railway Technology,TU Berlin participates on this year's Innotrans with the Chair of Rail Vehicles and the Chair of Railway Operations and Infrastructure.,1039675
Technischer Handel Mrose GmbH,Germany,Forst (Lausitz),03149,Hall 1.1,400,Railway Technology,,1039684
Techno-Composites Domine GmbH,Germany,Meppen,49716,Hall 5.1,160,Interiors,"TechnoComposites Domine is a reliable and experienced supplier of custom designed products made of fiber reinforced plastics.

Our engineers and technicians develop highquality system solutions for demanding applications. Our products are exceptional due to:
 
 
• Very high mechanical properties ...",1039689
Techno-elec,France,GORCY,54730,Hall 11.2,270,Railway Technology,WE MANUFACTURE PROTECTION RELAYS FOR ONBOARD AND TRACKSIDE APPLICATIONS LIKE VOLTAGE CATENARY SHORT CIRCUIT OVERLOAD AND GROUND FAULT PROTECTION,1039695
technotrans SE,Germany,Sassenberg,48336,Hall 14.1,300,Railway Technology,"technotrans SE is a global technology and service group with 18 locations. Specializing in thermal management, the company offers tailored solutions for rail transport. Products include efficient Battery Thermal Management Systems (BTMS) and environmentally friendly cooling systems.",1039706
teckentrup SLI GmbH & Co KG,Germany,Plettenberg,58840,Hall 8.2,405,World Innovations; Railway Technology,"As the inventor of the locking washer and developer of the multifunctional NSK-washers, teckentrup SLI is known for innovative solutions that secure heavy-duty screw connections.

We not only prevent loosening and unscrewing, we also permanently stabilize the preload force.",1210752
TECNICAS DEL CABLE S.A.,Spain,Agoncillo,26160,Hall 15.1,145,Railway Infrastructure,"Técnicas del Cable develops advanced cable solutions for railway and industrial applications where reliability, safety, and performance are critical. From high-speed rail and signalling systems to substations and infrastructure projects, the company delivers halogen-free, fire-resistant and low-smok",1221218
Tecnikabel SpA,Italy,Volpiano,10088,Hall 12,320,Railway Technology,"TECNIKABEL has been designing and producing special electrical and optical cables since 1978.
Since many years we have been devoting particular attention to the railway and public transportation industry, designing and manufacturing cables and wiring systems for rolling stock and signalling systems.",1039719
TECNIPUL (Tecniques de pultrusió SL),Spain,ELS PRATS DE REI,08281,Hall 1.1,300,Interiors,"TECNIPUL is redefining durability in demanding railway environments. From rolling stock components to non-conductive, corrosion-free infrastructure solutions, come and discover why we are the strategic partner for your railway projects",1221270
Tecno Spuma S.L.,Spain,Macanet De La Selva,17412,Hall 3.1,590,Railway Infrastructure,"TECNO SPUMA is dedicated to the Design, Development and Production of thermal and acoustic insulation products based on technical foams, felts, elastomers and self-adhesives, mainly for industrial markets such as Railway, Buses and Coaches, HVACR, Home Appliances, Automotive and Construction.

...",1039722
Tecnocons srl,Italy,Crispiano,74012,Hall 7.1a,540,AI Mobility Lab; World Innovations; Railway Infrastructure,"Tecnocons brings its engineering expertise to InnoTrans 2026. Railway infrastructure, project management, innovation. We look forward to meeting new partners and exploring opportunities together.
📍 Hall 7.1A — September 22–25, Berlin",1226397
TECNOLOGIE MECCANICHE SPA,Italy,ALBANO LAZIALE,00041,Hall 26,215,World Innovations; Railway Infrastructure,"Tecnologie Meccaniche SpA provides SIL4-certified high-technology systems: LED signalling, switch actuation systems and SECC Command & Control for turnouts, 3kA Train Power Line disconnectors, intelligent circuit breakers (ISRA), predictive centralized diagnostics and control room services, EULYNX i",1220355
Tecpoles GmbH,Germany,Neumarkt in der Oberpfalz,92318 Germany,Hall 26,483,Railway Infrastructure,Discover the world of poles at Tecpoles!,1210390
Tehag GmbH,Germany,Moers,47443,Hall 18,640,Railway Technology,"With nearly 30 years of experience in the field of exhaust system treatment for diesel engines, we are your competent partner for soundproofing, particle filtration, DeNOx (SCR), exhaust piping and isolation.

We see ourselves primarily as consultant for our customers. We like to put the know-how...",1039759
TEKFER S.R.L,Italy,BEINASCO,10092,Hall 10.1,270,Railway Infrastructure,"Tekfer delivers advanced railway solutions for train detection, signalling, and diagnostics, helping infrastructure managers and operators enhance safety, efficiency, and the digital transformation of rail networks.",1039774
Teknikum Group Ltd,Finland,Sastamala,38210,Hall 23,359,Railway Infrastructure,"Discover Teknikum’s railway solutions for modern rail infrastructure and rolling stock. From Teknicross® railway crossing systems to Rail-Tek® railway hoses, we help improve safety, reliability and sustainability in demanding railway environments.",1224212
Teknoware Rail&Road Oy,Finland,Lahti,15200,Hall 3.1,640,Interiors,"Engineering and development work is carried out across Teknoware units in Finland, the UK, Malaysia, Poland and the US—supporting close customer collaboration and alignment with local requirements and operating environments.",1225950
Telarc,Italy,Trezzano sul Naviglio,20090,Hall 17,215,Railway Technology,,1039792
Teldat,Spain,Tres Cantos - Madrid,28760,Hall 4.1,840,Railway Technology; World Innovations,"Teldat is a European technology company specialized in cybersecurity and communications providing secure connectivity for public transport, leveraging 5G, Wi-Fi 6, IoT, and edge computing to enable smarter, safer, and more efficient transit networks.",1039796
Telema Electricals Private Limited,India,Baddi,174 103,Hall 17,215,Railway Technology,,1039810
TELEMA SPA,Italy,PIACENZA,29122,Hall 17,215,Railway Technology,"TELEMA S.p.A. is an Italian manufacturer with over 50 years of experience in power resistors and railway components. Our portfolio includes braking and auxiliary resistors, relays, contactors, disconnectors, cooling fans and BTMS solutions for railway and e-mobility applications.",1039811
Telematix AG,Switzerland,Bern,3018,Hall 4.1,830,Railway Technology,,1039816
Telemattica,Australia,EVELEIGH,2015,Hall 6.2,900,Railway Technology,"On-board rail condition monitoring specialists.

Telemattica has extensive experience designing, manufacturing and supporting rail technology, software development and customer engagement to solve challenging maintenance and operational issues within the industry.",1039818
telent GmbH,Germany,Backnang,71522,Hall 4.1,440,Public Transport,"telent GmbH offers tailor-made technology solutions and services for the area of mission critical infrastructures, digitalization and industrial plants.",1039824
Telergon,Spain,"La Cartuja Baja, Zaragoza",50720,Hall 11.1,460,Railway Technology,"Manufacturers of specialised and customised solutions for railway applications, including cam switches, changeover switches and selectors to operate and access, 1500Vdc earthing systems or battery disconnectors. Our experience of more than 60 years in the railway sector guarantees our quality.",1039829
Teleste,Finland,Littoinen,20660,Hall 2.1,520,Public Transport,"We provide professional video and information management applications, systems and services for public safety authorities and operators as well as public transport operators and rolling stock manufacturers.",1039836
Televic Rail,Belgium,Izegem,8870,Hall 2.1,505,World Innovations; Railway Technology,"Dynamic Passenger Information Systems and Bogie Monitoring Solutions.More than 65,000+ vehicles equipped worldwide over 40 years.",1039844
Telfer Srl,Italy,CIVEZZANO (TN),38045,Hall 15.1,160,Railway Technology,Telfer is an Italian company founded in 2010 by a group of companies operating in electronics with the aim to focus on development and production of protection devices and transducers for the railways world.,1039845
Telma AG,Switzerland,Seftigen,3662,Hall 2.2,250,Railway Technology,,1039850
Teltronic,Spain,Zaragoza,50016,Hall 4.1,580,Railway Technology,"Teltronic is world leader in the design and manufacturing of mission-critical radio communications equipment and systems,  providing complete solutions for transport sector, including TETRA/4G/5G network infrastructure, MCX applications, onboard equipment, terminals and Integrated Command & Control",1039853
Tenmat Wear,United Kingdom,Manchester,M44 5EW,Hall 20,530,Railway Technology,"Tenmat Wear supplies advanced composite railway bearings and wear parts. As the manufacturer of genuine Railko and Feroform, we deliver industry-standard solutions that improve reliability, reduce wear, and extend service life across global rail applications.",1219306
Tension Control Bolts Ltd,United Kingdom,Wrexham,LL13 9XS,Hall 2.2,560,Railway Infrastructure,"The primary rail applications for TCBs include Carbodyshell, cabin assemblies, bogie link and bogie frames and we supply Alstom factories globally, Our assemblies are used in Urban, Regional, High Speed, Locomotive, Metro & Trams.",1226806
Tensol Rail SA,Switzerland,Giornico-Ticino,6745,Hall 26,335,Railway Infrastructure,"The top priorities of Tensol Rail SA production, headquartered in Giornico, Switzerland, lie in the fabrication of railroad track material. The products are highly exigent in respect to quality and security. Our company owns highly qualified staff and a very rich and decades-long experience in en...",1039888
TERMORESINE SRL,Italy,Arconate,20020,Hall 15.1,350,Railway Technology,We are a leading company in the production of electrical insulated bus bar and connections. Our custom made components are meant to solve issues difficult to tackle,1039924
tesa SE,Germany,Norderstedt,22848,Hall 8.2,205,Railway Technology,"tesa® adhesive solutions for industrial markets
Progress comes from the power of close partnerships and a backbone of innovation capabilities. We at tesa Industry continuously move our adhesive solutions forward to solve your challenges of today and innovate for tomorrow.",1039982
Tesar S.r.l.,Italy,Subbiano (Arezzo),52010,Hall 17,460,Railway Technology,High efficiency  transformers,1039983
Tesmec Rail,Italy,Monopoli,70043,Hall 26,285,Railway Infrastructure,"Tesmec designs and manufactures technological solutions for catenary installation and maintenance, as well as for the diagnostic of railway infrastructures, supporting the development of a safer, more efficient and sustainable railway network.",1039993
Tesnila GK d.o.o.,Slovenia,Prevalje,2391,Hall 8.1,111,Railway Infrastructure,"Tesnila GK is a leading European producer of INJECTION-MOULDED RUBBER PARTS made from elastomers and solid silicone. Our core expertise includes BELLOWS, GROMMETS and various SEALINGS, for industries such as Railway, Automotive, Mechanical engineering, Electronics, Automation, Fire stop systems, …",1039994
TESTING Bluhm & Feuerherdt GmbH,Germany,Berlin,12277,Hall 8.1,250,Railway Infrastructure,"TESTING Bluhm & Feuerherdt develops and manufactures high-precision testing machines and systems for materials and construction materials. At InnoTrans, TESTING showcases advanced solutions for railway infrastructure, including testing technology for concrete and railway sleepers.",1227866
Testori Textiles,Italy,Novate Milanese,20026,Hall 1.1,832,Interiors,,1219863
Texat decor engineering AG,Switzerland,8606 Nänikon,8606,Hall 1.1,640,Interiors,"Turning Great Ideas into Rail Reality - Founded in Zurich, Texat decor engineering AG is your trusted Swiss partner for innovative, high-performance railway interiors. We bridge the gap between bold concepts and tangible value, delivering tailored solutions that meet the precise requirements",1040033
Texelis Transport,France,Limoges,87000,Hall 20,570,Railway Technology,"Texelis Transport develops and manufactures high-performance axles and powertrains. From initial design right through to renovation, Texelis Transport is a consistent and reliable supplier for manufacturer-integrators.",1040034
Texspin Smith Tech Pvt Ltd,India,"Goblej, Gujarat",387540,Hall 26,410,Railway Infrastructure,"Casting supplier for railway Track and Brake. Components like Base Plate, Shoulder, Rotor tec. We specialize in turnout parts.",1203679
TFS (FEUILLARD SERVICE),France,Conches-en-Ouche,27190,Hall 11.2,270,Railway Technology,Cols Rolling - Slitting - Flattening all metals - Stock over 130 tonnes of metals - Production in emergency the weekend,1226970
The Finnish Transport and Communications Agency Traficom,Finland,Helsinki,00520,Hall 11.2,360,Public Transport,Competitive tendering of 2030s PSO passenger rail services in Finland.,1226287
The Netherlands,Netherlands,Utrecht,3511SB,Hall 11.2,120,Public Transport,The very first dutch pavilion at Innotrans; drive progress together!,1226031
The Signalling Company,Belgium,Brussels,1070,Hall 3.2,600,Railway Technology,"Welcome to the world's most advanced and cost-sustainable Automatic Train Protection for international (ETCS) and national safety standards.
Our safety-as-software paradigm eliminates the risk of hardware obsolescence and regulatory updates. Change your software not your system.",1227618
The Timken Company,France,Colmar,68002,Hall 21,560,Railway Technology,"Keeping rail in motion: Timken delivers engineered bearings, seals, lubrication systems and motion solutions that help freight, passenger, metro and high-speed rail applications run more reliably and efficiently.",1218583
Theeta Electricals Pvt. Ltd.,India,gurgaon,122050,Hall 1.1,100,Railway Technology,"Nearly 50 years of thermal engineering expertise. Railway HVAC heating solutions, braking resistors, tubular resistors and load banks—engineered in India, trusted globally, and built for the future of mobility.",1217369
Thermo Cables Limited,India,Hyderabad,500082,Hall 9,100,Railway Technology,"Thermo Cables Ltd, an IRIS certified ISO/TS 22163:2017 and an ISO 9001-2015, ISO 14001-2015 & ISO 45001-2018 certified company established in 1990 is a specialty cables manufacturer for Railway, Metro, Defense, Marine, Nuclear, Solar & Wind Power and other Process Industries including Wiring Harness",1040520
THERMO KING,Belgium,Sint-Stevens-Woluwe,1932,Hall 3.1,620,Railway Technology,Thermo King – Sustainable Passenger Comfort Solutions,1040521
Thermon Inc,United States of America,Austin,78735,Hall 3.1,390,Interiors,"Manufacturer of static & forced air heaters for the rail and transit industry.
Manufacturer of heated floors for the rail and transit industry.",1040527
Therness srl,Italy,Torino,10129,Hall 10.1,270,Railway Technology,"Inspecting 10% of rolling stock welds means leaving 90% to chance. Therness unites AI & thermography for 100% inline joint monitoring. Catch defects as the bead forms, alert the robot, and generate instant digital dossiers, reducing quality costs by up to €120k/year. 100% monitoring, 0% guesswork.",1227130
Thoni Alutec Sp z o.o.,Poland,Stalowa Wola,37-450,Hall 8.1,330,Railway Technology,"Thoni Alutec manufactures high-quality aluminium castings for the rail industry and other demanding sectors. Combining six casting technologies with comprehensive engineering support and vertically integrated production, we provide certified, ready-to-install solutions.",1040566
"Tianjin Beihai Communication Technology Co.,Ltd.",China,Tianjin,300384,Hall 4.1,520,Public Transport,A Leading Provider of Information Technology Solutions in Railway Industry,1215818
"Tianjin Rail Transit Group Co.,Ltd.",China,Tianjin,300000,Hall 7.2c,200,Public Transport,"Tianjin Rail Transit Group Co., Ltd. is an integrated urban rail transit service provider covering investment‑financing, construction, operation‑management, resource and industrial development. It delivers full‑life‑cycle technical services along the whole urban rail transit value chain.",1227313
Tibram AG,Switzerland,Uetendorf,3661,Hall 2.2,250,Railway Technology,,1211093
"TID Technology Development Co., ltd",China,Weinan,714000,Hall 22,353,Railway Infrastructure,"TID Tech have more than 20 years experience in power industry since 1998 as a composite insulator manufacturer in China, after years of technical experience accumulated and development,TID Tech succeed in manufacture high voltage transmission and distribution line products up the 750kV.
 
TID Tec...",1040626
Tiflex Limited,United Kingdom,Liskeard,PL14 4NB,Hall 3.1,840,Interiors,"Tiflex Ltd, a leading rubber and cork manufacturer in the UK has been supplying its Treadmaster Flooring to the transit industry since 1951.",1040644
TIPRO d.o.o.,Slovenia,Grosuplje,1290,Hall 4.1,640,Public Transport,Manufacturer of Voice Communication Dispatching Devices and Programmable Keyboards,1040699
TIRA GmbH,Germany,Schalkau,96528,Hall 23,850,Railway Technology,"TIRA GmbH provides custom balancing machines for optimal manufacturing processes. Our balancing technology is developed in Germany. Specifically for the railway sector, we offer wheelset and wheel disc balancing machines. Trust TIRA for precise balancing and comprehensive support.",1040701
Tisca Tischhauser AG,Switzerland,Bühler,9055,Hall 1.1,130,Interiors,"Premium mobility textiles from one single source. Made in Switzerland.

As a true all-inclusive manufacturer, Tisca designs, develops and produces all sorts of premium quality textile floor-coverings, fabrics and curtains for the complete cabin interior furnishing under one roof.",1040711
tk accelis Materials GmbH,Germany,Essen,45143,Hall 24,320,Railway Infrastructure,"Our service range contains the delivery of sleeper systems such as Y-steel sleepers, standard steel sleepers and steel bridge sleepers as well as components for rail maintenance. We also accomplish a major contribution to effective noise insulation by our elastic rail supports. Together with comp...",1040600
TLP RAIL MANUFACTURER PRIVATE LIMITED,India,Kolkata,700020,Hall 22,355,Railway Infrastructure,"TLP, India’s leading OHE and line fittings manufacturer with 50+ years of experience seeks partnerships with European OHE manufacturers to localise for Indian market and build cost-efficient global supply, backed by deep rail engineering, manufacturing scale, and failure-proof reliability.",1041472
"TMB - TIANMA (CHENGDU) RAILWAY BEARING CO., LTD",China,Chengdu,610399,Hall 20,515,Railway Technology,"TMB - Tianma (Chengdu) Railway Bearing Co., Ltd. is a leading manufacturer of railway bearing solutions, combining advanced manufacturing, certified quality and global supply capabilities. Supported by TMB Europe GmbH in Germany the Group delivers local expertise with global manufacturing excellence",1040611
TMC Transformers S.p.A.,Italy,Busto Arsizio,21052,Hall 11.1,240,Railway Technology,"TMC Transformers is your strategic partner for the supply of medium, low voltage transformers and reactors.",1040758
TMR SA,Switzerland,Martigny,1920,Hall 2.2,250,Public Transport,"Ideal gelegen in Martigny, am Schnittpunkt der internationalen Alpentransversalen, ist unser OCTOFER-Kompetenzzentrum auf die Revision von Drehgestellen spezialisiert.

Ideally located in Martigny, at the intersection of international transalpine routes, our OCTOFER Center of Excellence specializes",1211079
"TOHO SHEET & FRAME CO.,LTD.",Japan,Yachiyo,2760022,Hall 7.2a,100,Interiors,"Products
I.G.P
I.G.P is High impact resistant, insulation polycarbonate and glass composit window.
I.G.P comply with EN 45545-2 R1 HL3",1211132
"Tokyo Metro Co., Ltd.",Japan,Tokyo,110-8614,Hall 7.2a,100,Public Transport,"Tokyo Metro operates a 195 km subway network with nine lines and 180 stations in and around Tokyo, including the first subway line in Asia, which opened in 1927. An average of 7.04 million passengers use our services every day.",1040805
"Tongling Tieke Railway Equipment Co.,Ltd.",China,Tongling,244031,Hall 1.2,192,Public Transport,"Tongling Tieke Railway Equipment Co., Ltd. is a professional private enterprise engaged in R&D, manufacturing, maintenance and sales of railway freight wagons and spare parts.With a sound production base and over 200 sets of equipment, it has an annual capacity of 3,000 new wagons, 4,000 wagon repai",1220315
Tooltech Deutschland GmbH,Germany,Grafing,85567,Hall 27,880,Railway Technology,"At Tooltech, we render engineering and project management services to OEMs, System Suppliers, Operators in the mobility industry across both the design, build and operations phases. Establish in 1999, we have offices in Munich, Helsinki, Gothenburg and Pune.",1212410
Topcon Europe Positioning,Netherlands,Zoetermeer,2712 PN,Hall 5.2,945,Tunnel Construction; Railway Technology; World Innovations,,1112449
Toshulin a.s.,Czechia,Hulín,768 24,Hall 26,140,Railway Infrastructure,,1222254
Track Forward GmbH,Germany,Frankfurt am Main,60487,Hall 23,530,Railway Technology,"Optimize your wheelset management with WheelSense! Intelligent decisions in operational use, reduce material wear and cut your costs thanks to predictive maintenance.",1203426
Track Machines Connected GmbH,Austria,Linz,4020,Hall 26,270,Railway Technology,"Track Machines Connected (tmc) develops software platforms, AI-supported assistance systems and digital measurement solutions for intelligent railway maintenance. With tmOS, tmA2 and infrastructure solutions such as tmENV, tmc connects machines, infrastructure and operational railway data worldwide.",1041392
Track Tec S.A.,Poland,Warszawa,00-124,Hall 26,670,Railway Infrastructure,"Track Tec Group is a leading international provider of solutions for railway infrastructure. 
The Group currently has six production plants in Europe. 
The company’s comprehensive offer includes railway sleepers, turnouts and also installation, servicing and design consultancy services.",1041393
Track Value,France,Thorigné-Fouillard,35235,Hall 6.1,260,Railway Technology,"Track Value innovation is based on an Edge-computing architecture in which data is processed locally within the Mobile Hub, without relying on remote servers or cloud infrastructure. Only useful information is transmitted to users: alarms, reports, statuary and contextual information, etc.",1210343
tracking-rail GmbH,Switzerland,Buchs,CH-8107,Hall 2.2,250,Railway Technology,,1041394
TrackView ®,South Africa,Somerset West,7130,Hall 10.1,100,Railway Technology,"Prevent Derailments. Improve Safety. Maximise Throughput. 24/7 Broken Rail & Train Detection

Stop by our stand at InnoTrans to discover TrackView®, the patented, IoT smart sensor transforming broken rail detection and train position identification through 24/7 infrastructure-based monitoring.",1227877
Traco Electronic GmbH,Germany,Ismaning,85737,Hall 17,330,Railway Technology,"For more than three decades, TRACO POWER has been the leading manufacturer of DC/DC converters and AC/DC switching power supplies for industrial applications",1041396
Tracsis,United Kingdom,Leeds,LS2 3AA,Hall 6.1; Hall 7.1a,405; 225,World Innovations; AI Mobility Lab; Railway Technology,"Tracsis is a global transport technology leader redefining how complex networks are planned, operated, and experienced. Across rail, bus, and multimodal systems, Tracsis’ core product portfolios span: 

- Ticketing 
- Operations
- Assets 
- Safety",1041397
Trafag GmbH,Germany,Unterensingen,72669,Hall 27,780,Railway Technology,"Trafag ist ein weltweit führender Anbieter von qualitativ hochwertigen Sensoren und Überwachungsgeräten für Druck - Drucktransmitter (Druckmessumformer oder Druckmessaufnehmer) bzw. Druckschalter (Pressostaten)-, Temperatur (Thermostate sowie Temperaturtransmitter) und SF6 Gasdichte (SF6 Gasdicht...",1041413
"Traffic Control Technology Co., Ltd.",China,Beijing Municipality,0,Hall 7.2c,200,Railway Technology,,1041414
trafIT solutions gmbh,Switzerland,Zürich,8005,Hall 4.1,280,Public Transport,"Founded in 2009, trafIT solutions provides software and consulting services for the transport industry. The company is specialized in delivering efficient solutions when both domain knowledge and technical expertise are required. We produce and maintain customized software based on industry standard",1215724
trafomodern Transformatoren GmbH,Austria,Hornstein,7053,Hall 21,350,Railway Technology,"Transformers and Chokes - you better be safe

trafomodern Transformatorengesellschaft m.b.H., headquartered in Hornstein, Austria, develops and manufactures custom transformers and chokes for the mobility, industrial, drive technology, and renewable energy sectors.",1041420
Traila AG,Switzerland,Regensdorf,8105,Hall 2.2,250,Railway Technology,"Traila solves the railway noise problem at its source. Real-time onboard monitoring enables active wheel-rail conditioning, cutting noise, wear, and maintenance cost where they start.  Swiss engineering, IRIS certified. Meet us at the SwissRail Pavilion, Hall 2.2.",1212474
Train-Ing. GmbH,Germany,Mönchengladbach,41179,Hall 6.2,720,Railway Technology,"The Train-Ing. GmbH is a company that specializes in the field of rail vehicle technology. Our highly qualified employees are deployed in many company and specialist areas, as well as on all project levels, nationally and internationally.",1041432
TRAINANCE,Belgium,TOURNAI,7503,Hall 22,480,Railway Technology,,1170941
Trainline,United Kingdom,London,EC4A 4AH,Hall 7.1c,420,Mobility+; Railway Technology,"Europe's leading rail and coach platform, helping operators grow demand through digital retailing, data insights, seamless ticketing and exceptional customer experiences across international rail networks.",1041433
TrainSolutions Portugal,Portugal,Maia,4425-348,Hall 11.2,220,Railway Technology,"TrainSolutions Portugal is a consortium of 13 entities, supported by the Recovery and Resilience Plan, that seeks to realize the manufacture of railway rolling stock, embodied in a typology of three passenger carriages, promoting technologically advanced production by companies.",1227390
Trainvac GmbH,Germany,Wedel,22880,Hall 1.1,535,Interiors,,1041434
Trainweigh - Weighbridge Services Ltd,United Kingdom,Sheffield,S6 1NR,Hall 2.2,560,Railway Technology,"Trainweigh manufacture and supply the rail industry with innovative, accurate and reliable weighing solutions for all operational requirements.",1226533
TRAKO International Railway Fair,Poland,Gdansk,80-560,Hall 17,256,Railway Technology,"The 17th International Railway Fair will be held at 21-24.09.2027 in Gdańsk, Poland. TRAKO is the largest and most prestigious rail industry meeting in Poland and viceleader in Europe. A presentation of the current level of development of transport systems and rail infrastructure and trams in Europe",1027411
TRAKON SRL,Italy,Piscina,10060,Hall 10.1,270,Interiors,,1227133
Traktionssysteme Austria GmbH,Austria,Wiener Neudorf,2351,Hall 18,300,Railway Technology,"Traktionssysteme Austria (TSA) is the leading manufacturer of electromechanical drives for rolling stock and commercial road vehicles. We are your competent partner for all questions related to asynchronous and permanent magnet drives. As an independent full-range supplier, we always have the rig...",1041438
"TRAMECo Systems, s.r.o.",Czechia,BLANSKO,67801,Hall 7.1b,210,Railway Technology,"TRAMECo Systems, s.r.o. and SEFOS, s.r.o. are a leading manufacturer of the vehicle onboard electronic systems and devices with innovative solutions and hi-quality able to satisfy the customers requirements.",1041439
TRANS ENGINEERING GROUP LLC,Uzbekistan,Tashkent,100059,Hall 26,500,Railway Technology,TRANS ENGINEERING GROUP is a full-cycle engineering company that offers highly efficient and innovative integrated solutions in the field of ensuring railway transportation safety and is a developer of microprocessor-based automation and telemechanic systems and power supply systems.,1211357
Trans Europa Express Holding AG (TEX),Switzerland,Freienbach,8807,Outdoor Display,O2/85; T2/85; T2/90,Outdoor Display; Railway Infrastructure; Public Transport,,1210692
TransAnt GmbH,Austria,Linz,4020,Outdoor Display,O5/55; T5/50; T5/55; T5/60,Outdoor Display; Railway Technology,"TransANT is an Austrian company with the visionary idea of revolutionizing rail freight transport in Europe. It develops and produces future-proof, modular and customized freight wagons for Europe.
Additionally you can find us @voestalpine Railway Systems GmbH - Hall 21 | Booth 150",1041453
TransCore,United States of America,Albuquerque,87113,Hall 23,215,Railway Infrastructure,"TransCore is the source for high-performance wireless solutions for the rail industry’s ever-increasing demands in train positioning and asset management applications. As the leader in automatic equipment identification (AEI) for the rail industry, TransCore continues to set the standard by which...",1041457
Transdev Training & Rail Services GmbH,Germany,Holzkirchen,83607,Hall 7.1b,460,Public Transport; Career Point,"Fit for the rail of the future – with our smart offers. We are your expert for innovative training, competency, and qualification monitoring in the railway sector.",1220267
Transmission Dynamics,United Kingdom,Cramlington,NE23 7FP,Hall 7.1a,520,AI Mobility Lab; Railway Technology,"Transmission Dynamics is a multi-award-winning global Internet of Things solutions provider offering remote condition monitoring solutions to the rail industry via their 'Trains with Brains' portfolio, which enable enhanced operational efficiency, reduced costs, and increased asset lifespan.",1022741
Transnet,South Africa,Pretoria,0159,Hall 10.1,100,Railway Infrastructure,,1228062
Transurb,Belgium,Namur,5000,Hall 4.2,150,,"One partner for every stage. From ERTMS system integration to simulation-based training for every railway role, Transurb covers the full rail lifecycle.",1216080
Traxtion,South Africa,Rosebank,2196,Hall 10.1,100,Railway Infrastructure,,1227927
TRB Lightweight Structures Ltd,United Kingdom,Huntingdon,PE297EN,Hall 3.1,675,Interiors,"Rail Interiors, Passenger Doors, Interior Doors, Toilet Cabins, Body end Partitions, Interior Panels, Detrainment Doors, Bicycle Storage Modules, Magazine Racks, Inter Connecting Doors, Cab Doors",1041683
Trealis,France,Paris,75010,Hall 5.2,250,Railway Infrastructure,"Trealis, a subsidiary of SNCF Réseau, is a company dedicated to railway safety.",1227354
TRELLEBORG ANTIVIBRATION SOLUTIONS GERMANY GMBH,Germany,Velten,16727,Hall 9,300,Railway Technology,"With our advanced polymer technology, Trelleborg Antivibration Solutions leads the rail industry in noise and vibration control. We bring over 50 years of excellence to the rail sector. Our solutions enhance comfort, safety, efficiency, and product life while optimizing costs.",1041698
Trelleborg Industrial Products Finland OY,Finland,Sastamala,38300,Hall 9,300,Railway Technology,,1227954
TRENOLAB SRL,Italy,Gorizia,34170,Hall 4.1,620,Public Transport,"With the same passion and care of a carpenter giving shape to wood, trenolab blends big data analysis, sophisticated simulation, remarkable experience and passion to develop effective solutions for improving railway operations.



Our highly skilled team of transport, railway and computer exp...",1041713
"Treva, s.r.o.",Slovakia,Prakovce,055 62,Hall 8.1,225,Railway Technology,The power of metal combined with passion and vision,1226847
Tri-Logical Technologies Ltd.,Israel,Rishon Lezion,7536412,Hall 6.1,265,Railway Technology; World Innovations,"Trilogical delivers actionable intelligence by integrating real-time monitoring, diagnostics, and AI across locomotives and railcars - improving utilization, safety, and maintenance efficiency while reducing downtime and enabling fast ROI.",1041767
"TRIBOTEC, spol. s r.o.",Czechia,Brno,619000,Hall 22,800,Railway Technology,"• sanding systems
• wheel flange lubrication systems
• systems for railhead conditioning
• stationary track lubricators for rail curves and rail heads.",1214430
TRICON AG,Germany,Kirchentellinsfurt,72138,Hall 4.2; Outdoor Display,380; O/10,Public Transport,"Designing rail vehicles professionally. Based on this motto, Tricon develops individual designs for public transport vehicles.

Be it an exterior, interior or the drivers’ desk in the cockpit – we always take into account the requirements of users, manufacturers and operators equally.

Whethe...",1041752
TRIGO ADR Germany GmbH,Germany,Bremen,28307,Hall 6.2,930,Railway Technology,"TRIGO provides operational quality management and consulting solutions to the transportation industry.

 Its 10,000 employees in 28 countries offer a complete portfolio of services throughout the supply chain, ranging from production line inspection to auditing, consulting, engineering and training.",1041763
Trimble Railway GmbH,Germany,Wiesentheid,97353,Hall 25,385,Railway Infrastructure,Trimble rail solutions combine the latest sensors and monitoring technologies with customized software and wireless communication to quickly and accurately capture data for rail infrastructure maintenance and construction.,1041774
Triorail Bahnfunk GmbH,Germany,Pfaffenhofen,85276,Hall 7.1b,270,Railway Technology,"Triorail is the supplier of GSM-Rail wireless modules, modems and test equipment to monitor the GSM-R radio interface. The Triorail technology provides exceptionally robust reception characteristics. This provides the best possible suppression of interfering radio signals, for example, of public ...",1041790
Tritem Microsystems GmbH,Germany,Amberg,92224,Hall 7.1a,250,AI Mobility Lab; Railway Technology,"TRITEM delivers test and simulation technology. Our solutions let our customers automatically validate their TCMS software in a EN50128-compliant virtual environment before the first prototype of the train exists. This allows detection of many errors early, thus reducing cost and time to market.",1041819
TRONTEQ GmbH,Germany,Reutlingen,72768,Hall 6.1,105,Public Transport,TRONTEQ's ROQSTAR Ethernet switches are created exclusively for use in public transport vehicles. They significantly simplify the setup and operation of onboard IP networks and lay the foundation for the digital transformation of buses and trams,1204761
Trust for Engineering Industries,Egypt,Alkhanka,11371,Hall 5.1,340,Interiors,IRIS certified seats partner for global OEMs with 30+ years of experience. Have a seat!,1221780
Try&Cert,France,Saint-Denis,93210,"CityCube, Hall A",300,Railway Technology,,1041915
TS Henschel GmbH,Germany,Kassel,34123,Hall 20,370,Railway Technology,"Unsere Stärke: Individuelle Getriebelösungen ""Made in Germany""",1041918
TS Hungaria Kft.,Hungary,Miskolc,3527,Hall 3.2,630,Railway Technology,,1146926
TSL-ESCHA,Germany,Halver,58553,Hall 27,480,Railway Technology,"TSL stands for Touch, Signal and Light. Door opening push buttons, LED signal lights, sounders, indicator and display devices as well as LED lighting are part of the product portfolio. The products are being utilized in thousands of vehicles worldwide.",1041935
TSO SAS,France,Chelles,77500,Hall 5.2,740,Railway Infrastructure,"Around the world, NGE teams design, build and renew infrastructure with a focus on rail infrastructure thanks to its TSO subsidiary. The Group has 23,000 employees, a turnover of €4 billion and is present in 17 countries worldwide.",1041937
TTC Controls s.r.o.,Czechia,Praha 10,100 00,Hall 9,310,Public Transport,,1211288
TTC MARCONI s.r.o.,Czechia,Praha 10 - Strašnice,100 00,Hall 6.1,345,Railway Infrastructure,,1211287
"TU Dresden, Fakultät Verkehrswissenschaften ""Friedrich List""",Germany,Dresden,01069,Hall 7.2b,100,Railway Technology,,1220177
TU Wien,Austria,Wien,1040,Hall 6.1,210,Public Transport,,1227063
TUC RAIL,Belgium,Brussels,1060,Hall 11.2,265,Railway Infrastructure,TUC RAIL is the engineering subsidiary of the Belgian railway infrastructure manager Infrabel. It offers specialized engineering and consultancy services for the modernisation of existing and the creation of new capacity increasing sustainable railway infrastructures.,1211662
Turbo Power Systems,United Kingdom,Gateshead,NE11 0QD,Hall 17,170,Railway Technology,,1042040
Tworzywa Sztuczne PZL Mielec Sp. z o.o. Sp. j.,Poland,Mielec,39-300,Hall 5.1,310,Interiors,"Tworzywa Sztuczne PZL Mielec has over 30 years of experience in manufacturing composite components for the transportation and industrial sectors. We provide solutions that enhance vehicle safety, durability, and efficiency - from design through mass production.",1223580
TXM Consult Ltd,United Kingdom,Milton Keynes,MK12 5NE,Hall 6.1,470,Public Transport,"TXM Consult supports rail & infrastructure organisations to deliver complex programmes & critical projects. We combine strategic advisory with hands-on delivery, working closely with clients to solve real challenges, improve performance & deliver meaningful outcomes across Mobility & Infrastructure.",1206016
TXO GmbH,Germany,Solingen,42699,Hall 27,860,Railway Infrastructure,"TXO transforms technology for a more sustainable future. Through circular lifecycle solutions and rail-focused urban mining, we recover valuable materials, replace legacy infrastructure and deliver measurable environmental, operational and financial benefits.",1205713
Técnica y Proyectos S.A. (TYPSA),Spain,San Sebastian de los Reyes,28703,Hall 22,700,Railway Infrastructure,"Global consulting engineering group specialized in creating resource-efficient, competitive and intelligent transport systems, including HSR, conventional, metro, tram & commuter rail setmarks",1209536
TÜRASAŞ- TÜRKİYE RAYLI SİSTEM ARAÇLARI SANAYİ A.Ş,Türkiye,ANKARA,06530,Hall 4.2,370,Railway Technology,"Freight wagon, passenger coach, DMU, EMU, Locomotive, Shunting, Sgns 90, Sggmrs. Battery car",1042035
Türk + Hillinger Elektrowärme GmbH,Germany,Limbach-Oberfrohna,09212,Hall 7.2b,100,,"We are a successful medium-sized enterprise based in Limbach-Oberfrohna, Germany.

With about 850 employees the Türk + Hillinger Group produces electrical heating elements, braking- and retardation resistors and point or switch heaters.

Our customers are well-known companies of the automobile in...",1042085
TÜV Rheinland AG,Germany,Köln,51105,"CityCube, Hall A",405,Public Transport,"With our experts, TÜV Rheinland offers you a broad portfolio of services for rail vehicles in the areas of high-speed, regional and long-distance transport, rail freight transport and in the urban sector (metros, light rail vehicles and streetcars, self-propelled and cable-drawn transport systems).",1042130
TÜV SÜD,Germany,München,80686,"CityCube, Hall A",645,Railway Technology,"TÜV SÜD supports rail manufacturers, operators and authorities with a comprehensive portfolio of inspection, testing, certification and training services to ensure safe and secure as well as reliable and efficient railway transportation.",1042136
"Třinecké železárny,a.s.",Czechia,"Třinec, Staré Město",739 61,Hall 21,250,Railway Infrastructure,The largest steel producer in the Czech Republic,1041783
U-Lift AB,Sweden,Backaryd,37277,Hall 3.1,735,Interiors,"U-Lift AB 
Wheel chair lifts, Air-suspension for Train - Tram and Minibuses.
More information, visit our homepage www.u-lift.se or send 
mail info@u-lift.se",1042283
UBIDATA SA,Belgium,Brussels,1040,Hall 11.2,260,Railway Technology,,1125075
Ucentrics AG,Switzerland,Zurich,8005,Hall 11.1; Hall 7.1a,265; 330,AI Mobility Lab; Railway Technology,"User Guidance, Error-Free,
Ready in Minutes

Powered by AR + AI",1224048
UCI Group,Ukraine,Cherkasy,18008,Hall 4.2,410,Railway Infrastructure,,1211696
UEG Tekstil Paz. ltd. Sti,Türkiye,BURSA,16000 Bursa,Hall 5.1,420,Interiors,"UEG Tekstil specializes in interior design solutions and the production of artificial leather and fabrics for passenger seats in the bus, railway, and marine sectors.",1210593
UITP,Belgium,Brussels,1080,Hall 7.1b,330,Public Transport,"UITP (International Association of Public Transport) is a passionate champion of sustainable urban mobility and is the only worldwide network to bring together all public transport stakeholders and all sustainable transport modes. We have 1,500 member companies giving access to over 18,000 contac...",1042256
Ukrainian Scale Company,Ukraine,Kharkiv,61000,Hall 4.2,410,Railway Infrastructure,,1211724
Ulasimpark AŞ,Türkiye,Kocaeli,41050,Hall 6.1,340,Public Transport,UlaşımPark A.Ş. is the transportation services company of the Kocaeli Metropolitan Municipality,1221269
ULTIMATE Europe Transportation Equipment GmbH,Austria,St. Georgen/Ybbsfelde,3304,Hall 1.2,170,World Innovations; Interiors,"ULTIMATE Europe is the European Engineering-, Sales- and Service-Subsidiary of the ULTIMATE Group, which is engaged in the development and production of Gangway Systems, Door Systems and Interiors for Rail-Cars and Busses(new projects and refurbishment).Ultimate employee knowing the Railw...",1042293
Ultrafog S.p.A.,Italy,Massarosa,55054,Hall 5.2,615,Railway Technology,"Ultra Fog, established in Sweden in 1990, specializes in high-pressure water mist fire extinguishing systems. With scrupulous R&D and rigorous testing, our systems are tailored to provide fire safety for trains, metro stations or tunnels. The system is compliant with the UNI 11565:2021 standard.",1042297
Ulusoy Raylı Sistemler A.S.,Türkiye,Ankara,06935,Hall 22,180,Railway Infrastructure,"what we produce
a.Cast/Forged Cantilever
b.LSR Type Composite Insulators
c.Automatic Tensioning Device 1:3 and 1:5
d.Conductor Clamps
e.Dropper Assembly
f.Neutral Sections
g.Light Weight Section Insulator",1042308
Unex,Spain,Barcelona,08005,Hall 5.2,135,Railway Infrastructure,"Unex Group, with a history spanning 60 years, is a European leader in manufacturing innovative electrical insulating Cable Management Systems.",1042356
Unfallversicherung Bund und Bahn,Germany,Frankfurt am Main,60487,Hall 25,270,,"The UVB, German Social Accident Insurance Institution for the Federal Government and for the Railway Services, is the social accident insurance institution for more than eleven million people in around 2,200 public administrations and companies as well as companies in the federal and railway sectors",1042359
Unicla International Limited,Hong Kong SAR China,Chaiwan,999077,Hall 8.1,200,Railway Technology,"Unicla eDrive Intelligent HVACR Compressors

Plug In. Power Up. Move Smarter.

- Seamless plug-and-play integration for diesel & electric locomotives (OEM and retrofit ready)
- Competitive alternative to traditional DC drive systems
- Reduced lifecycle cost with improved reliability and uptime",1226754
UNIFE - The European Rail Supply Industry Association,Belgium,Bruxelles,1050,Hall 4.2,230,Railway Technology,"UNIFE’s mission is to enhance the global competitiveness of the European rail supply industry and promote the development of rail as the preferred mode of transportation in Europe and globally.

For more info visit us in Hall 4.2 at Stand 230",1042382
UNIFER,France,VITROLLES,13127,Hall 11.2,270,Railway Infrastructure,"UNIFER, an expert in railway projects, delivers customized, high-performance, and sustainable solutions worldwide",1226758
Unipart,United Kingdom,Doncaster,DN4 5PD,Hall 26,220,World Innovations; Railway Infrastructure,"Unipart is a supply chain performance improvement partner with decades of experience across the global rail industry. We design, make, move and improve our customers' supply chains, keeping their operations and assets moving and working better, for longer.",1042414
Unstad AS,Norway,OSLO,0192,Hall 1.1,690,Travel Catering & Comfort Services; Interiors,,1220105
Unwired Networks GmbH,Austria,Wien,1010,Hall 4.1,235,Public Transport,"Unwired Edge Cloud: Unify. Connect. Orchestrate.

Unify: Unified device management across vendors on a single platform.

Connect: Uninterrupted train-to-ground connectivity and superior passenger WiFi.

Orchestrate: Secure Edge Computing for connected edge applications and future expandability.",1042523
"UROMAC SYSTEMS, S.A.",Spain,CASTROPOL,33794,Outdoor Display,O/230,Outdoor Display; Railway Infrastructure,UROMAC presents the new and innovative Electric Draisine for Metro and Tramway lines.,1042584
UVT Unternehmensberatung für Verkehr und Technik GmbH,Germany,Mainz,55118,Hall 2.1,815,Public Transport,"UVT Unternehmensberatung für Verkehr und Technik GmbH which is based in Mainz, Germany, is an engineering consultant and system developer working in public transport for over 30 years.",1042641
UYGUNER LEATHER,Türkiye,ISTANBUL,34413,Hall 1.1,655,Interiors,"High-performance genuine leather solutions tailored for the railway, aviation, yachting, automotive, and furniture industries.",1213265
Uzbekistan Railways,Uzbekistan,Tashkent,100060,"CityCube, Hall A",435,Railway Infrastructure,Uzbekistan Railways JSC,1220912
V+S - Vogel & Schemmann Maschinen GmbH,Germany,Hagen,58093,Hall 6.2,365,Railway Technology,We supply customers worldwide with first-class shot blast machines and are also happy to design machines especially for you to meet your specific requirements.,1226762
V-Bahn AG,Switzerland,Zug,6300,Hall 2.2,250,Railway Infrastructure,,1225682
VA-KO Vagon Konteyner Makina Mühendislik Proje Sanayi ve Ticaret A.Ş.,Türkiye,Ankara,06910,Hall 4.2; Outdoor Display,180; T4/10,Railway Technology; Outdoor Display,"VAKO is the first private company in Turkey established upon the association of its industrial experience of over 50 years, of engineering and wagon manufacturing to produce freight wagons in the national and international railway sector.",1042698
Vaber Industriale S.p.A.,Italy,Torino,10156,Hall 8.2,410,Public Transport,"Vaber Industriale a Shamrock International Family has been producing for more than 60 years chemical specialties and innovative solutions for Railway Industry:

• Sound Deadening Coatings for the dampening of solid noise.

• Intumescent paint for passive fire protection
 
• Under body Coating",1042671
Vac-Ex,United Kingdom,Doncaster,DN8 5JU,Outdoor Display,O/370,Railway Infrastructure; Outdoor Display; World Innovations,"VAC EX will showcase the 360-VAC®, a specialist vacuum excavation attachment fitted with a multi-stage filtration system to be coupled with a mechanical excavator. It helps rail contractors excavate safely, reduce disruption, minimise utility strikes, and improve efficiency in trackside environments",1220612
VAGOTECH SA,Belgium,Jumet,6040,Hall 11.2,260,Railway Infrastructure,,1227015
Vagoteq GmbH,Germany,Bischofsheim,65474,Hall 9,620,Railway Infrastructure,,1219461
VALDUNES INDUSTRIES,France,Trith Saint Léger,59125,Hall 20,505,Railway Technology,"VALDUNES INDUSTRIES is one of the world’s leading manufacturers and suppliers of forged wheels, axles and wheelsets for rolling stock.",1211999
Valente SPA,Italy,Lainate,20045,Hall 5.2,840,Tunnel Construction,"Since 1919, VALENTE SPA has excelled in railway equipment, tunnelling, mining, and special steel structures. We engineer and manufacture all types of switches and turnouts, market various rails and fixing systems, and provide a wide range of crane rails and accessories. Our innovative solutions are",1042714
Valucorp 236cc T/A DDS Industrial,South Africa,Richards Bay,3900,Hall 10.1,100,Railway Infrastructure,,1227876
VALVITALIA S.P.A. - FIRE FIGHTING DIVISION,Italy,Ancona,60131,Hall 7.1b,110,Public Transport,"Valvitalia Firefighting Division delivers advanced firefighting systems for critical industries. From oil & gas to infrastructure and railways, we provide reliable, tailored solutions that ensure maximum safety, protect assets, and safeguard the environment worldwide.",1214432
varialux-nmd GmbH,Germany,Arnsdorf,01477,Hall 3.1,175,Interiors,"VARIALUX Beleuchtungssysteme für schienengebundene Fahrzeuge sind in Triebzügen, Lokomotiven, Reisezugwagen, Straßenbahnen, S-Bahnen und U-Bahnen Europas, Afrikas und Asiens seit 5 Jahrzehnten zu finden. Das Qualitätsmanagementsystem von VARIALUX ist nach DIN EN ISO 9001:2015 zertifiziert und gar...",1042834
Varicor GmbH,Germany,Gaggenau,76571,Hall 1.1,170,Travel Catering & Comfort Services; Interiors,"For more than 40 years, the solid surface material VARICOR® is a synonym for high-quality solutions in the railway sector as well as in many other fields of business.
Several leading companies decided for VARICOR® for their own developments.

The homogeneous and pore-free surface of VARICOR® i...",1042840
VBB Verkehrsverbund Berlin-Brandenburg,Germany,Berlin,10243,"CityCube, Hall B",320,Public Transport,,1042877
VCE Vienna Consulting Engineers ZT GmbH,Austria,Wien,1030,Hall 25,172,Railway Infrastructure,"VCE supports your project!
Trusted engineering partner for complex international infrastructure projects.
Infrastructure & Mobility,  Buildings & Construction,  Environmental Consulting and Digital Engineering are our expertises.",1211659
VDEI e. V.,Germany,Berlin,10115,"CityCube, Hall B",110,Railway Technology,,1042933
VDL Nederland bv,Netherlands,Eindhoven,5652 AW,Hall 5.2,500,Railway Infrastructure,,1220378
VDS RAIL SPA,Italy,SESTO FIORENTINO,50019,Hall 27,580,Railway Technology,"VDS Rail is a trusted provider of onboard Networking Solutions and HMI devices for the Rolling Stock industry. With more than 40 years of expertise and over 200 successful projects delivered across 30 countries, the company is recognized as a reliable partner for advanced train communication systems",1042948
VDV Academy & Training GmbH,Germany,Köln,50672,Hall 2.2,410,Public Transport,"Recruiting talent. Keeping mobility moving. We work together to bring more qualified people reliably into the system – in regional rail, local public transport and rail freight. This is how we strengthen operations, improve timetable reliability and support stable everyday mobility.",1226964
VDV eTicket Service GmbH & Co KG,Germany,Köln,50670,Hall 2.2,410,Public Transport,VDV eTicket Service is a partner and service provider for transport companies and associations and operates (((eTicket Deutschland on their behalf.,1042953
VDV-Akademie,Germany,Köln,50672,Hall 2.2,410,Public Transport,"Training and professional development for the public transport of tomorrow
Learning solutions for public transport and rail freight: The VDV-Akademie supports transport operators, employees and industry partners in finding training and professional development programmes suited to their roles...",1042954
"Vecow Co., Ltd.",Taiwan,New Taipei City,23586,Hall 4.1,515,Public Transport,"Accelerate smart mobility innovations with Vecow: Vecow delivers EN50155 & EN45545-2 certified In-Vehicle AI Inference platforms. We bring physical AI to edge deployments across Digital Rail and Transportation, leveraging rugged designs for Machine Vision & Robotics.",1042960
Vector Informatik GmbH,Germany,Stuttgart,70499,Hall 27,772,World Innovations; Railway Technology,"Vector is a leading solution provider and trusted partner in the development and networking of software-defined systems. At the core of Vector’s portfolio is a comprehensive software ecosystem that seamlessly integrates tools, embedded software, cloud services, and engineering expertise.",1042964
Vecturis S.A.,Belgium,Limal,1300,Hall 11.2,260,Railway Technology,"Combining operational expertise and innovation, Vecturis delivers integrated rail solutions for freight and passengers. From infrastructure to operations and from feasibility studies to operations, we enhance performance while ensuring safe and sustainable transport.",1042966
vedisys AG,Germany,Griesheim,64347,Hall 7.1c,230,Public Transport; Mobility+,"vedisys AG develops digital solutions for public transport with the mobilityportal®: VHGS, an app solution with an integrated web shop for eTicketing (Motics- and eticore-ready), subscription management, business portal, customer engagement, school transport and BI  – for the mobility of tomorrow.",1226008
VeeOne AB,Sweden,Stockholm,111 20,Hall 6.1,255,Railway Technology,"VeeOne is a specialist crew planning company serving rail operators and airlines of all sizes, worldwide. We're operators ourselves — founded and run by people with deep, firsthand experience in planning, rostering, and optimization.",1227062
VEINLAND GmbH,Germany,Seddiner See,14554,"CityCube, Hall B",210,Railway Technology,"Innovation, sustainability, and safety in perfect harmony.",1218581
VEM GmbH,Germany,Dresden,01257,Hall 18,450,Railway Technology,"VEM is a German manufacturer of electric drive solutions: motors, generators and drive systems. Our machines in the power range of 0.06 kW to 100 MW are used worldwide in all industrial branches.

They are designed and manufactured individually according to customer requirements.",1043023
Vemango GmbH,Germany,Berlin,13507,"CityCube, Hall B",120,Railway Technology,"INNOVATION IN MOVEMENT

Vemango GmbH develops modular ECM software for the railway industry. It digitizes maintenance from planning to documentation, provides transparency, supports ECM compliance, and flexibly adapts to different operational workflows.",1043024
Venair,Spain,Terrassa,08226,Hall 10.2,320,Railway Technology,"Venair designs and manufactures high-performance silicone hoses and custom fluid transfer solutions for the railway industry, meeting EN 45545-2 requirements for safety, reliability, and long-term performance.",1043026
Vending Automater ApS,Denmark,Gadstrup,4621,Hall 1.1,590,Travel Catering & Comfort Services; Interiors,"Coffee & Snack Vending Machines to rolling stock.
Visit our stand to have a discussion on the future of catering in trains",1206157
Ventherm A/S,Denmark,Broby,5672,Hall 6.2,375,Railway Technology,,1210004
Verband der Bahnindustrie in Deutschland (VDB) e.V.,Germany,Berlin,10117,Hall 2.2,105,Railway Technology,"The German Railway Industry Association (VDB) is the only trade association for German-based suppliers of railway equipment and services in Germany and represents the interests of its more than 200 members, OEMs as well as small-and medium-sized enterprises. The VDB is engaged continuously with m...",1043071
Verband Deutscher Eisenbahnfachschulen e. V.,Germany,Halle (Saale),06110,Hall 2.2,410,Railway Infrastructure,"Der VDEF ist Ihr kompetenter Bildungspartner im Eisenbahnverkehrsmarkt – bundesweit vertreten und lokal verankert, mit seinen Bildungszentren in:

Berlin, Dresden, Erfurt, Essen, Frankfurt (Main), Halle (Saale), Hamburg, Hannover, Karlsruhe, Kassel, Köln, München, Nürnberg, Saarbrücken, Stuttgart",1043075
Verband Deutscher Verkehrsunternehmen (VDV),Germany,Köln,50672,Hall 2.2,410,Public Transport,"About 700 companies performing public passenger transport and rail freight transport in Germany are organised in the “Verband Deutscher Verkehrsunternehmen” (VDV). The VDV advises and supports its member companies and politicians, supports the exchange of experience and know-how between the members.",1043079
Verband nichtbundeseigener Eisenbahn-Infrastrukturbetreiber e.V. (VNEI e.V),Germany,Berlin,10117,Hall 15.1,130,Railway Infrastructure,,1227996
Verkehrs-Consult Leipzig (VCL) GmbH,Germany,Leipzig,04103,Hall 2.1,750,Public Transport,VCL is a one-stop Consultancy of public transportation and infrastructure solutions.,1220183
VerkehrsBauAkademie GmbH,Germany,Berlin,12681,"CityCube, Hall B",220,Railway Infrastructure,,1226640
Verkehrsverbund Mittelsachsen GmbH,Germany,Chemnitz,09111,Hall 7.2b,100,Public Transport,"Das Gebiet des Verkehrsverbundes Mittelsachsen (VMS) umfasst die kreisfreie Stadt Chemnitz und Zwickau, den Erzgebirgskreis sowie die Landkreise Mittelsachsen und Zwickau. Auf einer Fläche von 5 111 km² leben zirka 1,23 Mio. Menschen. Mit einer Bevölkerungsdichte von durchschnittlich 350 Einwohner..",1043156
Verkehrsverbund Rhein-Sieg GmbH / Kompetenzcenter Marketing NRW,Germany,Köln,50679,Hall 2.2,410,Public Transport,,1227026
VERRE INDUSTRIE,France,Croissy Beaubourg,77183,Hall 3.2,210,Interiors,"We process any kind of glass from the easiest to the most technical one, and we provide small to middle size pieces for most industrial sectors. From prototype to mass production, we are your major partner for all of your projects in transport, electronics, lighting, medical, military or chemical.",1043172
Verwaltungsberufsgenossenschaft,Germany,Hamburg,20097,Hall 25,270,Public Transport,,1220514
Vesputi GmbH,Germany,Leipzig,04179,Hall 7.1c,205,Public Transport; Mobility+,"Mobilitybox by Tracsis is a B2B tech product moving public transport to the core of connected mobility services. The standardised API links transport operators with hotels, airlines, event platforms and beyond — seamlessly integrated, built for scale.",1043191
VFC Engineering,France,Paris,75001,Hall 23,325,Railway Infrastructure,,1043201
Via,Germany,Berlin,10115,Hall 7.1c,160,Mobility+; Public Transport,Software and operations that elevate transit in every community.,1043246
Via Libre / FFE,Spain,Madrid,28012,Hall 22,810,Public Transport,,1016755
VIA-Con Development,Germany,Bamberg,96049,"CityCube, Hall A",240,Railway Infrastructure,"The services provided by VIA-Con Development GmbH were fully integrated into quattron GmbH in 2024. For further information, please visit quattron GmbH or go online to https://www.quattron.com/",1226515
VIANOVA Technologies GmbH,Germany,Kaufbeuren,87600,Hall 2.1,610,Public Transport,"VIANOVA Technologies is a manufacturer of high-resolution dynamic real-time on-board infotainment systems and next stop announcement for passenger transportation vehicles including underground trains, trolleybuses and trams as well as buses in USA and around the world.",1043288
VIAVI Solutions,France,Saint-Herblain,44800,Hall 6.1,245,Railway Technology,"Visit us at booth #245 Hall 6.1 to discover our latest ERTMS/FRMCS service assurance solutions, including cybersecurity and advanced drive testing.",1043300
VIBRATEC,France,ECULLY,69130,Hall 5.2,150,Railway Infrastructure,"Vibratec supports the sizing and optimisation of railway infrastructure and rolling stock equipment. Wheel–rail, vibration, noise or fatigue issues? We help understand physical phenomena, identify root causes and support engineering decisions through testing, simulation and analysis.",1137918
Vigier Rail AG,Switzerland,Müntschemier,3225,Hall 26,370,World Innovations; Railway Infrastructure,"Vigier Rail is the leading Swiss manufacturer of concrete products for the railway industry. As a company with a long tradition, we have over 60 years of experience and international know-how.

We have always set consistently high standards for the quality, functionality and safety of our produ...",1043402
VIGNAL SESALY,France,CORBAS,69960,Hall 5.1,320,Interiors,"At Vignal Group, our expertise in mechanics, electronics, thermics, lighting, and optics allows us to provide our customers with customized solutions based on perfectly mastered technologies and processes. Our solutions meet current railway regulations and standards.",1043405
Vilrox Mobility Pvt Ltd,India,Bangalore,560082,Hall 27,754,Railway Infrastructure,"Vilrox Mobility is an India-based railway engineering company specializing in signalling and safety solutions like Electronic Interlocking systems and Kavach deployment. Offering end-to-end services from design and verification to commissioning and AMC, supporting safer, smarter rail infrastructure.",1220415
VINCI RAILWAYS,France,Nanterre,92757,Hall 5.2,360,Railway Infrastructure,"VINCI Railways designs, finances, builds and operates rail and urban transport infrastructures. It is a partner of choice to help governments and local authorities tackle the challenge of sustainable mobility.",1211835
"Virtualmechanics, S.L.",Spain,SEVILLA,41015,Hall 24,240,Railway Infrastructure,"“WE TRANSFORM COMMERCIAL VEHICLES INTO INTELLIGENT RAILWAY MEASUREMENT LABS” Virtualmech offers a smarter solution through continuous onboard monitoring in real operating conditions, without disrupting daily operations. vmRail",1225852
VIRTUALWARE,Spain,Basauri,48970,Hall 22,700,World Innovations; Railway Technology,"Discover how Virtualware and ADIF, the Spanish public entity managing the national railway network, are shaping the future of railway training through immersive technologies—enabling safe and efficient operation and maintenance of railway infrastructures.",1225198
VIS Suomen Kiskokalustotehdas Oy,Finland,Hyvinkää,05820,Hall 8.1,230,Railway Technology,"Vis Suomen Kiskokalustotehdas Oy | Freight wagon manufacturing, plus expert maintenance and modernization for locomotives, passenger coaches, commuter trains, and components. Reliable rolling stock expertise since 2024. Welcome to our stand!",1225782
VIS Verkehrs Industrie Systeme GmbH,Germany,Halberstadt,38820,Hall 8.1,230,Railway Technology,"VIS GmbH in Halberstadt represents manufacturing experience spanning more than 170 years and expertise in the construction of railway vehicles. From its modest beginnings in 1843, the company developed from repairing passenger and goods carriages and steam locomotives into a manufacturer of new p...",1043149
VISATON GmbH & Co. KG,Germany,Haan,42781,Hall 4.1,180,Railway Infrastructure,"With more than 55 years of experience in the field of acoustics and loudspeaker technology and a future oriented engagement in research and development, plus the high quality standard of our production, we are nowadays highly specialised and world wide successfully operating.",1043538
Vishay Electronic GmbH,Germany,Selb,95100,Hall 17,340,Railway Technology,"Vishay is one of the world’s most trusted manufacturers of electronic components. From discrete semiconductors to passive components, from the smallest diode to the most powerful capacitor.",1043548
"VisioStack, Inc.",United States of America,Greenville,29601,Hall 6.1,320,Railway Infrastructure; World Innovations,"Transforming railway data into smarter, safer infrastructure decisions.",1222554
VISUAL COUNTER,Spain,Madrid,28037,Hall 2.1,230,Public Transport,"PASSENGER COUNTING FOR PUBLIC TRANSPORT

Optimize your routes with VISUALCOUNTER.TRANSIT-TOF. Our bidirectional counting system lets you reliably track and analyze passenger flows. Make profitable, data-driven decisions today!",1021045
VIVAVIS AG,Germany,Ettlingen,76275,Hall 22,130,Railway Infrastructure,"VIVAVIS AG is shaping the digital future of the utility industry. Since 1975, we have been developing smart, high-precision solutions for critical infrastructures with a strong focus on energy and water networks.",1212682
VIVERIS TECHNOLOGIES,France,VILLEURBANNE,69100,Hall 3.2,100,Railway Technology,"With 40 years of experience, Viveris is a key player in the rail sector, which accounts for 21% of its business activity. With 220 dedicated experts, we design software and hardware solutions that address industrial challenges and deliver safer, smarter and more reliable rail networks through embedd",1177260
VIVOTEK Netherlands B.V.,Netherlands,Hoofddorp,2132 MZ,Hall 4.1,150,Public Transport,"Manufacturer of video surveillance (CCTV) and smart IP-camera components (exterior and interior) for rolling stock, buses, and public transportation infrastructure with a strong R&D background and customization capability.",1043819
Vodafone GmbH,Germany,Düsseldorf,40549,Hall 7.2b,200,Railway Technology,"Vodafone MCx enables secure, prioritised group communication for railway operations over public 4G and 5G networks. Dynamic 3GPP‑based prioritisation ensures real‑time voice and push‑to‑talk even under heavy load, supporting resilient, safe and coordinated rail operations.",1164024
voestalpine Railway Systems GmbH,Austria,Leoben,8700,Hall 21,150,World Innovations; Railway Infrastructure; Career Point,"voestalpine Railway Systems is the global leader for railway infrastructure system solutions, offering outstanding products, logistics and services for turnouts, rails, signaling and monitoring applications. As track technology company and full-system supplier we ensure  SYSTEM PERFORMANCE ON TRACK.",1043857
voestalpine Railway Systems JEZ,Spain,Laudio/Llodio,01400,Hall 22,700,Railway Infrastructure,"voestalpine Railway Systems JEZ is part of the voestalpine Railway Systems Group, the world-market leader in railway systems. 
It is committed to designing, manufacturing, supplying and maintaining all types of manganese steel crossings and turnout systems for railways and tramways.",1043858
Vogel & Plötscher GmbH & Co. KG,Germany,Breisach am Rhein,79206,Hall 26,470,Railway Infrastructure,"Vogel & Plötscher is world-leading manufacturer for track measuring devices. The measuring technology by V&P has become a benchmark in accuracy, reliability, and efficiency. 

Furthermore, V&P produces electrical traction drives in different versions.

V&P is a member of the ROBEL Group.",1043870
Vogelsang GmbH & Co. KG,Germany,Essen (Oldenburg),49632,Hall 6.2,315,Railway Technology,"A clean solution for the environment and railways

Since the1990s, passenger rail coaches in a growing number of countries have been equipped with sewage tanks. This has required rail stations and depots to install equipment for pumping off and handling sewage from rail coahes.There are various...",1043873
voice INTER connect GmbH,Germany,Dresden,01067,Hall 4.1,200,Railway Infrastructure; World Innovations,"voice INTER connect - developing professional audio solutions for demanding industrial applications since 2001. Using speech technology – noise filtering, voice communication and assistance – we achieve a high level of user-friendliness and excellent speech intelligibility in everyday applications.",1194665
VOLANTE GmbH & Co. KG,Germany,Windischeschenbach,92670,Hall 1.1,730,Interiors,"History and Company Profile

VOLANTE Verkleidungssysteme GmbH was founded in 1998 as an independent company specializing in interior solutions for the transportation sector and was restructured into VOLANTE GmbH & Co. KG on January 1st, 2023. Today, we are a family-owned company with well over...",1043906
volytica diagnostics GmbH,Germany,Dresden,01097,Hall 7.1c,210,Public Transport; Mobility+,"Pioneer in battery analytics: volytica provides independent battery analytics for e-mobility and renewable energy storage, delivering insights into degradation, state of health, and anomalies, plus concrete recommendations for the optimal operation of any battery system.",1043928
Volz Gruppe GmbH,Germany,Deilingen,78586,Hall 8.1,415,Railway Technology,Better connections,1043929
VOSS Fluid GmbH,Germany,Wipperfürth,51688,Hall 10.2,345,Railway Technology; World Innovations,"As a leading manufacturer of fluidic connection technology and a system supplier of ready-to-install lines for hydraulics, thermal management and other applications, we at VOSS Fluid don’t just focus on individual components - we always consider the entire system.",1043960
Vossloh AG,Germany,Werdohl,58791,Hall 26,975,Career Point; Railway Infrastructure; World Innovations,"Join us to discover how Vossloh uniquely combines hardware, service and digital to holistic solutions help enable green mobility.",1043964
Vossloh Rolling Stock GmbH,Germany,Kiel,24107,Outdoor Display,O/330; T2/34,Career Point; Railway Technology; Outdoor Display; AI,"Vossloh Rolling Stock continues the long-standing tradition of Krupp MaK and through its experience, expertise and sustainability has achieved a leading position on the European market as a producer and full service provider for mid-cab locomotives. Locomotives have been built at the Kiel ...",1043965
Voyagerr A/S,Denmark,Aarhus,DK-8210,Hall 2.1,435,Public Transport,"Digital platforms for school transport, paratransit, NEMT, and microtransit.",1227292
VPI - Verband der Güterwagenhalter in Deutschland e. V.,Germany,Hamburg,20457,Hall 6.2,615,Railway Technology,"Keeping well on track
88,000 wagons, 300 members, 1 association",1209499
VPI European Rail Service GmbH (VERS),Germany,Hamburg,20457,Hall 6.2,615,Railway Technology,"Competence and service
VERS keeps service on track – all across Europe",1043995
VR FleetCare,Finland,Helsinki,00240,Hall 6.2,350,Railway Technology,"VR FleetCare delivers maintenance, modernisation, and freight wagon manufacturing. With 160 years of experience in Nordic conditions, we combine robust engineering with digital solutions to ensure safe, efficient and reliable rail operations – even in snow, ice and extreme cold.",1043999
VRT CZ,Czechia,Prague,11000,Hall 5.2,850,Railway Infrastructure,"VRT CZ supports and promotes the Czech railway industry in the preparation and construction of high-speed rail lines, connecting companies, experts, know-how and solutions for the benefit of Czech infrastructure, development and economy.",1220058
Vítkovické železniční opravny a.s.,Czechia,Ostrava,703 00,Hall 4.2,200,Railway Infrastructure,,1043782
Vössing Ingenieurgesellschaft mbH,Germany,Düsseldorf,40223,Hall 5.2,750,Railway Infrastructure,"As a leading engineering company in the fields of consulting, planning, project management and construction supervision, Voessing Engineers has been implementing infrastructure projects of all sizes for over 40 years with more than 700 employees at 17 locations.",1043963
VÚKV a.s.,Czechia,Praha 5,158 00,Hall 9,310,Railway Technology,"VÚKV a.s. offers applied research, development and testing of rail vehicles and components based on TSI, EN and UIC.
The company keeps certified quality management system, safety assessment, welded and bonded joints designing and accredited testing laboratory.",1044030
"Výzkumný Ústav Železniční, a.s.",Czechia,Praha,14200,Hall 27,551,Railway Technology,"Výzkumný Ústav Železniční, a.s (VUZ) is a European transnational provider of specialised testing and certification services not only for railways but also for automotive, construction and others. It is part of the ČD Group. We test at the VUZ Test Centre Velim and on-site in Europe and beyond.",1044045
W&S Technik GmbH,Germany,Castrop-Rauxel,44575,Hall 25,555,Railway Infrastructure,Your strong partner in the field of signaling and safety technology!,1044058
W.Gessmann GmbH,Germany,Leingarten,74211,Hall 6.2,825,Railway Technology,"Since 1930, W. Gessmann GmbH, headquartered in Leingarten near Heilbronn, Germany, has been developing and manufacturing high-quality control, operating, and automation solutions for demanding industrial applications. As a family-owned company, Gessmann is recognized worldwide for its technical....",1044060
Wabtec,United States of America,Pittsburgh,15212,Hall 1.2,210,World Innovations; Railway Technology; Career Point,"Wabtec is a leading global provider of equipment, systems, digital solutions, and value-added services. Whether it's freight rail, transit, mining, industrial or marine, our expertise, technologies, and people - together - are accelerating the future of transportation.",1213934
Wacker Neuson Rail GmbH,Germany,Monheim am Rhein,40789,Outdoor Display,O/220,Outdoor Display; Railway Infrastructure,"Wacker Neuson Rail develops practical dual-mode vehicles and track construction machines – reliable, series-capable and economical. With rental solutions and specialist personnel, the company supports safe, efficient rail infrastructure.",1044080
WAGNER Rail GmbH,Germany,Haar,85540,Hall 2.2,250,World Innovations; Railway Technology,"WAGNER Rail has been successfully active in the field of fire protection for rail vehicles for more than 30 years. In the meantime, WAGNER Rail is the world's leading supplier of integrated fire protection solutions for rail vehicles from a single source.",1044099
Wago GmbH & Co. KG,Germany,Minden,32423,Hall 13,300,Railway Technology,"The WAGO Group is an international, standard-setting supplier of electrical interconnection and automation products and interface electronics, with a current worldwide workforce of approx. 9,000 and sales of EUR 1.34 billion in 2025.",1044101
"WAIN ELECTRICAL CO.,LTD.",China,XIAMEN,361101,Hall 12,475,Railway Technology,,1044106
Wald Antriebe GmbH,Germany,Walsrode,29664,Hall 6.2,915,Railway Technology,Innovation On Track. World's most advanced windshield wiper systems for rolling stock.,1219357
Wales,United Kingdom,Cardiff,CF10 3NQ,Hall 2.2,560,Public Transport,"Welsh Government is committed to delivering an accessible, sustainable, and efficient multi-modal transport network with sustainability embedded throughout its organisation. There has never been a better time to be involved in any aspect of rail activity in Wales.",1138056
Wallonia Export and Investment Agency,Belgium,Brussels,1080,Hall 11.2,260,Railway Infrastructure,"Wallonia Export & Investment Agency (AWEX)
Connecting Walloon Innovation to the Global Transport Industry",1014455
Walter Kraus GmbH,Germany,Augsburg,86167,Hall 22,170,Railway Infrastructure,"Over 60 years of experience in design, development, and manufacture of railway technology products and components make Kraus a strong partner in your rail project. Whether in the train, trackside or for the third rail, Kraus develops suitable switch gear for individual railway applications.",1044154
Walter Stauffenberg & GmbH Co.KG,Germany,Werdohl,58791,Hall 10.2,430,Railway Technology,"For more than 50 years, the companies of STAUFF Group have been developing, manufacturing and distributing pipework equipment and hydraulic components for mechanical and plant engineering and for service and industrial maintenance...",1044160
Wascosa,Switzerland,Luzern,6005,Hall 2.2,250,Railway Technology,"Wascosa is one of the largest rail freight wagon rental companies in Europe. Based in Lucerne, it was founded in 1964 and is one of the industry pioneers in freight wagon rental. Its core business is the leasing and management of freight wagons for use in rail transportation throughout Europe.",1211558
WAVETRAIN SYSTEMS AS,Norway,LYSAKER,1366,Hall 22,375,Railway Infrastructure,"With Wavetrain as your Level Crossing partner, you reduce risk fast, cost efficient, and future proof. At the same time you get Boots Off Ballast permanently, Adjustable warningtime, and a very budget friendly price point that enable you to secure more level crossings than with conventional systems.",1044231
Waygate Technologies,Germany,Hürth,50354,Hall 23,610,Railway Technology,"We offer more premium non-destructive testing solutions than any other NDT brand — from safer X-ray, to advanced digital, to ultra-precise computed tomography, radiographic testing to HD remote visual inspection and ultrasonic portables.",1220482
Waynova Group [ZEDAS | Railroad Software | Raspberry Software | Automated Rail Software],Germany,Senftenberg,01968,"CityCube, Hall B",110,World Innovations; Railway Technology,"The rail industry enters a new era with the launch of Waynova Group, the unified software and hardware platform integrating the capabilities of four independent, market-leading businesses: ZEDAS (Germany), Railroad Software (USA), Raspberry Software (UK), and Automated Rail (USA).",1045353
We Are Rainbow,France,Paris,75010,Hall 1.1,370,Interiors,,1227256
WEBAC-CHEMIE GMBH,Germany,Barsbüttel,22885,Hall 5.2,950,Tunnel Construction,"WEBAC, an internationally active family-owned company, is one of the leading suppliers of injection resins. For over 45 years we have been developing, producing and distributing waterproofing and rehabilitation systems for civil engineering, special engineering, mining and tunnel construction.",1044262
WEBER-HYDRAULIK GMBH,Germany,Güglingen,74363,Hall 10.2,170,Railway Technology,,1227583
WECO Bahnüberwege- und Auffangwannenbau GmbH,Germany,Konz,54329,Hall 25,575,Railway Infrastructure,WECO ist ein Unternehmen das seit vielen Jahren ein zuverlässiger Lieferant und Partner verschiedener europäischer Bahnen und der Industrie ist.Wir produzieren eine große Vielfalt eisenbahn- und umwelttechnische Produkte. • MOSELLAND-Großflächenplatten für Bahnüberwege und Gleisauskleidungen ...,1044278
WEETECH GmbH,Germany,Wertheim,97877,Hall 11.1,215,Railway Technology,"WEETECH. Flexible, modular test systems for cable test and functional test.",1044286
WEICON GmbH & Co. KG,Germany,Münster,48157,Hall 8.2,220,Railway Infrastructure,"Solutions for production, repair, maintenance and servicing",1044303
Weidmüller Interface GmbH & Co. KG,Germany,Detmold,32758,Hall 12,270,Railway Technology,READY-TO-ROBOT,1044307
Weihai Creditfan Ventilator Co. LTD,China,Weihai,264210,Hall 18,100,Railway Technology,"The core competitiveness of products is high reliability, high efficiency, low noise and lightweight. Since its establishment, it has focused on the middle and high-end fields such as rail transit, new energy equipment (wind power, gas turbine, nuclear power, etc.), offshore engineering and so on.",1044314
WEILBURGER Coatings GmbH,Germany,Weilburg,35781,Hall 8.2,365,Railway Technology,"With our coating solutions, we inspire people every day, worldwide and again and again. We offer protection, function and design. Worldwide and in all branches of industry, WEILBURGER coating solutions create convincing product advantages.",1044317
Weitzer Woodsolutions GmbH,Austria,Weiz,8160,Hall 5.1,100,Interiors,"Welcome to the Wood Age. We develop and manufacture sustainable lightweight components made from wood that can replace conventional materials while reducing weight, CO₂ emissions and environmental impact.",1183221
Welding Alloys,Germany,Wachtendonk,47669,Hall 8.1,155,Railway Infrastructure,"Worn rails, costly replacements, limited track downtime, sound familiar? Welding Alloys has the solution. 

At InnoTrans, Welding Alloys will showcase practical welding solutions designed to reduce wear, extend rail service life and improve on-site repair quality and consistency.",1044383
Welser Profile GmbH,Austria,Gresten,3264,Hall 8.1,335,Railway Technology,Global player for custom profiles. Pioneer in development. Family company.,1044405
Welter Zahnrad GmbH,Germany,Lahr,77933,Hall 20,140,Railway Technology,"WELTER – Gear competence

What started from very modest beginnings has grown over the years into a great success story. With one small workshop in Lahr, in the heart of Germany’s Black Forest, master mechanic Richard Welter founded his company in 1946 and right away demonstrated convincing qual...",1044409
WEMAP,France,Montpellier,34000,Hall 11.2,270,Interiors,"Wemap: French software powering European public transport — indoor & outdoor interactive maps, multi-profile multimodal navigation, and Wemap Vision, our sub-3 m vision-based positioning without infrastructure. 200+ operators serving 500M queries per month.",1206955
Wenzel Elektronik GmbH,Germany,Pinneberg,25421,Hall 4.1,500,Public Transport; World Innovations,"WENZEL Elektronik is an innovative, internationally operating manufacturer of safety-relevant communication technology. In the areas of public address and mission critical communication we look back on a successful history of more than 70 years, especially with companies in local and long-distance.",1044423
"Wenzhou Baijiada AUTO Technology Co., Ltd.",China,Wenzhou,325802,Hall 7.2c,325,Interiors,"We provide the customized open-closed mechanism solutions to our clients. 

Main Products: lock system, electronics, electrical appliances.  

Main Customers: Yutong, Zhongtong, King-long, HIGER, BYD, FAW, Foton, Ankai, Marcopolo, GAZ, Chery, Geely, Li AUTO, Ashok Leyland, and MCV.",1227289
Werkzeugbau Winkelmühle GmbH,Germany,Klingenberg,01774,Hall 7.2b,100,Interiors,"★ WINKELMÜHLE – Plastic Injection Molding | Stamping & Forming | Tool & Mold Making | Assembly Production

Winkelmühle develops high-performance injection molds and stamping dies and manufactures technical plastic, stamped, and formed parts. “Strong as a Lion” stands for precision and expertise.",1221782
Westermo Network Technologies AB,Sweden,Västerås,72130,Hall 4.1,460,Railway Technology,"Westermo enables safe, reliable and secure rail connectivity. Discover next-generation networking solutions, including Wi-Fi and 5G, designed to support digital, connected and future-ready railway operations. Visit us in hall 4.1, booth 460.",1044490
Western Rubbers India pvt ltd,India,Mumbai,400072,Hall 9,742,Interiors,,1226862
Western Sealtech,Netherlands,Breda,4814 DB,Hall 9,742,Interiors,Western Sealtech specializes in high-performance inflatable seals and custom rubber profiles engineered for the railway industry. With over 50 years of experience and EN45545-certified products trusted by rail manufacturers across 30+ countries.,1225504
Westtech Maschinenbau GmbH,Austria,Prambachkirchen,4731,Hall 24,220,Railway Infrastructure,,1222272
WeWALK,United Kingdom,London,SW1W 9SH,Hall 2.2,560,Public Transport,,1226955
WFL Millturn Technologies GmbH & Co. KG,Austria,Linz,4030,Hall 6.2,665,Railway Technology,WFL Millturn Technologies GmbH & Co. KG is the leading supplier in the field of complete machining.,1226201
Whitmore Europe Ltd.,United Kingdom,Dunstable,LU5 5TA,Hall 2.2,460,Railway Infrastructure,"Whitmore is a market leader in advanced friction management solutions crafted specifically for the Rail Industry. Our products effectively address and resolve challenges at the wheel and rail interface, enhancing performance and reliability.",1226433
Widap AG,Switzerland,Schmitten,3185,Hall 17,360,Railway Technology,"Widap AG develops and manufactures electrical components for rolling stock and railway infrastructure. Its portfolio includes resistors, heating systems, insulators, switching and filtering solutions, as well as customized products for new-build and retrofit railway projects.",1044582
Wieland Austria GmbH,Austria,Enzesfeld,2551,Hall 25,470,Railway Infrastructure,"Austroroll® - is a maintenance-free, high quality switch point roller for railway points and swing nose crossings. Austroroll is a trademark of the international Wieland Group and sets, due to its unique design, international standards in the improving of the availability of railway turnouts.",1044591
Wieland-Werke AG,Germany,Ulm,89079,Hall 20,520,Railway Technology,,1126525
Wikov MGI a.s.,Czechia,Hronov,549 31,Hall 20,250,Railway Technology,"Gearboxes, drives and gear wheels for rail vehicles; own R&D team; extensive testing capabilities; fast prototyping; cold climate conditions testing; gearboxes for trams, metro units, EMUs, locomotives, monorails, trolleybuses.",1155407
WIlhelm Kächele GmbH,Germany,Weilheim an der Teck,73235,Hall 21,314,Railway Technology,,1209692
Wilhelm Schmidt GmbH,Germany,Blankenfelde-Mahlow,15831,"CityCube, Hall B",200,Railway Technology,The Wilhelm Schmidt GmbH is your partner for precision manufacturing in rail vehicle engineering – from single parts to complex custom solutions.,1221006
Wilhelm Schulte Wiese GmbH & Co.KG,Germany,Plettenberg,58840,Hall 25,600,Railway Infrastructure,"The Wilhelm Schulte-Wiese Gesenkschmiede in Plettenberg in the German Sauerland Region was founded in 1957 and generates an annual turnover of approx. 10 million euros with 70 employees.



For our railway technology customers, we are supplying ready-to-install forgings and assemblies for rail ...",1044664
"Willamette Valley Company, LLC",United States of America,Eugene,97402,Hall 25,100,Railway Infrastructure,"WVCO Railroad Solutions offers innovative products to repair crossties, hopper cars, embedded rail, and crossing panels to provide a safer network for our customers.",1203464
WILLBRANDT A/S,Denmark,Haslev,4690,Hall 11.2,210,Railway Infrastructure,"WILLBRANDT product portfolio covers primary suspension, secondary suspension, products for power packs, rubber profiles and sealings. Furthermore, we supply workshop equipment and interior for maintenance and overhaul.
Gap-Filler for the platforms to reduce gap between train and platform.",1044677
William Cook Rail Ltd,United Kingdom,Leeds,LS9 0DX,Hall 1.2,100,Railway Technology,"William Cook Rail designs, manufactures and overhauls bogies, couplers and associated components for passenger and freight trains, all under one roof.",1044684
Willowglen Systems Inc.,Canada,Edmonton,T6E5V5,Hall 27,875,Railway Technology,"Willowglen delivers advanced SCADA solutions for critical passenger rail infrastructure, powered by an AI-enabling platform. Our cyber secure, SIL-rated technology enhances real-time control, safety, and reliability across complex rail networks worldwide, built on over 50 years of innovation.",1044687
WILSON RAIL Engineering,Germany,Rosbach v.d.H.,61191,Hall 7.2b,200,Railway Technology,WILSON RAIL Engineering - HVAC Competence in Railway BusinessYour one- stop- shop,1044689
Windhoff Bahn- und Anlagentechnik GmbH,Germany,Rheine,48431,Hall 6.2; Outdoor Display,310; O/395; T2/30; T2/32; T4/30; T4/32,Railway Infrastructure; Railway Technology; Outdoor Display,"WINDHOFF Bahn- und Anlagentechnik GmbH offers high-performance products and solutions that are YOUR ideal solution for railway depots as well as for the maintenance and repair of the infrastructure. WINDHOFF offers a secure supply of spare parts, as well as services and retrofit.",1044705
Winkler AG,Germany,Heidelberg,69126,Hall 3.1,870,Interiors,We are Winkler – since 45 years,1119717
Winkler Design GmbH & Co. KG,Germany,Röttingen,97285,Hall 26,460,Interiors,On-board kitchens and galley systems for rail cars: maximum function even in the most confined space.,1044728
WINtec process GmbH,Germany,Potsdam,14482,Hall 23,930,Railway Technology,"WINtec process GmbH is an established supplier of renowned railway manufactures and maintainers like Deutsche Bahn AG, Siemens, Bombardier, ALSTOM etc..Many years of experience, together with a profound knowledge of production processes and valid corpus of legislation, enables us to offer...",1044732
WINTON OTOMOTIV ENDÜSTRI ANONIM SIRKETI,Türkiye,Ankara,06670,Hall 3.2,350,Railway Technology,,1223267
WIRAIL srl,Italy,Torino,10129,Hall 27,850,Railway Technology,,1044745
Wiremind,France,Paris,75009,Hall 2.1,845,Railway Technology,"Trusted by clients such as SNCF, Eurostar, NS, Ouigo, and ViaRail, Wiremind is a B2B SaaS company providing AI-powered revenue management and distribution solutions for rail operators.",1219886
Wirthwein SE,Germany,Creglingen,97993,Hall 26,460,Career Point; Railway Infrastructure,Your global market leader for rail superstructure fastening components and cable duct systems made of plastics.,1044750
Wirtschaftsförderung Land Brandenburg GmbH (WFBB),Germany,Potsdam,14473,"CityCube, Hall B",100; 110; 200; 210; 215; 310,Railway Technology,"Brandenburg InvestAs the State of Brandenburg’s business development agency, the WFBB offers investors and Brandenburg-based companies a comprehensive range of services from a single source. Whether for advice on relocating to Brandenburg, investments for the redevelopment of a business sit...",1044757
Wirtschaftsförderung Sachsen GmbH,Germany,Dresden,01309,Hall 7.2b,100,Railway Technology,"We initiate and assist contacts between companies located in Saxony and cooperation partners from abroad, between potential investors and Saxony's regions and municipalities, between research and application, and we provide effective support to lead entrepreneurial ideas to their economic success",1044764
"WISH COMPOSITE INSULATOR CO., LTD",China,XIAN,710204,Hall 22,270,Railway Infrastructure,"As China's largest manufacture base of HV transmission, distribution andtransformation products, Wishpower professionally designs and manufactures the following products: composite insulators series, HDPE insulator，HDPE Pin insulator, composite fuse cutout, composite surge arrester, ect.",1044779
WISKA Hoppmann GmbH,Germany,Kaltenkirchen,24568,Hall 12,260,Railway Technology,About WISKA®,1044782
WITT Solutions GmbH,Germany,Wustermark,14641,Hall 11.1,455,Railway Technology,Your individual solution for the direct current sector- SMART measurement technology for direct current - voltage - cable - insulation -WITT Solutions GmbH has been producing innovative solutions for national and international companies in the DC sector for more than half a century.,1044797
Witzenmann GmbH,Germany,Pforzheim,75175,Hall 18,340,Railway Technology,"We are your global technology leader for the safe transmission of media, and set standards worldwide. Manufacturers, suppliers and service providers in the building, mobility and industrial sectors around the globe benefit from our unique knowledge, outstanding engineering expertise and drive for...",1044810
WKT-WERNEMANN KUNSTSTOFFTECHNIK GMBH,Germany,Geeste-Dalum,49744,Hall 8.1,470,Railway Technology,"For more than 25 years, the WKT Group is developing materials and products made of composites that insulate against high voltage and extreme temperatures. From semi-finished products in the sheet form and molded parts from our own press shop to highly complex machined products.",1044817
Wood Specifics,France,Castets,40260,Hall 11.2,270,Interiors,Manufacturer of wooden and wooden-based panels,1226646
"WOOJIN Industrial Systems Co., Ltd.",South Korea,"Sari-ro, Sari-myeon, Goesan-gun, Chungcheongbuk-do,",28046,Hall 4.2,120,Railway Technology,"Discover Woojin Industrial Systems’ proven railway solutions, built on over 50 years of expertise in rolling stock and electrical equipment, including LRT, metro, airport rail, modernization projects, and core electrical systems.",1044882
worksober.com,Lithuania,Vilnius,10224,Hall 6.1,145,Public Transport,"WorkSober provides automated sobriety testing solutions for transport, rail, logistics and industrial workplaces, combining stationary alcohol testing devices with cloud reports, notifications and access control integration.",1226404
WSP,Netherlands,Utrecht,3511SW,Hall 11.2,120,Public Transport,"For the railway industry, among other services, WSP provides engineering, safety, certification and strategic consulting. We support train manufacturers, rail operators, infrastructure managers to improve rail systems through testing, digital solutions, sustainability advice and technical expertise.",1227002
WSVK Innovation GmbH,Germany,Oederan,09569,Hall 5.2,460,Railway Infrastructure,"WSVK is your reliable partner for the development and production of molded particle foam parts. We create customized solutions that are efficient, precise, and perfectly adapted to your individual requirements.",1220437
"WUHAN BEILIAN DISPLAY TECH CO.,LTD",China,Jiangan Dist Wuhan,430014,Hall 6.1,135,Railway Technology,"Beilian Display is a national high-tech enterprise integrating R&D, production and salesof intelligent industrial display products",1226403
"Wuhan Linkage Track Equipment Co.,Ltd",China,Hubei,430000,Hall 23,350,Railway Infrastructure,"Wuhan Linkage Track Equipment Co., Ltd is a high-tech enterpris especializing in railway maintenance equipment.We are committed to becoming a world-renowned one-stop railway equipment supplier.",1044957
Wuttke Ingenieure GmbH,Germany,Chemnitz,09111,Hall 7.2b,100,Railway Infrastructure,Our Team works together throughout Germany,1044966
"Wuxi LED Electronics Intelligent Equipment Co.,Ltd.",China,wuxi,214072,Hall 6.1,205,Public Transport,"Wuxi is speclializing in high relaiblity Passenger Infomation System(LED Display, TFT LCD and Interior LED Lighting,etc)  for railway vehicles  since 1999.",1044970
Wyss&Lila AG,Switzerland,Zug,6300,Hall 2.2,250,Railway Technology,,1210498
Würth Industrie Service GmbH &. Co. KG,Germany,Bad Mergentheim,97980,Hall 8.2,360,Railway Infrastructure; World Innovations,"Würth Industrie Service has been supporting industrial customers as a holistic C-Parts partner since 25 years, by making sure that they have the right parts at the right time, in the right quantity, at the right place.",1044962
XCEL ITECH SDN BHD,Malaysia,KAJANG,43000,Hall 10.1,220,Railway Technology,"Xcel Itech Sdn Bhd showcases next-generation Train Simulator, VR/AR training, and Digital Twin solutions at InnoTrans 2026. Discover how immersive technologies enhance safety, competency, and operational excellence in the future of rail transportation.

Realizing The Impossible.",1211897
"Xi'an Railways Technology Partners Co., Ltd.",China,Xi'an,710018,"CityCube, Hall A",610,Railway Infrastructure,"Xi’an Railways Technology Partners Co., Ltd. is a Chinabased, globallyoriented fullsystem solution provider for electrified railway overhead contact lines. We uphold the development philosophy of being green, efficient and open，welcome technical and business cooperation.",1226695
Xiamen Union Spares Ltd,China,Xiamen,361009,Hall 18,110,Railway Technology,"Xiamen Union Spares Ltd is an experienced and professional manufacturer and supplier for diesel engine spare parts in China. We can offer you full line of diesel engine components like cylinder head, cylinder liner, connecting rod, piston, bearing, piston rings, and etc.",1045038
"Xiangtan Spring Factory Co., Ltd.",China,Hunan,411100,Hall 9,632,Railway Technology,"Cylinder helical spring、coil spring、compression spring；
Cylinder coil spring for railway、bogie spring、 buffer spring
extension spring;  torsion spring
Heavy duty coil springs、leaf spring",1045044
Ximedes BVne,Netherlands,Haarlem,2031 TE,Hall 7.1c,320,Public Transport; Mobility+,,1045046
XMIRT,China,Beijing,100070,Hall 23,305,Railway Infrastructure,,1216161
Xovis Germany GmbH,Germany,Berlin,12109,Hall 2.1,430,Public Transport,"Xovis develops AI-powered Automatic Passenger Counting (APC) and passenger flow management solutions for public transportation. With 800,000+ sensors installed worldwide, its privacy-compliant technology delivers highly accurate data for passenger counting, planning, and operational optimization.",1209796
XUBI ENGRANAJES S.L.,Spain,AZKOITIA,20720,Hall 20,565,Public Transport,"XUBI Engranajes S.L. is a manufacturer of high precision gears:


	
• Spiral and straight bevel gears
	
• Cylindrical gears: Helical or spur
	
• Internal toothed gears
	
• Ball or roller type slewing bearings",1045087
"Yaham Optoelectronics Co., Ltd.",China,"Shenzhen, Guangdong province",518103,Hall 4.1,677,Public Transport,-,1045123
yalcom GmbH,Switzerland,Zug,6300,Hall 2.2,250,Railway Technology,"yalcom GmbH - engineering & manufacturing, delivers integrated solutions for mobility projects - from engineering and strategic sourcing to complete systems and components. Certified, experienced, and efficient, yalcom supports customers from concept to realization.",1227129
Yapi Merkezi Idis Engineering Inc.,Türkiye,Istanbul,34692,Hall 27,515,Railway Technology,"YM IDIS Engineering is a systems provider and integrator that develops products and systems in many transportation technology areas, primarily railway and highway technologies such as  signaling, communication, data collection, and safety systems globally. YM IDIS Engineering ist ein Systemanbieter",1226220
"YEAL Electric.,Ltd",China,Changchun,130113,Hall 17,115,Railway Technology,,1225675
Yellow Window Design,Belgium,Antwerp,2018,Hall 2.2,620,Public Transport,"Yellow Window is an international design consultancy with a strong expertise in mobility. We assist both the rail industry, as well as operators / authorities to design and develop user-centered mobility solutions: vehicles, environments, products, services and strategic innovation.",1045171
"Yingkou Liaonan Railway Vehicle Engineering Co., LTD",China,Yingkou,115000,Hall 5.1,400,Interiors,"Yingkou Liaonan Railway Vehicle Engineering Co., Ltd. was established in 1985, which is focused on robber, plastics, aluminum honeycomb panel, air flue, handrails and metal processing equipment, company with 15 sets of physical and chemical testing equipment. It has been a qualified supplier of CRRC",1220340
"Yongji Better Electric Machinery Co., Ltd.",China,Shanxi,044500,Hall 10.1,250,Railway Technology,,1211493
"YONGJI ELECTRIC CO., LTD.",China,Shanxi,044502,Hall 10.1,250,Railway Technology,,1226907
YUJIN MACHINERY LTD.,South Korea,Ansan-City,15433,Hall 1.2,110,Railway Technology,"A specialized manufacturer of reliable railway vehicle components, providing high-quality solutions for safe and efficient rail operations.",1045229
"Yuyao Yide Fluid Power Co., ltd.",China,Ningbo,315400,Hall 10.2,325,Railway Technology,"DIN fittings
DIN2352/ISO8434
Nuts
Cutting ring
stainless steel hydraulic fittings
Zn-Ni coating hydraulic fittings
EO/EO-2
tube fitting
Rail transit
Rail vehicle hydraulic tube fitting
EMU bogie hydraulic connector
Railway brake line ferrule fitting
Vibration resistant quick coupling for metro
High",1215799
Z LAB SRL,Italy,Cerea,37053,"CityCube, Hall A",705,Railway Technology,"RAMS (Reliability, Availability, Maintainability, Safety);
V&V (Verification & Validation);
Homologation;
Technical Publications;
Acoustic Accredited Laboratory and On-field Testing (ISO 17025 & ASTM standards);
Acoustic Design;
TSI Noise Compliance;
Acoustic Simulation;
NVH.",1045252
ZAGRO Group GmbH,Germany,Bad Rappenau-Grombach,74906,Outdoor Display,O/260; O/260a; O/260b,Outdoor Display; Railway Technology,"The ZAGRO Group provides innovative railroad vehicles, shunting technology, and custom solutions for combined rail and road use. As a technology consortium, we combine decades of engineering expertise with full-lifecycle service to deliver efficient, sustainable mobility for global transport networ",1219707
"Zakład Produkcyjno- Remontowy ""REM-SUW"" Sp. z o. o.",Poland,Bydgoszcz,85-082,Hall 10.2,450,Railway Technology,Pressure vessels | Fuel tanks | Water tanks | Sand tanks | Aluminium roofs,1045285
ZAPP-ZIMMERMANN GmbH,Germany,Köln,50769,Hall 8.2,460,Railway Technology,"Innovative fire protection solutions for rail vehicles: ZAPP-ZIMMERMANN offers DIN EN 45545-qualified systems for cable, pipe and combination penetration seals, joint seals and custom moulded elements – safe, efficient and ready for international rail projects.",1212114
Zarges GmbH,Germany,Dresden,01257,Hall 6.2,770,Railway Technology,"ZARGES access solutions can be designed to suit the requirements of any rail vehicle – whether you are looking for a solution with fixed or adjustable height, ZARGES always has the exact solution you need.",1045327
"Zastrova, a.s.",Slovakia,Spišská Stará Ves,061 01,Hall 3.2,630,Railway Technology,,1212710
ZAUGG AG Eggiwil,Switzerland,Eggiwil,3537,Hall 26,425,Railway Infrastructure,"ZAUGG AG EGGIWIL / SWITZERLAND is a world leader in the development and production of technically advanced snow clearance machines for roads, railways, airports and specialised machines for the preparation of ski slopes. Special machines for municipal technology around off the offer. ZAUGG produc...",1045335
Zavod NVA LLC,Uzbekistan,Tashkent,100007,Hall 26,500,Railway Infrastructure,,1227766
"ZDAS, a.s.",Czechia,Zdar nad Sazavou,59101,Hall 6.2,280,Railway Technology,"The joint-stock company ŽĎAS belongs among leaders of Czech engineering. For more than 70 years, it has been a modern and reliable manufacturer of forming machines, open-die forging equipment, metal scrap processing equipment, hydraulic and mech. presses, equipment for rolled products processing,...",1045338
Zech Sicherheitstechnik GmbH,Germany,Langenhagen,30853,Hall 5.2,779,Railway Technology,,1227788
ZECK GmbH,Germany,Schesslitz,96110,Hall 26,115,Railway Infrastructure,"ZECK – Leading the way in catenary and track construction. Our product range includes state-of-the-art catenary installation units, powerful winches, and versatile rail-road aerial work platforms.

Trust ZECK for your railway projects!",1210736
ZEDEDA,Germany,Berlin,10115,Hall 7.1a,260,AI Mobility Lab; Railway Infrastructure,"Intelligence Where Your Business Operates
Enterprises use ZEDEDA to create, deploy and scale autonomous edge AI across distributed operations, from factory floors and field sites to retail stores and shipping vessels.",1226439
Zehnder AG,Switzerland,Zürich,8038,Hall 26,385,Railway Infrastructure,,1045358
Zenitel,United Kingdom,Lewes,BN86JL,Hall 4.1,675,Railway Infrastructure,"Zenitel manufactures high-availability Passenger Help Points, Intercoms, IP PA loudspeakers, and ASL-branded Public Address and Voice Alarm (PAVA) systems specifically for the rail and rolling stock. These solutions are fully integrated with comprehensive Passenger Information Systems",1045388
Zephir Spa,Italy,Modena,41122,Hall 4.2,170,Railway Technology,"Zephir has been the leader in its sector for over 55 years in the production of road-rail shunting equipment. Today, the production of Zephir vehicles includes the ranges of diesel/electric shunting equipment : LOK, CRAB, and LOK/CRAB rail-only versions.",1045407
Zeppelin Baumaschinen GmbH,Germany,Garching bei München,85748,Outdoor Display,O/130,Outdoor Display; Railway Infrastructure,"Zeppelin Baumaschinen GmbH is Europe's leading sales and service organization in the construction machinery sector and has been the sales and service partner of Caterpillar Inc., the world's largest manufacturer of construction machinery, in Germany since 1954. With 1,836 employees and ...",1045409
Zeppelin Power Systems GmbH,Germany,Hamburg,22761,Hall 2.2; Outdoor Display,150; T4/15,Career Point; Railway Technology; Outdoor Display,"Traction for locomotives or rail vehicles, new constructions or re-motorisation – Discover how our solutions can help you to extend uptime, reduce oil and fuel consumption, lengthen maintenance intervals and simplify maintenance work.",1045411
Zetica,United Kingdom,Eynsham,OX29 4JB,Hall 23,110,Railway Infrastructure,"Zetica Rail is a leading provider of trackbed condition measurement services and systems. Our customers are located in five continents including North America, Europe, the Middle East, the Far East, Australia and Africa.

The company's trackbed condition metrics help make sense of trackbed ...",1045424
ZF Friedrichshafen AG,Germany,Friedrichshafen,88046,Hall 20,580,Railway Technology; World Innovations,"ZF is a reliable partner for the journey into the future on rails and on the road. The group is a global technology company supplying systems for passenger cars, commercial vehicles and industrial technology.",1045435
"Zhangqiu Heavy Forging Co., Ltd.",China,Ji'nan,250200,Hall 6.2,877,Railway Infrastructure,"Main Process: Die&Free Forging, Rolling,rough machinging,HT,CNC machining,final HT,Welding,Hook Assembley;
Four manufacturing bases;
Capacity:60000 Ton Forging Parts;
Turnover:1 Billion CNY
Main Industry: Construction Machinery/New Energy/Rail Transit/Oil$Gas",1225902
"Zhejiang Bell Railway Equipment Co.,Ltd",China,Longyou,324400,Hall 7.2c,100,Railway Infrastructure,"Founded in 1984 and located in Longyou County, Zhejiang Province, China, Zhejiang Bell Railway Equipment Co., Ltd.(ZBRE) is a state-level ""little giant"" enterprise specializing in the research and development, production and sales of turnout, Alloy steel composite frog, switch rail, stock rail, guar",1211496
"Zhejiang ChengBen Bearing Roller Co., Ltd.",China,Shaoxing,312000,Hall 20,600,Railway Technology,,1220008
"Zhejiang Jiuju Technology Co., Ltd.",China,YuHuan,317610,Hall 9,551,Railway Technology,"OEM & ODM for domestic and overseas vehicle manufactures
Professional experience in design and manufacture of shock absorbers since 1988
ISO/TS 22163:2017 certified 
years of project experience with global top brand companies
In-house capability of Moulding and Pressing Parts
36 Technology Patents
1",1215094
"Zhejiang Ruili Air Compressor Equipment Co., Ltd",China,Ruian,325200,Hall 1.2,410,Railway Technology,,1045467
"Zhejiang StreamRail Intelligent Control Technology Co., Ltd.",China,Jiaxing,314001,Hall 11.1,145,Railway Technology,"StreamRail’s core products consist of the Quadsight 3D perception-based train driving assisted system (Train obstacle detection system)(TDAS), Train broadcasting and passenger information system(PIS), Train Control Monitoring System(TCMS), and Train route map display.Supported by an in-house postdoc",1221314
"Zhejiang Tiantie Science & Technology Co., Ltd.",China,"Tiantai, Zhejiang",317200,Hall 25,290,Railway Infrastructure,"Tiantie Group is a Chinese company, specializing in noise and vibration mitigation technology for rail and industrial applications. The Zhejiang Tiantie product portfolio includes steel and rubber springs for FST, ballast mats, rail dampers, sleeper boots, rubber level crossings.",1045469
"Zhejiang Yonggui Electric Equipment Co., Ltd.",China,Taizhou,317200,Hall 12,330,Railway Technology,"Yonggui is a high-tech enterprise with 50 years expertise focused on the research and development, manufacturing, sales and technical support of connectors, connector systems and smart precision products.Yonggui has 640 national patents, and has obtained  ISO 9001,  ISO/TS 22163, CRCC, ETL, UL and I",1045472
"Zhengzhou Janus abrasives Co.,LTD",China,Zhengzhou,450001,Hall 24,615,Railway Infrastructure,,1226834
"Zhengzhou Jiewei Electronic Technology Co., Ltd.",China,zhengzhou,455000,Hall 6.1,147,Public Transport,"Fanless industrial PCs for railway applications — passenger information systems, ticketing, trackside monitoring, and onboard computing. Modular and customizable, built to withstand harsh environments in rail and metro deployments.",1225839
"Zhengzhou Mingtai Transportation New Material Co., Ltd.",China,Beijng,450100,Hall 8.1,215,Railway Technology,"Aluminum alloy profiles, large vehicle body components, vehicle interiors, seats, and flooring.",1219876
"ZHIBO LUCCHINI RAILWAY EQUIPMENT CO., LTD.",China,Shanxi,030032,Hall 10.1,250,Railway Technology,"ZHIBO LUCCHINI RAILWAY EQUIPMENT CO., LTD.( ZHIBO LUCCHINI), established in October 2007, is registered as a Sino-Italian Joint Venture（Sino 70%, Italian 30%）, which is equipped with design, machining, assembly, testing and maintenance capabilities for wheels, axles and wheelsets etc. ZHIBO LUCCHINI",1226905
"Zhong Yi Hui Cheng (Beijing) Technology Co., Ltd.",China,Beijing,300400,Outdoor Display,O/365,Outdoor Display; Railway Infrastructure,,1225549
"Zhonghuan International (Shanxi) Co., Ltd",China,SHANXI,030000,Hall 10.1,250,Railway Technology,"Zhonghuan International (Shanxi) Co., Ltd",1214807
"Zhuzhou Chunhua Industrial Co., Ltd",China,Zhuzhou,,Hall 8.1,355,Railway Technology,"Zhuzhou Chunhua Industrial Co., Ltd. was formerly the Forging & Metallurgy Branch of the original CRRC Zhuzhou Rolling Stock Works.",1226101
"Zhuzhou Times Metal Manufacture Co., Ltd.",China,Liling,412200,Hall 18,330,Railway Technology,"Zhuzhou Times Metal Manufacture Co.,Ltd
The power of  ZTM drives the future",1045498
Zhuzhou Times New Material Technology Co. Ltd,China,"Zhuzhou, Hunan",412007,Hall 9,631,Railway Technology,,1144444
"Zhuzhou Times Thermo-magnetic Technology Co., Ltd.",China,Zhuzhou,412001,Hall 5.1,185,Railway Technology,"transformers, reactors, water cooling systems, radiators and resistors,full-link thermal management,power consumption technology",1220190
ZIEHL-ABEGG SE,Germany,Künzelsau,74653,Hall 3.1,720,Interiors,"ZIEHL-ABEGG (Kuenzelsau, Germany) is one of the leading global companies in the field of ventilation, control and drive technology. Back in the Fifties, ZIEHL-ABEGG established the basis for modern fan drives: external rotor motors which even today are still seen as state-of-the-art worldwide.",1045508
ZITRÓN,Spain,GIJÓN,33211,Hall 5.2,635,World Innovations; Tunnel Construction,"Since 1963, ZITRÓN has been at the forefront of providing customers with cutting-edge, tailor-made solutions for their ventilation system requirements for underground infrastructures such as road, rail, metro tunnels and mining.",1039449
"ZKL Bearings CZ, a.s.",Czechia,Brno,636 00,Hall 23,920,Railway Technology; World Innovations,"ZKL GROUP is a Czech manufacturer of technologically advanced rolling and special bearings that ensure reliability and long service life of critical components in rail vehicles. The Group meets requirements of ISO 9001:2015, ISO 14001:2015, ISO 45001:2018, ISO/TS 22163:2017.",1045545
"ZLH Plus, a.s.",Slovakia,Hronec,976 45,Hall 8.1,225,Railway Technology,"A solid foundation in tradition.
Strength in experience.
Flexibility in approach.",1045551
ZOPF Energieanlagen GmbH,Germany,Leipzig,04179,Hall 11.1,305,Railway Technology,"ZOPF manufactures and repairs power electronics, especially in the field of renewable energies and e-mobility (rail and ev-charger).",1219754
Zoppas Industries Heating Element Technologies,Italy,Vittorio Veneto (TV),31029,Hall 1.1,670,Travel Catering & Comfort Services; Interiors,"Zoppas Industries Heating Element Technologies boast an experience of over 50 years in design and production of heating elements and systems, even completed with thermal controls for domestic and industrial applications. Thanks to its business units’ high specialization in the different applicati...",1045587
ZOS Zvolen s.r.o.,Slovakia,Zvolen,96001,"CityCube, Hall A",521,Interiors,Our company ZOS Zvolen s.r.o. offers you full services related to the operation of locomotives and freight wagons.,1045594
ZPAS S.A.,Poland,Wolibórz,57-431,Hall 15.1,420,Public Transport,"ZPAS S.A., 50+ years of experience, is a Polish manufacturer of metal enclosures and cabinet systems, serving industries from energy and telecom to industrial automation and rail. Customised solutions made in Poland, exported to 20+ countries; 800 employees, 80 in-house engineers.",1220595
"ZTS Sabinov, a.s.",Slovakia,Sabinov,08330,Hall 8.1,225,Railway Technology,"Solutions for the world in motion.
Systemic approaches to quality management, qualified company employees, productive technologies, favourable prices, flexibility.",1226848
Zugluft GmbH,Germany,Giesen,31180,Hall 6.2,640,Railway Infrastructure,"Train-Rail-Seal, Tram-Rail-Seal for train workshop",1045610
Zuken E3 GmbH,Germany,Neu-Ulm,89231,Hall 12,270,Railway Technology,"Zuken helps companies streamline complex development processes and create efficient, integrated, and future-ready engineering environments with powerful solutions for electrical engineering, wire harness design, systems engineering, and data management.",1224880
Zusi Bahnsimulatoren - Carsten Hölscher Software,Germany,Braunschweig,38114,Hall 2.2,410,Railway Technology,"Zusi Bahnsimulatoren develops professional railway simulators for the rail industry. With Zusi Professional, we offer a powerful platform for the training, further education and monitoring of train drivers.",1045629
ZVEI - Zentralverband Elektrotechnik,Germany,Frankfurt am Main,60528,,,,-,1045632
zweigrad Design,Germany,Hamburg,22763,Hall 1.1,490,Railway Technology; World Innovations,"The collaborative flagship project “Panarooma” demonstrates how the train restaurant of the future can be transformed into a personalised experience space through the combination of personalisation, automation and a focus on passenger needs, all within an automotive design.",1227348
ZWEIWEG International GmbH,Germany,Leichlingen,42799,Outdoor Display,O/260,Railway Technology,"ZWEIWEG puts your vehicle on rails – from pickup to 40-ton truck. Since decades ZWEIWEG is a global specialist in road-rail vehicles.

Whether pickup, transporter, Unimog, construction vehicle or trucks of all weight classes – ZWEIWEG puts them all on rail tracks.",1045639
ZWP Zahnradwerk Pritzwalk GmbH,Germany,Pritzwalk,16928,Hall 20,190,Railway Technology,"With 50 years of experience, Zahnradwerk Pritzwalk is one of the biggest manufacturers of gears and shafts in
Germany – a reliable partner when it comes to individual solutions. The company is managed by the owners who continuously invests in new production technologies, in order to be prepared f...",1045641
Zyglox,Austria,Graz,8010,Hall 21,350,Railway Technology,,1227533
ZÖLLNER Signal GmbH,Germany,Kiel,24145,Hall 25,570,Railway Infrastructure,ZÖLLNER offers solutions to increase safety for the Railway Industry. Our flexible warning systems reliably warn people in the track area of hazards from rail traffic. Infrastructure solutions include innovative systems like Train Speed Control or the fully automatic temporary level crossing A-CROSS,1045570
ÇAYGEB PLASTİK METAL KAĞIT GERİ DÖNÜŞÜM NAKLİYE SAN. TİC. LTD. ŞTİ.,Türkiye,Kocaeli,41400,Hall 26,787,Railway Infrastructure,,1223554
ÇÖZÜMTR Bilgi Sistemleri A.Ş.,Türkiye,Eskişehir,26040,Hall 7.1c,310,Railway Technology,"CozumTR delivers next-gen Smart Mobility, urban rail, and Automated Fare Collection solutions. We specialize in smart city integration, GIS decision support, validator tech, and open-loop ticketing. We provide end-to-end consulting and software to build tomorrow's transit networks.",1225694
ÖBB,Austria,Wien,1100,"CityCube, Hall B",630,Public Transport,ÖBB: Today. For tomorrow. For us.,1029655
ÖBS GmbH,Germany,Lütjensee,22952,Hall 25,320,Railway Infrastructure,"Als Vermarkter von Spezialprodukten für den Verkehrswegebau sind wir kompetenter Ansprechpartner für das Bahnübergangssystem BODAN und Gleistragplatten, für GFK-Konstruktionen, Dienst- und Rettungswege, die Blindenleitsysteme ÖBS® und BO-TAKT, Produkte des Kabeltiefbaus aus Beton und Kunststoff",1029692
ÖPNV-Service GmbH,Germany,Hagen,58135,Hall 2.1,630,Public Transport,,1030136
ÖZKAN DEMİR ÇELİK SANAYİ A.Ş.,Türkiye,ALİAĞA,35800,Hall 25,565,Railway Infrastructure,"For Railway Indurstry we produce following products ;
Crane Rails : A45 - A55 - A65 - A75 - A100 - A120 - A150 - MRS87
Flat Rails : 50x30 - 60x40 - 70x40 - 80x60
Guard Rails : 33C1
Base Plates : S49 , UIC54 , UIC60
Clip : Kpo6
Fish Plates : S49 , UIC54 , UIC60",1030476
Überwachungsgemeinschaft Gleisbau e.V.,Germany,Wiesbaden,65185,Hall 25,240,Railway Infrastructure,"Überwachungsgemeinschaft Gleisbau e.V. – Vereinigung für spurgebundene Verkehrssysteme (ÜGG)

DMB Deutsche Gesellschaft für Management in der Baupraxis mbH

GüteZert Zertifizierungsgesellschaft [...] mbH

IDX4rail, mFUND research and development project",1042208
Škoda Group,Czechia,Pilsen,301 00,Bus Display; Hall 3.2; Hall 9; Outdoor Display,600; B/500; T10/40; T2/29; 310,Outdoor Display; Bus Display; Public Transport,"Škoda Group is a traditional Czech company engaged in the field of transport engineering, with a strong position in both domestic and world markets.

Škoda Group and its subsidiaries are focused on the transport engineering industry.",1037447
"Šroubárny Kyjov, spol. s r.o.",Czechia,Kyjov,697 32,Hall 21,250,Railway Infrastructure,"The product range includes products for the railways, mines, construction, engineering and automotive industries.",1038313
"ŽOS Trnava, a. s.",Slovakia,Trnava,917 21,Hall 6.2,445,Public Transport,"ŽOS Trnava, a.s. – the largest railway wagon repair workshop in Central Europe. From manufacturing new freight wagons to comprehensive repairs, modernizations, and precision components, the company delivers reliable, high-quality solutions for the rail industry and beyond.",1045592
ŽOS Vrútky a.s.,Slovakia,Vrútky,03861,Hall 2.2,200,Railway Technology,"SCOPE OF ACTIVITIES
- Design, development and production of new rail vehicles
- Modernizations and repairs of locomotives, wagons and their parts 
- Repairs and rebuildings of electric equipment - traction electric motors, transformers and propulsion systems 
- Engineering production",1045593
ООО «КИЕВГУМА»,Ukraine,Brovary,07437,Hall 1.2,557,Railway Infrastructure,"KYIVGUMA LLC is a full-cycle manufacturer of polymer and rubber products for the railway industry. We combine our own scientific research, durable materials, and international quality standards. We create innovative solutions for the safe operation of railway rolling stock and infrastructure.",1213038
