name,country_iso3,country_label,city,email,homepage,rewriteId
1TO3 Energy GmbH,DEU,Germany,Köln,hallo@1to3.energy,www.1to3.energy,1to3-energy-gmbh
3i International Innovative Industries SA,GRC,Greece,Metamorfosi,export@isopipe.eu,www.isopipe.eu,3i-international-innovative-industries-sa
4TANKS S.r.l.,ITA,Italy,Castelnuovo del Garda,federico@4tanks.it,,4tanks-srl
22 7 ENTERPRISE,IND,India,Ahmedabad,santosh@22-7.co.in,https://227enterprise.com/,22-7-enterprise
Aalberts integrated piping systems B.V.,NLD,Netherlands,Hilversum,info.de@aalberts-ips.com,www.aalberts-ips.com,aalberts-integrated-piping-systems-bv
AAT Alber Antriebstechnik GmbH,DEU,Germany,Albstadt,info@cargomaster.org,www.cargomaster.org,aat-alber-antriebstechnik-gmbh
ABA BEUL GLOBAL GmbH,DEU,Germany,Attendorn,info@ababeulglobal.com,www.ababeulglobal.com,aba-beul-global-gmbh
ABB AG,DEU,Germany,Mannheim,motion@de.abb.com,www.abb.de,abb-ag
ABB STOTZ-KONTAKT GmbH,DEU,Germany,Heidelberg,info.stotz@de.abb.com,https://abb.de/stotz-kontakt,abb-stotz---kontakt-gmbh
"ABN Pipe Systems, S.L.U.",ESP,Spain,A Coruna,sgarcia@grupoabn.com,www.abnpipesystems.com,abn-pipe-systems-slu
Abora Energy SLU,ESP,Spain,Zaragoza,info@abora-solar.com,www.abora-solar.com,abora-energy-slu
Accesorios Elasticos Lesol SL,ESP,Spain,Donostia/San Sebastian,psll@lesol.es,www.lesol.es,accesorios-elasticos-lesol-sl
ACOND a.s.,CZE,Czech Republic,Praha,info@acond.de,www.acond.de,acond-as
Air Conditioning Accessories Yesodot ACP Cooperative Agricultural Association Ltd,ISR,Israel,"Moshav Yesodot, D.N. Sorek Valley",,,air-conditioning-accessories-yesodot-acp-cooperative-agricultural-association-ltd
Acquabella,ESP,Spain,La Vall D'Uixo,acquabella@construplas.com,www.acquabella.com,construplas-sl
Acquaer Ipari &Eacute;s Kereskedelmi Kft.,HUN,Hungary,Fehérgyarmat,,www.acquaer.hu,acquaer-ipari-s-kereskedelmi-kft
Acquaviva India Private Limited,IND,India,Gautam Buddha Nagar,sales@acqua-viva.de,www.acquaviva.in,acquaviva-india-private-limited
ACS Klima Isitma Sogutma Havalandirma San ve Tic. AS,TUR,Türkiye,Izmir,info@acsklima.com,https://www.acsklima.com/,acs-klima-isitma-sogutma-havalandirma-san-ve-tic-as
Adell Armatur ve Vana Fabrikalari A.S.,TUR,Türkiye,Istanbul (Europe),info@adell.com,www.adell.com,adell-armatur-ve-vana-fabrikalari-as
ADEY Innovation SAS,FRA,France,Asnières sur Seine,adey.de@adey.com,www.adey.com/eu/de,adey-innovation-sas
Adolf Schmidt Metallwaren- und Holzschraubenfabrik GmbH,DEU,Germany,Wuppertal,info@asw24.de,www.asw24.de,adolf-schmidt-metallwaren--und-holzschraubenfabrik-gmbh
advalju GmbH &amp; Co. KG,DEU,Germany,Münster,,www.advalju.de,advalju-gmbh--co-kg
Advansor A/S,DNK,Denmark,Brabrand,sales@advansor.com,www.advansor.com,advansor-as
Advantix SPA,ITA,Italy,Arcole - Verona,info@advantixspa.it,www.advantixspa.it,advantix-spa
aedifion GmbH,DEU,Germany,Köln,contact@aedifion.com,www.aedifion.com,aedifion-gmbh
"Foshan Aekea Commercial Co., Ltd.",CHN,China,Foshan Guangdong,kobol@jfbathroom.com,www.jfbathroom.com,foshan-aekea-commercial-co-ltd--qingke-lejun-decorative-materials-city
AEnergy GmbH,DEU,Germany,Landsberg am Lech,info@aenergy.de,www.aenergy.de,aenergy-gmbh
"AENOR CONF&Iacute;A, S.A.U.",ESP,Spain,Madrid,mjpilar@aenor.com,http://certifiedplastic.aenor.com,aenor-confa-sau
Aerauliqa S.r.l.,ITA,Italy,Montichiari,info@aerauliqa.it,www.aerauliqa.it,aerauliqa-srl
Aereco GmbH,DEU,Germany,Hofheim-Wallau,info@aereco.de,www.aereco.de,aereco-gmbh
Aerfor S.r.l.,ITA,Italy,Brugine,bagante.lorenzo@aerfor.com,www.aerfor.com,aerfor-srl
Aermec Spa,ITA,Italy,Bevilacqua,sales@aermec.com,global.aermec.com,aermec-spa
AEROSTAR,UKR,Ukraine,Kyiv,office@ventservice.com.ua,https://aerostar.ua/en,vent-service-llc
Aerotechnik E. Siegwart GmbH,DEU,Germany,Friedrichsthal,info@aerotechnik.de,www.aerotechnik.de,aerotechnik-e-siegwart-gesellschaft-mit-beschraenkter-haftung
AFL MOTORS EUROPE,POL,Poland,Gdynia,,,afl-motors-europe-g-perestaj-spk
AFRISO-EURO-INDEX GmbH,DEU,Germany,Güglingen,info@afriso.de,www.afriso.de,afriso-euro-index-gmbh
AFS Boru Sanayi A.S.,TUR,Türkiye,Ostim/Ankara,export@afs.com.tr,www.afs.com.tr,afs-boru-sanayi-as
Anhui Afulise Construction Technology Co. Ltd.,CHN,China,Huainan Anhui,sales02@afulise.com,www.afulise.com,anhui-afulise-construction-technology-co-ltd
Agaflex Sp. z o.o.,POL,Poland,Warszawa,,,agaflex-sp-z-oo
A.G.S. Pipes S.R.L. - Unipersonale,ITA,Italy,Val Liona,info@agssrl.it,www.agssrl.it,ags-pipes-srl---unipersonale
"Ningbo Yinzhou AG Valve Co., Ltd.",CHN,China,Ningbo Zhejiang,sales@sinoangel.com,www.sinoangel.com,ningbo-yinzhou-ag-valve-co-ltd
a.h.s. GmbH,DEU,Germany,Iserlohn,info@a-h-s-gmbh.com,http://a-h-s-gmbh.com,ahs-gmbh
AHT GmbH,DEU,Germany,Meßstetten,news@aht-net.de,www.aht-net.de,aht-gmbh
"Aifeiling Sanitary Wares Technology Group Co., Ltd.",CHN,China,Taizhou Zhejiang,aleena@aifeiling.com,www.aifeiling.com,aifeiling-sanitary-wares-technology-group-co-ltd
Airaga Rubinetterie S.p.A.,ITA,Italy,Gozzano,fiorella.pischedda@airaga.com,www.airaga.com,airaga-rubinetterie-spa
Aircal Heat Pump Ltd.,CHN,China,Guangzhou Guangdong,info@aircal.cn,www.aircalheatpump.com,aircal-heat-pump-ltd
Airfi Oy AB,FIN,Finland,Raisio,info@airfi.fi,www.airfi.eu,airfi-oy-ab
AIRFLOW Lufttechnik GmbH,DEU,Germany,Rheinbach,info@airflow.de,www.airflow.de,airflow-lufttechnik-gmbh
Airios,NLD,Netherlands,Veldhoven,info@airios.eu,www.airios.eu,airios
Airobot Technologies AS,EST,Estonia,Soodevahe Küla Rae vald,sales@airobothome.com,www.airobothome.com/en,airobot-technologies-as
Aironn Havalandirma San. A.S.,TUR,Türkiye,Kocaeli,info@aironn.com.tr,www.aironn.com.tr,aironn-havalandirma-san-as
Airplast Srl,ITA,Italy,Pianezze,info@airplast.it,https://www.airplast.it/en,airplast-srl
AirQuell GmbH,DEU,Germany,Höchstadt,info@airquell.com,www.airquell.com,airquell-gmbh
AirSmart BV,BEL,Belgium,Schoten,louis@airsmart.pro,,airsmart-bv
AIRVANCE Group,FRA,France,Beynost,acharlotte.resillot@airvancegroup.com,www.airvancegroup.com,france-air-sas
"AISBL European Committee of Heating Ventilation, Air Conditioning and Refrigeration Manufacturers",BEL,Belgium,Brussels,secretariat@eurovent.eu,www.eurovent.eu,aisbl-european-committee-of-heating-ventilation-air-conditioning-and-refrigeration-manufacturers
AIS - Multicapas Industrial GmbH,DEU,Germany,Mömbris,info@aisoutnovation.com,www.aisoutnovation.com,multicapas-industrial-gmbh
AK Grup Tesisat Malzemeleri Sanayi Ic Ve Dis Ticaret Limited Sirketi,TUR,Türkiye,Istanbul,simay.akdemir@beze.com.tr,www.akgrup.com.tr,ak-grup-tesisat-malzemeleri-sanayi-ic-ve-dis-ticaret-limited-sirketi
AKG Thermotechnik International GmbH &amp; Co. KG,DEU,Germany,Hofgeismar,info@akg-gruppe.de,www.akg-gruppe.de,akg-thermotechnik-international-gmbh--co-kg
Akgun Akaryakit Sanayi Ve Ticaret Ltd Sti,TUR,Türkiye,Tuzla/Istanbul,,,akgun-akaryakit-sanayi-ve-ticaret-ltd-sti
Akkim Sealants &amp; Adhesives Yapi Kimyasallari San. Tic. A.S.,TUR,Türkiye,,sales@akkim.net,www.akkim.net,akkim-sealants--adhesives-yapi-kimyasallari-san-tic-as
Aktif Motor Havalandirma Sistemleri San. Tic. Ltd. Sti.,TUR,Türkiye,Istanbul,,,aktif-motor-havalandirma-sistemleri-san-tic-ltd-sti
Alape GmbH,DEU,Germany,Goslar,info@alape.com,www.alape.com,alape-gmbh
ALBA S.r.l.,ITA,Italy,Rodengo Saiano,fiere@alba1972.it,www.alba1972.it,alba-srl
V.A. Albertoni srl,ITA,Italy,Gozzano,info@va-albertoni.it,www.va-albertoni.it,va-albertoni-srl
Alcadrain s.r.o.,CZE,Czech Republic,Prague 7,alcadrain@alcadrain.cz,www.alcadrain.com,alcadrain-sro
ALGICOCINA SL,ESP,Spain,Vinaròs,coycama@coycama.com,www.coycama.com,algicocina-sl
AL-KO THERM GMBH,DEU,Germany,Jettingen-Scheppach,klima.technik@alko-air.com,https://alko-airtechnology.com/,al-ko-therm-gmbh
Allengra GmbH,DEU,Germany,Ravenstein,info@allengra.eu,www.allengra.eu,allengra-gmbh
Alliance Metal India,IND,India,Jamnagar,sales1@alliancemetalindia.com,www.alliancemetalindia.com,alliance-metal-india
Allorado BV,BEL,Belgium,Tervuren,info@allorado.io,www.allorado.io,allorado-bv
A.L.M.A.G. S.p.A. Azienda Lavorazioni Metallurgiche e Affini Gnutti,ITA,Italy,Roncadelle,marco.morelli@almag.it,https://www.almagbrass.com/,almag-spa-azienda-lavorazioni-metallurgiche-e-affini-gnutti
Almar Srl,ITA,Italy,Gavirate,info@almarmadeinitaly.it,www.almarmadeinitaly.it,almar-srl
ALMEVA EAST EUROPE a.s.,CZE,Czech Republic,Zelesice u Brna,cz@almeva.eu,www.almeva.swiss,almeva-east-europe-as
Alnor Systemy Wentylacji Sp. z o.o.,POL,Poland,Warszawa,alnor@alnor.com.pl,www.ventilation-alnor.co.uk,alnor-systemy-wentylacji-sp-z-oo
alpha innotec,DEU,Germany,Kasendorf,info@alpha-innotec.de,www.alpha-innotec.com,ait-deutschland-gmbh
ALP Pompa Teknolojileri Ticaret ve Sanayi A.S. (ETNA),TUR,Türkiye,Istanbul,info@etna.com.tr,https://www.etna.com.tr/en/,alp-pompa-teknolojileri-san-ve-tic-as
AMFAG Srl,ITA,Italy,Casaloldo (Mantova),sales@amfagairforce.com,www.amfag.com,amfag-srl
Zhongshan Amitime Electric Co. Ltd.,CHN,China,Zhongshan Guangdong,info@amitime.com,www.amitime.com,zhongshan-amitime-electric-co-ltd
Amnitec Ltd.,GBR,Great Britain and Northern Ireland,"Merthyr Tydfil, South Wales",sales@gastite.co.uk,www.amnitec.co.uk,amnitec-ltd
Anadolu Bakir A.S,TUR,Türkiye,Ergene/Tekirdag,export@anadolubakir.com,www.anadolubakir.com,anadolu-bakir-as
"Xiamen Anboly Technology Co., Ltd.",CHN,China,Xiamen Fujian,anboly@anboly.com,www.anboly.com,xiamen-anboly-technology-co-ltd
Anco Rubinetterie di Bonomini Angelo &amp; C. s.n.c.,ITA,Italy,Villa Carcina,info@anco.it,www.anco.it,anco-rubinetterie-di-bonomini-angelo--c-snc
"Yuhuan Angel Sanitary Wares Co., Ltd.",CHN,China,Yuhuan Zhejiang,ajsw@anjier.com,www.anjier.com,yuhuan-angel-sanitary-wares-co-ltd
Angst + Pfister AG,CHE,Switzerland,Zürich,,,angst--pfister-ag
ANI PLAST UAB,LTU,Lithuania,Klaipeda,office@aniplast.lt,www.aniplast.lt,ani-plast-uab
"Zhejiang Anma Sanitary Ware Co., Ltd.",CHN,China,Taizhou Zhejiang,roger@anmafaucet.com,www.anmafaucet.com,zhejiang-anma-sanitary-ware-co-ltd
"Jiangmen Anmei Industrial Co., Ltd.",CHN,China,Jiangmen Guangdong,sales2@banyanfaucet.com,www.anmeifaucet.com,jiangmen-anmei-industrial-co-ltd
"Guangdong Answer Technology Co., Ltd.",CHN,China,Foshan Guangdong,answer@answertech.com.cn,https://asthermal.com/,guangdong-answer-technology-co-ltd
Antares For Water &amp; Fire GmbH,DEU,Germany,Unterföhring,,,antares-for-water--fire-gmbh
Anwoll Industries Inc,USA,United States,Houston Texas,sales@anwoll.com,www.anwoll.com,anwoll-industries-inc
"Shanghai Aojin Fiberglass Products Co., Ltd",CHN,China,Shanghai Shanghai Shi,grayfeng@aojin-frp.com,www.aojin-frp.com,shanghai-aojin-fiberglass-products-co--ltd
Aokol Environment Technology Co. Ltd.,CHN,China,Ningbo Zhejiang,sales@aokol.com,www.aokol.com,aokol-environment-technology-co-ltd
"Taizhou Aolijie Sanitary Ware Co., Ltd.",CHN,China,Taizhou Zhejiang,sale@aolijiecn.com,www.aolijie.com,taizhou-aolijie-sanitary-ware-co-ltd
Apacor Limited,GBR,Great Britain and Northern Ireland,"Wokingham, Berkshire",,www.apacor.com,apacor-limited
Apaydin Isitma Ve Enerji Sistemleri San. Tic. Ltd. Sti.,TUR,Türkiye,Tekkekoy/Samsun,export2@apaydingrupmetal.com.tr,www.solaren.com.tr,apaydin-isitma-ve-enerji-sistemleri-san-tic-ltd-sti
Apen Group S.p.A.,ITA,Italy,Pessano Con Bornago,export@apengroup.it,www.apengroup.com/en,apen-group-spa
APM S.r.l.,ITA,Italy,Gattico,info@apm.cc,www.apm.cc,apm-srl
"Zhongshan Aquael Sanitary Co., Ltd.",CHN,China,Zhongshan Guangdong,info@aquaelshowers.com,www.aquaelshowers.com,zhongshan-aquael-sanitary-co-ltd
Aquaphor International O&Uuml;,EST,Estonia,Sillamae,,www.aquaphor.com,aquaphor-international-oue
Aqua-Scope Technologies OU,EST,Estonia,Tallinn,,,aqua-scope-technologies-ou
Aquastrong Innovation Pumps Trading LLC,ARE,United Arab Emirates,,info@aquastrong.it,www.aquastrong.it,aquastrong-innovation-pumps-trading-llc
Aquatechnik Group S.p.A.,ITA,Italy,Busto Arsizio,info@aquatechnik.it,www.aquatechnik.it,aquatechnik-group-spa
Aquavital GmbH,DEU,Germany,Leipzig,aquavital.gmbh@hotmail.com,,aquavital-gmbh
AQUER Maciej Dyba Jaroslaw Kram Sp. Jawna,POL,Poland,Dziewin,aquer@aquer.pl,www.aquer.pl,aquer-maciej-dyba-jaroslaw-kram-sp-jawna
Arbonia Riesa GmbH,DEU,Germany,Glaubitz,info@arbonia.de,www.arbonia.de,arbonia-riesa-gmbh
Arcell Isitma Ve Enerji Sistemleri A. S.,TUR,Türkiye,Tuzla /Istanbul,info@arcell.com.tr,www.arcell.com.tr,arcell-isitma-ve-enerji-sistemleri-a-s
VALVULAS ARCO SL,ESP,Spain,Foios,mferrer@valvulasarco.com,valvulasarco.com,valvulas-arco-sl
Area Cooling Solutions SA,ESP,Spain,Santa Perpetua de Mogoda,verkauf@area.es,www.areacooling.de,area-cooling-solutions-sa
Officine ARFINO S.r.l.,ITA,Italy,Varallo,info@officinearfino.it,www.officinearfino.it,officine-arfino-srl
ARI-Armaturen Albert Richter GmbH &amp; Co. KG,DEU,Germany,Schloß Holte-Stukenbrock,info.vertrieb@ari-armaturen.com,www.ari-armaturen.com,ari-armaturen-albert-richter-gmbh--co-kg
Arikazan Makina San. ve Tic. A.S.,TUR,Türkiye,Ankara,info@arikazan.com.tr,www.arikazan.com.tr,arikazan-maksanveticas
ARIS GmbH,DEU,Germany,Wernau,,www.aris-systeme.de,aris-gmbh
Arka Sp. z o.o.,POL,Poland,Sianów,arka@arka-instalacje.pl,www.arka-instalacje.pl,arka-sp-z-oo
ARLANS AB,SWE,Sweden,Stockholm,sales@arlans.se,www.arlans.se,arlans-ab
ARMAKAN PVC Kiebus Krzysztof,POL,Poland,Olesnica,biuro@armakan.pl,www.armakan.pl,armakan-pvc-krzysztof-kiebus
Armstrong Fluid Technology GmbH,DEU,Germany,Kronberg im Taunus,info@armstrongfluidtechnology.com,https://armstrongfluidtechnology.com/de-de/,armstrong-fluid-technology-gmbh
ARM TECHNOLOGY UAB,LTU,Lithuania,Vilnius,info@armtechnology.eu,www.armtechnology.eu,arm-technology-uab
Artemis Insaat Sanayi Ve Insaat Malz. Paz. Tic. A.S.,TUR,Türkiye,"Gebze, Kocaeli",export@artemis.com.tr,www.artemis.com.tr,artemis-insaat-sanayi-ve-insaat-malz-paz-tic-as
Ar-Tex S.p.A.,ITA,Italy,Viadanica,info@ar-tex.it,www.ar-tex.it,ar-tex-spa
Arthermo S.r.l.,ITA,Italy,Gessate,info@arthermo.com,www.arthermo.com,arthermo-srl
Arven S.r.l.,ITA,Italy,Maclodio,estero@arven.it,www.arven.it,arven-srl
Asia Flexproduction Ltd.,CHN,China,Yuyao Zhejiang,,,asia-flexproduction-ltd
Asil Krom Evye Sanayi ve Tic. A.S.,TUR,Türkiye,Esenyurt / Istanbul,info@asilkrom.com,www.asilkrom.com,asil-krom-evye-sanayi-ve-tic-as
Aspen Pumps Group,GBR,Great Britain and Northern Ireland,Hailsham,sales@aspenpumps.com,www.aspenpumps.com,aspen-pumps-group-limited
ASPINA GmbH,DEU,Germany,Eschborn,eu.info@aspina-group.com,www.aspina-group.com,aspina-gmbh
Assotherm S.r.l.,ITA,Italy,Casazza,,,assotherm-srl
Astral Limited,IND,India,Ahmedabad,yogen.parikh@astralltd.com,www.astralpipes.com,astral-limited
ATEC GmbH &amp; Co. KG,DEU,Germany,Neu Wulmstorf,info@atec-energiefluss.de,https://atec-energiefluss.de,atec-gmbh--co-kg
A.T. Gomma Guarnizioni Industriali S.r.l,ITA,Italy,Foresto Sparso,,,at-gomma-guarnizioni-industriali-srl
Athena S.p.A.,ITA,Italy,Alonte - Vicenza,commerciale@athena.eu,www.athena.industries,athena-spa
ATI DI MARIANI SRL,ITA,Italy,Cesena,info@atimariani.it,www.atimariani.it,ati-di-mariani-srl
Atlas Filtri S.r.l.,ITA,Italy,Limena,info@atlasfiltri.com,www.atlasfiltri.com,atlas-filtri-srl
ATM Isi Transfer San. Ve Tic. A.S,TUR,Türkiye,Kocaeli,,,atm-isi-transfer-san-ve-tic-as
A.T.P. Avanzate Tecnologie Plastiche S.r.l.,ITA,Italy,Barletta,atp@atpsrl.it,www.atpsrl.net,atp-avanzate-tecnologie-plastiche-srl
Auray Managing S.L.U.,ESP,Spain,Palau Solita i Plegamans,jbrossa@pipex.es,www.pipex.es,auray-managing-slu
Au&szlig;enwirtschaftsCenter BERLIN,DEU,Germany,Berlin,berlin@advantageaustria.org,https://www.advantageaustria.org/de,wirtschaftskammer-oe-messebereich
Hongkong Auster Sanitary Ware Industry Limited,HKG,Hong Kong,Wanchai,kp@edea-faucet.com,www.edea-faucet.com,hongkong-auster-sanitary-ware-industry-limited
autarc GmbH,DEU,Germany,Berlin,hello@autarc.energy,www.autarc.energy,autarc-gmbh
Automazioni Industriali S.r.l.,ITA,Italy,Nave,sales@autind.com,www.autind.com,automazioni-industriali-srl
auxalia GmbH,DEU,Germany,Hamburg,info@auxalia.com,www.auxalia.com,auxalia-gmbh
"Ningbo Aux Electric Co., Ltd",CHN,China,Ningbo Zhejiang,matengfei@aux-home.com,www.auxcac.cn,ningbo-aux-electric-coltd
Avantec Manufacturing Limited,HKG,Hong Kong,Kowloon,office@avantec.com.hk,www.avantec.com.hk,avantec-manufacturing-limited
"Jiangxi Avonflow Hvac Tech Co., Ltd.",CHN,China,Shangrao Jiangxi,028@avonflow.com.cn,www.avonflow.com.cn,jiangxi-avonflow-hvac-tech-co-ltd
AWENTA E.W.A. Chomka Sp. J.,POL,Poland,Minsk Mazowiecki,export@awenta.pl,www.awenta.pl,awenta--ewa-chomka-sp-j
Axiom Gesellschaft f&uuml;r Diagnostica und Biochemica mbH,DEU,Germany,Bürstadt,news@axiom-online.net,,axiom-gesellschaft-fuer-diagnostica-und-biochemica-mbh
Haci Ayvaz Endustriyel Mamuller San. ve Tic. A.S.,TUR,Türkiye,Arnavutköy /Istanbul,info@ayvaz.com,www.ayvaz.com.tr,haci-ayvaz-endustriyel-mamuller-san-ve-tic-as
AZ INTEC GmbH,DEU,Germany,Olbernhau,info@azintec.com,www.azintec.com,az-intec-gmbh
Backer AB,SWE,Sweden,Sösdala,anna-karin.persson@backer.se,www.backergroup.com,backer-ab
Backer AB Backer Calesco,SWE,Sweden,Kolbäck,sales-support@backercalesco.se,http://www.backercalesco.com/,backer-ab-backer-calesco
Backer Fer Srl,ITA,Italy,Terre del Reno,info@backerfer.com,www.backerfer.com,backer-fer-srl
Backer OBR Sp z o.o.,POL,Poland,Pyrzyce,info@backerobr.pl,www.backerobr.pl,backer-obr-sp-z-oo
BACnet Interest Group Europe e.V.,DEU,Germany,Aachen,info@big-eu.org,www.big-eu.org,bacnet-interest-group-europe-ev
BAC pool systems GmbH,DEU,Germany,Ettlingen,info@bac-poolsystems.com,www.bac-poolsystems.com,bac-pool-systems-gmbh
Baden Radyat&ouml;r Sanayi ve Ticaret Ltd. Sti,TUR,Türkiye,Bozüyük / Bilecik,ceylankucuk@superonline.com,www.badengroup.com,baden-radyatoer-sanayi-ve-ticaret-ltdsti
W. Baelz &amp; Sohn GmbH &amp; Co.,DEU,Germany,Heilbronn,mail@baelz.de,www.baelz.de,w-baelz--sohn-gmbh--co
Baer Energie- &amp; Messtechnik GmbH,DEU,Germany,Fürth,kontakt@baeris.de,,baer-energie---messtechnik-gmbh
Bahcivan Havalandirma Sistemleri ve Elektrik Motorlari San. ve A.S.,TUR,Türkiye,Arnavutköy / Istanbul,ud@bvnair.com,www.bvnair.com,bahcivan-havalandirma-sistemleri-ve-elektrik-motorlari-sanve-as
baind AG,DEU,Germany,München,,,baind-ag
"Zhejiang Baiyilun Intelligent Control System Co., Ltd.",CHN,China,Wenzhou Zhejiang,wz@baiyilun.com,www.baiyilun.com,zhejiang-baiyilun-intelligent-control-system-co-ltd
Balteco AS,EST,Estonia,Jälgimäe küla Saku vald,info@balteco.com,www.balteco.com,balteco-as
Bandini Scaldabagni S.p.A.,ITA,Italy,Poggibonsi,marketing@bandini.it,www.bandiniwaterheaters.com,bandini-scaldabagni-spa
Barberi Rubinetterie Industriali S.r.l.,ITA,Italy,Valduggia,barberi@barberi.it,www.barberi.it,barberi-rubinetterie-industriali-srl
Industrial Blansol - Barbi,ESP,Spain,Barcena de Cicero,general@barbi.es,www.blansol.es,industrial-blansol-sa
La B&amp;G di Bardini Enrico e C. S.r.l.,ITA,Italy,Lumezzane,walterz@labeg.it,www.labeg.it,la-bg-di-bardini-enrico-e-c-srl
Barnova GmbH,DEU,Germany,Bad Laasphe,info@barnova.de,www.barnova.de,barnova-gmbh
Barocal Ltd,GBR,Great Britain and Northern Ireland,Cambridge,,www.barocal.com,barocal-ltd
Bartholom&auml;us GmbH,DEU,Germany,Emerkingen,info@geba-emerkingen.de,www.geba-emerkingen.de,bartholomaeus-gmbh
Bartin Seramik Sanayi Ve Ticaret Anonim Sirketi,TUR,Türkiye,Bartin,elifacarbas@quarterbath.com,www.quarterbath.com,bartin-seramik-sanayi-ve-ticaret-anonim-sirketi
Bath Collection S.L.,ESP,Spain,Santander,acobo@bathcogroup.com,www.thebathcollection.com,bath-collection-sl
Bath Deluxe s.r.o.,CZE,Czech Republic,Praha,finn@bathdeluxe.com,www.bathdeluxe.com,bath-deluxe-sro
BauGrund S&uuml;d Gesellschaft f&uuml;r Geothermie mbH,DEU,Germany,Bad Wurzach,info@baugrundsued.de,www.baugrundsued.de,baugrund-sued-gesellschaft-fuer-geothermie-mbh
HG Baunach GmbH &amp; Co. KG,DEU,Germany,Hückelhoven,info@baunach.net,www.baunach.net,hg-baunach-gmbh--co-kg
BAUTHERM ISITMA SAN. TIC. A.S.,TUR,Türkiye,Samsun,export@bautherm.net,www.bautherm.net,bautherm-isitma-sanayi-ticaret-anonim-sirketi
BBHUM B.V.,NLD,Netherlands,Hilversum,info@bbhum.nl,www.bbhum.com,bbhum-services-bv
BCF Italia S.r.l.,ITA,Italy,Rivignano Teor,bcf@bcf-italia.com,www.bcf-italia.com,bcf-italia-srl
BDEW - Bundesverband der Energie- und Wasserwirtschaft e.V.,DEU,Germany,Berlin,info@bdew.de,https://www.bdew.de,bdew---bundesverband-der-energie--und-wasserwirtschaft-ev
Bundesverband der Deutschen Heizungsindustrie (BDH),DEU,Germany,Köln,info@bdh-industrie.de,www.bdh-industrie.de,interessengemeinschaft-energie--umwelt--feuerungen-gmbh
Bundesverband der Deutschen Industrie e.V. (BDI),DEU,Germany,Berlin,info@bdi.eu,https://bdi.eu/,bundesverband-der-deutschen-industrie-ev-bdi
BE - Allbrass Industrial B.V. part of Bons &amp; Evers Group,NLD,Netherlands,Borne,info-nl@bons-evers.com,www.bons-evers.com,be---allbrass-industrial-bv
Beckett Thermal Solutions S.r.l.,ITA,Italy,Formigine,sales@beckettthermal.com,www.beckettthermal.com,beckett-thermal-solutions-srl
"BECRISA 2011, S.L.",ESP,Spain,Onda,ignacio@coycama.com,www.becrisa.com,becrisa-2011-sl
Bedisa A.Ş.,TUR,Türkiye,Ankara,turkmen.boran@bedisa.com.tr,www.bedisa.com.tr,bedisa-insaat-madencilik-sanayi-ve-ticaret-anonim-sirketi
G. Bee GmbH,DEU,Germany,Freiberg am Neckar,info@g-bee.de,www.g-bee.de,g-bee-gmbh
BEHNCKE GmbH,DEU,Germany,Hohenbrunn,info@behncke.com,www.behncke.com,behncke-gmbh
"Yuyao Beilv Sanitary Ware Co., Ltd",CHN,China,"Yuyao, Ningbo Zhejiang",vicky@yuxiong.com,www.yuxiong.com,yuyao-beilv-sanitary-ware-co-ltd
BELIMO Automation AG,CHE,Switzerland,Hinwil,info@belimo.ch,www.belimo.ch,belimo-automation-ag
Bella Stone Company Limited,HKG,Hong Kong,Kowloon,exportsales@fsbella.com,www.fsbella.com,bella-stone-company-limited
BEMETA Design s.r.o.,CZE,Czech Republic,Žatčany,export@bemeta.cz,www.bemeta.com,bemeta-design-sro
Bemis GmbH,DEU,Germany,Essen,verkauf@bemismfg.com,www.bemisemea.com/de,bemis-gmbh
Benkiser Armaturenwerk GmbH,DEU,Germany,Burglengenfeld,info@benkiser.de,www.benkiser.net,benkiser-armaturenwerk-gmbh
Berliner Luft.Technik GmbH,DEU,Germany,Berlin,info@berlinerluft.de,www.berlinerluft.de,berliner-lufttechnik-gmbh
Berndorf B&auml;derbau Deutschland GmbH,DEU,Germany,Breitscheid,office@berndorf-baederbau.com,www.berndorf-baederbau.com,berndorf-baederbau-deutschland-gmbh
Bertelli &amp; Partners S.r.l.,ITA,Italy,Angiari,,www.bertelli-partners.it,bertelli--partners-srl
BESCO GmbH,DEU,Germany,Krefeld,info@bescofittings.de,www.bescofittings.de,besco-gmbh
Best Bathroom by Stefano Ollino Design Studio,ITA,Italy,Torino,,,stefano-ollino-design-studio
Bette GmbH &amp; Co. KG,DEU,Germany,Delbrück,info@bette.de,www.my-bette.com,bette-gmbh--co-kg
Better Sol GmbH,DEU,Germany,Braunschweig,info@better-sol.com,www.better-sol.com,better-sol-gmbh
Betterspace GmbH,DEU,Germany,Ilmenau,info@betterspace360.com,www.betterspace360.com,betterspace-gmbh
BEULCO GmbH &amp; Co. KG,DEU,Germany,Attendorn,info@beulco.de,www.beulco.de,beulco-gmbh--co-kg
BEWI,NLD,Netherlands,Wijchen,info@bewi.com,www.bewi.com,synprodo-bv
BFM Teknik Yapi Malzemeleri Ltd. Sti.,TUR,Türkiye,Arnavutkoy/Istanbul,info@villoren.com,www.villoren.com,bfm-teknik-yapi-malzemeleri-ltd-sti
BG BAU - Berufsgenossenschaft der Bauwirtschaft,DEU,Germany,Berlin,info@bgbau.de,www.bgbau.de,bg-bau---berufsgenossenschaft-der-bauwirtschaft
bGrid B.V.,NLD,Netherlands,Amsterdam,wouter.kok@bgrid.com,www.bgrid.com,bgrid-bv
BHT Deutschland GmbH,DEU,Germany,Schriesheim,info.bhtde@windhager.com,www.windhager.com,bht-deutschland-gmbh
BIAL d.o.o.,SVN,Slovenia,Celje,info@bial.si,www.bial.io,bial-doo
Bianchi F.lli S.p.A.,ITA,Italy,Lumezzane,,www.bianchifratelli.it,bianchi-flli-spa
Bianchi Rubinetterie,ITA,Italy,Vobarno,info@bianchirubinetterie.com,www.bianchirubinetterie.com,errebi-srl
Bien Banyo Urunleri San. ve Tic A. S.,TUR,Türkiye,"Kadiköy, Istanbul",info@bienbanyo.com,www.bienbanyo.com,bien-banyo-urunleri-san-ve-tic-a-s
BIG MAGIC s.r.o.,CZE,Czech Republic,Holešov,obchod@a1magic.cool,https://a1magic.cool/,big-magic-sro
Bihl + Wiedemann GmbH,DEU,Germany,Mannheim,mail@bihl-wiedemann.de,https://www.bihl-wiedemann.de/de/applikationen/automatisierungstechnik/gebaeudeautomation,bihl--wiedemann-gmbh
BIRCO GmbH,DEU,Germany,Baden-Baden,info@birco.de,www.birco.de,birco-gmbh
Biselarte - Sociedade de Vidros SA,PRT,Portugal,Oia,export@biselarte.com,www.biselarte.com,biselarte---sociedade-de-vidros-sa
Bisk S.A.,POL,Poland,Baniocha,bisk@bisk.pl,www.bisk.eu,bisk-sa
Bitrerubinetterie S.r.l.,ITA,Italy,Valduggia,info@bitrerubinetterie.it,www.bitrerubinetterie.it,bitrerubinetterie-srl
BITZER Electronics A/S,DNK,Denmark,Sonderborg,sales@bitzerdk.com,www.bitzer.de/gb/en/products/electronics-and-controls/,bitzer-electronics-as
Bival S.p.A.,ITA,Italy,Sarezzo,commerciale@bival.it,www.bival.it,bival-spa
Bjorn Septembrie Srl,ROU,Romania,Turda,office@bjornheizung.com,www.bjornheizung.com,bjorn-septembrie-srl
BLAUBERG GROUP AG,LUX,Luxembourg,Luxemburg,info@blauberg-group.com,https://blauberg-group.com/,prjsc-vents
Blauberg Motoren,DEU,Germany,München,sales@blauberg-motoren.com,https://blauberg-motoren.com/,blauberg-ventilatoren-gmbh-blauberg-motoren
Blauberg Ventilatoren GmbH,DEU,Germany,München,info@blaubergventilatoren.de,https://blaubergventilatoren.de/,blauberg-group-ag
Blossom-ic-intelligent controls AG,DEU,Germany,Memmingen,info@blossomic.de,www.blossomic.de,blossom-ic-intelligent-controls-ag
Blue Heart Energy B.V.,NLD,Netherlands,Heemskerk,contactbhe@blueheartenergy.com,www.blueheartenergy.com,blue-heart-energy-bv
"Foshan Blue Sanitary Ware Co., Ltd",CHN,China,Foshan Guangdong,sales@ideal-china.net,www.bluesanitary.com,foshan-ideal-co-ltd
"Foshan Blue Sanitary Ware Co., Ltd.",CHN,China,Foshan Guangdong,ceo@ideal-china.net,,foshan-blue-sanitary-ware-co-ltd
blue:solution software GmbH,DEU,Germany,Rheine,akoehler@bluesolution.de,www.bluesolution.de,bluesolution-software-gmbh
Blue Star Europe B.V,NLD,Netherlands,Hoofddorp,international@globalbluestar.com,www.globalbluestar.com,blue-star-limited
BNC Network,ARE,United Arab Emirates,Sharjah,marketing@bncnetwork.net,www.bncnetwork.net,industry-networks-fzc
Boarex Limited,HKG,Hong Kong,"Tuen Mun, N.T.",leo@chinaoulang.com,www.chinaoulang.com,boarex-limited
"Bobrick Washroom Equipment, Inc.",USA,United States,North Hollywood California,info@bobrick.com,,bobrick-washroom-equipment-inc
B&ouml;llhoff Verbindungstechnik GmbH,DEU,Germany,Bielefeld,info@boellhoff.com,www.boellhoff.com,boellhoff-verbindungstechnik-gmbh
B&ouml;rsting GmbH,DEU,Germany,Schöppingen,info@boersting-gmbh.de,www.boersting-gmbh.de,boersting-gmbh
Walter B&ouml;sch GmbH &amp; Co KG,AUT,Austria,Lustenau,info@boesch.at,www.boesch.at,walter-boesch-gmbh--co-kg
Bohl Befestigungssysteme - klimatechnisches Zubeh&ouml;r GmbH,DEU,Germany,Schöntal,info@bohl.eu,www.bohl.eu,bohl-befestigungssysteme---klimatechnisches-zubehoer-gmbh
Boilernova S.r.l.,ITA,Italy,Zevio,info@boilernova.it,www.boilernova.it,boilernova-srl
BOKI Industries a.s.,CZE,Czech Republic,Prague,vjaceslav.bondarcuk@bokiindustries.com,https://www.bokiheating.com/en/,boki-industries-as
"Tianjin Bolgheri Intelligent Technology Co., Ltd.",CHN,China,Tianjin Tianjin Shi,jim@edgegroup.cn,www.radiatorschina.com,tianjin-bolgheri-intelligent-technology-co-ltd
Bongas Deutschland GmbH,DEU,Germany,Oberkirch,info@bongas.de,www.bongas.de,bongas-deutschland-gmbh
Bongioanni/Duedi S.r.l.,ITA,Italy,Cervasca,,,duedi-srl
Idrosanitaria Bonomi S.p.A.,ITA,Italy,Lumezzane,info@idrobonomi.com,www.idrosanitariabonomi.com,idrosanitaria-bonomi-spa
BONOMI INDUSTRIES S.r.l.,ITA,Italy,Mazzano,marketing@rubvalves.com,www.bonomiindustries.com,bonomi-industries-srl
BONOMINI SRL,ITA,Italy,Borgosatollo,bonomini@bonomini.com,www.bonomini.com,bonomini-srl
"Zhejiang Bornic Fluid Control Co., Ltd",CHN,China,Yuhuan Shi Zhejiang,info@zjbornic.com,www.brasspushfit.com,zhejiang-bornic-fluid-control-co-ltd
Borochi Climate Solutions GmbH,DEU,Germany,Berlin,shaoqing.ying@borochi.de,,borochi-climate-solutions-gmbh
Bosch - Bosch Home Comfort Group,DEU,Germany,Wernau,info.thermotechnik@de.bosch.com,www.bosch-homecomfort.com,robert-bosch-gmbh
Bosch Industriekessel GmbH,DEU,Germany,Gunzenhausen,sales@bosch-industrial.com,www.bosch-industrial.com,bosch-industriekessel-gmbh
Bosin Limited,HKG,Hong Kong,Sheung Wan,sales@bosinbaths.cn,www.bosinbaths.com,bosin-limited
BOSSINI S.p.A.,ITA,Italy,Castenedolo,info@bossini.it,www.bossini.it,bossini-spa
Bott GmbH &amp; Co. KG,DEU,Germany,Gaildorf,info@bott.de,www.bott.de,bott-gmbh--co-kg
&quot;Braca Karic d.o.o.&quot; Zenica,BIH,Bosnia and Herzegovina,Zenica,info@bracakaric.com,www.bracakaric.com,braca-karic-zenica-doo
Brandoni S.p.A.,ITA,Italy,Romagnano Sesia,,www.brandonivalves.com,brandoni-spa
Brass Form S.A.,GRC,Greece,Mandra,info@brassform.gr,https://brassform.gr/en/,brass-form-sa
Brasta Glass UAB,LTU,Lithuania,Kaunas,ugne.gavrilova@brastaglass.com,www.brastaglass.lt,brasta-glass-uab
Braun Messtechnik GmbH,DEU,Germany,Wernau,info@braunmesstechnik.de,www.braunmesstechnik.de,braun-messtechnik-gmbh
Brawo S.p.A.,ITA,Italy,Pian Camuno,info@brawo.it,www.brawo.com,brawo-spa
Bremboflex S.r.l.,ITA,Italy,Brembate Sopra,info@bremboflex.it,www.bremboflex.it,bremboflex-srl
Brink Climate Systems B.V.,NLD,Netherlands,Staphorst,info@brinkclimatesystems.nl,www.brinkclimatesystems.nl,brink-climate-systems-bv
Broen A/S,DNK,Denmark,Assens,broen@broen.com,www.broen.com,broen-as
August Br&ouml;tje GmbH,DEU,Germany,Rastede,messe@broetje.de,www.broetje.de,august-broetje-gmbh
Brofer S.r.l.,ITA,Italy,Resana,info@brofer.it,www.brofer.it,brofer-srl
"Bruma Europa, Lda.",PRT,Portugal,Vila Nova de Famalicao,info@bruma.pt,www.bruma.pt,bruma-europa-lda
BRUNE Luftbefeuchtung Proklima GmbH,DEU,Germany,Aglasterhausen,mail@brune.info,www.brune.info,luftbefeuchtung-proklima-gmbh
Br&uuml;ninghaus &amp; Drissner GmbH,DEU,Germany,Hilden,,,brueninghaus--drissner-gmbh
Bruse GmbH &amp; Co. KG,DEU,Germany,Attendorn,info@bruse.de,www.bruse.de,bruse-gmbh--co-kg
BRV Bonetti Rubinetterie Valduggia S. r. l.,ITA,Italy,Valduggia,info@brv.it,www.brv.it,brv-bonetti-rubinetterie-valduggia-s-r-l
BSK Havalandirma Ekipmanlari A.S.,TUR,Türkiye,Sultanbeyli / Istanbul,info@bskhavalandirma.com.tr,www.bskhavalandirma.com.tr,bsk-havalandirma-ekipmanlari-as
Shenzhen BSO Building Material Co. Ltd.,CHN,China,Shenzhen Guangdong,will.liu@bsotap.com,http://www.bsotap.com/,shenzhen-bso-building-material-co-ltd
BTGA - Bundesindustrieverband Technische Geb&auml;udeausr&uuml;stung e.V.,DEU,Germany,Bonn,info@btga.de,www.btga.de,btga---bundesindustrieverband-technische-gebaeudeausruestung-ev
BTM Europe Blechverbindungstechnik GmbH,DEU,Germany,Sasbach,info-sued@btm-europe.de,www.btm-europe.de,btm-europe-blechverbindungstechnik-gmbh
BTN SA,BEL,Belgium,Dison,btn@btnsa.com,www.btnsa.com,btn-sa
BT Verlag GmbH,DEU,Germany,München,info@bt.de,www.bt.de,bt-verlag-gmbh
Buderus - Bosch Thermotechnik GmbH,DEU,Germany,Wetzlar,info@buderus.de,www.buderus.de,bosch-thermotechnik-gmbh
B&uuml;rkert GmbH &amp; Co. KG,DEU,Germany,Ingelfingen,info@burkert.com,www.buerkert.de,buerkert-gmbh--co-kg
Buffoli Transfer S.p.A.,ITA,Italy,Brescia,sales@buffoli.com,www.buffoli.com,buffoli-transfer-spa
BAPI - Building Automation Products B.V.,NLD,Netherlands,Amsterdam,eusales@bapisensors.com,www.bapihivac.com,building-automation-products-bv
Bundesverband Geb&auml;udeGr&uuml;n e.V. (BuGG),DEU,Germany,Berlin,info@bugg.de,www.gebaeudegruen.info,bundesverband-gebaeudegruen-ev-bugg
Burbuliukas Ir Co UAB,LTU,Lithuania,Panevezys,admin@burbuliukas.lt,www.respowater.com,burbuliukas-ir-co-uab
Herbert Burda GmbH,DEU,Germany,Düsseldorf,info@burda-online.com,www.burda-online.com,herbert-burda-gmbh
burgbad GmbH,DEU,Germany,Schmallenberg,info@burgbad.com,www.burgbad.com,burgbad-gmbh
Burner India,IND,India,Mehsana,burnerindia@yahoo.com,www.burnerindia.com,burner-india
"Business Key, S.L.",ESP,Spain,Palleja,a.belacortu@mtspain.net,www.mtspain.net,business-key-sl
Bundesverband W&auml;rmepumpe (BWP) e.V.,DEU,Germany,Berlin,info@waermepumpe.de,www.waermepumpe.de,bundesverband-waermepumpe-bwp-ev
BWT Wassertechnik GmbH,DEU,Germany,Schriesheim,bwt@bwt.de,www.bwt.com,bwt-wassertechnik-gmbh
Cacciatori Ilaria Daniela,ITA,Italy,Nebbiuno,info@ilariacacciatori.it,www.ilariacacciatori.it,cacciatori-ilaria-daniela
Cachen HK Co. Ltd.,HKG,Hong Kong,Wanchai,sales@cacheng.com,www.cacheng.com,cachen-hk-co-ltd
"CAE Sanitary Fittings Industry Co., Ltd.",CHN,China,Kaiping Guangdong,cae@china-cae.com,www.china-cae.com,cae-sanitary-fittings-industry-co-ltd-guangdong
Calectro AB,SWE,Sweden,Askim,info@calectro.com,www.calectro.de,calectro-ab
CALEFFI S.p.A.,ITA,Italy,Fontaneto D'Agogna,info@caleffi.com,www.caleffi.com,caleffi-spa
"Calpak-Cicero Hellas, SA",GRC,Greece,Athen,,www.calpak.gr,calpak-cicero-hellas-sa
Calpeda Pumpen Vertrieb GmbH,DEU,Germany,Alzenau,info@calpeda.de,www.calpeda.de,calpeda-pumpen-vertrieb-gmbh
Canyildiz Bombe Pres Baski Basincli Kaplar Ekipmanlari Ithalat Ihracat San. ve Tic. Ltd. Sti.,TUR,Türkiye,Izmir,,,canyildiz-bombe-pres-baski-basincli-kaplar-ekipmanlari-ithalat-ihracat-san-ve-tic-ltd-sti
Capannoli Srl,ITA,Italy,Poggibonsi,lorenzo@capannoli.it,www.capannoli.it,capannoli-srl
CAREL INDUSTRIES S.p.A.,ITA,Italy,Brugine,carel@carel.com,www.carel.com,carel-industries-spa
Carisa Designer Radiators,TUR,Türkiye,Istanbul (Anatolia),info@carisa.com.tr,www.carisa.com.tr,radiart-isi-sistemleri-turizm-yatcilik-ic-ve-dis-ticaret-limited-sirketi
"Zhejiang Carlota Sanitary Ware Manufactory Co., Ltd.",CHN,China,Taizhou Zhejiang,salesteam@carlotacn.com,www.carlotacn.com,zhejiang-carlota-sanitary-ware-manufactory-coltd
Carl Stahl ARC GmbH,DEU,Germany,Süssen,architektur@carlstahl.com,www.carlstahl-architektur.com,carl-stahl-arc-gmbh
Carrier Commercial Refrigeration,DEU,Germany,Mainz-Kostheim,charline.roux@carrier.com,https://www.carrier.com/commercial-refrigeration/en/eu/,sas-refrigeration-solutions-france
Carrier Deutschland Holding GmbH,DEU,Germany,Allendorf (Eder),,,viessmann-holding-international-gmbh-1
Carrodrain BV,BEL,Belgium,Heist op den Berg,gert@carrodrain.be,www.carrodrain.com,carrodrain-bv
Cartesian AS,NOR,Norway,Trondheim,jonas.utvik@cartesian.no,www.cartesian.no,cartesian-as
Casajoy B.V.,NLD,Netherlands,Eindhoven,info@casajoy.nl,www.casajoy.nl,casajoy-bv
"Cassbern Sanitary Ware Co., Ltd",CHN,China,Ningbo Zhejiang,info@cassbern.com,www.cassbern.com,cassbern-sanitary-ware-co-ltd
C.A.T.S. Software GmbH,DEU,Germany,Darmstadt,vertrieb@cats-software.com,www.cats-software.com,cats-software-gmbh
Ceipiemonte S.C.P.A.,ITA,Italy,Torino,luxury@centroestero.org,www.centroestero.org,ceipiemonte-scpa
Ceir Taps And Valves Europe,BEL,Belgium,Brussels,secgen@ceir.eu,www.ceir.eu,ceir-taps-and-valves-europe
Ceka Inoks Yapi Malzemeleri Sanayi Ve Dis Ticaret Limited Sirketi,TUR,Türkiye,Istanbul,export@aquazone.com.tr,www.aquazone.com.tr,ceka-inoks-yapi-malzemeleri-sanayi-ve-dis-ticaret-limited-sirketi
Celec Conception Electronique S.A.,FRA,France,Neufchâtel En Bray,edward.sommerville@celec.fr,www.celec.fr,celec-conception-electronique-sa
Cellofoam International GmbH &amp; Co. KG,DEU,Germany,Biberach an der Riß,sales@cellofoam.de,www.cellofoam.de,cellofoam-international-gmbh--co-kg
Cembre S.p.A.,ITA,Italy,Brescia,info@cembre.com,www.cembre.com,cembre-spa
Centrometal d.o.o.,HRV,Croatia,Macinec,komercijala@centrometal.hr,www.centrometal.hr,centrometal-doo
"Guangdong Gaoxiang Ceramics Industrial Co., Ltd",CHN,China,Chaozhou Guangdong,kk@cerafield.com,www.cerafield.com,guangdong-gaoxiang-ceramics-industrial-co-ltd
Cersanit S.A.,POL,Poland,Kielce,,www.cersanit.com,cersanit-sa
Cestaro Fonderie S.p.A.,ITA,Italy,Bressanvido,marketing@fonderiecestaro.it,www.fonderiecestaro.it,cestaro-fonderie-spa
Cetin Grup Enerji Uretim Sistemleri Insaat Bilisim Plastik San. Ve Tic. A.S.,TUR,Türkiye,Eskisehir,alperen@cetinmuhendislik.com.tr,www.cetinmuhendislik.com.tr,cetin-grup-enerji-uretim-sistemleri-insaat-bilisim-plastik-san-ve-tic-ltd-sti
CEWAL S.p.A.,ITA,Italy,Camponogara,cewal@cewal.com,www.cewal.com,cewal-spa
CGM S.r.l.,ITA,Italy,Ornavasso (VB),info@cgmprogetti.it,www.cgmprogetti.it,cgm-srl
C. G. S. S.r.l.,ITA,Italy,Cureggio,info@cgsmixer.com,www.cgsmixer.com,c-g-s-srl
"Champ Design Co., Ltd.",TWN,Taiwan,Kaohsiung City,,www.charm.com.tw,champ-design-co-ltd
Chaozhou Chaoan Yalaier Ceramics Co. Ltd.,CHN,China,Chaozhou Guangdong,yle@czyle.cn,https://www.czyle.cn,chaozhou-chaoan-yalaier-ceramics-co-ltd
"Zhejiang Chaoling Chinaware Valve Co., Ltd.",CHN,China,Taizhou Zhejiang,chaoling@chinachaoling.com,www.chinachaoling.com,zhejiang-chaoling-chinaware-valve-co-ltd
"Cheng Yao Hardware Co., Ltd.",TWN,Taiwan,Taichung City,cheng.yaow@msa.hinet.net,www.bathroom-plumbing.com.tw,cheng-yao-hardware-co-ltd
Wenzhou Chenkai Sanitary Ware Co. Ltd.,CHN,China,Wenzhou Zhejiang,info@cnchenkai.com,www.cnchenkai.com,wenzhou-chenkai-sanitary-ware-co-ltd
"Chinafore Co., Ltd.",CHN,China,Hangzhou Zhejiang,chinafore@chinafore.com,www.chinafore.com.cn,chinafore-coltd
China Gem Dragon Sanitary Limited,HKG,Hong Kong,"Tai Kok Tsui, Kowloon",xue.baolong@vip.126.com,www.baolong-faucet.com,china-gem-dragon-sanitary-limited
CH Quimica SL,ESP,Spain,Castellar del Valles,info@chquimica.com,chquimica.com,ch-quimica-sl
"CHUDEJ, s.r.o.",CZE,Czech Republic,Hutisko-Solanec - Hutisko,export@chudej.cz,www.chudej.cz,chudej-sro
Cimberio S.p.A.,ITA,Italy,San Maurizio D'Opaglio,info@cimberio.it,www.cimberio.com,cimberio-spa
CIMM S.p.A.,ITA,Italy,Castello Di Godego,info@cimmspa.com,www.cimmspa.com,cimm-spa
Cipriani PHE S.r.l.,ITA,Italy,Pescantina,info@cipriani-phe.com,http://www.cipriani-phe.com,cipriani-phe-srl
"International Technology Citec, S.L.",ESP,Spain,Molins de Rei,commercial@citecgroup.com,www.citecgroup.com,international-technology-citec-sl
CLAUSIUS,ESP,Spain,Nigran,sonia.fernandez@clausius.es,www.clausius.es,ceo2-green-sl
Clean Room Design d.o.o.,HRV,Croatia,Zagreb,,http://www.crd.com.hr,clean-room-design-doo
Clever Taps,ESP,Spain,Montcada i Reixac,marketing@sth.email,www.griferiaclever.com,standard-hidraulica-sau
Climatech International,BEL,Belgium,Lasne,clim@climatech.be,www.climatech.be,climatech-international
Clivet S.p.A.,ITA,Italy,Feltre (Belluno),info@clivet.it,www.clivet.com,clivet-spa
CODITAL France SAS,FRA,France,Rognac,codital@codital.com,www.codital.com,codital-france-sas
"Cofe Technologies Co., Limited",HKG,Hong Kong,"Kwai Chung, N.T",info@tenuo.cn,www.tenuo.cn,cofe-technologies-co-limited
Cofi s.r.l.,ITA,Italy,Treviso,cofi@cofisrl.it,www.cofi.eu,cofi-srl
COLONS.de,DEU,Germany,Ahaus,info@colons.de,www.colons.de,colons-gmbh--co-kg
Colston Bath &amp; Spa Private Limited,IND,India,Delhi,gargamit@colstonconcepts.com,www.colstonconcepts.com,colston-bath--spa-private-limited
COMBILIFT,IRL,Ireland,Co. Monaghan,info@combilift.com,www.combilift.com,combilift-unlimited-company
COMISA S.p.A.,ITA,Italy,Pisogne,info@comisa.it,www.comisa.it,comisa-spa
Companhia de Comercio e Desenvolvimento Ong U Limitada,MAC,Macao,Macau,sales1@sskuge.com,https://www.sstoiletkuge.com/,companhia-de-comercio-e-desenvolvimento-ong-u-limitada
Comparato Nello S.r.l. Sistemi Idrotermici,ITA,Italy,Cairo Montenotte,info@comparato.com,www.comparato.com/en/,comparato-nello-srl-sistemi-idrotermici
Condair GmbH,DEU,Germany,Garching,,www.condair.de,condair-gmbh
Condevo S.p.A.,ITA,Italy,Marudo,info@condevo.it,www.condevo.com,condevo-spa
Consolar Solare Energiesysteme GmbH,DEU,Germany,Frankfurt,marketing@consolar.de,www.consolar.de,consolar-solare-energiesysteme-gmbh
Contemporary Controls GmbH,DEU,Germany,Leipzig,ccg.info@ccontrols.com,www.ccontrols.com,contemporary-controls-gmbh
Convecta GmbH,DEU,Germany,Wangen im Allgäu,info@convecta.de,www.convecta.de,convecta-gmbh
Cooperativa Fonderia Dante soc.coop.,ITA,Italy,San Bonifacio,m.macco@cfdcasting.it,,cooperativa-fonderia-dante-soccoop
Copa Isi Sistemleri Sanayi ve Ticaret A.S.,TUR,Türkiye,Bursa,info@copa.com.tr,www.copa.com.tr,copa-isi-sistemleri-sanayi-ve-ticaret-as
"Zhejiang Coral Sanitary Co., Ltd.",CHN,China,Taizhou Zhejiang,elly@coralbrassware.com,www.coralbrassware.com,zhejiang-coral-sanitary-co-ltd
Cordivari S.r.l.,ITA,Italy,Morro D' Oro,info@cordivari.it,www.cordivari.it,cordivari-srl
Core Energy Recovery Solutions,DEU,Germany,Reinsdorf,marketing@core.life,www.core.life,core-energy-recovery-solutions-gmbh
Corelead Smart Home Europe doo Cuprija,SRB,Serbia,Cuprija,,,corelead-smart-home-europe-doo-cuprija
Corin (Asia) Company Limited,HKG,Hong Kong,"Mongkok, Kowloon",admin@hp-shower.com,www.hp-shower.com,corin-asia-company-limited
Co Rubinetterie s.r.l.,ITA,Italy,Bolzano Novarese,it350@corubinetterie.com,www.corubinetterie.com,co-rubinetterie-srl
Cosmogas S.r.l.,ITA,Italy,Meldola,marketing@cosmogas.com,www.cosmogas.com,cosmogas-srl
Cowa Thermal Solutions AG,CHE,Switzerland,Root D4,info@cowa-ts.com,https://www.cowa-ts.com/,cowa-thermal-solutions-ag
Cox Geelen bv,NLD,Netherlands,Eijsden,marketing@coxgeelen.com,www.coxgeelen.com,cox-geelen-bv
CraftIT GmbH,DEU,Germany,Salzgitter,info@mycraftit.com,www.mycraftit.com,craftit-gmbh
Cramer GmbH,DEU,Germany,Feldkirchen,sales@cramer.gmbh,www.cramer.gmbh,cramer-gmbh
Creavit Seramik San. ve Tic. A.S.,TUR,Türkiye,Gökcebey - Zonguldak,expo@creavit.com.tr,www.creavit.com.tr,canakcilar-seramik-san-ve-tic-as
CR Innotech GmbH,DEU,Germany,Heidelberg,biz@cr-innotech.com,www.rti-tek.com,cr-innotech-gmbh
CRISTINA Srl,ITA,Italy,Gozzano,info@cristinagroup.com,www.cristinarubinetterie.com,cristina-srl
"Crown Sanitary Ware Co., Limited",HKG,Hong Kong,Wanchai,sale1@ousang.com.cn,www.ousang.com,crown-sanitary-ware-co-limited
C.R. S.r.l.,ITA,Italy,Castelfranco E.,cr@crsmart.it,www.crsmart.it,cr-srl
CTC AB,SWE,Sweden,Ljungby,info@ctc.se,https://ctc-heating.com,ctc-ab
Cubic Sensor and Instrument Co. Ltd.,CHN,China,Wuhan Hubei,sales@gassensor.com.cn,https://en.gassensor.com.cn/,cubic-sensor-and-instrument-co-ltd
Cukurova Isi A.S.,TUR,Türkiye,Gebze/Kocaeli,info@cukurovaisi.com,www.cukurovaisi.com,cukurova-isi-as
Cumulus Nederland B.V.,NLD,Netherlands,Cuijk,sales@cumulus.nl,www.cumulus.nl,cumulus-nederland-bv
"CWM (HK) International Co., Limited",HKG,Hong Kong,"Tai Kok Tsui, Kowloon",maryzeng@tlceramic.cn,www.tlceramic.cn,cwm-hk-international-co-limited
Daikin Europe NV,BEL,Belgium,Oostende,info@daikin.de,www.daikin.eu,daikin-europe-nv
Dall&#39;Era Valerio Srl,ITA,Italy,Sabbio Chiese,marketing@dalleravalerio.com,www.dalleravalerio.com,dallera-valerio-srl
Dallmer GmbH + Co. KG,DEU,Germany,Arnsberg,info@dallmer.de,www.dallmer.com,dallmer-gmbh--co-kg
dama-tec GmbH,DEU,Germany,Sonnenbühl,info@dama-tec.de,www.dama-tec.de,dama-tec-gmbh
Danfoss GmbH Gesch&auml;ftsbereich,DEU,Germany,Offenbach am Main,events.hydronics@danfoss.com,www.danfoss.de,danfoss-gmbh-geschaeftsbereich-climate-solutions
Dansani A/S,DNK,Denmark,Haderslev,mail@dansani.dk,www.dansani.de,dansani-as
"Zhongshan Dapai Mirror Co., Ltd.",CHN,China,Zhongshan Guangdong,anniezhang@dpmirror.com,www.dpmirror.com,zhongshan-dapai-mirror-co-ltd
DATEXT - Beratungsgesellschaft f&uuml;r Daten- und Textverarbeitung mbH,DEU,Germany,Hagen,info@datextware.de,www.datext.de,datext---beratungsgesellschaft-fuer-daten--und-textverarbeitung-mbh
DA TONG YING CORP.,TWN,Taiwan,Tainan City,sales04@unis.com.tw,www.unihome-group.com,da-tong-ying-corp
"Zhejiang Dayang Ventilator Co., Ltd",CHN,China,Taizhou Zhejiang,info@dyjd.net,www.dyjd.net,zhejiang-dayang-ventilator-coltd
Daygas Heating Systems,TUR,Türkiye,Istanbul Avcilar,balkis@daygas.com.tr,https://daygas.eu/,daygas-isi-sistemleri
DCH Energy GmbH,DEU,Germany,Siegen,info@dch-group.de,www.dch-group.de,dch-energy-gmbh
Deante Sp. z o.o.,POL,Poland,Zgierz,deante@deante.eu,www.deante.eu,deante-sp-z-oo
De Beer Breidenbach GmbH,DEU,Germany,Linsengericht,,www.debeergroup.com,de-beer-breidenbach-gmbh
Debe Flow Group,DEU,Germany,Limbach-Oberfrohna,info@dfg-germany.com,www.dfg-germany.com,debe-flow-group-gmbh
DEC International BV,NLD,Netherlands,Oldenzaal,sales@decinternational.com,www.decinternational.com,dec-international-bv
Decros Yapi San.ve Tic. A.S.,TUR,Türkiye,Izmir,,www.decros.com.tr,decros-yapi-sanve-tic-as
Deftrans Sp. z o.o.,POL,Poland,Milicz,biuro@deftrans.com.pl,www.defra.pl,deftrans-spz-oo
"Foshan Nanhai Defuni Sanitary Ware Co., Ltd",CHN,China,Foshan Guangdong,sales@dfnshower.com,www.dfn-shower.com,foshan-nanhai-defuni-sanitary-ware-co--ltd
DEJONG hot water tanks,NLD,Netherlands,Gorredijk,info@djg.com,www.djg.com,fe-de-jong-beheer-bv
Delavan Spray Technologies,USA,United States,Bamberg,marcos.romero@delavan.com,www.delavan.com,delavan-spray-llc
D.Ellinas Factory Products Ltd.,CYP,Cyprus,Limassol,globalmarketing@dellinas.eu,www.dellinas.eu,dellinas-factory-products-ltd
"Xiamen Delmei Sanitary Ware Co., Ltd.",CHN,China,Xiamen Fujian,delmei@delmei.com.cn,www.delmei.com.cn,xiamen-delmei-sanitary-ware-co-ltd
Delpaso Solar Sl,ESP,Spain,Malaga,ofertas@dpsm.es,www.dpsm.es,delpaso-solar-sl
DELTA AIR d.o.o.,SVN,Slovenia,Vrhnika,,www.delta-air.si,delta-air-doo
Dendrit Haustechnik-Software GmbH,DEU,Germany,Dülmen,vertrieb@dendrit.de,www.dendrit.de,dendrit-haustechnik-software-gmbh
"Guangzhou Dentwiton Manufacture Co., Ltd.",CHN,China,Guangzhou Guangdong,dentwiton@zhongda-nt.com,www.dentwiton.com,guangzhou-dentwiton-manufacture-co-ltd
DEOS AG,DEU,Germany,Rheine,info@deos-ag.com,www.deos-ag.com,deos-ag
"Taizhou Deouni Fluid Control Tech Co., Ltd.",CHN,China,Yuhuan Zhejiang,hongdaer@hongdaer-valve.com,,taizhou-deouni-fluid-control-tech-co-ltd
De Pala S.r.l.,ITA,Italy,Roveredo In Piano,info@depala.it,www.depala.it,de-pala-srl
Depositos Coballes S. L.,ESP,Spain,Rosal (Pontevedra),marketing@coballes.es,www.coballes.es,depositos-coballes-s-l
DERBLAUE&reg;,DEU,Germany,Sonthofen,service@derblaue.com,www.derblaue.com,aqua-evolution-systems-gmbh
Desiccant Rotors International Pvt. Ltd.,IND,India,Gurgaon - Haryana,drimarketing@pahwa.com,www.drirotors.com,desiccant-rotors-international-pvt-ltd
Deutsche Gesellschaft f&uuml;r das Badewesen (DGfdB),DEU,Germany,Essen,info@dgfdb.de,www.dgfdb.de,deutsche-gesellschaft-fuer-das-badewesen-e-v
Deutsches Energieberater Netzwerk e.V.,DEU,Germany,Offenbach am Main,info@den-ev.de,www.den-ev.de,deutsches-energieberater-netzwerk-ev
Devo sp. z o.o.,POL,Poland,Lomza,devo@devo.pl,www.devo.pl,devo-sp-z-oo
Pt. Diansurya Global,IDN,Indonesia,Kabupaten Tangerang,info@dsg.co.id,www.dsg.co.id,pt-diansurya-global
"Taizhou Dias Sanitary Ware Co., Ltd.",CHN,China,Yuhuan Zhejiang,sales_1@yaxingvalve.com,www.zj-dias.com,taizhou-dias-sanitary-ware-co-ltd
Diehl AKO Stiftung &amp; Co. KG (Diehl Controls),DEU,Germany,Wangen im Allgäu,info-dc@diehl.com,www.diehl.com/controls,diehl-ako-stiftung--co-kg
Diehl Brass Solutions Stiftung &amp; Co. KG,DEU,Germany,Röthenbach a. d. Pegnitz,dbs-sales@diehl.com,www.diehl.com,diehl-brass-solutions-stiftung--co-kg
digi professionals GmbH,DEU,Germany,Ulm,info@e-learning-plus.de,www.e-learning-plus.de,digi-professionals-gmbh
Di Lorenzo Giuseppe &amp; C. S.n.c.,ITA,Italy,San Maurizio D´Opaglio,info@dlgdilorenzo.com,www.dlgdilorenzo.com,di-lorenzo-giuseppe--c-snc
Dinak S.A.,ESP,Spain,Vigo Pontevedra,sales@dinak.com,www.dinak.com,dinak-sa
dinotec GmbH Wassertechnologie und Schwimmbadtechnik,DEU,Germany,Nidderau,mail@dinotec.de,www.dinotec.de,dinotec-gmbh-wassertechnologie-und-schwimmbadtechnik
Dirac Industries Nv,BEL,Belgium,Sint-Pieters-Leeuw,,,dirac-industries-nv
"Industrial Disflex Iberica, S.L.",ESP,Spain,Castellbisbal (Barcelona),disflex@disflex.com,www.disflex.com,industrial-disflex-iberica-sl
DIVERSIGN GmbH,DEU,Germany,Bad Salzuflen,,,diversign-gmbh
DiversiTech International Ltd.,GBR,Great Britain and Northern Ireland,Nottingham,sales@diversitech.com,www.diversitech.global,diversitech-international--ltd
Divina GmbH,ITA,Italy,Kaltern,info@ritecsrl.com,www.ritecsrl.com,divina-gmbh
DL Sp. z o.o.,POL,Poland,Piła,info@dl-lufttechnik.de,www.dl-lufttechnik.de,dl-sp-z-oo
DMS Isi Sistemleri Sanayi Ve Ticaret Anonim Sirketi,TUR,Türkiye,Bursa,info@dmsisi.com.tr,www.opex.com.tr,dms-isi-sistemleri-sanayi-ve-ticaret-anonim-sirketi
dnt Innovation GmbH,DEU,Germany,Leer (Ostfriesland),info@dnt.de,www.dnt.de,dnt-innovation-gmbh
Doby Verrolec,GBR,Great Britain and Northern Ireland,Stanley,,www.dobyverrolec.com,doby-verrolec-ltd
Mamparas Doccia S.L.,ESP,Spain,Alcala de Guadaira,info@docciagroup.com,www.docciagroup.com,mamparas-doccia-sl
DOCTORIS ATHANASIOS SA,GRC,Greece,Thessaloniki,info@doctoris.gr,www.doctoris.gr,athanasios-doctoris-eisagogiki-ydravlikon-thermansis-copper-market-hellas-euro-sa
D&ouml;beln Elektrow&auml;rme GmbH,DEU,Germany,Döbeln,t.leuthold@dew-doebeln.com,www.dew-doebeln.com,doebeln-elektrowaerme-gmbh
"Yuyao Doflex Sanitary Ware Hose Co., Ltd.",CHN,China,Yuyao Zhejiang,manager@doflex.cn,www.doflex.cn,yuyao-doflex-sanitary-ware-hose-co-ltd
Dogu Iklimlendirme Sanayi ve Ticaret A.S.,TUR,Türkiye,Izmir,export@dogu.com.tr,www.dogu.com.tr,dogu-iklimlendirme-sanayi-ve-ticaret--as
Domat Control System s.r.o.,CZE,Czech Republic,Pardubice,tereza.babickova@domat.cz,www.domat-int.com,domat-control-system-sro
DOMEL d.o.o.,SVN,Slovenia,Zelezniki,info@domel.com,www.domel.com,domel-doo
"DOMICO Dach-, Wand- und Fassadensysteme KG",AUT,Austria,Vöcklamarkt,office@domico.at,https://www.domico.at/,domico-dach--wand--und-fassadensysteme-kg
DOMUSA TEKNIK,ESP,Spain,Regil,info@domusateknik.com,www.domusateknik.com,domusa-calefaccion-scoop
"Ningbo Domus Hardware Co., Ltd.",CHN,China,Ningbo Zhejiang,sales02@domushardware.com,https://www.domushardware.com/,ningbo-domus-hardware-coltd
Donati S.p.A.,ITA,Italy,Lumezzane,info@donati-group.com,www.donati-group.com,donati-spa
"Dooch Co., Ltd.",KOR,"Korea, the Republic of (South)",Gyeonggi-do,obd@doochpump.com,www.doochpump.com/en,dooch-co-ltd
Doppel Cooling GmbH,DEU,Germany,Meerbusch,info@doppelcooling.de,www.doppelcooling.de,doppel-cooling-gmbh
DOYMA GmbH &amp; Co,DEU,Germany,Oyten,info@doyma.de,www.doyma.de,doyma-gmbh--co
Drag&#39;Eau Sarl,FRA,France,Ensisheim,accueil@drageau.com,www.drageau.com,drageau-sarl
DRALL ELLINIKI A.E.,GRC,Greece,Agios Stefanos,info@drall.gr,www.drall.gr,drall-elliniki-ae
Dream Maker Technologie GmbH,DEU,Germany,Niedernhall,info@dm-maker.de,www.dm-maker.de,dream-maker-technologie-gmbh
Dremex Sp. z o.o.,POL,Poland,Głogow Małopolski,dremex@dremex.com.pl,www.dremex.com,przedsiebiorstwo-wielobranzowe-dremex-sp-z-oo
Družstevn&iacute; z&aacute;vody Dražice - stroj&iacute;rna s. r. o.,CZE,Czech Republic,Benátky nad Jizerou,export@dzd.cz,www.dzd.cz,druzstevni-zvody-drazice---srojina-s-r-o
Dubiel Vitrum sp. z o.o.,POL,Poland,Rabka,export@dubielvitrum.pl,www.dubielvitrum.com,dubiel-vitrum-sp-z-oo
DUCA Pump,TUR,Türkiye,Esenyurt/Istanbul,info@ducapump.com,https://www.ducapump.com/,worimex-iklimlendirme-sistemleri-sanayi-ve-ticaret-as
DUCI S.r.l.,ITA,Italy,Chiuduno,barbara.pezzotti@duciguarnizioni.com,www.duciguarnizioni.com,duci-srl
DUCO Ventilation,BEL,Belgium,Veurne,info@duco.eu,www.duco.eu,vero-duco-nv
Karl Dungs GmbH &amp; Co. KG,DEU,Germany,Urbach,info@dungs.com,www.dungs.com,karl-dungs-gmbh--co-kg
"Hangzhou Dunli Motor Fans Co., Ltd",CHN,China,Hangzhou Zhejiang,dunlielectric@dunli.com,www.dunlielectric.com,hangzhou-dunli-industry-co-ltd
Duravit AG,DEU,Germany,Hornberg,info@duravit.de,www.duravit.de,duravit-ag
Zhejiang Durovin Sanitary Technology Co. Ltd.,CHN,China,Jinhua Zhejiang,sabrina@doporro.com,www.doporro.com,zhejiang-durovin-sanitary-technology-co-ltd
Dustcontrol GmbH,DEU,Germany,Gäufelden-Nebringen,info@dustcontrol.de,www.dustcontrol.de,dustcontrol-gmbh
Duyar Vana Makina San. ve Tic. A.S.,TUR,Türkiye,Marmara/Istanbul,ugur.kilic@duyar.com,www.duyar.com/en,duyar-vana-makina-san-ve-tic-as
DVGW CERT GmbH,DEU,Germany,Bonn,meyer@dvgw-cert.com,www.dvgw-cert.com,dvgw-cert-gmbh
DVGW Deutscher Verein des Gas- und Wasserfaches e.V. - Technisch- wissenschaftlicher Verein,DEU,Germany,Bonn,info@dvgw.de,www.dvgw.de,dvgw-deutscher-verein-des-gas--und-wasserfaches-ev---technisch--wissenschaftlicher-verein
"EAN International Co., Ltd.",KOR,"Korea, the Republic of (South)",Goyang City,eanintl17@naver.com,eanintl.com,ean-international-co-ltd
"Qingdao Easy-Fix Hardware &amp; Auto Parts Co., Ltd.",CHN,China,Qingdao Shandong,,www.easy-fix.com.cn,qingdao-easy-fix-hardware--auto-parts-co-ltd
Easy Sanitary Solutions GmbH,DEU,Germany,Bad Bentheim,info@esspost.com,www.easydrain.de,easy-sanitary-solutions-gmbh
EBERLE Controls GmbH,DEU,Germany,Nürnberg,info@eberle.de,www.eberle.de,eberle-controls-gmbh
ebm-papst Mulfingen GmbH &amp; Co. KG,DEU,Germany,Mulfingen,info1@de.ebmpapst.com,www.ebmpapst.com,ebm-papst-mulfingen-gmbh--co-kg
EBRO ARMATUREN Gebr. Br&ouml;er GmbH,DEU,Germany,Hagen,post@ebro-armaturen.com,www.ebro-armaturen.com,ebro-armaturen-gebr-broeer-gmbh
EbV Elektronikbau- und Vertriebs-GmbH,DEU,Germany,Burbach,info@ebv-gmbh.de,www.ebv-gmbh.de,ebv-elektronikbau--und-vertriebs-gmbh
Ecochi GmbH,DEU,Germany,Markt Schwaben,info@ecochi.de,www.ecochi.de,ecochi-gmbh
ECOCLIMA S.r.l.,ITA,Italy,Curtarolo,info@ecoclima.com,www.ecoclima.com,ecoclima-srl
"EcoCooling - Reinhard Eder, Blechbaugesellschaft m. b. H.",AUT,Austria,Völkermarkt,office@eder-blechbau.at,www.eder-blechbau.at,reinhard-eder-blechbaugesellschaft-m-b-h
Ecoflam Srl,ROU,Romania,Brasov,Marius.lepadatu@ecoflam.com.ro,www.ecoflam.ro,ecoflam-srl
Ecoforest Geotermia S.L.,ESP,Spain,Vigo,marketing@ecoforest.com,www.ecoforest.com,ecoforest-geotermia-sl
ecom GmbH,DEU,Germany,Iserlohn,info@ecom.de,www.ecom.de,ecom-gmbh
Ecoradco Isitma San. Tic. Ltd. Sti.,TUR,Türkiye,Manisa,,,ecoradco-isitma-san-tic-ltd-sti
ECOSTAR &amp; ECODENSE,TUR,Türkiye,Tekirdag,,,thermoheat-dis-ticaret-as
Ecotech Chemicals S.r.l.,ROU,Romania,Mizil,cristian@ecotech.com.ro,ecotechemicals.ro,ecotech-chemicals-srl
Ecotermal Ltd,BGR,Bulgaria,Burgas,snezana_ecotermal@abv.bg,www.ecotermal-bg.com,ecotermal-ltd
ECOTHERM Austria GmbH,AUT,Austria,Hartkirchen,fabian.eichhorn@ecotherm.com,www.ecotherm.com,ecotherm-austria-gmbh
EC POWER GmbH,DEU,Germany,Großbeeren,info@ecpower.de,www.ecpower.de,ec-power-as
E.D.&amp;A NV,BEL,Belgium,Kalmthout,info@edna.eu,www.edna.eu,ed-a-nv
EDPLIT,UKR,Ukraine,Irpin,partners@edplit.com,edplit.com,vovkotrub-eduard-volodymyrovych-pe
EDS Pres Teknolojileri ve Kalip Ekipmanlari Makina Insaat Taahhut San. ve Tic. Ltd. Sti.,TUR,Türkiye,Sakarya,zeki.ucar@eds-global.com,www.eds-global.com,eds-pres-teknolojileri-ve-kalip-ekipmanlari-makina-insaat-taahhut-san-ve-tic-ltd-sti
Effebi S.p.A.,ITA,Italy,Bovezzo,effebi@effebi.it,www.effebi.it,effebi-spa
Efficient Residential Heating GmbH,DEU,Germany,München,kontakt@termios.de,termios.de,efficient-residential-heating-gmbh
effidur GmbH,DEU,Germany,Chemnitz,messe@effidur.de,www.effidur.de,effidur-gmbh
EFFI LLC,UKR,Ukraine,Kharkiv,export@effi.com.ua,https://effipanels.com,effi-llc
Shandong Efield Piping System Co. Ltd.,CHN,China,Zaozhuang Shandong,william.wang@efieldgroup.com,www.efieldgroup.com,shandong-efield-piping-system-co-ltd
EGEPLAST Ege Plastik Tic. ve San. A.S.,TUR,Türkiye,Izmir,export@egeplast.com.tr,www.egeplast.com.tr,egeplast-ege-plastik-tic-ve-san-as
Ege Vitrifiye Saglik Gerecleri San. ve Tic. A.S.,TUR,Türkiye,Kemalpasa/Izmir,idereli@egevitrifiye.com,www.egevitrifiye.com,ege-vitrifiye-saglik-gerecleri-san-ve-tic-as
Egyptian German Industrial Corporate SAE (EGIC),EGY,Egypt,Cairo,export@egic.com.eg,www.egic.com.eg,egyptian-german-industrial-corporate-sae
Elektrowerkzeuge GmbH Eibenstock,DEU,Germany,Eibenstock,office@eibenstock.com,www.eibenstock.com,elektrowerkzeuge-gmbh-eibenstock
Eiroplasts SIA,LVA,Latvia,Salaspils municipality,export@europlast.lv,www.europlast.lv,eiroplasts-sia
Eko Makina Sanayi Ve Ticaret Anonim Sirketi,TUR,Türkiye,Kocaeli,info@proaqua.com.tr,www.proaqua.com.tr,eko-makina-sanayi-ve-ticaret-anonim-sirketi
Elastotech S.r.l.,ITA,Italy,Castelli Calepio,info@elastotech.it,www.happyflex.it,elastotech-srl
Elbewerk,DEU,Germany,Trossingen,jan.ebeling@elbewerk.eu,www.elbewerk.eu,aqvasource-limited
Elbi S.P.A.,ITA,Italy,Limena,info@elbi.it,www.elbi.it,elbi-spa
Elcon Elektrik Otomasyon San. Tic. Ltd. Sti,TUR,Türkiye,Istanbul,export@elcon.com.tr,www.elcon.com.tr,elcon-elektrik-otomasyon-ve-endustriyel-isitma-sistemleri-san-tic-ltd-sti
Eldem Mobilya Insaat Sanayi ve Ticaret Limited Sirketi,TUR,Türkiye,Karaman,export@eldemmobilya.com,,eldem-mobilya-insaat-sanayi-ve-ticaret-limited-sirketi
Eldominvest Ltd.,BGR,Bulgaria,Varna,marketing@eldominvest.com,www.eldominvest.com,eldominvest-ltd
elector GmbH,DEU,Germany,Wuppertal,info@elector-gmbh.de,www.elector-gmbh.de,elector-gmbh
Eleks Dis Ticaret A.S.,TUR,Türkiye,Sisli/Istanbul,,www.eca.com.tr,eleks-dis-ticaret-as
Elektrovent S.r.l.,ITA,Italy,Soiano Del Lago,info@elektrovent.it,www.elektrovent.it,elektrovent-srl
elio GmbH,DEU,Germany,Taufkirchen,info@elio.eu,www.elio.eu,elio-gmbh
Eliona by loTEC AG,CHE,Switzerland,Winterthur,hello@eliona.io,https://www.eliona.io/,lotec-ag
ELITH - Akritas Sidiropoulos SA,GRC,Greece,Drama,a.sidiropoulos@elith.gr,www.elith.gr,akritas-sidiropoulos-single-member-sa
Ellsi Limited,GBR,Great Britain and Northern Ireland,Scunthorpe,,www.ellsi.co.uk,ellsi-limited
ELMOTECH LLC,UKR,Ukraine,Kyiv,info@elmotech.ua,www.elmotech.ua,elmotech-llc
ELSE KABLO VE PLASTIK AS,TUR,Türkiye,"Gebze, Kocaeli",cetinozturk@elseplastik.com.tr,www.elseplastik.com.tr,el-se-kablo-ve-plastik-sanayi-anonim-sirketi
Eltwin Group,DNK,Denmark,Risskov,eltwin@eltwin.com,www.eltwin.com,eltwin-as
ELYSATOR Engineering AG,CHE,Switzerland,Bilten,info@elysator.com,www.elysator.com,elysator-engineering-ag
Elysee Rohrsysteme GmbH,AUT,Austria,Ennsdorf,info@elysee-rohrsysteme.com,www.elysee-rohrsysteme.com,elysee-rohrsysteme-gmbh
EMC Fime S.r.l.,ITA,Italy,Castelfidardo,,,emc-fime-srl
Emek Stanz- &amp; Schwei&szlig;prozesse Inh. Emeksiz Necmi,DEU,Germany,Rosenheim,necmi@emek.info,www.emek-siz.de,emek-stanz---schweissprozesse-inh-emeksiz-necmi
Eminent Palace International Limited,HKG,Hong Kong,Kowloon,lake@fanski.com,www.fanskichina.com,eminent-palace-international-limited
EMKA Beschlagteile GmbH &amp; Co. KG,DEU,Germany,Velbert,info@emka.de,www.emka.com,emka-beschlagteile-gmbh--co-kg
Emmegispa Spa,ITA,Italy,Castelleone Di Suasa,,,emmegispa-spa
Emmevi Rubinetterie S.r.l.,ITA,Italy,S. Maurizio D'Opaglio,info@emmevi.it,www.emmevi.it,emmevi-rubinetterie-srl
Corporacion Empresarial Altra S.L.,ESP,Spain,Campanillas,marketing@airzonecontrol.com,www.airzonecontrol.com,corporacion-empresarial-altra-sl
Emsa M&uuml;hendislik Havalandirma ve Filtre Sistemleri Sanayi Ticaret Limited Sirketi,TUR,Türkiye,Istanbul,sefa@emsamuhendislik.com,www.emsamuhendislik.com,emsa-muehendislik-havalandirma-ve-filtre-sistemleri-sanayi-ticaret-limited-sirketi
EMS-CHEMIE (Deutschland) Vertriebs GmbH,DEU,Germany,Groß-Umstadt,curzio.scheurer@de.emsgrivory.com,,ems-chemie-deutschland-vertriebs-gmbh
Emz Industries Inc.,USA,United States,Houston,,,emz-industries-inc
Endralis,FRA,France,St Etienne De St Geoirs,,www.elydan.eu,sa-elydan
ENEKA Energie &amp; Karten GmbH,DEU,Germany,Rostock,info@eneka.de,www.eneka.de,eneka-energie--karten-gmbh
Eneko Havalandirma ve Isi Ekonomisi Sistem Tek. Mak. San. ve Tic. AS,TUR,Türkiye,Izmir,export@eneko.com.tr,www.eneko.com.tr,eneko-havalandirma-ve-isi-ekonomisi-sistem-tek-mak-san-ve-tic-as
Enerblue S.r.l.,ITA,Italy,Piove di Sacco,info@enerblue.it,,enerblue-srl
ENERENT GmbH,DEU,Germany,Friedberg-Derching,info@enerent.com,www.enerent.de,enerent-gmbh
Enetec Spa Societa&#39; Benefit,ITA,Italy,Frangarto,mail@enetec.info,www.enetec.info,enetec-spa-societa-benefit
"Engineered Stone Group Holdings (Spain), S.L.",ESP,Spain,La Vall D'Uixo,,https://esgroup.com/,engineered-stone-group-holdings-spain-sl
ENGINIA S.r.l.,ITA,Italy,Trezzo Sull'Adda,commerciale@enginiasrl.com,www.enginiasrl.com,enginia-srl
ENGO Controls Sp. z o.o. Sp.k.,POL,Poland,Radostowice,,https://engocontrols.com/,engo-controls-sp-z-oo-spk
ENKO Kontrol Sistemleri AS,TUR,Türkiye,Izmir,semihkazazoglu@enkoelektronik.com,www.enkoelektronik.com,enko-kontrol-sistemleri-as
Enolgas Bonomi S.p.A.,ITA,Italy,Concesio,enolgas@enolgas.it,www.enolgas.it,enolgas-bonomi-spa
Enpi Elektronik San. ve Dis. Tic. A.S.,TUR,Türkiye,Istanbul,enpi@enpielektronik.com,www.enpielektronik.com,enpi-elektronik-san-ve-dis-tic-as
Enrad LLC,XKX,Kosovo,Gjilan,,,enrad-llc
Environmental Solutions GmbH,DEU,Germany,Marburg,o.aydin@agu-tso.de,,environmental-solutions-gmbh
EPS Industries GmbH,AUT,Austria,St. Veit an der Glan,office@eps-industries.at,www.eps-industries.at,eps-industries-gmbh
EP S.p.A.,ITA,Italy,Travagliato,export@oerre.it,www.oerre.eu,ep-spa
Era Piping (Zhejiang) Co. Ltd.,CHN,China,Taizhou Zhejiang,,,era-piping-zhejiang-co-ltd
Shaoxing Erco Electric Co. Ltd.,CHN,China,Shaoxing Zhejiang,info@zjerco.com,www.zjerco.com,shaoxing-erco-electric-co-ltd
Erde Holdings Pte. Ltd.,SGP,Singapore,Singapore,info@erde-holdings.com,www.erde-holdings.com,erde-holdings-pte-ltd
Eredi Baitelli S.p.A.,ITA,Italy,Zocco Di Erbusco,info@eredibaitelli.it,www.eredibaitelli.it,eredi-baitelli-spa
Ergovent UAB,LTU,Lithuania,Kaunas,vilma@ergovent.com,www.ergovent.com,ergovent-uab
Errecinque Srl,ITA,Italy,Mappano,info@errecinquerefrigeration.com,www.errecinquerefrigeration.com,errecinque-srl
Errevi S.r.l.,ITA,Italy,Carbonera,commerciale3@cartoplastica.it,www.errevieps.it,errevi-srl
Erta Elektromekanik Imalat San. ve Tic. A.S.,TUR,Türkiye,Sariyer / Istanbul,erta@erta.com.tr,www.erta.com.tr,erta-elektromekanik-imalat-san-ve-tic-as
ESBE AB,SWE,Sweden,Reftele,sales@esbe.eu,www.esbe.eu,esbe-ab
ES Energy Save,SWE,Sweden,Alingsas,info@energysave.se,www.energysave.se,es-energy-save-holding-ab
Eskisehir Seramik Imalati Insaat Taah. Ins. Malz. Madencilik Ith. Ihr. San. ve Tic. Ltd. Sti.,TUR,Türkiye,Eskisehir,ofaruk@lapino.com.tr,www.lapino.com.tr,eskisehir-seramik-imalati-insaat-taah-ins-malz-madencilik-ith-ihr-san-ve-tic-ltd-sti
Essebagno Eurl,FRA,France,Marseille,pro@essebagno.fr,www.essebagno.fr,essebagno-eurl
Xiamen E-top Controls Technology Co. Ltd,CHN,China,Xiamen Fujian,info@etopcontrols.com,www.etopcontrols.com,xiamen-e-top-controls-technology-co-ltd
European Building Automation and Controls Association (eu.bac),BEL,Belgium,Brussels,malte.hischemoeller@vdma.org,https://eubac.org/,european-building-automation-and-controls-association-eubac
Eumar Santechnika O&Uuml;,EST,Estonia,Tallinn,sales@eumar.ee,eumar.ee,eumar-santechnika-oue
EUMET Metallhandel GmbH,DEU,Germany,Berlin,eumet@eumet.de,www.eumet.de,eumet-metallhandel-gmbh
Euroacque S.r.l.,ITA,Italy,Cadriano Di Granarolo Dell' Emilia,euroacque@addolcitori.it,www.euroacque.it,euroacque-srl
Euroclima AG,ITA,Italy,Bruneck,office@euroclima.it,www.euroclima.com,euroclima-ag
Eurofins Product Testing Denmark A/S,DNK,Denmark,Galten,dk-cs@cpt.eurofinseu.com,www.eurofins.com/consumer-product-testing/,eurofins-product-testing-denmark-as
Jiangmen Eurofix GmbH,DEU,Germany,Schmitten,info@eurofixffm.de,www.eurofixffm.de,jiangmen-eurofix-gmbh
Euro-Juntas Durana S.L.,ESP,Spain,"Ortuella, Vizcaya",info@eurojuntas.es,www.eurojuntas.es,euro-juntas-durana-sl
Euro-Manchetten &amp; Compensatoren B.V.,NLD,Netherlands,Kaatsheuvel,info@euromanchetten.nl,www.euromanchetten.nl,euro-manchetten--compensatoren-bv
EUROPAN srl,ITA,Italy,Figline Vegliaturo,info@europan.com,www.europan.com,europan-srl
European Heat Pump Association AISBL,BEL,Belgium,Brussels,danae.kokkalis@ehpa.org,https://www.ehpa.org,european-heat-pump-association-aisbl
European Wanhai Cartridge Technology SL,ESP,Spain,Barcelona,barcelona@euroquore.com,https://www.euroquore.com/,european-wanhai-cartridge-technology-sl
Europrofil Srl,ITA,Italy,Lamezia Terme,isal@ielapigroup.it,www.ielapigroup.it,europrofil-srl
Euroster,POL,Poland,Krobia,euroster@euroster.com.pl,www.euroster.com.pl,agnieszka-szymanska-kaczynska
Eurotermo S.r.l.,ITA,Italy,Brescia,info@eurotermo.com,www.eurotermo.com,eurotermo-srl
Eurotis S.r.l.,ITA,Italy,Corsico,info@eurotis.it,www.eurotis.it,eurotis-srl
Eurotronic Technology GmbH,DEU,Germany,Steinau an der Straße,mwerdecker@eurotronic.org,www.eurotronic.org,eurotronic-technology-gmbh
Eurotubi Europa S.r.l.,ITA,Italy,Nova Milanese,info@eurotubieuropa.it,www.pressfitting.it,eurotubi-europa-srl
Eurovent Certification,FRA,France,Paris,apply@eurovent-certification.com,www.eurovent-certification.com,eurovent-certita-certification-sas
"Shenzhen Everbright Optoelectronics Co., Ltd",CHN,China,Shenzhen Guangdong,eb03@ledeverbright.com,www.ledeverbright.com,shenzhen-everbright-optoelectronics-co--ltd
EVIA European Ventilation Industry Association,BEL,Belgium,Brussels,secretariat@evia.eu,www.evia.eu,evia-european-ventilation-industry-association
Evit International Ltd.,TWN,Taiwan,Taipei,,,evit-international-ltd
Evodrop AG,CHE,Switzerland,Brüttisellen,info@evodrop.com,www.evodrop.com,evodrop-ag
evon GmbH,AUT,Austria,St. Ruprecht,office@evon-automation.com,www.evon-automation.com,evon-gmbh
Evren Metal San. ve Tic. A.S.,TUR,Türkiye,Istanbul,cinarenes@evrenmetal.com.tr,www.evrenmetal.com.tr,evren-metal-san-ve-tic-as
"Zhejiang Eweca Kitchen And Bath Technology Co., Ltd.",CHN,China,Jinhua Zhejiang,sales@ewecabath.com,www.ewecabath.com,zhejiang-eweca-kitchen-and-bath-technology-co-ltd
EXHAUSTO by Aldes GmbH,DEU,Germany,Bingen am Rhein,info@exhausto.de,www.exhausto.de,exhausto-by-aldes-gmbh
Exodraft A/S,DNK,Denmark,Langeskov,info@exodraft.dk,www.exodraft.dk,exodraft-as
EZZE AB,SWE,Sweden,Gnosjö,joakim@ezze.se,www.ezze.se,ezze-ab
F2A,FRA,France,Dagneux,export@f2a.fr,www.f2a.fr,sas-f2a---fabrication-aeraulique-et-acoustique
Fachverband Geb&auml;ude-Klima e.V.,DEU,Germany,Ludwigsburg,,www.fgk.de,fachverband-gebaeude-klima-ev
Facot Chemicals S.r.l.,ITA,Italy,Capralba,info@facot.it,www.facotchemicals.com,facot-chemicals-srl
Fairland Group Limited,HKG,Hong Kong,Kowloon,echo@fairland.com.cn,www.fairland.com.cn,fairland-group-limited
Falegnameria Adriatica S.r.l.,ITA,Italy,Monsampolo Del Tronto,info@faonline.it,www.onsen.it,falegnameria-adriatica-srl
F.A.M Fabbrica Maremmana Autoclavi Di Checcacci Sonio &amp; C,ITA,Italy,Grosseto,info@famgroup.it,http://www.famgroup.it,fam-fabbrica-maremmana-autoclavi-di-checcacci-sonio-c
Fanexfan  (Faneks Elektrik Motorlari Sanayi Ticaret A.S),TUR,Türkiye,Istanbul,export@fanexfan.com,www.fanexfan.com,faneks-elektrik-motorlari-sanayi-ticaret-anonim-sirketi
"Ningbo Fanshun Air-Conditioner Equipment Co., Ltd.",CHN,China,Yuyao Zhejiang,sales003@fanshunchina.cn,www.fanshunchina.cn,ningbo-fanshun-air-conditioner-equipment-co-ltd
Fans-tech Europe GmbH,DEU,Germany,Villingen,europe@fans-tech.com,www.fans-tech.com/en/index.html,fans-tech-europe-gmbh
Fantini Cosmi S.p.A.,ITA,Italy,Caleppio Di Settala,export@fantinicosmi.it,www.fantinicosmi.com,fantini-cosmi-spa
FAP Tech Italy S.r.l.,ITA,Italy,Grignasco,m.deluca@faptech.it,,fap-tech-italy-srl
F.A.R.G. S.r.l,ITA,Italy,Invorio,info@farg.it,www.farg.it,farg-srl
FAR Rubinetterie SpA,ITA,Italy,Gozzano,info@far.eu,www.far.eu,far-rubinetterie-spa
"Jiangsu Fashion Composite S&amp;T Co., Ltd.",CHN,China,Suqian Jiangsu,mehome002@126.com,www.huasmc.com,jiangsu-fashion-composite-st-co-ltd
FASO-PLAST GR. CHR. FASSOIS S.A.,GRC,Greece,"Aspropirgos, Athens",info@fasoplast.gr,www.fasoplast.gr,faso-plast-gr-chr-fassois-sa
fbr-Bundesverband f&uuml;r Betriebs- und Regenwasser e.V.,DEU,Germany,Darmstadt,info@fbr.de,www.fbr.de,fbr-bundesverband-fuer-betriebs--und-regenwasser-ev
F.C.R. S.r.l.,ITA,Italy,Omegna,info@fcrsrl.it,www.fcrsrl.it,fcr-srl
F.D.E. Solar S.r.l.,ITA,Italy,Cologna Veneta,info@fdesolar.com,www.fdesolar.com,fde-solar-srl
FDS System Sp. z o.o.,POL,Poland,Gliwice,asia@prventure.pl,www.fdssystem.pl,fds-system-sp-z-oo
Fegen,GRC,Greece,Athens,cnik@fegensolar.com,fegensolar.com,fegen-monoprosop-i-k-e
Feinrohren S.p.a.,ITA,Italy,Passirano,info@feinrohren.it,www.feinrohren.it,feinrohren-spa
FELDER GMBH L&ouml;ttechnik,DEU,Germany,Oberhausen,info@felder.de,www.felder.de,felder-gmbh
Felp Assembly Systems S.r.l.,ITA,Italy,Palosco,contabilita@felpassembly.com,www.felpassembly.com,felp-assembly-systems-srl
Hong Kong Fengshuo Group Limited,HKG,Hong Kong,"Tuen Mun, N.T.",hkfs_group@outlook.com,www.wowking.net,hong-kong-fengshuo-group-limited
Fengyuan Technology Limited,HKG,Hong Kong,Sheung Wan,sales@tzfengyuan.com,www.tzfengyuan.com,fengyuan-technology-limited
Fenix International S.r.l.,ITA,Italy,Milano,info@fenixinternational.eu,www.fenixinternational.eu,fenix-international-srl
"FENIX Trading, s. r. o.",CZE,Czech Republic,Jesenik,fenix@fenixgroup.cz,www.fenixgroup.cz,fenix-trading-s-r-o
FEPRE,ESP,Spain,Rubi,,www.fepre.com,ferreteria-y-prensas-sa
Brand S.r.l. - FERIDRAS,ITA,Italy,Nola,export@feridras.it,www.feridras.com,brand-srl
Fernox,DEU,Germany,Langenfeld,,www.fernox.com,fernox-ltd
Ferplast S.r.l.,ITA,Italy,Casale Corte Cerro,info@ferplastsrl.com,www.ferplastsrl.com,ferplast-srl
Ferrari Ventilatori Industriali SpA,ITA,Italy,Vicenza,info@ferrariventilatori.com,www.ferrariventilatori.eu,ferrari-ventilatori-industriali-spa
Ferraro Group S.p.A.,ITA,Italy,Meledo Di Sarego,marketing@ferrarogroup.eu,https://www.ferrarogroup.it/,ferraro-group-spa
FERRO JSC,POL,Poland,Skawina,,www.ferro.pl,ferro-s-a
Taizhou Fert Valve Co. Ltd.,CHN,China,"Yuhuan, Taizhou Zhejiang",admin@chinafert.com,www.chinafert.com,taizhou-fert-valve-co-ltd
ffuuss Future Solutions SL,ESP,Spain,Madrid,info@ffuuss.com,www.ffuuss.com,ffuuss-future-solutions-sl
FGI Germany GmbH &amp; Co. KG,DEU,Germany,Kaarst,,www.fgi-germany.com,fgi-germany-gmbh--co--kg
Fibrex Co S.R.L.,ROU,Romania,Crasna,info@fibrexco.ro,www.fibrexco.ro,fibrex-co-srl
F.I.D.A. S.r.l.,ITA,Italy,Mogliano (Veneto),sales@fidasrl.eu,www.fidasrl.eu,fida-srl
Fieldpiece Instruments,NLD,Netherlands,Doetinchem,europe@fieldpiece.com,www.fieldpiece-europe.com,fieldpiece-instruments-bv
figawa e.V.,DEU,Germany,Köln,meyer@figawa.de,www.figawa.org,figawa-ev
FILTECH Swiss SA,CHE,Switzerland,Rancate,contact@filtech.eu,www.filtech.eu,filtech-swiss-sa
Filterpak Oy Ab Ltd,FIN,Finland,Hanko,sales@filterpak.fi,www.filterpak.fi,filterpak-oy-ab-ltd
Fima Srl Brass Forging,ITA,Italy,Colorno,fima@fimaitalia.it,www.fimaitalia.it,fima-srl-brass-forging
"Guangdong Fineco New Energy Co., Ltd.",CHN,China,Foshan Guangdong,arvin@finecosource.com,www.ecosourcehub.com,guangdong-fineco-new-energy-co-ltd
Yangzhou Fine Electron Technology Co. Ltd.,CHN,China,Yangzhou Jiangsu,cnfine@cnfine.com,www.cnfine.com,yangzhou-fine-electron-technology-co-ltd
Fine Korea Co. Ltd.,KOR,"Korea, the Republic of (South)",Incheon,jhcho@ptn-global.com,www.finex97.co.kr,fine-korea-co-ltd
FINESTFOG GmbH,DEU,Germany,Ottobrunn,info@finestfog.com,www.finestfog.com,finestfog-gmbh
Fiora Bath Collections SLU,ESP,Spain,Najera,fiora@fiorabath.com,www.fiora.es,fiora-bath-collections-slu
Fiorini Industries S.r.l.,ITA,Italy,Forli,marketing@fiorinigroup.it,www.fiorini-industries.com,fiorini-industries-srl
Firat Plastik Kaucuk San. ve Tic. A. S.,TUR,Türkiye,Büyükcekmece/Istanbul,e.esgin@firat.com,www.firat.com,firat-plastik-kaucuk-san-ve-tic-a-s
Firner Pr&auml;zisionsdrehteile GmbH,DEU,Germany,Zeil a. Main,b.firner@firner-trautwein.de,www.firner-trautwein.de,firner-praezisionsdrehteile-gmbh
Fir&scaron;t d.o.o.,SVN,Slovenia,Velenje,info@first.si,www.first.si,first-doo
Fischbach Luft- und Ventilatorentechnik GmbH,DEU,Germany,Neunkirchen,info@fischbach-luft.de,www.fischbach-luft.de,fischbach-luft--und-ventilatorentechnik-gmbh
fischerwerke GmbH &amp; Co. KG,DEU,Germany,Waldachtal,info@fischer.de,www.fischer.de,fischerwerke-gmbh--co-kg
Fisc Italiana S.r.l.,ITA,Italy,Saccolongo,com@fiscitaliana.com,www.fiscitaliana.com,fisc-italiana-srl
Fit Sanitary Ware Company Limited,HKG,Hong Kong,Chai Wan,sales@chinasanitaryware.com,www.chinasanitaryware.com,fit-sanitary-ware-company-limited
"Fittings Estandar, S.L.",ESP,Spain,Albacete,export@fittingsestandar.com,www.fittingsestandar.com,fittings-estandar-sl
Fitt Spa Societa&#39; Unipersonale,ITA,Italy,Sandrigo,,https://www.airplast.it/en,fitt-spa-societa-unipersonale
Fivestar Brass India Limited,IND,India,Jamnagar,,,fivestar-brass-india-limited
Fixanit SAS,FRA,France,Vallauris,sales5@sanfitec.com,www.fixanit.com.cn,fixanit-sas
FKR Krefeld Regeltechnik KG,DEU,Germany,Krefeld,info@fkr.de,www.fkr.de,fkr-krefeld-regeltechnik-kg
Flexacademy Doo,SRB,Serbia,Priboj,info@flexacademydoo.com,http://www.flexacademydoo.com/,flexacademy-doo
Flexicel Industrial SL,ESP,Spain,Esparreguera,flexicelindustrial@grupoflexicel.com,www.grupoflexicel.com,flexicel-industrial-sl
Flexitub S.L.,ESP,Spain,Sant Esteve Sesroviores,flexitub@flexitub.com,www.flexitub.com,flexitub-sl
FLEXMO by K&Ouml;GL GmbH,DEU,Germany,Bubesheim - Günzburg,info@flexmo.de,www.flexmo.de,koegl-gmbh-betriebs--lager--und-fahrzeugeinrichtungen
FloControl Ltd.,GBR,Great Britain and Northern Ireland,Burnley,,www.flocontrol.ltd.uk,flocontrol-ltd
Floore AB,SWE,Sweden,Torpshammar,info@floore.se,www.floore.se,floore-ab
Flory Europa Banos SL,ESP,Spain,,flory@floryeurope.eu,www.floryeurope.eu,flory-europa-banos-sl
FlowCon International ApS,DNK,Denmark,Slagelse,flowcon@flowcon.com,www.flowcon.com,flowcon-international-aps
FlowCon IVC A/S,DNK,Denmark,Slagelse,,www.flowconivc.com,flowcon-ivc-as
Fl&uuml;hs Drehtechnik GmbH,DEU,Germany,Lüdenscheid,info@fluehs.de,www.fluehs.de,fluehs-drehtechnik-gmbh
Fachagentur Nachwachsende Rohstoffe e. V. (FNR),DEU,Germany,Gülzow Prüzen,info@fnr.de,www.fnr.de,fachagentur-nachwachsende-rohstoffe-e-v-fnr
FO.ME. S.r.l.,ITA,Italy,Vazzola,info@fome.it,www.fome.it,fome-srl
FONTEALTA,ITA,Italy,Viareggio,info@fontealta.it,www.fontealta.it,rubinetteria-ff-l-artigiana-srl
Form Endustri Urunleri Tic. A.S.,TUR,Türkiye,Istanbul,info@formgroup.com,www.formgroup.com,form-endustri-urunleri-tic-as
Formul Plastik ve Metal Sanayi A.S.,TUR,Türkiye,Istanbul,lazzat@formul.com.tr,www.formul.com.tr,formul-plastik-ve-metal-sanayi-as
Fornara SPA,ITA,Italy,Borgomanero,info@fornaraspa.it,www.fornaraspa.it,fornara-spa
Fratelli Fortis Rubinetterie S.r.l.,ITA,Italy,San Maurizio D'Opaglio,export@fortis.it,www.fortis.it,fratelli-fortis-rubinetterie-srl
"Foshan Airosd Thermal Technology Co., Ltd.",CHN,China,Foshan Guangdong,ea@airosd.com,www.airosd.com,foshan-airosd-thermal-technology-co-ltd
FoulingCure ApS,DNK,Denmark,Jordrup,info@foulingcure.com,www.foulingcure.com,foulingcure-aps
FPM F.lli Piardi S.p.A.,ITA,Italy,Lumezzane S.S.,info@fpmpiardi.it,www.fpmpiardi.it,fpm-flli-piardi-spa
F.Q.R. FRATTINI S.R.L.,ITA,Italy,Briga Novarese,fqr@fqrfrattini.com,www.fqrfrattini.com,fqr-frattini-srl
Rubinetterie Bresciane Bonomi S.p.A. - Fra.Bo,ITA,Italy,Gussago,bzamboni@rubinetteriebresciane.it,www.bonomi.it,rubinetterie-bresciane-bonomi-spa
FRAL S.r.l.,ITA,Italy,Carmignano di Brenta,incari@fral.it,www.fral.it,fral-srl
FRA.MO. S.r.l.,ITA,Italy,Cavallirio,info@framorubinetteria.com,,framo-srl
Frascold S.p.a.,ITA,Italy,Rescaldina,,www.frascold.it,frascold-spa
Fratelli Zanetti S.r.l.,ITA,Italy,Borgosesia,info@fratellizanetti.com,www.fratellizanetti.com,fratelli-zanetti-srl
Freilauf GmbH &amp; Co. KG,DEU,Germany,Piesport,mleyendecker@frei-lauf.com,,freilauf-gmbh--co-kg
Frese A/S,DNK,Denmark,Slagelse,info@frese.dk,www.frese.eu,frese-as
Fresh Electric for Home Appliances Company S.A.E.,EGY,Egypt,10th of Ramadan City,samir.hanna@fresh.com.eg,https://fresh.com.eg/,fresh-electric-for-home-appliances-company-sae
Frico AB,SWE,Sweden,Sävedalen,,www.frico.net/en,frico-ab
Frigotech S.r.l.,ITA,Italy,Lumezzane,info@frigotech.it,www.frigotech.it,frigotech-srl
Friterm Termik Cihazlar San. ve Tic. A.S.,TUR,Türkiye,"Tuzla, Istanbul",info@friterm.com,www.friterm.com,friterm-termik-cihazlar-san-ve-tic-as
Fr&ouml;ling Heizkessel- und Beh&auml;lterbau GmbH,AUT,Austria,Grieskirchen,info@froeling.com,www.froeling.com,froeling-heizkessel--und-behaelterbau-gmbh
"Frog Pump Industry Co., Ltd.",CHN,China,Taizhou Zhejiang,sales@frogpump.com,www.frogpump.com,frog-pump-industry-co-ltd
Frost SM Sp. z o.o.,POL,Poland,Pakosc,biuro@frost.info.pl,www.frost.info.pl,frost-sm-sp-z-oo
FSM AG,DEU,Germany,Kirchzarten,info@fsm.ag,www.fsm.ag,fsm-ag
FTK Filter Technik Kausch GbR,DEU,Germany,Brietlingen,info@heizungsfilter.de,www.heizungsfilter.de,ftk-filter-technik-kausch-gbr
Shandong Fude New Energy Equipment Co. Ltd.,CHN,China,Tengzhou Shandong,cnzkfd@gmail.com,www.cnzkfd.com,shandong-fude-new-energy-equipment-co-ltd
FUGAS S.p.A.,ITA,Italy,Trezzano Sul Naviglio,ufficio.vendite@fugas.com,www.fugas.com,fugas-spa
Ningbo Fuhua Chemicals and Building Materials Co. Ltd.,CHN,China,Ningbo Zhejiang,jason@fuhua.com.cn,www.fuhua.com.cn,ningbo-fuhua-chemicals-and-building-materials-co-ltd
Fusion Modulair GmbH,DEU,Germany,Nastätten,,www.fusionmodulair.com/ish2025,fusion-modulair-gmbh
Futurba&ntilde;o SL,ESP,Spain,Fuenlabrada,ivanm@futurbath.com,www.futurbath.com,futurbao-sl
Future Pool GmbH innovative Produkte f&uuml;r&#39;s Schwimmbad | BWG Wasseraufbereitungs GmbH,DEU,Germany,Aschaffenburg,m.arsalan@future-pool.de,www.future-pool.de,future-pool-gmbh-innovative-produkte-fuers-schwimmbad
G3 Srl,ITA,Italy,Resana,info@g3sistemi.com,www.g3sistemi.com,g3-srl
G20 Engineering Srl,ITA,Italy,Carpaneto Piacentino,,,g20-engineering-srl
Gabrieli S.r.l. - Automatic Turnery,ITA,Italy,Vestone,info@gabrielisrl.it,www.gabrielisrl.it,gabrieli-srl
Galatron Plast S.p.A.,ITA,Italy,Castiglione Delle Stiviere,sales@galatron.it,www.galatron.it,galatron-plast-spa
Gallazzini S.p.A.,ITA,Italy,Varallo,sales@gallazzini.net,www.gallazzini.net,gallazzini-spa
Galmet Sp. z o.o. Sp. K.,POL,Poland,Głubczyce,export@galmet.com.pl,www.galmet.com.pl,galmet-sp-z-oo-sp-k
Gamak Makina Sanayi Anonim Sirketi,TUR,Türkiye,Istanbul (Anatolia),info@gamak.com,www.gamak.com,gamak-makina-sanayi-anonim-sirketi
Gampper GmbH,DEU,Germany,Alsenz,tanja.guckeisen@gampper.de,www.gampper.de,gampper-gmbh
"Zhejiang Ganghong Decoration Technology Co., Ltd",CHN,China,Shaoxing Zhejiang,ganghong@ganghong-mirror.com,www.ganghong-mirror.com,zhejiang-ganghong-decoration-technology-coltd
"Gaontech Co., Ltd.",KOR,"Korea, the Republic of (South)",Gimpo-si,bhsin@gaonteches.com,www.gaonex.com,gaontech-coltd
Garef s.a.s. di Next S.r.l. &amp; C.,ITA,Italy,Gargallo,info@garef.it,www.garef.it,garef-sas-di-next-srl--c
Gassero Isi Teknolojileri San. Ltd. Sti.,TUR,Türkiye,"Tuzla, Istanbul",export@gassero.com,www.gassero.com,gassero-isi-teknolojileri-san-ltd-sti
DIE GAS- UND WASSERSTOFFWIRTSCHAFT e.V.,DEU,Germany,Berlin,office@gas-h2.de,www.gas-h2.de,gw-wirtschafts-gmbh
Gb Group Srl,ITA,Italy,Sant`Ippolito,info@gbgroup.com,www.gbgroup.it,gb-group-srl
GD Shenling Thermal Tech Co. Ltd,CHN,China,Foshan Guangdong,global@shenling.com,www.shenlingglobal.com,gd-shenling-thermal-tech-co-ltd
"Ningbo Geagle Intelligent Kitchen &amp; Bath Tech Co., Ltd.",CHN,China,Ningbo Zhejiang,sales1@chinazhanying.com,www.geagle.net.cn,ningbo-geagle-intelligent-kitchen--bath-tech-co-ltd
Geberit Group,CHE,Switzerland,Jona,sales@geberit.com,www.geberit.com,geberit-vertriebs-gmbh
Gebhardt Holding GmbH,DEU,Germany,Werl,info@gebhardt-holding.de,www.gebhardt-holding.de,gebhardt-stahl-gmbh
Gebhardt-Stahl GmbH,DEU,Germany,Werl,,www.gebhardt-stahl.de,gebhardt-holding-gmbh
Gebis S.R.L.,ITA,Italy,Villanova del Sillaro,marco@gebis.it,www.gebis.it,gebis-srl
Gebwell Ltd.,FIN,Finland,Leppävirta,info@gebwell.fi,https://www.gebwell.com,gebwell-oy
Robert Geiger Techn. Bauteile GmbH,DEU,Germany,Ichenhausen,b.lange@robert-geiger.de,www.robert-geiger.de,robert-geiger-techn-bauteile-gmbh
GEMAK HEAT EXCHANGERS,TUR,Türkiye,Kocaeli,sales@gemakltd.com,http://www.gemakltd.com/en-us/homepage,gemak-genel-sogutma-makinalari-sanayi-ve-ticaret-anonim-sirketi
"Genebre, S.A.",ESP,Spain,Hospitalet de Llobregat (Barcelona),genebre@genebre.es,www.genebre.es,genebre-sa
General Fittings S.p.A.,ITA,Italy,Gussago,info@generalfittings.it,www.generalfittings.it,general-fittings-spa
Gentec Australia Pty Ltd,AUS,Australia,Mascot,,www.gentecaustralia.com.au,gentec-australia-pty-ltd
Alfons W. Gentner Verlag GmbH &amp; Co. KG,DEU,Germany,Stuttgart,service@gentner.de,,alfons-w-gentner-verlag-gmbh--co-kg
Geocollect GmbH,DEU,Germany,Chemnitz,info@geocollect.de,www.geocollect.de,geocollect-gmbh
GEO Produkte GmbH,DEU,Germany,Schwetzingen,info@geoprodukte.com,www.geoprodukte.com,geo-produkte-gmbh
Gerlach Zubeh&ouml;rtechnik GmbH,DEU,Germany,Leipzig,j.gerlach@gerlach-zubehoertechnik.de,www.gerlach-zubehoertechnik.de,gerlach-zubehoertechnik-gmbh
Gestion de Compras,ESP,Spain,Albacete,ingo@gestiondecompras.com,www.gestiondecompras.com,soluciones-globales-y-gestion-de-compras-sl
getAir GmbH,DEU,Germany,Mönchengladbach,info@getair.eu,www.getair.eu,getair-gmbh
GUS Gew&auml;sser-Umwelt-Schutz GmbH,DEU,Germany,Nordhorn,info@oelprotektor.de,www.gewaesser-umwelt-schutz.de,gus-gewaesser-umwelt-schutz-gmbh
GF Building Flow Solutions,DEU,Germany,Haßfurt,kundenservice@uponor.com,www.uponor.de,uponor-gmbh
Ghidini Faustino Bosco S.p.A.,ITA,Italy,Rodengo Saiano,export@ghidini-sifoni.com,www.ghidini-sifoni.com,ghidini-faustino-bosco-spa
Giacomini S.p.A.,ITA,Italy,S.Maurizio d'Opaglio,info@giacomini.com,giacomini.com,giacomini-spa
GIAMI S.r.l.,ITA,Italy,Bolzano Novarese,export@giami-srl.it,www.giami-srl.it,giami-srl
Gianneschi Pumps and Blowers S.r.l.,ITA,Italy,Capezzano Pianore,info@gianneschi.net,www.gianneschi.net,gianneschi-pumps-and-blowers-srl
GIF ActiveVent GmbH,DEU,Germany,Freiburg im Breisgau,info@gif-activevent.com,www.gif-activevent.com,gif-activevent-gmbh
Gioanola G. S.r.l.,ITA,Italy,Nizza Monferrato,info@gioanola.it,www.gioanola.it,gioanola-g-srl
Giordano Controls S.p.A.,ITA,Italy,Villa Bartolomea,pietro.micheloni@giordanocontrols.it,www.gruppogiordano.com,giordano-controls-spa
GK Enterprises Private Limited,IND,India,New Delhi,contact@gkayindia.com,www.gkayindia.com,gk-enterprises-private-limited
Glass Design S.r.l.,ITA,Italy,Vinci,glassdesign@glassdesign.it,www.glassdesign.it,glass-design-srl
Gliss Design BV,NLD,Netherlands,Sleeuwijk,,,gliss-design-bv
Global di Fardelli Ottorino &amp; C. S.r.l.,ITA,Italy,Rogno,info@globalradiatori.it,www.globalradiatori.it,global-di-fardelli-ottorino--c-srl
Global Water Solutions s.&agrave;.r.l.,LUX,Luxembourg,Contern,info@globalwatersolutions.com,www.globalwatersolutions.com,global-water-solutions-srl
Ceramica Globo S.p.A.,ITA,Italy,Castel Sant'elia,info@ceramicaglobo.com,www.ceramicaglobo.com,ceramica-globo-spa
Glong Italy S.r.l.,ITA,Italy,Fano,mmancini@glongitaly.it,www.glong-motor.com,glong-italy-srl
GMCC&amp;Welling,CHN,China,Foshan Guangdong,ouwh1@chinagmcc.com,https://www.gmcc-welling.com/en,guangdong-meizhi-compressor-co-ltd
GM Rubinetterie S.r.l.,ITA,Italy,Oleggio Castello,info@gmrubinetterie.it,www.gmrubinetterie.it,gm-rubinetterie-srl
Gnali Bocia Srl,ITA,Italy,Lumezzane,info@gnalibocia.com,www.gnalibocia.com,gnali-bocia-srl
Goldrays Limited,HKG,Hong Kong,"Tsimshatsui, Kowloon",goldrays@showerdoorseal.org,www.showerdoorseal.org,goldrays-limited
GPD Bath &amp; Kitchen Armatures,TUR,Türkiye,Beylikdüzü/İstanbul,export@gpd.com.tr,https://gpd.com.tr/,gpd-gul-pres-dokum-san-as
GPR sas,FRA,France,Rully,contact@gpr-industries.fr,www.gpr-industries.fr,gpr-sas
Gramm Profiltechnik GmbH,DEU,Germany,Friedrichshafen,info@proplus-fassade.com,,gramm-profiltechnik-gmbh
"Taizhou Grandfar International Trading Co., Ltd.",CHN,China,Taizhou Zhejiang,info@grandfargroup.com,https://www.seadona.com,taizhou-grandfar-international-trading-co-ltd
grando GmbH Schwimmbadabdeckungen,DEU,Germany,Bergisch Gladbach,info@grando.de,www.grando.de,grando-gmbh-schwimmbad-abdeckungen
Grand Well Sanitary Ware Limited,HKG,Hong Kong,Wanchai,neptum@neptum.cn,www.neptumbath.com,grand-well-sanitary-ware-limited
Gree Electric Appliances Inc. of Zhuhai,CHN,China,Zhuhai Guangdong,archer.zhang@cn.gree.com,www.gree.com,gree-electric-appliances-inc-of-zhuhai
Green Drain Europe,DNK,Denmark,Herning,info@greendrains.eu,www.greendrains.eu,ngdgroup-aps
GREENoneTEC Solarindustrie GmbH,AUT,Austria,St. Veit an der Glan,info@greenonetec.com,www.greenonetec.com,greenonetec-solarindustrie-gmbh
Papakonstantinou-GREEN POWER TECHNOLOGY,GRC,Greece,"Daphni, Athens",dimitris@greenpowerstar.com,www.greenpowerstar.com,papakonstantinou-dimitrios
"Guangzhou Green Power Technology Co., Ltd",CHN,China,Guangzhou Guangdong,info@greenpowerstar.com,,guangzhou-green-power-technology-co--ltd
Gridty GmbH,DEU,Germany,Köln,,www.gridty.com,gridty-gmbh
Griferia Sanitaria Rovira S.A.,ESP,Spain,Vallirana,roviraexport@griferiarovira.com,www.griferiarovira.com,griferia-sanitaria-rovira-sa
Griffon,NLD,Netherlands,Goes,info@griffon.eu,www.griffon.eu,bison-international-bv
Grohe AG,DEU,Germany,Düsseldorf,media@grohe.com,www.grohe.de,grohe-ag
Groppalli s.r.l.,ITA,Italy,Gragnano Trebbiense,g.bosoni@groppalli.it,www.groppalli.it,groppalli-srl
Ground-Therm Sp. z o.o.,POL,Poland,Gliwice,marcin.mankowski@ground-therm.com,www.ground-therm.com,ground-therm-sp-z-oo
Gr&uuml;nbeck AG,DEU,Germany,Höchstädt,info@gruenbeck.de,www.gruenbeck.de,gruenbeck-wasseraufbereitung-gmbh
Karl Grumbach GmbH &amp; Co. KG,DEU,Germany,Wetzlar,grumbach@grumbach.net,www.grumbach.net,karl-grumbach-gmbh--co-kg
GRUNDFOS GmbH,DEU,Germany,Erkrath,infoservice@grundfos.com,www.grundfos.de,grundfos-gmbh
Gruner AG,DEU,Germany,Wehingen,info@gruner.de,www.gruner.de,gruner-ag
GSI Global System Integration Srl,ITA,Italy,Mareno di Piave,,,gsi-global-system-integration--srl
"GTB GROUP, s.r.o.",CZE,Czech Republic,Frydek-Mistek,humpolicek@gtb.cz,www.gtbgroup.cz,gtb-group-sro
G.T. Comis S.P.A.,ITA,Italy,Cento,gtcomis@gtcomis.it,www.gtcomis.it,gt-comis-spa
"Guangdong Carrier Heating, Ventilation &amp; Air Conditioning Company Limited",CHN,China,Foshan Guangdong,giwee.vip@giwee.com,www.giwee.com,guangdong-carrier-heating-ventilation--air-conditioning-co-ltd
"Guangdong Wotech Renewable Energy &amp; Technology Co., Ltd.",CHN,China,Foshan Guangdong,info1@wotech.cn,www.ecowotech.com,guangdong-wotech-renewable-energy--technology-co-ltd
Guarnimed SRL,ITA,Italy,Credaro,francesca.scaburri@guarnimed.it,www.guarnimed.it,guarnimed-srl
G&uuml;nesler Ticaret,TUR,Türkiye,Mersin,muhasebe@gunesler.com.tr,www.gunesler.com.tr,guenesler-ticaret
Gunay Export Lojistik Tic. ve Sanayi Ltd. Sti.,TUR,Türkiye,Tuzla/Istanbul,marketing@gunayexport.com,https://gunayexport.com/,gunay-export-lojistik-tic-ve-sanayi-ltd-sti
GVOB - GesamtVerband OfenBau e.V.,DEU,Germany,Kevelaer,info@gvob.de,,gvob--gesamtverband-ofenbau-ev
GVS Deutschland GmbH &amp; Co. KG,DEU,Germany,Sinzig,,,gvs-deutschland-gmbh--co-kg
gyde GmbH,DEU,Germany,Stuttgart,info@gyde.io,www.gyde.io/platform,gyde-gmbh
"GZ Axen Heat Pump Technology Co., Ltd.",CHN,China,Guangzhou Guangdong,sales@axen-heatpump.com,www.axen-heatpump.com,gz-axen-heat-pump-technology-co-ltd
h2x - HVAC &amp; Plumbing Software,AUS,Australia,Crescent Head,jonathan@h2xengineering.com,,h2x-pty-ltd-software
Haier A/C Italy Trading Spa,ITA,Italy,Revine Lago,nikita.patel@haier-europe.com,www.haierhvac.eu,haier-ac-italy-trading-spa
Haier HVAC Solutions,CHN,China,Qingdao Shandong,kongxy@haier.com,www.haier.com,haier-hvac-solutions
"Hain Yo Enterprises Co., Ltd.",TWN,Taiwan,Changhua,hainyo@ms24.hinet.net,www.ceramiccartridge-tw.com,hain-yo-enterprises-co-ltd
Haitima Corporation,TWN,Taiwan,Taipei,haitima@haitima.com.tw,https://www.haitima.com.tw/,haitima-corporation
HakaGerodur AG,CHE,Switzerland,Gossau SG,sekretariat@hakagerodur.ch,www.hakagerodur.ch,hakagerodur-ag
HalloPetra GmbH,DEU,Germany,Berlin,info@hallopetra.de,hallopetra.de,hallopetra-gmbh
Hamberger Sanitary GmbH,DEU,Germany,Rohrdorf,info-sanitary@hamberger.de,www.hamberger-sanitary.de,hamberger-sanitary-gmbh
Hamwells Nederland B.V.,NLD,Netherlands,Rotterdam,,,hamwells-nederland-bv
Hankin Technology (HongKong) Company Limited,HKG,Hong Kong,North Point,tom.zheng@hankin.com.cn,www.hankin.com.cn,hankin-technology-hongkong-company-limited
Hannover Messe Sodeks Fuarcilik A.S.,TUR,Türkiye,Istanbul,baran.ozdek@hf-turkey.com,www.sodex.com.tr/en,hannover-messe-sodeks-fuarcilik-as
Hansa Heiztechnik GmbH,DEU,Germany,Rhade,info@hansa-heiztechnik.de,www.hansa-heiztechnik.de,hansa-oel--und-gasbrenner-gmbh
Hansgrohe SE,DEU,Germany,Schiltach,,www.hansgrohe.com,hansgrohe-se
Hanshun Sanitary Ware (Hong Kong) Company Limited,HKG,Hong Kong,Kowloon,ada@ashower.com,www.ashower.com,hanshun-sanitary-ware-hong-kong-company-limited
Taizhou Haochuan Valve Co. Ltd.,CHN,China,Taozhou Zhejiang,haochuan1@haochuan.cc,www.haochuan.cc,taizhou-haochuan-valve-co-ltd
HAPA.Design,PRT,Portugal,Ribeirao,,www.mct.com.pt,metalurgica-central-trofa-ld
Hargassner Ges mbH,AUT,Austria,Weng,office@hargassner.at,www.hargassner.com,hargassner-ges-mbh
Hassan Yapi A.S.,TUR,Türkiye,Tuzla/Istanbul,zulkuf@pergemimarlik.com,www.hassanyapi.com.tr,hassan-yapi-as
HAUPA GmbH,DEU,Germany,Remscheid,info@haupa.com,www.haupa.com,haupa-gmbh
Hausmann &amp; Wynen Datenverarbeitung GmbH,DEU,Germany,Monheim am Rhein,kontakt@powerbird.de,www.powerbird.de,hausmann--wynen-datenverarbeitung-gmbh
HEA - Fachgemeinschaft f&uuml;r effiziente Energieanwendung e.V.,DEU,Germany,Berlin,info@hea.de,www.hea.de,hea---fachgemeinschaft-fuer-effiziente-energieanwendung-ev
Heating Group International b.v.,NLD,Netherlands,Wijchen,hgi@heatinggroup.eu,www.heatinggroup.nl,heating-group-international-bv
Heatit Controls AB,SWE,Sweden,Brastad,post@heatit.com,,heatit-controls-ab
HEATNESS GmbH,AUT,Austria,Wien,office@heatness.at,www.heatness.at,heatness-gmbh
Heatpex Sp. z o.o.,POL,Poland,Gdansk,bskrzyniarz@heatpex.pl,,heatpex-sp-z-oo
HEAT PUMP MOVER,GBR,Great Britain and Northern Ireland,Farnham,sales@heatpumpmover.co.uk,heatpumpmover.co.uk,lite-work-designs-ltd
HeatQ Technology Sp. z o.o.,POL,Poland,Gdansk,biuro@heatq.com,www.heatq.com,heatq-technology-sp-z-oo
Heau BV,BEL,Belgium,Bilzen,,,heau-bv
Heber GmbH,DEU,Germany,Rotthalmünster/Weihmörting,info@heber.de,www.heber.de,heber-gmbh
"Hecapo, S.A.",ESP,Spain,Gelida,export@grupoheca.es,www.hecapo.es,hecapo-sa
Heealarx Industry Pte. Limited,SGP,Singapore,Singapore,,,heealarx-industry-pte-limited
HEIMISCH SANITARY WARE GmbH,DEU,Germany,Linkenheim-Hochstetten,tulea.victor@gmail.com,,heimisch-sanitary-ware-gmbh
Heizer Hungary Szolg&aacute;ltat&oacute; Kereskedelmi Korl&aacute;tolt felel&ouml;ss&eacute;gu T&aacute;rsas&aacute;g,HUN,Hungary,Budapest,info@heizer.hu,www.heizer.hu,heizer-hungary-szolgltat-kereskedelmi-korltolt-feleloessgu-trsasg
Heizungsbauer aus Leidenschaft,DEU,Germany,Wunstorf,info@hzbal.de,https://hzbal.de,onlineflotte-kannegiesser--leupelt-gbr
Helios Ventilatoren GmbH + Co. KG,DEU,Germany,Villingen-Schwenningen,info@heliosventilatoren.de,www.heliosventilatoren.de,helios-ventilatoren-gmbh--co-kg
HELIOTHERM W&auml;rmepumpentechnik Ges. m. b. H.,AUT,Austria,Langkampfen,info@heliotherm.com,www.heliohterm.com,heliotherm-waermepumpentechnik-ges-m-b-h
Hels Endustriyel Mamuller San. ve Tic. Ltd. Sti.,TUR,Türkiye,Istanbul,deniz@hels.com.tr,www.hels.com.tr,hels-endustriyel-mamuller-san-ve-tic-ltd-sti
Helty,ITA,Italy,Schio,marketing@heltyair.com,https://www.heltyair.com/,helty-srl
Henco Industries NV,BEL,Belgium,Herentals,info@henco.be,www.henco.be,henco-industries-nv
"Zhejiang Hengjie Copper Industry Co., Ltd.",CHN,China,Taizhou Zhejiang,sale5@hengjie.com.cn,www.hengjie.com.cn,zhejiang-hengjie-copper-industry-co-ltd
Hennecke GmbH,DEU,Germany,Sankt Augustin,info@hennecke.com,www.hennecke.com,hennecke-gmbh
HERMANOS JULI&Aacute;N M SL,ESP,Spain,Villares de la Reina,export@hjm.es,www.hjm.es,hermanos-julian-m-sl
HERMANUSSEN Metallverarbeitung GmbH,DEU,Germany,Werl,info@hermanussen.de,www.hermanussen.de,hermanussen-metallverarbeitung-gmbh
HERMOS AG,DEU,Germany,Mistelgau,info@hermos.com,www.hermos.com,hermos-ag
HERO Software GmbH,DEU,Germany,Hannover,,www.hero-software.de,hero-software-gmbh
Herrmann GmbH u. Co. KG,DEU,Germany,Waiblingen,info@herrmann-burners.de,www.herrmann-burners.de,herrmann-gmbh-u-co-kg
Herz Armaturen Ges.m.b.H.,AUT,Austria,Wien,office@herz.eu,www.herz.eu,herz-armaturen-gesmbh
Herz Energietechnik GmbH,AUT,Austria,Pinkafeld,office-energie@herz.eu,www.herz-energie.at,herz-energietechnik-gmbh
HEWI Heinrich Wilke GmbH,DEU,Germany,Bad Arolsen,info@hewi.de,www.hewi.de,hewi-heinrich-wilke-gmbh
Hewitech GmbH &amp; Co. KG,DEU,Germany,Ochtrup,info@hewitech.de,www.hewitech.de,hewitech-gmbh--co-kg
HiDew S.r.l.,ITA,Italy,Tribano,sales@hidew.it,www.hidew.it,hidew-srl
HIDRIA d.o.o.,SVN,Slovenia,Spodnja Idrija,info@hidria.com,www.hidria.com,hidria-doo
Hidronatur,ESP,Spain,LLosa de Ranes,export@hidronatur.com,www.hidronatur.com,hidronatur
HIDRONIX S.r.l. SOCIO UNICO,ITA,Italy,Brusciano,export@hidronix.it,www.hidronix.com,hidronix-srl
"Zhejiang Ama &amp; Hien Technology Co., Ltd.",CHN,China,Wenzhou Zhejiang,info@hien-ne.com,https://www.hien-ne.com,zhejiang-ama--hien-technology-co-ltd
HIFI FILTER France SAS,FRA,France,Pontarlier,export@hifi-filter.fr,www.hifi-filter.com,hifi-filter-france-sas
"Shanghai Highly Electrical Appliances Co., Ltd.",CHN,China,Shanghai,xuzh@highly.cc,www.highly.cc,shanghai-highly-electrical-appliances-co-ltd
Hightrend Merchandise Corp.,TWN,Taiwan,Taipei City,httw@hightrend.com.tw,www.hightrend.com.tw,hightrend-merchandise-corp
Himmelsbach Leitern- u. Ger&uuml;stefabrik GmbH,DEU,Germany,Kenzingen,info@himmelsbach.de,www.himmelsbach.de,himmelsbach-leitern--u-geruestefabrik-gmbh
"HIMPEL Co., Ltd.",KOR,"Korea, the Republic of (South)",Hwaseong,sales@himpel.co.kr,www.himpel.co.kr,himpel-co-ltd
HIRA INDUSTRIES LLC,ARE,United Arab Emirates,Dubai,,,hira-industries-llc
"Industrieverband Haus-, Heiz- und K&uuml;chentechnik e. V. (HKI)",DEU,Germany,Frankfurt am Main,info@kachelofenwelt.de,www.hki-online.de/de,industrieverband-haus--heiz--und-kuechentechnik-e-v-hki
HL Hutterer &amp; Lechner GmbH,AUT,Austria,Himberg/Wien,office@hl.at,www.hl.at,hl-hutterer--lechner-gmbh
HM Heizk&ouml;rper GmbH Heating Technology,DEU,Germany,Dingelstädt,info@hm-heating.de,,hm-heizkoerper-gmbh-heating-technology
"Hokwang Industries Co., Ltd.",TWN,Taiwan,New Taipei City,hokwang@hokwang.com,www.hokwang.com,hokwang-industries-co-ltd
"Ningbo Homac Electrical Appliances Co., Ltd.",CHN,China,Ningbo Zhejiang,Leo@chinamacerator.com,www.chinamacerator.com,ningbo-homac-electrical-appliances-co-ltd
Homematic IP,DEU,Germany,Leer (Ostfriesland),info@eq-3.de,https://homematic-ip.com/de,eq-3-ag
Honeywell BMS,DEU,Germany,Offenbach am Main,,http://buildings.honeywell.com/de/de/brands/our-brands/bms/,honeywell-gmbh-honeywell-bms
Hong Yue Company Limited,HKG,Hong Kong,Central,sales@hongyuepipe.com,www.hy-pipe.com,hong-yue-company-limited
"Wenling Honson Brassware Co., Ltd.",CHN,China,"Wenling City, Zhejiang",sales1@honson-fitting.com,www.honson-fitting.com,wenling-honson-brassware-co-ltd
"Horng Lai Industrial Co., Ltd.",TWN,Taiwan,Changhua,hllife69@ms51.hinet.net,www.home-life.com.tw,horng-lai-industrial-co-ltd
Hosenso GmbH &amp; Co. KG,DEU,Germany,Neu Wulmstorf,social@hosenso.de,https://hosenso.de/,hosenso-gmbh--co-kg
Hotbath BV,NLD,Netherlands,Alblasserdam,info@hotbath.nl,www.hotbath.nl,hotbath-bv
HOTERWAY,PRT,Portugal,Campia,info@hoterway.com,www.hoterway.com,heaboo-lda
Hotjet CZ s.r.o,CZE,Czech Republic,Bolatice,export@hotjet.cz,www.hotjet.cz,hotjet-cz-sro
Hottgenroth Software AG,DEU,Germany,Köln,info@hottgenroth.de,www.hottgenroth.de/index.html,hottgenroth-software-ag
HOWATHERM Klimatechnik GmbH,DEU,Germany,Brücken,info@howatherm.de,www.howatherm.de,howatherm-klimatechnik-gmbh
"hp-TECHNIK GmbH Industriepumpen, F&ouml;rderaggregate + Anlagenbau",DEU,Germany,Karlsruhe,info@hptechnik.com,www.hptechnik.com,hp-technik-gmbh--industriepumpen--foerderaggregate--anlagenbau
"Ningbo Hrale Plate Heat Exchanger Co., Ltd.",CHN,China,Ningbo Zhejiang,zhuojq@hrale.com,www.hrale.com,ningbo-hrale-plate-heat-exchanger-co-ltd
"Hsien Chang Metals Co., Ltd.",TWN,Taiwan,Changhua County,hc888@faucet.com.tw,www.faucet.com.tw,hsien-chang-metals-co-ltd
HSK Duschkabinenbau KG,DEU,Germany,Olsberg,info@hsk-duschkabinenbau.de,www.hsk-duschkabinenbau.de,hsk-duschkabinenbau-kg
hsn - Die Agentur f&uuml;r integrierte Kommunikation GmbH,DEU,Germany,Hamburg,info@hsn-agentur.de,,hsn---die-agentur-fuer-integrierte-kommunikation-gmbh
H&amp;S Sensortechnik GmbH,AUT,Austria,Enzenkirchen,,,hs-sensortechnik-gmbh
HSV Packaging &amp; Insulation Nederland NV,NLD,Netherlands,Ede,marketing@hsv.nl,www.hsv.nl,hsv-packaging--insulation-nederland-nv
HT S.p.A.,ITA,Italy,San Vendemiano,info@htspa.it,www.htspa.it,ht-spa
"Huacheng Valve (Hongkong) Co., Ltd.",HKG,Hong Kong,"San Po Kong, Kowloon",hchfm@huachengvalve.com,www.huachengvalve.com,huacheng-valve-hongkong-co-ltd
"Ningbo Huahua Sanitary Ware Co., Ltd.",CHN,China,Ningbo Zhejiang,sales@gonggong.cn,www.gonggong.cn,ningbo-huahua-sanitary-ware-co-ltd
Hualing Hoses International Company Limited,HKG,Hong Kong,Wanchai,sales3@china-hualing.com,www.china-hualing.com,hualing-hoses-international-company-limited
"Zhejiang Huanri Sanitation Co., Ltd.",CHN,China,Taizhou Zhejiang,huanri@huanrisanitation.com,www.huanrifaucet.com,zhejiang-huanri-sanitation-co-ltd
Guangdong Huayi Plumbing Fittings Industry Co. Ltd.,CHN,China,Kaiping Guangdong,sandy@huayi-faucet.com,www.huayisanitaryware.com,guangdong-huayi-plumbing-fittings-industry-co-ltd
Huba Control AG,CHE,Switzerland,Würenlos,info.ch@hubacontrol.com,www.hubacontrol.com,huba-control-ag
Huber Cisal Industrie S.p.A.,ITA,Italy,San Maurizio D´Opaglio,huber@huberitalia.com,www.huberitalia.com,huber-cisal-industrie-spa
HUBER &amp; RANNER GMBH,DEU,Germany,Pocking,sales@huber-ranner.com,www.huber-ranner.com,huber--ranner-gmbh
H&uuml;rner Luft- und Umwelttechnik GmbH,DEU,Germany,Mücke,info@hlu.eu,www.hlu.eu,huerner-luft--und-umwelttechnik-gmbh
"Huida Sanitary Ware Co., Ltd.",CHN,China,Tangshan Hebei,andy_zhang@huidagroups.com,eng.huidagroup.com,huida-sanitary-ware-co-ltd
Huliot Group,ISR,Israel,Ramat Yishai,info@huliot.com,www.huliotgroup.com,huliot-industries-acs-ltd
"Hung Hing Mirror (HuiZhou) Co., Ltd.",CHN,China,Huizhou City Guangdong,mirror.king@msa.hinet.net,www.hxmirror.com,hung-hing-mirror-huizhou-co-ltd
Hybitat Srl,ITA,Italy,Milano,,www.hybitat.tech,hybitat-srl
Hydraloop Systems BV,NLD,Netherlands,Leeuwarden,info@hydraloop.com,www.hydraloop.com,hydraloop-systems-bv
Malgorzata Nowak Hydroflex,POL,Poland,Swiatniki Gorne,biuro@hydroflex.com.pl,www.hydroflex.com.pl,malgorzata-nowak-hydroflex
Hydroplast S.r.l.,ITA,Italy,Suno,info@hydroplast.it,www.hydroplast.it,hydroplast-srl
HygroMatik GmbH,DEU,Germany,Henstedt-Ulzburg,hy@hygromatik.de,www.hygromatik.com,hygromatik-gmbh
"Xiamen Hysen Control Technology Co., Ltd.",CHN,China,Xiamen Fujian,sally@cn-hysen.com,www.hysencontrol.com,xiamen-hysen-control-technology-co-ltd
HYTING GmbH,DEU,Germany,Wiesbaden,,www.hyting.com,hyting-gmbh
"IAPMO (International Association of Plumbing and Mechanical Officials, a Non-Profit Corporation)",USA,United States,Ontario,info@iapmo.org,www.iapmo.org,international-association-of-plumbing-and-mechanical-officials-a-non-profit-corporation---iapmo
Industrias Ibaiondo S.A.,ESP,Spain,Mungia (Bizkaia),exportacion@ibaiondo.com,www.ibaiondo.com,industrias-ibaiondo-sa
IBC control AB,SWE,Sweden,Höganäs,info@ibccontrol.se,www.ibccontrol.se,ibc-control-ab
Ibergrif Griferias S.L.,ESP,Spain,Sant Feliu de Llobregat,igracia@ibergrif.es,www.ibergrif.es,ibergrif-griferias-sl
IBO PUMPS / DAMBAT JASTRZEBSKI S.K.A.,POL,Poland,Grodzisk Mazowiecki,biuro@dambat.pl,www.dambat.pl,dambat-jastrzebski-ska
IBP GmbH - Conex|B&auml;nninger,DEU,Germany,Linden,marketingde@ibpgroup.com,www.conexbanninger.com,international-building-products-gmbh
IBX - New Bath 2003 S.L.,ESP,Spain,Dolores,recepcion@ibx2003.com,www.ibx2003.com,new-bath-2003-sl
Ichinen Tasco Co. Ltd.,JPN,Japan,Higashiosaka Osaka,yamada@tascojapan.co.jp,www.tascojapan.co.jp,ichinen-tasco-co-ltd
ICMA S.p.A.,ITA,Italy,Cuggiono,sales@icmaspa.it,www.icmaspa.it,icma-spa
I.C.O.M.A.R. S.n.c.,ITA,Italy,Picerno,icomar@icomar.net,www.icomar.net,icomar-snc
Ideal Clima S.r.l.,ITA,Italy,Brescia,info@idealclima.eu,www.idealclima.eu,ideal-clima-srl
Ideal Standard International,BEL,Belgium,Zaventem,,www.idealstandard.com,ideal-standard-international-nv
Idevit Seramik San. ve Tic. A.S.,TUR,Türkiye,Istanbul,export@idevit.com.tr,www.idevit.com.tr,idevit-seramik-san-ve-tic-as
iDM Energiesysteme GmbH,AUT,Austria,Matrei in Osttirol,team@idm-energie.at,www.idm-energie.at,idm-energiesysteme-gmbh
IDRAL S.p.A.,ITA,Italy,Gargallo,exportsales@idral.it,www.idral.it,idral--spa
Idroblok srl,ITA,Italy,Marcianise,sales@idroblok.it,www.idroblok.it,idroblok-srl
IEG Industry of Electrical Heating Elements,SRB,Serbia,Belgrade,mladen@grejaci.com,www.grejaci.com,ieg-industry-of-electrical-heating-elements
Igienair GmbH,DEU,Germany,Ettlingen,kontakt@igienair.com,www.igienair.de,igienair-gmbh
IGLU TECH UAB,LTU,Lithuania,Vilnius,,,iglu-tech-uab
IKG Industrie-K&auml;lte GmbH &amp; Co. KG,DEU,Germany,Güglingen,info@ikg-industriekaelte.de,https://ikg-industriekaelte.de/,ikg-industrie-kaelte-gmbh--co-kg
Iklimlendirme Sogutma Klima Imalatcilari Dernegi Iktisadi Isletmesi,TUR,Türkiye,"Ümraniye, Istanbul",iskid@iskid.org.tr,www.iskid.org.tr,iklimlendirme-sogutma-klima-imalatcilari-dernegi-iktisadi-isletmesi
Il Flessibile di Nicastri &amp; C. Srl,ITA,Italy,Invorio,m.nicastri@ilflessibile.it,www.ilflessibile.it,il-flessibile-di-nicastri--c-srl
Ille Papier-Service GmbH,DEU,Germany,Altenstadt,info@ille.de,www.ille.eu,ille-papier-service-gmbh
Imbat,TUR,Türkiye,Izmir,info@imbat.com,www.imbat.com,imbat-sogutma-isitma-makina-san-ve-tic-as
Imex Ceramics UK Ltd,GBR,Great Britain and Northern Ireland,"Crowborough, East Sussex",herbert@imexceramic.com,www.imexbathroom.com,imex-ceramics-uk-ltd
"Tangshan Imex Industrial Co., Ltd.",CHN,China,Tangshan Hebei,herbert@imexceramic.com,www.imexbathroom.com,tangshan-imex-industrial-co-ltd
IMI Hydronic Engineering International SA,CHE,Switzerland,Eysins,,climatecontrol.imiplc.com,imi-hydronic-engineering-international-sa
immersight GmbH,DEU,Germany,Ulm,info@immersight.de,www.immersight.de,immersight-gmbh
Impel AB,SWE,Sweden,Helsingborg,joakim.arndt@impel.se,https://impelhydronics.com,impel-ab
IMP Pumps d.o.o.,SVN,Slovenia,Komenda,info@imp-pumps.com,www.imp-pumps.com,imp-pumps-doo
IMT ARMATUREN AG,CHE,Switzerland,Widnau,imt@imt-ch.com,www.imt-ch.com,imt-armaturen-ag
INABA DENKO,JPN,Japan,Osaka,sales-inabadenko@inaba.co.jp,https://www.inaba-denko.com/en,inaba-denki-sangyo-co-ltd
INDEX A Perfect Fixing,ESP,Spain,Logrono,info@indexfix.com,https://www.indexfix.com/en/,tecnicas-expansivas-sl
India space Mart,IND,India,New Delhi,,http://www.ispacemart-bathroom.com,india-space-mart
indusa industrielle Umweltschutzanlagen GmbH,DEU,Germany,Neu-Anspach,info@indusa.de,www.indusa.de,indusa-industrielle-umweltschutzanlagen-gmbh
Indus International FZC,ARE,United Arab Emirates,Sharjah,,,indus-international-fzc
Industrial Ceramic Linings B.V.,NLD,Netherlands,Rotterdam,info@iclbv.nl,www.iclbv.nl,industrial-ceramic-linings-bv
Industrias Canovas SA,ESP,Spain,Valencina de la Concepcion,rcolomer@nofer.com,,industrias-canovas-sa
AB Industrietechnik S.r.l.,ITA,Italy,Bressanone,info@industrietechnik.it,www.industrietechnik.it,ab-industrietechnik-srl
Industrilas AG,DEU,Germany,Gevelsberg,info@industrilas.de,www.industrilas.com,industrilas-ag
INFICON GmbH,DEU,Germany,Köln,servicetools.europe@inficon.com,www.inficon.com,inficon-gmbh
ING FIXATIONS,FRA,France,Le Puy en Velay,ing@ingfixations.fr,www.ingfixations.fr,francois-inglese-sasu
Ingremio Bracia Kotulscy Spolka Komandytowo Akcyjna,POL,Poland,Boleslaw,,,ingremio-bracia-kotulscy-spolka-komandytowo-akcyjna
Initiative Holzw&auml;rme (IH),DEU,Germany,Köln,info@bdh-industrie.de,www.bdh-industrie.de,interessengemeinschaft-energie--umwelt--feuerungen-gmbh-1
Innovation Vent,POL,Poland,Przejazdowo,automatyka@innovation-vent.co,www.innovation-vent.co,slawomir-chelminski
"INNOWIN International Co., Ltd.",TWN,Taiwan,Chang Hua,yang@innowin.tw,www-innowin-website.mystrikingly.com/,innowin-international-co-ltd
Institut f&uuml;r Luft- und K&auml;ltetechnik gemeinn&uuml;tzige Gesellschaft mbH,DEU,Germany,Dresden,klima@ilkdresden.de,www.ilkdresden.de,institut-fuer-luft--und-kaeltetechnik-gemeinnuetzige-gesellschaft-mbh
Insulcon B.V.,NLD,Netherlands,Steenbergen,info@insulcon.com,www.insulcon.com,insulcon-bv
Intercool Hellas S.a. - SENDO,GRC,Greece,Patra,info@sendo.world,www.sendo.world,intercool-hellas-sa
Intergas Verwarming BV,NLD,Netherlands,Coevorden,,,intergas-verwarming-bv
International Code Council - Evaluation Service,USA,United States,Brea California,es@icc-es.org,,international-code-council---evaluation-service
International Swiss Concepts S&agrave;rl,CHE,Switzerland,Chardonne,fourati@swiss-concepts.ch,www.i-mirr.com,international-swiss-concepts-srl
Interplast S.A.,GRC,Greece,Komotini,tzavelas@interplast.gr,www.interplast.gr/en,interplast-sa
INTERRA Germany GmbH,DEU,Germany,Kassel,,de.interratechnology.com,interra-germany-gmbh
Intersan NV,BEL,Belgium,Kruisem,info@intersan.be,www.intersan.eu,nv-international-sanitary-ware--manufacturing-cy
Inver Designs Designated Activity Company,IRL,Ireland,Arklow,johnoloughlin@inverbathrooms.ie,www.inverbathrooms.ie,inver-designs-designated-activity-company
Invertek Drives Ltd.,GBR,Great Britain and Northern Ireland,"Welshpool, Powys",sales@invertekdrives.com,www.invertekdrives.com,invertek-drives-ltd
"Inwest-Klima M. Godlewski, E. Hankowska Sp&oacute;lka Jawna",POL,Poland,Bialystok,biuro@inwestklima.com.pl,www.inwestklima.com.pl,inwest-klima-m-godlewski-e-hankowska-splka-jawna
"Inwest-Produkt Hankowska, Godlewski, Kurys Sp&oacute;lka Jawna",POL,Poland,Bialystok,biuro@inwestprodukt.com.pl,www.inwestprodukt.com.pl,inwest-produkt-hankowska-godlewski-kurys-splka-jawna
Inyectometal SAU,ESP,Spain,Vinaroz,export@inyectometal.com,www.inyectometal.com,inyectometal-sau
G. Ioannou Emporiki Ltd,CYP,Cyprus,Aradippou,account1@giemporiki.com,,g-ioannou-emporiki-ltd
IPA Tunisie S.A.,TUN,Tunisia,Douar Hicher Tunis,ipa@planet.tn,www.ipalpex.com,ipa-tunisie-sa
IRNAS d.o.o.,SVN,Slovenia,Maribor,info@hummble.eu,www.hummble.eu,irnas-doo
Irritec S.p.A.,ITA,Italy,Capo D'Orlando,irritec@irritec.com,www.irritec.com,irritec-spa
ISAN Radiatory s.r.o.,CZE,Czech Republic,Brno - Zábrdovice,marketing@isan.cz,www.isan.cz,isan-radiatory-sro
Turkish HVAC-R Exporters Association (ISIB),TUR,Türkiye,Ankara,isib-pr@oaib.org.tr,www.isib.org.tr,turkish-hvac-r-exporters-association-isib
Isoil Industria Spa,ITA,Italy,Cinisello Balsamo,sales@isoil.it,www.isoil.it,isoil-industria-spa
"Isotubi, S.L.",ESP,Spain,Castellbisbal,juliana.dorn@isotubi.com,www.isotubi.com,isotubi-sl
ISVEA Seramik ve Banyo Urunleri San. A.S,TUR,Türkiye,Istanbul,c.yanardag@isveabagno.it,www.isveabagno.it,isvea-seramik-ve-banyo-urunleri-san-as
Italian Gasket Spa,ITA,Italy,Paratico,secretary@italiangasket.com,www.italiangasket.com,italian-gasket-spa
Ital-Tap S.r.l.,ITA,Italy,Sarezzo,,,ital-tap-srl
Italtecnica Srl,ITA,Italy,Tribano,italtecnica@italtecnica.com,www.italtecnica.com,italtecnica-srl
ITAP SpA,ITA,Italy,Lumezzane,info@itap.it,www.itap.it,itap-spa
IT - AT GmbH,DEU,Germany,Frankfurt am Main,info@it-at.de,www.it-at.de,it---at-gmbh
IVAR SpA,ITA,Italy,Prevalle,info@ivar-group.com,www.ivar-group.com,ivar-spa
IV Produkt AB,SWE,Sweden,Växjö,info@ivprodukt.se,www.ivprodukt.com,iv-produkt-ab
IVR SpA,ITA,Italy,Boca,sales@ivrvalvole.it,www.ivrvalvole.it,ivr-spa
"IWSH: The International Water, Sanitation and Hygiene Foundation",USA,United States,Ontario California,info@iwsh.org,www.iwsh.org,iwsh-foundation-the-international-water-sanitation-and-hygiene-foundation
IZBA Gospodarcza Urzadzen Oze,POL,Poland,Czeladz,a.jurkowska@iguoze.pl,iguoze.pl,izba-gospodarcza-urzadzen-oze
Jaga Climate Designers for Net Zero,BEL,Belgium,Diepenbeek,info@jaga.be,www.jaga.com,jaga-deutschland-gmbh
"Hong Kong Jamie Sanitary Ware Industrial Co., Limited",HKG,Hong Kong,Wanchai,jamieinfo@163.com,http://www.wanyue-faucet.com,hong-kong-jamie-sanitary-ware-industrial-co-limited
JAQUAR,IND,India,Gurugram,manish.t@jaquar.com,www.jaquar.com,jaquar--company-private-ltd
"JA-Soft, Otten und Himler GbR",DEU,Germany,Meppen,info@ja-soft.com,www.ja-soft.com,ja-soft-otten-und-himler-gbr
JBG-2 Sp. z o.o.,POL,Poland,Warszowice,info@jbght.com,jbght.com,jbg-2-sp-z-o-o
"Jean Enterprise Co., Ltd.",TWN,Taiwan,Taipei,jeantw168@outlook.com,jeanware.weebly.com,jean-enterprise-co-ltd
"Zhejiang Jego Sanitaryware Co., Ltd",CHN,China,Taizhou Zhejiang,export@no-7.cc,www.no-7.cc,zhejiang-jego-sanitaryware-coltd
Jeremias Abgastechnik GmbH,DEU,Germany,Wassertrüdingen,info@jeremias.de,www.jeremias.de,jeremias-abgastechnik-gmbh
"Jiangsu Jetson Water Heating &amp; Plumbing Co., Ltd",CHN,China,Yancheng Jiangsu,,,jiangsu-jetson-water-heating--plumbing-co-ltd
"J.H. General Trading Co., Limited",HKG,Hong Kong,Kowloon,harriet@nbcomfort.com,www.nbcomfort.com,jh-general-trading-co-limited
"Zhejiang Jiadele Technology Co., Ltd.",CHN,China,Haining Zhejiang,webmaster@sh-jiadele.com,www.jdlheatpump.com,zhejiang-jiadele-technology-co-ltd
Taizhou Jiadi Pump Industry Co. Ltd.,CHN,China,Wenling Zhejiang,jiadi@jiadi.com,www.jiadi.com,taizhou-jiadi-pump-industry-co-ltd
"Wuhu Jiahong New Material Co., Ltd",CHN,China,Wuhu Anhui,info@ahjiahong.com,www.ahjiahong.com,wuhu-jiahong-new-material-coltd
Yuhuan Jianglin Plumbing Hose &amp; Parts Inc.,CHN,China,Taizhou Zhejiang,coo@cnjianglin.com,www.chinajianglin.com,yuhuan-jianglin-plumbing-hose--parts-inc
"Taizhou Jida Sanitary Ware Co., Ltd.",CHN,China,Taizhou Zhejiang,dzrfaucet2003@fushidu.com.cn,www.cnjedda.com,taizhou-jida-sanitary-ware-co-ltd
Yuyao Jiefeng Fan and Air Conditioning Co. Ltd.,CHN,China,Yuyao Zhejiang,sales@jffan.com,www.jfiflow.com,yuyao-jiefeng-fan-and-air-conditioning-co-ltd
Jindoli SAS,FRA,France,L'Horme,nicolas.magnouloux@jindoli.fr,www.jindoli.fr,jindoli-sas
"Shenzhen Jinghua Displays Electronics Co., Ltd.",CHN,China,Shenzhen Guangdong,info@china-lcd.com,www.china-lcd.com,shenzhen-jinghua-displays-electronics-co-ltd
"Jinhua Wanrong Sanitary Ware Co., Ltd.",CHN,China,Jinhua Zhejiang,yongle@zjyongle.com,www.wrsanitaryware.com,jinhua-wanrong-sanitary-ware-co-ltd
"NINGBO JINTIAN COPPER TUBE CO., LTD.",CHN,China,Ningbo Zhejiang,will@jtgroup.com.cn,www.jtgroup.com.cn,ningbo-jintian-copper-tube-co-ltd
Jinyun Shengda Industry Co. Ltd.,CHN,China,Lishui Zhejiang,sales@zjsdsy.com,www.sdenradiator.com,jinyun-shengda-industry-co-ltd
"Tianjin Jiuding Yangguang Hvac Co., Ltd.",CHN,China,Tianjin Tianjin Shi,524252248@qq.com,www.jdradiator.com,tianjin-jiuding-yangguang-hvac-co-ltd
Johnson Controls Systems &amp; Service GmbH,DEU,Germany,Essen,jciproductseurope@jci.com,www.johnsoncontrols.com,johnson-controls-systems--service-gmbh
Joiner&acute;s Bench GmbH,DEU,Germany,Remscheid,info@joiners-bench.de,www.joiners-bench.de,joiners-bench-gmbh
Jola Spezialschalter GmbH &amp; Co. KG,DEU,Germany,Lambrecht,kontakt@jola-info.de,www.jola-info.de,jola-spezialschalter-gmbh--co-kg
Jorgensen Appliance A/S,DNK,Denmark,Roskilde,info@joap.dk,www.joap.dk,jorgensen-appliance-as
Joule Group Limited,IRL,Ireland,"Ballycoolin, Dublin 11",,,joule-group-limited
JUDO Wasseraufbereitung GmbH,DEU,Germany,Winnenden,info@judo.eu,www.judo.eu,judo-wasseraufbereitung-gmbh
J&uuml;rgen Schl&ouml;sser Armaturen GmbH,DEU,Germany,Wenden,info@juergen-schloesser-armaturen.de,www.juergen-schloesser-armaturen.de,juergen-schloesser-armaturen-gmbh
Zhejiang Jufan Copper Industry Co. Ltd.,CHN,China,Taizhou Zhejiang,sales@jufanvalve.com,www.jufancopper.com,zhejiang-jufan-copper-industry-co-ltd
"Taizhou Juli Tools Co., Ltd",CHN,China,Taizhou Zhejiang,sales@juli-tools.com,www.zuppertools.com,taizhou-juli-tools-coltd
Jumag Dampferzeuger GmbH,DEU,Germany,Hirschberg an der Bergstraße,info@jumag.de,www.jumag.de,jumag-dampferzeuger-gmbh
JUMO GmbH &amp; Co. KG,DEU,Germany,Fulda,mail@jumo.net,www.jumo.de,jumo-gmbh--co-kg
Jungheizer,DEU,Germany,Landau in der Pfalz,info@jungheizer.de,https://www.jungheizer.de,jungheizer-nico-ullmer
Kaiping Hansen Sanitary Ware Co. Ltd.,CHN,China,Kaiping City Guangdong,info@hassem.cn,www.hassem.cn,kaiping-hansen-sanitary-ware-co-ltd
"Kaiping Huihang Hardware Products Co., Ltd.",CHN,China,Jiangmen Guangdong,june@hui-hang.com.cn,www.hui-hang.com.cn,kaiping-huihang-hardware-products-co-ltd
Kaiping Landon Plumbing Co. Ltd.,CHN,China,Kaiping City Guangdong,,www.landonbath.com,kaiping-landon-plumbing-co-ltd
Franz Kaldewei GmbH &amp; Co. KG,DEU,Germany,Ahlen,info@kaldewei.de,www.kaldewei.de,franz-kaldewei-gmbh--co-kg
Kale Musluk San. ve Tic. A.S.,TUR,Türkiye,Kocaeli,sales@kalepres.com,www.kalepres.com,kale-musluk-san-ve-tic-as
Kalori Isi Sistemleri Dogalgaz Yapi Malz Ins. San. ve Tic. Ltd. Sti.,TUR,Türkiye,"Kucukkoy, Gaziosmanpasa, Istanbul",hakan@angoraradyator.com,www.angoraradyator.com,kalori-isi-sistemleri-dogalgaz-yapi-malz-ins-san-ve-tic-ltd-sti
Kalzip GmbH,DEU,Germany,Koblenz,,www.kalzip.com,kalzip-gmbh
KAME UAB,LTU,Lithuania,"Biruliskiu k., Kauno raj.",info@kame.lt,www.kame.lt,kame-uab
Kampmann GmbH &amp; Co. KG,DEU,Germany,Lingen (Ems),info@kampmann.de,www.kampmann.de,kampmann-gmbh--co-kg
Zhejiang Kangyi Sanitary Ware Co. Ltd.,CHN,China,Yuhuan Zhejiang,tony@chinaconne.com,www.mixer-faucets.com,zhejiang-kangyi-sanitary-ware-co-ltd
Yuhuan Kangyu Copper Co. Ltd.,CHN,China,Taizhou Zhejiang,kent@ky-strainer.com,www.ky-strainer.com,yuhuan-kangyu-copper-co-ltd
Hongkong Kardier Sanitary Ware Industry Company Limited,HKG,Hong Kong,Central,kardier-sales01@kardier.cn,http://www.kardier.cn,hongkong-kardier-sanitary-ware-industry-company-limited
KARPOL Sp. z o.o.,POL,Poland,Pila,sekretariat@karpol.com.pl,www.karpol.com.pl,karpol-sp-z-oo
Karsac Havalandirma Ve Ekipmanlari San. Tic. A.S.,TUR,Türkiye,Kocaeli,,www.karsac.com.tr,karsac-havalandirma-ve-ekipmanlari-san-tic-as
Kartell UK LTD,GBR,Great Britain and Northern Ireland,Bedford,catherine@kartelluk.com,,kartell-uk-ltd
Karyer Isi Transfer San. ve Tic. A.S.,TUR,Türkiye,Istanbul,manueltogac@karyergroup.com,www.karyergroup.com,karyer-isi-transfer-san-ve-tic-as
"KASTT, spol. s r.o.",CZE,Czech Republic,Hradec Kralove 3,marketing@kastt.cz,www.kastt.cz,kastt-spol-s-ro
Kaya Metal Sanayi ve Dis Ticaret Limited Sirketi,TUR,Türkiye,Istanbul,ramazan@kayafittings.com,www.kayafittings.com,kaya-metal-sanayi-ve-dis-ticaret-limited-sirketi
KAYITES Muhendislik Ltd. Sti.,TUR,Türkiye,Konya,info@kayites.com,www.kayites.com,kayites-muhendislik-ltd-sti
KE KELIT GmbH,AUT,Austria,Linz,office@kekelit.com,www.kekelit.com,ke-kelit-gmbh
Gebr. Kemper GmbH + Co. KG,DEU,Germany,Olpe,info@kemper-group.com,www.kemper-group.com,gebr-kemper-gmbh--co-kg
"ZheJiang Kemp Sanitary Ware Co., Ltd.",CHN,China,"Cixi, Ningbo Zhejiang",snj@kemp.com.cn,www.kemp.com.cn,zhejiang-kemp-sanitary-ware-co-ltd
Kennemer Schagen Industries B.V.,NLD,Netherlands,Schagen,sales@airspiralo.com,https://www.airspiralo.com/en,kennemer-schagen-industries-bv
K-ENSOL Germany GmbH,DEU,Germany,Frankfurt,yl.kang@k-ensol.com,,k-ensol-germany-gmbh
Kermi GmbH Raumklima,DEU,Germany,Plattling,,www.kermi.com,kermi-gmbh-raumklima
Kerrock Deutschland GmbH,DEU,Germany,Langgöns,tina.ogorevc@kolpa.si,www.kerrock.si,kerrock-deutschland-gmbh
Kesanit&auml;r GmbH,DEU,Germany,Krefeld,,,kesanitaer-gmbh
Kesaria Rubber Industries Pvt. Ltd.,IND,India,Gurgaon,info@kesaria.com,www.kesaria.com,kesaria-rubber-industries-pvt-ltd
KESSEL SE + Co. KG,DEU,Germany,Lenting,info@kessel.de,www.kessel.de,kessel-se--co-kg
Keytex Manufactory Limited,HKG,Hong Kong,Quarry Bay,samcheung@keytex-wimming.com,www.keytex-wimming.com,keytex-manufactory-limited
K-FLEX POLSKA Sp. z o.o.,POL,Poland,Gdynia,IK-Germany@kflex.com,www.kflex.com,k-flex-polska-sp-z-oo
KHT GROUP Sp. z o.o.,POL,Poland,Kietrz,,www.kht-group.com,kht-group-spz-oo
KIA Deutschland GmbH,DEU,Germany,Frankfurt am Main,info@kia.de,www.kia.de,kia-motors-deutschland-gmbh
Kieback &amp; Peter GmbH &amp; Co. KG,DEU,Germany,Berlin,info@kieback-peter.de,www.kieback-peter.de,kieback--peter-gmbh--co-kg
Kiefer Klimatechnik GmbH,DEU,Germany,Stuttgart,info@kieferklima.de,www.kieferklima.de,kiefer-klimatechnik-gmbh
"King I Electronics Co., Ltd.",TWN,Taiwan,New Taipei City,sales@ki-iot.com.tw,www.ki-iot.com.tw,king-i-electronics-co-ltd
Taizhou Kingmark Brassware Co. Ltd.,CHN,China,Taizhou Zhejiang,post@kingmark.com,www.kingmark.com,taizhou-kingmark-brassware-co-ltd
"Zhejiang Kingwe Electrical Co., Ltd.",CHN,China,Jinhua Zhejiang,kingwe@ikingwe.com,www.ikingwe.com,zhejiang-kingwe-electrical-co-ltd
Kiona,DEU,Germany,Berlin,,www.kiona.com,kiona-gmbh
Kiwa Group,NLD,Netherlands,Rijswijk ZH,info@kiwa.com,www.kiwa.com,kiwa-nederland-bv
KK-POL,POL,Poland,"Wiązowna, Majdan",handel@kkpol.com,https://kkpol.com,kk-pol-splka-z-ograniczona-odpowiedzialnoscia-spk
Klavuz Metal Makina Insaat Sanayi Ticaret Limited Sirketi,TUR,Türkiye,Istanbul (Anatolia),fatih@klavuzmetal.com,www.klavuzmetal.com,klavuz-metal-makina-insaat-sanayi-ticaret-limited-sirketi
Klima Elektro d.o.o.,SVN,Slovenia,Ljubljana,,,klima-elektro-doo
Klimaoprema d.o.o.,HRV,Croatia,Samobor,info@klimaoprema.com,www.klimaoprema.com,klimaoprema-doo
Klingenburg GmbH,DEU,Germany,Gladbeck,info@klingenburg.de,www.klingenburg.de,klingenburg-gmbh
Klinger Turkey Esnek Baglanti Elemanlari San. ve Tic. A.S.,TUR,Türkiye,Tuzla /Istanbul,ozturk.elif@klingerturkey.com,https://klingerturkey.com,klinger-turkey-esnek-baglanti-elemanlari-san-ve-tic-as
Taizhou Kloe Dafeng Plumbing Co. Ltd.,CHN,China,Yuhuan Zhejiang,tony@kinglongoe.com,www.kinglongoe.com,taizhou-kloe-dafeng-plumbing-co-ltd
KLUDI GmbH &amp; Co. KG,DEU,Germany,Menden (Sauerland),info.de@kludi.com,www.kludi.com,kludi-gmbh--co-kg
KNIPEX-Werk C. Gustav Putsch KG,DEU,Germany,Wuppertal,info@knipex.de,www.knipex.com,knipex-werk-c-gustav-putsch-kg
KNX Deutschland e.V.,DEU,Germany,Frankfurt am Main,info@knx.de,www.knx.de,knx-deutschland-ev
Kodsan Isi Teknolojileri San. ve Tic. A.S.,TUR,Türkiye,Sincan/Ankara,export@kodsan.com.tr,www.kodsan.com.tr,kodsan-isi-teknolojileri-san-ve-tic-as
Rudolf Koller GmbH,AUT,Austria,Vitis,office.vitis.at@rkoller.com,www.rkoller.com,rudolf-koller-gmbh
Koller Pool,CZE,Czech Republic,Prague 10,sales@kollerpool.eu,https://kollerpool.com/,kollerpool
"Kolpa, d.o.o. Metlika",SVN,Slovenia,Metlika,info@kolpa.si,www.kolpa.si,kolpa-doo
Komfovent GmbH,DEU,Germany,Velbert,info@komfovent.de,www.komfovent.de,komfovent-gmbh
Komfovent UAB,LTU,Lithuania,Vilnius,export@komfovent.com,www.komfovent.com,komfovent-uab
Komtherm GmbH,DEU,Germany,Detmold,vertrieb@komtherm.de,www.komtherm.de,komtherm-gmbh
Kontrolyum Otomasyon Sistemleri Sanayi Ticaret Limited Sirketi,TUR,Türkiye,Istanbul (Anatolia),info@kontrolyum.com,www.kontrolyum.com,kontrolyum-otomasyon-sistemleri-sanayi-ticaret-limited-sirketi
KONVEKA UAB,LTU,Lithuania,Kaunas,donatas@konveka.lt,www.konveka.com,konveka-uab
Konvey&ouml;r Beyaz Esya Otomotiv Sanayi Ticaret A.S.,TUR,Türkiye,Istanbul,ersin.keskin@konveyor.com,www.konveyor.com,konveyoer-beyaz-esya-otomotiv-sanayi-ticaret-as
Kosich GmbH,DEU,Germany,Mainburg,cniemetz@kosich-gmbh.de,www.kosich.de,kosich-gmbh
Kospel Sp. z o.o.,POL,Poland,Koszalin,m.sledz@kospel.pl,https://kospelglobal.com/,kospel-sp-z-oo
Kotar Sp. z o.o.,POL,Poland,Wolow,kotar@kotar.pl,www.kotar.pl,kotar-sp-z-oo
Kotrbaty V.M.Z. spol. s r.o.,CZE,Czech Republic,Pelhrimov,kotrbaty@kotrbaty.cz,www.kotrbaty.cz,kotrbaty-vmz-spol-s-ro
KOYNE-SYSTEM-ELEKTRONIK Inh. Marco Koyne,DEU,Germany,Berlin,,,koyne-system-elektronik-inh-marco-koyne
Kozanlar Isi Teknolojileri Ve Cozumleri Sanayi Ve Ticaret Anonim Sirketi,TUR,Türkiye,Sandikli / Afyon,mehmet.undar@kozanlaras.com.tr,www.kozanlar.com,kozanlar-isi-teknolojileri-ve-cozumleri-sanayi-ve-ticaret-anonim-sirketi
Krammer Redaktions Service GmbH,DEU,Germany,Düsseldorf,n.klein@krs-redaktion.de,https://www.shk-tv.de/,krammer-redaktions-service-gmbh
KRASO GmbH &amp; Co. KG,DEU,Germany,Rhede,info@kraso.de,www.kraso.de,kraso-gmbh--co-kg
KRING GmbH,DEU,Germany,Haiger,info@kring-waerme.de,www.kring-waerme.de,kring-gmbh
KRN Heat Exchanger And Refrigeration Limited,IND,India,"Neemrana, Alwar District",santoshyadav@krnheatexchanger.com,www.krnheatexchanger.com,krn-heat-exchanger-and-refrigeration-limited
Kronimus GmbH,DEU,Germany,Sinzheim,info@kronimus.com,www.kronimus.com,kronimus-gmbh
KRONOTERM d.o.o.,SVN,Slovenia,Gomilsko,info@kronoterm.com,kronoterm.com,kronoterm-doo
KSB SE &amp; Co. KGaA,DEU,Germany,Frankenthal (Pfalz),info@ksb.com,www.ksb.com,ksb-se--co-kgaa
Kuching International Ltd.,TWN,Taiwan,Taichung City,jason@mail.kcg-valve.com.tw,www.kcg-valve.com.tw,kuching-international-ltd
Kuchinox Sp. z o.o.,POL,Poland,Lodz,asiaw@kuchinox.pl,www.kuchinox.pl,kuchinox-sp-z-oo
Kudox Isi Urunleri Makina Sanayi Ve Ticaret Anonim Sirketi,TUR,Türkiye,Manisa,inciser.pekmezci@kudox.com.tr,www.kudox.com,kudox-isi-urunleri-makina-sanayi-ve-ticaret-anonim-sirketi
K&Uuml;BLER GmbH Energiesparende Hallenheizungen,DEU,Germany,Ludwigshafen am Rhein,kontakt@kuebler-hallenheizungen.de,www.kuebler-hallenheizungen.de,kuebler-gmbh-energiesparende-hallenheizungen
KUNe GmbH,AUT,Austria,Freistadt,service@kune-online.com,www.kune-online.com,kune-gmbh
Kuzu Flex Metal San. Ve Tic. A.S.,TUR,Türkiye,Gemlik/Bursa,kuzu@kuzuflex.com,www.kuzuflex.com,kuzu-flex-metal-san-ve-tic-as
KWC Aquarotter GmbH,DEU,Germany,Ludwigsfelde,kwc-info.de@kwc.com,www.kwc-professional.com,kwc-aquarotter-gmbh
KWC Group AG,CHE,Switzerland,Unterkulm,info@kwc.com,https://kwc.com/,kwc-group-ag
Label Software Gerald Bax GmbH,DEU,Germany,Bielefeld,info@label-software.de,www.label-software.de,label-software-gerald-bax-gmbh
Lab (Xiamen) Sanitary Fittings Inc.,CHN,China,Fujian,charls@lab-sanitary.com,www.lab-sanitary.com,lab-xiamen-sanitary-fittings-inc
"La Farga yourcoppersolutions, S.A.",ESP,Spain,Les Masies de Voltregà,lafarga@lafarga.es,www.lafarga.es,la-farga-yourcoppersolutions-sa
Lafat Komerc d.o.o.,BIH,Bosnia and Herzegovina,Kalesija,prodaja@lafat-komerc.com,www.lafat-komerc.com,lafat-komerc-doo
Lafert Group,ITA,Italy,San Dona' Di Piave (VE),info.lafert@shi-g.com,www.lafert.com,lafert-spa
Hugo Lahme GmbH,DEU,Germany,Ennepetal,info@lahme.de,www.lahme.de,hugo-lahme-gmbh
LAMBDA W&auml;rmepumpen GmbH,AUT,Austria,Kirchbichl,office@lambda-wp.at,https://lambda-wp.at/,lambda-waermepumpen-gmbh
LAMTEC Me&szlig;- und Regeltechnik f&uuml;r Feuerungen GmbH &amp; Co. KG,DEU,Germany,Walldorf,info@lamtec.de,www.lamtec.de,lamtec-mess--und-regeltechnik-fuer-feuerungen-gmbh--co-kg
Lapesa Grupo Empresarial S.L.,ESP,Spain,Zaragoza,germany@lapesa.es,www.lapesa.es,lapesa-grupo-empresarial-sl
Laris Perfect Sp z o.o.,POL,Poland,Kraków,laris.biuro@gmail.com,www.laris-perfect.pl,laris-perfect-sp-z-oo
Laufen Bathrooms AG,CHE,Switzerland,Laufen,feedback@laufen.ch,www.laufen.com,laufen-bathrooms-ag
Lavair AG Klimatechnik,DEU,Germany,Aach,,,lavair-ag-klimatechnik
LAV.EL GOMMA S.r.l.,ITA,Italy,Cologne,info@lavelgomma.it,www.lavelgomma.it,lavel-gomma-srl
Lavinia Boho Poland Sp. z o.o.,POL,Poland,Bialystok,anna.liu7680@gmail.com,,lavinia-boho-poland-sp-z-oo
Lazzarini Srl,ITA,Italy,Conegliano,info@lazzariniradiatori.it,www.lazzariniradiatori.it,lazzarini-srl
L.B. Plast srl,ITA,Italy,Tribano,info@lbplast.com,www.lbplast.com,lb-plast-srl
LeafTech GmbH,DEU,Germany,Berlin,contact@leaftech.eu,,leaftech-gmbh
Ledteknik i Boras AB,SWE,Sweden,Fristad,eb@ledeverbright.com,www.ledteknik.se,ledteknik-i-boras-ab
"Zhejiang Lefoo Controls Co., Ltd.",CHN,China,Yueqing City Zhejiang,info@lefoo.com,www.lefoo.com,zhejiang-lefoo-controls-co-ltd
"Leo Group Pump (Zhejiang) Co., Ltd.",CHN,China,"Wenling, Taizhou Zhejiang",jessy@leopump.com,www.leopump.com,leo-group-pump-zhejiang-co-ltd
Les Robinets Presto S.A.,FRA,France,Montrouge,t.vivier@presto.fr,www.presto-group.com,les-robinets-presto-sa
Leszczynska Fabryka Pomp Sp. z o.o.,POL,Poland,Leszno,dominik.kempski@lfp.com.pl,www.lfp.com.pl,leszczynska-fabryka-pomp-sp-z-oo
LETINA VEM d.o.o.,HRV,Croatia,Cakovec,zlatko.segovic@letina.com,https://www.letina-vem.com,letina-vem-doo
Levitronix GmbH,CHE,Switzerland,Zürich,saleseurope@levitronix.com,www.levitronix.com,levitronix-gmbh
Leyco Wassertechnik GmbH,DEU,Germany,Föritztal,info@leyco.de,www.leyco.de,leyco-wassertechnik-gmbh
LEAD&#39;AIR Jacques Leys,BEL,Belgium,Pepinster,severinethienpont@gmail.com,www.leadair.com,leadair-jacques-leys
LG Electronics Deutschland GmbH,DEU,Germany,Eschborn,martin.thielmann@lge.com,,lg-electronics-deutschland-gmbh
Lian Qiao Industry (H.K.) Limited,HKG,Hong Kong,Wanchai,liczmzx@lianqiao.net,www.lianqiao.net/en/,lian-qiao-industry-hk-limited
lichtvoll GmbH,DEU,Germany,Wuppertal,,,lichtvoll-gmbh
LIMODOR L&uuml;ftungstechnik GmbH &amp; Co. KG,AUT,Austria,Leonding,office@limodor.com,www.limodor.com,limodor-lueftungstechnik-gmbh--co-kg
Lindner Armaturen GmbH,DEU,Germany,Chemnitz,info@lindner-armaturen.de,www.lindner-armaturen.de,lindner-armaturen-gmbh
LINEAR Gesellschaft f&uuml;r konstruktives Design mbH,DEU,Germany,Aachen,info@linear.eu,www.linear.eu,linear-gesellschaft-fuer-konstruktives-design-mbh
Link3 GmbH,AUT,Austria,Puch bei Hallein,office@link3.at,www.link3.at,link3-gmbh
"Linkedgo Technology Co., Ltd.",CHN,China,Guangzhou Guangdong,info@linked-go.com,www.linkedgo-e.com,linkedgo-technology-co-ltd
"Linuo Ritter International Co., Ltd.",CHN,China,Jinan Shandong,info@linuo-ritter.com,https://www.linuo-ritter.com/,linuo-ritter-international-co-ltd
"Linyao Industrial Co., Ltd.",TWN,Taiwan,New Taipei City,linyao.kelvin@gmail.com,www.weisam.weebly.com,linyao-industrial-co-ltd
"Ningbo Lionball Ventilator Co., Ltd.",CHN,China,Ningbo Zhejiang,sales25@lionball.cn,www.lionball.cn,ningbo-lionball-ventilator-co-ltd
LIPOVICA d.o.o.,HRV,Croatia,Donja Vlahinicka,andreja.djak@lipovica.hr,www.lipovica.hr,lipovica-doo
"KAIPING LIPU SANITARY WARE CO., LTD.",CHN,China,Kaiping Guangdong,lavie@ebt.cn,www.ebt-pro.com,kaiping-lipu-sanitary-waer-coltd
Lira S.p.A.,ITA,Italy,Valduggia (Vercelli),info@lira.com,www.lira.com,lira-spa
"Livarna Titan, d.o.o.",SVN,Slovenia,Kamnik,info@livarna-titan.eu,www.livarna-titan.eu,livarna-titan-doo
LK Armatur AB,SWE,Sweden,Helsingborg,info@lkarmatur.se,www.lkarmatur.com,lk-armatur-ab
LK Pex AB,SWE,Sweden,Ulricehamn,info@lkpex.se,www.lkpex.com,lk-pex-ab
LK Systems AB,SWE,Sweden,Malmö,info@lksystems.se,www.lksystems.se/en,lk-systems-ab
LMP-Umweltprojekte GmbH,DEU,Germany,Hamburg,info@heizungsblut.de,www.lmp-umweltprojekte.de,lmp-umweltprojekte-gmbh
"Loire Hardware Co., Ltd.",HKG,Hong Kong,Sheung Wan,loire@loire-hardware.com,www.loirehardware.com,loire-hardware-co-ltd
LOJIMAX DESIGN RADIATORS,TUR,Türkiye,Izmir,marketing@lojimax.com.tr,www.lojimax.com.tr,lojimaks-radyator-isitma-sogutma-sistemleri-san-tic-as
Long Tai Copper Corporation,TWN,Taiwan,Changhua,faucet@luckytop.com.tw,www.luckytop.com.tw,long-tai-copper-corporation
Lopigom S.p.A.,ITA,Italy,Credaro,info@lopigom.com,www.lopigom.com,lopigom-spa
Loval Oy,FIN,Finland,Loviisa,loval@loval.fi,www.loval.com,loval-oy
Lovato S.p.a.,ITA,Italy,Gazzolo D'Arcole,info@lovatospa.com,www.lovatospa.com,lovato-spa
"GUANGDONG LOVEX SANITARY WARE CO., LTD.",COL,Colombia,Chaozhou,sales@cn-lovex.com,www.cn-lovex.com,asia-supply-and-logistics-sas
Loxeal S.r.l.,ITA,Italy,Cesano Maderno,info@loxeal.com,www.loxeal.com,loxeal-srl
LOY TEC electronics GmbH,AUT,Austria,Vienna,sales@loytec.com,www.loytec.com,loy-tec-electronics-gmbh
LS Control A/S,DNK,Denmark,Herlufmagle,lsc@lscontrol.dk,www.lscontrol.dk,ls-control-as
Luccio GmbH,DEU,Germany,Berlin,,www.luccio.pl/de/,luccio-gmbh
Lucht LHZ Elektroheizung GmbH &amp; Co. KG,DEU,Germany,Burgstädt,info@lucht-lhz.de,www.lucht-lhz.de,lucht-lhz-elektroheizung-gmbh--co-kg
Lucoma AG,CHE,Switzerland,Einigen,rolf.lehmann@lucoma.com,www.lucoma.ch,lucoma-ag
Luftuj s.r.o.,CZE,Czech Republic,Slatinany,,www.luftuj.cz,luftuj-sro
Lukasz Walo,POL,Poland,Luków,lukasz@vacuflo.pl,www.eposejdon.pl,lukasz-walo
Lumberg Connect GmbH,DEU,Germany,Schalksmühle,building-technology@lumberg.com,www.lumberg.com,lumberg-connect-gmbh
LumenRadio AB,SWE,Sweden,Göteborg,lilli.lundqvist@lumenradio.com,www.lumenradio.com,lumenradio-ab
LUNOS L&uuml;ftungstechnik GmbH &amp; Co. KG f&uuml;r Raumluftsysteme,DEU,Germany,Berlin,info@lunos.de,www.lunos.de,lunos-lueftungstechnik-gmbh--co-kg-fuer-raumluftsysteme
"Kaiping Lusha Sanitary Ware Co., Ltd.",CHN,China,Kaiping Guangdong,644821270@qq.com,https://lusafaucet.en.alibaba.com/,kaiping-lusha-sanitary-ware-co-ltd
Luxor S.p.A.,ITA,Italy,Carpenedolo,info@luxor.it,www.luxor.it,luxor-spa
LVI-P&ouml;rssi Oy,FIN,Finland,Kurikka,info@lvi-porssi.fi,www.lvi-porssi.fi,lvi-poerssi-oy
Lx Pumps North America Inc.,CAN,Canada,Richmond Hill,keylander@126.com,,lx-pumps-north-america-inc
"Guangdong Ly Burner Co., Ltd.",CHN,China,Zhongshan Guangdong,,,guangdong-ly-burner-co-ltd
Lynatox GmbH,DEU,Germany,Luisenthal,maurice.heinemann@lynatox.de,www.lynatox.de,lynatox-gmbh
Lytran Technology (Hong Kong) Company Limited,HKG,Hong Kong,Wanchai,sales@lytran.cc,www.lytran.cc,lytran-technology-hong-kong-company-limited
m2m Germany GmbH,DEU,Germany,Wehrheim,info@m2mgermany.de,www.m2mgermany.de,m2m-germany-gmbh
Maczka Group Sp. K.,POL,Poland,Pustków,magda.fitol@maczkagroup.pl,,maczka-group-sp-k
MADAS S.r.l.,ITA,Italy,Legnago,info@madas.it,www.madas.it,madas-srl
MagiCAD Group GmbH,DEU,Germany,Köln,alexander.schneider@magicad.de,www.magicad.com,magicad-group-gmbh
Magna Glaskeramik GmbH,DEU,Germany,Teutschenthal,info@magna-glaskeramik.com,www.magna-glaskeramik.de,magna-glaskeramik-gmbh
magnetic GmbH &amp; Co. KG,DEU,Germany,Untermünkheim,info@magnetic-online.de,www.magnetic-online.de,magnetic-gmbh--co-kg
Magnum Germany GmbH,DEU,Germany,Dattenberg,,www.magnumheizung.de,magnum-germany-gmbh
Magnum Heating B.V.,NLD,Netherlands,Tholen,info@magnumheating.com,www.magnumheating.com,magnum-heating-bv
Magnum Heating Group B.V.,NLD,Netherlands,Tholen,info@magnumheatinggroup.com,www.magnumheatinggroup.com,magnum-heating-group-bv
Magontec GmbH,DEU,Germany,Bottrop,europe@magontec.com,www.magontec.com,magontec-gmbh
Maico Elektroapparate-Fabrik GmbH,DEU,Germany,Villingen-Schwenningen,info@maico.de,www.maico-ventilatoren.com,maico-elektroapparate-fabrik-gmbh
MAICO Italia S.p.A.,ITA,Italy,Lonato,info@maico-italia.it,www.maico-italia.it,maico-italia-spa
"Griferias Maier, S.L.",ESP,Spain,Pallejà,info@griferiasmaier.com,www.griferiasmaier.com,griferias-maier-sl
Maincor Rohrsysteme GmbH &amp; Co. KG,DEU,Germany,Schweinfurt,info@maincor.de,www.maincor.de,maincor-rohrsysteme-gmbh--co-kg
Main Plan (Ningbo) Bathroom Collections Ltd.,CHN,China,Ningbo Zhejiang,elise@mplnb.com,www.mainplan.com.hk,main-planningbo-bathroom-collections-ltd
Mainteny GmbH,DEU,Germany,Berlin,info@mainteny.com,www.mainteny.de,mainteny-gmbh
MAITEC Armaturen GmbH,DEU,Germany,Woringen,,www.maitec.com,maitec-armaturen-gmbh
Makro Teknik Endustri Urunleri Ve Makine Imalat San. Tic. A.S.,TUR,Türkiye,"Ümraniye, Istanbul",info@makroteknik.com.tr,www.makroteknik.com.tr,makro-teknik-endustri-urunleri-ve-makine-imalat-san-tic-as
Maksu Boru Baglanti Parcalari Imalat San. Tic. Ltd. Sti.,TUR,Türkiye,"Tuzla, Istanbul",omer@mak-su.com,,maksu-boru-baglanti-parcalari-imalat-san-tic-ltd-sti
Maktek Kazan Radyator Klima San. ve Tic. A.S.,TUR,Türkiye,"Ege, Cigli",info@maktek.com.tr,www.maktek.com.tr,maktek-kazan-radyator-klima-san-ve-tic-as
malotech GmbH,DEU,Germany,Beelen,,www.malotech.de,malotech-gmbh
Mandik GmbH,DEU,Germany,Weiden i.d.OPf.,info@mandik.com,www.mandik.com,mandik-gmbh
Manillons Torrent S.L.,ESP,Spain,Torrent,manillons1@manillons.com,www.manillons.com,manillons-torrent-sl
Manissa Ltd.,GBR,Great Britain and Northern Ireland,Newcastle upon Tyne,martin.savage@manissa.co.uk,www.manissa.co.uk,manissa-ltd
Manometal GmbH,ITA,Italy,Neumarkt,manometal@manometal.com,www.manometal.com,manometal-gmbh
"Manometria e Instrumentacion, S.L. (MEI)",ESP,Spain,Gelida - Barcelona,comercial@mei.es,www.mei.es,manometria-e-instrumentacion-sl-mei
Manta Ecologica S.r.l.,ITA,Italy,Zevio,tradefairs@mantaecologica.com,www.mantaecologica.com/en,manta-ecologica-srl
Manuel BV,NLD,Netherlands,Winterswijk,,www.manuel.chat,vof-metis-digital
Manufacturing Enterprise Radiator LLC,UKR,Ukraine,Kyiv,,https://mario-radiators.com/,manufacturing-enterprise-radiator-llc
Maplef Valves and Fittings Ltd.,CAN,Canada,Vancouver,sales@maplefvalves.ca,https://maplefvalves.ca/,maplef-valves-and-fittings-ltd
Marangon Danilo &amp; C. S.r.l.,ITA,Italy,Montecchio Maggiore,info@marangondanilo.it,www.marangondanilo.it,marangon-danilo--c-srl
Marathon Heater (India) Pvt. Ltd.,IND,India,"Udaipur, Rajasthan",,,marathon-heater-india-pvt-ltd
Mareli Systems LTD,BGR,Bulgaria,Simitli,info@mareli-systems.com,https://mareli-systems.com/index.html,mareli-systems-ltd
Mariner Rubinetterie S.r.l.,ITA,Italy,Gravellona Toce,r.zennaro@mariner.it,www.mariner.it,mariner-rubinetterie-srl
Mark Climate Technology,NLD,Netherlands,Veendam,info@markclimate.com,www.markclimate.com,mark-bv
Marmite Sp. z o.o.,POL,Poland,Dopiewo,support@marmite.eu,www.marmite.eu,marmite-sp-z-oo
"Martigrap, S.L.",ESP,Spain,Gelida - Barcelona,sales@grupoheca.es,www.martigrap.com,martigrap-sl
MAS-DAF Makina San. A.S.,TUR,Türkiye,"Tuzla, Istanbul",,https://masdaf.com/,mas-daf-makina-san-as
Master Therm Heat Pumps,CZE,Czech Republic,Prag,k.guzek@mastertherm.cz,www.mastertherm.eu,master-therm-tepelna-cerpadla-sro
MA.TI.KA. S.r.l.,ITA,Italy,Milano,imatika@matikasrl.com,www.matikasrl.it,matika-srl
MATT &amp; MART Sp. z o.o.,POL,Poland,Zaniemysl,,,matt--mart-sp-z-oo
Maykke Inc.,USA,United States,Fremont California,mk@aemkgroup.com,www.maykke.com,maykke-inc
Mazzini S.r.l.,ITA,Italy,Milano,mazzinisrl2015@gmail.com,www.mazziniware.net,mazzini-srl
MB FIX S.r.l. SB,ITA,Italy,Bassano Del Grappa,marketing@mb-fix.it,www.mb-fix.com,mb-fix-srl-sb
MBS GmbH,DEU,Germany,Krefeld,info@mbs-solutions.de,www.mbs-solutions.de,mbs-gmbh
McAlpine and Company Ltd.,GBR,Great Britain and Northern Ireland,Glasgow,info@mcalpineplumbing.com,www.mcalpineplumbing.com,mcalpine-and-company-ltd
MCE-MOSTRA CONVEGNO EXPOCOMFORT - RX Italy Srl,ITA,Italy,Milano,sales.mce@rxglobal.com,www.mcexpocomfort.it,rx-italy-srl
MCLIMATE AD,BGR,Bulgaria,Sofia,sales@mclimate.eu,mclimate.eu,mclimate-ad
Rubinetterie MCM Intl S.r.l.,ITA,Italy,Borgomanero,info@mcmtaps.it,www.mcmtaps.it,rubinetterie-mcm-intl-srl
"MEBO (Yancheng) Bathroom Furniture Co., Ltd.",CHN,China,Funing Jiangsu,lisa@sh-mebo.com,www.sh-mebo.com,mebo-yancheng-bathroom-furniture-co--ltd
"Mecalia, Metalurgica Y Caldereria S.L.",ESP,Spain,A Guarda,mecalia@mecalia.com,www.mecalia.com,mecalia-metalurgica-y-caldereria-sl
MEC Electronics Entwicklung und Produktion GmbH,AUT,Austria,Wien,inquiry@mec.at,www.mec.at,mec-electronics-entwicklung-und-produktion-gmbh
Mecolpress S.p.A.,ITA,Italy,Flero,sales@mecolpress.com,www.mecolpress.com,mecolpress-spa
MEDENUS Gas-Druckregeltechnik GmbH,DEU,Germany,Olpe,,www.medenus.de,medenus-gas--druckregeltechnik-gmbh
Mediclinics S.A.,ESP,Spain,Barcelona,marketing@mediclinics.com,www.mediclinics.com,mediclinics-sa
MEFA Befestigungs- und Montagesysteme GmbH,DEU,Germany,Kupferzell,alina.kaas@mefa.de,www.mefa.de,mefa-befestigungs--und-montagesysteme-gmbh
Jiangmen Mega Casa Co. Ltd.,CHN,China,Jiangmen Guangdong,sales@inoxbath.com,www.inoxbath.com,jiangmen-mega-casa-co-ltd
Megatron S.R.L.,ITA,Italy,Caivano,megatronsalesdept@megatronsensors.com,www.megatronsensors.com,megatron-srl
Mega Yapi Urunleri San. ve Tic. Ltd. Sti.,TUR,Türkiye,Istanbul,yasincebeci@megayapi.com.tr,www.megayapi.com.tr,mega-yapi-urunleri-san-ve-tic-ltd-sti
Megius Spa,ITA,Italy,Mestrino,marketing@megius.com,www.megius.com,megius-spa
"Shenzhen Megmeet Electrical Co., Ltd.",CHN,China,Shenzhen Guangdong,sales@megmeet.com,https://en.megmeet.com/,shenzhen-megmeet-electrical-co-ltd
"Meijie Faucet Co., Limited",HKG,Hong Kong,"Tsim Sha Tsui, Kowloon",mjf26@meijiefaucet.com,www.meijiefaucet.com,meijie-faucet-co-limited
Meilun Sanitary Ware (Hongkong) Company Limited,HKG,Hong Kong,Kowloon,sales09@rainshower.cn,https://www.showerain.com/,meilun-sanitary-ware-hongkong-company-limited
Lokalleads GmbH Meister 1,DEU,Germany,Berlin,info@meister1.de,www.meister1.de,lokalleads-gmbh-meister-1
MEKU Metal Processing GmbH,DEU,Germany,Dauchingen,,,meku-metal-processing-gmbh
MELANSTAR Sp. z o.o.,POL,Poland,Warszawa,tomasz@cnhadi.com,,melanstar-sp-z-oo
MELSCHER GmbH,DEU,Germany,Berlin,fair@melscher.de,www.melscher.de,melscher-gmbh
Menerga GmbH,DEU,Germany,Mülheim an der Ruhr,info@menerga.com,www.menerga.com,menerga-gmbh
Menred GmbH,DEU,Germany,Weißwasser,julie.chen@menred.com,www.menred.de,menred-gmbh
Mensch und Maschine Deutschland GmbH,DEU,Germany,Wessling,info@mum.de,www.mum.de,mensch-und-maschine-deutschland-gmbh
MEPA Pauli &amp; Menden GmbH,DEU,Germany,Rheinbreitbach,info@mepa.de,www.mepa.de,mepa-pauli--menden-gmbh
Merabell Technologies s.r.o.,CZE,Czech Republic,Prague,info@merabell.com,,merabell-technologies-sro
MERLIN Technology GmbH,AUT,Austria,Tumeltsham,office@merlin-technology.com,www.merlin-technology.com,merlin-technology-gmbh
Mertinoks Yapi Malzemeleri Sanayi Ve Ticaret Anonim Sirketi,TUR,Türkiye,Istanbul,,www.mertinoks.com,mertinoks-yapi-malzemeleri-sanayi-ve-ticaret-anonim-sirketi
Mervan Otomotiv Mamulleri San. ve Tic. Ltd. Sti.,TUR,Türkiye,Bursa,mervan@mervanotomotiv.com,www.mervanotomotiv.com,mervan-otomotiv-mamulleri-san-ve-tic-ltd-sti
MESH Wise Buildings,LVA,Latvia,Riga,sales@mesh.lv,https://www.mesh.lv/en,mesh-energoparvaldiba-sia
Messana Italia Srls,ITA,Italy,Porcia,info@messanaitalia.com,https://www.messanaitalia.com/,messana-italia-srls
Metalgrup S.A.,ESP,Spain,Sant Feliu de Llobregat,export@metalgrup.es,www.metalgrup.eu,metalgrup-sa
Ningbo Metalique Home Supplies Co. Ltd.,CHN,China,Ningbo Zhejiang,jocelyn@metalique.cn,www.metalique.cn,ningbo-metalique-home-supplies-co-ltd
Metallurgica San Marco,ITA,Italy,Calcinato,sales@metallurgicasanmarco.it,www.metallurgicasanmarco.it,metallurgica-san-marco-spa
Metalpress S.p.A.,ITA,Italy,San Giovanni Lupatoto,info@metalpress.it,www.metalpress.it,metalpress-spa
"Metal Processing Technology, Mas Uliyati Cheklangan Jamiyati",UZB,Uzbekistan,Tashkent,azizkhon.icg@gmail.com,www.icg.uz,metal-processing-technology-mas-uliyati-cheklangan-jamiyati
METZ CONNECT GmbH,DEU,Germany,Blumberg,info@metz-connect.com,www.metz-connect.com,metz-connect-gmbh
MEZ-TECHNIK GmbH,DEU,Germany,Reutlingen,info@mez-technik.de,www.mez-technik.de,mez-technik-gmbh
M.F.B. Bonomi S.r.l.,ITA,Italy,Lumezzane,export@mfbbonomi.com,,mfb-bonomi-srl
mfh systems GmbH,DEU,Germany,Belm,mail@mfh-systems.com,www.mfh-systems.com,mfh-systems-gmbh
Oy M-Filter Ab,FIN,Finland,Haapavesi,sales@m-filter.fi,www.m-filter.fi,oy-m-filter-ab
MGG Ic Dis Ticaret Danismanlik Reklam Insaat Ve Yapi Gerecleri San. Tic. AS,TUR,Türkiye,Maltepe/Istanbul (Anatolia),export@wasseberg.com,,mgg-ic-dis-ticaret-danismanlik-reklam-insaat-ve-yapi-gerecleri-san-tic-as
MGT Filtre Sanayi ve Ticaret A.S.,TUR,Türkiye,Istanbul,export@mgt.com.tr,www.mgt.com.tr,mgt-filtre-sanayi-ve-ticaret-as
MHG Heiztechnik GmbH,DEU,Germany,Buchholz in der Nordheide,kontakt@mhg.de,www.mhg.de,mhg-heiztechnik-gmbh
MICAS AG,DEU,Germany,Oelsnitz,kontakt@micas.de,www.micas.de,micas-ag
Microtech Metal Industries,IND,India,Jamnagar,info@microtechmetal.com,www.microtechmetal.com,microtech-metal-industries---phase-3plot-no-4686-gidc-dared
MIDAM a.s.,CZE,Czech Republic,Hradec Králove,info@midam.cz,www.midam.cz,mikroklima-sro
Midea Europe GmbH,DEU,Germany,Eschborn,,,midea-europe-gmbh
Mittelstandsinitiative Energiewende und Klimaschutz (MIE),DEU,Germany,Berlin,mie@zdh.de,https://energieeffizienz-handwerk.de,mittelstandsinitiative-energiewende-und-klimaschutz-mie
Mietzsch GmbH - Lufttechnik Dresden,DEU,Germany,Dresden,mietzsch@mietzsch.de,www.mietzsch.de,mietzsch-gmbh---lufttechnik-dresden
"Mifab, Inc.",USA,United States,Chicago,mwhiteside@mifab.com,www.mifab.com,mifab-inc
Miklos Steel Srl,ROU,Romania,Tarnovita,info@miklossteel.ro,www.miklossteel.ro,miklos-steel-srl
MIKOTERM DOO,SRB,Serbia,Nis,office@mikoterm.com,https://mikoterm.com,mikoterm-doo
"Zhejiang Mingshi Xingxin HVAC Technology Co., Ltd.",CHN,China,Zhuji Zhejiang,manager@ms-piping.com,www.ms-piping.com,zhejiang-mingshi-xingxin-hvac-technology-co-ltd
Zhejiang Mingzhen Electric &amp; Electronic Co. Ltd.,CHN,China,Wenling Zhejiang,info1@cnsanmu.com,www.cnsanmu.com,zhejiang-mingzhen-electric--electronic-co-ltd
"MINIB, a.s.",CZE,Czech Republic,Praha 6,export@minib.cz,www.minib.cz,minib-as
"Wenzhou Mirrotic Industrial Co., ltd",CHN,China,Wenzhou Zhejiang,info@mirrotic.com,www.mirrotic.com,wenzhou-mirrotic-industrial-coltd
Mitsubishi Electric Europe B.V.,DEU,Germany,Ratingen,info@mitsubishi-les.com,https://www.mitsubishi-les.com/de-de/,mitsubishi-electric-europe-bv
MK Bad &amp; Pflegesysteme GmbH,DEU,Germany,Recklinghausen,info@mk-erlen.de,www.mk-erlen.de,mk-bad--pflegesysteme-gmbh
MKW Kunststofftechnik GmbH,AUT,Austria,Weibern,office@mkw.at,www.mkw.at,mkw-kunststofftechnik-gmbh
MLVI Merikarvian LVI-Tuote Oy,FIN,Finland,Merikarvia,info@mlvi.fi,,mlvi-merikarvian-lvi-tuote-oy
Mobilane GmbH,DEU,Germany,Heusenstamm,stein@mobilane.de,www.mobilane.de,mobilane-gmbh
Modern National Pty. Ltd.,AUS,Australia,Smeaton Grange,sophia@modernnational.com.au,https://www.modernnational.com.au/,modern-national-pty-ltd
Modus Plastik Metal A.S.,TUR,Türkiye,Kocaeli,info@modusgroup.com.tr,www.modusgroup.com.tr,modus-plastik-metal-as
M&ouml;hlenhoff GmbH,DEU,Germany,Salzgitter,kontakt@moehlenhoff.de,www.moehlenhoff.de,moehlenhoff-gmbh
Zhejiang Moershu Sanitary Equipment Co. Ltd.,CHN,China,Taizhou Zhejiang,zhou@moershu.com,www.moershu.com,zhejiang-moershu-sanitary-equipment-co-ltd
M.O.L. Gummiverarbeitung GmbH &amp; Co. KG,DEU,Germany,Vechta,daniel.sander@mol-elastomer.de,www.mol-elastomer.de,mol-gummiverarbeitung-gmbh--co-kg
Zhejiang Momali Sanitary Utensils Co. Ltd.,CHN,China,WenZhou Zhejiang,momali@momali.net,www.momali.com,zhejiang-momali-sanitary-utensils-co-ltd
Mondeo GmbH,DEU,Germany,Alzenau,mondeo-gmbh@gmx.net,www.mondeovalves.com,mondeo-gmbh
Mongardi Srl,ITA,Italy,Ferriera Di Buttigliera Alta,export@mongardi.com,www.mongardi.com,mongardi-srl
Moons&#39; Industries Europe Head Quarter s.r.l,ITA,Italy,Vimercate (MB),info@moonsindustries.eu,www.moonsindustries.eu,moons-industries-europe-head-quarter-srl
MOVAL S.r.l.,ITA,Italy,Calcinato,info@moval-srl.it,www.moval-srl.it,moval-srl
Movetex Planning Software,BEL,Belgium,Herzele,info@movetex.com,www.movetex.com,movetex-bv
MP3 S.r.l.,ITA,Italy,Valsamoggia,fagnelli@ilpa-mp3.com,www.mp3extrusion.com,mp3-srl
M.P.C SRL (SINED),ITA,Italy,Milano,info@sineditalia.com,https://www.sineditalia.com/,mpc-musso-personal-computer-srl
M.R.G. S.r.l.,ITA,Italy,Gozzano,info@mrgspa.com,www.mrgspa.com,mrg-srl
MRU Messger&auml;te f&uuml;r Rauchgase und Umweltschutz GmbH,DEU,Germany,Neckarsulm,info@mru.de,www.mru.eu,mru-messgeraete-fuer-rauchgase-und-umweltschutz-gmbh
M-SOFT Organisationsberatung GmbH,DEU,Germany,Dissen,info@msoft.de,www.msoft.de,m-soft-organisationsberatung-gmbh
MSV Spirella Sas,FRA,France,Rivesaltes,isabelle.sobraques@msv-spirella.com,www.msv-spirella.com,msv-spirella-sas
Muebles de Bano Ordonez S.L.,ESP,Spain,Fuente-Tojar,france@mueblesdebanoordonez.com,www.mueblesdebanoordonez.com,muebles-de-bano-ordonez-sl
A. u. K. M&uuml;ller GmbH &amp; Co. KG,DEU,Germany,Düsseldorf,info@akmueller.de,www.akmueller.de,a-u-k-mueller-gmbh--co-kg
Hugo M&uuml;ller GmbH &amp; Co KG,DEU,Germany,Villingen-Schwenningen,info@hugo-mueller.de,www.hugo-mueller.de,hugo-mueller-gmbh--co-kg
Multitubo,DEU,Germany,Haßfurt,info@dwvr.de,www.multitubo.de,dw-verbundrohr-gmbh
"Munk Building Materials Co., Ltd",CHN,China,Foshan Guangdong,munk@munkcn.com,www.munkcn.com,munk-building-materials-co-ltd
"MUNK Building Materials Co., Limited",HKG,Hong Kong,Kowloon,chiva.hu@yacore.com,www.yacore.com,munk-building-materials-co-limited
Mut Meccanica Tovo S.p.A.,ITA,Italy,Montecchio Maggiore (,mut@mutmeccanica.com,www.mutmeccanica.com,mut-meccanica-tovo-spa
M.V.T. S.p.A. Minuterie e Viterie Tornite,ITA,Italy,Bedizzole,info@mvtspa.it,www.mvtspa.it,mvt-spa-minuterie-e-viterie-tornite
my-PV GmbH,AUT,Austria,Neuzeug,office@my-pv.com,http://www.my-pv.com,my-pv-gmbh
Kaiping Naidy Plumbing Fittings Co. Ltd.,CHN,China,Kaiping Guangdong,maggie@delica.com.cn,www.delica.com.cn,kaiping-naidy-plumbing-fittings-co-ltd
"National Craft Industries, Inc.",TWN,Taiwan,New Taipei City,nci.johnson@nationalcraft.biz,https://ppsu-fittings.com/products-specification,national-craft-industries-inc
naturbo Lehmputz Trockenbausysteme,DEU,Germany,Görisried,info@naturbo.de,www.naturbo.de,lehmputz-trockenbausysteme-gmbh--co-kg
NBL Europe GmbH,DEU,Germany,Langen (Hessen),mail@nbl-group.com,www.newbathliving.com,nbl-europe-gmbh
NCIP Inc.,TWN,Taiwan,Taipei City,rcv@ncipfaucet.com,www.ncipfaucet.com,ncip-inc
Nedco B.V.,NLD,Netherlands,Nieuwerkerk Ad Ijssel,marketing@nedco.nl,www.nedco.nl,nedco-bv
NEOPERL GmbH,DEU,Germany,Müllheim,info@neoperl.com,www.neoperl.com,neoperl-gmbh
NEORUBY GmbH,DEU,Germany,Berlin,info@zencq.com,www.zencq.com,neoruby-gmbh
Neotecman SL,ESP,Spain,Celrà (Girona),vf@neotecman.com,www.neotecman.com,neotecman-sl
NETxAutomation Software GmbH,AUT,Austria,Wels,office@netxautomation.com,www.netxautomation.com,netxautomation-software-gmbh
Neu 6000 SL,ESP,Spain,Martorell,ventas@rami-system.es,www.rami-system.es,neu-6000-sl
Neuberger Geb&auml;udeautomation GmbH,DEU,Germany,Rothenburg ob der Tauber,info@neuberger.net,www.neuberger.net,neuberger-gebaeudeautomation-gmbh
Neurone Limited,HKG,Hong Kong,Kowloon,kliao@neurone-ltd.com,https://neurone-ltd.com/key-focus-international,neurone-limited
NEVEON Austria GmbH,AUT,Austria,Kremsmünster,,www.neveon.com,neveon-holding-gmbh
"Guangdong New Energy Technology Co., Ltd.",CHN,China,Guangzhou Guangdong,info@newenergy-e.com,www.newntide.com,guangdong-new-energy-technology-co-ltd
Newton Energy Solutions B.V.,NLD,Netherlands,Delft,info@newtonenergy.nl,www.newtonenergy.nl,newton-energy-solutions-bv
New Trendy Sp. z o.o.,POL,Poland,Radom,bartlomiej.mikrut@newtrendy.pl,https://newtrendy.pl/en/,new-trendy-sp-z-oo
Nexol Photovolthermic AG,DEU,Germany,Mainz,tl@nexol-ag.com,www.nexol-ag.net/de,nexol-photovolthermic-ag
NEXUS Water Storage Tanks,NLD,Netherlands,Weesp,t.jovanoski@clima-xl.com,www.clima-xl.com,clima-xl-bv
NIBE AB,SWE,Sweden,Markaryd,info@nibe.se,www.nibe.eu,nibe-ab
Nicotra Gebhardt GmbH,DEU,Germany,Waldenburg,info.ng.de@regalrexnord.com,www.nicotra-gebhardt.com,nicotra-gebhardt-gmbh
NIKIPLAST-M LTD.,BGR,Bulgaria,Sevlievo,office@nikiplast.net,www.nikiplast.net/en,nikiplast---m-ltd
Ningbo Friendship Bronze Ware Co. Ltd.,CHN,China,Ningbo Zhejiang,sales808@nbfriendship.com,www.nbfriendship.com,ningbo-friendship-bronze-ware-co-ltd
Ningbo Holy Hvac Co. Ltd.,CHN,China,Ningbo Zhejiang,hu@cnholy.cn,www.cnholy.cn,ningbo-holy-hvac-co-ltd
"Ningbo Hongwu Pipe Industry Co., Ltd",CHN,China,Ningbo Zhejiang,wade@hongwu.com.cn,www.hongwu.com.cn,ningbo-hongwu-pipe-industry-co-ltd
Nippon GT Corp.,JPN,Japan,Tokyo,rimafuji@ngt.co.jp,https://www.ngt.co.jp/,nippon-gt-corp
noah: ENERGY GmbH,DEU,Germany,Chemnitz,sales@noah.tech,noah.tech,noah-energy-gmbh
NOBEL INTERNATIONAL EAD,BGR,Bulgaria,"Sofia Region, Elin Pelin",info@nobel.bg,www.nobel.bg,nobel-international-ead
nobilia-Werke J. Stickling GmbH &amp; Co. KG,DEU,Germany,Verl,info@nobilia.de,www.nobilia.de,nobilia-werke-j-stickling-gmbh--co-kg
Nobili Rubinetterie,ITA,Italy,Borgomanero,info@grupponobili.it,www.grupponobili.it,carlo-nobili-spa-rubinetterie
NORDICCO,DNK,Denmark,Fredericia,info@nordicco.eu,www.nordicco.eu,nordicco-as
Nordic Fos A/S,DNK,Denmark,Dragor,nordic@nordicfos.com,nordicfos.com,nordic-fos-as
NORDIS EUROPE SP Z O O,POL,Poland,Siechnice,info@nordis-ac.com,https://nordis-ac.com/,nordis-europe-sp-z-o-o
Norm Baglanti ve Tesbit Elemanlari Sanayi Ticaret Limited Sirketi,TUR,Türkiye,Istanbul,info@normfixing.com,https://normfixing.com/home-page,norm-baglanti-ve-tesbit-elemanlari-sanayi-ticaret-limited-sirketi
Norm NV,BEL,Belgium,Kortrijk,info@normnv.be,www.normnv.be,norm-nv
Normo Metal Endustriyel Mutfak Urunleri ve Insaat San. ve Tic. Ltd. Sti.,TUR,Türkiye,Istanbul,faruk@normo.com.tr,www.normo.com.tr,normo-metal-endustriyel-mutfak-urunleri-ve-insaat-san-ve-tic-ltd-sti
NOVA Apparate GmbH,DEU,Germany,Donaueschingen,info@nova-klima.de,nova-klima.de,nova-apparate-gmbh
Nova Plastik Sanayi Ve Ticaret Anonim Sirketi,TUR,Türkiye,Istanbul,info@novaplastik.com,www.novaplastik.com,nova-plastik-sanayi-ve-ticaret-anonim-sirketi
Novasfer S.R.L.,ITA,Italy,Calvagese della Riviera,info@novasfer.it,www.novasfer.it,novasfer-srl
NOVELAN,DEU,Germany,Kasendorf,info@novelan.com,www.novelan.com,ait-deutschland-gmbh-novelan
Novenco Building &amp; Industry A/S,DNK,Denmark,Naestved,info@novenco-building.com,www.novenco-building.com,novenco-building--industry-as
Novopress GmbH Pressen und Presswerkzeuge &amp; Co. KG,DEU,Germany,Neuss,sales@novopress.com,www.novopress.com,novopress-gmbh-pressen-und-presswerkzeuge--co-kg
Novoryt AG,CHE,Switzerland,Rickenbach Bl,deborah.eglin@novoryt.ch,www.novoryt.com,novoryt-ag
Novves Elektrik Motor A.S.,TUR,Türkiye,Yalova,,,novves-elektrik-motor-as
Nowa Gruppe Sp. z o.o.,POL,Poland,Błonie,biuro@nowagruppe.com,www.nowagruppe.com,nowa-gruppe-sp-z-oo
NSF,BEL,Belgium,Machelen,europe@nsf.org,www.nsf.org,nsf-belgium-bvba
"NSV Co., Ltd.",KOR,"Korea, the Republic of (South)",Seoul,overseas@nsv.co.kr,www.nsv.co.kr,nsv-co-ltd
Dr. N&uuml;sken Chemie GmbH,DEU,Germany,Kamen,info@drnuesken.de,www.drnuesken.de,dr-nuesken-chemie-gmbh
NUOVA SILMAP spa.,ITA,Italy,Sarezzo,estero@nuovasilmap.it,www.nuovasilmap.it,nuova-silmap-spa
Nuova Zecchini Srl,ITA,Italy,Onara di Tombolo,info@nuovazecchini.it,www.nuovazecchini.it,nuova-zecchini-srl
Nuovvo,ESP,Spain,Redovan,,www.nuovvo.com,novarali-sl
OAS Open AutomationSystems GmbH,DEU,Germany,Sinsheim,sales@oa-systems.de,www.oa-systems.de,oas-open-automationsystems-gmbh
"Ningbo O-Better Sanitary Ware Co., Ltd.",CHN,China,Ningbo Zhejiang,obetter@vip.126.com,www.obetter.cn,ningbo-o-better-sanitary-ware-co-ltd
"Guangdong Ocean Sanitary Ware Co., Ltd.",CHN,China,Foshan Guangdong,selina@ocean-sanitary.com,www.ocean-sanitary.com,guangdong-ocean-sanitary-ware-co-ltd
Ochsner W&auml;rmepumpen GmbH,AUT,Austria,Stadt Haag,kontakt@ochsner.com,www.ochsner.com,ochsner-waermepumpen-gmbh
ODE Yalitim San. ve Tic. A.S.,TUR,Türkiye,Istanbul,export@ode.com.tr,www.ode.com.tr,ode-yalitim-san-ve-tic-as
Odlewnia Zawiercie SA,POL,Poland,Zawiercie,alfredsong@eeodlewnia.pl,www.eeodlewnia.pl,odlewnia-zawiercie-sa
&Ouml;koFEN Heiztechnik GmbH,DEU,Germany,Mickhausen,,www.oekofen.de,oekofen-heiztechnik-gmbh
OekoSolve AG,CHE,Switzerland,Plons-Mels,info@oekosolve.ch,www.oekosolve.ch,oekosolve-ag
Officine Rigamonti S.p.A.,ITA,Italy,Valduggia,export@officinerigamonti.it,www.officinerigamonti.it,officine-rigamonti-spa
Oida Tech S.p.A.,ITA,Italy,Camisano Vicentino,commerciale@oidatech.com,oidatech.com,oida-tech-spa
Oilon Oy,FIN,Finland,Lahti,info@oilon.com,www.oilon.com,oilon-oy
Oioli Rubinetterie S.r.l.,ITA,Italy,Gozzano,export@oioli.com,www.oioli.com,oioli-rubinetterie-srl
OJ Electronics A/S,DNK,Denmark,Sönderborg,oj@ojelectronics.com,www.ojelectronics.com,oj-electronics-as
OKYANUS HOME,TUR,Türkiye,Istanbul (Europe),export@okyanushome.com,www.okyanushome.com,okyanus-mutfak-esyalari-san-ve-dis-tic-ltd-sti
OLE-PRO UKRAINE,UKR,Ukraine,Kharkiv,info@olepro.com.ua,olepro.com.ua,ole-pro-ukraine
Olimpia Splendid S.p.A.,ITA,Italy,Cellatica,info@olimpiasplendid.it,www.olimpiasplendid.com,olimpia-splendid-spa
"OLI - Sistemas Sanitarios, S. A.",PRT,Portugal,Aveiro,export@oli-world.com,www.oli-world.com,oli---sistemas-sanitarios-s-a
Olymp Werk GmbH,AUT,Austria,Ötztal - Bahnhof,office@olymp.at,www.olymp.at,olymp-werk-gmbh
"Omasa Sanitary Ware Industry Co., Ltd.",HKG,Hong Kong,Shatin N.T.,georgina@omasa.com.cn,omasa.com.cn,omasa-sanitary-ware-industry-co-ltd
O.M.B.G. SRL,ITA,Italy,Bolzano Novarese,info@ombg.net,www.ombg.net,ombg-srl
OMB Saleri S.p.A. Societa&#39; Benefit,ITA,Italy,Brescia,info@omb-saleri.it,www.omb-saleri.it,omb-saleri-spa-societa-benefit
OMNIRES Sp. z o.o.,POL,Poland,Warszawa,marketing@omnires.com,www.omnires.com,omnires-sp-z-oo
OMP S.p.A.,ITA,Italy,Lumezzane,info@omptea.com,www.omptea.com,omp-spa
Onaysan Endustriyel Urunler Uretim ve Dis Ticaret A.S.,TUR,Türkiye,"Umraniye, Istanbul",irem.onay@onaysan.com.tr,www.onaysan.com.tr,onaysan-endustriyel-urunler-uretim-ve-dis-ticaret-as
ONDA THERM S.r.l.,ITA,Italy,Valduggia,commerciale@ondathermsrl.com,www.ondathermsrl.com,onda-therm-srl
OneQrew GmbH,DEU,Germany,Freiburg im Breisgau,info@oneqrew.com,www.oneqrew.com,oneqrew-gmbh
O.N. Industries Ltd.,JPN,Japan,Tsuyama City Okayama,k.kubota@onk-net.co.jp,www.onk-net.co.jp/english/index.html,on-industries-ltd
Onmetal Dokum San. A.S.,TUR,Türkiye,Istanbul,muratoktay@onmetal.com.tr,www.onmetal.com.tr,onmetal-dokum-san-as
Ontech Group,ESP,Spain,Sevilla,sales@ontechgroup.com,https://ontechgroup.com/,ontech-security-sl
Ontrol A.S.,TUR,Türkiye,Istanbul,,www.ontrol.com,ontrol-as
Oppermann Regelger&auml;te GmbH,DEU,Germany,Leinfelden-Echterdingen,info@oprg.de,www.oprg.de,oppermann-regelgeraete-gmbh
OPR Group GmbH,DEU,Germany,Großbottwar,marius.gebhard@oprgroup.de,www.oprgroup.de,opr-group-gmbh
Optigr&uuml;n international AG,DEU,Germany,Krauchenwies,info@optigruen.de,www.optigruen.de,optigruen-international-ag
Orans Co. Ltd.,CHN,China,Taizhou Zhejiang,fred@orans.group,www.orans.group,orans-co-ltd
Orben Wasseraufbereitung GmbH &amp; Co. KG,DEU,Germany,Wiesbaden,info@orben.de,www.orben.de,orben-wasseraufbereitung-gmbh--co-kg
Oren Insaat Tesisat San. ve Tic. Ltd. Sti.,TUR,Türkiye,Esenyurt/ Istanbul,info@orenltd.com,www.cruwa.com,oren-insaat-tesisat-san-ve-tic-ltd-sti
ORKA BATHROOM FURNITURE,TUR,Türkiye,Kucukcekmece / Istanbul,export@orkabanyo.com.tr,www.orkabanyo.com,orka-ahsap-ve-yapi-urunleri-san-as
"Orkli, S. Coop.",ESP,Spain,Ordizia (Guipúzcoa),home@orkli.com,www.orkli.com,orkli-s-coop
Oso Hotwater AS,NOR,Norway,Hokksund,info@osohotwater.com,www.osohotwater.com,oso-hotwater-as
Ospana Bath Furniture LLP,IND,India,Rajkot,ospanaindia@gmail.com,www.ospanabath.com,ospana-bath-furniture-llp
"OSSO Sanitary Ware (Hongkong) Co., Limited",HKG,Hong Kong,"San Po Kong, Kowloon",mavis@osso.com.cn,www.osso.com.cn,osso-sanitary-ware-hongkong-co-limited
Gebr. Ostendorf Kunststoffe GmbH,DEU,Germany,Vechta,verkauf@ostendorf-kunststoffe.com,www.ostendorf-kunststoffe.com,gebr-ostendorf-kunststoffe-gmbh
othermo GmbH,DEU,Germany,Alzenau,info@othermo.de,www.othermo.de,othermo-gmbh
Otte Yapiskan Bant ve Izolasyon San. Tic. Ltd. Sti.,TUR,Türkiye,Yunusemre /Manisa,cengiz@otte.com.tr,https://www.otte.com.tr/,otte-yapiskan-bant-ve-izolasyon-san-tic-ltd-sti
"Wenzhou Oudi Home Appliances Co., Ltd.",CHN,China,Wenzhou Zhejiang,oudisanitary@vip.163.com,http://oudibathroom.en.alibaba.com,wenzhou-oudi-home-appliances-co-ltd
Ouman,FIN,Finland,Rauma,sales.oem@ouman.fi,www.oumangroup.com,ouman-oy
Ova System Sp. z o.o.,POL,Poland,Bedzin,biuro@ova-system.pl,ova-system.pl,ova-system-sp-z-oo
Oventrop GmbH &amp; Co.KG.,DEU,Germany,Olsberg,mail@oventrop.com,www.oventrop.com,oventrop-gmbh--cokg
Owon Technology Inc.,CAN,Canada,Richmond Hill,sales@owon.com,www.owon-smart.com,owon-technology-inc
"OXI TRADE, LLC",UKR,Ukraine,Kharkiv,info@oxi.ua,www.oxi.ua,oksi-treid-tov
oxytec GmbH,DEU,Germany,Hamburg,at@oxytec.com,www.oxytec.com,oxytec-gmbh
OY PREVEX AB,FIN,Finland,Nykarleby,sales@prevex.com,www.prevex.com,oy-prevex-ab
Ozkan Gunes Enerji Sistemleri San. Ve Tic. Ltd. Sti.,TUR,Türkiye,Kayseri,sales@ozkanenerji.com,www.ozkanenerji.com/en-dil,ozkan-gunes-enerji-sistemleri-san-ve-tic-ltd-sti
P3 S.r.l.,ITA,Italy,Villafranca Padovana,p3italy@p3italy.it,www.p3italy.it,p3-srl
PAA (Sabiedriba ar ierobezotu atbildbu PAA),LVA,Latvia,Riga,girts.strazdins@paa.lv,www.paabaths.com,sabiedriba-ar-ierobezotu-atbildbu-paa-paa-sia
Paflex Pazarlama Ic ve Dis Tic. Ltd. Sti.,TUR,Türkiye,Istanbul,export@pa-flex.com.tr,www.pa-flex.com.tr,paflex-pazarlama-ic-ve-dis-tic-ltd-sti
Paini Spa Rubinetterie,ITA,Italy,Pogno,paini@paini.com,www.paini.com,paini-spa-rubinetterie
Pakdus Dus ve Kuvet Kabinleri Ins. San. ve Tic. Ltd. Sti.,TUR,Türkiye,Sancaktepe/Istanbul,info@pakdus.com.tr,www.pakdus.com,pakdus-dus-ve-kuvet-kabinleri-ins-san-ve-tic-ltd-sti
Paktermo Olcu Aletleri ve Boru San. ve Tic. A.S.,TUR,Türkiye,Bursa,paktermo@paktermo.com,www.paktermo.com,paktermo-olcu-aletleri-ve-boru-san-ve-tic-as
Palconn (H.K) Limited,HKG,Hong Kong,Wanchai,sales@palconn.cn,www.palconn.com,palconn-hk-limited
Palette CAD AG,DEU,Germany,Stuttgart,info@palettecad.com,www.palettecad.com,palette-cad-ag
Panasonic Heating &amp; Cooling Solutions,DEU,Germany,Wiesbaden,hlk-support-de@eu.panasonic.com,https://www.aircon.panasonic.eu/,panasonic-marketing-europe-gmbh
Panera M&uuml;hendislik A.Ş.,TUR,Türkiye,Konya,export@panera.com.tr,www.panera.com.tr/en,panera-muehendislik-as
PARAT Solutions GmbH,DEU,Germany,Waldkirchen,info@parat.de,www.parat.de,parat-solutions-gmbh
J Pareta Sa,ESP,Spain,Castellbisbal,export@grupoheca.es,www.pareta.com,j-pareta-sa
"Kaiping Pasgo Plumbing Products Co., Ltd.",CHN,China,Kaiping Guangdong,vincentguo@caizhou.com,www.caizhou.com,kaiping-pasgo-plumbing-products-co-ltd
PASKAL Company,UKR,Ukraine,Kyiv,export@paskal-ua.com,https://paskal-ua.com/,paskal-company
Passiv Energie Austria GmbH,AUT,Austria,Salzburg,,www.passiv-energie.at,passiv-energie-austria-gmbh
PAW GmbH &amp; Co. KG,DEU,Germany,Hameln,info@paw.eu,www.paw.eu,paw-gmbh--co-kg
PCC GmbH,DEU,Germany,Waiblingen,info@pcc-press.de,www.pcc-press.de,pcc-gmbh
PDM EU S.R.L.,ITA,Italy,Modugno,info@pdmeu.com,www.pdmeu.com,pdm-eu-srl
pds GmbH,DEU,Germany,Rotenburg (Wümme),info@pds.de,www.pds.de,pds-gmbh
Peksa Profil Sanayi Ve Ticaret Anonim Sirketi,TUR,Türkiye,Efeler Aydin,info@peksa.com.tr,www.peksa.com.tr,peksa-profil-sanayi-ve-ticaret-anonim-sirketi
Pelltech O&Uuml;,EST,Estonia,"Peetri alevik, Rae vald",info@pelltech.eu,www.pelltech.eu,pelltech-oue
PEL Pintossi Emilio S.p.A.,ITA,Italy,Sarezzo,sales@pel.it,www.pel.it,pel-pintossi-emilio-spa-1
"Penta Hardware Co., Ltd.",TWN,Taiwan,Taipei,frank@pentahardware.com,www.pentahardware.com,penta-hardware-co-ltd
Pentair Water Belgium BV,BEL,Belgium,Herentals,,www.pentair.com,pentair-water-belgium-bv
Perfect Metacraft LLP,IND,India,Jamnagar,moksh.shah@perfectmetacraft.com,www.perfectmetacraft.com,perfect-metacraft-llp
Perfetto by Mapetek S.r.l.,ITA,Italy,Giuggianello,commerciale@perfetto.it,www.perfetto.it,mapetek-srl
PERFEXIM Sp. z o.o.,POL,Poland,Poznań,biuro@perfexim.com.pl,www.perfexim.pl,perfexim-sp-z-oo
Perinet GmbH,DEU,Germany,Berlin,sales@perinet.io,https://perinet.io/en/ish-2025,perinet-gmbh
PERKON Technologies GmbH,DEU,Germany,Dieburg,info@perkon-tec.de,www.perkon-tec.de,perkon-technologies-gmbh
Peshavaria Exports Privat Limited,IND,India,Jamnagar,info@peshavaria-exports.com,www.peshavaria-exports.com,peshavaria-exports-privat-limited
PESTAN D.O.O,SRB,Serbia,Bukovik,info@pestan.net,www.pestan.net,pestan-doo
Fratelli Pettinaroli Spa,ITA,Italy,S.Maurizio d'Opaglio,info@pettinaroli.com,www.pettinaroli.com,fratelli-pettinaroli-spa
Phantom Mirrors,NLD,Netherlands,De Meern,info@phantom-mirrors.com,www.phantom-mirrors.com,hipp-design
Guangdong PHNIX Eco-energy Solution Ltd.,CHN,China,Guangzhou Guangdong,aurora.chen@phnix.com,http://www.phnix-e.com/,guangdong-phnix-eco-energy-solution-ltd
Phoenix Contact GmbH &amp; Co. KG,DEU,Germany,Blomberg,info@phoenixcontact.com,www.phoenixcontact.com,phoenix-contact-gmbh--co-kg
J. Pichler Gesellschaft m.b.H.,AUT,Austria,Klagenfurt am Wörthersee,office@pichlerluft.at,www.pichlerluft.at,j-pichler-gesellschaft-mbh
Pingao International (Hongkong) Company Limited,HKG,Hong Kong,Wanchai,sales@dlfaucet.com,www.dlfaucet.com,pingao-international-hongkong-company-limited
Pintossi+C S.p.A.,ITA,Italy,Lumezzane,info@pintossi.it,www.pintossi.it,pintossic-spa
PIPETEC GmbH,DEU,Germany,Bisingen,info@pipetec.eu,www.pipetec-deutschland.de,pipetec-gmbh
pi safety components GmbH &amp; Co. KG,DEU,Germany,Teuschnitz,info@pi-safety.com,www.pi-safety.com,pi-safety-components-gmbh--co-kg
Planet Sol,GRC,Greece,Malakasa - Avlona,info@planetsol.gr,www.planetsol.gr,charalampidou-m--sia-oe
"Plast Brno, spol. s r.o.",CZE,Czech Republic,Brno,info@plastbrno.cz,www.plastbrno.cz,plast-brno-spol-s-ro
Plastica Alfa S.P.A,ITA,Italy,Caltagirone,exportdpt@plasticalfa.it,www.plasticalfa.it,plastica-alfa-spa
Hongyue Plastic Group Co. Ltd.,CHN,China,Qinhuangdao Hebei,pipe01@hy-pipe.com,http://en.hy-pipe.com/about/index.html,hongyue-plastic-group-co-ltd
Platinflex Metal Dis. Ticaret Ltd. Sti.,TUR,Türkiye,Istanbul,info@platinflex.com,https://www.platinflex.com,platinflex-metal-dis-ticaret-ltd-sti
Pleion SPA,ITA,Italy,Cerea,innfo@pleion.it,www.pleion.it,pleion-srl
"Plimat-Plasticos Ind. Matos, S.A.",PRT,Portugal,Marinha Grande,plimat@plimat.com,www.plimat.com,plimat-plasticos-ind-matos-sa
Pluggit GmbH,DEU,Germany,München,,www.pluggit.com,pluggit-gmbh
PLUM Sp. z o.o.,POL,Poland,Kleosin,plum@plum.pl,https://hvac.plum.pl/en/hvac-home/,plum-sp-z-oo
P.M.H. Design s.r.o.,CZE,Czech Republic,Cesky Krumlov,info@pmh-co.cz,www.pmh-co.cz,pmh-design-sro
Carlo Poletti S.r.l.,ITA,Italy,Gozzano,info@poletti.it,www.poletti.it,carlo-poletti-srl
Poliext Kft.,HUN,Hungary,Kecskemét,marketing@poliext.com,www.poliext.com,poliext-kft
POLIX,SVN,Slovenia,Ziri,mija.jenko.mrak@polix.si,www.polix.si/en,polimix-ziri-doo
Polybloc AG,CHE,Switzerland,Winterthur,info@polybloc.com,www.polybloc.com,polybloc-ag
Polymax,ITA,Italy,Castelfranco Veneto,info@polymaxacciai.it,www.polymaxacciai.it,polymaxacciai-srl
Polysan s.r.o.,CZE,Czech Republic,Zruc nad Sazavou,export@polysan.cz,https://www.polysan.cz/en/,polysan-sro
Porta &amp; Bini S.r.l.,ITA,Italy,San Maurizio D'Opaglio - Novara,info@portaebini.it,www.portaebini.it,porta--bini-srl
Porter Bathroom,GBR,Great Britain and Northern Ireland,Enniskillen,,porterbathroom.com,porter-bathroom-limited
Powerfox GmbH,DEU,Germany,Dinslaken,info@powerfox.it,www.powerfox.it,powerfox-gmbh
"Powerme Plastic Cosmetic Appliances Co., Limited",HKG,Hong Kong,"Central, Sheung Wan",kitty@powerme-plastic.cn,www.powerme-plastic.cn,powerme-plastic-cosmetic-appliances-co-limited
"Power World Machinery Equipment Co., Ltd.",CHN,China,Shenzhen Guangdong,info@powerworldhp.com,https://www.powerworldhp.com/,power-world-machinery-equipment-co-ltd
Powtek International Holdings Limited,HKG,Hong Kong,Tseung Kwan O N.T,info@powtek.com,www.powtek.com,powtek-international-holdings-limited
PPI Xiamen Industry Co. Ltd.,CHN,China,Xiamen Fujian,info@xmppi.com,www.xmppi.com,ppi-xiamen-industry-co-ltd
PP Tricom,UKR,Ukraine,Kharkiv,pavel.tricom@gmail.com,,pp-tricom
PraKom Software GmbH,AUT,Austria,Kundl,info@prakom.net,www.prakom.net,prakom-software-gmbh
"Prana Platinum, LLC",UKR,Ukraine,Lviv,n.chyzhevska@prana.org.ua,prana.ua,prana-platinum-tov
Prandelli Lorenzo e Figli S.r.l.,ITA,Italy,Cellatica,export@prandellilorenzo.it,www.prandellilorenzo.it,prandelli-lorenzo-e-figli-srl
PreFab TGA GmbH,DEU,Germany,Kleve,info@prefab.nrw,www.prefab.nrw,prefab-tga-gmbh
Pres Block S.p.A.,ITA,Italy,Caselette,export@presblock.com,www.presblock.com,pres-block-spa
Pressovac Oy Ltd.,FIN,Finland,Muurame,,www.pressovac.fi,pressovac-oy-ltd
PRIHODA s.r.o.,CZE,Czech Republic,Hlinsko,export@prihoda.com,www.prihoda.com,prihoda-sro
Primagran Sp. z o.o.,POL,Poland,Stegna,b2b@primagran.com,https://primagran.com/en/catalogue,primagran-sp-z-oo
Inter Primo A/S,DNK,Denmark,Tistrup,primo@primo.com,www.primo.com,inter-primo-as
Prodmax Sp. z o.o.,POL,Poland,Sokolow,prodmax@prodmax.pl,www.prodmax.pl,prodmax-sp-z-oo
Produal Oy,FIN,Finland,Kotka,info@produal.com,www.produal.com,produal-oy
PROFIL NR Spolka z ograniczoną odpowiedzialnoscia Sp. K,POL,Poland,Wojkowice,profil@profil-wojkowice.pl,www.profil-wojkowice.pl,profil-nr-sp-z-oo-spk
Progetto Idea Stella Srl,ITA,Italy,Monteprandone,webmaster@ideastella.com,www.ideastella.it,progetto-idea-stella-srl
Pro-Lam Alluminio S.r.l.,ITA,Italy,Cisano Bergamasco,info@pro-lam.net,www.pro-lam.net,pro-lam-alluminio-srl
Prolux Solutions &middot; c/o Kermi GmbH,DEU,Germany,Plattling,info@prolux-solutions.com,www.prolux-solutions.com,prolux-solutions-ag
Etex Building Performance GmbH - Gesch&auml;ftsbereich PROMAT,DEU,Germany,Ratingen,mail@promat.de,www.promat.de,etex-building-performance-gmbh-division-industry
"Prosperous (Ningbo) Lighting Appliance Co., Ltd.",CHN,China,Ningbo Zhejiang,alan@prosperous-lighting.com,www.prosperousmirror.com,prosperous-ningbo-lighting-appliance-co-ltd
PROTHERM W&auml;rmeschutz GmbH,DEU,Germany,Schömberg,kontakt@protherm.info,www.protherm.info,protherm-waermeschutz-gmbh
PSICONTROL NV,BEL,Belgium,Ieper,info@psicontrol.com,www.psicontrol.com,psicontrol-nv
PUCIHAR-P d.o.o.,SVN,Slovenia,Smarje-Sap,info@pucihar.com,www.pucihar.com,pucihar-p-doo
Shimge Pump Industry (Jiangsu) Co. Ltd.,CHN,China,Shuyang Jiangsu,sonia@shimge.com,www.shimge.com,shimge-pump-industry-jiangsu-co-ltd
puris Bad GmbH &amp; Co. KG,DEU,Germany,Brilon,info@laguna-badwelten.de,www.laguna-badwelten.de,puris-bad-gmbh--co-kg
Purity (Xiamen) Technology Co. Ltd.,CHN,China,Xiamen Fujian,flora@purityxiamen.com,,purity-xiamen-technology-co-ltd
Purus AB,SWE,Sweden,Ystad,info@purusinternational.com,www.purusinternational.com,purus-ab
Puteus GmbH,DEU,Germany,Tönisvorst,info@puteus.com,www.puteus.com,puteus-gmbh
PVA Schwimmerventile GmbH,DEU,Germany,Kempen,pva@schwimmerventile.de,,pva-schwimmerventile-gmbh
Zhejiang Qilong Sanitary Ware Co. Ltd.,CHN,China,Jinhua Zhejiang,info@hzilong.com,www.ql-sanitary.com,zhejiang-qilong-sanitary-ware-co-ltd
Zhejiang Qinghao Copper Co. Ltd.,CHN,China,Yuhuan Zhejiang,export@qinghaocopper.com,www.qinghaocopper.com,zhejiang-qinghao-copper-co-ltd
QualityBIM UG (haftungsbeschr&auml;nkt),DEU,Germany,Paderborn,info@qualitybim.com,https://qualitybim.com/,qualitybim-ug-haftungsbeschraenkt
Quandify,SWE,Sweden,Bromma,sales@quandify.com,www.quandify.com,quandify-ab
Quare Design S.L.,ESP,Spain,Burgos,info@quaredesign.com,https://quaredesign.com,quare-design-sl
Qvantum Energi AB,SWE,Sweden,Astorp,lina.johnsson@qvantum.com,www.qvantum.com,qvantum-energi-ab
Radaway Sp. z o.o.,POL,Poland,Jasin,office@radaway.pl,www.radaway.pl,radaway-sp-z-oo
RADIALIGHT BY Ermete Giudici S.p.A.,ITA,Italy,Segrate,marco.giudici@giudici.com,www.radialight.com,ermete-giudici-spa
Radiatori 2000 S.p.A.,ITA,Italy,Ciserano,radiatori@radiatori2000.it,www.radiatori2000.it,radiatori-2000-spa
RADOX,ROU,Romania,Bucharest,export@radox.ro,www.radox-radiators.com,radox-srl
Radyal Isitma Sistemleri A.S.,TUR,Türkiye,Marmara/Üsküdar,ahmet.yilmaz@radyal.com,www.radyal.com,radyal-isitma-sistemleri-as
Rainstick Shower,CAN,Canada,Kelowna,,https://rainstickshower.com/,rainstick-shower
RAK Ceramics PJSC,ARE,United Arab Emirates,Ras Al Khaimah,rajesh.patil@rakceramics.com,www.rakceramics.com,rak-ceramics-pjsc
Rastelli Rubinetterie SpA,ITA,Italy,Invorio,export@rastelli.it,www.rastelli.it,rastelli-rubinetterie-spa
Paul Rauschert Steinbach GmbH,DEU,Germany,Steinbach a. Wald,info@stb.rauschert.de,www.rauschert.com,paul-rauschert-steinbach-gmbh
Rausch International Group GmbH,DEU,Germany,Weißensberg,,,rausch-international-group-gmbh
Ravani S.r.l.,ITA,Italy,Lumezzane,info@ravanidesign.com,www.ravanidesign.com,ravani-srl
RAYAN Radwan Marcin Borejko,POL,Poland,Gdansk,export@rayan.net.pl,www.rayan.net.pl,marcin-borejko-radwan
Raygex S.r.l.,ITA,Italy,Saccolongo,raygex@raygex.com,www.raygex.com,raygex-srl
R.B.M. Spa,ITA,Italy,Polaveno,info@rbm.eu,www.rbm.eu,rbm-spa
"RDJ Klima Sp. Jawna W. Dybicz, R. J&oacute;zefowicz, M. Rapicki",POL,Poland,Wlockawek,rdj@rdjklima.pl,www.rdjklima.pl,rdj-klima-spjawna-wdybicz-r-jzefowicz-m-rapicki
RDZ S.p.A.,ITA,Italy,Sacile,info@rdz.it,https://www.rdz.it/en,rdz-spa
R.E.A S.r.l.,ITA,Italy,Rodengo Saiano,export@wtsgroup.eu,www.wtsgroup.eu,rea-srl
Reboca S.L.,ESP,Spain,L'Olleria,reboca@reboca.com,www.reboca.com,reboca-sl
"Rechi Precision Co., Ltd",CHN,China,Qingdao Shandong,wanghui@qdrechi.com,www.rechi.com,rechi-precision-co-ltd
Recuperator S.p.A.,ITA,Italy,Rescaldina,sales@recuperator.eu,www.recuperator.eu,recuperator-spa
RECUTECH s.r.o.,CZE,Czech Republic,Pardubice,mirek.vrbicky@recutech.com,www.recutech.com,recutech-sro
Refco Manufacturing Ltd.,CHE,Switzerland,Hitzkirch,info@refco.ch,www.refco.ch,refco-manufacturing-ltd
Reflex Winkelmann GmbH,DEU,Germany,Ahlen,,www.reflex-winkelmann.com,reflex-winkelmann-gmbh
REFRA,LTU,Lithuania,Vilnius,ilona@refra.eu,www.refra.eu,refra-uab
AB Regin,SWE,Sweden,Kallered,mattias.lofqvist@regin.se,www.regincontrols.com,ab-regin
REGULUS spol. s r.o.,CZE,Czech Republic,Praha 4,sales@regulus.eu,www.regulus.eu,regulus-spol-s-ro
REHAU Industries SE &amp; Co. KG,DEU,Germany,Erlangen,info@rehau.com,gebaeudetechnik.rehau.de,rehau-industries-se--co-kg
Reliance Worldwide Corporation,USA,United States,Atlanta Georgia,sales@rwc.com,www.rwc.com,reliance-worldwide-corporation
REMKO GmbH &amp; Co. KG Klima- und W&auml;rmetechnik,DEU,Germany,Lage,info@remko.de,www.remko.de,remko-gmbh--co-kg-klima--und-waermetechnik
REMS GmbH &amp; Co KG,DEU,Germany,Waiblingen,info@rems.de,www.rems.de,rems-gmbh--co-kg
R5 Energy GmbH,DEU,Germany,Emmerich am Rhein,frank.reimann@multicross.de,www.r5energy.de,r5-energy-gmbh
RENOLIT SE,DEU,Germany,Worms,marianne.terry@renolit.com,www.renolit-alkorplan.com/de,renolit-se
RENSON nv,BEL,Belgium,Waregem,info@renson.be,www.renson.net,renson-nv
Reonic GmbH,DEU,Germany,Augsburg,kontakt@reonic.de,www.reonic.de,reonic-gmbh
Resideo (Ademco 1 GmbH),DEU,Germany,Mosbach,info.de@resideo.com,www.resideo.com,ademco-1-gmbh
RESOL Elektronische Regelungen GmbH,DEU,Germany,Hattingen,info@resol.de,www.resol.de,resol-elektronische-regelungen-gmbh
Reutter GmbH,DEU,Germany,Leutenbach,,http://www.reutter-group.com,reutter-gmbh
Reventon Group Sp. z o.o.,POL,Poland,Kozy,biuro@reventongroup.eu,www.reventongroup.eu,reventon-group-sp-z-oo
Rex Nordic Oy,FIN,Finland,Askola,guido.fritzenkoetter@rexnordic.com,www.rexnordic.com,rex-nordic-oy
Rf-Technologies NV/SA,BEL,Belgium,Oosterzele,info@rft.eu,www.rft.eu,rf-technologies-nvsa
Rhein Tech GmbH,DEU,Germany,Wuppertal,info@rhein-tech.de,www.rhein-tech.de,rhein-tech-gmbh
Rhoss Spa,ITA,Italy,Codroipo,,,rhoss-spa
"Taizhou Rida Valve Co., Ltd.",CHN,China,Taizhou Zhejiang,rida@chinarida.com.cn,www.chinarida.com.cn,taizhou-rida-valve-co-ltd
Ridder GmbH,DEU,Germany,Singhofen,info@ridder-online.de,www.ridder-online.de,ridder-gmbh
RIDGID / Ridge Tool GmbH &amp; Co. oHG,DEU,Germany,Gevelsberg,ridgid.germany@emerson.com,www.ridgid.com/de,ridge-tool-gmbh--co-ohg
Righi S.p.A.,ITA,Italy,Armeno,righi@righi.it,www.righi.it,righi-spa
RIIFO Group International Holdings Limited,HKG,Hong Kong,Sheung Wan,debbie.yao@rifeng.com,https://www.riifo.com/,riifo-group-international-holdings-limited
Rinaldi &amp; Pettinaroli S.r.l.,ITA,Italy,Gozzano,export@rinaldiepettinaroli.com,www.rinaldiepettinaroli.com,rinaldi--pettinaroli-srl
Rubinetterie Ritmonio S.r.l.,ITA,Italy,Varallo,info@ritmonio.it,www.ritmonio.it,rubinetterie-ritmonio-srl
RLS Europe - Marmon Group,GBR,Great Britain and Northern Ireland,Wellingborough,grant@grantphipps.co.uk,https://www.rls-europe.com/,the-marmon-group-ltd
Herstellerverband RLT-Ger&auml;te e.V.,DEU,Germany,Ludwigsburg,info@rlt-geraete.de,www.rlt-geraete.de,herstellerverband-rlt-geraete-ev
RMBH GmbH Beleuchtungs- und Heiztechnik,DEU,Germany,Herrieden,info@ksp2go.com,www.ksp2go.com,rmbh-gmbh-beleuchtungs--und-heiztechnik
Roarco BV,BEL,Belgium,Bornem,,www.roarco.be,roarco-bvba
robatherm GmbH + Co. KG,DEU,Germany,Jettingen-Scheppach,info@robatherm.com,www.robatherm.com,robatherm-gmbh--co-kg
ROCA Sanitario S.A.U.,ESP,Spain,Barcelona,joan.jansa@roca.net,www.roca.com,roca-sanitario-sa
Rocotherm Radiators Srl,ROU,Romania,Campulung,office@rocotherm.ro,www.rocotherm.ro,rocotherm-radiators-srl
ROFIX Sp. z o.o.,POL,Poland,Strzelce Krajeńskie,info@rofix.com,www.rofix.com,rofix-sp-z-oo
Rohhe Sp. z o.o.,POL,Poland,Tarczyn,,www.rohhe.com,rohhe--sp-zoo
Rokaflex GmbH,DEU,Germany,Braak,aboruch@rokaflex.de,www.rokaflex.de,rokaflex-gmbh
ROLLO SOLAR Melichar GmbH,DEU,Germany,Bad Tölz,info@rollo-solar.de,www.rollo-solar.de,rollo-solar-melichar-gmbh
Romutec Steuer- u. Regelsysteme GmbH,DEU,Germany,Buch a.Wald,info@romutec.de,www.romutec.de,romutec-steuer--u-regelsysteme-gmbh
"Yuhuan Ronglida Valve Co., Ltd.",CHN,China,Yuhuan Zhejiang,zhangweizhu@live.com,www.rldvalve.com,yuhuan-ronglida-valve-co-ltd
Roos GmbH,DEU,Germany,Boppard,info@roos-gmbh.de,www.roos-gmbh.de,roos-gmbh
Rosenberg Ventilatoren B.V.,NLD,Netherlands,Den Dolder,verkoop@rosenberg.nl,www.rosenberg.nl/en,rosenberg-ventilatoren-bv
Rosenberg Ventilatoren GmbH,DEU,Germany,Künzelsau,info@rosenberg-gmbh.com,www.rosenberg-gmbh.com,rosenberg-ventilatoren-gmbh
Rotek Enerji ve Baca Sistemleri Sanayi ve Ticaret Ltd. Sti.,TUR,Türkiye,Kocaeli,rotek@rotek.com.tr,www.rotekchimneys.com,rotek-enerji-ve-baca-sistemleri-sanayi-ve-ticaret-ltd-sti
Roth Czech s.r.o.,CZE,Czech Republic,Trebarov,,www.roth-czech.cz,roth-czech-sro
ROTHENBERGER Werkzeuge GmbH,DEU,Germany,Kelkheim (Taunus),info@rothenberger.com,www.rothenberger.com,rothenberger-werkzeuge-gmbh
Roth Werke GmbH,DEU,Germany,Dautphetal,service@roth-werke.de,www.roth-werke.de,roth-werke-gmbh
Taizhou Rotiss Sanitary Wares Co. Ltd.,CHN,China,Taizhou Zhejiang,manager@rotiss.net,www.rotiss.net,taizhou-rotiss-sanitary-wares-co-ltd
ROTORK,GBR,Great Britain and Northern Ireland,Bath,mail@rotork.com,www.rotork.com,rotork-plc
Rox - Klimatechnik GmbH,DEU,Germany,Weitefeld,info@rox-online.de,www.rox-online.de,rox-klimatechnik-gmbh
Roxy for Metal and Plastic Products,EGY,Egypt,Cairo,info@roxyplast.com,www.roxyplast.com,roxy-factory-for-metal-and-plastic-products
"Zhejiang Royal Home Co., Ltd.",CHN,China,Taizhou Zhejiang,royal@royal-sanitary.com,www.royal-sanitary.com,zhejiang-royal-home-co-ltd
"Shenzhen Rti-Tek Co., Ltd.",CHN,China,Shenzhen Guangdong,marketing@rti-tek.com,https://www.rti-tek.com,shenzhen-rti-tek-co-ltd
"Xiamen R&amp;T Plumbing Technology Co., Ltd.",CHN,China,Xiamen Fujian,rt023@rtplumbing.com,www.rtplumbing.com,xiamen-rt-plumbing-technology-co-ltd
Rubinetteria Malgorani Pietro S.r.l.,ITA,Italy,Colazza,contact@malgorani.it,www.malgorani.it,rubinetteria-malgorani-pietro-srl
Rubinetteria Quaranta S.r.l.,ITA,Italy,Gozzano,commerciale@quaranta.com,www.quaranta.com,rubinetteria-quaranta-srl
Rubitherm Technologies GmbH,DEU,Germany,Berlin,info@rubitherm.com,www.rubitherm.com,rubitherm-technologies-gmbh
Rubysteel Kitchen Industry (M) Sdn. Bhd.,MYS,Malaysia,"Teluk Intan, Perak",info@rubysteelkitchen.com,https://rubysteelkitchen.com/,rubysteel-kitchen-industry-m-sdn-bhd
RUCH NOVAPLAST GmbH,DEU,Germany,Oberkirch,info@ruch.de,www.ruch.de,ruch-novaplast-gmbh
ruck Ventilatoren GmbH,DEU,Germany,Boxberg,sales@ruck.eu,www.ruck.eu,ruck-ventilatoren-gmbh
Rudert Edelstahl-Technik GmbH,DEU,Germany,Crimmitschau,info@rudert-edelstahl.de,www.rudert-edelstahl.de,rudert-edelstahl-technik-gmbh
R&uuml;tgers GmbH &amp; Co KG K&auml;lte W&auml;rme,DEU,Germany,Mannheim,info@ruetgers.com,www.ruetgers.com,ruetgers-gmbh--co-kg-kaelte-klima
"Shanghai Ruking Intelligent Control Technologies Co., Ltd.",CHN,China,Shanghai Shanghai Shi,info@ruking.com,www.ruking.com,shanghai-ruking-intelligent-control-technologies-co-ltd
Runner (Xiamen) Corp.,CHN,China,Xiamen Fujian,,,runner-xiamen-corp
Rupam Overseas,IND,India,Jamnagar,rupamhp@yahoo.com,www.rupamoverseas.in,rupam-overseas
SAB S.p.A.,ITA,Italy,Sant'Angelo in Vado (PU),sab@tubi.net,www.sabspa.com/en/,sab-spa
Sacel S.r.l.,ITA,Italy,Ozegna,f.manes@sacel.it,www.sacelgroup.com,sacel-srl
Sacith S.r.l.,ITA,Italy,Cassano Magnago,info@sacith.com,www.sacith.com,sacith-srl
SAF S.P.A.,ITA,Italy,Val Liona,saf-spa@saf-spa.com,www.saf-spa.com,saf-spa
Sagicofim SpA,ITA,Italy,Cernusco sul Naviglio (MI),,,sagicofim-spa
Sainos Sainitary (Jingmen) Co. Ltd.,CHN,China,Jingmen City Hubei,,www.sinoseat.com,sainos-sainitary-jingmen-co-ltd
Sakra Panel Sanayi ve Ticaret Anonim Sirketi,TUR,Türkiye,Sakarya,info@sakra.com.tr,www.sakra.com.tr,sakra-panel-sanayi-ve-ticaret-anonim-sirketi
"SALDA, UAB",LTU,Lithuania,Siauliai,office@salda.lt,www.salda.lt,salda-uab
Salus Controls GmbH,DEU,Germany,Mühlheim am Main,linda.vetter@saluscontrols.com,www.saluscontrols.com,salus-controls-gmbh
Sa.Mi Plastic S.p.A.,ITA,Italy,Sestino,samiplastic@tubi.net,www.tubi.net,sami-plastic-spa
SAMSON Aktiengesellschaft,DEU,Germany,Frankfurt am Main,info@samsongroup.com,www.samsongroup.com,samson-ag-mess--und-regeltechnik
Samsung Electronics Air Conditioner Europe B.V.,NLD,Netherlands,Schiphol,,www.samsung.com/climate/,samsung-electronics-air-conditioner-europe-bv
SAMYANG SYSTEM GROUP&#39;,KOR,"Korea, the Republic of (South)",Bucheon-si,sales@samyangsys.com,www.samyangsys.com,samyang-system-group
"Changzhou Sanding Electro-Motors &amp; Appliances Co., Ltd.",CHN,China,Changzhou Jiangsu,queenyqin@cz3d.com,http://www.cz3d.com/,changzhou-sanding-electro--motors--appliances-co-ltd
SANELA spol. s r.o.,CZE,Czech Republic,Lanskroun - Zichlinské Predmesti,sanela@sanela.cz,www.sanela.eu,sanela-spol-s-ro
"Sanfitec Brass Industry Co., Ltd.",CHN,China,Ji'an Jiangxi,sales8@sanfitec.com,www.sanfitec.com,sanfitec-brass-industry-co-ltd
Sanibell BV,NLD,Netherlands,Oud-Beijerland,rensdejong@sanibell.nl,www.sanibell.nl,sanibell-bv
"Sanindusa - Ind&uacute;stria De Sanit&aacute;rios, S.A.",PRT,Portugal,Nossa Senhora de Fátima,sanindusa@sanindusa.com,www.sanindusa.com,sanindusa---indstria-de-sanitrios-sa
Sani Pacific Limited,HKG,Hong Kong,Siu Sai Wan,drusilla@sanipacific.com,http://www.cnbmingxin.com/,sani-pacific-limited
SANIT-CHEMIE Reinigungsmittel und -ger&auml;te GmbH,DEU,Germany,Leingarten,info@sanit-chemie.de,www.sanit-chemie.de,sanit-chemie-reinigungsmittel-und--geraete-gmbh
"Guangdong Sannora Sanitary Tech. Co., Ltd.",CHN,China,Foshan Guangdong,vip3@sannora.com,www.sannora.com,guangdong-sannora-sanitary-tech-co--ltd
SANO Deutschland GmbH,DEU,Germany,Oberaudorf,info@sano-treppensteiger.de,www.sano-treppensteiger.de,sano-deutschland-gmbh
Sanovit Seramik Sanayi Ticaret A.S.,TUR,Türkiye,"Odunpazari, Eskisehir",info@sanovit.com.tr,www.sanovit.com.tr,sanovit-seramik-sanayi-ticaret-as
SANYCCES DESIGN SL,ESP,Spain,Burriana,comunicacion@sanycces.es,www.sanycces.es,sanyc-ces-sl
SAPCO S.A.S,FRA,France,Le Coudray Montceaux,sales@sapco.fr,www.sapco.fr,sapco-sas
SAPHO Bathrooms,CZE,Czech Republic,Libeznice,b2b@sapho.eu,www.sapho.eu,ubc-sro
Sara General Trading L.l.c,ARE,United Arab Emirates,Dubai,Support@tredex.com,www.tredex.com,sara-general-trading-llc
S.A.R.I. S.r.l.,ITA,Italy,Marostica,info@sari-srl.com,www.sari-srl.com,sari-srl
Hans Sasserath GmbH &amp; Co. KG,DEU,Germany,Korschenbroich,info@syr.de,www.syr.de,hans-sasserath-gmbh--co-kg
Sassi Piero Srl,ITA,Italy,Gozzano,info@sassisrl.it,www.sassisrl.it,sassi-piero-srl
"Zhejiang Sas Valve Industrial Co., Ltd.",CHN,China,Yuhuan,sas@sasvalve.com,www.sasvalve.com,zhejiang-sas-valve-industrial-co-ltd
Shenzhen Saswell Technology Inc.,CHN,China,Shenzhen Guangdong,sales8@saswell.com,www.saswell.com,shenzhen-saswell-technology-inc
Saudi Ceramic Co.,SAU,Saudi Arabia,Riyadh,h.jouwaidi@saudiceramics.com,www.saudiceramics.com,saudi-ceramic-co
Deutscher Sauna-Bund e.V.,DEU,Germany,Bielefeld,j.schoenbohm@sauna-bund.de,www.sauna-bund.de,deutscher-sauna-bund-ev
SAUTER Deutschland,DEU,Germany,Freiburg im Breisgau,sauter-cumulus@de.sauter-bc.com,www.sauter-cumulus.de,sauter-cumulus-gmbh
Saw-Pol Maria Tomow,POL,Poland,Gora Swietej Małgorzaty,office@sawpol.pl,www.sawpol.pl,saw-pol-maria-tomow-pphu
Say Plastik Ins Ve San Tic Ltd Sti,TUR,Türkiye,"Arnavutköy, Istanbul",esat@sayplastik.com,saycelik.com.tr,say-plastik-ins-ve-san-tic-ltd-sti
SBC Deutschland GmbH,DEU,Germany,Offenbach am Main,info.de@saia-pcd.com,www.saia-pcd.de,sbc-deutschland-gmbh
SBK Siegfried B&ouml;hnisch Kunststofftechnik GmbH,DEU,Germany,Neuenstein,info@sbk-neuenstein.de,www.sbk-neuenstein.de,sbk-siegfried-boehnisch-kunststofftechnik-gmbh
SBS-Feintechnik GmbH &amp; Co. KG | BURGER GROUP,DEU,Germany,Schonach im Schwarzwald,info@burger-group.com,www.burger-group.com,sbs-feintechnik-gmbh--co-kg-burger-group
"SCE Hardware Co., Ltd.",HKG,Hong Kong,"Tsuen Wan, N.T.",info@sce-hardware.com,www.sce-hardware.com,sce-hardware-co-ltd
SCHAKO KG,DEU,Germany,Kolbingen,info@schako.de,https://schako.com/,schako-kg
SCHELL GmbH &amp; Co. KG,DEU,Germany,Olpe,info@schell.eu,www.schell.eu,schell-gmbh--co-kg
Schl&ouml;sser Armaturen GmbH &amp; Co. KG,DEU,Germany,Olpe,info@schloesser-armaturen.de,www.schloesser-armaturen.de,schloesser-armaturen-gmbh--co-kg
Schl&uuml;ter-Systems KG,DEU,Germany,Iserlohn,info@schlueter.de,www.schlueter-systems.com,schlueter-systems-kg
Schmalenberger GmbH &amp; Co. KG,DEU,Germany,Tübingen,info@schmalenberger.de,www.fluvo.de,schmalenberger-gmbh--co-kg
Wilhelm Schmidlin AG,CHE,Switzerland,Oberarth,info@schmidlin.ch,www.schmidlin.ch,wilhelm-schmidlin-ag
Schneider Electric GmbH,DEU,Germany,Düsseldorf,de-schneider-service@se.com,www.se.com,schneider-electric-gmbh
Hans Schneider Elektronik GmbH,DEU,Germany,Steinbach,info@schneider-elektronik.de,www.schneider-elektronik.com,hans-schneider-elektronik-gmbh
W. Schneider + Co. AG,CHE,Switzerland,Flums,info.ch@wschneider.com,www.wschneider.com,w-schneider--co--ag
Sch&ouml;ffel PRO GmbH,DEU,Germany,Schwabmünchen,info@schoeffel-pro.com,www.schoeffel-pro.com,schoeffel-pro-gmbh
Bundesverband des Schornsteinfegerhandwerks,DEU,Germany,St. Augustin,ziv@schornsteinfeger.de,www.schornsteinfeger.de,bundesverband-des-schornsteinfegerhandwerks
Schr&auml;der Abgastechologie (K. Schr&auml;der Nachf.),DEU,Germany,Kamen,kamen@schraeder.com,www.schraeder.com,karl-schraeder-nachf-inh-karl-heinz-schraeder-ek
SchrottBienen // ScrapBees GmbH,DEU,Germany,Neuss,hallo@schrottbienen.de,www.schrottbienen.de,scrapbees-gmbh
Sch&uuml;tte Group GmbH,DEU,Germany,Wallenhorst,info@fjschuette.com,www.fjschuette.com,franz-joseph-schuette-gmbh
Heinrich Schulte GmbH &amp; Co. KG,DEU,Germany,Iserlohn,info@heinrich-schulte.de,www.heinrich-schulte.de,heinrich-schulte-gmbh--co-kg
Schwank GmbH,DEU,Germany,Köln,info@schwank.de,www.schwank.de,schwank-gmbh
Bundesverband Schwimmbad &amp; Wellness (bsw) e.V.,DEU,Germany,Köln,wanschura.bsw@einzelhandel.de,www.bsw-web.de,bundesverband--schwimmbad--wellness-bsw-ev
Ctre Scientifique Technique du Batiment,FRA,France,Champs sur Marne,info@cstb.fr,www.cstb.fr,ctre-scientifique-technique-du-batiment
SDH Servicegesellschaft Deutsches Handwerk GmbH,DEU,Germany,München,service@sdh.de,www.sdh.de,sdh-servicegesellschaft-deutsches-handwerk-gmbh
"Guangzhou Seagull Kitchen and Bath Products Co., Ltd.",CHN,China,Guangzhou Guangdong,sales@seagullgroup.cn,www.seagullgroup.cn,guangzhou-seagull-kitchen-and-bath-products-co-ltd
"Seaman Enterprise Co., Ltd.",TWN,Taiwan,Changhua County,vincent.cheng@seaman.com.tw,www.seaman.com.tw,seaman-enterprise-co-ltd
SEA Rubber S.r.l.,ITA,Italy,Adrara San Martino,segreteria@searubber.com,www.searubber.com,sea-rubber-srl
Seba Italia Srl,ITA,Italy,Monteprandone (AP),sales1@eurocornicisrl.it,www.sebaitalia.it,seba-italia-srl
Sedal Group,ESP,Spain,Sant Andreu de la Barca,,www.sedal.com,sedal-slu
Sedes Group S.r.l.,ITA,Italy,Oderzo,info@sedesgroup.it,www.sedesgroup.it,sedes-group-srl
Seeley International,ITA,Italy,Arezzo,europesales@seeleyinternational.com,www.seeleyinternational.com,seeley-international-europe-limited
Segment Corporate Services Limited,HKG,Hong Kong,Shau Kei Wan,lvshin@lvshin.com,www.segment.com.cn,segment-corporate-services-limited
Selco GmbH,DEU,Germany,Chemnitz,info@selco-systems.com,www.selco-systems.com,selco-gmbh
SELDUS SHOWERCABIN - Labirent Dusakabin Cam Makina Ithalat Ihracat San.ve Tic. Ltd. Sti.,TUR,Türkiye,Gaziemir / Izmir,zeki.surucu@seldus.com.tr,www.seldus.com.tr,labirent-dusakabin-cam-makina-ithalat-ihracat-sanve-tic-ltd-sti
Selfa Grzejnictwo Elektryczne S. A.,POL,Poland,Szczecin,trading@sefa.pl,www.selfa.pl,selfa-grzejnictwo-elektryczne-s-a
Selmo Srl,ITA,Italy,Rubano,info@selmo.it,www.selmo.it,selmo-srl
Seltron d.o.o.,SVN,Slovenia,Maribor,info@seltron.si,www.seltron.eu,seltron-doo
Sempergreen Group B.V.,NLD,Netherlands,Odijk,sales@sempergreen.com,www.sempergreen.com,sempergreen-group-bv
SENEX d.o.o. Čelić,BIH,Bosnia and Herzegovina,Čelić,mirza.jasarevic@senex.ba,www.senex.ba,senex-doo-celic
SENOPLAST Klepsch &amp; Co. GmbH,AUT,Austria,Piesendorf,div2@senoplast.com,www.senoplast.com,senoplast-klepsch--co-gmbh
Sensaru GmbH,DEU,Germany,Karlsruhe,mail@sensaru.com,www.sensaru.com,sensaru-gmbh
Sensata Technologies Holland B.V.,NLD,Netherlands,Hengelo OV,pressure-info.eu@sensata.com,www.sensata.com,sensata-technologies-holland-bv
Senseair AB,SWE,Sweden,Delsbo,info@senseair.com,www.senseair.com,senseair-ab
SENSE Algi ve Kontrol Teknolojileri Co. Ltd.,TUR,Türkiye,Cankaya/ Ankara,info@senseandcontrol.com,www.senseandcontrol.com,sense-algi-ve-kontrol-teknolojileri-co-ltd
Seramiksan Turgutlu Seramik San. ve Tic A.S.,TUR,Türkiye,"Turgutlu, Manisa",export@seramiksan.com.tr,www.seramiksan.com.tr,seramiksan-turgutlu-seramik-san-ve-tic-as
SERIART G2 SRL,ITA,Italy,San Severino Marche,info@seriartg2.com,www.seriartg2.com,seriart-g2-srl
Sermeta SAS,FRA,France,Morlaix,julie.alegoet@sermeta.com,www.sermeta.com,sermeta-sas
Sesta S.r.l.,ITA,Italy,Acerra,francesco@sestsrl.it,www.sestasrl.it,sesta-srl
Metalac Sever Stjepan Sever,HRV,Croatia,Vrbovec,info@metalac-sever.hr,www.metalac-sever.hr,metalac-sever-stjepan-sever
SEW Systemtechnik f&uuml;r Energierecycling und W&auml;rmeflussbegrenzung GmbH,DEU,Germany,Kempen,info@sew-kempen.de,www.sew-kempen.de,sew-systemtechnik-fuer-energierecycling-und-waermeflussbegrenzung-gmbh
Sezer Aspirator Isitma ve Sogutma Sistemleri Imalati Mak. Ins. Tarim Hay. San. Tic. Ltd. Sti.,TUR,Türkiye,Izmir,satis@sezeraspirator.com,,sezer-aspirator-isitma-ve-sogutma-sistemleri-imalati-mak-ins-tarim-hay-san-tic-ltd-sti
SFA Group - Societe Francaise Assainissement SFA SAS,FRA,France,Paris,contact@sfagroup.com,www.sfa.fr,societe-francaise-assainissement-sfa-sas
SGI Heating Sp. z o.o.,POL,Poland,Legnica,iwona@sgiheating.pl,www.sgiheating.pl,sgi-heating-sp-z-oo
"Shanghai Enjoy Bath Thermostatic Technology Co., Ltd (SMLG)",CHN,China,Shanghai Shanghai Shi,maggie@smlgood.com,https://www.smlghvac.com/,shanghai-enjoy-bath-thermostatic-technology-coltd-smlg
"Taizhou Shenhu Sanitary Co., Ltd.",CHN,China,Taizhou Zhejiang,jason@tzshenhu.com,www.tzshenhu.com,taizhou-shenhu-sanitary-co-ltd
Guangdong Shenzhou Gas Appliance Co. Ltd.,CHN,China,Foshan Guangdong,info@chinashenzhou.cn,www.gd-shenzhou.com,guangdong-shenzhou-gas-appliance-co-ltd
"Shinhan Ceramic Co., Ltd.",KOR,"Korea, the Republic of (South)","Siheung, Gyeonggi",scco@scco.co.kr,www.scco.co.kr,shinhan-ceramic-coltd
"Anhui Shinhoo Canned Motor Pump Co., Ltd.",CHN,China,Hefei Anhui,info@shinhoopump.com,www.shinhoopump.com,anhui-shinhoo-canned-motor-pump-co-ltd
"Shinwoo Air Conditioning Co., Ltd.",KOR,"Korea, the Republic of (South)",Paju,,,shinwoo-air-conditioning-co-ltd
SHK INFO GmbH,DEU,Germany,Langenberg,,www.shk-info.de,shk-info-gmbh
Ningbo Shuaikang Water Heaters Co. Ltd.,CHN,China,Ningbo Zhejiang,kevin@sacon.cn,www.sacon-global.cn,ningbo-shuaikang-water-heaters-co-ltd
"Yuyao Shule Air-Conditioning Equipment Co., Ltd.",CHN,China,Ningbo Zhejiang,dskk1234@163.com,www.sule.cn,yuyao-shule-air-conditioning-equipment-coltd
"Shye Huei Enterprise Co., Ltd.",TWN,Taiwan,Chang Hua Hsien,shenter@ms24.hinet.net,www.shenter.com.tw,shye-huei-enterprise-co-ltd
"Shenzhen Shyugj Technology Co., Ltd.",CHN,China,Shenzhen Guangdong,cindy@hzc-electric.com,www.hzc-electric.com,shenzhen-shyugj-technology-co-ltd
SIAMP,MCO,Monaco,Monaco,contact@siamp.com,www.siamp.com,sam-siamp-cedap
SICCOM,FRA,France,Bondoufle,commercial@siccom.fr,www.siccom.com,societe-industrielle-et-commerciale-de-composants-sas
sicos solutions GmbH,DEU,Germany,Dresden,info@sicoss.de,www.sicoss.de,sicos-solutions-gmbh
Si &ndash; Das Fachmedium f&uuml;r SHK-Unternehmer,DEU,Germany,Bad Wörishofen,info@holzmann-medien.de,www.si-shk.de,holzmann-medien-gmbh--co-kg
Siegenia-Aubi KG,DEU,Germany,Wilnsdorf,info@siegenia.com,www.siegenia.com,siegenia-aubi-kg
Ingenieurgesellschaft Prof. Dr. Sieker mbH,DEU,Germany,Hoppegarten,info@sieker.de,www.sieker.de,ingenieurgesellschaft-prof-dr-sieker--mbh
Siemens AG Smart Infrastructure,DEU,Germany,Frankfurt am Main,events.de@siemens.com,www.siemens.de/smart-infrastructure,siemens-ag-smart-infrastructure
Sietra Electrical Appliance Co. Ltd. Changzhou,CHN,China,Changzhou Jiangsu,ckzhang@sietra.com.cn,www.sietra.com.cn,sietra-electrical-appliance-co-ltd-changzhou
SIKA Dr. Siebert &amp; K&uuml;hn GmbH &amp; Co. KG,DEU,Germany,Kaufungen,info@sika.net,www.sika.net,sika-dr-siebert--kuehn-gmbh--co-kg
Silmet S.p.A.,ITA,Italy,Torbole Casaglia,info@silmet.com,www.silmet.com,silmet-spa
Silotec GmbH,DEU,Germany,Pfaffenhofen,info@silotec24.com,www.silotec24.com,silotec-gmbh
Fonderie Sime S.p.A.,ITA,Italy,Legnago,mattia_magagnini@sime.it,www.sime.it,fonderie-sime-spa
SIMONFOND S.r.l.,ITA,Italy,,info@simonfond.it,www.simonfond.it,simonfond-srl
Simplex Torino S.r.l.,ITA,Italy,Rivoli,davide.munao@gmail.com,www.simplextorino.it,simplex-torino-srl
S.I.R.A.L. Societ&agrave; Italiana Rubinetterie Affini Lumezzane SpA,ITA,Italy,Lumezzane,info@siral.com,www.siral.com,siral-societaitaliana-rubinetterie-affini-lumezzane-s
Ningbo Siterwell Import &amp; Export Co. Ltd.,CHN,China,Ningbo Zhejiang,qiqi@china-siter.com,www.siterwellhome.com,ningbo-siterwell-import--export-co-ltd
SIT S.p.A.,ITA,Italy,Padova,,https://www.sitgroup.it/en/,sit-spa
Sivmech Components Inc,IND,India,Jamnagar,sales@sivmech.com,https://www.sivmech.com/,sivmech-components-inc
Siyaram Recycling Industries Ltd.,IND,India,"Jamnagar, Gujarat",bhavesh@siyaramindustries.co.in,www.siyaramindustries.co.in,siyaram-recycling-industries-ltd
Skadec GmbH,DEU,Germany,Waldenburg,,www.skadec.de,skadec-gmbh
Skoberne GmbH,DEU,Germany,Pfungstadt,info@skoberne.de,www.skoberne.de,skoberne-gmbh
Slezak-RAV CZ s.r.o.,CZE,Czech Republic,Olomouc,export@slezak-rav.cz,www.slezak-rav.cz,slezak-rav-cz-sro
SmartHeat Deutschland GmbH,DEU,Germany,Güstrow,info@smartheat.de,www.smartheat.de,smartheat-deutschland-gmbh
SMART-HP SP&Oacute;ŁKA Z OGRANICZONĄ ODPOWIEDZIALNOŚCIĄ,POL,Poland,Rogożno,heatex.zakupy@gmail.com,www.smart-tank.pl,smart-hp-sp-z-oo
SMA Solar Technology AG,DEU,Germany,Niestetal,info@sma.de,www.sma.de,sma-solar-technology-ag
Smitsair B.V. / Smitsair-JETsystemen B.V.,NLD,Netherlands,Uithoorn,verkoop@smitsair.nl,www.smitsair.nl,smitsair-bv
Sms Tork Sanayi Malzemeleri Uretim ve Satisi A.S.,TUR,Türkiye,Istanbul,sales@smstork.com,https://smstork.com/en,sms-sanayi-malzemeleri-uretim-ve-satisi-anonim-sirketi
SMT Systems &amp; Modules Technology AG,CHE,Switzerland,Wald,info@smtec-ag.ch,www.smtec-ag.ch,smt-systems--modules-technology-ag
Sobime S.A.,ESP,Spain,Sant Feliu de Llobregat,sobime@sobime.com,www.sobime.com,sobime-sa
SODECA S.L.U.,ESP,Spain,St. Quirze de Besora,ventilation@sodeca.com,www.sodeca.com,sodeca-slu
"SOFIIVKA-MONTAZH, LLC",UKR,Ukraine,Sofiivska Borshagivka,,termojet.com.ua,ltd-sofiivka-montazh
Solarbayer GmbH | BYB &quot;build your boiler&quot;,DEU,Germany,Pollenfeld-Preith,info@solarbayer.de,https://www.solarbayer.de,solarbayer-gmbh
SOLAR-COMPUTER GmbH,DEU,Germany,Göttingen,info@solar-computer.de,www.solar-computer.de,solar-computer-gmbh
Solareast Heat Pump Ltd.,CHN,China,Foshan Guangdong,heatpump@solareast.com,www.solareasthvac.com,solareast-heat-pump-ltd
Industrias Ramon Soler S.L.,ESP,Spain,Sant Joan Despi - Barcelona,cgarcia@rsramonsoler.com,www.rsramonsoler.com,industrias-ramon-soler-sa
"Solid Soft Tray, S.L.",ESP,Spain,Alzira,margarita.selma@solidsoft-tray.com,www.solidsoft-tray.com,solid-soft-tray-sl
Solidtop Co. Ltd.,CHN,China,Zhuhai Guangdong,info@solidtop.cn,www.solidtop.com.cn,solidtop-co-ltd
Solimpeks Enerji San. ve Tic. A.S.,TUR,Türkiye,"Karatay, Konya",info@solimpeks.com,www.solimpeks.com,solimpeks-enerji-san-ve-tic-as
Solin SA,GRC,Greece,Athens,exports@solin.gr,www.solin.gr,solin-sa
"Soloon Controls (Beijing) Co., Ltd.",CHN,China,Beijing Beijing Shi,bruce_soloon@126.com,www.soloonactuators.com,soloon-controls-beijing-co-ltd
Somany Ceramics Ltd.,IND,India,Noida,amit@somanyceramics.com,www.somanyceramics.com,somany-ceramics-ltd
SonFlow A/S,DNK,Denmark,Kolding,info@sonflow.dk,www.sonflow.eu,sonflow-as
SONNE AKTION LTD,GRC,Greece,Metamorphosè,sales@sonne.gr,www.sonne.gr,sonne-aktion-ltd
SONNIGER S.A.,POL,Poland,Gdynia,export@sonniger.com,www.sonniger.com,sonniger-sa
SONTEC Sensorbau GmbH,DEU,Germany,Lennestadt,info@sontec.de,www.sontec.de,sontec-sensorbau-gmbh
sopra AG,DEU,Germany,Koblenz,,www.sopra.de,sopra-ag
Sopro Bauchemie GmbH,DEU,Germany,Wiesbaden (Mainz-Kastel),info@sopro.com,www.sopro.com,sopro-bauchemie-gmbh
SOREL Mikroelektronik GmbH,DEU,Germany,Wetter (Ruhr),info@sorel.de,www.sorel.de,sorel-mikroelektronik-gmbh
Sortimo International GmbH,DEU,Germany,Zusmarshausen,direct@sortimo.de,www.sortimo.de,sortimo-international-gmbh
SpeedComfort B.V.,NLD,Netherlands,Rotterdam,wouter@speedcomfort.com,www.speedcomfort.com,speedcomfort-bv
Spirotech B.V. Niederlassung Deutschland,DEU,Germany,Düsseldorf,info@spirotech.de,www.spirotech.de,spirotech-bv-niederlassung-deutschland
Sprinz GmbH &amp; Co. KG,DEU,Germany,Grünkraut,info@sprinz.eu,www.sprinz.eu,joh-sprinz-gmbh--co-kg
Gerhard Spr&uuml;gel GmbH,DEU,Germany,Ingelfingen,info@spruegel.com,www.spruegel.com,gerhard-spruegel-gmbh
S &amp; P Sistemas de Ventilaci&oacute;n S. L. U.,ESP,Spain,Parets del Valles (Barcelona),consultas@solerpalau.com,www.solerpalau.com,s--p-sistemas-de-ventilacin-s-l-u
SPYGEN BATHWARE,IND,India,Morbi,spygenbathware@gmail.com,,spygen-bathware
Srijan Exports,IND,India,Chandigarh,bhaavangupta@srijanexports.com,www.srijanexports.com,srijan-exports
S.R. Rubinetterie Srl,ITA,Italy,Valduggia,antonellatonetti@sr-rubinetterie.it,www.sr-rubinetterie.it,sr-rubinetterie-srl
"S.r San-Mix Metal Making Co., Ltd.",CHN,China,Shangrao Jiangxi,sanmix@srsanmix.com,www.srsanmix.com,sr-san-mix-metal-making-co-ltd
S + S Regeltechnik GmbH,DEU,Germany,Nürnberg,exhibition@spluss.de,www.spluss.de,s--s-regeltechnik-gmbh
RZT Technika Grzewcza Lukasz Stachnik,POL,Poland,Brzezie,lukasz.stachnik@rzt.com.pl,https://rzt.com.pl/,rzt-technika-grzewcza-lukasz-stachnik
Stamperia Bosatra Srl,ITA,Italy,Borgosesia,vendite@stamperiabosatra.it,www.stamperiabosatra.it,stamperia-bosatra-srl
Stavoklima s.r.o.,CZE,Czech Republic,Homole,info@stavoklima.cz,www.stavoklima.cz,stavoklima-sro
STEAM S.r.l.,ITA,Italy,Piedimulera,info@steamsrl.com,www.steamsrl.com,steam-srl
Steinberg GmbH,DEU,Germany,Düsseldorf,info@steinberg-armaturen.de,www.steinberg-armaturen.de,steinberg-gmbh
Steitz-Innovation Produktentwicklung Petra Steitz,DEU,Germany,Guldental,,,steitz-innovation-produktentwicklung-petra-steitz
Rubinetterie Stella S.p.A.,ITA,Italy,Dormelletto,s.marchetti@rubinetteriestella.it,www.rubinetteriestella.it,rubinetterie-stella-spa
Stern Engineering Ltd.,USA,United States,Clifton New Jersey,stern1@sternfaucets.com,www.sternfaucets.com,stern-engineering-ltd
Stiebel Eltron GmbH &amp; Co. KG,DEU,Germany,Holzminden,info@stiebel-eltron.de,www.stiebel-eltron.de,stiebel-eltron-gmbh--co-kg
Stiferite S.p.A.,ITA,Italy,Padova,adestro@stiferite.com,,stiferite-spa
Strasshofer GmbH,DEU,Germany,Mylau,info@strasshofer.de,www.strasshofer.de,strasshofer-gmbh
strawa W&auml;rmetechnik GmbH,DEU,Germany,Schwabhausen,,,strawa-waermetechnik-gmbh
STREIT Software GmbH,DEU,Germany,Haslach,info@streit-software.de,www.streit-software.de,streit-software-gmbh
STROBEL VERLAG GmbH &amp; Co. KG,DEU,Germany,Arnsberg,,www.strobel-verlag.de,strobel-verlag-gmbh--co-kg
Strut Direct Limited,GBR,Great Britain and Northern Ireland,Wednesbury,sales@strutdirect.com,www.strutfoot.co.uk,strut-direct-limited
Studio Tecnico Sviluppo e Ricerche S.T.S.R. S.r.l.,ITA,Italy,Lacchiarella,info@stsr.it,www.stsr.it,studio-tecnico-sviluppo-e-ricerche-stsr-srl
Stulz GmbH Gesch&auml;ftsbereich S-Klima,DEU,Germany,Hamburg,hotline@s-klima.de,www.s-klima.de,stulz-gmbh-geschaeftsbereich-s-klima
Styron Kereskedelmi &Eacute;s Szolg&aacute;ltato Kft.,HUN,Hungary,Kóka,ertekesites@styron.hu,www.styron.hu,styron-kereskedelmi-s-szolgltato-kft
"Zhejiang Suerda Sanitary Co., Ltd.",CHN,China,Yuhuan Zhejiang,sales1@suerda.com,www.suerda.com,zhejiang-suerda-sanitary-co-ltd
SUMEC Industry &amp; Engineering GmbH,DEU,Germany,Frankfurt am Main,s.mueller@sumec-germany.de,,sumec-industry--engineering-gmbh
Sunamp Ltd.,GBR,Great Britain and Northern Ireland,Tranent,info@sunamp.com,www.sunamp.com,sunamp-ltd
"Zhejiang Sunco Heat Exchange System Co., Ltd",CHN,China,Zhuji Zhejiang,simon@ussunco.com,www.china-sunco.com,zhejiang-sunco-heat-exchange-system-co--ltd
Sunerg Solar Energy S.r.l.,ITA,Italy,"Cinquemiglia, Città di Castello",,www.sunergsolar.com,sunerg-solar-energy-srl
SUNEX S.A.,POL,Poland,Racibórz,info@sunex.pl,www.sunex.pl,sunex-sa
Sunfly Smart Heating System D.o.o.,SRB,Serbia,Beograd (Novi Beograd),office@sunflyeurope.com,www.sunflyeurope.com,sunfly-smart-heating-system-doo
Zhejiang Sunlight Heating Equipmeng Co. Ltd.,CHN,China,Quzhou Zhejiang,sunnat@sunnat.com.cn,www.sunlight-heating.com,zhejiang-sunlight-heating-equipmeng-co-ltd
Sunmaxx PVT GmbH,DEU,Germany,Ottendorf-Okrilla,office@sunmaxx-pvt.com,www.sunmaxx-pvt.com,sunmaxx-pvt-gmbh
Tangshan Sunrise Ceramic Products Co. Ltd.,CHN,China,Tangshan Hebei,001@sunrise-ceramic.com,www.sunriseceramicgroup.com,tangshan-sunrise-ceramic-products-co-ltd
"Yuhuan Sunshi Hvac Equipment Co., Ltd.",CHN,China,Yuhuan Zhejiang,sun1@haussun.com,www.haussun.com,yuhuan-sunshi-hvac-equipment-co-ltd
Guangzhou Sunspir Metal Products Co. Ltd.,CHN,China,Guangzhou Guangdong,Kevin.sun@sunspir.com,www.sunspir.com,guangzhou-sunspir-metal-products-co-ltd
SUNSYSTEM,BGR,Bulgaria,Shumen,a.hadzhinikolov@sunsystem.bg,www.sunsystem.bg,nes---new-energy-systems-ood
Suntec Industries France SAS,FRA,France,Longvic,information@suntec.fr,www.suntec.fr,suntec-industries-france-sas
Superior Seals Limited,GBR,Great Britain and Northern Ireland,Wimborne,sales@superiorltd.com,www.superiorltd.com,superior-seals-limited
Supra Quality Exports India Pvt. Ltd.,IND,India,Maharashtra,kunalsupraexports@gmail.com,www.supraindia.com,supra-quality-exports-india-pvt-ltd
The Supreme Industries Overseas (FZE),ARE,United Arab Emirates,Sharjah,nkbhagdikar@supreme.co.in,www.supreme.co.in,the-supreme-industries-overseas-fze
Swegon Group AB,SWE,Sweden,Västra Frölunda,,,swegon-group-ab
SWEP,SWE,Sweden,Landskrona,info@swep.net,www.swep.net,swep-international-ab
Swisotec Poland Sp z o.o.,POL,Poland,Warszawa,,,swisotec-poland-sp-z-oo
Swiss Aqua Technologies AG,CHE,Switzerland,Cham,info@swatec.ch,www.swiss-aqua.com,swiss-aqua-technologies-cz-sro
Swiss Eco Line AG,CHE,Switzerland,Chur,info@swissecoline.com,www.swissecoline.com,swiss-eco-line-ag
Swiss Rotors Sp. z o.o.,POL,Poland,Warszawa,,www.swissrotors.com,swiss-rotors-sp-z-oo
Syka-Soft GmbH &amp; Co. KG,DEU,Germany,Veitshöchheim,info@sykasoft.de,www.sykasoft.de,syka-soft-gmbh--co-kg
Systa Met India Private Limited,IND,India,Jamnagar,sales@systametindia.com,,systa-met-india-private-limited
systec Controls Me&szlig;- und Regeltechnik GmbH,DEU,Germany,Puchheim,info@systec-controls.de,www.systec-controls.de,systec--controls-mess--und-regeltechnik-gmbh
Systemair GmbH,DEU,Germany,Boxberg-Windischbuch,,www.systemair.de,systemair-gmbh
Szlif Glass S.J. Urszula Szurek &amp; Piotr Szurek,POL,Poland,Piensk,biuro@szlifglass.pl,www.szlifglass.pl,szlif-glass-sj-urszula-szurek--piotr-szurek
Taco Italia S.r.l.,ITA,Italy,Sandrigo,info@tacoitalia.com,www.tacoitalia.com,taco-italia-srl
Taconova GmbH,DEU,Germany,Singen (Hohentwiel),deutschland@taconova.com,www.taconova.com,taconova-gmbh
Tianjin Taidu Technology Development Co. Ltd.,CHN,China,Tianjin Tianjin Shi,catherine@a-legend.cn,www.world-radiator.com,tianjin-taidu-technology-development-co-ltd
Taifun Software GmbH,DEU,Germany,Hannover,info@taifun-software.de,www.taifun-software.de,taifun-software-gmbh
"Taiwan CMC Co., Ltd.",TWN,Taiwan,Taipei,vanessa@cmc.com.tw,www.cmc.com.tw,taiwan-cmc-co-ltd
Taizhou Bosin Sanitary Ware Co. Ltd.,CHN,China,Taizhou Zhejiang,joyce@bosinbaths.com,www.bosinbaths.com,taizhou-bosin-sanitary-ware-co-ltd
"Taizhou Eisoo Kitchen &amp; Bathroom Co., Ltd.",CHN,China,Taizhou Zhejiang,sales01@lh-jieli.com,,taizhou-eisoo-kitchen--bathroom-co-ltd
Taizhou Zhenrong Valve Co. Ltd.,CHN,China,Yuhuan Zhejiang,jinggong04@sh-sansheng.com,www.sh-sansheng.com,taizhou-zhenrong-valve-co-ltd
TANGRA AV OOD,BGR,Bulgaria,Sofia,sales@tangra.bg,www.tangra.bg,tangra-av-ood
TANOS GmbH,DEU,Germany,Illertissen,info@tanos.de,www.tanos.de,tanos-gmbh
Tanpera Teknoloji ve End&uuml;striyel &Uuml;r&uuml;nler San. ve Tic. A.S.,TUR,Türkiye,"Pendik, Istanbul",satis@tanpera.com.tr,www.tanpera.com.tr,tanpera-teknoloji-ve-enduestriyel-ueruenler-san-ve-tic-as
Tapart Technology Inc. (General Shower),KOR,"Korea, the Republic of (South)",Namdong-gu,grhi@tapart.co.kr,www.tapart.co.kr,tapart-technology-inc
Zhejiang Tasan Flow Tech Co. Ltd,CHN,China,Taizhou Zhejiang,sales1@tasan.cn,www.tasan.cn,zhejiang-tasan-flow-tech-co-ltd
Tasseron Sensors B.V.,NLD,Netherlands,Nootdorp,sales@tasseron.nl,www.tasseron.nl,tasseron-sensors-bv
TATAY,ESP,Spain,Montornès del Vallès,tatay@tatay.es,www.tatay.com,plasticos-tatay-sau
Taytech Enerji Teknolojileri Sanayi ve Ticaret A.S.,TUR,Türkiye,Kocaeli,info@taytech.com.tr,www.taytech.com.tr,taytech-otomasyon-ve-bilisim-teknolojileri-as
Tazzetti S.p.A.,ITA,Italy,Volpiano,chiara.lotito@tazzetti.com,www.tazzetti.com,tazzetti-spa
"TCL Air Conditioner (Zhongshan) Co., Ltd.",CHN,China,Zhongshan Guangdong,omc@tcl.com,www.hao.tcl.com,tcl-air-conditionerzhongshan-co-ltd
TDM BRASS S.r.l.,ITA,Italy,Maclodio,info@tdmbrass.it,www.tdmbrass.it,tdm-brass-srl
T-Drill Oy,FIN,Finland,Laihia,sales@t-drill.fi,https://www.t-drill.com,t-drill-oy
TECE SE,DEU,Germany,Emsdetten,info@tece.de,www.tece.com,tece-gmbh
Techaqua AG,CHE,Switzerland,Bilten,info@techaqua.ch,www.techaqua.ch,techaqua-ag
Techinit Srl,ITA,Italy,Albignasego,info@techinit.it,www.techinit.it,techinit-srl
Technirel,FRA,France,La Ciotat,info@technirel.com,www.technirel.com,technirel-sas
Technische Alternative RT GmbH,AUT,Austria,Amaliendorf,mail@ta.co.at,www.ta.co.at,technische-alternative-rt-gmbh
Technova srl,ITA,Italy,Palazzolo Sull’Oglio,technova@technova.it,www.technova.it,technova-srl
Technowell M&uuml;hendislik İklimlendirme SAN. ve TİC. A.S.,TUR,Türkiye,Dilovası-Koacaeli,fatmanur.isikgoz@technowell.com.tr,https://technowell.com.tr/en/,technowell-muehendislik-iklimlendirme-san-tic--as
TECH STEROWNIKI II Sp. z o.o.,POL,Poland,Wieprz,poczta@techsterowniki.pl,,tech-sterowniki-ii-sp-z-oo
Techtronic Industries Central Europe GmbH,DEU,Germany,Hilden,galp.milwaukee@tti-emea.com,www.milwaukeetool.de,techtronic-industries-central-europe-gmbh
Tecniche Nuove S.p.A.,ITA,Italy,Milano,daniela.toloi@tecnichenuove.com,www.tecnichenuove.com,tecniche-nuove-spa
TecnoCamini S.r.l.,ITA,Italy,Sava,commerciale@tecnocamini.it,www.tecnocamini.it,tecnocamini-srl
Tecnocontrol S.r.l.,ITA,Italy,Segrate,info@tecnocontrol.it,www.cpfgroup.it,tecnocontrol-srl
Tecnogas Srl,ITA,Italy,Albignasego,marketing@tecnogas.net,www.tecnogas.net,tecnogas-srl
Tecnosystemi S.p.A. - Societ&agrave; Benefit,ITA,Italy,Vittorio Veneto,elisabetta.introvigne@tecnosystemi.com,www.tecnosystemi.com,tecnosystemi-spa---societ-benefit
Teco S.r.l.,ITA,Italy,Provaglio D'Iseo,info@tecosrl.it,www.tecosrl.it/en/,teco-srl
Tehnoexport d.o.o.,SRB,Serbia,Indjija,miljan.tomas@tehnoexport.com,www.tehnoexport.rs,tehnoexport-doo
TEKIS Tube Forming,TUR,Türkiye,Kocaeli,sales@tekiskalip.com.tr,www.tekiskalip.com.tr,tekis-teknik-erozyon-ve-kalip-as
Teknikflex Paslanmaz Metal A.S.,TUR,Türkiye,"Ümraniye, Istanbul",c.assist@technicflex.com,https://technicflex.com/,teknikflex-paslanmaz-metal-as
Teknik Isisan Rezistans Sanayi Ve Ticaret Limited Sirketi,TUR,Türkiye,Bursa,orkun@teknikisisan.com,www.teknikisisan.com,teknik-isisan-rezistans-sanayi-ve-ticaret-limited-sirketi
TEKNIX Engineering,HUN,Hungary,Nyíregyháza,info@teknix.pro,teknix.pro,s-plusz-k-technik-kft
Tekno Point Italia Srl,ITA,Italy,Marcon,rocco.bolgan@teknopoint.com,www.teknopoint.com,tekno-point-italia-srl
TEKO Gesellschaft f&uuml;r K&auml;ltetechnik mbH,DEU,Germany,Altenstadt,info@teko-gmbh.com,,teko-gesellschaft-fuer-kaeltetechnik-mbh
Tekpar M&uuml;hendislik A.S.,TUR,Türkiye,Manisa,koclular@tekparmuhendislik.com.tr,,tekpar-muehendislik-as
Teksan Ticaret,TUR,Türkiye,Afyonkarahisar,info@teksanisi.com,www.teksanisi.com,teksan-ticaret
TEL GmbH,DEU,Germany,Leichlingen,info@tel-gmbh.com,https://wirheizenmitstrom.com/pages/infrarotheizung-fur-hallen-z-b-lagerhalle-produktionshalle-logistikhalle,tel-gmbh
"Hubei Telin Energy-Saving Equipment Co., Ltd.",CHN,China,Huangshi Hubei,jacob@sztelin.com,www.sztelin.com/en,hubei-telin-energy-saving-equipment-co-ltd
TEN-FLUID S.r.l.,ITA,Italy,Villongo,contatto@ten-fluid.it,www.ten-fluid.it,ten-fluid-srl
TENKO UG (haftungsbeschr&auml;nkt),DEU,Germany,Frankfurt am Main,pavel.tenko@gmail.com,https://tenko.ua/en,tenko-ug-haftungsbeschraenkt
LLC RPE TEPLOBAK,UKR,Ukraine,Ternopil,marketing@teplobak.com.ua,https://www.teplobak.eu,llc-rpe-teplobak
"TEPLOСERAMIС, LLC",UKR,Ukraine,Kyiv,export@teploceramic.pro,www.teploceramic.ua/en/,teploerami-llc
TERMIK Sp. z o.o.,POL,Poland,Mragowo,info@termik.pl,www.termik.pl,termik-sp-z-oo
Termodinamik Isitma Sistemleri San. ve Tic. A.S,TUR,Türkiye,Kemalpasa / Izmir,,https://tdheating.com.tr,termodinamik-isitma-sistemleri-san-ve-tic-as
TERMO-FOL Sp. z o.o.,POL,Poland,Kraków,d.serafin@termofol.pl,https://heatingfilm.eu/en/,termo-fol-sp-z-oo
TERMOGEA,ITA,Italy,Pomezia,info@termogea.com,https://www.termogea.com/smart-home-climate-control/,dek-italia-srl
Termomont Simanovci,SRB,Serbia,Simanovci,jelena@termomont.rs,www.termomont.rs,doo-termomont-simanovci
TERMOPAN - &Uuml;st&uuml;n Isitma ve Sogutma Ekipmanlari Imalat Pazarlama San. ve Tic. Ltd. Sti.,TUR,Türkiye,Torbali/Izmir,info@termopan.com.tr,www.termopan.com.tr,uestuen-isitma-ve-sogutma-ekipmanlari-imalat-pazarlama-san-ve-tic-ltd-sti
Termoregolatori Campini Corel S.p.A.,ITA,Italy,Mariano Comense,commerciale@campinicorel.it,www.campinicorel.it,termoregolatori-campini-corel-spa-spa
TerraNEXT GmbH,DEU,Germany,Stuttgart,hello@terrnext.io,www.terranext.io,terranext-gmbh
Terrendis NV,BEL,Belgium,Desteldonk,info@terrendis.com,www.terrendis.com,terrendis-nv
TES Elektrik Baglanti Elemanlari San. ve Tic. Ltd. Sti.,TUR,Türkiye,Büyükcemece / Istanbul,info@teskablo.com,www.teskablo.com,tes-elektrik-baglanti-elemanlari-san-ve-tic-ltd-sti
Teska Banyo Aksesuarları Sanayi ve Dış Ticaret Limited Şirketi,TUR,Türkiye,Istanbul,,https://www.teska.com.tr/,teska-banyo-aksesuarlari-san-ve-tic-ltd-sti
Tespe S.r.l.,ITA,Italy,Chiuduno,m.longa@tespe.it,www.tespe.it,tespe-srl
Testo SE &amp; Co. KGaA,DEU,Germany,Titisee-Neustadt,vertrieb@testo.de,www.testo.de,testo-se--co-kgaa
Testo Sensor GmbH,DEU,Germany,Lenzkirch,info@testo-sensor.de,www.testo-sensor.de,testo-sensor-gmbh
TGU Ecalia,DEU,Germany,Stuttgart,info@ecalia.de,www.ecalia.de,tgu-ecalia
THALE sp. z o.o. sp. k.,POL,Poland,Olsztyn,,www.niczuk.pl,thale-sp-z-oo-sp-k
THC Chile S.A.,CHL,Chile,Santiago,info@thc.cl,www.thc.cl,thc-chile-sa
Theben AG,DEU,Germany,Haigerloch,info@theben.de,www.theben.de,theben-ag
Theben Smart Energy GmbH,DEU,Germany,Haigerloch,kontakt@theben-se.de,www.theben-se.de,theben-smart-energy-gmbh
Theonilde SRL,ITA,Italy,Vobarno,info@theonilde.it,www.theonilde.it,theonilde-srl
THERMEX ITALIA SRL,ITA,Italy,Argelato,,www.thermex.com,thermex-italia-srl
Thermex Latvija SIA,LVA,Latvia,Riga,mtaran@thermex.com,www.thermex.lv,thermex-latvija-sia
Thermofin GmbH,DEU,Germany,Heinsdorfergrund,info@thermofin.de,www.thermofin.de,thermofin-gmbh
THERMOKON Sensortechnik GmbH,DEU,Germany,Mittenaar,email@thermokon.de,www.thermokon.de,thermokon-sensortechnik-gmbh
"Thermona, spol. s.r.o.",CZE,Czech Republic,Zastávka,thermona@thermona.cz,www.thermona.eu,thermona-spol-sro
Thermopads Pvt. Ltd.,IND,India,"Punjagutta, Hyderabad",exp_promn@thermopads.com,www.thermopads.com,thermopads-pvt-ltd
Thermopick Insulation Srl,ROU,Romania,Constanta,iulian.pavel@blackseasuppliers.ro,www.thermopick.ro,thermopick-insulation-srl
Thermoplus W&auml;rmepumpe Technology GmbH,DEU,Germany,Stuttgart,,www.thermo-climate.com,thermoplus-waermepumpe-technology-gmbh
Thermostone GmbH,DEU,Germany,Merkendorf,sidiropoulos@thermostone.de,www.thermostone.de,thermostone-gmbh
Thermowatt S.p.A.,ITA,Italy,Arcevia,info@thermowatt.com,www.thermowatt.com,thermowatt-spa
The Unified Water Label Association,GBR,Great Britain and Northern Ireland,"Keele, Newcastle",vikki.hollins@uwla.eu,www.uwla.eu,the-unified-water-label-association
The Things Industries,NLD,Netherlands,Amsterdam,info@thethingsindustries.com,https://www.thethingsindustries.com/,the-things-industries
Thomas Dudley Ltd.,GBR,Great Britain and Northern Ireland,"Dudley, West Midlands",info@thomasdudley.co.uk,www.thomasdudley.co.uk/plumbing,thomas-dudley-ltd
"Thomas T Intelligent Technology Co., Ltd.",CHN,China,Wuxi Jiangsu,michael@thomast.com.cn,www.thomast.com.cn,thomas-t-intelligent-technology-co-ltd
Thorsten Moortz - handwerk.live,DEU,Germany,Bohmte,moortz@gmail.com,www.handwerk.live,thorsten-moortz
Thp Makine San. ve Tic. Ltd. Şti.,TUR,Türkiye,Canakkale,info@thp.com.tr,www.thp.com.tr,thp-makina-san-ltd
THS Thermostyle,BGR,Bulgaria,Sofia,office@thermostyle.bg,www.thermostyle.bg,jozi-2009-eood
TIA sp. z o.o.,POL,Poland,Przeworsk,export@tia.com.pl,https://tia.com.pl,tia-sp--z-oo
TigerIoT (Singapore) Pte. Ltd.,SGP,Singapore,Singapore,sales2@tigeriot.com,www.tigeriot.com,tigeriot-singapore-pte-ltd
"TIKI HVAC, d.o.o.",SVN,Slovenia,Velenje,,,tiki-hvac-doo
TillerStack GmbH,DEU,Germany,Berlin,info@tillerstack.com,www.tillerstack.com,tiller-stack-gmbh
Timkid GmbH,DEU,Germany,Dömitz,info@timkid.de,www.timkid.de,timkid-gmbh
T.M.L. srl,ITA,Italy,Civitella Del Tronto,info@tmlgroup.it,www.tmlgroup.it,tml-srl
"Zhejiang Tona Home Co., Ltd.",CHN,China,Taizhou Zhejiang,ciel@tona.com,www.tona.com,zhejiang-tona-home-co-ltd
Tong Chi Stainless Steel Engineering Limited,HKG,Hong Kong,Kowloon,info@hugemount.com,www.yijin.com,tong-chi-stainless-steel-engineering-limited
Tonino Lamborghini Spa,ITA,Italy,Argelato,,www.lamborghini.it,tonino-lamborghini-spa
ToolTime GmbH,DEU,Germany,Berlin,support@tooltime.de,www.tooltime.app,tooltime-gmbh
"Top Aqua Flow Control Co., Limited",HKG,Hong Kong,Kowloon,sales@topaquasystem.com,www.topaquasystem.com,top-aqua-flow-control-co-limited
"Shenzhen Topband Co., Ltd.",CHN,China,Shenzhen Guangdong,beiwanbing@topband.com.cn,www.topbandsmart.com,shenzhen-topband-co-ltd
Topfix Machinery Mfg Co. Ltd.,CHN,China,Qingdao Shandong,topfix@topfixcn.com,www.topfixcn.com,topfix-machinery-mfg-co-ltd
Top Light GmbH &amp; Co. KG,DEU,Germany,Spenge,brief@top-light.de,www.top-light.de,top-light-gmbh--co-kg
Toptoilet SAS,FRA,France,Rivesaltes,,,toptoilet-sas
Topway Imp. &amp; Exp. Corp.,CHN,China,Ningbo Zhejiang,export@i-topway.com,http://www.i-topway.com,topway-imp--exp-corp
Torgen GmbH,CHE,Switzerland,Spreitenbach,barbara.stuebi@torgen.ch,www.torgen.ch,torgen-gmbh
TOR.MET. SRL,ITA,Italy,Casale Corte Cerro,alessandra.brevi@tormet.com,www.tormet.com,tormet-srl
Torun Metal A.S.,TUR,Türkiye,"Gebze, Kocaeli",ugur.kivrak@torunmetal.com,www.torunmetal.com,torun-metal-as
TOTO Europe GmbH,DEU,Germany,Düsseldorf,teu.information@toto.com,eu.toto.com,toto-europe-gmbh
T.P.A. SRL,ITA,Italy,Brendola,info@tpa.vi.it,www.tpa.vi.it,tpa-srl
TPS IMP d.o.o.,SVN,Slovenia,Kamnik,info@tps-imp.si,www.tps-imp.si,tps-imp-doo
Trafilerie Carlo Gnutti S.p.A.,ITA,Italy,Chiari,gnutti.export@gnuttichiari.it,www.gnuttichiari.it,trafilerie-carlo-gnutti-spa
Trane Deutschland GmbH,DEU,Germany,Oberhausen,info@trane.de,www.trane.eu,trane-deutschland-gmbh
Transaxe Sarl,FRA,France,Les Lucs Sur Boulogne,hugo@solarem.net,www.transaxe.fr,transaxe-sarl
Trautwein Pr&auml;zisionsdrehteile GmbH,DEU,Germany,Dunningen,trautwein@firner-trautwein.de,www.firner-trautwein.de,trautwein-praezisionsdrehteile-gmbh
Trend Control Systems,DEU,Germany,Offenbach am Main,info@trendcontrols.com,https://trendcontrols.com,honeywell-gmbh-trend-controls
TRIC GmbH,DEU,Germany,Wiesbaden,,,tric-gmbh
Tridium Europe Ltd,GBR,Great Britain and Northern Ireland,Coolham,ordersemea@tridium.com,https://www.tridium.com/,tridium-europe-ltd
Trimble Germany GmbH,DEU,Germany,Bonn,info-de@trimble.com,https://mep.trimble.com/de/,trimble-services-gmbh
Triple Solar B.V.,NLD,Netherlands,Amsterdam,,www.triplesolar.eu,triple-solar-bv
Triveneta Fumi Srl,ITA,Italy,Piombino Dese,export@trivenetafumi.it,,triveneta-fumi-srl
Trocellen Italia S.p.A.,ITA,Italy,Caponago,,http://insulation.trocellen.com,trocellen-italia-spa
TROX GmbH,DEU,Germany,Neukirchen-Vluyn,trox-de@troxgroup.com,www.trox.de,trox-gmbh
TROX X-FANS GmbH,DEU,Germany,Bad Hersfeld,trox-xfans@troxgroup.com,www.trox-xfans.de,trox-x-fans-gmbh
TS Armatur AB,SWE,Sweden,Helsingborg,info@tsarmatur.se,https://tsarmatur.se,ts-armatur-ab
TTM GmbH,ITA,Italy,Prad am Stilfserjoch,,,ttm-gmbh
TTO Thermotechnik d.o.o.,HRV,Croatia,Drazice,info@thermotechnik.hr,www.thermotechnik.hr,tto-thermotechnik-doo
TT Plast S.A.,POL,Poland,Kłaj,abogdanowicz@ttplast.com,www.ttplast.com,tt-plast-sa
"Tubomart Enterprise Co., Limited",HKG,Hong Kong,Wanchai,export@tubomart.com,www.tubomart.com,tubomart-enterprise-co-limited
TUCAI SA,ESP,Spain,Barbera del Valles,info@tucai.com,www.tucai.com,tucai-sa
T&Uuml;V S&Uuml;D Industrie Service GmbH,DEU,Germany,München,info@tuev-sued.de,www.tuev-sued.de,tuev-sued-industrie-service-gmbh
Tulvari Oy,FIN,Finland,Kempele,asiakaspalvelu@tulvari.fi,,tulvari-oy
Turan Seramik San. ve Tic. A.S.,TUR,Türkiye,Ordu,sadik@turanseramik.com,www.turavit.com,turan-seramik-san-ve-tic-as
Turconn Metal Sanayi Ve Tic. A.S.,TUR,Türkiye,"Tuzla, Istanbul",burcu.cakir@turconn.com,www.turconn.com,turconn-metal-sanayi-ve-tic-as
Turkish Ceramics,TUR,Türkiye,Balgat/Ankara,oaib@oaib.gov.tr,www.turkishceramics.com,cement-glass-ceramics-and-soil-products-exporters-association
Turkuaz Seramik Sanayi ve Ticaret A.S.,TUR,Türkiye,Melikgazi/Kayseri,info@turkuazseramik.com.tr,www.turkuazseramik.com.tr,turkuaz-seramik-sanayi-ve-ticaret-as
Gebr. Tuxhorn GmbH &amp; Co. KG,DEU,Germany,Bielefeld,info@tuxhorn.de,www.tuxhorn.de,gebr-tuxhorn-gmbh--co-kg
"Ucan Co., Ltd.",JPN,Japan,Tokyo,ucan-information@ucan.co.jp,https://www.ucan.co.jp/eng/,ucan-co-ltd
UGA SYSTEM-TECHNIK GmbH &amp; Co. KG,DEU,Germany,Herbrechtingen,info@uga.eu,www.uga-systeme.de,uga-system-technik-gmbh--co-kg
Ukinox Ankastre Sistemleri San. Tic. A.S,TUR,Türkiye,"Esenyurt, Istanbul",,,ukinox-ankastre-sistemleri-san-tic-as
ULTIMHEAT,FRA,France,St Didier au Mont d'Or,contact@ultimheat.com,www.ultimheat.com,ultimheat-sas
Unatherm Systems GmbH &amp; Co. KG,DEU,Germany,Reichshof,gf1@unatherm.com,,unatherm-systems-gmbh--co-kg
Unbescheiden GmbH,DEU,Germany,Baden-Baden,info@unbescheiden.com,www.unbescheiden.com,unbescheiden-gmbh
Unecol Adhesive Ideas S.L.,ESP,Spain,Almussafes (Valencia),gonzalo.fuster@unecol.com,www.unecol.com,unecol-adhesive-ideas-sl
Wilhelm Ungeheuer S&ouml;hne GmbH,DEU,Germany,Schmitten,info@wus-online.de,www.wus-online.de,wilhelm-ungeheuer-soehne-gmbh
"Zhongshan Unice Sanitary Ware Co., Ltd.",CHN,China,Zhongshan Guangdong,salacia@salacia.cc,www.salacia.cc,zhongshan-unice-sanitary-ware-co-ltd
UNIDELTA S.p.A.,ITA,Italy,Vestone,unidelta@unidelta.com,www.unidelta.com,unidelta-spa
UNIGULF INDUSTRIES,ARE,United Arab Emirates,Dubai,riaz@unigulf.ae,www.easyducts.ae,uni-gulf-airconditioning-industries-llc
Union Materials Corp.,KOR,"Korea, the Republic of (South)",Seoul,ceramic@unionmaterials.com,www.unionmaterials.com,union-materials-corp
"Zhejiang Unique Copper Industrial Co., Ltd.",CHN,China,Taizhou Zhejiang,zoe@unique-copper.com,www.unique-copper.com,zhejiang-unique-copper-industrial-co-ltd
Unique Town Industrial Corp.,TWN,Taiwan,Taichung City,inquiry@uniquetown.com,https://www.uniquetown.com,unique-town-industrial-corp
United Metaltech Industries LLP,IND,India,Jamnagar,sales@unitedmetaltech.in,www.unitedmetaltech.in,united-metaltech-industries-llp
UNITI Bundesverband EnergieMittelstand e.V.,DEU,Germany,Berlin,info@uniti.de,https://www.uniti.de/,uniti-bundesverband-energiemittelstand-ev
UNIVAL S.r.l.,ITA,Italy,Lumezzane,info@univalsrl.it,www.univalsrl.it,unival-srl-1
UNIVAL S.r.l.,ITA,Italy,Valeggio Sul Mincio,,,unival-srl
Universal Electronics B.V.,NLD,Netherlands,Enschede,info@uei.com,www.uei.com,universal-electronics-bv
&Uuml;niversal Kazan Paz. Ve Taah. Ltd. Sti.,TUR,Türkiye,Basaksehir /Istanbul,muhasebe@universalkazan,universalkazan.com,ueniversal-kazan-paz-ve-taah-ltd-sti
Universal S.r.l.,ITA,Italy,"Trevozzo, Alta Val Tidone",info@universalvalves.it,www.universalvalves.it,universal-srl
Unocconi GmbH,DEU,Germany,Filderstadt,sn@unocconi.com,www.unocconi.com,unocconi-gmbh
"Usmile Home Living Solutions Co., Ltd.",CHN,China,Shanghai Shanghai Shi,jessie@usmliving.com,www.usmliving.com,usmile-home-living-solutions-coltd
UST-M Sp. z o.o.,POL,Poland,Tomaszow Mazowiecki,biuro@ustm.pl,www.ustm.pl,ust-m-sp-z-oo
"UTERM UKRAINE, LLC",UKR,Ukraine,Bila Tserkva City,tsyhanok@uterm.ua,https://uterm.ua/en/,uterm-ukraine-llc
U Tube Systems B.V.,NLD,Netherlands,Tholen,info@u-tubesystems.nl,www.u-tubesystems.com,u-tube-systems-bv
Uzeltexsanoat Association,UZB,Uzbekistan,Tashkent,s.xolmuxamedov@uzeltexsanoat.uz,https://uzeltech.uz/en/,uzeltexsanoat-association
V&auml;rmebaronen AB,SWE,Sweden,Kristianstad,info@varmebaronen.se,www.varmebaronen.com,vaermebaronen-ab
Vaillant Deutschland GmbH &amp; Co. KG,DEU,Germany,Remscheid,info@vaillant.com,www.vaillant.de,vaillant-deutschland-gmbh--co-kg
Vaisala Xweather,FIN,Finland,Espoo,,www.xweather.com,vaisala-oyj
Valentin Software GmbH,DEU,Germany,Berlin,info@valentin-software.com,https://valentin-software.com/?utm_source=ish.messefrankfurt.com&utm_medium=referral&utm_campaign=ISHpage_homelinktop_2025,valentin-software-gmbh
Private Enterprise &#39;VALESO&#39;,UKR,Ukraine,Chernihiv,sales@valeso.com,https://platinumsinks.com.ua/,private-enterprise-valeso
Valmex S.p.A.,ITA,Italy,Lucrezia Di Cartoceto (PU),info@valmex.it,www.valmexgroup.com,valmex-spa
"Zhejiang Valogin Technology Co., Ltd.",CHN,China,Taizhou Zhejiang,vg001@valogin.com,https://valve.valogin.com/,zhejiang-valogin-technology-co-ltd-ltd
Valrom Industrie Srl,ROU,Romania,Bucuresti,office@valrom.ro,www.valrom.ro,valrom-industrie-srl
VALSIR S.p.A.,ITA,Italy,Vestone,valsir@valsir.it,www.valsir.it,valsir-spa
Vama Elettrotermo Meccanica S.r.l.,ITA,Italy,Novate Milanese,info@vama.it,www.vama.it,vama-elettrotermo-meccanica-srl
Vandens Linija UAB,LTU,Lithuania,Kaunas,andrius.d@vandenslinija.lt,www.vandenslinija.lt,vandens-linija-uab
VANITA &amp; CASA Srl,ITA,Italy,Aviano,info@vanitacasa.it,www.vanitacasa.it,vanita--casa-srl
Guangdong Vanward New Electric Co. Ltd.,CHN,China,Foshan Guangdong,juliet@vanward.com,www.vanward-electric.com,guangdong-vanward-new-electric-co-ltd
va-Q-tec Thermal Solutions GmbH,DEU,Germany,Würzburg,technics@va-q-tec.com,www.va-q-tec.com,va-q-tec-ag
Varem S.p.A,ITA,Italy,Bovolenta,varem@varem.com,www.varem.com,varem-spa
Vario Term Sp. z o.o.,POL,Poland,Warszawa,marcin.olech@varioterm.pl,www.varioterm.pl,vario-term-sp-z-oo
Variotherm Heizsysteme GmbH,AUT,Austria,Leobersdorf,office@variotherm.com,www.variotherm.com,variotherm-heizsysteme-gmbh
Varmeteknikk AS,NOR,Norway,Oslo,post@varmeteknikk.no,www.varmeteknikk.no,varmeteknikk-as
Vasco BV,BEL,Belgium,Dilsen-Stokkem,info@vasco.eu,www.vasco.eu,vasco-bv
VASEN,ESP,Spain,Riudellots de La Selva,info@vaseneurope.com,https://www.vaseneurope.com,escofet-guich-i-busquets-sa
VAU Thermotech GmbH &amp; Co. KG,DEU,Germany,An der Schmücke,info@vau-thermotech.de,www.vau-thermotech.de,vau-thermotech-gmbh--co-kg
VDE Pr&uuml;f- und Zertifizierungsinstitut GmbH,DEU,Germany,Offenbach am Main,vde-institut@vde.com,www.vde.com,vde-pruef--und-zertifizierungsinstitut-gmbh
Verband Deutscher K&auml;lte-Klima- Fachbetriebe -VDKF- e.V.,DEU,Germany,Bonn,info@vdkf.de,www.vdkf.de,verband-deutscher-kaelte-klima--fachbetriebe--vdkf--ev
VDMA e.V. Fachverband Automation + Management f&uuml;r Haus + Geb&auml;ude,DEU,Germany,Frankfurt am Main,malte.hischemoeller@vdma.org,https://www.vdma.org/amg,vdma-ev-fachverband-automation--management-fuer-haus--gebaeude
VDMA Arbeitsgemeinschaft BIM Geb&auml;udeautomation und Elektrotechnik,DEU,Germany,Frankfurt am Main,malte.hischemoeller@vdma.org,https://www.vdma.org/bim,vdma-arbeitsgemeinschaft-bim-gebaeudeautomation-und-elektrotechnik
VDMA e.V. Fachverband Allgemeine Lufttechnik,DEU,Germany,Frankfurt am Main,sandra.eisele@vdma.org,www.vdma.org/allgemeine-lufttechnik,vdma-verband-deutscher-maschinen--und-anlagenbau-ev---fachverband-allgemeine-lufttechnik-fachabteilung-klima--und-lueftungstechnik
VDMA Sanit&auml;rtechnik und -design / VDMA Armaturen / VDMA Services GmbH,DEU,Germany,Frankfurt am Main,laurin.paschek@vdma.org,www.vdma.org,vdma-services-gmbh-sanitaertechnik-und-design
VdZ e.V.,DEU,Germany,Berlin,info@vdzev.de,www.vdzev.de,foeges-foerdergemeinschaft-gebaeude--und-energiesysteme-gmbh
VEAB Heat Tech AB,SWE,Sweden,Hässleholm,veab@veab.com,www.veab.com,veab-heat-tech-ab
VEITO,TUR,Türkiye,Trabzon,info@veito.com,www.veito.com,cemsan-elektrikli-cihazlar-sanve-tic-ltd-sti
VENMAN S.A.,GRC,Greece,"Diavata, Thessaloniki",info@venman.gr,www.venman.gr,venman---anonymi-viomechaniki--emporiki
Ventas Isitma Sogutma Enerji Sistemleri Insaat San. Ve Tic. A.S.,TUR,Türkiye,Istanbul,info@ventas.com.tr,www.ventas.com.tr,ventas-isitma-sogutma-enerji-sistemleri-insaat-san-ve-tic-as
Ventmann UAB,LTU,Lithuania,Vilnius,aivaras@ventmann.eu,,ventmann-uab
VENTMATIKA UAB,LTU,Lithuania,Siauliai,sales@ventmatika.lt,www.ventmatika.lt,ventmatika-uab
Vento N.V.,BEL,Belgium,Oudenaarde,info@vento.be,www.vento.be,vento-nv
VENTS,UKR,Ukraine,Kyiv,export@vents.ua,https://ventilation-system.com/,blauberg-ventilatoren-gmbh
Verdon,BEL,Belgium,Antwerpen,,www.verdonretail.com,strak-bv
Vereinigung Deutsche Sanit&auml;rwirtschaft e.V. (VDS),DEU,Germany,Bonn,info@sanitaerwirtschaft.de,,vereinigung-deutsche-sanitaerwirtschaft-ev-vds
VER.GOMMA Srl,ITA,Italy,Omegna,info@vergomma.it,www.vergomma.it,vergomma-srl
Vernet S.A.S.,FRA,France,Ollainville,beugnet@vernet.fr,www.vernet-group.com,vernet-sas
VETEC GmbH,DEU,Germany,Remscheid,info@vetecgmbh.de,www.vetecgmbh.de,vetec-gmbh
VIB Limited,HKG,Hong Kong,North Point,vib@vibfix.cn,www.vibfix.cn,vib-limited
Vicario Armando,ITA,Italy,Gozzano,,www.vicarioarmando.com,vicario-armando--c-srl
"NINGBO YINZHOU VICLION ELECTRIC CO., LTD",CHN,China,Ningbo Zhejiang,fangwang832@126.com,www.viclion.cn,ningbo-yinzhao-viclion-electric-co-ltd
Victaulic Europe BV,BEL,Belgium,Nazareth,viceuro@victaulic.com,www.victaulic.com,victaulic-europe-bv
"VIDEIRA II, S.A.",PRT,Portugal,"Recarei, Paredes",jorge.soares@videira.pt,www.videira.pt,videira-ii-sa
Viega GmbH &amp; Co. KG,DEU,Germany,Attendorn,info@viega.de,www.viega.de,viega-gmbh---co-kg
Viessmann Holding International GmbH,DEU,Germany,Allendorf (Eder),,,viessmann-holding-international-gmbh
VILLEROY &amp; BOCH AG,DEU,Germany,Mettlach,information@villeroy-boch.com,www.villeroyboch.com/home,villeroy--boch-ag
PJSC &#39;VINNYTSIA FACTORY MAYAK&#39;,UKR,Ukraine,Vinnitsia,termia_reklama@ukr.net,http://termia.com.ua/en,pjsc-vinnytsia-factory-mayak
Vinzia Fratelli Spa,ITA,Italy,Briga Novarese,info@vinzia.com,www.vinzia.eu,vinzia-fratelli-spa
Vira Isi ve End&uuml;striyel &Uuml;r&uuml;nleri A. S.,TUR,Türkiye,Istanbul,info@viraisi.com,www.viraisi.com,vira-isi-ve-enduestriyel-ueruenleri-a-s
Virobuster International GmbH,DEU,Germany,Königswinter,info@virobuster.com,www.virobuster.com,virobuster-international-gmbh
VIR Valvoindustria Ing. Rizzio S.p.A.,ITA,Italy,Valduggia,sales@vironline.com,www.vironline.com,vir-valvoindustria-ing-rizzio-s-p-a
Visam Plastik ve Metal Enj. San. ve Tic. A.S.,TUR,Türkiye,"Pinarbasi, Bornova, Izmir",export@visam.com.tr,www.visam.com.tr,visam-plastik-ve-metal-enj-san-ve-tic-as
VISOBATH SL.,ESP,Spain,Lucena,,,visobath-sl
VISOFT GmbH,DEU,Germany,Sindelfingen,info@visoft.de,www.visoft.de,visoft-gmbh
Visolva AG,CHE,Switzerland,Thal,,,visolva-ag
Eczacibasi Yapi Gerecleri San. ve Tic. A.S. / VitrA,TUR,Türkiye,Levent/Istanbul,itir.avuncan@eczacibasi.com.tr,https://www.vitra-bad.de/messen-und-events/ish-2025/,eczacibasi-yapi-gerecleri-san-ve-tic-as
Vitramo GmbH,DEU,Germany,Tauberbischofsheim,info@vitramo.com,www.infrarotheizung-vitramo.de,vitramo-gmbh
VodaMetall GmbH &amp; Co. KG,DEU,Germany,Dinslaken,info@vodametall.de,www.vodametall.de,vodametall-gmbh--co-kg
Zhejiang Volong Sanitary Wares Co. Ltd.,CHN,China,Wenzhou Zhejiang,info@volong.com,www.volong.com,zhejiang-volong-sanitary-wares-co-ltd
Volution Sweden AB,SWE,Sweden,Växjö,info@fresh.se,www.fresh.eu,volution-sweden-ab
VORTICE Group,ITA,Italy,Tribiano,bertoletti@vortice-italy.com,www.vortice.com,vortice-elettrosociali-spa
Vovo Corporation,KOR,"Korea, the Republic of (South)",Seoul,export1@vovokr.com,www.vovokr.com,vovo-corporation
VTS Group S.A.,LUX,Luxembourg,Windhof,contact@vtsgroup.lu,https://vtsgroup.com/,vts-group-sa
WAAK,BEL,Belgium,Kuurne,info@waak.be,www.waak.be/en,waak-maatwerkbedrijf-vzw
De Waal-Staal B.V.,NLD,Netherlands,Deurne,,www.waalstaal.com,de-waal-staal-bv
W&auml;taS W&auml;rmetauscher Sachsen GmbH,DEU,Germany,Olbernhau,info@waetas.de,www.waetas.de,waetas-waermetauscher-sachsen-gmbh
WAGO GmbH &amp; Co. KG,DEU,Germany,Minden,info.de@wago.com,www.wago.com,wago-gmbh--co-kg
Ningbo Waltmal Sanitary Wares Co. Ltd.,CHN,China,Ningbo Zhejiang,betty@waltmal.com,www.waltmal.com,ningbo-waltmal-sanitary-wares-co-ltd
Wanas Marek Waszkiewicz,POL,Poland,Nisko,export@wanas.pl,www.wanas.pl,wanas-marek-waszkiewicz
Zhejiang Wandekai Fluid Equipment Technology Co. Ltd.,CHN,China,Yuhuang Zhejiang,ruby@zjwdk.com,www.zjwdk.com,zhejiang-wandekai-fluid-equipment-technology-coltd
Heshan City Wanheng Hardware Co. Ltd.,CHN,China,Heshan Guangdong,wanhengbathroom@163.com,www.whhardware.com,heshan-city-wnheng-hardware-co-ltd
Warmflow Engineering Co. Limited,GBR,Great Britain and Northern Ireland,"Lisburn, Co Antrim",sales@warmflow.co.uk,www.warmflow.co.uk,warmflow-engineering-co-limited
"Guangdong Warmhouse Technology Co., Ltd.",CHN,China,Foshan Guangdong,info@warmhousecn.com,www.warmhousecn.com,guangdong-warmhouse-technology-co-ltd
"Waste Management Technology Co., Ltd.",TWN,Taiwan,New Taipei City,vin428@gmail.com,www.wastemtc.weebly.com,waste-management-technology-co-ltd
Waterevolution,PRT,Portugal,Maia,info@waterevolution.pt,www.waterevolution.pt,we-water-lda
Water Is Life Group,BEL,Belgium,Pelt,info@waterislifegroup.com,www.waterislifegroup.com,salixco-bv
Waterkotte GmbH,DEU,Germany,Bochum,info@waterkotte.de,www.waterkotte.de,waterkotte-gmbh
Watermen Jindal India Pvt. Ltd.,IND,India,New Delhi,,,watermen-jindal-india-pvt-ltd
wattgeht GmbH,DEU,Germany,Sprockhövel,info@wattgeht.de,www.wattgeht.de,wattgeht-gmbh
Wattro GmbH,DEU,Germany,Heidelberg,contact@wattro.de,www.wattro.de,wattro-gmbh
Wattsense Sas,FRA,France,Champagne au mont D'or,,www.wattsense.com,wattsense-sas
WDT Werner Dosiertechnik GmbH &amp; Co. KG,DEU,Germany,Wertingen,info@werner-dosiertechnik.de,www.werner-dosiertechnik.de,wdt-werner-dosiertechnik-gmbh--co-kg
WEDO TOOLS GMBH,DEU,Germany,Wuppertal,info@wedotools.de,www.wedotools.de,wedo-tools-gmbh
Wefatherm GmbH,DEU,Germany,Beverungen,info@wefatherm.de,https://www.wefatherm.de/,wefatherm-gmbh
Weger Walter S.r.l.,ITA,Italy,Chienes,stephanie.greiss@weger.it,www.weger.it,weger-walter-srl
Wegs Hubei Fluid Technology Co. Ltd.,CHN,China,Xianning Hubei,wegspipe@gmail.com,www.wegspipe.com,wegs-hubei-fluid-technology-co-ltd
"Hangzhou Weiguang Electronic Co., Ltd.",CHN,China,Hangzhou Zhejiang,service36@wgmotor.com,www.wgmotor.com,hangzhou-weiguang-electronic-co-ltd
Weinzierl Engineering GmbH,DEU,Germany,Burgkirchen a. d. Alz,info@weinzierl.de,www.weinzierl.de,weinzierl-engineering-gmbh
Max Weishaupt SE,DEU,Germany,Schwendi,info@weishaupt.de,www.weishaupt.de,max-weishaupt-gmbh
Hans Weitzel GmbH &amp; Co. KG,DEU,Germany,Ingelheim am Rhein,verkauf@hz-weitzel.de,www.hz-weitzel.de,hans-weitzel-gmbh--co-kg
"Guangdong Weixiang Sanitary Ware Co., Ltd.",CHN,China,Kaiping Guangdong,info@weiqiang.net,www.weiqiang.net,guangdong-weixiang-sanitary-ware-co-ltd
Hong Kong Weiya Sanitary Ware Industry Limited,HKG,Hong Kong,Wanchai,sales2@ibathdesign.com,www.ibathdesign.com,hong-kong-weiya-sanitary-ware-industry-limited
Cixi Welday Plastic Product Co. Ltd.,CHN,China,Ningbo Zhejiang,anne@chinawelday.com,www.chinawelday.com,cixi-welday-plastic-product-co-ltd
Welltherm GmbH,DEU,Germany,Lüdenscheid,ms@welltherm.de,www.welltherm.de,welltherm-gmbh
Weltem Co. Ltd.,KOR,"Korea, the Republic of (South)",Changwon-City,sale@weltem.com,www.weltem.com,weltem-co-ltd
Fujian Fuan Wendy Electrical Machinery Co. Ltd.,CHN,China,Fuan Fujian,info@wendypump.com,www.wendypump.com,fujian-fuan-wendy-electrical-machinery-co-ltd
"Zhejiang Wengdaohaisui Sanitary Ware Technology Co., Ltd",CHN,China,Taizhou City Zhejiang,omsa08@chinaomsa.com,www.chinaomsa.com,zhejiang-wengdaohaisui-sanitary-ware-technology-coltd
Wenko-Wenselaar GmbH &amp; Co. KG,DEU,Germany,Hilden,info@wenko.de,www.wenko.com,wenko-wenselaar-gmbh--co-kg
Wenta Isi Teknolojileri A.S.,TUR,Türkiye,Sincan/Ankara,berat@wenta.com.tr,www.wenta.com.tr,wenta-isi-teknolojileri-as
West Co Impex Srl,ROU,Romania,Criseni,,www.westcompany.ro,west-co-impex-srl
wibutler,DEU,Germany,Münster,info@wibutler.com,wibutler-platform.com,dbt-digital-building-technology-gmbh--co-kg
Wieland-Werke AG,DEU,Germany,Ulm,info@wieland.de,www.wieland.de,wieland-werke-ag
Wiitta Oy,FIN,Finland,Heinola,info@wiitta.com,www.wiitta.com,wiitta-oy
WIKA Alexander Wiegand SE &amp; Co. KG,DEU,Germany,Klingenberg a. Main,info@wika.com,www.wika.de,wika-alexander-wiegand-se--co-kg
Wildeboer Bauteile GmbH,DEU,Germany,Weener,info@wildeboer.de,www.wildeboer.de,wildeboer-bauteile-gmbh
WILO SE,DEU,Germany,Dortmund,wilo@wilo.com,www.wilo.de,wilo-se
Winkler Technik GmbH,DEU,Germany,Überlingen,info@winkler-technik.de,www.winkler-technik.com,winkler-technik-gmbh
Winters Instruments Ltd,CAN,Canada,North York,winmktg@winters.com,www.winters.com,winters-instruments-ltd
Winterwarm Heating Solutions BV,NLD,Netherlands,Winterswijk Woold,info@winterwarm.nl,www.winterwarm.com,winterwarm-heating-solutions-bv
The Wipe Hotwire India Thermal Equipments Pvt. Ltd.,IND,India,"Alwar, Rajasthan",arvind@wipehotwire.com,www.wipehotwire.com,the-wipe-hotwire-india-thermal-equipments-pvt-ltd
WIPER GmbH,DEU,Germany,Overath,info@wiper.de,www.wiper.de,wiper-gmbh
Wirtschaftsverband Fuels und Energie e.&thinsp;V. (en2x),DEU,Germany,Berlin,info@en2x.de,www.en2x.de,wirtschaftsverband-fuels-und-energie-ev
WISA GmbH,DEU,Germany,Hamminkeln,wisagmbh@fluidmaster.com,www.wisa-sanitair.com,wisa-gmbh
Wisdom Creative Ltd.,HKG,Hong Kong,Wanchai,jason@xinjianlian.com,www.xinjianlian.com,wisdom-creative-ltd
"WISY AG Regenwassernutzung, Haustechniksysteme, Filtertechnik",DEU,Germany,Kefenrod,info@wisy.de,www.wisy.de,wisy-ag-haustechniksysteme-filtertechnik
Witzenmann GmbH,DEU,Germany,Pforzheim,wi@witzenmann.com,www.witzenmann.de,witzenmann-gmbh
WizzDev PSA,POL,Poland,Poznan,info@wizzdev.pl,https://wizzdev.com/,wizzdev-psa
wodtke GmbH,DEU,Germany,Tübingen,info@wodtke.com,www.wodtke.com,wodtke-gmbh
W&ouml;hler Technik GmbH,DEU,Germany,Bad Wünnenberg,info@woehler.de,www.woehler.de,woehler-technik-gmbh
WOLF Anlagen-Technik GmbH &amp; Co. KG,DEU,Germany,Geisenfeld,info@wolf-geisenfeld.de,www.wolf-geisenfeld.de/de/klimatechnik,wolf-anlagen-technik-gmbh--co-kg
Wolf GmbH,DEU,Germany,Mainburg,info@wolf.eu,www.wolf.eu,wolf-gmbh
Wolfpower Technology Co. Ltd.,CHN,China,Beijing Beijing Shi,zhangzheng@wolfpower.cn,www.wolfpower.cn,wolfpower-technology-co-ltd
Wolter GmbH. Maschinen- und Apparatebau KG.,DEU,Germany,Malsch,info@wolter.eu,www.wolter.eu,wolter-gmbh-maschinen--und-apparatebau-kg
Wolters Europe,NLD,Netherlands,Enter,info@wolterseurope.com,www.wolterseurope.com,wolters-kunststoffen---en-emballage-industries-bv
WOMIX Wieslaw Ozdzinski,POL,Poland,Szubin,export@womix.pl,www.womix.com.pl,wieslaw-ozdzinski-womix
WORLD ENC,KOR,"Korea, the Republic of (South)",Hwasung City,globalenc@worldenc.com,www.worldenc.com,world-enc
"Worthington Enterprises, Inc.",USA,United States,Worthington Ohio,mario.cruz@wthg.com,www.worthingtonenterprises.com,worthington-enterprises-inc
World Plumbing Council (WPC),CHE,Switzerland,Zürich,secretariat@worldplumbing.org,www.worldplumbing.org,world-plumbing-council-wpc
WSCAD GmbH,DEU,Germany,Bergkirchen,sales@wscad.com,www.wscad.com,wscad-gmbh
WTM Co. Ltd.,HKG,Hong Kong,Quarry Bay Eastern District,sales@wtm.cn,www.wtm.cn,wtm-co-ltd
WTS S.p.A.,ITA,Italy,Flero,gloria.rivetti@wtsspa.it,www.wtsspa.it,wts-spa
Adolf W&uuml;rth GmbH &amp; Co. KG,DEU,Germany,Künzelsau,info@wuerth.com,www.wuerth.de,adolf-wuerth-gmbh--co-kg
WUG MB sp. z o.o.,POL,Poland,Sroda Wielkopolska,jagoda.banas@wugmb.com,www.wugmb.com,wytwornia-urzadzen-grzejnych-wug-mb-sp-z-oo-sp-k
WVG Werkzeug-Vertrieb GmbH,DEU,Germany,Aschaffenburg,info@wvg-werkzeug.de,www.wvg-werkzeug.de,wvg-werkzeug-vertrieb-gmbh
"Xiamen OLT Co., Ltd.",CHN,China,Xiamen Fujian,sales@olt.com.cn,www.oltsw.com,xiamen-olt-co-ltd
"Xiamen Ronglin Electronics Technology &amp; Development Co., Ltd.",CHN,China,Xiamen Fujian,gina@ronglin.cc,www.ronglin.cc,xiamen-ronglin-electronics-technology--development-co-ltd
"Xiamen Yite Sanitary Ware Co., Ltd.",CHN,China,Xiamen Fujian,clare@xmyite.net,www.xmyite.net,xiamen-yite-sanitary-ware-co-ltd
Xiangming Intelligent,DEU,Germany,Puchheim,info.germany@xiangming.com,https://www.xiangming.com/,xiangming-elektromotor-gmbh
"Guangdong Xianju Sanitary Ware Co., Ltd.",CHN,China,Zhongshan Guangdong,alice@xi-anju.com,www.xianjusanitary.com,guangdong-xianju-sanitary-ware-co-ltd
XINCHANG UBEST HOUSEWARE COMPANY LTD.,CHN,China,Xinchang Zhejiang,jessica.wang@ubesthouseware.com,www.ubesthouseware.com,xinchang-ubest-houseware-co-ltd
"Yuhuan Xindeli Valve Co., ltd",CHN,China,Taizhou Zhejiang,vivi@xdl-yh.com,www.xdl-yh.com,yuhuan-xindeli-valve-coltd
Taizhou Xingjianmei Plumbing Technology Co. Ltd.,CHN,China,Taizhou Zhejiang,haicy@jmeishower.com,www.jmeishower.com,taizhou-xingjianmei-plumbing-technology-co-ltd
Ningbo Xinlu Technology Industrial Co. Ltd.,CHN,China,Ningbo Zhejiang,vivy@nbxinlu.com,www.nbxinlu.com,ningbo-xinlu-technology-industrial-co-ltd
"Yuhuan Xiuhui Valves Co., Ltd.",CHN,China,Taizhou Zhejiang,managerliu@jinq-xiuhui.com,www.xiuhui.com,yuhuan-xiuhui-valves-co-ltd
"Xpertials, S.L.",ESP,Spain,Rafelbunyol,info@xpertials.com,www.xpertials.com,xpertials-sl
"Zhejiang Xuananju Hvac Technology Co., Ltd.",CHN,China,"Shamen Town, Yuhuan Zhejiang",sales03@xuananju.com,,zhejiang-xuananju-hvac-technology-co-ltd
Xvent s.r.o.,CZE,Czech Republic,Pardubice - Trnova,,,xvent-sro
XY Climate Sverige AB,SWE,Sweden,Tranemo,info@xyclimate.com,www.xyclimate.com,xy-climate-sverige-ab
Jiangyin Yalong Heat Exchange Equipment Co. Ltd.,CHN,China,Jiangyin Jiangsu,funico1983@gmail.com,www.ylhrq.com,jiangyin-yalong-heat-exchange-equipment-co-ltd
Yantransh Valves Private Limited,IND,India,Rajkot,info@yantransh.com,www.yantransh.com,yantransh-valves-private-limited
"YaoYang Intelligent Technology Co., Ltd.",TWN,Taiwan,Taipei City,yaoyang90293196@gmail.com,,yaoyang-intelligent-technology-co-ltd
UAB YGLA,LTU,Lithuania,Vilnius,info@ygla.lt,www.ygla.lt,uab-ygla
"Kaiping City Yibiao Sanitary Ware Co., Ltd.",CHN,China,Jiangmen Guangdong,iris_deng@aoli-faucet.com,www.aoli-faucet.com,kaiping-city-yibiao-sanitary-ware-co--ltd
Yi Feng Metal Co. Ltd.,TWN,Taiwan,Changhua,yifeng.co888@msa.hinet.net,www.yifeng-metal.com,yi-feng-metal-co--ltd
"YIH SHYH ENTERPRISE CO., LTD.",TWN,Taiwan,Changhua County,yih.shyh@gmail.com,www.yihshyh.com.tw,yih-shyh-enterprises-ltd
Yildirim D&ouml;k&uuml;m Ve Anot Sanayi Tic. Ltd. Sti.,TUR,Türkiye,Istanbul,sales@tigemer.com,www.magnezyumanot.com,yildirim-doekuem-ve-anot-sanayi-tic-ltd-sti
Ninghai Yingjiao Electrical Co. Ltd.,CHN,China,Ningbo Zhejiang,assistant@yingjiao.com,www.yingjiaodriver.com,ninghai-yingjiao-electrical-co-ltd
Ningbo Yinzhou Compass Import &amp; Export Co. Ltd.,CHN,China,Ningbo Zhejiang,wang@compass-nb.com,www.compass-nb.com,ningbo-yinzhou-compass-import--export-co-ltd
"Kaiping Yizhan Valve Core Co., Ltd.",CHN,China,Kaiping Guangdong,yizhanjimmy@twmj.com,www.twmj.com,kaiping-yizhan-valve-core-co-ltd
YMS Yildiz Insaat Malzemeleri Imalat San. ve Tic. Ltd. Sti.,TUR,Türkiye,Basiskele / Kocaeli,info@ymsyildiz.com,www.ymsyildiz.com,yms-yildiz-insaat-malz-imalat-ve-san-ve-tic-ltd-sti
Yonghan Motor Co. Ltd.,CHN,China,Changzhou Jiangsu,joshqiao@yonghanmotor.com,www.yonghanmotor.com,yonghan-motor-co-ltd
"Yonit Sanitary Ware Co., Limited",HKG,Hong Kong,Wanchai,marketing@luxerafaucet.com,www.luxerafaucet.com,yonit-sanitary-ware-co-limited
"Zhejiang Yorhe Intelligent Control Technology Co., Ltd",CHN,China,Taizhou Zhejiang,sales@yhvalve.com,http://www.yhvalve.com/,zhejiang-yorhe-intelligent-control-technology-coltd
"Young Young Hardware Enterprise Co., Ltd.",TWN,Taiwan,Changhua County,sales@youngyoungco.com.tw,https://www.bathroom-accessory.com/,young-young-hardware-enterprise-co--ltd
"Tengzhou Yoway Electronic Technology Co., Ltd",CHN,China,Tengzhou Shandong,info@yowaymirror.com,www.yowaymirror.com,tengzhou-yoway-electronic-technology-coltd
Yuhuan Longwang Technology Co. Ltd.,CHN,China,Taizhou Zhejiang,inquiry@cnlongwang.com,www.cnlongwang.com,yuhuan-longwang-technology-co-ltd
"Yuhuan Zhongyuan Sanitary Ware Co., Ltd",CHN,China,Yuhuan Zhejiang,sales2@zyshowers.com,www.zyshowers.com,yuhuan-zhongyuan-sanitary-ware-co--ltd
Zambelli RIB-ROOF GmbH &amp; Co. KG,DEU,Germany,Stephansposching,rib-roof@zambelli.de,www.zambelli.com,zambelli-rib-roof-gmbh--co-kg
Zamel Sp. z o.o.,POL,Poland,Pszczyna,export@zamel.pl,www.zamel.com,zamel-sp-z-oo
Zanellato S.r.l.,ITA,Italy,Gargallo,info@zanellato.net,www.zanellato.net,zanellato-srl
ZANTIA SA,PRT,Portugal,Viseu,geral@zantia.com,www.zantia.com,zantia-portugal-sa
ZAPE&#39; SRL,ITA,Italy,Verona,info@zape.it,www.zape.it,zape-srl
ZEALUX GROUP,FRA,France,Gallargues-le-Montueux,contact@zealux.fr,www.zealux-europe.com,zealux-france-sarl
Zenesis GmbH,DEU,Germany,Leipzig,info@zenesis-planung.de,www.zenesis-planung.de,zenesis-gmbh
Zenon Bath &amp; SPC Surfaces SLU,ESP,Spain,Onda,jgallart@cifreceramica.com,https://zenonsolidsurface.com,zenon-bathroom--spc-surfaces-slu
"Ningbo ZENTEC Air Conditioning &amp; Refrigeration Co., Ltd",CHN,China,Ningbo Zhejiang,yaufon@zengo.com.cn,www.zengo.com.cn,ningbo-zentec-air-conditioning--refrigeration-coltd
Zepress Tech Ltd.,CAN,Canada,Vancouver,sales@zep-tech.net,www.zep-tech.net,zepress-tech-ltd
ZERN ENGINEERING,DEU,Germany,München,sales@zern-engineering.com,https://zern-engineering.com,blauberg-ventilatoren-gmbh-zern-engineering
Zetaesse SPA,ITA,Italy,Vedelago,info@zetaesse.it,www.zetaesse.it,zetaesse-spa
"Zhejiang Carbo Bronze Co., Ltd.",CHN,China,Yuhuan Zhejiang,shirley.w@carbo.cn,www.carbovalve.com,zhejiang-carbo-bronze-co-ltd
Zhejiang Double-lin Valves Co. Ltd.,CHN,China,Yuhuan Zhejiang,sale5@double-lin.com,www.double-lin.com,zhejiang-double-lin-valves-co-ltd
"Zhejiang Gaobo Sanitary Wares Co., Ltd.",CHN,China,Taizhou Zhejiang,sales@gaobogroup.com,www.supaplumb.com,zhejiang-gaobo-sanitary-wares-co-ltd
"Zhejiang Happy Pump Industry Co., Ltd.",CHN,China,Wenling Zhejiang,admin@happypump.com,www.happypump.com,zhejiang-happy-pump-industry-coltd
"Zhejiang Julong Intelligent Fluid Control System Co., Ltd.",CHN,China,Taizhou Zhejiang,info@chinajulong.com,www.chinajulong.com,zhejiang-julong-intelligent-fluid-control-system-co-ltd
Zhejiang Taifu Pump Co. Ltd.,CHN,China,Wenling Zhejiang,taifu7@chinataifu.com,www.chinataifu.com,zhejiang-taifu-pump-co-ltd
Zhejiang Zhengkang Industrial Co. Ltd.,CHN,China,Wenzhou Zhejiang,peter.zhang@cn-zk.cn,www.inoxpressfit.com,zhejiang-zhengkang-industrial-co-ltd
"Yuhuan Zhengqu Fluid Intelligence Control Co., Ltd.",CHN,China,"Yuhuan, Taizhou Zhejiang",robin@zgvtm.com,,yuhuan-zhengqu-fluid-intelligence-control-co-ltd
"Zhejiang Zhongguang Electrical Co., Ltd.",CHN,China,Lishui City Zhejiang,sunny.liu@outes.com,outes.eu,zhejiang-zhongguang-electrical-co-ltd-l
"Zhongshan Senlia Sanitary Ware Co., Ltd.",CHN,China,Zhongshan City Guangdong,export@senlia.com,www.senliagroup.com,zhongshan-senlia-sanitary-ware-co-ltd
"Kaiping Zhongyang Sanitary Ware Co., Ltd.",CHN,China,Kaiping Guangdong,gm@kpzyltd.cn,www.kpzyltd.com,kaiping-zhongyang-sanitary-ware-co-ltd
ZIEHL-ABEGG SE,DEU,Germany,Künzelsau,info@ziehl-abegg.de,www.ziehl-abegg.de,ziehl-abegg-se
Zilio Industries S.p.A.,ITA,Italy,Pozzoleone,info@zilioindustries.com,www.zilioindustries.com,zilio-industries-spa
Zilmet Deutschland GmbH,DEU,Germany,Wenden,info@zilmet.de,www.zilmet.it,zilmet-deutschland-gmbh
Zinox Laser Srl,ITA,Italy,Gravellona Toce,commercialeestero@zinoxlaser.it,www.zinoxlaser.it,zinox-laser-srl
ZITT Motoren AG,CHE,Switzerland,Stallikon,zitt@zitt.ch,www.zitt.ch,zitt-motoren-ag
ZONZINI S.r.l.,ITA,Italy,Cerea,info@zonzini.it,www.zonzini.it,zonzini-srl
Zoppas Industries Heating Element Technologies,ITA,Italy,Vittorio Veneto,marketing@zoppas.com,www.zoppasindustries.com,irca-spa-industria-resistenze-corazzate-e-affini
Zortea GmbH,AUT,Austria,Hohenems,office@zortea.at,www.zortea.at,zortea-gebaeudetechnik-gmbh
Zudek SRL,ITA,Italy,Muggia,,www.zudek.com,zudek-srl
"ZUWA &ndash; Zumpe GmbH, Pumps for Professionals",DEU,Germany,Laufen,info@zuwa.de,www.zuwa.de,zuwa---zumpe-gmbh--pumps-for-professionals
ZVSHK Zentralverband Sanit&auml;r Heizung Klima,DEU,Germany,Sankt Augustin,info@zvshk.de,www.zvshk.de,zvshk-zentralverband-sanitaer-heizung-klima
Zymbo Italia Srl,ITA,Italy,Brescia,,www.zymbo.eu,zymbo-italia-srl
"ZYPHO, S.A.",PRT,Portugal,Vila Nova de Gaia,fernando.lourenco@aliaxis.com,www.zypho.pt,zypho-sa
