name,country_iso3,country_label,city,email,homepage,rewriteId
1Home Solutions GmbH,DEU,Germany,Berlin,tim.konrath@1home.io,https://www.1home.io/,1home-doo
"2 in 1 Technology Co., Limited",HKG,Hong Kong,"Tsimshatsui, Kowloon",sales@cn2in1.com,www.hyfdconnector.com,2-in-1-technology-co-limited
2N TELEKOMUNIKACE a.s.,CZE,Czech Republic,Praha,sales@2n.cz,www.2n.com,2n-telekomunikace-as
3B Profiles S.r.l.,ITA,Italy,Casciago,info@3bpro.com,https://3bpro.com/,3b-profiles-srl
3F Filippi S.p.A.,ITA,Italy,Pianoro,3f-filippi@3f-filippi.it,www.3f-filippi.com,3f-filippi-spa
4S4 Lighting OOD,BGR,Bulgaria,Sofia,yevhen@4s4group.bg,4s4group.bg,4s4-lighting-ood
A.A.G. Stucchi S.r.l. Unico Socio,ITA,Italy,Olginate,info@aagstucchi.it,www.aagstucchi.it,aag-stucchi-srl-unico-socio
"Shenzhen Aalight Technology Co., Ltd.",CHN,China,Shenzhen Guangdong,sales@aalights.com,www.aalights.com,shenzhen-aalight-technology-coltd
ABB AG,DEU,Germany,Mannheim,contact.center@de.abb.com,https://new.abb.com/de,abb-ag
ABB AG STOTZ-KONTAKT,DEU,Germany,Heidelberg,elektrifizierung@de.abb.com,https://new.abb.com/low-voltage/de,abb-ag-stotz-kontakt
Abdullahoglu Elektrik Aydinlatma Sanayi ve Ticaret Anonim Sirketi,TUR,Türkiye,"Silivri, Istanbul",info@acklighting.com,www.lumover.com,abdullahoglu-elektrik-aydinlatma-sanayi-ve-ticaret-anonim-sirketi
ABN GmbH,DEU,Germany,Neuenstadt am Kocher,de-abn-zentrale@se.com,www.abn-electro.com,abn-gmbh
APOSTOLIDIS AEBE &ndash; ACA,GRC,Greece,Serres,info@acalight.gr,www.acalight.gr,apostolidis-aebe--aca
"ACB Iluminacion, S.L.",ESP,Spain,Ribarroja del Turia,acbiluminacion@acbiluminacion.com,www.acbiluminacion.com,acb-iluminacion-sl
Acclaim Lighting Europe B.V.,NLD,Netherlands,Kerkrade,info@acclaimlighting.eu,www.acclaimlighting.com,acclaim-lighting-europe-bv
ACCORDIA SA,GRC,Greece,Thessaloniki,welcome@accordia.gr,https://www.accordia.gr/en,accordia-sa
HK Acevel International Group Limited,HKG,Hong Kong,Wanchai,info@acevel.com,www.acevel.com,hk-acevel-international-group-limited
Acolyte,NLD,Netherlands,Weesp,marketing@genledbrands.com,acolyteled.com,agilight-bv
ACRILUX S.r.l.,ITA,Italy,Recanati,commercialservices@acrilux.com,www.acrilux.com,acrilux-srl
"Xiamen AcTEC Electronics Co., Ltd.",CHN,China,Xiamen Fujian,info@actec.com.cn,www.actec.com.cn,xiamen-actec-electronics-co-ltd
ADD - BULGARIA OOD,BGR,Bulgaria,Plovdiv,vesela.malinowska@add-bg.com,www.add-bg.com,add---bulgaria-ood
Adels-Contact Elektrotechnische Fabrik GmbH &amp; Co. KG,DEU,Germany,Bergisch Gladbach,info@adels-contact.de,www.adels-contact.de,adels-contact-elektrotechnische-fabrik-gmbh--co-kg
FOSHAN SHUNDE ADVANTE ELECTRON LTD,CHN,China,Foshan Guangdong,export1@china-advante.com,http://www.china-advante.com,foshan-shunde-advante-electron-ltd
AEC Illuminazione S.r.l.,ITA,Italy,Subbiano,info@aecilluminazione.it,www.aecilluminazione.com,aec-illuminazione-srl
aedifion GmbH,DEU,Germany,Köln,contact@aedifion.com,www.aedifion.com,aedifion-gmbh
a-emotional light,ESP,Spain,Ames,marcos.rioseco@a-emotionallight.com,www.a-emotionallight.com,calor-color-sl
AEM - Precision Cable Test,SGP,Singapore,Singapore,alf.sutherland@aem-test.com,https://aem-test.com/,aem-holdings-ltd
"Aero Light Co., Limited.",CHN,China,Guangzhou Guangdong,info@aerolight.cn,www.aerolight.cn,aero-light-co-limited
A.F.M.E. Asociacion de Fabricantes de Material Electrico,ESP,Spain,Barcelona,export@afme.es,www.afme.es,afme-asociacion-de-fabricantes-de-material-electrico
"AGC Lighting Co., Ltd.",CHN,China,Shenzhen Guangdong,info@agcled.com,www.agcled.com,agc-lighting-co-ltd
AGER RACK CABINET,TUR,Türkiye,Odunpazari /Eskisehir,sinem.karayel@ager.com.tr,www.ager.com.tr,ager-endustriyel-metal-urunler-san-ve-tic-ltd-sti
AGİD Aydınlatma Gere&ccedil;leri İmalat&ccedil;ıları Derneği,TUR,Türkiye,Sariyer / Istanbul,agid@agid.org.tr,www.agid.org.tr,aydinlatma-gerecleri-imalatcilari-dernegi-agd-iktisadi-isletmesi
Agolar Lighting,ESP,Spain,"Catarroja, Valencia",iluminacion@agolar.es,www.agolar.eu,agolar-gestion-sl
AGRO AG,CHE,Switzerland,Hunzenschwil,info@agro.ch,www.agro.ch,agro-ag
AIRZONE,ESP,Spain,Campanillas,marketing@airzonecontrol.com,www.airzonecontrol.com,corporacion-empresarial-altra-sl
Ajax Systems,DEU,Germany,Berlin,,ajax.systems,ajax-systems-germany-gmbh
"AKA PCB d.o.o., Lesce",SVN,Slovenia,Lesce,maja.kotar@aka-pcb.si,www.aka-pcb.si,aka-pcb-doo
AKENZA AG,CHE,Switzerland,Zürich,,www.akenza.io,akenza-ag
AKF-Tec GmbH,DEU,Germany,Unnau,info@akf-tec.de,www.akf-tec.de,akf-tec-gmbh
AKTO UAB,LTU,Lithuania,Kaunas,donatas@aktoled.com,www.aktoled.com,akto-uab
"AKUBELA CO., LTD.",CHN,China,Xiamen Fujian,sales@akubela.com,www.akubela.com,akuvox-xiamen-networks-co-ltd
AKZENTLICHT Innovations GmbH &amp; Co. KG,DEU,Germany,Düsseldorf,kontakt@akzentlicht.de,akzentlicht.de,akzentlicht-innovations-gmbh--co-kg
"Changzhou Aladdin Lighting Tech Co., Ltd.",CHN,China,Changzhou Jiangsu,karen@ctlamp.com,www.ctlamp.com,changzhou-aladdin-lighting-tech-co-ltd
Algorab S.r.l.,ITA,Italy,Lavis,marketing@algorab.com,www.algorab.com,algorab-srl
Aling-Conel d.o.o.,SRB,Serbia,Gajdobra,ratko.d@aling-conel.com,www.aling-conel.com,aling-conel-doo
"Alite Lighting Equipment Co., Limited",HKG,Hong Kong,Kowloon,md1@alitecn.com,www.alitecn.com,alite-lighting-equipment-co-limited
Alkan Asya Afrika Uretim ve Elektrik Malzemeleri San. Tic. A.S.,TUR,Türkiye,Istanbul,info@alkanlighting.com,www.alkanlighting.com,alkan-asya-afrika-uretim-ve-elektrik-malzemeleri-san-tic-as
Allbee B.V.,NLD,Netherlands,Amersfoort,info@allbee.eu,www.allbee.eu,allbee-bv
Allegro-opt PE,UKR,Ukraine,"Berezhynka Village, Kirovograd District",info@videx.ua,videx.ua,allegro-opt-pe
All-Esd Limited,HKG,Hong Kong,Central,khjled@khj.cn,www.khjled.com,all-esd-limited
ALLNET GmbH Computersysteme,DEU,Germany,Germering,sales@allnet.de,www.allnet.de,allnet-gmbh-computersysteme
Allorado BV,BEL,Belgium,Tervuren,sales@allorado.io,allorado.io,allorado-bv
"Guangdong Alltop Lighting Co., Ltd.",CHN,China,Zhongshan Guangdong,gmi@alltoplighting.com,www.alltopgroup.com,guangdong-alltop-lighting-coltd
"Guangdong Allway Lighting Electric Co., Ltd.",CHN,China,Zhongshan Guangdong,jeff@allwayled.com,www.allwayled.com,guangdong-allway-lighting-electric-co--ltd
Alpani Dis Tic. Ltd. Sti.,TUR,Türkiye,Buyukcekmece /Istanbul,info@alpani.com,www.alpani.com,alpani-dis-tic-ltd-sti
A.L.P. Europe Limited,GBR,Great Britain and Northern Ireland,"Oldbury, West Midlands",sales@alpeurope.co.uk,www.alpeurope.co.uk,alp-europe-limited
Alphatec Schaltschranksysteme GmbH,DEU,Germany,Brennberg,,www.alphatec-systeme.de,alphatec-schaltschranksysteme-gmbh
"Altech Co., Ltd.",KOR,"Korea, the Republic of (South)",Daegu,altech3742@daum.net,https://www.altc.co.kr/,altech-co-ltd
Altez Elektronik Aydinlatma San. Ve Tic. Ltd. Sti.,TUR,Türkiye,Tuzla /Istanbul,satinalma@altez.com.tr,www.altez.com.tr,altez-elektronik-aydinlatma-san-ve-tic-ltd-sti
"Alto Co., Ltd.",KOR,"Korea, the Republic of (South)",Seoul,altoled@alto.co.kr,http://www.alto.co.kr,alto-co-ltd
"Guangdong Aluds Lighting Industrial Co., Ltd.",CHN,China,Jiangmen City Guangdong,,www.aluds.cn,guangdong-aluds-lighting-industrial-co-ltd
"Ambor Structures, Inc.",USA,United States,Venice Florida,,,ambor-structures-inc
ams OSRAM Group,DEU,Germany,München,sensors@ams-osram.com,www.ams-osram.com,osram-gmbh
"Jiangmen Ancheng Lighting Appliance Co., Ltd.",CHN,China,Jiangmen City Guangdong,,,jiangmen-ancheng-lighting-appliance-co-ltd
Charalampos Krinas and Co Andromeda Lighting,GRC,Greece,Megara,info@andromedalighting.gr,www.andromedalighting.gr,charalampos-krinas-and-co-andromeda-lighting
Asociaci&oacute;n Espanola de Fabricantes de Iluminacion (ANFALUM),ESP,Spain,Madrid,aaguilo@anfalum.com,www.anfalum.com,asociacin-espanola-de-fabricantes-de-iluminacion-anfalum
ANGUILA,ESP,Spain,Rubi-Barcelona,mp@estiare.es,www.estiare.com,estiare-sa
"Shenzhen Angui Technology Co., Ltd.",CHN,China,Shenzhen Guangdong,sales01@agt.net.cn,www.agtdriver.com,shenzhen-angui-technology-co-ltd
"Anhui Chen Rui Electric Co., Ltd",CHN,China,Chuzhou Anhui,info@sinolux.com,www.sinolux.com,an-hui-chen-rui-electric-coltd
Ankara Metal Products Exporters Association,TUR,Türkiye,Cankaya /Ankara,demir@oaib.org.tr,https://www.demirbirlik.org/,ankara-metal-products-exporters-association
"Anker Innovations Technology Co., Ltd.",CHN,China,Changsha Hunan,,www.anker-in.com,anker-innovations-technology-co-ltd
Antidark ApS,DNK,Denmark,Middelfart,info@antidark.dk,www.antidark.dk,antidark-aps
"Zhejiang Antong Elec &amp; Tech Co., Ltd.",CHN,China,Lishui Zhejiang,penny@safetypass.com,www.safetypass.com,zhejiang-antong-elec--tech-co-ltd
"AnyCasting Co., Ltd.",KOR,"Korea, the Republic of (South)",Seoul,andrea.kim@anycasting.com,http://www.anyoptics.com,anycasting-co-ltd
Anyhope Technology Limited,HKG,Hong Kong,"Kwun Tong, Kowloon",info@anyhopetech.com,www.anyhopetech.com,anyhope-technology-limited
AOK Industrial Company Limited,CHN,China,Shenzhen Guangdong,bonnie@aokledlight.com,www.aokledlight.com,aok-industrial-company-limited
"A-one Led Lighting Co., Ltd.",CHN,China,Dongguan Guangdong,,www.aoneled.com,a-one-led-lighting-co-ltd
"Aoxing Electric Technology Co., Ltd.",CHN,China,Xiaolan Town Guangdong,,,aoxing-electric-technology-co-ltd
Schneider Electric GmbH c/o APC,DEU,Germany,Düsseldorf,DACH-Insidesales-ITD@se.com,https://www.se.com,schneider-electric-gmbh-co-apc
APL AG,DEU,Germany,Mülheim an der Ruhr,,,apl-ag
"Aqara LLC (Lumi United Technology Co., Ltd)",CHN,China,Shenzhen Guangdong,sebastian-a2145@aqara.com,www.aqara.com,lumi-united-technology-co-ltd
Aqua-Scope Technologies OU,EST,Estonia,Tallinn,info@aqua-scope.com,https://www.aqua-scope.com,aqua-scope-technologies-ou
Archilight s.r.o.,CZE,Czech Republic,Dolni Brezany,srb@archilight.cz,www.archilight.eu,archilight-sro
Archion,KOR,"Korea, the Republic of (South)",Anyang-si,overseas@b2system.co.kr,www.archion.co.kr,b2-co-ltd
"Arcllux (Zhongshan) Intelligent Lighting Technology Co., Ltd.",CHN,China,Zhongshan Guangdong,allen@arcllux.com,www.arcllux.com,arcllux-zhongshan-intelligent-lighting-technology-co-ltd
Arcluce S.p.A.,ITA,Italy,San Zenone al Lambro,export@arcluce.it,www.arcluce.it,arcluce-spa
ARCUS Electronic Design Services GmbH,DEU,Germany,Berlin,info@arcus-eds.de,www.arcus-eds.de,arcus-electronic-design-services-gmbh
Arde Aydinlatma San. Tic. Ltd Sti,TUR,Türkiye,Sancaktepe /Istanbul,info@detayaydinlatma.com.tr,www.detayaydinlatma.com.tr,arde-aydinlatma-santicltd-sti
ARDIC Elektrik San. ve Tic. Ltd. Sti.,TUR,Türkiye,Istanbul,import@ardic.com,www.ardic.com,ardic-elektrik-san-ve-tic-ltd-sti
Arditi GmbH,DEU,Germany,Ebersdorf,controlling@arditi.de,www.arditi.de,arditi-gmbh
Arelux Srl,ROU,Romania,Bacau,,www.arelux.ro,arelux-srl
Argetron Elektronik Ltd. Sti,TUR,Türkiye,Istanbul,mehmet.budak@argetron.com,www.argetron.com,argetron-elektronik-ltd-sti
Arline Srl,ITA,Italy,Milano,info@arline.it,www.arline.it,arline-srl
ARLUX SAS,FRA,France,Aubagne,meh@arlux-lighting.fr,www.arlux-lighting.fr,arlux-sas
Arnocanali S. P. A.,ITA,Italy,Rignano Sull'Arno,export@arnocanali.it,www.arnocanali.it,arnocanali-s-p-a
"Aromas del Campo, S.L.",ESP,Spain,Betera,aromas@aromasdelcampo.com,www.aromasdelcampo.com,aromas-del-campo-sl
Aronlight Lda.,PRT,Portugal,Oeiras,manuel.vidigal@aronlight.pt,www.aronlight.com,aronlight-lda
ShenZhen Arraystarled Limited,CHN,China,ShenZhen Guangdong,david@arraystarled.com,www.arraystarled.com,shenzhen-arraystarled-limited
"Artilect Green Co., Ltd.",TWN,Taiwan,Taipei City,info@artilectgreen.com,www.artilectgreen.com,artilect-green-co-ltd
Artim Metal Elektrik San. Tic. A.S.,TUR,Türkiye,Silivri /Istanbul,,www.artimmetal.com,artim-metal-elektrik-san-tic-as
"FPH &#39;ART Metal&#39; Jolanta Dobrodziej, Grzegorz Dobrodziej Sp. J.",POL,Poland,Lapino Kartuskie,info@art-metal.pl,www.art-metal.pl,fph-art-metal-jolanta-dobrodziej-grzegorz-dobrodziej-sp-j
Art Vetro Srl,ITA,Italy,Galbiate,,www.artvetro.com,art-vetro-srl
ASA Plastici Azienda Stampaggio Articoli Plastici Srl,ITA,Italy,Trezzano Sul Naviglio,ucommerciale@asaplastici.it,www.asaplastici.com,asa-plastici-azienda-stampaggio-articoli-plastici-srl
Ascable,ESP,Spain,Les Franqueses del Valles,aperez@ascable.es,www.ascable-recael.com,ascable-recael-sa
"Asia Unique Led Lighting Co., Ltd.",CHN,China,Shenzhen Guangdong,auniqueled@ledofchina.com,www.ledofchina.com,asia-unique-led-lighting-co-ltd
ASLED SAS,FRA,France,Cholet,info@asled.eu,www.asled.fr,asled-sas
ASM Security Kft.,HUN,Hungary,Budapest,dora.kertesz@clever-light.com,www.clever-light.com,asm-security-kft
Asp&ouml;ck Systems GmbH,AUT,Austria,Peuerbach,info@aspoeck-lumeu.com,http://www.aspoeck-lumeu.com/,aspoeck-systems-gmbh
ASSA ABLOY Sicherheitstechnik GmbH,DEU,Germany,Albstadt,albstadt@assaabloy.com,www.assaabloy.com/de,assa-abloy-sicherheitstechnik-gmbh
Associazione Nazionale Produttori Illuminazione - ASSIL,ITA,Italy,Milano,marketing.comunicazione@assil.it,www.assil.it,associazione-nazionale-produttori-illuminazione---assil
ASYA Lighting Products,BGR,Bulgaria,Sliven,office@asya-light.com,https://asya-light.com/en/,uzo-ood
Atios AG,CHE,Switzerland,Seedorf,,,atios-ag
Atkore,BEL,Belgium,Oudenaarde,vergokansales@atkore.com,www.atkore.com,vergokan-nv
ATM Lighting Sp. z o.o.,POL,Poland,Gdansk,office@atmlighting.pl,www.atmlighting.pl,atm-lighting-sp-z-oo
ATP Lighting,ESP,Spain,Arre (Navarra),comercial@atpiluminacion.com,https://www.atpiluminacion.com/home.html,alumbrado-tcnico-pblico-sa
SIA &#39;ATTA-1&#39;,LVA,Latvia,Riga,b2b@bankoflamps.com,https://bankoflamps.com/,sia-atta-1
Attema B.V.,NLD,Netherlands,Gorinchem,info@attema.nl,www.attema.com,attema-bv
AUBRILAM S.A.S.,FRA,France,Clermont Ferrand,contact@aubrilam.fr,www.aubrilam.com,aubrilam-sas
Aufmaster GmbH,DEU,Germany,Frankfurt am Main,info@aufmaster.com,www.aufmaster.de,aufmaster-gmbh
AUREX Industries Inc.,TWN,Taiwan,Taipei City,info@aurex.com.tw,www.aurex.com.tw,aurex-industries-inc
Aurolite Electrical Limited,HKG,Hong Kong,Sheung Wan,sales@aurolight.cn,www.aurolight.cn,aurolite-electrical-limited
"Auroras Innotech Guangdong Co., Ltd.",CHN,China,Gree Innovation City Guangdong,,,auroras-innotech-guangdong-co-ltd
Austar Lighting Co Ltd,CHN,China,Ningbo Zhejiang,info@austarlux.com,www.ChinaAustar.com,austar-lighting-co-ltd
"Autani, LLC",USA,United States,Columbia Maryland,,,autani-llc
Authentage,BEL,Belgium,Wijnegem,info@authentage.be,www.authentage.be,post-light-international-nv
Author Limited,HKG,Hong Kong,Tsim Sha Tsui,info@author-lighting.com,www.author.hk,author-limited
AUTLED GmbH,AUT,Austria,Obersdorf,office@autled.com,www.autled.com,autled-gmbh
auxalia GmbH,DEU,Germany,Hamburg,info@cadstudio.com,www.auxalia.com,auxalia-gmbh
Avelon Deutschland GmbH,DEU,Germany,Berlin,sales-de@avelon.com,https://avelon.com,avelon-deutschland-gmbh
AVE S.p.A.,ITA,Italy,Rezzato,export@ave.it,www.ave.it,ave-spa
A.V.S. s.r.l.,ITA,Italy,Masera Di Padova,segreteria@avs-srl.com,www.avs-srl.com,avs-srl
Rafał Stanuch P.P.H.U. AWEX Sp. z o.o.,POL,Poland,Michałowice,export@awex.eu,www.awex.eu,rafal-stanuch-pphu-awex-sp-z-oo
AW Lighting Limited,HKG,Hong Kong,North Point,alfredlau@awmcl.com.hk,www.awmcl.com.hk,aw-lighting-limited
Axis Communications GmbH,DEU,Germany,Ismaning,info-de@axis.com,www.axis.com,axis-communications-gmbh
Axis Electrical Components (India) Private Limited,IND,India,Mumbai,hemant.s@axis-india.com,axis-india.com,axis-electrical-components-india-private-limited
AYDINLATMA TEKNİK DERGİSİ &amp; ELECTRICITY MAGAZINE,TUR,Türkiye,Esenyurt /Istanbul,mates@electricityturkey.com,www.aydinlatmateknik.com,yukselis-yayincilik-ltd-sti
AY-KA Elektrik Emlak Insaat San. ve Tic. Ltd. Sti.,TUR,Türkiye,Ciftlikköy,gurkanayaz@aykaelektrik.com.tr,www.aykaelektrik.com.tr,ay-ka-elektrik-emlak-insaat-san-ve-tic-ltd-sti
AYPRO Technology,TUR,Türkiye,Antalya,info@aypro.com,www.aypro.com,aypro-technology
Aytac Aydinlatma San. ve Tic. Ltd. Sti.,TUR,Türkiye,Istanbul,kadir.celep@lucea.com.tr,www.lucea.com.tr,aytac-aydinlatma-san-ve-tic-ltd-sti
Azzardo Sp. z o.o.,POL,Poland,Poznan,margo.keller@lampy.it,azzardo.com,azzardo-sp-z-oo
BACnet Interest Group Europe e.V.,DEU,Germany,Aachen,info@big-eu.org,www.big-eu.org,bacnet-interest-group-europe-ev
Bader LED-Lichtsysteme Robert Bader,DEU,Germany,Nagold,service@bader-led.de,www.bader-led.de,bader-led-lichtsysteme-robert-bader
"Baelux Co., Ltd.",KOR,"Korea, the Republic of (South)","Seocho-gu, Seoul",dr.j.bae@baelux.com,www.baelux.com,baelux-co-ltd
"Foshan Shunde Baihong Hardware Product Co., Ltd.",CHN,China,Foshan Guangdong,lora@baholighting.com,www.baholighting.com,foshan-shunde-baihong-hardware-product-coltd
"Zhongshan Bailiwei Lighting Co., Ltd.",CHN,China,Zhongshan Guangdong,blw222@bailiwei.com,www.bailiwei.com,zhongshan-bailiwei-lighting-coltd
"Baiwei Lighting Technology Co., Limited",HKG,Hong Kong,"Laichikok, Kowloon",sales@baiweilighting.com,www.linear-profile.com,baiwei-lighting-technology-co-ltd
Baiyi Lighting (Shanghai) Holdings Ltd.,CHN,China,Shanghai,bryan.zhou@baiyiglobal.com,www.baiyiglobal.com,baiyi-lighting-shanghai-holdings-ltd
&#39;Baks&#39; Kazimierz Sielski,POL,Poland,Karczew,baks@baks.com.pl,www.baks.com.pl,baks-kazimierz-sielski
Bals Elektrotechnik GmbH &amp; Co. KG,DEU,Germany,Kirchhundem,info@bals.com,www.bals.com,bals-elektrotechnik-gmbh--co-kg
"WENZHOU BAODE ELECTRIC CO., LTD.",CHN,China,Wenzhou Zhejiang,bestest@sunnybell.com.cn,www.sunnybell.com.cn,wenzhou-baode-electrical-co-ltd
"Taizhou Baoluda Electric Technology Co., Ltd.",CHN,China,Taizhou Zhejiang,salec@qixing.cc,www.ceeplug.com,taizhou-baoluda-electric-technology-co-ltd
Bartenbach GmbH,AUT,Austria,Wattens,info@bartenbach.com,www.bartenbach.com,bartenbach-gmbh
Basalte,BEL,Belgium,Merelbeke,info@basalte.be,www.basalte.be,basalte-bvba
Basoglu Kablo ve Profil San. ve Tic. A.S.,TUR,Türkiye,Istanbul,info@basoglu.com,www.basoglu.com,basoglu-kablo-ve-profil-san-ve-tic-as
BASOR ELECTRIC,ESP,Spain,Gandia,basor@basor.com,www.basor.com,bt3-services-sociedad-limitada
Batsecur Sarl,FRA,France,Montbonnot-Saint-Martin,a.nauleau@batsecur.fr,www.batsecur.fr,batsecur-sarl
Battery-Kutter GmbH &amp; Co. KG,DEU,Germany,Norderstedt,jvkapherr@battery-kutter.de,www.battery-kutter.de,battery-kutter-gmbh--co-kg
BBC Cellpack,DEU,Germany,Waldshut-Tiengen,electrical.products@cellpack.com,cellpack.com,bbc-cellpack-gmbh
"BCMAX, s.r.o.",CZE,Czech Republic,"Ostrava, Slezská Ostrava",ganco.gancev@bcmax.cz,www.bateriecentrum.cz,baterie-centrum-sro
Beacon Lighting Europe GmbH,DEU,Germany,Krefeld,sales@beaconlighting.eu,https://beaconlighting-europe.com/,beacon-lighting-europe-gmbh
Beautiful Light Technology Corporation,TWN,Taiwan,Lucao Township,sales@bltc.com.tw,www.bltc.com.tw,beautiful-light-technology-corporation
"BEAUTY (GD) MANUFACTURING CO., LIMITED",CHN,China,Jiangmen Guangdong,manager@chinabeautylighting.com,www.chinabeautylighting.com,beauty-gd-manufacturing-co-limited
"Beauty Shadow Co., Ltd.",HKG,Hong Kong,"Tsuen Wan, Kowloon",info@beautyshadow.com,www.beautyshadow.com,beauty-shadow-co-ltd
Bechter Licht GmbH,AUT,Austria,Hittisau,office@georgbechterlicht.at,www.georgbechterlicht.at,bechter-licht-gmbh
Beckhoff Automation GmbH &amp; Co. KG,DEU,Germany,Verl,info@beckhoff.de,,beckhoff-automation-gmbh--co-kg
"Ningbo BEC Lighting Co., Ltd.",CHN,China,Ningbo Zhejiang,sales1@beclighting.com,www.beclighting.com,ningbo-bec-lighting-co-ltd
BEGA Gantenbrink-Leuchten KG,DEU,Germany,Menden (Sauerland),info@bega.com,https://www.bega.com,bega-gantenbrink-leuchten-kg
B.E.G. Br&uuml;ck Electronic GmbH,DEU,Germany,Lindlar,vertrieb@beg.de,www.beg-luxomat.com,beg-brueck-electronic-gmbh
BEGHELLI SpA,ITA,Italy,Valsamoggia,estero@beghelli.it,www.beghelli.com,beghelli--spa
Beijing Yanuo Adhesive Products Co. Ltd.,CHN,China,Beijing,info@tenotape.com,www.tenotape.com,beijing-yanuo-adhesive-products-co-ltd
Belux AG,CHE,Switzerland,Möriken,belux@belux.com,www.belux.com,belux-ag
Bemis Teknik Elektrik A.S.,TUR,Türkiye,Nilüfer /Bursa,trade@bemis.com.tr,www.bemis.com.tr,bemis-teknik-elektrik-as
Bemko Sp. z o.o.,POL,Poland,Jawczyce,kamil.konopka@bemko.pl,www.bemko.eu,bemko-sp-z-oo
Bender GmbH &amp; Co. KG,DEU,Germany,Grünberg,info@bender.de,www.bender.de,bender-gmbh--co-kg
Bender &amp; Wirth GmbH &amp; Co.,DEU,Germany,Kierspe,info@bender-wirth.de,www.bender-wirth.com,bender--wirth-gmbh--co
Dieter W. Bendler Leuchtenzubeh&ouml;r GmbH &amp; Co.,DEU,Germany,Arnsberg,info@dw-bendler.de,www.dw-bendler.de,dieter-w-bendler-leuchtenzubehoer-gmbh--co
BENEDER Kunststofftechnik GmbH,AUT,Austria,Schwertberg,office@beneder-kunststofftechnik.at,www.beneder.at,beneder-kunststofftechnik-gmbh
BENEITO FAURE,ESP,Spain,La Roca del Vallès,judit@beneito-faure.com,www.beneito-faure.com,beneito--faure-lighting-sl
Benetics AI - Der erste KI Sprachassistent f&uuml;r das E-Handwerk,CHE,Switzerland,Zürich,info@benetics.ai,https://www.benetics.ai,benetics-ag
"Benito Urban, S.L.U.",ESP,Spain,Vic (Barcelona),info@benito.com,www.benito.com,benito-urban-slu
Benning Elektrotechnik und Elektronik GmbH &amp; Co. KG,DEU,Germany,Bocholt,info@benning.de,www.benning.de,benning-elektrotechnik-und-elektronik-gmbh--co-kg
"Benson Energy Saving Technology Co., Ltd.",TWN,Taiwan,Tainan,service@best-energysaving-tech.com,,benson-energy-saving-technology-co--ltd
BERGDAHLS AB,SWE,Sweden,Linköping,kundsupport@bergdahls.com,www.bergdahls.com,ronnie-bergdahls-foersaeljnings-ab
Bert Frank Limited,GBR,Great Britain and Northern Ireland,London,info@bertfrank.co.uk,https://bertfrank.co.uk/,bert-frank-limited
Berufsgenossenschaft Energie Textil Elektro Medienerzeugnisse-BG ETEM,DEU,Germany,Köln,info@bgetem.de,www.bgetem.de,berufsgenossenschaft-energie-textil-elektro-medienerzeugnisse-bg-etem
Bes A Elektrik ve Elektronik San. Tic. A.S.,TUR,Türkiye,Istanbul,arzu.rona@bes-a.com,www.bes-a.com,bes-a-elektrik-ve-elektronik-san-tic-as
"Ningbo Bestlite Electric Co., Ltd.",CHN,China,Ningbo Zhejiang,bestlite@bestlite888.com,www.bestlite.com.cn,ningbo-bestlite-electric-co-ltd
Besun LED Limited,HKG,Hong Kong,Wanchai,sales@besun-led.com,www.besun-led.com,besun-led-limited
"Dongguan Betop Smart Lighting Co., Ltd.",CHN,China,Dongguan Guangdong,,www.betop-led.com,dongguan-betop-smart-lighting-co-ltd
bGrid B.V.,NLD,Netherlands,Amsterdam,wouter.kok@bgrid.com,www.bgrid.com,bgrid-bv
Bihl + Wiedemann GmbH,DEU,Germany,Mannheim,mail@bihl-wiedemann.de,www.bihl-wiedemann.de,bihl--wiedemann-gmbh
"Billionaire Lighting Co., Ltd",CHN,China,Shenzhen Guangdong,sales6@billionaireled.com,www.billled.com,billionaire-lighting-coltd
BIMER Electric Srl,ITA,Italy,Castel Mella,emargosian@bimerelectric.com,www.bimerelectric.com,bimer-electric-srl
BION Technologies GmbH,DEU,Germany,Königsbrunn,info@biontechnologies.com,www.biontechnologies.com,bion-technologies-gmbh
Bird Home Automation GmbH,DEU,Germany,Berlin,hello@doorbird.com,www.doorbird.com,bird-home-automation-gmbh
BITGEUL,KOR,"Korea, the Republic of (South)",Anyang-si,sales@bitgeul.kr,www.bitgeul.kr,bitgeul-co-ltd
"Bitpott (Nantong) New Energy Technology Co., Ltd",CHN,China,Nantong Jiangsu,sales@forigat.com,https://forigat.com,bitpott-nantong-new-energy-technology-co-ltd
BJB GmbH &amp; Co. KG,DEU,Germany,Arnsberg,info@bjb.com,www.bjb.com,bjb-gmbh--co-kg
BLF S.r.l.,ITA,Italy,Sumirago,blf@blf.it,www.blf.it,blf-srl
"Hangzhou Blueberry Lighting Tech Co., Ltd.",CHN,China,Hangzhou Zhejiang,info@blueberry.hk,www.blueberry.hk,hangzhou-blueberry-lighting-tech-co-ltd
"Blueview Elec-optic Tech Co., Ltd.",CHN,China,Chengdu Sichuan,nicole@blueviewled.com,www.blueviewled.com,blueview-elec-optic-tech-co-ltd
Blumotix S.r.l.,ITA,Italy,Lugo,zambelli@blumotix.it,blumotix.com,blumotix-srl
B &amp; M Optik GmbH,DEU,Germany,Limburg,office.limburg@bm-optik.de,www.bm-optik.de,b--m-optik-gmbh
Boda Industrial Limited,HKG,Hong Kong,"Tuen Mun, New Territories",sales@boda-lifelighting.cn,www.boda-lifelighting.com,boda-industrial-limited
Shanghai BO Glass Industrial Limited,CHN,China,Shanghai,sales@bo-glass.com,www.bo-glass.com,shanghai-bo-glass-industrial-limited
"Boke Drivers Co., Ltd.",CHN,China,Zhongshan Guangdong,info@bokedriver.com,www.bokedriver.com,boke-drivers-co-ltd
"ZHEJIANG BOLATU TECHNOLOGY CO., LTD.",CHN,China,Yueqing Zhejiang,bolartu@bolartu.cn,www.bolartu.cn,zhejiang-bolatu-technology-co-ltd
Bold Lighting LLC,USA,United States,Marietta Georgia,,,bold-lighting-llc
Bott GmbH &amp; Co. KG,DEU,Germany,Gaildorf,info@bott.de,www.bott.de,bott-gmbh--co-kg
Bottlelight Company Dr. Kitzenmaier,DEU,Germany,Potsdam,info@bottlelight.eu,www.bottlelight.eu,bottlelight-company-dr-kitzenmaier
"Ningbo Boyang Lighting Co., Ltd.",CHN,China,"Cixi, Ningbo Zhejiang",bruce@boyanglighting.com,www.groupboyang.com,ningbo-boyang-lighting-co-ltd
Bralco A. Kouremenas S.A.,GRC,Greece,Sindos Industrial Area,,,bralco-a-kouremenas-sa
Brandes GmbH,DEU,Germany,Eutin,brandes@brandes.de,www.brandes.de,brandes-gmbh
Brass Copper + Alloy (I) Ltd.,IND,India,Mumbai,megh@hexworldwide.com,www.hexworldwide.com,brass-copper--alloy-i-ltd
Hugo Brennenstuhl GmbH &amp; Co KG,DEU,Germany,Tübingen,info@brennenstuhl.de,www.brennenstuhl.com,hugo-brennenstuhl-gmbh--co-kg
"Bridgelux (Wuxi) Semiconductor., Ltd.",CHN,China,Wuxi City Jiangsu,markberg@bridgelux.com,www.bridgelux.com,bridgelux-wuxi-semiconductor-ltd
Bright Glory Light Shenzhen Co. Ltd.,CHN,China,Shenzhen Guangdong,junli@bgllighting.com,https://www.bgllighting.com/,bright-glory-light-shenzhen-co-ltd
BRIGHT Special Lighting S.A.,GRC,Greece,"Lukobrusè, Athens",info@bright.gr,www.bright.gr,bright-special-lighting-sa
Brinno International Limited,HKG,Hong Kong,Causeway Bay,cathyw@brinnoled.com,www.brinnoled.com,brinno-international-limited
"Hangzhou BroadLink Technology Co., Ltd.",CHN,China,Hangzhou,intl@ibroadlink.com,www.ibroadlink.com,hangzhou-broadlink-technology-co-ltd
Brossier Saderne SASU,FRA,France,Beaucouzé,info@brossier-saderne.com,www.brossier-saderne.com,brossier-saderne-sasu
Brumberg Leuchten GmbH &amp; Co. KG,DEU,Germany,Sundern,info@brumberg.com,www.brumberg.com,brumberg-leuchten-gmbh--co-kg
BS Bodensteckdosen Systemtechnik GmbH,DEU,Germany,Bielefeld,info@bodensteckdosen.com,www.bodensteckdosen.com,bs-bodensteckdosen-systemtechnik-gmbh
BSM Ltd.,BGR,Bulgaria,German,info@bsm-bg.com,www.bsm-bg.com,bsm-ltd
"SHENZHEN BTF-LIGHTING TECHNOLOGY CO., LIMITED",CHN,China,Shenzhen Guangdong,graychen@btf-lighting.com,www.btf-lighting.com,shenzhen-btf-lighting-technology-co-ltd
BTGA - Bundesindustrieverband Technische Geb&auml;udeausr&uuml;stung e.V.,DEU,Germany,Bonn,info@btga.de,www.btga.de,btga---bundesindustrieverband-technische-gebaeudeausruestung-ev
Buckingham Industrial Corporation,TWN,Taiwan,New Taipei City,sales@buckingham.com.tw,www.buckingham.com.tw,buckingham-industrial-corporation
Buderus Deutschland - Bosch Thermotechnik GmbH,DEU,Germany,Wetzlar,info@buderus.de,www.buderus.de,bosch-thermotechnik-gmbh-buderus-deutschland
"Zhejiang BULO Electrical Co., Ltd.",CHN,China,Wenzhou Zhejiang,wzbulo@163.com,www.bulo.com,zhejiang-bulo-electrical-coltd
ABB AG Busch-Jaeger,DEU,Germany,Lüdenscheid,info.bje@de.abb.com,www.busch-jaeger.de,busch-jaeger-elektro-gmbh
BWF Kunststoffe GmbH &amp; Co. KG,DEU,Germany,Offingen,info@bwf-profiles.de,www.bwf-profiles.de,bwf-kunststoffe-gmbh--co-kg
"NINGBO&nbsp;CADYSUN&nbsp;LIGHTING&nbsp;TECHNOLOGY&nbsp;CO., LTD.",CHN,China,Ningbo Zhejiang,cadysun@cadysunlighting.com,www.cadysunlighting.com,ningbo-cadysun-lighting-technology-co-ltd
Caleb Cable Industrial Limited,HKG,Hong Kong,"Sheung Shui, New Territories",alex@calebcable.com,http://www.calebcable.com,caleb-cable-industrial-limited
Electro Cirkel Retail B.V. (CALEX),NLD,Netherlands,Rotterdam,info@calex.eu,www.calex.nl,electro-cirkel-retail-bv
Calumino Pty Ltd,AUS,Australia,St Leonards,bart@calumino.com,www.calumino.com,calumino-pty-ltd
Canalplast S.p.A.,ITA,Italy,Milano,assistcomm@canalplast.it,www.canalplast.com,canalplast-spa
Cangini e Tucci SRL,ITA,Italy,Cesena,amministrazione@canginietucci.com,www.canginietucci.com,cangini-e-tucci-srl
Can&#39;nX,FRA,France,Saint Laurent Du Var,contact@can-nx.com,www.can-nx.com,custhome-paca-sarl
C. &amp; G. Carandini S.A.U.,ESP,Spain,Llicà d'Amunt,info@carandini.com,www.carandini.com,c--g-carandini-sau
Carclo Optics,GBR,Great Britain and Northern Ireland,Rabans Industrial Estate,sales@carclo-optics.com,www.carclo-optics.com,carclo-technical-plastics-ltd
Care Lighting,CHN,China,Huzhou Zhejiang,frost@care-china.cn,www.carelighting.com.cn,changxing-jichang-illumination-co-ltd
Cariboni Group S.p.A.,ITA,Italy,Rovereto,marketing@caribonigroup.com,www.caribonigroup.com,cariboni-group-spa
Carl Stahl ARC GmbH,DEU,Germany,Süssen,architektur@carlstahl.com,www.carlstahl-architektur.com,carl-stahl-arc-gmbh
Carniaflex Srl,ITA,Italy,Paluzza (UD),carniaflex@carniaflex.com,www.carniaflex.com,carniaflex-srl
Casambi Technologies Oy,FIN,Finland,Espoo,disa.wegelius@casambi.com,www.casambi.com,casambi-technologies-oy
Casati Mario S.r.l.,ITA,Italy,Paderno Dugnano,fabio.casati@casati-torneria.it,www.casati-torneria.it,casati-mario-srl
Cascoda Ltd.,GBR,Great Britain and Northern Ireland,Southampton,info@cascoda.com,www.cascoda.com,cascoda-ltd
C.A.T.S. Software GmbH,DEU,Germany,Darmstadt,vertrieb@cats-software.com,www.cats-software.com,cats-software-gmbh
C.E.F. S.r.l.,ITA,Italy,Greve in Chianti,info@cef.it,www.cef.it,cef-srl
CELO Befestigungssysteme GmbH,DEU,Germany,Aichach,,www.celofixings.de,celo-befestigungssysteme-gmbh
Cemdag Lighting Technologies,TUR,Türkiye,Izmir,cemdag@cemdag.com,www.cemdag.com,cemdag-aydinlatma-sanayi-ve-ticaret-anonim-sirketi
"Yueqing Cenozoic Electronic Co., Ltd.",CHN,China,Wenzhou Zhejiang,cenozoicpeter@163.com,www.xsddz.com,yueqing-cenozoic-electronic-co-ltd
"Ceramiclite (Hangzhou) Technology Co., Ltd.",CHN,China,Shenzhen Guangdong,jeff@ceramiclite.com,https://www.ceramiclite.com/,ceramiclite-hangzhou-technology-co-ltd
Cetinkaya Pano Sac Tablo ve Plastik San. ve. Tic. A.S.,TUR,Türkiye,"Karakoy, Beyoglu, Istanbul",cemil@cetinkayapano.com,www.cetinkayapano.com,cetinkaya-pano-sac-tablo-ve-plastik-san-ve-tic-as
"Hongkong Cettiga Lighting Equipment Co., Limited",HKG,Hong Kong,"Mongkok, Kowloon",oversea@cettiga.com,www.cettiga.com,hongkong-cettiga-lighting-equipment-co-limited
"Ningbo Changelite Lighting Technology Co., Ltd.",CHN,China,Cixi Zhejiang,market@changelighting.cc,www.changelighting.cc,ningbo-changelite-lighting-technology-co-ltd
"Changhong Plastics Group Imperial Plastics Co., Ltd.",CHN,China,Wuhu Anhui,kristinzou@chs.com.cn,www.chs.com.cn,changhong-plastics-group-imperial-plastics-co-ltd
"Guangdong Changqi Lighting Technology Co., Ltd.",CHN,China,Jiangmen Guangdong,inguiry@paralight.cc,https://www.ledlinearfactory.com,guangdong-changqi-lighting-technology-co-ltd
"Changxing Smart Technology (Shenzhen) Co., Ltd.",CHN,China,Shenzhen Guangdong,shanghaiguibang@126.com,https://www.cxznsz.cn/en/,shenzhen-smart-changxing-technology-co-ltd
"Zhongshan Changyi Lamp Component Manufacture Co., Ltd.",CHN,China,Zhongshan Guangdong,dg@changyilamp.com.cn,https://zschangyilamp.en.alibaba.com/,zhongshan-changyi-lamp-component-manufacture-co-ltd
"Ningbo Chaoteng Lighting and Electronic Co., Ltd.",CHN,China,"Ningbo, Zhejiang",ct@elecyuchi.com,http://www.nbchaoteng.com,ningbo-chaoteng-lighting-and-electronic-co-ltd
MAHLE chargeBIG GmbH,DEU,Germany,Stuttgart,info@chargebig.com,www.chargebig.com,mahle-chargebig-gmbh
chargecloud GmbH,DEU,Germany,Köln,sales@chargecloud.de,www.chargecloud.de,chargecloud-gmbh
Chauvin Arnoux GmbH,DEU,Germany,Kehl,info@chauvin-arnoux.de,www.chauvin-arnoux.de,chauvin-arnoux-gmbh
"Chen Zong Technology Co., Ltd.",TWN,Taiwan,Taipei,sales@kee-lux.com,www.kee-lux.com,chen-zong-technology-co-ltd
"China Machinery Engineering Wuxi Co., Ltd.",CHN,China,Wuxi Jiangsu,eric@bestylelighting.com,https://www.bestylelighting.com/,china-machinery-engineering-wuxi-co-ltd
"China Min Enterprise Co., Ltd.",TWN,Taiwan,Tainan,amyquality@gmail.com,,china-min-enterprise-co-ltd
"Chinyo Lighting Co., Ltd.",CHN,China,Ningbo Zhejiang,info@chinyolighting.com,www.chinyolighting.com,chinyo-lighting-co-ltd
"CH Lighting Technology Co., Ltd.",CHN,China,Shaoxing Zhejiang,pjb@chlighting.com,www.chlighting.com,ch-lighting-technology-co-ltd
"Chogori Technology Co., Ltd.",CHN,China,Shenzhen Guangdong,sales01@chogori.com.cn,https://www.chogori-tech.com/,chogori-technology-co-ltd
CHROMATEQ SARL,FRA,France,St: Gely du Fesc,info@chromateq.com,www.chromateq.com,chromateq-sarl
"Zhejiang Chuangqi Electric Co., Ltd.",CHN,China,Wenzhou Zhejiang,jahon@chac-cn.com,www.chac-electric.com,zhejiang-chuangqi-electric-co-ltd
International Commission on Illumination (CIE),AUT,Austria,Wien,ciecb@cie.co.at,,international-commission-on-illumination-cie
Cielux,USA,United States,Richmond California,cielux@cielux.com,https://www.cielux.com/,dicon-fiberoptics-inc
CIMCO Werkzeuge GmbH &amp; Co. KG,DEU,Germany,Remscheid,info@cimco.de,www.cimco.de,cimco-werkzeuge-gmbh--co-kg
Citel 2 C P SAS,FRA,France,Paris,,,citel-2-c-p-sas
Citel Electronics GmbH,DEU,Germany,Bochum,messe@citel.de,www.citel.de,citel-electronics-gmbh
CITiLIGHT,IND,India,Gurgaon,global.team@citilight.co,https://www.citilight.co/,tahinium-technologies-pvt-ltd
"Citizen Electronics Co., Ltd.",JPN,Japan,Yamanashi-Ken,cej-inquiry@ml.citizen.co.jp,http://ce.citizen.co.jp/e/index.php/,citizen-electronics-co-ltd
"Wuhan Citron Intelligent Technology Co., Ltd.",CHN,China,"Wuhan, Hubei",charles@citron-iot.com,https://www.citron-iot.cn/,wuhan-citron-intelligent-technology-co-ltd
Citygrow Energy Systems Limited,HKG,Hong Kong,"Tsuen Wan, New Territories",sales@citygrowsys.com,citygrowsys.com,citygrow-energy-systems-limited
"Cixi City Superstarlux Co., Ltd.",CHN,China,Ningbo Zhejiang,sales@superstarlux.com,www.superstarlux.com,cixi-city-superstarlux-coltd
"Cixi ZhongFa Lamps Co., Ltd.",CHN,China,"Cixi, Ningbo Zhejiang",zflamp@zflamp.com,www.zflamp.com,cixi-zhongfa-lamps-co-ltd
"Clear Lighting Co., Ltd",CHN,China,Shenzhen Guangdong,info@clearlighting.com,https://clearlighting.com,clear-lighting-co-ltd
Climar Lighting,PRT,Portugal,Borralha,geral@climar.pt,www.climarlighting.com,climar---indstria-de-iluminacao-sa
"Shenzhen CL Lighting Technology Co., Ltd.",CHN,China,Shenzhen Guangdong,info@intux.cn,www.cl-light.com,shenzhen-cl-lighting-technology-co-ltd
CLS LED BV,NLD,Netherlands,Wijchen,info@cls-led.com,www.cls-led.com,cls-led-bv
CMC Klebetechnik GmbH,DEU,Germany,Frankenthal,info@cmc.de,www.cmc.de,cmc-klebetechnik-gmbh
Cntic Illumination Co.,HKG,Hong Kong,"Tseung Kwan O, New Territories",kenfang@public.szptt.net.cn,www.cnticlighting.com,cntic-illumination-co
CobiNet Fernmelde- und Datennetzkomponenten GmbH,DEU,Germany,Heddesheim,info@cobinet.de,www.cobinet.de,cobinet--fernmelde--und-datennetzkomponenten-gmbh
COBOFRA SrL,ITA,Italy,Legnaro,cobofra@cobofra.com,www.cobofra.com,cobofra--srl
Coemar Lighting S.r.l.,ITA,Italy,Castiglione Delle Stiviere,info@coemar.com,www.coemar.com,coemar-lighting-srl
Coloprint tech-films GmbH,DEU,Germany,Frankenthal,info@tech-films.de,https://www.tech-films.de,coloprint-tech-films-gmbh
Color-Dec Italy S.r.l.,ITA,Italy,Camaiore,webinfo@encapled.com,www.color-dec.com,color-dec-italy-srl
Colorful Company Limited,HKG,Hong Kong,"Tsuen Wan, New Territories",sales@colorfullighting.cc,www.colorfullighting.cc,colorful-company-limited
"NINGBO COMEN ELECTRONICS TECHNOLOGY CO., LTD.",CHN,China,Ningbo Zhejiang,sales1@icomen.net,ucomen.com,ningbo-comen-electronics-technology-co-ltd
ComfortClick d.o.o.,SVN,Slovenia,Ljubljana,luka.persic@comfortclick.com,www.comfortclick.com,comfortclick-doo
"Xiamen Coming Lighting Technology Co., Ltd.",CHN,China,Xiamen Fujian,nora@coming-light.com,https://coming-light.en.alibaba.com/,xiamen-coming-lighting-technology-co-ltd
COM-tec GmbH,DEU,Germany,Karlsruhe,susanne.alvarado@comtecgmbh.de,www.comtecgmbh.de,com-tec-gmbh
"Jiangsu Constant Victory Lighting Tech Co., Ltd.",CHN,China,Wuxi Jiangsu,qjj19880327@jscvl.com,,jiangsu-constant-victory-lighting-tech-co-ltd
CONTA-CLIP Verbindungstechnik GmbH,DEU,Germany,Hövelhof,info@conta-clip.de,www.conta-clip.de,conta-clip-verbindungstechnik-gmbh
Control4,GBR,Great Britain and Northern Ireland,York,intlmarketing@adiglobal.com,https://www.control4.com/,snap-one-emea-ltd
CONTROLtronic GmbH,DEU,Germany,München,info@controltronic.com,www.controltronic.com,controltronic-gmbh
CooCo Limited,CHN,China,Shenzhen Guangdong,yen@cooco.cc,www.cooco.cc,cooco-limited
"Guangdong Cooper Optoelectronics Incorporated Co., Ltd.",CHN,China,Jiangmen Guangdong,led01@cooperled.net,www.cooperled.net,guangdong-cooper-optoelectronics-incorporated-co-ltd
Cora Lighting Factory Sp. z o.o.,POL,Poland,Bytom,cora@cora.pl,www.cora.pl,cora-lighting-factory-sp-z-oo
Core Bina Otomasyon Teknolojileri Sanayi ve Ticaret Limited Sirketi,TUR,Türkiye,Izmir,info@core.com.tr,www.core.com.tr,core-bina-otomasyon-teknolojileri-sanayi-ve-ticaret-limited-sirketi
"Hong Kong Coreshine Optoelectronics Co., Ltd.",HKG,Hong Kong,"Sheung Shui, N.T.",sales@coreshine.com,www.coreshine.com,hong-kong-coreshine-optoelectronics-co-ltd
COURBI - ELEKTRO SENIKON LTD,GRC,Greece,Korinthos,info@courbi.gr,www.courbi.com,elektro-senikon-ltd
Covestro Deutschland AG,DEU,Germany,Leverkusen,info@covestro.com,www.covestro.com,covestro-deutschland-ag
Covre Manifatture S.r.l.,ITA,Italy,Alzate Brianza,covre@covremanifatture.it,www.covremanifatture.it,covre-manifatture-srl
CP Electronics (A brand of Legrand),GBR,Great Britain and Northern Ireland,Birmingham,,https://www.legrand.co.uk/en/brands/cp-electronics,legrand-electric-ltd
"Creatrol Intelligence Co., Ltd.",CHN,China,Shanghai,contact@creatrol.com,https://www.creatrolsensor.com/,creatrol-intelligence-co-ltd
"Shenzhen CREP Optoelectronics Co., Ltd.",CHN,China,Shenzhen Guangdong,kerie@crep-led.com,www.crep-led.com,shenzhen-crep-optoelectronics-co-ltd
Crestron Europe BV,BEL,Belgium,Mechelen,inquiries@crestron.com,www.crestron.com,crestron-europe-bv
Cristallux GmbH,DEU,Germany,Waldachtal,office@cristallux.com,www.cristallux.com,cristallux-gmbh
"CS Tech Co., Ltd.",KOR,"Korea, the Republic of (South)",Busan,rohhd70@cs-tech.co,www.cs-tech.co,cs-tech-co-ltd
CUPOWER EUROPE GMBH,DEU,Germany,Hemer,katja@cupower.com,www.cupower.com,shenzhen-xiezhen-electronics-co-ltd-cupower
"Shanghai Cyanlite Technology Co., Ltd.",CHN,China,Shanghai,lily.zhang@cyanlite.com,www.cyanlite.com,shanghai-cyanlite-technology-co-ltd
"Deutsche Akademie f&uuml;r Photobiologie und Phototechnologie e.V. (DAfP) TU Ilmenau, Fachgebiet Lichttechnik",DEU,Germany,Ilmenau,,,deutsche-akademie-fuer-photobiologie-und-phototechnologie-ev-dafp-tu-ilmenau-fachgebiet-lichttechnik
Dahua Technology GmbH,DEU,Germany,Düsseldorf,sales.de@dahuatech.com,www.dahuasecurity.com/de/,dahua-technology-gmbh
DALCNET SRL,ITA,Italy,Altavilla,info@dalcnet.com,www.dalcnet.com,digimax-srl
DALI Alliance,USA,United States,Piscataway New Jersey,marcom@dali-alliance.org,www.dali-alliance.org,digital-illumination-interface-alliance
Danfoss GmbH Gesch&auml;ftsbereiche Climate Solutions und Drives,DEU,Germany,Offenbach am Main,cs@danfoss.com,www.danfoss.de,danfoss-gmbh-geschaeftsbereich-climate-solutions
Daniels &amp; Daniels Medien GmbH,DEU,Germany,Düsseldorf,kontakt@elektrodaniels.de,,daniels--daniels-medien-gmbh
DANLERS Limited,GBR,Great Britain and Northern Ireland,"Chippenham, Wiltshire",sales@danlers.co.uk,www.danlers.co.uk,danlers-limited
"Ningbo Daxie Development Zone Weiheng Lighting Electrical Co., Ltd.",CHN,China,Ningbo Zhejiang,sellone@nbweiheng.com,www.nbweiheng.com,ningbo-daxie-development-zone-weiheng-lighting-electrical-coltd
Daylight Italia S.r.l.,ITA,Italy,Milano,info@daylightitalia.com,www.daylightitalia.com,daylight-italia-srl
"Wenzhou Decoamigo Electric Co., Ltd.",CHN,China,Wenzhou Zhejiang,,www.decoamigo.com,wenzhou-decoamigo-electric-co-ltd
de &ndash; das elektrohandwerk / H&uuml;thig GmbH,DEU,Germany,Heidelberg,kontakt@elektro.net,https://www.elektro.net/,huethig-gmbh
"DEGSON Technology Co., Ltd.",CHN,China,"Cixi, Ningbo Zhejiang",sale@degson.com,www.degson.com,degson-technology-co-ltd
DEHN SE,DEU,Germany,Neumarkt,info@dehn.de,www.dehn.de,dehn-se
Deko-Light Elektronik Vertriebs GmbH,DEU,Germany,Karlsbad,deko@deko-light.com,www.deko-light.com,deko-light-elektronik-vertriebs-gmbh
DEKRA Certification B.V.,NLD,Netherlands,Arnhem,sales​.nl@​dekra​.com,https://www.dekra.nl/en/product-testing/,dekra-certification-bv
Delta Electronics Netherlands BV,NLD,Netherlands,Helmond,,www.deltapsu.com,delta-electronics-inc
Demak s.r.l.,ITA,Italy,Torino,exhibitions@demak.it,www.demakgroup.com,demak-srl
Demir Otomat Elektrik Malzemeleri Ve Insaat Sanayi Ticaret Limited Sirketi,TUR,Türkiye,Esenyurt / Istanbul,extrade@demirotomat.com.tr,www.demirotomat.com.tr,demir-otomat-elektrik-malzemeleri-ve-insaat-sanayi-ticaret-limited-sirketi
DEPPE,DEU,Germany,Sarstedt,info@deppe.eu,www.deppe.eu,paul-deppe--co-gmbh
Derksen Lichttechnik GmbH,DEU,Germany,Gelsenkirchen,info@derksen.de,www.derksen.de,derksen-lichttechnik-gmbh
DEUTA Controls GmbH,DEU,Germany,Hille,info@deuta-controls.de,www.deuta-controls.net,deuta-controls-gmbh
DEVI by Danfoss (Danfoss GmbH),DEU,Germany,Flensburg,info@devi.de,www.devi.de,danfoss-gmbh-devi-by-danfoss
Dexter Lighting,NLD,Netherlands,Rotterdam,info@dexterlighting.nl,www.dexterlighting.nl,dexter-design-bv
Deutsche farbwissenschaftliche Gesellschaft (DfwG) e.V. Technische Universit&auml;t Ilmenau,DEU,Germany,Ilmenau,,www.dfwg.de,deutsche-farbwissenschaftliche-gesellschaft-dfwg-ev-technische-universitaet-ilmenau
"DGT LIGHTING CO., LTD",CHN,China,Wenzhou Zhejiang,sale@dgtlighting.com,www.dgtlighting.com,dgt-lighting-co-ltd
DIAL GmbH,DEU,Germany,Lüdenscheid,dialog@dial.de,http://www.dialux.com,dial-gmbh
"Hong Kong Diaman International Lighting Co., Limited",HKG,Hong Kong,"Tsimshatsui, Kowloon",sales006@diamanlight.com,https://www.diamanlight.com/,hong-kong-diaman-international-lighting-co-limited
"Shenzhen Dianming Technology Co., Ltd.",CHN,China,Shenzhen Guangdong,,www.darmon.com,shenzhen-dianming-technology-coltd
"Hong Kong Dick Po Lighting Co., Ltd.",HKG,Hong Kong,"Tsim Sha Tsui, Kowloon",dickpo@dickpo.com,http://www.dickpo.com,hong-kong-dick-po-lighting-co-ltd
"Die Casting Man Energy Ningbo Co., Ltd.",HKG,Hong Kong,"Kwun Tong, Kowloon",Vicky@diecastingmanlighting.com,www.diecastingmanlighting.com,die-casting-man-energy-ningbo-co-ltd
Digital Art System S.a.r.l.,FRA,France,Montpellier,info@nicolaudie.com,www.nicolaudie.com,digital-art-system-sarl
Diluce Lighting (Hong Kong) Limited,HKG,Hong Kong,Wanchai,sales7@diluce.cc,,diluce-lighting-hong-kong-limited
Dilux Lighting Limited,HKG,Hong Kong,"Kwun Tong, Kowloon",sales@diluxlighting.com,https://www.diluxlighting.com/,dilux-lighting-limited
"Jiangmen Dingguo Lighting Technology Co., Ltd.",CHN,China,Jiangmen Guangdong,sales@dglight.com.cn,,jiangmen-dingguo-lighting-technology-co-ltd
Dinkle International Co. Ltd,TWN,Taiwan,New Taipei City,service@dinkle.com,www.dinkle.com,dinkle-enterprise-co-ltd
Dinuy SA,ESP,Spain,Irun,knx@dinuy.com,www.dinuy.com,dinuy-sa
Disano Illuminazione S.p.A.,ITA,Italy,Rozzano,info@disano.it,www.disano.it,disano-illuminazione-spa
"Ditraco - Digital Transformation Control, LDA",PRT,Portugal,Lisboa,a.potapova@ditra-solutions.com,,ditraco---digital-transformation-control-lda
DIVUS GmbH,ITA,Italy,Appiano sulla Strada del Vino,info@divus.eu,www.divus.eu,divus-srl
DKC Europe S.r.l.,ITA,Italy,Bellinzago Novarese,info@dkceurope.eu,www.dkceurope.com/en,dkc-europe-srl
DLX ELECTRIC,TUR,Türkiye,Istanbul,info@dlx.com.tr,www.dlx.com.tr,dlt-elektrik-plastik-kalip-san-ve-tic-ltd-sti
Deutsches Nationales Komitee der Internationalen Beleuchtungskommission (DNK-CIE e.V.),DEU,Germany,Braunschweig,,,deutsches-nationales-komitee-der-internationalen-beleuchtungskommission-dnk-cie-ev
Dobnel,POL,Poland,Gdańsk,info@dobnel.com,www.dobnel.com,abego-sc-radoslaw-czeczotka-rafal-socha
Docter Optics SE,DEU,Germany,Neustadt an der Orla,info@docteroptics.com,www.docteroptics.com,docter-optics-se
Doepke Schaltger&auml;te GmbH,DEU,Germany,Norden,info@doepke.de,www.doepke.de,doepke-schaltgeraete-gmbh
"Dolight Optoelectronics Technology Co., Ltd.",CHN,China,Huizhou Guangdong,super.do@dolight-led.com,www.dolight-led.com,dolight-optoelectronics-technology-co--ltd
"Guangdong Done Power Technology Co., Ltd.",CHN,China,Zhongshan Guangdong,done22@donepower.com,www.donepower.com,guangdong-done-power-technology-co-ltd
"Dongguan AiLe Lighting Co., Ltd.",CHN,China,Dongguan Guangdong,sales@smarterledlighting.com,www.smarterledlighting.com,dongguan-aile-lighting-co-ltd
"Dongguan Boling Plastic Products Co., Ltd.",CHN,China,Dongguan Guangdong,tie@gdbl.net,www.gdbl.net,dongguan-boling-plastic-products-co--ltd
"Dongguan CONA Electronics Technology Co., Ltd.",CHN,China,Dongguan City Guangdong,,,dongguan-cona-electronics-technology-co-ltd
"Dongguan Fongkit Electronics Manufacture Co., Ltd.",CHN,China,Dongguan Guangdong,levi.yan@fokconnectors.com,www.fongkit.com,dongguan-fongkit-electronics-manufacture-co-ltd
"Dongguan Ledestar Optoelectronics Technology Co., Ltd.",CHN,China,Dongguan Guangdong,tony@ledestar.com,www.ledestar.com,dongguan-ledestar-optoelectronics-technology-co-ltd
"Dongguan Pan American Electronics Co., Ltd.",CHN,China,Dongguan Guangdong,sales@panamericanelectronics.com,www.panamericanelectronics.com,dongguan-pan-american-electronics-co-ltd
DONG IL TECHNOLOGY LTD.,KOR,"Korea, the Republic of (South)",Hwaseong-Si,webmanager@dongiltech.co.kr,www.dongiltech.co.kr/en,dong-il-technology-ltd
"Dongmyung Lighting Co., Ltd.",KOR,"Korea, the Republic of (South)",Seoul,kgm@raat.co.kr,www.raat.co.kr,dongmyung-lighting-co-ltd
"Ningbo Dongxing Electric Co., Ltd.",CHN,China,Cixi Zhejiang,megan@dongxingcn.com,www.dongxingcn.com,ningbo-dongxing-electric-co-ltd
Don Quichotte B.V.,NLD,Netherlands,Helmond,sales@don-quichotte.nl,www.don-quichotte.nl,don-quichotte-bv
"Dontee Smart Manufacturing Technology Foshan Co., Ltd.",CHN,China,Foshan Guangdong,sales1@lsmake.com,,dontee-smart-manufacturing-technology-foshan-co-ltd
DOTLUX GmbH,DEU,Germany,Weißenburg i.Bay.,info@dotlux.de,www.dotlux.de,dotlux-gmbh
Doxis Lighting Factory N.V.,BEL,Belgium,Genk,info@doxis.be,www.doxis.be,doxis-lighting-factory-nv
DOYMA GmbH &amp; Co,DEU,Germany,Oyten,info@doyma.de,www.doyma.de,doyma-gmbh--co
DPMSOLID Limited Sp.k.,POL,Poland,Oborniki,,www.dpm.eu,dpmsolid-limited-spk
Draka Comteq Germany GmbH &amp; Co. KG,DEU,Germany,Köln,kontakt@prysmian.com,www.prysmian.de/mms,draka-comteq-germany-gmbh--co-kg
"DR. Color Co., Ltd.",TWN,Taiwan,New Taipei City,xiaoqiao686@gmail.com,,drcolor-co-ltd
Drees GmbH,DEU,Germany,Sundern (Sauerland),info@drees-gmbh.eu,www.drees-gmbh.eu,drees-gmbh
Fritz Driescher KG Spezialfabrik f&uuml;r Elektrizit&auml;tswerksbedarf GmbH &amp; Co.,DEU,Germany,Wegberg,info@driescher-wegberg.de,www.driescher-wegberg.de,fritz-driescher-kg-spezialfabrik-fuer-elektrizitaetswerksbedarf-gmbh--co
Elektrotechnische Werke Fritz Driescher &amp; S&ouml;hne GmbH,DEU,Germany,Moosburg,infoservice@driescher.de,www.driescher.de,elektrotechnische-werke-fritz-driescher--soehne-gmbh
"Droplet Technology Co., Ltd.",CHN,China,Ningbo Zhejiang,dropletus@outlook.com,,droplet-technology-co-ltd
Drouaire et Fils S.A.S.,FRA,France,Villefranche du Queyran,contact@drouaire.com,www.drouaire.com,drouaire-et-fils-sas
DRS Guarnizioni Industriali S.r.l.,ITA,Italy,Erbusco,flora@drs-guarnizioni.it,www.drs-guarnizioni.it,drs-guarnizioni-industriali-srl
"D&amp;S Lighting Co., Ltd.",CHN,China,Foshan Guangdong,sales@cndslighting.com,www.cndslighting.com,ds-lighting-co-ltd
D.T.S. Illuminazione SRL,ITA,Italy,Misano Adriatico,info@dts-lighting.it,https://dts-lighting.it/,dts-illuminazione-srl
"NINGBO DUCHENG LIGHTING TECHNOLOGY CO., LTD",CHN,China,Ningbo Zhejiang,sales@duchlux.com,www.duchlux.com,ningbo-ducheng-lighting-technology-co--ltd
Duemmegi S.r.l.,ITA,Italy,Milano,export@duemmegi.it,www.duemmegi.it,duemmegi-srl
Duoclips ApS,DNK,Denmark,Rodovre,andreas@duoclips.dk,www.duoclips.com,duoclips-aps
Duragreen Europe Limited P.c.,GRC,Greece,"Glyka Nera, Attica",,duragreenlighting.co.uk/,duragreen-europe-limited-pc
Dura-Line Europe AG,CHE,Switzerland,Baar,,,dura-line-europe-ag
DZS Europe S.r.l.,ITA,Italy,San Martino in Strada,info@dzs-europe.com,www.dzs-europe.com,dzs-europe-srl
EAE Electric,TUR,Türkiye,Istanbul,info@eaegroup.com,https://www.eaeelectric.com/,eae-elektrik-asansor-endustrisi-insaat-san-ve-tic-as
EAE Technology,TUR,Türkiye,Basaksehir /Istanbul,ozge.goresim@eaegroup.com,www.eaetechnology.com,eae-technology
"Eaglerise Electric &amp; Electronic (China) Co., Ltd.",CHN,China,Foshan Guangdong,info@eaglerise.com,https://lighting.eaglerise.com/,eaglerise-electric--electronic-china-co-ltd
Easter Glass Industrial Limited,CHN,China,Shanghai,sunny@easterglass.com,www.easterglass.com,easter-glass-industrial-limited
"Shenzhen Easydetek Technology Co., Ltd.",CHN,China,Shenzhen Guangdong,dollar@easydetek.com,www.easydetek.com,shenzhen-easydetek-technology-co-ltd
"Fuzhou Easywell Global Import and Export Co., Ltd.",CHN,China,Fuzhou Fujian,lina@easywellglobal.com,,fuzhou-easywell-global-import-and-export-co-ltd
Eaton,DEU,Germany,Bonn,marketinggermany@eaton.com,www.eaton.com,eaton-electric-gmbh
"Guangdong Ebelong Intelligent Technology Co., Ltd.",CHN,China,Shenzhen Guangdong,bof@iebelong.com,www.iebelong.com,shenzhen-ebelong-technology-co-ltd
EBERLE Controls GmbH,DEU,Germany,Nürnberg,info@eberle.de,www.eberle.de,eberle-controls-gmbh
EcoDim B.V.,NLD,Netherlands,Doetinchem,info@ecodim.nl,https://www.ecodim.nl,ecodim-bv
"Shanghai Ecoel Lighting Co., Ltd.",CHN,China,Shanghai,sales@ecoeled.com,www.ecoeled.com,shanghai-ecoel-lighting-co-ltd
"ECOGLASS, a.s.",CZE,Czech Republic,Jablonec nad Nisou,info@ecoglass.cz,https://ecoglass-optic.com/,ecoglass-as
Eco-Innov,FRA,France,Noyarey,,www.eco-innov.com,sas-eco-innov
"XIAMEN ECOLED LIGHTING CO., LTD.",CHN,China,Xiamen Fujian,susie@xmecoled.com,www.xmecoled.com,xiamen-ecoled-lighting-co-ltd
ECO LIGHT SP z o.o.,POL,Poland,Godziesze Wielkie,,,eco-light-sp-z-oo
"Ecolumina Technology Co., Limited",HKG,Hong Kong,"Kwun Tong, Kowloon",joyce@ecolumen.cn,www.ecolumen.cn,ecolumina-technology-co-limited
"Huizhou Ecos Opto Co., Ltd.",CHN,China,Huizhou Guangdong,sales@ledecos.com,www.ledecos.com,huizhou-ecos-opto-co-ltd
ecos systems GmbH,DEU,Germany,Großostheim,marketing@ecos-systems.de,www.ecos-systems.com,ecos-systems-gmbh
Ecova S.r.l. Soc. Unipersonale,ITA,Italy,Due Carrare,direzione@ecova.it,www.ecova.it,ecova-srl-soc-unipersonale
Edea Elektrik Aydinlatma Dis Tic. Ltd. Sti.,TUR,Türkiye,Basaksehir /Istanbul,eneskarakus@edealight.com,www.edealight.com,edea-elektrik-aydinlatma-dis-tic-ltd-sti
Eden Design B.V.B.A,BEL,Belgium,Genk,info@edendesign.be,www.edendesign.be,eden-design-bvba
Edison Opto Corporation,TWN,Taiwan,New Taipei City,service-eng@edison-opto.com.tw,www.edison-opto.com,edison-opto-corporation
EdisonReport Media Network,USA,United States,Brentwood,editor@edisonreport.com,www.edisonreport.com,edisonreport-media-network
Elektronik Cihazlar Sanayi ve Ticaret AS - EEC ELECTRONICS,TUR,Türkiye,Istanbul,eec@eecelectronics.com.tr,www.eecelectronics.com.tr,elektronik-cihazlar-sanayi-ve-ticaret-as---eec-electronics
Eelectron Spa,ITA,Italy,Legnano,info@eelectron.com,www.eelectron.com,eelectron-spa
EFEN GmbH,DEU,Germany,Uebigau,efen@efen.com,www.efen.com,efen-gmbh
EFFORT Semiconductor Lighting Ltd.,CHN,China,Ningbo Zhejiang,sales@effortled.com,www.effortled.com,effort-semiconductor-lighting-ltd
EGGER LICHT GmbH,AUT,Austria,Feldkirchen,feldkirchen@eggerlicht.com,www.eggerlicht.com,egger-licht-gmbh
"Ningbo Ehome Electronic Co., Ltd.",CHN,China,Ningbo Zhejiang,sale3@sensor-light.com,www.sensor-light.com,ningbo-ehome-electronic-co-ltd
Ekaldes Aydinlatma San. ve Tic. A.S.,TUR,Türkiye,"Izmit, Kocaeli",export@ekaldes.com.tr,www.ekaldes.com.tr,ekaldes-aydinlatma-san-ve-tic-as
ekey biometric systems GmbH,AUT,Austria,Linz,office@ekey.net,www.ekey.net,ekey-biometric-systems-gmbh
Ekinex S.p.A.,ITA,Italy,Vaprio D'Agogna,marketing@ekinex.com,www.ekinex.com,ekinex-spa
Eko-Light Team Sp. z o.o.,POL,Poland,Czestochowa,sales@milagrolighting.eu,www.eko-light.com,eko-light-team-sp-z-oo
EkoLuks d.o.o.,SVN,Slovenia,Domzale,jani.novljan@ekoluks.eu,www.ekoluks.si,ekoluks-doo
Elbi Electric &amp; Lighting Srl,ROU,Romania,Chiajna,luminita.vasile@elbielectric.ro,,elbi-electric--lighting-srl
eldoLED B.V.,NLD,Netherlands,Son,sales@eldoled.com,www.eldoled.com,eldoled-bv
European Lighting Expert Association (ELEA),CHE,Switzerland,Olten,,www.europeanlightingexpert.org,european-lighting-expert-association-elea
"Foshan Electrical And Lighting Co., Ltd.",CHN,China,Foshan Guangdong,susan@chinafsl.com,www.chinafsl.com/en/,foshan-electrical-and-lighting-co-ltd
S.C. ELECTRO MAX S.R.L.,ROU,Romania,Petrosani,electromax@electromax.ro,www.signalight.com,sc-electro-max-srl
ELECTRON SA,GRC,Greece,N. Philadelphia,della_hatzi@electron.gr,www.electron.gr,electron-sa
Electrozemper S.A.,ESP,Spain,Ciudad Real,export@zemper.com,www.zemper.com,electrozemper-sa
Eleism Lighting,HKG,Hong Kong,"Fanling, New Territories",bkwf616@gmail.com,,eleism-lighting
Elekon,TUR,Türkiye,Cankaya /Ankara,,www.elekon-tr.com,elekon-enerji-sistemleri-san-ve-tic-a-s
"ELEKTRO-LUMEN, s. r. o.",CZE,Czech Republic,Hranice IV-Drahotuse,el-lumen@el-lumen.cz,www.lumenlights.eu,elektro-lumen-s-r-o
Elektromaterial Lendava d.o.o.,SVN,Slovenia,Lendava,info@elektromaterial.si,www.elektromaterial.si,elektromaterial-lendava-doo
Elektromontaż Rzesz&oacute;w S.A.,POL,Poland,Rzeszów,sekretariat@elektromontaz.com.pl,www.elektromontaz.com.pl,elektromontaz-rzeszw-sa
Z.P.H. &#39;Elektro-Plast&#39; Sp. z o.o.,POL,Poland,Opatówek,biuro@elektro-plast.pl,www.elektro-plast.pl,zph-elektro-plast-sp-z-oo
Elektroplast,XKX,Kosovo,Ferizaj,rekashkelqim@gmail.com,https://elektroplast-ks.com/,elektroplast
ELEKTRO-PLAST Tadeusz Czachorowski Sp&oacute;lka Jawna,POL,Poland,Nasielsk,info@elektro-plast.com.pl,www.elektro-plast.com.pl,elektro-plast-tadeusz-czachorowski-splka-jawna
Elektrostublla Sh.P.K.,XKX,Kosovo,Viti,info@elektrostublla.com,www.elektrostublla.com,elektrostublla-shpk
Elektrowerkzeuge GmbH Eibenstock,DEU,Germany,Eibenstock,office@eibenstock.com,www.eibenstock.com,elektrowerkzeuge-gmbh-eibenstock
elektro Wirth B&amp;M GmbH,DEU,Germany,Hengersberg,,www.wirth-gruppe.de,elektro-wirth-bm-gmbh
Elemko Dimitrios N Kokkinos Commercial Technical Industrial Company Limited,GRC,Greece,Metamorphosis,elemko@elemko.gr,www.elemko.gr,elemko-dimitrios-n-kokkinos-commercial-technical-industrial-company-limited
ELEQ,NLD,Netherlands,Steenwijk,info@eleq.com,www.eleq.com,eleq-bv
Elettrocanali S.p.A.,ITA,Italy,Scanzorosciate,sales@elettrocanali.com,www.elettrocanali.com,elettrocanali-spa
Elevion Group B.V.,NLD,Netherlands,Amsterdam,marketing-pr@hermos.com,www.eleviongroup.com,elevion-group-bv
Elkamet Kunststofftechnik GmbH,DEU,Germany,Biedenkopf,info@elkamet.de,www.elkamet.de,elkamet-kunststofftechnik-gmbh
Elkat Sp. z o.o. Sp. k.,POL,Poland,Grodzisk Mazowiecki,pawel.niedbala@elkat.com.pl,www.elkatelektro.pl,elkat-sp-z-oo-sp-k
ELKO-BIS Lightning Protection Systems,POL,Poland,Wroclaw,export@elkobis.com.pl,www.elkobis.com,elko-bis-systemy-odgromowe-spzoo
ELKO EP,CZE,Czech Republic,Holesov-Vsetuly,export@elkoep.com,www.elkoep.com,elko-ep-sro
ELKOVO CEPELIK s.r.o,CZE,Czech Republic,Mirová pod. Kozákovem - Turnov,elkovo@elkovo-cepelik.cz,www.elkovo-cepelik.cz,elkovo-cepelik-sro
elmat-Schlagheck GmbH &amp; Co. KG,DEU,Germany,Overath,sandramerz@elmat.de,www.elmat.de,elmat-schlagheck-gmbh--cokg
Elmonter,POL,Poland,Zagórów,info@elmonter.pl,https://de.elmonter.pl/,przedsiebiorstwo-produkcyjno-uslugowo-handlowe-elmonter-oswietlenie-mariusz-szkudlarek
"Shenzhen E-Lover Technology Co., Ltd",CHN,China,Shenzhen Guangdong,salesengineer2@szelover.com,www.szelover.com,shenzhen-e-lover-technology-co-ltd
Elsner Elektronik GmbH,DEU,Germany,Ostelsheim,info@elsner-elektronik.de,www.elsner-elektronik.de,elsner-elektronik-gmbh
ELSPRO Elektrotechnik GmbH &amp; Co. KG,DEU,Germany,Hilden,info@elspro.de,www.elspro.de,elspro-elektrotechnik-gmbh--co-kg
Elstead Lighting Sp. z o.o.,POL,Poland,Modlniczka,natalia@elsteadlighting.pl,https://www.elsteadlighting.com/,elstead-lighting--sp-z-oo
Elsteel,DNK,Denmark,Niva,elsteel@elsteel.com,www.elsteel.com,elsteel-danmark-as
ELTAKO GmbH,DEU,Germany,Fellbach,info@eltako.com,www.eltako.com,eltako-gmbh
ELYS by Internova,NLD,Netherlands,Breda,info@internova.nl,www.elyslight.com,internova-professional-lighting-bv
EmCom Technology Inc.,TWN,Taiwan,Taipei,sales@emcom.com.tw,www.emcom.com.tw,emcom-technology-inc
EMFA Elektrik Malzeme Fabrikasi A.S.,TUR,Türkiye,Topkapi / Istanbul,emfa@emfa.com.tr,www.emfa.com.tr,emfa-elektrik-malzeme-fabrikasi-as
Emfanorm Elektronik Plastik San. Ve Tic. Ltd. Sti,TUR,Türkiye,Tuzla - Istanbul,,,emfanorm-elektronik-plastik-san-ve-tic-ltd-sti
EMIBIG S.C.,POL,Poland,Czestochowa,export@emibig.com.pl,www.emibig-lighting.com,emibig-s-c
Emmegi S.r.l.,ITA,Italy,Piombino Dese,sales@emmegi-glass.com,www.emmegi-glass.com,emmegi-srl
Empire Alloys Pvt. Ltd.,IND,India,Jamnagar,parth@empirealloys.com,www.empirealloys.com,empire-alloys-pvt-ltd
"Emtrons Technologies Co., Ltd",GBR,Great Britain and Northern Ireland,South Croydon,nyan@emtrons.com,,emtrons-technologies-co-ltd
Encore International Company Limited,HKG,Hong Kong,"Tsim Sha Tsui, Kowloon",info@encore-tech.com,www.encore-tech.com,encore-international-company-limited
"Ningbo Energylux Optoelectronics Technology Co., Ltd.",CHN,China,Ningbo Zhejiang,sales7@energylux.cn,www.energylux.cn,ningbo-energylux-optoelectronics-technology-co-ltd
Enertex Bayern GmbH,DEU,Germany,Forchheim,info@enertex.de,www.enertex.de,enertex-bayern-gmbh
Enervon Teknoloji Elektronik Sanayi Ticaret Anonim Sirketi,TUR,Türkiye,Istanbul,info@enervon.com.tr,www.enervon.com.tr,enervon-teknoloji-elektronik-sanayi-ticaret-anonim-sirketi
"ENIM UAB, ENIM Lighting",LTU,Lithuania,Vilnius,sales@enimlighting.com,www.enimlighting.com,enim-uab
"Jiangsu Enmane Electronics Industry Co., Ltd.",CHN,China,Kunshan Jiangsu,,www.enmangroup.cn,jiangsu-enmane-electronics-industry-co-ltd
EnOcean GmbH,DEU,Germany,Oberhaching,info@enocean.com,www.enocean.com,enocean-gmbh
"Shenzhen Enrich Lighting Co., Ltd.",CHN,China,Shenzhen Guangdong,sales@szenrich.com,www.szenrich.com,shenzhen-enrich-lighting-co-ltd
ENTENDIX GmbH,DEU,Germany,Bonn,contact@entendix.com,https://www.entendix.com,entendix-gmbh
Entity Elettronica S.r.l.,ITA,Italy,Milano,info@entityel.it,www.entityel.com,entity-elettronica-srl
ENVIOTECH GmbH,DEU,Germany,Bad Vilbel,,www.enviotech.de,enviotech-gmbh
"Ningbo Epes Lighting Co., Ltd.",CHN,China,Ningbo Zhejiang,vanessa@epesworld.com,www.epesworld.com,ningbo-epes-lighting-coltd
EPLAN GmbH &amp; Co. KG,DEU,Germany,Monheim am Rhein,info@eplan.de,www.eplan.de,eplan-gmbh--co-kg
E-Power Co. Ltd.,KOR,"Korea, the Republic of (South)",Siheungci,grace@e-power.kr,www.e-power.kr,e-power-co-ltd
eQ-3 AG,DEU,Germany,Leer (Ostfriesland),info@eq-3.de,www.eQ-3.de,eq-3-ag
ERKA KABLO,TUR,Türkiye,Sisli /Istanbul,sales@erkakablo.com,www.erkakablo.com,erka-kablo-imalat-elektrik-insaat-sanayi-tic-ltd-sti
Erse Kablo Sanayi Ve Ticaret Anonim Sirketi,TUR,Türkiye,Istanbul,begumsevinc@ersekablo.com.tr,www.ersekablo.com.tr,erse-kablo-sanayi-ve-ticaret-anonim-sirketi
HongKong Ervan Group Limited,HKG,Hong Kong,"Mongkok, Kowloon",ray@ervan.cn,www.ervan.cn,hongkong-ervan-group-limited
ESA Elektroschaltanlagen Grimma GmbH,DEU,Germany,Grimma,info@esa-grimma.de,www.esa-grimma.de,esa-elektroschaltanlagen-grimma-gmbh
esave AG,CHE,Switzerland,Chur,info@esaveag.com,www.esaveag.com,esave-ag
Esse-Ci S.r.l.,ITA,Italy,Vigonza,info@esse-ci.it,www.esse-ci.com,esse-ci-srl
Essenze di Luce Srl,ITA,Italy,San Giovanni al Natisone,info@essenzediluce.com,www.essenzediluce.com,essenze-di-luce-srl
"ESTILO 2, S.L.U",ESP,Spain,"Pinto, Madrid",estilo2@estilo2.com,estilo2.com,estilo-2-slu
ESYLUX GmbH &amp; Co. KG,DEU,Germany,Ahrensburg,info@esylux.com,https://www.esylux.de/,esylux-gmbh
ETAP Software,DEU,Germany,Viernheim,support.dach@etap.com,www.etap.com,ige--xao-software-vertriebs-gmbh
"ZHEJIANG ETEK ELECTRICAL TECHNOLOGY CO., LTD.",CHN,China,Wenzhou Zhejiang,sales@etek-china.com,www.etek-china.com,zhejiang-etek-electrical-technology-co-ltd
Etelec Italia S.p.A. Societ&agrave; Benefit,ITA,Italy,Napoli,export@etelec.com,www.etelec.com,etelec-italia-spa
ETI d.o.o.,SVN,Slovenia,Izlake,eti@eti.si,www.etigroup.eu,eti-doo
"Shanghai ET Lighting Technology Co., Ltd.",CHN,China,Shanghai,export@shetl.com,www.shetl.com,shanghai-et-lighting-technology-co-ltd
ETN Lighting (Hong Kong) Limited,HKG,Hong Kong,"Kwun Tong, Kowloon",led@etnlighting.cn,www.etnlighting.cn,etn-lighting-hong-kong-limited
"EUCHIPS Industrial Co., Ltd",CHN,China,Suzhou Jiangsu,hao.luo@euchips.com,www.euchips.cn,suzhou-euchips-industrial-co-ltd
Kabelwerk Eupen AG,BEL,Belgium,Eupen,info@eupen.com,www.eupen.com,kabelwerk-eupen-ag
EUROLAMP S.A.,GRC,Greece,Thessaloniki,info@eurolamp.gr,www.eurolamp.gr,eurolamp-sa
Euroledlighting R. Nowak i Wsp&ograve;lnicy Sp. J.,POL,Poland,Slupsk,info@euroledlighting.com,www.euroledlighting.com,euroledlighting-r-nowak-i-wsplnicy-sp-j
Euroled Srl,ITA,Italy,Milano,euroledmilano@gmail.com,,euroled-srl
euroLighting GmbH,DEU,Germany,Nagold,info@eurolighting.de,www.eurolighting.de,eurolighting-gmbh
Europe Design Distribution Srl,ITA,Italy,Concesio (BS),info@eddsrl.eu,www.eddsrl.eu,europe-design-distribution-srl
Euro Tech Corporation Gy&aacute;rt&oacute; &Eacute;s Kereskedelmi Kft.,HUN,Hungary,Szeged,,www.videosec.com,euro-tech-corporation-gyrt-s-kereskedelmi-kft
Eurotronic Technology GmbH,DEU,Germany,Steinau an der Straße,mwerdecker@eurotronic.org,www.eurotronic.org,eurotronic-technology-gmbh
Everbright Lighting Technology Limited,HKG,Hong Kong,Wanchai,admin08@sl-light.com,www.sl-light.com,everbright-lighting-technology-limited
Everest Metal Industries,IND,India,Jamnagar,sales@everestmetal.com,www.everestmetal.com,everest-metal-industries
EVERFINE Corporation,CHN,China,Hangzhou Zhejiang,global@everfine.net,www.everfine.net,everfine-corporation
"Ningbo Everflourish Smart Technology Corp., Ltd.",CHN,China,Ningbo Zhejiang,,www.everlab-innovation.com,ningbo-everflourish-smart-technology-corp-ltd
Ever Health Corporation Limited,HKG,Hong Kong,Sai Ying Pun,sales@grand-lighting.com,www.grand-lighting.com,ever-health-corporation-limited
"Everlite LED Lighting Co., Limited",HKG,Hong Kong,"Tsimshatsui, Kowloon",sales@everlite.cc,www.everlite.cc,everlite-led-lighting-co-limited
EVIK S.M.L.L.C.,GRC,Greece,Agios Ioannis Rentis,kkaranikola@evik.gr,www.evik.gr,evik-smllc
Evit International Ltd.,TWN,Taiwan,Taipei,,,evit-international-ltd
evon GmbH,AUT,Austria,St. Ruprecht,office@evon-automation.com,evon-automation.com,evon-gmbh
"Suzhou Exceedconn Technology Co., Ltd.",CHN,China,Suzhou Jiangsu,june.sheng@exceedconn.com,www.exceedconn.com,suzhou-exceedconn-technology-co-ltd
Exen Elektrik San. Ve Tic. A.S.,TUR,Türkiye,Arnavutköy / Istanbul,z.heruz@exenelektrik.com,www.exenelektrik.com,exen-elektrik-san-ve-tic-as
Extra Lighting Manufacturing Limited,HKG,Hong Kong,Wanchai,market@extra-lighting.com,www.meek-led.com,extra-lighting-manufacturing-ltd
Fabas Luce S.p.A.,ITA,Italy,Brugherio,vertrieb@fabasluce.com,www.fabasluce.it,fabas-luce-spa
Fabrikat (Nottingham) Limited,GBR,Great Britain and Northern Ireland,Nottingham,,www.fabrikat.co.uk,fabrikat-nottingham-limited
Fachverband Elektro- und Informationstechnik Hessen/Rheinland-Pfalz (FEHR),DEU,Germany,Wiesbaden-Delkenheim,info@liv-fehr.de,www.liv-fehr.de,fachverband-elektro--und-informations--technik-hessenrheinland-pfalz-fehr
FAEG S.r.l.,ITA,Italy,Grassobbio,sara.carminati@faeg.it,,faeg-srl
Fael S.p.A.,ITA,Italy,Agrate Brianza,info@faelluce.com,www.faelluce.com,fael-spa
"Shenzhen Fahold Electronics Co., Ltd.",CHN,China,Shenzhen Guangdong,fahold@fahold.com,www.fahold.com,shenzhen-fahold-electronics-co-ltd
Famatel Group,ESP,Spain,Llica de Vall,export@famatel.com,www.famatel.com,fabricacin-de-material-elctrico-sa-famatel
F.A.N. Europe Lighting S.r.l.,ITA,Italy,Cornaredo,export@faneurope.de,www.faneurope.com,fan-europe-lighting-srl
Fanton s.r.l.,ITA,Italy,Conselve,export@fanton.com,www.fanton.com,fanton-spa
"Ningbo Far East Lighting Co., Ltd.",CHN,China,Ningbo Zhejiang,fe2@fareastlamp.com,www.fareastlamp.com,ningbo-far-east-lighting-co-ltd
Farstar Group Limited,HKG,Hong Kong,"Mongkok, Kowloon",sales1@farstarlighting.com,http://www.farstarlight.com/,farstar-group-limited
Fasttel / Smart Doorphones BVBA,BEL,Belgium,Lokeren,info@fasttel.com,www.fasttel.com,smart-doorphones-bvba
Shenzhen FBTech Electronics Ltd,CHN,China,Shenzhen Guangdong,info@fbtech.com.cn,www.longttech.com.cn,shenzhen-fbtech-electronics-ltd
FEDAI - Federaci&oacute;n Espanola de Asociaciones de Industriales y Exportadores de Aparatos de Iluminaci&oacute;n Decorativa,ESP,Spain,Valencia,info@fedai-dec.com,https://www.fedai-dec.com/,fedai---federacin-espanola-de-asociaciones-de-industriales-y-exportadores-de-aparatos-de-iluminacin-decorativa
"F&aacute;brica Electrot&eacute;cnica de Disenos Exclusivos, S.L. (FEDE)",ESP,Spain,Badalona,info@fedeswitchandlight.com,www.fedeswitchandlight.com,fbrica-electrotcnica-de-disenos-exclusivos-sl-fede
"KH Feelux Co., Ltd.",KOR,"Korea, the Republic of (South)","Yangju-si, Gyeonggi-do",info@feelux.com,www.feelux.com/global,kh-feelux-co-ltd
"FEGO Precision Industrial Co., Ltd.",TWN,Taiwan,Taichung,service@fego.com.tw,www.fego.com.tw,fego-precision-industrial-co-ltd
"Ningbo Feida Communication Apparatus Co., Ltd.",CHN,China,Ningbo Zhejiang,lzg@nbtongrun.com,www.cnnbfeida.com,ningbo-feida-communication-apparatus-co-ltd
Feiner Lichttechnik GmbH,DEU,Germany,Regensburg,info@feiner-lichttechnik.de,www.feiner-lichttechnik.de,feiner-lichttechnik-gmbh
Fenix Solutions AG,LIE,Liechtenstein,Vaduz,office@fenix-profiles.com,https://fenix-profiles.com/,fenix-solutions-ag
Fersan Elektrik Malz. Tic. San. A. S.,TUR,Türkiye,Istanbul,semih@fersanelektrik.com,https://fersanelektrik.com/tr,fersan-elektrik-malz-tic-san-a-s
Fiam Asia Group Limited,HKG,Hong Kong,Wan Chai,gm@fiam.asia,www.fiam.cc,fiam-asia-group-limited
Fiberoptic-Solution GmbH &amp; Co. KG,DEU,Germany,Alzenau i.UFr.,info@fiberoptic-solution.de,www.fiberoptic-solution.de,fiberoptic-solution-gmbh--co-kg
"Ningbo Fiercer Leopard Electrical Appliance Co., Ltd.",CHN,China,Ningbo Zhejiang,sales9@sb-cn.com,www.sb-cn.com,ningbo-fiercer-leopard-electrical-appliance-co-ltd
FILD e.V. -  Federation of International Lighting Designers,DEU,Germany,Frankfurt am Main,office@fild.eu,www.fild.eu,fild-ev----federation-of-international-lighting-designers
Filix d.o.o.,HRV,Croatia,Pazin,info@filixlighting.com,www.filixlighting.com,filix-doo
"filumen, Inh. Christian Finke",DEU,Germany,Potsdam,info@filumen.de,www.filumen.de,filumen-inh-christian-finke
FINDER GmbH,DEU,Germany,Trebur-Astheim,info@finder.de,www.finder.de,finder-gmbh
Fintech GmbH,DEU,Germany,Linz,info@fintech-gruppe.de,www.fintech-gruppe.de,fintech-gmbh
Firefly Edge B.V.,NLD,Netherlands,De Lier,hello@firefly.online,firefly.online,firefly-edge-bv
FiSCHER Akkumulatorentechnik GmbH,DEU,Germany,Neuss,info@akkufischer.de,www.akkufischer.de,fischer-akkumulatorentechnik-gmbh
Fit Bright Limited,HKG,Hong Kong,"Fotan, Shatin, New Territories",sales@fit-bright.cn,www.fit-bright.cn,fit-bright-limited
"Hebei Fitexcasting Trading Co., Ltd.",CHN,China,Shijiazhuang Hebei,sales@fitexcasting.com,www.fitexcasting.com,hebei-fitexcasting-trading-co-ltd
Flashnet S.A.,ROU,Romania,Brasov,info@flashnet.ro,http://www.flashnet.ro,flashnet-sa
Flextron AG,CHE,Switzerland,Tagelswangen,info@flextron.ch,www.flextron.ch,flextron-ag
Fluolite Licht &amp; Leuchten GmbH &amp; Co. KG,DEU,Germany,Tettnang,info@fluolite.de,www.fluolite.de,fluolite-licht--leuchten-gmbh--co-kg
FOLIO,ITA,Italy,Brescia,silviasalamone@cifralluminio.com,www.folio.it,cifralluminio-srl
"Fonda Technologies Co., Ltd.",CHN,China,Hangzhou Zhejiang,overseas@fondalighting.com,www.fdzk.cn,fonda-technologies-co-ltd
Forestier Sarl,FRA,France,Begles,contact@forestier.fr,www.forestier.fr,forestier-sarl
Formenta AB,SWE,Sweden,Värnamo,,,formenta-ab
Fose Sp. z o.o.,POL,Poland,Wroclaw,info@fose.eu,www.fose.eu,fose-sp-z-oo
"Foshan Kiwi Lighting Co., Ltd.",CHN,China,Foshan Guangdong,kiwi_light@163.com,https://www.kiwilight.cc,foshan-kiwi-lighting-co-ltd
"Foshan Starlight Aluminium Co., Limited",CHN,China,Foshan Guangdong,starlight01@starlightalu.com,www.starlightalu.com,foshan-starlight-aluminium-co-limited
FR&Auml;NKISCHE Rohrwerke Gebr. Kirchner GmbH &amp; Co. KG,DEU,Germany,Königsberg,info@fraenkische.de,www.fraenkische.com,fraenkische-rohrwerke-gebr-kirchner-gmbh--co-kg
Frameled,BEL,Belgium,Mechelen,nils@frameled.eu,www.frameled.eu,4-infinity-bv
F.lli Francesconi &amp; C. SRL,ITA,Italy,Roncadelle (Brescia),info@francesconi.it,www.francesconi.it,flli-francesconi--c-srl
Free Lighting Limited,HKG,Hong Kong,"Kwun Tong, Kowloon",vicky@freelightingled.com,www.freelightingled.com,free-lighting-limited
Freelux B.V.,NLD,Netherlands,Nuis,info@freelux.nl,www.freelux.nl,freelux-bv
"Ningbo Freelux Lighting Appliance Co., Ltd.",CHN,China,Ningbo Zhejiang,lily@freelux.com.cn,www.freelux.com.cn,ningbo-freelux-lighting-appliance-co-ltd
FRITZ!,DEU,Germany,Berlin,info@fritz.com,about.fritz.com,avm-computersysteme-vertriebs-gmbh
F.T. Metalfiniture S.p.A.,ITA,Italy,Bosisio Parini,info@ftmetalfiniture.com,ftmetalfiniture.com,ft-metalfiniture-spa
f-tronic GmbH,DEU,Germany,Saarbrücken,marketing@f-tronic.de,www.f-tronic.de,f-tronic-gmbh
Fu Bong LIGHTING,HKG,Hong Kong,"Ngau Chi Wan, Kowloon",fubong@fubong.com,www.fubong.com,fu-bong-co
"Xiamen Fucon Electronics Co., Ltd.",CHN,China,Xiamen Fujian,xsq@fuconxm.com,www.fucon.com.cn,xiamen-fucon-electronics-co-ltd
"Yuyao Fulidi Electric Co., Ltd.",CHN,China,Yuyao Zhejiang,sales@longwellelectric.com,www.cnnbyyfulidi.en.alibaba.com,yuyao-fulidi-electric-coltd
Fumagalli S.r.l.,ITA,Italy,Varese,emmanuele@fumagalli.it,www.fumagalli.it,fumagalli-srl
"Guangdong FUTINA Electrical Co., Ltd.",CHN,China,Foshan Guangdong,fiona@futina.com,www.futinaswitch.com,guangdong-futina-electrical-co-ltd
Futurasmus KNX Test Lab S.L.,ESP,Spain,Mutxamel,,www.futurasmus-knxlab.com,futurasmus-knx-test-lab-sl
"Zhejiang Future Lighting Co., Ltd.",CHN,China,Haining Zhejiang,rachel@hnfe-light.com,www.hnfe-light.com,zhejiang-future-lighting-co-ltd
"Changzhou Fuxing Electrical Appliance Co., Ltd.",CHN,China,Changzhou Jiangsu,sales@wj-fuxing.com,www.wj-fuxing.com,changzhou-fuxing-electrical-appliance-co-ltd
"FUZHOU HSN LIGHT AND ELECTRIC CO., LTD.",CHN,China,Fuzhou Fujian,hongshen@lighting-part.net,www.lighting-part.net,fuzhou-hsn-light-and-electric-co--ltd
"Gacia Electrical Appliance Co., Ltd.",CHN,China,Wenzhou Zhejiang,jody@gacia.com.cn,www.gacia.com.cn,gacia-electrical-appliance-co-ltd
Gaggione SAS,FRA,France,Montreal La Cluse,contact@gaggione.com,www.optic-gaggione.com,gaggione-sas
Galaxy profiles GmbH,AUT,Austria,Kufstein,info@galaxy-profiles.com,https://www.galaxy-profiles.at/en/,galaxy-profiles-gmbh
"Guangdong Galton Electric Appliance Co., Ltd.",CHN,China,Jiangmen Guangdong,sales@galtonlighting.com,www.galtonlighting.com,guangdong-galton-electric-appliance-co-ltd
"Gamford International Co., Limited",HKG,Hong Kong,"Tsim Sha Tsui East, Kowloon",sales@gamford.cn,www.gamford.cn,gamford-international-co-limited
Gammacril GmbH,DEU,Germany,Mainz,f.guerra@gammacril.de,www.gammacril.de,gammacril-gmbh
Gammacril S.r.l.,ITA,Italy,Nerviano,info@gammacril.com,www.gammacril.com,gammacril-srl
GBE S.p.A.,ITA,Italy,Orgiano (VI),info@gbeonline.com,www.gbeonline.com,gbe-spa
Gecem Aydinlatma San. ve Tic. A.S.,TUR,Türkiye,"Sultanbeyli, Istanbul",info@gecem.com,www.gecem.com,gecem-aydinlatma-san-ve-tic-as
G.E.K. Srl,ITA,Italy,Roma,info@gekelettronica.it,www.gekelettronica.it,gek-srl
G. Elettric Srl,ITA,Italy,Casole d'Elsa,,,g-elettric-srl
"Gen Bright Lighting Co., Ltd.",VNM,Vietnam,Long An,carol.qi@lighting-bright.com,,gen-bright-lighting-coltd
"General Lighting Electronic Co., Ltd.",CHN,China,Zhongshan City Guangdong,lillian@gl-leds.com,www.gl-leds.com,general-lighting-electronic-co-ltd
Gentwin Investment Limited,HKG,Hong Kong,Causeway Bay,info@gentwin.cn,www.gentwin.cn,gentwin-investment-limited
Gerpa Elektrik Tekstil San. ve Tic. A.S.,TUR,Türkiye,Istanbul,denizakcin@gerpaas.com,https://gerpaas.com/,gerpa-elektrik-tekstil-san-ve-tic-as
Gessler GmbH,DEU,Germany,Rodgau,info@gessler.de,www.gessler.de,gessler-gmbh
GEWISS Deutschland GmbH,DEU,Germany,Merenberg,gewiss-de@gewiss.com,www.gewiss.com/de/de,gewiss-spa
GEZE GmbH,DEU,Germany,Leonberg,vertrieb.services.de@geze.com,www.geze.com,geze-gmbh
GGK GmbH &amp; Co. KG,DEU,Germany,Greifenstein,verkauf@ggk-online.com,www.ggk-online.com,ggk-gmbh--co-kg
"Xiamen GHGM Intelligent Technology Co., Ltd.",CHN,China,Xiamen Fujian,frank@ghgm.cn,www.ghgmlink.com,xiamen-ghgm-intelligent-technology-co-ltd
Giant Kingdom International Limited,HKG,Hong Kong,"Tsuen Wan, New Territories",giantkingdom2000@yahoo.com.hk,www.giantkingdom.com.hk,giant-kingdom-international-limited
Gigahertz Optik GmbH,DEU,Germany,Türkenfeld,info@gigahertz-optik.de,www.gigahertz-optik.com,gigahertz-optik-vertriebsgesellschaft-fuer-technische-optik-mbh
GI PLAST S.r.l.,ITA,Italy,Lonate Ceppino,world@giplast.com,www.giplast.com,gi-plast-srl
Gira Giersiepen GmbH &amp; Co. KG,DEU,Germany,Radevormwald,info@gira.de,www.partner.gira.de,gira-giersiepen-gmbh--co-kg
Glamor Illumination Limited,HKG,Hong Kong,Wanchai,sales01@glamor.cn,www.glamorled.com,glamor-illumination-limited
Glamox,DEU,Germany,Bremen,info.de@glamox.com,www.glamox.de,glamox-gmbh
GLASSILED,BEL,Belgium,Genk,hello@glassiled.com,www.glassiled.com,soltech-nv
"GLOB-EL, UAB",LTU,Lithuania,Klaipeda,info@glob-el.com,www.glob-el.com,glob-el-uab
Globe Metal Solutions,IND,India,Faridabad,,,globe-metal-solutions
GL Optic,DEU,Germany,Weilheim an der Teck,info@just-normlicht.de,www.gloptic.com,just-normlicht-gmbh-vertrieb--produktion
GMP SAS,FRA,France,Tonnerre,david.guilleminot@gmp-france.com,www.gmp-france.com,gmp-sas
GMR Enlights Srl,ITA,Italy,Specchia,alessandro.aldrovandi@gmrenlights.com,www.gmrenlights.com,gmr-enlights-srl
GOBOSERVICE by SUNLAND OPTICS S.r.l.,ITA,Italy,Reggio di Calabria,chiara.scrosati@goboservice.com,www.goboservice.com,sunland-optics-srl
Goccia Illuminazione,ITA,Italy,Poncarale (BS),info@goccia.it,www.goccia.it,goccia-illuminazione-srl
"Guangzhou Godson Technology Co., Ltd.",CHN,China,Guangzhou Guangdong,paulhuang@godsontechnology.com,www.godsontechnology.com,guangzhou-godson-technology-co-ltd
go-e,AUT,Austria,Feldkirchen in Kärnten,office@go-e.co,www.go-e.com,go-e-gmbh
Friedrich G&ouml;hringer Elektrotechnik GmbH,DEU,Germany,Triberg im Schwarzwald,info@ftg-germany.de,www.ftg-germany.de,friedrich-goehringer-elektrotechnik-gmbh
"Golden Bee Service Enterprise Co., Ltd.",TWN,Taiwan,Taipei City,goldenbee478@gmail.com,,golden-bee-service-enterprise-co-ltd
"Jiangsu Goldenbright Group Co., Ltd.",CHN,China,Yangzhou Jiangsu,info@goldenbright.com,www.goldenbright.com,jiangsu-goldenbright-group-co-ltd
"Shandong Goldencell Power Technology Co., Ltd.",CHN,China,Zaozhuang Shandong,,https://www.goldencellbattery.cn/,shandong-goldencell-power-technology-co-ltd
Golden Peakock Overseas Ltd.,IND,India,"Noida, Uttar Pradesh",mktg@goldenpeakock.com,www.goldenpeakock.com,golden-peakock-overseas-ltd
"GONEO GROUP CO., LTD.",CHN,China,Cixi City Zhejiang,,www.goneoglobal.com,goneo-group-co-ltd
GOSSEN Foto- und Lichtmesstechnik GmbH,DEU,Germany,Nürnberg,info@gossen-photo.de,www.gossen-photo.de,gossen-foto--und-lichtmesstechnik-gmbh
Gossen Metrawatt GmbH,DEU,Germany,Nürnberg,info@gossenmetrawatt.com,www.gossenmetrawatt.com,gossen-metrawatt-gmbh
Shenzhen Gosun LED Limited,HKG,Hong Kong,"Mongkok, Kowloon",star@gosunled.com,www.gosunled.com,shenzhen-gosun-led-limited
Gr&auml;sslin Zeitschalttechnik GmbH,DEU,Germany,St. Georgen im Schwarzwald,info@graesslin.de,www.graesslin.de,graesslin-zeitschalttechnik-gmbh
Graphisoft Deutschland GmbH,DEU,Germany,Ascheberg,info@gsbs.graphisoft.com,www.graphisoft.de,graphisoft-deutschland-gmbh
"Ningbo Grass Lighting Co., Ltd.",CHN,China,Ningbo Zhejiang,sales@chinapowerlux.com,www.chinapowerlux.com,ningbo-grass-lighting-co-ltd
GRE Alpha Electronics Limited,HKG,Hong Kong,"Shatin, N.T.",jasonlai@gremanufacturing.com,https://www.grealpha.com/,gre-alpha-electronics-limited
Great Earthman Limited,HKG,Hong Kong,"Tsimshatsui, Kowloon",marketing@lepro.io,www.lepro.com,great-earthman-limited
green2heat Vertriebsgesellschaft f&uuml;r Fl&auml;chenheizsysteme mbH,DEU,Germany,Bochum,verwaltung@g2h.li,www.g2h.li,green-2-heat-vertriebsgesellschaft-fuer-flaechenheizsysteme-mbh
Green Gems GmbH,DEU,Germany,Hünxe,,www.green-gems.com,green-gems-gmbh
"Zhongshan Gr Optics Co., Ltd.",CHN,China,Zhongshan Guangdong,information@gr100.cc,www.gr100.cc,zhongshan-gr-optics-coltd
GRUNDFOS GmbH,DEU,Germany,Erkrath,infoservice@grundfos.com,www.grundfos.de,grundfos-gmbh
Grupa,HRV,Croatia,Zagreb,info@grupa.com,www.grupa.com,grupa-studio-doo
Grup Imaj Aydinlatma Sanayi Ve Ticaret Anonim Sirketi,TUR,Türkiye,Beylikdüzü / Istanbul,info@grupimaj.com,www.grupimaj.com,grup-imaj-aydinlatma-sanayi-ve-ticaret-anonim-sirketi
Gruppe Lighting Solution Sdn. Bhd.,MYS,Malaysia,Shah Alam,info@gruppelighting.com,www.gruppelighting.com,gruppe-lighting-solution-sdn-bhd
GST Elektronik A.S. (Inohom),TUR,Türkiye,Usak,info@inohom.com,https://www.inohom.com/,gst-elektronik-as
GSYSTEMS GmbH | GAZ Notstromsysteme GmbH,DEU,Germany,Reinsdorf,info@gsystems.de,www.gsystems.de,gaz-notstromsysteme-gmbh
GTV Poland Sp&oacute;łka Akcyjna,POL,Poland,Pruszków,info@gtv.com.pl,https://gtv.com.pl/en/,gtv-poland-splka-akcyjna
"Guangdong Guangmu Semiconductor Technology Co., Ltd.",CHN,China,Zhongshan City Guangdong,,,guangdong-guangmu-semiconductor-technology-co-ltd
"Guangdong Jinli Electrical Appliance Co., Ltd.",CHN,China,Foshan Guangdong,export01@jinli.com,www.sokswitch.com,guangdong-jinli-electrical-appliance-coltd
"Guangdong Shunde Longtop Precision Manufacturing Co., Ltd.",CHN,China,Foshan Guangdong,kingsley@longtop-metal.com,,guangdong-shunde-longtop-precision-manufacturing-co-ltd
Guangshuo Trading Limited,HKG,Hong Kong,"Mongkok, Kowloon",info@guotailighting.com,www.guotailighting.com,guangshuo-trading-limited
"GUANGXI SUNTIME HOUSEHOLD PRODUCTS CO., LTD.",CHN,China,Yulin Guangxi Zhuangzu Zizhiqu,gloria@chinasuntime.com,,guangxi-suntime-household-products-co-ltd
"Foshan Nanhai Guangya Lighting Electrical Co., Ltd.",CHN,China,Foshan Guangdong,sarah@guang-qi.com,www.gylights.com,foshan-nanhai-guangya-lighting-electrical-co-ltd
"Guangzhou Leiguang Lighting Co., Ltd.",CHN,China,Guangzhou Guangdong,gzlgled@163.com,www.gzleiguang.com,guangzhou-leiguang-lighting-co-ltd
"Guangzhou Xinntec Technology Co., Ltd.",CHN,China,Guangzhou Guangdong,raymond@xinntec.com,www.xinntec.com,guangzhou-xinntec-technology-co-ltd
"Shenzhen Guanke Technologies Co., Ltd.",CHN,China,Shenzhen Guangdong,ray@szguanke.com,https://www.szguanke.com/,shenzhen-guanke-technologies-co-ltd
"Wenzhou Guipai Electric Co., Ltd.",CHN,China,Wenzhou Zhejiang,sirode@163.com,www.wzguipai.com,wenzhou-guipai-electric-co-ltd
"Shenzhen GuoYing Optoelectronics Co., Ltd.",CHN,China,Shenzhen Guangdong,sales_02@everstarled.com,www.everstarled.com,shenzhen-guoying-optoelectronics-co-ltd
"Gv Lightec Co., Ltd.",KOR,"Korea, the Republic of (South)",,hng3@gvlightec.com,www.gvlightec.com,gv-lightec-co-ltd
GVS Deutschland GmbH &amp; Co. KG,DEU,Germany,Sinzig,info@gvssmart.de,www.gvssmart.de,gvs-deutschland-gmbh--co-kg
"GVS SMART CO., LTD.",CHN,China,Guangzhou Guangdong,market@gvssmart.com,https://www.gvssmart.com/,gvs-smart-co-ltd
GW Kabelbinder-Technik GmbH,DEU,Germany,Braunschweig,info@gwkabelbinder.de,www.gwcabletiegroup.com,gw-kabelbinder-technik-gmbh
Gwsolar Corporation,JPN,Japan,Tokyo,han_yipin@gwsolar.co.jp,,gwsolar-corporation
H1 Solutions GmbH,DEU,Germany,Chieming,info@h1-solutions.com,www.h1-solutions.com,h1-solutions-gmbh
Hager Vertriebsgesellschaft mbH &amp; Co. KG,DEU,Germany,Blieskastel,info@hager.de,www.hager.de,hager-vertriebsgesellschaft-mbh--co-kg
"Haibocheng Investment Co., Limited",HKG,Hong Kong,Mongkok,sales01@hbcmccexhk.com,www.publise.com,haibocheng-investment-co-limited
"Shanghai Haifeng Electrical Lighting Co., Ltd.",CHN,China,Shanghai,chriszhang@shhfzm.com,www.hf-lighting.com,shanghai-haifeng-electrical-lighting-co-ltd
"HAINING&nbsp;BOHUA&nbsp;LIGHTING APPLIANCE&nbsp;CO., LTD",CHN,China,Haining Zhejiang,info@zjesl.com,www.zjesl.com,haining-bohua-lighting-appliance-co--ltd
"Shanghai Sright Haiqing Glass Industries Co., Ltd.",CHN,China,Shanghai,sales@haiqing.com,www.haiqing.com,shanghai-sright-haiqing-glass-industries-co-ltd
"Hairui Lighting Co., Limited",HKG,Hong Kong,"Kwun Tong, Kowloon",sales1@hairuilighting.cn,,hairui-lighting-co-limited
"Ningbo Haiyu Lighting Co., Ltd.",CHN,China,Ningbo Zhejiang,,,ningbo-haiyu-lighting-co-ltd
HAKEL spol. s r.o.,CZE,Czech Republic,Hradec Králové,andv@hakel.cz,www.hakel.com,hakel-spol-s-ro
"Halla, a.s.",CZE,Czech Republic,Prague,siskar@halla.cz,www.halla.eu,halla-as
"Jiangsu Handa Power Technology Co., Ltd.",CHN,China,Suzhou Jiangsu,,www.handaconnector.com,jiangsu-handa-power-technology-co-ltd
"Hangzhou EP Holding Co, Ltd.",CHN,China,Hangzhou Zhejiang,sales@hzlighting.cn,,hangzhou-ep-holding-coltd
"Hangzhou Yuzhong Gaohong Lighting Electrical Equipment Co., Ltd.",CHN,China,Hangzhou Zhejiang,mike@woojong.com.cn,www.woojong.com.cn,hangzhou-yuzhong-gaohong-lighting-electrical-equipment-coltd
Hanwha Europe GmbH,DEU,Germany,Eschborn,,www.hanwha.de,hanwha-europe-gmbh
Harte Outdoor Lighting Ltd.,IRL,Ireland,New Ross,sam@harteoutdoorlighting.ie,https://harteoutdoorlighting.ie/,harte-outdoor-lighting-ltd
hatec Gesellschaft f&uuml;r Lichttechnik mbH,DEU,Germany,Münstertal,info@hatec-licht.de,www.hatec-licht.de,hatec-gesellschaft-fuer-lichttechnik-mbh
HAUPA GmbH,DEU,Germany,Remscheid,info@haupa.com,www.haupa.com,haupa-gmbh
Hausmann &amp; Wynen Datenverarbeitung GmbH,DEU,Germany,Monheim am Rhein,kontakt@powerbird.de,www.powerbird.de,hausmann--wynen-datenverarbeitung-gmbh
HAWK HHG - Hochschule f&uuml;r angewandte Wissenschaft und Kunst Hildesheim/Holzminden/G&ouml;ttingen,DEU,Germany,Hildesheim,,https://www.hawk.de/de/studium/studiengaenge/ba-gestaltung-hildesheim/kompetenzfelder/lighting-design,hawk-hhg---hochschule-fuer-angewandte-wissenschaft-und-kunst-hildesheimholzmindengoettingen
"Heavy Power Co., Ltd.",TWN,Taiwan,New Taipei City,connector@heavypower.com.tw,www.heavypowertw.com,heavy-power-co-ltd
Hecker Glastechnik GmbH &amp; Co. KG,DEU,Germany,Dortmund,c.cichy@hecker.de,www.hecker.de,hecker-glastechnik-gmbh--co-kg
HEDI GmbH Elektro- und Ger&auml;tebau,DEU,Germany,Babenhausen,info@hedi.de,www.hedi.de,hedi-gmbh-elektro--und-geraetebau
HEI Technology International GmbH,AUT,Austria,Wien,office@hei.at,www.hei.at,hei-technology-international-gmbh
"Shenzhen Helian Electronics Co., Ltd.",CHN,China,Shenzhen Guangdong,sales@helled.com,www.hlled.com,shenzhen-helian-electronics-co-ltd
HELIA Plastic Color N.V.,BEL,Belgium,Erembodegem,info@helia-elektro.be,www.helia-elektro.be,plastic-color-nv
Helios Ventilatoren GmbH + Co. KG,DEU,Germany,Villingen-Schwenningen,info@heliosventilatoren.de,www.heliosventilatoren.de,helios-ventilatoren-gmbh--co-kg
Helvar Components Oy Ab,FIN,Finland,Karkkila,customerservice@helvarcomponents.com,www.helvarcomponents.com,helvar-components-oy-ab
"Ningbo Hengboyi Lamps Co., Ltd.",CHN,China,Yuyao Zhejiang,sale2@hengboyi.com,www.hengboyi.com,ningbo-hengboyi-lamps-co-ltd
Gustav Hensel GmbH &amp; Co. KG,DEU,Germany,Lennestadt,info@hensel-electric.de,,gustav-hensel-gmbh--co-kg
HEP GmbH,DEU,Germany,Schalksmühle,info@hepgmbh.de,www.hepgmbh.de,hep-gmbh
Hepoluz SL,ESP,Spain,Sant Vicent Del Raspeig (Alicante),jcarratala@hepoluz.es,www.hepoluz.es,hepoluz-sl
Hera Mobilite Elektronik Uretim Anonim Sirketi,TUR,Türkiye,Istanbul (Anatolia),,www.heraled.com,hera-mobilite-elektronik-uretim-anonim-sirketi
HercuLux Optics,CHN,China,"Chengdu City, Sichuan Province",sales@hkoptics.com,www.herculux.cn/en,chengdu-herculux-photoelectric-technology-co-ltd
HER Lighting S.L.,ESP,Spain,El Prat de Llobregat,hello@herlighting.com,www.herlighting.com,her-lighting-sl
"Hermi, d.o.o.",SVN,Slovenia,Celje,info@hermi-solutions.com,www.hermi-solutions.com,hermi-doo
HERMOS AG,DEU,Germany,Mistelgau,info@hermos.com,www.hermos.com,hermos-ag
hesotec electrify GmbH,DEU,Germany,,electrify@hesotec.de,electrify.hesotec.de,hesotec-electrify-gmbh
Hess GmbH Licht + Form,DEU,Germany,Villingen-Schwenningen,info@hess.eu,www.hess.eu,hess-gmbh-licht--form
HEY-SIGN by BWF Group,DEU,Germany,Offingen,service@hey-sign.de,https://hey-sign.de/acoustic/,bwf-tec-gmbh--co-kg-bwf-envirotec
"HHY (Xiamen) Lighting Technology Co., Ltd.",CHN,China,Xiamen Fujian,,www.sfr-lighting.com,hhy-xiamen-lighting-technology-co-ltd
Hibrite Enterprised Ltd.,CHN,China,Ningbo Zhejiang,info@hibrite.com,www.hibrite-lighting.com,hibrite-enterprised-ltd
HighLight B.V.,NLD,Netherlands,Weesp,info@highlightverlichting.nl,www.highlightverlichting.nl,highlight-bv
"Shenzhen Highstar Electrical Co., Ltd.",CHN,China,Shenzhen Guangdong,sales4@highstar.com.cn,www.ehighstar.com,shenzhen-highstar-electrical-co-ltd
Hi-Light Lighting Limited,HKG,Hong Kong,"Shatin, NT",hilight@creayond.com,www.hilight-light.com,hi-light-lighting-limited
"YUYAO HILITE ELECTRIC CO., LTD.",CHN,China,Yuyao Zhejiang,hilite7@chinahilite.com,www.chinahilite.com,yuyao-hilite-electric-co-ltd
"Shenzhen Hiorange Lighting Co., Ltd.",CHN,China,Shenzhen Guangdong,info@hiorangelighting.com,www.hiorangelighting.com,shenzhen-hiorange-lighting-coltd
"HK Luckystar Electronic International Co., Limited",HKG,Hong Kong,"Tsim Sha Tsui, Kowloon",europe@luckystar-light.com,https://www.luckystar-light.com,hk-luckystar-electronic-international-co-limited
HLINEAR s. r. o.,SVK,Slovakia,Malé Leváre,svec@hlinear.sk,www.hlinear.sk,hlinear-s-r-o
HMS Industrial Networks SLU,ESP,Spain,"Igualada, Barcelona",ba_Sales@hms-networks.com,https://www.hms-networks.com/intesis,hms-industrial-networks-slu
Hochschule Hamm-Lippstadt,DEU,Germany,Hamm,,www.hshl.de,hochschule-hamm-lippstadt
Hochschule Magdeburg-Stendal Technologie- und Wissenstransfer,DEU,Germany,Magdeburg,benedikt.lamontain@h2.de,http://www.hs-magdeburg.de,hochschule-magdeburg-stendal-technologie--und-wissenstransfer
Hochschule Wismar,DEU,Germany,Wismar,,www.hs-wismar.de,hochschule-wismar
HO&Euml;L SAS,FRA,France,Paris,s.dhellemmes@hoel.team,,hol-sas
HOFF LIGHT,ESP,Spain,Gava,online@grupo-mci.com,www.hofflight.com,hofflights-and-brands-sl
"Hogn Electrical Group Co., Ltd.",CHN,China,Yueqing Zhejiang,hogn-sale02@ihogn.com,www.ihogn.com,hogn-electrical-group-co-ltd
Holophane Europe Ltd.,GBR,Great Britain and Northern Ireland,"Bletchley, Milton Keynes",info@holophane.co.uk,www.holophane.co.uk,holophane-europe-ltd
"Hangzhou Holux Lighting Technology Co., Ltd.",CHN,China,Hangzhou Zhejiang,info@holux.net,www.holux.net,hangzhou-holux-lighting-technology-co-ltd
"Homelan (Xingning) Electrical Co., Ltd.",CHN,China,Xingning Guangdong,ting-dora.yang@honghelang.com,,homelan-xingning-electrical-co-ltd
"Home Resource Ind. Co., Ltd.",TWN,Taiwan,Taipei City,hr@homeresource.com.tw,www.homeresource.com.tw,home-resource-ind-co-ltd
Homewell Inc.,USA,United States,Walnut California,la@homewellinc.us,www.homewellinc.us,homewell-inc
"Homilux Co., Limited",HKG,Hong Kong,Wan Chai,a001@homiled.com,www.homiled.com,homilux-co-limited
Hongde (HK) Limited,HKG,Hong Kong,Sheungwan,sales@hongdelighting.cn,http://hongdelighting.cn/,hongde-hk-limited
"Zhejiang Honghuo Electric Co., Ltd.",CHN,China,Lishui Zhejiang,kxg@kaxgie.com,www.kaxige.com,zhejiang-honghuo-electric-coltd
"Hongkong HC Development Co., Limited",HKG,Hong Kong,Wanchai,export@poulson-lux.com,http://www.poulson-lux.com/,hongkong-hc-development-co-limited
Hong Kong Trade Development Council,HKG,Hong Kong,Wanchai,frankfurt.office@hktdc.org,www.hktdc.com,hong-kong-trade-development-council
"Foshan Hongzhu Plastic Hardware Mould Co., Ltd.",CHN,China,Foshan Guangdong,honjutech@gmail.com,www.honjulens.com,foshan-hongzhu-plastic-hardware-mould-co-ltd
"Dongguan Hopesens Glass Co., Limited",CHN,China,Dongguan Guangdong,gaby.liu@hopesens.com,https://hps-glass.com/,dongguan-hopesens-glass-co-limited
HORA eTec GmbH,DEU,Germany,Bünde,info@hora-etec.com,www.hora-etec.com,hora-etec-gmbh
HOSCH Geb&auml;udeautomation Neue Systeme GmbH,DEU,Germany,Teltow,,www.hosch-ga.de,hosch-gebaeudeautomation-neue-systeme-gmbh
"Ningbo Hoteng Machinery Co., Ltd.",CHN,China,Ningbo Zhejiang,bonnie@cnhoteng.com,www.hoteng.com,ningbo-hoteng-machinery-co-ltd
Hottgenroth Software AG,DEU,Germany,Köln,messe@hottgenroth.de,www.hottgenroth.de,hottgenroth-software-ag
"Howell Energy Co., Ltd.",CHN,China,Shenzhen Guangdong,info@howellpower.com,www.howellpower.com,howell-energy-co-ltd
"Ningbo How-Lighting Co., Ltd.",CHN,China,Ningbo Zhejiang,mark@nblgl.com,www.how-lighting.com,ningbo-how-lighting-co-ltd
HP Busbars GmbH,DEU,Germany,Stralsund,Info@HP-Busbars.de,www.hp-busbars.de,hp-busbars-gmbh
"Hangzhou Hpwinner Lighting Equipments Co., Ltd.",CHN,China,Hangzhou Zhejiang,sales@hpwin.com,www.hpwinner.com,hangzhou-hpwinner-lighting-equipments-co-ltd
HSW Stadtfeld Elektrotechnische Fabrik GmbH &amp; Co. KG,DEU,Germany,Hückeswagen,hsw@hsw-stadtfeld.de,www.hsw-stadtfeld.de,hsw-stadtfeld-elektrotechnische-fabrik-gmbh--co-kg
HT Instruments GmbH,DEU,Germany,Korschenbroich,info@ht-instruments.de,www.ht-instruments.de,ht-instruments-gmbh
HT Italia Srl,ITA,Italy,Faenza,info@ht-instruments.de,www.htitalia.com,ht-italia-srl
"Yangzhou Huacai Opto Co., Ltd.",CHN,China,Yangzhou Jiangsu,colors@colorsled.com,www.colorsled.com,yangzhou-huacai-optoelectronics-co-ltd---shenzhen-branch
"Jiangmen Hua Chuang Electronic Co., Ltd.",CHN,China,Jiangmen Guangdong,,www.jmhce.com,jiangmen-hua-chuang-electronic-co-ltd
"Shenzhen Huadian Lighting Co., Ltd",CHN,China,Shenzhen Guangdong,info@hdled.com,www.hdled.com,shenzhen-huadian-lighting-coltd
"Huari Illumination Equipments Co., Ltd.",HKG,Hong Kong,"Kwun Tong, Kowloon",hrzyt988@126.com,www.huariled.com,huari-iliumination-equipments-co-ltd
"Huarongkeyuan Electronic Technology Co., Limited",HKG,Hong Kong,"Tsimshatsui, Kowloon",hrky@szhrky.com,http://www.szhrky.com/,huarongkeyuan-electronic-technology-co-limited
"Zhejiang Huashuo Technology Co., Ltd.",CHN,China,Ningbo Zhejiang,qi@huashuo-led.com,www.huashuo-led.com,zhejiang-huashuo-technology-co-ltd
HuaTec GmbH,DEU,Germany,Hamburg,,,huatec-gmbh
"Hua Wei Industrial Co., Ltd.",TWN,Taiwan,Taichung City,juyin@hwlok.com,www.hwlok.com,hua-wei-industrial-co-ltd
"Shenzhen Huayu Circuits Co., Ltd.",CHN,China,Shenzhen Guangdong,ivy.song@huayucircuits.com,www.huayucircuits.com,shenzhen-huayu-circuits-co-ltd
"Shenzhen Huikemei Technology Co., Ltd.",CHN,China,Shenzhen Guangdong,,www.hicom-china.com,shenzhen-huikemei-technology-co-ltd
Huitron Limited,HKG,Hong Kong,"Tsim Sha Tsui East, Kowloon",sales@coolightled.com,www.coolightled.com,huitron-limited
"Huizhou Foryou Optoelectronics Technology Co., Ltd.",CHN,China,Huizhou Guangdong,adayoeb2@adayoled.com,www.adayoled.com,huizhou-foryou-optoelectronics-technology-co-ltd
"Hung Chin Hardware Co., Ltd.",TWN,Taiwan,ChangHua,sales@hungchin.com.tw,www.hungchin.com.tw,hung-chin-leather-hardware-co-ltd
HUP Elektrotechnik Vertriebs GmbH,DEU,Germany,Ruppichteroth,info@hup-elektrotechnik.de,www.hup-elektrotechnik.de,hup-elektrotechnik-vertriebs-gmbh
HUSS-MEDIEN GmbH,DEU,Germany,Berlin,huss.medien@hussmedien.de,www.huss.de,huss-medien-gmbh
&#39;HYBRYD&#39; Sp&oacute;lka z Ograniczona Odpowiedzialnoscia,POL,Poland,Pyskowice,hybryd@hybryd.com.pl,hybryd.com.pl,hybryd-splka-z-ograniczona-odpowiedzialnoscia
Hylele Inc.,USA,United States,Grapevine Texas,hylele@hylele.us,,hylele-inc
"Hyrwell Light Co., Limited",HKG,Hong Kong,"Tsim Sha Tsui, Kowloon",info@hyrwell.com,www.hyrwell.com,hyrwell-light-co-limited
hysight GmbH,DEU,Germany,Leonberg,info@hysight.de,www.hysight.de,hysight-gmbh
Hytronik Industrial Limited,HKG,Hong Kong,"Kowloon Bay, Kowloon",info@hytronik.com,www.hytronik.com,hytronik-industrial-limited
"Hyundai Corporation Holdings Co., Ltd.",KOR,"Korea, the Republic of (South)",Seoul,fanny@hyundailighting-led.com,www.hyundailighting-led.com,hyundai-corporation-holdings-co-ltd
"Hyundai Luxon Co., LTD.",KOR,"Korea, the Republic of (South)",Seoul,hluxon@wallux.co.kr,www.wallux.co.kr,hyundai-luxon-coltd
HZC Limited,HKG,Hong Kong,"Mongkok, Kowloon",sales@hkhzc.cn,www.hkhzc.cn,hzc-limited
Yuniko Light SL (IBERLAMP),ESP,Spain,Alaquas,j.moreno@iberlamp.com,www.iberlamp.com,yuniko-light-sl
I-Bright,HKG,Hong Kong,Central,kalichan@i-bright.com,www.i-bright.com,i-bright
IBV Hung&aacute;ria Vil&aacute;g&iacute;t&aacute;stechnikai &eacute;s M&uuml;anyagipari Kft.,HUN,Hungary,Kiskunfélegyháza,sales@ibv.hu,https://www.ibv.hu/en,ibv-hungria-vilgtstechnikai-s-mueanyagipari-kft
ICONAG - Leittechnik GmbH,DEU,Germany,Idar-Oberstein,info@iconag.com,www.iconag.com,iconag-leittechnik-gmbh
icotek GmbH &amp; Co. KG,DEU,Germany,Eschach,info@icotek.com,www.icotek.de,icotek-gmbh--co-kg
IDDERO,ESP,Spain,Malaga,iddero@iddero.com,www.iddero.com,ingelabs-sl
Ideal Industries Limited,GBR,Great Britain and Northern Ireland,"Warrington, Cheshire",kathrine.jensen@idealindustries.com,www.idealind.com,ideal-industries-limited
Ideal Lux S.r.l.,ITA,Italy,Mirano (Venezia),info@ideal-lux.com,www.ideal-lux.com,ideal-lux-srl
IDE Electric SL,ESP,Spain,Zuera (Zaragoza),ide@ide.es,www.ideelectric.com,ide-electric-sl
"Ningbo Ido Lighting Appliance Co., Ltd.",CHN,China,Ningbo Zhejiang,allen@ido-lighting.com,www.ido-lightings.com,ningbo-ido-lighting-appliance-co-ltd
IDP Lampshades SLU,ESP,Spain,Riba-Roja De Túria,melanie.harrison@idplamp.com,www.idplamp.com,idp-lampshades-slu
IFEMA Instituci&oacute;n Ferial de Madrid,ESP,Spain,Madrid,motortec-automechanika-madrid@ifema.es,www.motortec-automechanika-madrid.com,ifema-institucin-ferial-de-madrid
If&ouml; Electric AB,SWE,Sweden,Bromölla,info@ifoelectric.com,www.ifoelectric.com,ifoe-electric-ab
"Zhejiang Igoto Electric Co., Ltd.",CHN,China,Wenzhou Zhejiang,sales@igoto.com.cn,www.igotoele.com,zhejiang-igoto-electric-co-ltd
Ikizler Aydinlatma Armaturleri San. Ve Tic. A.S.,TUR,Türkiye,Istanbul (Anatolia),info@ikizlerlighting.com,www.ikizlerlighting.com,ikizler-aydinlatma-armaturleri-san-ve-tic-as
ILEVIA S.r.l.,ITA,Italy,Bassano Del Grappa,info@ilevia.com,www.ilevia.com,ilevia-srl
İLKER ELEKTRONİK,TUR,Türkiye,Istanbul,mail@ilker.com.tr,www.ilker.com.tr,ilker-electronik---kemal-ilker-aracikan
ILLUMINATING ENGINEERING SOCIETY,USA,United States,New York New York,ies@ies.org,www.ies.org,illuminating-engineering-society
Illusion LED Lighting Limited,CHN,China,Huizhou Guangdong,info@illusion-led.com,www.illusion-led.com,illusion-led-lighting-limited
Ilmas S.p.A.,ITA,Italy,Garbagnate Milanese,m.morani@ilmas.com,www.ilmas.com,ilmas-spa
Iluminia Solutions S.L.,ESP,Spain,Lorca,administracion@iluminia.com,www.iluminia.com,iluminia-solutions-sl
ILUM Lighting Sp. z o.o.,POL,Poland,Tarczyn,international@ilum.lighting,www.ilum.lighting,ilum-lighting-sp-z-oo
IMET S.r.l.,ITA,Italy,Morrovalle Scalo,info@imetonline.it,www.imetonline.it,imet-srl
"Imex Lighting Co., Limited",CHN,China,Ningbo Zhejiang,frank@imexled.com,www.imexled.com,imex-lighting-co-limited
"Imigy Lighting Electric Co., Ltd.",CHN,China,Suzhou Jiangsu,abby@imigyled.com,www.imigyled.com,imigy-lighting-electric-co-ltd
immersight GmbH,DEU,Germany,Ulm,info@immersight.de,www.immersight.de,immersight-gmbh
Impact Acoustic AG,CHE,Switzerland,Luzern,connect@impactacoustic.com,www.impactacoustic.com,impact-acoustic-ag
IMQ S.p.A.,ITA,Italy,Milano,piercarlo.pirovano@imqgroup.it,www.imqgroup.it,imq-spa
"Indelague - Industria Electrica de Agueda, S.A.",PRT,Portugal,Agueda,indelague@indelague.pt,www.indelague.com,indelague---industria-electrica-de-agueda-sa
INDEXA GmbH,DEU,Germany,Oedheim,info@indexa.de,www.indexa.de,indexa-gmbh
"Indo-Dan Lampshades Pvt., Ltd.",IND,India,Noida,mktg@indodanlampshades.com,www.indodanlampshades.com,indo-dan-lampshades-pvt-ltd
Influently GmbH,DEU,Germany,Oldenburg,,www.influently.de,influently-gmbh
Ingemann Components A/S,DNK,Denmark,Baeverskov,jpm@ingemanncomponents.com,www.ingemanncomponents.com,ingemann-components-as
In-lite Design B.V.,NLD,Netherlands,Gorinchem,info@in-lite.com,www.in-lite.com,in-lite-design-bv
Innovative India Illuminations,IND,India,New Delhi,siddhant@indiaals.com,indiaals.com,innovative-india-illuminations
INOTEC Sicherheitstechnik GmbH,DEU,Germany,Ense,info@inotec-licht.de,www.inotec-licht.de,inotec-sicherheitstechnik-gmbh
Insta GmbH,DEU,Germany,Lüdenscheid,info@insta.de,www.insta.de,insta-gmbh
Intec Industrial Company Limited,HKG,Hong Kong,"San Po Kong, Kowloon",info@zxdison.com,www.zxdison.com,intec-industrial-company-limited
Intelight Sp. z o.o.,POL,Poland,Warschau,office@intelight.pl,www.intelight.pl,intelight-sp-z-oo
Intercable Tools GmbH,DEU,Germany,Remscheid,deutschland@intercable.com,www.intercable-tools.de,intercable-tools-gmbh
"INTERFLEX, S.L.",ESP,Spain,Montcada i Reixac,tonicanal@interflex.es,www.interflex.es,interflex-sl
Inter Primo A/S,DNK,Denmark,Tistrup,primo@primo.com,www.primo.com,inter-primo-as
INTERRA Germany GmbH,DEU,Germany,Kassel,,www.interratechnology.com,interra-germany-gmbh
INTERRA Technology - KNX,TUR,Türkiye,Kartal / Istanbul,,,interra-technology
INTERRA Technology,TUR,Türkiye,Kartal / Istanbul,info@interratechnology.com,www.interratechnology.com,yoennet-bilisim-yazilim-egitim-ve-danismanlik-hizmetleri-ticaret-as
Inventronics GmbH,DEU,Germany,Garching,,https://www.inventronicsglobal.com/,inventronics-gmbh
"Inventronics (Hangzhou), Inc.",CHN,China,Hangzhou Zhejiang,liyawang@inventronics-co.com,www.inventronicsglobal.com,inventronics-hangzhou-inc
ION Industries BV,NLD,Netherlands,Nieuwegein,j.uijterwaal@ionindustries.com,www.ionindustries.com,ion-industries-bv
IPAS GmbH,DEU,Germany,Duisburg,support@ipas-products.com,www.ipas-products.com,ipas-ingenieurgesellschaft-fuer-automation-und-systemtechnik-mbh
"iPixel LED Light Co., Ltd",CHN,China,Shenzhen Guangdong,market@ipixelleds.com,www.ipixelleds.cn,ipixel-led-light-co-ltd
Iplex Design Srl,ITA,Italy,Recanati,,www.iplexdesign.com,iplex-design-srl
Irlbacher Blickpunkt Glas GmbH,DEU,Germany,Schönsee,,www.irlbacher.com,irlbacher-blickpunkt-glas-gmbh
IR-TEC International Ltd.,TWN,Taiwan,Taoyuan,support@irtec.com,www.irtec.com,ir-tec-international-ltd
ise Individuelle Software und Elektronik GmbH,DEU,Germany,Oldenburg,vertrieb@ise.de,https://www.ise.de/,ise-individuelle-software-und-elektronik-gmbh
"Dongguan iShineLux Technology Co., Ltd.",CHN,China,Dongguan Guangdong,sales11@ishinelux.com,www.ishinelux.com,donguan-ishinelux-technology-co-ltd
ISSENDORFF KG,DEU,Germany,Laatzen,info-de@lcn.de,www.lcn.eu,issendorff-kg
Istanbul Ticaret Odasi,TUR,Türkiye,"Eminönü, Istanbul",aylin.odabas@ito.org.tr,www.ito.org.tr,istanbul-ticaret-odasi
Italian Cable Company S.p.A.,ITA,Italy,Bolgare,info@icc.it,www.icc.it,italian-cable-company-spa
Italpres di Zani Bruno s.n.c. di Zani Duilio &amp; C.,ITA,Italy,Lumezzane,italpres@italpres.com,www.italpres.com,italpres-di-zani-bruno-snc-di-zani-duilio--c
IT - AT GmbH,DEU,Germany,Frankfurt am Main,info@it-at.de,www.it-at.de,it---at-gmbh
IT Gesellschaft f&uuml;r Informationstechnik mbH,DEU,Germany,Kalchreuth,info@it-gmbh.de,www.it-gmbh.de,it-gesellschaft-fuer-informationstechnik-mbh
ITS Kovačević d.o.o.,SRB,Serbia,Inđija,office@itskovacevic.rs,www.itskovacevic.rs,its-kovacevic-doo
"Ningbo Ivy Lighting Technology Co., Ltd.",CHN,China,Ningbo Zhejiang,sammy@leeindustrial.cn,www.cnivy.cn,ningbo-ivy-lighting-technology-coltd
"J2 Innovations, Inc. A Siemens Company",USA,United States,Costa Mesa California,,,j2-innovations-inc-a-siemens-company
Janitza electronics GmbH,DEU,Germany,Lahnau,info@janitza.de,,janitza-electronics-gmbh
"JBT Development Co., Limited",HKG,Hong Kong,"Mongkok, Kowloon",sales@jbtsmartled.cn,www.jbtsmartled.cn,jbt-development-co-limited
JDI Europe GmbH,DEU,Germany,München,jdie.ift-sales.zz@j-display.com,www.jdi-europe.com,jdi-europe-gmbh
"Jean Enterprise Co., Ltd.",TWN,Taiwan,Taipei,jeantw168@outlook.com,jeanware.weebly.com,jean-enterprise-co-ltd
Jean M&uuml;ller GmbH Elektrotechnische Fabrik,DEU,Germany,Eltville am Rhein,info@jeanmueller.de,www.jeanmueller.de,jean-mueller-gmbh-elektrotechnische-fabrik
JETPLAN GmbH,DEU,Germany,Stuttgart,info@jetplan.de,www.jetplan.de,jetplan-gmbh
"Jia Hui Electronic Co., Limited",HKG,Hong Kong,Wanchai,rachel@jiahuilighting.com,http://www.jiahuilighting.com,jia-hui-electronic-co-limited
"Jiangsu Bisong Lighting Co., Ltd.",CHN,China,Qidong Jiangsu,barbara@bisong.cc,www.bisonglighting.com,jiangsu-bisong-lighting-coltd
"Jiangxi Jinggui Import And Export Co., Ltd.",CHN,China,Guixi Jiangxi,annawong_r1@163.com,http://jxjkdz.com,jiangxi-jinggui-import-and-export-co-ltd
"Jiangxi Shenghui Optical Technology Collaborative Innovation Co., Ltd.",CHN,China,Yichun Jiangxi,susan@jxsunflex.com,www.sh-optics.com,jiangxi-shenghui-optical-technology-collabrative-innovation-co-ltd
"Shenzhen Jianhongda Electronic Technical Co., Ltd.",CHN,China,Shenzhen Guangdong,gina@jhdpcb.com,https://jhdpcb.com/,shenzhen-jianhongda-electronic-technical-co-ltd
"HK Jiayang Electronic Co., Limited",HKG,Hong Kong,"Mongkok, Kowloon",jy@jiayangled.com,,hk-jiayang-electronic-co-limited
Jiayu Europe GmbH,DEU,Germany,Liederbach am Taunus,zhanghaichen1@jiayu.eu,,jiayu-europe-gmbh
"Ningbo Jinghui Opto-Electronic Co., Ltd.",CHN,China,Ningbo Zhejiang,sales09@gt-lite.com,www.gt-lite.com,ningbo-jinghui-opto-electronic-co-ltd
"Shenzhenshi Jingzheng Lighting Co., Ltd.",CHN,China,Shenzhen Guangdong,info@jrlite.com,www.jrlite.com,shenzhenshi-jingzheng-lighting-co-ltd
"Jinhui Electronics Co., Ltd.",TWN,Taiwan,Taipei,1807003011@qq.com,www.jinhui.com,jinhui-electronics-co-ltd
"Quanzhou Jintian Electronic Circuit Board Co., Ltd.",CHN,China,Quanzhou Fujian,,https://www.qzjtpcb.com,quanzhou-jintian-electronic-circuit-board-coltd
"Jinxing HK Co., Limited",HKG,Hong Kong,"Tsimshatsui, Kowloon",export@tauras.com.cn,www.tauras.com.cn,jinxing-hk-co-limited
"Jiso Iluminacion, S.L.",ESP,Spain,Chiva,export@jisoiluminacion.com,www.jisoiluminacion.com,jiso-iluminacion-sl
JLG Deutschland GmbH,DEU,Germany,Ritterhude,jdornen@jlg.com,www.jlg.com,jlg-deutschland-gmbh
JOKARI GmbH &amp; Co. KG,DEU,Germany,Ascheberg-Herbern,info@jokari.de,www.jokari.de,jokari-gmbh--co-kg
Jola Spezialschalter GmbH &amp; Co. KG,DEU,Germany,Lambrecht,kontakt@jola-info.de,www.jola-info.de,jola-spezialschalter-gmbh--co-kg
"Joy Lighting Co., Limited",HKG,Hong Kong,"Mongkok, Kowloon",Info@shenghe.com,www.ijoylighting.com,joy-lighting-co-limited
JSL Material El&eacute;ctrico SA,PRT,Portugal,Barcarena,info@jsl-online.net,www.jsl-online.com,jsl-material-electrico-sa
"J&amp;T Lighting Co., Limited",HKG,Hong Kong,"Kwun Tong, Kowloon",sales@jandtlighting.com,www.jandtlighting.com,jt-lighting-co-limited
Jukolux Oy,FIN,Finland,Vaasa,sami.grasbeck@jukolux.fi,www.jukolux.com,jukolux-oy
Albrecht Jung GmbH &amp; Co. KG,DEU,Germany,Schalksmühle,kundencenter@jung.de,www.jung.de,albrecht-jung-gmbh--cokg
Karl Jungbecker GmbH &amp; Co. KG,DEU,Germany,Olpe,info@jungbecker.de,www.jungbecker.de,karl-jungbecker-gmbh--co-kg
"Guangdong JUNON Songtian Electrical Appliance Co., Ltd.",CHN,China,Foshan Guangdong,hayley@junlang.com,www.junlang.com,guangdong-junon-songtian-electrical-appliance-co-ltd
"Jyh Eng Technology Co., Ltd.",TWN,Taiwan,New Taipei City,sales@jyheng.com.tw,www.je-net.com.tw,jyh-eng-technology-co-ltd
JYH (HK) Industries Limited,HKG,Hong Kong,"Yuen Long, New Territories",sales@jyh-battery.com,https://www.jyh-battery.com/,jyh-hk-industries-limited
"Foshan Kaicheng Lighting Co., Ltd.",CHN,China,Foshan Guangdong,kelly@kcd-light.com,www.kcheng-led.com,foshan-kaicheng-lighting-co-ltd
Kaiser GmbH &amp; Co. KG,DEU,Germany,Schalksmühle,info@kaiser-elektro.de,www.kaiser-elektro.de,kaiser-gmbh--co-kg
"Kai Suh Suh Enterprise Co., Ltd.",TWN,Taiwan,Taipei,kss@mail.kss.com.tw,www.kss.com.tw,kai-suh-suh-enterprise-co-ltd
PHU KANDELA Pawel Stachowski,POL,Poland,Szczecin,office@kandela.szczecin.pl,www.kandela.com.pl,phu-kandela-pawel-stachowski
"Ningbo Kanghui Lamps Co., Ltd.",CHN,China,Ningbo Zhejiang,allen@kanghuilight.cn,www.kanghuilight.com,ningbo-kanghui-lamps-coltd
Kangtai Electric Co. Ltd.,CHN,China,Yueqing Zhejiang,cyhk@vip.163.com,www.kangtai.com.cn,kangtai-electric-co-ltd
"Ningbo Kangyan Lighting Electric Co., Ltd.",CHN,China,Ningbo Zhejiang,sales@kanglight.com,www.kanglight.com,ningbo-kangyan-lighting-electric-co--ltd
"Kaoyi Electronic Co., Ltd.",TWN,Taiwan,Changhua,sales@kaoyi.com,www.kaoyi.com,kaoyi-electronic-co-ltd
Kassinakis P.E. SA,GRC,Greece,Egaleo,info@kassinakis.gr,www.kassinakis.com,pe-kassinakis-sa
Kastro Kablo San. ve Tic A.S.,TUR,Türkiye,Bayrampasa /Istanbul,info@kastrokablo.com,www.kastrokablo.com,kastro-kablo-san-ve-tic-as
KATIMEX Cielker GmbH,DEU,Germany,Jünkerath,info@katimex.de,www.katimex.de,katimex-cielker-gmbh
"Kayhin Electric Appliance Co., Ltd",HKG,Hong Kong,"Kwun Tong, Kowloon",manager@kayhin.com,www.kayhin.com,kayhin-electric-appliance-co-ltd
K&amp;C LIGHTING TECHNOLOGY LTD.,CHN,China,Shenzhen Guangdong,kclighting@leds-kc.com,www.leds-kc.com,kc-lighting-technology-ltd
"Keatoo Lighting Hk Co., Limited",HKG,Hong Kong,"Kwun Tong, Kowloon",keatoostream@gmail.com,www.keatoolighting.com,keatoo-lighting-hk-co-limited
"Zhongshan KEBAISHI Electric Appliance Co., Ltd",CHN,China,Zhongshan Guangdong,alice@kbs-ceilingfan.com,www.kbsceilingfan.com,zhongshan-kebaishi-electrical-appliance-co-ltd
"KEDU Electric Co., Ltd.",CHN,China,Hangzhou Zhejiang,kedu@kedu.cn,www.kedu.cn,kedu-electric-manufacturing-co-ltd
K&#39;Electric GmbH,DEU,Germany,Bayreuth,office@k-electric-gmbh.de,www.k-electric-gmbh.de,kelectric-gmbh
Kendal Elektrik Ayd. Elekt. Ins. San. Dis. Tic. A.S,TUR,Türkiye,Selimpasa /Istanbul,export@kendalelektrik.com.tr,www.kendalelektrik.com.tr,kendal-elektrik-ayd-elekt-ins-san-dis-tic-as
KERAI,ESP,Spain,Martorell,info@kerai.es,www.kerai.es,venta-servicio-led-sl
KERN LIEBERS Schalksm&uuml;hle GmbH,DEU,Germany,Schalksmühle,info@kern-liebers.com,www.kern-liebers.com,kern-liebers-schalksmuehle-gmbh
"Ketai Industries Lighting Co., Ltd.",CHN,China,Foshan Guangdong,sales@ketailighting.com,www.ketailighting.com,ketai-industries-lighting-co-ltd
Keysight Technologies Deutschland GmbH,DEU,Germany,Böblingen,PDL-OSG-marcom@Keysight.com,https://www.keysight.com/us/en/products/software/optical-solutions-software.html,keysight-technologies-deutschland-gmbh
KGP Electronics GmbH,DEU,Germany,Lüdenscheid,info@kgp-electronics.de,www.kgp-electronics.de,kgp-electronics-gmbh
Khatod Optoelectronic S.r.l.,ITA,Italy,Cusano Milanino,khatod@khatod.com,www.khatod.com,khatod-optoelectronic-srl
KIA Deutschland GmbH,DEU,Germany,Frankfurt am Main,info@kia.de,www.kia.de,kia-motors-deutschland-gmbh
"Ningbo King-Bridge Lighting Technology Co., Ltd.",CHN,China,Yuyao Zhejiang,,,ningbo-king-bridge-lighting-technology-co-ltd
King Light Illumination (Hong Kong) Limited,HKG,Hong Kong,"Kwai Chung, New Territories",joseph@kinglighthk.com,,king-light-illumination-hong-kong-limited
"Guangdong Kinglong Health Lighting Technology Co., Ltd.",CHN,China,Zhongshan Guangdong,sales1@kinglong-lighting.net,www.kinglonglighting.net,guangdong-kinglong-health-lighting-technology-co-ltd
"Kinglumi Co., Ltd.",CHN,China,Shenzhen City Guangdong,sales@kinglumi.com,https://www.kinglumi.com/,kinglumi-co-ltd
"Kingtar Technology Co., Limited",CHN,China,Shenzhen Guangdong,vuitton@kingtar-led.com,https://www.kingtarled.com/,kingtar-technology-colimited
Karlsruhe Institute of Technology (KIT),DEU,Germany,Karlsruhe,info@kit.edu,www.kit.edu,karlsruhe-institute-of-technology-kit
Gustav Klauke GmbH,DEU,Germany,Remscheid,klauke-info@emerson.com,www.klauke.com,gustav-klauke-gmbh
Hermann Kleinhuis GmbH &amp; Co. KG,DEU,Germany,Linz,info@kleinhuis.de,www.kleinhuis.de,hermann-kleinhuis-gmbh--co-kg
Klein Tools Europe GmbH,DEU,Germany,München,office@kleintools.eu,www.kleintools.eu,klein-tools-europe-gmbh
"Zhejiang Klite Lighting Holdings Co., Ltd.",CHN,China,Haining Zhejiang,sales@klite.cn,www.klite.cn,zhejiang-klite-lighting-holdings-co-ltd
KLUS DESIGN,POL,Poland,Kolonia Lesznowola near Warsaw,marketing@klus.com.pl,www.klusdesign.eu,klus--sp-z-oo
KNIPEX-Werk C. Gustav Putsch KG,DEU,Germany,Wuppertal,info@knipex.de,www.knipex.de,knipex-werk-c-gustav-putsch-kg
"Ningbo Knp Lighting Co., Ltd.",CHN,China,Ningbo Zhejiang,james@knplighting.com,www.knplighting.com,ningbo-knp-lighting-coltd
KNX Association cvba,BEL,Belgium,Machelen,,www.knx.org,knx-association-cvba
KNX Deutschland e.V.,DEU,Germany,Frankfurt am Main,info@knx.de,www.knx.de,knx-deutschland-ev
K&ouml;rner S.r.l.,ITA,Italy,Cusago,ok@korner.it,www.korner.it,koerner-srl
Koizumi Lighting Technology Corp.,JPN,Japan,Osaka,,https://www.koizumi-lt.co.jp/,koizumi-lighting-technology-corp
Komax Deutschland GmbH,DEU,Germany,Nürnberg,info.nur@komaxgroup.com,www.komax.de,komax-kabelverarbeitungssysteme-deutschland-gmbh
KOPOS KOLIN a.s.,CZE,Czech Republic,Kolin,kopos@kopos.cz,www.kopos.com,kopos-kolin-as
Koral Global Elektrik Dis. Tic. Ltd. Sti.,TUR,Türkiye,Gebze /Kocaeli,,www.koral.com.tr,koral-global-elektrik-distic-ltd-sti
"KOREAGLASS CO., LTD",CHN,China,Dongguan Guangdong,koreaglass@vip.163.com,,koreaglass-co-ltd
Korea Trade-Investment Promotion Agency,KOR,"Korea, the Republic of (South)",Seoul,frankfurt@kotra-frankfurt.de,www.kotra.or.kr,korea-trade-investment-promotion-agency
Kosnic Lighting Ltd.,GBR,Great Britain and Northern Ireland,"Newbury, Berkshire",export@kosnic.com,www.kosnic.com,kosnic-lighting-ltd
EMM. KOUVIDIS S.A.,GRC,Greece,Heraklion,info@kouvidis.gr,www.kouvidis.gr,emm-kouvidis-sa
"KPS Euman, S.L.",ESP,Spain,Morcín Asturias,,www.kps-euman.com,kps-euman-sl
KRASO GmbH &amp; Co. KG,DEU,Germany,Rhede,info@kraso.de,www.kraso.de,kraso-gmbh--co-kg
"Krasslux Light Co., Limited",HKG,Hong Kong,Causeway Bay,krassluxlight@gmail.com,www.krassluxlight.com,krasslux-light-co-limited
Kreon NV,BEL,Belgium,Oudsbergen,stephanie@kreon.com,www.kreon.com,kreon-nv
KRUEGER-Werke GmbH,DEU,Germany,Dresden,messe@krueger-werke.de,www.krueger-werke.de,krueger-werke-gmbh
TK Tomasz Krywult,POL,Poland,Czestochowa,paulina@tk-lighting.eu,www.tk-lighting.eu,tk-tomasz-krywult
K.S. TERMINALS INC.,TWN,Taiwan,Changhua County,,www.ksterminals.com.tw,k-s-terminals-inc
KS Verlichting B.V.,NLD,Netherlands,Zwaagdijk-Oost,info@ks-verlichting.nl,www.ks-verlichting.nl,ks-verlichting-bv
"Jiangmen Kunxin New Material Technology Co., Ltd.",CHN,China,Jiangmen Guangdong,leo@jk-optics.com,www.kunxinplastics.com,jiangmen-kunxin-new-material-technology-co-ltd
Kutyna,ITA,Italy,Roma,mt@archimorabd.it,kutynaofficial.com,archimora-srl
"Lai Lim Technology Co., Ltd.",TWN,Taiwan,Tainan,leds.jack@gmail.com,,lai-lim-technology-co-ltd
Lambda Research Corporation,USA,United States,Westford Massachusetts,sales@lambdares.com,www.lambdares.com,lambda-research-corporation
"Ningbo Lamb Technology Co., Ltd.",CHN,China,Ningbo Zhejiang,jackjiangzc@126.com,,ningbo-lamb-technology-co-ltd
Lampec AG,CHE,Switzerland,Kleindöttingen,info@lampec-swiss.ch,https://www.lampec-swiss.ch/,lampec-ag
LAMPENSCHUTZGITTER,POL,Poland,Zabrze,info@lampenschutzgitter.de,www.lampenschutzgitter.de,smg-production-sp-z-oo
"Shenzhen Lamp Shining Technology Co., Ltd.",CHN,China,Shenzhen Guangdong,william@lampshining.com,www.lampshining.com,shenzhen-lamp-shining-technology-co-ltd
"CIXI LAMPTETIAS OPTOELECTRONIC CO., LTD.",CHN,China,"Cixi, Ningbo Zhejiang",lyra@lamptetias.com,www.lamptetias.com,cixi-lamptetias-optoelectronic-co-ltd
LANDA ILLUMINOTECNICA S.p.A.,ITA,Italy,Lumezzane S.A.,,www.landa.it,landa-illuminotecnica-spa
Landesinnung Saarland der Elektrohandwerke,DEU,Germany,Saarbrücken,abogatzky@elektrohandwerk-saar.de,www.elektrohandwerk-saar.de,landesinnung-saarland-der-elektrohandwerke
"Ningbo Langyao Lighting Technology Co., Ltd.",CHN,China,Ningbo Zhejiang,michael.zhang@loyal-nb.com,www.loyal-nb.com,ningbo-langyao-lighting-technology-co-ltd
"Linyi Lanjing Optoelectronics Technology Co., Ltd.",CHN,China,Linyin Shandong,mananger@chinayuehang.com.cn,www.chinayuehang.com.cn,linyi-lanjing-optoelectronics-technology-co-ltd
"Zhongshan Lan Zhi Liang Lighting Technology Co., Ltd.",CHN,China,Zhongshan,lanzhiliang@vip.163.com,www.lzl-lighting.com,zhongshan-lan-zhi-liang-lighting-technology-co-ltd
EP S.P.A. | LANZINI,ITA,Italy,Travagliato,info@lanzini.it,www.lanzini.it,ep-spa
Lanz Manufaktur Germany GmbH,DEU,Germany,Hochstetten-Dhaun,info@lanzmanufaktur.net,www.lanzmanufaktur.net,lanz-manufaktur-germany-gmbh
La Profiles,IND,India,Ahmedabad,,,la-profiles
LARS Andrzej Szymanski,POL,Poland,Niepruszewo,office@lars.pl,www.lars.pl,lars-andrzej-szymanski
LAS Systeme GmbH,DEU,Germany,Wilnsdorf,info@las-systeme.com,www.las-systeme.com,las-systeme-gmbh
Laternix GmbH &amp; Co. KG,DEU,Germany,Traunstein,info@laternix.de,www.laternix.de,laternix-gmbh--cokg
LAVOV Lighting Europe S.L.,ESP,Spain,Barcelona,info@lavovlighting.com,www.lavovlighting.com,lavov-lighting-europe-sl
LDT Srl,ITA,Italy,Morrovalle,ldt@ldt-tosoni.com,,ldt-srl
Leading Light AB,SWE,Sweden,Mölndal,,www.iqinside.io,leading-light-ab
Leadlux Lighting Technology Limited,HKG,Hong Kong,Chai Wan,sales-1@leadlux.com,www.leadlux.com,leadlux-lighting-technology-limited
"Lead Opto-Technology Co., Ltd.",CHN,China,Huizhou Guangdong,lead@lead-lighting.com,https://www.lead-lighting.com/,lead-opto-technology-co-limited
"Shenzhen Leadray Optoelectronic Co., Ltd.",CHN,China,Shenzhen Guangdong,gary@szleadray.com,www.szleadray.com,shenzhen-leadray-optoelectronic-co-ltd
"Leadsun Technology Co., Ltd.",CHN,China,Zhuhai Guangdong,sales@leadsunglobal.com,www.leadsunglobal.com,leadsun-technology-co-ltd
LeafTech GmbH,DEU,Germany,Berlin,contact@leaftech.eu,,leaftech-gmbh
Leaf Ventilation (Marley Deutschland GmbH),DEU,Germany,Wunstorf,info@leaf-ventilation.de,www.leaf-ventilation.de,marley-deutschland-gmbh
"Learoy LED Tecnology, S.L.",ESP,Spain,Fuenlabrada,roberto@learoyled.com,https://pantallasledlaroy.com,learoy-led-tecnology-sl
"Ningbo Leboda Lighting Technology Co., Ltd.",CHN,China,Ningbo Zhejiang,tony@lebodaworld.com,www.lebodaworld.com,ningbo-leboda-lighting-technology-co-ltd
LEC,FRA,France,Lyon,,,lec-innov-sas
LED Domain Light Fittings Trading L.L.C.,ARE,United Arab Emirates,Dubai,sales@leddomain.com,https://leddomain.com/,led-domain-light-fittings-trading-llc
"Ningbo Ledeshi Electrical Equipment Co., Ltd.",CHN,China,Ningbo Zhejiang,harrison@ledeshi.com,www.ledeshi.com,ningbo-ledeshi-electric-equipment-co-ltd
LEDFlex Limited,GBR,Great Britain and Northern Ireland,Winchester,p.jain@ledflexgroup.com,www.ledflexgroup.com,ledflex-limited
"Guangzhou Ledia Lighting Co., Ltd.",CHN,China,Guangzhou Guangdong,verapeng@ledialighting.com,www.ledialighting.com,guangzhou-ledia-lighting-co-ltd
LeDiamond Opto Corporation,TWN,Taiwan,New Taipei City,,,lediamond-opto-corporation
"LEDiFUTURE CO., LTD",CHN,China,Shanghai,sales@ledifuture.com,www.ledifuture.com,ledifuture-co-ltd
Ledil Oy,FIN,Finland,Salo,ledil@ledil.com,www.ledil.com,ledil-oy
LEDIN Group Sp. z o.o.,POL,Poland,Ostroleka,d.dabrowska-gorska@ledline.pl,https://ledline.pl/en/,ledin-group-sp-z-oo
"Foshan LedKey Lighting Co., Ltd.",CHN,China,Foshan Guangdong,sales@ledkeylighting.com,http://www.ledkeylighting.com/,foshan-ledkey-lighting-coltd
Led Lab Company S.r.l.,ITA,Italy,Catania,info@ledlabcompany.it,ledlab.passweb.it,led-lab-company-srl
"Ledlink Optics, Inc.",TWN,Taiwan,New Taipei City,service@ledlink-optics.com,www.ledlink-optics.com,ledlink-optics-inc
LEDLUCKY HOLDINGS COMPANY LIMITED,CHN,China,Shenzhen Guangdong,lighting@ledlucky.net,www.ledlucky.net,ledlucky-holdings-co-ltd
LED LUKS d.o.o.,SVN,Slovenia,Sempeter pri Gorici,info@ledluks.com,,led-luks-doo
"LEDLUZ LIGHTING CO., LTD.",CHN,China,Foshan Guangdong,sales@led-luz.com,www.ledluzprofile.com,ledluz-lighting-co-ltd
LED MARKET SRL,MDA,Moldova,Chisinau,o.gunes@ledmarket.md,ledmarket.eu,led-market-srl
"Shenzhen Ledodm Lighting Co., Ltd.",CHN,China,Shenzhen Guangdong,vicky@ledodm.com,www.ledodm.com,shenzhen-ledodm-lighting-coltd
Ledolet Elektrik Elektronik Bilgisayar Tasarim ve Bilisim Teknoloji San. ve Dis Tic. Ltd. Sti.,TUR,Türkiye,Umraniye /Istanbul,info@ledolet.com,www.ledolet.com,ledolet-elektrik-elektronik-bilgisayar-tasarim-ve-bilisim-teknoloji-san-ve-dis-tic-ltd-sti
LedsC4,ESP,Spain,Sant Cugat del Valles (Barcelona),europe@leds-c4.com,www.leds-c4.com,leds-c4-sa
Ledscape Ltd,GBR,Great Britain and Northern Ireland,Dunstable,,,ledscape-ltd
LEDS-LUX Optoelectronic International Limited,HKG,Hong Kong,"Kwun Tong, Kowloon",sales@best-linear.com,www.best-linear.com,leds-lux-optoelectronic-international-limited
"LED STAR LIGHTING TECHNOLOGY CO., LTD",CHN,China,Zhongshan Guangdong,annie@led-star-lighting.com,www.led-star-lighting.com,led-star-lighting-technology-co--ltd
"Guangdong Ledtimes Lighting Co., Ltd.",CHN,China,Jiangmen Guangdong,led@ledtimes.cn,www.ledtimes.cn,guangdong-ledtimes-lighting-co-ltd
Ledture Inc.,USA,United States,Phoenix Arizona,joe@ledture.com,www.ledture.com,ledture-inc
LEDVANCE GmbH,DEU,Germany,Garching b. München,contact@ledvance.com,www.ledvance.com,ledvance-gmbh
Ledworld Technology Company Limited,HKG,Hong Kong,"Kwun Tong, Kowloon",hkledworld@163.com,www.ledworld.com,ledworld-technology-company-limited
"Ledyi Lighting (HK) Co., Limited",HKG,Hong Kong,"Kwun Tong, Kowloon",sales@ledyi.com,www.ledyilighting.com,ledyi-lighting-hk-co-limited
"LEEDARSON LIGHTING CO., LTD.",CHN,China,Xiamen Fujian,marcom@leedarson.com,www.leedarson.com,leedarson-lighting-co-ltd
"Wuxi Legendlite Illumination Co., Ltd.",CHN,China,"Wuxi City, Jiangsu Province Jiangsu",wilson@legendlite.com,www.legendlite.com,wuxi-legendlite-illumination-co-ltd
Legrand GmbH,DEU,Germany,Soest,info.service@legrand.de,www.legrand.de,legrand-gmbh
Lehmann &amp; Voss &amp; Co. KG,DEU,Germany,Hamburg,info@lehvoss.de,www.lehvoss.de,lehmann--voss--co-kg
Leipziger Leuchten GmbH,DEU,Germany,Leipzig,info@leipziger-leuchten.com,www.leipziger-leuchten.com,leipziger-leuchten-gmbh
G. Adolf Lemp &amp; Co. GmbH,DEU,Germany,Remscheid,albuzlu@galemp.de,www.galemp.de,g-adolf-lemp--co-gmbh
Lena Lighting S.A.,POL,Poland,Środa Wielkopolska,office@lenalighting.pl,https://lenalighting.com,lena-lighting-sa
Leomay Technology Company Limited,HKG,Hong Kong,"Mongkok, Kowloon",sales03@leomay.com,www.leomay.com,leomay-technology-company-limited
Shenzhen Lepower Opto Electronics Corp. Ltd,CHN,China,Shenzhen Guangdong,sales@lepowerled.com,www.lepowerled.com,shenzhen-lepower-opto-electronics-corp-ltd
LES JARDINS&reg;,FRA,France,Aix en Provence,contact@lesjardins.com,www.lesjardins.com,sel-sas
"LE-TEHNIKA, d.o.o., Kranj",SVN,Slovenia,Kranj,luxtella@luxtella.com,www.luxtella.com,le-tehnika-doo-kranj
"Letour Smart Co., Ltd.",CHN,China,Xiamen Fujian,info@gzletour.com,www.aiknxcn.com,guangzhou-letour-life-technology-co-ltd
LF Lighting Co. Ltd.,KOR,"Korea, the Republic of (South)",Yangju,lflighting@naver.com,www.lflighting.co.kr,lf-lighting-co-ltd
"Guangdong Lianhao Science &amp; Technology Lighting Co., Ltd.",CHN,China,Zhongshan Guangdong,18028370271@163.com,http://www.lianhaoled.cn/,guangdong-lianhao-science-technology-lighting-coltd
"Ningbo Liaoyuan Lighting Group Co., Ltd.",CHN,China,Ningbo Zhejiang,merrylu@nbliaoyuan.com,www.nbliaoyuanlighting.com,ningbo-liaoyuan-lighting-group-co-ltd
licht.de - eine Brancheninitiative des ZVEI e.V.,DEU,Germany,Frankfurt am Main,licht.de@zvei.org,www.licht.de,lichtde---eine-brancheninitiative-des-zvei-ev
lichtvoll GmbH,DEU,Germany,Wuppertal,,,lichtvoll-gmbh
lichtwerk GmbH,DEU,Germany,Königsberg,info@lichtwerk.de,http://www.lichtwerk.de/,lichtwerk-gmbh
"Nanjin Licon IoT Technology Co., Ltd.",CHN,China,Nanjing Jiangsu,allen@licon-iot.com,www.licon-iot.com,nanjin-licon-iot-technology-co-ltd
Lider Electric Inc.,USA,United States,Newport Beach,marketing@lider-electric.com,https://www.lider-electric.com/,lider-electric-inc
"Lifud Technology Co., Ltd.",CHN,China,Shenzhen Guangdong,chm@ledfriend.com,www.lifud.com,lifud-technology-co-ltd
LIGAAIR,CHE,Switzerland,Rothenburg,mail@ligaair.ch,https://www.ligaair.ch/de/casambi-bluetooth-lichtsteuerungen,lichtteam-ag
Shenzhen Light Constant Co. Ltd.,CHN,China,Shenzhen Guangdong,ellen@lightconstant.com,www.lightconstant.com,shenzhen-light-constant-co-ltd
Lightcycle Retourlogistik und Service GmbH,DEU,Germany,München,info@lightcycle.de,www.lightcycle.de,lightcycle-retourlogistik-und-service-gmbh
Lightenjin II - Ind&uacute;stria de Iluminacao Lda.,PRT,Portugal,Aguada de Cima,geral@lightenjin.pt,www.lightenjin.pt,lightenjin-ii---indstria-de-iluminacao-lda
Hong Kong Lighten Technology Limited,HKG,Hong Kong,"Yau Ma Tei, Kowloon",lightenled@vip.163.com,www.lightenled.com,hong-kong-lighten-technology-limited
LIGHTEX,BGR,Bulgaria,Burgas,team-international@denilighting.com,lightex.bg,deni-lighting-ltd
"Light Green International Co., Ltd.",CHN,China,Shenzhen Guangdong,info@light-green.cn,www.light-green.cn,light-green-international-coltd
Lightholm,LVA,Latvia,Marupes Novads,sales@lightholm.com,www.lightholm.com,pedrobeat-lighting-company-sia
Lighting And Illumination Technology Experience Ltd.,GBR,Great Britain and Northern Ireland,Burnley,giuseppe.dedola@maxiledlighting.com,,lighting-and-illumination-technology-experience-ltd
"Sharplumi Lighting Co., Ltd",CHN,China,Shenzhen Guangdong,admin@tsongledlighting.com,www.sharplumiledlighting.com,sharplumi-lighting-coltd
"Shenzhen Lighting Control Technology Co., Ltd.",CHN,China,Shenzhen Guangdong,,,shenzhen-lighting-control-technology-co-ltd
"Cixi Jing Yu Lighting &amp; Electrical Equipment Co., Ltd.",CHN,China,Ningbo Zhejiang,fanny.xu@cnjingyu.com.cn,www.jingyugroup.com.cn,cixi-jing-yu-lighting--electrical-equipment-co-ltd
LightingEurope,BEL,Belgium,Bruxelles,,www.lightingeurope.org,aisbl-lightingeurope
Lighting Line UAB,LTU,Lithuania,Vilnius,info@lightingline.eu,www.lightingline.eu,lighting-line-uab
"Lighting Technologies TRQ, S.L.",ESP,Spain,Vinaròs (Castellón),info@trqsl.com,www.trqsl.com,lighting-technologies-trq-sl
Lightnet GmbH,DEU,Germany,Köln,info@lightnet.de,www.lightnet.de,lightnet-gmbh
Lightwolf GmbH,DEU,Germany,Schkeuditz,02@lightwolf.de,www.lightwolf.de,lightwolf-gmbh
"Xiamen Limonlite Photoelectric Technology Co., Ltd.",CHN,China,Xiamen Fujian,,,xiamen-limonlite-photoelectric-technology-co-ltd
Limos&reg; - Standsicherheitspr&uuml;fung,DEU,Germany,Frankenthal (Pfalz),j.weitzel@werkstoffpruefung.com,www.werkstoffpruefung.com,schmitt-ndt-gmbh
Linea Light S.r.l.,ITA,Italy,Vazzola,info@linealight.com,www.linealight.com,linea-light-srl-a-socio-unico
Linear Aydınlatma ve Elektrik San. Tic. Ltd. Şti,TUR,Türkiye,Basaksehir / Istanbul,export@linearlighting.com.tr,www.linearaydinlatma.com,linear-aydinlatma-ve-elektrik-san-tic-sti-ltd
"Lineflex Lighting Technology Co., Ltd.",CHN,China,Dongguan Guangdong,arikzhang@lineflexlighting.com,www.lineflexlighting.com,lineflex-lighting-technology-co-ltd
Linergy S.r.l.,ITA,Italy,Grottammare (AP),info@linergy.it,www.linergy.it,linergy-srl
"Shenzhen Lingbenyang Industry Co., Ltd.",CHN,China,Shenzhen Guangdong,info@leadbeyondled.com,www.leadbeyondled.com,shenzhen-lingbenyang-industry-co-ltd
Lingg &amp; Janke OHG,DEU,Germany,Radolfzell am Bodensee,info@lingg-janke.de,www.lingg-janke.de,lingg--janke-ohg
"Shenzhen Linklite Smart Lighting Co., Ltd.",CHN,China,Shenzhen Guangdong,richard.zhang@linklite-iot.com,www.linklite-iot.com,shenzhen-linklite-smart-lighting-co-ltd
Linter Energia Sp. z o.o.,POL,Poland,Rzeszów,akus@linterenergia.pl,,linter-energia-sp-z-oo
"LINYAO LIGHT LUX CO., LTD.",TWN,Taiwan,New Taipei,linyao.kelvin@gmail.com,https://weisam.weebly.com,linyao-light-lux-co-ltd
"LIONWAY ELECTRONICS CO., LIMITED",CHN,China,Shenzhen Guangdong,led@lwl-led.com,www.lwl-led.com,lionway-electronics-co-limited
"Lipal (Zhongshan) Lighting Technology Co., Ltd.",CHN,China,Zhongshan Guangdong,info@lipal.cn,www.lipal.cn,lipalzhongshanlighting-technology-co--ltd
Liquidleds Lighting Corp.,TWN,Taiwan,Taipei,dahu@liquidleds.com,www.liquidleds.com,liquidleds-lighting-corp
Liras Srl,ITA,Italy,Schio,info@liras.it,www.liras.it,liras-srl
Hongkong Lisin Lighting Limited,HKG,Hong Kong,Wanchai,marketing@lisenlighting.com,www.lisenlighting.com,hongkong-lisin-lighting-limited
"FOSHAN LITEK TECHNOLOGY DEVELOPMENT CO., LTD.",CHN,China,Foshan Guangdong,jiaping.xian@litekcn.com,www.liteklighting.com,foshan-litek-technology-development-company-limited
"LiTG, Deutsche Gesellschaft f&uuml;r LichtTechnik und LichtGestaltung e.V.",DEU,Germany,Berlin,,www.litg.de,litg-deutsche-gesellschaft-fuer-lichttechnik-und-lichtgestaltung-ev
Lithoss NV,BEL,Belgium,Pittem,info@lithoss.com,www.lithoss.be,lithoss-nv
Lival OY AB,FIN,Finland,Sipoo,lival@lival.com,www.lival.com,lival-oy-ab
lixtec GmbH,AUT,Austria,Graz,m.niggas@lixtec.com,www.lixtec.com,lixtec-gmbh
LIZ Smart Office GmbH,DEU,Germany,Berlin,info@liz.solutions,,liz-smart-office-gmbh
Ljusdesign by Gobo,DNK,Denmark,Viby J,sales@ljusdesign.lighting,https://www.ljusdesign.lighting/,gobo-as
LLD Light S.r.l.,ITA,Italy,Vicenza,info@lldlight.it,www.lldlight.it,lld-light-srl
L&amp;L Luce &amp; Light S.r.l.,ITA,Italy,Dueville,segreteria@lucelight.it,www.lucelight.it,ll-luce--light-srl
LMT Leuchten + Metall Technik GmbH,DEU,Germany,Hilpoltstein,info@lmtgmbh.de,https://lmtgmbh.de/,lmt-leuchten--metall-technik-gmbh
loblicht GmbH,DEU,Germany,Arnsberg,info@loblicht.de,https://www.loblicht.de/,loblicht-gmbh
Loerakker Lighting B.V.,NLD,Netherlands,Amersfoort,info@loerakkerledline.nl,www.loerakkerledline.nl,loerakker-lighting-bv
Logica Extrusions SRL,ITA,Italy,Brunello,info@logicaext.com,www.logicaextrusions.com,logica-extrusions-srl
logiccloud AG,DEU,Germany,Buchen,info@logiccloud.de,www.logiccloud.com,logiccloud-ag
"NINGBO LOMLUX LIGHTING CO., LTD.",CHN,China,Ningbo Zhejiang,sales@lomlux.com,www.lomlux.com,ningbo-lomlux-lighting-co-ltd
"Ningbo Longer Lighting Co., Ltd.",CHN,China,Ningbo Zhejiang,lg7@howlonger.com,www.longerlighting.com,ningbo-longer-lighting-co-ltd
"Zhejiang Longpai I&amp;E Co., Ltd.",CHN,China,Hangzhou Zhejiang,info@blox-electric.com,www.blox-electric.com,zhejiang-longpai-ie-co-ltd
Longt Lighting Group Inc.,CHN,China,Yangzhou,olivia.wang@ltzm.com,www.ltzm.com,longt-lighting-group-co-ltd
LOOM DESIGN // DENMARK,DNK,Denmark,Harlev J / Aarhus,mail@lampefeber.com,www.loom-design.com,lampefeber-as
Lotec Teknoloji,TUR,Türkiye,Ankara,info@lotec.com.tr,www.lotec.com.tr,lotec-teknoloji-limited-sirketi
"FOSHAN NANHAI LOVE HOUSE LIGHTING CO., LTD.",CHN,China,Foshan Guangdong,ao.mkt@fslovehouse.com,www.fslovehouse.com,foshan-nanhai-love-house-lighting-co--ltd
Low Energy Designs Ltd,GBR,Great Britain and Northern Ireland,Blandford Forum,,www.lowenergydesigns.com,low-energy-designs-ltd
Delta Intelligent Building Technologies (Europe) GmbH,AUT,Austria,Wien,sales@loytec.com,www.loytec.com,loy-tec-electronics-gmbh
"L-STAR Lighting Co., Ltd.",CHN,China,Yuyao Zhejiang,l-star1@l-starlight.com,www.l-starlight.com,l-star-lighting-co-ltd
LST-Deutschland GmbH,DEU,Germany,Pockau-Lengefeld / Pockau,office@laborstrauss.de,www.laborstrauss.com,mep-gefahrenmeldetechnik-gmbh
Ltech LED B.V.,NLD,Netherlands,Amsterdam,,www.ltech-led.eu,ltech-led-bv
"LTI Optics, LLC",USA,United States,Westminster Colorado,photopia@ltioptics.com,www.ltioptics.com,lti-optics--llc
"Yiwu Luckarm Technology Co., Ltd.",CHN,China,Jinhua Zhejiang,sales@luckarm.com,www.luckarm.com,yiwu-luckarm-technology-co-ltd
L&uuml;bbering Abrollsysteme GmbH &amp; Co. KG,DEU,Germany,Herzebrock-Clarholz,info@rollprofi.de,www.rollprofi.de,luebbering-abrollsysteme-gmbh--co-kg
"Shandong Lumax Innovative Lighting Co., Ltd.",CHN,China,Weihai Shandong,ben.yu@sd-lumax.com,https://www.sd-lumax.com/,shandong-lumax-innovative-lighting-co--ltd
lumenear,NLD,Netherlands,Leiden,,www.lumenear.com,in-zee-bv
LumenRadio AB,SWE,Sweden,Göteborg,lilli.lundqvist@lumenradio.com,www.lumenradio.com,lumenradio-ab
"Lumens Co., Ltd.",KOR,"Korea, the Republic of (South)",Yongin-si,keel.yb@lumens.co.kr,http://lumensleds.com/,lumens-coltd
Lumenwelt - SMFW UG (haftungsbeschr&auml;nkt),DEU,Germany,Gifhorn,info@lumenwelt.de,https://www.lumenwelt.de,smfw-ug-haftungsbeschraenkt
"Lumiastra Co., Ltd.",CHN,China,Foshan Guangdong,info@lumiastra.com,www.lumiastra.com,lumiastra-co-ltd
Lumileds,DEU,Germany,Aachen,info@lumileds.com,www.lumileds.com,lumileds-aachen-gmbh
"Lumi Legend Electrical Co., Ltd.",CHN,China,Ningbo Zhejiang,jacky@lumitek.cn,www.lumitekgroup.com,lumi-legend-electrical-co-ltd
"Shenzhen Lumimore Lighting Co., Ltd.",CHN,China,Shenzhen Guangdong,terry@lumimore.com,www.lumimore.com,shenzhen-lumimore-lighting-co-ltd
Luminans Group AB,SWE,Sweden,Järfälla,Info@luminans.com,luminans.com,luminans-group-ab
LUMINES Lighting,POL,Poland,Krakow,info@led-labs.pl,lumines.com,led-labs-sa
Luminos d.o.o.,BIH,Bosnia and Herzegovina,Sarajevo,info@luminos.ba,www.luminos.ba,luminos-doo
"Luminus Devices, Inc.",USA,United States,Sunnyvale,sales@luminus.com,www.luminus.com,luminus-devices-inc
Lumi Team Sp. z o.o.,POL,Poland,Kamienica Polska,,,lumi-team-sp-z-oo
"Lumix Lighting &amp; Electrical Co., Ltd.",CHN,China,Ningbo Zhejiang,sales@lumixlite.com,www.lumixlite.com,lumix-lighting--electrical-co-ltd
Lumosa Lighting B.V.,NLD,Netherlands,Son en Breugel,niki@lumosa.eu,www.lumosa.eu,lumosa-lighting-bv
Lumotubo Sp. z o.o.,POL,Poland,Lublin,info@lumotubo.pl,www.lumotubo.pl,lumotubo-sp-z-o-o
Lunar Teknoloji Ltd. Sti.,TUR,Türkiye,Basaksehir /Istanbul,ahmet@lunarteknoloji.com.tr,www.lunarteknoloji.com.tr,lunar-teknoloji-ltd-sti
"Lusety, UAB",LTU,Lithuania,Kaunas,info@lusety.com,lusety.com,lusety-uab
LUTEC,BEL,Belgium,Wommelgem,info@lutec-europe.com,www.lutec.com,ningbo-utec-electric-co-ltd
Luxam GmbH,DEU,Germany,Ismaning,germany@luxam.com,www.luxam.com,luxam-gmbh
Lux Box Lighting Technology Ltd.,GBR,Great Britain and Northern Ireland,Norwich,sales@luxbox.co.uk,luxbox.co.uk,lux-box-lighting-technology-ltd
Luxemetal Overseas Private Limited,IND,India,Aligarh,exhibitions@luxegoc.com,luxegoc.com,luxemetal-overseas-private-limited
"Luxgend Electronics Co., Ltd.",CHN,China,Zhongshan Guangdong,sales2@luxgend.com,www.luxgend.com,luxgend-electronics-coltd
LUX GLENDER GmbH,DEU,Germany,Süßen,info@lux-glender.com,https://lux-glender.com/de/,lux-glender-gmbh
Luximus Technology PTE. LTD,SGP,Singapore,Singapore,miho@luximus.co,www.luximus.co,luximus-technology-pte-ltd
Luxon Sp. z o.o.,POL,Poland,Miekinia,office@luxonled.eu,www.luxonled.eu,luxon-sp-z-oo
"Ningbo Luxson Lighting Co., Ltd.",CHN,China,Ningbo Zhejiang,bruce@luxsonled.com,www.luxsonled.com,ningbo-luxson-lighting-co-ltd
Lux Tech Teknoloji Sanayi Ticaret Limited Sirketi,TUR,Türkiye,lstanbul,c.sismanoglu@iluxusdesign.com,https://www.iluxusdesign.com/,lux-tech-teknoloji-sanayi-ticaret-limited-sirketi
Luxtronik Technology Company Limited,HKG,Hong Kong,"San Po Kong, Kowloon",liang.tk@gmail.com,luxtronik.com,luxtronik-technology-company-limited
Luxuni Industrial Design Ltd.,CHN,China,Xiamen Fujian,sales@luxuni.com,www.luxuni.com,luxuni-industrial-design-ltd
Luz Negra SL,ESP,Spain,Canovelles,info@luznegra.net,www.luznegra.net,luz-negra-sl
LVT Sp. z o.o.,POL,Poland,Gdansk,krzysztof.szrajer@vipelectro.pl,https://lvt.com.pl/,lvt-sp-z-oo
"ZhongShan Lydia Lighting Co., Ltd.",CHN,China,Zhongshan Guangdong,export02@lydialight.cn,,zhongshan-lydia-lighting-coltd
"LZ Led Lighting Co., Limited",HKG,Hong Kong,Wanchai,kobyshen@lz-ledlighting.com,www.lz-ledlighting.com,lz-led-lighting-co-limited
Mac Bright B.V.,NLD,Netherlands,Tiel,info@macbright.com,www.macbright.com,mac-bright-bv
MADRIX &ndash; inoage GmbH,DEU,Germany,Dresden,info@madrix.com,www.madrix.com,inoage-gmbh
MagiCAD Group GmbH,DEU,Germany,Köln,,www.magicad.com,magicad-group-gmbh
Maico Elektroapparate-Fabrik GmbH,DEU,Germany,Villingen-Schwenningen,info@maico.de,www.maico-ventilatoren.com,maico-elektroapparate-fabrik-gmbh
Maincor Rohrsysteme GmbH &amp; Co. KG,DEU,Germany,Schweinfurt,info@maincor.de,www.maincor.de,maincor-rohrsysteme-gmbh--co-kg
Manlux Technologies Inc.,USA,United States,San Mateo California,bs02@manluxled.com,https://www.manluxled.com/,manlux-technologies-inc
"Mao Yuan Optoelectronics Co., Ltd.",TWN,Taiwan,New Taipei City,scottcrh@barcusdesign.com,,mao-yuan-optoelectronics-co-ltd
MARKET SET,FRA,France,Begles,contact@marketset.fr,www.marketset.fr,corep-sa
Marlanvil S.p.A.,ITA,Italy,Milano,info.export@marlanvil.it,www.marlanvil.it,marlanvil-spa
Masialux Aydinlatma San. ve Tic. A.S.,TUR,Türkiye,Merzifon / Amasya,info@masialux.com,www.masialux.com,masialux-aydinlatma-san-ve-tic-a-s
"Maxge Electric Technology Co., Ltd.",CHN,China,Deqing Zhejiang,market@maxge.com,www.maxge.com,maxge-electric-technology-co-ltd
"Maxtreen Building Technology Co., Ltd.",CHN,China,Ningbo Zhejiang,,,maxtreen-building-technology-co-ltd
Maytoni GmbH,DEU,Germany,Münster,info@maytoni.de,www.maytoni.de,maytoni-gmbh
MBE Gesellschaft zur Beratung der mittelst&auml;ndischen Elektrowirtschaft mbH,DEU,Germany,Wiesbaden-Delkenheim,mbe@liv-fehr.de,www.liv-fehr.de,mbe-gesellschaft-zur-beratung-der-mittelstaendischen-elektrowirtschaft-mbh
MBS GmbH,DEU,Germany,Krefeld,info@mbs-solutions.de,www.mbs-solutions.de,mbs-gmbh
MBS-Sonel GmbH,DEU,Germany,Sulzbach-Laufen,info@mbs-sonel.de,www.mbs-sonel.de,sonel-sa
MCI LIGHT,ESP,Spain,Gava,online@grupo-mci.com,https://www.mcilight.com/en/home,more-cool-iluminations-sl
MCLIMATE AD,BGR,Bulgaria,Sofia,sales@mclimate.eu,mclimate.eu,mclimate-ad
"Guangzhou MCOHome Technology Co., Ltd.",CHN,China,Guangzhou Guangdong,support@mcohome.com,www.mcohome.com,guangzhou-mcohome-technology-co-ltd
MDT technologies GmbH,DEU,Germany,Engelskirchen,knx@mdt.de,www.mdt.de,mdt-technologies-gmbh
"Shenzhen Meantop Optoelectronics Co., Ltd.",CHN,China,Shenzhen Guangdong,mt@meantopled.com,www.meantopled.com,shenzhen-meantop-optoelectronics-co--ltd
MEAN WELL Europe N.V.,NLD,Netherlands,Amstelveen,info@meanwell.com,www.meanwell.eu,mean-well-enterprises-co-ltd
Meccanica Nicoletti Srl,ITA,Italy,Curtarolo,info@meccanicanicoletti.it,www.meccanicanicoletti.com,meccanica-nicoletti-srl
Media Facade Limited,HKG,Hong Kong,"Tsim Sha Tsui, Kowloon",jack@media-facade.net,https://www.media-facade.net/,media-facade-limited
Mediaplus Licht &amp; Werbung GmbH,AUT,Austria,Wildon,office@mediaplus-licht.at,www.mediaplus-licht.at,mediaplus-licht--werbung-gmbh
NINGBO MEEKO SMART LIGHTING COMPANY LTD,CHN,China,Ningbo Zhejiang,xujanet@value-lite.com,http://www.value-lite.com/,ningbo-meeko-smart-lighting-co-ltd
Meet Industries UK Ltd.,GBR,Great Britain and Northern Ireland,Market Drayton,,,meet-industries-uk-ltd
"Jiangsu Meiguang Lighting Technology Co., Ltd.",CHN,China,Taixing Jiangsu,sales02@mgled.net,www.mg-lighting.cn,jiangsu-meiguang-lighting-technology-co-ltd
"Shaoxing Meka Electric Imp &amp; Exp. Co., Ltd.",CHN,China,Shaoxing Zhejiang,fish@idealbright.com,https://www.idealbright.com/,shaoxing-meka-electric-imp-exp-co--ltd
Mekas Kablo San. Ve Tic A.S.,TUR,Türkiye,"Dilovasi, Kocaeli",export@mekaskablo.com,www.mekaskablo.com,mekas-kablo-san-ve-tic-as
Memighty Inventions Private Limited,IND,India,Surat,info@memighty.com,https://timer.memighty.com/,memighty-inventions-private-limited
"Ningbo Meng Qili Electrical Technology Co., Ltd.",CHN,China,Ningbo Zhejiang,sales@mqlet.com,www.mqlet.com,ningbo-meng-qili-electrical-technology-co-ltd
MENNEKES Elektrotechnik GmbH &amp; Co. KG,DEU,Germany,Kirchhundem,info@mennekes.de,www.mennekes.de,mennekes-elektrotechnik-gmbh--co-kg
MENTOR GmbH &amp; Co. Pr&auml;zisions- Bauteile KG,DEU,Germany,Erkrath,info@mentor.de.com,www.mentor.de.com,mentor-gmbh--co-praezisions--bauteile-kg
"Foshan Nanhai Mercanvee Lighting Co., Ltd.",CHN,China,Foshan Guangdong,info@mercanvee.com,https://www.mercanvee.com,foshan-nanhai-mercanvee-lighting-co-ltd
"Shenzhen Merrytek Technology Co., Ltd.",CHN,China,Shenzhen Guangdong,sj05@merrytek.com,www.merrytek.com,shenzhen-merrytek-technology-co-ltd
Mersen France SB S.A.S,FRA,France,Saint-Bonnet-de-Mure,info.sbm@mersen.com,www.mersen.com,mersen-france-sb-sas
Schneider Electric GmbH c/o Merten,DEU,Germany,Wiehl,de-schneider-service@se.com,www.merten.de,schneider-electric-gmbh-co-merten
Merz GmbH,DEU,Germany,Gaildorf,merz@merz-elektro.de,www.merz-elektro.de,merz-gmbh
MERZ Schaltger&auml;te GmbH + Co KG,DEU,Germany,Gaildorf,info@merz-schaltgeraete.de,www.merz-elektro.de,merz-schaltgeraete-gmbh--co-kg
"Ningbo Messi Lighting Electric Co., Ltd.",CHN,China,Ningbo Zhejiang,,www.messilighting.com,ningbo-messi-lighting-electric-co-ltd
Metalfilms S.r.l.,ITA,Italy,Barga,info@metalfilms.it,www.metalfilms.it,metalfilms-srl
METALIS d.o.o.,HRV,Croatia,Donja Stubica,kabeltragsysteme@metalis.de,https://www.metalis.hr/index.php/en/,metalis-doo
Metalogalva - Irmaos Silvas S.a.,PRT,Portugal,Trofa,metalogalva@metalogalva.pt,www.metalogalva.pt,metalogalva---irmaos-silvas-sa
Mete Enerji A.S.,TUR,Türkiye,Izmir,info@mete-enerji.com.tr,www.mete-enerji.com.tr,mete-enerji-as
METREL GmbH Mess- und Pr&uuml;ftechnik,DEU,Germany,Dinslaken,info@metrel.de,www.metrel.de,metrel-gmbh-mess--und-prueftechnik
METZ CONNECT GmbH,DEU,Germany,Blumberg,info@metz-connect.com,www.metz-connect.com,metz-connect-gmbh
Willy Meyer + Sohn GmbH + Co. KG,DEU,Germany,Hemer,hgm@meyer-lighting.com,www.meyer-lighting.com,willy-meyer--sohn-gmbh--co-kg
Micronova Industries,IND,India,Jamnagar,,,micronova-industries
MIDAM a.s.,CZE,Czech Republic,Hradec Králové,info@midam.cz,www.midam.cz,midam-as
MINALOX s. r. o.,SVK,Slovakia,Malé Leváre,info@minalox.sk,www.minalox.sk,minalox-s-r-o
Mines team d.o.o.,SVN,Slovenia,Tolmin,primoz.zorn@minesteam.si,mt-light.si,mines-team-doo
"Zhongshan Minglian Electronic Co., Ltd.",CHN,China,Zhongshan Guangdong,tom@zsminglian.com,www.zsminglian.com,zhongshan-minglian-electronic-co-ltd
Ming Ri (HK) Technology Limited,HKG,Hong Kong,"Mongkok, Kowloon",kate@originalight.com,www.originalight.com,ming-ri-hk-technology-limited
"Cixi Mingye Communication &amp; Electronic Co., Ltd.",CHN,China,Cixi Zhejiang,sales@mingye.com,www.officelink.com.cn,cixi-mingye-communication--electronic-co-ltd
Mirails S.r.l.,ITA,Italy,Provaglio d'Iseo,gerolamo.bonfanti@mirails.com,https://mirails.com/it/,mirails-srl
MI Spekter d.o.o.,SVN,Slovenia,Brezovica Pri Ljubljani,info@mi-spekter.com,www.mi-spekter.com,mi-spekter-doo
Mizar,ITA,Italy,Torino,info@mizar.it,www.mizar.it/en/,reer-spa
MM Electro Dizayn Elektronik Tic. A.S.,TUR,Türkiye,Istanbul,info@mmworld.com.tr,www.mmworld.com.tr,mm-electro-dizayn-elektronik-tic-as
MODELIGHT / Modelsa Elektrik ve Plastik Malzemeleri San. ve Tic. Ltd. Sti.,TUR,Türkiye,Istanbul,selin@modelsaelektrik.com,www.modelight.com.tr,modelsa-elektrik-ve-plastik-malzemeleri-san-ve-tic-ltd-sti
"MODUS, spol. s r.o.",CZE,Czech Republic,Jinocany,kavkaj@modus.cz,www.modus.cz,modus-spol-s-ro
MOLTO LUCE GmbH,AUT,Austria,Wels,office@moltoluce.com,www.moltoluce.com,molto-luce-gmbh
MON PLAST S.r.l.,ITA,Italy,Gambellara,joana@monplast.it,www.monplast.it,mon-plast-srl
"MOONS&#39; Electric (Taicang) Co., Ltd.",CHN,China,Taicang Jiangsu,info@moons.com.cn,https://www.moonsindustries.com/,moons-electric-taicang-co-ltd
Moorgen Deutschland GmbH,CHN,China,Ningbo Zhejiang,moorgen_oversea@moorgen.de,,zhejiang-moorgen-group-co-ltd
"Shenzhen Moresense Technology Co., Ltd.",CHN,China,Shenzhen Guangdong,dsl@moresense-tech.com,https://www.moresense-tech.com/,shenzhen-moresense-technology-co-ltd
Mosaic S.p.A.,ITA,Italy,Torino,info@creative-cables.com,www.creative-cables.com,mosaic-spa
Moser Systemelektrik GmbH,DEU,Germany,Gaildorf,info@moser-systemelektrik.de,www.moser-systemelektrik.de,moser-systemelektrik-gmbh
"Moso Power Supply Technology Co., Ltd.",CHN,China,Shenzhen Guangdong,info@mosopower.com,www.mosopower.com,moso-power-supply-technology-co-ltd
Mouse-PS Ltd,BGR,Bulgaria,Sofia,ivo@mouse-ps.com,www.mouse-ps.com,mouse-ps-ltd
MP Design Inc,CAN,Canada,Vancouver,mirek@mplighting.com,www.mplighting.com,mp-design-inc
MPL Power Elektro Sp. z o.o.,POL,Poland,Zabrze,asia@prventure.pl,,mpl-power-elektro-sp-z-oo
M.P.S. Company Inc.,CAN,Canada,Toronto,info@mpscompanyinc.ca,,mps-company-inc
MST Sp. z o.o. Sp. k.,POL,Poland,Ketrzyn,office@mst.pl,www.mst.pl,mst-sp-z-oo-sp-k
"Zhongshan MTC Optronics Co., Ltd.",CHN,China,Zhongshan Guangdong,frank.wei@szmtc.com.cn,www.szmtc.com.cn,zhongshan-mtc-optronics-co-ltd
Hugo M&uuml;ller GmbH &amp; Co KG,DEU,Germany,Villingen-Schwenningen,info@hugo-mueller.de,www.hugo-mueller.de,hugo-mueller-gmbh--co-kg
Murat Aydinlatma San. Tic. A.S.,TUR,Türkiye,"Hadimkoy, Arnavutkoy, Istanbul",info@avolux.com,www.avolux.com,murat-aydinlatma-santic-as
Mutlusan Plastik Elektrik San. ve Tic. A.S.,TUR,Türkiye,Basaksehir /Istanbul,info@mutlusan.com.tr,www.mutlusan.com.tr,mutlusan-plastik-elektrik-san-ve-tic-as
"Wenzhou Mvava Electrical Technology Co., Ltd.",CHN,China,Wenzhou Zhejiang,mvava@mvava.com,www.mvava.com,wenzhou-mvava-electrical-technology-co-ltd
"Mynice Optoelectronics Co., Ltd.&nbsp;",CHN,China,Shenzhen Guangdong,2880608013@qq.com,www.myniceled.com,mynice-optoelectronics-co-ltd
MYO,ESP,Spain,Valencia,info@myo-spain.com,www.myo-spain.com,cristaluz-sa
NANOPTIQS by IQS Group,CZE,Czech Republic,Husinec,ryan.daly@nanoptiqs.com,www.nanoptiqs.com,iqs-group-as
Nata Lighting Company,HKG,Hong Kong,Kwai Chung,info@nata.cn,www.nata.cn,nata-lighting-company
Nature Light Tech Limited,HKG,Hong Kong,Central,admin@nature-light.com,,nature-light-tech-limited
Nayamo Opto Electronics,DZA,Algeria,Jijel,contact@nayamo-optoelectronics.com,https://nayamo-optoelectronics.com/,nayamo-opto-electronics
N.C.M. S.r.l.,ITA,Italy,Magnago,export@ncm.it,www.ncm.it,ncm-srl
NEDES s.r.o.,SVK,Slovakia,Zelenec,kotlan@nedes.sk,www.nedes.eu,nedes-sro
NEKO Lighting AG,CHE,Switzerland,Zürich,sven@nekolighting.com,www.nekolighting.com,neko-lighting-ag
Nemko GmbH,DEU,Germany,Pfinztal,contact@nemko.com,www.nemko.com/de,nemko-gmbh
"NEMO LTEC Co., Ltd.",KOR,"Korea, the Republic of (South)","Samnam-eup, Ulju-gun",beh@nemolt.co.kr,www.nemolt.co.kr,nemo-ltec-co-ltd
Neomax LLC,UKR,Ukraine,Samar,,,neomax-llc
Neonlite Distribution Limited,HKG,Hong Kong,"Kwun Tong, Kowloon",ivychan@neonlite.com.hk,www.megaman.cc,neonlite-distribution-limited
NETC Industrial (Shanghai Premier),CHN,China,Shanghai,david@pre-industrial.com,,shanghai-premier-international-trade-co-ltd
NetPeppers GmbH,DEU,Germany,Inning a. Ammersee,mail@netpeppers.com,www.netpeppers.com,netpeppers-gmbh
NETRO Sparkle GmbH,DEU,Germany,Meerbusch,lilydong@sudalight.com,www.ehomeled.com,netro-sparkle-gmbh
NETxAutomation Software GmbH,AUT,Austria,Wels,office@netxautomation.com,www.netxautomation.com,netxautomation-software-gmbh
"Shenzhen Newelighting Co., Ltd.",CHN,China,Shenzhen Guangdong,winnie@newelighting.com,www.newelighting.com,shenzhen-newelighting-co-ltd
"Ninghai Neworiental Plastics Industry Co., Ltd.",CHN,China,Ningbo Zhejiang,sales@neworiental-plastic.com,www.neworiental-plastic.com,ninghai-neworiental-plastics-industry-co-ltd
Newsmart LED Ltd,CHN,China,Shenzhen Guangdong,jenna@newsmart-led.com,www.newsmart-led.com,newsmart-led-limited
"Nexia Iluminacion, S.L.",ESP,Spain,"Castellar del Valles, Barcelona",g.olive@nexia.es,www.nexia.es,nexia-iluminacion-sl
NEXIODE Sas,FRA,France,Quimper,charline.flaman@nexiode.fr,www.nexiode.fr,nexiode-sas
Niedax GmbH &amp; Co. KG,DEU,Germany,Linz,info@niedax-group.com,www.niedax-group.com,niedax-gmbh--co-kg
"NIKATRON, s.r.o.",CZE,Czech Republic,Brno - Trnitá,info@savee.energy,https://www.savee.energy/de/,nikatron-sro
Nilson Aydinlatma Ve Elektrik Malzemeleri Pazarlama Anonim Sirketi,TUR,Türkiye,Esenyurt / Istanbul,info@nilson.com.tr,www.nilson.com.tr,nilson-aydinlatma-ve-elektrik-malzemeleri-pazarlama-anonim-sirketi
"Ningbo Aishi Electric Equipment Co., Ltd.",CHN,China,Ningbo Zhejiang,sales@china-aishi.com,www.china-aishi.com,ningbo-aishi-electric-equipment-co-ltd
"Ningbo Bright Electric Co., Ltd.",CHN,China,Ningbo Zhejiang,cherry@nb-bright.com,www.bright.com,ningbo-bright-electric-co-ltd
"Ningbo Cleverelephant Electric Co., Ltd.",CHN,China,Ningbo Zhejiang,sales2@cleverelephant.com,www.jasmart.com,ningbo-cleverelephant-electric-co-ltd
"Ningbo Enjoy Illuminate Co., Ltd.",CHN,China,Ningbo Zhejiang,george@cn-enjoylighting.com,www.cn-enjoylighting.com,ningbo-enjoy-illuminate-co-ltd
"Ningbo Feien Lighting Co., Ltd",CHN,China,Ningbo Zhejiang,marketing06@feien-lighting.com,www.feien-lighting.com,ningbo-feien-lighting-co-ltd
Ningbo Futai Electric Limited,CHN,China,Ningbo Zhejiang,jay_hu@futailite.com,,ningbo-futai-electric-limited
"Ningbo Greenergy Lighting Co., Ltd.",CHN,China,Ningbo Zhejiang,jiayi@nbgreenergy.com,www.nbgreenergy.com,ningbo-greenergy-lighting-co-ltd
"Ningbo Hanyuan Lighting Co., Ltd.",CHN,China,Ningbo Zhejiang,christina@nblighting.com,www.nblighting.com,ningbo-hanyuan-lighting-co-ltd
"Ningbo Hengpeng International Trading Co., Ltd.",CHN,China,Yuyao,sales@nbhengpeng.com,www.nbhengpeng.com,ningbo-hengpeng-international-trading-co-ltd
"Ningbo Hongyi Electronics Technology Co., Ltd.",CHN,China,Ningbo Zhejiang,ckchai@grouphongyi.com,www.grouphongyi.com,ningbo-hongyi-electronics-technology-co-ltd
"Ningbo Hoosense Electrical Co., Ltd.",CHN,China,Ningbo Zhejiang,sales@hoosense.com,www.hoosense.com,ningbo-hoosense-electrical-co-ltd
"Ningbo Jiahang Electric Appliance Co., Ltd.",CHN,China,Ningbo Zhejiang,sales1@nbjiahang.com,www.nbjiahang.com,ningbo-jiahang-electric-appliance-co-ltd
"NINGBO P-KING LIGHTING TECHNOLOGY CO., LTD.",CHN,China,Cixi Zhejiang,sales3@p-king.cn,www.p-king.cn,ningbo-p-king-lighting-technology-co-ltd
"Ningbo Qichi Illumination Lamp Co., Ltd.",CHN,China,Ningbo Zhejiang,kc@qichtech.com,www.qichtech.com,ningbo-qichi-illumination-lamp-co-ltd
"Ningbo Safeline Electrical Co., Ltd.",CHN,China,Ningbo Zhejiang,sales@cnsafeline.com,www.cnsafeline.com,ningbo-safeline-electrical-co-ltd
"Ningbo Technic Lighting Co., Ltd.",CHN,China,Ningbo Zhejiang,sales@technic-lighting.com,www.technic-lighting.com,ningbo-technic-lighting-co-ltd
"Ningbo Trontop Lighting Co., Ltd.",CHN,China,Ningbo Zhejiang,sales@trontop.com,www.trontop.com,ningbo-trontop-lighting-co-ltd
"Ningbo Violet Lighting Electric Co., Ltd.",CHN,China,Ningbo Zhejiang,marketing10@violetlighting.com,www.violetlighting.com,ningbo-violet-lighting-electric-co-ltd
"Ningbo Wuyun Electrical Co., Ltd.",CHN,China,Yuyao Zhejiang,marketing@wuyunelek.com,www.wuyunelek.com,ningbo-wuyun-electrical-co-ltd
"Ningbo Yaado Lighting Co., Ltd.",CHN,China,Ningbo Zhejiang,barbara.he@yaadolighting.com,www.yaadolighting.com,ningbo-yaado-lighting-coltd
"Ninghai Jiahua Lighting Electric Appliance Co., Ltd.",CHN,China,Ningbo Zhejiang,huashi@huashilamp.com,www.huashilamp.com,ninghai-jiahua-lighting-electric-appliance-co-ltd
NIVISS Leszek Losin Sp. j.,POL,Poland,Gdynia,t.glebocki@niviss.com,www.niviss.com,niviss-leszek-losin-sp-j
nobil&eacute; AG,DEU,Germany,Frankfurt am Main,nobile@nobile.de,www.nobile.de,nobil-ag
Nobus Srl,ITA,Italy,Ivrea,info@nobus.it,www.nobus.it,nobus-srl
NodOn SAS,FRA,France,Saint-Cyr-en-Val,philippe@nodon.fr,https://nodon.fr/en,nodon-sas
Nomos System AG,CHE,Switzerland,Zurich,info@nomos-system.com,www.nomos-system.com,nomos-system-ag
"Non-imaging Optics (Shenzhen) Co., Ltd.",CHN,China,Shenzhen Guangdong,anyangwang@niopt.com,www.niopt.com,non-imaging-optics-shenzhen-co-ltd
Nordex Lighting S.r.l.,ITA,Italy,Roma,moini@nordexlighting.com,www.nordexlighting.com,nordex-lighting-srl
Nordic Semiconductor ASA,NOR,Norway,Trondheim,,www.nordicsemi.com,nordic-semiconductor-asa
Nordlux A/S,DNK,Denmark,Aalborg,bk@nordlux.com,www.nordlux.com,nordlux-as
NORKA Norddeutsche Kunststoff- und Elektro-Gesellschaft St&auml;cker mbH &amp; Co. KG,DEU,Germany,Hamburg,info@norka.com,www.norka.com,norka-norddeutsche-kunststoff--und-elektro--gesellschaft-staecker-mbh--co-kg
NORLYS AS,NOR,Norway,Oslo,firmapost@norlys.no,www.norlys.com,norlys-srl
NormaGrup Technology S.A.,ESP,Spain,Llanera (Asturias),j.santos@normagrup.com,www.normagrup.com,normagrup-technology-sa
Northcliffe Lighting UAB,LTU,Lithuania,Kaunas,info@northcliffe.org,www.northcliffe.org,northcliffe-lighting-uab
NOVA LUCE SA,GRC,Greece,Schimatari,Info@novaluce.com,www.novaluce.com,nova-luce-sa
NOVATEL EOOD,BGR,Bulgaria,Sofia,office@novatel.bg,www.novatel.bg,novatel-eood
Novea Energies SAS,FRA,France,Beaucouze,contact@novea-energies.com,www.novea-energies.com,novea-energies-sas
"NSL New Sun Far East Co., Ltd.",HKG,Hong Kong,"San Po Kong, Kowloon",zheng.da@vip.163.com,https://www.newsun-lighting.cn,new-sun-far-east-co-ltd
UAB Nuostabioji Technologija,LTU,Lithuania,Kauno m.,sales@retechas.com,www.retechas.com,uab-nuostabioji-technologija
NXP Semiconductors Germany GmbH,DEU,Germany,Hamburg,nxp.empfang@nxp.com,www.nxp.com,nxp-semiconductors-germany-gmbh
NZR Nordwestdeutsche Z&auml;hlerrevision Ing. Aug. Knemeyer GmbH &amp; Co. KG,DEU,Germany,Bad Laer,info@nzr.de,www.nzr.de,nzr-nordwestdeutsche-zaehlerrevision-ing-aug-knemeyer-gmbh--co-kg
OAS Open AutomationSystems GmbH,DEU,Germany,Sinsheim,sales@oa-systems.de,www.oa-systems.de,oas-open-automationsystems-gmbh
OBO Bettermann Holding GmbH &amp; Co. KG,DEU,Germany,Menden (Sauerland),info@obo.de,www.obo.de,obo-bettermann-holding-gmbh--co-kg
OBSTA SNC,FRA,France,Paris,info@obsta.com,www.obsta.com,obsta-snc
"OBZOR, vyrobni druzstvo Zlin",CZE,Czech Republic,Zlin,export@obzor.cz,www.obzorzlin.com,obzor-vyrobni-druzstvo-zlin
Odak PCB Elektronik A.S.,TUR,Türkiye,Istanbul,serdar@odakpcb.com,www.odakpcb.com,odak-pcb-elektronik-as
"Zhongshan OJA Reflectors Co., Ltd.",CHN,China,Zhongshan Guangdong,james@ojareflectors.com,http://www.ojareflectors.com,zhongshan-oja-reflectors-co-ltd
O.K. Engineers,IND,India,Jamnagar,info@okengineers.com,www.okengineers.com,ok-engineers
"Ningbo Ola Lighting Co., Ltd.",CHN,China,Ningbo Zhejiang,vincent.chen@olalux.com,,ningbo-ola-lighting-co-ltd
"Olam Lighting Shenzhen Co., Limited",HKG,Hong Kong,Wanchai,sales@olamlighting.cn,www.olamled.com,olam-lighting-shenzhen-co-limited
Olympia Electronics S.A.,GRC,Greece,Aiginio,info@olympia-electronics.com,www.olympia-electronics.com,n-lakasas---p-arvanitidis-sa-olympia-electronics
"Olympia Lighting Co., Limited",HKG,Hong Kong,"Kwai Chung, New Territories",info@olympialed.com,www.olympialed.com,olympia-lighting-co-limited
O/M,PRT,Portugal,Vila nova de Gaia,mail@om-light.com,www.om-light.com,osvaldo-matos-sa
"Guangdong Oml Technology Co., Ltd.",CHN,China,Zhongshan Guangdong,,www.ledoml.com,guangdong-oml-technology-co-ltd
One Click LCA,FIN,Finland,Helsinki,,www.oneclicklca.com,one-click-lca-oy
onework GmbH,DEU,Germany,Kiel,d.fritz@onework.de,www.onework.de,onework-gmbh
"WENZHOU ONKAK IMPEX CO., LTD.",CHN,China,Wenzhou Zhejiang,onesto@onestoelectric.com,www.onesto.cn,wenzhou-onkak-impex-co-ltd
ON Lichttechnik GmbH,DEU,Germany,Schalksmühle,info@hepgmbh.de,https://on-lichttechnik.de/,on-lichttechnik-gmbh
ONLI - Stefi illuminazione srl,ITA,Italy,Pontedera,info@onli.lighting,https://www.onli.lighting,stefi-illuminazione-srl
Ontrol A.S.,TUR,Türkiye,Istanbul,,www.ontrol.com,ontrol-as
Opas Paket Salterleri Ve Sogutma Sistemleri San Ve Tic Limited Sirketi,TUR,Türkiye,Çayırova / Kocaeli,info@opaselektrik.com.tr,www.opaselektrik.com.tr,opas-paket-salterleri-ve-sogutma-sistemleri-san-ve-tic-limited-sirketi
Open Direct Current Alliance a Working Party of ZVEI e.V.,DEU,Germany,Frankfurt am Main,odca@zvei.org,https://odca.zvei.org,zvei-ev-open-direct-current-alliance-a-working-party-of-zvei-ev
Openwise Industrial Ltd.,HKG,Hong Kong,Chai Wan,opyc@openwise-ind.com,,openwise-industrial-ltd
Opple Lighting Europe,NLD,Netherlands,Eindhoven,service@opple.com,www.opple.com,opple-lighting-co-ltd
optical design unit gmbh,AUT,Austria,Mils,info@o3u.at,www.o3u.at,optical-design-unit-gmbh
Optimus Solutions Teknoloji Uretim Sanayi Ticaret Anonim Sirketi,TUR,Türkiye,Istanbul,melis.ustun@optimusst.com,www.optimusst.com,optimus-solutions-teknoloji-uretim-sanayi-ticaret-anonim-sirketi
OPTONICA LED / PRIMA GROUP 2004 LTD,BGR,Bulgaria,Sofia,office@optonicaled.com,www.optonicaled.com,prima-group-2004-ood
Orbis Tecnologia Electrica Sa,ESP,Spain,Madrid,export@orbis.es,www.orbis.es,orbis-tecnologia-electrica-sa
Oren Kablo A.S.,TUR,Türkiye,Silivri / Istanbul,,www.orenkablo.com,oren-kablo-as
"Orient Lighting Co., Limited",HKG,Hong Kong,Wanchai,sale@orientlighting.com,www.orientlighting.com,orient-lighting-co-limited
Orno Group Sp. z o.o.,POL,Poland,Gliwice,export@orno.pl,http://orno.pl/index.php?jezyk=en,orno-group-sp-z-oo
"Osmont, s.r.o.",CZE,Czech Republic,Jihlava,osmont@osmont.cz,www.osmont.cz,osmont-sro
Ospel,POL,Poland,Pilica,a.wyszynski@ospel.com.pl,www.ospel.pl,zse-ospel-sa
"Ningbo Outlux Electrical Co., Ltd.",CHN,China,Ningbo Zhejiang,sales9@outlux.cn,www.outlux.cn,ningbo-outlux-electrical-co-ltd
P4 Limited,GBR,Great Britain and Northern Ireland,"Fakenham, Norfolk",info@p4fastel.co.uk,https://p4fastel.co.uk/,p4-limited
Pali Campion S.r.l.,ITA,Italy,Fratta Polesine,mail@palicampion.it,www.palicampion.it,pali-campion-srl
Pals Aydinlatma San. Tic. Ltd. Sti.,TUR,Türkiye,Istanbul,info@palslighting.com,,pals-aydinlatma-san-tic-ltd-sti
Pamir Elektrik San. ve Tic. Ltd. Sti.,TUR,Türkiye,Karatay - Konya,pamir@pamir.com.tr,www.pamir.com.tr,pamir-elektrik-san-ve-tic-ltd-sti
Pamukkale Kablo Sanayi Ve Tic. A.S.,TUR,Türkiye,Merkezefendi / Denizli,info@pk.com.tr,www.pamukkalekablo.com.tr,pamukkale-kablo-sanayi-ve-tic-as
PANCONTROL.at - Dipl. Ing. Ernst Krystufek GmbH &amp; Co. KG,AUT,Austria,Wien,office@krystufek.at,www.pancontrol.at,dipl-ing-ernst-krystufek-gmbh--co-kg
"Paneralux Smart Technology (Ningbo) Co., Ltd.",CHN,China,Ningbo Zhejiang,jeff.yang@paneralighting.com,www.paneralux.com,paneralux-smart-technology-ningbo-co-ltd
Pan S.r.l.,ITA,Italy,Barberino Tavarnelle,s.ricca@panint.it,www.panint.it,pan-srl
Panzel Werke GmbH,DEU,Germany,Birstein,info@panzel-werke.de,www.panzel-werke.de,panzel-werke-gmbh
Paradox Engineering SA,CHE,Switzerland,Novazzano,,www.pdxeng.ch,paradox-engineering-sa
PC Electric GesmbH,AUT,Austria,St. Martin im Innkreis,office@pcelectric.at,www.pcelectric.at,pc-electric-gesmbh
pds GmbH,DEU,Germany,Rotenburg (Wümme),info@pds.de,www.pds.de,pds-gmbh
PEAKnx GmbH,DEU,Germany,Darmstadt,info@peaknx.com,www.peaknx.com,peaknx-gmbh
Pearl Lighting Co.,HKG,Hong Kong,"Kwai Chung, New Territories",pearllighting202@126.com,www.grandartlamp.com,pearl-lighting-co
PEDAS Elektrik San. ve Tic. A.S.,TUR,Türkiye,Istanbul,murat.yildiz@pedas.com.tr,www.pedas.com.tr,pedas-elektrik-san-ve-tic-as
"Deqing Pegasus Lighting Co., Ltd.",CHN,China,Huzhou Zhejiang,sales01@chinapegasus.net,http://www.chinapegasus.net,deqing-pegasus-lighting-co-ltd
PEHA Elektro GmbH &amp; Co. KG,DEU,Germany,Ratingen,,,peha-elektro-gmbh--co-kg
PEKOM INŽENJERING DOO,SRB,Serbia,Kraljevo,marko.stojanovic@pekom.rs,www.pekom.rs,pekom-inzenjering-doo-kraljevo
Pelsan Aydinlatma Sanayi Ve Ticaret Anonim Sirketi,TUR,Türkiye,Istanbul,export@pelsan.com.tr,www.pelsan.com.tr,pelsan-aydinlatma-sanayi-ve-ticaret-anonim-sirketi
Pemsa Cable Management SA,ESP,Spain,Alcalá De Henares Madrid,info@pemsa-rejiband.com,www.pemsa-rejiband.com,pemsa-cable-management-sau
perdix gmbh,CHE,Switzerland,Luzern,info@perdix.ch,www.perdix.swiss,perdix-gmbh
Perfect LED Limited,HKG,Hong Kong,"Tsimshatsui, Kowloon",sally@perfect-led.com,www.perfect-led.com,perfect-led-limited
"Ningbo PerfectLux Lighting Co., Ltd.",CHN,China,Ningbo Zhejiang,ken@cn-haimingzhu.com,www.perfectlux.cn,ningbo-perfectlux-lighting-co-ltd
Performance in Lighting S.p.A.,ITA,Italy,Cenate Sotto,marketing.it@pil.lighting,www.performanceinlighting.com,performance-in-lighting-spa
Perinet GmbH,DEU,Germany,Berlin,sales@perinet.io,www.perinet.io,perinet-gmbh
Perry Electric S.r.l.,ITA,Italy,Veniano,export2@perry.it,www.perry.it,perry-electric-srl
"Jiangsu Personlite Lighting Co., Ltd.",CHN,China,Changzhou Jiangsu,kevin@personlite.com.cn,https://www.personlite-lighting.com/,jiangsu-personlite-lighting-co-ltd
PETITJEAN SAS,FRA,France,Saint André les Vergers,info@petitjean.fr,www.petitjean.fr,petitjean-sas
Petridis S.A.,GRC,Greece,Agios Athanasios,info@petridis-lighting.gr,www.petridis-lighting.gr,petridis-sa
Pharos Architectural Controls Limited,GBR,Great Britain and Northern Ireland,London,marketing@pharoscontrols.com,www.pharoscontrols.com,pharos-architectural-controls-limited
Phoenix Contact GmbH &amp; Co. KG,DEU,Germany,Blomberg,info@phoenixcontact.com,www.phoenixcontact.com,phoenix-contact-gmbh--co-kg
PICCOLI S.R.L.,ITA,Italy,Noale,vendite@piccolisrl.it,www.piccolisrl.it,piccoli-srl
PIERRE Enterprises,SRB,Serbia,Subotica,expo@smartpierre.com,www.smartpierre.com,pierre-enterprises-doo
"Sichuan Pilger Technology Co., Ltd",CHN,China,Chengdu Sichuan,liyang@pilger-xz.com,https://www.pilger-xz.com,sichuan-pilger-technology-co-ltd
"Zhongshan Pincheng Optoelectronic Industrial Co., Ltd.",CHN,China,Zhongshan Guangdong,sales04@pcledlighting.com,www.pcledlighting.com,zhongshan-pincheng-optoelectronic-industrial-co-ltd
"Pinliang Lighting Co., Ltd.",CHN,China,Ningbo Zhejiang,sales@nbplzm.com,www.nbplzm.com,pinliang-lighting-co-ltd
PlanRadar GmbH,AUT,Austria,Wien,info@planradar.com,www.planradar.com,planradar-gmbh
Plastim Elektrik Malzemeleri San. ve Tic Ltd. Sti.,TUR,Türkiye,Istanbul,info@plastim.com.tr,www.plastim.com.tr,plastim-elektrik-malzemeleri-san-ve-tic-ltd-sti
Plastrol Sp. z o.o.,POL,Poland,Lotyn,,,plastrol-sp-z-oo
PLAYLED,ITA,Italy,Barletta,info@playled.it,www.playled.it,ingegnerie-meccaniche-italiane-srl
"PLUSRITE ELECTRIC (CHINA) CO., LTD",CHN,China,Changzhou Jiangsu,huangxuanze@pluslight.com,www.plusrite.com,plusrite-electric-china-coltd
PM FLEX S.r.l.,ITA,Italy,Almenno San Bartolomeo,info@pmflex.it,www.pmflex.com,pm-flex-srl
P.M.F. Machinefabriek Veendam B.V.,NLD,Netherlands,Veendam,veendam@pmf.nl,www.pmf.nl,pmf-machinefabriek-veendam-bv
"NINGHAI PODA ELECTRICAL APPLIANCE CO., LTD.",CHN,China,Ningbo Zhejiang,export@polaryang.cn,www.podacn.com,ninghai-poda-electrical-appliance-co--ltd
PohlCon GmbH,DEU,Germany,Berlin,contact@pohlcon.com,www.pohlcon.com,pohlcon-gmbh
"Polinter, S.A.",ESP,Spain,Montcada i Reixac,export@polinter.com,www.polinter.com,polinter-sa
Pollmann Elektrotechnik GmbH,DEU,Germany,Oelde,info@pollmann-elektrotechnik.de,www.pollmann-elektrotechnik.de,pollmann-elektrotechnik-gmbh
POLYMA Energiesysteme GmbH,DEU,Germany,Kassel,info@polyma.net,www.polyma.net,polyma-energiesysteme-gmbh
Polymatech Electronics Limited,IND,India,Kancheepuram,,,polymatech-electronics-limited
Polymer Optics Ltd,GBR,Great Britain and Northern Ireland,Coventry,light.building2026@polymer-optics.co.uk,www.polymer-optics.co.uk,polymer-optics-ltd
polyscale innovations GmbH,DEU,Germany,Aachen,mail@polyscale.com,www.polyscale.com,polyscale-innovations-gmbh
Pont Light Kft.,HUN,Hungary,Budapest,dezso@pontlight.com,www.pontlight.com,pont-light-kft
"Ningbo Posa Tech Co., Ltd.",CHN,China,Ningbo Zhejiang,roger@posa-tech.net,www.posa-tech.net,ningbo-posa-tech-co-ltd
Posirol Oy,FIN,Finland,Rauma,posirol@posirol.com,www.posirol.com,posirol-oy
Powergear Europe,NLD,Netherlands,Breda,info@powergear.eu,www.powergear.eu,powergear-europe
Powerline Industrial Limited,HKG,Hong Kong,Wan Chai,sales@powerline-hk.com,www.powerline-hk.com/,powerline-industrial-limited
Power PLUS Communications AG,DEU,Germany,Mannheim,info@ppc-ag.de,www.ppc-ag.de,power-plus-communications-ag
PQ PLUS GmbH,DEU,Germany,Langensendelbach,info@pq-plus.de,www.pq-plus.de,pq-plus-gmbh
Alfred Pracht Lichttechnik GmbH,DEU,Germany,Dautphetal,welcome@pracht.com,www.pracht.com,alfred-pracht-lichttechnik-gmbh
"Roger Pradier Eclairage, SAS",FRA,France,St. Maur,info@roger-pradier.com,www.roger-pradier.com,roger-pradier-eclairage-sas
Precision Plastic Industries Private Limited,IND,India,Nani Damen,ghanshyam.shukla@precisionpipes.com,www.precisionpipes.com,precision-plastic-industries-private-limited-1
Preising GmbH &amp; Co. KG,DEU,Germany,Kierspe-Rönsahl,info@preising.net,www.preising.net,preising-gmbh--co-kg
Pressac Communications Limited,GBR,Great Britain and Northern Ireland,Nottingham,hello@pressac.com,www.pressac.com,pressac-communications-limited
Prima sistemi d.o.o.,SVN,Slovenia,Kranj,david.pancur@primasystems.si,https://primasystems.eu/,prima-sistemi-doo
PRIMO GmbH,DEU,Germany,Aschau a. Inn,info@primo-gmbh.com,www.primo-gmbh.com,primo-gmbh
Priva Building Intelligence GmbH,DEU,Germany,Tönisvorst,sales.building@priva.nl,www.priva.com,priva-building-automation-group-bv
J. Pr&ouml;pster GmbH,DEU,Germany,Neumarkt i.d.OPf.,info@proepster.de,www.proepster.de,j-proepster-gmbh
Profiled Group Limited,HKG,Hong Kong,Wanchai,info@profiled-group.com,www.profiled-group.com,profiled-group-limited
PROFI-LIGHT Sp. z o.o.,POL,Poland,Chorzów,jaroslaw.loposzko@profi-light.pl,www.profi-light.pl,profi-light-sp-z-oo
ProKNX SAS,FRA,France,Valbonne,info@proknx.com,https://www.proknx.com,proknx-sas
Prolicht,AUT,Austria,Götzens,info@prolicht.at,www.prolicht.at,prolicht-espaa-sl
PROLIGHTS,ITA,Italy,Minturno,m.iannella@prolights.it,https://www.prolights.it/,music--lights-srl
"Prosperous (Ningbo) Lighting Appliance Co., Ltd.",CHN,China,Ningbo Zhejiang,alan@prosperous-lighting.com,www.prosperous-lighting.com,prosperous-ningbo-lighting-appliance-co-ltd
Proton Cable LLC,XKX,Kosovo,Prizren,,www.protoncable.com,proton-cable-llc
proTon event- &amp; medientechnik GmbH,AUT,Austria,Graz,,www.proton.at,proton-event---medientechnik-gmbh
PSL Elektronik San. ve Tic. A.S.,TUR,Türkiye,Antalya,info@fiberli.com,www.fiberli.com,psl-elektronik-san-ve-tic-as
PTH GROUP S.r.l.,ITA,Italy,Castiglione Olona,info@pth-group.com,www.pth-group.com,pth-group-srl
Pudsey Diamond Engineering Ltd,GBR,Great Britain and Northern Ireland,Andover,peter@pudseydiamond.com,www.pudseydiamond.com,pudsey-diamond-engineering-ltd
Puk Italia Group S.r.l.,ITA,Italy,Lissone (MB),puk@puk.it,www.puk.it,puk-italia-group-srl
Puraluce S.r.l.,ITA,Italy,Sesto Fiorentino,info@puraluce.com,www.puraluce.com,puraluce-srl
PUR-LED GmbH &amp; Co. KG,DEU,Germany,Undenheim,info@pur-led.de,www.pur-led.de,pur-led-gmbh--co-kg
"Puyuan Electronic Illumination Co., Ltd",CHN,China,Heshan Guangdong,info1@pyledlight.com,www.pyledlight.com,puyuan-electronic-illumination-co-ltd
"XIAMEN PVTECH CO., LTD.",CHN,China,Xiamen Fujian,betty@pvtech.com.cn,www.pvtech.com.cn/index.php/admin_lr_lg.html,xiamen-pvtech-corporation-ltd
"Qicheng Electrical Equipment Co., Ltd.",CHN,China,Wenzhou Zhejiang,,www.cn-cqc.com,qicheng-electrical-equipment-co--ltd
"Zhejiang Qida Illuminant Co., Ltd.",CHN,China,Haining Zhejiang,sales02@qida-lighting.com,www.qida-lighting.com,zhejiang-qida-illuminant-coltd
"Shenzhen Qiseguang Lighting Co., Ltd.",CHN,China,Shenzhen Guangdong,sales@qsgledprofile.com,www.qslite.com,shenzhen-qiseguang-lighting-co-ltd
Zhongshan Qisen Lighting Company,CHN,China,Zhongshan Guangdong,info@qisenlighting.com,www.qisenlighting.com,zhongshan-qisen-lighting-co-ltd
"QL Light Co., Ltd.",CHN,China,Shenzhen Guangdong,sales@qlleds.com,www.qlledstrip.com,ql-light-co-ltd
Qualitron S.r.l.,ITA,Italy,Rescaldina,cantoni@qlt.it,www.qlt.it,qualitron-srl
Radian SA,FRA,France,Bouaye,adv@radian.fr,www.radian.fr,radian-sa
Radium Lampenwerk GmbH,DEU,Germany,Wipperfürth,radium@radium.de,www.radium.de,radium-lampenwerk-gmbh
Groupe Ragni,FRA,France,La Gaude,,www.ragni.com,ragni-sas
Rajshi Technologies India Pvt. Ltd.,IND,India,"Greater Noida, Gautam Buddha Nagar",abhinav@rajshiindustries.com,www.rajshiindustries.com,rajshi-technologies-india-pvt-ltd
Raycap GmbH,DEU,Germany,Garching bei München,info@raycap.com,www.raycap.com,raycap-gmbh
"Rayconn Electronics Co., Limited",HKG,Hong Kong,Admiralty,salesled@rayconn.net,www.rayconn.net,rayconn-electronics-co-limited
"HK Raymates Electronic Co., Limited",HKG,Hong Kong,"Mongkok, Kowloon",sales@raymates.cn,www.raymates.com,hk-raymates-electronic-co-limited
Rayrun International (HK) Limited,HKG,Hong Kong,Wanchai,chris@rayruntech.com,www.rayruntech.com,rayrun-international-hk-limited
Raytech S.r.l.,ITA,Italy,Settimo Milanese,info@raytech.it,www.raytech.it,raytech-srl
Recber Kablo A.S.,TUR,Türkiye,"Corlu, Tekirdag",resit.recber@recber.com.tr,www.recber.com.tr,recber-kablo-as
"Yantai Red100 Lighting Co., Ltd.",CHN,China,Suzhou Jiangsu,info@red100.com.cn,www.red100-lighting.com,red-100-lighting-co-ltd
Redo Group Srl,ROU,Romania,Bacau,,www.redogroup.ro,redo-group-srl
Reell Precision Manufacturing Netherlands B.V.,NLD,Netherlands,Elsloo LB,mzantinge@reell.nl,www.reell.com,reell-precision-manufacturing-netherlands-bv
REEL TECH,KOR,"Korea, the Republic of (South)",Suncheon,steve@reeltech.co.kr,http://www.reeltech.co.kr,reel-tech-co-ltd
"REFINE OPTO CO., LTD",CHN,China,Dongguan Guangdong,wilsonx@refine-opto.com,www.refine-opto.com,refine-optoco-ltd
"Shenzhen Refond Optoelectronics Co., Ltd.",CHN,China,Shenzhen Guangdong,simin.huang@refond.com,www.refond.com,refond-optoelectronics-co-ltd
Regiolux GmbH,DEU,Germany,Königsberg,info@regiolux.de,www.regiolux.de,regiolux-gmbh
Relco S.r.l.,ITA,Italy,Buccinasco,andrea.tobia@relcogroup.com,www.relco.it,relco-srl
Rete di Imprese Luce Veneto,ITA,Italy,Piombino Dese PD,info@luceinveneto.com,www.luceinveneto.com,rete-di-imprese-luce-veneto
Reutlinger GmbH,DEU,Germany,Frankfurt am Main,info@reutlinger.net,www.reutlinger.de,reutlinger-gmbh
Revetec S.r.l.,ITA,Italy,Castelnovo Nè Monti,info@revetec.it,www.reverberi.it,revetec-srl
RG Luce S.r.l.,ITA,Italy,San Martino In Strada,info@rglucesrl.it,www.rglucesrl.it,rg-luce-srl
RHINOLUX LTD,GBR,Great Britain and Northern Ireland,Dunstable,sales@rhinolux.co.uk,www.rhinolux.co.uk,rhinolux-ltd
"Ningbo Rice Lighting Electronics Co., Ltd.",CHN,China,Ningbo Zhejiang,sales@zjfamilylighting.com,www.ricelighting.com,ningbo-rice-lightng-electroncs-co-ltd
Rich Brand Industries Limited,HKG,Hong Kong,"Shamshuipo, Kowloon",benjamin@richbrand.com,www.richbrand.com,rich-brand-industries-limited
Rico Engineering GmbH,DEU,Germany,Kirchheim unter Teck,info@rico-engineering.de,www.rico.de,rico-engineering-gmbh
Rico GmbH &amp; Co. KG,DEU,Germany,Kirchheim unter Teck,info@niedax-group.com,www.niedax-group.com,rico-gmbh--co-kg
"Shenzhen RICO Lighting Co., Ltd.",CHN,China,Shenzhen Guangdong,liuyy@ricolighting.com,www.ricovo.com,shenzhen-rico-lighting-co-ltd
RIDI Leuchten GmbH,DEU,Germany,Jungingen,info@ridi.de,www.ridi.de,ridi-leuchten-gmbh
Riello UPS GmbH,DEU,Germany,Glinde,info@riello-ups.de,www.riello-ups.de,riello-ups-gmbh
"Rise Lighting Co., Ltd.",TWN,Taiwan,New Taipei City,rise@rise-lighting.com.tw,www.rise-lighting.com,rise-lighting-co-ltd
"Rishang Optoelectronics Co., Ltd.",CHN,China,Shenzhen Zhejiang,info@ledlamps.com.cn,www.rishangled.com,rishang-optoelectronics-co-ltd
Shenzhen RisingSun Photoelectric Holdings Limited,CHN,China,Shenzhen Guangdong,info@risingsunled.com,www.risingsunled.com,shenzhen-risingsun-photoelectric-holdings-limited
Rittal GmbH &amp; Co. KG,DEU,Germany,Herborn,info@rittal.de,,rittal-gmbh--co-kg
Schneider Electric GmbH c/o Ritto,DEU,Germany,Wiehl,de-schneider-service@se.com,www.se.com,schneider-electric-gmbh-co-ritto
ROBE Lighting s.r.o.,CZE,Czech Republic,Roznov pod Radhostem,robe@robe.cz,www.robe.cz,robe-lighting-sro
Robers Leuchten GmbH &amp; Co. KG,DEU,Germany,Südlohn,office@robers.com,www.robers.com,robers-leuchten-gmbh--co-kg
ROBIN LAMPS,ESP,Spain,Barcelona,,,the-office-collective-sl
"Romney Opto-Electronic Systems Technology (Guangdong) Co., Ltd.",CHN,China,Zhongshan City Guangdong,romney.sales1@romney-lighting.com,www.romney-lighting.com,romney-opto-electronic-systems-technology-guangdong-co-ltd
romutec Steuer- u. Regelsysteme GmbH,DEU,Germany,Buch a.Wald,info@romutec.de,www.romutec.de,romutec-steuer--u-regelsysteme-gmbh
"JIANGMEN RONDA LITHIUM BATTERY CO., LTD.",CHN,China,Heshan Guangdong,helen@ronda-battery.com,www.ronda-battery.com,jiangmen-ronda-lithium-battery-co-ltd
"Foshan Ronse Lighting Technology Co., Ltd.",CHN,China,Foshan Guangdong,sales@ronse.cc,www.ronse.cc,foshan-ronse-lighting-technology-co-ltd
rota-form,DEU,Germany,Solingen,info@rota-form.com,www.rota-form.com,aricon-kunststoffwerk-gmbh
"Ningbo Rotor Electrical Appliances Co., Ltd.",CHN,China,Ningbo Zhejiang,1165585684@qq.com,www.cnrotor.com,ningbo-rotor-electrical-appliances-co--ltd
RP-Technik GmbH,DEU,Germany,Rodgau,info@rp-group.com,www.rp-group.com,rp-technik-gmbh
RR Kabel Ltd.,IND,India,Mumbai,deepak.mandhana@rrglobal.com,www.rrkabel.com,rr-kabel-ltd
RTL Materials Limited,GBR,Great Britain and Northern Ireland,Lymington,,www.rolatube.com,rtl-materials-limited
Alfons R&uuml;schenbaum GmbH,DEU,Germany,Arnsberg,info@rueschenbaum.de,http://www.rueschenbaum.de,alfons-rueschenbaum-gmbh
RUGGIU lightingwear,ITA,Italy,Zero Branco,export@ruggiu.com,www.ruggiu.com,rgg-co-srl
RUNPOTEC GmbH,AUT,Austria,Thalgau,office@runpotec.com,www.runpotec.com,runpotec-gmbh
"Ningbo Runwin Lighting Co., Ltd.",CHN,China,Ningbo Zhejiang,info@runwin.com,www.runwin.com,ningbo-runwin-lighting-co-ltd
rutec Licht GmbH &amp; Co. KG,DEU,Germany,Syke,info@rutec.de,www.rutec.de,rutec-licht-gmbh--co-kg
rutec Projekt GmbH,DEU,Germany,Syke,info@rutecprojekt.de,,rutec-projekt-gmbh
Wilhelm Rutenbeck GmbH &amp; Co. KG,DEU,Germany,Schalksmühle,info@rutenbeck.de,www.rutenbeck.de,wilhelm-rutenbeck-gmbh--co-kg
Ruyuan Lighting Electric Appliance Company Limited,HKG,Hong Kong,"Kwun Tong, Kowloon",info@nbruyuan.com,nbruyuan.en.alibaba.com/,ruyuan-lighting-electric-appliance-company-limited
R+V Impex,IND,India,Ludhiana,export@rplusvimpex.com,rplusvimpex.com,rv-impex
"RZB Rudolf Zimmermann, Bamberg GmbH",DEU,Germany,Bamberg,info@rzb-leuchten.de,www.rzb.de,rzb-rudolf-zimmermann-bamberg-gmbh
SAAS-Instrumentti Oy Ab,FIN,Finland,Helsinki,hakan.langstedt@saas.fi,www.saas.fi,saas-instrumentti-oy-ab
"Zhongshan Sada Lighting Appliances Co., Ltd.",CHN,China,Zhongshan Guangdong,sales02@sandeled.com,www.sadalighting.com,zhongshan-sada-lighting-appliances-co-ltd
Saferoad,NOR,Norway,Ørsta,,www.saferoad.com,vik-rsta-as
SAFETYTEST GmbH,DEU,Germany,Hirschaid,info@safetytest.de,www.safetytest.de,safetytest-gmbh
SAFYBOX URIARTE,ESP,Spain,Lezama,web@safybox.com,www.safybox.com,uriarte-safybox-sa
"Hongkong Sail Electric Technology Co., Limited",HKG,Hong Kong,"Prince Edward, Kowloon",sales@sail-electric.com.cn,www.sail-electric.com.cn,hongkong-sail-electric-technology-co-limited
"Suzhou Sail Lamp Decorative Co., Ltd.",CHN,China,Suzhou Jiangsu,tim@cnsail.com,www.cnsail.com,suzhou-sail-lamp-decorative-co-ltd
"Saixing Enterprise Co., Limited",HKG,Hong Kong,"Tsim Sha Tsui, Kowloon",dashingstar@yeah.net,www.saixingled.com,saixing-enterprise-co-limited
Salcavi Spa,ITA,Italy,Talamello,sales@salcavi.com,www.salcavi.com,salcavi-spa
Sander Elektronik AG,CHE,Switzerland,Kleindöttingen,info@sanderelek.ch,http://www.sanderelek.ch/,sander-elektronik-ag
"Ningbo Sanity Lighting Electrical Appliance Co., Ltd.",CHN,China,Cixi Zhejiang,,www.china-sanity.com,ningbo-sanity-lighting-electrical-appliance-co-ltd
Sapiselco S.r.l.,ITA,Italy,Saonara,l.griggio@sapiselco.com,www.sapiselco.com,sapiselco-srl
Sarnikon Metal ve Elektronik A.S.,TUR,Türkiye,Istanbul,info@sarnikon.com,www.sarnikon.com,sarnikon-metal-ve-elektronik-as
sas,GRC,Greece,"Ag.I.Rentis, Piraeus",export@sas.com.gr,www.sas.com.gr,karanikolas-group-mae
"International Sassin Electric Shanghai Co., Ltd.",CHN,China,Shanghai,sales@sassin.com,www.sassin.com,international-sassin-electric-shanghai-co-ltd
Satel Sp. z o.o.,POL,Poland,Gdansk,export.sales@satel.pl,www.satel.pl,satel-sp-zoo
"Shenzhen Satis Optoelectronic Technology Co., Ltd.",CHN,China,Shenzhen Guangdong,stephen@satis-led.com,www.satis-led.com,shenzhen-satis-optoelectronic-technology-co-ltd
Sattler KunststoffWerk GmbH,DEU,Germany,Mühlheim am Main,info@sattlerkunststoffwerk.de,www.sattlerkunststoffwerk.de,sattler-kunststoffwerk-gmbh
SAUTER Deutschland,DEU,Germany,Freiburg im Breisgau,sauter-cumulus@de.sauter-bc.com,www.sauter-cumulus.de,sauter-cumulus-gmbh
SCAME PARRE S.p.A.,ITA,Italy,Parre,scame@scame.com,www.scame.com,scame-parre-spa
Scangrip A/S,DNK,Denmark,Svendborg,scangrip@scangrip.com,www.scangrip.com,scangrip-as
SCAPO mobility GmbH,DEU,Germany,Mainz,,www.scapo.de,scapo-mobility-gmbh
Schiefer Signaal &amp; Speciaallampen BV,NLD,Netherlands,Etten-Leur,karin@schiefer.nl,www.schiefer.nl,schiefer-signaal--speciaallampen-bv
Schill GmbH &amp; Co. KG,DEU,Germany,Fellbach,info@schill.de,www.schill.de,schill-gmbh--co-kg
Schletter Solar GmbH,DEU,Germany,Kirchdorf,info@schletter-group.com,www.schletter-group.com,schletter-solar-gmbh
SCHMITZ-WILA GmbH,DEU,Germany,Arnsberg,info@schmitz-wila.com,www.schmitz-wila.com,schmitz-wila-gmbh
Schnabl Stecktechnik GmbH,AUT,Austria,St. Pölten,office@schnabl.works,www.schnabl.works,schnabl-stecktechnik-gmbh
Schneider Electric GmbH,DEU,Germany,Düsseldorf,de-schneider-service@se.com,www.se.com,schneider-electric-gmbh
Schneider Electric Industries SAS,FRA,France,Rueil Malmaison,,www.se.com,schneider-electric-industries-sas
Schnick-Schnack-Systems GmbH,DEU,Germany,Köln,info@schnickschnacksystems.com,www.schnickschnacksystems.com,schnick-schnack-systems-gmbh
W. Schonbek LLC,USA,United States,Plattsburgh New York,sales@schonbek.com,www.schonbek.com,w-schonbek-llc
Adolf Schuch GmbH Lichttechnische Spezialfabrik,DEU,Germany,Worms,info@schuch.de,www.schuch.de,adolf-schuch-gmbh-lichttechnische-spezialfabrik
Schunk Sonosystems GmbH,DEU,Germany,Wettenberg,sonosystems@schunk-group.com,www.schunk-sonosystems.com,schunk-sonosystems-gmbh
Sdanda Energy Saving Illumination Co.,HKG,Hong Kong,"Mongkok, Kowloon",sdanda@126.com,www.sdanda.com,sdanda-energy-saving-illumination-co
SDH Servicegesellschaft Deutsches Handwerk GmbH,DEU,Germany,München,service@sdh.de,www.sdh.de,sdh-servicegesellschaft-deutsches-handwerk-gmbh
SDN Lighting Company,HKG,Hong Kong,"Tsim Sha Tsui East, Kowloon",info@soten.hk,www.soten.hk,sdn-lighting-company
Sealite Co. Ltd.,CHN,China,Shaoxing Zhejiang,wanghai@sealite.com.cn,www.sealtie.com.cn,sealite-co-ltd
Searchlight Electric Ltd.,GBR,Great Britain and Northern Ireland,Manchester,international@searchlightelectric.com,www.searchlightelectric.com,searchlight-electric-ltd
"Wuxi Sea Star Lighting Co., Ltd.",CHN,China,Wuxi Jiangsu,,http://www.wx-seastar.com,wuxi-sea-star-lighting-co-ltd
"Guangzhou SeaWin Electrical Technologies Co., Ltd.",CHN,China,"Guangzhou, Guangdong",,www.seawin5.com,guangzhou-seawin-electrical-technologies-co-ltd
SEC SET ECOFOSS A/S,DNK,Denmark,Viborg,info@sse-as.dk,www.green-id.dk,sec-set-ecofoss-as
Securlite SAS,FRA,France,La Ferte Bernard,contact@securlite.com,www.securlite.com,securlite-sas
Seebacher GmbH,DEU,Germany,Gmund a. Tegernsee,j.haltmair@seebacher.de,www.seebacher.de,seebacher-gmbh
Seeking LED-Lighting Limited,HKG,Hong Kong,Wanchai,kary@seekingled.com,www.seekingled.com,seeking-led-lighting-limited
SEGULA GmbH,DEU,Germany,Horb am Neckar,info@segula.de,www.segula.de,segula-gmbh
"Seity Light (Zhongshan) Co., Ltd.",CHN,China,Zhongshan Guangdong,seity3@seity.hk,www.seitylighting.com,seity-light-zhongshan-co-ltd
Sekonic Corporation,JPN,Japan,Nerima-Ku Tokyo,intl@sekonic.co.jp,https://www.sekonic.co.jp/en/product/categories/meter/,sekonic-corporation
SELCO GmbH,DEU,Germany,Chemnitz,info@selco-systems.com,www.selco-systems.com,selco-gmbh
"SELF Electronics Co., Ltd.",CHN,China,Ningbo Zhejiang,zhangj@self.cn,www.self-electronics.com,self-electronics-co-ltd
"Ningbo Senselite Optoelectronic Technology Co., Ltd.",CHN,China,Ningbo Zhejiang,jason@sense-lite.com,www.sense-lite.com,ningbo-senselite-optoelectronic-technology-co-ltd
Sentistic BV,NLD,Netherlands,Purmerend,info@sentistic.com,www.sentistic.com,sentistic-bv
"Seoul Semiconductor Co., Ltd.",KOR,"Korea, the Republic of (South)",Ansan,jeongheon.kim@seoulsemicon.com,www.seoulsemicon.com,seoul-semiconductor-co-ltd
serien Raumleuchten GmbH,DEU,Germany,Rodgau,serien@serien.com,www.serien.com,serien-raumleuchten-gmbh
Serip Design,PRT,Portugal,Amadora,info@seripdesign.com,www.seripdesign.com,mario-j-pires-lda
Sev-e,FRA,France,La Gaude,thierry.suzanne@sev-e.com,,sev-e-sas
"Seven Colors Lighting Technology Co., Limited",CHN,China,Shenzhen Guangdong,ada@sevencolorslighting.com,www.sevencolorslighting.com,seven-colors-lighting-technology-co-limited
SEZ DK a. s.,SVK,Slovakia,Dolný Kubin,,,sez-dk-a-s
SG Armaturen A/S,NOR,Norway,Lillesand,firmapost@sg-as.no,www.sg-as.no,sg-armaturen-as
"Shanghai Sunmore Lighting Co., Ltd",CHN,China,Shanghai,info@sunmorelighting.com,www.sunmorelighting.com,shanghai-sunmore-lighting-co-ltd
"Shanghai Yongji Electrical Co., Ltd.",CHN,China,Shanghai,hong@rogy.cn,www.rogy.cn,shanghai-yongji-electrical-coltd
"Shaoxing Shangyu Huateng Electrical Co., Ltd.",CHN,China,Shangyu Zhejiang,,www.huatengelectrical.com,shaoxing-shangyu-huateng-electrical-co-ltd
"Shaoxing Shangyu Shunhe Electric Appliance for Illumination Co., Ltd.",CHN,China,Shaoxing Zhejiang,business2@chinasunlit.com,www.chinasunlit.com,shaoxing-shangyu-shunhe-electric-appliance-for-illumination-co-ltd
"Shaoxing Shangyu Star Source Lighting Co., Ltd.",CHN,China,Shaoxing Zhejiang,info@u-shiny.com,www.u-shiny.com,shaoxing-shangyu-star-source-lighting-co-ltd
"Shaoxing Yoyo Lighting Electric Appliance Co., Ltd.",CHN,China,Shaoxing Zhejiang,sales@yoyolighting.com,www.yoyolighting.com,shaoxing-yoyo-lighting-electric-appliance-co-ltd
"Sheenly Lighting Co., Ltd.",CHN,China,Shanghai,sales@sheenly.com,www.sheenly.com,sheenly-lighting-co-ltd
Shelly DACH GmbH,DEU,Germany,München,,www.shelly.com,shelly-dach-gmbh
"Zhuhai Shengchang Electronics Co., Ltd.",CHN,China,Zhuhai Guangdong,info@scpower.net.cn,www.suretron.com,zhuhai-shengchang-electronics-co-ltd
"Jiangsu Shenghui Optoelectronic Co., Ltd.",CHN,China,Dongtai Jiangsu,export@sunwea.com,www.sunwea.com,jiangsu-shenghui-optoelectronic-co-ltd
"Shenzhen Everbright Optoelectronics Co., Ltd.",CHN,China,Shenzhen Guangdong,,www.ledeverbright.com,shenzhen-everbright-optoelectronics-co--ltd
"Shenzhen Hipower Optoelectronic Co., Ltd.",CHN,China,Shenzhen,daisy@hipowerled.com,www.hipowerled.com,shenzhen-hipower-optoelectronic-co-ltd
"Shenzhen Jiaji Acrylic Products Co., Ltd.",CHN,China,Shenzhen Guangdong,globepipe@163.com,www.jiajisz.com,shenzhen-jiaji-acrylic-products-co--ltd
"SHENZHEN LED HOME OPTO-ELECTRONICS CO., LIMITED",CHN,China,Shenzhen Guangdong,lillian@easinghome.com,www.ledhome.cn,shenzhen-led-home-opto-electronics-co-ltd
"SHENZHEN SMILE LIGHTING CO., LTD",CHN,China,Shenzhen Guangdong,infor@smilelights.com,www.smilelights.com,shenzhen-smile-lighting-coltd
SHEVLAD SIA,LVA,Latvia,Riga,info@euroled.lv,https://euroled.lv/en,shevlad-sia
"Shenzhen Shifan Trading Company Ltd., Co.",CHN,China,Shenzhen Guangdong,,https://eybo.ltd,shenzhen-shifan-trading-company-ltd-co
"Anhui Shilin Lighting Co., Ltd.",CHN,China,Huoshan Anhui,wangweihong@shilinlighting.com,www.shilinlighting.com,anhui-shilin-lighting-co-ltd
"Shine Electric Industrial Co., Ltd.",TWN,Taiwan,Taipei City,info@shineelectric.com.tw,www.shineelectric.com.tw,shine-electric-industrial-co-ltd
"Hangzhou Shine Light Intelligent Lighting Co., Ltd.",CHN,China,Hangzhou Zhejiang,,,hangzhou-shine-light-intelligent-lighting-co-ltd
"Shenzhen Shinesky Optoelectronics Co., Ltd.",CHN,China,Shenzhen Guangdong,sales@shinesky.com,www.shinesky.com,shenzhen-shinesky-optoelectronics-co--ltd
"Shining Electronic Co., Ltd.",CHN,China,Hangzhou Zhejiang,marketing1@shinlight.com,www.shinlight.com,shining-electronic-co-ltd
"Shenzhen Shinland Optics Co., Ltd.",CHN,China,Shenzhen Guangdong,miayu@shinland.com,www.shinlandoptics.com,guangdong-shinland-optical-co-ltd
"Foshan Shipu Technology Lighting Co., Ltd.",CHN,China,Foshan Guangdong,fanny@hyundailighting-led.com,https://www.hyundailighting-led.com/,foshan-shipu-technology-lighting-co-ltd
"Shanghai SHYLON Optoelectronics Technology Co., Ltd.",CHN,China,Shanghai Shanghai Shi,info@shylon.com,www.shylon.com,shanghai-shylon-optoelectronic-technology-co-ltd
sicos solutions GmbH,DEU,Germany,Dresden,,www.sicoss.de,sicos-solutions-gmbh
S. Siedle &amp; S&ouml;hne Telefon- und Telegrafenwerke OHG,DEU,Germany,Furtwangen im Schwarzwald,info@siedle.de,www.siedle.de,s-siedle--soehne-telefon--und-telegrafenwerke-ohg
Siemens AG,DEU,Germany,München,,https://www.siemens.com/global/en/company/fairs-events/fairs/light-building.html,siemens-ag
Sigma Elektrik San. ve Tic. A.S.,TUR,Türkiye,Sancaktepe /Istanbul,info@sigmaelektrik.com,www.sigmaelektrik.com,sigma-elektrik-san-ve-tic-as
SIGMA Rodak Dariusz,POL,Poland,Czestochowa,sigmalampy@post.pl,sigma-lampy.com.pl,sigma-rodak-dariusz
Signcomplex Limited,CHN,China,Shenzhen Guangdong,info@signcomplex.com,www.signcomplex.com,signcomplex--limited
Signify GmbH,DEU,Germany,Hamburg,LB26@signify.com,www.signify.com,signify-gmbh
SIGOR Licht GmbH,DEU,Germany,Wuppertal,info@sigor.de,www.sigor.de,sigor-licht-gmbh
SIKI Europe,DEU,Germany,Düsseldorf,info@siki-europe.de,siki-europe.de,siki--europe
"Ningbo Silang Lighting Import And Export Co., Ltd.",CHN,China,Ningbo Zhejiang,sales17@silanglighting.com,www.silanglighting.com,ningbo-silang-lighting-import-and-export-co-ltd
Silvair Sp. z o.o.,POL,Poland,Kraków,,www.silvair.com,silvair-sp-z-o-o
SIMACOM Ltd.,GRC,Greece,Athens,exports@simacom.gr,www.simacom.gr,simacom-ltd
Simes S.p.A.,ITA,Italy,Corte Franca,massimo.denicola@simes.it,www.simes.it,simes-spa
Simet S.A.,POL,Poland,Jelenia Góra,kmonika@simet.com.pl,www.simet.com.pl,simet-sa
Sim Lighting Design Company Limited,HKG,Hong Kong,Causeway Bay,getintouchwith@simlighting.com,www.simbulb.com,sim-lighting-design-company-limited
SIMOTRADE Kereskedelmi &eacute;s Termelő Kft.,HUN,Hungary,Simontornya,simotrade@simotrade.hu,www.simotrade.hu,simotrade-kereskedelmi-s-termeloe-kft
"Yuyao Sineyi Electronic Technology Co., Ltd.",CHN,China,Yuyao Zhejiang,sineyi@sineyi.com,www.sineyi.com,yuyao-sineyi-electronic-technology-co-ltd
"Siqi Technologies (Shenzhen) Co., Ltd.",CHN,China,Shenzhen Guangdong,banana@siqitech.com,https://www.siqitech.com/en/,siqi-technologies-shenzhen-co-ltd
Siru srl,ITA,Italy,Venezia Lido,rudy@siru.com,www.siru.com,marz-srl
SiwuPlan GmbH,DEU,Germany,Kleinmaischeid,info@siwuplan.de,www.siwuplan.de,siwuplan-gmbh
SK Lighting Technologies Limited,HKG,Hong Kong,Causeway Bay,info@sklighting.com.hk,www.sklighting.com.hk,sk-lighting-technologies-limited
"SKYBALL ELECTRONIC &amp; LIGHTING CO., LTD.",CHN,China,Jiangmen Guangdong,sales@cnskyball.com,www.cnskyball.com,skyball-electronic-l-lghting-co-ltd
"Guangzhou Skydance Co., Ltd.",CHN,China,Guangzhou Guangdong,summer.guan@iskydance.com,www.iskydance.com,guangzhou-skydance-co-ltd
"Zhejiang SKYLED Technology Co., Ltd.",CHN,China,Jiaxing Zhejiang,ceo@skyled.cn,www.skyled.cn,zhejiang-skyled-technology-co-ltd
SLEEPWAVE Inc.,KOR,"Korea, the Republic of (South)",Seoul,sp.noh@dbbeats.com,www.dbbeats.com,sleepwave-inc
smarterion ag,CHE,Switzerland,Mels,info@smarterion.ch,www.smarterion.ch,smarterion-ag
Smarter Living B.V.,NLD,Netherlands,Dordrecht,info@smarterliving.nl,smarterliving.nl,smarter-living-bv
Smart Led Aydinlatma Ve Enerji Teknolojileri Ins. San. ve Tic. Ltd. Sti.,TUR,Türkiye,Kocaeli,info@smartledteknoloji.com,www.smartledteknoloji.com,smart-led-aydinlatma-ve-enerji-teknolojileri-san-ve-tic-ltd-sti
"Smartlicht Systems Co., Ltd.",CHN,China,Shenzhen Guangdong,,,smartlicht-systems-co-ltd
Smart Systems Distribution S&agrave;rl: Wiren Board &amp; HELTUN,CHE,Switzerland,Champéry,sales@smartsd.ch,https://smartsd.ch/,smart-systems-distribution-srl-z-waveme
SMA Solar Technology AG,DEU,Germany,Niestetal,info@sma.de,www.sma.de,sma-solar-technology-ag
Ningbo Snappy Optoelectronics Co. Ltd.,CHN,China,Ningbo Zhejiang,sales@snappy.cn,www.snappy.cn,ningbo-snappy-optoelectronics-co-ltd
Snasycom GmbH,AUT,Austria,Dornbirn,info@snasycom.com,www.snasycom.com,snasycom-gmbh
"Shenzhen Snoowel Technology Co., Ltd.",CHN,China,"Shenzhen, Guangzhou Guangdong",sales1@snoowel-led.com,www.snoowel-led.com,shenzhen-snoowel-technology-co-ltd
Softing IT Networks GmbH,DEU,Germany,Haar,info.itnetworks@softing.com,https://itnetworks.softing.com,softing-it-networks-gmbh
SolarWoodle B.V.,NLD,Netherlands,Ede GLD,,www.solarwoodle.nl,solarwoodle-bv
"Soluciones Leds y Disenos, S.L.",ESP,Spain,Malaga,v.moreno@solydi.es,www.solydi.es,soluciones-leds-y-disenos-sl
SOLUX,CHN,China,Changzhou Jiangsu,contact@solux-light.com,www.solux-light.com,changzhou-solux-technology-co-ltd
SonLed,TUR,Türkiye,"Basaksehir, Istanbul",export@sonled.com,www.sonled.com,son-led-sanayi-ticaret-as
sonoro Audio GmbH,DEU,Germany,Neuss,smarthome@sonoro.com,www.sonoro.com,sonoro-audio-gmbh
Sortimo International GmbH,DEU,Germany,Zusmarshausen,service@sortimo.de,www.mysortimo.de,sortimo-international-gmbh
"Shenzhen SOSEN Electronics Co., Ltd.",CHN,China,Shenzhen Guangdong,marcom@sosen.com,www.sosen.com,shenzhen-sosen-electronics-co-ltd
"ZHONGSHAN CITY S.PAR OPTOELECTRONICS TECHNOLOGY CO., LTD.",CHN,China,Zhongshan Guangdong,randy@spar-g4g9.com,www.spar-g4g9.com,zhongshan-city-spar-optoelectronics-technology-co-ltd
G&uuml;nther Spelsberg GmbH + Co. KG,DEU,Germany,Schalksmühle,info@spelsberg.de,www.spelsberg.de,guenther-spelsberg-gmbh--co-kg
SPOTLIGHT,ITA,Italy,San Giuliano Milanese,nellt@spotlight.it,www.spotlight.it,spotlight-sc
Square Moon BVBA,BEL,Belgium,Kluisbergen,,,square-moon-bvba
SSL Resource Oy,FIN,Finland,Salo,sales@sslresource.com,www.sslresource.com,ssl-resource-oy
S + S Regeltechnik GmbH,DEU,Germany,Nürnberg,exhibition@spluss.de,www.spluss.de,s--s-regeltechnik-gmbh
Staff Editoriale S.n.c.,ITA,Italy,Milano,staffedi@staffedit.it,www.staffedit.it,staff-editoriale-snc
Starck Technology JSC,BGR,Bulgaria,Vratsa,sales@starck.tech,starck.tech,starck-technology-jsc-ad
Staria Technologies S.L.,ESP,Spain,Sevilla,carlos@stariatechnologies.com,www.stariatechnologies.com,staria-technologies-sl
"Shenzhen Starwire Lighting Co., Limited",HKG,Hong Kong,"Mongkok, Kowloon",sales@starwire-led.com,www.starwire-led.com,shenzhen-starwire-lighting-co-limited
STEAB Srl,ITA,Italy,Rufina,info@steab.it,www.steab.it,steab-srl
Steinel GmbH,DEU,Germany,Herzebrock-Clarholz,info@steinel.de,www.steinel.de,steinel-gmbh
Stele S&agrave;rl,CHE,Switzerland,Moutier,info@stele-lighting.com,www.stele-lighting.com,steve-lechot-luminaires-sarl
Stella,BRA,Brazil,Sapiranga,global@stella.com.br,https://stella.com.br/,stella-importacao-e-exportacao-de-luminrias-ltda
Sterling Impex,IND,India,Mumbai,haresh@sterlingimpex.com,www.sterling-group.in,sterling-impex
STREIT Software GmbH,DEU,Germany,Haslach,info@streit-software.de,www.streit-software.de,streit-software-gmbh
ABB AG STRIEBEL &amp; JOHN,DEU,Germany,Sasbach,info.desuj@de.abb.com,www.striebelundjohn.com,abb-ag-striebel--john
stromlaufplan.de,DEU,Germany,Teltow,support@stromlaufplan.de,www.stromlaufplan.de,tecease-gmbh
"Strong Lumen Opto Co., Ltd.",CHN,China,Shenzhen Guangdong,sales@stronglumen.com,www.stronglumen.com,strong-lumen-opto-co-ltd
STUDIO DUE Trade S.r.l.,ITA,Italy,Roma,marcello.bertini@studiodue.com,www.studiodue.com,studio-due-trade-srl
Stumpe Glas GmbH,DEU,Germany,Kaufbeuren,info@stumpeglas.com,www.stumpeglas.com,stumpe-glas-gmbh
Success Electronics &amp; Transformer Manufacturer Sdn. Bhd.,MYS,Malaysia,Selangor Darul Ehsan,export@success.com.my,www.nikkonlighting.com,success-electronics--transformer-manufacturer-sdn-bhd
"Ningbo Sunelec Co., Ltd.",CHN,China,Ningbo Zhejiang,sunelec@sunelec.com.cn,www.sunelec.com.cn,ningbo-sunelec-co-ltd
"NINGBO SUNGER LIGHTING TECHNOLOGY CO., LTD.",CHN,China,Ningbo Zhejiang,shallywong@sunger.cc,www.sunger.cc,ningbo-sunger-lighting-technology-co-ltd
Sunlitlux (H.K.) Company Limited,HKG,Hong Kong,North Point,info@sunlitlux.com,www.sunlitlux.com,sunlitlux-hk-company-limited
"Sunny Light Co., Ltd.",TWN,Taiwan,New Taipei City,gilliantang@gmail.com,,sunny-light-coltd
Sunpu-Opto (HK) Limited,HKG,Hong Kong,"Lai Chi Kok, Kowloon",export@sunpu-opto.com,www.sunpu-opto.com,sunpu-opto-hk-limited
Hongkong Sunricher Technology Limited,HKG,Hong Kong,"Mongkok, Kowloon",sales@sunricher.com,www.sunricher.com,hongkong-sunricher-technology-limited
Sunshine Lighting Company,HKG,Hong Kong,Kwai Chung,maggie5sunshine@126.com,sunshinelightingco.com,sunshine-lighting-company
"SUN SPOT INDUSTRIAL CO., LTD.",TWN,Taiwan,Taichung,sales@airfairofchina.com,,sun-spot-industrial-co-ltd
"Shenzhen Sunsylux Co., Ltd.",CHN,China,Shenzhen Guangdong,262411689@qq.com,www.sunsylux.com,shenzhen-sunsylux-co-ltd
Super Impex,IND,India,Mumbai,saumil@superimpex.com,www.superimpex.com,super-impex
"Zhejiang SuperLED Optoelectric Co., Ltd.",CHN,China,Ningbo Zhejiang,sale8@super-led.cn,www.zjsuperled.com,zhejiang-superled-optoelectric-co-ltd
"Zhejiang Super Lighting Electric Appliance Co., Ltd.",CHN,China,Lishui Zhejiang,jiangwei@super-lamps.com,https://www.super-lamps.com/,zhejiang-super-lighting-electric-appliance-coltd
Supreme Industrial Fasteners,IND,India,Jamnagar,sales@supremefasteners.in,www.supremefasteners.in,supreme-industrial-fasteners
"Sure Trend Trading Co., Ltd.",TWN,Taiwan,Taipei City,orsenyu@gmail.com,,sure-trend-trading-co-ltd
"Surmountor Lighting Co., Limited",HKG,Hong Kong,"Mongkok, Kowloon",jwan@surmountor.com,https://www.surmountor.com/,surmountor-lighting-co-limited
Surya Roshni Limited,IND,India,New Delhi,sunil@surya.in,www.surya.co.in,surya-roshni-limited
SustainabLED Ltd,IRL,Ireland,Dublin,jerry@sustainabled.io,www.sustainabled.io,sustainabled-ltd
SUSTENIE LIGHT SRL,ITA,Italy,Sasso Marconi,info@sustenie-light.com,www.sustenie-light.com,sustenie-light-srl
"Suzhou Kinglight Optoelectronics Co., Ltd.",CHN,China,Zhangjiagang Jiangsu,export10@jt-led.com,www.mgl-led.com,suzhou-kinglight-optoelectronics-co-ltd
"Suzhou Radiant Lighting Technology Co., Ltd.",CHN,China,Zhangjiagang Jiangsu,radiant@cnradiant.com,www.lediant.com,suzhou-radiant-lighting-technology-co-ltd
"Shenzhen Swift Automation Technology Co., Ltd.",CHN,China,Shenzhen Guangdong,ericxu@sz-swift.com,www.sz-swift.com,shenzhen-swift-automation-technology-co-ltd
Swiss Licht AG,CHE,Switzerland,Niederbüren,info@swiss-licht.com,www.swiss-licht.com,swiss-licht-ag
Synthetic Dimension GmbH,AUT,Austria,Puch bei Hallein,office@amrax.ai,www.amrax.ai,synthetic-dimension-gmbh
System Comet Limited,HKG,Hong Kong,"To Kwa Wan, Kowloon",info@systemcomet.com,www.systemcomet.com,system-comet-limited
Szlif Glass S.J. Urszula Szurek &amp; Piotr Szurek,POL,Poland,Piensk,biuro@szlifglass.pl,www.szlifglass.pl,szlif-glass-sj-urszula-szurek--piotr-szurek
"Zhuhai Taichuan Cloud Technology Co., Ltd.",CHN,China,Zhuhai Guangdong,jessica@cn.taichuan.com,www.taichuansmart.com,zhuhai-taichuan-cloud-technology-co-ltd
"Tai Hung Hardware Co., Ltd.",CHN,China,Dongguan Guangdong,webbwu@t-hung.com,www.taihung.cn,tai-hung-hardware-co-ltd
"Yuyao Tailian Lighting Electric Co., Ltd.",CHN,China,Ningbo Zhejiang,guotai@gtlightings.com,www.gtlightings.com,yuyao-tailian-lighting-electric-co-ltd
"Taimu Electrical (Hangzhou) Co., Ltd.",CHN,China,Hangzhou Zhejiang,hztaimu@gmail.com,https://www.timelec.com/,taimu-electrical-hangzhou-co-ltd
"TAIXING NILAN ELECTRICAL CO., LTD",CHN,China,Taixing Jiangsu,nancy-chen@nilanlighting.com,http://www.nilanlighting.com/,taixing-nilan-electrical-co-ltd
"Taizhou Kinsuny Optoelectronics Technology Co., Ltd.",CHN,China,Taizhou Zhejiang,sales1@kinsuny.com,www.kinsuny.com,taizhou-kinsuny-optoelectronics-technology-co-ltd
TAKTON O&Uuml;,EST,Estonia,Parnu,,,takton-oue
"Wenzhou Tangwo Electric Technology Co., Ltd.",CHN,China,Wenzhou Zhejiang,tawoia@tawoia.com,www.tawoia.com,wenzhou-tangwo-electric-technology-co-ltd
"Guang zhou Tangyao Wires Co., Ltd.",CHN,China,Guangzhou Guangdong,2355808265@qq.com,www.tangyao.cn,guangzhou-tangyao-wires-co-ltd
"Tantron Technology Co., Ltd.",CHN,China,Shenzhen Guangdong,,www.tantron.com.cn,tantron-technology-co-ltd
Tap Home s.r.o.,SVK,Slovakia,Bratislava,sales@taphome.com,taphome.com,tap-home-sro
Tapko Technologies GmbH,DEU,Germany,Regensburg,info@tapko.de,www.tapko.de,tapko-technologies-gmbh
Targetti Sankey S.r.l.,ITA,Italy,Firenze,targetti@targetti.com,www.targetti.com,targetti-sankey-srl
tci - Gesellschaft f&uuml;r technische Informatik mbH,DEU,Germany,Heuchelheim,info@tci.de,www.tci.de,tci---gesellschaft-fuer-technische-informatik-mbh
TCI Telecomunicazioni Italia S.r.l.,ITA,Italy,Saronno,tci@tci.it,www.tci.it,tci-telecomunicazioni-italia-srl
TCS T&uuml;rControlSysteme AG,DEU,Germany,Genthin,info@tcsag.de,www.tcsag.de,tcs-tuercontrolsysteme-ag
TDE-lighttech B.V.,NLD,Netherlands,Alphen aan den Rijn,info@tde-lighttech.nl,www.tde-lighttech.nl,tde-lighttech-bv
Teamsworld Innovation Inc.,TWN,Taiwan,Taipei,hello@twiio.com,https://teamsworld.com/,teamsworld-innovation-inc
TEB Elektrik Sanayi ve Ticaret Ltd. Sti.,TUR,Türkiye,"Arnavutköy, Istanbul",o.ozata@horozelektrik.com,http://tebelektrik.com/tr/iletisim,teb-elektrik-sanayi-ve-ticaret-ltd-sti
TechniSat Digital GmbH,DEU,Germany,Daun,,www.technisat.de,technisat-digital-gmbh
Technische Universit&auml;t Ilmenau (FG Lichttechnik),DEU,Germany,Ilmenau,,www.tu-ilmenau.de,technische-universitaet-ilmenau-fg-lichttechnik
Technische Universit&auml;t Berlin,DEU,Germany,Berlin,heike.schumacher@tu-berlin.de,https://www.tu.berlin/li,technische-universitaet-berlin
"Changyou Technology (Zhejiang) Co., Ltd.",CHN,China,Wenzhou Zhejiang,zuo@tongou.com,https://www.tongou.com/,changyou-technology-zhejiang-co-ltd
Techno S.r.l.,ITA,Italy,Guanzate,customercare@techno.it,www.techno.it,techno-srl
Techtronic Industries Central Europe GmbH,DEU,Germany,Hilden,galp.milwaukee@tti-emea.com,www.milwaukeetool.de,techtronic-industries-central-europe-gmbh
Teclumen S.r.l.,ITA,Italy,Casaloldo,info@teclumen.it,www.teclumen.it,teclumen-srl
TEC-MAR srl,ITA,Italy,Crespiatica,aldo.somenzi@tec-mar.it,www.tec-mar.it,tec-mar-srl
Tecnopali S.r.l.,ITA,Italy,Parma,tecnopali@tecnopali.it,www.tecnopali.it,tecnopali-srl
TE Connectivity,USA,United States,Berwyn Pennsylvania,sarah.smith@te.com,te.com,te-connectivity-corporation
TE Connectivity Germany GmbH,DEU,Germany,Bensheim,amp.kontakt@te.com,www.te.com,te-connectivity-germany-gmbh
Tecpoles GmbH,DEU,Germany,Neumarkt i.d.OPf.,,www.eurocoatings.com,tecpoles-gmbh
Tehnoplast d.o.o.,SRB,Serbia,Stari Banovci,office@tehno-plast.com,www.tehno-plast.com,tehnoplast-doo
TEKNOMEGA S.R.L.,ITA,Italy,Corsico,info@teknomega.it,www.teknomega.com,teknomega-srl
"TEKOX - T&eacute;cnica De Conexiones, S.A.",ESP,Spain,Llanera,info@tekox.es,www.tekox.es,tcnica-de-conexiones-sa
Teleg&auml;rtner Karl G&auml;rtner GmbH,DEU,Germany,Steinenbronn,info@telegaertner.com,www.telegaertner.com,telegaertner-karl-gaertner-gmbh
TELETASK BV,BEL,Belgium,Gent,info@teletask.be,https://teletask.be/en/,teletask-bvba
TELIKO,LVA,Latvia,Ropazu nov.,info@citylight.net,www.citylight.net,teliko-sia
Tem Catez d.o.o.,SVN,Slovenia,Velika Loka,tem@tem.si,www.tem-de.de,tem-catez-doo
TEM Mandeks d.o.o.,BIH,Bosnia and Herzegovina,Siroki Brijeg,info@mandeks.ba,www.mandeks.ba,tem-mandeks-doo
TEM Teknik Elektrik Malz. San ve Tic A. S,TUR,Türkiye,Istanbul,ali@temteknik.com,www.temteknik.com,tem-teknik-elektrik-malz-san-ve-tic-a-s
"Xiamen Tenia Lighting &amp; Electrical Co., Ltd.",CHN,China,Xiamen Fujian,zhangyan@tenialighting.com,www.tenialighting.com,xiamen-tenia-lighting--electrical-co-ltd
TEP Ex d.o.o.,HRV,Croatia,Zabok,tepex@tepex.hr,www.tepex.hr,tep-ex-doo
Teron Metal Components,IND,India,"Jamnagar, Gujarat",vivek@teronmetalcomponents.in,https://teronmetalcomponents.com,teron-metal-components
Testboy GmbH,DEU,Germany,Vechta,info@testboy.de,www.testboy.de,testboy-gmbh
TFT Home Furniture S.R.L.,ITA,Italy,Vallefoglia,,www.tfthomefurniture.com,tft-home-furniture-srl
TG Tech Automation GmbH,DEU,Germany,Berlin,info@tgtechautomation.com,www.tgtechautomation.com,tg-tech-automation-gmbh
Theben AG,DEU,Germany,Haigerloch,info@theben.de,www.theben.de,theben-ag
The Light Group GmbH,DEU,Germany,Hannover,,,the-light-group-gmbh
THERMOKON Sensortechnik GmbH,DEU,Germany,Mittenaar,email@thermokon.de,www.thermokon.de,thermokon-sensortechnik-gmbh
"Think-Max Lighting Co., Limited",HKG,Hong Kong,"Tsimshatsui, Kowloon",sales@thinkmax-led.com,www.thinkmax-led.com,think-max-lighting-co-limited
Pulsar Engineering srl &ndash; THINKNX,ITA,Italy,Milano,info@pulsareng.it,www.thinknx.com,pulsar-engineering-srl
Thorn Lighting Ltd,GBR,Great Britain and Northern Ireland,"Spennymoor, Co. Durham",info@thornlighting.com,www.thornlighting.com,thorn-lighting-ltd
Technische Hochschule Ostwestfalen-Lippe,DEU,Germany,Lemgo,mary-anne.kyriakou@th-owl.de,https://www.th-owl.de/g/studium/fachgebiete/lichtgestaltung-und-lichtarchitektur/,technische-hochschule-ostwestfalen--lippe
THPG,DEU,Germany,Lüdinghausen,fibu@th-gruppe.de,www.produktgesellschaft.de,thomas-hoof-produktgesellschaft-mbh--co-kg
"NINGBO THREE-PROOF LIGHTING TECHNOLOGY CO., LTD",CHN,China,Ningbo Zhejiang,hr-lili@sophonlight.net,www.sophonlight.com,ningbo-three-proof-lighting-technology-coltd
"HK Thrive Lighting Electric Appliance Co., Limited",HKG,Hong Kong,"Tuen Mun, New Territories",commercial@thrive-lighting.com,www.thrive-lighting.com,hk-thrive-lighting-electric-appliance-co-limited
Technische Hochschule Rosenheim,DEU,Germany,Rosenheim,,www.th-rosenheim.de,technische-hochschule-rosenheim
"Shandong Tianhan New Energy Technology Co., Ltd.",CHN,China,Zaozhuang Shandong,,www.thbattery.com,shandong-tianhan-new-energy-technology-co-ltd
"Wenzhou Tianmin Technology Co., Ltd.",CHN,China,Wenzhou Zhejiang,langqi@mgt.cc,www.mgt.tm,wenzhou-tianmin-technology-co-ltd
"Zhejiang Tianqi Electric Co., Ltd.",CHN,China,Huzhou Zhejiang,,www.tibox.cn,zhejiang-tianqi-electric-co-ltd
Timberlab B.V.,NLD,Netherlands,Otterlo,,,timberlab-bv
"TIOSL Technology (Shenzhen) Co., Ltd.",CHN,China,Shenzhen Guangdong,marketing@tiosl.com,www.lumieasy.com,tiosl-technology-shenzhen-co-ltd
TLS Teknoloji Sistemleri San. ve Dis. Tic. A.S.,TUR,Türkiye,Esenyurt / Istanbul,info@limbus.com.tr,https://www.limbus.com.tr,tls-teknoloji-sistemleri-sanve-distic-as
TMB Architectural,LVA,Latvia,Marupes,sales@tmb.com,www.tmbarchitectural.com,tmb-europe-ltd-sia
TM Technologie Sp. z o.o.,POL,Poland,Morawica,biuro@tmtechnologie.pl,www.tmtechnologie.pl,tm-technologie-sp-z-oo
TOKISTAR by Toki Corporation,USA,United States,Anaheim California,info@tokistar.com,https://tokistar.com/,toki-corporation
Tong&uuml;n Elektrik Telekominikasyon Dogalgaz Malz. Pazarlama San. ve Tic. A.S.,TUR,Türkiye,Gebze /Kocaeli,,www.tongunpano.com,tonguen-elektrik-telekominikasyon-dogalgaz-malz-pazarlama-san-ve-tic-a-s
Tonone B.V.,NLD,Netherlands,´s-Hertogenbosch,info@tonone.com,www.tonone.com,tonone-bv
"Topjet Optoelectronic Co., Ltd.",CHN,China,Zhuhai Guangdong,sales@topjetled.com,www.topjet-led.com,topjet-optoelectronic-co-ltd
TOPMET Light Klosowicz Wisniewski Sp. z o.o.,POL,Poland,Poznan,info@topmet.pl,www.topmet.pl,topmet-light-klosowicz-wisniewski-sp-z-oo
"Top Optoelectronic Technology Co., Ltd.",CHN,China,Cixi Zhejiang,,,top-optoelectronic-technology-co-ltd
"Toppo Lighting (Huizhou) Co., Ltd.",CHN,China,Huizhou Guangdong,timochan@toppolighting.com,www.toppolighting.com,toppo-lighting-huizhou-co-ltd
Toscot di Dinley Colin Patrick,ITA,Italy,Sesto Fiorentino,info@toscot.it,www.toscot.it,toscot-di-dinley-colin-patrick
"Hengdian Group Tospo Lighting Co., Ltd.",CHN,China,Dongyang Zhejiang,ian.ding@tospolighting.com,https://www.tospolighting.com,hengdian-group-tospo-lighting-co-ltd
Toy Plastik Elektrik Malzemeleri Pazarlama Sanayi ve Ticaret Limited Sirketi,TUR,Türkiye,Arifiye/Sakarya,,,toy-plastik-elektrik-malzemeleri-pazarlama-sanayi-ve-ticaret-limited-sirketi
TP Elektrik Malzemeleri San. ve Tic. A.S,TUR,Türkiye,Izmir,export@tpelectric.com.tr,www.tpelectric.com.tr,tp-elektrik-malzemeleri-san-ve-tic-as
Trafo Elettro S.r.l.,ITA,Italy,Montecchio Maggiore,info@trafoelettro.com,www.trafoelettro.com,trafo-elettro-srl
Trailslight Srl,ITA,Italy,Bologna,info@trailslight.com,https://trailslight.it/homepage-en/,trailslight-srl
TRAYCO NV,BEL,Belgium,Kluisbergen,info@trayco.be,www.trayco.eu,trayco-nv
Treesoft GmbH &amp; Co. KG,DEU,Germany,Lindlar,info@treesoft.de,www.treesoft.de,treesoft-gmbh--co-kg
TREND Networks GmbH,DEU,Germany,Ismaning,germanysales@trend-networks.com,www.trend-networks.com,trend-networks-gmbh
"TREVOS, a.s.",CZE,Czech Republic,Turnov,trevos@trevos.cz,www.trevos.cz,trevos-as
TRIAX HOPF,DEU,Germany,Schwalbach am Taunus,triax@hopf-online.de,www.hopf-online.de,hopf-vertriebsgesellschaft-mbh
Tridium Europe Ltd.,GBR,Great Britain and Northern Ireland,"Coolham, West Sussex",ordersemea@tridium.com,www.tridium.com,tridium-europe-ltd
Tridonic GmbH &amp; Co. KG,AUT,Austria,Dornbirn,info@tridonic.com,www.tridonic.com,tridonic-gmbh--co-kg
Trieco (HK) Limited,HKG,Hong Kong,"Kwun Tong, Kowloon",michael@trieco-led.com,www.trieco-led.com,trieco-hk-limited
TRILUX Vertrieb GmbH,DEU,Germany,Arnsberg,info@trilux.de,www.trilux.com,trilux-vertrieb-gmbh
TRIOTRONIK Computer und Netzwerktechnik GmbH,AUT,Austria,Weiz,tt@triotronik.com,www.triotronik.com,triotronik-computer-und-netzwerktechnik-gmbh
Tripar Inc.,CAN,Canada,Montreal,sales@triparinc.com,https://www.triparinc.com/,tripar-inc
"TRON ELEKTRONICK&Eacute; SOUČ&Aacute;STKY, s.r.o.",CZE,Czech Republic,Brno,info@tron.cz,eng.tron.cz,tron-elektronicke-soucastky-sro
Tronios B.V.,NLD,Netherlands,Almelo,d.velders@tronios.com,www.beamzlighting.com,tronios-bv
Tronix Lighting B.V.,NLD,Netherlands,Uden,marketing@tronixlighting.com,www.tronixlighting.com,tronix-lighting-bv
TUBIFOR S.R.L.,ITA,Italy,Buonabitacolo,sales@tubifor.it,http://www.tubifor.com,tubifor-srl
"Shenzhen TUBU Tech Co., Ltd.",CHN,China,Shenzhen Guangdong,sales@tu-bu.com,www.tu-bu.com,shenzhen-tubu-tech-co-ltd
Technische Universit&auml;t Darmstadt Adaptive Lichttechnische Systeme und Visuelle Verarbeitung,DEU,Germany,Darmstadt,,https://www.lichttechnik.tu-darmstadt.de/fachgebiet_lichttechnik_lt/index.de.jsp,technische-universitaet-darmstadt-adaptive-lichttechnische-systeme-und-visuelle-verarbeitung
T&Uuml;V Rheinland AG,DEU,Germany,Köln,messe@de.tuv.com,www.tuv.com,tuev-rheinland-service-gmbh
Tuled Elektronik San. Tic. A.S.,TUR,Türkiye,Kayseri,sales@tuled.com.tr,https://tuled.com.tr/,tuled-elektronik-san-tic-as
Tunnel-Portal e.V.,DEU,Germany,Berlin,info@tunnel-portal.de,www.tunnel-portal.de,tunnel-portal-ev
"Shenzhen Tunnu Innovation Co., Ltd.",CHN,China,Shenzhen Guangdong,wangqiaomeng@topband.com.cn,www.tevole.com,shenzhen-tunnu-innovation-co-ltd
Tuya (HK) Limited,HKG,Hong Kong,Causeway Bay,taosy@tuya.com,www.tuya.com,tuya-hk-limited
Tvilight Projects B.V.,NLD,Netherlands,Groningen,,www.tvilight.com,tvilight-projects-bv
"Jiangsu TX Plastic Optical Fibers Co., Ltd.",CHN,China,Zhenjiang Jiangsu,info@txpof.com,www.txpof.com,jiangsu-tx-plastic-optical-fibers-co-ltd
TYF LED,CHN,China,Shenzhen Guangdong,lzy@tyf-led.com,www.tyf-led.com,shenzhen-tongyifang-optoelectronic-technology-co-ltd
Ubiquiti Inc.,USA,United States,New York New York,,ui.com,ubiquiti-inc
"Ningbo Ucome Lighting Co., Ltd.",CHN,China,Yuyao Zhejiang,cs@lightingucome.com,www.lightingucome.com,ningbo-ucome-lighting-co-ltd
uesa GmbH,DEU,Germany,Uebigau,mail@uesa.de,www.uesa.de,uesa-gmbh
UGA SYSTEM-TECHNIK GmbH &amp; Co. KG,DEU,Germany,Herbrechtingen,info@uga.eu,www.uga-systeme.de,uga-system-technik-gmbh--co-kg
Ulliso s.r.o.,CZE,Czech Republic,Praha 6,,,ulliso-sro
UL Solutions,ITA,Italy,Carugate,applianceslighting.eu@ul.com,https://www.ul.com/industries/products-and-components/lighting,ul-international-italia-srl
UMPI S.r.l.,ITA,Italy,Rimini,commerciale@umpi.it,www.umpi.it,digitalplatforms-spa
"Shenzhen Unicorn Lighting Co., Limited",HKG,Hong Kong,"Cheung Sha Wan, Kowloon",sales@unicornlite.com,www.unicornlite.com,shenzhen-unicorn-lighting-co-limited
"Unilumin Group Co., Ltd.",CHN,China,Shenzhen Guangdong,ledlighting@unilumin.com,www.unilumin-lighting.com,unilumin-group-co-ltd
"Shenzhen United Aluminum Products Co., LTD.",CHN,China,Shenzhen Guangdong,dison@u-lights.com,www.u-lights.com,shenzhen-united-aluminum-products-co-ltd
United Lighting Co. Ltd.,CHN,China,Zhongshan City Guangdong,info@unitedlighting.cn,www.inventionled.com,united-lighitng-co-ltd
"Unite Int&#39;l Illumination Co., Limited",HKG,Hong Kong,"Tsim Sha Tsui, Kowloon",sales2@uniteled.cc,www.uniteled.cc,unite-intl-illumination-co-limited
Universal Fibre Optics Ltd.,GBR,Great Britain and Northern Ireland,Coldstream,info@fibreopticlighting.com,www.fibreopticlighting.com,universal-fibre-optics-ltd
Universal Science S.r.l.,ITA,Italy,Pregnana Milanese,marketing@redmade.it,www.redmade.it,universal-science-srl
"Universelite Co., Ltd.",CHN,China,Shaoxing Zhejiang,info@universelite.com,www.uvlte.com,universelite-co-ltd
unonovesette srl,ITA,Italy,Correzzana,info@unonovesette.com,unonovesette.com,unonovesette-srl
U Portal Bilisim Ticaret Ltd. Sti.,TUR,Türkiye,Esenyurt /Istanbul,,,u-portal-bilisim-ticaret-ltd-sti
"Up-Shine Lighting Co., Limited",CHN,China,Shenzhen Guangdong,info@upshine.com,www.upshine.com,up-shine-lighting-co-limited
Utkarsh India Limited,IND,India,Kolkata,,,utkarsh-india-limited
Vargo Europe Sp. z o.o.,POL,Poland,Kraków,biuro@vargo.com.pl,vargo.com.pl,vargo-europe-sp-z-oo
Vask Components Hong Kong Company,HKG,Hong Kong,"San Po Kong, Kowloon",admin_2@vask-hk.com,https://www.vask-hk.com/,vask-components-hong-kong-company
V.B. srl,ITA,Italy,Codogno,info@vbelectric.it,www.vbelectric.it,vb-srl
VDE Pr&uuml;f- und Zertifizierungsinstitut GmbH,DEU,Germany,Offenbach am Main,vde-institut@vde.com,www.vde.com,vde-pruef--und-zertifizierungsinstitut-gmbh
VDE Verlag GmbH,DEU,Germany,Berlin,kundenservice@vde-verlag.de,www.vde-verlag.de,vde-verlag-gmbh
VDMA Verband Deutscher Maschinen- und Anlagenbau e.V.- Arbeitsgemeinschaft BIM Geb&auml;udeautomation und Elektrotechnik,DEU,Germany,Frankfurt am Main,malte.hirschemoeller@vdma.org,https://www.vdma.org/bim,vdma-verband-deutscher-maschinen--und-anlagenbau-ev--arbeitsgemeinschaft-bim-gebaeudeautomation-und-elektrotechnik
VECTIS Switch,POL,Poland,Wroclaw,patrik.bielek@isdvectis.pl,https://www.isdvectis.pl/,isd-lukasz-szymanski
VEINLAND GmbH,DEU,Germany,Seddiner See,info@veinland.net,www.veinland.net,veinland-gmbh
Velda Cable Technics,BEL,Belgium,Ronse,marketing@velda-cabletechnics.com,https://www.velda-cabletechnics.com/,winjet-trading-co-ltd
Vello Elektro BV,NLD,Netherlands,Duiven,m.schraven@vello.nl,www.vello.nl,vello-elektro-bv
VEMER S.p.A.,ITA,Italy,Villapaiera Feltre,export@vemer.it,www.vemer.it,vemer-spa
Verein zur F&ouml;rderung des Fachgebietes Lichttechnik an der TU Ilmenau e. V.,DEU,Germany,Ilmenau,,https://www.tu-ilmenau.de/universitaet/fakultaeten/fakultaet-maschinenbau/profil/institute-und-fachgebiete/fachgebiet-lichttechnik/v,verein-zur-foerderung-des-fachgebietes-lichttechnik-an-der-tu-ilmenau-e-v
VERITAS ESCO d.o.o.,HRV,Croatia,Split,info@veritasesco.hr,https://www.veritasesco.com/hr,veritas-esco-doo
Veton BV,BEL,Belgium,Aartselaar,kristof@veton.be,www.veton.be,veton-bv
VEXEN electric,LVA,Latvia,Riga,assistant@pbplus.eu,vexen.eu,pawbol-baltic-sia
"Vianolux Lighting Tech Co., Limited",HKG,Hong Kong,"Tsimshatsui, Kowloon",sales@vianolux.com,www.vianolux.com,vianolux-lighting-tech-co-limited
Viareggio Yachting Corporation Srl,ITA,Italy,Viareggio,,www.yachtica.com,viareggio-yachting-corporation-srl
"Shenzhen Victronics Technology Co., Ltd.",CHN,China,Shenzhen Guangdong,info@ikinetic.io,https://ikinetic.io/,shenzhen-victronics-technology-co-ltd
VIMAR S.p.A.,ITA,Italy,Marostica,vimar@vimar.com,https://www.vimar.com,vimar-spa
Vioflex,GRC,Greece,Ilioupoli,info@vioflex.com.gr,www.vioflex.com.gr,x-bournazos--co-lp
VIOKEF Lighting SA,GRC,Greece,Koropi,,,viokef-lighting-ae
Viso Systems ApS,DNK,Denmark,Kobenhavn V,sales@visosystems.com,www.visosystems.com,viso-systems-aps
Visual Productions BV,NLD,Netherlands,Haarlem,info@visualproductions.nl,https://www.visualproductions.nl,visual-productions-bv
"Vital Lighting Co., Ltd.",CHN,China,Foshan Guangdong,info@vitallighting.com,www.vitallighting.com,vital-lighting-co-ltd
VITO,BGR,Bulgaria,Sofia,info@vitolighting.com,www.vitolighting.com,rainas-elektrik-ve-aydinlatma-malz-imal-ve-san-tic-ltd-sti
Vitramo GmbH,DEU,Germany,Tauberbischofsheim,info@vitramo.com,www.infrarotheizung-vitramo.de,vitramo-gmbh
Vivaldi S.r.l.,ITA,Italy,Noventa Di Piave,vivaldi@vivaldigroup.it,www.vivaldigroup.it,vivaldi-srl
VIVALUX,BGR,Bulgaria,Sliven,office@viva.bg,www.vivalux.bg/en,viva-eood
Vivalyte,BEL,Belgium,Wevelgem,info@vivalyte.com,www.vivalyte.com,vivalyte
VIZULO SIA,LVA,Latvia,Riga,,www.vizulo.com,vizulo-sia
VK LEADING LIGHT,GRC,Greece,Tavros,info@vkleadinglight.gr,www.vkleadinglight.gr,vk-leading-light
"Foshan Haydn Technology Lighting Co., Ltd. (Vlinca)",CHN,China,Foshan Guangdong,lisa.huang@vlinca.com,www.vlinca.de,foshan-haydn-technology-lighting-co-ltd
VLUX S.A.,BEL,Belgium,Engis,tb@vlux.com,www.vlux.com,vlux-sa
VM elektro s.r.o.,CZE,Czech Republic,Myslocovice,export@vmelektro.cz,www.vmelektro.cz,vm-elektro-sro
Vogtl&auml;ndisches Kabelwerk GmbH,DEU,Germany,Plauen,voka@voka.de,www.voka.de,vogtlaendisches-kabelwerk-gmbh
VOLBURG SIA,LVA,Latvia,Salaspils novads,info@volburg.lv,www.volburg.lv,volburg-sia
Vossloh-Schwabe Deutschland GmbH,DEU,Germany,Schorndorf,info.vsv@vossloh-schwabe.com,www.vossloh-schwabe.com,vossloh-schwabe-deutschland-gmbh
VOUW BV,NLD,Netherlands,Amsterdam,contact@vouw.com,https://vouw.com,vouw-bv
B.V. Verenigde Passementfabrieken &#39;Amsterdam&#39; (V.P.F.),NLD,Netherlands,Amsterdam,info@vpf-amsterdam.nl,www.vpf-amsterdam.com,bv-verenigde-passementfabrieken-amsterdam-vpf
VYSN GmbH,DEU,Germany,Heinsberg,info@vysn.de,www.vysnlighting.com,vysn-gmbh
Vysok&eacute; uceni technick&eacute; v Brne UEEN,CZE,Czech Republic,Brno,motyckam@feec.vutbr.cz,www.lumidisp.eu,vysok-uceni-technick-v-brne-ueen
WAC Group,USA,United States,Port Washington New York,,www.wacgroup.com,wangs-alliance-corporation
WAGO GmbH &amp; Co. KG,DEU,Germany,Minden,info.de@wago.com,www.wago.com,wago-gmbh--co-kg
Wai Chi Opto Technology Ltd.,HKG,Hong Kong,"Kwun Tong, Kowloon",lighting@waichi.com,www.waichi.com,wai-chi-opto-technology-ltd
"GZ WAKING POOL LIGHT CO., LTD.",CHN,China,Guangzhou Guangdong,info@wakingpools.com,www.wakinglighting.com,gz-waking-pool-light-co-ltd
Herbert Waldmann GmbH &amp; Co. KG,DEU,Germany,Villingen-Schwenningen,info@waldmann.com,www.waldmann.com,herbert-waldmann-gmbh--co-kg
Walther-Werke Ferdinand Walther GmbH / WALTHER ELECTRIC GmbH,DEU,Germany,Eisenberg (Pfalz),mail@walther-werke.de,www.walther-electric.de,walther-werke-ferdinand-walther-gmbh
WAREMA Renkhoff SE,DEU,Germany,Marktheidenfeld,info@warema.de,www.warema.de,warema-renkhoff-se
Wastberg+,SWE,Sweden,Malmö,info@wastberg.com,wastberg.com,waestberg-lighting-ab
"Waste Management Technology Co., Ltd.",TWN,Taiwan,New Taipei City,vin428@gmail.com,www.wastemtc.weebly.com,waste-management-technology-co-ltd
watts up - Holzmann Medien GmbH &amp; Co. KG,DEU,Germany,Bad Wörishofen,sascha.brakmueller@holzmann-medien.de,https://www.wattsup.de/,holzmann-medien-gmbh--co-kg
Waxy Design - Bahar Aydinlatma Sanayi Ve Tic. A. S.,TUR,Türkiye,Yanimahalle /Ankara,info@waxydesign.com,www.baharaydinlatma.com.tr,bahar-aydinlatma-sanayi-ve-tic-a-s
"Shenzhen Weichat Technology Co., Ltd.",CHN,China,Shenzhen Guangdong,,www.eweichatsz.com,shenzhen-weichat-technology-co-ltd
WEICON GmbH &amp; Co. KG,DEU,Germany,Münster,info@weicon.de,www.weicon.de,weicon-gmbh--co-kg
Weidm&uuml;ller Interface GmbH &amp; Co. KG,DEU,Germany,Detmold,weidmueller@weidmueller.de,www.weidmüller.com,weidmueller-interface-gmbh--co-kg
Weinzierl Engineering GmbH,DEU,Germany,Burgkirchen a.d.Alz,info@weinzierl.de,www.weinzierl.de,weinzierl-engineering-gmbh
"Wenzhou Daguan Electric Co., Ltd.",CHN,China,Wenzhou Zhejiang,cs@dgelectric.cn,www.dgelectric.cn,wenzhou-daguan-electric-coltd
"Wenzhou Huajia Electrical Equipment Co., Ltd.",CHN,China,Yueqing Zhejiang,sabrina@huajiagroup.com,www.vecaselectric.com,wenzhou-huajia-electrical-equipment-co-ltd
"Wenzhou Huifeng Alloy Technology Co., Ltd.",CHN,China,Wenzhou Zhejiang,vicky_hf@163.com,www.hflele.com,wenzhou-huifeng-alloy-technology-co-ltd
"Wenzhou Longhua Daily Electron Co., Ltd.",CHN,China,"Yueqing, Wenzhou Zhejiang",sales@zmxch.com,www.cn-cableties.com,wenzhou-longhua-daily-electron-co-ltd
"Wenzhou Walton Electrical Co., Ltd.",CHN,China,Wenzhou Zhejiang,fiona@we-walton.com,http://www.walton-electrical.com,wenzhou-walton-electrical-co-ltd
WERA Werkzeuge GmbH,DEU,Germany,Wuppertal,info@wera.de,www.wera.de,wera-werkzeuge-gmbh
WE Teknoloji Sistemleri Ve Sanayi Ticaret A.S.,TUR,Türkiye,Istanbul,,www.weelektronik.com,we-teknoloji-sistemleri-ve-sanayi-ticaret-as
Wever &amp; Ducr&eacute;,BEL,Belgium,Kortrijk,office@weverducre.com,weverducre.com,wever--ducr-bvba
"Shenzhen Whale Vision Technology Co., Ltd.",CHN,China,Shenzhen Guangdong,eva@whalevt.com,www.whalevt.com,shenzhen-whale-vision-technology-co-ltd
WIBRE Elektroger&auml;te Edmund Breuninger GmbH &amp; Co. KG,DEU,Germany,Leingarten,info@wibre.de,www.wibre.de,wibre-elektrogeraete-edmund-breuninger-gmbh--co-kg
Wichmann Brandschutzsysteme GmbH &amp; Co. KG,DEU,Germany,Attendorn,info@wichmann.biz,www.wichmann.biz,wichmann-brandschutzsysteme-gmbh--co-kg
Widegerm Lighting Limited,HKG,Hong Kong,"Tuen Mun, New Territories",info@widegerm.com.hk,www.widegerm.com.hk,widegerm-lighting-limited
Wieland Electric GmbH,DEU,Germany,Bamberg,info@wieland-electric.com,www.wieland-electric.com,wieland-electric-gmbh
Wiha Werkzeuge GmbH,DEU,Germany,Schonach im Schwarzwald,info.de@wiha.com,www.wiha.com,wiha-werkzeuge-gmbh
Wing Mei (Mplus) Lighting Limited,HKG,Hong Kong,"Tsuen Wan, New Territories",karine_chen@wingmeilighting.com,wingmeimplus.com,wing-mei-mplus-lighting-limited
WINGS - Wismar International Graduation Services GmbH,DEU,Germany,Wismar,office@wings.hs-wismar.de,www.wings-fernstudium.de,wings---wismar-international-graduation-services-gmbh
"Winsun Imp. &amp; Exp. Group Co., Ltd.",CHN,China,Jiaxing Zhejiang,sy@winsun-group.com,www.winsunlighting.com,winsun-imp--exp-group-co-ltd
Wintop Electric BV,NLD,Netherlands,Harlingen,mkt@wintop2000.com,www.wintop.com,wintop-electric-bv
Wirtschaftsf&ouml;rderungsgesellschaft der Elektrohandwerke mbH,DEU,Germany,Frankfurt am Main,wfe@zveh.de,www.zveh.de,wirtschaftsfoerderungsgesellschaft-der-elektrohandwerke-mbh
"Xiamen Wisetech Lighting Co., Ltd.",CHN,China,Xiamen Fujian,info@wisetech.cn,www.wisetechlighting.com,xiamen-wisetech-lighting-co-ltd
WISKA Hoppmann GmbH,DEU,Germany,Kaltenkirchen,contact@wiska.de,www.wiska.com,wiska-hoppmann-gmbh
"Huizhou Wisva Optoelectronics Co., Ltd.",CHN,China,Huizhou Guangdong,info@wisvaled.com,www.wisvalighting.com,huizhou-wisva-optoelectronics-co-ltd
WKK GmbH,DEU,Germany,Nettetal,maurice.peeters@wkk-deutschland.de,www.wkk-europe.de,wkk-gmbh
W&ouml;hner GmbH &amp; Co. KG,DEU,Germany,Rödental,info@woehner.de,www.woehner.de,woehner-gmbh--co-kg
Woertz AG,CHE,Switzerland,Muttenz,info@woertz.ch,www.woertz.ch,woertz-ag
Wojnarowscy Sp. z o.o.,POL,Poland,Katowice,info@spectrumled.pl,www.spectrumled.pl,wojnarowscy-sp-z-oo
"Wonderful Hi-Tech Co., Ltd.",TWN,Taiwan,New Taipei City,sales@wontex.com.tw,https://www.wontex.com/en,wonderful-hi-tech-co-ltd
Wosen Lighting Technology Limited,HKG,Hong Kong,Kowloon,admin@wosenled.com,www.wosenled.com,wosen-lighting-technology-limited
WSCAD GmbH,DEU,Germany,Bergkirchen,info@wscad.com,www.wscad.com,wscad-gmbh
"WYGWAM, a division of Niko",BEL,Belgium,Antwerp,,www.niko.eu/wygwam,niko-nv
XAL,AUT,Austria,Graz,office@xal.com,www.xal.com,xal-gmbh
XBK-KABEL Xaver Bechtold GmbH,DEU,Germany,Rottweil,info@xbk-kabel.de,www.xbk-kabel.de,xbk-kabel-xaver-bechtold-gmbh
"Xiamen Bandian originality Technology Co., Ltd.",CHN,China,Xiamen Fujian,lei@bandian.cc,,xiamen-bandian-originality-technology-co-ltd
"Xiamen Star Lighting Co., Ltd.",CHN,China,Xiamen Fujian,see@seelighting.cn,www.seelighting.cn,xiamen-star-lighting-co-ltd
Xinghuan Industrial Limited,HKG,Hong Kong,"Mongkok, Kowloon",sale@zjxhgd.com,www.zjxfyz.com,xinghuan-industrial-limited
"Haining Xinguangyuan Lighting Technology Co., Ltd.",CHN,China,Haining Zhejiang,sun@new-lights.com,https://www.new-lights.com/,haining-xinguangyuan-lighting-technology-co-ltd
"Dongguan Xinrui Lighting Co., Ltd.",CHN,China,Dongguan Guangdong,bruce.dai@xinrui-lighting.com,www.xinrui-lighting.com,dongguan-xinrui-lighting-co-ltd
"Zhongshan XiongYuan Lighting Co., Ltd​.",CHN,China,Zhongshan Guangdong,Lynn_xiongyuan@outlook.com,www.xiongyuanlight.com,zhongshan-xiongyuan-lighting-co-ltd
"Yacht Living Co., Ltd.",TWN,Taiwan,New Taipei City,apolatw@gmail.com,,yacht-living-co-ltd
Yagcioglu Aluminyum Met. Aks. Ltd. Sti.,TUR,Türkiye,Ankara,yagcioglualuminyum@gmail.com,www.ledaks.com,yagcioglu-aluminyum-met-aks-ltd-sti
Yaham Hong Kong Limited,HKG,Hong Kong,,sales@yaham.com,www.yaham.com,yaham-hong-kong-limited
Yaki SAS,FRA,France,Champlan,,www.ledityaki.com,yaki-sas
"Ningbo Yamao Optoelectronics Co., Ltd.",CHN,China,Ningbo Zhejiang,caozinong@chinayamao.com,www.chinayamao.com,ningbo-yamao-optoelectronics-co-ltd
"Shenzhen Yanshuoda Technology Co., Ltd.",CHN,China,Shenzhen Guangdong,,www.szysdwps.cn,shenzhen-yanshuoda-technology-co-ltd
"Zhejiang Yaoheng Photoelectricity Technology Co., Ltd.",CHN,China,Hangzhou Zhejiang,info@yaohenglight.com,https://www.yaohengled.com/,zhejiang-yaoheng-photoelectricity-technology-co-ltd
"YaoYang Intelligent Technology Co., Ltd.",TWN,Taiwan,Taipei City,yaoyang90293196@gmail.com,,yaoyang-intelligent-technology-co-ltd
"Jiangsu Yaships Lighting Group Co., Ltd.",CHN,China,Changzhou Jiangsu,export@yaships.com,www.yaships.com,jiangsu-yaships-lighting-group-co-ltd
"Hangzhou YD Illumination Co., Ltd.",CHN,China,Hangzhou Zhejiang,ydexport-z@china-yd.com,www.ydlighting.com,hangzhou-yd-illumination-co-ltd
"Guangdong Yeephenda Co., Ltd.",CHN,China,Dongguan Guangdong,sales01@yeephenda.com,https://www.yeephenda.com/,yeephenda-co-ltd
"Yeu Tsang Co., Ltd.",TWN,Taiwan,New Taipei City,orsenyu1@gmail.com,,yeu-tsang-co-ltd
"Yihua Holding Group Co., Ltd.",CHN,China,Wenzhou Zhejiang,danny@czt.com.cn,www.mkcircuitprotection.co.uk,yihua-holding-group-co-ltd
"Yihui Lighting Technology (Huizhou) Co., Ltd.",CHN,China,Huizhou Guangdong,sales@yihui-lighting.com,www.szstreamer.com,yihui-lighting-technology-huizhou-co-ltd
Yildiz Plastik ve Kalip San. Tic. Ltd. Sti.,TUR,Türkiye,Istanbul,ercan@de-pa.com.tr,www.de-pa.com.tr,yildiz-plastik-ve-kalip-san-tic-ltd-sti
"NINGHAI YINGJIAO ELECTRICAL CO., LTD.",CHN,China,Ningbo Zhejiang,sales2@yingjiao.com,www.yingjiao.com,yingjiao-electrical-co-ltd
"Yingwei Lighting Accessory Co., Ltd.",CHN,China,Dongguan Guangdong,sale@dgyds.com,www.aircraftcablegrippers.com,yingwei-lighting-accessory-co-ltd
Yld Lighting Manufacturer S.A.,ESP,Spain,Valdemoro Madrid,,,yld-lighting-manufacturer-sa
"Hongkong Yonglux Co., Limited",HKG,Hong Kong,"Mongkok, Kowloon",cherry@yslamp.com.cn,www.yonglux.com,hongkong-yonglux-co-limited
"Yongtek Co., Ltd.",TWN,Taiwan,Taoyuan,sales@yongtek.com,www.yongtek.com,yongtek-co-ltd
"Shenzhen You Lai Mi Technology Co., Ltd.",CHN,China,Shenzhen Guangdong,,www.lamiled.com,shenzhen-you-lai-mi-technology-co-ltd
"Youngkong Lighting Co., Ltd.",KOR,"Korea, the Republic of (South)",Seoul,info@youngkong.com,www.youngkong.com,youngkong-lighting-co-ltd
"Ningbo Your Long Lighting Co., Ltd.",CHN,China,Ningbo Zhejiang,jenny.w@yourtruitit.com,www.yourlonglighting.com,ningbo-your-long-lighting-co-ltd
YourSenses (Light and Art),NLD,Netherlands,Dordrecht,info@ledware.info,www.yoursenses.co,your-added-value
"Hangzhou Youte Power Co., Ltd.",CHN,China,Hangzhou Zhejiang,sales@upowertek.com,https://www.upowertek.com/,hangzhou-youte-power-co-ltd
"Yuanhui Lighting Electric Co., Ltd.",CHN,China,Cixi Zhejiang,sales@cxyuanhui.com,www.cxyuanhui.com,yuanhui-lighting-electric-co-ltd
Yuji Lighting,CHN,China,Beijing,,www.yujilighting.com,beijing-yuji-international-co-ltd
"Fuzhou Yuming Science &amp; Technology Co., Ltd.",CHN,China,Fuzhou Fujian,jackycaichina@163.com,www.ym-tech.com,fuzhou-yuming-science--technology-co-ltd
Foshan Yunlu Lighting Factory,CHN,China,Foshan Guangdong,,www.yunlulighting.com,foshan-yunlu-lighting-factory
"Yurein Elec-Optic Tech Co., Ltd.",CHN,China,Nantong Jiangsu,admin@yurein.cn,www.yurein.cn,yurein-elec-optic-tech-co-ltd
"Ningbo Yusing Lighting Co., Ltd.",CHN,China,Ningbo Zhejiang,tech9@yourlite.com,www.yourlite.com,ningbo-yusing-lighting-co-ltd
"Yuyang Hardware Technology Co., Limited",HKG,Hong Kong,Kowloon,sales02@yuyangcn.com,www.wirecablegrippers.com,yuyang-hardware-technology-co-limited
"Yuyao Amber Lamp Co., Ltd.",CHN,China,Ningbo Zhejiang,amberlamp@lihualighting.com,www.yyamber.com,yuyao-amber-lamp-co-ltd
"Yuyao Hangjia Electronics Co., Ltd.",CHN,China,Ningbo Zhejiang,fanny@cn-hangjia.com,www.cn-hangjia.com,yuyao-hangjia-electronics-co-ltd
Zafferano S.r.l.,ITA,Italy,Quinto Di Treviso,p_deosti@zafferanoitalia.com,www.zafferanoitalia.com,zafferano-srl
Zaklad Aparatury Elektrycznej Ergom Sp. z o.o.,POL,Poland,Lodz,export@ergom.com,www.ergom.com,zaklad-aparatury-elektrycznej-ergom-sp-z-oo
"ZALUX, S.A.",ESP,Spain,Zaragoza,info@zalux.com,www.zalux.com,zalux-sa
ZAMBELIS LIGHTS,GRC,Greece,Keratea,info@zampelislights.gr,www.zambelislights.gr,zampelis-ae
Zamel Sp. z o.o.,POL,Poland,Pszczyna,paulina.ograbek@zamel.pl,www.zamel.com,zamel-sp-z-oo
Zaptec,DEU,Germany,München,,,zaptec-deutschland-gmbh
Zeeta Electrical Engineering Pvt. Ltd.,IND,India,Ahmedabad,int@zeetaelectricals.com,www.zeetaelectricals.com,zeeta-electrical-engineering-pvt-ltd
Zencontrol Pty. Ltd.,AUS,Australia,Salisbury,allan@zencontrol.com,https://zencontrol.com,zencontrol-pty-ltd
Zennio Avance y Tecnolog&iacute;a S.L.,ESP,Spain,Toledo,info@zennio.com,www.zennio.com,zennio-avance-y-tecnologa-sl
Zeybek Elektrik A.S.,TUR,Türkiye,Ankara,export@zeybekgrup.com,www.zeybekgrup.com,zeybek-elektrik-as
Zeyhan Elektrik Elektronik Hird. Teks. San. ve Tic. Ltd. Sti.,TUR,Türkiye,Sehitkamil /Gaziantep,emir@zeyhan.com,www.goldx.com.tr,zeyhan-elektrik-elektronik-hird-teks-san-ve-tic-ltd-sti
ZF Friedrichshafen AG,DEU,Germany,Friedrichshafen,switches-sensors@zf.com,https://switches-sensors.zf.com/,zf-friedrichshafen-ag
ZGSM (HK) Limited,HKG,Hong Kong,"Tsimshatsui, Kowloon",info@zgsm-china.com,www.zgsm-china.com,zgsm-hk-limited
The Zhaga Consortium,USA,United States,Piscataway New Jersey,marcom@zhagastandard.org,www.zhagastandard.org,the-zhaga-consortium
"Zhejiang Hongyuan Lighting Group Co., Ltd.",CHN,China,Yuyao Zhejiang,info@hoscalighting.com,www.hoscalighting.com,zhejiang-hongyuan-lighting-group-co--ltd
"Zhejiang Huaju Photoelectric Co., Ltd.",CHN,China,Jinhua Zhejiang,ryan.yao@hzfortune.net,http://www.hj-optics.com/,zhejiang-huaju-photoelectric-coltd
"ZHEJIANG SETEC LIGHTING CO., LTD.",CHN,China,Shaoxing Zhejiang,sh@mentlighting.com,www.setec.cn,zhejiang-setec-lighting-coltd
"Zhejiang Songri Electric Co., Ltd.",CHN,China,Wenzhou Zhejiang,trade.b@songri.com,www.songri.com,zhejiang-songri-electric-co-ltd
"ZHEJIANG TAI-G PHOTOELECTRIC TECHNOLOGY CO., LTD.",CHN,China,Tongxiang Zhejiang,jack@seclite.com,www.seclite.com,zhejiang-tai-g-photoelectric-technology-coltd
"Zhejiang Yuda Industrial Co., Ltd.",CHN,China,Ningbo Zhejiang,enzo@yudalu.com,www.yuda-light.com,zhejiang-yuda-industrial-co-ltd
"Zhongshan MESA Lighting Co., Ltd.",CHN,China,Zhongshan Guangdong,sherry@zsmesa.com,www.zsmesa.com,zhondshan-mesa-lighting-coltd
"Ganzhou Zhongguang Import And Export Trading Co., Ltd.",CHN,China,Ganzhou City Jiangxi,,www.zhgdled.com,ganzhou-zhongguang-import-and-export-trading-co-ltd
"Guangdong Zhongqian New Energy Technology Co., Ltd.",CHN,China,Zhongshan Guangdong,zhongqian16@zhongqianled.com,www.zhongqianled.com,guangdong-zhongqian-new-energy-technology-co-ltd
"Nantong Zhongrun Lighting Electrical Co., Ltd.",CHN,China,Nantong Jiangsu,info@oem-lighting.com,www.oem-lighting.com,nantong-zhongrun-lighting-electrical-co-ltd
"Zhongshan Dishun Electrical Technology Co., Ltd.",CHN,China,Zhongshan City Guangdong,service@dslight.cc,www.dslight.cc,zhongshan-dishun-electrical-technology-coltd
"Zhongshan Haotian Electronic Co., Ltd.",CHN,China,Zhongshan Guangdong,sharon@howtim.com,www.howtim.com,zhongshan-haotian-electronic-co-ltd-ltd
"Zhongshan Qiliang Electrical Co., Ltd.",CHN,China,Zhongshan Guangdong,milo@vho-ele.com,www.vho-ele.com,zhongshan-qiliang-electrical-co-ltd
"Zhongshan Star King Lighting Co., Ltd.",HKG,Hong Kong,"Kowloon Bay, Kowloon",sales003@starkinglighting.com,www.starkinglighting.com,zhongshan-star-king-lighting-co-ltd
ZIBIS Inc.,KOR,"Korea, the Republic of (South)","Bundang-gu, Seongnam-si",sjy0213@zibis.co.kr,www.zibis.co.kr,zibis-inc
ZIEHL industrie-elektronik GmbH + Co KG,DEU,Germany,Schwäbisch Hall,info@ziehl.de,www.ziehl.com,ziehl-industrie-elektronik-gmbh--co-kg
ZIEMER GmbH Elektrotechnik &amp; Softwareentwicklung,DEU,Germany,Piding,scc@ziemer.de,www.ziemer.de,ziemer-gmbh-elektrotechnik--softwareentwicklung
Zixia (HK) Trading Limited,HKG,Hong Kong,Tsuen Wan,zixialed@aol.com,www.zixialed.com,zixia-hk-trading-limited
"Zlamp (Foshan) Enterprise Co., Ltd.",CHN,China,Foshan Guangdong,jbu@zlamp.com.cn,http://www.zlamp.com.cn,zlamp-foshan-enterprise-co-ltd
ZLS Elprodukter AB,SWE,Sweden,Hisings Backa,marcus.hjalmarsson@zeloselectro.se,www.quick-roll.com,zls-elprodukter-ab
Znshine (Hongkong) Investment Limited,HKG,Hong Kong,Admiralty,sales@znshinelighting.com,http://www.znshinelighting.com/,znshine-hongkong-investment-limited
Zonda Electro Sarl,FRA,France,Fontenay sous Bois,zondaelectro@gmail.com,,zonda-electro-sarl
"Guangdong Zowei Optoelectronic Technology Co., Ltd.",CHN,China,Zhongshan Guangdong,selina@zowei-tec.com,www.zowei-tec.com,guangdong-zowei-optoelectronic-technology-co-ltd
"Dongguan ZOYO Electronics Technology Co., Ltd.",CHN,China,Dongguan Guangdong,marketing@siled.cn,www.siled.cn,dongguan-zoyo-electronics-technology-co-ltd
"ZP Lighting Protection Technology Co., Ltd.",TWN,Taiwan,New Taipei City,,,zp-lighting-protection-technology-co-ltd
"ZTC Technology (Suzhou) Co., Ltd.",CHN,China,Zhangjiagang Jiangsu,lisa.sun@ztc-tech.cn,www.ztc-tech.cn,ztc-technology-suzhou-co-ltd
Zuma Line Sp. z o.o.,POL,Poland,Katowice,maciej.filosek@zumaline.pl,www.zumaline.com,zuma-line-sp-zoo
Zumtobel Group AG,AUT,Austria,Dornbirn,info@zumtobelgroup.com,z.lighting,zumtobel-group-deutschland-gmbh
Zumtobel Lighting GmbH,AUT,Austria,Dornbirn,info@zumtobel.info,www.zumtobel.com,zumtobel-lighting-gmbh
ZVEH Zentralverband der Deutschen Elektro- und Informationstechnischen Handwerke,DEU,Germany,Frankfurt am Main,zveh@zveh.de,www.zveh.de,zveh-zentralverband-der-deutschen-elektro--und-informationstechnischen-handwerke
ZVEI e.V. Verband der Elektro- und Digitalindustrie,DEU,Germany,Frankfurt am Main,zvei@zvei.org,www.zvei.org,zvei-ev-verband-der-elektro--und-digitalindustrie
Zweier GmbH,DEU,Germany,Deggendorf,info@zweier.de,www.zweier.de,zweier-gmbh
"Zykronix, Inc.",USA,United States,Denver Colorado,neda.kanani@zykronix.com,www.zykronix.com,zykronix-inc
