name,country_iso3,country_label,city,email,homepage,rewriteId
O.R.V. Manufacturing S.p.A.,ITA,Italy,Carmignano Di Brenta,orvm.commerciale@gruppoperuzzo.com,https://peruzzo-productions.com/,orv-manufacturing-spa
2a S.p.a.,ITA,Italy,Torino,elena.poli@2aspa.com,www.nyguard.com,2a-spa
"Nantong 3H Safety Technology Co., Ltd.",CHN,China,Nantong Jiangsu,3h16@3hsafe.com,en.3hsafe.com,nantong-3h-safety-technology-co-ltd
"Shijiazhuang 3L Technology Co., Ltd.",CHN,China,Shijiazhuang Hebei,info@3ltex.com,www.3ltex.com,shijiazhuang-3l-technology-co-ltd
3tech Textil GmbH,DEU,Germany,Radevormwald,p.krebs@3tech-textil.de,www.3tech-textil.de,3tech-textil-gmbh
4F SAS,FRA,France,Nancy,,https://4f-knits.com/,4-f-sarl
21upcycling GmbH &amp; Co. KG,DEU,Germany,Heidelberg,,www.21upcycling.com,21upcycling-gmbh--co-kg
Abacell,TWN,Taiwan,New Taipei City,info@abacell.co,abacell.co/,chung-rhy-specialty-paper-mfg-co-ltd
Abhilash Enterprises,IND,India,Pune,abhilashpune@gmail.com,http://www.abhilashenterprises.com,abhilash-enterprises
Abifor AG,DEU,Germany,Wutöschingen,sales@abifor.com,www.abifor.com,abifor-ag
AboutMaterialZ - Ein Projekt der FILK Freiberg Institute,DEU,Germany,Freiberg,aboutmaterialz@filkfreiberg.de,www.aboutmaterialz.com,filk-freiberg-institute-gmbh-1
AB-Tec GmbH &amp; Co. KG,DEU,Germany,Iserlohn,info@ab-tec.com,www.ab-tec.com,ab-tec-gmbh--co-kg
Accoppiatura Vigevanese S.r.l.,ITA,Italy,Mortara,g.debernardi@accoppiaturavigevanese.it,www.accoppiaturavigevanese.it,accoppiatura-vigevanese-srl
Ace S.r.l.,BEL,Belgium,Liège,christoph.lentz@ace-films.be,https://ace-films.be/,ace-srl
Achilles Corporation,JPN,Japan,Shinjuku-Ku Tokyo,,https://www.achilles.jp/,achilles-corporation
Acimit Servizi S.r.l.,ITA,Italy,Milano (Mi),info@acimit.it,www.acimit.it,acimit-servizi-srl
Acmetex Inc,CAN,Canada,Burlington,bill@acmetex.com,www.acmetex.com,acmetex-inc
ADITYA BIRLA GROUP,IND,India,Mumbai,anuj.bhandari@adityabirla.com,www.adityabirla.com,grasim-industries-limited
Adlon Industries Private Limited,IND,India,"Surat, Gujarat",adlonindustries@gmail.com,www.adlonindustries.com,adlon-industries-private-limited
Adtracon GmbH,DEU,Germany,Hilden,info@adtracon.de,www.adtracon.de,adtracon-gmbh
"Tayho Advanced Materials Group Co., Ltd.",CHN,China,Yantai Shandong,nina@tayho.com.cn,http://www.itayho.com/,tayho-advanced-materials-group-co-ltd
Advance Hitech Textile International Corporation,TWN,Taiwan,Taichung City,marketing@advtex.com.tw,https://www.advtex.com.tw/,advance-hitech-textile-international-corporation
Aeris S.r.l.,ITA,Italy,Clusone,aeris@aerisgroup.it,www.aerisgroup.it,aeris-srl
AESA Air Engineering,FRA,France,Thann Cedex,,www.aesa-ae.com,aesa-air-engineering
"AFCHina advanced material Co., Ltd.",CHN,China,Dongying Shandong,1054846596@qq.com,https://afchinagroup.com,afchina-advanced-material-coltd
Agro Poli Sp. z o.o.,POL,Poland,Stróza-Kolonia,sekretariat@agropoli.com.pl,www.agropoli.com.pl,agro-poli-sp-z-oo
AGTEKS Orme ve Tekstil Endustrileri San. ve Tic. Ltd. Sti.,TUR,Türkiye,Istanbul,info@agteks.com,www.agteks.com,agteks-orme-ve-tekstil-endustrileri-san-ve-tic-ltd-sti
Ahmed Fine Weaving Limited,PAK,Pakistan,Multan,masood.niazi@ahmedfine.com,www.ahmedfine.com,ahmed-fine-weaving-limited
Aigle Macchine S.r.l.,ITA,Italy,Borgaro Torinese,info@aigle.it,www.aigle.it,aigle-macchine-srl
AIM Nonwovens and Interiors Private Limited,IND,India,Pune,info@aimfiltration.com,www.aimfiltration.com,aim-nonwovens-and-interiors-private-limited
Airbond Splicers,GBR,Great Britain and Northern Ireland,"Pontypool, Wales",enquiries@airbondsplicer.com,https://airbondsplicer.com/,gtw-developments-group-ltd
Airprotech Srl,ITA,Italy,Magenta,info@airprotech.eu,https://www.airprotech.eu/en/,airprotech-srl
Asociaci&oacute;n de Investigaci&oacute;n de la Industria Textil - AITEX,ESP,Spain,Alcoy,info@aitex.es,www.aitex.es,asociacin-de-investigacin-de-la-industria-textil---aitex
Ajanta Universal Fabrics Limited,IND,India,Karad,sawant@aufl.in,www.aufl.in,ajanta-universal-fabrics-limited
Akatek Teknik Tekstil San. ve Tic A.S.,TUR,Türkiye,Istanbul,info@akateknik.com,www.akateknik.com,akatek-teknik-tekstil-san-ve-tic-as
A K INDUSTRIAL FABRICS,IND,India,Kanpur,akindfabrics@gmail.com,https://akindfabrics.com/,a-k-industrial-fabrics
Aksa Akrilik Kimya Sanayii AS (AKSA),TUR,Türkiye,Yalova,enida.hancer@aksa.com,www.aksa.com,aksa-akrilik-kimya-sanayii-as-aksa
ALC Tecnologie Adesive S.r.l.,ITA,Italy,Torino,info@alcgruppo.com,www.alcgruppo.com,alc-tecnologie-adesive-srl
Alfatex Italia Srl,ITA,Italy,Matera,info@alfatex.it,www.alfatex.it,alfatex-italia-srl
Alkegen (formerly Lydall Gutsche GmbH &amp; Co. KG),DEU,Germany,Fulda,info.construction@alkegen.com,www.alkegen.com,lydall-gutsche-gmbh--co-kg
Alliance Fibres Limited,IND,India,"Mangrol, Dist. Surat",info@alliancefibres.com,,alliance-fibres-limited
Allianz Faserbasierte Werkstoffe Baden-W&uuml;rttemberg -AFBW- e.V.,DEU,Germany,Stuttgart,info@afbw.eu,www.afbw.eu,allianz-faserbasierte-werkstoffe-baden--wuerttemberg--afbw--ev
Alpex Protection Sas,FRA,France,Saint-Chamond,adv1@alpex.fr,www.alpex.fr,alpex-protection-sas
Alpha Engineered Composites Europe GmbH,DEU,Germany,Moers,info@alphainc.de,www.alphainc.de,alpha-engineered-composites-europe-gmbh
ALTERFIL N&auml;hfaden GmbH,DEU,Germany,Oederan,info@alterfil.de,www.alterfil.de,alterfil-naehfaden-gmbh
AMEC - Asociaci&oacute;n Multisectorial de Empresas,ESP,Spain,Barcelona,,www.amec.es,amec---asociacin-multisectorial-de-empresas
"American Polyfilm, Inc.",USA,United States,Branford Connecticut,paul@apiusa.com,www.americanpolyfilm.com,american-polyfilm-inc
AMER-SIL KETEX PRIVATE LIMITED,IND,India,Kharagpur,gsd@ketex.com,www.ketex.com,amer-sil-ketex-private-limited
Ames Europe Tekstil San. ve Tic. A.S.,TUR,Türkiye,Gaziemir / Izmir,ozgur.kul@ames-europe.com,www.ames-europe.com,ames-europe-tekstil-san-ve-tic-as
Ammeraal Beltech AG,CHE,Switzerland,Jona,info-ch@ammeraalbeltech.com,www.ammeraalbeltech.com,ammeraal-beltech-ag
AMOHR Technische Textilien GmbH,DEU,Germany,Wuppertal,info@amohr.com,www.amohr.com,amohr-technische-textilien-gmbh
ANDRITZ FRANCE SAS,FRA,France,Elbeuf,asselin-thibeau@andritz.com,www.andritz.com/nonwoven,andritz-france-sas
ANDRITZ K&uuml;sters GmbH,DEU,Germany,Krefeld,nonwoven@andritz.com,www.andritz.com/nonwoven,andritz-kuesters-gmbh
ANDRITZ Laroche S.A.S,FRA,France,Cours,laroche@andritz.com,www.andritz.com/nonwoven,andritz-laroche-sas
Andropol S.A.,POL,Poland,Andrychów,biuro@andropol.pl,www.andropol.pl,andropol-sa
ANEX by INTERPLAST KIMYA,TUR,Türkiye,Istanbul,eylul.kaya@interplastkimya.com,https://interplastkimya.com/,interplast-kimya-sanayi-ve-ticaret-a-s
Anowo AG,CHE,Switzerland,Basel,info@anowo.com,www.anowo.com,anowo-ag
ANTEX,ESP,Spain,Anglès (Girona),antex@antex.net,www.antex.net,angles-textil-sa
"Jiangsu Aoshen Hi-Tech Materials Co., Ltd.",CHN,China,Lianyungang Jiangsu,luoj@asxc.com,www.asxc.com.cn,jiangsu-aoshen-hi-tech-materials-co--ltd
"Zhejiang Aoyu New Material Technology Co., Ltd.",CHN,China,Quzhou Zhejiang,sales05@auyu-tec.com,www.aoyutec.com,zhejiang-aoyu-new-material-technology-co-ltd
Applied Quantum Materials Inc.,CAN,Canada,Edmonton,contact@aqmaterials.com,www.aqmaterials.com,applied-quantum-materials-inc
Apronor EURL,FRA,France,Quincampoix,,www.apronor.com,apronor-eurl
AQ-Tech SASU,FRA,France,Silllingy,a.quarrey@aq-tech.fr,www.aq-tech.fr,aq-tech-sasu
Aquafil S.p.A.,ITA,Italy,Arco,info@aquafil.com,www.aquafil.com,aquafil-spa
Aracne Textile Solutions S.L.,ESP,Spain,Argentona,enric.marti@aracnetextilesolutions.com,www.aracnetextilesolutions.com,aracne-textile-solutions-sl
ARCAVIA Aleksandra Gidzinska,POL,Poland,Czestochowa,,www.arcavia.pl,arcavia-aleksandra-gidzinska
Archroma Management GmbH,CHE,Switzerland,Pratteln,,www.archroma.com,archroma-management-gmbh
Argar S.r.l.,ITA,Italy,Busto Arsizio,info@argar.it,https://www.argartechnology.com/,argar-srl
Ariteks,TUR,Türkiye,Istanbul,ibrahimsusin@ariteksinfo.com,www.ariteks.net,ariteks-boyacilik-ticaret-ve-sanayi-as
Arkema France SA,FRA,France,Puteaux,tradeshows@arkema.com,www.arkema.com,arkema-france-sa
Arly Laminating-Quilting B.V.,NLD,Netherlands,Nieuwkuijk,info@arly.nl,www.arly.nl,arly-laminating-quilting-bv
ARTEC Corporation,KOR,"Korea, the Republic of (South)","Seongnam-si, Gyeonggi-do",sales@artectextile.com,artectextile.com,artec-corporation
ARTEFITA,PRT,Portugal,Escariz,artefita@artefita.pt,www.artefita.pt/en,artefita---indstria-de-passamanarias-lda
Artistic Milliners (Pvt) Ltd.,PAK,Pakistan,Karachi,raheel.walani@artisticmilliners.com,www.artisticmilliners.com,artistic-milliners-pvt-ltd
Arvind Advanced Materials Limited,IND,India,Ahmedabad,amd@arvind.in,www.arvind-amd.com,arvind-advanced-materials-limited
Asahi Kasei Advance Corporation,JPN,Japan,Osaka,nakatani.mf@om.asahi-kasei.co.jp,https://www.asahi-kasei.co.jp/advance/en/,asahi-kasei-advance-corporation
"A. Sampaio &amp; Filhos - T&ecirc;xteis, S.A.",PRT,Portugal,Santo Tirso,asampaio@asampaio.pt,www.asampaio.com/en,asampaio--filhos---texteis-sa
Ascotex Limited,GBR,Great Britain and Northern Ireland,Nelson,sales@ascotex.com,www.ascotex.com,ascotex-limited
ASGLAWO technofibre GmbH,DEU,Germany,Bobritzsch-Hilbersdorf,info@asglawo.de,www.asglawo.de,asglawo-technofibre-gmbh
"Shanghai Asianen Export and Import Co., Ltd.",CHN,China,Shanghai,info@der-factory.com,www.derflex.com,shanghai-asianen-export-and-import-co-ltd
"Assessors Del Ram d&#39;Aigua, S.A.",ESP,Spain,Montornes del Valles,admin@adrasa.com,www.adrasa.com,assessors-del-ram-daigua-sa
"ATB - Acabamentos T&ecirc;xteis De Barcelos, Lda",PRT,Portugal,Mariz,techtextil@atb.pt,www.atb.pt,atb--acabamentos-txteis-de-barcelos-lda
A.T.F. Automations S.r.l.,ITA,Italy,Lurate Caccivio,sales@atfsrl.com,www.atfsrl.com,atf-automations-srl
ATLAS Material Testing Technology GmbH,DEU,Germany,Linsengericht,info.atlas@ametek.de,www.atlas-mts.com,atlas-material-testing-technology-gmbh
Aumann Lauchheim GmbH,DEU,Germany,Lauchheim,info.lau@aumann.com,lacom-coating.de,aumann-lauchheim-gmbh
Gebr&uuml;der Aurich GmbH,DEU,Germany,Radevormwald,info@aurich-textilien.de,www.aurich-textilien.de,gebrueder-aurich-gmbh
AuriKo GmbH,DEU,Germany,Radevormwald,,www.auriko.de,auriko-gmbh
AUSTRIALPIN GmbH,AUT,Austria,Fulpmes,office@austrialpin.at,www.austrialpin.at,austrialpin-gmbh
AUTEFA Solutions Germany GmbH,DEU,Germany,Friedberg,germany@autefa.com,www.autefa.com,autefa-solutions-germany-gmbh
Avient Corporation,LUX,Luxembourg,Pommerloch,contact@avient.com,www.avient.com,avient-luxembourg-s-rl
aweXome Ray Inc.,KOR,"Korea, the Republic of (South)",Anyang,,www.awexomeray.com,awexome-ray-inc
Aym Syntex Ltd.,IND,India,Mumbai,idymarketing@aymgroup.com,www.aymsyntex.com,aym-syntex-ltd
Bache GmbH,DEU,Germany,Rheinberg,info@bache-innovative.de,www.bache-innovative.de,bache-gmbh
Baden-W&uuml;rttemberg International GmbH,DEU,Germany,Stuttgart,info@bw-i.de,www.bw-i.de,baden-wuerttemberg-international-gmbh
B&auml;umlin &amp; Ernst AG,CHE,Switzerland,Wattwil,beag@beag.ch,www.beag.ch,baeumlin--ernst-ag
"Zhuji Baifuqin Trade Co., Ltd.",CHN,China,Shaoxing Zhejiang,jelly@zjoceanstar.com,www.zjoceanstar.com,zhuji-baifuqin-trade-co-ltd
Baihoo Textiles Technology,CHN,China,Suqian Jiangsu,zoey.z@baihoo.cn,www.parvotex.com,baihoo-textiles-technology
"Guangzhou Baisha Chemicals Co., Ltd.",CHN,China,Guangzhou Guangdong,export@gzbaisha.com,www.gzbaisha.com,guangzhou-baisha-chemicals-co-ltd
Balavigna Weaving Mills Private Limited,IND,India,"Dindigul, Tamil Nadu",prabu@balavigna.com,www.balavignaorganic.com,balavigna-weaving-mills-private-limited
Balkan Tekstil Makinalari San. Ve Tic. A.S.,TUR,Türkiye,Efeler / Aydin,info@balkan.com.tr,www.balkan.com.tr,balkan-tekstil-makinalari-san-ve-tic-as
BALTA Oudenaarde NV,BEL,Belgium,Oudenaarde,info@captiqs.com,www.captiqs.com,balta-oudenaarde-nv
Baltex,GBR,Great Britain and Northern Ireland,Ilkeston,sales@baltex.co.uk,www.baltex.co.uk,w-ball--son-limited
"BALTEX, S.C.P.",ESP,Spain,Balaguer Lleida,arnau.penella@baltextextil.com,www.baltextextil.com,baltex-scp
"Baltic Non-Woven, UAB",LTU,Lithuania,Plunge,benas@balticnw.com,www.balticnw.com,baltic-non-woven-uab
Bamisi Tekstil Sanayi Ve Ticaret Limited Sirketi,TUR,Türkiye,Istanbul,info@bamisi.com,https://bamisi.com/,bamisi-tekstil-sanayi-ve-ticaret-limited-sirketi
Bandex Textil &amp; Handels-GmbH,AUT,Austria,Koblach,info@bandex.com,www.bandex-techtex.com,bandex-textil--handels-gmbh
AB Bandindustri,SWE,Sweden,Kumla,alexander.neumann@bandi.se,www.bandi.se,ab-bandindustri
Bang Bang Textile Group Ltd.,CHN,China,Wuxi Jiangsu,robert12@vip.sina.com,,bang-bang-textile-group-ltd
"Changshu Baofeng Special Fiber Co., Ltd.",CHN,China,Changshu Jiangsu,lily.cao@csbaofeng.com,www.csbaofeng.com,changshu-baofeng-special-fiber-co-ltd
"Baotou Zhongyuan New Materials Co., Ltd.",CHN,China,Baotou Nei Mongol Zizhiqu,xrliu@zzset.cn,www.sundless.com,baotou-zhongyuan-new-materials-co-ltd
"Barcelona Performance Yarns, S.L.",ESP,Spain,Arenys de Munt,comercial@bcnyarns.com,www.barcelonaperformanceyarns.com,barcelona-performance-yarns-sl
Barmag,DEU,Germany,Remscheid,sales.barmag@barmag.com,www.barmag.com,oerlikon-neumag-zweigniederlassung-der-oerlikon-textile-gmbh--co-kg
Barnet Europe W. Barnet GmbH &amp; Co. KG,DEU,Germany,Aachen,sales@barnet-europe.com,www.barnet.com,barnet-europe-w-barnet-gmbh--co-kg
Barthels-Feldhoff GmbH &amp; Co. KG,DEU,Germany,Wuppertal,info@barthels-feldhoff.de,www.barthels-feldhoff.de,barthels-feldhoff-gmbh--co-kg
"BARTOŇ - textil, a.s.",CZE,Czech Republic,Náchod,barton@barton-textil.cz,www.barton-textil.cz,barto---textil-as
Basaltex NV,BEL,Belgium,Wevelgem,info@basaltex.com,www.basaltex.com,basaltex-nv
BASF SE,DEU,Germany,Ludwigshafen am Rhein,,www.basf.com,basf-se
bAwear B.V.,NLD,Netherlands,Wierden,info@bawear.eu,www.bawear.eu,bawear-bv
Bayern Innovativ GmbH,DEU,Germany,Nürnberg,info@bayern-innovativ.de,,bayern-innovativ-gmbh
Beaulieu Fibres International,BEL,Belgium,Wielsbeke,,www.beaulieufibres.com,beaulieu-fibres-international-nv
"Beaver Manufacturing Company, Inc.",USA,United States,Mansfield Georgia,sales@beaverloc.com,www.beaverloc.com,beaver-manufacturing-co-inc
beba Technology GmbH &amp; Co. KG,DEU,Germany,Essen (Oldenburg),info@beba-technology.de,www.beba-mischtechnik.de,beba-technology-gmbh--co-kg
BELCHEM GmbH,DEU,Germany,Freiberg,sales@belchem-fibers.com,www.belchem.de,belchem-gmbh
Belrey Fibres SA,BEL,Belgium,Mouscron,info@belrey.com,www.belrey.com,belrey-fibres-sa
BEMATIC,ITA,Italy,Prato,amministrazione@bematic.it,www.bematic.it,bettarini--serafini-srl
Beneks Taahhut Muhendislik Mumessillik Makine Sanayi Ve Ticaret Limited Sirketi,TUR,Türkiye,Istanbul (Europe),beneks@beneks.com,,beneks-taahhut-muhendislik-mumessillik-makine-sanayi-ve-ticaret-limited-sirketi
Benninger AG,CHE,Switzerland,Uzwil,info@benningergroup.com,www.benningergroup.com,benninger-ag
Bertheas,FRA,France,St Chamond,ebahon@bertheas.com,www.bertheas.com,bertheas-et-cie-sas
Beschi Srl,ITA,Italy,Castel Goffredo,info@beschi.it,www.beschi.it,beschi-srl
"Bestory Advanced Materials Co., Ltd",CHN,China,Nantong Jiangsu,export@bestory.cn,http://www.bestory.cn,bestory-advanced-materials-co-ltd
Beti d.o.o.,SVN,Slovenia,Metlika,info@beti.si,beti.si,beti-doo
BG Plast Impianti S.r.l.,ITA,Italy,Marnate,info@bgplast.it,www.bgplast.it,bg-plast-impianti-srl
Bianchi Paolo S.R.L.,ITA,Italy,Opera,info@bianchipaolo.it,www.bianchipaolo.it,bianchi-paolo-srl
Bianco S.p.A.,ITA,Italy,Alba,info@tcngroup.it,www.bianco-spa.com,bianco-spa
Bieltex Sl,ESP,Spain,Barcelona,vvernis@bieltex.com,www.bieltex.com,bieltex-sl
"Fujian Billion Polymerization Fiber Technology Industrial Co., Ltd.",CHN,China,Quanzhou Fujian,info@baihong.com,www.baihong.com,fujian-billion-polymerization-fiber-technology-industrial-co-ltd
Blaha Textilveredelung Bayreuth GmbH,DEU,Germany,Bayreuth,info@blaha-textilveredelung.de,www.blaha-textilveredelung.de,blaha-textilveredelung-bayreuth-gmbh
Blanchard Tech &amp; Yarns SAS,FRA,France,St Julien d'Intres,contact@blanchard.fr,https://www.blanchard.fr/en/,blanchard-tech--yarns-sas
Bloomati By Carvema Textil,PRT,Portugal,Perelhal,,,carvema-textil-lda
Blue Reed S.L.U.,ESP,Spain,Manlleu,torra.j@bluereed.es,www.bluereed.es,blue-reed-slu
"BN International, s.r.o.",CZE,Czech Republic,Ceská Skalice,artem.isayev@bnint.cz,www.bnint.cz,bn-international-sro
Bobotex Hans Ladwig GmbH &amp; Co. KG,DEU,Germany,Wuppertal,info@bobotex.de,www.bobotex.de,bobotex-hans-ladwig-gmbh--co-kg
Bonino Carding Machines S.r.l.,ITA,Italy,Sandigliano,sales@bonino1913.it,www.bonino1913.it,bonino-carding-machines-srl
"Booyoung Textile Co., Ltd.",KOR,"Korea, the Republic of (South)","Chilgok-gun, Gyeongbuk",jmkim@booyoungtextile.co.kr,http://www.booyoungtextile.co.kr/,booyoung-textile-co-ltd
BORFLEX,FRA,France,Hermes,info@borflex-group.com,www.borflex-group.com,eurl-borflex-services
"Born GmbH, knitwear for fashion &amp; engineering",DEU,Germany,Dingelstädt,,www.born-germany.de,born-gmbh-knitwear-for-fashion--engineering
Bowmer Bond Narrow Fabrics Limited,GBR,Great Britain and Northern Ireland,"Ashbourne, Derbyshire",louise.sellers@bowmerbond.co.uk,www.bowmerbond.co.uk,bowmer-bond-narrow-fabrics-limited
BOZAMET Sp. z o.o.,POL,Poland,Siedlce,artur.szymanski@bozamet.pl,www.bozamet.pl,bozamet-sp-z-oo
Bozzetto Group,ITA,Italy,Filago,info@bozzetto.it,www.bozzetto-group.com,giovanni-bozzetto-spa
Brilen Tech S.A.,ESP,Spain,Zaragoza,brilenht@samca.com,www.brilen.com,brilen-tech-sa
British Millerain Company Limited,GBR,Great Britain and Northern Ireland,Rochdale,mcallaghan@britishmillerain.com,www.britishmillerain.com,the-british-millerain-company-limited
Br&uuml;ckner Trockentechnik GmbH &amp; Co. KG,DEU,Germany,Leonberg,mail@brueckner-textile.com,www.brueckner-textile.com,brueckner-trockentechnik-gmbh--co-kg
BTTO s.r.o.,CZE,Czech Republic,Hradec Kralove,info@btto.cz,www.btto.cz,btto-sro
A. Martin Bunzl Ltd.,GBR,Great Britain and Northern Ireland,Beckenham,technicalyarn@martinbunzl.co.uk,www.martinbunzl.co.uk,a-martin-bunzl-ltd
Business France,FRA,France,Paris,lauriane.leost@businessfrance.fr,https://www.businessfrance.fr/,et-p-business-france
BW Converting,USA,United States,Green Bay Wisconsin,sweden.info@bwconverting.com,www.bwconverting.com,bw-converting-ab
"BWF Tec GmbH &amp; Co. KG, BWF Protec",DEU,Germany,Hof-Gattendorf,info@bwf-protec.de,www.bwf-protec.de,bwf-tec-gmbh--co-kg-bwf-protec
"Beijing BW Protect Protective Textile Co., Ltd.",CHN,China,Beijing,yang.xiaoyan@bwprotect.com,www.bwprotect.com,beijing-bw-protect-protective-textile-co-ltd
CAD Modelling S.r.l.,ITA,Italy,Scandicci,info@cadmodelling.it,www.cadmodelling.it,cad-modelling-srl
Cafissi SpA,ITA,Italy,Prato,info@cafissi.it,www.cafissi.it,cafissi-spa
Calloni Srl,ITA,Italy,Arconate,,www.callonifil.it,calloni-srl
Campen Machinery A/S,DNK,Denmark,Hornslet,campen@campen.dk,www.campenmachinery.com,campen-machinery-as
Candor Textiles Pvt. Ltd.,IND,India,Indore,rj@candortextiles.com,www.candortextiles.com,candor-textiles-pvt-ltd
"Chongqing Canyue New Material Co., Ltd.",CHN,China,Chongqing Chongqing Shi,marketing@cqcanyue.cn,www.cqcanyue.cn,chongqing-canyue-new-matrial-co-ltd
CaPlast Group,DEU,Germany,Nordkirchen,sales@caplast.de,www.caplast.de,caplast-kunststoffverarbeitungs-gmbh
Care Holdings Pte. Ltd.,SGP,Singapore,Singapore,,jctfiber.com,care-holdings-pte-ltd
Carl Meiser GmbH &amp; Co. KG,DEU,Germany,Albstadt,jmeiser@nopma.de,www.nopma.com,carl-meiser-gmbh--co-kg
Carl Weiske GmbH &amp; Co. KG,DEU,Germany,Hof,info@carlweiske.com,www.carlweiske.com,carl-weiske-gmbh--co-kg
Carmo A/S,DNK,Denmark,Espergaerde,denmark@carmo.dk,www.carmo.dk/en,carmo-as
Carrington Textiles Ltd.,GBR,Great Britain and Northern Ireland,Adlington,info@carrington.co.uk,www.carrington.co.uk,carrington-textiles-ltd
Caruso GmbH,DEU,Germany,Ebersdorf,info@caruso-ebersdorf.de,www.caruso-ebersdorf.de,caruso-gmbh
Castello Officine S.r.l.,ITA,Italy,Valdilana,castello@temple-castello.com,www.temple-castello.com,castello-officine-srl
ČATEKS d.d.,HRV,Croatia,Cakovec,i.serini@cateks.hr,www.cateks.hr,cateks-dd
"Cathay Consolidated, Inc.",TWN,Taiwan,Yilan County,sales@cathay1342.com.tw,https://cathayconsolidated.com,cathay-consolidated-inc
C.E.I.A. Costruzioni Elettroniche Industriali Automatismi S.p.A.,ITA,Italy,Civitella In Val di Chiana,qa-detectors@ceia-spa.com,www.ceia.net,ceia-costruzioni-elettroniche-industriali-automatismi-spa
Centexbel,BEL,Belgium,Zwijnaarde,info@centexbel.be,www.centexbel.be,vzw-wetenschappelijk-en-technisch-centrum-van-de-belgische-textielnijverheid
CeNTI - Centre for Nanotechnology and Advanced Materials,PRT,Portugal,Vila Nova de Famalicão,centi@centi.pt,www.centi.pt,centitvc---centro-de-nanotcnologia-e-materiais-tcnicos-funcionais-e-inteligentes
Centro Tessile Cotoniero e Abbigliamento S.p.a. (Centrocot),ITA,Italy,Busto Arsizio,info@centrocot.it,www.centrocot.it,centro-tessile-cotoniero-e-abbigliamento-spa-centrocot
Cerex Advanced Fabrics Inc.,USA,United States,Cantonment Florida,info@cerex.com,www.cerex.com,cerex-advanced-fabrics-inc
Cetex Institut gGmbH,DEU,Germany,Chemnitz,sekretariat@cetex.de,www.cetex.de,cetex-institut-ggmbh
CETI,FRA,France,Tourcoing,andrea.celli@ceti.com,www.ceti.com,ass-association-ceti-centre-europeen-des-textiles-innovants
"Chain Yarn Co., Ltd.",TWN,Taiwan,Taichung City,info.sales@chainlon.com.tw,www.chainlon.com.tw,chain-yarn-co-ltd
Chamatex Group,FRA,France,Ardoix,contact@chamatexgroup.com,www.chamatexgroup.com,chamatex-sas
"Changqingteng High Performance Fiber Materials Co., Ltd.",CHN,China,Wuhu Anhui,cathwang@changqingtengpe.com,www.changqingtengpe.com,changqingteng-high-performance-fiber-materials-co-ltd
"Zhejiang Chaoshida Special Textile Co., Ltd.",CHN,China,Jiaxing Zhejiang,bruce_wang@csdtextile.com,www.csdtextile.com,zhejiang-chaoshida-special-textile-co-ltd
Chemviron Carbon Ltd.,GBR,Great Britain and Northern Ireland,Houghton le Spring,flexzorb.ccc@kuraray.com,http://flexzorb.com,chemviron-carbon-ltd
Chevalerin Sarl,FRA,France,Parigny,,www.chevalerin-textile.fr,chevalerin-sarl
"Chia Her Industrial Co., Ltd.",TWN,Taiwan,Taipei,services@chgtex.com,www.chgtex.com/,chia-her-industrial-co-ltd
Chichampe Fabrics Inc.,TWN,Taiwan,New Taipei City,sales@chichampe.com,www.chichampe.com,chichampe-fabrics-inc
"Zhejiang Chinastars New Materials Group Co., Ltd.",CHN,China,Hangzhou Zhejiang,,www.chinareflective.com,zhejiang-chinastars-new-materials-group-co-ltd
"China Texmatech Co., Ltd.",CHN,China,Beijing Beijing Shi,contact@ctmtc.com.cn,https://www.ctmtc.com/,china-texmatech-co-ltd
Chomarat Textiles Industries,FRA,France,Le Cheylard,info@chomarat.com,www.chomarat.com,sas-chomarat-textiles-industries
CHT Germany GmbH,DEU,Germany,Tübingen,info@cht.com,www.cht.com,cht-germany-gmbh
CITEVE - Centro Tecnol&oacute;gico Das Ind&uacute;strias T&ecirc;xtil e do Vestu&aacute;rio De Portugal,PRT,Portugal,Vila Nova de Famalicao,ccastro@citeve.pt,www.citeve.pt,centro-tecnolgico-das-indstrias-txtil-e-do-vesturio-de-portugal---citeve
Cittadini S.p.A.,ITA,Italy,Paderno Franciacorta,sales@cittadini.it,www.cittadini.it,cittadini-spa
Climashield,USA,United States,Clinton Tennessee,,,climashield
CLIMATEX,CHE,Switzerland,Altendorf,info@climatex.com,www.climatex.com,climatex-ag
Clubtex ASS,FRA,France,Tourcoing,contact@clubtex.com,www.clubtex.com,clubtex-ass
"CLUTEX - Klastr Technick&eacute; textilie, z.s.",CZE,Czech Republic,Liberec 7,founova@clutex.cz,www.clutex.cz,clutex---klastr-technick-textilie-zs
C.M.C. Converting Machinery Cevenini S.r.l.,ITA,Italy,Concorezzo,info@cmccevenini.it,https://www.log-slitting-machine.com/eng/home-page,cmc-converting-machinery-cevenini-srl
Coatyarn S.r.l.,ITA,Italy,Ospitaletto,info@coatyarn.com,www.coatyarn.com,coatyarn-srl
CODINA Textile Machinery S.L.,ESP,Spain,Redován - Alicante,info@codinabarcelona.com,,codina-textile-machinery-sl
Coex S.r.l.,ITA,Italy,Milano,sales@coex.pro,www.coex.pro,coex-srl
Colmant Coated Fabrics,FRA,France,Mons en Baroeul,info@colmant.tech,www.colmant-coated-fabrics.com,colmant-coated-fabrics-sasu
Color Service S.r.l.,ITA,Italy,Dueville,sales@colorservice.net,www.colorservice.eu,color-service-srl
Colortex GmbH,DEU,Germany,Pirmasens,info@colortex.de,www.colortex.de,colortex-gmbh
Comercial Arque SA,ESP,Spain,L'Hospitalet de Llobregat,aarmengol@kyubisystem.com,www.arque.com,comercial-arque-sa
Comerio Ercole S.p.A.,ITA,Italy,Busto Arsizio (VA),alessia.meneghini@comercole.it,www.comercole.it,comerio-ercole-spa
Compotex GmbH,DEU,Germany,Welver,william.hobhouse@compotex.de,www.compotex.com,compotex-gmbh
"COMSAT, S.L.",ESP,Spain,Centelles,comsat@comsatspain.com,comsatspain.com,construcciones-mataro-servicios-y-asistencia-sl
Concordia Textiles n.v.,BEL,Belgium,Waregem,info@concordiatextiles.com,www.concordiatextiles.com,concordia-textiles-nv
CONNTEX (A HALCO COMPANY),GBR,Great Britain and Northern Ireland,Hereford,,,halco-europe-ltd
Continental AG,DEU,Germany,Herbolzheim,melanie.padel@continental.com,www.continental-industry.com,kek-kaschierungen-gmbh
CORDENKA GmbH &amp; Co. KG,DEU,Germany,Obernburg a. Main,info@cordenka.com,www.cordenka.com,cordenka-gmbh--co-kg
Cordex S.A.,PRT,Portugal,Esmoriz,nuno_vito@cordex.com,www.cordex.com,cordex---companhia-industrial-textil-s-a
CORDURA&reg; Advanced Fabrics,GBR,Great Britain and Northern Ireland,Gloucester,cordura@invista.com,www.cordura.com,invista-textiles-uk-ltd
CORDUS GmbH,DEU,Germany,Mühlhausen,info@cordus.de,www.cordus.de,cordus-gmbh
CORETEX BV,BEL,Belgium,Kortrijk,info@mbtc.be,https://www.coretex.be/,coretex-bv
Cormatex S.r.l. Macchinario Tessile e Impianti,ITA,Italy,Montemurlo (Prato),g.fabbiani@cormatex.it,www.cormatex.it,cormatex-srl-macchinario-tessile-e-impianti
Coronet S.p.A.,ITA,Italy,Erba,s.codazzi@coronetgroup.com,www.coronetspa.it,coronet-spa
Corporate Fabrics GmbH,DEU,Germany,Grafengehaig,info@corporate-fabrics.de,www.corporate-fabrics.de,corporate-fabrics-gmbh
Cottano Vlieswerk GmbH,DEU,Germany,Mühlhausen / Thüringen,info@cottano-vlieswerk.de,www.cottano.de,cottano-vlieswerk-gmbh
Taihe County Screen Filter Material Association,CHN,China,Fuyang Anhui,286030173@qq.com,www.ahlsd.cn,taihe-county-screen-filter-material-association
Cousin Trestec SA,FRA,France,Wervicq Sud,h.sarkis@cousin-trestec.com,http://www.cousin-trestec.com,cousin-trestec-sa
Covestro Deutschland AG,DEU,Germany,Leverkusen,info@covestro.com,www.covestro.com,covestro-deutschland-ag
"C.P. ALUART, S.L.",ESP,Spain,"Mataró, Barcelona",dpto.tecnico@cpaluart.com,,c-p-aluart-sl
Crealet AG,CHE,Switzerland,Wald,info@crealet.com,www.crealet.com,crealet-ag
Credence Ecofibre Private Limited,IND,India,Surat,marketing@credenceecofibre.com,,credence-ecofibre-private-limited
"CTA Hi-Tech Textiles Co., Ltd.",CHN,China,Tianjin,jinyanchun@gt.cn,www.coating-china.com,cta-hi-tech-textiles-co-ltd
"CTC Reinforcement Solutions (Changzhou) Co., Ltd.",CHN,China,Changzhou Jiangsu,sales@ctc-rs.com,www.ctc-rs.com,ctc-reinforcement-solutions-changzhou-coltd
Culzean Textile Solutions Ltd.,GBR,Great Britain and Northern Ireland,Irvine,solutions@culzean.com,www.culzean.com,culzean-textile-solutions-ltd
"CUSBOR, S.L.",ESP,Spain,Canovelles,cusbor@cusbor.com,www.cusbor.com,cusbor-sl
Cyber Textiles (India) Pvt. Ltd.,IND,India,"Palladam, Tirupur",harish@simta.com,www.cybertextiles.in,cyber-textiles-india-pvtltd
"Fujian Cyclone Technology Co., Ltd.",CHN,China,Putian Fujian,lambert.zuo@cycloneyarn.com,www.cycloneyarn.com,fujian-cyclone-technology-co-ltd
DAEHYUN TFC,KOR,"Korea, the Republic of (South)",Seoul,,www.daehyuntfc.com,daehyun-tfc
"Daelim Starlet Co., Ltd.",KOR,"Korea, the Republic of (South)",Siheung-di,dl1001@daelimlab.com,www.daelimlab.com,daelim-starlet-co-ltd
Daeyang Corporation,KOR,"Korea, the Republic of (South)",Gyeongsan-Si,daeyang@dae-sung.com,https://ultrashade95.com,daeyang-corporation
Dae Young Ltd.,KOR,"Korea, the Republic of (South)",Dalseo-gu,itydty@naver.com,www.daeyoungltd.com,dae-young-ltd
"Changshu Dafa Warp Knitting Co., Ltd.",CHN,China,Changshu Jiangsu,vivi@dafamesh.net,www.3dmesh.com.cn,changshu-dafa-warp-knitting-co-ltd
Daikin Chemical Europe GmbH,DEU,Germany,Düsseldorf,sales@daikinchem.de,https://www.daikinchem.de/,daikin-chemical-europe-gmbh
Daletec AS,NOR,Norway,Dalekvam,info@daletec.com,www.daletec.com,daletec-as
"Dalian HuaYang New Materials Technology Co., Ltd.",CHN,China,Dalian Liaoning,marketing@dlhyltd.com,www.dlhyltd.com,dalian-huayang-new-materials-technology-coltd
Daman Polythread Private Limited,IND,India,Mumbai,mustafa.kudia@damanpolythread.com,www.damanpolythread.com,daman-polythread-private-limited
Darmst&auml;dter GmbH,DEU,Germany,Wesel,info@darmstaedter.eu,https://www.darmstaedter.eu/,darmstaedter-gmbh
Davy Textiles Ltd,GBR,Great Britain and Northern Ireland,Bradford,info@davytextiles.co.uk,www.davytextiles.co.uk,davy-textiles-ltd
DBT Fibre SpA,ITA,Italy,Cerrione,info@dbtfibre.com,www.dbtfibre.com,dbt-fibre-spa
DcodeX GmbH,DEU,Germany,Oberstaufen,info@dcodex.de,www.dcodex.de,dcodex-gmbh
Defiber S.A.,ESP,Spain,Banyeres del Penedes,info@defiber.com,,defiber-sa
"Zhejiang Dejia New Material Co., Ltd.",CHN,China,Haining Zhejiang,jessica@dejiafabric.com,www.dejiafabric.com,zhejiang-dejia-new-material-co-ltd
Etablissements Delannoy Freres SARL,FRA,France,Bousbecque,info@delannoy-freres.fr,www.delannoy-freres.fr,etablissements-delannoy-freres-sarl
DELCOTEX Delius Techtex GmbH &amp; Co. KG,DEU,Germany,Bielefeld,info@delcotex.de,www.delcotex.de,delcotex-delius-techtex-gmbh--co-kg
Dell&#39;Orco &amp; Villani S.r.l.,ITA,Italy,Prato,info@dellorco-villani.it,www.dellorco-villani.it,dell-orco--villani-srl
De Lung (HK) Industrial Limited,HKG,Hong Kong,"Shatin, New Territories",,,de-lung-hk-industrial-limited
DEMAS TEXTILE MACHINERY Co.,TUR,Türkiye,Bursa,demas@demasmachinery.com,www.demasmachinery.com,demas-textile-machinery-company-ltd-co
Denge Kimya ve Tekstil Sanayi Ticaret Anonim Sirketi,TUR,Türkiye,Tekirdag,,,denge-kimya-ve-tekstil-sanayi-ticaret-anonim-sirketi
Dent Instrumentation Ltd,GBR,Great Britain and Northern Ireland,"Colne, Lancashire",sales@dentsensors.com,www.dentsensors.com,dent-instrumentation-ltd
Heinrich Derix Betriebsgesellschaft mbH,DEU,Germany,Grefrath,info@derix.biz,www.derix.biz,heinrich-derix-betriebsgesellschaft-mbh
Derotex NV,BEL,Belgium,Wielsbeke,info@derotex.be,www.derotex.be,derotex-nv
"Der Wei Textile Co., Ltd.",TWN,Taiwan,Taichung,derwei1@ms34.hinet.net,https://www.derweitex.com/,der-wei-textile-co-ltd
Desion GmbH,DEU,Germany,Darmstadt,info@desion.de,www.desion.de,desion-gmbh
Deuser GmbH &amp; Co. KG,DEU,Germany,Solingen,info@deuser-systems.de,https://www.deuser-systems.de/,deuser-gmbh--co-kg
Deutsche Institute f&uuml;r Textil- und Faserforschung Denkendorf (DITF),DEU,Germany,Denkendorf,,www.ditf.de,deutsche-institute-fuer-textil--und-faserforschung-denkendorf-ditf
Deutsches Textilforschungszentrum Nord-West gGmbH,DEU,Germany,Krefeld,info@dtnw.de,www.dtnw.de,deutsches-textilforschungszentrum-nord-west-ggmbh
Devan Chemicals NV,BEL,Belgium,Ronse,info@devan-be.com,www.devan.net,devan-chemicals-nv
Diatex,FRA,France,St genis Laval,info@diatex.com,www.diatex.com,diatex-sas
Dienes Apparatebau GmbH,DEU,Germany,Mühlheim am Main,i.garnier@dienes.net,www.dienes.net,dienes-apparatebau-gmbh
Dierig AG,CHE,Switzerland,Wil SG,info@dierig.ch,www.fleuresse.ch,dierig-ag
Dietze + Schell Maschinenfabrik GmbH &amp; Co. KG,DEU,Germany,Coburg,info@dietze-schell.de,www.dietze-schell.de,dietze--schell-maschinenfabrik-gmbh--co-kg
Digital Weaving Norway,NOR,Norway,Moss,dwn@tronrudmoss.no,https://digitalweaving.no/,tronrud-engineering-moss-as
"Hangzhou Dikai Industrial Fabrics Co., Ltd.",CHN,China,Hangzhou Zhejiang,yuma@dikai.com,www.dikai.com,hangzhou-dikai-industrial-fabrics-co-ltd
DILO Systems GmbH,DEU,Germany,Eberbach,info@dilo.de,www.dilo.de,dilo-systems-gmbh
dimpora AG,CHE,Switzerland,Zürich,leandra.reisner@dimpora.com,www.dimpora.com,dimpora-ag
Dingzing Advanced Materials Inc.,TWN,Taiwan,Kaohsiung,film@dingzing.com,www.dingzing.com,dingzing-advanced-materials-inc
Francis Dinsmore Limited,GBR,Great Britain and Northern Ireland,Ballymena,gillian@dinsmore.co.uk,,francis-dinsmore-limited
"Hebei Dipeng Industrial Co., Ltd.",CHN,China,Cangzhou Hebei,info@dpflex.com.cn,www.dpflex.com.cn,hebei-dipeng-industrial-co-ltd
Directa Plus S.p.A.,ITA,Italy,Lomazzo,,,directa-plus-spa
Discover Natural Fibres Initiative,DEU,Germany,Bad Soden am Taunus,secretariat@dnfi.org,https://dnfi.org,discover-natural-fibres-initiative
"DK&amp;D Co., Ltd.",KOR,"Korea, the Republic of (South)","Ansan-Si, Gyeonggi-Do",,www.dknd.co.kr,dkd-co--ltd
DMR RUBANS SAS,FRA,France,Comines,dmr@dmr-rubans.com,www.dmr-rubans.com,dmr-sas
"DND New Material Co., Ltd.",CHN,China,Yanchen Jiangsu,tim.lu@deande.com.cn,www.deande.com.cn,dnd-new-material-coltd
Dogusan Tekstil Cadir Branda Turizm Insaat Otomotiv San. ve Tic. Ltd. Sti.,TUR,Türkiye,Tekirdag,sefakanmaz@dogusantekstil.com.tr,https://dogusanbranda.com.tr/,dogusan-tekstil-cadir-branda-turizm-insaat-otomotiv-san-ve-tic-ltd-sti
Dollfus et Muller SAS,FRA,France,Heimsbrunn,info@dollfus-muller.com,www.dollfus-muller.com,dollfus-et-muller-sas
DONG-A T.O.L,KOR,"Korea, the Republic of (South)",Daegu,,www.dongatol.com,dong-a-tol
"Dongil Textile Co., Ltd.",KOR,"Korea, the Republic of (South)","Ansan-Si, Gyeonggi-Do",,,dongil-textile-co-ltd
Dong Jin International,KOR,"Korea, the Republic of (South)",Seoul,richard@dong-jin.com,www.dong-jin.com,dong-jin-international
"Dongwon Roll Co., Ltd.",KOR,"Korea, the Republic of (South)",Incheon,info@dongwonroll.com,www.dongwonroll.com,dongwon-roll-co-ltd
"Dongyang MFG Co., Ltd.",KOR,"Korea, the Republic of (South)",Busan,admin@vertexkorea.kr,,dongyang-mfg-co-ltd
Don &amp; Low Ltd.,GBR,Great Britain and Northern Ireland,Forfar,enquiries@donlow.co.uk,www.donlow.co.uk,don--low-ltd
Lindauer DORNIER GmbH,DEU,Germany,Lindau (Bodensee),sales.wm@lindauerdornier.com,www.lindauerdornier.com,lindauer-dornier-gmbh
Dotcoat Europe GmbH,DEU,Germany,Engen,welcome@dotcoat.com,,dotcoat-europe-gmbh
DRM S.r.l.,ITA,Italy,Cogollo del Cengio,sales@drmitaly.com,,drm-srl
Dr. Schenk GmbH Industriemesstechnik,DEU,Germany,Gräfelfing,,www.drschenk.com,dr-schenk-gmbh-industriemesstechnik
Ductel S.A.,ESP,Spain,Terrassa,ductel@agatex.es,www.ductel.com,ductel-sa
Due Emme S.r.l.,ITA,Italy,Cormano,info@2m-italia.it,www.2m-italia.it,due-emme-srl
D&uuml;rr CTS GmbH,DEU,Germany,Bietigheim-Bissingen,info@cts-durr.com,www.cts-durr.com,duerr-cts-gmbh
SAS Duflot Industrie SA,FRA,France,Caudry,contact@duflot.com,www.duflot.com,sas-duflot-industrie-sa
Dupre Minerals Limited,GBR,Great Britain and Northern Ireland,Newcastle,reeceb@goodwingroup.com,www.dupreminerals.com,dupre-minerals-limited
Dutch Circular Textile Pavilion,NLD,Netherlands,Rotterdam,maartens@creativenl.nl,https://www.creativenl.nl/articles/nederland-voor-het-eerst-paviljoen-op-prestigieuze-beurs-techtextil,stichting-tki-clicknl
"Zhejiang Dwd Environmental Technology Co., Ltd.",CHN,China,Taizhou Zhejiang,zjdwd@zjdwd.com,www.zjdwd.com,zhejiang-dwd-enviromental-technology-co-ltd
Dylco SAS,FRA,France,Bertry,contact@dylco.fr,www.dylco.fr,dylco-sas
Dyneema&reg;,USA,United States,Greenville North Carolina,,www.dyneema.com,dyneema---avient-protective-materials-llc
DyStar Singapore Pte Ltd,SGP,Singapore,Singapore,ho.adrian@dystar.com,www.dystar.com,dystar-singapore-pte-ltd
Ebruzen Tekstil San. ve Tic. Ltd. Sti.,TUR,Türkiye,Bursa,info@ebruzen.com.tr,www.ebruzen.com.tr,ebruzen-tekstil-sanve-tic-ltd-sti
Ecex Fermuar Tekstil Sanayi Ticaret A.S.,TUR,Türkiye,Istanbul,,www.ecefermuar.com.tr,ecex-fermuar-tekstil-sanayi-ticaret-as
E. Cima S.A.,ESP,Spain,Sabadell (Barcelona),ecima@ecima.com,www.ecima.com,e-cima-sa
Eck Haubold &amp; Laxmi (Unit of Hindoostan Mills Limited),IND,India,Mumbai,akj@eckhauboldlaxmi.com,www.eckhauboldlaxmi.com,hindoostan-mills-limited
Eclair Prym Tunisie,TUN,Tunisia,Tunis,contact.ept@eclair.eu,www.eclair.eu,eclair-prym-tunisie
Ecole Nationale Superieure Des Arts Et Industries Textiles,FRA,France,Roubaix,contact@ensait.fr,www.ensait.fr,ecole-nationale-superieure-des-arts-et-industries-textiles
ECOLE NATIONALE D&#39;INGENIEURS DE MONASTIR (TUNISIA),TUN,Tunisia,Monastir,,www.enim.rnu.tn,ecole-nationale-dingenieurs-de-monastir
ECOPACK LIMITED,BGD,Bangladesh,Dhaka,,,ecopack-limited
Ecosynx Innovation Private Limited,IND,India,Panipat,info@ecosynx.org,https://ecosynx.org/,ecosynx-innovation-private-limited
ECO - Technilin SAS,FRA,France,Valliquerville,,www.eco-technilin.com,eco---technilin-sas
"Eddington Thread Manufacturing Co., Inc.",USA,United States,Bensalem Pennsylvania,,www.edthread.com,eddington-thread-manufacturing-co-inc
EDELRID GmbH &amp; Co KG,DEU,Germany,Isny im Allgäu,m.sedlacek@edelrid.de,www.edelrid.de,edelrid-gmbh--co-kg
Eecoff Technology,NLD,Netherlands,Zundert,backofficesales@fashionpower.nl,www.fashionpower.eu,fashionpower-bv
EE Labels,NLD,Netherlands,Heeze,info@eelabels.nl,www.eelabels.com,van-engelen--evers-bv
EKSTEL d.o.o.,SVN,Slovenia,Ajdovscina,,www.xtratapes.si,ekstel-doo
Elas A/S,DNK,Denmark,Herning,tj@elas.dk,www.elas.dk,elas-as
Vyroba stuh - ELAS s.r.o.,CZE,Czech Republic,Hrádek nad Nisou,elas@elas.cz,www.elas.cz,vyroba-stuh---elas-sro
"ELASTA - VESTIL, a.s.",CZE,Czech Republic,Krucemburk,krestanova@elasta-vestil.cz,www.elasta-vestil.cz,elasta---vestil-as
ELASTEN - NETSALE,ITA,Italy,Prato,giovannibenelli@elasten.it,www.elasten.it,elasten-srl-filati-industriali
Elektrisola Feindraht AG,CHE,Switzerland,Escholzmatt,info@textile-wire.ch,www.textile-wire.ch,elektrisola-feindraht-ag
Elektro Mechanik Sonnenschein GmbH,DEU,Germany,Bischofswiesen,info@el-me-so.de,www.el-me-so.de,elektro-mechanik-sonnenschein-gmbh
"Elite Color Environmental Resources Science &amp; Technology Co., Ltd.",CHN,China,Wuxi Jiangsu,wangpengfei@elitecolor.cn,http://www.elitecolor.cn/en/index.html,elite-color-environmental-resources-science--technology-co-ltd
ELKEM,FRA,France,Saint Fons,,www.elkem.com,elkem-silicones-france-sas
ELMARCO s.r.o.,CZE,Czech Republic,Liberec XI-Ruzodol I,info@elmarco.com,www.elmarco.com,elmarco-sro
Elmatex GmbH,DEU,Germany,Krefeld,info@elmatex.de,www.elmatex.de,elmatex-gmbh
ELOVIS GmbH,DEU,Germany,Karlsruhe,sales@elovis.de,www.elovis.com,elovis-gmbh
Eltex of Sweden AB,SWE,Sweden,Osby,info@eltex.se,www.eltex.se,eltex-of-sweden-ab
Emmebi Impianti Srl,ITA,Italy,Liscate,contact@emmebi-impianti.it,www.emmebi-impianti.it,emmebi-impianti-srl
EMME S.r.l.,ITA,Italy,Barzano,info@emmesangalli.com,https://emmesangalli.com/,emme-srl
Empa,CHE,Switzerland,Dübendorf,,www.empa.ch,eidgenoessische-materialpruefungs--und-forschungsanstalt-empa
"EMS-CHEMIE AG, Business Unit EMS-GRILTECH",CHE,Switzerland,Domat/Ems,info@emsgriltech.com,www.emsgriltech.com,ems-chemie-ag
emtec Electronic GmbH,DEU,Germany,Leipzig,info@emtec-electronic.de,www.emtec-electronic.de,emtec-electronic-gmbh
"Endutex - Revestimentos Texteis, S.A",PRT,Portugal,Vilarinho STS,endutex@endutex.pt,www.endutex.pt,endutex---revestimentos-texteis-sa
Engineered Fiber Solutions GmbH,DEU,Germany,Hamm,,,engineered-fiber-solutions-gmbh
ENGTEX AB,SWE,Sweden,Ulricehamn,info@engtex.se,www.engtex.com,engtex-ab
Enka,COL,Colombia,Medellin,ventasymercadeo@enka.com.co,www.enka.com.co,enka-de-colombia-sa
Erca Advanced Polymer Solutions S.R.L.,ITA,Italy,Bergamo,,www.ercaaps.com,erca-advanced-polymer-solutions-srl
EREMA Engineering Recycling Maschinen und Anlagen GmbH,AUT,Austria,Ansfelden,erema@erema.at,www.erema.com,erema-engineering-recycling-maschinen-und-anlagen-gmbh
EREZ / Neucoat / E Squared Technical Textiles,ISR,Israel,Erez,shmul_k@erez-therm.com,www.erez-therm.com,erez-thermoplastic-products
Erhardt + Leimer GmbH,DEU,Germany,Stadtbergen,info@erhardt-leimer.com,www.erhardt-leimer.com,erhardt--leimer-gmbh
Errebi S.r.l.,ITA,Italy,Oggiono,info@errebitextilemachinery.it,https://www.errebitextilemachinery.it/,errebi-srl
Eschler Textil GmbH,DEU,Germany,Balingen,info@eschler.de,www.eschler.de,eschler-textil-gmbh
ESITH,MAR,Morocco,Casablanca,esith@esith.ac.ma,www.esith.ac.ma,esith
Estambril Textiles International S.L.,ESP,Spain,Sabadell,antoniallivina@estambrilinternational.com,www.estambrilinternational.com,estambril-textiles-international-sl
"Shenzhen Esun Industrial Co., Ltd.",CHN,China,Shenzhen Guangdong,zp@brightcn.net,https://www.esun3d.com/,shenzhen-esun-industrial-co-ltd
ESWE-FLEX Walzen GmbH,DEU,Germany,Langenfeld,info@eswe-flex.de,www.eswe-flex.de,eswe-flex-walzen-gmbh
ETF Machinefabriek B.V.,NLD,Netherlands,Nederweert,sales@etf.nl,www.etfmachinefabriek.nl,etf-machinefabriek-bv
ETS MALLEIN SAS,FRA,France,Corbelin,,www.mallein.fr,ets-mallein-sas
ETTLIN Smart Textiles GmbH,DEU,Germany,Ettlingen,info@ettlin.de,www.ettlin.de,ettlin-smart-textiles-gmbh
ASS Euramaterials,FRA,France,Tourcoing,,www.euramaterials.eu,ass-euramaterials
EURATEX - The European Apparel and Textile Confederation aisbl,BEL,Belgium,Brussels,info@euratex.eu,www.euratex.eu,euratex---the-european-apparel-and-textile-confederation-aisbl
Eurecat Technological Center,ESP,Spain,Mataro,info@eurecat.org,www.eurecat.org,fundacio-eurecat
Eurofilt S.r.l.,ITA,Italy,Solbiate Arno,info@eurofiltsrl.com,www.eurofiltsrl.com,eurofilt-srl
Europrotect,FRA,France,Tassin-la-Demi-Lune,contact@europrotect.fr,www.europrotect.fr,europrotect-france-sa
Eurosandow,FRA,France,Saint-Etienne,euro.commerce@eurosandow.com,www.eurosandow.com,euro-sandow-sas
"Everest Textile Co., Ltd.",TWN,Taiwan,New Taipei,everest.marketing@everest.com.tw,www.everest.com.tw/en,everest-textile-co-ltd
EXPO-NET Danmark A/S,DNK,Denmark,Hjørring,plast@expo-net.dk,www.expo-net.com,expo-net-danmark-as
FABRENE,USA,United States,Charlotte North Carolina,info@fabrene.com,www.fabrene.com,magnera-corporation
Fadis SpA,ITA,Italy,Solbiate Arno,sales@fadis.it,fadis.it,fadis-spa
Fait Plast S.p.A.,ITA,Italy,Cellatica (Brescia),contact@faitplast.com,www.faitplast.com,fait-plast-spa
Far Eastern New Century Corporation,TWN,Taiwan,New Taipei City,edwardchen@fenc.com,www.fenc.com,far-eastern-new-century-corporation
Far&egrave; S.p.A. a Socio Unico,ITA,Italy,Fagnano Olona,fare@farespa.com,www.farespa.com,fare-spa-a-socio-unico
"F.D.G. - Fiacao Da Graca, S.A.",PRT,Portugal,Padim da Graca,,www.fdg.pt,fdg---fiacao-da-graca-sa
Fein-Elast Grabher AG,CHE,Switzerland,Diepoldsau,info@fein-elast.ch,www.fein-elast.com,fein-elast-grabher-ag
Fenner Precision Polymers,USA,United States,Lititz Pennsylvania,,www.fenner.com,fenner-inc
Fepa,ITA,Italy,Milaan,info@fepa-italy.com,www.fepa-italy.com,fepa-fabbrica-minuterie-metalliche-s-r-l
Fepatex Nederland B.V.,NLD,Netherlands,Kaatsheuvel,info@fepatex.nl,www.fepatex.nl,fepatex-nederland-bv
Ferlam Technologies Sasu,FRA,France,Roubaix,contact@ferlam-technologies.com,www.ferlam-technologies.com,ferlam-technologies-sasu
Ferraro S.p.A.,ITA,Italy,Lonate Pozzolo,ferraro@ferraro.it,www.ferraro.it,ferraro-spa
FF S.r.l.,ITA,Italy,Vaiano,info@lenziegisto.it,www.lenziegisto.it,ff-srl
"Zhejiang FHR New Materials Co., Ltd.",CHN,China,Haining Zhejiang,w.alice@jxjum.com,www.phipher-tarp.com,zhejiang-fhr-new-materials-coltd
FIAB Machines,POL,Poland,Wrocław,sales@fiabmachines.com,www.fiabmachines.com,fiab--sp-z-oo-bronislaw-koziolkiewicz-sp-k
"Huzhou Fias Textile Technology Co., Ltd.",CHN,China,Huzhou Zhejiang,josie@nonwovensfactory.com,www.nonwovensfactory.com,huzhou-fias-textile-technology-co-ltd
Fiber Engineering GmbH,DEU,Germany,Karlsruhe,info@fiber-engineering.de,www.fiber-engineering.de,fiber-engineering-gmbh
Fiberflon A.S.,TUR,Türkiye,Tekirdag,info@fiberflon.com,www.fiberflon.com,fiberflon-as
"Nanjing Tianyuan Fiberglass Materiales Co., Ltd",CHN,China,Nanjing Jiangsu,mandy@tycmcn.com,www.tycmcn.com,nanjing-tianyuan-fiberglass-materiales-co-ltd
Fiberlane GmbH &amp; Co. KG,DEU,Germany,Greven,f.schirmer@fiberlane.de,www.fiberlane.de,fiberlane-gmbh--co-kg
Fiber-Line&trade;,USA,United States,Hatfield Pennsylvania,contact@avient.com,www.avient.com,fiber-line-llc
Fiberpartner ApS,DNK,Denmark,Vejle,sales@fiberpartner.com,www.fiberpartner.com,fiberpartner-aps
Fibers International B.V.,NLD,Netherlands,Bilthoven,erik@fiyarns.com,www.fiyarns.com,fibers-international-bv
Fibertex Nonwovens A/S,DNK,Denmark,Aalborg Ost,fibertex@fibertex.com,www.fibertex.com,fibertex-nonwovens-as
Fibre e Tessuti Speciali S.p.A.,ITA,Italy,Volpiano,gspisa@ftsspa.com,www.ftsspa.com,fibre-e-tessuti-speciali-spa
Fibre Extrusion Technology Limited,GBR,Great Britain and Northern Ireland,Leeds,sales@fetuk.com,www.fetuk.com,fibre-extrusion-technology-limited
Fibrenamics - Instituto De Inova&ccedil;&atilde;o Em Materiais Fibrosos E Comp&oacute;sitos,PRT,Portugal,Guimaraes,,,associacao-fibrenamics---instituto-de-inovacao-em-materiais-fibrosos-e-compsitos
Fibroline SA,FRA,France,Limonest,contact@fibroline.com,www.fibroline.com,fibroline-sa
Fibrxl Industrial B.V.,NLD,Netherlands,Almere,industrial.eu@fibrxl.com,www.fibrxl.com,fibrxl-industrial-bv
FIDLOCK GmbH,DEU,Germany,Hannover,info@fidlock.com,www.fidlock.com,fidlock-gmbh
FIL CONTROL EURL,FRA,France,Valence,,www.filcontrol.com,fil-control-eurl
Filidea S.r.l.,ITA,Italy,Biella,info@filidea.com,www.filidea.com,filidea-srl
FILIX Sas,FRA,France,Ste Savine,david.tito_morais@filix.fr,www.filix.fr,filix-sas
FILK Freiberg Institute gGmbH,DEU,Germany,Freiberg,mailbox@filkfreiberg.de,www.filkfreiberg.de,filk-freiberg-institute-gmbh
FILT 1860 SASU,FRA,France,Mondeville,catherine@filt.fr,www.filt1860.fr,filt-1860-sasu
Filtes International S.r.l.,ITA,Italy,Capriolo,info@filtes.it,www.filtes.it,filtes-international-srl
"Filtros Industriales, S.L.",ESP,Spain,Terrassa,yulia@finsaspain.com,www.finsaspain.com,filtros-industriales-sl
FIL.VA SRL,ITA,Italy,Varese,filva@filva.it,www.filva.it,filva-srl
Filzfabrik Fulda GmbH &amp; Co. KG,DEU,Germany,Fulda,info@fff-fulda.de,www.filzfabrik-fulda.de,filzfabrik-fulda-gmbh--co-kg
Filzfabrik Wurzen GmbH,DEU,Germany,Wurzen,info@filzfabrik-wurzen.de,www.filzfabrik-wurzen.de,filzfabrik-wurzen-gmbh
Final Advanced Materials SARL,FRA,France,Didenheim,,www.final-materials.com,final-advanced-materials-sarl
"Hangzhou Fine Dream Industrial Co., Ltd.",CHN,China,Hangzhou Zhejiang,shelly@fantex-ind.com,www.fantex-ind.com,hangzhou-fine-dream-industrial-co-ltd
Finelvo S.r.l.,ITA,Italy,Occhieppo Superiore,finelvo@finelvo.it,www.finelvo.it,finelvo-srl
FINESTFOG GmbH,DEU,Germany,Ottobrunn,cwagner@finestfog.com,www.finestfog.com,finestfog-gmbh
Finipur,BEL,Belgium,Deerlijk,acc@finipur.eu,www.finipur.com,finipur
Finistampa Giordanetto S.p.A.,ITA,Italy,Poirino,chiara@finistampa.it,www.finistampa.it,finistampa-giordanetto-spa
Finn-Nauha Oy,FIN,Finland,Haapamäki,info@finn-nauha.fi,www.finn-nauha.fi,finn-nauha-oy
Firewheel Industrial Corporation,CHN,China,Shanghai,info@firewheel.com.cn,http://www.firewheel.com.cn,firewheel-industrial-corporation
Fitco,BEL,Belgium,Oostende,info@fitco.be,www.fitco.be,fitco-nv
Fitexar S.A.,PRT,Portugal,Barcelos,info@fitexar.com,www.fitexar.com,fitexar---fibras-texteis-artificiaias-sa
Flamaway,BEL,Belgium,Zele,lcarlier@ctf2000.com,https://www.flamawaygroup.com,ctf2000-nv
Follmann GmbH &amp; Co. KG,DEU,Germany,Minden,info@follmann.com,www.follmann.com,follmann-gmbh--co-kg
Formosan Rubber Group Inc.,TWN,Taiwan,Taoyuan City,1558@frgco.com.tw,www.frg.com.tw,formosan-rubber-group-inc
"Formosa Taffeta Co., Ltd.",TWN,Taiwan,Yunlin County,u123631@ftc.com.tw,www.ftc.com.tw,formosa-taffeta-co-ltd
FORSSTROM High Frequency AB,SWE,Sweden,Lysekil,info@forsstrom.com,www.forsstrom.com,forsstrom-high-frequency-ab
Forster Rohner AG Textile Innovations,CHE,Switzerland,St. Gallen,hello@frti.ch,https://frti.ch/,forster-rohner-ag-textile-innovations
"Haining Fortune Textile Co., Ltd.",CHN,China,Jiaxing Zhejiang,sales-wu@chinabolong.net,,haining-fortune-textile-co-ltd
Fothergill Coated Fabrics Limited,GBR,Great Britain and Northern Ireland,"Rochdale, Lancashire",sales@f-c-f.co.uk,www.fothergillgroup.com,fothergill-coated-fabrics-limited
Fothergill Engineered Fabrics Limited,GBR,Great Britain and Northern Ireland,"Littleborough, Lancashire",sales@fothergill.co.uk,www.fothergillgroup.com,fothergill-engineered-fabrics-limited
Fothergill Polycom Ltd.,GBR,Great Britain and Northern Ireland,"Chadderton, Oldham",s.onslow@fothergill.co.uk,,fothergill-polycom-ltd
Fotia D.M.T. SASU,FRA,France,St Clair de la Tour,melanie.cotte@fotia-dmt.fr,www.fotia-dmt.com,fotia-dmt-sasu
FOV Fabrics AB,SWE,Sweden,Boras,info@fov.se,www.fov.se,fov-fabrics-ab
FPC Industrial Co.,SAU,Saudi Arabia,Riyadh,sharifh@fpctextile.com,www.fpctextile.com,fpc-industrial-co
Fraunhofer-Gesellschaft zur F&ouml;rderung der angewandten Forschung e.V.,DEU,Germany,Münchberg,frank.ficker@isc.fraunhofer.de,www.textil.fraunhofer.de,fraunhofer-gesellschaft-zur-foerderung-der-angewandten-forschung-ev---fraunhofer-iwu
Fraunhofer-Institut f&uuml;r Techno- und Wirtschaftsmathematik ITWM,DEU,Germany,Kaiserslautern,info@itwm.fraunhofer.de,www.itwm.fraunhofer.de,fraunhofer-institut-fuer-techno--und-wirtschaftsmathematik-itwm
Frenzelit GmbH,DEU,Germany,Bad Berneck i. Fichtelgebirge,info@frenzelit.com,www.frenzelit.com,frenzelit-gmbh
Freudenberg Performance Materials Holding GmbH,DEU,Germany,Weinheim,info@freudenberg-pm.com,www.freudenberg-pm.com,freudenberg-performance-materials-holding-gmbh
friedola 1888 GmbH,DEU,Germany,Meinhard,evamaria.kuehler@friedola.com,www.friedola1888.de,friedola-1888-gmbh
Frimpeks Kimya ve Etiket Sanayi Ticaret Anonim Sirketi,TUR,Türkiye,Istanbul,,,frimpeks-kimya-ve-etiket-sanayi-ticaret-anonim-sirketi
Fritz Moll Textilwerke GmbH &amp; Co. KG,DEU,Germany,Altshausen,info@moll-textil.de,www.moll-textil.com,fritz-moll-textilwerke-gmbh--co-kg
FROHN GmbH,DEU,Germany,Schauenstein,info@frohn-textil.de,www.frohn-textil.de,frohn-gmbh
Fuchshuber Techno-Tex GmbH,DEU,Germany,Lichtenstein,info@fttex.com,,fuchshuber-techno-tex-gmbh
Fulltech Fiber Glass Corporation,TWN,Taiwan,"Touliu City, Yunlin",,www.ffg.com.tw,fulltech-fiber-glass-corporation
Future Polyester Anonim Sirketi,TUR,Türkiye,Gaziantep/Şehitkamil,kutay@futurepolyester.com.tr,www.futurepolyester.com.tr,future-polyester-anonim-sirketi
Gabler-Band GmbH,AUT,Austria,Marchtrenk,office@gablerband.at,www.gablerband.at,gabler-band-gmbh
"Zhejiang Gaia Textile Co., Ltd.",CHN,China,Haining Zhejiang,carrie@gaiatarpaulin.com,www.gaiatarpaulin.com,zhejiang-gaia-textile-co-ltd
"GALAN Textile Machinery, S.L.",ESP,Spain,Terrassa,galan@galan.es,www.galan.es,galan-textile-machinery-sl
GALE Pacific Limited,AUS,Australia,Braeside,gemma.capella@galepacific.com,www.galecommercial.com,gale-pacific-limited
"Haining Gaobo Special Fiber Co., Ltd.",CHN,China,Jiaxin Zhejiang,kimi.yu@gaobofiber.com,www.gaobofiber.com,haining-gaobo-special-fiber-co-ltd
"Zhejiang Gaoda New Material Co., Ltd.",CHN,China,Jiaxing Zhejiang,market@gaodacn.com,www.gaodacn.com,zhejiang-gaoda-new-material-co-ltd
"Wuxi Gaoshikang New Materials Technology Co., Ltd.",CHN,China,Wuxi Jiangsu,karl.zheng@gao-textiles.com,http://www.gaoshikang.com/,wuxi-gaoshikang-new-materials-technology-co-ltd
"Nantong Gather Excellence-Cleaning Medical Materials Co., Ltd.",CHN,China,Nantong Jiangsu,gatherlucky-sales5@nt-huifu.com,www.nthyj.cn,nantong-gather-excellence-cleaning-medical-materials-co-ltd
Gauthier Tissus SAS,FRA,France,Saint Victor de Morestel,contact@gauthier-tissus.com,www.gauthier-tissus.com,gauthier-tissus-sas
Gavazzi Tessuti Tecnici S.p.a.,ITA,Italy,Milano,info@gavazzispa.it,www.gavazzispa.it,gavazzi-tessuti-tecnici-spa
"Gb Global, Inc.",KOR,"Korea, the Republic of (South)",Seoul,,www.gbglobal.kr,gb-global-inc
GDS GmbH &amp; Co. KG,DEU,Germany,Heilsbronn,,,gds-gmbh--co-kg
g e b e textil technik gmbh,DEU,Germany,Pfalzgrafenweiler,info@gebe.de,www.gebe.de,g-e-b-e-textil-technik-gmbh
"&#39;Gedeon&#39; Sp. J. Joanna Deka, Bogdan Deka",POL,Poland,Parzeczew,deka@gedeon.pl,www.gedeon.pl,gedeon-sp-j-joanna-deka-bogdan-deka
Geisa Fabrics S.L.,ESP,Spain,Viladecavalls (Barcelona),info@geisa.com,www.geisa.com,geisa-fabrics-sl
gemet GmbH technical adhesive foils,DEU,Germany,Graben-Neudorf,,,gemet-gmbh-technical-adhesive-foils
Genkinger GmbH,DEU,Germany,Münsingen,info@genkinger-hubtex.com,www.genkinger-hubtex.com,genkinger-gmbh
"Zhangjiajie Gen Q New Material Co., Ltd.",CHN,China,Zhangjiajie City Hunan,,www.genqfilm.com,zhangjiajie-gen-q-new-material-co-ltd
Gentug Tekstil Urunleri San. Ve Tic. A.S,TUR,Türkiye,Istanbul,h.ergenekonlu@gentug.com,www.gentug.com,gentug-tekstil-urunleri-san-ve-tic-as
Geomas Geokompozit Sanayi Muhendislik Ticaret Anonim Sirketi,TUR,Türkiye,Ataşehir / Istanbul,,www.geomas.com,geomas-geokompozit-sanayi-muhendislik-ticaret-anonim-sirketi
Georg + Otto Friedrich GmbH,DEU,Germany,Groß-Zimmern,info@g-o-friedrich.com,www.g-o-friedrich.com,georg--otto-friedrich-gmbh
Geratex Machinery Pvt. Ltd.,IND,India,Vadodara,saurabh.sinha@geratex-india.com,www.geratex-india.com,geratex-machinery-pvt-ltd
Gerlinger Industries GmbH,DEU,Germany,Netzschkau,info@gerlinger-industries.de,www.gerlinger-industries.de,gerlinger-industries-gmbh
Gesamtverband der deutschen Textil- und Modeindustrie e.V.,DEU,Germany,Berlin,info@textil-mode.de,www.textil-mode.de,gesamtverband-der-deutschen-textil--und-modeindustrie-ev
Getzner Textil AG,AUT,Austria,Bludenz,technics@getzner.at,www.getzner.at,getzner-textil-ag
Gevaert Bandweverij NV,BEL,Belgium,Deinze,,www.gevaertband.be,gevaert-bandweverij-nv
Gezderi Sentetik Deri San. Tic. A.S.,TUR,Türkiye,"Esenyurt, Istanbul",info@gezderi.com,www.gezderi.com,gezderi-sentetik-deri-san-tic-as
GF Machinery s.r.o.,CZE,Czech Republic,Brno,tech@gfm.cz,www.gfm.cz,gf-machinery-sro
"G&amp;H International Co., Ltd.",KOR,"Korea, the Republic of (South)",Seoul,,http://gandh.co.kr/,gh-international-co-ltd
Gilbos NV,BEL,Belgium,Aalst,info@gilbos.com,www.gilbos.com,gilbos-nv
Ginni Spectra Private Limited,IND,India,"Jaipur, Rajasthan",nitinpoddar@nowofill.com,www.nowofill.com,ginni-spectra-private-limited
Giobbe S.r.l. - Ferber Textile Solutions,ITA,Italy,Missaglia,lorenzoberetta@ferber.it,www.ferber.it,giobbe-srl
Giofex Group S.r.l.,ITA,Italy,Milano,,,giofex-group-srl
Giovanardi di Giovanardi Carlo &amp; C. s. r. l.,ITA,Italy,Villimpenta,info@giovanardi.it,www.giovanardi.com,giovanardi-di-giovanardi-carlo--c-s-n-c
GKD - Gebr. Kufferath AG,DEU,Germany,Düren,info@gkd-group.com,www.gkd-group.com,gkd---gebr-kufferath-ag
Heinrich Glaeser Nachf. GmbH,DEU,Germany,Ulm,info@glaeser-textil-ulm.de,www.glaeser-textil.com,heinrich-glaeser-nachf-gmbh
G-LOFT&reg; PREMIUM INSULATION TECHNOLOGY,AUT,Austria,Seeboden,office@goldecktextil.com,www.goldecktextil.com,goldeck-textil-gmbh
Gloria Tekstil Sanayi Ve Ticaret Anonim Sirketi,TUR,Türkiye,Istanbul,,www.almodo.com.tr,gloria-tekstil-sanayi-ve-ticaret-anonim-sirketi
"Tianjin Glory Tang Hi-Tech Fiber Co., Ltd.",CHN,China,Tianjin,expo@glorytang.com,https://www.glorytang.com/,tianjin-glory-tang-hi-tech-fiber-co--ltd
GLORY VT Vietnam,VNM,Vietnam,Tay Ninh Province,gloryvn@glorytexvina.com,https://glorytexvina.com/,glory-vt-vietnam
Glotex Limited,KOR,"Korea, the Republic of (South)",Seoul,sales@glotex.co.kr,www.glotex.co.kr,glotex-limited
"Hangzhou Golden Lily Non-Woven Cloth Co., Ltd.",CHN,China,Hangzhou Zhejiang,liuxy@hzgoldenlily.cn,www.goldenlilynonwoven.com,hangzhou-golden-lily-non-woven-cloth-co-ltd
Graf Chemicals GmbH,DEU,Germany,Bad Tölz,info@graf-chemicals.com,www.graf-chemicals.com,graf-chemicals-gmbh
Graf + Cie AG,CHE,Switzerland,Rapperswil SG,simone.jeker@graf-companies.com,www.graf-companies.com,graf--cie-ag
Graute GmbH,DEU,Germany,Senden,info@grautegmbh.de,www.grautegmbh.de,graute-gmbh
G.R. Corporation,IND,India,Kanpur,alok@grcorporation.co.in,www.grcorporation.com,gr-corporation
Griffine Industries SAS,FRA,France,Nucourt,griffine@griffine.com,www.griffine.com,griffine-industries-sas
Willy Grob AG,CHE,Switzerland,Eschenbach,export1@hunziker.info,www.willy-grob.ch,willy-grob-ag
Groupe CTT Inc,CAN,Canada,Saint-Hyacinthe,info@gcttg.com,www.gcttg.com,groupe-ctt-inc
Groz-Beckert KG,DEU,Germany,Albstadt,contact@groz-beckert.com,www.groz-beckert.com,groz-beckert-kg
"GS Biomats Co., Ltd.",CHN,China,Hangzhou Zhejiang,contact@gsbiomats.com,https://www.gsbiomats.com/,gs-biomats-co-ltd
GtA - Gesellschaft f&uuml;r textile Ausr&uuml;stung mbH,DEU,Germany,Neresheim,info@gta-textil.com,www.gta-textil.com,gta---gesellschaft-fuer-textile-ausruestung-mbh
Gualchieri e Gualchieri &amp; C S.r.l.,ITA,Italy,Prato,commerciale@gualchieriegualchieri.it,www.gualchieriegualchieri.it,gualchieri-e-gualchieri--c-srl
Guarneri Technology S.r.l.,ITA,Italy,Busto Arsizio,administration@guarneri-technology.it,https://techtextil.messefrankfurt.com/,guarnieri-technology-srl
Gucheng Zhengkou Yunhe Industry Clothstrips Factory,CHN,China,Hengshui Hebei,robbie@yhbdc.com,www.yhbdc-china.com,gucheng-zhengkou-yunhe-industry-clothstrips-factory
G&uuml;lipek Kumas Ve Iplik Ticaret Ve San. A.S.,TUR,Türkiye,Osmangazi / Bursa,gulipek@gulipek.com.tr,,guelipek-kumas-ve-iplik-ticaret-ve-san-as
G&uuml;th &amp; Wolf GmbH,DEU,Germany,Gütersloh,central@gueth-wolf.de,www.gueth-wolf.de,gueth--wolf-gmbh
Gujwool Glassfibre Composites,IND,India,Mumbai,het@gujwool.com,www.gujwool.com,gujwool-glassfibre-composites
"GUMOTEX Coating, s.r.o.",CZE,Czech Republic,Breclav,info@gumotex.cz,www.gumotex.cz,gumotex-coating-sro
"Zhejiang Guxiandao Polyester Dope Dyed Yarn Co., Ltd.",CHN,China,Shaoxing Zhejiang,info@guxiandao.com,www.guxiandao.com,zhejiang-guxiandao-polyester-dope-dyed-yarn-co-ltd
GVA Textielveredeling B.V.,NLD,Netherlands,Aalten,a.vandertas@gva-textielveredeling.nl,www.gva-textielveredeling.nl,gva-textielveredeling-bv
IST Michael Haasner GmbH &amp; Co. KG,DEU,Germany,Geldern,info@ist-haasner.de,www.ist-haasner.de,ist-michael-haasner-gmbh--co-kg
Carl Th. Hackenberg GmbH,DEU,Germany,Wuppertal,band@hackenberg-group.de,www.hackenberg-group.de,carl-th-hackenberg-gmbh
Hacom Trading BV,NLD,Netherlands,Ridderkerk,sales@hacomtrading.com,www.hacomtrading.com,hacom-trading-bv
H&auml;ndel + Diller GmbH,DEU,Germany,Balingen,info@haendel-diller.de,haendel-diller.de,haendel--diller-gmbh
Hagihara Industries Inc.,JPN,Japan,Kurashiki Okayama,s.saito@hagihara.co.jp,www.hagihara.co.jp,hagihara-industries-inc
Hailide Fibers Europe A/S,DNK,Denmark,Randers C,,,hailide-fibers-europe-as
"Zhejiang Hailide New Composite Material Co., Ltd.",CHN,China,Jiaxing Zhejiang,coating@halead.com,https://composite.halead.com/cn/,zhejiang-hailide-new-composite-material-co-ltd
"Zhejiang Hailide New Material Co., Ltd.",CHN,China,Jiaxing Zhejiang,yarnsales@halead.com,https://www.halead.com/en,zhejiang-hailide-new-material-co-ltd
"Wenzhou Hairou Import &amp; Export Co., Ltd.",CHN,China,Wenzhou Zhejiang,sales2@wzhairou.com,www.hzecon.com,wenzhou-hairou-import--export-co-ltd
"Haiyang Technology Co., Ltd.",CHN,China,Taizhou Jiangsu,chuyx@haiyangchemical.com,www.pa6.com.cn,haiyang-technology-co-ltd
HALO-electronic Gesellschaft m.b.H.,AUT,Austria,Lustenau,office@inteos.com,www.inteos.com,halo-electronic-gesellschaft-mbh
Hammer-IMS,BEL,Belgium,Herk-de-Stad,sales@hammer-ims.com,www.hammer-ims.com,hammer-ims
Handsaeme Machinery bv,BEL,Belgium,Izegem,sales@handsaeme.be,www.handsaeme.be,handsaeme-machinery-bv
"Haining Hangyi Textile Co., Ltd.",CHN,China,Jiaxing Zhejiang,kevin@hangyitex.com,www.hangyitex.com,haining-hangyi-textile-co-ltd
"HANIL CO., LTD.",KOR,"Korea, the Republic of (South)",Goryeong-Gun,hanil@goodsheet.net,http://www.goodsheet.co.kr,hanil-co-ltd
Hannecard Immo SAS,FRA,France,Cernay,,,hannecard-immo-sas
Hansa Industrie-Mixer GmbH &amp; Co. KG,DEU,Germany,Stuhr,kontakt@hansamixer.de,www.hansamixer.de,hansa-industrie-mixer-gmbh--co-kg
Hardick B.V.,NLD,Netherlands,Hengelo,info@hardick.com,www.hardick.com,hardick-bv
Harish Textile Engineers Limited,IND,India,Mumbai,,,harish-textile-engineers-limited
HAROON FABRICS (PVT.) LIMITED,PAK,Pakistan,Faisalabad,yousaf@hrltex.com,http://www.hrltex.com/,haroon-fabrics-pvt-limited
Harput Tekstil Sanayi Ve Tic. A.S.,TUR,Türkiye,Osmangazi / Bursa,ufuk@harputtextile.com,https://www.harputtekstil.com.tr/,harput-tekstil-sanayi-ve-tic-as
Hassan Tekstil Sanayi ve Ticaret A.S.,TUR,Türkiye,Istanbul,ebru.senyer@hassan.com.tr,www.hassan.com.tr,hassan-tekstil-sanayi-ve-ticaret-as
H&amp;B Materials Sas,FRA,France,Saint-Fons,hichem.ichou@hbmaterials.fr,https://hbmaterials.fr/,hb-materials-sas
Heathcoat Fabrics Limited,GBR,Great Britain and Northern Ireland,Tiverton,info@heathcoat.co.uk,www.heathcoat.co.uk,heathcoat-fabrics-limited
"Hebei Kanglida Metal Net Co., Ltd.",CHN,China,Hengshui Hebei,info@chinawirenetting.com,www.chinawirenetting.com,hebei-kanglida-metal-net-co-ltd
Heberlein Technology AG,CHE,Switzerland,Wattwil,info@heberlein.com,www.heberlein.com,heberlein-ag
"Heesung Polymer Co., Ltd.",KOR,"Korea, the Republic of (South)",Seoul,helen@hspd.co.kr,www.hspd.co.kr,heesung-polymer-co-ltd
Hegewald &amp; Peschke Me&szlig;- und Pr&uuml;ftechnik GmbH,DEU,Germany,Nossen,info@hegewald-peschke.de,www.hegewald-peschke.de,hegewald--peschke-mess--und-prueftechnik-gmbh
Heiligenst&auml;dter Rei&szlig;verschlu&szlig; GmbH &amp; Co. KG,DEU,Germany,Heilbad Heiligenstadt,info@h-rv.de,www.heiligenstaedter-reissverschluss.de,heiligenstaedter-reissverschluss-gmbh--co-kg
HeiQ Materials AG,CHE,Switzerland,Schlieren,info@heiq.com,www.heiq.com,heiq-materials-ag
Helcor-Leder-Tec GmbH,DEU,Germany,Hehlen,,www.helcor-leder-tec.com,helcor-leder-tec-gmbh
"HELIOTEXTIL - ETIQUETAS E PASSAMANARIAS, S.A.",PRT,Portugal,Sao Joao da Madeira,geral@heliotextil.com,www.heliotextil.com,heliotextil---etiquetas-e-passamanarias-sa
"Zhejiang Hengdian Imp. &amp; Exp. Co., Ltd.",CHN,China,Hangzhou Zhejiang,,www.hengdian-ie.com,zhejiang-hengdian-imp-exp-co-ltd
Henghui Braiding Europe s.r.o.,CZE,Czech Republic,Pardubice,tomas@henghui-europe.com,www.henghui-europe.com,henghui-braiding-europe-sro
"Jiangsu Hengli Chemical Fibre Co., Ltd.",CHN,China,Suzhou Jiangsu,michael.feng@hengli.com,www.global.hengli.com,jiangsu-hengli-chemical-fibre-co-ltd
"Shandong Hengtai Textile Co., Ltd.",CHN,China,Linyi Shandong,scb01@hengtex.com,www.hengtex.com,shandong-hengtai-textile-co-ltd
"Guangzhou Hengxin Tread Co., Ltd.",CHN,China,Guangzhou Guangdong,sales@gzhengxin.cn,www.gzhengxin.cn,guangzhou-hengxin-tread-co-ltd
Heraeus Precious Metals GmbH &amp; Co. KG,DEU,Germany,Hanau,chemicals@heraeus.com,www.heraeus-precious-metals.com,heraeus-precious-metals-gmbh--co-kg
Hergeth GmbH,DEU,Germany,Aachen,mail@hergeth.de,www.hergeth.de,hergeth-gmbh
Hero Textil AG,DEU,Germany,Crailsheim,,,hero-textil-ag
Herrmann Ultraschalltechnik GmbH &amp; Co. KG,DEU,Germany,Karlsbad,info@herrmannultraschall.com,www.herrmannultraschall.com,herrmann-ultraschalltechnik-gmbh--co-kg
HERTER EDELWEISS JERSEY GmbH &amp; Co. KG,DEU,Germany,Albstadt,patrick.herter@technicalknits.com,technicalknits.com,herter-edelweiss-jersey-gmbh--co-kg
HERZOG GmbH,DEU,Germany,Oldenburg,info@herzog-online.com,www.herzog-online.com,herzog-gmbh
Richard Hess MBV GmbH,DEU,Germany,Sonsbeck,info@hess-mbv.de,www.hess-mbv.de,richard-hess-mbv-gmbh
HICOMAN SL,ESP,Spain,Cox,info@hicoman.com,www.hicoman.com,hicoman-sl
High Institute of Technological Studies of Ksar Helal,TUN,Tunisia,Ksar Hellal,,,high-institute-of-technological-studies-of-ksar-helal
HQT High Quality Tapes GmbH + Co. KG,DEU,Germany,Velbert,info@hq-tapes.com,www.hq-tapes.de,hqt-high-quality-tapes-gmbh--co-kg
HILADOS EGARFIL SA,ESP,Spain,Terrassa,jgabarro@egarfil.com,,hilados-egarfil-sa
Hilaturas Arnau SL,ESP,Spain,Sabadell,joan@hilaturasarnau.com,www.hilaturasarnau.com,hilaturas-arnau-sl
Hiltex Industrial Fabrics Pvt. Ltd.,IND,India,Kanpur,info@hiltexoverseas.com,www.hiltexoverseas.com,hiltex-industrial-fabrics-pvt-ltd
Hiltex Ltd.,GBR,Great Britain and Northern Ireland,"Openshaw, Manchester",matthew@hiltex.com,www.hiltex.com,hiltex-ltd
Hiltex Overseas Pvt Ltd,IND,India,Kanpur,hiltexoverseas@gmail.com,www.hiltexoverseas.com,hiltex-overseas-pvt-ltd
Hiltex Technische Weefsels BV,NLD,Netherlands,Westknollendam,sales@hiltex.com,www.hiltex.com,hiltex-technische-weefsels-bv
"Changchun Hipolking Co., Ltd.",CHN,China,Changchun Jilin,sc_hipoly@163.com,www.hipolyking.com,changchun-hipolking-coltd
"Jiangsu Hi Smile Thread Co., Ltd.",CHN,China,Nantong Jiangsu,,,jiangsu-hi-smile-thread-co-ltd
"Hitex Textile Co., Ltd.",TWN,Taiwan,Chiayi,nick@hitex-group.com,www.hitex-group.com.tw/,hitex-textile-co-ltd
Hiway Textiles Limited,HKG,Hong Kong,Kwai Chung,sales@hiwaytextiles.com,www.fshl.com,hiway-textiles-limited
HK Textil GmbH,DEU,Germany,Schnabelwaid,,,hk-textil-gmbh
Hochschule Albstadt-Sigmaringen textile Studieng&auml;nge,DEU,Germany,Albstadt,tex@hs-albsig.de,hs-albsig.de/tex,hochschule-albstadt-sigmaringen-textile-studiengaenge
Hochschule Niederrhein University of Applied Sciences,DEU,Germany,Mönchengladbach,ftb@hs-niederrhein.de,https://www.hs-niederrhein.de/textil-bekleidungstechnik/,hochschule-niederrhein-university-of-applied-sciences
Hochschule Reutlingen TEXOVERSUM Lehr-und Forschungszentrum und Fakult&auml;t,DEU,Germany,Reutlingen,hannelore.nonnenmacher@reutlingen-university.de,https://www.tex.reutlingen-university.de/,hochschule-reutlingen-texoversum-fakultaet-textil
Hochschule Reutlingen Textil Accelerator &ndash; Stoff im Kopf,DEU,Germany,Reutlingen,stoffimkopf@reutlingen-university.de,https://www.stoff-im-kopf.de/,hochschule-reutlingen-textil-accelerator--stoff-im-kopf
Hofer Textilveredelungs GmbH,DEU,Germany,Hof,info@lamination.de,www.lamination.de,hofer-textilveredelungs-gmbh
Holland Colours Europe B.V.,NLD,Netherlands,Apeldoorn,mklomp@hollandcolours.com,www.hollandcolours.com,holland-colours-europe-bv
Hollanders Printing Solutions B.V.,NLD,Netherlands,Eindhoven,sales@hollanders-ps.nl,www.hollanders-ps.nl,hollanders-printing-solutions-bv
"Hebei Hongding Plastic Manufacturing Co., Ltd.",CHN,China,Baoding Hebei,info@hongdingsy.com,www.hdmaterials.com,hebei-hongding-plastic-manufacturing-co-ltd
"Jiangsu Hongfeng Thread Technology Co., Ltd.",CHN,China,Nantong Jiangsu,liufei@nthfnx.com,www.jsrz.com,jiangsu-hongfeng-thread-technology-co-ltd
"Zhejiang Hongyan New Material Co., Ltd.",CHN,China,Jiaxing Zhejiang,hoyanm@163.com,www.hoyanm.com,zhejiang-hongyan-new-material-co-ltd
"Zhejiang Hontex New Materials Co., Ltd.",CHN,China,Jiaxing Zhejiang,,www.hontex.biz,zhejiang-hontex-new-materials-co-ltd
Hook &amp; Loop Technology GmbH,DEU,Germany,Filderstadt,phil.arnold@hook-loop.de,www.hook-loop.de,hook--loop-technology-gmbh
Hoook GmbH,DEU,Germany,Gronau,stefan.krake@hoook.eu,www.hoook.eu,hoook-gmbh
"Ho Yu Textile Co., Ltd.",TWN,Taiwan,Taoyuan City,hoyu@hoyu.com.tw,www.hoyu.com.tw,ho-yu-textile-co-ltd
HS HYOSUNG ADVANCED MATERIALS,KOR,"Korea, the Republic of (South)",Seoul,hanna.c@hshyosung.com,www.hshyosungadvancedmaterials.com,hs-hyosung-advanced-materials
"Hsiang Chuan Machinery Co., Ltd.",TWN,Taiwan,"Xianxi Township, Changhua",sales@globalbraid.com,www.globalbraid.com,hsiang-chuan-machinery-co-ltd
"Hsinnjy Industrial Co., Ltd.",TWN,Taiwan,Nantou,nonwoven_td@mail.nonwoven.com.tw,www.nonwoven.com.tw,hsinnjy-industrial-co-ltd
HTS ALTE TEMPERATURE S.r.l.,ITA,Italy,Costa di Mezzate,info@htsaltetemperature.com,www.htsaltetemperature.com,hts-alte-temperature-srl
"Hua Mao Nano-Tech Co., Ltd.",TWN,Taiwan,Taoyuan,lillian.chen@huamao.com.tw,www.huamao.com.tw,hua-mao-nano-tech-co-ltd
"Zhejiang Huasheng Technology Co., Ltd",CHN,China,Jiaxing Zhejiang,emily@huashengflex.com.cn,www.huashengflex.com,zhejiang-huasheng-technology-co--ltd
"Wenzhou Huate Hot-Melts Co., Ltd.",CHN,China,Wenzhou Zhejiang,info@huatecn.com,www.huatecn.com,wenzhou-huate-hot-melts-co-ltd
Huatek New Material Inc.,CHN,China,Xianyang Shaanxi,sale@huatekfiberglass.com,www.huatek.cn,huatek-new-material-inc
"Jiangxi Huayuan New Material Co., Ltd.",CHN,China,Ganzhou Jiangxi,,www.cnhynm.com,jiangxi-huayuan-new-material-co-ltd
"Huber &amp; Co AG, Bandfabrik",CHE,Switzerland,Oberkulm,info@huberband.com,www.huberband.com,huber--co-ag-bandfabrik
S&auml;chsische Netzwerke Huck GmbH,DEU,Germany,Heidenau,snh@huck.net,www.huck.net,saechsische-netzwerke-huck-gmbh
"Huge Rock Textile Co., Ltd.",TWN,Taiwan,Taoyuan City,ctsai@hugebamboo.com,,huge-rock-textile-co-ltd
"Zhejiang Huifeng Technology &amp; Innovation Co., Ltd.",CHN,China,Jiaxing Zhejiang,popflex@163.com,www.ccpittex.com.cn,zhejiang-huifeng-technology--innovation-co-ltd
"Hunan Huitong Advanced Materials Co., Ltd.",CHN,China,Changsha Hunan,zachary@ht-metalfiber.com,www.ht-metalfiber.com,hunan-huitong-advanced-materials-co-ltd
G. Hunziker AG,CHE,Switzerland,Eschenbach,export1@hunziker.info,www.hunziker.info,g-hunziker-ag
Huvis Corporation,KOR,"Korea, the Republic of (South)",Seoul,solar@huvis.com,huvis.com,huvis-corporation
"Hybno Co., Ltd.",KOR,"Korea, the Republic of (South)",Seoul,robinpark@hybno9.com,www.hybno9.com,hybno-co-ltd
IBENA Textilwerke GmbH,DEU,Germany,Bocholt,info@ibena.de,www.ibena.de,ibena-textilwerke-gmbh
Ibex Marina Ropes Ltd/Ace Supplies (UK) Ltd,GBR,Great Britain and Northern Ireland,Bury,george.brigham@ibexmarina.com,www.ibexmarina.com,english-braids-ltd
"IBQ Textiles, S.A.U.",ESP,Spain,"Sant Quirze del Valles, Barcelona",ibq@ibqtextiles.com,https://ibqtextiles.com/,ibq-textiles-sau
Icap - Sira Chemicals and Polymers S.p.A.,ITA,Italy,Parabiago,info@icapsira.com,www.icapsira.com,icap---sira-chemicals-and-polymers-spa
ICE-Agenzia per la Promozione all&#39;Estero e l&#39;Internazionalizzazione delle Imprese Italiane,ITA,Italy,Roma,berlino@ice.it,https://www.ice.it/en/,ice-agenzia-per-la-promozione-allestero-e-linternazionalizzazione-delle-imprese-italiane
Ico System International Coating GmbH,DEU,Germany,Lüneburg,info@ico-system.de,www.ico-system.de,ico-system-international-coating-gmbh
I-Coats N. V.,BEL,Belgium,Berchem,kvg@i-coats.be,www.i-coats.net,i-coats-n-v
ICOMATEX SA,ESP,Spain,Viladecavalls,export@icomatex.com,www.icomatex.com,icomatex-sa
IDEAL Fastener Europe BV,NLD,Netherlands,VB Sneek,mammermann@idealfastener.com,www.idealfastener.com,ideal-fastener-europe-bv
Idealtech S.r.l.,ITA,Italy,Varedo,sales@idealtech.it,www.idealtech.it,idealtech-srl
I.M.A. Industria Macchine Automatiche S.p.A.,ITA,Italy,Ozzano Dell'Emilia,events@ima.it,www.ima.it,ima-industria-macchine-automatiche-spa
IMA Industria Meccanica Applicata S.r.l.,ITA,Italy,Vittorio Veneto,info@imaitaly.com,www.imaitaly.com,ima-industria-meccanica-applicata-srl
IMA S.R.L.,ITA,Italy,Mortara,greta.lanzarotti@imadelta.com,,ima-srl
IMATTEC SASU,FRA,France,Tourcoing,contact@imattec.com,www.imattec.com,imattec-sasu
imbut GmbH,DEU,Germany,Greiz,info@imbut.de,www.imbut.de,imbut-gmbh
IMP Comfort Sp. z o.o.,POL,Poland,Swidnica,swidnica@comfort.pl,www.comfort.pl,imp-comfort-sp-z-oo
Impetus Group,PRT,Portugal,Apulia,csa@impetus.pt,,impetus-portugal---txteis-sa
Ims Bauhaus&reg; Latino Am&eacute;rica,URY,Uruguay,Montevideo,info@ims-bauhaus-la.org,www.ims-bauhaus-la.org,ims-bauhaus-latino-amrica
INCABO S.A.,ESP,Spain,Canovelles,carmen@incabo.com,www.incabo.com,incabo-sa
Indorama Ventures,THA,Thailand,Bangkok,enquiry.fibers@indorama.net,www.indoramaventures.com,indorama-ventures-fibers-germany-gmbh
INDO SPUN LLP,IND,India,Mumbai,p.sapkal@indospun.com,,indo-spun-llp
Industria Chimica Mediterranea S.r.l.,ITA,Italy,Napoli,,,industria-chimica-mediterranea-srl
Industrie Biagioli S.P.A.,ITA,Italy,Prato,biagioli@biagioli.com,www.biagioli.com,industrie-biagioli-spa
Industrieverband Technische Textilien-Rollladen-Sonnenschutz e.V. (ITRS),DEU,Germany,Fulda,office@itrs-ev.com,www.itrs-ev.com,industrieverband-technische-textilien--rollladen-sonnenschutz-ev-itrs
"Inner Mongolia Fengshengtai New Material Co., Ltd",CHN,China,BaoTou Nei Mongol Zizhiqu,,www.fst-aramid.com,inner-mongolia-fengshengtai-new-material-co-ltd
"InnoFiber Research Lab, 2C2T, Universidade do Minho",PRT,Portugal,Guimarães,diana.ferreira@det.uminho.pt,https://2c2t.uminho.pt/research-teams/innofiber-2/,universidade-do-minho
Innovarte Europe S.r.l.,ITA,Italy,Milano,urognoni@innovarte.com.sg,www.innovarte.com.sg,innovarte-europe-srl
Innovatec Microfibre Technology GmbH &amp; Co. KG,DEU,Germany,Troisdorf,zentrale@innovatec.de,www.innovatec.de,innovatec-microfibre-technology-gmbh--co-kg
Inovafil Fiacao S.A.,PRT,Portugal,Ronfe,sales@inovafil.pt,www.inovafil.pt,inovafil-fiacao-sa
Institut f&uuml;r Materialwissenschaften der Hochschule Hof,DEU,Germany,Hof,ifm@hof-university.de,www.hof-university.de/ifm,hochschule-fuer-angewandte-wissenschaften-hof
Intata S.R.L.,ITA,Italy,Gaggiano,info@intata.it,https://intata.it/,intata-srl
"Xianhe Intelligent Manufacturing (Wuxi) Co., Ltd.",CHN,China,Wuxi Jiangsu,suk@wxxianhe.com,www.chinaxianhe.cn,xianhe-intelligent-manufacturing--wuxi-co-ltd
Intem Triko Sanayi Ve Ticaret Anonim Sirketi,TUR,Türkiye,Istanbul,,www.intemtriko.com,intem-triko-sanayi-ve-ticaret-anonim-sirketi
Interlink Electronics Inc.,USA,United States,Fremont California,sales@iefsr.com,www.interlinkelectronics.com,interlink-electronics-inc
Interspare Textilmaschinen GmbH,DEU,Germany,Reinbek,info@interspare.com,www.interspare.com,interspare-textilmaschinen-gmbh
Intertape Polymer Group (ECP Division),CAN,Canada,"Truro, Nova Scotia",info@itape.com,ecp.itape.com,intertape-polymer-group
"Interway Ind. Co., Ltd.",KOR,"Korea, the Republic of (South)",Mapo-Gu,master@interway-tarp.com,www.interway-tarp.com,interway-ind-co-ltd
Intex Consulting GmbH,DEU,Germany,Wuppertal,info@intex-consulting.com,www.intex-consulting.com,intex-consulting-gmbh
INVENTEX Spezialtextilwerk Funke Inh.: Michael Funke,DEU,Germany,Hof,info@inventex.de,www.inventex.de,inventex-spezialtextilwerk-funke-inh-michael-funke
Iprotex&reg; GmbH &amp; Co. KG,DEU,Germany,Münchberg,sales@iprotex.de,www.iprotex.com,iprotex-gmbh--co-kg
IQ-SPS GmbH,DEU,Germany,Wettringen,natascha.spy@iq-sps.de,www.iq-sps.de,iq-sps-gmbh
ISKO,TUR,Türkiye,Inegol /Bursa,,https://iskopro.com/,sanko-tekstil-isletmeleri-san-ve-tic-as---isko-subesi
Isomatex SA,BEL,Belgium,Gembloux,,www.isomatex.com,isomatex-sa
Istanbul Tekstil Ve Konfeksiyon Ihracatci Birlikleri Genel Sekreterligi,TUR,Türkiye,Bahçelievler/Istanbul,,www.itkib.org.tr,istanbul-tekstil-ve-konfeksiyon-ihracatci-birlikleri-genel-sekreterligi
ITA Institut f&uuml;r Textiltechnik der RWTH Aachen University,DEU,Germany,Aachen,ita@ita.rwth-aachen.de,www.ita.rwth-aachen.de,institut-fuer-textiltechnik-der-rwth-aachen-university-ita
Itema S.p.A.,ITA,Italy,Colzate,contact@itemagroup.com,www.itemagroup.com,itema-spa
ITKIB - Istanbul Textile and Raw Materials Exporters Association,TUR,Türkiye,Bahcelievler/Istanbul,tekstil@itkib.org.tr,www.itkib.org.tr,itkib---istanbul-textile-and-raw-materials-exporters-association
ITKIB Fuarcilik Anonim Sirketi,TUR,Türkiye,Istanbul,,www.ifco.com.tr,itkib-fuarcilik-anonim-sirketi
IT. Tech s.r.l.,ITA,Italy,Meda,info@ittechsrl.it,,it-tech-srl
IVGT - Industrieverband Veredlung - Garne - Gewebe - Technische Textilien e.V.,DEU,Germany,Frankfurt,info@ivgt.de,www.ivgt.de,ivgt---industrieverband-veredlung---garne---gewebe---technische-textilien-ev
Jacol Sp. z o.o.,POL,Poland,Modla Krolewska,annawanat@jacol.pl,www.jacol.pl,jacol-sp-z-oo
Gebr&uuml;der Jaeger GmbH,DEU,Germany,Wuppertal,kemal.uslu@jaeger-ttc.com,www.jaeger-ttc.com,gebrueder-jaeger-gmbh
Jahn GmbH &amp; Co. KG,DEU,Germany,Schwarzenbach am Wald,u.menger@jahntextil.de,www.jahntextil.de,jahn-gmbh--co-kg
JAI SYNTEX,IND,India,Thane (West),bhupen4186@gmail.com,www.jaisyntex.com,jai-syntex
James Heal/PPT Group UK Ltd.,GBR,Great Britain and Northern Ireland,Halifax,marketing@pptgroup.com,www.jamesheal.com,ppt-group-uk-ltd
"Jangeun FNC Co., Ltd.",KOR,"Korea, the Republic of (South)",Seocho-Gu,rkdmskatie@naver.com,,jangeun-fnc-co-ltd
JB Ecotex Limited,IND,India,"Taluka-Mangrol, Surat",sandeep@jbecotex.com,www.jbecotex.com,jb-ecotex-limited
JBF Maschinen GmbH,DEU,Germany,Hohentengen,info@jbf-maschinen.de,www.jbf-maschinen.de,jbf-maschinen-gmbh
"Sichuan Jiahongda Textile Co., Ltd.",CHN,China,Chengdu Sichuan,terry@yeuloum.com,https://en.jhdtex.com,sichuan-jiahongda-textile-co-ltd
"Jia Meir Industrial Co., Ltd.",TWN,Taiwan,Miaoli County,jm.service@jiameir.com,www.jiameir.com,jia-meir-industrial-co-ltd
Jiangsu Textile Research Institute Inc.,CHN,China,Wuxi Jiangsu,trade@cjti.com,www.cjti.com,jiangsu-textile-research-institute-inc
"Zhejiang Jiasheng New Material Co., Ltd.",CHN,China,Jiaxing Zhejiang,mandy@fxflex.cn,,zhejiang-jiasheng-new-material-co-ltd
"Jiaxing Jiete New Material Co., Ltd.",CHN,China,Haining Zhejiang,admin@gedfiberglass.com,www.gedfiberglass.com.cn,jiaxing-jiete-new-material-co-ltd
"Haining Jinchao Industry Co., Ltd.",CHN,China,Jiaxing Zhejiang,agnes@hanjet.cc,www.chinajcpb.com,haining-jinchao-industry-co-ltd
"Haining Jinda Coating Co., Ltd.",CHN,China,Haining Zhejiang,mary@jinda.com.cn,www.jinda.com.cn,haining-jinda-coating-co-ltd
"Hubei Jinlong New Materials Co., Ltd.",CHN,China,Suizhou Hubei,sales@jltarpaulin.com,http://www.jltarpaulin.com/,hubei-jinlong-new-materials-co-ltd
"Zhejiang Jinrui Hardware Rigging Co., Ltd.",CHN,China,Wenzhou Zhejiang,rigging@luchengrigging.com,http://www.jinruirigging.com,zhejiang-jinrui-hardware-rigging-co-ltd
"Haining Jintai Knitting Co., Ltd.",CHN,China,Jiaxing Zhejiang,jt@jintaiknit.com,www.jintaiknit.com,haining-jintai-knitting-co-ltd
"Jinyou Co., Ltd.",CHN,China,Shanghai,huzl@eptfe.com.cn,www.jinyoueptfe.com,jinyou-co-ltd
"Jiangsu Jiuding Special Fiber Co., Ltd.",CHN,China,Rugao Jiangsu,high-silica@jiudinggroup.com,www.jiuding-specialfiber.com,jiangsu-jiuding-special-fiber-co-ltd
J.K. Spinning Mills Limited,PAK,Pakistan,Faisalabad,khurram@jkgroup.net,www.jkgroup.net,jk-spinning-mills-limited
"Hangzhou JLS Flame Retardants Chemical Co., Ltd.",CHN,China,Hangzhou Zhejiang,sales@jlschemical.com,www.jlschemical.com,hangzhou-jls-flame-retardants-chemical-co-ltd
Johns Manville Sales GmbH,DEU,Germany,Bobingen,contact@jm.com,https://www.jm.com/en/nonwovens/,johns-manville-sales-gmbh
"Jiangsu Jonnyma New Materials Co., Ltd.",CHN,China,Nantong Jiangsu,info@jonnyma.net,www.jonnyma.cn,jiangsu-jonnyma-new-materials-co-ltd
Jowat SE,DEU,Germany,Detmold,info@jowat.de,www.jowat.de,jowat-se
JRC Reflex SAS,FRA,France,Romans-sur-Isere,info@jrc-reflex.com,www.jrc-reflex.com,jrc-reflex-sas
J Toulemonde Pere Et Fils Sarl.,FRA,France,Marcq en Baroeul,contact@jtoulemonde.com,www.jtoulemonde.com,j-toulemonde-pere-et-fils-sarl
JUMBO-Textil GmbH &amp; Co. KG,DEU,Germany,Sprockhövel,info@jumbo-textil.de,www.jumbo-textil.de,jumbo-textil-gmbh--co-kg
Junma Tyre Cord Company Limited,CHN,China,Zhangjiagang Jiangsu,info@junmachina.com,http://www.chinajunmagroup.com,junma-tyre-cord-company-limited
Juritex Kaatsheuvel BV,NLD,Netherlands,Kaatsheuvel,,,juritex-kaatsheuvel-bv
JUTA a.s.,CZE,Czech Republic,Dvur Králové Nad Labem,juta@juta.cz,www.juta.cz,juta-as
KAHAGE-Butonia GmbH,DEU,Germany,Frankfurt am Main,info@kahage-butonia-group.de,www.butonia-group.com,kahage-butonia-gmbh
"Zhejiang Kaiyao New Material Technology Co., Ltd.",CHN,China,Quzhou Zhejiang,efab@efab.com.cn,https://mall.beltdance.com/home,zhejiang-kaiyao-new-material-technology-co-ltd
Kaneka Europe Holding Company NV,BEL,Belgium,Zaventem,,https://protexfiber.com/,kaneka-europe-holding-company-nv
Kanpur Plastipack Limited,IND,India,Kanpur,sanjeevranjan@kanplas.com,www.kanplas.com,kanpur-plastipack-limited
Kansan Makina Kagit San Ve Tic A.S.,TUR,Türkiye,Torbalı/İzmir,,,kansan-makina-kagit-san-ve-tic-as
KAP-KO doo,HRV,Croatia,Zagreb,info@kap-ko.hr,www.kap-ko.hr,kap-ko-doo
Karafiber Tekstil San. ve Tic. A.S.,TUR,Türkiye,Gaziantep,,www.karafibertekstil.com,karafiber-tekstil-san-ve-tic-as
KARL MAYER Technische Textilien GmbH,DEU,Germany,Chemnitz,info@karlmayer.com,www.karlmayer.com,karl-mayer-technische-textilien-gmbh
Karsu Tekstil Sanayi ve Ticaret A.S.,TUR,Türkiye,Kayseri,import@karsu.com.tr,www.karsu.com.tr,karsu-tekstil-sanayi-ve-ticaret-as
Kastilo Technische Gewebe GmbH,DEU,Germany,Ulm,info@kastilo.de,www.kastilo.de,kastilo-technische-gewebe-gmbh
Kavi Kimya Tekstil Sanayi Ve Tic. A. S.,TUR,Türkiye,Istanbul,k.vatansever@kavikimya.com,www.kavikimya.com,kavi-kimya-tekstil-sanayi-ve-tic-a-s
Kaya Plastik Branda San ve Tic. A. S.,TUR,Türkiye,Istanbul,alierol@kayaplastik.com.tr,www.kayaplastik.com.tr,kaya-plastik-branda-san-ve-tic-a-s
Kedermaker New Zealand Limited,CHN,China,Haining Zhejiang,info@kedermaker.com,www.kedermaker.com,kedermaker-new-zealand-limited
"Keen Ching Industrial Co., Ltd.",TWN,Taiwan,New Taipei City,kcc@kcc-zip.com,www.kcc-zip.com,keen-ching-industrial-co-ltd
"Keli New Materials Co., Ltd.",CHN,China,Jiaxing Zhejiang,jennifer@ptfemaster.com,www.ptfemaster.com,keli-new-materials-coltd
Kemitex S.r.l.,ITA,Italy,Maserà di Padova,sales@kemitexsrl.it,www.kemitexsrl.it,kemitex-srl
Kermel SAS,FRA,France,Colmar Cedex,ranya.braun@kermel.com,www.kermel.com,kermel-sas
Kevlar&reg; &amp; Nomex&reg;,CHE,Switzerland,Meyrin,miriam.scioratto@arclin.com,https://www.arclin.com/,arrow-switzerland-srl
"Jiangsu Kexu Textile Technology Co., Ltd.",CHN,China,Changzhou Jiangsu,key014@kexutex.com,www.kexutex.com,jiangsu-kexu-textile-technology-co-ltd
Khosla High Performance Textile Pvt. Ltd.,IND,India,Mumbai,info@khoslahpt.com,www.khoslahpt.com,khosla-high-performance-textile-pvt-ltd
Khosla Profil Private Limited,IND,India,Mumbai,info@puritytex.com,www.puritytex.com,khosla-profil-private-limited
Kilim Grubu Kartaltepe Mensucat Fabrikasi Turk Anonim Sirketi,TUR,Türkiye,Istanbul,ciler.gokgoz@kilimgroup.com,www.kilimgroup.com,kilim-grubu-kartaltepe-mensucat-fabrikasi-turk-anonim-sirketi
Kingsway GmbH,DEU,Germany,Hamburg,,,kingsway-gmbh
"Anhui Kingtex Material Technology Co., Ltd.",CHN,China,Chuzhou Anhui,pony@kingtexfabric.com,www.kingtexfabric.com,anhui-kingtex-material-technology-co--ltd
Kipas Pazarlama San. ve Tic. A.S.,TUR,Türkiye,Kahramanmaras,,,kipas-pazarlama-san-ve-tic-as
KLEIBERIT SE &amp; Co. KG,DEU,Germany,Weingarten,info@kleiberit.com,www.kleiberit.com,kleiberit-se--co-kg
Klevers GmbH &amp; Co. KG,DEU,Germany,Mönchengladbach,info@klevers.de,www.klevers.de,klevers-gmbh--co-kg
Klieverik Heli B.V.,NLD,Netherlands,Oldenzaal,info@klieverik.com,www.klieverik.com,klieverik-heli-bv
Klopman International S.r.l.,ITA,Italy,Frosinone,rossella_deangelis@klopman.com,www.klopman.com,klopman-international-srl
KOBE-cz s.r.o.,CZE,Czech Republic,Pohorelice,frantisek.beno.jr@kobe-cz.eu,,kobe-cz-sro
Kobleder GmbH,AUT,Austria,St. Martin im Innkreis,office@kobleder.at,www.kobleder.at,kobleder-gmbh
K&ouml;nigsbrunner Kunststoffgro&szlig;handel Gumpp GmbH,DEU,Germany,Königsbrunn,info@gumpp-kunststoffe.de,www.gumpp-kunststoffe.de,koenigsbrunner-kunststoffgrosshandel-gumpp-gmbh
Georg Koinzer GmbH &amp; Co. KG,DEU,Germany,Bebra,info@gkoinzer.de,www.gkoinzer.de,georg-koinzer-gmbh--co-kg
Kolon Industries Inc.,KOR,"Korea, the Republic of (South)",Seoul,yeonjoo_choi@kolon.com,https://www.kolonindustries.com/en/main,kolon-industries-inc
KOLTEX YARN Sp. z o.o.,POL,Poland,Kolbuszowa,,,koltex-yarn-sp-z-oo
Konfida Ambalaj Tekstil San. ve Tic. A.S,TUR,Türkiye,"Nifuler, Bursa",info@konfida.com,www.konfida.com,konfida-ambalaj-tekstil-san-ve-tic-as
KORA Adam Zebrowski,POL,Poland,Warszawa,adrianjaniak@koratextiles.com,www.koratextiles.com,kora-adam-zebrowski
Kord Endustriyel Ip ve Iplik San. ve Tic A.S.,TUR,Türkiye,Istanbul,kordiplik@kordiplik.com,www.kordiplik.com,kord-endustriyel-ip-ve-iplik-san-ve-tic-as
Korea Federation of Textile Industries,KOR,"Korea, the Republic of (South)",Seoul,ykh333@kofoti.or.kr,www.kofoti.or.kr,korea-federation-of-textile-industries
Korea Textile Trade Association (KTTA),KOR,"Korea, the Republic of (South)",Seoul,iamjaewoong@textra.or.kr,www.textra.or.kr,korea-textile-trade-association-ktta
Korea Textile Center,KOR,"Korea, the Republic of (South)",Daegu,eunkyung@ktcin.com,www.ktcin.com,korea-textile-center
Korteks Mensucat Sanayi ve Ticaret Anonim Sirketi,TUR,Türkiye,Bursa,korteks.info@zorlu.com,www.korteks.com.tr,korteks-mensucat-sanayi-ve-ticaret-anonim-sirketi
Koschaum GmbH,DEU,Germany,Abenberg,info@koschaum.de,www.koschaum.de,koschaum-gmbh
KOTRA Korea Trade-Investment Promotion Agency,KOR,"Korea, the Republic of (South)",Seoul,,https://www.kotra.or.kr/index.do,kotra-korea-trade-investment-promotion-agency
kragoTEC GmbH,DEU,Germany,Krefeld,info@kragotec.com,www.kragotec.com,krahnen--gobbers-gmbh
Krass + Wissing GmbH Textile B&auml;nder,DEU,Germany,Steinfurt,info@krasspluswissing.de,www.krasspluswissing.de,krass--wissing-gmbh-textile-baender
Kr&ouml;ner &amp; Schlikker m.b.H.,DEU,Germany,Bad Bentheim,info@kindermann-textil.de,kindermann.cordx.de,kroener--schlikker-mbh
KSO-Textil GmbH,DEU,Germany,Olbersdorf,d.thiele@kso-textil.de,www.kso-textil.de,kso-textil-gmbh
K-Tarp Vina Company Limited,VNM,Vietnam,"Binh Phu Ward, Phu Tho",sales@gmail.com,www.ktarpvina.com,k-tarp-vina-company-limited
K.Tex Ltd.,UKR,Ukraine,"Irpin, Kyiv Reg.",,,ktex-ltd
Kucukcalik Tekstil Sanayii Ve Ticaret Anonim Sirketi,TUR,Türkiye,İnegöl/Bursa,,kucukcalik.com.tr,kucukcalik-tekstil-sanayii-ve-ticaret-anonim-sirketi
Kufner Holding GmbH,DEU,Germany,Unterhaching,techtex@kufner.com,www.kufner.com,kufner-holding-gmbh
Dr Elvira Kuhn,DEU,Germany,Trier,elvykuhn@aol.com,,dr-elvira-kuhn
"Jiangsu Kuntai Machinery Co., Ltd.",CHN,China,Yancheng Jiangsu,job@cnkuntai.com,www.kuntai-group.com,jiangsu-kuntai-machinery-co-ltd
Kuny AG,CHE,Switzerland,Küttigen,info@kuny.ch,www.kuny.ch,kuny-ag
Kuraray Europe GmbH,DEU,Germany,Hattersheim am Main,industrialfibers@kuraray.com,http://www.kuraray.eu/techtextil?utm_source=techtextil&utm_medium=weblink&utm_campaign=awareness,kuraray-co-ltd
Kusumgar Limited,IND,India,Mumbai,sandeep.kumar@kusumgar.com,www.kusumgar.com,kusumgar-limited
Kynol Europa GmbH,DEU,Germany,Hamburg,mail@kynol.de,www.kynol.de,kynol-europa-gmbh
"Shanghai Labon Technical Fiber Co., Ltd.",CHN,China,Shanghai,info@labonfibers.com,www.labonfibers.com,shanghai-labon-technical-fiber-co-ltd
Lamberti S.p.A.,ITA,Italy,Albizzate,gabriele.costa@lamberti.com,www.lamberti.com,lamberti-spa
"Hangzhou Laminatefiber Technology Co., Ltd",CHN,China,Hangzhou Zhejiang,michael@xjtextiles.com,https://lf-tech.en.made-in-china.com/,hangzhou-laminatefiber-technology-co-ltd
Lamoral Coatings B.V.,NLD,Netherlands,Weert,info@lamoral-coatings.com,www.lamoral-coatings.com,lamoral-coatings-bv
Landskroon Fabrics B.V.,NLD,Netherlands,Apeldoorn,sales@landskroon-fabrics.nl,www.landskroon-fabrics.nl,landskroon-fabrics-bv
LANEX a.s.,CZE,Czech Republic,Bolatice,lanex@lanex.cz,www.lanex.cz,lanex-as
"Jiangsu Langa Textile Co., Ltd.",CHN,China,Suzhou Jiangsu,pony@sumbric.com,www.sumbric.com,jiangsu-langa-textile-co-ltd
Lanificio Bigagli S.P.A.,ITA,Italy,Montemurlo,,,lanificio-bigagli-spa
Lantor GmbH,DEU,Germany,Haibach,michel@lantor.de,www.lantor.de,lantor-gmbh
Latco Groupe,TUN,Tunisia,M Saken,selim-lakhrech@latco-group.com,www.latco-group.com,latco-groupe
Lawer S.p.A.,ITA,Italy,Cossato,sales@lawer.com,www.lawer.com,lawer-spa
"Lealea Enterprise Co., Ltd.",TWN,Taiwan,Taipei,karenh@lipeng.com.tw,https://en-libolon.winshop.tw/,lealea-enterprise-co-ltd
Groupe Lecuyer Fantex / Norditec,FRA,France,Lisieux,contact@ets-lecuyer.com,www.ets-lecuyer.com,norditec-sasu
J&ouml;rg Lederer GmbH,DEU,Germany,Amstetten,info@lederer-elastic.de,www.lederer-elastic.de,joerg-lederer-gmbh
Leesona Corp.,USA,United States,Burlington North Carolina,sales@leesona.com,www.leesona.com,leesona-corp
Leister Technologies Deutschland GmbH,DEU,Germany,Wuppertal,info.de@leister.com,www.leister.com,leister-technologies-deutschland-gmbh
Leitat,ESP,Spain,Terrassa,,www.leitat.org,acondicionamiento-tarrasense-leitat
Le Merite Tactical &amp; Defence Solutions Private Limited,IND,India,Mumbai,,,le-merite-tactical--defence-solutions-private-limited
Lemur S.r.l.,ITA,Italy,Ala,info@lemur-italy.com,www.lemur-italy.com,lemur-srl
Lenard BCN S.L.,ESP,Spain,Fraga (Huesca),expo@lenard.tech,www.lenard.tech,lenard-bcn-sl
Lentex S.A.,POL,Poland,Lubliniec,nonwoven@lentex.com.pl,www.lentex.pl,lentex-sa
Lenze Vertrieb GmbH,DEU,Germany,Leinfelden-Echterdingen,sales.de@lenze.com,www.lenze.com,lenze-vertrieb-gmbh
Lenzing Group,AUT,Austria,Lenzing,office@lenzing.com,www.lenzing.com,lenzing-ag
Lenzing Instruments GmbH &amp; Co. KG,AUT,Austria,Gampern,team@lenzing-instruments.com,www.lenzing-instruments.com,lenzing-instruments-gmbh--co-kg
Robert Levy SAS,FRA,France,Fresse sur Moselle,robert.levy.fiber@wanadoo.fr,www.robert-levy-textile.com,robert-levy-sas
Lexsz Plastics Ltd.,NGA,Nigeria,"Mowe, Ogun State",sales.rachel@lexsz.com,www.lexsz.com,lexsz-plastics-ltd
L.G.L. Electronics S.p.A.,ITA,Italy,Gandino,info@lgl.it,www.lgl.it,lgl-electronics-spa
Liberty Fabrics Rotterdam B.V.,NLD,Netherlands,Rotterdam,t.boonen@liberty-fabrics.nl,,liberty-fabrics-rotterdam-bv
N.V. Marcel Liebaert,BEL,Belgium,Deinze,info@liebaert.be,www.liebaert.com,nv-marcel-liebaert
Life Textiles GmbH,DEU,Germany,Helmbrechts,lena.schneider@life-textiles.de,www.life-textiles.de,life-textiles-gmbh
Light Textile Inc.,TWN,Taiwan,Changhua,light.tex@msa.hinet.net,www.light-textile.com,light-textile-inc
"Lih Feng Jiing Enterprise Co., Ltd.",TWN,Taiwan,Tainan City,lifejing@lih-fe.com,www.lih-fe.com,lih-feng-jiing-enterprise-co-ltd
"Suzhou Likaicheng New Materials Co., Ltd",CHN,China,Suzhou Jiangsu,info@lkc-newmaterials.com,www.lkc-newmaterials.com,suzhou-likaicheng-new-materials-co-ltd
Robert Lindemann KG,DEU,Germany,Hamburg,info@lindemann-kg.de,www.lindemann-kg.de,robert-lindemann-kg
"Lineartex | Dehora, Lda",PRT,Portugal,"Batalha, Leiria",geral@lineartex.pt,https://lineartex.pt,dehora-lda
Linz Textil GmbH,AUT,Austria,Linz,info@linz-textil.at,www.linz-textil.at,linz-textil-gesellschaft-mbh
Livinguard Technologies AG,CHE,Switzerland,Pfaeffikon,,,livinguard-technologies-ag
"Livite (Wuxi) High Polymer Material Co., Ltd.",CHN,China,Wuxi Jiangsu,eric.wang@livite.cn,www.livite.cn,livite-wuxi-high-polymer-material-co-ltd
Livocus B.V.,NLD,Netherlands,Zwolle,angel.sangers@livocus.com,www.livocus.com,livocus-bv
Lonati S.p.a.,ITA,Italy,Brescia,sales.department@lonati.com,www.lonati.com,lonati-spa
Longcell Europe GmbH,DEU,Germany,Hanau,menconi@longcell-eu.com,www.longcell-eu.com,longcell-europe-gmbh
Loxy AS,NOR,Norway,Halden,post@loxy.com,www.loxy.com,loxy-as
LPMT,FRA,France,Mulhouse Cedex,frederic.heim@uha.fr,www.ensitm.fr,lpmt
Lta S.r.l.,ITA,Italy,Campi Bisenzio,alessandroforzieri@ltasrl.com,www.ltasrl.com,lta-srl
Maschinenfabrik Harry Lucas GmbH &amp; CO. KG,DEU,Germany,Neumünster,info@lucas-elha.de,http://www.lucas-elha.de,maschinenfabrik-harry-lucas-gmbh--co-kg
Lundberg Tech A/S,DNK,Denmark,Lille Skensved,info@lundbergtech.com,www.lundbergtech.com,lundberg-tech-as
Luxilon Industries,BEL,Belgium,Wijnegem,mail@luxilon.be,www.luxilonindustries.com,luxilon-industries
The LYCRA Company Switzerland S&agrave;rl,CHE,Switzerland,Grand Saconnex,federica.frazzini@lycra.com,https://www.lycra.com/en,the-lycra-company-switzerland-srl
"Gebr&uuml;der Maag, Maschinenfabrik AG",CHE,Switzerland,Küsnacht ZH,info@texmaag.ch,,gebrueder-maag-maschinenfabrik-ag
MAB S.R.L.,ITA,Italy,Concorezzo,info@mabspa.com,www.mabspa.com,mab-srl
M &amp; A Composite Limited,BGD,Bangladesh,Savar,anisur@mnagrp.com,www.mnacomposite.com,m--a-composite-limited
MACPI S.p.A. Pressing Divison,ITA,Italy,Palazzolo sull´Oglio,info@macpi.com,www.macpi.com,macpi-spa-pressing-divison
Madhusudan Texpro Private Limited,IND,India,Navapur,,,madhusudan-texpro-private-limited
Madura Industrial Textiles Ltd.,IND,India,Mumbai,shreyashi.deept@maduratex.com,www.maduratex.com,madura-industrial-textiles-ltd
M&auml;rkische Faser GmbH,DEU,Germany,Premnitz,marketing@maerkische-faser.com,www.maerkische-faser.com,maerkische-faser-gmbh
MAGEBA International GmbH,DEU,Germany,Bernkastel-Kues,customerservice@mageba.com,www.mageba.com,mageba-international-gmbh
Maglificio Alto Milanese S.r.l.,ITA,Italy,Busto Arsizio,contact@altomilanesesrl.it,www.altomilanesesrl.it,maglificio-alto-milanese-srl
MAGNERA,ESP,Spain,Barcelona,info@magnera.com,www.magnera.com,glatfelter-sontara-asturias-sau
Magnetix Lamination sp. z o.o. sp.k.,POL,Poland,Lodz,sales@magnetix.pl,www.magnetix-lamination.com,magnetix-lamination-sp-z-oo-spk
mah-ATN GmbH,DEU,Germany,Haar,service@mah.de,www.mah.de,mah-atn-gmbh
Mahesh Twisto Tech Europe s.r.o.,CZE,Czech Republic,Pardubice,tomas@mahesh-europe.com,www.mahesh-europe.com,mahesh-twisto-tech-europe-sro
Mahlo GmbH + Co. KG,DEU,Germany,Saal,info@mahlo.com,www.mahlo.com,mahlo-gmbh--co-kg
MAIB Machinery Exporters Association (Turkish Machinery),TUR,Türkiye,Ankara,,www.makinebirlik.com,maib-machinery-exporters-association-turkish-machinery
Maier-Unitas GmbH,DEU,Germany,Köngen,mail@maier-unitas.de,www.maier-unitas.de,maier-unitas-gmbh
Maille Verte Vosgienne SAS,FRA,France,St Nabord,eboullu@maillevertevosgienne.fr,www.maillevertevosgienne.fr,maille-verte-vosgienne-sas
Makefast Ltd.,GBR,Great Britain and Northern Ireland,"Newton, Powys",sales@makefast.com,www.makefast.com,makefast-ltd
Mali Teknik Plastik Sanayi AS.,TUR,Türkiye,Istanbul,gokhankursun@maliplast.com,www.maliplast.com,mali-teknik-plastik-sanayi-as
Manifattura Corti Srl,ITA,Italy,Barzanò,export@cortimanifattura.it,www.corti.biz,manifattura-corti-srl
Manufactures Industrials De Tortella SA Mitsa,ESP,Spain,Tortella,,www.mitsa.com,manufactures-industrials-de-tortella-sa-mitsa
Manutex Sas,FRA,France,St Chamond,m.chehdi@manutex.fr,www.manutex.fr,manutex-sas
Mapel S.p.A.,ITA,Italy,Montemurlo,info@mapel.it,www.mapel.it,mapel-spa
Marand Mariola Mantusz,POL,Poland,Lodz,biuro@marand.pl,www.marand.pl,marand-mariola-mantusz
Stefano Mardegan S.r.l.,ITA,Italy,Milano,info@mardegan.com,www.stefanomardegan.com,stefano-mardegan-srl
MA.RE. Manifattura Reti S.p.A.,ITA,Italy,Iseo,mare@marespa.it,marespa.it,mare--manifattura-reti-spa
Ma&#39;rijany Hemp Company LLC,UKR,Ukraine,Khoroshivska territorial Community,matviienko.k@marijany.com.ua,http://marijany.com.ua/,marijany-hemp-company-llc
"Marina Textil, S.L.",ESP,Spain,Barberà del Vallès,info@marinatextil.com,www.marinatextil.com,marina-textil-sl
Marionette Company Inc,USA,United States,Atlanta Georgia,sameer@marionetteco.com,marionetteco.com,marionette-company-inc
Mariplast S.P.A.,ITA,Italy,Montale,info@mariplast.com,www.mariplast.com,mariplast-spa
Maschinenfabrik Herbert Meyer GmbH,DEU,Germany,Rötz,info@meyer-machines.com,www.meyer-machines.com,maschinenfabrik-herbert-meyer-gmbh
Massebeuf Textiles Sas,FRA,France,Pont de Labeaume,contact@massebeuf-ft.com,,massebeuf-textiles-sas
Master Textile Mills Ltd.,PAK,Pakistan,Lahore,marketing@mastertex.com,www.mastertex.com,master-textile-mills-ltd
Materialliance B.V.,NLD,Netherlands,Amsterdam,mail@materialliance.com,www.materialliance.com,materialliance-bv
Manmade And Technical Textiles Export Promotion Council - MATEXIL,IND,India,Mumbai,a.jaiswal@matexil.org,www.matexil.org,manmade-and-technical-textiles-export-promotion-council---matexil
Matex S.r.l.,ITA,Italy,Brendola,info@matex.it,www.matex.it,matex-srl
Werner Mathis AG,CHE,Switzerland,Oberhasli,info@mathisag.com,www.mathisag.com,werner-mathis-ag
Matrelec,FRA,France,Messimy,commercial@matrelec.com,www.matrelec.com,matrelec-sas
Matthys NV,BEL,Belgium,Desselgem,info@matthysmachinery.com,www.matthysmachinery.com,matthys-nv
KARL MAYER Textilmaschinen GmbH,DEU,Germany,Obertshausen,info@karlmayer.com,www.karlmayer.com,karl-mayer-verwaltungsgesellschaft-se
Haining Mayo Industrial Fabric Co. Ltd.,CHN,China,Jiaxing Zhejiang,info@mayo.net.cn,www.mayo.net.cn,haining-mayo-industrial-fabric-co-ltd
M. Bilal Textiles Industries Pvt. Ltd.,PAK,Pakistan,Faisalabad,khurram@bilaltextiles.net,,m-bilal-textiles-industries-pvt-ltd
M.B.T.C. bv,BEL,Belgium,Kortrijk,info@mbtc.be,www.mbtc.be,mbtc-bvba
M.C.S. OFFICINA MECCANICA SPA,ITA,Italy,Urgnano,mcs@mcsgroup.it,www.mcstextile.it,mcs-officina-meccanica-spa
MCS Textile Solutions Lda.,PRT,Portugal,Campo (Valongo),victorcastro@mcs-pt.com,www.mcs-pt.com,mcs-textile-solutions-lda
MEC Industries,KOR,"Korea, the Republic of (South)",Seoul,junekim@mecind.co.kr,www.mecind.co.kr,mec-industries
MEHLER ENGINEERED PRODUCTS GmbH,DEU,Germany,Fulda,info@mehler-ep.com,www.mehler-ep.com,mehler-engineered-products-gmbh
MehlerHeytex,DEU,Germany,Hückelhoven,mehlerheytex@freudenberg-pm.com,www.mehlerheytex.com,mehler-texnologies-gmbh
Meltex Textiles Limited,GBR,Great Britain and Northern Ireland,Tadley,info@meltex.co.uk,www.meltex.co.uk,meltex-textiles-limited
MeMi Textiles GmbH,DEU,Germany,Pliezhausen,info@memi-textiles.de,www.memi-textiles.de,memi-textiles-gmbh
Memminger-IRO GmbH,DEU,Germany,Dornstetten,info@memminger-iro.de,www.memminger-iro.de,memminger-iro-gmbh
Mendizza Srl,ITA,Italy,Sandigliano,f.carlone@mendizza.com,www.mendizza.com,mendizza-srl
Karl Menzel Maschinenfabrik GmbH &amp; Co.,DEU,Germany,Bielefeld,kaspersmeier@menzel.net,www.menzel-maschinenbau.net,karl-menzel-maschinenfabrik-gmbh--co
Mercuryflooring,BEL,Belgium,Waregem,info@mercuryflooring.com,www.mercuryflooring.com,mercuryflooring
Merryson Corporation,TWN,Taiwan,New Taipei City,bsk@merryson.com.tw,www.merryson.com.tw,merryson-corporation
MERZ Maschinenfabrik GmbH,DEU,Germany,Hechingen,info@merz-mf.de,www.merz-mf.de,merz-maschinenfabrik-gmbh
Mesdan Spa,ITA,Italy,Puegnago del Garda,sales@mesdan.it,www.mesdan.com,mesdan-spa
SAS Mesnard-Catteau SA,FRA,France,Saint Loup des Vignes,contact@mesnard-catteau.fr,www.mesnard-catteau.com,sas-mesnard-catteau-sa
Mesutronic GmbH,DEU,Germany,Kirchberg i. Wald,sales@mesutronic.de,www.mesutronic.de,mesutronic-gmbh
Metag S.R.L.,ITA,Italy,Milano,info@metag.it,www.metag.it,metag-srl
Hermann Meyer Industrievertretung GmbH,DEU,Germany,Stuhr,info@hermannmeyer.de,www.hermannmeyer.de,hermann-meyer-industrievertretung-gmbh
MF PLAST SERV SRL,ROU,Romania,Dimoiu,marketing@reciplast.ro,www.reciplast.ro,mf-plast-serv-srl
Micron Teknik Tekstil Gida San. Tic. Ltd. Sti.,TUR,Türkiye,Bursa,mustafa@micronteknik.com,www.micronteknik.com,micron-teknik-tekstil-gida-san-tic-ltd-sti
"Mid-Mountain Materials, Inc.",USA,United States,Seattle Washington,info@mid-mountain.com,www.mid-mountain.com,mid-mountain-materials-inc
Franz Miederhoff GmbH &amp; Co. KG,DEU,Germany,Sundern (Sauerland),contact@miederhoff.de,www.miederhoff.de,franz-miederhoff-gmbh--co-kg
Miller Weldmaster Corporation Europe,NLD,Netherlands,Nieuw-Vennep,sales@weldmaster.com,www.weldmaster.com,miller-weldmaster-corporation
"Zhejiang Minglong New Material Technology Co., Ltd.",CHN,China,Jiaxing Zhejiang,adam@ml-holding.cn,www.mlflex.com,zhejiang-minglong-new-material-technology-co-ltd
"Zhejiang Mingyang New Materials Co., Ltd.",CHN,China,Jiaxing Zhejiang,norman@hoyxcl.com,www.hoyxcl.com,zhejiang-mingyang-new-materials-co-ltd
August Mink GmbH &amp; Co. KG,DEU,Germany,Göppingen,info@mink-buersten.de,www.mink-buersten.com,august-mink-gmbh--co-kg
M.I.T.I. Manifattura Italiana Tessuti Indemagliabili SPA,ITA,Italy,Urgnano,enrico.racheli@mitispa.it,https://www.mitispa.com,miti-manifattura-italiana-tessuti-indemagliabili-spa
"MITTET, UAB",LTU,Lithuania,Mosedis,rasa@mittet.lt,mittet.lt,mittet-uab
M &amp; J NETWORKS,KOR,"Korea, the Republic of (South)",Seoul,mnjcorp33@daum.net,www.mjnextech.com,m--j-networks
ARTUR M&Ouml;NCH GmbH &amp; Co. KG,DEU,Germany,Wuppertal,info@moench-elastic.de,www.moench-elastic.de,artur-moench-gmbh--co-kg
"Hebei Mofeite Import &amp; Export Trade Co., Ltd.",CHN,China,Shijiazhuang Hebei,gongmingxue@hbhzfelt.com,http://mofeite.en.alibaba.com,hebei-mofeite-import--export-trade-co-ltd
A. Monforts Textilmaschinen GmbH &amp; Co. KG,DEU,Germany,Mönchengladbach,info@monforts.de,www.monforts.de,a-monfortstextilmaschinen-gmbh--co-kg
Monosuisse AG,CHE,Switzerland,Emmenbrücke,info@monosuisse.com,www.monosuisse.com,monosuisse-ag
Montdor S.A.,FRA,France,Genay,etienne.gueret@montdor.fr,www.montdor.fr,montdor-sa
Monteiro Ribas Revestimentos S. A.,PRT,Portugal,Porto,hello@monteirofabrics.com,www.monteirofabrics.com,monteiro-ribas---revestimentos-sa
Montex Glass Fibre Industries Private Limited,IND,India,Mumbai,akhil@montex.co.in,www.montex.co.in,montex-glass-fibre-industries-pvt-ltd
Monti Antonio S.p.A.,ITA,Italy,Thiene,sales@montiantonio.com,www.montiantonio.com,monti-antonio-spa
Monti-mac SRL,ITA,Italy,Lurate Caccivio,amministrazione@montimac.it,www.montimac.it,monti-mac-srl
Morchem SA,ESP,Spain,Les Franqueses del Vallès,info@morchem.com,www.morchem.com,morchem-sa
Morell Diseno Comercial SL,ESP,Spain,Elche,,,morell-diseno-comercial-sl
MORITO (Europe) B.V.,NLD,Netherlands,Rotterdam,morito-germany@outlook.com,www.morito.co.jp,morito-europe-bv
"Morito Scovill Americas, LLC",USA,United States,Clarkesville Georgia,info@scovill.com,scovill.com,morito-scovill-americas-llc
Moulinage du Plouy SAS,FRA,France,Nordausques,jduchateau@plouy-tardy.com,www.plouy.com,moulinage-du-plouy-sas
"Zhejiang MSD Group Share Co., Ltd.",CHN,China,Jiaxing Zhejiang,,www.zjmsd.com,zhejiang-msd-group-share-co-ltd
MTV Srl,ITA,Italy,Cittadella,info@mtvbattistella.it,www.mtvbattistella.it,mtv-srl
Jakob M&uuml;ller AG,CHE,Switzerland,Frick,info@jakobmueller.com,www.jakobmueller.com,jakob-mueller-ag-frick
M&uuml;ller Textil GmbH,DEU,Germany,Wiehl-Drabenderhöhe,jan-malte.frieg@mullertextiles.com,www.mullertextiles.com,mueller-textil-gmbh
Multitexx GmbH &amp; Co. KG,DEU,Germany,Herdecke,info@multitexx.de,www.multitexx.de,multitexx-gmbh--co-kg
Muratex Textile Machinery Ltd. Co.,TUR,Türkiye,Istanbul,info@muratex.net,www.muratex.net,muratex-textile-machinery-ltd-co
"Myung Sung Co., Ltd.",KOR,"Korea, the Republic of (South)","Gimcheon-si, Gyeongsangbuk-do",,www.mspvc.com,myung-sung-co-ltd
Jiangsu Naisi Digital Technology Incorporated Ltd.,CHN,China,Taizhou Jiangsu,teresa@chinanaisi.com,www.chinanaisi.com,jiangsu-naisi-digital-technology-incorporated-ltd
"Nam Liong Global Corporation, Tainan Branch",TWN,Taiwan,Tainan City,marketing@namliong.com.tw,www.namliong.com.tw,nam-liong-global-corporation-tainan-branch
Namo Fibres Private Limited,IND,India,Bhiwadi,namofibres@gmail.com,,namo-fibres-private-limited
Natex Technische Textilien GmbH,AUT,Austria,Götzis,office@natexgroup.com,www.natexgroup.com,natex-technische-textilien-gmbh
Natroyal Industries Pvt. Ltd.,IND,India,"Mumbai, Maharashtra",mona.fernandes@natroyalgroup.com,www.natroyalgroup.com,natroyal-industries-pvtltd
Navratan Specialty Chemicals LLP,IND,India,Ahmedabad,pritesh@navratanllp.com,www.navratanllp.com,navratan-specialty-chemicals-llp
Neaustima UAB,LTU,Lithuania,Siauliai,info@neaustima.lt,www.neaustima.lt,neaustima-uab
Neks Sp. z o.o.,POL,Poland,Zgierz,biuro@neks.pl,www.neks.pl,neks-sp-z-oo
"Suzhou Nett New Material Technology Co., Ltd.",CHN,China,Zhangjiagang Jiangsu,xu.wang@ptfe-nett.com,www.nettptfe.com,suzhou-nett-new-material-technology-co-ltd
Neuenhauser Maschinenbau GmbH,DEU,Germany,Neuenhaus,neuenhauser@neuenhauser.de,www.neuenhauser.de,neuenhauser-maschinenbau-gmbh
"Neves &amp; Companhia, Lda",PRT,Portugal,Guimarães,sara.barbosa@coltec.pt,www.coltec.pt,neves--companhia-lda
"Tianyang New Materials (Shanghai) Technology Co., Ltd.",CHN,China,Shanghai,huyajie@hotmelt.com.cn,https://www.hotmelt.com.cn/,tianyang-new-materials-shanghai-technology-co-ltd
"Newtarps &amp; SNY Co., Ltd.",KOR,"Korea, the Republic of (South)",Seoul,marketing@snyvina.net,www.snyvina.net,newtarps--sny-co-ltd
Nexis Fibers a.s.,SVK,Slovakia,Humenné,jozef.polacko@nexis-fibers.com,www.nexisfibers.com,nexis-fibers-sia
"Zhejiang Nexus Specialty Fiber Co., Ltd.",CHN,China,Huzhou Zhejiang,alex@shnexus.com.cn,www.shnexus.com.cn,zhejiang-nexus-specialty-fiber-co-ltd
ASN Automation Service Rene Niemann,DEU,Germany,Stahnsdorf,info@asn-germany.com,https://asn-germany.com/,asn-automation-service-rene-niemann
"Nihon Glass Fiber Industrial Co., Ltd.",JPN,Japan,Konan Aichi,f-asai@nitigura.co.jp,http://www.nitigura.co.jp,nihon-glass-fiber-industrial-co-ltd
NIKOPLEX,GRC,Greece,Oraiokastro,info@nikoplex.gr,www.nikoplex.gr,nikolaidis-theodoros--co-oe--nikoplex
Nilit Ltd.,ISR,Israel,Migdal Ha'emek,fabiannep@nilit.com,www.nilit.com,nilit-ltd
Nirmal Fibres (P) Ltd.,IND,India,Moradabad,sales.nirmal@nirmalfibers.com,www.nirmalfibers.com,nirmal-fibres-p-ltd
Nirmal Tekstil Tasarim ve Danismanlik San. ve Tic. Ltd. Sti.,TUR,Türkiye,Osmangazi / Bursa,emrefidan@nirmal.com.tr,www.nirmal.com.tr,nirmal-tekstil-tasarim-ve-danismanlik-san-ve-tic-ltd-sti
Nishat Mills Limited,PAK,Pakistan,Lahore,Ikhlaq@nishatmills.com,www.nishatmillsltd.com,nishat-mills-limited
H. Nizam Din &amp; Sons (Pvt.) Ltd.,PAK,Pakistan,Karachi,usama.fasih@nizamcanvas.com,www.nizamcanvas.com,h-nizam-din--sons-pvt-ltd
"Noble Biomaterials, Inc.",USA,United States,Scranton Pennsylvania,info@noblebiomaterials.com,www.noblebiomaterials.com,noble-biomaterials-inc
Nomaco GmbH &amp; Co. KG,DEU,Germany,Rehau,info@nomaco.de,www.nomaco.de,nomaco-gmbh--co-kg
Nonwovenn Ltd,GBR,Great Britain and Northern Ireland,"Bridgwater, Somerset",enquiries@nonwovenn.com,www.nonwovenn.com,nonwovenn-ltd
Norafin Industries (Germany) GmbH,DEU,Germany,Mildenau,info@norafin.com,www.norafin.de,norafin-industries-germany-gmbh
Northern India Textile Research Association,IND,India,Ghaziabad,drmsparmar@nitratextile.org,www.nitratextile.org,northern-india-textile-research-association
Noseda S.r.l.,ITA,Italy,Tavernerio,noseda@noseda1893.it,www.noseda1893.it,noseda-srl
Novalfa Group S.r.l.,ITA,Italy,Verrone,info@novalfagroup.com,www.novalfagroup.com,novalfa-group-srl
Nova Polytec Composites Co.,TWN,Taiwan,Taichung City,nova.eco@nova-mg.com,https://nova-mg.com/,nova-polytec-composites-co
Novotex Italiana S.p.A.,ITA,Italy,Gaggiano,info@novotex.it,www.novotex.it,novotex-italiana-spa
Novurania S.p.A.,ITA,Italy,Tione di Trento,sales@novurania.it,www.novurania.it,novurania-spa
Nowotecma GmbH,AUT,Austria,Neuhofen,office@needleloom.com,www.needleloom.com,nowotecma-gmbh
"Nantong Ntec Monofilament Technology Co., Ltd.",CHN,China,Nantong Jiangsu,hzw@jsntec.net,https://en.jsntec.net/,nantong-ntec-monofilament-technology-co-ltd
Nuova F.NT. Fabbrica Nontessuti S.p.A.,ITA,Italy,Padova,export@nfnt.it,www.nfnt.it,nuova-fnt-fabrica-nontessuti-spa
Nurel SA,ESP,Spain,Zaragoza,marketing@nurel.com,www.nurel.com,nurel-sa
"Nuwa Enterprise Co., Ltd.",TWN,Taiwan,Changhua County,rachael@nuwainc.com,www.nuwainc.com,nuwa-enterprise-co-ltd
OceanSafe AG,CHE,Switzerland,Bern,info@oceansafe.co,www.OceanSafe.co,oceansafe-ag
ODJECA d.o.o.,HRV,Croatia,Miljana,info@odjeca.net,www.odjeca.net,odjeca-doo
&Ouml;sterreichisches Faserinstitut,AUT,Austria,Wien,office@dornbirn-gfc.com,www.dornbirn-mfc.com,oesterreichisches-faserinstitut
Olmo Giuseppe Spa,ITA,Italy,Comun Nuovo,staff@olmo-bg.it,www.olmogiuseppespa.it,olmo-giuseppe-spa
Oma Iplik Anonim Sirketi,TUR,Türkiye,Esenler / Istanbul,kadir@omatekstil.com,www.omatekstil.com,oma-iplik-anonim-sirketi
Omgm Extrusiontechnik Srl,ITA,Italy,Como,info@omgmextk.com,www.omgmextk.com,omgm-extrusiontechnik-srl
OMMI S.r.l.,ITA,Italy,Prato,vanessa@ommi.it,www.ommi.it,ommi-srl
Omnia Koll S.r.l. - ITEX INNOVATION,ITA,Italy,Pesaro,info@omniakoll.com,https://www.itexinnovation.com/it/,omnia-koll-srl
Omnipel Technologies S.r.l,ITA,Italy,Desenzano (BS),alan.schlaefer@omnipel.com,www.omnipel.com,omnipel-technologies-srl
O.M.R. S.r.l.,ITA,Italy,Torre de' Roveri (BG),estero@omr-srl.com,www.omr-srl.com,omr-srl
Onse Kompozit A.S.,TUR,Türkiye,"Kahramankazan, Ankara",bilgi@onseyalitim.com.tr,https://onse.com.tr/,onse-kompozit-as
E. Oppermann Mech. Gurt- und Bandweberei GmbH,DEU,Germany,Einbeck,info@oppermann-bandweberei.de,www.oppermann-bandweberei.de,e-oppermann-mech-gurt--und-bandweberei-gmbh
Optex S.A.,POL,Poland,Opoczno,optex@optex.pl,www.optex.pl,optex-sa
Oriental Weaving &amp; Processing Mills Pvt. Ltd.,IND,India,"Turbhe, Navi Mumbai",chalke@orientalmills.in,www.orientalmills.in,oriental-weaving--processing-mills-pvt-ltd
&quot;ORS&Oacute;&#39;95&quot; Ipari &eacute;s Kereskedelmi Kft.,HUN,Hungary,Budapest,info@orsokft.hu,www.orsokft.hu,ors95-ipari-s-kereskedelmi-kft
O.R.V. Manufacturing S.p.A.,ITA,Italy,Carmignano Di Brenta,orvm.commerciale@gruppoperuzzo.com,https://peruzzo-productions.com/,orv-manufacturing-spa
Osmar Buckle Ltd.,TWN,Taiwan,Taichung,rita.xu@osmarbuckle.com,www.osmarbuckle.com,osmar-buckle-ltd
OTEX Textilveredlung GmbH,DEU,Germany,Flöha,info@o-tex.de,www.o-tex.de,otex-textilveredlung-gmbh
Gebr. Otto Baumwollfeinzwirnerei GmbH + Co. KG,DEU,Germany,Dietenheim,info@otto-garne.com,www.otto-garne.com,gebr-otto-baumwollfeinzwirnerei-gmbh--co-kg
Hermann Otto GmbH OTTO-CHEMIE,DEU,Germany,Fridolfing,info@otto-chemie.de,www.otto-chemie.de,hermann-otto-gmbh-otto-chemie
Otto Weber Band-GmbH,DEU,Germany,Wuppertal,info@otto-weber.de,www.otto-weber.de,otto-weber-band-gmbh
Outlast Technologies GmbH,DEU,Germany,Heidenheim an der Brenz,info@outlast.com,www.outlast.com,outlast-technologies-gmbh
Oxyg&egrave;ne Workwear,TUN,Tunisia,Sahline,commercial1@oxywear.com.tn,https://www.oxygene-workwear.com/,oxygne-workwear
P.A. Expertise Srl,ITA,Italy,Milano,justmes@alveo.it,www.just-mes.com,pa-expertise-srl
PAKWINZ INTERNATIONAL,PAK,Pakistan,Lahore,muneeb.shafique@pakwinz.com,www.pakwinz.com,ms-pakwinz-international
PALDEK INTERNATIONAL GmbH,DEU,Germany,Berlin,xinling1030@hotmail.com,www.paldek.de,paldek-international-gmbh
Palmhive Technical Textiles Ltd.,GBR,Great Britain and Northern Ireland,"Lenton, Nottingham",ian@palmhive.co.uk,www.palmhive.co.uk,palmhive-technical-textiles-ltd
PAMA paper machinery GmbH,DEU,Germany,Freiberg,info@pama-papermachinery.com,www.pama-papermachinery.com,pama-paper-machinery-gmbh
"Pang Rim Co., Ltd.",KOR,"Korea, the Republic of (South)",Seoul,,http://www.pangrim.com,pang-rim-co-ltd
Paskal Zippers And Fasteners,ISR,Israel,Merom Hagalil,mail@paskal.co.il,www.paskal.co.il,paskal-zipper-and-fasteners
Paul Leistner GmbH,DEU,Germany,Schwabach,sales@paul-leistner.com,www.paul-leistner.com,paul-leistner-gmbh
PEIGNAGE DUMORTIER S.A.S.,FRA,France,Tourcoing,scarrette@peignagedumortier.fr,https://peignagedumortier.fr/,peignage-dumortier-sasu
Pennel &amp; Flipo SA,BEL,Belgium,Mouscron,info@orca.eu,www.orca.eu,pennel--flipo-sa
"A Penteadora - Sociedade Industrial de Penteacao e Fiacao de Las, S.A.",PRT,Portugal,Unhais da Serra,penteadora@penteadora.pt,www.penteadora.pt,a-penteadora---sociedade-industrial-de-penteacao-e-fiacao-de-las-sa
Perlon GmbH,DEU,Germany,Munderkingen,marketing@perlon.com,,perlon-gmbh
Permess B.V.,NLD,Netherlands,Goor,info@permess.com,https://permess.nl/,permess-bv
PETSA TEKSTİL A.Ş.,TUR,Türkiye,Gaziantep,info@petsabond.com,https://www.petsabond.com/,petsa-tekstil-as
Textilausr&uuml;stung Pfand GmbH,DEU,Germany,Lengenfeld,info@pfand-textil.de,www.pfand-textil.de,textilausruestung-pfand-gmbh
Pfeiffer GmbH &amp; Co. KG,DEU,Germany,Hückeswagen,info@pfeiffer-band.com,www.pfeiffer-band.com,helmut-pfeiffer-gmbh--co-kg
Pharetra Gesellschaft f&uuml;r textile Kunststoffanwendung mbH &amp; Co. KG,DEU,Germany,Selbitz,info@pharetra.com,www.pharetra.com,pharetra-gesellschaft-fuer-textile-kunststoffanwendung-mbh--co-kg
Picanol N.V.,BEL,Belgium,Ieper,info@picanol.be,www.picanol.be,picanol-nv
Picvisa Machine Vision Systems SL,ESP,Spain,Calaf,,www.picvisa.com,picvisa-machine-vision-systems-sl
Pierret Industries S.R.L.,BEL,Belgium,Corbion,info@pierret.com,www.pierret.com,pierret-industries-sprl
Pili SAS,FRA,France,Toulouse,,https://www.pili.bio/en/homepage/,pili-sas
PIL Membranes Ltd.,GBR,Great Britain and Northern Ireland,"Kings Lynn, Norfolk",,,pil-membranes-ltd
Pincroft Dyeing &amp; Printing Co.,GBR,Great Britain and Northern Ireland,Adlington,sales@pincroft.co.uk,www.pincroft.co.uk,pincroft-dyeing--printing-co
Pintail International B.V.,NLD,Netherlands,Almelo,info@pintail.nl,www.pintail.nl,pintail-international-bv
A. PIOVAN Srl,ITA,Italy,Borgoricco,l.capovilla@apiovan.it,,a-piovan-srl
PIROMATIC GmbH,DEU,Germany,Göppingen / Voralb,kontakt@piro-matic.de,www.piro-matic.de,piromatic-gmbh
Plandeki Raszyn Marcin Kowalski,POL,Poland,Raszyn,joanna.waskiewicz@plandeki.pl,www.plandeki.pl,plandeki-raszyn-marcin-kowalski
Plaspack Netze GmbH,AUT,Austria,Schwanenstadt,sales@plaspack.at,www.plaspack.at,plaspack-netze-gmbh
PLASTO Textil GmbH,DEU,Germany,Möhnesee,info@plasto-textil.de,www.plasto-textil.de,plasto-textil-gmbh
Plate-forme Technologique Europ&eacute;enne pour le Future du Textile et de l&#39;Habillement,BEL,Belgium,Bruxelles,,,plate-forme-technologique-europenne-pour-le-future-du-textile-et-de-lhabillement
PLEVA GmbH,DEU,Germany,Empfingen,info@pleva.org,www.pleva.org,pleva-gmbh
PLM Impianti Srl,ITA,Italy,Almè,info@plmimpianti.com,www.plmimpianti.com,plm-impianti-srl
P-MTC d.o.o.,HRV,Croatia,Mursko Sredisce,info@pmtc.hr,www.pmtc.hr,p-mtc-doo
PMT RIBBONS SRL,ITA,Italy,Urgnano,info@pmtribbons.it,www.pmtribbons.it,pmt-ribbons-srl
PNP POLYMERS PRIVATE LIMITED,IND,India,Mumbai,,www.pnpind.com,pnp-polymers-private-limited
Pointex Spa,ITA,Italy,Campi Bisenzio,office@pointexspa.com,www.pointexspa.com,pointex-spa
ASS Pole Textile Alsace,FRA,France,Mulhouse,,,ass-pole-textile-alsace
PPH Polexim GmbH Sp. z o.o.,POL,Poland,Lodz,polexim@polexim.com.pl,www.polexim.com.pl,pph-polexim-gmbh-spz-oo
"POLISILK, S.A.",ESP,Spain,Sant Salvador de Guardiola,marc@polisilk.com,www.polisilk.com,polisilk-sa
Polteks Tekstil Makinalari San. ve Tic. Ltd. Sti.,TUR,Türkiye,Bursa,polteks@polteks.com,www.polteks.com,polteks-tekstil-makinalari-san-ve-tic-ltd-sti
PolymerTechnik Ortrand GmbH,DEU,Germany,Ortrand,info@pto-gmbh.com,www.pto-gmbh.com,polymertechnik-ortrand-gmbh
Polyteks Tekstil Sanayi Arastirma Ve Egitim Anonim Sirketi,TUR,Türkiye,Bursa,ctugrul@polyteks.com,www.polyteks.com.tr,polyteks-tekstil-sanayi-arastirma-ve-egitim-anonim-sirketi
"Polytex Plastics Co., Ltd.",KOR,"Korea, the Republic of (South)",Seoul,polytex@polytexintl.co.kr,www.polytex.net,polytex-plastics-co-ltd
Polyunion Industrial Limited,HKG,Hong Kong,"Kowloon Bay, Kowloon",europe@polyunion.com,https://polyunion.eu/,polyunion-industrial-limited
Polyvlies Franz Beyer GmbH,DEU,Germany,Hörstel,info@polyvlies.de,www.polyvlies.de,polyvlies-franz-beyer-gmbh
Industrias Ponsa S.A.,ESP,Spain,Manresa,projects@ponsa.com,www.ponsa.com,industrias-ponsa-sa
Pont Aurell Y Armengol SL,ESP,Spain,Terrassa,gcarle@pont-aurell.com,www.pont-aurell.com,pont-aurell-y-armengol-sl
Pontetorto S.p.A.,ITA,Italy,Montemurlo,elena.banci@pontetorto.com,www.pontetorto.it,pontetorto-spa
POPP Velourstex GmbH,DEU,Germany,Stammbach,info@velourstex.com,www.velourstex.com,popp-velourstex-gmbh
Porcher Industries SA,FRA,France,Eclose Badinieres,dominique.sur@porcher-ind.com,www.porcher-ind.com,porcher-industries-sa
"Zhejiang Porcher New Materials Co., Ltd.",CHN,China,Jiaxing Zhejiang,jane.wu@bettercare.cn,,zhejiang-porcher-new-materials-co-ltd
Powder Plastic Europe SL,ESP,Spain,Valls,meriamela@gammaqds.com,www.powderplasticeurope.com,powder-plastic-europe-sl
Pragati Enterprises,IND,India,Maharashtra,yarnwala@yahoo.com,www.yarnwala.com,pragati-enterprises
Predilnica Litija d.o.o.,SVN,Slovenia,Litija,sales@litija.com,www.litija.com,predilnica-litija-doo
Preformatex S.L.,ESP,Spain,Les Franqueses del Valles,roberto@preformatex.es,www.preformatex.es,preformatex-sl
PREM POLYTEX,IND,India,Meerut,manpreet@ggzippers.com,https://www.ggzippers.coom,prem-polytex
Pressless GmbH,DEU,Germany,Flöha,s.rebel@pressless.de,www.pressless.de,pressless-gmbh
"Prince Co., Ltd.",KOR,"Korea, the Republic of (South)",Uiseong,princefiber3007@gmail.com,www.prince-fiber.com,prince-co-ltd
Prochimica Novarese Spa,ITA,Italy,San Pietro Mosezzo,fabrizio.sacco@prochimicanovarese.it,www.prochimicanovarese.it,prochimica-novarese-spa
PROCOTEX Corporation S.A.,BEL,Belgium,Mouscron,info@procotex.com,en.procotex.com,procotex-corporation-sa
Proneem Sarl,FRA,France,Marseille,info@proneem.com,www.proneem.com,proneem-sarl
"Protecfabrics New Materials (Changzhou) Co., Ltd.",CHN,China,Changzhou Jiangsu,brian@protecfabrics.com,www.protecfabrics.com,protecfabrics-new-materials-changzhou-co--ltd
Protechna Herbst GmbH &amp; Co. KG,DEU,Germany,Hohenbrunn,info@protechna.de,www.protechna.de,protechna-herbst-gmbh--co-kg
Protechnic S.A.,FRA,France,Cernay,commercial@protechnic.fr,http://www.protechnic.fr,protechnic-sa
Protex new advanced textiles GmbH,DEU,Germany,Rosendahl,info@protexonline.de,www.protexonline.de,protex-new-advanced-textiles-gmbh
PROXIM - Plewka i Wspolnicy Spolka Komandytowa,POL,Poland,Lublin,info@proxim.pl,https://proxim.pl/index-en.html,proxim-plewka-i-wspolnicy-spolka-komandytowa
P.R. Plastic S.r.l.,ITA,Italy,Passirano,info@prplastic.it,www.prplastic.it,pr-plastic-srl
Prym Fashion GmbH,DEU,Germany,Stolberg (Rhld.),info@prym-fashion.com,www.prym-fashion.com,prym-fashion-gmbh
Przedsiebiorstwo Produkcyjno Handlowe Legs Sp. z o.o.,POL,Poland,Aleksandrow Lodzki,j.kusowska@legs.com.pl,www.legs.com.pl,przedsiebiorstwo-produkcyjno-handlowe-legs-sp-z-oo
PT Ateja Grace Texindo,IDN,Indonesia,"Padalarang, Bandung Barat",agtex@agtex.co.id,www.agtex.co.id/,pt-ateja-grace-texindo
Pulcra Chemicals GmbH,DEU,Germany,Geretsried,info@pulcrachem.com,www.pulcra-chemicals.com,pulcra-chemicals-gmbh
Pureloop GmbH,AUT,Austria,Ansfelden,office@pureloop.at,,pureloop-gmbh
Purfi Manufacturing Belgium BV,BEL,Belgium,Waregem,info@purfi.com,,purfi-manufacturing-belgium-bv
Purity Techtextile Pvt. Ltd.,IND,India,Mumbai,infopttpl@puritytex.com,www.pttpl.com,purity-techtextile-pvt-ltd
"Shanghai Puxiong Industrial Co., Ltd.",CHN,China,Shanghai Shanghai Shi,nicole.zhang@chinapuxiong.com,www.puxionggroup.com,shanghai-puxiong-industrial-co-ltd
qCella AG,CHE,Switzerland,Zürich,info@qcella.com,https://qcella.com,qcella-ag
Qmatex BV,BEL,Belgium,Deerlijk,henk@qmatex.com,www.qmatex.com,qmatex-bv
"Quality Lab - Laborat&oacute;rio Textil, Lda",PRT,Portugal,Trofa,geral@qualitylab.pt,www.qualitylab.pt,quality-lab---laboratrio-textil-lda
RAD Global Pvt. Ltd.,IND,India,Jaipur,info@radglbl.com,www.radglbl.com,rad-global-pvt-ltd
Radici Yarn S.p.A.,ITA,Italy,Villa d'Ogna,apparel.technical@radicigroup.com,www.radicigroup.com,radici-yarn-spa
RAI TILLIERES,FRA,France,Rai,info@rai-tillieres.com,www.rai-tillieres.com,sasu-rai-tillieres
Ramatex Italia S.r.l.,ITA,Italy,Pistoia,camillanencini@ramatexitalia.it,,ramatex-italia-srl
Ramina S.r.l.,ITA,Italy,Grantorto,info@ramina.it,www.ramina.it,ramina-srl
F. J. RAMMER GmbH,DEU,Germany,Ohorn,info@rammer.de,www.rammer.de,f-j-rammer-gmbh
Ratti Luino S.r.l.,ITA,Italy,Cassano Valcuvia,commerciale@rattiluino.com,www.rattiluino.com,ratti-luino-srl
Rauschert Heinersdorf-Pressig GmbH,DEU,Germany,Schesslitz,info@rauschert-tec.com,www.rauschert-tec.com,rauschert-heinersdorf-pressig-gmbh
Recyc&#39;Elit,FRA,France,Venissieux,contact@recyc-elit.com,www.recyc-elit.com,recycelit-sas
Recytex GmbH &amp; Co. KG,DEU,Germany,Viersen,info@recytex.de,www.recytex.de,recytex-gmbh--co-kg
"Refibertech, S.A.",PRT,Portugal,Apulia,dominik@refibertech.com,www.refibertech.com,refibertech-sa
Regine IQtrim GmbH,DEU,Germany,Albstadt,info@regineiqtrim.com,www.regineiqtrim.com,regine-iqtrim-gmbh
REG-MA Srl,ITA,Italy,Mathi C.Se,ppolicino@reg-ma.it,,reg-ma-srl
Reifenh&auml;user Enka Tecnica GmbH,DEU,Germany,Kabelsketal,sales@reifenhauser.com,www.reifenhauser.com,reifenhaeuser-enka-tecnica-gmbh
REINVENTEX LLC,UKR,Ukraine,Irpin,t.pushkarova@reinventex.com.ua,https://www.reinventex.com.ua/,reinventex-llc
Reliant Machinery Ltd.,GBR,Great Britain and Northern Ireland,"Luton, Bedfordshire",sales@reliant-machinery.co.uk,www.reliant-machinery.com,reliant-machinery-ltd
RENOLIT,ESP,Spain,Villatuerta,mathieu.berard@renolit.com,https://www.renolit.com/en/industries/home-building/exterior/tents-and-awnings,renolit-hispania-sa
Resortecs,BEL,Belgium,Dilbeek,,www.resortecs.com,bv-regeneration
Retech Aktiengesellschaft,CHE,Switzerland,Meisterschwanden,info@retech.ch,www.retech.ch,retech-ag
REX Industrie-Produkte Graf von Rex GmbH,DEU,Germany,Vellberg,info@rex-industrie-produkte.de,www.rex-industrie-produkte.de,rex-industrie-produkte-graf-von-rex-gmbh
Ribbons Limited,GBR,Great Britain and Northern Ireland,Treorchy,contact@ribbons.co.uk,www.ribbons.co.uk,ribbons-limited
Rigamonti &amp; Perego &amp; C. S.r.l.,ITA,Italy,Garbagnate Monastero,m.pozzi@rigamontieperego.com,www.rigamontieperego.com,rigamonti--perego--c-srl
Rimteks &Ouml;rme Sanayi A.S.,TUR,Türkiye,Istanbul,sinem@rimteksorme.com,www.rimteksorme.com,rimteks-oerme-sanayi-as
Ritas Kimya ve Tekstil Sanayi Tic. A.S.,TUR,Türkiye,Sehitkamil / Gaziantep,ritas@ritas.com.tr,www.ritas.com.tr,ritas-kimya-ve-tekstil-sanayi-tic-as
RIUS-COMATEX Construcciones Metal&uacute;rgicas Especiales S.A. Unipersonal,ESP,Spain,Sant Joan de Vilatorrada,oscarrius@rius-comatex.com,www.rius-comatex.com,construcciones-metalrgicas-especiales-sa-unipersonal
Rivertex Technical Fabrics,NLD,Netherlands,Culemborg,sales@rivertex.nl,www.rivertex.com,rivertex-technical-fabrics-group-bv
RKW SE,DEU,Germany,Mannheim,contactnonwovens@rkw-group.com,www.rkw-group.com,rkw-se
R.O.A.M. Systems,USA,United States,,,,roam-systems
ROBCO ENGINEERING A/S,DNK,Denmark,Saeby,info@robco-eng.com,www.robco-eng.com,robco-engineering-as
SAS Etablissements Samuel Roche,FRA,France,La Ricamarie,contact@samuelroche.com,www.samuelroche.com,sas-etablissements-samuel-roche
Rohtex GmbH,DEU,Germany,Mönchengladbach,info@rohtex.com,www.rohtex.com,rohtex-gmbh
ROLLMAC / COSTA,ITA,Italy,Trissino,info@gemata.com,www.gemata.it,ge-ma-ta-spa-rollmac-division
roma-Strickstoff-Fabrik Rolf Mayer GmbH &amp; Co. KG,DEU,Germany,Balingen,info@roma-strickstoffe.de,www.roma-strickstoffe.de,roma-strickstoff-fabrik-rolf-mayer-gmbh--co-kg
Rosich y Puigdengolas S.A.,ESP,Spain,Terrassa,marco.rossi@rosich.com,www.rosich.com,rosich-y-puigdengolas-sa
Rotaterm (Rota Nonwovens),TUR,Türkiye,Bahcelievler / Istanbul,export@rotaterm.com,www.rotaterm.com,rotaterm-plastik-ambalaj-san-ve-tic-ltd-sti
Rovitex,FRA,France,Rochetoirin,contact@rovitex.fr,www.rovitex-lamination.fr,rovitex-sas
ROWA Lack GmbH,DEU,Germany,Pinneberg,info@rowa-lack.de,www.rowa-lack.de,rowa-lack-gmbh
Ruba Fermuar Ve Pres Dokum San. A. S.,TUR,Türkiye,Manisa,meric@rubazipper.com,www.rubazipper.com,ruba-fermuar-ve-pres-dokum-san-a-s
Rudholm &amp; H.K AB,SWE,Sweden,Borås,sven.herold@rudholmgroup.com,www.rudholmgroup.com,rudholm--hk-ab
RUDOLF,DEU,Germany,Geretsried,info@rudolf.com,rudolf.com,rudolf-gmbh
"Changzhou Runfengyuan Textile Machinery Manufacturing Co., Ltd.",CHN,China,Changzhou Jiangsu,lingna.chen@run-yuan.com,www.run-yuan.com,changzhou-runfengyuan-textile-machinery-manufacturing-co-ltd
Ruther &amp; Einenkel GmbH &amp; Co. KG,DEU,Germany,Annaberg-Buchholz,h-d.zschau@ruther-einenkel.de,www.ruther-einenkel.de,ruther--einenkel-gmbh--co-kg
Sadaqat Limited,PAK,Pakistan,Faisalabad,hassan.suleri@sadaqatgroup.net,www.sadaqatgroup.net,sadaqat-limited
S&auml;chsisches Textilforschungsinstitut e. V. (STFI),DEU,Germany,Chemnitz,stfi@stfi.de,www.stfi.de,saechsisches-textilforschungsinstitut-e-v-stfi
S&auml;ntis Textiles AG,CHE,Switzerland,Bühler,,www.saentis-textiles.com,saentis-textiles-ag
Safak Orme San. ve Tic. A.S.,TUR,Türkiye,Istanbul,exportteam@safaktekstil.com.tr,www.safaktekstil.com.tr,safak-orme--san-ve-tic-as
Georg Sahm GmbH &amp; Co. KG,DEU,Germany,Eschwege,info@sahmwinder.com,www.sahmwinder.com,georg-sahm-gmbh--co-kg
Saint Clair Textiles SASU,FRA,France,St Clair de la Tour,contact@saintclairtextiles.com,www.saintclairtextiles.com,saint-clair-textiles-sasu
SAINT-GOBAIN ADFORS CZ s.r.o.,CZE,Czech Republic,Litomyšl,adfors.eu@saint-gobain.com,www.adfors.com,saint-gobain-adfors-cz-sro
Saint-Gobain Vetrotex,FRA,France,Courbevoie,,,saint-gobain-vetrotex
Salvad&egrave; S.r.l.,ITA,Italy,Grandate,info@salvade.com,,salvad-srl
"Samhwa Machinery Co., Ltd.",KOR,"Korea, the Republic of (South)",Gyungsan Si,,,samhwa-machinery-co-ltd
"SAMHWAN TF Co., Ltd.",KOR,"Korea, the Republic of (South)",Gwangjin-gu,exp03@samhwantf.com,www.samhwantf.com,samhwan-tf-co-ltd
"Samil Spinning Co., Ltd.",KOR,"Korea, the Republic of (South)","Gyeongsan-si, Gyeongbuk",hiy@samil-sp.co.kr,www.samil-sp.co.kr,samil-spinning-co-ltd
"Kunshan Sanchuan Hi-Tech Fabric Co., Ltd.",CHN,China,Suzhou Jiangsu,nailin.tang@sanchuan-group.com,www.sanchuan-group.com,kunshan-sanchuan-hi-tech-fabric-co-ltd
Sanrhea Technical Textiles Limited,IND,India,Gandhinagar,sanrhea@gmail.com,www.sanrhea.com,sanrhea-technical-textiles-limited
Santex Rimar Group S.r.l.,ITA,Italy,Trissino,info@santexrimar.com,www.santexrimar.com,santex-rimar-group-srl
"Zhejiang Sanwei Material Technology Co., Ltd.",CHN,China,Taizhou Zhejiang,frank0561@163.com,,zhejiang-sanwei-material-technology-co-ltd
Sapphire Finishing Mills Limited,PAK,Pakistan,Lahore,marketing@sapphiremills.com,www.sapphiremills.com,sapphire-finishing-mills-limited
Sarex Chemicals (A Div of Saraf Chemicals PVT LTD),IND,India,Mumbai,,www.sarex.com,saraf-chemicals-private-limited
Sarikilic Tekstil Sanayi Ve Ticaret Limited Sirketi,TUR,Türkiye,Usak,info@stsnonwovens.com.tr,www.stsnonwovens.com.tr,sarikilic-tekstil-sanayi-ve-ticaret-limited-sirketi
Sarla Performance Fibers Limited,IND,India,Mumbai,sunil@sarlafibers.com,www.sarlafibers.com,sarla-performance-fibers-limited
Sasa Polyester Sanayi A.S.,TUR,Türkiye,Adana,info@sasa.com.tr,https://www.sasa.com.tr,sasa-polyester-sanayi-as
SASYTEX,FRA,France,Belmont Tramonet,contact@sasytex.com,www.sasytex.com,savoie-synergie-textile-sarl---sasytex
SATAB GROUP,FRA,France,Saint Just Malmont,mdogan@satab.com,www.satab.com,satab-sas
Sattler PRO-TEX GmbH,AUT,Austria,Gössendorf,marketing-protex@sattler.com,https://protex.sattler.com,sattler-pro-tex-gmbh
Satyam Polyknits,IND,India,"Ganaur, Haryana",info@satyampolyknits.com,www.satyampolyknits.com,satyam-polyknits
SAUERESSIG | UNGRICHT GMBH + CO KG,DEU,Germany,Mönchengladbach,info@saueressig.com,www.saueressig.com,ungricht-gmbh--co-kg
"Sauleda, S.A.",ESP,Spain,Barcelona,sauleda@sauleda.com,www.sauleda.com,sauleda-sa
Saul GmbH,DEU,Germany,Bocholt,buedding@saul.de,www.saul.de,saul-gmbh
Saurer Technologies GmbH &amp; Co. KG Twisting Solutions,DEU,Germany,Krefeld,info.twisting.kr@saurer.com,saurer.com,saurer-technologies-gmbh--co-kg
SaXcell B.V.,NLD,Netherlands,Enschede,info@saxcell.com,https://saxcell.com/,saxcell-bv
Saxion University of Applied Sciences,NLD,Netherlands,Enschede,support.ftt@saxion.nl,www.saxion.nl,stichting-saxion
OY Scantarp AB,FIN,Finland,Kuopio,sales@scantarp.fi,www.scantarp.fi,oy-scantarp-ab
SCANTECH Germany GmbH,DEU,Germany,Andernach,,www.scantech.com,scantech-germany-gmbh
FSE Franz Sch&auml;fer Etiketten GmbH,DEU,Germany,Großröhrsdorf,sebastian.born@fseb.de,www.fseb.de,fse-franz-schaefer-etiketten-gmbh
Schaeffer Productique Sas,FRA,France,Brunstatt Didenheim,,www.schaeffer-productique.com,schaeffer-productique-sas
Schaeffertec GmbH,DEU,Germany,Sprockhövel,welcome@schaeffertec.de,www.loxx-produkte.de,schaeffertec-gmbh
E. Schellenberg Textildruck AG,CHE,Switzerland,Fehraltorf,u.schellenberg@estextildruck.ch,www.estextildruck.ch,e-schellenberg-textildruck-ag
Scheve &amp; Cie. GmbH,DEU,Germany,Grevenbroich,info@schevegmbh.de,www.schevegmbh.de,scheve--cie-gmbh
Schill + Seilacher GmbH,DEU,Germany,Böblingen,helga.fiket@schillseilacher.de,www.schillseilacher.de,schill--seilacher-gmbh
Schlatter Deutschland GmbH &amp; Co. KG,DEU,Germany,Münster,info@schlattergroup.com,www.schlattergroup.com,schlatter-deutschland-gmbh--co-kg
N. Schlumberger SAS,FRA,France,Guebwiller,nsc@nsc.fr,www.nsc-schlumberger.com,n-schlumberger-sas
SCHMIETEX ENGINEERING GmbH,DEU,Germany,Hohenstein-Ernstthal,info@schmietex.com,www.schmietex.com,schmietex-engineering-gmbh
Schmits Chemical Solutions,NLD,Netherlands,Almelo,info@schmits.nl,www.schmits.nl,schmits-international-bv
Scholze Germany GmbH,DEU,Germany,Frankenberg (Eder),info@scholze-germany.de,www.scholze-germany.de,scholze-germany-gmbh
Schott &amp; Meissner Maschinen- und Anlagenbau GmbH,DEU,Germany,Blaufelden,info@schott-meissner.de,www.schott-meissner.de,schott--meissner-maschinen--und-anlagenbau-gmbh
Schoutteten et Froidure S.A.S.,FRA,France,Comines,info@schoutt.com,,schoutteten-et-froidure-sas
SDC Enterprises Limited,GBR,Great Britain and Northern Ireland,"Holmefirth, West Yorkshire",sales@sdcenterprises.co.uk,www.sdcenterprises.co.uk,sdc-enterprises-limited
SDL Atlas LLC,USA,United States,Rock Hill South Carolina,mnypaver@sdlatlas.com,www.sdlatlas.com,sdl-atlas-llc
"Sealon Co., Ltd.",KOR,"Korea, the Republic of (South)",Seoul,admin@i-sealon.com,https://www.i-sealon.com/,sealon-co-ltd
Sedo Treepoint,DEU,Germany,Mengerskirchen,sedo@sedo-treepoint.com,www.sedo-treepoint.com,sedo-treepoint-gmbh
Sefar AG,CHE,Switzerland,Heiden,achema@sefar.com,www.sefar.com,sefar-ag
"Hangzhou Segurmax Textile Co., Ltd.",CHN,China,Hangzhou Zhejiang,info@segurmax.cn,www.segurmax.cn,hangzhou-segurmax-textile-co-ltd
Senbis Sustainable Products B.V.,NLD,Netherlands,Emmen,,https://senbis.com/sustainable-products,senbis-sustainable-products-bv
SENFA CILANDER Switzerland AG,CHE,Switzerland,Lützerlflüh,,,senfa-cilander-switzerland-ag
Senfa Cilander,FRA,France,Sélestat Cedex,info@senfa-cilander.com,www.senfa-cilander.com,senfa-sas
Sensoptic SA,CHE,Switzerland,Losone,info@sensoptic.ch,www.sensoptic.ch,sensoptic-sa
Setas Kimya Sanayi A.S.,TUR,Türkiye,Tekirdag,setas@setas.com.tr,www.setas.com.tr,setas-kimya-sanayi-as
SETEX-Textil-GmbH,DEU,Germany,Hamminkeln,info@setex.de,www.setex.de,setex-textil-gmbh
Shakespeare Monofilament UK Ltd.,GBR,Great Britain and Northern Ireland,Fleetwood,craig.clayton@shakespeareco.com,https://shakespeare-pf.com/,shakespeare-monofilament-uk-ltd
Shakti Cords Pvt Ltd,IND,India,Madurai,manimaran@shakticords.com,www.shakticords.com,shakti-cords-pvt-ltd
"Shanghai I&amp;G Co., Ltd.",CHN,China,Shanghai,vivian@newfire.biz,www.newfire.biz,shanghai-ig-coltd
"Shanghai Maxnice Industries Group Co., Ltd",CHN,China,Shanghai Shanghai Shi,info@maxnicegroup.com,www.maxnicegroup.com,shanghai-maxnice-industries-group-co-ltd
Shankar Packagings Limited,IND,India,Vadodara,shyam.ganatra@shankarpack.com,https://www.shankartechx.com/,shankar-packagings-limited
Shelton Machines Ltd.,GBR,Great Britain and Northern Ireland,"Kibworth, Leicestershire",mshelton@sheltonvision.co.uk,www.sheltonvision.co.uk,shelton-machines-ltd
"Shanghai Shenda Kobond New Materials Co., Ltd.",CHN,China,Shanghai,kevin_hu@kobond.net,www.kobond.net,shanghai-shenda-kobond-new-materials-co-ltd
"Zhejiang Shengdannu New Materials Co., Ltd.",CHN,China,Haining Zhejiang,sdn.vincent@shengdannu.com,www.sdn-tech.com,zhejiang-shengdannu-new-materials-co-ltd
"Sheng Hung Industrial Co., Ltd.",TWN,Taiwan,Taipei,shi@shi.com.tw,www.shi.com.tw,sheng-hung-industrial-co-ltd
"Hangzhou Shenlian Development Trade Co., Ltd.",CHN,China,Hangzhou Zhejiang,shenlianbaosu666@163.com,www.slindustrialfabric.com,hangzhou-shenlian-development-trade-co-ltd
Shieldex,DEU,Germany,Bremen,info@shieldex.de,www.shieldex.de,statex-produktions--und-vertriebs-gmbh
Shimall Tekstil Sentetik Elyaf Deri Sanayi ve Ticaret Limited Sirketi,TUR,Türkiye,Şehitkamil/Gaziantep,info@shimallnonwovens.com,https://shimallnonwovens.com/tr,shimall-tekstil-sentetik-elyaf-deri-sanayi-ve-ticaret-limited-sirketi
Shima Seiki Italia S.p.A.,ITA,Italy,Segrate,info@shimaseiki.eu,www.shimaseiki.eu,shima-seiki-italia-spa
"Shin Han Ind. Co., Ltd.",KOR,"Korea, the Republic of (South)",Ansan-si,ffd@shinhanind.co.kr,http://shinhanind.kr/,shin-han-ind-co-ltd
Shinkong Synthetic Fibers Corporation,TWN,Taiwan,Taipei,analysis@shinkong.com.tw,www.shinkong.com.tw/,shinkong-synthetic-fibers-corporation
"Shinkong Textile Co., Ltd.",TWN,Taiwan,Taipei,marketing@sktextile.com.tw,https://www.sktextile.com.tw,shinkong-textile-co-ltd
Shrinath Adhesive Product Private Ltd.,IND,India,Ahmedabad,arth@shrinathadhesive.com,www.shrinathadhesive.com,shrinath-adhesive-product-private-ltd
Sicam S.r.l. Societ&agrave; Italiana Costruzioni Aeromeccniche,ITA,Italy,Milano,sicamit@tin.it,www.sicamsrl.com,sicam-srl-societ-italiana-costruzioni-aeromeccniche
Siebfabrik Arthur Maurer GmbH &amp; Co. KG,DEU,Germany,Mössingen,info@siebfabrik.com,www.siebfabrik.de,siebfabrik-arthur-maurer-gmbh--cokg
"Sijia New Material (Shanghai) Co., Ltd.",CHN,China,Shanghai,shexport@sijiacn.com,www.sijiacn.com,sijia-new-material-shanghai-co-ltd
Silitex ESD Inc,KOR,"Korea, the Republic of (South)",Gumi-si,info@silitex.co.kr,www.silitex.co.kr,silitex-esd-inc
Silk &amp; Progress spol. s r.o.,CZE,Czech Republic,Brnenec,silk@silkandprogress.cz,www.silkandprogress.cz,silk--progress-spol-s-ro
SILTEX Flecht- und Isoliertechnologie Holzm&uuml;ller GmbH &amp; Co. KG,DEU,Germany,Julbach,siltex@siltex.de,www.siltex.de,siltex-flecht--und-isoliertechnologie-holzmueller-gmbh--co-kg
SILTEX S.r.l.,ITA,Italy,Torri Di Quartesolo,info@siltex-srl.it,www.siltex-srl.it,siltex-srl
Sima S.r.l.,ITA,Italy,Castelfranco Emilia,salesdept@sima-ds.com,www.sima-ds.com,sima-srl
Simet S.r.l.,ITA,Italy,Rubiera,info@simet.it,www.simet.it,simet-srl
"Sinochem Plastics Co., Ltd.",CHN,China,Beijing,qiqianning@sinochem.com,www.sinochemplastics.com,sinochem-plastics-co-ltd
"Haining Sinolen Textile Co., Ltd.",CHN,China,Haining Zhejiang,tom.teng@sinolen.com,www.sinolen.com,haining-sinolen-textile-co-ltd
"Sino Techfull Co., Ltd.",CHN,China,Shenzhen Guangdong,sales@narrowfabricmachines.com,www.sino-techfull.com,sino-techfull-co-ltd
"Sinowin Chemical Fiber Co., Ltd.",CHN,China,Hebi Henan,sdl@sinowinfiber.com,www.sinowinfiber.com,sinowin-chemical-fiber-co-ltd
"SINTEX, a.s.",CZE,Czech Republic,Ceska Trebova,info@sintex.cz,www.sintex.cz,sintex-as
"Sinty Sci-Tech Co., Ltd.",CHN,China,Qingdao Shandong,info@sintyfiber.com,www.qdsinty.com,sinty-sci-tech-co-ltd
SIOEN Industries N.V.,BEL,Belgium,Ardooie,info@sioen.com,www.sioen.com,sioen-industries-nv
Sitip S.p.A.,ITA,Italy,Cene,info@sitip.it,www.sitip.it,sitip-spa
SK-TEX s.r.o.,SVK,Slovakia,Bratislava,sk-tex@sk-tex.com,www.sk-tex.com,sk-tex-sro
Sky Industries Limited,IND,India,Mumbai,export3@skycorp.in,www.skycorp.in,sky-industries-limited
"Suzhou Skyline Hi-Tech Textile Co., Ltd.",CHN,China,Suzhou Jiangsu,echo@skyline-tex.com,www.skyline-tex.com,suzhou-skyline-hi-tech-textile-co-ltd
Slittec GmbH,DEU,Germany,Ahaus,info@slittec.de,www.slittec.de,slittec-gmbh
smartpolymer GmbH,DEU,Germany,Rudolstadt,marketing@smartpolymer.de,www.smartpolymer.de,smartpolymer-gmbh
SML Maschinengesellschaft mbH,AUT,Austria,Redlham,sml@sml.at,https://www.sml.at/de,sml-maschinengesellschaft-mbh
SNG Makine Kimya Sanayi ve Ticaret Limited Sirketi,TUR,Türkiye,Istanbul,info@sngkimya.com,,sng-makine-kimya-sanayi-ve-ticaret-limited-sirketi
Sock Source B.V.,NLD,Netherlands,Tilburg,info@vodde.nl,www.vodde.es,sock-source-bv
SOFAL,SVK,Slovakia,Velke Ripnany,michal.lesay@sofal.eu,www.sofal.eu,polnohospodarske-druzstvo--radosinka
Sofila,FRA,France,Lyon,contact@sofila.fr,https://sofila.fr,sofila-sasu
SOFILETA S.A.S.,FRA,France,Bourgoin Jallieu,virginie.wittmer@sofileta.com,www.sofileta.com,sofileta-sas
SOFNT INC.,KOR,"Korea, the Republic of (South)",Seoul,,www.sofnt.com,sofnt-inc
Soft NW S.r.l.,ITA,Italy,Quaregna Cerreto,softnw@softnw.com,www.softnw.com,soft-nw-srl
SOLIANI EMC SRL,ITA,Italy,Como,info@solianiemc.com,www.solianiemc.com,soliani-emc-srl
SAS Sommer Needlepunch,FRA,France,Baisieux,technicalsolutions@sommernp.com,www.sommernp.com,sas-sommer-needlepunch
SONOMAX S.r.l.,ITA,Italy,Fenegrò,info@sonomax.it,www.sonomax.it,sonomax-srl
Sopara,FRA,France,Pusignan,contact@sopara.com,www.sopara.com,sas-soc-sopara
Sossna GmbH,DEU,Germany,Dorsten,sossna@sossna.de,www.sossna.de,sossna-gmbh
Southern Felt &amp; Geotex,IND,India,Chennai,info@sfgindustries.com,https://southernfelt.in/,southern-felt--geotex
Soyang Europe Limited,GBR,Great Britain and Northern Ireland,Accrington,lucy@soyang.net,www.soyang.net,soyang-europe-limited
SPAC S.p.A.,ITA,Italy,Arzignano,chantal.daffan@spac-spa.it,www.spacspa.com,spac-spa
SPINNBAU GmbH,DEU,Germany,Bremen,info@spinnbau.de,www.spinnbau.de,spinnbau-gmbh
Spoolex S.A.S.,FRA,France,Roche la Molière,spoolex@spoolex.com,www.spoolex.com,spoolex-sas
Sportwear Argentona S.A.,ESP,Spain,Dosrius,info@spwear.es,www.spwear.es,sportwear-argentona-sa
Herm. Sprenger Metallwarenfabrik GmbH &amp; Co. KG,DEU,Germany,Iserlohn,info@sprenger.de,www.sprenger.de,herm-sprenger-metallwarenfabrik-gmbh--co-kg
Spunfab Ltd.,USA,United States,Cuyahoga Falls Ohio,info@spunfab.com,www.spunfab.com,spunfab-ltd
SRS Spindle Research &amp; Service S.r. l.,ITA,Italy,Treviglio,info@srs-srl.it,www.srs-srl.it,srs-spindle-research--service-sr-l
SSM Sch&auml;rer Schweiter Mettler AG,CHE,Switzerland,Wädenswil,info@ssm.ch,www.ssm.ch,ssm-schaerer-schweiter-mettler-ag
St&auml;ubli International AG,CHE,Switzerland,Pfäffikon SZ,textile.mkg@staubli.com,www.staubli.com,staeubli-international-ag
Stahl,NLD,Netherlands,Waalwijk,communications@stahl.com,https://www.stahl.com/,stahl-europe-bv
STALAM S.p.A.,ITA,Italy,Nove,stalam@stalam.com,www.stalam.com,stalam-spa
STAP a.s.,CZE,Czech Republic,Vilemov u Sluknova,david.sklenar@stap.cz,www.stap.cz,stap-as
Benedikt Starke GmbH &amp; Co. KG,DEU,Germany,Sundern,info@bstarke.de,www.bstarke.de,benedikt-starke-gmbh--co-kg
STC Spinnzwirn GmbH,DEU,Germany,Chemnitz,info@stc-spinnzwirn.com,stc-spinnzwirn.com,stc-spinnzwirn-gmbh
STE FRIES TUNISIE,TUN,Tunisia,Dar Chaabane,directiongenral@fries-textil.de,https://fries-textil.de/fries-tunisie/,ste-fries-tunisie
STE GHET LAB,TUN,Tunisia,Monastir,,www.ghetlab.com,ste-ghet-lab
Steiger Participations SA,CHE,Switzerland,Vionnaz,Athanasios.Lilioudis@steiger-textil.ch,www.steiger-textil.ch,steiger-participations-sa
steintex GmbH,DEU,Germany,Wermelskirchen,info@steintex.de,www.steintex.de,steintex-gmbh
Stepptex Ges.m.b.H.,AUT,Austria,Absam,info@stepptex.at,stepptex.at,stepptex-gesmbh
Stevtiss SA,FRA,France,Chirassimont,contact@stevtiss.fr,https://www.stevtiss.fr/en,stevtiss-sa
Stilla Industries Italia Srl,ITA,Italy,Gambolò,p.malspina@stilla.it,https://stilla.it/,stilla-industries-italia-srl
StockFil S.L.,ESP,Spain,Barberà del Vallès,laiapuntdegir@gmail.com,https://stockfil.com/,stock-polyester-sl
Otto Stockmayer &amp; Sohn GmbH,DEU,Germany,Pirmasens,info@stockmayer.com,www.stockmayer.com,otto-stockmayer--sohn-gmbh
Stretchline,GBR,Great Britain and Northern Ireland,Nottingham,contactus@stretchline.com,www.stretchline.com,stretchline-uk-limited
STW Kautzmann GmbH,DEU,Germany,Schenkenzell,info@stw-faser.de,https://stw-faser.de,stw-kautzmann-gmbh
SUBRENAT SAS,FRA,France,Mouvaux,tbt@subrenat.com,www.subrenat.com,subrenat-sas
Suchy Textilmaschinenbau GmbH,DEU,Germany,Korbußen,info@suchy-textil.de,www.suchy-textil.de,suchy-textilmaschinenbau-gmbh
S&uuml;dwesttextil - Verband der S&uuml;dwestdeutschen Textil- und Bekleidungsindustrie e.V.,DEU,Germany,Stuttgart,info@suedwesttextil.de,www.suedwesttextil.de,suedwesttextil---verband-der-suedwestdeutschen-textil--und-bekleidungsindustrie-ev
S&uuml;dwolle Group GmbH,DEU,Germany,Schwaig b. Nürnberg,yarns@suedwollegroup.de,www.suedwollegroup.com,suedwolle-group-gmbh
Sultanpure Textile Mills Private Limited,IND,India,Ichalkaranji,marketing@sultanpure.com,sultanpure.com,sultanpure-textile-mills-private-limited
Sumitomo Chemical Company Limited,JPN,Japan,Chuo-ku Tokyo,,https://www.sumitomo-chem.co.jp/english/,sumitomo-chemical-company-limited
Sun Chemical Group GmbH,DEU,Germany,Frankfurt am Main,globalmarketing@sunchemical.com,www.sunchemical.com,sun-chemical-group-gmbh
SUNFIBRE s.r.o.,CZE,Czech Republic,Turnov,kralova@sunfibre.com,www.sunfibre.com,scilif-sro
Sunkiss Matherm Radiation S.A.S.,FRA,France,Bressolles,info@sunkissmatherm.com,www.sunkissmatherm.com,sunkiss-matherm-radiation-sas
"Sunny Special Dyeing &amp; Finishing Co., Ltd.",TWN,Taiwan,Taipei City,sarah@sunnytex.com.tw,,sunny-special-dyeing--finishing-co-ltd
"Suzhou Sunnywear New Material Co., Ltd.",CHN,China,Suzhou Jiangsu,antony.feng@sunnywear.cn,www.sunnywear.cn,suzhou-sunnywear-new-material-co-ltd
"Kunshan Sunshinetex New Material Co., Ltd.",CHN,China,Suzhou Jiangsu,hy@sunshinetex.com,www.sunshinetex.com,kunshan-sunshinetex-new-material-co-ltd
"Suntex Composite Industrial Co., Ltd.",CHN,China,Wuhan Hubei,info@suntexcomposite.com,https://coatedglassfabric.com/,suntex-composite-industrial-co-ltd
"Suntex Fiber Co., Ltd.",TWN,Taiwan,Changhwa,sales@suntexfiber.com.tw,www.suntexfiber.com,suntex-fiber-co-ltd
Supercrease Limited,GBR,Great Britain and Northern Ireland,Leeds,sales@supercrease.com,www.supercrease.com,supercrease-limited
Supertech Fabrics Private Limited,IND,India,Vadodara,utssav@supertechfabrics.com,www.supertechfabrics.com,supertech-fabrics-private-limited
Super Textile Corporation,TWN,Taiwan,Taipei,webmaster@supertextile.com,www.supertextile.com,super-textile-corporation
SUREFAS B.V.,NLD,Netherlands,Rotterdam,info@surefas.com,www.surefas.com,surefas-bv
"Suzhou Joy P&amp;D Tex-tech Co., Ltd.",CHN,China,Suzhou Jiangsu,,www.joy-cn.com,suzhou-joy-pd-tex-tech-co-ltd
AB Svenskt Konstsilke,SWE,Sweden,Västra Frölunda,info@sks-textile.com,www.sks-textile.com,ab-svenskt-konstsilke
Svepol EAD,BGR,Bulgaria,Sofia,sales@svepol.com,www.svepol.com,svepol-ead
SVITAP s.r.o.,CZE,Czech Republic,Svitavy,svitap@svitap.cz,www.svitap.cz,svitap-sro
swarotex-seiba GmbH,DEU,Germany,Murg,info@swarotex-seiba.com,www.swarotex-seiba.com,swarotex-seiba-gmbh
"Hebei Swiit Metallic Fiber Co., Ltd.",CHN,China,Shijiazhuang Hebei,yang@swiit-fiber.com,www.hbswiit.com,hebei-swiit-metallic-fiber-co-ltd
Swissmem,CHE,Switzerland,Zürich,info@swissmem.ch,www.swissmem.ch,swissmem
swiss-sonic Ultraschall AG,CHE,Switzerland,Arbon,info@swiss-sonic.ch,www.swiss-sonic.ch,swiss-sonic-ultraschall-ag
Swiss Textiles Textilverband Schweiz,CHE,Switzerland,Zürich,info@swisstextiles.ch,www.swisstextiles.ch,swiss-textiles-textilverband-schweiz
swisstulle AG,CHE,Switzerland,Münchwilen TG,info@swisstulle.ch,www.swisstulle.ch,swisstulle-ag
Sympatex Technologies GmbH,DEU,Germany,Unterföhring,marketing@sympatex.com,www.sympatex.com,sympatex-technologies-gmbh
Sy Plus Polymer Co,KOR,"Korea, the Republic of (South)",Paju,roystarps@soyon.com,www.sypluspolymer.com,sy-plus-polymer-co
T 2 S,FRA,France,Sorbiers Cedex,h.samuel@t2s.fr,www.t2s.fr,t-2-s-sasu
Taconic International Ltd.,IRL,Ireland,"Mullingar, Co.Westmeath",alexh@4taconic.com,www.taconic-ipd.com,taconic-international-ltd
"Taekwang Industrial Co., Ltd.",KOR,"Korea, the Republic of (South)",Seoul,yooeun@taekwang.co.kr,www.taekwang.co.kr,taekwang-industrial-co-ltd
Taiwan Functional Textiles,TWN,Taiwan,Taipei City,tts@textiles.org.tw,https://tft.ttfapproved.org.tw/en/,taiwan-functional-textiles
Taiwan Textile Federation,TWN,Taiwan,Taipei,service@textiles.org.tw,www.textiles.org.tw,taiwan-textile-federation
TAJIMA GmbH,DEU,Germany,Winterlingen,info@filacon.com,www.filacon.de,tajima-gmbh
TAKA-WPR,ITA,Italy,Pianezze (VI),info@taka.it,https://taka-adhesives.com/,wpr-srl
Talleres Ratera SA,ESP,Spain,Manresa,mlorente@ratera.com,www.ratera.com,talleres-ratera-sa
tambula GmbH,DEU,Germany,Bebra,,www.tambula.de,tambula-gmbh
TANATEX Chemicals B.V.,NLD,Netherlands,Ede,info@tanatexchemicals.com,www.tanatexchemicals.com,tanatex-chemicals-bv
Taubert Textil GmbH,DEU,Germany,Freising,knitted-fabrics@taubert.com,www.taubert-textile.de,taubert-textil-gmbh
"Taya Canvas (Shanghai) Co., Ltd.",CHN,China,Shanghai,marketing@tayagroups.com,www.goforkavalan.com,taya-canvas-shanghai-co-ltd
TAY S.r.l.,ITA,Italy,Cazzago San Martino,lino@mussinelli.com,www.mussinelli.com,tay-srl
TBA Protective Technologies Limited,GBR,Great Britain and Northern Ireland,Rochdale,sales@fothergill.co.uk,www.tba-pt.com,tba-protective-technologies-limited
TBS International (Pvt) Ltd.,LKA,Sri Lanka,Malabe,samanr@tbsinter.com,www.tbsinter.com,tbs-international-pvt-ltd
Team Manufacturing Company Ltd.,BGD,Bangladesh,Dhaka,,,team-manufacturing-company-ltd
technet GmbH gr&uuml;ndig + partner,DEU,Germany,Stuttgart,,www.technet-gmbh.com,technet-gmbh-gruendig--partner
Technikum Laubholz GmbH,DEU,Germany,Göppingen,marketing@technikumlaubholz.de,www.technikumlaubholz.de,technikum-laubholz-gmbh
Techni Sangles SAS,FRA,France,Saint Chamond,contact@technisangles.fr,www.technisangles.fr,techni-sangles-sas
Technische Textilien L&ouml;rrach GmbH &amp; Co. KG,DEU,Germany,Lörrach,info@ttl.de,www.ttl.de,technische-textilien-loerrach-gmbh--co-kg
"Technische Universit&auml;t Chemnitz, Professur Strukturleichtbau und Kunststoffverarbeitung",DEU,Germany,Chemnitz,slk@mb.tu-chemnitz.de,www.leichtbau.tu-chemnitz.de,technische-universitaet-chemnitz-professur-strukturleichtbau-und-kunststoffverarbeitung
Technische Universit&auml;t Chemnitz,DEU,Germany,Chemnitz,tt@mb.tu-chemnitz.de,https://www.tu-chemnitz.de/mb/IST/,technische-universitaet-chemnitz
Technitex Sachsen GmbH,DEU,Germany,Hohenstein-Ernstthal,info@technitex-sachsen.de,www.technitex-sachsen.de,technitex-sachsen-gmbh
"TECHNITIGER, S.L.",ESP,Spain,Castellbell i El Vilar,operacions@technitiger.com,www.technitiger.com,technitiger-sl
Technofibres SA,LUX,Luxembourg,Mertert,info@technofibres.com,www.technofibres.com,technofibres-sa
TECHNOplants,ITA,Italy,Pistoia,info@techno-plants.com,www.techno-plants.com,technoplants-srl
Techs,ESP,Spain,Cabezón de la Sal (Cantabria),textilsantanderina@tsanta.es,www.techs.es,textil-santanderina-sa
Association Techtera Auvergne-Rhone-Alpes,FRA,France,Ecully,contact@techera.org,www.techtera.org,association-techtera-auvergne-rhone--alpes
Techtex Fiber Sweden AB,SWE,Sweden,Ed,sherry@techtex-fiber.com,www.techtex-fiber.com,techtex-fiber-sweden-ab
TEC-KNIT CreativCenter f&uuml;r technische Textilien GmbH,DEU,Germany,Rhede,info@tec-knit.de,www.tec-knit.de,tec-knit-creativcenter-fuer-technische-textilien-gmbh
Tecnomeccanica Biellese S.r.l.,ITA,Italy,Camburzano,tmb@tbsrl.it,www.tbsrl.it,tecnomeccanica-biellese-srl
Tecnorama S.r.l.,ITA,Italy,Prato,tecnorama@tecnorama.it,www.tecnorama.it,tecnorama-srl
TEG Textile Expert Germany GmbH,DEU,Germany,Heinsdorfergrund,info@teg-tex.com,www.teg-tex.com,teg-textile-expert-germany-gmbh
Teijin Aramid GmbH,DEU,Germany,Wuppertal,info_industrial@teijinaramid.com,www.teijinaramid.com,teijin-aramid-gmbh
"Teijin Frontier Co., Ltd.",JPN,Japan,Osaka,konishi-h@teijin-frontier.com,http://www2.teijin-frontier.com,teijin-frontier-co-ltd
TEJIDOS ROYO SL - Royotec Division,ESP,Spain,Picassent Valencia,info@tejidos-royo.com,www.royotec.com,tejidos-royo-sl
Istanbul Tekstil ve Konfeksiyon Ihracatci Birlikleri Genel Sekreterligi Sekreterligi,TUR,Türkiye,Istanbul,,www.itkib.org.tr,istanbul-tekstil-ve-konfeksiyon-ihracatci-birlikleri-genel-sekreterligi-sekreterligi
Tekstina d.o.o.,SVN,Slovenia,Ajdovscina,tine.rovan@tekstina.si,www.tekstina-tech.com,tekstina-doo
TEMAFA Maschinenfabrik GmbH,DEU,Germany,Bergisch Gladbach,info@temafa.de,www.temafa.com,temafa-maschinenfabrik-gmbh
TEMCO - Rieter Components Germany GmbH,DEU,Germany,Hammelburg,michaela.friemer@temco.de,www.temco.de,rieter-components-germany-gmbh-temco
Tenowo GmbH,DEU,Germany,Hof,info@tenowo.com,www.tenowo.com,tenowo-gmbh
Ten Textiles UAB,LTU,Lithuania,Telsiai,office@tentextiles.com,www.tentextiles.com,ten-textiles-uab
Tepar Tekstil San. ve Tic. A.S.,TUR,Türkiye,"Arnavutköy, Istanbul",tepar@tepar.com,www.tepar.com,tepar-tekstil-san-ve-tic-as
"Terraza, S.L.",ESP,Spain,Barcelona,terraza@terraza-sl.com,www.terraza-sl.com,terraza-sl
Tesil Fibres s.r.o.,CZE,Czech Republic,Planá nad Luznici,,,tesil-fibres-sro
Tessiltoschi Industrie Tessili S.p.a.,ITA,Italy,Prato,ttoschi@tessiltoschi.it,www.tessiltoschi.com,tessiltoschi-industrie-tessili-spa
TESTEX AG,CHE,Switzerland,Zürich,zuerich@testex.com,www.testex.com,testex-ag
Texcar S.r.l.,ITA,Italy,Leffe,export@texcar.net,www.texcar.net,texcar-srl
Texera Srl,ITA,Italy,Busto Arsizio,v.baroni@texera.it,www.texera.it,texera-srl
Texfiltra S.L,ESP,Spain,Sabadell,info@texfiltra.com,www.texfiltra.es,texfiltra-sl
Texilmesa S.r.l.,ITA,Italy,Barzano,info@texilmesa.com,https://texilmesa.it,texilmesa-srl
Texmer GmbH &amp; Co. KG,DEU,Germany,Petersberg,info@texmer.de,www.texmer.de,texmer-gmbh--co-kg
TexMind UG (haftungsbeschr&auml;nkt),DEU,Germany,Heidenau,info@texmind.com,www.texmind.com,texmind-ug-haftungsbeschraenkt
Texnology S.R.L.,ITA,Italy,Fontaniva,paolo.olivo@texnology.it,www.texnology.it,texnology-srl
Texno S.r.l.,ITA,Italy,Briga Novarese,valentina.padovano@texno.it,www.texno.it,texno-srl
TEX TECH S.R.L.,ITA,Italy,Reggio Nell'Emilia,info@textechsrl.com,www.textechsrl.com,tex-tech-srl
Textechno Herbert Stein GmbH &amp; Co. KG,DEU,Germany,Mönchengladbach,m.hardelauf@textechno.com,http://www.textechno.com,textechno-herbert-stein-gmbh--co-kg
Texterial - Startup project of Hochschule Niederrhein,DEU,Germany,Mönchengladbach,sarah.neumann@hs-niederrhein.de,www.texterial.com,hochschule-niederrhein-texterial---startup
Textest AG,CHE,Switzerland,Schwerzenbach,info@textest.ch,www.textest.ch,textest-ag
Textilcolor AG,CHE,Switzerland,Sevelen,mail@textilcolor.ch,www.textilcolor.ch,textilcolor-ag
"China Textile Academy Green Fibre Co., Ltd.",CHN,China,Xinxiang Henan,marketing@cta.gt.cn,https://zflx.gt.cn/,china-textile-academy-green-fibre-co-ltd
Textiles Omnes S.A.,COL,Colombia,Dosquebradas - Risaralda,helene.toulemonde@textilesomnes.com,www.textilesomnes.com,textiles-omnes-sa
Textilforschungsinstitut Th&uuml;ringen-Vogtland e.V.,DEU,Germany,Greiz,mail@titv-greiz.de,www.titv-greiz.de,textilforschungsinstitut-thueringen-vogtland-ev
"TEXTIL OLIUS, S.A.",ESP,Spain,Sant Cugat del Valles,international@textilolius.com,www.textilolius.com,textil-olius-sa
Textilveredlung Drechsel GmbH (TVD),DEU,Germany,Selb,info@tvd.de,www.tvd.de,textilveredlung-drechsel-gmbh
Texti Sonics SAS,FRA,France,St Etienne,contact@textisonics.com,www.textisonics.com,texti-sonics-sas
Tex Tracer B.V.,NLD,Netherlands,Amsterdam,hello@tex-tracer.com,www.tex-tracer.com,tex-tracer-bv
Teymur Tekstil Sanayi ve Ticaret A.S.,TUR,Türkiye,Gaziantep,arge@teymurtekstil.com.tr,www.teymurtekstil.com,teymur-tekstil-sanayi-ve-ticaret-as
TFI - Institut f&uuml;r Boden- und Raumsysteme an der RWTH Aachen e.V.,DEU,Germany,Aachen,postmaster@tfi-online.de,www.tfi-online.de,tfi---institut-fuer-bodensysteme-an-der-rwth-aachen-ev
Thaker Felts Private Limited,IND,India,Vadodara,feltsindia@gmail.com,www.feltsindia.com,thaker-felts-private-limited
The FilamentFactory GmbH,DEU,Germany,Bad Hersfeld,info@tff.global,www.tff.global,the-filamentfactory-gmbh
THEMA 2 S.r.l.,ITA,Italy,Moglia,thema@themasystem.com,www.themasystem.com,thema-2-srl
Theodolf Fritsche GmbH,DEU,Germany,Helmbrechts,venhoff@tfritsche.de,www.tfritsche.de,theodolf-fritsche-gmbh--co-kg
Thies GmbH &amp; Co. KG,DEU,Germany,Coesfeld,info@thies.group,www.thiestextilmaschinen.de,thies-gmbh--co-kg
Thimonnier,FRA,France,Saint Germain au Mont D'Or,info@thimonnier.fr,www.thimonnier.com,thimonnier
Thorey Gera Textilveredelung GmbH,DEU,Germany,Gera,info@thotex.de,www.thotex.de,thorey-gera-textilveredelung-gmbh
Thrace Nonwovens &amp; Geosynthetics S.A.,GRC,Greece,Alimos (Athens),info@thraceplastics.gr,www.thracegroup.com,thrace-nonwovens--geosynthetics-sa
Threads (India) Pvt. Ltd.,IND,India,Kanpur,mayank.bakshi@threadsindia.com,www.threadsindia.com,threads-india-pvt-ltd
THS Industrial Textiles Ltd &amp; THS Technische Textilien GmbH,GBR,Great Britain and Northern Ireland,Elland,cstansfield@thstextiles.co.uk,www.thstextiles.co.uk,ths-industrial-textiles-limited
"Tiajo, Lda.",PRT,Portugal,Lagoa Vnf,info@tiajo.pt,https://tiajo.pt,tiajo-lda
"Jiangsu Tiandizao New Material Technology Co., Ltd.",CHN,China,Suzhou Jiangsu,sales@tiandizao.net,http://www.tiandizao.net,jiangsu-tiandizao-new-material-technology-co-ltd
"Yangzhou Tianfulong Group Co., Ltd.",CHN,China,Yangzhou Jiangsu,james.chen@tinfulong.com,www.tinfulong.com,yangzhou-tianfulong-group-co-ltd
"Guangdong Tianjin New Material Co., Ltd.",CHN,China,Foshan Guangdong,marketing@tjplastics.com,www.tjplastics.com,guangdong-tianjin-new-material-co-ltd
Tiba Tricot S.r.l.,ITA,Italy,Castellanza,commerciale@tiba.it,www.tiba.it,tiba-tricot-srl
TIBEKA Protections,FRA,France,Tourcoing,sales@tibeka-protections.com,https://tibeka-protections.com,tibeka-protections-sas
Tissus Techniques Indemaillables Eurl,FRA,France,Roubaix,contact@t-tti.com,www.t-tti.com,tissus-techniques-indemaillables-eurl
"Tmg - Tecidos Para Vestu&aacute;rio E Decoracao, S.A.",PRT,Portugal,Sao Cosme Vale,,www.tmg.pt,tmg---tecidos-para-vesturio-e-decoracao-sa
t+m Service GmbH,DEU,Germany,Berlin,info@textil-mode.de,www.textil-mode.de,tm-service-gmbh
Tomlong Techstile Corporation,TWN,Taiwan,Taichung,info@tomlong.tw,www.tomlong.tw,tomlong-techstile-corporation
Beijing Tongyizhong New Material Technology Corporation,CHN,China,Beijing,yuyf@bjtyz.com,www.bjtyz.com,beijing-tongyizhong-new-material-technology-corporation
Topocrom GmbH,DEU,Germany,Stockach,m.lehmann@topocrom.com,www.topocrom.com,topocrom-gmbh
Topp Textil GmbH,DEU,Germany,Durach,info@topp-textil.de,www.topp-textil.de,topp-textil-gmbh
Toray Advanced Materials Korea Inc.,KOR,"Korea, the Republic of (South)",Gumi-si,,www.torayamk.com,toray-advanced-materials-korea-inc
Toray Fluorofibers (America) Inc.,USA,United States,Decatur Alabama,,www.torayfluorofibers.com,toray-fluorofibers-america-inc
Toray International Europe GmbH,DEU,Germany,Neu-Isenburg,info@toray-intl.de,www.toray.de,toray-international-europe-gmbh
Toray Textiles Europe Ltd.,GBR,Great Britain and Northern Ireland,"Mansfield, Nottinghamshire",sales@ttel.co.uk,http//www.ttel.co.uk,toray-textiles-europe-ltd
"Torn&eacute; Grup (Teixits Torn&eacute;, S.L)",ESP,Spain,Sant Feliu Sasserra,export@textiltorne.com,www.textiltorne.com,teixits-torne-sl
Toscana Gomma S.p.A.,ITA,Italy,Robbio,info@toscanagomma.it,www.toscanagomma.it,toscana-gomma-spa
Toscana Spazzole Industriali S.r.l.,ITA,Italy,Montemurlo,info@toscanaspazzole.it,www.toscanaspazzole.it,toscana-spazzole-industriali-srl
"Henan Touchstone Import-Export Trade Co., Ltd.",CHN,China,Xinxiang Henan,helen.wang@hntouchstone.com,www.hntouchstone.com,henan-touchstone-import-export-trade-co-ltd
"Toung Loong Textile Mfg. Co., Ltd.",TWN,Taiwan,New Taipei City,marketing@tloong.com.tw,toungloong.com/eng/,toung-loong-textile-mfg-co-ltd
Jules Tournier &amp; Fils SA,FRA,France,Mazamet,f.cros@jules-tournier.com,www.jules-tournier.com,jules-tournier--fils-sa
TP Industrial Yarns B.V.,NLD,Netherlands,Nootdorp,info@tp-industrial.com,www.tp-industrial.com,tp-industrial-yarns-bv
Tramaco Vertrieb und Verarbeitung von Chemieprodukten G.m.b.H.,DEU,Germany,Tornesch,info@tramaco.de,www.tramaco.de,tramaco-vertrieb-und-verarbeitung-von-chemieprodukten-gmbh
Trans-Textil GmbH,DEU,Germany,Freilassing,info@trans-textil.de,www.trans-textil.de,trans-textil-gmbh
Heinz Trebs GmbH,DEU,Germany,Pirmasens,info@trebs.com,www.trebs.com,heinz-trebs-gmbh
TreKo GmbH,DEU,Germany,Bruchweiler-Bärenbach,,www.trekotex.de,treko-gmbh
TreuTex GmbH,DEU,Germany,Frankfurt am Main,verwaltung@treutex.de,www.ivgt.de,treutex-gmbh
TREVOS Kost&aacute;lov s.r.o.,CZE,Czech Republic,Kostálov,trevos@trevos-kostalov.cz,www.trevos-kostalov.cz,trevos-kostlov--sro
"Trimalhas - Knit Inspiration, S.A.",PRT,Portugal,Guimarães,,www.trimalhas.pt,trimalhas---knit-inspiration-sa
TRIMA spol. s r.o.,CZE,Czech Republic,Turnov,info@trima.cz,www.trima.cz,trima-spol-s-ro
Trimmers Viet Nam Company Limited,VNM,Vietnam,Ho Chi Minh City,,www.trimmers-pro.com,trimmers-viet-nam-company-limited
"Trimnw, Moulded Parts And Nonwovens, Lda",PRT,Portugal,Vila Chã De Ourique,geeral@trimnw.pt,www.trimnw.pt,trimnw-moulded-parts-and-nonwovens-lda
TRINCA TECHNOLOGY S.r.l.,ITA,Italy,Lurate Caccivio,tec@trinca.it,www.trinca.it,trinca-technology-srl
"Trivialtex - Fibras Sint&eacute;ticas, Unipessoal, Lda",PRT,Portugal,Avidos,info@trivialtex.pt,www.trivialtex.pt,trivialtex---fibras-sintticas-unipessoal-lda
TRP Charvet SAS,FRA,France,Armentières,hruffin@trp-charvet.fr,www.trp-charvet.com,trp-charvet-sas
Tr&uuml;tzschler Card Clothing GmbH,DEU,Germany,Neubulach,cardclothing@truetzschler.de,www.truetzschler.de,truetzschler-card-clothing-gmbh
Tr&uuml;tzschler Nonwovens GmbH,DEU,Germany,Dülmen,nonwovens@truetzschler.de,www.truetzschler.com,truetzschler-nonwovens-gmbh
Trustworthy Safety Shanghai Ltd.,CHN,China,Shanghai,dana@trustworthytex.com,www.twsafety.com,trustworthy-safety-shanghai-ltd
Tsudakoma Europe S.r.l.,ITA,Italy,Assago,info@tsudakomaeurope.com,www.tsudakomaeurope.com,tsudakoma-europe-srl
TTI Technische Textilien International GmbH,DEU,Germany,Schauenstein,info@tti-intern.de,www.tti-intern.de,t-t-i-technische-textilien-international-gmbh
TTNB Italia S.r.l.,ITA,Italy,Quarrata,m.bonfanti@ttnbitalia.com,www.tectexneedleboards.us,ttnb-italia-srl
TT Okroglica D.O.O.,SVN,Slovenia,Volčja Draga,patricija.gulic@forigroup.com,www.forigroup.com,tt-okroglica-doo
TTS Inova AG,CHE,Switzerland,Thayngen,info@tts-inova.com,www.tts-inova.com,tts-inova-ag
Tubitex S.r.l.,ITA,Italy,Barbarano Mossano,lorenzato@tubitex.com,www.tubitex.com,tubitex-srl
Technische Universit&auml;t Dresden Institut f&uuml;r Textilmaschinen und Textile Hochleistungswerkstofftechnik,DEU,Germany,Dresden,i.textilmaschinen@tu-dresden.de,www.tu-dresden.de/mw/itm,tu-dresden-institut-fuer-textilmaschinen-und-textile-hochleistungswerkstofftechnik
"Suzhou Tue Hi-Tech Nonwoven Machinery Co., Ltd.",CHN,China,Changshu Jiangsu,tue@tue91.com,www.tue91.com,suzhou-tue-hi-tech-nonwoven-machinery-co-ltd
Turkuaz Tekstil Sanayi ve Ticaret A.S.,TUR,Türkiye,Osmangazi/Bursa,info@turktex.net,turktex.net,turkuaz-tekstil-sanayi-ve-ticaret-as
tvb Textil-Vertrieb-Beratungs GmbH,DEU,Germany,Winterlingen,service@tvb-gmbh.com,www.tvb-gmbh.com,tvb-textil-vertrieb-beratungs-gmbh
TVE ESCALE,ESP,Spain,Palau-Solità i Plegamans,marketing@tve-escale.com,www.tve-escale.com,nous-projectes-ram-aigua-sl
TVU Garnvertrieb GmbH,DEU,Germany,Leutershausen,garne@tvu.de,www.tvu.de,tvu-garnvertrieb-gmbh
TWE Group,DEU,Germany,Emsdetten,info@twe-group.com,www.twe-group.com,twe-gmbh--co-kg
TWISTECHNOLOGY,ESP,Spain,Terrassa,info@twistechnology.com,www.twistechnology.com,grupson-trade-sl
T&egrave;xtils.CAT,ESP,Spain,Terrassa,info@textils.cat,https://textils.cat,associaci-agrupaci-dempreses-innovadores-txtils
UC Bacon Company Limited,TWN,Taiwan,Taoyuan City,uc_service@ucbacon.com.tw,ucbacon.com.tw,uc-bacon-company-limited
Union Construc Mater Textile France (UCMTF),FRA,France,Mulhouse,info@ucmtf.com,www.ucmtf.fr,union-construc-mater-textile-france
"Suzhou Uc New Material Co., Ltd",CHN,China,Suzhou Jiangsu,info@uctextile.com,,suzhou-uc-new-material-co-ltd
Ugolini S.r.l.,ITA,Italy,Schio,nadia@ugolini.net,www.ugolini.net,ugolini-srl
UK Fashion &amp; Textile Association Ltd. (UKFT),GBR,Great Britain and Northern Ireland,London,info@ukft.org,www.ukft.org,uk-fashion--textile-association-ltd-ukft
"U-Long High-Tech Textile Co., Ltd.",TWN,Taiwan,,service@u-long.com,www.u-long.com,u-long-high-tech-textile-co-ltd
UNIMATEC Pr&auml;gesysteme GmbH,DEU,Germany,Düren,schaefer@unimatec.com,www.unimatec.com,unimatec-praegesysteme-gmbh
"UNIQUE Textiles, s.r.o.",CZE,Czech Republic,Frysták,info@unique.cz,www.unique.cz,unique-textiles-sro
"Haining Uni-Tarp Coated Fabric and Products Co., Ltd.",CHN,China,Jiaxing Zhejiang,olga@uni-tarp.com,www.uni-tarp.com,haining-uni-tarp-coated-fabric-and-products-co-ltd
Unitech Industries S.r.l.,ITA,Italy,Montemurlo,info@unitech.it,www.unitechgroup.it,unitech-industries-srl
"United Testing Services (Jiangsu) Co., Ltd.",CHN,China,Suzhou Jiangsu,service@sqsworld.com,www.sqsworld.com,united-testing-services-jiangsu-co-ltd
"Universal Textile Co., Ltd.",TWN,Taiwan,Taipei,sales@universal-tex.com,www.universal-tex.com,universal-textile-co-ltd
University of South Africa,ZAF,South Africa,Pretoria,mwabin@unisa.ac.za,www.unisa.ac.za,university-of-south-africa
University of West Bohemia,CZE,Czech Republic,Pilsen,fel@fel.zcu.cz,www.fel.zcu.cz,university-of-west-bohemia
update texware GmbH,DEU,Germany,Kulmbach,info@texware.de,www.texware.de,update-texware-gmbh
Uster Technologies AG,CHE,Switzerland,Uster,info@uster.com,www.uster.com,uster-technologies-ag
Utexbel NV,BEL,Belgium,Ronse,info@utexbel.be,www.utexbel.com,utexbel-nv
VALMIERA GLASS GROUP,LVA,Latvia,Valmiera,latvia@valmiera-glass.com,www.valmiera-glass.com,jsc-valmieras-stikla-skiedra
Gerhard van Clewe GmbH &amp; Co KG,DEU,Germany,Hamminkeln,contact@van-clewe.de,www.van-clewe.de,gerhard-van-clewe-gmbh--co-kg
Vandewiele nv,BEL,Belgium,"Marke, Kortrijk",bart.laevens@vandewiele.com,https://www.vandewiele.com,vandewiele-nv
Vandewiele Automation,FRA,France,Mulhouse,info@superba.fr,www.vandewiele-automation.com,superba-sas
Vandewiele Sweden AB,SWE,Sweden,Ulricehamn,info@vandewiele.se,www.iroab.com,vandewiele-sweden-ab
NV Vanotex,BEL,Belgium,Deinze,,www.vanotex.be,nv-vanotex
Van Wees UD and Crossply Technology B.V.,NLD,Netherlands,Tilburg,info@vanwees.nl,www.vanwees.nl,van-wees-ud-and-crossply-technology-bv
VB SET S.r.l.,ITA,Italy,Vanzaghello,info@vb-set.com,www.vb-set.com,vb-set-srl
VDMA Services GmbH - powered by Textile Machinery,DEU,Germany,Frankfurt am Main,txm@vdma.eu,www.vdma.eu/textile-machinery,vdma-verband-deutscher-maschinen--und-anlagenbau-ev---fachverband-textilmaschinen
VDS Weaving nv,BEL,Belgium,Oudenaarde,info@vdsweaving.com,www.vdsweaving.com,vds-weaving-nv
Vefa Grup Kimya Tekstil Sanayi Ic Ve Dis. Tik. Ltd. Sti.,TUR,Türkiye,Fatih / Istanbul,export@vefakumas.com,www.vefakumas.com,vefa-grup-kimya-tekstil-sanayi-ic-ve-dis-tik-ltd-sti
Vega S.r.l.,ITA,Italy,Vigevano,mario.ghelmini@vegacom.it,www.vegacom.it,vega-srl
Velcro Europe S.A.,ESP,Spain,Argentona,eribas@velcro.com,www.velcro.com,velcro-europe-sa
Velener Textil GmbH,DEU,Germany,Velen,,www.velenertextil.de,velener-textil-gmbh
Velluts S.A.,ESP,Spain,Terrassa,xavi.gali@vtstejidos.com,www.velluts.com,velluts-sa
Velotex GmbH,DEU,Germany,Wermelskirchen,info@velotex.eu,www.velotex.eu,velotex-gmbh
Velutex Flock SA,ESP,Spain,Granollers,info@velutex.com,www.velutex.com,velutex-flock-sa
Verband der Bayerischen Textil- und Bekleidungsindustrie e.V. - Wirtschafts- und Arbeitgeberverband,DEU,Germany,München,info@vtb-bayern.de,www.vtb-bayern.de,verband-der-bayerischen-textil--und-bekleidungsindustrie-ev---wirtschafts--und-arbeitgeberverband
Verband der Nord-Ostdeutschen Textil- und Bekleidungsindustrie e.V.,DEU,Germany,Chemnitz,vti@vti-online.de,www.vti-online.de,verband-der-nord-ostdeutschen-textil--und-bekleidungsindustrie-ev
Verband Deutscher Textilfachleute VDTF e.V.,DEU,Germany,Frankfurt am Main,info@vdtf.de,www.vdtf.de,verband-deutscher-textilfachleute-vdtf-ev
"Vereinigte Filzfabriken, Aktiengesellschaft",DEU,Germany,Hermaringen,info@vfg.de,www.vfg.de,vereinigte-filzfabriken-aktiengesellschaft
Vertexco NV,BEL,Belgium,Menen,info@vertexco.be,www.vertexco.be,vertexco-nv
Viking Plastik San. ve Tic. Ltd. Sti.,TUR,Türkiye,"Gebce, Kocaeli",,https://www.vikingplastik.com,viking-plastik-san-ve-tic-ltd-sti
Vinteks Sanayi Ve Ticaret Limited Sirketi,TUR,Türkiye,Istanbul,cemi@vinteks.com.tr,www.vinteks.com.tr,vinteks-sanayi-ve-ticaret-limited-sirketi
"Nantong Virtue Textile Co., Ltd.",CHN,China,Nantong Jiangsu,info@virtuetex.com,www.virtuetextile.com,nantong-virtue-textile-co-ltd
Vitrex,ITA,Italy,Roma,info@vitrex.it,www.vitrex.it,gruppo-stamplast-spa
Vitrulan Technical Textiles GmbH,DEU,Germany,Sonneberg,technical-textiles@vitrulan.com,www.vitrulan.com,vitrulan-technical-textiles-gmbh
Viu More NV,BEL,Belgium,Gent,dominique.neerinck@viumore.com,www.viumore.com,viu-more-nv
VLNAP a.s.,CZE,Czech Republic,Nejdek,info@vlnap.cz,www.vlnap.cz,vlnap-as
Voack Gesellschaft m.b.H. &amp; Co.,AUT,Austria,Saalfelden,voack@voack.at,www.voack.at,voack-gesellschaft-mbh--co
vombaur GmbH &amp; Co. KG,DEU,Germany,Wuppertal,info@vombaur.de,www.vombaur.de,vombaur-gmbh--co-kg
VOSTEX,GRC,Greece,Peristeri,info@vostex.gr,www.vostex.gr,vostex-pc
Vowalon Beschichtung GmbH,DEU,Germany,Treuen,info@vowalon.de,www.vowalon.eu,vowalon-beschichtung-gmbh
V&Uacute;B a.s.,CZE,Czech Republic,Ústi nad Orlici,info@vubas.cz,www.vubas.cz,vb-as
"V&Uacute;TS, a.s.",CZE,Czech Republic,Liberec XI-Ruzodol I,info.vuts@vuts.cz,www.vuts.cz,vts-as
"Wallean Industries Co., Ltd.",CHN,China,Shanghai,sales@wallean.com,www.wallean.com,wallean-industries-co-ltd
"Zhejiang Wangjin Nonwovens Co., Ltd.",CHN,China,Huzhou Zhejiang,gaoyang@wonking.cn,www.wangkim.com,zhejiang-wangjin-nonwovens-co-ltd
Waxman Speciality Products Limited,GBR,Great Britain and Northern Ireland,"Elland, West Yorkshire",,www.waxmanspecialityproducts.co.uk,waxman-speciality-products-limited
C.F. Weber GmbH,DEU,Germany,Spitzkunnersdorf,info@cfweber.de,http://www.cfweber.de/,cf-weber-gmbh
Weber &amp; Leucht GmbH,DEU,Germany,Fulda,lab@weber-leucht.com,www.weber-leucht.com,weber--leucht-gmbh
Weidmann GmbH,DEU,Germany,Süßen,wstextil@weidmann-gewebe.de,www.weidmann-gewebe.de,weidmann-gmbh
"Suzhou Weidun Composite Fabric Co., Ltd.",CHN,China,Changshu Jiangsu,info@weiduncomposite.com,www.wdcomposite.com,suzhou-weidun-composite-fabric-co-ltd
"Zhejiang Wellington New Material Co., Ltd.",CHN,China,Jiaxing Zhejiang,mark@cnwld.com,https://www.cnwld.com,zhejiang-wellington-new-material-co-ltd
Wellman International Limited,IRL,Ireland,Kells,info@wellman-intl.com,www.wellman-intl.com,wellman-international-limited
Welspun Global Brands Limited,IND,India,Mumbai,prateek_shukla@welspun.com,www.welspun.com,welspun-global-brands-limited
Wendt Europe,NLD,Netherlands,Lisse,hello@wendt-europe.com,www.wendt-europe.com,wendt-agenturen-bv
Wenzelband GmbH,DEU,Germany,Bernkastel-Kues,wenzelband@wenzelband.de,www.wenzelband.de,wenzelband-gmbh
Wernerfelt A/S,DNK,Denmark,Grenaa,wernerfelt@wernerfelt.com,,wernerfelt-as
Wests&auml;chsische Hochschule Zwickau,DEU,Germany,Zwickau,textil.ledertechnik@whz.de,www.whz.de,westsaechsische-hochschule-zwickau
Dr. Karl Wetekam &amp; Co. KG,DEU,Germany,Melsungen,info@wetekamgroup.com,www.wetekamgroup.com,dr-karl-wetekam--co-kg
"Shanghai White Rabbit Weaving Co., Ltd.",CHN,China,Shanghai Shanghai Shi,sales@batitutextile.com,www.wrfabrics.com,shanghai-white-rabbit-weaving-co-ltd
Whizzo Textiles Private Limited,IND,India,Bengaluru,gaurav@whizzo.org,www.whizzo.org,whizzo-textiles-private-limited
WICO Textilbeschichtung und -kaschierung GmbH,DEU,Germany,Pirmasens,m.kettering@wico-textil.de,www.wico-textil.de,wico-textilbeschichtung-und---kaschierung-gmbh
Wildeman Benelux BV,NLD,Netherlands,Waalwijk,info@wildeman-benelux.nl,www.allesvoorklanten.nl,wildeman-benelux-bv
Werner Wilhelm GmbH,DEU,Germany,Pirmasens,korfmann@wilhelm-textil.de,www.wilhelm-textil.de,werner-wilhelm-gmbh
Willy Hermann - SUPERFINE GmbH &amp; Co. KG,AUT,Austria,Hard,werner.kirchmann@willy-hermann.com,www.willy-hermann.com,willy-hermann---superfine-gmbh--co-kg
Willy Italiana Srl,ITA,Italy,Carpi,customer.service@willy.com,www.willy.com,willy-italiana-srl
WISEN Sp. z o.o.,POL,Poland,Olesno,w.seibel@wisen.pl,www.wisen.pl,wisen-sp-z-oo
Wonpoong Corporation,KOR,"Korea, the Republic of (South)",Seoul,neal@wonpoong.co.kr,www.wonpoong.co.kr,wonpoong-corporation
Workman STID,TUN,Tunisia,Hammam Sousse,workman@topnet.tn,https://www.workman-stid.com/,societe-tuniso---italienne-de-distribution
WTFE Deutschland GmbH,DEU,Germany,Schloß Holte-Stukenbrock,lars.doehne@wtfe.de,www.wtfe.de,wtfe-deutschland-gmbh
WUMAG TEXROLL Engineering GmbH,DEU,Germany,Düren,texroll@wumag-texroll.com,https://www.wumag-texroll.com,wumag-texroll-engineering-gmbh
"Changzhou XCF Polymer Materials Co., Ltd.",CHN,China,Changzhou Jiangsu,info@xcf-polymer.com,www.xcf-polymer.com,changzhou-xcf-polymer-materials-co-ltd
Xetma Vollenweider GmbH,DEU,Germany,Aue-Bad Schlema,info@xetma.com,www.xetma.com,xetma-vollenweider-gmbh
"Huamao (Xiamen) Special Material Co., Ltd.",CHN,China,Xiamen Fujian,cwq@hmtex.com,www.hmtex.com,huamao-xiamen-special-material-co-ltd
"Nantong Xiexin Hot Melt Adhesive Co., Ltd.",CHN,China,Nantong Jiangsu,chizhiliang@xxhg.net,www.xinxin-adhesive.com,nantong-xiexin-hot-melt-adhesive-co-ltd
"Jiangxi Xincheng New Material Co., Ltd.",CHN,China,Jiujiang Jiangxi,adam@pvctarpaulin.com,www.pvctarpaulin.com,jiangxi-xincheng-new-material-co-ltd
"Shandong Xingyu Chengyang Materials Co., Ltd.",CHN,China,Weifang Shandong,info@xingyusafety.com,www.xingyusafety.com,shandong-xingyu-chengyang-materials-co--ltd
Xinke Protective B.V.,NLD,Netherlands,Oisterwijk,pieter.van.kessel@denovofabrics.com,www.xinkeprotective.com,xinke-protective-bv
"Jiangsu Xinzhanjiang Fiber Technology Co., Ltd.",CHN,China,Changzhou Jiangsu,czxinzhanjiang@gmail.com,http://czxinzhanjiang.com,jiangsu-xinzhanjiang-fiber-technology-co-ltd
"Dongguan Xionglin New Materials Technology Co., Ltd.",CHN,China,Dongguan Guangdong,sales07@dgxionglintpu.com,http://www.dgxionglin-tpufilm.com,dongguan-xionglin-new-materials-technology-co-ltd
XLANCE S.r.l.,ITA,Italy,Carvico,info@xlancefibre.com,https://www.xlancefibre.com,xlance-srl
X-Rite Europe GmbH,CHE,Switzerland,Regensdorf,info@xrite.com,www.xrite.com,x-rite-europe-gmbh
Xtema Textilmaschinen GmbH,DEU,Germany,Baiersdorf,info@xtema.de,www.xtema.de,xtema-textilmaschinen-gmbh
"Yanpai Filtration Technology Co., Ltd.",CHN,China,Taizhou Zhejiang,info@yanpai.com,https://en.yanpai.com,yanpai-filtration-technology-co-ltd
"Yao I Fabric Co., Ltd.",TWN,Taiwan,Changhua,yiginy@yaoi.com.tw,www.yaoi.com.tw,yao-i-fabric-co-ltd
"Jiangsu Yingyang Nonwoven Machinery Co., Ltd.",CHN,China,Changshu Jiangsu,carol@china-nonwovens.com,www.china-nonwovens.com,jiangsu-yingyang-nonwoven-machinery-co--ltd
"Yangzhou Yinjiang Canvas Products Co., Ltd.",CHN,China,Yangzhou Jiangsu,sales02@yjtc.com,www.yjpb.com,yangzhou-yinjiang-canvas-products-co-ltd
"Danyang Yixun Machinery Co., Ltd.",CHN,China,Zhenjiang Jiangsu,yixun@yixun-machinery.com,www.yixun-machine.com,danyang-yixun-mechinery-co-ltd
YKK Europe Limited Germany Branch,DEU,Germany,Düsseldorf,lynn_whittingham@ykk.com,https://ykkdigitalshowroom.com/en/,ykk-europe-limited-germany-branch
"Youngpoong Filltex Co., Ltd.",KOR,"Korea, the Republic of (South)",Seoul,yrcho74@filltex.com,www.filltex.com,youngpoong-filltex-coltd
Yourzip Germany GmbH (ex. OPTI Germany GmbH),DEU,Germany,Rhauderfehn,sales.germany@opti.group,www.opti.group,yourzip-germany-gmbh
Yousung Industry,KOR,"Korea, the Republic of (South)",Daegu,,,yousung-industrial-co-ltd
"Shaanxi Yuanfeng Prosafe Co., Ltd.",CHN,China,Xian Shaanxi,admin@chinatopsafe.com,www.chinatopsafe.com,shaanxi-yuanfeng-prosafe-co-ltd
Yuang Hsian Metal Industrial Corp.,TWN,Taiwan,"Changhua City, Changhua Province",bondchang0521@gmail.com,info@ab65ft.com,yuang-hsian-metal-industrial-corp
"Zhejiang Yuli New Material Co., Ltd.",CHN,China,Haining Zhejiang,wangting@yuliplastic.com,www.yuliplastic.com,zhejiang-yuli-new-material-co-ltd
"Shandong Yuma Sun-Shading Technology Corp., Ltd.",CHN,China,Weifang Shandong,rita.liu@yumate.com,http://www.yuma-vantex.com,shandong-yuma-sun-shading-technology-corp-ltd
"Shandong Yunrui New Material Co., Ltd.",CHN,China,Zibo Shandong,jimmy@sdyunrui.com,www.chinamika.com,shandong-yunrui-new-material-co-ltd
Yunsa Yunlu Sanayi Ve Ticaret Anonim Sirketi,TUR,Türkiye,Istanbul,iletisim@yunsa.com,www.yunsa.com,yunsa-yunlu-sanayi-ve-ticaret-anonim-sirketi
"Panjin Yu Wang Non-Woven Co., Ltd.",CHN,China,Panjin Liaoning,chuck@yw-nonwoven.com,www.yw-nonwoven.com,panjin-yu-wang-non-woven-co-ltd
"Taizhou Yuxing Needle Manufacturing Co., Ltd.",CHN,China,Taizhou Zhejiang,yuxing@cnyuxing.com,www.yuxingneeedlemaking.com,taizhou-yuxing-needle-manufacturing-co-ltd
Zanfrini S.r.l.,ITA,Italy,Casnate Con Bernate,info@zanfrini.com,www.zanfrini.com,zanfrini-srl
ZAPPA MACCHINE SRL,ITA,Italy,Ponte Lambro,info@zappamacchine.com,www.zappamacchine.com,zappa-macchine-srl
"ZEMAICIU VIRVES, UAB",LTU,Lithuania,Aleksandrijos K.,info@zemaiciuvirves.lt,www.virves.lt,zemaiciu-virves-uab
ZEMAT Technology Group | HF WELDERS,POL,Poland,Lodz,m.wolinski@zemat.com,www.zemat.com,zemat-technology-group-sp-z-oo
Zeta Datatec GmbH,CHE,Switzerland,Neuhausen am Rheinfall,office@zetadatatec.com,www.zetadatatec.com,zeta-datatec-gmbh
Zeyd Tekstil Insaat Hayvancilik Ith. Ihr. A.S.,TUR,Türkiye,"Merkezefendi, Denizli",c.kilic@zeydtekstil.com,www.zeydtekstil.com,zeyd-tekstil-insaat-hayvancilik-ith-ihr-as
"ZFJ TEXTILE MACHINERY CO.,LTD.",CHN,China,Zhengzhou Henan,gm@zzfj.com,https://www.zzfj.com/,zfj-textile-machinery-co-ltd
"Zhejiang Zhaohe New Material Co., Ltd.",CHN,China,Shaoxing Zhejiang,sales@zhejiangzhaohe.com,www.zhejiangzhaohe.com,zhejiang-zhaohe-new-material-co-ltd
"Zhejiang International Business Group Wuliu Co., Ltd.",CHN,China,Hangzhou Zhejiang,bw198645@163.com,www.zjgmwl.com,zhejiang-international-business-group-wuliu-co-ltd
"Zhejiang Unifull Industrial Fibre Co., Ltd",CHN,China,Huzhou Zhejiang,lk_sale@unifull.com,www.unifull.com,zhejiang-unifull-industrial-fibre-co--ltd
"Suzhou Zhengbang Chemical Fiber Co., Ltd.",CHN,China,Suzhou Jiangsu,jordan@szzb.net.cn,www.szzbhx.com,suzhou-zhengbang-chemical-fiber-co-ltd
"Changshu Zhentai Non Woven Machinery Co., Ltd.",CHN,China,Suzhou Jiangsu,zhentaiwufang@163.com,www.zhentainonwovens.com,changshu-zhentai-non-woven-machinery-co-ltd
J.H Ziegler GmbH,DEU,Germany,Achern,info@ziegler.eu,www.ziegler.eu,jh-ziegler-gmbh
W. Zimmermann GmbH &amp; Co. KG,DEU,Germany,Weiler-Simmerberg,info@zimsi.com,www.zimsi.com,w-zimmermann-gmbh--co-kg
J. Zimmer Maschinenbau GmbH,AUT,Austria,Kufstein,inquiry@zimmer-austria.com,www.zimmer-austria.com,j-zimmer-maschinenbau-gmbh
"Ziran Non-Woven Co., Ltd.",CHN,China,JinJiang Fujian,admin@ziranhuaxian.com,https://www.ziranhuaxian.com/,ziran-non-woven-co-ltd
Zoltek Corporation,USA,United States,Bridgeton,monika.kiss.bf@zoltek.com,www.zoltek.com,zoltek-corporation
ZoomTexturisers Pvt. Ltd.,IND,India,Surat,paresh@zoomtexturisers.com,www.zoomtexturisers.com,zoom-texturisers-pvt-ltd
Zschimmer &amp; Schwarz,DEU,Germany,Lahnstein,fiber-textile@zschimmer-schwarz.com,www.zschimmer-schwarz.com,zschimmer--schwarz-gmbh--co-kg-chemische-fabriken
Zwartz Laminating-Converting B.V.,NLD,Netherlands,Oldenzaal,sales@zwartz.com,www.zwartz.com,zwartz-laminating-converting-bv
zwissTEX Germany GmbH,DEU,Germany,Gerstetten,info@zwisstex.com,https://zwisstex.com/,zwisstex-germany-gmbh
