=== manual test: pib job Mon Jul 20 19:59:14 IST 2026 ===
  2026-07-20   51 releases
indexed 51 release rows 2026-07-20 → 2026-07-20
=== manual test: weekly job Mon Jul 20 19:59:24 IST 2026 ===
routes: 64 checked, 4 down -> /Users/umashankar/digital-twin-for-ipa/state/routes_2026-07-20.json
  DOWN DSIR CMS (000) https://cms-dsir.digifootprint.gov.in/wp-json/wp/v2/
  DOWN BIRAC (000) https://birac.nic.in/cfp.php
  DOWN UP Nivesh Mitra (000) https://niveshmitra.up.nic.in
  DOWN WB Silpasathi (000) https://silpasathi.wb.gov.in/msme_Incentives
unnati: http=200, registration_stopped=True -> /Users/umashankar/digital-twin-for-ipa/state/unnati_2026-07-20.json
nsws: 2 pages -> /Users/umashankar/digital-twin-for-ipa/state/nsws_2026-07-20.json
rbi: latest WSS issue = Jul 20, 2026 -> /Users/umashankar/digital-twin-for-ipa/state/rbi_2026-07-20.json
=== e2e weekly test Mon Jul 20 20:59:10 IST 2026 ===
routes: 64 checked, 3 down -> /Users/umashankar/digital-twin-for-ipa/state/routes_2026-07-20.json
  DOWN DSIR CMS (000) https://cms-dsir.digifootprint.gov.in/wp-json/wp/v2/
  DOWN BIRAC (000) https://birac.nic.in/cfp.php
  DOWN WB Silpasathi (000) https://silpasathi.wb.gov.in/msme_Incentives
  CHANGE route UP Nivesh Mitra: ok=False -> True (200)
unnati: http=200, registration_stopped=True -> /Users/umashankar/digital-twin-for-ipa/state/unnati_2026-07-20.json
nsws: 2 pages -> /Users/umashankar/digital-twin-for-ipa/state/nsws_2026-07-20.json
rbi: latest WSS issue = Jul 20, 2026 -> /Users/umashankar/digital-twin-for-ipa/state/rbi_2026-07-20.json
send_twin_alert: sent '[digital-twin] 1 change(s) detected 2026-07-20' to umashankartd1991@gmail.com
  2026-07-21   53 releases
indexed 53 release rows 2026-07-21 → 2026-07-21
  2026-07-22  118 releases
indexed 118 release rows 2026-07-22 → 2026-07-22
  2026-07-23  109 releases
indexed 109 release rows 2026-07-23 → 2026-07-23
  2026-07-24    2 releases
indexed 2 release rows 2026-07-24 → 2026-07-24
  2026-07-25   83 releases
indexed 83 release rows 2026-07-25 → 2026-07-25
  2026-07-26   20 releases
  2026-07-27    0 releases
indexed 20 release rows 2026-07-26 → 2026-07-27
layer 25 written: 15 land states, 11 open/closing incentive windows -> /Users/umashankar/digital-twin-for-ipa/layers/25_land_incentive_linkages.json
layer 26: 42 sectors / 12,385 NIP opportunities, 9 flagship projects -> /Users/umashankar/digital-twin-for-ipa/layers/26_project_pipeline.json
layer 27: 31 bodies across 21 countries, 30 live, 11 with events pages -> /Users/umashankar/digital-twin-for-ipa/layers/27_entry_facilitators.json
  NOT live (check): Business France (India) (0)
layer 28: 963 PRS bills; 33 active watchlist (investment-relevant & 2024+); 168 relevant all-time; 24 Drishti editorials -> /Users/umashankar/digital-twin-for-ipa/layers/28_policy_watchlist.json
layer 29: 25 MoSPI data sources (6 core / 6 sector / 13 context) -> /Users/umashankar/digital-twin-for-ipa/layers/29_mospi_data_sources.json
layer 30: 12 import chapters, 7 substitutable policy gaps, top deficit country China ($-112.2bn) -> /Users/umashankar/digital-twin-for-ipa/layers/30_trade_deficit_map.json
members scraped: 138 | urls checked: 21
wrote /Users/umashankar/digital-twin-for-ipa/layers/31_ipa_source_network.json
/Users/umashankar/Library/Python/3.9/lib/python/site-packages/urllib3/__init__.py:35: NotOpenSSLWarning: urllib3 v2 only supports OpenSSL 1.1.1+, currently the 'ssl' module is compiled with 'LibreSSL 2.8.3'. See: https://github.com/urllib3/urllib3/issues/3020
  warnings.warn(
  window 2026-01-08..2026-07-27: 28 filings across 11 phrases
  wrote layers/16_enrichment/edgar_india_sweep.json (84 cumulative)
  NEW-LEAD [foreign_operator] 2026-07-06 20-F   MITSUBISHI UFJ FINANCIAL GROUP INC  (MUFG, MBFJF)  (CIK 0000067088) — investment in India
  NEW-LEAD [foreign_operator] 2026-06-15 10-K   Alternus Clean Energy, Inc.  (CIK 0001883984) — manufacturing in India
  NEW-LEAD [foreign_operator] 2026-06-08 10-K   GRAHAM CORP  (GHM)  (CIK 0000716314) — investment in India, investments in India
  NEW-LEAD [foreign_operator] 2026-05-27 10-K   Loop Industries, Inc.  (LOOP)  (CIK 0001504678) — manufacturing facility in India
  NEW-LEAD [foreign_operator] 2026-04-30 20-F   TRINITY BIOTECH PLC  (TRIB)  (CIK 0000888721) — manufacturing facility in India
  NEW-LEAD [foreign_operator] 2026-03-31 10-K   Co-Diagnostics, Inc.  (CODX)  (CIK 0001692415) — manufacturing in India
  NEW-LEAD [pe_fund] 2026-03-30 10-K   Carlyle Private Equity Partners Fund, L.P.  (CIK 0002065337) — invest in India, investments in India
  NEW-LEAD [foreign_operator] 2026-03-30 10-K   REVIVA PHARMACEUTICALS HOLDINGS, INC.  (RVPH)  (CIK 0001742927) — investments in India
  NEW-LEAD [pe_fund] 2026-03-27 10-K   Brookfield Private Equity Fund LP  (CIK 0002074065) — investments in India
  NEW-LEAD [pe_fund] 2026-03-20 10-K   VistaOne, L.P.  (CIK 0002044820) — investments in India
  NEW-LEAD [pe_fund] 2026-03-13 10-K   Blackstone Private Equity Strategies Fund L.P.  (CIK 0001930054) — investment in India, investments in India
  NEW-LEAD [foreign_operator] 2026-03-12 10-K   Health Catalyst, Inc.  (HCAT)  (CIK 0001636422) — investments in India
  NEW-LEAD [foreign_operator] 2026-03-11 10-K   ALPHA PRO TECH LTD  (APT)  (CIK 0000884269) — manufacturing facility in India
  NEW-LEAD [pe_fund] 2026-03-06 10-K   Blackstone Infrastructure Strategies L.P.  (CIK 0002030772) — investment in India, investments in India
  NEW-LEAD [foreign_operator] 2026-03-04 20-F   Caesarstone Ltd.  (CSTE)  (CIK 0001504379) — manufacturing facility in India
  NEW-LEAD [foreign_operator] 2026-02-24 10-K   FIRST SOLAR, INC.  (FSLR)  (CIK 0001274494) — manufacturing facility in India, manufacturing in India
  NEW-LEAD [foreign_operator] 2026-02-18 10-K   BLACKBAUD INC  (BLKB)  (CIK 0001280058) — expansion in India
  NEW-LEAD [foreign_operator] 2026-02-06 10-K   Philip Morris International Inc.  (PM)  (CIK 0001413329) — investments in India
  NEW-LEAD [pe_fund] 2026-01-29 10-K   Warburg Pincus Access Fund, L.P.  (CIK 0002082826) — investment in India
{
 "companies": 1785,
 "in_more_than_one_layer": 1508,
 "by_role": {
  "alias_check": 18,
  "clearance_lead": 98,
  "foreign_lead": 321,
  "pairing_prospective": 7,
  "pairing_verified": 12,
  "pool_policy": 1371,
  "pool_visibility": 1331,
  "shortlist_target": 136
 },
 "india_entities": 1429,
 "credit_rated": 82,
 "by_country_top10": {
  "India": 1500,
  "United States": 75,
  "?": 36,
  "United Kingdom": 12,
  "South Korea": 12,
  "Japan": 12,
  "China": 12,
  "Australia": 11,
  "Taiwan": 9,
  "Turkey": 7
 }
}
wrote /Users/umashankar/digital-twin-for-ipa/data/companies.db and /Users/umashankar/digital-twin-for-ipa/layers/32_company_db.json
Traceback (most recent call last):
  File "/Users/umashankar/digital-twin-for-ipa/scripts/enrich_company_db_ii_tickers.py", line 274, in <module>
    main()
  File "/Users/umashankar/digital-twin-for-ipa/scripts/enrich_company_db_ii_tickers.py", line 156, in main
    urls = sector_urls()
  File "/Users/umashankar/digital-twin-for-ipa/scripts/enrich_company_db_ii_tickers.py", line 87, in sector_urls
    xml = get(SITEMAP)
  File "/Users/umashankar/digital-twin-for-ipa/scripts/enrich_company_db_ii_tickers.py", line 83, in get
    return urllib.request.urlopen(req, timeout=timeout).read().decode("utf-8", "replace")
  File "/Library/Developer/CommandLineTools/Library/Frameworks/Python3.framework/Versions/3.9/lib/python3.9/urllib/request.py", line 214, in urlopen
    return opener.open(url, data, timeout)
  File "/Library/Developer/CommandLineTools/Library/Frameworks/Python3.framework/Versions/3.9/lib/python3.9/urllib/request.py", line 523, in open
    response = meth(req, response)
  File "/Library/Developer/CommandLineTools/Library/Frameworks/Python3.framework/Versions/3.9/lib/python3.9/urllib/request.py", line 632, in http_response
    response = self.parent.error(
  File "/Library/Developer/CommandLineTools/Library/Frameworks/Python3.framework/Versions/3.9/lib/python3.9/urllib/request.py", line 561, in error
    return self._call_chain(*args)
  File "/Library/Developer/CommandLineTools/Library/Frameworks/Python3.framework/Versions/3.9/lib/python3.9/urllib/request.py", line 494, in _call_chain
    result = func(*args)
  File "/Library/Developer/CommandLineTools/Library/Frameworks/Python3.framework/Versions/3.9/lib/python3.9/urllib/request.py", line 641, in http_error_default
    raise HTTPError(req.full_url, code, msg, hdrs, fp)
urllib.error.HTTPError: HTTP Error 403: Forbidden
{
 "ran": "2026-07-27",
 "what": "External news collection (Marketaux ticker-tagged, AlphaVantage sentiment, NewsAPI/Newsdata keyword FDI sweep + QUIET-company probes) matched onto the company DB with the shared tiered matcher; keys read from ~/.config/market-secrets/credentials.env",
 "api_calls_used": 39,
 "calls_by_source": {
  "newsapi": 26,
  "newsdata": 2,
  "marketaux": 10,
  "alphavantage": 1
 },
 "articles_total": 109,
 "new_articles": 109,
 "match_rows_added": 8,
 "sources_skipped_or_errors": [],
 "quota_note": "free tiers: NewsAPI/Marketaux ~100 req/day, AlphaVantage 25 \u2014 weekly cadence keeps usage well inside quotas; EODHD news endpoint not in plan (404), not called"
}
exception hits: 0
{
 "ran": "2026-07-27",
 "since": "2025-01-01",
 "pages_fetched": 16,
 "filings_in_window": 378,
 "new_rows": 400,
 "match_rows": 14,
 "what": "SEBI public-issues (DRHP/UDRHP/RHP) filers matched onto the company DB \u2014 the listing pipeline as a funding signal; shared tiered matcher (strong/reviewed-promoted actionable, weak review-only)"
}
  [strong] Sky Alloys And Power Limited  <- 2026-06-25: Sky Alloys and Power Limited- DRHP
  [strong] Renny Strips Limited  <- 2025-12-19: Renny Strips Limited
  [strong] Sky Alloys And Power Limited  <- 2025-10-09: SKY ALLOYS AND POWER LIMITED
  [strong] Virupaksha Organics Limited  <- 2025-10-08: Virupaksha Organics Limited - DRHP
  [strong] Supreet Chemicals Limited  <- 2025-09-05: Supreet Chemicals Limited - DRHP
  [strong] German Green Steel And Power Limited  <- 2025-07-08: GERMAN GREEN STEEL AND POWER LIMITED
  [strong] A-One Steels India Limited  <- 2025-04-24: A-One Steels India Limited - Addendum to DRHP
  [strong] Jajoo Rashmi Refractories Limited  <- 2025-04-22: Jajoo Rashmi Refractories Limited - Addendum to DRHP
  [strong] Advance Agrolife Private Limited  <- 2025-04-02: Advance Agrolife Limited
  [strong] SHREEJI SHIPPING GLOBAL L  <- 2025-01-30: SHREEJI SHIPPING GLOBAL LIMITED
  [strong] Dorf-Ketal Chemicals India Limited  <- 2025-01-27: Dorf-Ketal Chemicals India Limited
  [strong] SHANTI GOLD INTERNATION L  <- 2025-01-22: Shanti Gold International Limited
  [strong] A-One Steels India Limited  <- 2025-01-10: A One Steels India Limited
  [strong] Anthem Biosciences Limited  <- 2025-01-06: ANTHEM BIOSCIENCES LIMITED
extracted 0, errors 0
loc links scraped: 3 | urls checked: 8
wrote /Users/umashankar/digital-twin-for-ipa/layers/33_policy_finance_extensions.json
company distress flags: 11 -> {'downgrade': 1, 'litigation_or_regrade': 1, 'rating_darkness': 4, 'sub_investment_grade': 3, 'watch_negative': 2}
land pools: 5, named assets: 7
wrote /Users/umashankar/digital-twin-for-ipa/layers/34_stressed_assets.json + stressed_assets view
routes: 64 checked, 9 down -> /Users/umashankar/digital-twin-for-ipa/state/routes_2026-07-27.json
  DOWN DSIR CMS (000) https://cms-dsir.digifootprint.gov.in/wp-json/wp/v2/
  DOWN SRIJAN (000) https://srijandefence.gov.in
  DOWN Maharashtra MAITRI (000) https://maitri.maharashtra.gov.in/resources/policies/
  DOWN AP Industries (000) https://www.apindustries.gov.in/APIndus/Default.aspx
  DOWN Kerala invest (000) https://invest.kerala.gov.in
  DOWN Punjab Invest (000) https://investpunjab.gov.in
  DOWN Uttarakhand invest (000) https://investuttarakhand.uk.gov.in/site/Policies
  DOWN Himachal SWCS (000) https://app.emerginghimachal.hp.gov.in/frontend/web/index.php/site/schemes-policies
  DOWN Assam EODB (000) https://eodb.assam.gov.in/site/government_incentives
  CHANGE route BIRAC: ok=False -> True (200)
  CHANGE route SRIJAN: ok=True -> False (000)
  CHANGE route Maharashtra MAITRI: ok=True -> False (000)
  CHANGE route AP Industries: ok=True -> False (000)
  CHANGE route Kerala invest: ok=True -> False (000)
  CHANGE route Punjab Invest: ok=True -> False (000)
  CHANGE route Uttarakhand invest: ok=True -> False (000)
  CHANGE route Himachal SWCS: ok=True -> False (000)
  CHANGE route WB Silpasathi: ok=False -> True (200)
  CHANGE route Assam EODB: ok=True -> False (000)
unnati: http=200, registration_stopped=True -> /Users/umashankar/digital-twin-for-ipa/state/unnati_2026-07-27.json
nsws: 2 pages -> /Users/umashankar/digital-twin-for-ipa/state/nsws_2026-07-27.json
CHANGE rbi WSS: Jul 20, 2026 -> Jul 25, 2026
rbi: latest WSS issue = Jul 25, 2026 -> /Users/umashankar/digital-twin-for-ipa/state/rbi_2026-07-27.json
ERROR enrich_company_db_ii_tickers.py: Command '['/Library/Developer/CommandLineTools/usr/bin/python3', '/Users/umashankar/digital-twin-for-ipa/scripts/enrich_company_db_ii_tickers.py']' returned non-zero exit status 1.
send_twin_alert: no credentials available (env or plist) -- not sent
fatal: could not read Username for 'https://github.com': Device not configured
  2026-07-28   69 releases
indexed 69 release rows 2026-07-28 → 2026-07-28
  2026-07-29  123 releases
indexed 123 release rows 2026-07-29 → 2026-07-29
  2026-07-30  123 releases
indexed 123 release rows 2026-07-30 → 2026-07-30
  2026-07-31  109 releases
indexed 109 release rows 2026-07-31 → 2026-07-31
  2026-08-01   91 releases
indexed 91 release rows 2026-08-01 → 2026-08-01
  2026-08-02   13 releases
indexed 13 release rows 2026-08-02 → 2026-08-02
  2026-08-03   39 releases
indexed 39 release rows 2026-08-03 → 2026-08-03
TS: FETCH FAILED (<urlopen error [SSL: SSLV3_ALERT_HANDSHAKE_FAILURE] sslv3 alert handshake failure (_ssl.c:1129)>)
layer 25 written: 15 land states, 11 open/closing incentive windows -> /Users/umashankar/digital-twin-for-ipa/layers/25_land_incentive_linkages.json
layer 26: 42 sectors / 12,385 NIP opportunities, 9 flagship projects -> /Users/umashankar/digital-twin-for-ipa/layers/26_project_pipeline.json
layer 27: 31 bodies across 21 countries, 30 live, 11 with events pages -> /Users/umashankar/digital-twin-for-ipa/layers/27_entry_facilitators.json
  NOT live (check): Business France (India) (0)
layer 28: 966 PRS bills; 33 active watchlist (investment-relevant & 2024+); 168 relevant all-time; 24 Drishti editorials -> /Users/umashankar/digital-twin-for-ipa/layers/28_policy_watchlist.json
layer 29: 25 MoSPI data sources (6 core / 6 sector / 13 context) -> /Users/umashankar/digital-twin-for-ipa/layers/29_mospi_data_sources.json
layer 30: 12 import chapters, 7 substitutable policy gaps, top deficit country China ($-112.2bn) -> /Users/umashankar/digital-twin-for-ipa/layers/30_trade_deficit_map.json
members scraped: 138 | urls checked: 21
wrote /Users/umashankar/digital-twin-for-ipa/layers/31_ipa_source_network.json
/Users/umashankar/Library/Python/3.9/lib/python/site-packages/urllib3/__init__.py:35: NotOpenSSLWarning: urllib3 v2 only supports OpenSSL 1.1.1+, currently the 'ssl' module is compiled with 'LibreSSL 2.8.3'. See: https://github.com/urllib3/urllib3/issues/3020
  warnings.warn(
  window 2026-01-15..2026-08-03: 31 filings across 11 phrases
  wrote layers/16_enrichment/edgar_india_sweep.json (87 cumulative)
  NEW-LEAD [foreign_operator] 2026-07-06 20-F   MITSUBISHI UFJ FINANCIAL GROUP INC  (MUFG, MBFJF)  (CIK 0000067088) — investment in India
  NEW-LEAD [foreign_operator] 2026-06-15 10-K   Alternus Clean Energy, Inc.  (CIK 0001883984) — manufacturing in India
  NEW-LEAD [foreign_operator] 2026-06-08 10-K   GRAHAM CORP  (GHM)  (CIK 0000716314) — investment in India, investments in India
  NEW-LEAD [foreign_operator] 2026-05-27 10-K   Loop Industries, Inc.  (LOOP)  (CIK 0001504678) — manufacturing facility in India
  NEW-LEAD [foreign_operator] 2026-04-30 20-F   TRINITY BIOTECH PLC  (TRIB)  (CIK 0000888721) — manufacturing facility in India
  NEW-LEAD [foreign_operator] 2026-03-31 10-K   Co-Diagnostics, Inc.  (CODX)  (CIK 0001692415) — manufacturing in India
  NEW-LEAD [pe_fund] 2026-03-30 10-K   Carlyle Private Equity Partners Fund, L.P.  (CIK 0002065337) — invest in India, investments in India
  NEW-LEAD [foreign_operator] 2026-03-30 10-K   REVIVA PHARMACEUTICALS HOLDINGS, INC.  (RVPH)  (CIK 0001742927) — investments in India
  NEW-LEAD [pe_fund] 2026-03-27 10-K   Brookfield Private Equity Fund LP  (CIK 0002074065) — investments in India
  NEW-LEAD [pe_fund] 2026-03-20 10-K   VistaOne, L.P.  (CIK 0002044820) — investments in India
  NEW-LEAD [pe_fund] 2026-03-13 10-K   Blackstone Private Equity Strategies Fund L.P.  (CIK 0001930054) — investment in India, investments in India
  NEW-LEAD [foreign_operator] 2026-03-12 10-K   Health Catalyst, Inc.  (HCAT)  (CIK 0001636422) — investments in India
  NEW-LEAD [foreign_operator] 2026-03-11 10-K   ALPHA PRO TECH LTD  (APT)  (CIK 0000884269) — manufacturing facility in India
  NEW-LEAD [pe_fund] 2026-03-06 10-K   Blackstone Infrastructure Strategies L.P.  (CIK 0002030772) — investment in India, investments in India
  NEW-LEAD [foreign_operator] 2026-03-04 20-F   Caesarstone Ltd.  (CSTE)  (CIK 0001504379) — manufacturing facility in India
  NEW-LEAD [foreign_operator] 2026-02-24 10-K   FIRST SOLAR, INC.  (FSLR)  (CIK 0001274494) — manufacturing facility in India, manufacturing in India
  NEW-LEAD [foreign_operator] 2026-02-18 10-K   BLACKBAUD INC  (BLKB)  (CIK 0001280058) — expansion in India
  NEW-LEAD [foreign_operator] 2026-02-06 10-K   Philip Morris International Inc.  (PM)  (CIK 0001413329) — investments in India
  NEW-LEAD [pe_fund] 2026-01-29 10-K   Warburg Pincus Access Fund, L.P.  (CIK 0002082826) — investment in India
{
 "companies": 1785,
 "in_more_than_one_layer": 1508,
 "by_role": {
  "alias_check": 18,
  "clearance_lead": 98,
  "foreign_lead": 321,
  "pairing_prospective": 7,
  "pairing_verified": 12,
  "pool_policy": 1371,
  "pool_visibility": 1331,
  "shortlist_target": 136
 },
 "india_entities": 1429,
 "credit_rated": 82,
 "by_country_top10": {
  "India": 1500,
  "United States": 75,
  "?": 36,
  "United Kingdom": 12,
  "South Korea": 12,
  "Japan": 12,
  "China": 12,
  "Australia": 11,
  "Taiwan": 9,
  "Turkey": 7
 }
}
wrote /Users/umashankar/digital-twin-for-ipa/data/companies.db and /Users/umashankar/digital-twin-for-ipa/layers/32_company_db.json
41 sector pages
announcements: 439 | companies matched: 41 | match rows: 80 | exception verdicts challenged: 1
  CHALLENGED [PARTIALLY_VISIBLE] Nayara Energy Limited <- oil-and-gas: Nayara Energy, India's largest private fuel retailer, plans to add 400 petrol pumps this y
{
 "ran": "2026-08-03",
 "what": "External news collection (Marketaux ticker-tagged, AlphaVantage sentiment, NewsAPI/Newsdata keyword FDI sweep + QUIET-company probes) matched onto the company DB with the shared tiered matcher; keys read from ~/.config/market-secrets/credentials.env",
 "api_calls_used": 39,
 "calls_by_source": {
  "newsapi": 26,
  "newsdata": 2,
  "marketaux": 10,
  "alphavantage": 1
 },
 "articles_total": 113,
 "new_articles": 113,
 "match_rows_added": 13,
 "sources_skipped_or_errors": [],
 "quota_note": "free tiers: NewsAPI/Marketaux ~100 req/day, AlphaVantage 25 \u2014 weekly cadence keeps usage well inside quotas; EODHD news endpoint not in plan (404), not called"
}
exception hits: 0
{
 "ran": "2026-08-03",
 "since": "2025-01-01",
 "pages_fetched": 16,
 "filings_in_window": 381,
 "new_rows": 400,
 "match_rows": 14,
 "what": "SEBI public-issues (DRHP/UDRHP/RHP) filers matched onto the company DB \u2014 the listing pipeline as a funding signal; shared tiered matcher (strong/reviewed-promoted actionable, weak review-only)"
}
  [strong] Sky Alloys And Power Limited  <- 2026-06-25: Sky Alloys and Power Limited- DRHP
  [strong] Renny Strips Limited  <- 2025-12-19: Renny Strips Limited
  [strong] Sky Alloys And Power Limited  <- 2025-10-09: SKY ALLOYS AND POWER LIMITED
  [strong] Virupaksha Organics Limited  <- 2025-10-08: Virupaksha Organics Limited - DRHP
  [strong] Supreet Chemicals Limited  <- 2025-09-05: Supreet Chemicals Limited - DRHP
  [strong] German Green Steel And Power Limited  <- 2025-07-08: GERMAN GREEN STEEL AND POWER LIMITED
  [strong] A-One Steels India Limited  <- 2025-04-24: A-One Steels India Limited - Addendum to DRHP
  [strong] Jajoo Rashmi Refractories Limited  <- 2025-04-22: Jajoo Rashmi Refractories Limited - Addendum to DRHP
  [strong] Advance Agrolife Private Limited  <- 2025-04-02: Advance Agrolife Limited
  [strong] SHREEJI SHIPPING GLOBAL L  <- 2025-01-30: SHREEJI SHIPPING GLOBAL LIMITED
  [strong] Dorf-Ketal Chemicals India Limited  <- 2025-01-27: Dorf-Ketal Chemicals India Limited
  [strong] SHANTI GOLD INTERNATION L  <- 2025-01-22: Shanti Gold International Limited
  [strong] A-One Steels India Limited  <- 2025-01-10: A One Steels India Limited
  [strong] Anthem Biosciences Limited  <- 2025-01-06: ANTHEM BIOSCIENCES LIMITED
extracted 0, errors 0
loc links scraped: 3 | urls checked: 9
wrote /Users/umashankar/digital-twin-for-ipa/layers/33_policy_finance_extensions.json
company distress flags: 11 -> {'downgrade': 1, 'litigation_or_regrade': 1, 'rating_darkness': 4, 'sub_investment_grade': 3, 'watch_negative': 2}
land pools: 5, named assets: 7
wrote /Users/umashankar/digital-twin-for-ipa/layers/34_stressed_assets.json + stressed_assets view
routes: 64 checked, 3 down -> /Users/umashankar/digital-twin-for-ipa/state/routes_2026-08-03.json
  DOWN DSIR CMS (000) https://cms-dsir.digifootprint.gov.in/wp-json/wp/v2/
  DOWN Kerala invest (000) https://invest.kerala.gov.in
  DOWN Tripura industries (000) https://industries.tripura.gov.in/incentives
  CHANGE route SRIJAN: ok=False -> True (200)
  CHANGE route Maharashtra MAITRI: ok=False -> True (200)
  CHANGE route AP Industries: ok=False -> True (200)
  CHANGE route Punjab Invest: ok=False -> True (200)
  CHANGE route Uttarakhand invest: ok=False -> True (200)
  CHANGE route Himachal SWCS: ok=False -> True (200)
  CHANGE route Assam EODB: ok=False -> True (200)
  CHANGE route Tripura industries: ok=True -> False (000)
unnati: http=200, registration_stopped=True -> /Users/umashankar/digital-twin-for-ipa/state/unnati_2026-08-03.json
nsws: 2 pages -> /Users/umashankar/digital-twin-for-ipa/state/nsws_2026-08-03.json
CHANGE rbi WSS: Jul 25, 2026 -> Aug 01, 2026
rbi: latest WSS issue = Aug 01, 2026 -> /Users/umashankar/digital-twin-for-ipa/state/rbi_2026-08-03.json
send_twin_alert: no credentials available (env or plist) -- not sent
fatal: could not read Username for 'https://github.com': Device not configured
MP (Madhya Pradesh): fetched 411, 28 new (19 machine-translated) -> 63170 total in register
AP (Andhra Pradesh): fetched 92, 0 new (0 machine-translated) -> 92 total in register
UP (Uttar Pradesh): fetched 60, 0 new (0 machine-translated) -> 60 total in register
GJ (Gujarat): fetched 27, 8 new (8 machine-translated) -> 31 total in register
MH (Maharashtra): fetched 200, 14 new (14 machine-translated) -> 25712 total in register
KA (Karnataka): fetched 79, 0 new (0 machine-translated) -> 79 total in register
GA (Goa): fetched 200, 0 new (0 machine-translated) -> 200 total in register
RJ (Rajasthan): fetched 100, 24 new (24 machine-translated) -> 73287 total in register
PB (Punjab): fetched 30, 0 new (0 machine-translated) -> 30 total in register
MZ (Mizoram): fetched 50, 0 new (0 machine-translated) -> 50 total in register
NL (Nagaland): fetched 24, 0 new (0 machine-translated) -> 24 total in register
SK (Sikkim): fetched 30, 0 new (0 machine-translated) -> 30 total in register
CH (Chandigarh): fetched 16, 0 new (0 machine-translated) -> 16 total in register
DD (DNH & Daman-Diu): fetched 24, 0 new (0 machine-translated) -> 24 total in register
KL (Kerala): fetched 27, 11 new (11 machine-translated) -> 38 total in register
TS (Telangana): fetched 0, 0 new (0 machine-translated) -> 10 total in register
AS (Assam): fetched 14, 0 new (0 machine-translated) -> 13 total in register
backfill: 18585/127335 rows gained title_en
signal pass: 300 translated, 0 failures this run (rerun resumes automatically; untranslated non-signal rows stay native)
reportage: 4063 scheme-mapped announcements across 39 quarters -> /Users/umashankar/digital-twin-for-ipa/docs/REPORTAGE.md
reportage html: 4063 rows pre-rendered -> /Users/umashankar/digital-twin-for-ipa/docs/reportage.html
reportage ministry html: 4063 central rows + 25 state rows across 49 ministries -> /Users/umashankar/digital-twin-for-ipa/docs/reportage_ministry.html
reportage latest html: 120 central rows, 296 state-wire rows (30d window) -> /Users/umashankar/digital-twin-for-ipa/docs/reportage_latest.html
reportage states html: 8666 classified rows across 29 quarters -> /Users/umashankar/digital-twin-for-ipa/docs/reportage_states.html
  2026-08-04   69 releases
indexed 69 release rows 2026-08-04 → 2026-08-04
KL: FETCH FAILED (HTTP Error 500: 500 Service unavailable (with message))
TS: FETCH FAILED (<urlopen error [SSL: SSLV3_ALERT_HANDSHAKE_FAILURE] sslv3 alert handshake failure (_ssl.c:1129)>)
MP (Madhya Pradesh): fetched 418, 29 new (21 machine-translated) -> 63199 total in register
AP (Andhra Pradesh): fetched 93, 1 new (1 machine-translated) -> 93 total in register
UP (Uttar Pradesh): fetched 60, 4 new (4 machine-translated) -> 64 total in register
GJ (Gujarat): fetched 27, 11 new (8 machine-translated) -> 42 total in register
MH (Maharashtra): fetched 200, 21 new (21 machine-translated) -> 25733 total in register
KA (Karnataka): fetched 80, 1 new (1 machine-translated) -> 80 total in register
GA (Goa): fetched 200, 16 new (10 machine-translated) -> 216 total in register
RJ (Rajasthan): fetched 100, 78 new (77 machine-translated) -> 73365 total in register
PB (Punjab): fetched 29, 1 new (0 machine-translated) -> 31 total in register
MZ (Mizoram): fetched 50, 2 new (0 machine-translated) -> 52 total in register
NL (Nagaland): fetched 24, 8 new (0 machine-translated) -> 32 total in register
SK (Sikkim): fetched 30, 2 new (0 machine-translated) -> 32 total in register
CH (Chandigarh): fetched 16, 0 new (0 machine-translated) -> 16 total in register
DD (DNH & Daman-Diu): fetched 24, 0 new (0 machine-translated) -> 24 total in register
KL (Kerala): fetched 0, 0 new (0 machine-translated) -> 38 total in register
TS (Telangana): fetched 0, 0 new (0 machine-translated) -> 10 total in register
AS (Assam): fetched 14, 0 new (0 machine-translated) -> 13 total in register
backfill: 41569/108450 rows gained title_en
translation breaker tripped -- rerun later to resume
signal pass: 237 translated, 5 failures this run (rerun resumes automatically; untranslated non-signal rows stay native)
reportage: 4034 scheme-mapped announcements across 39 quarters -> /Users/umashankar/digital-twin-for-ipa/docs/REPORTAGE.md
reportage html: 4034 rows pre-rendered -> /Users/umashankar/digital-twin-for-ipa/docs/reportage.html
reportage ministry html: 4034 central rows + 25 state rows across 49 ministries -> /Users/umashankar/digital-twin-for-ipa/docs/reportage_ministry.html
reportage latest html: 117 central rows, 352 state-wire rows (30d window) -> /Users/umashankar/digital-twin-for-ipa/docs/reportage_latest.html
reportage states html: 9938 classified rows across 29 quarters -> /Users/umashankar/digital-twin-for-ipa/docs/reportage_states.html
  2026-08-05   96 releases
indexed 96 release rows 2026-08-05 → 2026-08-05
KL: FETCH FAILED (The read operation timed out)
TS: FETCH FAILED (<urlopen error [SSL: SSLV3_ALERT_HANDSHAKE_FAILURE] sslv3 alert handshake failure (_ssl.c:1129)>)
MP (Madhya Pradesh): fetched 415, 23 new (19 machine-translated) -> 63222 total in register
AP (Andhra Pradesh): fetched 94, 1 new (0 machine-translated) -> 94 total in register
UP (Uttar Pradesh): fetched 60, 18 new (18 machine-translated) -> 82 total in register
GJ (Gujarat): fetched 23, 9 new (5 machine-translated) -> 51 total in register
MH (Maharashtra): fetched 200, 38 new (38 machine-translated) -> 25771 total in register
KA (Karnataka): fetched 80, 0 new (0 machine-translated) -> 80 total in register
GA (Goa): fetched 200, 13 new (8 machine-translated) -> 229 total in register
RJ (Rajasthan): fetched 100, 72 new (72 machine-translated) -> 73437 total in register
PB (Punjab): fetched 29, 0 new (0 machine-translated) -> 31 total in register
MZ (Mizoram): fetched 50, 2 new (0 machine-translated) -> 54 total in register
NL (Nagaland): fetched 24, 1 new (0 machine-translated) -> 33 total in register
SK (Sikkim): fetched 30, 5 new (0 machine-translated) -> 37 total in register
CH (Chandigarh): fetched 17, 1 new (0 machine-translated) -> 17 total in register
DD (DNH & Daman-Diu): fetched 24, 0 new (0 machine-translated) -> 24 total in register
KL (Kerala): fetched 0, 0 new (0 machine-translated) -> 38 total in register
TS (Telangana): fetched 0, 0 new (0 machine-translated) -> 10 total in register
AS (Assam): fetched 14, 0 new (0 machine-translated) -> 13 total in register
backfill: 4484/66644 rows gained title_en
signal pass: 298 translated, 2 failures this run (rerun resumes automatically; untranslated non-signal rows stay native)
reportage: 4045 scheme-mapped announcements across 39 quarters -> /Users/umashankar/digital-twin-for-ipa/docs/REPORTAGE.md
reportage html: 4045 rows pre-rendered -> /Users/umashankar/digital-twin-for-ipa/docs/reportage.html
reportage ministry html: 4045 central rows + 25 state rows across 49 ministries -> /Users/umashankar/digital-twin-for-ipa/docs/reportage_ministry.html
reportage latest html: 126 central rows, 458 state-wire rows (30d window) -> /Users/umashankar/digital-twin-for-ipa/docs/reportage_latest.html
reportage states html: 10303 classified rows across 29 quarters -> /Users/umashankar/digital-twin-for-ipa/docs/reportage_states.html
  2026-08-06  110 releases
indexed 110 release rows 2026-08-06 → 2026-08-06
TS: FETCH FAILED (<urlopen error [SSL: SSLV3_ALERT_HANDSHAKE_FAILURE] sslv3 alert handshake failure (_ssl.c:1129)>)
MP (Madhya Pradesh): fetched 405, 28 new (18 machine-translated) -> 63250 total in register
AP (Andhra Pradesh): fetched 96, 2 new (0 machine-translated) -> 96 total in register
UP (Uttar Pradesh): fetched 60, 22 new (22 machine-translated) -> 104 total in register
GJ (Gujarat): fetched 21, 10 new (4 machine-translated) -> 61 total in register
MH (Maharashtra): fetched 200, 30 new (30 machine-translated) -> 25801 total in register
KA (Karnataka): fetched 80, 0 new (0 machine-translated) -> 80 total in register
GA (Goa): fetched 200, 7 new (4 machine-translated) -> 236 total in register
RJ (Rajasthan): fetched 100, 100 new (100 machine-translated) -> 73537 total in register
PB (Punjab): fetched 29, 0 new (0 machine-translated) -> 31 total in register
MZ (Mizoram): fetched 50, 2 new (1 machine-translated) -> 56 total in register
NL (Nagaland): fetched 24, 10 new (1 machine-translated) -> 43 total in register
SK (Sikkim): fetched 30, 6 new (0 machine-translated) -> 43 total in register
CH (Chandigarh): fetched 17, 0 new (0 machine-translated) -> 17 total in register
DD (DNH & Daman-Diu): fetched 24, 3 new (0 machine-translated) -> 27 total in register
KL (Kerala): fetched 27, 27 new (27 machine-translated) -> 65 total in register
TS (Telangana): fetched 0, 0 new (0 machine-translated) -> 10 total in register
AS (Assam): fetched 14, 0 new (0 machine-translated) -> 13 total in register
backfill: 12321/61862 rows gained title_en
signal pass: 298 translated, 2 failures this run (rerun resumes automatically; untranslated non-signal rows stay native)
reportage: 4049 scheme-mapped announcements across 39 quarters -> /Users/umashankar/digital-twin-for-ipa/docs/REPORTAGE.md
reportage html: 4049 rows pre-rendered -> /Users/umashankar/digital-twin-for-ipa/docs/reportage.html
reportage ministry html: 4049 central rows + 25 state rows across 49 ministries -> /Users/umashankar/digital-twin-for-ipa/docs/reportage_ministry.html
reportage latest html: 130 central rows, 492 state-wire rows (30d window) -> /Users/umashankar/digital-twin-for-ipa/docs/reportage_latest.html
reportage states html: 11653 classified rows across 29 quarters -> /Users/umashankar/digital-twin-for-ipa/docs/reportage_states.html
  2026-08-07  102 releases
  2026-08-08    0 releases
indexed 102 release rows 2026-08-07 → 2026-08-08
AP ApNewsLatestAnnouncements: FETCH FAILED (HTTP Error 503: Service Unavailable)
AP ApNewsAnnouncements: FETCH FAILED (HTTP Error 503: Service Unavailable)
TS: FETCH FAILED (<urlopen error [SSL: SSLV3_ALERT_HANDSHAKE_FAILURE] sslv3 alert handshake failure (_ssl.c:1129)>)
MP (Madhya Pradesh): fetched 449, 85 new (59 machine-translated) -> 63335 total in register
AP (Andhra Pradesh): fetched 0, 0 new (0 machine-translated) -> 96 total in register
UP (Uttar Pradesh): fetched 60, 20 new (20 machine-translated) -> 124 total in register
GJ (Gujarat): fetched 24, 18 new (11 machine-translated) -> 79 total in register
MH (Maharashtra): fetched 200, 50 new (50 machine-translated) -> 25851 total in register
KA (Karnataka): fetched 81, 1 new (0 machine-translated) -> 81 total in register
GA (Goa): fetched 200, 7 new (5 machine-translated) -> 243 total in register
RJ (Rajasthan): fetched 100, 100 new (99 machine-translated) -> 73637 total in register
PB (Punjab): fetched 29, 0 new (0 machine-translated) -> 31 total in register
MZ (Mizoram): fetched 50, 2 new (0 machine-translated) -> 58 total in register
NL (Nagaland): fetched 24, 13 new (0 machine-translated) -> 56 total in register
SK (Sikkim): fetched 30, 9 new (0 machine-translated) -> 52 total in register
CH (Chandigarh): fetched 17, 0 new (0 machine-translated) -> 17 total in register
DD (DNH & Daman-Diu): fetched 24, 3 new (0 machine-translated) -> 30 total in register
KL (Kerala): fetched 27, 27 new (27 machine-translated) -> 92 total in register
TS (Telangana): fetched 0, 0 new (0 machine-translated) -> 10 total in register
AS (Assam): fetched 14, 0 new (0 machine-translated) -> 13 total in register
backfill: 22701/49243 rows gained title_en
signal pass: 3 translated, 0 failures this run (rerun resumes automatically; untranslated non-signal rows stay native)
reportage: 4057 scheme-mapped announcements across 39 quarters -> /Users/umashankar/digital-twin-for-ipa/docs/REPORTAGE.md
reportage html: 4057 rows pre-rendered -> /Users/umashankar/digital-twin-for-ipa/docs/reportage.html
reportage ministry html: 4057 central rows + 25 state rows across 49 ministries -> /Users/umashankar/digital-twin-for-ipa/docs/reportage_ministry.html
reportage latest html: 135 central rows, 508 state-wire rows (30d window) -> /Users/umashankar/digital-twin-for-ipa/docs/reportage_latest.html
reportage states html: 13419 classified rows across 29 quarters -> /Users/umashankar/digital-twin-for-ipa/docs/reportage_states.html
  2026-08-09   31 releases
indexed 31 release rows 2026-08-09 → 2026-08-09
  2026-08-10   23 releases
indexed 23 release rows 2026-08-10 → 2026-08-10
TS: FETCH FAILED (<urlopen error [SSL: SSLV3_ALERT_HANDSHAKE_FAILURE] sslv3 alert handshake failure (_ssl.c:1129)>)
MP (Madhya Pradesh): fetched 431, 41 new (33 machine-translated) -> 63376 total in register
AP (Andhra Pradesh): fetched 98, 2 new (0 machine-translated) -> 98 total in register
UP (Uttar Pradesh): fetched 60, 8 new (8 machine-translated) -> 132 total in register
GJ (Gujarat): fetched 24, 6 new (6 machine-translated) -> 85 total in register
MH (Maharashtra): fetched 200, 25 new (25 machine-translated) -> 25876 total in register
KA (Karnataka): fetched 81, 0 new (0 machine-translated) -> 81 total in register
GA (Goa): fetched 200, 0 new (0 machine-translated) -> 243 total in register
RJ (Rajasthan): fetched 100, 65 new (62 machine-translated) -> 73702 total in register
PB (Punjab): fetched 29, 0 new (0 machine-translated) -> 31 total in register
MZ (Mizoram): fetched 50, 1 new (1 machine-translated) -> 59 total in register
NL (Nagaland): fetched 24, 10 new (1 machine-translated) -> 66 total in register
SK (Sikkim): fetched 30, 0 new (0 machine-translated) -> 52 total in register
CH (Chandigarh): fetched 17, 0 new (0 machine-translated) -> 17 total in register
DD (DNH & Daman-Diu): fetched 24, 0 new (0 machine-translated) -> 30 total in register
KL (Kerala): fetched 27, 5 new (5 machine-translated) -> 97 total in register
TS (Telangana): fetched 0, 0 new (0 machine-translated) -> 10 total in register
AS (Assam): fetched 14, 0 new (0 machine-translated) -> 13 total in register
backfill: 4712/26539 rows gained title_en
signal pass: 0 translated, 0 failures this run (rerun resumes automatically; untranslated non-signal rows stay native)
reportage: 4059 scheme-mapped announcements across 39 quarters -> /Users/umashankar/digital-twin-for-ipa/docs/REPORTAGE.md
reportage html: 4059 rows pre-rendered -> /Users/umashankar/digital-twin-for-ipa/docs/reportage.html
reportage ministry html: 4059 central rows + 25 state rows across 49 ministries -> /Users/umashankar/digital-twin-for-ipa/docs/reportage_ministry.html
reportage latest html: 133 central rows, 499 state-wire rows (30d window) -> /Users/umashankar/digital-twin-for-ipa/docs/reportage_latest.html
reportage states html: 13678 classified rows across 29 quarters -> /Users/umashankar/digital-twin-for-ipa/docs/reportage_states.html
  2026-08-11   96 releases
  2026-08-12  138 releases
  2026-08-13   84 releases
  2026-08-14    0 releases
indexed 318 release rows 2026-08-11 → 2026-08-14
TS: FETCH FAILED (<urlopen error [SSL: SSLV3_ALERT_HANDSHAKE_FAILURE] sslv3 alert handshake failure (_ssl.c:1129)>)
  2026-08-15    1 releases
indexed 1 release rows 2026-08-15 → 2026-08-15
TS: FETCH FAILED (<urlopen error [SSL: SSLV3_ALERT_HANDSHAKE_FAILURE] sslv3 alert handshake failure (_ssl.c:1129)>)
MP (Madhya Pradesh): fetched 460, 74 new (63 machine-translated) -> 63602 total in register
AP (Andhra Pradesh): fetched 103, 1 new (0 machine-translated) -> 103 total in register
UP (Uttar Pradesh): fetched 60, 13 new (13 machine-translated) -> 180 total in register
GJ (Gujarat): fetched 19, 15 new (7 machine-translated) -> 124 total in register
MH (Maharashtra): fetched 200, 45 new (45 machine-translated) -> 26047 total in register
KA (Karnataka): fetched 90, 2 new (0 machine-translated) -> 90 total in register
GA (Goa): fetched 200, 51 new (27 machine-translated) -> 320 total in register
RJ (Rajasthan): fetched 100, 100 new (98 machine-translated) -> 73902 total in register
PB (Punjab): fetched 22, 0 new (0 machine-translated) -> 32 total in register
MZ (Mizoram): fetched 50, 4 new (0 machine-translated) -> 76 total in register
NL (Nagaland): fetched 24, 10 new (0 machine-translated) -> 98 total in register
SK (Sikkim): fetched 30, 4 new (0 machine-translated) -> 68 total in register
CH (Chandigarh): fetched 18, 1 new (0 machine-translated) -> 18 total in register
DD (DNH & Daman-Diu): fetched 24, 0 new (0 machine-translated) -> 35 total in register
KL (Kerala): fetched 27, 27 new (27 machine-translated) -> 151 total in register
TS (Telangana): fetched 0, 0 new (0 machine-translated) -> 10 total in register
AS (Assam): fetched 14, 0 new (0 machine-translated) -> 13 total in register
backfill: 14126/14127 rows gained title_en
signal pass: 0 translated, 0 failures this run (rerun resumes automatically; untranslated non-signal rows stay native)
reportage: 4081 scheme-mapped announcements across 39 quarters -> /Users/umashankar/digital-twin-for-ipa/docs/REPORTAGE.md
reportage html: 4081 rows pre-rendered -> /Users/umashankar/digital-twin-for-ipa/docs/reportage.html
reportage ministry html: 4081 central rows + 25 state rows across 49 ministries -> /Users/umashankar/digital-twin-for-ipa/docs/reportage_ministry.html
reportage latest html: 141 central rows, 523 state-wire rows (30d window) -> /Users/umashankar/digital-twin-for-ipa/docs/reportage_latest.html
reportage states html: 14680 classified rows across 29 quarters -> /Users/umashankar/digital-twin-for-ipa/docs/reportage_states.html
  2026-08-16   34 releases
indexed 34 release rows 2026-08-16 → 2026-08-16
KL: FETCH FAILED (<urlopen error timed out>)
TS: FETCH FAILED (<urlopen error [SSL: SSLV3_ALERT_HANDSHAKE_FAILURE] sslv3 alert handshake failure (_ssl.c:1129)>)
MP (Madhya Pradesh): fetched 462, 30 new (19 machine-translated) -> 63632 total in register
AP (Andhra Pradesh): fetched 103, 0 new (0 machine-translated) -> 103 total in register
UP (Uttar Pradesh): fetched 60, 0 new (0 machine-translated) -> 180 total in register
GJ (Gujarat): fetched 26, 11 new (10 machine-translated) -> 135 total in register
MH (Maharashtra): fetched 200, 70 new (70 machine-translated) -> 26117 total in register
KA (Karnataka): fetched 91, 1 new (0 machine-translated) -> 91 total in register
GA (Goa): fetched 200, 0 new (0 machine-translated) -> 320 total in register
RJ (Rajasthan): fetched 100, 67 new (67 machine-translated) -> 73969 total in register
PB (Punjab): fetched 22, 0 new (0 machine-translated) -> 32 total in register
MZ (Mizoram): fetched 50, 4 new (0 machine-translated) -> 80 total in register
NL (Nagaland): fetched 24, 0 new (0 machine-translated) -> 98 total in register
SK (Sikkim): fetched 30, 0 new (0 machine-translated) -> 68 total in register
CH (Chandigarh): fetched 18, 0 new (0 machine-translated) -> 18 total in register
DD (DNH & Daman-Diu): fetched 24, 0 new (0 machine-translated) -> 35 total in register
KL (Kerala): fetched 0, 0 new (0 machine-translated) -> 151 total in register
TS (Telangana): fetched 0, 0 new (0 machine-translated) -> 10 total in register
AS (Assam): fetched 14, 0 new (0 machine-translated) -> 13 total in register
backfill: 1/1 rows gained title_en
signal pass: 0 translated, 0 failures this run (rerun resumes automatically; untranslated non-signal rows stay native)
reportage: 4081 scheme-mapped announcements across 39 quarters -> /Users/umashankar/digital-twin-for-ipa/docs/REPORTAGE.md
reportage html: 4081 rows pre-rendered -> /Users/umashankar/digital-twin-for-ipa/docs/reportage.html
reportage ministry html: 4081 central rows + 25 state rows across 49 ministries -> /Users/umashankar/digital-twin-for-ipa/docs/reportage_ministry.html
reportage latest html: 140 central rows, 518 state-wire rows (30d window) -> /Users/umashankar/digital-twin-for-ipa/docs/reportage_latest.html
reportage states html: 14693 classified rows across 29 quarters -> /Users/umashankar/digital-twin-for-ipa/docs/reportage_states.html
  2026-08-17   16 releases
indexed 16 release rows 2026-08-17 → 2026-08-17
TS: FETCH FAILED (<urlopen error [SSL: SSLV3_ALERT_HANDSHAKE_FAILURE] sslv3 alert handshake failure (_ssl.c:1129)>)
MP (Madhya Pradesh): fetched 465, 32 new (23 machine-translated) -> 63664 total in register
AP (Andhra Pradesh): fetched 103, 0 new (0 machine-translated) -> 103 total in register
UP (Uttar Pradesh): fetched 60, 10 new (10 machine-translated) -> 190 total in register
GJ (Gujarat): fetched 26, 0 new (0 machine-translated) -> 135 total in register
MH (Maharashtra): fetched 200, 19 new (19 machine-translated) -> 26136 total in register
KA (Karnataka): fetched 91, 0 new (0 machine-translated) -> 91 total in register
GA (Goa): fetched 200, 0 new (0 machine-translated) -> 320 total in register
RJ (Rajasthan): fetched 100, 41 new (40 machine-translated) -> 74010 total in register
PB (Punjab): fetched 22, 0 new (0 machine-translated) -> 32 total in register
MZ (Mizoram): fetched 50, 0 new (0 machine-translated) -> 80 total in register
NL (Nagaland): fetched 23, 8 new (0 machine-translated) -> 106 total in register
SK (Sikkim): fetched 30, 0 new (0 machine-translated) -> 68 total in register
CH (Chandigarh): fetched 18, 0 new (0 machine-translated) -> 18 total in register
DD (DNH & Daman-Diu): fetched 24, 0 new (0 machine-translated) -> 35 total in register
KL (Kerala): fetched 27, 27 new (27 machine-translated) -> 178 total in register
TS (Telangana): fetched 0, 0 new (0 machine-translated) -> 10 total in register
AS (Assam): fetched 14, 0 new (0 machine-translated) -> 13 total in register
signal pass: 0 translated, 0 failures this run (rerun resumes automatically; untranslated non-signal rows stay native)
reportage: 4081 scheme-mapped announcements across 39 quarters -> /Users/umashankar/digital-twin-for-ipa/docs/REPORTAGE.md
reportage html: 4081 rows pre-rendered -> /Users/umashankar/digital-twin-for-ipa/docs/reportage.html
reportage ministry html: 4081 central rows + 25 state rows across 49 ministries -> /Users/umashankar/digital-twin-for-ipa/docs/reportage_ministry.html
reportage latest html: 138 central rows, 515 state-wire rows (30d window) -> /Users/umashankar/digital-twin-for-ipa/docs/reportage_latest.html
reportage states html: 14721 classified rows across 29 quarters -> /Users/umashankar/digital-twin-for-ipa/docs/reportage_states.html
layer 25 written: 15 land states, 11 open/closing incentive windows -> /Users/umashankar/digital-twin-for-ipa/layers/25_land_incentive_linkages.json
layer 26: 42 sectors / 12,385 NIP opportunities, 9 flagship projects -> /Users/umashankar/digital-twin-for-ipa/layers/26_project_pipeline.json
layer 27: 31 bodies across 21 countries, 30 live, 11 with events pages -> /Users/umashankar/digital-twin-for-ipa/layers/27_entry_facilitators.json
  NOT live (check): Business France (India) (0)
layer 28: 972 PRS bills; 35 active watchlist (investment-relevant & 2024+); 170 relevant all-time; 24 Drishti editorials -> /Users/umashankar/digital-twin-for-ipa/layers/28_policy_watchlist.json
layer 29: 25 MoSPI data sources (6 core / 6 sector / 13 context) -> /Users/umashankar/digital-twin-for-ipa/layers/29_mospi_data_sources.json
layer 30: 12 import chapters, 7 substitutable policy gaps, top deficit country China ($-112.2bn) -> /Users/umashankar/digital-twin-for-ipa/layers/30_trade_deficit_map.json
members scraped: 138 | urls checked: 21
wrote /Users/umashankar/digital-twin-for-ipa/layers/31_ipa_source_network.json
/Users/umashankar/Library/Python/3.9/lib/python/site-packages/urllib3/__init__.py:35: NotOpenSSLWarning: urllib3 v2 only supports OpenSSL 1.1.1+, currently the 'ssl' module is compiled with 'LibreSSL 2.8.3'. See: https://github.com/urllib3/urllib3/issues/3020
  warnings.warn(
  window 2026-01-29..2026-08-17: 31 filings across 11 phrases
  wrote layers/16_enrichment/edgar_india_sweep.json (87 cumulative)
  NEW-LEAD [foreign_operator] 2026-07-06 20-F   MITSUBISHI UFJ FINANCIAL GROUP INC  (MUFG, MBFJF)  (CIK 0000067088) — investment in India
  NEW-LEAD [foreign_operator] 2026-06-15 10-K   Alternus Clean Energy, Inc.  (CIK 0001883984) — manufacturing in India
  NEW-LEAD [foreign_operator] 2026-06-08 10-K   GRAHAM CORP  (GHM)  (CIK 0000716314) — investment in India, investments in India
  NEW-LEAD [foreign_operator] 2026-05-27 10-K   Loop Industries, Inc.  (LOOP)  (CIK 0001504678) — manufacturing facility in India
  NEW-LEAD [foreign_operator] 2026-04-30 20-F   TRINITY BIOTECH PLC  (TRIB)  (CIK 0000888721) — manufacturing facility in India
  NEW-LEAD [foreign_operator] 2026-03-31 10-K   Co-Diagnostics, Inc.  (CODX)  (CIK 0001692415) — manufacturing in India
  NEW-LEAD [pe_fund] 2026-03-30 10-K   Carlyle Private Equity Partners Fund, L.P.  (CIK 0002065337) — invest in India, investments in India
  NEW-LEAD [foreign_operator] 2026-03-30 10-K   REVIVA PHARMACEUTICALS HOLDINGS, INC.  (RVPH)  (CIK 0001742927) — investments in India
  NEW-LEAD [pe_fund] 2026-03-27 10-K   Brookfield Private Equity Fund LP  (CIK 0002074065) — investments in India
  NEW-LEAD [pe_fund] 2026-03-20 10-K   VistaOne, L.P.  (CIK 0002044820) — investments in India
  NEW-LEAD [pe_fund] 2026-03-13 10-K   Blackstone Private Equity Strategies Fund L.P.  (CIK 0001930054) — investment in India, investments in India
  NEW-LEAD [foreign_operator] 2026-03-12 10-K   Health Catalyst, Inc.  (HCAT)  (CIK 0001636422) — investments in India
  NEW-LEAD [foreign_operator] 2026-03-11 10-K   ALPHA PRO TECH LTD  (APT)  (CIK 0000884269) — manufacturing facility in India
  NEW-LEAD [pe_fund] 2026-03-06 10-K   Blackstone Infrastructure Strategies L.P.  (CIK 0002030772) — investment in India, investments in India
  NEW-LEAD [foreign_operator] 2026-03-04 20-F   Caesarstone Ltd.  (CSTE)  (CIK 0001504379) — manufacturing facility in India
  NEW-LEAD [foreign_operator] 2026-02-24 10-K   FIRST SOLAR, INC.  (FSLR)  (CIK 0001274494) — manufacturing facility in India, manufacturing in India
  NEW-LEAD [foreign_operator] 2026-02-18 10-K   BLACKBAUD INC  (BLKB)  (CIK 0001280058) — expansion in India
  NEW-LEAD [foreign_operator] 2026-02-06 10-K   Philip Morris International Inc.  (PM)  (CIK 0001413329) — investments in India
  NEW-LEAD [pe_fund] 2026-01-29 10-K   Warburg Pincus Access Fund, L.P.  (CIK 0002082826) — investment in India
{
 "companies": 1785,
 "in_more_than_one_layer": 1508,
 "by_role": {
  "alias_check": 18,
  "clearance_lead": 98,
  "foreign_lead": 321,
  "pairing_prospective": 7,
  "pairing_verified": 12,
  "pool_policy": 1371,
  "pool_visibility": 1331,
  "shortlist_target": 136
 },
 "india_entities": 1429,
 "credit_rated": 82,
 "by_country_top10": {
  "India": 1500,
  "United States": 75,
  "?": 36,
  "United Kingdom": 12,
  "South Korea": 12,
  "Japan": 12,
  "China": 12,
  "Australia": 11,
  "Taiwan": 9,
  "Turkey": 7
 }
}
wrote /Users/umashankar/digital-twin-for-ipa/data/companies.db and /Users/umashankar/digital-twin-for-ipa/layers/32_company_db.json
41 sector pages
announcements: 439 | companies matched: 41 | match rows: 80 | exception verdicts challenged: 1
  CHALLENGED [PARTIALLY_VISIBLE] Nayara Energy Limited <- oil-and-gas: Nayara Energy, India's largest private fuel retailer, plans to add 400 petrol pumps this y
{
 "ran": "2026-08-17",
 "what": "External news collection (Marketaux ticker-tagged, AlphaVantage sentiment, NewsAPI/Newsdata keyword FDI sweep + QUIET-company probes) matched onto the company DB with the shared tiered matcher; keys read from ~/.config/market-secrets/credentials.env",
 "api_calls_used": 39,
 "calls_by_source": {
  "newsapi": 26,
  "newsdata": 2,
  "marketaux": 10,
  "alphavantage": 1
 },
 "articles_total": 105,
 "new_articles": 105,
 "match_rows_added": 10,
 "sources_skipped_or_errors": [],
 "quota_note": "free tiers: NewsAPI/Marketaux ~100 req/day, AlphaVantage 25 \u2014 weekly cadence keeps usage well inside quotas; EODHD news endpoint not in plan (404), not called"
}
exception hits: 0
{
 "ran": "2026-08-17",
 "since": "2025-01-01",
 "pages_fetched": 16,
 "filings_in_window": 390,
 "new_rows": 398,
 "match_rows": 15,
 "what": "SEBI public-issues (DRHP/UDRHP/RHP) filers matched onto the company DB \u2014 the listing pipeline as a funding signal; shared tiered matcher (strong/reviewed-promoted actionable, weak review-only)"
}
  [strong] Encube Ethicals Private Limited  <- 2026-08-06: Encube Ethicals Limited - DRHP
  [strong] Sky Alloys And Power Limited  <- 2026-06-25: Sky Alloys and Power Limited- DRHP
  [strong] Renny Strips Limited  <- 2025-12-19: Renny Strips Limited
  [strong] Sky Alloys And Power Limited  <- 2025-10-09: SKY ALLOYS AND POWER LIMITED
  [strong] Virupaksha Organics Limited  <- 2025-10-08: Virupaksha Organics Limited - DRHP
  [strong] Supreet Chemicals Limited  <- 2025-09-05: Supreet Chemicals Limited - DRHP
  [strong] German Green Steel And Power Limited  <- 2025-07-08: GERMAN GREEN STEEL AND POWER LIMITED
  [strong] A-One Steels India Limited  <- 2025-04-24: A-One Steels India Limited - Addendum to DRHP
  [strong] Jajoo Rashmi Refractories Limited  <- 2025-04-22: Jajoo Rashmi Refractories Limited - Addendum to DRHP
  [strong] Advance Agrolife Private Limited  <- 2025-04-02: Advance Agrolife Limited
  [strong] SHREEJI SHIPPING GLOBAL L  <- 2025-01-30: SHREEJI SHIPPING GLOBAL LIMITED
  [strong] Dorf-Ketal Chemicals India Limited  <- 2025-01-27: Dorf-Ketal Chemicals India Limited
  [strong] SHANTI GOLD INTERNATION L  <- 2025-01-22: Shanti Gold International Limited
  [strong] A-One Steels India Limited  <- 2025-01-10: A One Steels India Limited
  [strong] Anthem Biosciences Limited  <- 2025-01-06: ANTHEM BIOSCIENCES LIMITED
  Encube Ethicals Private Limited: CIN=U24230MH1995PLC092485 fresh=None ofs=30,000 million
extracted 1, errors 0
loc links scraped: 3 | urls checked: 9
wrote /Users/umashankar/digital-twin-for-ipa/layers/33_policy_finance_extensions.json
company distress flags: 11 -> {'downgrade': 1, 'litigation_or_regrade': 1, 'rating_darkness': 4, 'sub_investment_grade': 3, 'watch_negative': 2}
land pools: 5, named assets: 7
wrote /Users/umashankar/digital-twin-for-ipa/layers/34_stressed_assets.json + stressed_assets view
routes: 64 checked, 3 down -> /Users/umashankar/digital-twin-for-ipa/state/routes_2026-08-17.json
  DOWN DSIR CMS (000) https://cms-dsir.digifootprint.gov.in/wp-json/wp/v2/
  DOWN Kerala invest (000) https://invest.kerala.gov.in
  DOWN Bihar Udyami (000) https://udyami.bihar.gov.in
  CHANGE route Bihar Udyami: ok=True -> False (000)
  CHANGE route Tripura industries: ok=False -> True (200)
unnati: http=200, registration_stopped=True -> /Users/umashankar/digital-twin-for-ipa/state/unnati_2026-08-17.json
nsws: 2 pages -> /Users/umashankar/digital-twin-for-ipa/state/nsws_2026-08-17.json
CHANGE rbi WSS: Aug 01, 2026 -> Aug 15, 2026
rbi: latest WSS issue = Aug 15, 2026 -> /Users/umashankar/digital-twin-for-ipa/state/rbi_2026-08-17.json
send_twin_alert: no credentials available (env or plist) -- not sent
fatal: could not read Username for 'https://github.com': Device not configured
  2026-08-18   42 releases
indexed 42 release rows 2026-08-18 → 2026-08-18
TS: FETCH FAILED (<urlopen error [SSL: SSLV3_ALERT_HANDSHAKE_FAILURE] sslv3 alert handshake failure (_ssl.c:1129)>)
MP (Madhya Pradesh): fetched 476, 34 new (24 machine-translated) -> 63698 total in register
AP (Andhra Pradesh): fetched 104, 1 new (0 machine-translated) -> 104 total in register
UP (Uttar Pradesh): fetched 60, 0 new (0 machine-translated) -> 190 total in register
GJ (Gujarat): fetched 23, 12 new (6 machine-translated) -> 147 total in register
MH (Maharashtra): fetched 200, 29 new (29 machine-translated) -> 26165 total in register
KA (Karnataka): fetched 91, 0 new (0 machine-translated) -> 91 total in register
GA (Goa): fetched 200, 0 new (0 machine-translated) -> 320 total in register
RJ (Rajasthan): fetched 100, 69 new (69 machine-translated) -> 74079 total in register
PB (Punjab): fetched 21, 1 new (1 machine-translated) -> 33 total in register
MZ (Mizoram): fetched 50, 3 new (1 machine-translated) -> 83 total in register
NL (Nagaland): fetched 23, 0 new (0 machine-translated) -> 106 total in register
SK (Sikkim): fetched 30, 6 new (0 machine-translated) -> 74 total in register
CH (Chandigarh): fetched 18, 0 new (0 machine-translated) -> 18 total in register
DD (DNH & Daman-Diu): fetched 24, 5 new (0 machine-translated) -> 40 total in register
KL (Kerala): fetched 27, 27 new (27 machine-translated) -> 205 total in register
TS (Telangana): fetched 0, 0 new (0 machine-translated) -> 10 total in register
AS (Assam): fetched 14, 0 new (0 machine-translated) -> 13 total in register
signal pass: 0 translated, 0 failures this run (rerun resumes automatically; untranslated non-signal rows stay native)
reportage: 4085 scheme-mapped announcements across 39 quarters -> /Users/umashankar/digital-twin-for-ipa/docs/REPORTAGE.md
reportage html: 4085 rows pre-rendered -> /Users/umashankar/digital-twin-for-ipa/docs/reportage.html
reportage ministry html: 4085 central rows + 25 state rows across 49 ministries -> /Users/umashankar/digital-twin-for-ipa/docs/reportage_ministry.html
reportage latest html: 140 central rows, 543 state-wire rows (30d window) -> /Users/umashankar/digital-twin-for-ipa/docs/reportage_latest.html
reportage states html: 14746 classified rows across 29 quarters -> /Users/umashankar/digital-twin-for-ipa/docs/reportage_states.html
  2026-08-19   34 releases
indexed 34 release rows 2026-08-19 → 2026-08-19
KL: FETCH FAILED (<urlopen error timed out>)
TS: FETCH FAILED (<urlopen error [SSL: SSLV3_ALERT_HANDSHAKE_FAILURE] sslv3 alert handshake failure (_ssl.c:1129)>)
MP (Madhya Pradesh): fetched 488, 40 new (34 machine-translated) -> 63738 total in register
AP (Andhra Pradesh): fetched 104, 0 new (0 machine-translated) -> 104 total in register
UP (Uttar Pradesh): fetched 60, 28 new (28 machine-translated) -> 218 total in register
GJ (Gujarat): fetched 22, 5 new (3 machine-translated) -> 152 total in register
MH (Maharashtra): fetched 200, 31 new (31 machine-translated) -> 26196 total in register
KA (Karnataka): fetched 94, 3 new (0 machine-translated) -> 94 total in register
GA (Goa): fetched 200, 0 new (0 machine-translated) -> 320 total in register
RJ (Rajasthan): fetched 100, 78 new (77 machine-translated) -> 74157 total in register
PB (Punjab): fetched 21, 0 new (0 machine-translated) -> 33 total in register
MZ (Mizoram): fetched 50, 1 new (0 machine-translated) -> 84 total in register
NL (Nagaland): fetched 23, 0 new (0 machine-translated) -> 106 total in register
SK (Sikkim): fetched 30, 2 new (0 machine-translated) -> 76 total in register
CH (Chandigarh): fetched 19, 1 new (0 machine-translated) -> 19 total in register
DD (DNH & Daman-Diu): fetched 24, 0 new (0 machine-translated) -> 40 total in register
KL (Kerala): fetched 0, 0 new (0 machine-translated) -> 205 total in register
TS (Telangana): fetched 0, 0 new (0 machine-translated) -> 10 total in register
AS (Assam): fetched 14, 0 new (0 machine-translated) -> 13 total in register
signal pass: 0 translated, 0 failures this run (rerun resumes automatically; untranslated non-signal rows stay native)
reportage: 4088 scheme-mapped announcements across 39 quarters -> /Users/umashankar/digital-twin-for-ipa/docs/REPORTAGE.md
reportage html: 4088 rows pre-rendered -> /Users/umashankar/digital-twin-for-ipa/docs/reportage.html
reportage ministry html: 4088 central rows + 25 state rows across 49 ministries -> /Users/umashankar/digital-twin-for-ipa/docs/reportage_ministry.html
reportage latest html: 143 central rows, 572 state-wire rows (30d window) -> /Users/umashankar/digital-twin-for-ipa/docs/reportage_latest.html
reportage states html: 14778 classified rows across 29 quarters -> /Users/umashankar/digital-twin-for-ipa/docs/reportage_states.html
  2026-08-20   51 releases
  2026-08-21    0 releases
indexed 51 release rows 2026-08-20 → 2026-08-21
KL: FETCH FAILED (The read operation timed out)
TS: FETCH FAILED (<urlopen error [SSL: SSLV3_ALERT_HANDSHAKE_FAILURE] sslv3 alert handshake failure (_ssl.c:1129)>)
MP (Madhya Pradesh): fetched 464, 61 new (50 machine-translated) -> 63799 total in register
AP (Andhra Pradesh): fetched 105, 1 new (0 machine-translated) -> 105 total in register
UP (Uttar Pradesh): fetched 60, 22 new (22 machine-translated) -> 240 total in register
GJ (Gujarat): fetched 30, 17 new (16 machine-translated) -> 169 total in register
MH (Maharashtra): fetched 200, 74 new (74 machine-translated) -> 26270 total in register
KA (Karnataka): fetched 99, 5 new (0 machine-translated) -> 99 total in register
GA (Goa): fetched 200, 0 new (0 machine-translated) -> 320 total in register
RJ (Rajasthan): fetched 100, 100 new (98 machine-translated) -> 74257 total in register
PB (Punjab): fetched 17, 1 new (1 machine-translated) -> 34 total in register
MZ (Mizoram): fetched 50, 6 new (2 machine-translated) -> 90 total in register
NL (Nagaland): fetched 23, 8 new (0 machine-translated) -> 114 total in register
SK (Sikkim): fetched 30, 2 new (0 machine-translated) -> 78 total in register
CH (Chandigarh): fetched 19, 0 new (0 machine-translated) -> 19 total in register
DD (DNH & Daman-Diu): fetched 24, 6 new (0 machine-translated) -> 46 total in register
KL (Kerala): fetched 0, 0 new (0 machine-translated) -> 205 total in register
TS (Telangana): fetched 0, 0 new (0 machine-translated) -> 10 total in register
AS (Assam): fetched 14, 0 new (0 machine-translated) -> 13 total in register
signal pass: 0 translated, 0 failures this run (rerun resumes automatically; untranslated non-signal rows stay native)
reportage: 4090 scheme-mapped announcements across 39 quarters -> /Users/umashankar/digital-twin-for-ipa/docs/REPORTAGE.md
reportage html: 4090 rows pre-rendered -> /Users/umashankar/digital-twin-for-ipa/docs/reportage.html
reportage ministry html: 4090 central rows + 25 state rows across 49 ministries -> /Users/umashankar/digital-twin-for-ipa/docs/reportage_ministry.html
reportage latest html: 139 central rows, 563 state-wire rows (30d window) -> /Users/umashankar/digital-twin-for-ipa/docs/reportage_latest.html
reportage states html: 14804 classified rows across 29 quarters -> /Users/umashankar/digital-twin-for-ipa/docs/reportage_states.html
  2026-08-22   42 releases
indexed 42 release rows 2026-08-22 → 2026-08-22
MH page 1: FETCH FAILED (HTTP Error 521: <none>)
KL: FETCH FAILED (<urlopen error timed out>)
TS: FETCH FAILED (<urlopen error [SSL: SSLV3_ALERT_HANDSHAKE_FAILURE] sslv3 alert handshake failure (_ssl.c:1129)>)
MP (Madhya Pradesh): fetched 498, 54 new (40 machine-translated) -> 63853 total in register
AP (Andhra Pradesh): fetched 105, 0 new (0 machine-translated) -> 105 total in register
UP (Uttar Pradesh): fetched 60, 13 new (13 machine-translated) -> 253 total in register
GJ (Gujarat): fetched 29, 7 new (7 machine-translated) -> 176 total in register
MH (Maharashtra): fetched 0, 0 new (0 machine-translated) -> 26270 total in register
KA (Karnataka): fetched 99, 0 new (0 machine-translated) -> 99 total in register
GA (Goa): fetched 200, 10 new (9 machine-translated) -> 330 total in register
RJ (Rajasthan): fetched 100, 66 new (64 machine-translated) -> 74323 total in register
PB (Punjab): fetched 17, 0 new (0 machine-translated) -> 34 total in register
MZ (Mizoram): fetched 50, 4 new (2 machine-translated) -> 94 total in register
NL (Nagaland): fetched 23, 0 new (0 machine-translated) -> 114 total in register
SK (Sikkim): fetched 30, 2 new (0 machine-translated) -> 80 total in register
CH (Chandigarh): fetched 21, 2 new (0 machine-translated) -> 21 total in register
DD (DNH & Daman-Diu): fetched 24, 0 new (0 machine-translated) -> 46 total in register
KL (Kerala): fetched 0, 0 new (0 machine-translated) -> 205 total in register
TS (Telangana): fetched 0, 0 new (0 machine-translated) -> 10 total in register
AS (Assam): fetched 14, 0 new (0 machine-translated) -> 13 total in register
signal pass: 0 translated, 0 failures this run (rerun resumes automatically; untranslated non-signal rows stay native)
reportage: 4091 scheme-mapped announcements across 39 quarters -> /Users/umashankar/digital-twin-for-ipa/docs/REPORTAGE.md
reportage html: 4091 rows pre-rendered -> /Users/umashankar/digital-twin-for-ipa/docs/reportage.html
reportage ministry html: 4091 central rows + 25 state rows across 49 ministries -> /Users/umashankar/digital-twin-for-ipa/docs/reportage_ministry.html
reportage latest html: 129 central rows, 565 state-wire rows (30d window) -> /Users/umashankar/digital-twin-for-ipa/docs/reportage_latest.html
reportage states html: 14823 classified rows across 29 quarters -> /Users/umashankar/digital-twin-for-ipa/docs/reportage_states.html
  2026-08-23   19 releases
indexed 19 release rows 2026-08-23 → 2026-08-23
TS: FETCH FAILED (<urlopen error [SSL: SSLV3_ALERT_HANDSHAKE_FAILURE] sslv3 alert handshake failure (_ssl.c:1129)>)
MP (Madhya Pradesh): fetched 496, 19 new (0 machine-translated) -> 63872 total in register
AP (Andhra Pradesh): fetched 105, 0 new (0 machine-translated) -> 105 total in register
UP (Uttar Pradesh): fetched 60, 0 new (0 machine-translated) -> 253 total in register
GJ (Gujarat): fetched 29, 0 new (0 machine-translated) -> 176 total in register
MH (Maharashtra): fetched 200, 62 new (0 machine-translated) -> 26332 total in register
KA (Karnataka): fetched 99, 0 new (0 machine-translated) -> 99 total in register
GA (Goa): fetched 200, 0 new (0 machine-translated) -> 330 total in register
RJ (Rajasthan): fetched 100, 20 new (0 machine-translated) -> 74343 total in register
PB (Punjab): fetched 17, 0 new (0 machine-translated) -> 34 total in register
MZ (Mizoram): fetched 50, 0 new (0 machine-translated) -> 94 total in register
NL (Nagaland): fetched 23, 0 new (0 machine-translated) -> 114 total in register
SK (Sikkim): fetched 30, 0 new (0 machine-translated) -> 80 total in register
CH (Chandigarh): fetched 21, 0 new (0 machine-translated) -> 21 total in register
DD (DNH & Daman-Diu): fetched 24, 0 new (0 machine-translated) -> 46 total in register
KL (Kerala): fetched 27, 27 new (0 machine-translated) -> 232 total in register
TS (Telangana): fetched 0, 0 new (0 machine-translated) -> 10 total in register
AS (Assam): fetched 14, 0 new (0 machine-translated) -> 13 total in register
backfill: 0/122 rows gained title_en
translation breaker tripped -- rerun later to resume
signal pass: 0 translated, 5 failures this run (rerun resumes automatically; untranslated non-signal rows stay native)
reportage: 4091 scheme-mapped announcements across 39 quarters -> /Users/umashankar/digital-twin-for-ipa/docs/REPORTAGE.md
reportage html: 4091 rows pre-rendered -> /Users/umashankar/digital-twin-for-ipa/docs/reportage.html
reportage ministry html: 4091 central rows + 25 state rows across 49 ministries -> /Users/umashankar/digital-twin-for-ipa/docs/reportage_ministry.html
reportage latest html: 126 central rows, 549 state-wire rows (30d window) -> /Users/umashankar/digital-twin-for-ipa/docs/reportage_latest.html
reportage states html: 14823 classified rows across 29 quarters -> /Users/umashankar/digital-twin-for-ipa/docs/reportage_states.html
  2026-08-24   14 releases
indexed 14 release rows 2026-08-24 → 2026-08-24
TS: FETCH FAILED (<urlopen error [SSL: SSLV3_ALERT_HANDSHAKE_FAILURE] sslv3 alert handshake failure (_ssl.c:1129)>)
MP (Madhya Pradesh): fetched 475, 18 new (0 machine-translated) -> 63890 total in register
AP (Andhra Pradesh): fetched 105, 0 new (0 machine-translated) -> 105 total in register
UP (Uttar Pradesh): fetched 60, 0 new (0 machine-translated) -> 253 total in register
GJ (Gujarat): fetched 29, 0 new (0 machine-translated) -> 176 total in register
MH (Maharashtra): fetched 200, 9 new (0 machine-translated) -> 26341 total in register
KA (Karnataka): fetched 99, 0 new (0 machine-translated) -> 99 total in register
GA (Goa): fetched 200, 0 new (0 machine-translated) -> 330 total in register
RJ (Rajasthan): fetched 100, 12 new (0 machine-translated) -> 74355 total in register
PB (Punjab): fetched 17, 0 new (0 machine-translated) -> 34 total in register
MZ (Mizoram): fetched 50, 0 new (0 machine-translated) -> 94 total in register
NL (Nagaland): fetched 23, 0 new (0 machine-translated) -> 114 total in register
SK (Sikkim): fetched 30, 0 new (0 machine-translated) -> 80 total in register
CH (Chandigarh): fetched 21, 0 new (0 machine-translated) -> 21 total in register
DD (DNH & Daman-Diu): fetched 24, 0 new (0 machine-translated) -> 46 total in register
KL (Kerala): fetched 27, 4 new (0 machine-translated) -> 236 total in register
TS (Telangana): fetched 0, 0 new (0 machine-translated) -> 10 total in register
AS (Assam): fetched 14, 0 new (0 machine-translated) -> 13 total in register
backfill: 0/157 rows gained title_en
translation breaker tripped -- rerun later to resume
signal pass: 0 translated, 5 failures this run (rerun resumes automatically; untranslated non-signal rows stay native)
reportage: 4091 scheme-mapped announcements across 39 quarters -> /Users/umashankar/digital-twin-for-ipa/docs/REPORTAGE.md
reportage html: 4091 rows pre-rendered -> /Users/umashankar/digital-twin-for-ipa/docs/reportage.html
reportage ministry html: 4091 central rows + 25 state rows across 49 ministries -> /Users/umashankar/digital-twin-for-ipa/docs/reportage_ministry.html
reportage latest html: 126 central rows, 531 state-wire rows (30d window) -> /Users/umashankar/digital-twin-for-ipa/docs/reportage_latest.html
reportage states html: 14824 classified rows across 29 quarters -> /Users/umashankar/digital-twin-for-ipa/docs/reportage_states.html
layer 25 written: 15 land states, 11 open/closing incentive windows -> /Users/umashankar/digital-twin-for-ipa/layers/25_land_incentive_linkages.json
layer 26: 42 sectors / 12,385 NIP opportunities, 9 flagship projects -> /Users/umashankar/digital-twin-for-ipa/layers/26_project_pipeline.json
layer 27: 31 bodies across 21 countries, 30 live, 11 with events pages -> /Users/umashankar/digital-twin-for-ipa/layers/27_entry_facilitators.json
  NOT live (check): Business France (India) (0)
layer 28: 973 PRS bills; 35 active watchlist (investment-relevant & 2024+); 170 relevant all-time; 24 Drishti editorials -> /Users/umashankar/digital-twin-for-ipa/layers/28_policy_watchlist.json
layer 29: 25 MoSPI data sources (6 core / 6 sector / 13 context) -> /Users/umashankar/digital-twin-for-ipa/layers/29_mospi_data_sources.json
layer 30: 12 import chapters, 7 substitutable policy gaps, top deficit country China ($-112.2bn) -> /Users/umashankar/digital-twin-for-ipa/layers/30_trade_deficit_map.json
members scraped: 138 | urls checked: 21
wrote /Users/umashankar/digital-twin-for-ipa/layers/31_ipa_source_network.json
/Users/umashankar/Library/Python/3.9/lib/python/site-packages/urllib3/__init__.py:35: NotOpenSSLWarning: urllib3 v2 only supports OpenSSL 1.1.1+, currently the 'ssl' module is compiled with 'LibreSSL 2.8.3'. See: https://github.com/urllib3/urllib3/issues/3020
  warnings.warn(
  window 2026-02-05..2026-08-24: 32 filings across 11 phrases
  wrote layers/16_enrichment/edgar_india_sweep.json (89 cumulative)
  NEW-LEAD [foreign_operator] 2026-08-18 20-F   BHP Group Ltd  (BHP, BHPLF)  (CIK 0000811809) — expand in India
  NEW-LEAD [foreign_operator] 2026-08-18 20-F   DIAGEO PLC  (DEO, DGEAF)  (CIK 0000835403) — investment in India
  NEW-LEAD [foreign_operator] 2026-07-06 20-F   MITSUBISHI UFJ FINANCIAL GROUP INC  (MUFG, MBFJF)  (CIK 0000067088) — investment in India
  NEW-LEAD [foreign_operator] 2026-06-15 10-K   Alternus Clean Energy, Inc.  (CIK 0001883984) — manufacturing in India
  NEW-LEAD [foreign_operator] 2026-06-08 10-K   GRAHAM CORP  (GHM)  (CIK 0000716314) — investment in India, investments in India
  NEW-LEAD [foreign_operator] 2026-05-27 10-K   Loop Industries, Inc.  (LOOP)  (CIK 0001504678) — manufacturing facility in India
  NEW-LEAD [foreign_operator] 2026-04-30 20-F   TRINITY BIOTECH PLC  (TRIB)  (CIK 0000888721) — manufacturing facility in India
  NEW-LEAD [foreign_operator] 2026-03-31 10-K   Co-Diagnostics, Inc.  (CODX)  (CIK 0001692415) — manufacturing in India
  NEW-LEAD [pe_fund] 2026-03-30 10-K   Carlyle Private Equity Partners Fund, L.P.  (CIK 0002065337) — invest in India, investments in India
  NEW-LEAD [foreign_operator] 2026-03-30 10-K   REVIVA PHARMACEUTICALS HOLDINGS, INC.  (RVPH)  (CIK 0001742927) — investments in India
  NEW-LEAD [pe_fund] 2026-03-27 10-K   Brookfield Private Equity Fund LP  (CIK 0002074065) — investments in India
  NEW-LEAD [pe_fund] 2026-03-20 10-K   VistaOne, L.P.  (CIK 0002044820) — investments in India
  NEW-LEAD [pe_fund] 2026-03-13 10-K   Blackstone Private Equity Strategies Fund L.P.  (CIK 0001930054) — investment in India, investments in India
  NEW-LEAD [foreign_operator] 2026-03-12 10-K   Health Catalyst, Inc.  (HCAT)  (CIK 0001636422) — investments in India
  NEW-LEAD [foreign_operator] 2026-03-11 10-K   ALPHA PRO TECH LTD  (APT)  (CIK 0000884269) — manufacturing facility in India
  NEW-LEAD [pe_fund] 2026-03-06 10-K   Blackstone Infrastructure Strategies L.P.  (CIK 0002030772) — investment in India, investments in India
  NEW-LEAD [foreign_operator] 2026-03-04 20-F   Caesarstone Ltd.  (CSTE)  (CIK 0001504379) — manufacturing facility in India
  NEW-LEAD [foreign_operator] 2026-02-24 10-K   FIRST SOLAR, INC.  (FSLR)  (CIK 0001274494) — manufacturing facility in India, manufacturing in India
  NEW-LEAD [foreign_operator] 2026-02-18 10-K   BLACKBAUD INC  (BLKB)  (CIK 0001280058) — expansion in India
  NEW-LEAD [foreign_operator] 2026-02-06 10-K   Philip Morris International Inc.  (PM)  (CIK 0001413329) — investments in India
{
 "companies": 1785,
 "in_more_than_one_layer": 1508,
 "by_role": {
  "alias_check": 18,
  "clearance_lead": 98,
  "foreign_lead": 321,
  "pairing_prospective": 7,
  "pairing_verified": 12,
  "pool_policy": 1371,
  "pool_visibility": 1331,
  "shortlist_target": 136
 },
 "india_entities": 1429,
 "credit_rated": 82,
 "by_country_top10": {
  "India": 1500,
  "United States": 75,
  "?": 36,
  "United Kingdom": 12,
  "South Korea": 12,
  "Japan": 12,
  "China": 12,
  "Australia": 11,
  "Taiwan": 9,
  "Turkey": 7
 }
}
wrote /Users/umashankar/digital-twin-for-ipa/data/companies.db and /Users/umashankar/digital-twin-for-ipa/layers/32_company_db.json
41 sector pages
announcements: 439 | companies matched: 41 | match rows: 80 | exception verdicts challenged: 1
  CHALLENGED [PARTIALLY_VISIBLE] Nayara Energy Limited <- oil-and-gas: Nayara Energy, India's largest private fuel retailer, plans to add 400 petrol pumps this y
{
 "ran": "2026-08-24",
 "what": "External news collection (Marketaux ticker-tagged, AlphaVantage sentiment, NewsAPI/Newsdata keyword FDI sweep + QUIET-company probes) matched onto the company DB with the shared tiered matcher; keys read from ~/.config/market-secrets/credentials.env",
 "api_calls_used": 39,
 "calls_by_source": {
  "newsapi": 26,
  "newsdata": 2,
  "marketaux": 10,
  "alphavantage": 1
 },
 "articles_total": 103,
 "new_articles": 103,
 "match_rows_added": 21,
 "sources_skipped_or_errors": [],
 "quota_note": "free tiers: NewsAPI/Marketaux ~100 req/day, AlphaVantage 25 \u2014 weekly cadence keeps usage well inside quotas; EODHD news endpoint not in plan (404), not called"
}
exception hits: 0
{
 "ran": "2026-08-24",
 "since": "2025-01-01",
 "pages_fetched": 16,
 "filings_in_window": 387,
 "new_rows": 392,
 "match_rows": 15,
 "what": "SEBI public-issues (DRHP/UDRHP/RHP) filers matched onto the company DB \u2014 the listing pipeline as a funding signal; shared tiered matcher (strong/reviewed-promoted actionable, weak review-only)"
}
  [strong] Encube Ethicals Private Limited  <- 2026-08-06: Encube Ethicals Limited - DRHP
  [strong] Sky Alloys And Power Limited  <- 2026-06-25: Sky Alloys and Power Limited- DRHP
  [strong] Renny Strips Limited  <- 2025-12-19: Renny Strips Limited
  [strong] Sky Alloys And Power Limited  <- 2025-10-09: SKY ALLOYS AND POWER LIMITED
  [strong] Virupaksha Organics Limited  <- 2025-10-08: Virupaksha Organics Limited - DRHP
  [strong] Supreet Chemicals Limited  <- 2025-09-05: Supreet Chemicals Limited - DRHP
  [strong] German Green Steel And Power Limited  <- 2025-07-08: German Green Steel and Power Limited - DRHP
  [strong] A-One Steels India Limited  <- 2025-04-24: A-One Steels India Limited - Addendum to DRHP
  [strong] Jajoo Rashmi Refractories Limited  <- 2025-04-22: Jajoo Rashmi Refractories Limited - Addendum to DRHP
  [strong] Advance Agrolife Private Limited  <- 2025-04-02: Advance Agrolife Limited
  [strong] SHREEJI SHIPPING GLOBAL L  <- 2025-01-30: SHREEJI SHIPPING GLOBAL LIMITED
  [strong] Dorf-Ketal Chemicals India Limited  <- 2025-01-27: Dorf-Ketal Chemicals India Limited
  [strong] SHANTI GOLD INTERNATION L  <- 2025-01-22: Shanti Gold International Limited
  [strong] A-One Steels India Limited  <- 2025-01-10: A One Steels India Limited
  [strong] Anthem Biosciences Limited  <- 2025-01-06: ANTHEM BIOSCIENCES LIMITED
extracted 0, errors 0
loc links scraped: 3 | urls checked: 9
wrote /Users/umashankar/digital-twin-for-ipa/layers/33_policy_finance_extensions.json
company distress flags: 11 -> {'downgrade': 1, 'litigation_or_regrade': 1, 'rating_darkness': 4, 'sub_investment_grade': 3, 'watch_negative': 2}
land pools: 5, named assets: 7
wrote /Users/umashankar/digital-twin-for-ipa/layers/34_stressed_assets.json + stressed_assets view
routes: 64 checked, 2 down -> /Users/umashankar/digital-twin-for-ipa/state/routes_2026-08-24.json
  DOWN DSIR CMS (000) https://cms-dsir.digifootprint.gov.in/wp-json/wp/v2/
  DOWN Kerala invest (000) https://invest.kerala.gov.in
  CHANGE route Bihar Udyami: ok=False -> True (200)
unnati: http=200, registration_stopped=True -> /Users/umashankar/digital-twin-for-ipa/state/unnati_2026-08-24.json
nsws: 2 pages -> /Users/umashankar/digital-twin-for-ipa/state/nsws_2026-08-24.json
CHANGE rbi WSS: Aug 15, 2026 -> Aug 22, 2026
rbi: latest WSS issue = Aug 22, 2026 -> /Users/umashankar/digital-twin-for-ipa/state/rbi_2026-08-24.json
send_twin_alert: no credentials available (env or plist) -- not sent
fatal: could not read Username for 'https://github.com': Device not configured
  2026-08-25   40 releases
indexed 40 release rows 2026-08-25 → 2026-08-25
warning: urllib failed (HTTP Error 429: Too Many Requests), retrying via scrapling: translate.googleapis.com
[2026-08-25 07:40:33] INFO: Fetched (200) <GET https://translate.googleapis.com/translate_a/single?client=gtx&sl=auto&tl=en&dt=t&q=Forest+Management+to+be+modernised%E2%80%94Fresh+Recruitment+of+Forest+Personnel+%3A+CM+Dr.+Yadav> (referer: https://www.google.com/)
warning: urllib failed (HTTP Error 429: Too Many Requests), retrying via scrapling: translate.googleapis.com
[2026-08-25 07:40:34] INFO: Fetched (200) <GET https://translate.googleapis.com/translate_a/single?client=gtx&sl=auto&tl=en&dt=t&q=%E0%A4%B0%E0%A4%BE%E0%A4%9C%E0%A5%8D%E0%A4%AF+%E0%A4%B8%E0%A4%B0%E0%A4%95%E0%A4%BE%E0%A4%B0+%E0%A4%B9%E0%A4%AE%E0%A5%87%E0%A4%B6%E0%A4%BE+%E0%A4%B6%E0%A5%8D%E0%A4%B0%E0%A4%AE%E0%A4%BF%E0%A4%95%E0%A5%8B%E0%A4%82+%E0%A4%95%E0%A5%87+%E0%A4%B8%E0%A4%BE%E0%A4%A5+%3A+%E0%A4%AE%E0%A5%81%E0%A4%96%E0%A5%8D%E0%A4%AF%E0%A4%AE%E0%A4%82%E0%A4%A4%E0%A5%8D%E0%A4%B0%E0%A5%80+%E0%A4%A1%E0%A5%89.+%E0%A4%AF%E0%A4%BE%E0%A4%A6%E0%A4%B5> (referer: https://www.google.com/)
warning: urllib failed (HTTP Error 429: Too Many Requests), retrying via scrapling: translate.googleapis.com
[2026-08-25 07:40:35] INFO: Fetched (200) <GET https://translate.googleapis.com/translate_a/single?client=gtx&sl=auto&tl=en&dt=t&q=%E0%A4%95%E0%A4%BF%E0%A4%B8%E0%A4%BE%E0%A4%A8%E0%A5%8B%E0%A4%82+%E0%A4%95%E0%A5%8B+%E0%A4%B8%E0%A5%81%E0%A4%B5%E0%A4%BF%E0%A4%A7%E0%A4%BE+%E0%A4%B8%E0%A4%AE%E0%A5%8D%E0%A4%AA%E0%A4%A8%E0%A5%8D%E0%A4%A8+%E0%A4%AC%E0%A4%A8%E0%A4%BE%E0%A4%A8%E0%A4%BE+%E0%A4%B9%E0%A5%80+%E0%A4%B9%E0%A4%AE%E0%A4%BE%E0%A4%B0%E0%A4%BE+%E0%A4%B2%E0%A4%95%E0%A5%8D%E0%A4%B7%E0%A5%8D%E0%A4%AF+%3A+%E0%A4%AE%E0%A5%81%E0%A4%96%E0%A5%8D%E0%A4%AF%E0%A4%AE%E0%A4%82%E0%A4%A4%E0%A5%8D%E0%A4%B0%E0%A5%80+%E0%A4%A1%E0%A5%89.+%E0%A4%AF%E0%A4%BE%E0%A4%A6%E0%A4%B5> (referer: https://www.google.com/)
warning: urllib failed (HTTP Error 429: Too Many Requests), retrying via scrapling: translate.googleapis.com
[2026-08-25 07:40:36] INFO: Fetched (200) <GET https://translate.googleapis.com/translate_a/single?client=gtx&sl=auto&tl=en&dt=t&q=%E0%A4%B5%E0%A4%A8+%E0%A4%AA%E0%A5%8D%E0%A4%B0%E0%A4%AC%E0%A4%82%E0%A4%A7%E0%A4%A8+%E0%A4%95%E0%A5%8B+%E0%A4%86%E0%A4%A7%E0%A5%81%E0%A4%A8%E0%A4%BF%E0%A4%95+%E0%A4%A4%E0%A4%95%E0%A4%A8%E0%A5%80%E0%A4%95+%E0%A4%B8%E0%A5%87+%E0%A4%9C%E0%A5%8B%E0%A4%A1%E0%A4%BC%E0%A4%BE+%E0%A4%9C%E0%A4%BE%E0%A4%8F%E0%A4%97%E0%A4%BE%2C+%E0%A4%B5%E0%A4%A8%E0%A4%95%E0%A4%B0%E0%A5%8D%E0%A4%AE%E0%A4%BF%E0%A4%AF%E0%A5%8B%E0%A4%82+%E0%A4%95%E0%A5%80+%E0%A4%95%E0%A4%B0%E0%A5%87%E0%A4%82%E0%A4%97%E0%A5%87+%E0%A4%A8%E0%A4%88+%E0%A4%AD%E0%A4%B0%E0%A5%8D%E0%A4%A4%E0%A5%80+%3A+%E0%A4%AE%E0%A5%81%E0%A4%96%E0%A5%8D%E0%A4%AF%E0%A4%AE%E0%A4%82%E0%A4%A4%E0%A5%8D%E0%A4%B0%E0%A5%80+%E0%A4%A1%E0%A5%89.+%E0%A4%AF%E0%A4%BE%E0%A4%A6%E0%A4%B5> (referer: https://www.google.com/)
warning: urllib failed (HTTP Error 429: Too Many Requests), retrying via scrapling: translate.googleapis.com
[2026-08-25 07:40:37] INFO: Fetched (200) <GET https://translate.googleapis.com/translate_a/single?client=gtx&sl=auto&tl=en&dt=t&q=%E0%A4%A6%E0%A5%81%E0%A4%97%E0%A5%8D%E0%A4%A7+%E0%A4%89%E0%A4%A4%E0%A5%8D%E0%A4%AA%E0%A4%BE%E0%A4%A6%E0%A4%A8+%E0%A4%AE%E0%A5%87%E0%A4%82+%E0%A4%AC%E0%A4%A8%E0%A5%87%E0%A4%97%E0%A4%BE+%E0%A4%AE%E0%A4%A7%E0%A5%8D%E0%A4%AF%E0%A4%AA%E0%A5%8D%E0%A4%B0%E0%A4%A6%E0%A5%87%E0%A4%B6+%E0%A4%85%E0%A4%97%E0%A5%8D%E0%A4%B0%E0%A4%A3%E0%A5%80+%E0%A4%B0%E0%A4%BE%E0%A4%9C%E0%A5%8D%E0%A4%AF+%3A+%E0%A4%AE%E0%A5%81%E0%A4%96%E0%A5%8D%E0%A4%AF%E0%A4%AE%E0%A4%82%E0%A4%A4%E0%A5%8D%E0%A4%B0%E0%A5%80+%E0%A4%A1%E0%A5%89.+%E0%A4%AF%E0%A4%BE%E0%A4%A6%E0%A4%B5> (referer: https://www.google.com/)
warning: urllib failed (HTTP Error 429: Too Many Requests), retrying via scrapling: translate.googleapis.com
[2026-08-25 07:40:38] INFO: Fetched (200) <GET https://translate.googleapis.com/translate_a/single?client=gtx&sl=auto&tl=en&dt=t&q=%E0%A4%B5%E0%A4%B0%E0%A5%8D%E0%A4%A4%E0%A4%AE%E0%A4%BE%E0%A4%A8+%E0%A4%B8%E0%A4%AE%E0%A4%AF+%E0%A4%AE%E0%A5%87%E0%A4%82+%E0%A4%B8%E0%A5%8D%E0%A4%95%E0%A4%BF%E0%A4%B2+%E0%A4%A8%E0%A4%88+%E0%A4%95%E0%A4%B0%E0%A5%87%E0%A4%82%E0%A4%B8%E0%A5%80+%E0%A4%94%E0%A4%B0+%E0%A4%87%E0%A4%A8%E0%A5%8B%E0%A4%B5%E0%A5%87%E0%A4%B6%E0%A4%A8+%E0%A4%A8%E0%A4%88+%E0%A4%87%E0%A4%95%E0%A5%8B%E0%A4%A8%E0%A5%89%E0%A4%AE%E0%A5%80+%E0%A4%B9%E0%A5%88+%3A+%E0%A4%AE%E0%A5%81%E0%A4%96%E0%A5%8D%E0%A4%AF%E0%A4%AE%E0%A4%82%E0%A4%A4%E0%A5%8D%E0%A4%B0%E0%A5%80+%E0%A4%A1%E0%A5%89.+%E0%A4%AF%E0%A4%BE%E0%A4%A6%E0%A4%B5> (referer: https://www.google.com/)
warning: urllib failed (HTTP Error 429: Too Many Requests), retrying via scrapling: translate.googleapis.com
[2026-08-25 07:40:40] INFO: Fetched (200) <GET https://translate.googleapis.com/translate_a/single?client=gtx&sl=auto&tl=en&dt=t&q=%E2%80%98%E0%A4%B9%E0%A4%B0+%E0%A4%B9%E0%A4%B0+%E0%A4%AE%E0%A4%B9%E0%A4%BE%E0%A4%A6%E0%A5%87%E0%A4%B5%E2%80%99+%E0%A4%95%E0%A5%87+%E0%A4%9C%E0%A4%AF%E0%A4%98%E0%A5%8B%E0%A4%B7+%E0%A4%B8%E0%A5%87+%E0%A4%97%E0%A5%82%E0%A4%82%E0%A4%9C%E0%A4%BE+%E0%A4%A8%E0%A4%B0%E0%A5%87%E0%A4%B2%E0%A4%BE%2C+%E0%A4%AE%E0%A4%82%E0%A4%A4%E0%A5%8D%E0%A4%B0%E0%A5%80+%E0%A4%B5%E0%A4%BF%E0%A4%B6%E0%A5%8D%E0%A4%B5%E0%A4%BE%E0%A4%B8+%E0%A4%B8%E0%A4%BE%E0%A4%B0%E0%A4%82%E0%A4%97+%E0%A4%95%E0%A5%80+%E0%A4%85%E0%A4%97%E0%A5%81%E0%A4%B5%E0%A4%BE%E0%A4%88+%E0%A4%AE%E0%A5%87%E0%A4%82+%E0%A4%A8%E0%A4%BF%E0%A4%95%E0%A4%B2%E0%A5%80+%E0%A4%AC%E0%A4%BE%E0%A4%AC%E0%A4%BE+%E0%A4%AE%E0%A4%B9%E0%A4%BE%E0%A4%95%E0%A4%BE%E0%A4%B2+%E0%A4%95%E0%A5%80+%E0%A4%AD%E0%A4%B5%E0%A5%8D%E0%A4%AF+%E0%A4%B6%E0%A4%BE%E0%A4%B9%E0%A5%80+%E0%A4%B8%E0%A4%B5%E0%A4%BE%E0%A4%B0%E0%A5%80> (referer: https://www.google.com/)
warning: urllib failed (HTTP Error 429: Too Many Requests), retrying via scrapling: translate.googleapis.com
[2026-08-25 07:40:41] INFO: Fetched (200) <GET https://translate.googleapis.com/translate_a/single?client=gtx&sl=auto&tl=en&dt=t&q=%E0%A4%B8%E0%A4%BE%E0%A4%A4+%E0%A4%9C%E0%A4%BF%E0%A4%B2%E0%A5%8B%E0%A4%82+%E0%A4%AE%E0%A5%87%E0%A4%82+35+%E0%A4%A8%E0%A4%BF%E0%A4%B0%E0%A5%8D%E0%A4%AE%E0%A4%BE%E0%A4%A3+%E0%A4%95%E0%A4%BE%E0%A4%B0%E0%A5%8D%E0%A4%AF%E0%A5%8B%E0%A4%82+%E0%A4%95%E0%A4%BE+%E0%A4%94%E0%A4%9A%E0%A4%95+%E0%A4%A8%E0%A4%BF%E0%A4%B0%E0%A5%80%E0%A4%95%E0%A5%8D%E0%A4%B7%E0%A4%A3%3B+%E0%A4%97%E0%A5%81%E0%A4%A3%E0%A4%B5%E0%A4%A4%E0%A5%8D%E0%A4%A4%E0%A4%BE%E0%A4%B9%E0%A5%80%E0%A4%A8+%E0%A4%95%E0%A4%BE%E0%A4%B0%E0%A5%8D%E0%A4%AF+%E0%A4%AA%E0%A4%B0+%E0%A4%AC%E0%A5%8D%E0%A4%B2%E0%A5%88%E0%A4%95%E0%A4%B2%E0%A4%BF%E0%A4%B8%E0%A5%8D%E0%A4%9F%E0%A4%BF%E0%A4%82%E0%A4%97+%E0%A4%94%E0%A4%B0+%E0%A4%A8%E0%A5%8B%E0%A4%9F%E0%A4%BF%E0%A4%B8+%E0%A4%95%E0%A5%80+%E0%A4%95%E0%A4%BE%E0%A4%B0%E0%A5%8D%E0%A4%B0%E0%A4%B5%E0%A4%BE%E0%A4%88+%E0%A4%95%E0%A5%87+%E0%A4%A8%E0%A4%BF%E0%A4%B0%E0%A5%8D%E0%A4%A6%E0%A5%87%E0%A4%B6> (referer: https://www.google.com/)
warning: urllib failed (HTTP Error 429: Too Many Requests), retrying via scrapling: translate.googleapis.com
[2026-08-25 07:40:42] INFO: Fetched (200) <GET https://translate.googleapis.com/translate_a/single?client=gtx&sl=auto&tl=en&dt=t&q=%E0%A4%8F%E0%A4%B8%E0%A4%8F%E0%A4%AB%E0%A4%86%E0%A4%88%E0%A4%B8%E0%A5%80+%E0%A4%A1%E0%A5%87%E0%A4%9F%E0%A4%BE+%E0%A4%8F%E0%A4%A8%E0%A4%BE%E0%A4%B2%E0%A4%BF%E0%A4%9F%E0%A4%BF%E0%A4%95%E0%A5%8D%E0%A4%B8+%E0%A4%95%E0%A5%87+%E0%A4%86%E0%A4%A7%E0%A4%BE%E0%A4%B0+%E0%A4%AA%E0%A4%B0+%E0%A4%95%E0%A5%80+%E0%A4%95%E0%A5%9C%E0%A5%80+%E0%A4%95%E0%A4%BE%E0%A4%B0%E0%A5%8D%E0%A4%B0%E0%A4%B5%E0%A4%BE%E0%A4%88> (referer: https://www.google.com/)
warning: urllib failed (HTTP Error 429: Too Many Requests), retrying via scrapling: translate.googleapis.com
[2026-08-25 07:40:44] INFO: Fetched (200) <GET https://translate.googleapis.com/translate_a/single?client=gtx&sl=auto&tl=en&dt=t&q=%E0%A4%B8%E0%A4%BE%E0%A4%AE%E0%A4%BE%E0%A4%9C%E0%A4%BF%E0%A4%95+%E0%A4%9A%E0%A5%87%E0%A4%A4%E0%A4%A8%E0%A4%BE+%E0%A4%94%E0%A4%B0+%E0%A4%9C%E0%A4%A8-%E0%A4%95%E0%A4%B2%E0%A5%8D%E0%A4%AF%E0%A4%BE%E0%A4%A3+%E0%A4%95%E0%A5%8B+%E0%A4%B8%E0%A4%AE%E0%A4%B0%E0%A5%8D%E0%A4%AA%E0%A4%BF%E0%A4%A4+%E0%A4%B0%E0%A4%B9%E0%A5%80+%E0%A4%95%E0%A4%BE%E0%A4%82%E0%A4%B5%E0%A4%A1%E0%A4%BC+%E0%A4%AF%E0%A4%BE%E0%A4%A4%E0%A5%8D%E0%A4%B0%E0%A4%BE-+%E0%A4%B0%E0%A4%BE%E0%A4%9C%E0%A5%8D%E0%A4%AF+%E0%A4%AE%E0%A4%82%E0%A4%A4%E0%A5%8D%E0%A4%B0%E0%A5%80+%E0%A4%B6%E0%A5%8D%E0%A4%B0%E0%A5%80+%E0%A4%B2%E0%A5%8B%E0%A4%A7%E0%A5%80> (referer: https://www.google.com/)
warning: urllib failed (HTTP Error 429: Too Many Requests), retrying via scrapling: translate.googleapis.com
[2026-08-25 07:40:45] INFO: Fetched (200) <GET https://translate.googleapis.com/translate_a/single?client=gtx&sl=auto&tl=en&dt=t&q=%E0%A4%AE%E0%A5%8D%E0%A4%AF%E0%A5%82%E0%A4%B2+%E0%A4%AC%E0%A5%88%E0%A4%82%E0%A4%95+%E0%A4%96%E0%A4%BE%E0%A4%A4%E0%A5%8B%E0%A4%82+%E0%A4%94%E0%A4%B0+%E0%A4%B8%E0%A4%BE%E0%A4%87%E0%A4%AC%E0%A4%B0+%E0%A4%A0%E0%A4%97%E0%A5%80+%E0%A4%95%E0%A5%87+%E0%A4%85%E0%A4%82%E0%A4%A4%E0%A4%B0%E0%A4%B0%E0%A4%BE%E0%A4%9C%E0%A5%8D%E0%A4%AF%E0%A5%80%E0%A4%AF+%E0%A4%A8%E0%A5%87%E0%A4%9F%E0%A4%B5%E0%A4%B0%E0%A5%8D%E0%A4%95+%E0%A4%AA%E0%A4%B0+%E0%A4%9B%E0%A4%A4%E0%A4%B0%E0%A4%AA%E0%A5%81%E0%A4%B0+%E0%A4%AA%E0%A5%81%E0%A4%B2%E0%A4%BF%E0%A4%B8+%E0%A4%95%E0%A5%80+%E0%A4%AA%E0%A5%8D%E0%A4%B0%E0%A4%AD%E0%A4%BE%E0%A4%B5%E0%A5%80+%E0%A4%95%E0%A4%BE%E0%A4%B0%E0%A5%8D%E0%A4%B0%E0%A4%B5%E0%A4%BE%E0%A4%88> (referer: https://www.google.com/)
warning: urllib failed (HTTP Error 429: Too Many Requests), retrying via scrapling: translate.googleapis.com
[2026-08-25 07:40:47] INFO: Fetched (200) <GET https://translate.googleapis.com/translate_a/single?client=gtx&sl=auto&tl=en&dt=t&q=%E0%A4%A7%E0%A4%BE%E0%A4%B0%E0%A5%8D%E0%A4%AE%E0%A4%BF%E0%A4%95+%E0%A4%B8%E0%A5%8D%E0%A4%A5%E0%A4%B2%E0%A5%8B%E0%A4%82+%E0%A4%AE%E0%A5%87%E0%A4%82+%E0%A4%9A%E0%A5%8B%E0%A4%B0%E0%A5%80+%E0%A4%95%E0%A5%80+%E0%A4%98%E0%A4%9F%E0%A4%A8%E0%A4%BE%E0%A4%93%E0%A4%82+%E0%A4%AA%E0%A4%B0+%E0%A4%AE%E0%A4%A7%E0%A5%8D%E0%A4%AF%E0%A4%AA%E0%A5%8D%E0%A4%B0%E0%A4%A6%E0%A5%87%E0%A4%B6+%E0%A4%AA%E0%A5%81%E0%A4%B2%E0%A4%BF%E0%A4%B8+%E0%A4%95%E0%A5%80+%E0%A4%A4%E0%A5%8D%E0%A4%B5%E0%A4%B0%E0%A4%BF%E0%A4%A4+%E0%A4%8F%E0%A4%B5%E0%A4%82+%E0%A4%AA%E0%A5%8D%E0%A4%B0%E0%A4%AD%E0%A4%BE%E0%A4%B5%E0%A5%80+%E0%A4%95%E0%A4%BE%E0%A4%B0%E0%A5%8D%E0%A4%B0%E0%A4%B5%E0%A4%BE%E0%A4%88> (referer: https://www.google.com/)
warning: urllib failed (HTTP Error 429: Too Many Requests), retrying via scrapling: translate.googleapis.com
[2026-08-25 07:40:49] INFO: Fetched (200) <GET https://translate.googleapis.com/translate_a/single?client=gtx&sl=auto&tl=en&dt=t&q=%E0%A4%B5%E0%A4%BF%E0%A4%A6%E0%A5%8D%E0%A4%AF%E0%A4%BE%E0%A4%B0%E0%A5%8D%E0%A4%A5%E0%A5%80+%E0%A4%B5%E0%A4%BF%E0%A4%B6%E0%A5%8D%E0%A4%B5+%E0%A4%95%E0%A5%87+%E0%A4%B8%E0%A4%AC%E0%A4%B8%E0%A5%87+%E0%A4%AC%E0%A4%A1%E0%A4%BC%E0%A5%87+%E0%A4%B2%E0%A5%8B%E0%A4%95%E0%A4%A4%E0%A4%82%E0%A4%A4%E0%A5%8D%E0%A4%B0+%E0%A4%95%E0%A4%BE+%E0%A4%AD%E0%A4%B5%E0%A4%BF%E0%A4%B7%E0%A5%8D%E0%A4%AF+%E0%A4%B9%E0%A5%88%E0%A4%82+%3A+%E0%A4%AE%E0%A5%81%E0%A4%96%E0%A5%8D%E0%A4%AF+%E0%A4%9A%E0%A5%81%E0%A4%A8%E0%A4%BE%E0%A4%B5+%E0%A4%86%E0%A4%AF%E0%A5%81%E0%A4%95%E0%A5%8D%E0%A4%A4+%E0%A4%B6%E0%A5%8D%E0%A4%B0%E0%A5%80+%E0%A4%9C%E0%A5%8D%E0%A4%9E%E0%A4%BE%E0%A4%A8%E0%A5%87%E0%A4%B6+%E0%A4%95%E0%A5%81%E0%A4%AE%E0%A4%BE%E0%A4%B0> (referer: https://www.google.com/)
warning: urllib failed (HTTP Error 429: Too Many Requests), retrying via scrapling: translate.googleapis.com
[2026-08-25 07:40:52] INFO: Fetched (200) <GET https://translate.googleapis.com/translate_a/single?client=gtx&sl=auto&tl=en&dt=t&q=%E0%A4%AE%E0%A4%A7%E0%A5%8D%E0%A4%AF%E0%A4%AA%E0%A5%8D%E0%A4%B0%E0%A4%A6%E0%A5%87%E0%A4%B6+%E0%A4%AA%E0%A5%81%E0%A4%B2%E0%A4%BF%E0%A4%B8+%E0%A4%95%E0%A5%80+%E0%A4%A4%E0%A4%95%E0%A4%A8%E0%A5%80%E0%A4%95%E0%A5%80+%E0%A4%B8%E0%A4%82%E0%A4%B8%E0%A4%BE%E0%A4%A7%E0%A4%A8%E0%A5%8B%E0%A4%82+%E0%A4%95%E0%A5%87+%E0%A4%AA%E0%A5%8D%E0%A4%B0%E0%A4%AD%E0%A4%BE%E0%A4%B5%E0%A5%80+%E0%A4%89%E0%A4%AA%E0%A4%AF%E0%A5%8B%E0%A4%97+%E0%A4%94%E0%A4%B0+%E0%A4%B8%E0%A4%A4%E0%A4%A4+%E0%A4%AA%E0%A5%8D%E0%A4%B0%E0%A4%AF%E0%A4%BE%E0%A4%B8%E0%A5%8B%E0%A4%82+%E0%A4%B8%E0%A5%87+%E0%A4%AE%E0%A5%8B%E0%A4%AC%E0%A4%BE%E0%A4%87%E0%A4%B2+%E0%A4%B0%E0%A4%BF%E0%A4%95%E0%A4%B5%E0%A4%B0%E0%A5%80+%E0%A4%AE%E0%A5%87%E0%A4%82+%E0%A4%AC%E0%A4%A1%E0%A4%BC%E0%A5%80+%E0%A4%89%E0%A4%AA%E0%A4%B2%E0%A4%AC%E0%A5%8D%E0%A4%A7%E0%A4%BF> (referer: https://www.google.com/)
warning: urllib failed (HTTP Error 429: Too Many Requests), retrying via scrapling: translate.googleapis.com
[2026-08-25 07:40:53] INFO: Fetched (200) <GET https://translate.googleapis.com/translate_a/single?client=gtx&sl=auto&tl=en&dt=t&q=%E0%A4%85%E0%A4%82%E0%A4%A4%E0%A4%B0%E0%A4%BF%E0%A4%95%E0%A5%8D%E0%A4%B7+%E0%A4%B5%E0%A4%BF%E0%A4%9C%E0%A5%8D%E0%A4%9E%E0%A4%BE%E0%A4%A8+%E0%A4%95%E0%A4%BE+%E0%A4%85%E0%A4%82%E0%A4%A4%E0%A4%BF%E0%A4%AE+%E0%A4%89%E0%A4%A6%E0%A5%8D%E0%A4%A6%E0%A5%87%E0%A4%B6%E0%A5%8D%E0%A4%AF+%E0%A4%B8%E0%A4%AE%E0%A4%BE%E0%A4%9C+%E0%A4%95%E0%A5%87+%E0%A4%AC%E0%A5%87%E0%A4%B9%E0%A4%A4%E0%A4%B0+%E0%A4%AD%E0%A4%B5%E0%A4%BF%E0%A4%B7%E0%A5%8D%E0%A4%AF+%E0%A4%95%E0%A4%BE+%E0%A4%A8%E0%A4%BF%E0%A4%B0%E0%A5%8D%E0%A4%AE%E0%A4%BE%E0%A4%A3+%3A+%E0%A4%B5%E0%A5%88%E0%A4%9C%E0%A5%8D%E0%A4%9E%E0%A4%BE%E0%A4%A8%E0%A4%BF%E0%A4%95+%E0%A4%B6%E0%A5%8D%E0%A4%B0%E0%A5%80+%E0%A4%A4%E0%A5%8D%E0%A4%B0%E0%A4%BF%E0%A4%B5%E0%A5%87%E0%A4%A6%E0%A5%80> (referer: https://www.google.com/)
warning: urllib failed (HTTP Error 429: Too Many Requests), retrying via scrapling: translate.googleapis.com
[2026-08-25 07:40:55] INFO: Fetched (200) <GET https://translate.googleapis.com/translate_a/single?client=gtx&sl=auto&tl=en&dt=t&q=%E0%A4%B6%E0%A4%BE%E0%A4%B8%E0%A4%95%E0%A5%80%E0%A4%AF+%E0%A4%95%E0%A4%BE%E0%A4%B0%E0%A5%8D%E0%A4%AF+%E0%A4%AE%E0%A5%87%E0%A4%82+%E0%A4%AC%E0%A4%BE%E0%A4%A7%E0%A4%BE%2C+%E0%A4%9A%E0%A4%95%E0%A5%8D%E0%A4%95%E0%A4%BE%E0%A4%9C%E0%A4%BE%E0%A4%AE+%E0%A4%94%E0%A4%B0+%E0%A4%B5%E0%A4%BF%E0%A4%A6%E0%A5%8D%E0%A4%AF%E0%A5%81%E0%A4%A4+%E0%A4%95%E0%A4%B0%E0%A5%8D%E0%A4%AE%E0%A4%BF%E0%A4%AF%E0%A5%8B%E0%A4%82+%E0%A4%B8%E0%A5%87+%E0%A4%AE%E0%A4%BE%E0%A4%B0%E0%A4%AA%E0%A5%80%E0%A4%9F+%E0%A4%AA%E0%A4%B0+%E0%A4%B8%E0%A4%96%E0%A5%8D%E0%A4%A4+%E0%A4%95%E0%A4%BE%E0%A4%B0%E0%A5%8D%E0%A4%B0%E0%A4%B5%E0%A4%BE%E0%A4%88> (referer: https://www.google.com/)
warning: urllib failed (HTTP Error 429: Too Many Requests), retrying via scrapling: translate.googleapis.com
[2026-08-25 07:40:57] INFO: Fetched (200) <GET https://translate.googleapis.com/translate_a/single?client=gtx&sl=auto&tl=en&dt=t&q=%E0%A4%B8%E0%A4%AE%E0%A5%83%E0%A4%A6%E0%A5%8D%E0%A4%A7+%E0%A4%AE%E0%A4%A7%E0%A5%8D%E0%A4%AF%E0%A4%AA%E0%A5%8D%E0%A4%B0%E0%A4%A6%E0%A5%87%E0%A4%B6+%40+2047+%E0%A4%95%E0%A5%87+%E0%A4%B2%E0%A4%BF%E0%A4%8F+%E0%A4%95%E0%A5%87%E0%A4%82%E0%A4%A6%E0%A5%8D%E0%A4%B0%E0%A5%80%E0%A4%AF+%E0%A4%B8%E0%A4%82%E0%A4%B8%E0%A5%8D%E0%A4%A5%E0%A4%BE%E0%A4%A8%E0%A5%8B%E0%A4%82+%E0%A4%95%E0%A5%87+%E0%A4%B8%E0%A4%BE%E0%A4%A5+%E0%A4%AE%E0%A4%9C%E0%A4%AC%E0%A5%82%E0%A4%A4+%E0%A4%B8%E0%A4%BE%E0%A4%9D%E0%A5%87%E0%A4%A6%E0%A4%BE%E0%A4%B0%E0%A5%80+%E0%A4%AA%E0%A4%B0+%E0%A4%9C%E0%A5%8B%E0%A4%B0> (referer: https://www.google.com/)
warning: urllib failed (HTTP Error 429: Too Many Requests), retrying via scrapling: translate.googleapis.com
[2026-08-25 07:40:59] INFO: Fetched (200) <GET https://translate.googleapis.com/translate_a/single?client=gtx&sl=auto&tl=en&dt=t&q=%E0%A4%AC%E0%A4%BE%E0%A4%B2%E0%A4%BE%E0%A4%98%E0%A4%BE%E0%A4%9F+%E0%A4%AE%E0%A5%87%E0%A4%82+%E0%A4%9A%E0%A4%BF%E0%A4%95%E0%A4%BF%E0%A4%A4%E0%A5%8D%E0%A4%B8%E0%A4%95%E0%A5%80%E0%A4%AF+%E0%A4%8F%E0%A4%B5%E0%A4%82+%E0%A4%B8%E0%A4%B9%E0%A4%BE%E0%A4%AF%E0%A4%95+%E0%A4%9A%E0%A4%BF%E0%A4%95%E0%A4%BF%E0%A4%A4%E0%A5%8D%E0%A4%B8%E0%A4%95%E0%A5%80%E0%A4%AF+%E0%A4%AE%E0%A5%88%E0%A4%A8%E0%A4%AA%E0%A4%BE%E0%A4%B5%E0%A4%B0+%E0%A4%B8%E0%A4%B0%E0%A5%8D%E0%A4%B5%E0%A5%8B%E0%A4%9A%E0%A5%8D%E0%A4%9A+%E0%A4%AA%E0%A5%8D%E0%A4%B0%E0%A4%BE%E0%A4%A5%E0%A4%AE%E0%A4%BF%E0%A4%95%E0%A4%A4%E0%A4%BE+%E0%A4%B8%E0%A5%87+%E0%A4%B8%E0%A5%81%E0%A4%A6%E0%A5%83%E0%A4%A2%E0%A4%BC+%E0%A4%95%E0%A4%B0%E0%A5%87%E0%A4%82+%3A+%E0%A4%89%E0%A4%AA+%E0%A4%AE%E0%A5%81%E0%A4%96%E0%A5%8D%E0%A4%AF%E0%A4%AE%E0%A4%82%E0%A4%A4%E0%A5%8D%E0%A4%B0%E0%A5%80+%E0%A4%B6%E0%A5%8D%E0%A4%B0%E0%A5%80+%E0%A4%B6%E0%A5%81%E0%A4%95%E0%A5%8D%E0%A4%B2> (referer: https://www.google.com/)
warning: urllib failed (HTTP Error 429: Too Many Requests), retrying via scrapling: translate.googleapis.com
[2026-08-25 07:41:01] INFO: Fetched (200) <GET https://translate.googleapis.com/translate_a/single?client=gtx&sl=auto&tl=en&dt=t&q=%E0%A4%8F%E0%A4%AE%E0%A4%AA%E0%A5%80+%E0%A4%9F%E0%A5%8D%E0%A4%B0%E0%A4%BE%E0%A4%82%E0%A4%B8%E0%A4%95%E0%A5%8B+%E0%A4%A8%E0%A5%87+%E0%A4%B8%E0%A5%80%E0%A4%B9%E0%A5%8B%E0%A4%B0+%E0%A4%AE%E0%A5%87%E0%A4%82+%E0%A4%95%E0%A4%BF%E0%A4%AF%E0%A4%BE+50+%E0%A4%8F%E0%A4%AE%E0%A4%B5%E0%A5%80%E0%A4%8F+%E0%A4%95%E0%A5%8D%E0%A4%B7%E0%A4%AE%E0%A4%A4%E0%A4%BE+%E0%A4%95%E0%A4%BE+%E0%A4%A6%E0%A5%82%E0%A4%B8%E0%A4%B0%E0%A4%BE+%E0%A4%AA%E0%A5%89%E0%A4%B5%E0%A4%B0+%E0%A4%9F%E0%A5%8D%E0%A4%B0%E0%A4%BE%E0%A4%82%E0%A4%B8%E0%A4%AB%E0%A4%BE%E0%A4%B0%E0%A5%8D%E0%A4%AE%E0%A4%B0+%E0%A4%8A%E0%A4%B0%E0%A5%8D%E0%A4%9C%E0%A5%80%E0%A4%95%E0%A5%83%E0%A4%A4%3A+%E0%A4%8A%E0%A4%B0%E0%A5%8D%E0%A4%9C%E0%A4%BE+%E0%A4%AE%E0%A4%82%E0%A4%A4%E0%A5%8D%E0%A4%B0%E0%A5%80+%E0%A4%B6%E0%A5%8D%E0%A4%B0%E0%A5%80+%E0%A4%A4%E0%A5%8B%E0%A4%AE%E0%A4%B0> (referer: https://www.google.com/)
warning: urllib failed (HTTP Error 429: Too Many Requests), retrying via scrapling: translate.googleapis.com
[2026-08-25 07:41:06] INFO: Fetched (200) <GET https://translate.googleapis.com/translate_a/single?client=gtx&sl=auto&tl=en&dt=t&q=%E0%A4%95%E0%A5%8C%E0%A4%B6%E0%A4%B2%2C+%E0%A4%89%E0%A4%A6%E0%A5%8D%E0%A4%AF%E0%A5%8B%E0%A4%97+%E0%A4%94%E0%A4%B0+%E0%A4%B0%E0%A5%8B%E0%A4%9C%E0%A4%97%E0%A4%BE%E0%A4%B0+%E0%A4%95%E0%A5%80+%E0%A4%A4%E0%A5%8D%E0%A4%B0%E0%A4%BF%E0%A4%B5%E0%A5%87%E0%A4%A3%E0%A5%80+%E0%A4%B8%E0%A5%87+1+%E0%A4%9F%E0%A5%8D%E0%A4%B0%E0%A4%BF%E0%A4%B2%E0%A4%BF%E0%A4%AF%E0%A4%A8+%E0%A4%A1%E0%A5%89%E0%A4%B2%E0%A4%B0+%E0%A4%85%E0%A4%B0%E0%A5%8D%E0%A4%A5%E0%A4%B5%E0%A5%8D%E0%A4%AF%E0%A4%B5%E0%A4%B8%E0%A5%8D%E0%A4%A5%E0%A4%BE+%E0%A4%95%E0%A5%80+%E0%A4%93%E0%A4%B0+%E0%A4%AC%E0%A5%9D+%E0%A4%B0%E0%A4%B9%E0%A4%BE+%E0%A4%89%E0%A4%A4%E0%A5%8D%E0%A4%A4%E0%A4%B0+%E0%A4%AA%E0%A5%8D%E0%A4%B0%E0%A4%A6%E0%A5%87%E0%A4%B6> (referer: https://www.google.com/)
warning: urllib failed (HTTP Error 429: Too Many Requests), retrying via scrapling: translate.googleapis.com
[2026-08-25 07:41:09] INFO: Fetched (200) <GET https://translate.googleapis.com/translate_a/single?client=gtx&sl=auto&tl=en&dt=t&q=%E0%A4%AD%E0%A4%BE%E0%A4%B7%E0%A4%BF%E0%A4%A3%E0%A5%80+%28Bhasini%29+%E0%A4%A8%E0%A5%87+%E0%A4%B0%E0%A4%BF%E0%A4%AF%E0%A4%B2-%E0%A4%9F%E0%A4%BE%E0%A4%87%E0%A4%AE+AI+%E0%A4%85%E0%A4%A8%E0%A5%81%E0%A4%B5%E0%A4%BE%E0%A4%A6+%E0%A4%B8%E0%A5%87+%E0%A4%AF%E0%A5%82%E0%A4%AA%E0%A5%80-%E0%A4%9C%E0%A4%BE%E0%A4%AA%E0%A4%BE%E0%A4%A8+%E0%A4%A8%E0%A4%BF%E0%A4%B5%E0%A5%87%E0%A4%B6+%E0%A4%B8%E0%A4%AE%E0%A5%8D%E0%A4%AE%E0%A5%87%E0%A4%B2%E0%A4%A8+%E0%A4%AE%E0%A5%87%E0%A4%82+%E0%A4%A6%E0%A5%82%E0%A4%B0+%E0%A4%95%E0%A5%80+%E0%A4%AD%E0%A4%BE%E0%A4%B7%E0%A4%BE+%E0%A4%95%E0%A5%80+%E0%A4%AC%E0%A4%BE%E0%A4%A7%E0%A4%BE> (referer: https://www.google.com/)
warning: urllib failed (HTTP Error 429: Too Many Requests), retrying via scrapling: translate.googleapis.com
[2026-08-25 07:41:11] INFO: Fetched (200) <GET https://translate.googleapis.com/translate_a/single?client=gtx&sl=auto&tl=en&dt=t&q=%E0%A4%87%E0%A4%95%E0%A4%BE%E0%A4%A8%E0%A4%BE+%E0%A4%B8%E0%A5%8D%E0%A4%9F%E0%A5%87%E0%A4%A1%E0%A4%BF%E0%A4%AF%E0%A4%AE+%E0%A4%AE%E0%A5%87%E0%A4%82+%E0%A4%95%E0%A4%BE%E0%A4%B6%E0%A5%80+%E0%A4%B0%E0%A5%81%E0%A4%A6%E0%A5%8D%E0%A4%B0%E0%A4%BE%E0%A4%B8+%E0%A4%94%E0%A4%B0+%E0%A4%B2%E0%A4%96%E0%A4%A8%E0%A4%8A+%E0%A4%AB%E0%A4%BE%E0%A4%B2%E0%A5%8D%E0%A4%95%E0%A4%A8%E0%A5%8D%E0%A4%B8+%E0%A4%95%E0%A5%87+%E0%A4%AE%E0%A5%81%E0%A4%95%E0%A4%BE%E0%A4%AC%E0%A4%B2%E0%A5%87+%E0%A4%95%E0%A4%BE+%E0%A4%9F%E0%A5%89%E0%A4%B8+%E0%A4%95%E0%A4%B0%E0%A4%BE%E0%A4%AF%E0%A4%BE%2C+%E0%A4%AE%E0%A4%82%E0%A4%A4%E0%A5%8D%E0%A4%B0%E0%A5%80+%E0%A4%95%E0%A4%AA%E0%A4%BF%E0%A4%B2+%E0%A4%A6%E0%A5%87%E0%A4%B5+%E0%A4%85%E0%A4%97%E0%A5%8D%E0%A4%B0%E0%A4%B5%E0%A4%BE%E0%A4%B2+%E0%A4%A8%E0%A5%87+%E0%A4%AC%E0%A5%87%E0%A4%B2+%E0%A4%AC%E0%A4%9C%E0%A4%BE%E0%A4%95%E0%A4%B0+%E0%A4%95%E0%A4%BF%E0%A4%AF%E0%A4%BE+%E0%A4%AE%E0%A5%88%E0%A4%9A+%E0%A4%95%E0%A4%BE+%E0%A4%B6%E0%A5%81%E0%A4%AD%E0%A4%BE%E0%A4%B0%E0%A4%82%E0%A4%AD> (referer: https://www.google.com/)
warning: urllib failed (HTTP Error 429: Too Many Requests), retrying via scrapling: translate.googleapis.com
[2026-08-25 07:43:33] INFO: Fetched (200) <GET https://translate.googleapis.com/translate_a/single?client=gtx&sl=auto&tl=en&dt=t&q=%E0%AA%AE%E0%AB%81%E0%AA%96%E0%AB%8D%E0%AA%AF%E0%AA%AE%E0%AA%82%E0%AA%A4%E0%AB%8D%E0%AA%B0%E0%AB%80%E0%AA%B6%E0%AB%8D%E0%AA%B0%E0%AB%80+%E0%AA%85%E0%AA%A8%E0%AB%87+%E0%AA%97%E0%AB%81%E0%AA%9C%E0%AA%B0%E0%AA%BE%E0%AA%A4+%E0%AA%A1%E0%AB%87%E0%AA%B2%E0%AA%BF%E0%AA%97%E0%AB%87%E0%AA%B6%E0%AA%A8+%E0%AA%95%E0%AB%87%E0%AA%A8%E0%AB%87%E0%AA%A1%E0%AA%BE%E0%AA%AE%E0%AA%BE%E0%AA%82> (referer: https://www.google.com/)
warning: urllib failed (HTTP Error 429: Too Many Requests), retrying via scrapling: translate.googleapis.com
[2026-08-25 07:43:35] INFO: Fetched (200) <GET https://translate.googleapis.com/translate_a/single?client=gtx&sl=auto&tl=en&dt=t&q=%2A%E0%AA%B0%E0%AA%BE%E0%AA%9C%E0%AB%8D%E0%AA%AF%E0%AA%AA%E0%AA%BE%E0%AA%B2%E0%AA%B6%E0%AB%8D%E0%AA%B0%E0%AB%80+%E0%AA%86%E0%AA%9A%E0%AA%BE%E0%AA%B0%E0%AB%8D%E0%AA%AF+%E0%AA%A6%E0%AB%87%E0%AA%B5%E0%AA%B5%E0%AB%8D%E0%AA%B0%E0%AA%A4%E0%AA%9C%E0%AB%80%E0%AA%A8%E0%AA%BE+%E0%AA%85%E0%AA%A7%E0%AB%8D%E0%AA%AF%E0%AA%95%E0%AB%8D%E0%AA%B7%E0%AA%B8%E0%AB%8D%E0%AA%A5%E0%AA%BE%E0%AA%A8%E0%AB%87+%E0%AA%B8%E0%AB%81%E0%AA%B0%E0%AA%A4+%E0%AA%B8%E0%AB%8D%E0%AA%A5%E0%AA%BF%E0%AA%A4+%E0%AA%B5%E0%AB%80%E0%AA%B0+%E0%AA%A8%E0%AA%B0%E0%AB%8D%E0%AA%AE%E0%AA%A6+%E0%AA%A6%E0%AA%95%E0%AB%8D%E0%AA%B7%E0%AA%BF%E0%AA%A3+%E0%AA%97%E0%AB%81%E0%AA%9C%E0%AA%B0%E0%AA%BE%E0%AA%A4+%E0%AA%AF%E0%AB%81%E0%AA%A8%E0%AA%BF%E0%AA%B5%E0%AA%B0%E0%AB%8D%E0%AA%B8%E0%AA%BF%E0%AA%9F%E0%AB%80%E0%AA%A8%E0%AB%8B+%E0%AB%AB%E0%AB%AF%E0%AA%AE%E0%AB%8B+%E0%AA%AA%E0%AA%A6%E0%AA%B5%E0%AB%80%E0%AA%A6%E0%AA%BE%E0%AA%A8+%E0%AA%B8%E0%AA%AE%E0%AA%BE%E0%AA%B0%E0%AB%8B%E0%AA%B9+%E0%AA%AF%E0%AB%8B%E0%AA%9C%E0%AA%BE%E0%AA%AF%E0%AB%8B%2A> (referer: https://www.google.com/)
warning: urllib failed (HTTP Error 429: Too Many Requests), retrying via scrapling: translate.googleapis.com
[2026-08-25 07:43:37] INFO: Fetched (200) <GET https://translate.googleapis.com/translate_a/single?client=gtx&sl=auto&tl=en&dt=t&q=%2A%E0%AA%B0%E0%AA%BE%E0%AA%9C%E0%AB%8D%E0%AA%AF%E0%AA%AE%E0%AA%BE%E0%AA%82+%E0%AA%AE%E0%AB%8B%E0%AA%B8%E0%AA%AE%E0%AB%80+%E0%AA%B0%E0%AB%8B%E0%AA%97%E0%AA%9A%E0%AA%BE%E0%AA%B3%E0%AB%8B+%E0%AA%B8%E0%AA%82%E0%AA%AA%E0%AB%82%E0%AA%B0%E0%AB%8D%E0%AA%A3+%E0%AA%95%E0%AA%82%E0%AA%9F%E0%AB%8D%E0%AA%B0%E0%AB%8B%E0%AA%B2%E0%AA%AE%E0%AA%BE%E0%AA%82%3A+H1N1+%28%E0%AA%B8%E0%AB%80%E0%AA%9D%E0%AA%A8%E0%AA%B2+%E0%AA%AB%E0%AB%8D%E0%AA%B2%E0%AB%82%29+%E0%AA%B8%E0%AA%BE%E0%AA%AE%E0%AB%87%E0%AA%A8%E0%AA%BE+%E0%AA%86%E0%AA%97%E0%AB%8B%E0%AA%A4%E0%AA%B0%E0%AA%BE+%E0%AA%86%E0%AA%AF%E0%AB%8B%E0%AA%9C%E0%AA%A8+%E0%AA%85%E0%AA%82%E0%AA%97%E0%AB%87+%E0%AA%86%E0%AA%B0%E0%AB%8B%E0%AA%97%E0%AB%8D%E0%AA%AF+%E0%AA%AE%E0%AA%82%E0%AA%A4%E0%AB%8D%E0%AA%B0%E0%AB%80+%E0%AA%B6%E0%AB%8D%E0%AA%B0%E0%AB%80+%E0%AA%AA%E0%AB%8D%E0%AA%B0%E0%AA%AB%E0%AB%81%E0%AA%B2+%E0%AA%AA%E0%AA%BE%E0%AA%A8%E0%AA%B6%E0%AB%87%E0%AA%B0%E0%AB%80%E0%AA%AF%E0%AA%BE%E0%AA%A8%E0%AB%80+%E0%AA%85%E0%AA%A7%E0%AB%8D%E0%AA%AF%E0%AA%95%E0%AB%8D%E0%AA%B7%E0%AA%A4%E0%AA%BE%E0%AA%AE%E0%AA%BE%E0%AA%82+%E0%AA%97%E0%AA%BE%E0%AA%82%E0%AA%A7%E0%AB%80%E0%AA%A8%E0%AA%97%E0%AA%B0+%E0%AA%96%E0%AA%BE%E0%AA%A4%E0%AB%87+%E0%AA%89%E0%AA%9A%E0%AB%8D%E0%AA%9A%E0%AA%B8%E0%AB%8D%E0%AA%A4%E0%AA%B0%E0%AB%80%E0%AA%AF+%E0%AA%B8%E0%AA%AE%E0%AB%80%E0%AA%95%E0%AB%8D%E0%AA%B7%E0%AA%BE+%E0%AA%AC%E0%AB%87%E0%AA%A0%E0%AA%95+%E0%AA%AF%E0%AB%8B%E0%AA%9C%E0%AA%BE%E0%AA%88%2A> (referer: https://www.google.com/)
warning: urllib failed (HTTP Error 429: Too Many Requests), retrying via scrapling: translate.googleapis.com
[2026-08-25 07:43:39] INFO: Fetched (200) <GET https://translate.googleapis.com/translate_a/single?client=gtx&sl=auto&tl=en&dt=t&q=%E0%AA%A8%E0%AA%BE%E0%AA%97%E0%AA%B0%E0%AA%BF%E0%AA%95+%E0%AA%B8%E0%AB%81%E0%AA%B0%E0%AA%95%E0%AB%8D%E0%AA%B7%E0%AA%BE+%E0%AA%AE%E0%AA%BE%E0%AA%9F%E0%AB%87+%E0%AA%97%E0%AB%81%E0%AA%9C%E0%AA%B0%E0%AA%BE%E0%AA%A4+%E0%AA%AA%E0%AB%8B%E0%AA%B2%E0%AB%80%E0%AA%B8%E0%AA%A8%E0%AA%BE+%E0%AA%95%E0%AA%BE%E0%AA%AB%E0%AA%B2%E0%AA%BE%E0%AA%AE%E0%AA%BE%E0%AA%82+%E0%AA%A8%E0%AA%B5%E0%AA%BE+%E0%AB%AB%E0%AB%A6%E0%AB%A6+%E0%AA%85%E0%AA%A4%E0%AB%8D%E0%AA%AF%E0%AA%BE%E0%AA%A7%E0%AB%81%E0%AA%A8%E0%AA%BF%E0%AA%95+%E0%AB%A7%E0%AB%A7%E0%AB%A8+%E2%80%98%E0%AA%9C%E0%AA%A8%E0%AA%B0%E0%AA%95%E0%AB%8D%E0%AA%B7%E0%AA%95%E2%80%99+%E0%AA%B5%E0%AA%BE%E0%AA%B9%E0%AA%A8%E0%AB%8B+%E0%AA%9C%E0%AB%8B%E0%AA%A1%E0%AA%BE%E0%AA%B6%E0%AB%87> (referer: https://www.google.com/)
warning: urllib failed (HTTP Error 429: Too Many Requests), retrying via scrapling: translate.googleapis.com
[2026-08-25 07:43:41] INFO: Fetched (200) <GET https://translate.googleapis.com/translate_a/single?client=gtx&sl=auto&tl=en&dt=t&q=%E0%AA%B0%E0%AA%BE%E0%AA%B7%E0%AB%8D%E0%AA%9F%E0%AB%8D%E0%AA%B0%E0%AB%80%E0%AA%AF+%E0%AA%95%E0%AA%95%E0%AB%8D%E0%AA%B7%E0%AA%BE%E0%AA%A8%E0%AB%80+%E2%80%9C%E0%AA%9F%E0%AB%87%E0%AA%95+%E0%AA%B8%E0%AA%95%E0%AB%8D%E0%AA%B7%E0%AA%AE%E2%80%9D+%E0%AA%B5%E0%AA%B0%E0%AB%8D%E0%AA%95%E0%AA%B6%E0%AB%8B%E0%AA%AA%E0%AA%A8%E0%AB%8B+%E0%AA%B5%E0%AA%BF%E0%AA%9C%E0%AB%8D%E0%AA%9E%E0%AA%BE%E0%AA%A8+%E0%AA%85%E0%AA%A8%E0%AB%87+%E0%AA%9F%E0%AB%87%E0%AA%95%E0%AA%A8%E0%AB%8B%E0%AA%B2%E0%AB%8B%E0%AA%9C%E0%AB%80+%E0%AA%AE%E0%AA%82%E0%AA%A4%E0%AB%8D%E0%AA%B0%E0%AB%80+%E0%AA%B6%E0%AB%8D%E0%AA%B0%E0%AB%80+%E0%AA%85%E0%AA%B0%E0%AB%8D%E0%AA%9C%E0%AB%81%E0%AA%A8%E0%AA%AD%E0%AA%BE%E0%AA%88+%E0%AA%AE%E0%AB%8B%E0%AA%A2%E0%AA%B5%E0%AA%BE%E0%AA%A1%E0%AA%BF%E0%AA%AF%E0%AA%BE%E0%AA%A8%E0%AA%BE+%E0%AA%B9%E0%AA%B8%E0%AB%8D%E0%AA%A4%E0%AB%87+%E0%AA%97%E0%AA%BE%E0%AA%82%E0%AA%A7%E0%AB%80%E0%AA%A8%E0%AA%97%E0%AA%B0%E0%AA%AE%E0%AA%BE%E0%AA%82+%E0%AA%B6%E0%AB%81%E0%AA%AD%E0%AA%BE%E0%AA%B0%E0%AA%82%E0%AA%AD> (referer: https://www.google.com/)
warning: urllib failed (HTTP Error 429: Too Many Requests), retrying via scrapling: translate.googleapis.com
[2026-08-25 07:43:46] INFO: Fetched (200) <GET https://translate.googleapis.com/translate_a/single?client=gtx&sl=auto&tl=en&dt=t&q=%E0%A4%97%E0%A4%A1%E0%A4%9A%E0%A4%BF%E0%A4%B0%E0%A5%8B%E0%A4%B2%E0%A5%80%2C+%E0%A4%97%E0%A5%8B%E0%A4%82%E0%A4%A6%E0%A4%BF%E0%A4%AF%E0%A4%BE+%E0%A4%86%E0%A4%A3%E0%A4%BF+%E0%A4%AD%E0%A4%82%E0%A4%A1%E0%A4%BE%E0%A4%B0%E0%A4%BE+%E0%A4%9C%E0%A4%BF%E0%A4%B2%E0%A5%8D%E0%A4%B9%E0%A5%8D%E0%A4%AF%E0%A4%BE%E0%A4%82%E0%A4%A8%E0%A4%BE+%E0%A4%AF%E0%A4%B2%E0%A5%8B+%E0%A4%85%E0%A4%B2%E0%A4%B0%E0%A5%8D%E0%A4%9F+%E0%A4%9C%E0%A4%BE%E0%A4%B0%E0%A5%80> (referer: https://www.google.com/)
warning: urllib failed (HTTP Error 429: Too Many Requests), retrying via scrapling: translate.googleapis.com
[2026-08-25 07:43:49] INFO: Fetched (200) <GET https://translate.googleapis.com/translate_a/single?client=gtx&sl=auto&tl=en&dt=t&q=%E0%A4%B6%E0%A4%BE%E0%A4%B8%E0%A4%95%E0%A5%80%E0%A4%AF+%E0%A4%AA%E0%A4%B0%E0%A4%BF%E0%A4%B5%E0%A4%B9%E0%A4%A8+%E0%A4%B8%E0%A5%87%E0%A4%B5%E0%A5%87%E0%A4%9A%E0%A5%8D%E0%A4%AF%E0%A4%BE+%E0%A4%B5%E0%A4%B0%E0%A4%B3%E0%A5%80+%E0%A4%95%E0%A4%BE%E0%A4%B0%E0%A5%8D%E0%A4%AF%E0%A4%BE%E0%A4%B2%E0%A4%AF%E0%A4%BE%E0%A4%B8+%E0%A4%B0%E0%A4%BE%E0%A4%9C%E0%A4%B6%E0%A4%BF%E0%A4%B7%E0%A5%8D%E0%A4%9F%E0%A4%BE%E0%A4%9A%E0%A4%BE%E0%A4%B0+%E0%A4%AE%E0%A4%82%E0%A4%A4%E0%A5%8D%E0%A4%B0%E0%A5%80+%E0%A4%9C%E0%A4%AF%E0%A4%95%E0%A5%81%E0%A4%AE%E0%A4%BE%E0%A4%B0+%E0%A4%B0%E0%A4%BE%E0%A4%B5%E0%A4%B2+%E0%A4%AF%E0%A4%BE%E0%A4%82%E0%A4%9A%E0%A5%80+%E0%A4%AD%E0%A5%87%E0%A4%9F> (referer: https://www.google.com/)
warning: urllib failed (HTTP Error 429: Too Many Requests), retrying via scrapling: translate.googleapis.com
[2026-08-25 07:43:52] INFO: Fetched (200) <GET https://translate.googleapis.com/translate_a/single?client=gtx&sl=auto&tl=en&dt=t&q=%E0%A4%AA%E0%A4%B0%E0%A5%8D%E0%A4%AF%E0%A4%BE%E0%A4%B5%E0%A4%B0%E0%A4%A3%E0%A4%AA%E0%A5%82%E0%A4%B0%E0%A4%95+%E0%A4%B8%E0%A5%8C%E0%A4%B0%E0%A4%8A%E0%A4%B0%E0%A5%8D%E0%A4%9C%E0%A5%87%E0%A4%B5%E0%A4%B0+%E0%A4%86%E0%A4%A7%E0%A4%BE%E0%A4%B0%E0%A4%BF%E0%A4%A4+%E0%A4%86%E0%A4%A7%E0%A5%81%E0%A4%A8%E0%A4%BF%E0%A4%95+%E0%A4%AA%E0%A5%8D%E0%A4%B0%E0%A4%B5%E0%A4%BE%E0%A4%B8%E0%A5%80+%E0%A4%AC%E0%A5%8B%E0%A4%9F%E0%A5%80%E0%A4%82%E0%A4%9A%E0%A5%8D%E0%A4%AF%E0%A4%BE+%E0%A4%B5%E0%A4%BE%E0%A4%AA%E0%A4%B0%E0%A4%BE%E0%A4%B2%E0%A4%BE+%E0%A4%9A%E0%A4%BE%E0%A4%B2%E0%A4%A8%E0%A4%BE+%E2%80%93+%E0%A4%AE%E0%A4%82%E0%A4%A4%E0%A5%8D%E0%A4%B0%E0%A5%80+%E0%A4%A8%E0%A4%BF%E0%A4%A4%E0%A5%87%E0%A4%B6+%E0%A4%B0%E0%A4%BE%E0%A4%A3%E0%A5%87> (referer: https://www.google.com/)
warning: urllib failed (HTTP Error 429: Too Many Requests), retrying via scrapling: translate.googleapis.com
[2026-08-25 07:43:54] INFO: Fetched (200) <GET https://translate.googleapis.com/translate_a/single?client=gtx&sl=auto&tl=en&dt=t&q=%E0%A4%AE%E0%A4%A4%E0%A5%8D%E0%A4%B8%E0%A5%8D%E0%A4%AF%E0%A4%B5%E0%A5%8D%E0%A4%AF%E0%A4%B5%E0%A4%B8%E0%A4%BE%E0%A4%AF+%E0%A4%B5%E0%A4%BF%E0%A4%AD%E0%A4%BE%E0%A4%97%E0%A4%BE%E0%A4%9A%E0%A5%8D%E0%A4%AF%E0%A4%BE+%E0%A4%AF%E0%A5%8B%E0%A4%9C%E0%A4%A8%E0%A4%BE%E0%A4%82%E0%A4%9A%E0%A4%BE+%E0%A4%B2%E0%A4%BE%E0%A4%AD+%E0%A4%85%E0%A4%A7%E0%A4%BF%E0%A4%95%E0%A4%BE%E0%A4%A7%E0%A4%BF%E0%A4%95+%E0%A4%B2%E0%A4%BE%E0%A4%AD%E0%A4%BE%E0%A4%B0%E0%A5%8D%E0%A4%A5%E0%A5%8D%E0%A4%AF%E0%A4%BE%E0%A4%82%E0%A4%AA%E0%A4%B0%E0%A5%8D%E0%A4%AF%E0%A4%82%E0%A4%A4+%E0%A4%AA%E0%A5%8B%E0%A4%B9%E0%A5%8B%E0%A4%9A%E0%A4%B5%E0%A4%BE+%E2%80%93+%E0%A4%AE%E0%A4%82%E0%A4%A4%E0%A5%8D%E0%A4%B0%E0%A5%80+%E0%A4%A8%E0%A4%BF%E0%A4%A4%E0%A5%87%E0%A4%B6+%E0%A4%B0%E0%A4%BE%E0%A4%A3%E0%A5%87> (referer: https://www.google.com/)
warning: urllib failed (HTTP Error 429: Too Many Requests), retrying via scrapling: translate.googleapis.com
[2026-08-25 07:43:56] INFO: Fetched (200) <GET https://translate.googleapis.com/translate_a/single?client=gtx&sl=auto&tl=en&dt=t&q=%E0%A4%95%E0%A4%BE%E0%A4%B0%E0%A4%BE%E0%A4%97%E0%A5%83%E0%A4%B9%E0%A4%BE%E0%A4%A4%E0%A5%80%E0%A4%B2+%E0%A4%AC%E0%A4%82%E0%A4%A6%E0%A5%8D%E0%A4%AF%E0%A4%BE%E0%A4%82%E0%A4%9A%E0%A5%8D%E0%A4%AF%E0%A4%BE+%E0%A4%AE%E0%A4%A8%E0%A4%AA%E0%A4%B0%E0%A4%BF%E0%A4%B5%E0%A4%B0%E0%A5%8D%E0%A4%A4%E0%A4%A8%E0%A4%BE%E0%A4%B8%E0%A4%BE%E0%A4%A0%E0%A5%80+%E0%A4%AE%E0%A5%81%E0%A4%B2%E0%A4%BE%E0%A4%96%E0%A4%A4+%E0%A4%95%E0%A4%95%E0%A5%8D%E0%A4%B7+%E0%A4%89%E0%A4%AA%E0%A4%AF%E0%A5%81%E0%A4%95%E0%A5%8D%E0%A4%A4+%E2%80%93+%E0%A4%AA%E0%A4%BE%E0%A4%B2%E0%A4%95%E0%A4%AE%E0%A4%82%E0%A4%A4%E0%A5%8D%E0%A4%B0%E0%A5%80+%E0%A4%9A%E0%A4%82%E0%A4%A6%E0%A5%8D%E0%A4%B0%E0%A4%95%E0%A4%BE%E0%A4%82%E0%A4%A4+%E0%A4%AA%E0%A4%BE%E0%A4%9F%E0%A5%80%E0%A4%B2> (referer: https://www.google.com/)
warning: urllib failed (HTTP Error 429: Too Many Requests), retrying via scrapling: translate.googleapis.com
[2026-08-25 07:43:57] INFO: Fetched (200) <GET https://translate.googleapis.com/translate_a/single?client=gtx&sl=auto&tl=en&dt=t&q=%E0%A4%AC%E0%A5%81%E0%A4%B0%E0%A5%81%E0%A4%A1+%E0%A4%B8%E0%A4%AE%E0%A4%BE%E0%A4%9C%E0%A4%BE%E0%A4%9A%E0%A5%8D%E0%A4%AF%E0%A4%BE+%E0%A4%AE%E0%A4%BE%E0%A4%97%E0%A4%A3%E0%A5%8D%E0%A4%AF%E0%A4%BE%E0%A4%82%E0%A4%AC%E0%A4%BE%E0%A4%AC%E0%A4%A4+%E0%A4%B6%E0%A4%BE%E0%A4%B8%E0%A4%A8+%E0%A4%B8%E0%A4%95%E0%A4%BE%E0%A4%B0%E0%A4%BE%E0%A4%A4%E0%A5%8D%E0%A4%AE%E0%A4%95+%E2%80%93+%E0%A4%AE%E0%A4%82%E0%A4%A4%E0%A5%8D%E0%A4%B0%E0%A5%80+%E0%A4%B8%E0%A4%82%E0%A4%9C%E0%A4%AF+%E0%A4%B6%E0%A4%BF%E0%A4%B0%E0%A4%B8%E0%A4%BE%E0%A4%9F> (referer: https://www.google.com/)
warning: urllib failed (HTTP Error 429: Too Many Requests), retrying via scrapling: translate.googleapis.com
[2026-08-25 07:43:59] INFO: Fetched (200) <GET https://translate.googleapis.com/translate_a/single?client=gtx&sl=auto&tl=en&dt=t&q=%E0%A4%B0%E0%A4%BE%E0%A4%9C%E0%A4%BE%E0%A4%AA%E0%A5%82%E0%A4%B0+%E0%A4%AC%E0%A4%82%E0%A4%A6%E0%A4%B0+%E0%A4%B5+%E0%A4%9C%E0%A4%B9%E0%A4%BE%E0%A4%9C+%E0%A4%AC%E0%A4%BE%E0%A4%82%E0%A4%A7%E0%A4%A3%E0%A5%80+%E0%A4%AA%E0%A5%8D%E0%A4%B0%E0%A4%95%E0%A4%B2%E0%A5%8D%E0%A4%AA%E0%A4%BE%E0%A4%9A%E0%A5%8D%E0%A4%AF%E0%A4%BE+%E0%A4%B5%E0%A4%BF%E0%A4%95%E0%A4%BE%E0%A4%B8%E0%A4%BE%E0%A4%B8%E0%A4%BE%E0%A4%A0%E0%A5%80+%E0%A4%B8%E0%A4%B9%E0%A4%95%E0%A4%BE%E0%A4%B0%E0%A5%8D%E0%A4%AF+%E0%A4%95%E0%A4%B0%E0%A4%BE+%E2%80%93+%E0%A4%AE%E0%A4%82%E0%A4%A4%E0%A5%8D%E0%A4%B0%E0%A5%80+%E0%A4%A8%E0%A4%BF%E0%A4%A4%E0%A5%87%E0%A4%B6+%E0%A4%B0%E0%A4%BE%E0%A4%A3%E0%A5%87> (referer: https://www.google.com/)
warning: urllib failed (HTTP Error 429: Too Many Requests), retrying via scrapling: translate.googleapis.com
[2026-08-25 07:44:00] INFO: Fetched (200) <GET https://translate.googleapis.com/translate_a/single?client=gtx&sl=auto&tl=en&dt=t&q=%E0%A4%AE%E0%A4%82%E0%A4%A4%E0%A5%8D%E0%A4%B0%E0%A4%BF%E0%A4%AE%E0%A4%82%E0%A4%A1%E0%A4%B3+%E0%A4%A8%E0%A4%BF%E0%A4%B0%E0%A5%8D%E0%A4%A3%E0%A4%AF> (referer: https://www.google.com/)
warning: urllib failed (HTTP Error 429: Too Many Requests), retrying via scrapling: translate.googleapis.com
[2026-08-25 07:44:01] INFO: Fetched (200) <GET https://translate.googleapis.com/translate_a/single?client=gtx&sl=auto&tl=en&dt=t&q=%E0%A4%AA%E0%A5%8D%E0%A4%B0%E0%A4%A7%E0%A4%BE%E0%A4%A8%E0%A4%AE%E0%A4%82%E0%A4%A4%E0%A5%8D%E0%A4%B0%E0%A5%80+%E0%A4%AE%E0%A4%BE%E0%A4%A4%E0%A5%83%E0%A4%B5%E0%A4%82%E0%A4%A6%E0%A4%A8%E0%A4%BE+%E0%A4%AF%E0%A5%8B%E0%A4%9C%E0%A4%A8%E0%A5%87%E0%A4%9A%E0%A4%BE+%E0%A5%A8+%E0%A4%B2%E0%A4%BE%E0%A4%96+%E0%A5%AA%E0%A5%AA+%E0%A4%B9%E0%A4%9C%E0%A4%BE%E0%A4%B0+%E0%A4%B2%E0%A4%BE%E0%A4%AD%E0%A4%BE%E0%A4%B0%E0%A5%8D%E0%A4%A5%E0%A5%8D%E0%A4%AF%E0%A4%BE%E0%A4%82%E0%A4%A8%E0%A4%BE+%E0%A4%B2%E0%A4%BE%E0%A4%AD> (referer: https://www.google.com/)
warning: urllib failed (HTTP Error 429: Too Many Requests), retrying via scrapling: translate.googleapis.com
[2026-08-25 07:44:03] INFO: Fetched (200) <GET https://translate.googleapis.com/translate_a/single?client=gtx&sl=auto&tl=en&dt=t&q=%E0%A4%AA%E0%A5%81.+%E0%A4%B2.+%E0%A4%A6%E0%A5%87%E0%A4%B6%E0%A4%AA%E0%A4%BE%E0%A4%82%E0%A4%A1%E0%A5%87+%E0%A4%AE%E0%A4%B9%E0%A4%BE%E0%A4%B0%E0%A4%BE%E0%A4%B7%E0%A5%8D%E0%A4%9F%E0%A5%8D%E0%A4%B0+%E0%A4%95%E0%A4%B2%E0%A4%BE+%E0%A4%85%E0%A4%95%E0%A4%BE%E0%A4%A6%E0%A4%AE%E0%A5%80%E0%A4%A4+%E0%A5%A8%E0%A5%AC+%E0%A4%91%E0%A4%97%E0%A4%B8%E0%A5%8D%E0%A4%9F%E0%A4%B2%E0%A4%BE+%E2%80%98%E0%A4%A6%E0%A5%83%E0%A4%95%E0%A4%B6%E0%A5%8D%E0%A4%B0%E0%A4%BE%E0%A4%B5%E0%A5%8D%E0%A4%AF+%E0%A4%AE%E0%A4%BE%E0%A4%A7%E0%A5%8D%E0%A4%AF%E0%A4%AE+%E0%A4%95%E0%A4%B0%E0%A4%BF%E0%A4%85%E0%A4%B0+%E0%A4%AE%E0%A5%87%E0%A4%B3%E0%A4%BE%E0%A4%B5%E0%A4%BE> (referer: https://www.google.com/)
warning: urllib failed (HTTP Error 429: Too Many Requests), retrying via scrapling: translate.googleapis.com
[2026-08-25 07:44:04] INFO: Fetched (200) <GET https://translate.googleapis.com/translate_a/single?client=gtx&sl=auto&tl=en&dt=t&q=%E0%A4%AD%E0%A4%BE%E0%A4%B0%E0%A4%A4%E0%A4%B0%E0%A4%A4%E0%A5%8D%E0%A4%A8+%E0%A4%A1%E0%A5%89.+%E0%A4%AC%E0%A4%BE%E0%A4%AC%E0%A4%BE%E0%A4%B8%E0%A4%BE%E0%A4%B9%E0%A5%87%E0%A4%AC+%E0%A4%86%E0%A4%82%E0%A4%AC%E0%A5%87%E0%A4%A1%E0%A4%95%E0%A4%B0+%E0%A4%AF%E0%A4%BE%E0%A4%82%E0%A4%9A%E0%A5%87+%E0%A4%86%E0%A4%82%E0%A4%A4%E0%A4%B0%E0%A4%B0%E0%A4%BE%E0%A4%B7%E0%A5%8D%E0%A4%9F%E0%A5%8D%E0%A4%B0%E0%A5%80%E0%A4%AF+%E0%A4%B8%E0%A5%8D%E0%A4%AE%E0%A4%BE%E0%A4%B0%E0%A4%95+%E0%A4%B5%E0%A5%87%E0%A4%B3%E0%A5%87%E0%A4%A4+%E0%A4%AA%E0%A5%82%E0%A4%B0%E0%A5%8D%E0%A4%A3+%E0%A4%95%E0%A4%B0%E0%A4%BE%E0%A4%B5%E0%A5%87+%E2%80%93+%E0%A4%AE%E0%A4%82%E0%A4%A4%E0%A5%8D%E0%A4%B0%E0%A5%80+%E0%A4%B8%E0%A4%82%E0%A4%9C%E0%A4%AF+%E0%A4%B6%E0%A4%BF%E0%A4%B0%E0%A4%B8%E0%A4%BE%E0%A4%9F> (referer: https://www.google.com/)
warning: urllib failed (HTTP Error 429: Too Many Requests), retrying via scrapling: translate.googleapis.com
[2026-08-25 07:44:06] INFO: Fetched (200) <GET https://translate.googleapis.com/translate_a/single?client=gtx&sl=auto&tl=en&dt=t&q=%E2%80%98%E0%A4%B5%E0%A5%89%E0%A4%95+%E0%A4%AB%E0%A5%89%E0%A4%B0+%E0%A4%B5%E0%A5%89%E0%A4%9F%E0%A4%B0%E2%80%99%E0%A4%AE%E0%A4%A7%E0%A5%82%E0%A4%A8+%E0%A4%AE%E0%A4%B9%E0%A4%BE%E0%A4%B0%E0%A4%BE%E0%A4%B7%E0%A5%8D%E0%A4%9F%E0%A5%8D%E0%A4%B0%E0%A4%BE%E0%A4%A4+%E0%A4%9C%E0%A4%B2%E0%A4%B8%E0%A4%82%E0%A4%A7%E0%A4%BE%E0%A4%B0%E0%A4%A3%E0%A4%BE%E0%A4%9A%E0%A5%80+%E0%A4%B2%E0%A5%8B%E0%A4%95%E0%A4%9A%E0%A4%B3%E0%A4%B5%E0%A4%B3+%E0%A4%85%E0%A4%A7%E0%A4%BF%E0%A4%95+%E0%A4%AC%E0%A4%B3%E0%A4%95%E0%A4%9F+%E2%80%93+%E0%A4%AE%E0%A4%82%E0%A4%A4%E0%A5%8D%E0%A4%B0%E0%A5%80+%E0%A4%B8%E0%A4%82%E0%A4%9C%E0%A4%AF+%E0%A4%B0%E0%A4%BE%E0%A4%A0%E0%A5%8B%E0%A4%A1> (referer: https://www.google.com/)
warning: urllib failed (HTTP Error 429: Too Many Requests), retrying via scrapling: translate.googleapis.com
[2026-08-25 07:44:07] INFO: Fetched (200) <GET https://translate.googleapis.com/translate_a/single?client=gtx&sl=auto&tl=en&dt=t&q=%E0%A4%AE%E0%A5%81%E0%A4%96%E0%A5%8D%E0%A4%AF%E0%A4%AE%E0%A4%82%E0%A4%A4%E0%A5%8D%E0%A4%B0%E0%A5%80+%E0%A4%A6%E0%A5%87%E0%A4%B5%E0%A5%87%E0%A4%82%E0%A4%A6%E0%A5%8D%E0%A4%B0+%E0%A4%AB%E0%A4%A1%E0%A4%A3%E0%A4%B5%E0%A5%80%E0%A4%B8+%E0%A4%AF%E0%A4%BE%E0%A4%82%E0%A4%9A%E0%A5%8D%E0%A4%AF%E0%A4%BE+%E0%A4%B9%E0%A4%B8%E0%A5%8D%E0%A4%A4%E0%A5%87+%E0%A5%AC%2C%E0%A5%A9%E0%A5%AC%2C%E0%A5%A6%E0%A5%A9%E0%A5%AC+%E0%A4%AA%E0%A4%BE%E0%A4%A4%E0%A5%8D%E0%A4%B0+%E0%A4%B6%E0%A5%87%E0%A4%A4%E0%A4%95%E0%A4%B1%E0%A5%8D%E0%A4%AF%E0%A4%BE%E0%A4%82%E0%A4%A8%E0%A4%BE+%E2%82%B9%E0%A5%AB%2C%E0%A5%A6%E0%A5%AE%E0%A5%AC+%E0%A4%95%E0%A5%8B%E0%A4%9F%E0%A5%80+%E0%A4%B5%E0%A4%BF%E0%A4%A4%E0%A4%B0%E0%A5%80%E0%A4%A4> (referer: https://www.google.com/)
warning: urllib failed (HTTP Error 429: Too Many Requests), retrying via scrapling: translate.googleapis.com
[2026-08-25 07:44:09] INFO: Fetched (200) <GET https://translate.googleapis.com/translate_a/single?client=gtx&sl=auto&tl=en&dt=t&q=%E2%80%98%E0%A4%AE%E0%A4%B9%E0%A4%BE+%E0%A4%88-%E0%A4%8F%E0%A4%9A%E0%A4%86%E0%A4%B0%E0%A4%8F%E0%A4%AE%E0%A4%8F%E0%A4%B8%E2%80%99+%E0%A4%AA%E0%A5%8D%E0%A4%B0%E0%A4%A3%E0%A4%BE%E0%A4%B2%E0%A5%80+%E0%A4%B9%E0%A5%80+%E0%A4%97%E0%A4%A4%E0%A4%BF%E0%A4%AE%E0%A4%BE%E0%A4%A8+%E0%A4%AA%E0%A5%8D%E0%A4%B0%E0%A4%B6%E0%A4%BE%E0%A4%B8%E0%A4%A8%E0%A4%BE%E0%A4%9A%E0%A4%BE+%E0%A4%9A%E0%A5%87%E0%A4%B9%E0%A4%B0%E0%A4%BE+%E0%A4%A0%E0%A4%B0%E0%A5%87%E0%A4%B2+%E2%80%93+%E0%A4%AE%E0%A5%81%E0%A4%96%E0%A5%8D%E0%A4%AF%E0%A4%AE%E0%A4%82%E0%A4%A4%E0%A5%8D%E0%A4%B0%E0%A5%80+%E0%A4%A6%E0%A5%87%E0%A4%B5%E0%A5%87%E0%A4%82%E0%A4%A6%E0%A5%8D%E0%A4%B0+%E0%A4%AB%E0%A4%A1%E0%A4%A3%E0%A4%B5%E0%A5%80%E0%A4%B8> (referer: https://www.google.com/)
warning: urllib failed (HTTP Error 429: Too Many Requests), retrying via scrapling: translate.googleapis.com
[2026-08-25 07:44:10] INFO: Fetched (200) <GET https://translate.googleapis.com/translate_a/single?client=gtx&sl=auto&tl=en&dt=t&q=%E0%A4%9C%E0%A4%BF%E0%A4%B2%E0%A5%8D%E0%A4%B9%E0%A4%BE+%E0%A4%B8%E0%A5%8D%E0%A4%A4%E0%A5%8D%E0%A4%B0%E0%A5%80+%E0%A4%B0%E0%A5%81%E0%A4%97%E0%A5%8D%E0%A4%A3%E0%A4%BE%E0%A4%B2%E0%A4%AF%E0%A4%BE%E0%A4%A4%E0%A5%80%E0%A4%B2+%E0%A4%A6%E0%A5%81%E0%A4%B0%E0%A5%8D%E0%A4%98%E0%A4%9F%E0%A4%A8%E0%A5%87%E0%A4%9A%E0%A5%8D%E0%A4%AF%E0%A4%BE+%E0%A4%9A%E0%A5%8C%E0%A4%95%E0%A4%B6%E0%A5%80%E0%A4%B8%E0%A4%BE%E0%A4%A0%E0%A5%80+%E0%A4%B8%E0%A4%BE%E0%A4%A4+%E0%A4%B8%E0%A4%A6%E0%A4%B8%E0%A5%8D%E0%A4%AF%E0%A5%80%E0%A4%AF+%E0%A4%B8%E0%A4%AE%E0%A4%BF%E0%A4%A4%E0%A5%80+%E0%A4%97%E0%A4%A0%E0%A5%80%E0%A4%A4+%E2%80%93+%E0%A4%AE%E0%A4%82%E0%A4%A4%E0%A5%8D%E0%A4%B0%E0%A5%80+%E0%A4%AA%E0%A5%8D%E0%A4%B0%E0%A4%95%E0%A4%BE%E0%A4%B6+%E0%A4%86%E0%A4%AC%E0%A4%BF%E0%A4%9F%E0%A4%95%E0%A4%B0> (referer: https://www.google.com/)
warning: urllib failed (HTTP Error 429: Too Many Requests), retrying via scrapling: translate.googleapis.com
[2026-08-25 07:44:12] INFO: Fetched (200) <GET https://translate.googleapis.com/translate_a/single?client=gtx&sl=auto&tl=en&dt=t&q=%E0%A4%9C%E0%A4%BF%E0%A4%B2%E0%A5%8D%E0%A4%B9%E0%A4%BE+%E0%A4%B5%E0%A4%BE%E0%A4%B0%E0%A5%8D%E0%A4%B7%E0%A4%BF%E0%A4%95+%E0%A4%AF%E0%A5%8B%E0%A4%9C%E0%A4%A8%E0%A4%BE%E0%A4%82%E0%A4%A4%E0%A4%B0%E0%A5%8D%E0%A4%97%E0%A4%A4+%E0%A5%AE%E0%A5%A8%E0%A5%A7+%E0%A4%95%E0%A5%8B%E0%A4%9F%E0%A5%80%E0%A4%82%E0%A4%9A%E0%A5%87+%E0%A4%A8%E0%A4%BF%E0%A4%AF%E0%A5%8B%E0%A4%9C%E0%A4%A8%3B+%E0%A4%AA%E0%A4%BE%E0%A4%B2%E0%A4%95%E0%A4%AE%E0%A4%82%E0%A4%A4%E0%A5%8D%E0%A4%B0%E0%A5%80+%E0%A4%B8%E0%A4%82%E0%A4%9C%E0%A4%AF+%E0%A4%B0%E0%A4%BE%E0%A4%A0%E0%A5%8B%E0%A4%A1+%E0%A4%AF%E0%A4%BE%E0%A4%82%E0%A4%A8%E0%A5%80+%E0%A4%98%E0%A5%87%E0%A4%A4%E0%A4%B2%E0%A4%BE+%E0%A4%86%E0%A4%A2%E0%A4%BE%E0%A4%B5%E0%A4%BE> (referer: https://www.google.com/)
warning: urllib failed (HTTP Error 429: Too Many Requests), retrying via scrapling: translate.googleapis.com
[2026-08-25 07:44:14] INFO: Fetched (200) <GET https://translate.googleapis.com/translate_a/single?client=gtx&sl=auto&tl=en&dt=t&q=%E0%A4%B6%E0%A4%82%E0%A4%AD%E0%A4%B0+%E0%A4%AB%E0%A5%81%E0%A4%9F%E0%A5%80+%E0%A4%A4%E0%A4%BF%E0%A4%B0%E0%A4%82%E0%A4%97%E0%A4%BE%2C+%E0%A4%AA%E0%A5%8D%E0%A4%B0%E0%A4%BE.+%E0%A4%B6%E0%A4%B0%E0%A4%A6+%E0%A4%AA%E0%A4%BE%E0%A4%9F%E0%A5%80%E0%A4%B2+%E0%A4%B8%E0%A5%8D%E0%A4%AE%E0%A5%83%E0%A4%A4%E0%A5%80+%E0%A4%89%E0%A4%A6%E0%A5%8D%E0%A4%AF%E0%A4%BE%E0%A4%A8%E0%A4%BE%E0%A4%9A%E0%A5%87+%E0%A4%AA%E0%A4%BE%E0%A4%B2%E0%A4%95%E0%A4%AE%E0%A4%82%E0%A4%A4%E0%A5%8D%E0%A4%B0%E0%A5%80+%E0%A4%9A%E0%A4%82%E0%A4%A6%E0%A5%8D%E0%A4%B0%E0%A4%95%E0%A4%BE%E0%A4%82%E0%A4%A4+%E0%A4%AA%E0%A4%BE%E0%A4%9F%E0%A5%80%E0%A4%B2+%E0%A4%AF%E0%A4%BE%E0%A4%82%E0%A4%9A%E0%A5%8D%E0%A4%AF%E0%A4%BE+%E0%A4%B9%E0%A4%B8%E0%A5%8D%E0%A4%A4%E0%A5%87+%E0%A4%AD%E0%A5%82%E0%A4%AE%E0%A4%BF%E0%A4%AA%E0%A5%82%E0%A4%9C%E0%A4%A8> (referer: https://www.google.com/)
warning: urllib failed (HTTP Error 429: Too Many Requests), retrying via scrapling: translate.googleapis.com
[2026-08-25 07:44:15] INFO: Fetched (200) <GET https://translate.googleapis.com/translate_a/single?client=gtx&sl=auto&tl=en&dt=t&q=%E0%A4%AA%E0%A4%BE%E0%A4%B2%E0%A4%95%E0%A4%AE%E0%A4%82%E0%A4%A4%E0%A5%8D%E0%A4%B0%E0%A5%80+%E0%A4%9A%E0%A4%82%E0%A4%A6%E0%A5%8D%E0%A4%B0%E0%A4%95%E0%A4%BE%E0%A4%82%E0%A4%A4+%E0%A4%AA%E0%A4%BE%E0%A4%9F%E0%A5%80%E0%A4%B2+%E0%A4%AF%E0%A4%BE%E0%A4%82%E0%A4%A8%E0%A5%80+%E0%A4%98%E0%A5%87%E0%A4%A4%E0%A4%B2%E0%A5%87+%E0%A4%95%E0%A5%87%E0%A4%B8%E0%A4%B0%E0%A5%87%E0%A4%95%E0%A4%B0+%E0%A4%A6%E0%A4%BE%E0%A4%AE%E0%A5%8D%E0%A4%AA%E0%A4%A4%E0%A5%8D%E0%A4%AF%E0%A4%BE%E0%A4%9A%E0%A5%8D%E0%A4%AF%E0%A4%BE+%E0%A4%AE%E0%A5%81%E0%A4%B2%E0%A4%BE%E0%A4%82%E0%A4%9A%E0%A5%87+%E0%A4%B6%E0%A5%88%E0%A4%95%E0%A5%8D%E0%A4%B7%E0%A4%A3%E0%A4%BF%E0%A4%95+%E0%A4%AA%E0%A4%BE%E0%A4%B2%E0%A4%95%E0%A4%A4%E0%A5%8D%E0%A4%B5> (referer: https://www.google.com/)
warning: urllib failed (HTTP Error 429: Too Many Requests), retrying via scrapling: translate.googleapis.com
[2026-08-25 07:44:30] INFO: Fetched (200) <GET https://translate.googleapis.com/translate_a/single?client=gtx&sl=auto&tl=en&dt=t&q=%E0%A4%A8%E0%A4%97%E0%A4%B0%E0%A4%AA%E0%A4%BE%E0%A4%B2%E0%A4%BF%E0%A4%95%E0%A4%BE+%E0%A4%86%E0%A4%AE+%E0%A4%9A%E0%A5%81%E0%A4%A8%E0%A4%BE%E0%A4%B5-2026+%E0%A4%95%E0%A5%80+%E0%A4%A4%E0%A5%88%E0%A4%AF%E0%A4%BE%E0%A4%B0%E0%A4%BF%E0%A4%AF%E0%A5%8B%E0%A4%82+%E0%A4%95%E0%A4%BE+%E0%A4%9C%E0%A4%BF%E0%A4%B2%E0%A4%BE+%E0%A4%A8%E0%A4%BF%E0%A4%B0%E0%A5%8D%E0%A4%B5%E0%A4%BE%E0%A4%9A%E0%A4%A8+%E0%A4%85%E0%A4%A7%E0%A4%BF%E0%A4%95%E0%A4%BE%E0%A4%B0%E0%A5%80+%E0%A4%A8%E0%A5%87+%E0%A4%B2%E0%A4%BF%E0%A4%AF%E0%A4%BE+%E0%A4%9C%E0%A4%BE%E0%A4%AF%E0%A4%9C%E0%A4%BE+%E0%A4%A8%E0%A4%BE%E0%A4%AE+%E0%A4%A8%E0%A4%BF%E0%A4%B0%E0%A5%8D%E0%A4%A6%E0%A5%87%E0%A4%B6%E0%A4%A8+%E0%A4%95%E0%A4%95%E0%A5%8D%E0%A4%B7%2C+%E0%A4%88%E0%A4%B5%E0%A5%80%E0%A4%8F%E0%A4%AE+%E0%A4%B8%E0%A4%82%E0%A4%97%E0%A5%8D%E0%A4%B0%E0%A4%B9%E0%A4%A3+%E0%A4%B8%E0%A5%8D%E0%A4%A5%E0%A4%B2+%E0%A4%8F%E0%A4%B5%E0%A4%82+%E0%A4%AE%E0%A4%A4%E0%A4%A6%E0%A4%BE%E0%A4%A8+%E0%A4%A6%E0%A4%B2%E0%A5%8B%E0%A4%82+%E0%A4%95%E0%A5%87+%E0%A4%AA%E0%A5%8D%E0%A4%B0%E0%A4%B6%E0%A4%BF%E0%A4%95%E0%A5%8D%E0%A4%B7%E0%A4%A3+%E0%A4%B8%E0%A5%8D%E0%A4%A5%E0%A4%B2+%E0%A4%95%E0%A4%BE+%E0%A4%95%E0%A4%BF%E0%A4%AF%E0%A4%BE+%E0%A4%A8%E0%A4%BF%E0%A4%B0%E0%A5%80%E0%A4%95%E0%A5%8D%E0%A4%B7%E0%A4%A3+%E0%A4%AE%E0%A4%A4%E0%A4%A6%E0%A4%BE%E0%A4%A8+%E0%A4%AA%E0%A5%8D%E0%A4%B0%E0%A4%95%E0%A5%8D%E0%A4%B0%E0%A4%BF%E0%A4%AF%E0%A4%BE+%E0%A4%95%E0%A5%8B+%E0%A4%B8%E0%A5%81%E0%A4%9A%E0%A4%BE%E0%A4%B0%E0%A5%82+%E0%A4%8F%E0%A4%B5%E0%A4%82+%E0%A4%A8%E0%A4%BF%E0%A4%B7%E0%A5%8D%E0%A4%AA%E0%A4%95> (referer: https://www.google.com/)
warning: urllib failed (HTTP Error 429: Too Many Requests), retrying via scrapling: translate.googleapis.com
[2026-08-25 07:44:32] INFO: Fetched (200) <GET https://translate.googleapis.com/translate_a/single?client=gtx&sl=auto&tl=en&dt=t&q=%E0%A4%B6%E0%A4%BE%E0%A4%B9%E0%A4%AA%E0%A5%81%E0%A4%B0%E0%A4%BE+%E0%A4%89%E0%A4%AA%E0%A4%96%E0%A4%A3%E0%A5%8D%E0%A4%A1+%E0%A4%95%E0%A5%8D%E0%A4%B7%E0%A5%87%E0%A4%A4%E0%A5%8D%E0%A4%B0+%E0%A4%AE%E0%A5%87%E0%A4%82+%E0%A4%A8%E0%A4%97%E0%A4%B0%E0%A5%80%E0%A4%AF+%E0%A4%A8%E0%A4%BF%E0%A4%95%E0%A4%BE%E0%A4%AF+%E0%A4%9A%E0%A5%81%E0%A4%A8%E0%A4%BE%E0%A4%B5+%E0%A4%95%E0%A5%80+%E0%A4%A4%E0%A5%88%E0%A4%AF%E0%A4%BE%E0%A4%B0%E0%A4%BF%E0%A4%AF%E0%A5%8B%E0%A4%82+%E0%A4%95%E0%A4%BE+%E0%A4%9C%E0%A4%BF%E0%A4%B2%E0%A4%BE+%E0%A4%95%E0%A4%B2%E0%A4%95%E0%A5%8D%E0%A4%9F%E0%A4%B0+%E0%A4%A8%E0%A5%87+%E0%A4%B2%E0%A4%BF%E0%A4%AF%E0%A4%BE+%E0%A4%9C%E0%A4%BE%E0%A4%AF%E0%A4%9C%E0%A4%BE+%E2%80%94+%E0%A4%AE%E0%A4%A4%E0%A4%A6%E0%A4%BE%E0%A4%A8+%E0%A4%95%E0%A5%87%E0%A4%A8%E0%A5%8D%E0%A4%A6%E0%A5%8D%E0%A4%B0%E0%A5%8B%E0%A4%82+%E0%A4%AA%E0%A4%B0+%E0%A4%86%E0%A4%B5%E0%A4%B6%E0%A5%8D%E0%A4%AF%E0%A4%95+%E0%A4%AE%E0%A5%82%E0%A4%B2%E0%A4%AD%E0%A5%82%E0%A4%A4+%E0%A4%B8%E0%A5%81%E0%A4%B5%E0%A4%BF%E0%A4%A7%E0%A4%BE%E0%A4%8F%E0%A4%82+%E0%A4%B8%E0%A5%81%E0%A4%A8%E0%A4%BF%E0%A4%B6%E0%A5%8D%E0%A4%9A%E0%A4%BF%E0%A4%A4+%E0%A4%95%E0%A4%B0%E0%A4%A8%E0%A5%87+%E0%A4%95%E0%A5%87+%E0%A4%A6%E0%A4%BF%E0%A4%8F+%E0%A4%A8%E0%A4%BF%E0%A4%B0%E0%A5%8D%E0%A4%A6%E0%A5%87%E0%A4%B6%2C+%E0%A4%B8%E0%A5%8D%E0%A4%9F%E0%A5%8D%E0%A4%B0%E0%A4%BE%E0%A4%82%E0%A4%97+%E0%A4%B0%E0%A5%82%E0%A4%AE+%E0%A4%8F%E0%A4%B5%E0%A4%82+%E0%A4%AE%E0%A4%A4%E0%A4%97%E0%A4%A3%E0%A4%A8%E0%A4%BE+%E0%A4%95%E0%A4%95%E0%A5%8D%E0%A4%B7+%E0%A4%95%E0%A4%BE+%E0%A4%A8%E0%A4%BF%E0%A4%B0%E0%A5%80%E0%A4%95%E0%A5%8D> (referer: https://www.google.com/)
warning: urllib failed (HTTP Error 429: Too Many Requests), retrying via scrapling: translate.googleapis.com
[2026-08-25 07:44:34] INFO: Fetched (200) <GET https://translate.googleapis.com/translate_a/single?client=gtx&sl=auto&tl=en&dt=t&q=%E0%A4%B2%E0%A4%BE%E0%A4%A1%E0%A5%8B+%E0%A4%AA%E0%A5%8D%E0%A4%B0%E0%A5%8B%E0%A4%A4%E0%A5%8D%E0%A4%B8%E0%A4%BE%E0%A4%B9%E0%A4%A8+%E0%A4%AF%E0%A5%8B%E0%A4%9C%E0%A4%A8%E0%A4%BE+%E0%A4%95%E0%A5%80+%E0%A4%B8%E0%A4%AE%E0%A5%80%E0%A4%95%E0%A5%8D%E0%A4%B7%E0%A4%BE%2C+%E0%A4%AA%E0%A4%BE%E0%A4%A4%E0%A5%8D%E0%A4%B0+%E0%A4%AC%E0%A4%BE%E0%A4%B2%E0%A4%BF%E0%A4%95%E0%A4%BE%E0%A4%93%E0%A4%82+%E0%A4%95%E0%A5%8B+%E0%A4%B8%E0%A4%AE%E0%A4%AF%E0%A4%AC%E0%A4%A6%E0%A5%8D%E0%A4%A7+%E0%A4%B2%E0%A4%BE%E0%A4%AD+%E0%A4%B8%E0%A5%81%E0%A4%A8%E0%A4%BF%E0%A4%B6%E0%A5%8D%E0%A4%9A%E0%A4%BF%E0%A4%A4+%E0%A4%95%E0%A4%B0%E0%A4%A8%E0%A5%87+%E0%A4%95%E0%A5%87+%E0%A4%A8%E0%A4%BF%E0%A4%B0%E0%A5%8D%E0%A4%A6%E0%A5%87%E0%A4%B6+%E2%80%94+%E0%A4%AF%E0%A5%8B%E0%A4%9C%E0%A4%A8%E0%A4%BE+%E0%A4%95%E0%A5%87+%E0%A4%AA%E0%A5%8D%E0%A4%B0%E0%A4%AD%E0%A4%BE%E0%A4%B5%E0%A5%80+%E0%A4%95%E0%A5%8D%E0%A4%B0%E0%A4%BF%E0%A4%AF%E0%A4%BE%E0%A4%A8%E0%A5%8D%E0%A4%B5%E0%A4%AF%E0%A4%A8+%E0%A4%AA%E0%A4%B0+%E0%A4%8F%E0%A4%B8%E0%A5%80%E0%A4%8F%E0%A4%B8+%E0%A4%A8%E0%A5%87+%E0%A4%A6%E0%A4%BF%E0%A4%8F+%E0%A4%86%E0%A4%B5%E0%A4%B6%E0%A5%8D%E0%A4%AF%E0%A4%95+%E0%A4%A8%E0%A4%BF%E0%A4%B0%E0%A5%8D%E0%A4%A6%E0%A5%87%E0%A4%B6+%E2%80%94%E0%A4%A4%E0%A4%95%E0%A4%A8%E0%A5%80%E0%A4%95%E0%A5%80+%E0%A4%AC%E0%A4%BE%E0%A4%A7%E0%A4%BE%E0%A4%8F%E0%A4%82+%E0%A4%A6%E0%A5%82%E0%A4%B0+%E0%A4%95%E0%A4%B0+%E0%A4%B8%E0%A4%AE%E0%A4%AF+%E0%A4%AA%E0%A4%B0+%E0%A4%A6%E0%A5%87%E0%A4%82+%E0%A4%AF%E0%A5%8B%E0%A4%9C%E0%A4%A8%E0%A4%BE+%E0%A4%95%E0%A4%BE+%E0%A4%B2%E0%A4%BE%E0%A4%AD+%E2%80%93+> (referer: https://www.google.com/)
warning: urllib failed (HTTP Error 429: Too Many Requests), retrying via scrapling: translate.googleapis.com
[2026-08-25 07:44:35] INFO: Fetched (200) <GET https://translate.googleapis.com/translate_a/single?client=gtx&sl=auto&tl=en&dt=t&q=%E0%A4%AA%E0%A5%80%E0%A4%8F%E0%A4%AE+%E0%A4%AB%E0%A4%B8%E0%A4%B2+%E0%A4%AC%E0%A5%80%E0%A4%AE%E0%A4%BE+%E0%A4%AF%E0%A5%8B%E0%A4%9C%E0%A4%A8%E0%A4%BE+%E0%A4%95%E0%A5%87+%E0%A4%AA%E0%A4%BE%E0%A4%B0%E0%A4%A6%E0%A4%B0%E0%A5%8D%E0%A4%B6%E0%A5%80+%E0%A4%95%E0%A5%8D%E0%A4%B0%E0%A4%BF%E0%A4%AF%E0%A4%BE%E0%A4%A8%E0%A5%8D%E0%A4%B5%E0%A4%AF%E0%A4%A8+%E0%A4%AA%E0%A4%B0+%E0%A4%95%E0%A5%83%E0%A4%B7%E0%A4%BF+%E0%A4%B5%E0%A4%BF%E0%A4%AD%E0%A4%BE%E0%A4%97+%E0%A4%97%E0%A4%82%E0%A4%AD%E0%A5%80%E0%A4%B0+%E2%80%94%E0%A4%95%E0%A5%83%E0%A4%B7%E0%A4%BF+%E0%A4%86%E0%A4%AF%E0%A5%81%E0%A4%95%E0%A5%8D%E0%A4%A4+%E0%A4%A8%E0%A5%87+%E0%A4%85%E0%A4%A7%E0%A4%BF%E0%A4%95%E0%A4%BE%E0%A4%B0%E0%A4%BF%E0%A4%AF%E0%A5%8B%E0%A4%82+%E0%A4%95%E0%A5%8B+%E0%A4%A6%E0%A4%BF%E0%A4%8F+%E0%A4%A8%E0%A4%BF%E0%A4%B0%E0%A5%8D%E0%A4%A6%E0%A5%87%E0%A4%B6%2C+%E0%A4%AB%E0%A4%B0%E0%A5%8D%E0%A4%9C%E0%A5%80%E0%A4%B5%E0%A4%BE%E0%A4%A1%E0%A4%BC%E0%A5%87+%E0%A4%AA%E0%A4%B0+%E0%A4%B9%E0%A5%8B%E0%A4%97%E0%A5%80+%E0%A4%95%E0%A4%A0%E0%A5%8B%E0%A4%B0+%E0%A4%95%E0%A4%BE%E0%A4%B0%E0%A5%8D%E0%A4%B0%E0%A4%B5%E0%A4%BE%E0%A4%88> (referer: https://www.google.com/)
warning: urllib failed (HTTP Error 429: Too Many Requests), retrying via scrapling: translate.googleapis.com
[2026-08-25 07:44:36] INFO: Fetched (200) <GET https://translate.googleapis.com/translate_a/single?client=gtx&sl=auto&tl=en&dt=t&q=%E0%A4%95%E0%A5%83%E0%A4%B7%E0%A4%BF+%E0%A4%86%E0%A4%AF%E0%A5%81%E0%A4%95%E0%A5%8D%E0%A4%A4+%E0%A4%A8%E0%A5%87+%E0%A4%AB%E0%A5%8D%E0%A4%B0%E0%A5%87%E0%A4%AE%E0%A4%B5%E0%A4%B0%E0%A5%8D%E0%A4%95+%E0%A4%AB%E0%A5%89%E0%A4%B0+%E0%A4%AB%E0%A4%B0%E0%A5%8D%E0%A4%9F%E0%A4%BF%E0%A4%B2%E0%A4%BE%E0%A4%87%E0%A4%9C%E0%A4%B0+%E0%A4%B8%E0%A5%87%E0%A4%B2+%E0%A4%B8%E0%A5%87+%E0%A4%B8%E0%A4%AE%E0%A5%8D%E0%A4%AC%E0%A4%82%E0%A4%A7%E0%A4%BF%E0%A4%A4+%E0%A4%B8%E0%A4%AD%E0%A5%80+%E0%A4%9C%E0%A4%BF%E0%A4%B2%E0%A5%8B%E0%A4%82+%E0%A4%95%E0%A5%80+%E0%A4%A4%E0%A5%88%E0%A4%AF%E0%A4%BE%E0%A4%B0%E0%A4%BF%E0%A4%AF%E0%A5%8B%E0%A4%82+%E0%A4%95%E0%A5%80+%E0%A4%B8%E0%A4%AE%E0%A5%80%E0%A4%95%E0%A5%8D%E0%A4%B7%E0%A4%BE+%E0%A4%95%E0%A4%B0+%E0%A4%A6%E0%A4%BF%E0%A4%8F+%E0%A4%A8%E0%A4%BF%E0%A4%B0%E0%A5%8D%E0%A4%A6%E0%A5%87%E0%A4%B6+%E0%A4%AE%E0%A4%82%E0%A4%97%E0%A4%B2%E0%A4%B5%E0%A4%BE%E0%A4%B0+%E0%A4%B8%E0%A5%87+5+%E0%A4%9C%E0%A4%BF%E0%A4%B2%E0%A5%8B%E0%A4%82+%E0%A4%AE%E0%A5%87%E0%A4%82+%E0%A4%B2%E0%A4%BE%E0%A4%97%E0%A5%82+%E0%A4%B9%E0%A5%8B%E0%A4%97%E0%A5%80+%E0%A4%A8%E0%A4%88+%E0%A4%B5%E0%A5%8D%E0%A4%AF%E0%A4%B5%E0%A4%B8%E0%A5%8D%E0%A4%A5%E0%A4%BE%2C+12+%E0%A4%85%E0%A4%A8%E0%A5%8D%E0%A4%AF+%E0%A4%9C%E0%A4%BF%E0%A4%B2%E0%A5%8B%E0%A4%82+%E0%A4%AE%E0%A5%87%E0%A4%82+%E0%A4%AD%E0%A5%80+%E0%A4%9C%E0%A4%B2%E0%A5%8D%E0%A4%A6+%E0%A4%B5%E0%A4%BF%E0%A4%B8%E0%A5%8D%E0%A4%A4%E0%A4%BE%E0%A4%B0> (referer: https://www.google.com/)
warning: urllib failed (HTTP Error 429: Too Many Requests), retrying via scrapling: translate.googleapis.com
[2026-08-25 07:44:37] INFO: Fetched (200) <GET https://translate.googleapis.com/translate_a/single?client=gtx&sl=auto&tl=en&dt=t&q=%E0%A4%A8%E0%A4%97%E0%A4%B0%E0%A5%80%E0%A4%AF+%E0%A4%A8%E0%A4%BF%E0%A4%95%E0%A4%BE%E0%A4%AF+%E0%A4%86%E0%A4%AE+%E0%A4%9A%E0%A5%81%E0%A4%A8%E0%A4%BE%E0%A4%B5-+2026+%E0%A4%88%E0%A4%B5%E0%A5%80%E0%A4%8F%E0%A4%AE+%E0%A4%AE%E0%A4%B6%E0%A5%80%E0%A4%A8%E0%A5%8B%E0%A4%82+%E0%A4%95%E0%A5%87+%E0%A4%AA%E0%A5%8D%E0%A4%B0%E0%A4%A5%E0%A4%AE+%E0%A4%B0%E0%A5%87%E0%A4%A3%E0%A5%8D%E0%A4%A1%E0%A4%AE%E0%A4%BE%E0%A4%88%E0%A4%9C%E0%A5%87%E0%A4%B6%E0%A4%A8+%E0%A4%AE%E0%A4%82%E0%A4%97%E0%A4%B2%E0%A4%B5%E0%A4%BE%E0%A4%B0+%E0%A4%95%E0%A5%8B> (referer: https://www.google.com/)
warning: urllib failed (HTTP Error 429: Too Many Requests), retrying via scrapling: translate.googleapis.com
[2026-08-25 07:44:39] INFO: Fetched (200) <GET https://translate.googleapis.com/translate_a/single?client=gtx&sl=auto&tl=en&dt=t&q=%E0%A4%AB%E0%A4%BE%E0%A4%B0%E0%A5%8D%E0%A4%AE+%E0%A4%AA%E0%A5%8C%E0%A4%A3%E0%A5%8D%E0%A4%A1+%E0%A4%AE%E0%A5%87%E0%A4%82+%E0%A4%A6%E0%A5%81%E0%A4%B0%E0%A5%8D%E0%A4%98%E0%A4%9F%E0%A4%A8%E0%A4%BE%E0%A4%93%E0%A4%82+%E0%A4%95%E0%A5%80+%E0%A4%B0%E0%A5%8B%E0%A4%95%E0%A4%A5%E0%A4%BE%E0%A4%AE+%E0%A4%95%E0%A5%87+%E0%A4%B2%E0%A4%BF%E0%A4%8F+%E0%A4%B8%E0%A5%81%E0%A4%B0%E0%A4%95%E0%A5%8D%E0%A4%B7%E0%A4%BE+%E0%A4%89%E0%A4%AA%E0%A4%BE%E0%A4%AF+%E0%A4%85%E0%A4%AA%E0%A4%A8%E0%A4%BE%E0%A4%A8%E0%A4%BE+%E0%A4%86%E0%A4%B5%E0%A4%B6%E0%A5%8D%E0%A4%AF%E0%A4%95+%E0%A4%9C%E0%A4%B2+%E0%A4%B8%E0%A4%82%E0%A4%B0%E0%A4%95%E0%A5%8D%E0%A4%B7%E0%A4%A3+%E0%A4%95%E0%A5%87+%E0%A4%B8%E0%A4%BE%E0%A4%A5-%E0%A4%B8%E0%A4%BE%E0%A4%A5+%E0%A4%9C%E0%A5%80%E0%A4%B5%E0%A4%A8+%E0%A4%95%E0%A5%80+%E0%A4%B8%E0%A5%81%E0%A4%B0%E0%A4%95%E0%A5%8D%E0%A4%B7%E0%A4%BE+%E0%A4%AD%E0%A5%80+%E0%A4%B9%E0%A5%88+%E0%A4%B8%E0%A4%BE%E0%A4%AE%E0%A5%82%E0%A4%B9%E0%A4%BF%E0%A4%95+%E0%A4%9C%E0%A4%BF%E0%A4%AE%E0%A5%8D%E0%A4%AE%E0%A5%87%E0%A4%A6%E0%A4%BE%E0%A4%B0%E0%A5%80> (referer: https://www.google.com/)
warning: urllib failed (HTTP Error 429: Too Many Requests), retrying via scrapling: translate.googleapis.com
[2026-08-25 07:44:41] INFO: Fetched (200) <GET https://translate.googleapis.com/translate_a/single?client=gtx&sl=auto&tl=en&dt=t&q=%E0%A4%A8%E0%A4%97%E0%A4%B0%E0%A5%80%E0%A4%AF+%E0%A4%A8%E0%A4%BF%E0%A4%95%E0%A4%BE%E0%A4%AF+%E0%A4%86%E0%A4%AE+%E0%A4%9A%E0%A5%81%E0%A4%A8%E0%A4%BE%E0%A4%B5-+2026+%E0%A4%B0%E0%A4%BF%E0%A4%9F%E0%A4%B0%E0%A5%8D%E0%A4%A8%E0%A4%BF%E0%A4%82%E0%A4%97+%E0%A4%8F%E0%A4%B5%E0%A4%82+%E0%A4%B8%E0%A4%B9%E0%A4%BE%E0%A4%AF%E0%A4%95+%E0%A4%B0%E0%A4%BF%E0%A4%9F%E0%A4%B0%E0%A5%8D%E0%A4%A8%E0%A4%BF%E0%A4%82%E0%A4%97+%E0%A4%85%E0%A4%A7%E0%A4%BF%E0%A4%95%E0%A4%BE%E0%A4%B0%E0%A5%80+%E0%A4%A8%E0%A4%BF%E0%A4%AF%E0%A5%81%E0%A4%95%E0%A5%8D%E0%A4%A4> (referer: https://www.google.com/)
warning: urllib failed (HTTP Error 429: Too Many Requests), retrying via scrapling: translate.googleapis.com
[2026-08-25 07:44:43] INFO: Fetched (200) <GET https://translate.googleapis.com/translate_a/single?client=gtx&sl=auto&tl=en&dt=t&q=%E0%A4%AA%E0%A5%8D%E0%A4%B0%E0%A4%AE%E0%A5%81%E0%A4%96+%E0%A4%B6%E0%A4%BE%E0%A4%B8%E0%A4%A8+%E0%A4%B8%E0%A4%9A%E0%A4%BF%E0%A4%B5+%E0%A4%9A%E0%A4%BF%E0%A4%95%E0%A4%BF%E0%A4%A4%E0%A5%8D%E0%A4%B8%E0%A4%BE+%E0%A4%8F%E0%A4%B5%E0%A4%82+%E0%A4%B8%E0%A5%8D%E0%A4%B5%E0%A4%BE%E0%A4%B8%E0%A5%8D%E0%A4%A5%E0%A5%8D%E0%A4%AF+%E0%A4%94%E0%A4%B0+%E0%A4%A1%E0%A4%AC%E0%A4%B2%E0%A5%8D%E0%A4%AF%E0%A5%82%E0%A4%8F%E0%A4%9A%E0%A4%93+%E0%A4%87%E0%A4%82%E0%A4%A1%E0%A4%BF%E0%A4%AF%E0%A4%BE+%E0%A4%95%E0%A4%82%E0%A4%9F%E0%A5%8D%E0%A4%B0%E0%A5%80+%E0%A4%B9%E0%A5%87%E0%A4%A1+%E0%A4%A8%E0%A5%87+%E0%A4%B0%E0%A4%BE%E0%A4%9C%E0%A4%B8%E0%A5%8D%E0%A4%A5%E0%A4%BE%E0%A4%A8+%E0%A4%95%E0%A5%80+%E0%A4%B8%E0%A5%8D%E0%A4%B5%E0%A4%BE%E0%A4%B8%E0%A5%8D%E0%A4%A5%E0%A5%8D%E0%A4%AF+%E0%A4%B8%E0%A5%87%E0%A4%B5%E0%A4%BE%E0%A4%93%E0%A4%82+%E0%A4%AA%E0%A4%B0+%E0%A4%95%E0%A5%80+%E0%A4%9A%E0%A4%B0%E0%A5%8D%E0%A4%9A%E0%A4%BE+%E2%80%94%E0%A4%A1%E0%A4%AC%E0%A4%B2%E0%A5%8D%E0%A4%AF%E0%A5%82%E0%A4%8F%E0%A4%9A%E0%A4%93+%E0%A4%87%E0%A4%82%E0%A4%A1%E0%A4%BF%E0%A4%AF%E0%A4%BE+%E0%A4%95%E0%A4%82%E0%A4%9F%E0%A5%8D%E0%A4%B0%E0%A5%80+%E0%A4%B9%E0%A5%87%E0%A4%A1+%E0%A4%A8%E0%A5%87+%E0%A4%AA%E0%A5%8D%E0%A4%B0%E0%A4%A6%E0%A5%87%E0%A4%B6+%E0%A4%95%E0%A5%80+%E0%A4%B8%E0%A5%8D%E0%A4%B5%E0%A4%BE%E0%A4%B8%E0%A5%8D%E0%A4%A5%E0%A5%8D%E0%A4%AF+%E0%A4%B5%E0%A5%8D%E0%A4%AF%E0%A4%B5%E0%A4%B8%E0%A5%8D%E0%A4%A5%E0%A4%BE%E0%A4%93%E0%A4%82+%E0%A4%95%E0%A4%BE+%E0%A4%B2%E0%A4%BF%E0%A4%AF%E0%A4%BE+%E0%A4%9C%E0%A4%BE%E0%A4%AF%E0%A4%9C%E0%A4%BE+%E2%80%94%E0%A4%AE%E0%A4%BE+%E0%A4%AF%E0%A5%8B%E0%A4%9C%E0%A4%A8> (referer: https://www.google.com/)
warning: urllib failed (HTTP Error 429: Too Many Requests), retrying via scrapling: translate.googleapis.com
[2026-08-25 07:44:44] INFO: Fetched (200) <GET https://translate.googleapis.com/translate_a/single?client=gtx&sl=auto&tl=en&dt=t&q=%E0%A4%B6%E0%A5%81%E0%A4%A6%E0%A5%8D%E0%A4%A7+%E0%A4%86%E0%A4%B9%E0%A4%BE%E0%A4%B0%E2%80%93%E0%A4%AE%E0%A4%BF%E0%A4%B2%E0%A4%BE%E0%A4%B5%E0%A4%9F+%E0%A4%AA%E0%A4%B0+%E0%A4%B5%E0%A4%BE%E0%A4%B0+%E0%A4%85%E0%A4%AD%E0%A4%BF%E0%A4%AF%E0%A4%BE%E0%A4%A8%E2%80%94+%E0%A4%AA%E0%A5%8D%E0%A4%B0%E0%A4%A6%E0%A5%87%E0%A4%B6%E0%A4%AD%E0%A4%B0+%E0%A4%AE%E0%A5%87%E0%A4%82+60+%E0%A4%AA%E0%A5%8D%E0%A4%B0%E0%A4%A4%E0%A4%BF%E0%A4%B7%E0%A5%8D%E0%A4%A0%E0%A4%BE%E0%A4%A8%E0%A5%8B%E0%A4%82+%E0%A4%95%E0%A4%BE+%E0%A4%A8%E0%A4%BF%E0%A4%B0%E0%A5%80%E0%A4%95%E0%A5%8D%E0%A4%B7%E0%A4%A3%2C+94+%E0%A4%A8%E0%A4%AE%E0%A5%82%E0%A4%A8%E0%A5%87+%E0%A4%B2%E0%A4%BF%E0%A4%8F+%E2%80%94429+%E0%A4%95%E0%A4%BF%E0%A4%B2%E0%A5%8B+%E0%A4%A6%E0%A5%82%E0%A4%B7%E0%A4%BF%E0%A4%A4+%E0%A4%96%E0%A4%BE%E0%A4%A6%E0%A5%8D%E0%A4%AF+%E0%A4%B8%E0%A4%BE%E0%A4%AE%E0%A4%97%E0%A5%8D%E0%A4%B0%E0%A5%80+%E0%A4%95%E0%A5%8B+%E0%A4%A8%E0%A4%B7%E0%A5%8D%E0%A4%9F+%E0%A4%95%E0%A4%BF%E0%A4%AF%E0%A4%BE+%E2%80%94%E0%A4%96%E0%A5%88%E0%A4%B0%E0%A4%A5%E0%A4%B2-%E0%A4%A4%E0%A4%BF%E0%A4%9C%E0%A4%BE%E0%A4%B0%E0%A4%BE+%E0%A4%AE%E0%A5%87%E0%A4%82+300+%E0%A4%95%E0%A4%BF%E0%A4%B2%E0%A5%8B+%E0%A4%AE%E0%A4%BF%E0%A4%B2%E0%A5%8D%E0%A4%95+%E0%A4%AA%E0%A5%8D%E0%A4%B0%E0%A5%8B%E0%A4%A1%E0%A4%95%E0%A5%8D%E0%A4%9F+%E0%A4%9C%E0%A4%AC%E0%A5%8D%E0%A4%A4> (referer: https://www.google.com/)
warning: urllib failed (HTTP Error 429: Too Many Requests), retrying via scrapling: translate.googleapis.com
[2026-08-25 07:44:45] INFO: Fetched (200) <GET https://translate.googleapis.com/translate_a/single?client=gtx&sl=auto&tl=en&dt=t&q=%E0%A4%A6%E0%A4%B5%E0%A4%BE+%E0%A4%B5%E0%A4%BF%E0%A4%95%E0%A5%8D%E0%A4%B0%E0%A5%87%E0%A4%A4%E0%A4%BE%E0%A4%93%E0%A4%82+%E0%A4%95%E0%A5%87+%E0%A4%B5%E0%A4%BF%E0%A4%B0%E0%A5%81%E0%A4%A6%E0%A5%8D%E0%A4%A7+%E0%A4%B8%E0%A4%98%E0%A4%A8+%E0%A4%95%E0%A4%BE%E0%A4%B0%E0%A5%8D%E0%A4%B0%E0%A4%B5%E0%A4%BE%E0%A4%88%E2%80%94+%E0%A4%8F%E0%A4%95+%E0%A4%B2%E0%A4%BE%E0%A4%87%E0%A4%B8%E0%A5%87%E0%A4%82%E0%A4%B8+%E0%A4%A8%E0%A4%BF%E0%A4%B0%E0%A4%B8%E0%A5%8D%E0%A4%A4%2C+%E0%A4%9A%E0%A4%BE%E0%A4%B0+%E0%A4%A8%E0%A4%BF%E0%A4%B2%E0%A4%82%E0%A4%AC%E0%A4%BF%E0%A4%A4> (referer: https://www.google.com/)
warning: urllib failed (HTTP Error 429: Too Many Requests), retrying via scrapling: translate.googleapis.com
[2026-08-25 07:44:47] INFO: Fetched (200) <GET https://translate.googleapis.com/translate_a/single?client=gtx&sl=auto&tl=en&dt=t&q=%E0%A4%95%E0%A4%BF%E0%A4%B8%E0%A4%BE%E0%A4%A8%E0%A5%8B%E0%A4%82+%E0%A4%95%E0%A5%8B+%E0%A4%96%E0%A4%BE%E0%A4%A6+%E0%A4%95%E0%A5%87+%E0%A4%B2%E0%A4%BF%E0%A4%8F+%E0%A4%A8%E0%A4%B9%E0%A5%80%E0%A4%82+%E0%A4%B2%E0%A4%97%E0%A4%BE%E0%A4%A8%E0%A5%80+%E0%A4%AA%E0%A4%A1%E0%A4%BC%E0%A5%87%E0%A4%97%E0%A5%80+%E0%A4%B2%E0%A4%82%E0%A4%AC%E0%A5%80+%E0%A4%95%E0%A4%A4%E0%A4%BE%E0%A4%B0%E0%A5%87%E0%A4%82+25+%E0%A4%85%E0%A4%97%E0%A4%B8%E0%A5%8D%E0%A4%A4+%E0%A4%B8%E0%A5%87+FFS+%E0%A4%90%E0%A4%AA+%E0%A4%95%E0%A5%87+%E0%A4%AE%E0%A4%BE%E0%A4%A7%E0%A5%8D%E0%A4%AF%E0%A4%AE+%E0%A4%B8%E0%A5%87+%E0%A4%98%E0%A4%B0+%E0%A4%AC%E0%A5%88%E0%A4%A0%E0%A5%87+%E0%A4%B9%E0%A5%8B%E0%A4%97%E0%A5%80+%E0%A4%89%E0%A4%B0%E0%A5%8D%E0%A4%B5%E0%A4%B0%E0%A4%95+%E0%A4%95%E0%A5%80+%E0%A4%91%E0%A4%A8%E0%A4%B2%E0%A4%BE%E0%A4%87%E0%A4%A8+%E0%A4%AC%E0%A5%81%E0%A4%95%E0%A4%BF%E0%A4%82%E0%A4%97> (referer: https://www.google.com/)
warning: urllib failed (HTTP Error 429: Too Many Requests), retrying via scrapling: translate.googleapis.com
[2026-08-25 07:44:48] INFO: Fetched (200) <GET https://translate.googleapis.com/translate_a/single?client=gtx&sl=auto&tl=en&dt=t&q=%E0%A4%AC%E0%A4%BE%E0%A4%B0%E0%A4%BF%E0%A4%B6+%E0%A4%95%E0%A5%87+%E0%A4%A6%E0%A5%8C%E0%A4%B0%E0%A4%BE%E0%A4%A8+%E0%A4%AC%E0%A5%9D+%E0%A4%9C%E0%A4%BE%E0%A4%A4%E0%A5%80+%E0%A4%B9%E0%A5%88%E0%A4%82+%E0%A4%B8%E0%A4%B0%E0%A5%8D%E0%A4%AA%E0%A4%A6%E0%A4%82%E0%A4%B6+%E0%A4%95%E0%A5%80+%E0%A4%98%E0%A4%9F%E0%A4%A8%E0%A4%BE%E0%A4%8F%E0%A4%82+%E0%A4%B8%E0%A4%B0%E0%A5%8D%E0%A4%AA%E0%A4%A6%E0%A4%82%E0%A4%B6+%E0%A4%AA%E0%A4%B0+%E0%A4%9D%E0%A4%BE%E0%A5%9C-%E0%A4%AB%E0%A5%82%E0%A4%82%E0%A4%95+%E0%A4%AE%E0%A5%87%E0%A4%82+%E0%A4%B8%E0%A4%AE%E0%A4%AF+%E0%A4%A8+%E0%A4%97%E0%A4%82%E0%A4%B5%E0%A4%BE%E0%A4%8F%E0%A4%82%2C+%E0%A4%A4%E0%A5%81%E0%A4%B0%E0%A4%82%E0%A4%A4+%E0%A4%85%E0%A4%B8%E0%A5%8D%E0%A4%AA%E0%A4%A4%E0%A4%BE%E0%A4%B2+%E0%A4%AA%E0%A4%B9%E0%A5%81%E0%A4%82%E0%A4%9A%E0%A5%87%E0%A4%82> (referer: https://www.google.com/)
warning: urllib failed (HTTP Error 429: Too Many Requests), retrying via scrapling: translate.googleapis.com
[2026-08-25 07:44:50] INFO: Fetched (200) <GET https://translate.googleapis.com/translate_a/single?client=gtx&sl=auto&tl=en&dt=t&q=%E0%A4%B6%E0%A4%B9%E0%A4%B0+%E0%A4%95%E0%A5%80+%E0%A4%B8%E0%A4%AB%E0%A4%BE%E0%A4%88+%E0%A4%B5%E0%A5%8D%E0%A4%AF%E0%A4%B5%E0%A4%B8%E0%A5%8D%E0%A4%A5%E0%A4%BE+%E0%A4%95%E0%A5%8B+%E0%A4%B2%E0%A5%87%E0%A4%95%E0%A4%B0+%E0%A4%86%E0%A4%AF%E0%A5%81%E0%A4%95%E0%A5%8D%E0%A4%A4+%E0%A4%B8%E0%A4%96%E0%A5%8D%E0%A4%A4%2C+%E0%A4%96%E0%A4%BE%E0%A4%B2%E0%A5%80+%E0%A4%AD%E0%A5%82%E0%A4%96%E0%A4%82%E0%A4%A1%E0%A5%8B%E0%A4%82+%E0%A4%AE%E0%A5%87%E0%A4%82+%E0%A4%95%E0%A4%9A%E0%A4%B0%E0%A4%BE+%E0%A4%AE%E0%A4%BF%E0%A4%B2%E0%A4%A8%E0%A5%87+%E0%A4%AA%E0%A4%B0+%E0%A4%9C%E0%A4%A4%E0%A4%BE%E0%A4%88+%E0%A4%A8%E0%A4%BE%E0%A4%B0%E0%A4%BE%E0%A4%9C%E0%A4%97%E0%A5%80> (referer: https://www.google.com/)
warning: urllib failed (HTTP Error 429: Too Many Requests), retrying via scrapling: translate.googleapis.com
[2026-08-25 07:44:51] INFO: Fetched (200) <GET https://translate.googleapis.com/translate_a/single?client=gtx&sl=auto&tl=en&dt=t&q=%E0%A4%B8%E0%A4%B0%E0%A4%B8%E0%A5%8B%E0%A4%82+%E0%A4%95%E0%A5%80+%E0%A4%A4%E0%A5%82%E0%A5%9C%E0%A5%80+%E0%A4%B8%E0%A5%87+%E0%A4%AC%E0%A4%A6%E0%A4%B2%E0%A5%87%E0%A4%97%E0%A5%80+%E0%A4%B5%E0%A4%BF%E0%A4%A6%E0%A5%8D%E0%A4%AF%E0%A4%BE%E0%A4%B2%E0%A4%AF+%E0%A4%A4%E0%A4%B8%E0%A5%8D%E0%A4%B5%E0%A5%80%E0%A4%B0+%E0%A4%B8%E0%A4%B0%E0%A4%B8%E0%A5%8B%E0%A4%82+%E0%A4%95%E0%A5%80+%E0%A4%A4%E0%A5%82%E0%A5%9C%E0%A5%80+%E0%A4%A8%E0%A5%80%E0%A4%B2%E0%A4%BE%E0%A4%AE%E0%A5%80+%E0%A4%B8%E0%A5%87+%E0%A4%B2%E0%A5%8B%E0%A4%B0%E0%A4%B5%E0%A4%BE%E0%A4%A1%E0%A4%BE+%E0%A4%97%E0%A5%8D%E0%A4%B0%E0%A4%BE%E0%A4%AE%E0%A4%B5%E0%A4%BE%E0%A4%B8%E0%A4%BF%E0%A4%AF%E0%A5%8B%E0%A4%82+%E0%A4%A8%E0%A5%87+%E0%A4%9C%E0%A5%81%E0%A4%9F%E0%A4%BE%E0%A4%AF%E0%A5%87+11+%E0%A4%B2%E0%A4%BE%E0%A4%96%2C+%E0%A4%B0%E0%A4%BE%E0%A4%9C%E0%A5%8D%E0%A4%AF+%E0%A4%B8%E0%A4%B0%E0%A4%95%E0%A4%BE%E0%A4%B0+%E0%A4%B8%E0%A5%87+%E0%A4%B5%E0%A4%BF%E0%A4%A6%E0%A5%8D%E0%A4%AF%E0%A4%BE%E0%A4%B2%E0%A4%AF+%E0%A4%B5%E0%A4%BF%E0%A4%95%E0%A4%BE%E0%A4%B8+%E0%A4%95%E0%A5%8B+%E0%A4%AE%E0%A4%BF%E0%A4%B2%E0%A5%87%E0%A4%82%E0%A4%97%E0%A5%87+27.50+%E0%A4%B2%E0%A4%BE%E0%A4%96> (referer: https://www.google.com/)
warning: urllib failed (HTTP Error 429: Too Many Requests), retrying via scrapling: translate.googleapis.com
[2026-08-25 07:44:53] INFO: Fetched (200) <GET https://translate.googleapis.com/translate_a/single?client=gtx&sl=auto&tl=en&dt=t&q=%E0%A4%B0%E0%A4%BE%E0%A4%9C%E0%A4%B8%E0%A5%8D%E0%A4%A5%E0%A4%BE%E0%A4%A8+%E0%A4%95%E0%A5%87+%E0%A4%86%E0%A4%B0%E0%A5%8D%E0%A4%A5%E0%A4%BF%E0%A4%95+%E0%A4%B5%E0%A4%BF%E0%A4%95%E0%A4%BE%E0%A4%B8+%E0%A4%AE%E0%A5%87%E0%A4%82+%E0%A4%AF%E0%A5%8B%E0%A4%97%E0%A4%A6%E0%A4%BE%E0%A4%A8+%E0%A4%A6%E0%A5%87%E0%A4%A8%E0%A5%87+%E0%A4%B5%E0%A4%BE%E0%A4%B2%E0%A5%80+%E0%A4%AA%E0%A5%8D%E0%A4%B0%E0%A4%A4%E0%A4%BF%E0%A4%AD%E0%A4%BE%E0%A4%93%E0%A4%82+%E0%A4%95%E0%A5%8B+%E0%A4%AE%E0%A4%BF%E0%A4%B2%E0%A5%87%E0%A4%97%E0%A4%BE+100+%E0%A4%86%E0%A4%87%E0%A4%95%E0%A4%A8%E0%A5%8D%E0%A4%B8+%E0%A4%91%E0%A4%AB+%E0%A4%B0%E0%A4%BE%E0%A4%9C%E0%A4%B8%E0%A5%8D%E0%A4%A5%E0%A4%BE%E0%A4%A8+%E0%A4%AE%E0%A5%87%E0%A4%82+%E0%A4%B8%E0%A5%8D%E0%A4%A5%E0%A4%BE%E0%A4%A8+%E0%A4%89%E0%A4%A6%E0%A5%8D%E0%A4%AF%E0%A5%8B%E0%A4%97%2C+%E0%A4%89%E0%A4%A6%E0%A5%8D%E0%A4%AF%E0%A4%AE%E0%A4%BF%E0%A4%A4%E0%A4%BE%2C+%E0%A4%A8%E0%A4%BF%E0%A4%B0%E0%A5%8D%E0%A4%AF%E0%A4%BE%E0%A4%A4%2C+%E0%A4%A8%E0%A4%B5%E0%A4%BE%E0%A4%9A%E0%A4%BE%E0%A4%B0+%E0%A4%8F%E0%A4%B5%E0%A4%82+%E0%A4%B0%E0%A5%8B%E0%A4%9C%E0%A4%97%E0%A4%BE%E0%A4%B0+%E0%A4%B8%E0%A5%83%E0%A4%9C%E0%A4%A8+%E0%A4%AE%E0%A5%87%E0%A4%82+%E0%A4%89%E0%A4%B2%E0%A5%8D%E0%A4%B2%E0%A5%87%E0%A4%96%E0%A4%A8%E0%A5%80%E0%A4%AF+%E0%A4%AF%E0%A5%8B%E0%A4%97%E0%A4%A6%E0%A4%BE%E0%A4%A8+%E0%A4%A6%E0%A5%87%E0%A4%A8%E0%A5%87+%E0%A4%B5%E0%A4%BE%E0%A4%B2%E0%A5%8B%E0%A4%82+%E0%A4%B8%E0%A5%87+31+%E0%A4%85%E0%A4%97%E0%A4%B8%E0%A5%8D%E0%A4%A4+%E0%A4%A4%E0%A4%95+%E0%A4%A8%E0%A4%BE%E0%A4%AE%E0%A4%BE> (referer: https://www.google.com/)
warning: urllib failed (HTTP Error 429: Too Many Requests), retrying via scrapling: translate.googleapis.com
[2026-08-25 07:44:55] INFO: Fetched (200) <GET https://translate.googleapis.com/translate_a/single?client=gtx&sl=auto&tl=en&dt=t&q=%E0%A4%B8%E0%A4%82%E0%A4%AA%E0%A4%B0%E0%A5%8D%E0%A4%95+%E0%A4%AA%E0%A5%8B%E0%A4%B0%E0%A5%8D%E0%A4%9F%E0%A4%B2%2C+%E0%A4%9C%E0%A4%A8%E0%A4%B8%E0%A5%81%E0%A4%A8%E0%A4%B5%E0%A4%BE%E0%A4%88+%E0%A4%8F%E0%A4%B5%E0%A4%82+%E0%A4%AC%E0%A4%9C%E0%A4%9F+%E0%A4%98%E0%A5%8B%E0%A4%B7%E0%A4%A3%E0%A4%BE%E0%A4%93%E0%A4%82+%E0%A4%95%E0%A5%80+%E0%A4%95%E0%A4%B2%E0%A5%87%E0%A4%95%E0%A5%8D%E0%A4%9F%E0%A4%B0+%E0%A4%A8%E0%A5%87+%E0%A4%95%E0%A5%80+%E0%A4%B8%E0%A4%AE%E0%A5%80%E0%A4%95%E0%A5%8D%E0%A4%B7%E0%A4%BE+%E0%A4%85%E0%A4%82%E0%A4%A4%E0%A4%B0%E0%A5%8D%E0%A4%B5%E0%A4%BF%E0%A4%AD%E0%A4%BE%E0%A4%97%E0%A5%80%E0%A4%AF+%E0%A4%AA%E0%A5%8D%E0%A4%B0%E0%A4%95%E0%A4%B0%E0%A4%A3%E0%A5%8B%E0%A4%82+%E0%A4%95%E0%A5%87+%E0%A4%A4%E0%A5%8D%E0%A4%B5%E0%A4%B0%E0%A4%BF%E0%A4%A4+%E0%A4%B8%E0%A4%AE%E0%A4%BE%E0%A4%A7%E0%A4%BE%E0%A4%A8%2C+%E0%A4%B5%E0%A4%BF%E0%A4%95%E0%A4%BE%E0%A4%B8+%E0%A4%95%E0%A4%BE%E0%A4%B0%E0%A5%8D%E0%A4%AF%E0%A5%8B%E0%A4%82+%E0%A4%95%E0%A5%80+%E0%A4%97%E0%A5%81%E0%A4%A3%E0%A4%B5%E0%A4%A4%E0%A5%8D%E0%A4%A4%E0%A4%BE+%E0%A4%8F%E0%A4%B5%E0%A4%82+%E0%A4%9A%E0%A5%81%E0%A4%A8%E0%A4%BE%E0%A4%B5+%E0%A4%A4%E0%A5%88%E0%A4%AF%E0%A4%BE%E0%A4%B0%E0%A4%BF%E0%A4%AF%E0%A5%8B%E0%A4%82+%E0%A4%95%E0%A5%8B+%E0%A4%B8%E0%A4%AE%E0%A4%AF%E0%A4%AC%E0%A4%A6%E0%A5%8D%E0%A4%A7+%E0%A4%AA%E0%A5%82%E0%A4%B0%E0%A4%BE+%E0%A4%95%E0%A4%B0%E0%A4%A8%E0%A5%87+%E0%A4%95%E0%A5%87+%E0%A4%A8%E0%A4%BF%E0%A4%B0%E0%A5%8D%E0%A4%A6%E0%A5%87%E0%A4%B6> (referer: https://www.google.com/)
warning: urllib failed (HTTP Error 429: Too Many Requests), retrying via scrapling: translate.googleapis.com
[2026-08-25 07:44:56] INFO: Fetched (200) <GET https://translate.googleapis.com/translate_a/single?client=gtx&sl=auto&tl=en&dt=t&q=%E0%A4%97%E0%A4%B0%E0%A5%80%E0%A4%AF+%E0%A4%A8%E0%A4%BF%E0%A4%95%E0%A4%BE%E0%A4%AF+%E0%A4%9A%E0%A5%81%E0%A4%A8%E0%A4%BE%E0%A4%B5+2026+%E0%A4%A8%E0%A4%BF%E0%A4%B0%E0%A5%8D%E0%A4%B5%E0%A4%BE%E0%A4%9A%E0%A4%A8+%E0%A4%A6%E0%A4%BE%E0%A4%AF%E0%A4%BF%E0%A4%A4%E0%A5%8D%E2%80%8D%E0%A4%B5%E0%A5%8B%E0%A4%82+%E0%A4%95%E0%A4%BE+%E0%A4%A8%E0%A4%BF%E0%A4%B0%E0%A5%8D%E0%A4%B5%E0%A4%B9%E0%A4%A8+%E0%A4%B8%E0%A4%A4%E0%A4%B0%E0%A5%8D%E0%A4%95%E0%A4%A4%E0%A4%BE+%E0%A4%94%E0%A4%B0+%E0%A4%B8%E0%A4%AE%E0%A4%AF%E0%A4%AC%E0%A4%A6%E0%A5%8D%E0%A4%A7%E0%A4%A4%E0%A4%BE+%E0%A4%95%E0%A5%87+%E0%A4%B8%E0%A4%BE%E0%A4%A5+%E0%A4%95%E0%A4%B0%E0%A4%A4%E0%A5%87+%E0%A4%B9%E0%A5%81%E0%A4%8F+%E0%A4%B8%E0%A4%AE%E0%A5%8D%E2%80%8D%E0%A4%AA%E0%A4%A8%E0%A5%8D%E2%80%8D%E0%A4%A8+%E0%A4%95%E0%A4%B0%E0%A4%BE%E0%A4%8F%E0%A4%82+%E0%A4%A8%E0%A4%BF%E0%A4%B0%E0%A5%8D%E0%A4%B5%E0%A4%BE%E0%A4%9A%E0%A4%A8+%E0%A4%AA%E0%A5%8D%E0%A4%B0%E0%A4%95%E0%A5%8D%E0%A4%B0%E0%A4%BF%E0%A4%AF%E0%A4%BE+%E2%80%93+%E0%A4%9C%E0%A4%BF%E0%A4%B2%E0%A4%BE+%E0%A4%A8%E0%A4%BF%E0%A4%B0%E0%A5%8D%E0%A4%B5%E0%A4%BE%E0%A4%9A%E0%A4%A8+%E0%A4%85%E0%A4%A7%E0%A4%BF%E0%A4%95%E0%A4%BE%E0%A4%B0%E0%A5%80+-%E0%A4%9C%E0%A4%BF%E0%A4%B2%E0%A4%BE+%E0%A4%A8%E0%A4%BF%E0%A4%B0%E0%A5%8D%E0%A4%B5%E0%A4%BE%E0%A4%9A%E0%A4%A8+%E0%A4%85%E0%A4%A7%E0%A4%BF%E0%A4%95%E0%A4%BE%E0%A4%B0%E0%A5%80+%E0%A4%A8%E0%A5%87+%E0%A4%95%E0%A5%80+%E0%A4%A8%E0%A4%97%E0%A4%B0%E0%A5%80%E0%A4%AF+%E0%A4%A8%E0%A4%BF%E0%A4%95%E0%A4%BE%E0%A4%AF+%E0%A4%9A%E0%A5%81%E0%A4%A8%E0%A4%BE%E0%A4%B5+%E0%A4%95%E0%A5%80+%E0%A4%A4> (referer: https://www.google.com/)
warning: urllib failed (HTTP Error 429: Too Many Requests), retrying via scrapling: translate.googleapis.com
[2026-08-25 07:44:58] INFO: Fetched (200) <GET https://translate.googleapis.com/translate_a/single?client=gtx&sl=auto&tl=en&dt=t&q=%E0%A4%A8%E0%A4%97%E0%A4%B0+%E0%A4%A8%E0%A4%BF%E0%A4%95%E0%A4%BE%E0%A4%AF+%E0%A4%86%E0%A4%AE+%E0%A4%9A%E0%A5%81%E0%A4%A8%E0%A4%BE%E0%A4%B5+%E0%A4%95%E0%A5%8B+%E0%A4%B2%E0%A5%87%E0%A4%95%E0%A4%B0+%E0%A4%AE%E0%A4%A4%E0%A4%A6%E0%A4%BE%E0%A4%A4%E0%A4%BE+%E0%A4%9C%E0%A4%BE%E0%A4%97%E0%A4%B0%E0%A5%82%E0%A4%95%E0%A4%A4%E0%A4%BE+%E0%A4%B0%E0%A5%88%E0%A4%B2%E0%A5%80+%E0%A4%A8%E0%A4%BF%E0%A4%95%E0%A4%BE%E0%A4%B2%E0%A5%80+%2A> (referer: https://www.google.com/)
warning: urllib failed (HTTP Error 429: Too Many Requests), retrying via scrapling: translate.googleapis.com
[2026-08-25 07:45:00] INFO: Fetched (200) <GET https://translate.googleapis.com/translate_a/single?client=gtx&sl=auto&tl=en&dt=t&q=%2A+%E0%A4%B8%E0%A4%BE%E0%A4%A4+%E0%A4%A6%E0%A4%BF%E0%A4%B5%E0%A4%B8%E0%A5%80%E0%A4%AF+%E0%A4%B8%E0%A4%A4%E0%A4%B0%E0%A4%82%E0%A4%97%E0%A5%80+%E0%A4%B8%E0%A4%AA%E0%A5%8D%E0%A4%A4%E0%A4%BE%E0%A4%B9+%E0%A4%95%E0%A5%87+%E0%A4%A4%E0%A4%B9%E0%A4%A4+%E0%A4%9C%E0%A4%BF%E0%A4%B2%E0%A5%87+%E0%A4%95%E0%A5%87+%E0%A4%A8%E0%A4%97%E0%A4%B0%E0%A5%80%E0%A4%AF+%E0%A4%95%E0%A5%8D%E0%A4%B7%E0%A5%87%E0%A4%A4%E0%A5%8D%E0%A4%B0%E0%A5%8B%E0%A4%82+%E0%A4%AE%E0%A5%87%E0%A4%82+%E0%A4%AE%E0%A4%A4%E0%A4%A6%E0%A4%BE%E0%A4%A4%E0%A4%BE+%E0%A4%9C%E0%A4%BE%E0%A4%97%E0%A4%B0%E0%A5%82%E0%A4%95%E0%A4%A4%E0%A4%BE+%E0%A4%B0%E0%A5%88%E0%A4%B2%E0%A5%80+%E0%A4%86%E0%A4%AF%E0%A5%8B%E0%A4%9C%E0%A4%BF%E0%A4%A4+%2A> (referer: https://www.google.com/)
warning: urllib failed (HTTP Error 429: Too Many Requests), retrying via scrapling: translate.googleapis.com
[2026-08-25 07:45:01] INFO: Fetched (200) <GET https://translate.googleapis.com/translate_a/single?client=gtx&sl=auto&tl=en&dt=t&q=%E0%A4%AC%E0%A5%80%E0%A4%95%E0%A4%BE%E0%A4%A8%E0%A5%87%E0%A4%B0+%E0%A4%B9%E0%A4%BE%E0%A4%89%E0%A4%B8+%E0%A4%AE%E0%A5%87%E0%A4%82+%E0%A4%86%E0%A4%AF%E0%A5%8B%E0%A4%9C%E0%A4%BF%E0%A4%A4+%E0%A4%A6%E0%A4%B8+%E0%A4%A6%E0%A4%BF%E0%A4%B5%E0%A4%B8%E0%A5%80%E0%A4%AF+%E0%A4%A4%E0%A5%80%E0%A4%9C%E0%A5%8B%E0%A4%A4%E0%A5%8D%E0%A4%B8%E0%A4%B5-2026+%E0%A4%B9%E0%A5%81%E0%A4%86+%E0%A4%B8%E0%A4%AE%E0%A4%BE%E0%A4%AA%E0%A4%A8+%E0%A4%AE%E0%A5%87%E0%A4%B2%E0%A5%87+%E0%A4%AE%E0%A5%87%E0%A4%82+%E0%A4%86%E0%A4%B0%E0%A5%8D%E0%A4%9F%E0%A4%BF%E0%A4%9C%E0%A4%82%E0%A4%B8+%E0%A4%95%E0%A5%80+%E0%A4%B0%E0%A4%BF%E0%A4%95%E0%A4%BE%E0%A4%B0%E0%A5%8D%E0%A4%A1+1+%E0%A4%95%E0%A4%B0%E0%A5%8B%E0%A5%9C+30+%E0%A4%B2%E0%A4%BE%E0%A4%96+%E0%A4%B8%E0%A5%87+%E0%A4%85%E0%A4%A7%E0%A4%BF%E0%A4%95+%E0%A4%95%E0%A5%80+%E0%A4%B0%E0%A4%BF%E0%A4%95%E0%A5%89%E0%A4%B0%E0%A5%8D%E0%A4%A1+%E0%A4%AC%E0%A4%BF%E0%A4%95%E0%A5%8D%E0%A4%B0%E0%A5%80> (referer: https://www.google.com/)
warning: urllib failed (HTTP Error 429: Too Many Requests), retrying via scrapling: translate.googleapis.com
[2026-08-25 07:45:02] INFO: Fetched (200) <GET https://translate.googleapis.com/translate_a/single?client=gtx&sl=auto&tl=en&dt=t&q=%E0%A4%B6%E0%A4%B8%E0%A5%8D%E0%A4%A4%E0%A5%8D%E0%A4%B0+%E0%A4%B2%E0%A4%BE%E0%A4%87%E0%A4%B8%E0%A5%87%E0%A4%82%E0%A4%B8+%E0%A4%A7%E0%A4%BE%E0%A4%B0%E0%A4%95%E0%A5%8B%E0%A4%82+%E0%A4%95%E0%A5%8B+%E0%A4%B9%E0%A4%A5%E0%A4%BF%E0%A4%AF%E0%A4%BE%E0%A4%B0+%E0%A4%A5%E0%A4%BE%E0%A4%A8%E0%A5%87+%E0%A4%AE%E0%A5%87%E0%A4%82+%E0%A4%9C%E0%A4%AE%E0%A4%BE+%E0%A4%95%E0%A4%B0%E0%A4%BE%E0%A4%A8%E0%A5%87+%E0%A4%95%E0%A5%87+%E0%A4%86%E0%A4%A6%E0%A5%87%E0%A4%B6> (referer: https://www.google.com/)
warning: urllib failed (HTTP Error 429: Too Many Requests), retrying via scrapling: translate.googleapis.com
[2026-08-25 07:45:04] INFO: Fetched (200) <GET https://translate.googleapis.com/translate_a/single?client=gtx&sl=auto&tl=en&dt=t&q=%E0%A4%A7%E0%A4%BE%E0%A4%B0%E0%A4%BE+163+%E0%A4%B2%E0%A4%BE%E0%A4%97%E0%A5%82%2C+%E0%A4%85%E0%A4%B8%E0%A5%8D%E0%A4%A4%E0%A5%8D%E0%A4%B0-%E0%A4%B6%E0%A4%B8%E0%A5%8D%E0%A4%A4%E0%A5%8D%E0%A4%B0+%E0%A4%94%E0%A4%B0+%E0%A4%AD%E0%A5%9C%E0%A4%95%E0%A4%BE%E0%A4%8A+%E0%A4%AA%E0%A5%8D%E0%A4%B0%E0%A4%A6%E0%A4%B0%E0%A5%8D%E0%A4%B6%E0%A4%A8+%E0%A4%AA%E0%A4%B0+%E0%A4%AA%E0%A5%82%E0%A4%B0%E0%A5%8D%E0%A4%A3+%E0%A4%AA%E0%A5%8D%E0%A4%B0%E0%A4%A4%E0%A4%BF%E0%A4%AC%E0%A4%82%E0%A4%A7> (referer: https://www.google.com/)
warning: urllib failed (HTTP Error 429: Too Many Requests), retrying via scrapling: translate.googleapis.com
[2026-08-25 07:45:06] INFO: Fetched (200) <GET https://translate.googleapis.com/translate_a/single?client=gtx&sl=auto&tl=en&dt=t&q=%E0%A4%AA%E0%A5%80%E0%A4%A0%E0%A4%BE%E0%A4%B8%E0%A5%80%E0%A4%A8+%E0%A4%B5+%E0%A4%AE%E0%A4%A4%E0%A4%A6%E0%A4%BE%E0%A4%A8+%E0%A4%85%E0%A4%A7%E0%A4%BF%E0%A4%95%E0%A4%BE%E0%A4%B0%E0%A4%BF%E0%A4%AF%E0%A5%8B%E0%A4%82+%E0%A4%95%E0%A4%BE+%E0%A4%AA%E0%A5%8D%E0%A4%B0%E0%A4%A5%E0%A4%AE+%E0%A4%AA%E0%A5%8D%E0%A4%B0%E0%A4%B6%E0%A4%BF%E0%A4%95%E0%A5%8D%E0%A4%B7%E0%A4%A3+%E0%A4%AA%E0%A5%8D%E0%A4%B0%E0%A4%BE%E0%A4%B0%E0%A4%82%E0%A4%AD+%E0%A4%89%E0%A4%AA+%E0%A4%9C%E0%A4%BF%E0%A4%B2%E0%A4%BE+%E0%A4%A8%E0%A4%BF%E0%A4%B0%E0%A5%8D%E0%A4%B5%E0%A4%BE%E0%A4%9A%E0%A4%A8+%E0%A4%85%E0%A4%A7%E0%A4%BF%E0%A4%95%E0%A4%BE%E0%A4%B0%E0%A5%80+%E0%A4%A8%E0%A5%87+%E0%A4%95%E0%A4%BF%E0%A4%AF%E0%A4%BE+%E0%A4%B5%E0%A5%8D%E0%A4%AF%E0%A4%B5%E0%A4%B8%E0%A5%8D%E0%A4%A5%E0%A4%BE%E0%A4%93%E0%A4%82+%E0%A4%95%E0%A4%BE+%E0%A4%85%E0%A4%B5%E0%A4%B2%E0%A5%8B%E0%A4%95%E0%A4%A8> (referer: https://www.google.com/)
warning: urllib failed (HTTP Error 429: Too Many Requests), retrying via scrapling: translate.googleapis.com
[2026-08-25 07:45:08] INFO: Fetched (200) <GET https://translate.googleapis.com/translate_a/single?client=gtx&sl=auto&tl=en&dt=t&q=%E0%A4%AE%E0%A5%89%E0%A4%95+%E0%A4%AA%E0%A5%8B%E0%A4%B2+%E0%A4%95%E0%A5%87+%E0%A4%AE%E0%A4%BE%E0%A4%A7%E0%A5%8D%E0%A4%AF%E0%A4%AE+%E0%A4%B8%E0%A5%87+%E0%A4%B5%E0%A4%BF%E0%A4%A6%E0%A5%8D%E0%A4%AF%E0%A4%BE%E0%A4%B0%E0%A5%8D%E0%A4%A5%E0%A4%BF%E0%A4%AF%E0%A5%8B%E0%A4%82+%E0%A4%95%E0%A5%8B+%E0%A4%88%E0%A4%B5%E0%A5%80%E0%A4%8F%E0%A4%AE+%E0%A4%8F%E0%A4%B5%E0%A4%82+%E0%A4%AE%E0%A4%A4%E0%A4%A6%E0%A4%BE%E0%A4%A8+%E0%A4%AA%E0%A5%8D%E0%A4%B0%E0%A4%95%E0%A5%8D%E0%A4%B0%E0%A4%BF%E0%A4%AF%E0%A4%BE+%E0%A4%95%E0%A5%80+%E0%A4%A6%E0%A5%80+%E0%A4%97%E0%A4%88+%E0%A4%9C%E0%A4%BE%E0%A4%A8%E0%A4%95%E0%A4%BE%E0%A4%B0%E0%A5%80+%E0%A4%AF%E0%A5%81%E0%A4%B5%E0%A4%BE+%E0%A4%AE%E0%A4%A4%E0%A4%A6%E0%A4%BE%E0%A4%A4%E0%A4%BE%E0%A4%93%E0%A4%82+%E0%A4%95%E0%A5%8B+%E0%A4%A8%E0%A4%BF%E0%A4%B0%E0%A5%8D%E0%A4%B5%E0%A4%BE%E0%A4%9A%E0%A4%A8+%E0%A4%AA%E0%A5%8D%E0%A4%B0%E0%A4%95%E0%A5%8D%E0%A4%B0%E0%A4%BF%E0%A4%AF%E0%A4%BE+%E0%A4%B8%E0%A5%87+%E0%A4%9C%E0%A5%8B%E0%A5%9C%E0%A4%A8%E0%A5%87+%E0%A4%95%E0%A5%87+%E0%A4%89%E0%A4%A6%E0%A5%8D%E0%A4%A6%E0%A5%87%E0%A4%B6%E0%A5%8D%E0%A4%AF+%E0%A4%B8%E0%A5%87+%E0%A4%B6%E0%A4%BF%E0%A4%95%E0%A5%8D%E0%A4%B7%E0%A4%A3+%E0%A4%B8%E0%A4%82%E0%A4%B8%E0%A5%8D%E0%A4%A5%E0%A4%BE%E0%A4%A8%E0%A5%8B%E0%A4%82+%E0%A4%AE%E0%A5%87%E0%A4%82+%E0%A4%B9%E0%A5%81%E0%A4%86+%E0%A4%B8%E0%A5%8D%E0%A4%B5%E0%A5%80%E0%A4%AA+%E0%A4%95%E0%A4%BE+%E0%A4%86%E0%A4%AF%E0%A5%8B%E0%A4%9C%E0%A4%A8> (referer: https://www.google.com/)
warning: urllib failed (HTTP Error 429: Too Many Requests), retrying via scrapling: translate.googleapis.com
[2026-08-25 07:45:09] INFO: Fetched (200) <GET https://translate.googleapis.com/translate_a/single?client=gtx&sl=auto&tl=en&dt=t&q=%E0%A4%B6%E0%A5%8D%E0%A4%B0%E0%A5%80+%E0%A4%9C%E0%A4%97%E0%A4%A6%E0%A4%AE%E0%A5%8D%E0%A4%AC%E0%A4%BE+%E0%A4%85%E0%A4%82%E0%A4%A7+%E0%A4%B5%E0%A4%BF%E0%A4%A6%E0%A5%8D%E0%A4%AF%E0%A4%BE%E0%A4%B2%E0%A4%AF+%E0%A4%AE%E0%A5%87%E0%A4%82+%E0%A4%B5%E0%A4%BF%E0%A4%A7%E0%A4%BF%E0%A4%95+%E0%A4%9C%E0%A4%BE%E0%A4%97%E0%A4%B0%E0%A5%82%E0%A4%95%E0%A4%A4%E0%A4%BE+%E0%A4%B6%E0%A4%BF%E0%A4%B5%E0%A4%BF%E0%A4%B0+%E0%A4%95%E0%A4%BE+%E0%A4%86%E0%A4%AF%E0%A5%8B%E0%A4%9C%E0%A4%A8> (referer: https://www.google.com/)
warning: urllib failed (HTTP Error 429: Too Many Requests), retrying via scrapling: translate.googleapis.com
[2026-08-25 07:45:10] INFO: Fetched (200) <GET https://translate.googleapis.com/translate_a/single?client=gtx&sl=auto&tl=en&dt=t&q=%E0%A4%96%E0%A4%BE%E0%A4%A8+%E0%A4%B5%E0%A4%BF%E0%A4%AD%E0%A4%BE%E0%A4%97-+%E0%A4%A6%E0%A4%BF%E0%A4%B8%E0%A4%82%E0%A4%AC%E0%A4%B0+%E0%A4%A4%E0%A4%95+%E0%A4%AE%E0%A5%87%E0%A4%9C%E0%A4%B0+%E0%A4%AE%E0%A4%BF%E0%A4%A8%E0%A4%B0%E0%A4%B2+%E0%A4%95%E0%A5%80+20+%E0%A4%96%E0%A4%BE%E0%A4%A8%E0%A5%8B%E0%A4%82+%E0%A4%95%E0%A5%8B+%E0%A4%AA%E0%A4%B0%E0%A4%BF%E0%A4%9A%E0%A4%BE%E0%A4%B2%E0%A4%A8+%E0%A4%AE%E0%A5%87%E0%A4%82+%E0%A4%B2%E0%A4%BE%E0%A4%A8%E0%A5%87+%E0%A4%AA%E0%A4%B0+%E0%A4%AB%E0%A5%8B%E0%A4%95%E0%A4%B8%2C+%E0%A4%A8%E0%A4%BF%E0%A4%B5%E0%A5%87%E0%A4%B6%2C+%E0%A4%B0%E0%A5%8B%E0%A4%9C%E0%A4%97%E0%A4%BE%E0%A4%B0+%E0%A4%94%E0%A4%B0+%E0%A4%B0%E0%A4%BE%E0%A4%9C%E0%A4%B8%E0%A5%8D%E0%A4%B5+%E0%A4%AE%E0%A5%87%E0%A4%82+%E0%A4%B9%E0%A5%8B%E0%A4%97%E0%A5%80+%E0%A4%AC%E0%A5%9D%E0%A5%8B%E0%A4%A4%E0%A4%B0%E0%A5%80+-%E0%A4%8F%E0%A4%B8%E0%A5%80%E0%A4%8F%E0%A4%B8+%E0%A4%96%E0%A4%BE%E0%A4%A8%2C+%E0%A4%B6%E0%A5%8D%E0%A4%B0%E0%A5%80%E0%A4%AE%E0%A4%A4%E0%A5%80+%E0%A4%85%E0%A4%AA%E0%A4%B0%E0%A5%8D%E0%A4%A3%E0%A4%BE+%E0%A4%85%E0%A4%B0%E0%A5%8B%E0%A4%B0%E0%A4%BE> (referer: https://www.google.com/)
warning: urllib failed (HTTP Error 429: Too Many Requests), retrying via scrapling: translate.googleapis.com
[2026-08-25 07:45:12] INFO: Fetched (200) <GET https://translate.googleapis.com/translate_a/single?client=gtx&sl=auto&tl=en&dt=t&q=%E0%A4%85%E0%A4%B2%E0%A5%80%E0%A4%AA%E0%A5%81%E0%A4%B0%E0%A4%BE+%E0%A4%AE%E0%A5%87%E0%A4%82+%E0%A4%A8%E0%A4%B6%E0%A5%87+%E0%A4%95%E0%A5%87+%E0%A4%96%E0%A4%BF%E0%A4%B2%E0%A4%BE%E0%A4%AB+%E0%A4%B5%E0%A4%BF%E0%A4%B6%E0%A4%BE%E0%A4%B2+%E0%A4%9C%E0%A4%BE%E0%A4%97%E0%A4%B0%E0%A5%82%E0%A4%95%E0%A4%A4%E0%A4%BE+%E0%A4%A8%E0%A4%BE%E0%A4%9F%E0%A4%95+%E0%A4%86%E0%A4%AF%E0%A5%8B%E0%A4%9C%E0%A4%BF%E0%A4%A4> (referer: https://www.google.com/)
warning: urllib failed (HTTP Error 429: Too Many Requests), retrying via scrapling: translate.googleapis.com
[2026-08-25 07:45:13] INFO: Fetched (200) <GET https://translate.googleapis.com/translate_a/single?client=gtx&sl=auto&tl=en&dt=t&q=%E0%A4%9C%E0%A4%AC%E0%A5%8D%E0%A4%A4+%E0%A4%B5%E0%A4%BE%E0%A4%B9%E0%A4%A8%E0%A5%8B%E0%A4%82+%E0%A4%95%E0%A5%80+%E0%A4%A8%E0%A5%80%E0%A4%B2%E0%A4%BE%E0%A4%AE%E0%A5%80+25+%E0%A4%85%E0%A4%97%E0%A4%B8%E0%A5%8D%E0%A4%A4+%E0%A4%95%E0%A5%8B> (referer: https://www.google.com/)
warning: urllib failed (HTTP Error 429: Too Many Requests), retrying via scrapling: translate.googleapis.com
[2026-08-25 07:45:14] INFO: Fetched (200) <GET https://translate.googleapis.com/translate_a/single?client=gtx&sl=auto&tl=en&dt=t&q=%E0%A4%B0%E0%A4%BE%E0%A4%9C%E0%A4%95%E0%A5%80%E0%A4%AF+%E0%A4%AA%E0%A5%89%E0%A4%B2%E0%A4%BF%E0%A4%9F%E0%A5%87%E0%A4%95%E0%A5%8D%E0%A4%A8%E0%A4%BF%E0%A4%95+%E0%A4%95%E0%A5%89%E0%A4%B2%E0%A5%87%E0%A4%9C+%E0%A4%AE%E0%A5%87%E0%A4%82+%E0%A4%96%E0%A4%BE%E0%A4%B2%E0%A5%80+%E0%A4%B8%E0%A5%80%E0%A4%9F%E0%A5%8B%E0%A4%82+%E0%A4%AA%E0%A4%B0+%E0%A4%B8%E0%A5%80%E0%A4%A7%E0%A4%BE+%E0%A4%AA%E0%A5%8D%E0%A4%B0%E0%A4%B5%E0%A5%87%E0%A4%B6> (referer: https://www.google.com/)
warning: urllib failed (HTTP Error 429: Too Many Requests), retrying via scrapling: translate.googleapis.com
[2026-08-25 07:45:16] INFO: Fetched (200) <GET https://translate.googleapis.com/translate_a/single?client=gtx&sl=auto&tl=en&dt=t&q=%E0%A4%A8%E0%A4%97%E0%A4%B0+%E0%A4%A8%E0%A4%BF%E0%A4%95%E0%A4%BE%E0%A4%AF+%E0%A4%9A%E0%A5%81%E0%A4%A8%E0%A4%BE%E0%A4%B5+2026+%E0%A4%B8%E0%A5%8D%E0%A4%B5%E0%A5%80%E0%A4%AA+%E0%A4%95%E0%A5%87+%E0%A4%A4%E0%A4%B9%E0%A4%A4+%E0%A4%B5%E0%A4%BF%E0%A4%AD%E0%A4%BF%E0%A4%A8%E0%A5%8D%E0%A4%A8+%E0%A4%B5%E0%A4%BF%E0%A4%A6%E0%A5%8D%E0%A4%AF%E0%A4%BE%E0%A4%B2%E0%A4%AF%E0%A5%8B%E0%A4%82+%E0%A4%AE%E0%A5%87%E0%A4%82+%E0%A4%B0%E0%A4%82%E0%A4%97%E0%A5%8B%E0%A4%B2%E0%A5%80+%E0%A4%8F%E0%A4%B5%E0%A4%82+%E0%A4%B0%E0%A5%88%E0%A4%B2%E0%A5%80+%E0%A4%B8%E0%A5%87+%E0%A4%AE%E0%A4%A4%E0%A4%A6%E0%A4%BE%E0%A4%A4%E0%A4%BE+%E0%A4%9C%E0%A4%BE%E0%A4%97%E0%A4%B0%E0%A5%82%E0%A4%95%E0%A4%A4%E0%A4%BE+%E0%A4%95%E0%A4%BE+%E0%A4%B8%E0%A4%82%E0%A4%A6%E0%A5%87%E0%A4%B6> (referer: https://www.google.com/)
warning: urllib failed (HTTP Error 429: Too Many Requests), retrying via scrapling: translate.googleapis.com
[2026-08-25 07:45:18] INFO: Fetched (200) <GET https://translate.googleapis.com/translate_a/single?client=gtx&sl=auto&tl=en&dt=t&q=%E0%A4%A8%E0%A4%97%E0%A4%B0+%E0%A4%A8%E0%A4%BF%E0%A4%95%E0%A4%BE%E0%A4%AF+%E0%A4%9A%E0%A5%81%E0%A4%A8%E0%A4%BE%E0%A4%B5+%E0%A4%AE%E0%A5%87%E0%A4%82+%E0%A4%B8%E0%A4%BE%E0%A4%87%E0%A4%AC%E0%A4%B0+%E0%A4%A0%E0%A4%97%E0%A5%8B%E0%A4%82+%E0%A4%B8%E0%A5%87+%E0%A4%B8%E0%A4%BE%E0%A4%B5%E0%A4%A7%E0%A4%BE%E0%A4%A8+%E0%A4%B0%E0%A4%B9%E0%A5%87%E0%A4%82%E2%80%94+%E0%A4%B0%E0%A4%BE%E0%A4%9C%E0%A4%B8%E0%A5%8D%E0%A4%A5%E0%A4%BE%E0%A4%A8+%E0%A4%AA%E0%A5%81%E0%A4%B2%E0%A4%BF%E0%A4%B8+%E0%A4%A8%E0%A5%87+%E0%A4%9C%E0%A4%BE%E0%A4%B0%E0%A5%80+%E0%A4%95%E0%A5%80+%E0%A4%8F%E0%A4%A1%E0%A4%B5%E0%A4%BE%E0%A4%87%E0%A4%9C%E0%A4%B0%E0%A5%80%2C+%E0%A4%AE%E0%A4%A4%E0%A4%A6%E0%A4%BE%E0%A4%A4%E0%A4%BE%E0%A4%93%E0%A4%82%2C+%E0%A4%AA%E0%A5%8D%E0%A4%B0%E0%A4%A4%E0%A5%8D%E0%A4%AF%E0%A4%BE%E0%A4%B6%E0%A4%BF%E0%A4%AF%E0%A5%8B%E0%A4%82+%E0%A4%94%E0%A4%B0+%E0%A4%9A%E0%A5%81%E0%A4%A8%E0%A4%BE%E0%A4%B5+%E0%A4%A1%E0%A5%8D%E0%A4%AF%E0%A5%82%E0%A4%9F%E0%A5%80+%E0%A4%AE%E0%A5%87%E0%A4%82+%E0%A4%B2%E0%A4%97%E0%A5%87+%E0%A4%95%E0%A4%BE%E0%A4%B0%E0%A5%8D%E0%A4%AE%E0%A4%BF%E0%A4%95%E0%A5%8B%E0%A4%82+%E0%A4%95%E0%A5%8B+%E0%A4%95%E0%A4%BF%E0%A4%AF%E0%A4%BE+%E0%A4%85%E0%A4%B2%E0%A4%B0%E0%A5%8D%E0%A4%9F%2C+%E0%A4%AB%E0%A4%B0%E0%A5%8D%E0%A4%9C%E0%A5%80+%E0%A4%B5%E0%A5%8B%E0%A4%9F%E0%A4%B0+%E0%A4%B2%E0%A4%BF%E0%A4%82%E0%A4%95%2C+OTP+%E0%A4%94%E0%A4%B0+QR+%E0%A4%95%E0%A5%8B%E0%A4%A1+%E0%A4%B8%E0%A5%87+%E0%A4%B9%E0%A5%8B+%E0%A4%B8%E0%A4%95%E0%A4%A4%E0%A5%80+%E0%A4%B9%E0%A5%88+> (referer: https://www.google.com/)
warning: broken cert chain, retrying unverified: chandigarh.gov.in
warning: urllib failed (<urlopen error timed out>), retrying via scrapling: ddd.gov.in
[2026-08-25 07:46:36] INFO: Fetched (200) <GET https://ddd.gov.in/document-category/latest-updates/> (referer: https://www.google.com/)
warning: urllib failed (<urlopen error timed out>), retrying via scrapling: ddd.gov.in
[2026-08-25 07:47:22] INFO: Fetched (200) <GET https://ddd.gov.in/document-category/latest-updates/page/2/> (referer: https://www.google.com/)
KL: FETCH FAILED (The read operation timed out)
warning: urllib failed (HTTP Error 429: Too Many Requests), retrying via scrapling: translate.googleapis.com
[2026-08-25 07:48:42] INFO: Fetched (200) <GET https://translate.googleapis.com/translate_a/single?client=gtx&sl=auto&tl=en&dt=t&q=Haryana+Sports+Department+launches+statewide+%E2%80%98Khel+Pe+Charcha%E2%80%99+initiative+from+Jind> (referer: https://www.google.com/)
warning: urllib failed (HTTP Error 429: Too Many Requests), retrying via scrapling: translate.googleapis.com
[2026-08-25 07:48:43] INFO: Fetched (200) <GET https://translate.googleapis.com/translate_a/single?client=gtx&sl=auto&tl=en&dt=t&q=Protecting+farmers%E2%80%99+interests+is+the+government%E2%80%99s+utmost+priority-+Cabinet+Minister> (referer: https://www.google.com/)
warning: urllib failed (HTTP Error 429: Too Many Requests), retrying via scrapling: translate.googleapis.com
[2026-08-25 07:48:45] INFO: Fetched (200) <GET https://translate.googleapis.com/translate_a/single?client=gtx&sl=auto&tl=en&dt=t&q=Public+Service+Paramount%2C+Public+Representatives+and+Officers+are+Servants+of+the+People+%E2%80%93+Vipul+Goel> (referer: https://www.google.com/)
warning: urllib failed (<urlopen error [SSL: UNSAFE_LEGACY_RENEGOTIATION_DISABLED] unsafe legacy renegotiation disabled (_ssl.c:1082)>), retrying via scrapling: icad.wb.gov.in
[2026-08-25 07:48:48] INFO: Fetched (200) <GET https://icad.wb.gov.in/notice.php> (referer: https://www.google.com/)
warning: urllib failed (<urlopen error [SSL: UNSAFE_LEGACY_RENEGOTIATION_DISABLED] unsafe legacy renegotiation disabled (_ssl.c:1082)>), retrying via scrapling: icad.wb.gov.in
[2026-08-25 07:48:49] INFO: Fetched (200) <GET https://icad.wb.gov.in/govt-order.php> (referer: https://www.google.com/)
warning: urllib failed (HTTP Error 429: Too Many Requests), retrying via scrapling: translate.googleapis.com
[2026-08-25 07:48:51] INFO: Fetched (200) <GET https://translate.googleapis.com/translate_a/single?client=gtx&sl=auto&tl=en&dt=t&q=DIPR-P.N.No.04-Hon%27ble+Minister+for+Agriculture+and+Farmer%E2%80%99s+Welfare-Press+Note-Date+14.01.2026> (referer: https://www.google.com/)
warning: urllib failed (HTTP Error 429: Too Many Requests), retrying via scrapling: translate.googleapis.com
[2026-08-25 07:48:53] INFO: Fetched (200) <GET https://translate.googleapis.com/translate_a/single?client=gtx&sl=auto&tl=en&dt=t&q=DIPR-P.N.NO-32-Hon%27ble+Agriculture+and+Farmer%E2%80%99s+Welfare+Minister+press+statement-kalaignar+park+rope+car-Date+13.10.2024> (referer: https://www.google.com/)
warning: urllib failed (HTTP Error 429: Too Many Requests), retrying via scrapling: translate.googleapis.com
[2026-08-25 07:48:54] INFO: Fetched (200) <GET https://translate.googleapis.com/translate_a/single?client=gtx&sl=auto&tl=en&dt=t&q=DIPR-P.N.NO-32-Hon%27ble+Agriculture+and+Farmer%E2%80%99s+Welfare+Minister+press+statement-kalaignar+park+rope+car-Date+13.10.2024> (referer: https://www.google.com/)
warning: urllib failed (HTTP Error 429: Too Many Requests), retrying via scrapling: translate.googleapis.com
[2026-08-25 07:48:55] INFO: Fetched (200) <GET https://translate.googleapis.com/translate_a/single?client=gtx&sl=auto&tl=en&dt=t&q=%E0%A4%B0%E0%A4%BE%E0%A4%9C%E0%A5%8D%E0%A4%AF%E0%A4%AA%E0%A4%BE%E0%A4%B2+%E0%A4%A8%E0%A5%87+%E0%A4%AA%E0%A5%82%E0%A4%B0%E0%A5%8D%E0%A4%B5+%E0%A4%AA%E0%A5%8D%E0%A4%B0%E0%A4%A7%E0%A4%BE%E0%A4%A8%E0%A4%AE%E0%A4%82%E0%A4%A4%E0%A5%8D%E0%A4%B0%E0%A5%80+%E0%A4%B8%E0%A5%8D%E0%A4%B5%E0%A5%B0+%E0%A4%85%E0%A4%9F%E0%A4%B2+%E0%A4%AC%E0%A4%BF%E0%A4%B9%E0%A4%BE%E0%A4%B0%E0%A5%80+%E0%A4%B5%E0%A4%BE%E0%A4%9C%E0%A4%AA%E0%A5%87%E0%A4%AF%E0%A5%80+%E0%A4%95%E0%A5%80+%E0%A4%AA%E0%A5%81%E0%A4%A3%E0%A5%8D%E0%A4%AF%E0%A4%A4%E0%A4%BF%E0%A4%A5%E0%A4%BF+%E0%A4%AA%E0%A4%B0+%E0%A4%89%E0%A4%A8%E0%A5%8D%E0%A4%B9%E0%A5%87%E0%A4%82+%E0%A4%A8%E0%A4%AE%E0%A4%A8+%E0%A4%95%E0%A4%BF%E0%A4%AF%E0%A4%BE> (referer: https://www.google.com/)
warning: urllib failed (HTTP Error 429: Too Many Requests), retrying via scrapling: translate.googleapis.com
[2026-08-25 07:48:57] INFO: Fetched (200) <GET https://translate.googleapis.com/translate_a/single?client=gtx&sl=auto&tl=en&dt=t&q=%E0%A4%B0%E0%A4%BE%E0%A4%9C%E0%A5%8D%E0%A4%AF%E0%A4%AA%E0%A4%BE%E0%A4%B2+%E0%A4%A8%E0%A5%87+%E0%A4%B8%E0%A5%8D%E0%A4%B5%E0%A4%A4%E0%A4%82%E0%A4%A4%E0%A5%8D%E0%A4%B0%E0%A4%A4%E0%A4%BE+%E0%A4%A6%E0%A4%BF%E0%A4%B5%E0%A4%B8+%E0%A4%95%E0%A5%87+%E0%A4%85%E0%A4%B5%E0%A4%B8%E0%A4%B0+%E0%A4%AA%E0%A4%B0+%E0%A4%AC%E0%A4%BF%E0%A4%B9%E0%A4%BE%E0%A4%B0+%E0%A4%B2%E0%A5%8B%E0%A4%95+%E0%A4%AD%E0%A4%B5%E0%A4%A8+%E0%A4%AE%E0%A5%87%E0%A4%82+%E0%A4%86%E0%A4%AF%E0%A5%8B%E0%A4%9C%E0%A4%BF%E0%A4%A4+%E0%A4%B8%E0%A4%BE%E0%A4%82%E0%A4%B8%E0%A5%8D%E0%A4%95%E0%A5%83%E0%A4%A4%E0%A4%BF%E0%A4%95+%E0%A4%95%E0%A4%BE%E0%A4%B0%E0%A5%8D%E0%A4%AF%E0%A4%95%E0%A5%8D%E0%A4%B0%E0%A4%AE+%E0%A4%AE%E0%A5%87%E0%A4%82+%E0%A4%AD%E0%A4%BE%E0%A4%97+%E0%A4%B2%E0%A4%BF%E0%A4%AF%E0%A4%BE> (referer: https://www.google.com/)
warning: urllib failed (HTTP Error 429: Too Many Requests), retrying via scrapling: translate.googleapis.com
[2026-08-25 07:48:58] INFO: Fetched (200) <GET https://translate.googleapis.com/translate_a/single?client=gtx&sl=auto&tl=en&dt=t&q=%E0%A4%A6%E0%A5%87%E0%A4%B6%E0%A4%AD%E0%A4%95%E0%A5%8D%E0%A4%A4%E0%A4%BF+%E0%A4%95%E0%A5%8B+%E0%A4%B8%E0%A5%87%E0%A4%B5%E0%A4%BE+%E0%A4%94%E0%A4%B0+%E0%A4%B8%E0%A4%BE%E0%A4%AE%E0%A4%BE%E0%A4%9C%E0%A4%BF%E0%A4%95+%E0%A4%9C%E0%A4%BF%E0%A4%AE%E0%A5%8D%E0%A4%AE%E0%A5%87%E0%A4%A6%E0%A4%BE%E0%A4%B0%E0%A5%80+%E0%A4%B8%E0%A5%87+%E0%A4%9C%E0%A5%8B%E0%A5%9C%E0%A5%87%E0%A4%82-+%E0%A4%B0%E0%A4%BE%E0%A4%9C%E0%A5%8D%E0%A4%AF%E0%A4%AA%E0%A4%BE%E0%A4%B2> (referer: https://www.google.com/)
warning: urllib failed (HTTP Error 429: Too Many Requests), retrying via scrapling: translate.googleapis.com
[2026-08-25 07:49:00] INFO: Fetched (200) <GET https://translate.googleapis.com/translate_a/single?client=gtx&sl=auto&tl=en&dt=t&q=%E0%A4%A6%E0%A5%87%E0%A4%B6+%E0%A4%95%E0%A5%80+%E0%A4%B8%E0%A5%8D%E0%A4%B5%E0%A4%A4%E0%A4%82%E0%A4%A4%E0%A5%8D%E0%A4%B0%E0%A4%A4%E0%A4%BE+%E0%A4%95%E0%A5%87+%E0%A4%B2%E0%A4%BF%E0%A4%8F+%E0%A4%85%E0%A4%AA%E0%A4%A8%E0%A4%BE+%E0%A4%B8%E0%A4%B0%E0%A5%8D%E0%A4%B5%E0%A4%B8%E0%A5%8D%E0%A4%B5+%E0%A4%A8%E0%A5%8D%E0%A4%AF%E0%A5%8B%E0%A4%9B%E0%A4%BE%E0%A4%B5%E0%A4%B0+%E0%A4%95%E0%A4%B0%E0%A4%A8%E0%A5%87%E0%A4%B5%E0%A4%BE%E0%A4%B2%E0%A5%87+%E0%A4%B5%E0%A5%80%E0%A4%B0+%E0%A4%B6%E0%A4%B9%E0%A5%80%E0%A4%A6%E0%A5%8B%E0%A4%82+%E0%A4%8F%E0%A4%B5%E0%A4%82+%E0%A4%B8%E0%A5%8D%E0%A4%B5%E0%A4%A4%E0%A4%82%E0%A4%A4%E0%A5%8D%E0%A4%B0%E0%A4%A4%E0%A4%BE+%E0%A4%B8%E0%A5%87%E0%A4%A8%E0%A4%BE%E0%A4%A8%E0%A4%BF%E0%A4%AF%E0%A5%8B%E0%A4%82+%E0%A4%95%E0%A5%8B+%E0%A4%B6%E0%A5%8D%E0%A4%B0%E0%A4%A6%E0%A5%8D%E0%A4%A7%E0%A4%BE%E0%A4%AA%E0%A5%82%E0%A4%B0%E0%A5%8D%E0%A4%B5%E0%A4%95+%E0%A4%A8%E0%A4%AE%E0%A4%A8%3A-+%E0%A4%AE%E0%A5%81%E0%A4%96%E0%A5%8D%E0%A4%AF%E0%A4%AE%E0%A4%82%E0%A4%A4%E0%A5%8D%E0%A4%B0%E0%A5%80> (referer: https://www.google.com/)
warning: urllib failed (HTTP Error 429: Too Many Requests), retrying via scrapling: translate.googleapis.com
[2026-08-25 07:49:01] INFO: Fetched (200) <GET https://translate.googleapis.com/translate_a/single?client=gtx&sl=auto&tl=en&dt=t&q=%E0%A4%AE%E0%A4%B9%E0%A4%BE%E0%A4%A6%E0%A4%B2%E0%A4%BF%E0%A4%A4%2C+%E0%A4%A6%E0%A4%B2%E0%A4%BF%E0%A4%A4%2C+%E0%A4%AA%E0%A4%BF%E0%A4%9B%E0%A5%9C%E0%A5%87+%E0%A4%8F%E0%A4%B5%E0%A4%82+%E0%A4%85%E0%A4%A4%E0%A4%BF+%E0%A4%AA%E0%A4%BF%E0%A4%9B%E0%A5%9C%E0%A5%87+%E0%A4%B8%E0%A4%B9%E0%A4%BF%E0%A4%A4+%E0%A4%B8%E0%A4%AD%E0%A5%80+%E0%A4%B5%E0%A4%B0%E0%A5%8D%E0%A4%97%E0%A5%8B%E0%A4%82+%E0%A4%95%E0%A5%87+%E0%A4%95%E0%A4%B2%E0%A5%8D%E0%A4%AF%E0%A4%BE%E0%A4%A3+%E0%A4%A4%E0%A4%A5%E0%A4%BE+%E0%A4%89%E0%A4%A8%E0%A4%95%E0%A5%87+%E0%A4%9C%E0%A5%80%E0%A4%B5%E0%A4%A8+%E0%A4%AE%E0%A5%87%E0%A4%82+%E0%A4%B8%E0%A4%AE%E0%A5%83%E0%A4%A6%E0%A5%8D%E0%A4%A7%E0%A4%BF+%E0%A4%B2%E0%A4%BE%E0%A4%A8%E0%A5%87+%E0%A4%95%E0%A5%87+%E0%A4%B2%E0%A4%BF%E0%A4%8F+%E0%A4%B8%E0%A4%B0%E0%A4%95%E0%A4%BE%E0%A4%B0+%E0%A4%B2%E0%A4%97%E0%A4%BE%E0%A4%A4%E0%A4%BE%E0%A4%B0+%E0%A4%95%E0%A4%BE%E0%A4%B0%E0%A5%8D%E0%A4%AF+%E0%A4%95%E0%A4%B0+%E0%A4%B0%E0%A4%B9%E0%A5%80+%E0%A4%B9%E0%A5%88%3A-+%E0%A4%AE%E0%A5%81%E0%A4%96%E0%A5%8D%E0%A4%AF%E0%A4%AE%E0%A4%82%E0%A4%A4%E0%A5%8D%E0%A4%B0%E0%A5%80> (referer: https://www.google.com/)
warning: urllib failed (HTTP Error 429: Too Many Requests), retrying via scrapling: translate.googleapis.com
[2026-08-25 07:49:03] INFO: Fetched (200) <GET https://translate.googleapis.com/translate_a/single?client=gtx&sl=auto&tl=en&dt=t&q=14+%E0%A4%95%E0%A4%B0%E0%A5%8B%E0%A5%9C+%E0%A4%AC%E0%A4%BF%E0%A4%B9%E0%A4%BE%E0%A4%B0%E0%A4%B5%E0%A4%BE%E0%A4%B8%E0%A4%BF%E0%A4%AF%E0%A5%8B%E0%A4%82+%E0%A4%95%E0%A5%80+%E0%A4%8A%E0%A4%B0%E0%A5%8D%E0%A4%9C%E0%A4%BE%2C+%E0%A4%95%E0%A4%BF%E0%A4%B8%E0%A4%BE%E0%A4%A8%E0%A5%8B%E0%A4%82+%E0%A4%8F%E0%A4%B5%E0%A4%82+%E0%A4%89%E0%A4%A6%E0%A5%8D%E0%A4%AF%E0%A4%AE%E0%A4%BF%E0%A4%AF%E0%A5%8B%E0%A4%82+%E0%A4%95%E0%A5%80+%E0%A4%AE%E0%A5%87%E0%A4%B9%E0%A4%A8%E0%A4%A4%2C+%E0%A4%AE%E0%A4%BE%E0%A4%A4%E0%A4%BE%E0%A4%93%E0%A4%82-%E0%A4%AC%E0%A4%B9%E0%A4%A8%E0%A5%8B%E0%A4%82+%E0%A4%95%E0%A5%87+%E0%A4%B8%E0%A4%82%E0%A4%95%E0%A4%B2%E0%A5%8D%E0%A4%AA+%E0%A4%B8%E0%A5%87+%E0%A4%AD%E0%A4%BE%E0%A4%B0%E0%A4%A4+%E0%A4%AD%E0%A5%80+%E0%A4%B5%E0%A4%BF%E0%A4%95%E0%A4%B8%E0%A4%BF%E0%A4%A4+%E0%A4%A6%E0%A5%87%E0%A4%B6+%E0%A4%B9%E0%A5%8B%E0%A4%97%E0%A4%BE+%E0%A4%94%E0%A4%B0+%E0%A4%AC%E0%A4%BF%E0%A4%B9%E0%A4%BE%E0%A4%B0+%E0%A4%AD%E0%A5%80+%E0%A4%AC%E0%A4%A8%E0%A5%87%E0%A4%97%E0%A4%BE+%E0%A4%B8%E0%A4%AE%E0%A5%83%E0%A4%A6%E0%A5%8D%E0%A4%A7+%E0%A4%AA%E0%A5%8D%E0%A4%B0%E0%A4%A6%E0%A5%87%E0%A4%B6+-+%E0%A4%AE%E0%A5%81%E0%A4%96%E0%A5%8D%E0%A4%AF%E0%A4%AE%E0%A4%82%E0%A4%A4%E0%A5%8D%E0%A4%B0%E0%A5%80> (referer: https://www.google.com/)
warning: urllib failed (HTTP Error 429: Too Many Requests), retrying via scrapling: translate.googleapis.com
[2026-08-25 07:49:04] INFO: Fetched (200) <GET https://translate.googleapis.com/translate_a/single?client=gtx&sl=auto&tl=en&dt=t&q=%E0%A4%AE%E0%A5%81%E0%A4%96%E0%A5%8D%E0%A4%AF%E0%A4%AE%E0%A4%82%E0%A4%A4%E0%A5%8D%E0%A4%B0%E0%A5%80+%E0%A4%A8%E0%A5%87+%E0%A4%B2%E0%A5%8B%E0%A4%95+%E0%A4%B8%E0%A5%87%E0%A4%B5%E0%A4%95+%E0%A4%86%E0%A4%B5%E0%A4%BE%E0%A4%B8+%E0%A4%AA%E0%A4%B0+%E0%A4%A7%E0%A5%8D%E0%A4%B5%E0%A4%9C%E0%A4%BE%E0%A4%B0%E0%A5%8B%E0%A4%B9%E0%A4%A3+%E0%A4%95%E0%A4%BF%E0%A4%AF%E0%A4%BE> (referer: https://www.google.com/)
warning: urllib failed (HTTP Error 429: Too Many Requests), retrying via scrapling: translate.googleapis.com
[2026-08-25 07:49:07] INFO: Fetched (200) <GET https://translate.googleapis.com/translate_a/single?client=gtx&sl=auto&tl=en&dt=t&q=%E0%A4%B0%E0%A4%BE%E0%A4%9C%E0%A5%8D%E0%A4%AF%E0%A4%AA%E0%A4%BE%E0%A4%B2+%E0%A4%A8%E0%A5%87+%E0%A4%B8%E0%A5%8D%E0%A4%B5%E0%A4%A4%E0%A4%82%E0%A4%A4%E0%A5%8D%E0%A4%B0%E0%A4%A4%E0%A4%BE+%E0%A4%A6%E0%A4%BF%E0%A4%B5%E0%A4%B8+%E0%A4%95%E0%A5%87+%E0%A4%85%E0%A4%B5%E0%A4%B8%E0%A4%B0+%E0%A4%AA%E0%A4%B0+%E0%A4%AC%E0%A4%BF%E0%A4%B9%E0%A4%BE%E0%A4%B0+%E0%A4%B2%E0%A5%8B%E0%A4%95+%E0%A4%AD%E0%A4%B5%E0%A4%A8+%E0%A4%AE%E0%A5%87%E0%A4%82+%E0%A4%B0%E0%A4%BE%E0%A4%B7%E0%A5%8D%E0%A4%9F%E0%A5%8D%E0%A4%B0%E0%A5%80%E0%A4%AF+%E0%A4%9D%E0%A4%82%E0%A4%A1%E0%A5%8B%E0%A4%A4%E0%A5%8D%E0%A4%A4%E0%A5%8B%E0%A4%B2%E0%A4%A8+%E0%A4%95%E0%A4%BF%E0%A4%AF%E0%A4%BE> (referer: https://www.google.com/)
warning: urllib failed (HTTP Error 429: Too Many Requests), retrying via scrapling: translate.googleapis.com
[2026-08-25 07:49:09] INFO: Fetched (200) <GET https://translate.googleapis.com/translate_a/single?client=gtx&sl=auto&tl=en&dt=t&q=%E0%A4%AE%E0%A5%81%E0%A4%96%E0%A5%8D%E0%A4%AF%E0%A4%AE%E0%A4%82%E0%A4%A4%E0%A5%8D%E0%A4%B0%E0%A5%80+%E0%A4%A8%E0%A5%87+%E0%A4%B8%E0%A5%8D%E0%A4%B5%E0%A4%A4%E0%A4%82%E0%A4%A4%E0%A5%8D%E0%A4%B0%E0%A4%A4%E0%A4%BE+%E0%A4%A6%E0%A4%BF%E0%A4%B5%E0%A4%B8+%E0%A4%95%E0%A5%87+%E0%A4%85%E0%A4%B5%E0%A4%B8%E0%A4%B0+%E0%A4%AA%E0%A4%B0+%E0%A4%B0%E0%A4%BE%E0%A4%9C%E0%A5%8D%E0%A4%AF%E0%A4%B5%E0%A4%BE%E0%A4%B8%E0%A4%BF%E0%A4%AF%E0%A5%8B%E0%A4%82+%E0%A4%95%E0%A5%8B+%E0%A4%AC%E0%A4%A7%E0%A4%BE%E0%A4%88+%E0%A4%8F%E0%A4%B5%E0%A4%82+%E0%A4%B6%E0%A5%81%E0%A4%AD%E0%A4%95%E0%A4%BE%E0%A4%AE%E0%A4%A8%E0%A4%BE%E0%A4%8F%E0%A4%82+%E0%A4%A6%E0%A5%80> (referer: https://www.google.com/)
warning: urllib failed (HTTP Error 429: Too Many Requests), retrying via scrapling: translate.googleapis.com
[2026-08-25 07:49:11] INFO: Fetched (200) <GET https://translate.googleapis.com/translate_a/single?client=gtx&sl=auto&tl=en&dt=t&q=%E0%A4%AD%E0%A4%BE%E0%A4%B0%E0%A4%A4+%E0%A4%B5%E0%A4%BF%E0%A4%AD%E0%A4%BE%E0%A4%9C%E0%A4%A8+%E0%A4%95%E0%A5%80+%E0%A4%B5%E0%A4%BF%E0%A4%AD%E0%A5%80%E0%A4%B7%E0%A4%BF%E0%A4%95%E0%A4%BE+%E0%A4%95%E0%A5%8B+%E0%A4%AF%E0%A4%BE%E0%A4%A6+%E0%A4%B0%E0%A4%96%E0%A4%A8%E0%A4%BE+%E0%A4%9C%E0%A4%B0%E0%A5%82%E0%A4%B0%E0%A5%80%2C+%E0%A4%B0%E0%A4%BE%E0%A4%B7%E0%A5%8D%E0%A4%9F%E0%A5%8D%E0%A4%B0+%E0%A4%B0%E0%A4%B9%E0%A5%87%E0%A4%97%E0%A4%BE%2C+%E0%A4%A4%E0%A4%AD%E0%A5%80+%E0%A4%B9%E0%A4%AE+%E0%A4%B8%E0%A4%AC+%E0%A4%B0%E0%A4%B9%E0%A5%87%E0%A4%82%E0%A4%97%E0%A5%87%2C+%E0%A4%B0%E0%A4%BE%E0%A4%B7%E0%A5%8D%E0%A4%9F%E0%A5%8D%E0%A4%B0+%E0%A4%AA%E0%A5%8D%E0%A4%B0%E0%A4%A5%E0%A4%AE+%E0%A4%95%E0%A5%80+%E0%A4%AD%E0%A4%BE%E0%A4%B5%E0%A4%A8%E0%A4%BE+%E0%A4%B8%E0%A4%B0%E0%A5%8D%E0%A4%B5%E0%A5%8B%E0%A4%AA%E0%A4%B0%E0%A4%BF%3A-+%E0%A4%AE%E0%A5%81%E0%A4%96%E0%A5%8D%E0%A4%AF%E0%A4%AE%E0%A4%82%E0%A4%A4%E0%A5%8D%E0%A4%B0%E0%A5%80> (referer: https://www.google.com/)
warning: urllib failed (HTTP Error 429: Too Many Requests), retrying via scrapling: translate.googleapis.com
[2026-08-25 07:49:13] INFO: Fetched (200) <GET https://translate.googleapis.com/translate_a/single?client=gtx&sl=auto&tl=en&dt=t&q=%E0%A4%A4%E0%A4%BF%E0%A4%B0%E0%A4%82%E0%A4%97%E0%A4%BE+%E0%A4%A6%E0%A5%87%E0%A4%B6+%E0%A4%95%E0%A5%80+%E0%A4%8F%E0%A4%95%E0%A4%A4%E0%A4%BE%2C+%E0%A4%85%E0%A4%96%E0%A4%82%E0%A4%A1%E0%A4%A4%E0%A4%BE+%E0%A4%94%E0%A4%B0+%E0%A4%97%E0%A5%8C%E0%A4%B0%E0%A4%B5+%E0%A4%95%E0%A4%BE+%E0%A4%AA%E0%A5%8D%E0%A4%B0%E0%A4%A4%E0%A5%80%E0%A4%95%2C+%E0%A4%B9%E0%A4%B0+%E0%A4%98%E0%A4%B0+%E0%A4%A4%E0%A4%BF%E0%A4%B0%E0%A4%82%E0%A4%97%E0%A4%BE+%E0%A4%85%E0%A4%AD%E0%A4%BF%E0%A4%AF%E0%A4%BE%E0%A4%A8+%E0%A4%95%E0%A5%8B+%E0%A4%9C%E0%A4%A8-%E0%A4%9C%E0%A4%A8+%E0%A4%95%E0%A4%BE+%E0%A4%85%E0%A4%AD%E0%A4%BF%E0%A4%AF%E0%A4%BE%E0%A4%A8+%E0%A4%AC%E0%A4%A8%E0%A4%BE%E0%A4%8F%E0%A4%82-+%E0%A4%AE%E0%A5%81%E0%A4%96%E0%A5%8D%E0%A4%AF%E0%A4%AE%E0%A4%82%E0%A4%A4%E0%A5%8D%E0%A4%B0%E0%A5%80> (referer: https://www.google.com/)
warning: urllib failed (HTTP Error 429: Too Many Requests), retrying via scrapling: translate.googleapis.com
[2026-08-25 07:49:14] INFO: Fetched (200) <GET https://translate.googleapis.com/translate_a/single?client=gtx&sl=auto&tl=en&dt=t&q=%E0%A4%B0%E0%A4%BE%E0%A4%9C%E0%A5%8D%E0%A4%AF%E0%A4%AA%E0%A4%BE%E0%A4%B2+%E0%A4%A8%E0%A5%87+%E0%A4%B8%E0%A5%8D%E0%A4%B5%E0%A4%A4%E0%A4%82%E0%A4%A4%E0%A5%8D%E0%A4%B0%E0%A4%A4%E0%A4%BE+%E0%A4%A6%E0%A4%BF%E0%A4%B5%E0%A4%B8+%E0%A4%95%E0%A5%87+%E0%A4%85%E0%A4%B5%E0%A4%B8%E0%A4%B0+%E0%A4%AA%E0%A4%B0+%E0%A4%AC%E0%A4%BF%E0%A4%B9%E0%A4%BE%E0%A4%B0%E0%A4%B5%E0%A4%BE%E0%A4%B8%E0%A4%BF%E0%A4%AF%E0%A5%8B%E0%A4%82+%E0%A4%B5+%E0%A4%A6%E0%A5%87%E0%A4%B6%E0%A4%B5%E0%A4%BE%E0%A4%B8%E0%A4%BF%E0%A4%AF%E0%A5%8B%E0%A4%82+%E0%A4%95%E0%A5%8B+%E0%A4%B6%E0%A5%81%E0%A4%AD%E0%A4%95%E0%A4%BE%E0%A4%AE%E0%A4%A8%E0%A4%BE%E0%A4%8F%E0%A4%81+%E0%A4%A6%E0%A5%80> (referer: https://www.google.com/)
warning: urllib failed (HTTP Error 429: Too Many Requests), retrying via scrapling: translate.googleapis.com
[2026-08-25 07:49:16] INFO: Fetched (200) <GET https://translate.googleapis.com/translate_a/single?client=gtx&sl=auto&tl=en&dt=t&q=%E0%A4%B0%E0%A4%BE%E0%A4%9C%E0%A5%8D%E0%A4%AF%E0%A4%AA%E0%A4%BE%E0%A4%B2+%E0%A4%A8%E0%A5%87+%E0%A4%9C%E0%A4%AF+%E0%A4%AA%E0%A5%8D%E0%A4%B0%E0%A4%95%E0%A4%BE%E0%A4%B6+%E0%A4%B5%E0%A4%BF%E0%A4%B6%E0%A5%8D%E0%A4%B5%E0%A4%B5%E0%A4%BF%E0%A4%A6%E0%A5%8D%E0%A4%AF%E0%A4%BE%E0%A4%B2%E0%A4%AF%2C+%E0%A4%9B%E0%A4%AA%E0%A4%B0%E0%A4%BE+%E0%A4%95%E0%A5%80+%E0%A4%B6%E0%A5%88%E0%A4%95%E0%A5%8D%E0%A4%B7%E0%A4%A3%E0%A4%BF%E0%A4%95+%E0%A4%8F%E0%A4%B5%E0%A4%82+%E0%A4%AA%E0%A5%8D%E0%A4%B0%E0%A4%B6%E0%A4%BE%E0%A4%B8%E0%A4%A8%E0%A4%BF%E0%A4%95+%E0%A4%97%E0%A4%A4%E0%A4%BF%E0%A4%B5%E0%A4%BF%E0%A4%A7%E0%A4%BF%E0%A4%AF%E0%A5%8B%E0%A4%82+%E0%A4%95%E0%A5%80+%E0%A4%B8%E0%A4%AE%E0%A5%80%E0%A4%95%E0%A5%8D%E0%A4%B7%E0%A4%BE+%E0%A4%95%E0%A5%80> (referer: https://www.google.com/)
warning: urllib failed (HTTP Error 429: Too Many Requests), retrying via scrapling: translate.googleapis.com
[2026-08-25 07:49:18] INFO: Fetched (200) <GET https://translate.googleapis.com/translate_a/single?client=gtx&sl=auto&tl=en&dt=t&q=%E0%A4%AA%E0%A4%9F%E0%A4%A8%E0%A4%BE+%E0%A4%AE%E0%A5%87%E0%A4%82+%E0%A4%B5%E0%A4%B0%E0%A5%8D%E0%A4%B2%E0%A5%8D%E0%A4%A1+%E0%A4%9F%E0%A5%8D%E0%A4%B0%E0%A5%87%E0%A4%A1+%E0%A4%B8%E0%A5%87%E0%A4%82%E0%A4%9F%E0%A4%B0+%E0%A4%95%E0%A4%BE+%E0%A4%B9%E0%A5%8B%E0%A4%97%E0%A4%BE+%E0%A4%A8%E0%A4%BF%E0%A4%B0%E0%A5%8D%E0%A4%AE%E0%A4%BE%E0%A4%A3%3A-+%E0%A4%AE%E0%A5%81%E0%A4%96%E0%A5%8D%E0%A4%AF%E0%A4%AE%E0%A4%82%E0%A4%A4%E0%A5%8D%E0%A4%B0%E0%A5%80> (referer: https://www.google.com/)
warning: urllib failed (HTTP Error 429: Too Many Requests), retrying via scrapling: translate.googleapis.com
[2026-08-25 07:49:20] INFO: Fetched (200) <GET https://translate.googleapis.com/translate_a/single?client=gtx&sl=auto&tl=en&dt=t&q=%E0%A4%88%E0%A4%AE%E0%A4%BE%E0%A4%A8%E0%A4%A6%E0%A4%BE%E0%A4%B0%E0%A5%80%2C+%E0%A4%B8%E0%A4%AE%E0%A4%B0%E0%A5%8D%E0%A4%AA%E0%A4%A3+%E0%A4%94%E0%A4%B0+%E0%A4%B8%E0%A4%82%E0%A4%B5%E0%A5%87%E0%A4%A6%E0%A4%A8%E0%A4%B6%E0%A5%80%E0%A4%B2%E0%A4%A4%E0%A4%BE+%E0%A4%95%E0%A5%87+%E0%A4%B8%E0%A4%BE%E0%A4%A5+%E0%A4%B2%E0%A5%8B%E0%A4%97%E0%A5%8B%E0%A4%82+%E0%A4%95%E0%A5%80+%E0%A4%B8%E0%A5%87%E0%A4%B5%E0%A4%BE+%E0%A4%95%E0%A4%B0%E0%A4%A8%E0%A5%80+%E0%A4%B9%E0%A5%88%3A-+%E0%A4%AE%E0%A5%81%E0%A4%96%E0%A5%8D%E0%A4%AF%E0%A4%AE%E0%A4%82%E0%A4%A4%E0%A5%8D%E0%A4%B0%E0%A5%80> (referer: https://www.google.com/)
warning: urllib failed (HTTP Error 429: Too Many Requests), retrying via scrapling: translate.googleapis.com
[2026-08-25 07:49:22] INFO: Fetched (200) <GET https://translate.googleapis.com/translate_a/single?client=gtx&sl=auto&tl=en&dt=t&q=%E2%80%98%E0%A4%B5%E0%A4%BF%E0%A4%9C%E0%A4%A8+2030%E2%80%98+%E0%A4%B8%E0%A5%87+%E0%A4%AC%E0%A4%BF%E0%A4%B9%E0%A4%BE%E0%A4%B0+%E0%A4%95%E0%A5%8B+%E0%A4%85%E0%A4%97%E0%A5%8D%E0%A4%B0%E0%A4%A3%E0%A5%80+%E0%A4%85%E0%A4%82%E0%A4%A4%E0%A4%B0%E0%A5%8D%E0%A4%A6%E0%A5%87%E0%A4%B6%E0%A5%80%E0%A4%AF+%E0%A4%AE%E0%A4%A4%E0%A5%8D%E0%A4%B8%E0%A5%8D%E0%A4%AF+%E0%A4%B0%E0%A4%BE%E0%A4%9C%E0%A5%8D%E0%A4%AF+%E0%A4%AC%E0%A4%A8%E0%A4%BE%E0%A4%A8%E0%A5%87+%E0%A4%95%E0%A5%80+%E0%A4%A6%E0%A4%BF%E0%A4%B6%E0%A4%BE+%E0%A4%AE%E0%A5%87%E0%A4%82+%E0%A4%AE%E0%A4%BF%E0%A4%B2%E0%A5%87%E0%A4%97%E0%A5%80+%E0%A4%97%E0%A4%A4%E0%A4%BF%2C+%E0%A4%89%E0%A4%A4%E0%A5%8D%E0%A4%AA%E0%A4%BE%E0%A4%A6%E0%A4%A8+%E0%A4%B8%E0%A5%87+%E0%A4%AE%E0%A5%82%E0%A4%B2%E0%A5%8D%E0%A4%AF%E0%A4%B5%E0%A4%B0%E0%A5%8D%E0%A4%A6%E0%A5%8D%E0%A4%A7%E0%A4%A8+%E0%A4%A4%E0%A4%95+%E0%A4%AA%E0%A5%82%E0%A4%B0%E0%A5%80+%E0%A4%B5%E0%A5%88%E0%A4%B2%E0%A5%8D%E0%A4%AF%E0%A5%82+%E0%A4%9A%E0%A5%87%E0%A4%A8+%E0%A4%95%E0%A5%8B+%E0%A4%95%E0%A4%BF%E0%A4%AF%E0%A4%BE+%E0%A4%9C%E0%A4%BE%E0%A4%8F%E0%A4%97%E0%A4%BE+%E0%A4%AE%E0%A4%9C%E0%A4%AC%E0%A5%82%E0%A4%A4+-+%E0%A4%AE%E0%A5%81%E0%A4%96%E0%A5%8D%E0%A4%AF%E0%A4%AE%E0%A4%82%E0%A4%A4%E0%A5%8D%E0%A4%B0%E0%A5%80> (referer: https://www.google.com/)
warning: urllib failed (HTTP Error 429: Too Many Requests), retrying via scrapling: translate.googleapis.com
[2026-08-25 07:49:24] INFO: Fetched (200) <GET https://translate.googleapis.com/translate_a/single?client=gtx&sl=auto&tl=en&dt=t&q=%E0%A4%AE%E0%A5%81%E0%A4%96%E0%A5%8D%E0%A4%AF%E0%A4%AE%E0%A4%82%E0%A4%A4%E0%A5%8D%E0%A4%B0%E0%A5%80+%E0%A4%A8%E0%A5%87+%E0%A4%97%E0%A5%8B%E0%A4%AA%E0%A4%BE%E0%A4%B2%E0%A4%97%E0%A4%82%E0%A4%9C+%E0%A4%9C%E0%A4%BF%E0%A4%B2%E0%A5%87+%E0%A4%AE%E0%A5%87%E0%A4%82+%E0%A4%AA%E0%A5%8D%E0%A4%B0%E0%A4%B8%E0%A5%8D%E0%A4%A4%E0%A4%BE%E0%A4%B5%E0%A4%BF%E0%A4%A4+%E0%A4%AE%E0%A4%BE%E0%A4%82+%E0%A4%A5%E0%A4%BE%E0%A4%B5%E0%A5%87+%E0%A4%AE%E0%A5%87%E0%A4%A1%E0%A4%BF%E0%A4%95%E0%A4%B2+%E0%A4%95%E0%A5%89%E0%A4%B2%E0%A5%87%E0%A4%9C+%E0%A4%8F%E0%A4%B5%E0%A4%82+%E0%A4%85%E0%A4%B8%E0%A5%8D%E0%A4%AA%E0%A4%A4%E0%A4%BE%E0%A4%B2+%E0%A4%95%E0%A5%87+%E0%A4%B8%E0%A5%8D%E0%A4%A5%E0%A4%B2+%E0%A4%95%E0%A4%BE+%E0%A4%95%E0%A4%BF%E0%A4%AF%E0%A4%BE+%E0%A4%A8%E0%A4%BF%E0%A4%B0%E0%A5%80%E0%A4%95%E0%A5%8D%E0%A4%B7%E0%A4%A3%2C+%E0%A4%A6%E0%A4%BF%E0%A4%8F+%E0%A4%86%E0%A4%B5%E0%A4%B6%E0%A5%8D%E0%A4%AF%E0%A4%95+%E0%A4%A6%E0%A4%BF%E0%A4%B6%E0%A4%BE-%E0%A4%A8%E0%A4%BF%E0%A4%B0%E0%A5%8D%E0%A4%A6%E0%A5%87%E0%A4%B6> (referer: https://www.google.com/)
warning: urllib failed (HTTP Error 429: Too Many Requests), retrying via scrapling: translate.googleapis.com
[2026-08-25 07:49:26] INFO: Fetched (200) <GET https://translate.googleapis.com/translate_a/single?client=gtx&sl=auto&tl=en&dt=t&q=%E0%A4%AE%E0%A5%81%E0%A4%96%E0%A5%8D%E0%A4%AF%E0%A4%AE%E0%A4%82%E0%A4%A4%E0%A5%8D%E0%A4%B0%E0%A5%80+%E0%A4%A8%E0%A5%87+%E0%A4%A5%E0%A4%BE%E0%A4%B5%E0%A5%87+%E0%A4%AE%E0%A4%82%E0%A4%A6%E0%A4%BF%E0%A4%B0+%E0%A4%AE%E0%A5%87%E0%A4%82+%E0%A4%AA%E0%A5%82%E0%A4%9C%E0%A4%BE-%E0%A4%85%E0%A4%B0%E0%A5%8D%E0%A4%9A%E0%A4%A8%E0%A4%BE+%E0%A4%95%E0%A4%B0+%E0%A4%B0%E0%A4%BE%E0%A4%9C%E0%A5%8D%E0%A4%AF+%E0%A4%95%E0%A5%80+%E0%A4%B8%E0%A5%81%E0%A4%96%2C+%E0%A4%B6%E0%A4%BE%E0%A4%82%E0%A4%A4%E0%A4%BF%2C+%E0%A4%96%E0%A5%81%E0%A4%B6%E0%A4%B9%E0%A4%BE%E0%A4%B2%E0%A5%80+%E0%A4%8F%E0%A4%B5%E0%A4%82+%E0%A4%B8%E0%A4%AE%E0%A5%83%E0%A4%A6%E0%A5%8D%E0%A4%A7%E0%A4%BF+%E0%A4%95%E0%A5%80+%E0%A4%95%E0%A4%BE%E0%A4%AE%E0%A4%A8%E0%A4%BE+%E0%A4%95%E0%A5%80> (referer: https://www.google.com/)
warning: urllib failed (HTTP Error 429: Too Many Requests), retrying via scrapling: translate.googleapis.com
[2026-08-25 07:49:28] INFO: Fetched (200) <GET https://translate.googleapis.com/translate_a/single?client=gtx&sl=auto&tl=en&dt=t&q=%E0%A4%8F%E0%A4%B20%E0%A4%8F%E0%A4%A80%E0%A4%8F%E0%A4%AE0%E0%A4%86%E0%A4%880+%E0%A4%95%E0%A5%87+%E0%A4%B5%E0%A4%BF%E0%A4%A6%E0%A5%8D%E0%A4%AF%E0%A4%BE%E0%A4%B0%E0%A5%8D%E0%A4%A5%E0%A4%BF%E0%A4%AF%E0%A5%8B%E0%A4%82+%E0%A4%95%E0%A5%8B+%E2%80%98%E0%A4%97%E0%A4%82%E0%A4%97%E0%A4%BE+%E0%A4%9F%E0%A5%82+%E0%A4%97%E0%A5%8D%E0%A4%B2%E0%A5%8B%E0%A4%AC%E0%A4%B2%E2%80%99+%E0%A4%95%E0%A5%87+%E0%A4%A4%E0%A4%B9%E0%A4%A4+%E0%A4%B5%E0%A4%BF%E0%A4%A6%E0%A5%87%E0%A4%B6+%E0%A4%95%E0%A5%87+%E0%A4%AA%E0%A5%8D%E0%A4%B0%E0%A4%A4%E0%A4%BF%E0%A4%B7%E0%A5%8D%E0%A4%A0%E0%A4%BF%E0%A4%A4+%E0%A4%B8%E0%A4%82%E0%A4%B8%E0%A5%8D%E0%A4%A5%E0%A4%BE%E0%A4%A8%E0%A5%8B%E0%A4%82+%E0%A4%B8%E0%A5%87+%E0%A4%B8%E0%A5%80%E0%A4%96%E0%A4%A8%E0%A5%87+%E0%A4%95%E0%A4%BE+%E0%A4%AE%E0%A4%BF%E0%A4%B2%E0%A5%87%E0%A4%97%E0%A4%BE+%E0%A4%85%E0%A4%B5%E0%A4%B8%E0%A4%B0%2C+%E0%A4%AA%E0%A5%8D%E0%A4%B0%E0%A4%A4%E0%A5%8D%E0%A4%AF%E0%A5%87%E0%A4%95+%E0%A4%B8%E0%A4%A4%E0%A5%8D%E0%A4%B0+%E0%A4%AE%E0%A5%87%E0%A4%82+100+%E0%A4%B5%E0%A4%BF%E0%A4%A6%E0%A5%8D%E0%A4%AF%E0%A4%BE%E0%A4%B0%E0%A5%8D%E0%A4%A5%E0%A4%BF%E0%A4%AF%E0%A5%8B%E0%A4%82+%E0%A4%95%E0%A5%8B+1+%E0%A4%AE%E0%A4%B9%E0%A5%80%E0%A4%A8%E0%A5%87+%E0%A4%95%E0%A5%87+%E0%A4%B2%E0%A4%BF%E0%A4%AF%E0%A5%87+%E0%A4%AD%E0%A5%87%E0%A4%9C%E0%A4%BE+%E0%A4%9C%E0%A4%BE%E0%A4%8F%E0%A4%97%E0%A4%BE+%E0%A4%B5%E0%A4%BF%E0%A4%A6%E0%A5%87%E0%A4%B6%3A-+%E0%A4%AE%E0%A5%81%E0%A4%96%E0%A5%8D%E0%A4%AF%E0%A4%AE%E0%A4%82%E0%A4%A4%E0%A5%8D%E0%A4%B0%E0%A5%80> (referer: https://www.google.com/)
warning: urllib failed (HTTP Error 429: Too Many Requests), retrying via scrapling: translate.googleapis.com
[2026-08-25 07:49:31] INFO: Fetched (200) <GET https://translate.googleapis.com/translate_a/single?client=gtx&sl=auto&tl=en&dt=t&q=%E0%A4%85%E0%A4%9A%E0%A5%8D%E0%A4%9B%E0%A5%80+%E0%A4%94%E0%A4%B0+%E0%A4%97%E0%A5%81%E0%A4%A3%E0%A4%B5%E0%A4%A4%E0%A5%8D%E0%A4%A4%E0%A4%BE%E0%A4%AA%E0%A5%82%E0%A4%B0%E0%A5%8D%E0%A4%A3+%E0%A4%89%E0%A4%9A%E0%A5%8D%E0%A4%9A+%E0%A4%B6%E0%A4%BF%E0%A4%95%E0%A5%8D%E0%A4%B7%E0%A4%BE+%E0%A4%95%E0%A5%87+%E0%A4%B2%E0%A4%BF%E0%A4%8F+%E0%A4%AA%E0%A5%81%E0%A4%B8%E0%A5%8D%E0%A4%A4%E0%A4%95%E0%A4%BE%E0%A4%B2%E0%A4%AF+%E0%A4%AC%E0%A5%87%E0%A4%B9%E0%A4%A6+%E0%A4%9C%E0%A4%B0%E0%A5%82%E0%A4%B0%E0%A5%80-+%E0%A4%B0%E0%A4%BE%E0%A4%9C%E0%A5%8D%E0%A4%AF%E0%A4%AA%E0%A4%BE%E0%A4%B2> (referer: https://www.google.com/)
warning: urllib failed (HTTP Error 429: Too Many Requests), retrying via scrapling: translate.googleapis.com
[2026-08-25 07:49:33] INFO: Fetched (200) <GET https://translate.googleapis.com/translate_a/single?client=gtx&sl=auto&tl=en&dt=t&q=%E0%A4%B0%E0%A4%BE%E0%A4%9C%E0%A5%8D%E0%A4%AF%E0%A4%AA%E0%A4%BE%E0%A4%B2+%E0%A4%A8%E0%A5%87+%E0%A4%89%E0%A4%9A%E0%A5%8D%E0%A4%9A+%E0%A4%B6%E0%A4%BF%E0%A4%95%E0%A5%8D%E0%A4%B7%E0%A4%BE+%E0%A4%AE%E0%A5%87%E0%A4%82+%E0%A4%B8%E0%A5%81%E0%A4%A7%E0%A4%BE%E0%A4%B0+%E0%A4%95%E0%A5%87+%E0%A4%B2%E0%A4%BF%E0%A4%8F+%E0%A4%A6%E0%A4%BF%E0%A4%8F+%E0%A4%85%E0%A4%B9%E0%A4%AE+%E0%A4%A8%E0%A4%BF%E0%A4%B0%E0%A5%8D%E0%A4%A6%E0%A5%87%E0%A4%B6> (referer: https://www.google.com/)
warning: urllib failed (HTTP Error 429: Too Many Requests), retrying via scrapling: translate.googleapis.com
[2026-08-25 07:49:35] INFO: Fetched (200) <GET https://translate.googleapis.com/translate_a/single?client=gtx&sl=auto&tl=en&dt=t&q=%E0%A4%AC%E0%A5%81%E0%A4%9C%E0%A5%81%E0%A4%B0%E0%A5%8D%E0%A4%97%E0%A5%8B%E0%A4%82+%E0%A4%95%E0%A5%80+%E0%A4%B8%E0%A5%87%E0%A4%B5%E0%A4%BE+%E0%A4%94%E0%A4%B0+%E0%A4%B8%E0%A4%AE%E0%A5%8D%E0%A4%AE%E0%A4%BE%E0%A4%A8+%E0%A4%B9%E0%A4%AE%E0%A4%BE%E0%A4%B0%E0%A5%80+%E0%A4%B8%E0%A4%B0%E0%A5%8D%E0%A4%B5%E0%A5%8B%E0%A4%9A%E0%A5%8D%E0%A4%9A+%E0%A4%AA%E0%A5%8D%E0%A4%B0%E0%A4%BE%E0%A4%A5%E0%A4%AE%E0%A4%BF%E0%A4%95%E0%A4%A4%E0%A4%BE%E0%A4%8F+%E0%A4%B5%E0%A5%83%E0%A4%A6%E0%A5%8D%E0%A4%A7%E0%A4%BE%E0%A4%B6%E0%A5%8D%E0%A4%B0%E0%A4%AE%E0%A5%8B%E0%A4%82+%E0%A4%95%E0%A5%80+%E0%A4%B8%E0%A5%81%E0%A4%B5%E0%A4%BF%E0%A4%A7%E0%A4%BE%E0%A4%93%E0%A4%82+%E0%A4%95%E0%A5%8B+%E0%A4%95%E0%A4%BF%E0%A4%AF%E0%A4%BE+%E0%A4%9C%E0%A4%BE%E0%A4%8F%E0%A4%97%E0%A4%BE+%E0%A4%94%E0%A4%B0+%E0%A4%B8%E0%A5%81%E0%A4%A6%E0%A5%83%E0%A5%9D+%E0%A4%A1%E0%A5%89%E0%A4%A3%E0%A5%8D+%E0%A4%B6%E0%A5%8D%E0%A4%B5%E0%A5%87%E0%A4%A4%E0%A4%BE+%E0%A4%97%E0%A5%81%E0%A4%AA%E0%A5%8D%E0%A4%A4%E0%A4%BE> (referer: https://www.google.com/)
warning: urllib failed (HTTP Error 429: Too Many Requests), retrying via scrapling: translate.googleapis.com
[2026-08-25 07:49:37] INFO: Fetched (200) <GET https://translate.googleapis.com/translate_a/single?client=gtx&sl=auto&tl=en&dt=t&q=%E0%A4%B5%E0%A4%BF%E0%A4%B6%E0%A5%8D%E0%A4%B5%E0%A4%B5%E0%A4%BF%E0%A4%A6%E0%A5%8D%E0%A4%AF%E0%A4%BE%E0%A4%B2%E0%A4%AF+%E0%A4%B6%E0%A4%BF%E0%A4%95%E0%A5%8D%E0%A4%B7%E0%A4%95%E0%A5%8B%E0%A4%82+%E0%A4%95%E0%A5%87+%E0%A4%95%E0%A5%8D%E0%A4%B7%E0%A4%AE%E0%A4%A4%E0%A4%BE+%E0%A4%B5%E0%A4%BF%E0%A4%95%E0%A4%BE%E0%A4%B8+%E0%A4%95%E0%A5%87+%E0%A4%B2%E0%A4%BF%E0%A4%8F+%E0%A4%AC%E0%A4%BF%E0%A4%B9%E0%A4%BE%E0%A4%B0+%E0%A4%B2%E0%A5%8B%E0%A4%95+%E0%A4%AD%E0%A4%B5%E0%A4%A8+%E0%A4%A8%E0%A5%87+%E0%A4%95%E0%A5%80+%E0%A4%AA%E0%A4%B9%E0%A4%B2> (referer: https://www.google.com/)
warning: urllib failed (HTTP Error 429: Too Many Requests), retrying via scrapling: translate.googleapis.com
[2026-08-25 07:49:39] INFO: Fetched (200) <GET https://translate.googleapis.com/translate_a/single?client=gtx&sl=auto&tl=en&dt=t&q=%E0%A4%B0%E0%A4%BE%E0%A4%9C%E0%A5%8D%E0%A4%AF+%E0%A4%95%E0%A5%87+03+%E0%A4%9C%E0%A4%BF%E0%A4%B2%E0%A5%8B%E0%A4%82+%E0%A4%AE%E0%A5%87%E0%A4%82+%E0%A4%B5%E0%A4%9C%E0%A5%8D%E0%A4%B0%E0%A4%AA%E0%A4%BE%E0%A4%A4+%E0%A4%B8%E0%A5%87+09+%E0%A4%B2%E0%A5%8B%E0%A4%97%E0%A5%8B%E0%A4%82+%E0%A4%95%E0%A5%80+%E0%A4%AE%E0%A5%8C%E0%A4%A4+%E0%A4%AA%E0%A4%B0+%E0%A4%AE%E0%A5%81%E0%A4%96%E0%A5%8D%E0%A4%AF%E0%A4%AE%E0%A4%82%E0%A4%A4%E0%A5%8D%E0%A4%B0%E0%A5%80+%E0%A4%AE%E0%A4%B0%E0%A5%8D%E0%A4%AE%E0%A4%BE%E0%A4%B9%E0%A4%A4%2C+%E0%A4%97%E0%A4%B9%E0%A4%B0%E0%A5%80+%E0%A4%B6%E0%A5%8B%E0%A4%95+%E0%A4%B8%E0%A4%82%E0%A4%B5%E0%A5%87%E0%A4%A6%E0%A4%A8%E0%A4%BE+%E0%A4%B5%E0%A5%8D%E0%A4%AF%E0%A4%95%E0%A5%8D%E0%A4%A4+%E0%A4%95%E0%A5%80> (referer: https://www.google.com/)
warning: urllib failed (HTTP Error 429: Too Many Requests), retrying via scrapling: translate.googleapis.com
[2026-08-25 07:49:42] INFO: Fetched (200) <GET https://translate.googleapis.com/translate_a/single?client=gtx&sl=auto&tl=en&dt=t&q=%E0%A4%AE%E0%A5%81%E0%A4%96%E0%A5%8D%E0%A4%AF%E0%A4%AE%E0%A4%82%E0%A4%A4%E0%A5%8D%E0%A4%B0%E0%A5%80+%E0%A4%A8%E0%A5%87+%E0%A4%B8%E0%A5%8D%E0%A4%B50+%E0%A4%97%E0%A5%81%E0%A4%B0%E0%A5%82+%E0%A4%B8%E0%A4%B9%E0%A4%BE%E0%A4%AF+%E0%A4%B2%E0%A4%BE%E0%A4%B2+%E0%A4%9C%E0%A5%80+%E0%A4%95%E0%A5%87+%E0%A4%9C%E0%A4%A8%E0%A5%8D%E0%A4%AE+%E0%A4%A6%E0%A4%BF%E0%A4%B5%E0%A4%B8+%E0%A4%95%E0%A5%87+%E0%A4%85%E0%A4%B5%E0%A4%B8%E0%A4%B0+%E0%A4%AA%E0%A4%B0+%E0%A4%89%E0%A4%A8%E0%A5%8D%E0%A4%B9%E0%A5%87%E0%A4%82+%E0%A4%A8%E0%A4%AE%E0%A4%A8+%E0%A4%95%E0%A4%BF%E0%A4%AF%E0%A4%BE> (referer: https://www.google.com/)
warning: urllib failed (HTTP Error 429: Too Many Requests), retrying via scrapling: translate.googleapis.com
[2026-08-25 07:49:44] INFO: Fetched (200) <GET https://translate.googleapis.com/translate_a/single?client=gtx&sl=auto&tl=en&dt=t&q=%E0%A4%B6%E0%A4%B9%E0%A5%80%E0%A4%A6+%E0%A4%A6%E0%A4%BF%E0%A4%B5%E0%A4%B8+%E0%A4%AA%E0%A4%B0+%E0%A4%85%E0%A4%AE%E0%A4%B0+%E0%A4%B8%E0%A5%8D%E0%A4%B5%E0%A4%A4%E0%A4%82%E0%A4%A4%E0%A5%8D%E0%A4%B0%E0%A4%A4%E0%A4%BE+%E0%A4%B8%E0%A5%87%E0%A4%A8%E0%A4%BE%E0%A4%A8%E0%A4%BF%E0%A4%AF%E0%A5%8B%E0%A4%82+%E0%A4%95%E0%A5%8B+%E0%A4%AF%E0%A4%BE%E0%A4%A6+%E0%A4%95%E0%A4%B0+%E0%A4%89%E0%A4%A8%E0%A5%8D%E0%A4%B9%E0%A5%87%E0%A4%82+%E0%A4%AD%E0%A4%BE%E0%A4%B5%E0%A4%AD%E0%A5%80%E0%A4%A8%E0%A5%80+%E0%A4%B6%E0%A5%8D%E0%A4%B0%E0%A4%A6%E0%A5%8D%E0%A4%A7%E0%A4%BE%E0%A4%82%E0%A4%9C%E0%A4%B2%E0%A4%BF+%E0%A4%85%E0%A4%B0%E0%A5%8D%E0%A4%AA%E0%A4%BF%E0%A4%A4+%E0%A4%95%E0%A5%80+%E0%A4%97%E0%A4%88> (referer: https://www.google.com/)
warning: urllib failed (HTTP Error 429: Too Many Requests), retrying via scrapling: translate.googleapis.com
[2026-08-25 07:49:46] INFO: Fetched (200) <GET https://translate.googleapis.com/translate_a/single?client=gtx&sl=auto&tl=en&dt=t&q=%E2%80%98%E0%A4%AC%E0%A4%BF%E0%A4%B9%E0%A4%BE%E0%A4%B0+%E0%A4%AA%E0%A5%87%E0%A4%82%E0%A4%B7%E0%A4%A8+%E0%A4%A6%E0%A4%BF%E0%A4%B5%E0%A4%B8%E2%80%99+%E0%A4%AA%E0%A4%B0+%E0%A4%AE%E0%A5%81%E0%A4%96%E0%A5%8D%E0%A4%AF%E0%A4%AE%E0%A4%82%E0%A4%A4%E0%A5%8D%E0%A4%B0%E0%A5%80+%E0%A4%A8%E0%A5%87+1+%E0%A4%95%E0%A4%B0%E0%A5%8B%E0%A5%9C+1+%E0%A4%B2%E0%A4%BE%E0%A4%96+33+%E0%A4%B9%E0%A4%9C%E0%A4%BE%E0%A4%B0+%E0%A4%B8%E0%A4%BE%E0%A4%AE%E0%A4%BE%E0%A4%9C%E0%A4%BF%E0%A4%95+%E0%A4%B8%E0%A5%81%E0%A4%B0%E0%A4%95%E0%A5%8D%E0%A4%B7%E0%A4%BE+%E0%A4%AA%E0%A5%87%E0%A4%82%E0%A4%B6%E0%A4%A8%E0%A4%A7%E0%A4%BE%E0%A4%B0%E0%A4%BF%E0%A4%AF%E0%A5%8B%E0%A4%82+%E0%A4%95%E0%A5%87+%E0%A4%96%E0%A4%BE%E0%A4%A4%E0%A5%87+%E0%A4%AE%E0%A5%87%E0%A4%82+%E0%A4%AA%E0%A5%8D%E0%A4%B0%E0%A4%A4%E0%A4%BF+%E0%A4%B5%E0%A5%8D%E0%A4%AF%E0%A4%95%E0%A5%8D%E0%A4%A4%E0%A4%BF+1100+%E0%A4%B0%E0%A5%82%E0%A4%AA%E0%A4%AF%E0%A5%87+%E0%A4%95%E0%A5%80+%E0%A4%A6%E0%A4%B0+%E0%A4%B8%E0%A5%87+%E0%A4%B0%E0%A4%BE%E0%A4%B6%E0%A4%BF+%E0%A4%95%E0%A4%BE+%E0%A4%95%E0%A4%BF%E0%A4%AF%E0%A4%BE+%E0%A4%B9%E0%A4%B8%E0%A5%8D%E0%A4%A4%E0%A4%BE%E0%A4%82%E0%A4%A4%E0%A4%B0%E0%A4%A3> (referer: https://www.google.com/)
warning: urllib failed (HTTP Error 429: Too Many Requests), retrying via scrapling: translate.googleapis.com
[2026-08-25 07:49:48] INFO: Fetched (200) <GET https://translate.googleapis.com/translate_a/single?client=gtx&sl=auto&tl=en&dt=t&q=%E0%A4%AC%E0%A4%BF%E0%A4%B9%E0%A4%BE%E0%A4%B0%E0%A4%B5%E0%A4%BE%E0%A4%B8%E0%A5%80+%E0%A4%B0%E0%A4%BE%E0%A4%B7%E0%A5%8D%E0%A4%9F%E0%A5%8D%E0%A4%B0+%E0%A4%97%E0%A5%8C%E0%A4%B0%E0%A4%B5+%E0%A4%8F%E0%A4%B5%E0%A4%82+%E0%A4%B0%E0%A4%BE%E0%A4%B7%E0%A5%8D%E0%A4%9F%E0%A5%8D%E0%A4%B0%E0%A5%80%E0%A4%AF+%E0%A4%8F%E0%A4%95%E0%A4%A4%E0%A4%BE+%E0%A4%95%E0%A5%80+%E0%A4%AD%E0%A4%BE%E0%A4%B5%E0%A4%A8%E0%A4%BE+%E0%A4%95%E0%A5%87+%E0%A4%B8%E0%A4%BE%E0%A4%A5+%E2%80%98%E0%A4%B9%E0%A4%B0+%E0%A4%98%E0%A4%B0+%E0%A4%A4%E0%A4%BF%E0%A4%B0%E0%A4%82%E0%A4%97%E0%A4%BE+%E0%A4%85%E0%A4%AD%E0%A4%BF%E0%A4%AF%E0%A4%BE%E0%A4%A8%E2%80%99+%E0%A4%AE%E0%A5%87%E0%A4%82+%E0%A4%AC%E0%A5%9D-%E0%A4%9A%E0%A5%9D+%E0%A4%95%E0%A4%B0+%E0%A4%B6%E0%A4%BE%E0%A4%AE%E0%A4%BF%E0%A4%B2+%E0%A4%B9%E0%A5%8B%E0%A4%82%3A-+%E0%A4%AE%E0%A5%81%E0%A4%96%E0%A5%8D%E0%A4%AF%E0%A4%AE%E0%A4%82%E0%A4%A4%E0%A5%8D%E0%A4%B0%E0%A5%80> (referer: https://www.google.com/)
warning: urllib failed (HTTP Error 429: Too Many Requests), retrying via scrapling: translate.googleapis.com
[2026-08-25 07:49:50] INFO: Fetched (200) <GET https://translate.googleapis.com/translate_a/single?client=gtx&sl=auto&tl=en&dt=t&q=Bhubaneswar+MP+Aparajita+Sarangi+Meets+CM+Mohan+Charan+Majhi%2C+Discusses+Constituency+Development%E2%80%A6> (referer: https://www.google.com/)
warning: urllib failed (HTTP Error 429: Too Many Requests), retrying via scrapling: translate.googleapis.com
[2026-08-25 07:49:51] INFO: Fetched (200) <GET https://translate.googleapis.com/translate_a/single?client=gtx&sl=auto&tl=en&dt=t&q=Chief+Minister+Holds+High-Level+Review+Meeting+to+Find+a+Permanent+Solution+to+Traffic+Problems+in%E2%80%A6> (referer: https://www.google.com/)
warning: urllib failed (HTTP Error 429: Too Many Requests), retrying via scrapling: translate.googleapis.com
[2026-08-25 07:49:52] INFO: Fetched (200) <GET https://translate.googleapis.com/translate_a/single?client=gtx&sl=auto&tl=en&dt=t&q=Chief+Minister+Visits+Affected+Areas+of+Shyamsundarpur+Panchayat+in+Tihidi+Block%2C+Bhadrak%2C+to%E2%80%A6> (referer: https://www.google.com/)
warning: urllib failed (HTTP Error 429: Too Many Requests), retrying via scrapling: translate.googleapis.com
[2026-08-25 07:49:53] INFO: Fetched (200) <GET https://translate.googleapis.com/translate_a/single?client=gtx&sl=auto&tl=en&dt=t&q=Chief+Minister+Joins+%E2%80%98Har+Ghar+Tiranga%E2%80%99+Campaign%2C+Hoists+Tricolour+at+Residence> (referer: https://www.google.com/)
warning: urllib failed (HTTP Error 429: Too Many Requests), retrying via scrapling: translate.googleapis.com
[2026-08-25 07:49:54] INFO: Fetched (200) <GET https://translate.googleapis.com/translate_a/single?client=gtx&sl=auto&tl=en&dt=t&q=Chief+Minister+Reviews+Finance+Department%2C+Advises+Improving+Revenue+Collection+Efficiency+and%E2%80%A6> (referer: https://www.google.com/)
warning: urllib failed (HTTP Error 429: Too Many Requests), retrying via scrapling: translate.googleapis.com
[2026-08-25 07:49:55] INFO: Fetched (200) <GET https://translate.googleapis.com/translate_a/single?client=gtx&sl=auto&tl=en&dt=t&q=Haryana%E2%80%99s+Economic+Growth+Gains+Fresh+Momentum%2C+State%E2%80%99s+Products+to+Reach+Global+Markets> (referer: https://www.google.com/)
warning: urllib failed (HTTP Error 429: Too Many Requests), retrying via scrapling: translate.googleapis.com
[2026-08-25 07:49:56] INFO: Fetched (200) <GET https://translate.googleapis.com/translate_a/single?client=gtx&sl=auto&tl=en&dt=t&q=Haryana+to+implement+%E2%80%98Water+Secure+Haryana%E2%80%99+programme%3A+Agriculture+and+Farmers%E2%80%99+Welfare+Minister+Sh.+Shyam+Singh+Rana> (referer: https://www.google.com/)
warning: urllib failed (HTTP Error 429: Too Many Requests), retrying via scrapling: translate.googleapis.com
[2026-08-25 07:49:57] INFO: Fetched (200) <GET https://translate.googleapis.com/translate_a/single?client=gtx&sl=auto&tl=en&dt=t&q=Haryana+Takes+a+Step+Forward+in+Global+Engagement+with+%E2%80%98Go+Global%E2%80%99+Approach> (referer: https://www.google.com/)
warning: urllib failed (HTTP Error 429: Too Many Requests), retrying via scrapling: translate.googleapis.com
[2026-08-25 07:49:58] INFO: Fetched (200) <GET https://translate.googleapis.com/translate_a/single?client=gtx&sl=auto&tl=en&dt=t&q=Haryana+clarifies+stamp+duty+waiver+on+family+property+transfers+covers+daughter%E2%80%99s+children%3A+FCR+Dr.+Sumita+Misra> (referer: https://www.google.com/)
warning: urllib failed (HTTP Error 429: Too Many Requests), retrying via scrapling: translate.googleapis.com
[2026-08-25 07:50:00] INFO: Fetched (200) <GET https://translate.googleapis.com/translate_a/single?client=gtx&sl=auto&tl=en&dt=t&q=Haryana+Moving+Ahead+with+Resolve+of+%E2%80%98Viksit+Bharat-Viksit+Haryana%E2%80%99-+Chief+Minister> (referer: https://www.google.com/)
warning: urllib failed (HTTP Error 429: Too Many Requests), retrying via scrapling: translate.googleapis.com
[2026-08-25 07:50:01] INFO: Fetched (200) <GET https://translate.googleapis.com/translate_a/single?client=gtx&sl=auto&tl=en&dt=t&q=Haryana+Approves+Digital+%E2%80%98Prime+Khasra%E2%80%99+Module+to+Streamline+Land+Record+Management> (referer: https://www.google.com/)
warning: urllib failed (HTTP Error 429: Too Many Requests), retrying via scrapling: translate.googleapis.com
[2026-08-25 07:50:02] INFO: Fetched (200) <GET https://translate.googleapis.com/translate_a/single?client=gtx&sl=auto&tl=en&dt=t&q=Haryana+Gears+Up+For+%E2%80%98Reform+Utsav%E2%80%99+to+Turn+Citizen+Voice+into+Governance+Reforms> (referer: https://www.google.com/)
warning: urllib failed (HTTP Error 429: Too Many Requests), retrying via scrapling: translate.googleapis.com
[2026-08-25 07:50:03] INFO: Fetched (200) <GET https://translate.googleapis.com/translate_a/single?client=gtx&sl=auto&tl=en&dt=t&q=%E2%80%98Har+Ghar+Tiranga%E2%80%99+Campaign+Aims+to+Strengthen+the+Spirit+of+Patriotism+among+Every+Citizen-+Shyam+Singh+Rana> (referer: https://www.google.com/)
warning: urllib failed (HTTP Error 429: Too Many Requests), retrying via scrapling: translate.googleapis.com
[2026-08-25 07:50:04] INFO: Fetched (200) <GET https://translate.googleapis.com/translate_a/single?client=gtx&sl=auto&tl=en&dt=t&q=Haryana+leads+Nation+in+educational+institution+participation+in+%E2%80%98Nashamukt+Yuva+for+Viksit+Bharat+Sankalp+Abhiyan%E2%80%99> (referer: https://www.google.com/)
warning: urllib failed (HTTP Error 429: Too Many Requests), retrying via scrapling: translate.googleapis.com
[2026-08-25 07:50:05] INFO: Fetched (200) <GET https://translate.googleapis.com/translate_a/single?client=gtx&sl=auto&tl=en&dt=t&q=Haryana+to+Turn+%E2%80%98Har+Ghar+Tiranga%E2%80%99+into+a+People%E2%80%99s+Movement-+Chief+Minister> (referer: https://www.google.com/)
warning: urllib failed (HTTP Error 429: Too Many Requests), retrying via scrapling: translate.googleapis.com
[2026-08-25 07:50:06] INFO: Fetched (200) <GET https://translate.googleapis.com/translate_a/single?client=gtx&sl=auto&tl=en&dt=t&q=Staff+Nurses+in+ESI+to+be+Redesignated+as+%E2%80%98Nursing+Officers%E2%80%99%3B+Nursing+Sisters+to+Become+%E2%80%98Senior+Nursing+Officers%E2%80%99%3A+Labour+Minister+Anil+Vij> (referer: https://www.google.com/)
warning: urllib failed (HTTP Error 429: Too Many Requests), retrying via scrapling: translate.googleapis.com
[2026-08-25 07:50:07] INFO: Fetched (200) <GET https://translate.googleapis.com/translate_a/single?client=gtx&sl=auto&tl=en&dt=t&q=Major+Decision+in+Students%E2%80%99+Interest%3B+Admission+Dates+Extended+for+First-Year+Undergraduate+Courses%3B+Admission+Portal+to+Reopen+on+August+9%3A+Education+Minister+Mahipal+Dhanda> (referer: https://www.google.com/)
MP (Madhya Pradesh): fetched 465, 23 new (19 machine-translated) -> 63917 total in register
AP (Andhra Pradesh): fetched 106, 0 new (0 machine-translated) -> 106 total in register
UP (Uttar Pradesh): fetched 60, 3 new (3 machine-translated) -> 272 total in register
GJ (Gujarat): fetched 29, 5 new (5 machine-translated) -> 182 total in register
MH (Maharashtra): fetched 200, 18 new (18 machine-translated) -> 26366 total in register
KA (Karnataka): fetched 103, 4 new (0 machine-translated) -> 103 total in register
GA (Goa): fetched 200, 0 new (0 machine-translated) -> 335 total in register
RJ (Rajasthan): fetched 100, 32 new (32 machine-translated) -> 74396 total in register
PB (Punjab): fetched 17, 0 new (0 machine-translated) -> 34 total in register
MZ (Mizoram): fetched 50, 1 new (0 machine-translated) -> 97 total in register
NL (Nagaland): fetched 23, 0 new (0 machine-translated) -> 114 total in register
SK (Sikkim): fetched 30, 0 new (0 machine-translated) -> 84 total in register
CH (Chandigarh): fetched 21, 0 new (0 machine-translated) -> 21 total in register
DD (DNH & Daman-Diu): fetched 24, 0 new (0 machine-translated) -> 53 total in register
KL (Kerala): fetched 0, 0 new (0 machine-translated) -> 236 total in register
TS (Telangana): fetched 10, 0 new (0 machine-translated) -> 20 total in register
AS (Assam): fetched 14, 0 new (0 machine-translated) -> 13 total in register
TN (Tamil Nadu): fetched 269, 1 new (0 machine-translated) -> 277 total in register
BR (Bihar): fetched 30, 0 new (0 machine-translated) -> 30 total in register
OD (Odisha): fetched 12, 0 new (0 machine-translated) -> 12 total in register
HR (Haryana): fetched 100, 8 new (3 machine-translated) -> 108 total in register
DL (Delhi (NCT)): fetched 7, 0 new (0 machine-translated) -> 7 total in register
WB (West Bengal): fetched 28, 0 new (0 machine-translated) -> 28 total in register
backfill: 48/48 rows gained title_en
signal pass: 0 translated, 0 failures this run (rerun resumes automatically; untranslated non-signal rows stay native)
reportage: 4095 scheme-mapped announcements across 39 quarters -> /Users/umashankar/digital-twin-for-ipa/docs/REPORTAGE.md
reportage html: 4095 rows pre-rendered -> /Users/umashankar/digital-twin-for-ipa/docs/reportage.html
reportage ministry html: 4095 central rows + 25 state rows across 49 ministries -> /Users/umashankar/digital-twin-for-ipa/docs/reportage_ministry.html
reportage latest html: 126 central rows, 564 state-wire rows (30d window) -> /Users/umashankar/digital-twin-for-ipa/docs/reportage_latest.html
reportage states html: 14881 classified rows across 29 quarters -> /Users/umashankar/digital-twin-for-ipa/docs/reportage_states.html
  2026-08-26   58 releases
indexed 58 release rows 2026-08-26 → 2026-08-26
warning: urllib failed (HTTP Error 429: Too Many Requests), retrying via scrapling: translate.googleapis.com
[2026-08-26 07:40:33] INFO: Fetched (200) <GET https://translate.googleapis.com/translate_a/single?client=gtx&sl=auto&tl=en&dt=t&q=Cabinet+Approves+%E2%82%B910%2C630+Cr+to+Accelerate+Infrastructure%2C+Healthcare%2C+Cybersecurity+and+Social+Welfare> (referer: https://www.google.com/)
warning: urllib failed (HTTP Error 429: Too Many Requests), retrying via scrapling: translate.googleapis.com
[2026-08-26 07:40:34] INFO: Fetched (200) <GET https://translate.googleapis.com/translate_a/single?client=gtx&sl=auto&tl=en&dt=t&q=UPI+under+PM+Shri+Modi+Gives+Major+Boost+to+India%E2%80%99s+Digital+Payments%3A+CM+Dr.+Yadav> (referer: https://www.google.com/)
warning: urllib failed (HTTP Error 429: Too Many Requests), retrying via scrapling: translate.googleapis.com
[2026-08-26 07:40:35] INFO: Fetched (200) <GET https://translate.googleapis.com/translate_a/single?client=gtx&sl=auto&tl=en&dt=t&q=With+Baba+Mahakal%E2%80%99s+Blessings%2C+Simhastha+2028+Will+Be+Grand+and+Divine%3A+CM+Dr.+Yadav> (referer: https://www.google.com/)
warning: urllib failed (HTTP Error 429: Too Many Requests), retrying via scrapling: translate.googleapis.com
[2026-08-26 07:40:36] INFO: Fetched (200) <GET https://translate.googleapis.com/translate_a/single?client=gtx&sl=auto&tl=en&dt=t&q=State+Government+Committed+to+Employees%E2%80%99+Welfare+and+Promotions%3A+CM+Dr.+Yadav> (referer: https://www.google.com/)
warning: urllib failed (HTTP Error 429: Too Many Requests), retrying via scrapling: translate.googleapis.com
[2026-08-26 07:40:37] INFO: Fetched (200) <GET https://translate.googleapis.com/translate_a/single?client=gtx&sl=auto&tl=en&dt=t&q=CM+Dr.+Yadav+to+Inaugurate+Godrej%E2%80%99s+Fourth+Manufacturing+Unit+in+Malanpur+on+August+26> (referer: https://www.google.com/)
warning: urllib failed (HTTP Error 429: Too Many Requests), retrying via scrapling: translate.googleapis.com
[2026-08-26 07:40:38] INFO: Fetched (200) <GET https://translate.googleapis.com/translate_a/single?client=gtx&sl=auto&tl=en&dt=t&q=%E0%A4%AA%E0%A5%8D%E0%A4%B0%E0%A4%A6%E0%A5%87%E0%A4%B6+%E0%A4%95%E0%A5%87+%E0%A4%87%E0%A4%82%E0%A4%AB%E0%A5%8D%E0%A4%B0%E0%A5%89%E0%A4%B8%E0%A5%8D%E0%A4%9F%E0%A5%8D%E0%A4%B0%E0%A4%95%E0%A5%8D%E0%A4%9A%E0%A4%B0%2C+%E0%A4%B8%E0%A5%8D%E0%A4%B5%E0%A4%BE%E0%A4%B8%E0%A5%8D%E0%A4%A5%E0%A5%8D%E0%A4%AF%2C+%E0%A4%B8%E0%A4%BE%E0%A4%AF%E0%A4%AC%E0%A4%B0+%E0%A4%B8%E0%A5%81%E0%A4%B0%E0%A4%95%E0%A5%8D%E0%A4%B7%E0%A4%BE+%E0%A4%94%E0%A4%B0+%E0%A4%B8%E0%A4%BE%E0%A4%AE%E0%A4%BE%E0%A4%9C%E0%A4%BF%E0%A4%95+%E0%A4%95%E0%A4%B2%E0%A5%8D%E0%A4%AF%E0%A4%BE%E0%A4%A3+%E0%A4%95%E0%A5%8B+%E0%A4%97%E0%A4%A4%E0%A4%BF+%E0%A4%A6%E0%A5%87%E0%A4%A8%E0%A5%87+%E0%A4%95%E0%A5%87+%E0%A4%B2%E0%A4%BF%E0%A4%8F+10+%E0%A4%B9%E0%A4%9C%E0%A4%BE%E0%A4%B0+630+%E0%A4%95%E0%A4%B0%E0%A5%8B%E0%A4%A1%E0%A4%BC+%E0%A4%B0%E0%A5%82%E0%A4%AA%E0%A4%AF%E0%A5%87+%E0%A4%95%E0%A5%80+%E0%A4%B8%E0%A5%8D%E0%A4%B5%E0%A5%80%E0%A4%95%E0%A5%83%E0%A4%A4%E0%A4%BF> (referer: https://www.google.com/)
warning: urllib failed (HTTP Error 429: Too Many Requests), retrying via scrapling: translate.googleapis.com
[2026-08-26 07:40:39] INFO: Fetched (200) <GET https://translate.googleapis.com/translate_a/single?client=gtx&sl=auto&tl=en&dt=t&q=%E0%A4%86%E0%A4%AE+%E0%A4%9C%E0%A4%A8%E0%A4%A4%E0%A4%BE+%E0%A4%95%E0%A5%87+%E0%A4%95%E0%A4%BE%E0%A4%B0%E0%A5%8D%E0%A4%AF+%E0%A4%B8%E0%A4%AE%E0%A4%AF-%E0%A4%B8%E0%A5%80%E0%A4%AE%E0%A4%BE+%E0%A4%AE%E0%A5%87%E0%A4%82+%E0%A4%B9%E0%A5%8B%E0%A4%82+%E0%A4%AA%E0%A5%82%E0%A4%B0%E0%A5%87+%3A+%E0%A4%AE%E0%A5%81%E0%A4%96%E0%A5%8D%E0%A4%AF%E0%A4%AE%E0%A4%82%E0%A4%A4%E0%A5%8D%E0%A4%B0%E0%A5%80+%E0%A4%A1%E0%A5%89.+%E0%A4%AF%E0%A4%BE%E0%A4%A6%E0%A4%B5> (referer: https://www.google.com/)
warning: urllib failed (HTTP Error 429: Too Many Requests), retrying via scrapling: translate.googleapis.com
[2026-08-26 07:40:41] INFO: Fetched (200) <GET https://translate.googleapis.com/translate_a/single?client=gtx&sl=auto&tl=en&dt=t&q=%E0%A4%AA%E0%A5%8D%E0%A4%B0%E0%A4%A7%E0%A4%BE%E0%A4%A8%E0%A4%AE%E0%A4%82%E0%A4%A4%E0%A5%8D%E0%A4%B0%E0%A5%80+%E0%A4%B6%E0%A5%8D%E0%A4%B0%E0%A5%80+%E0%A4%AE%E0%A5%8B%E0%A4%A6%E0%A5%80+%E0%A4%95%E0%A5%87+%E0%A4%A6%E0%A5%82%E0%A4%B0%E0%A4%A6%E0%A4%B0%E0%A5%8D%E0%A4%B6%E0%A5%80+%E0%A4%A8%E0%A5%87%E0%A4%A4%E0%A5%83%E0%A4%A4%E0%A5%8D%E0%A4%B5+%E0%A4%AE%E0%A5%87%E0%A4%82+%E0%A4%AF%E0%A5%82%E0%A4%AA%E0%A5%80%E0%A4%86%E0%A4%88+%E0%A4%A8%E0%A5%87+%E0%A4%A1%E0%A4%BF%E0%A4%9C%E0%A4%BF%E0%A4%9F%E0%A4%B2+%E0%A4%AA%E0%A5%87%E0%A4%AE%E0%A5%87%E0%A4%82%E0%A4%9F+%E0%A4%95%E0%A5%8B+%E0%A4%A6%E0%A5%80+%E0%A4%A8%E0%A4%88+%E0%A4%B0%E0%A4%AB%E0%A5%8D%E0%A4%A4%E0%A4%BE%E0%A4%B0+%3A+%E0%A4%AE%E0%A5%81%E0%A4%96%E0%A5%8D%E0%A4%AF%E0%A4%AE%E0%A4%82%E0%A4%A4%E0%A5%8D%E0%A4%B0%E0%A5%80+%E0%A4%A1%E0%A5%89.+%E0%A4%AF%E0%A4%BE%E0%A4%A6%E0%A4%B5> (referer: https://www.google.com/)
warning: urllib failed (HTTP Error 429: Too Many Requests), retrying via scrapling: translate.googleapis.com
[2026-08-26 07:40:43] INFO: Fetched (200) <GET https://translate.googleapis.com/translate_a/single?client=gtx&sl=auto&tl=en&dt=t&q=%E0%A4%AC%E0%A4%BE%E0%A4%AC%E0%A4%BE+%E0%A4%AE%E0%A4%B9%E0%A4%BE%E0%A4%95%E0%A4%BE%E0%A4%B2+%E0%A4%95%E0%A5%80+%E0%A4%95%E0%A5%83%E0%A4%AA%E0%A4%BE+%E0%A4%B8%E0%A5%87+%E0%A4%B8%E0%A4%BF%E0%A4%82%E0%A4%B9%E0%A4%B8%E0%A5%8D%E0%A4%A5-2028+%E0%A4%95%E0%A4%BE+%E0%A4%86%E0%A4%AF%E0%A5%8B%E0%A4%9C%E0%A4%A8+%E0%A4%AD%E0%A4%B5%E0%A5%8D%E0%A4%AF+%E0%A4%94%E0%A4%B0+%E0%A4%A6%E0%A4%BF%E0%A4%B5%E0%A5%8D%E0%A4%AF+%E0%A4%B9%E0%A5%8B%E0%A4%97%E0%A4%BE+%3A+%E0%A4%AE%E0%A5%81%E0%A4%96%E0%A5%8D%E0%A4%AF%E0%A4%AE%E0%A4%82%E0%A4%A4%E0%A5%8D%E0%A4%B0%E0%A5%80+%E0%A4%A1%E0%A5%89+%E0%A4%AF%E0%A4%BE%E0%A4%A6%E0%A4%B5> (referer: https://www.google.com/)
warning: urllib failed (HTTP Error 429: Too Many Requests), retrying via scrapling: translate.googleapis.com
[2026-08-26 07:40:44] INFO: Fetched (200) <GET https://translate.googleapis.com/translate_a/single?client=gtx&sl=auto&tl=en&dt=t&q=%E0%A4%97%E0%A5%8D%E0%A4%B5%E0%A4%BE%E0%A4%B2%E0%A4%BF%E0%A4%AF%E0%A4%B0+%E0%A4%95%E0%A5%83%E0%A4%B7%E0%A4%BF+%E0%A4%95%E0%A5%87+%E0%A4%95%E0%A5%8D%E0%A4%B7%E0%A5%87%E0%A4%A4%E0%A5%8D%E0%A4%B0+%E0%A4%AE%E0%A5%87%E0%A4%82+%E0%A4%AA%E0%A4%82%E0%A4%9C%E0%A4%BE%E0%A4%AC+%E0%A4%B5+%E0%A4%B9%E0%A4%B0%E0%A4%BF%E0%A4%AF%E0%A4%BE%E0%A4%A3%E0%A4%BE+%E0%A4%B8%E0%A5%87+%E0%A4%AD%E0%A5%80+%E0%A4%86%E0%A4%97%E0%A5%87+%E0%A4%AA%E0%A4%B9%E0%A5%81%E0%A4%81%E0%A4%9A%E0%A5%87%E0%A4%97%E0%A4%BE+%3A+%E0%A4%AE%E0%A5%81%E0%A4%96%E0%A5%8D%E0%A4%AF%E0%A4%AE%E0%A4%82%E0%A4%A4%E0%A5%8D%E0%A4%B0%E0%A5%80+%E0%A4%A1%E0%A5%89.+%E0%A4%AF%E0%A4%BE%E0%A4%A6%E0%A4%B5> (referer: https://www.google.com/)
warning: urllib failed (HTTP Error 429: Too Many Requests), retrying via scrapling: translate.googleapis.com
[2026-08-26 07:40:45] INFO: Fetched (200) <GET https://translate.googleapis.com/translate_a/single?client=gtx&sl=auto&tl=en&dt=t&q=%E0%A4%AA%E0%A5%8D%E0%A4%B0%E0%A4%A6%E0%A5%87%E0%A4%B6+%E0%A4%AE%E0%A5%87%E0%A4%82+%E0%A4%A8%E0%A4%BF%E0%A4%B5%E0%A5%87%E0%A4%B6+%E0%A4%95%E0%A4%BE+%E0%A4%AE%E0%A4%B9%E0%A4%BE%E0%A4%AD%E0%A4%BF%E0%A4%AF%E0%A4%BE%E0%A4%A8+%E0%A4%B2%E0%A4%97%E0%A4%BE%E0%A4%A4%E0%A4%BE%E0%A4%B0+%E0%A4%AC%E0%A5%9D+%E0%A4%B0%E0%A4%B9%E0%A4%BE+%E0%A4%B9%E0%A5%88+%E0%A4%86%E0%A4%97%E0%A5%87+%3A+%E0%A4%AE%E0%A5%81%E0%A4%96%E0%A5%8D%E0%A4%AF%E0%A4%AE%E0%A4%82%E0%A4%A4%E0%A5%8D%E0%A4%B0%E0%A5%80+%E0%A4%A1%E0%A5%89.+%E0%A4%AF%E0%A4%BE%E0%A4%A6%E0%A4%B5> (referer: https://www.google.com/)
warning: urllib failed (HTTP Error 429: Too Many Requests), retrying via scrapling: translate.googleapis.com
[2026-08-26 07:40:47] INFO: Fetched (200) <GET https://translate.googleapis.com/translate_a/single?client=gtx&sl=auto&tl=en&dt=t&q=%E0%A4%B0%E0%A4%BE%E0%A4%9C%E0%A5%8D%E0%A4%AF+%E0%A4%B8%E0%A4%B0%E0%A4%95%E0%A4%BE%E0%A4%B0+%E0%A4%A8%E0%A5%87+%E0%A4%95%E0%A4%B0%E0%A5%8D%E0%A4%AE%E0%A4%9A%E0%A4%BE%E0%A4%B0%E0%A4%BF%E0%A4%AF%E0%A5%8B%E0%A4%82+%E0%A4%95%E0%A5%87+%E0%A4%B9%E0%A4%BF%E0%A4%A4+%E0%A4%94%E0%A4%B0+%E0%A4%89%E0%A4%A8%E0%A4%95%E0%A5%87+%E0%A4%AA%E0%A5%8D%E0%A4%B0%E0%A4%AE%E0%A5%8B%E0%A4%B6%E0%A4%A8+%E0%A4%95%E0%A5%87+%E0%A4%B8%E0%A4%BE%E0%A4%A5+%E0%A4%85%E0%A4%AA%E0%A4%A8%E0%A4%BE+%E0%A4%87%E0%A4%AE%E0%A5%8B%E0%A4%B6%E0%A4%A8+%E0%A4%9C%E0%A5%8B%E0%A4%A1%E0%A4%BC%E0%A4%95%E0%A4%B0+%E0%A4%A8%E0%A4%BF%E0%A4%B0%E0%A5%8D%E0%A4%A3%E0%A4%AF+%E0%A4%B2%E0%A4%BF%E0%A4%AF%E0%A4%BE+%E0%A4%B9%E0%A5%88+%3A+%E0%A4%AE%E0%A5%81%E0%A4%96%E0%A5%8D%E0%A4%AF%E0%A4%AE%E0%A4%82%E0%A4%A4%E0%A5%8D%E0%A4%B0%E0%A5%80+%E0%A4%A1%E0%A5%89.+%E0%A4%AF%E0%A4%BE%E0%A4%A6%E0%A4%B5> (referer: https://www.google.com/)
warning: urllib failed (HTTP Error 429: Too Many Requests), retrying via scrapling: translate.googleapis.com
[2026-08-26 07:40:48] INFO: Fetched (200) <GET https://translate.googleapis.com/translate_a/single?client=gtx&sl=auto&tl=en&dt=t&q=%E0%A4%AE%E0%A5%81%E0%A4%96%E0%A5%8D%E0%A4%AF%E0%A4%AE%E0%A4%82%E0%A4%A4%E0%A5%8D%E0%A4%B0%E0%A5%80+%E0%A4%A1%E0%A5%89.+%E0%A4%AF%E0%A4%BE%E0%A4%A6%E0%A4%B5+26+%E0%A4%85%E0%A4%97%E0%A4%B8%E0%A5%8D%E0%A4%A4+%E0%A4%95%E0%A5%8B+%E0%A4%AE%E0%A4%BE%E0%A4%B2%E0%A4%A8%E0%A4%AA%E0%A5%81%E0%A4%B0+%E0%A4%AE%E0%A5%87%E0%A4%82+%E0%A4%97%E0%A5%89%E0%A4%A6%E0%A4%B0%E0%A5%87%E0%A4%9C+%E0%A4%95%E0%A5%80+%E0%A4%9A%E0%A5%8C%E0%A4%A5%E0%A5%80+%E0%A4%B5%E0%A4%BF%E0%A4%A8%E0%A4%BF%E0%A4%B0%E0%A5%8D%E0%A4%AE%E0%A4%BE%E0%A4%A3+%E0%A4%87%E0%A4%95%E0%A4%BE%E0%A4%88+%E0%A4%95%E0%A4%BE+%E0%A4%95%E0%A4%B0%E0%A5%87%E0%A4%82%E0%A4%97%E0%A5%87+%E0%A4%B6%E0%A5%81%E0%A4%AD%E0%A4%BE%E0%A4%B0%E0%A4%82%E0%A4%AD> (referer: https://www.google.com/)
warning: urllib failed (HTTP Error 429: Too Many Requests), retrying via scrapling: translate.googleapis.com
[2026-08-26 07:40:51] INFO: Fetched (200) <GET https://translate.googleapis.com/translate_a/single?client=gtx&sl=auto&tl=en&dt=t&q=%E0%A4%95%E0%A4%A0%E0%A4%BF%E0%A4%A8+%E0%A4%AA%E0%A4%B0%E0%A4%BF%E0%A4%B8%E0%A5%8D%E0%A4%A5%E0%A4%BF%E0%A4%A4%E0%A4%BF%E0%A4%AF%E0%A5%8B%E0%A4%82+%E0%A4%AE%E0%A5%87%E0%A4%82+%E0%A4%B5%E0%A5%88%E0%A4%B6%E0%A5%8D%E0%A4%B5%E0%A4%BF%E0%A4%95+%E0%A4%AE%E0%A4%82%E0%A4%9A+%E0%A4%AA%E0%A4%B0+%E0%A4%AA%E0%A5%8D%E0%A4%B0%E0%A4%A4%E0%A4%BF%E0%A4%AD%E0%A4%BE+%E0%A4%B8%E0%A4%BE%E0%A4%AC%E0%A4%BF%E0%A4%A4+%E0%A4%95%E0%A4%B0%E0%A4%A8%E0%A4%BE+%E0%A4%AA%E0%A5%82%E0%A4%B0%E0%A5%87+%E0%A4%AA%E0%A5%8D%E0%A4%B0%E0%A4%A6%E0%A5%87%E0%A4%B6+%E0%A4%95%E0%A5%87+%E0%A4%B2%E0%A4%BF%E0%A4%8F+%E0%A4%97%E0%A4%B0%E0%A5%8D%E0%A4%B5+%E0%A4%95%E0%A5%80+%E0%A4%AC%E0%A4%BE%E0%A4%A4+%3A+%E0%A4%AE%E0%A4%82%E0%A4%A4%E0%A5%8D%E0%A4%B0%E0%A5%80+%E0%A4%B6%E0%A5%8D%E0%A4%B0%E0%A5%80+%E0%A4%AA%E0%A4%9F%E0%A5%87%E0%A4%B2> (referer: https://www.google.com/)
warning: urllib failed (HTTP Error 429: Too Many Requests), retrying via scrapling: translate.googleapis.com
[2026-08-26 07:40:53] INFO: Fetched (200) <GET https://translate.googleapis.com/translate_a/single?client=gtx&sl=auto&tl=en&dt=t&q=%E0%A4%8F%E0%A4%A8%E0%A4%B8%E0%A5%80%E0%A4%9F%E0%A5%80%E0%A4%88+%E0%A4%AA%E0%A4%BE%E0%A4%A0%E0%A5%8D%E0%A4%AF%E0%A4%95%E0%A5%8D%E0%A4%B0%E0%A4%AE%E0%A5%8B%E0%A4%82+%E0%A4%AE%E0%A5%87%E0%A4%82+%E0%A4%AA%E0%A5%8D%E0%A4%B0%E0%A4%B5%E0%A5%87%E0%A4%B6+%E0%A4%95%E0%A5%87+%E0%A4%A6%E0%A5%8D%E0%A4%B5%E0%A4%BF%E0%A4%A4%E0%A5%80%E0%A4%AF+%E0%A4%85%E0%A4%A4%E0%A4%BF%E0%A4%B0%E0%A4%BF%E0%A4%95%E0%A5%8D%E0%A4%A4+%E0%A4%9A%E0%A4%B0%E0%A4%A3+%E0%A4%95%E0%A5%80+%E0%A4%A4%E0%A4%BF%E0%A4%A5%E0%A4%BF%E0%A4%AF%E0%A5%8B%E0%A4%82+%E0%A4%AE%E0%A5%87%E0%A4%82+%E0%A4%B5%E0%A5%83%E0%A4%A6%E0%A5%8D%E0%A4%A7%E0%A4%BF> (referer: https://www.google.com/)
warning: urllib failed (HTTP Error 429: Too Many Requests), retrying via scrapling: translate.googleapis.com
[2026-08-26 07:40:55] INFO: Fetched (200) <GET https://translate.googleapis.com/translate_a/single?client=gtx&sl=auto&tl=en&dt=t&q=%E0%A4%B0%E0%A4%BE%E0%A4%9C%E0%A5%8D%E0%A4%AF%E0%A4%AE%E0%A4%82%E0%A4%A4%E0%A5%8D%E0%A4%B0%E0%A5%80+%E0%A4%B6%E0%A5%8D%E0%A4%B0%E0%A5%80%E0%A4%AE%E0%A4%A4%E0%A5%80+%E0%A4%B0%E0%A4%BE%E0%A4%A7%E0%A4%BE+%E0%A4%B8%E0%A4%BF%E0%A4%82%E0%A4%B9+%E0%A4%A8%E0%A5%87+%E0%A4%95%E0%A4%BF%E0%A4%AF%E0%A4%BE+%E0%A4%AD%E0%A5%8B%E0%A4%AA%E0%A4%BE%E0%A4%B2+%E0%A4%B9%E0%A4%BE%E0%A4%9F+%E0%A4%95%E0%A5%87+%E0%A4%B0%E0%A4%BE%E0%A4%96%E0%A5%80+%E0%A4%AE%E0%A5%87%E0%A4%B2%E0%A5%87+%E0%A4%95%E0%A4%BE+%E0%A4%AD%E0%A5%8D%E0%A4%B0%E0%A4%AE%E0%A4%A3> (referer: https://www.google.com/)
warning: urllib failed (HTTP Error 429: Too Many Requests), retrying via scrapling: translate.googleapis.com
[2026-08-26 07:40:57] INFO: Fetched (200) <GET https://translate.googleapis.com/translate_a/single?client=gtx&sl=auto&tl=en&dt=t&q=%E0%A4%B5%E0%A4%BF%E0%A4%A6%E0%A5%8D%E0%A4%AF%E0%A4%BE%E0%A4%B0%E0%A5%8D%E0%A4%A5%E0%A5%80+%E0%A4%95%E0%A5%87%E0%A4%82%E0%A4%A6%E0%A5%8D%E0%A4%B0%E0%A4%BF%E0%A4%A4+%E0%A4%B6%E0%A4%BF%E0%A4%95%E0%A5%8D%E0%A4%B7%E0%A4%BE+%E0%A4%B8%E0%A5%87+%E0%A4%B9%E0%A5%8B%E0%A4%97%E0%A4%BE+%E0%A4%B5%E0%A4%BF%E0%A4%95%E0%A4%B8%E0%A4%BF%E0%A4%A4+%E0%A4%AD%E0%A4%BE%E0%A4%B0%E0%A4%A4+%E0%A4%95%E0%A4%BE+%E0%A4%AE%E0%A4%BE%E0%A4%B0%E0%A5%8D%E0%A4%97+%E0%A4%AA%E0%A5%8D%E0%A4%B0%E0%A4%B6%E0%A4%B8%E0%A5%8D%E0%A4%A4+%3A+%E0%A4%AE%E0%A4%82%E0%A4%A4%E0%A5%8D%E0%A4%B0%E0%A5%80+%E0%A4%B6%E0%A5%8D%E0%A4%B0%E0%A5%80+%E0%A4%AA%E0%A4%B0%E0%A4%AE%E0%A4%BE%E0%A4%B0> (referer: https://www.google.com/)
warning: urllib failed (HTTP Error 429: Too Many Requests), retrying via scrapling: translate.googleapis.com
[2026-08-26 07:40:58] INFO: Fetched (200) <GET https://translate.googleapis.com/translate_a/single?client=gtx&sl=auto&tl=en&dt=t&q=%E0%A4%AE%E0%A4%A7%E0%A5%8D%E0%A4%AF%E0%A4%AA%E0%A5%8D%E0%A4%B0%E0%A4%A6%E0%A5%87%E0%A4%B6+%E0%A4%AA%E0%A5%81%E0%A4%B2%E0%A4%BF%E0%A4%B8+%E0%A4%95%E0%A5%80+%E0%A4%85%E0%A4%B5%E0%A5%88%E0%A4%A7+%E0%A4%B6%E0%A4%B0%E0%A4%BE%E0%A4%AC+%E0%A4%95%E0%A5%87+%E0%A4%B5%E0%A4%BF%E0%A4%B0%E0%A5%81%E0%A4%A6%E0%A5%8D%E0%A4%A7+%E0%A4%AC%E0%A4%A1%E0%A4%BC%E0%A5%80+%E0%A4%95%E0%A4%BE%E0%A4%B0%E0%A5%8D%E0%A4%B0%E0%A4%B5%E0%A4%BE%E0%A4%88> (referer: https://www.google.com/)
warning: urllib failed (HTTP Error 429: Too Many Requests), retrying via scrapling: translate.googleapis.com
[2026-08-26 07:40:59] INFO: Fetched (200) <GET https://translate.googleapis.com/translate_a/single?client=gtx&sl=auto&tl=en&dt=t&q=%E0%A4%AA%E0%A5%80%E0%A4%A1%E0%A4%BC%E0%A4%BF%E0%A4%A4+%E0%A4%95%E0%A5%8B+%E2%80%98%E0%A4%95%E0%A5%87%E0%A4%B8%E2%80%99+%E0%A4%A8%E0%A4%B9%E0%A5%80%E0%A4%82%2C+%E0%A4%B5%E0%A5%8D%E0%A4%AF%E0%A4%95%E0%A5%8D%E0%A4%A4%E0%A4%BF+%E0%A4%AE%E0%A4%BE%E0%A4%A8%E0%A4%95%E0%A4%B0+%E0%A4%B9%E0%A5%8B+%E0%A4%AE%E0%A4%B9%E0%A4%BF%E0%A4%B2%E0%A4%BE+%E0%A4%B8%E0%A5%81%E0%A4%B0%E0%A4%95%E0%A5%8D%E0%A4%B7%E0%A4%BE+%E0%A4%94%E0%A4%B0+%E0%A4%A8%E0%A5%8D%E0%A4%AF%E0%A4%BE%E0%A4%AF+%E0%A4%95%E0%A5%80+%E0%A4%B5%E0%A5%8D%E0%A4%AF%E0%A4%B5%E0%A4%B8%E0%A5%8D%E0%A4%A5%E0%A4%BE> (referer: https://www.google.com/)
warning: urllib failed (HTTP Error 429: Too Many Requests), retrying via scrapling: translate.googleapis.com
[2026-08-26 07:41:01] INFO: Fetched (200) <GET https://translate.googleapis.com/translate_a/single?client=gtx&sl=auto&tl=en&dt=t&q=%E0%A4%AE%E0%A4%A7%E0%A5%8D%E0%A4%AF%E0%A4%AA%E0%A5%8D%E0%A4%B0%E0%A4%A6%E0%A5%87%E0%A4%B6+%E0%A4%AA%E0%A5%81%E0%A4%B2%E0%A4%BF%E0%A4%B8+%E0%A4%95%E0%A5%80+%E0%A4%AE%E0%A4%B9%E0%A4%BF%E0%A4%B2%E0%A4%BE+%E0%A4%86%E0%A4%B0%E0%A4%95%E0%A5%8D%E0%A4%B7%E0%A4%95+%E0%A4%B5%E0%A4%B0%E0%A5%8D%E0%A4%B7%E0%A4%BE+%E0%A4%AA%E0%A4%9F%E0%A5%87%E0%A4%B2+%E0%A4%A8%E0%A5%87+%E0%A4%AF%E0%A5%82%E0%A4%B0%E0%A5%8B%E0%A4%AA+%E0%A4%95%E0%A5%80+%E0%A4%B8%E0%A4%B0%E0%A5%8D%E0%A4%B5%E0%A5%8B%E0%A4%9A%E0%A5%8D%E0%A4%9A+%E0%A4%9A%E0%A5%8B%E0%A4%9F%E0%A5%80+%E0%A4%AE%E0%A4%BE%E0%A4%89%E0%A4%82%E0%A4%9F+%E0%A4%8F%E0%A4%B2%E0%A5%8D%E0%A4%AC%E0%A5%8D%E0%A4%B0%E0%A5%81%E0%A4%B8+%E0%A4%AA%E0%A4%B0+%E0%A4%AB%E0%A4%B9%E0%A4%B0%E0%A4%BE%E0%A4%AF%E0%A4%BE+%E0%A4%A4%E0%A4%BF%E0%A4%B0%E0%A4%82%E0%A4%97%E0%A4%BE> (referer: https://www.google.com/)
warning: urllib failed (HTTP Error 429: Too Many Requests), retrying via scrapling: translate.googleapis.com
[2026-08-26 07:41:04] INFO: Fetched (200) <GET https://translate.googleapis.com/translate_a/single?client=gtx&sl=auto&tl=en&dt=t&q=%E0%A4%AE%E0%A4%82%E0%A4%A4%E0%A5%8D%E0%A4%B0%E0%A5%80+%E0%A4%B6%E0%A5%8D%E0%A4%B0%E0%A5%80+%E0%A4%B8%E0%A4%BE%E0%A4%B0%E0%A4%82%E0%A4%97+%E0%A4%A8%E0%A5%87+%E0%A4%A8%E0%A4%88+%E0%A4%96%E0%A5%87%E0%A4%B2%E0%A5%8B+%E0%A4%87%E0%A4%82%E0%A4%A1%E0%A4%BF%E0%A4%AF%E0%A4%BE+%E0%A4%AF%E0%A5%8B%E0%A4%9C%E0%A4%A8%E0%A4%BE+%E0%A4%95%E0%A5%80+%E0%A4%A6%E0%A5%80+%E0%A4%9C%E0%A4%BE%E0%A4%A8%E0%A4%95%E0%A4%BE%E0%A4%B0%E0%A5%80> (referer: https://www.google.com/)
warning: urllib failed (HTTP Error 429: Too Many Requests), retrying via scrapling: translate.googleapis.com
[2026-08-26 07:41:06] INFO: Fetched (200) <GET https://translate.googleapis.com/translate_a/single?client=gtx&sl=auto&tl=en&dt=t&q=%E0%A4%A1%E0%A4%BF%E0%A4%9C%E0%A4%BF%E0%A4%9F%E0%A4%B2+%E0%A4%B8%E0%A5%8D%E0%A4%B5%E0%A4%BE%E0%A4%B8%E0%A5%8D%E0%A4%A5%E0%A5%8D%E0%A4%AF+%E0%A4%B8%E0%A5%87%E0%A4%B5%E0%A4%BE%E0%A4%93%E0%A4%82+%E0%A4%B8%E0%A5%87+%E0%A4%85%E0%A4%82%E0%A4%A4%E0%A4%BF%E0%A4%AE+%E0%A4%9B%E0%A5%8B%E0%A4%B0+%E0%A4%95%E0%A5%87+%E0%A4%B5%E0%A5%8D%E0%A4%AF%E0%A4%95%E0%A5%8D%E0%A4%A4%E0%A4%BF+%E0%A4%A4%E0%A4%95+%E0%A4%89%E0%A4%A8%E0%A5%8D%E0%A4%A8%E0%A4%A4+%E0%A4%B8%E0%A5%8D%E0%A4%B5%E0%A4%BE%E0%A4%B8%E0%A5%8D%E0%A4%A5%E0%A5%8D%E0%A4%AF+%E0%A4%B8%E0%A5%87%E0%A4%B5%E0%A4%BE%E0%A4%93%E0%A4%82+%E0%A4%95%E0%A5%80+%E0%A4%B8%E0%A4%B9%E0%A4%9C+%E0%A4%AA%E0%A4%B9%E0%A5%81%E0%A4%82%E0%A4%9A+%E0%A4%B9%E0%A5%8B%E0%A4%97%E0%A5%80+%E0%A4%B8%E0%A5%81%E0%A4%A8%E0%A4%BF%E0%A4%B6%E0%A5%8D%E0%A4%9A%E0%A4%BF%E0%A4%A4+%3A+%E0%A4%89%E0%A4%AA+%E0%A4%AE%E0%A5%81%E0%A4%96%E0%A5%8D%E0%A4%AF%E0%A4%AE%E0%A4%82%E0%A4%A4%E0%A5%8D%E0%A4%B0%E0%A5%80+%E0%A4%B6%E0%A5%8D%E0%A4%B0%E0%A5%80+%E0%A4%B6%E0%A5%81%E0%A4%95%E0%A5%8D%E0%A4%B2> (referer: https://www.google.com/)
warning: urllib failed (HTTP Error 429: Too Many Requests), retrying via scrapling: translate.googleapis.com
[2026-08-26 07:41:08] INFO: Fetched (200) <GET https://translate.googleapis.com/translate_a/single?client=gtx&sl=auto&tl=en&dt=t&q=%E0%A4%B0%E0%A4%AC%E0%A5%80+%E0%A4%B8%E0%A5%80%E0%A4%9C%E0%A4%A8+%E0%A4%95%E0%A5%87+%E0%A4%B2%E0%A4%BF%E0%A4%AF%E0%A5%87+%E0%A4%AA%E0%A4%B0%E0%A5%8D%E0%A4%AF%E0%A4%BE%E0%A4%AA%E0%A5%8D%E0%A4%A4+%E0%A4%B5%E0%A4%BF%E0%A4%A6%E0%A5%8D%E0%A4%AF%E0%A5%81%E0%A4%A4+%E0%A4%89%E0%A4%AA%E0%A4%B2%E0%A4%AC%E0%A5%8D%E0%A4%A7%E0%A4%A4%E0%A4%BE+%E0%A4%B8%E0%A5%81%E0%A4%A8%E0%A4%BF%E0%A4%B6%E0%A5%8D%E0%A4%A4%E0%A4%BF+%E0%A4%95%E0%A4%B0%E0%A4%A8%E0%A5%87+%E0%A4%95%E0%A4%B0%E0%A5%87%E0%A4%82+%E0%A4%9C%E0%A4%B0%E0%A5%82%E0%A4%B0%E0%A5%80+%E0%A4%95%E0%A4%BE%E0%A4%B0%E0%A5%8D%E0%A4%AF%E0%A4%B5%E0%A4%BE%E0%A4%B9%E0%A5%80> (referer: https://www.google.com/)
warning: urllib failed (HTTP Error 429: Too Many Requests), retrying via scrapling: translate.googleapis.com
[2026-08-26 07:41:10] INFO: Fetched (200) <GET https://translate.googleapis.com/translate_a/single?client=gtx&sl=auto&tl=en&dt=t&q=%E0%A4%85%E0%A4%A8%E0%A5%81%E0%A4%B8%E0%A5%82%E0%A4%9A%E0%A4%BF%E0%A4%A4+%E0%A4%9C%E0%A4%BE%E0%A4%A4%E0%A4%BF+%E0%A4%B5%E0%A4%B0%E0%A5%8D%E0%A4%97+%E0%A4%95%E0%A4%BE+%E0%A4%95%E0%A4%B2%E0%A5%8D%E0%A4%AF%E0%A4%BE%E0%A4%A3+%E0%A4%B8%E0%A4%B0%E0%A5%8D%E0%A4%B5%E0%A5%8B%E0%A4%9A%E0%A5%8D%E0%A4%9A+%E0%A4%AA%E0%A5%8D%E0%A4%B0%E0%A4%BE%E0%A4%A5%E0%A4%AE%E0%A4%BF%E0%A4%95%E0%A4%A4%E0%A4%BE-+%E0%A4%AE%E0%A4%82%E0%A4%A4%E0%A5%8D%E0%A4%B0%E0%A5%80+%E0%A4%B6%E0%A5%8D%E0%A4%B0%E0%A5%80+%E0%A4%9A%E0%A5%8C%E0%A4%B9%E0%A4%BE%E0%A4%A8> (referer: https://www.google.com/)
warning: urllib failed (HTTP Error 429: Too Many Requests), retrying via scrapling: translate.googleapis.com
[2026-08-26 07:41:12] INFO: Fetched (200) <GET https://translate.googleapis.com/translate_a/single?client=gtx&sl=auto&tl=en&dt=t&q=%E0%A4%B5%E0%A4%A8+%E0%A4%B8%E0%A5%8D%E0%A4%9F%E0%A5%89%E0%A4%AA+%E0%A4%B8%E0%A5%87%E0%A4%82%E0%A4%9F%E0%A4%B0+%E0%A4%95%E0%A5%80+%E0%A4%B8%E0%A4%82%E0%A4%B5%E0%A5%87%E0%A4%A6%E0%A4%A8%E0%A4%B6%E0%A5%80%E0%A4%B2+%E0%A4%95%E0%A4%BE%E0%A4%89%E0%A4%82%E0%A4%B8%E0%A4%B2%E0%A4%BF%E0%A4%82%E0%A4%97+%E0%A4%B8%E0%A5%87+%E0%A4%AB%E0%A4%BF%E0%A4%B0+%E0%A4%9C%E0%A5%81%E0%A4%A1%E0%A4%BC%E0%A4%BE+%E0%A4%AC%E0%A4%BF%E0%A4%96%E0%A4%B0%E0%A4%A4%E0%A4%BE+%E0%A4%AA%E0%A4%B0%E0%A4%BF%E0%A4%B5%E0%A4%BE%E0%A4%B0> (referer: https://www.google.com/)
warning: urllib failed (HTTP Error 429: Too Many Requests), retrying via scrapling: translate.googleapis.com
[2026-08-26 07:41:18] INFO: Fetched (200) <GET https://translate.googleapis.com/translate_a/single?client=gtx&sl=auto&tl=en&dt=t&q=%E0%A4%AE%E0%A5%81%E0%A4%96%E0%A5%8D%E0%A4%AF%E0%A4%AE%E0%A4%82%E0%A4%A4%E0%A5%8D%E0%A4%B0%E0%A5%80+%E0%A4%A8%E0%A5%87+%E0%A4%9C%E0%A4%A8%E0%A4%AA%E0%A4%A6+%E0%A4%B0%E0%A4%BE%E0%A4%AF%E0%A4%AC%E0%A4%B0%E0%A5%87%E0%A4%B2%E0%A5%80+%E0%A4%AE%E0%A5%87%E0%A4%82+%E0%A4%85%E0%A4%B5%E0%A4%A7+%E0%A4%95%E0%A5%87%E0%A4%B8%E0%A4%B0%E0%A5%80+%E0%A4%8F%E0%A4%B5%E0%A4%82+%E0%A4%AA%E0%A5%8D%E0%A4%B0%E0%A4%A5%E0%A4%AE+%E0%A4%B8%E0%A5%8D%E0%A4%B5%E0%A4%A4%E0%A4%82%E0%A4%A4%E0%A5%8D%E0%A4%B0%E0%A4%A4%E0%A4%BE+%E0%A4%B8%E0%A4%82%E0%A4%97%E0%A5%8D%E0%A4%B0%E0%A4%BE%E0%A4%AE+%E0%A4%95%E0%A5%87+%E0%A4%85%E0%A4%AE%E0%A4%B0+%E0%A4%A8%E0%A4%BE%E0%A4%AF%E0%A4%95+%E0%A4%B0%E0%A4%BE%E0%A4%A8%E0%A4%BE+%E0%A4%AC%E0%A5%87%E0%A4%A8%E0%A5%80+%E0%A4%AE%E0%A4%BE%E0%A4%A7%E0%A4%B5+%E0%A4%AC%E0%A4%96%E0%A5%8D%E0%A4%B6+%E0%A4%B8%E0%A4%BF%E0%A4%82%E0%A4%B9+%E0%A4%95%E0%A5%80+222%E0%A4%B5%E0%A5%80%E0%A4%82+%E0%A4%9C%E0%A4%AF%E0%A4%A8%E0%A5%8D%E0%A4%A4%E0%A5%80+%E0%A4%AA%E0%A4%B0+%E0%A4%86%E0%A4%AF%E0%A5%8B%E0%A4%9C%E0%A4%BF%E0%A4%A4+%E0%A4%AD%E0%A4%BE%E0%A4%B5-%E0%A4%B8%E0%A4%AE%E0%A4%B0%E0%A5%8D%E0%A4%AA%E0%A4%A3+%E0%A4%B8%E0%A4%AE%E0%A4%BE%E0%A4%B0%E0%A5%8B%E0%A4%B9+%E0%A4%AE%E0%A5%87%E0%A4%82+21+%E0%A4%95%E0%A4%B0%E0%A5%8B%E0%A5%9C+%E0%A4%B0%E0%A5%810+%E0%A4%B8%E0%A5%87+%E0%A4%85%E0%A4%A7%E0%A4%BF%E0%A4%95+%E0%A4%95%E0%A5%80+%E0%A4%B2%E0%A4%BE%E0%A4%97%E0%A4%A4+%E0%A4%B8%E0%A5%87+%E0%A4%A8%E0%A4%BF%E0%A4%B0%E0%A5%8D%E0%A4%AE%E0%A4%BF%E0%A4%A4+%E0%A4%B0%E0%A4%BE%E0%A4%A8%E0%A4%BE+%E0%A4%AC%E0%A5%87%E0%A4%A8%E0%A5%80+%E0%A4%AE%E0%A4%BE%E0%A4%A7%E0%A4%B5+%E0%A4%AC%E0%A4%96%E0%A5%8D%E0%A4%B6+%E0%A4%B8%E0%A4%BF%E0%A4%82%E0%A4%B9+%E0%A4%B8%E0%A5%8D%E0%A4%AE%E0%A5%83%E0%A4%A4%E0%A4%BF+%E0%A4%B8%E0%A4%AD%E0%A4%BE%E0%A4%97%E0%A4%BE%E0%A4%B0+%E0%A4%95%E0%A4%BE+%E0%A4%B2%E0%A5%8B%E0%A4%95%E0%A4%BE%E0%A4%B0%E0%A5%8D%E0%A4%AA%E0%A4%A3+%E0%A4%95%E0%A4%BF%E0%A4%AF%E0%A4%BE> (referer: https://www.google.com/)
warning: urllib failed (HTTP Error 429: Too Many Requests), retrying via scrapling: translate.googleapis.com
[2026-08-26 07:41:20] INFO: Fetched (200) <GET https://translate.googleapis.com/translate_a/single?client=gtx&sl=auto&tl=en&dt=t&q=%E0%A4%AE%E0%A5%81%E0%A4%96%E0%A5%8D%E0%A4%AF%E0%A4%AE%E0%A4%82%E0%A4%A4%E0%A5%8D%E0%A4%B0%E0%A5%80+%E0%A4%A8%E0%A5%87+%E0%A4%9C%E0%A4%A8%E0%A4%AA%E0%A4%A6+%E0%A4%B0%E0%A4%BE%E0%A4%AF%E0%A4%AC%E0%A4%B0%E0%A5%87%E0%A4%B2%E0%A5%80+%E0%A4%AE%E0%A5%87%E0%A4%82+879+%E0%A4%95%E0%A4%B0%E0%A5%8B%E0%A5%9C+%E0%A4%B0%E0%A5%810+%E0%A4%B8%E0%A5%87+%E0%A4%85%E0%A4%A7%E0%A4%BF%E0%A4%95+%E0%A4%B2%E0%A4%BE%E0%A4%97%E0%A4%A4+%E0%A4%95%E0%A5%80+346+%E0%A4%B5%E0%A4%BF%E0%A4%95%E0%A4%BE%E0%A4%B8+%E0%A4%AA%E0%A4%B0%E0%A4%BF%E0%A4%AF%E0%A5%8B%E0%A4%9C%E0%A4%A8%E0%A4%BE%E0%A4%93%E0%A4%82+%E0%A4%95%E0%A4%BE+%E0%A4%B2%E0%A5%8B%E0%A4%95%E0%A4%BE%E0%A4%B0%E0%A5%8D%E0%A4%AA%E0%A4%A3+%E0%A4%8F%E0%A4%B5%E0%A4%82+%E0%A4%B6%E0%A4%BF%E0%A4%B2%E0%A4%BE%E0%A4%A8%E0%A5%8D%E0%A4%AF%E0%A4%BE%E0%A4%B8+%E0%A4%95%E0%A4%BF%E0%A4%AF%E0%A4%BE> (referer: https://www.google.com/)
warning: urllib failed (HTTP Error 429: Too Many Requests), retrying via scrapling: translate.googleapis.com
[2026-08-26 07:41:23] INFO: Fetched (200) <GET https://translate.googleapis.com/translate_a/single?client=gtx&sl=auto&tl=en&dt=t&q=%E0%A4%AE%E0%A5%81%E0%A4%96%E0%A5%8D%E0%A4%AF%E0%A4%AE%E0%A4%82%E0%A4%A4%E0%A5%8D%E0%A4%B0%E0%A5%80+%E0%A4%A8%E0%A5%87+%E0%A4%9C%E0%A4%BE%E0%A4%AA%E0%A4%BE%E0%A4%A8%E0%A5%80+%E0%A4%95%E0%A4%AE%E0%A5%8D%E0%A4%AA%E0%A4%A8%E0%A4%BF%E0%A4%AF%E0%A5%8B%E0%A4%82+%E0%A4%95%E0%A5%87+%E0%A4%A8%E0%A4%BF%E0%A4%B5%E0%A5%87%E0%A4%B6+%E0%A4%94%E0%A4%B0+%E0%A4%AA%E0%A4%B0%E0%A5%8D%E0%A4%AF%E0%A4%9F%E0%A4%A8+%E0%A4%95%E0%A5%8B+%E0%A4%AC%E0%A5%9D%E0%A4%BE%E0%A4%B5%E0%A4%BE+%E0%A4%A6%E0%A5%87%E0%A4%A8%E0%A5%87+%E0%A4%95%E0%A5%87+%E0%A4%89%E0%A4%A6%E0%A5%8D%E0%A4%A6%E0%A5%87%E0%A4%B6%E0%A5%8D%E0%A4%AF+%E0%A4%B8%E0%A5%87+%E0%A4%87%E0%A4%A8%E0%A5%8D%E0%A4%B5%E0%A5%87%E0%A4%B8%E0%A5%8D%E0%A4%9F+%E0%A4%AF%E0%A5%820%E0%A4%AA%E0%A5%800+%E0%A4%B5+%E0%A4%85%E0%A4%A8%E0%A5%8D%E0%A4%AF+%E0%A4%B5%E0%A4%BF%E0%A4%AD%E0%A4%BE%E0%A4%97%E0%A5%8B%E0%A4%82+%E0%A4%95%E0%A5%87+%E0%A4%85%E0%A4%A7%E0%A4%BF%E0%A4%95%E0%A4%BE%E0%A4%B0%E0%A4%BF%E0%A4%AF%E0%A5%8B%E0%A4%82+%E0%A4%95%E0%A5%87+%E0%A4%B8%E0%A4%BE%E0%A4%A5+%E0%A4%AC%E0%A5%88%E0%A4%A0%E0%A4%95+%E0%A4%95%E0%A5%80> (referer: https://www.google.com/)
warning: urllib failed (HTTP Error 429: Too Many Requests), retrying via scrapling: translate.googleapis.com
[2026-08-26 07:41:25] INFO: Fetched (200) <GET https://translate.googleapis.com/translate_a/single?client=gtx&sl=auto&tl=en&dt=t&q=10+%E0%A4%AF%E0%A4%BE%E0%A4%A4%E0%A5%8D%E0%A4%B0%E0%A5%80%2F%E0%A4%AE%E0%A4%BE%E0%A4%B2%E0%A4%95%E0%A4%B0+%E0%A4%85%E0%A4%A7%E0%A4%BF%E0%A4%95%E0%A4%BE%E0%A4%B0%E0%A4%BF%E0%A4%AF%E0%A5%8B%E0%A4%82+%E0%A4%95%E0%A5%87+%E0%A4%B5%E0%A4%BF%E0%A4%B0%E0%A5%82%E0%A4%A6%E0%A5%8D%E0%A4%A7+%E0%A4%B5%E0%A4%BF%E0%A4%AD%E0%A4%BE%E0%A4%97%E0%A5%80%E0%A4%AF+%E0%A4%85%E0%A4%A8%E0%A5%81%E0%A4%B6%E0%A4%BE%E0%A4%B8%E0%A4%A8%E0%A4%BF%E0%A4%95+%E0%A4%95%E0%A4%BE%E0%A4%B0%E0%A5%8D%E0%A4%AF%E0%A4%B5%E0%A4%BE%E0%A4%B9%E0%A5%80+%E0%A4%B8%E0%A4%82%E0%A4%B8%E0%A5%8D%E0%A4%A5%E0%A4%BF%E0%A4%A4+%E0%A4%AA%E0%A4%B0%E0%A4%BF%E0%A4%B5%E0%A4%B9%E0%A4%A8+%E0%A4%86%E0%A4%AF%E0%A5%81%E0%A4%95%E0%A5%8D%E0%A4%A4> (referer: https://www.google.com/)
warning: urllib failed (HTTP Error 429: Too Many Requests), retrying via scrapling: translate.googleapis.com
[2026-08-26 07:41:26] INFO: Fetched (200) <GET https://translate.googleapis.com/translate_a/single?client=gtx&sl=auto&tl=en&dt=t&q=%E0%A4%A6%E0%A5%80%E0%A4%95%E0%A5%8D%E0%A4%B7%E0%A4%BE%E0%A4%B0%E0%A4%AE%E0%A5%8D%E0%A4%AD+%E0%A4%AE%E0%A5%87%E0%A4%82+%E0%A4%B5%E0%A4%BF%E0%A4%A6%E0%A5%8D%E0%A4%AF%E0%A4%BE%E0%A4%B0%E0%A5%8D%E0%A4%A5%E0%A4%BF%E0%A4%AF%E0%A5%8B%E0%A4%82+%E0%A4%B8%E0%A5%87+%E0%A4%B8%E0%A4%82%E0%A4%B5%E0%A4%BE%E0%A4%A6%2C+%E0%A4%AE%E0%A4%A8+%E0%A4%95%E0%A5%87+%E0%A4%B9%E0%A4%BE%E0%A4%B0%E0%A5%87+%E0%A4%B9%E0%A4%BE%E0%A4%B0+%E0%A4%B9%E0%A5%88%2C+%E0%A4%AE%E0%A4%A8+%E0%A4%95%E0%A5%87+%E0%A4%9C%E0%A5%80%E0%A4%A4%E0%A5%87+%E0%A4%9C%E0%A5%80%E0%A4%A4+-%E0%A4%AE%E0%A4%82%E0%A4%A4%E0%A5%8D%E0%A4%B0%E0%A5%80+%E0%A4%95%E0%A4%AA%E0%A4%BF%E0%A4%B2+%E0%A4%A6%E0%A5%87%E0%A4%B5+%E0%A4%85%E0%A4%97%E0%A5%8D%E0%A4%B0%E0%A4%B5%E0%A4%BE%E0%A4%B2> (referer: https://www.google.com/)
warning: urllib failed (HTTP Error 429: Too Many Requests), retrying via scrapling: translate.googleapis.com
[2026-08-26 07:41:27] INFO: Fetched (200) <GET https://translate.googleapis.com/translate_a/single?client=gtx&sl=auto&tl=en&dt=t&q=%E0%A4%AF%E0%A5%8B%E0%A4%97%E0%A5%80+%E0%A4%B8%E0%A4%B0%E0%A4%95%E0%A4%BE%E0%A4%B0+%E0%A4%95%E0%A5%87+%E0%A4%A8%E0%A4%BF%E0%A4%AA%E0%A5%81%E0%A4%A3+%E0%A4%AE%E0%A5%89%E0%A4%A1%E0%A4%B2+%E0%A4%95%E0%A5%8B+%E0%A4%B8%E0%A4%AE%E0%A4%9D%E0%A4%A8%E0%A5%87+%E0%A4%97%E0%A4%BE%E0%A4%9C%E0%A4%BF%E0%A4%AF%E0%A4%BE%E0%A4%AC%E0%A4%BE%E0%A4%A6+%E0%A4%AA%E0%A4%B9%E0%A5%81%E0%A4%82%E0%A4%9A%E0%A5%87+%E0%A4%AA%E0%A4%BE%E0%A4%82%E0%A4%9A+%E0%A4%A6%E0%A5%87%E0%A4%B6%E0%A5%8B%E0%A4%82+%E0%A4%95%E0%A5%87+%E0%A4%AA%E0%A5%8D%E0%A4%B0%E0%A4%A4%E0%A4%BF%E0%A4%A8%E0%A4%BF%E0%A4%A7%E0%A4%BF%2C+11+%E0%A4%AA%E0%A4%B0%E0%A4%BF%E0%A4%B7%E0%A4%A6%E0%A5%80%E0%A4%AF+%E0%A4%B5%E0%A4%BF%E0%A4%A6%E0%A5%8D%E0%A4%AF%E0%A4%BE%E0%A4%B2%E0%A4%AF%E0%A5%8B%E0%A4%82+%E0%A4%AE%E0%A5%87%E0%A4%82+%E0%A4%A6%E0%A5%87%E0%A4%96%E0%A4%BE+%E0%A4%95%E0%A4%95%E0%A5%8D%E0%A4%B7%E0%A4%BE+%E0%A4%B6%E0%A4%BF%E0%A4%95%E0%A5%8D%E0%A4%B7%E0%A4%A3> (referer: https://www.google.com/)
warning: urllib failed (HTTP Error 429: Too Many Requests), retrying via scrapling: translate.googleapis.com
[2026-08-26 07:41:28] INFO: Fetched (200) <GET https://translate.googleapis.com/translate_a/single?client=gtx&sl=auto&tl=en&dt=t&q=%E0%A4%97%E0%A5%8B%E0%A4%B5%E0%A4%82%E0%A4%B6+%E0%A4%B8%E0%A4%82%E0%A4%B0%E0%A4%95%E0%A5%8D%E0%A4%B7%E0%A4%A3+%E0%A4%94%E0%A4%B0+%E0%A4%AA%E0%A4%B6%E0%A5%81%E0%A4%AA%E0%A4%BE%E0%A4%B2%E0%A4%95%E0%A5%8B%E0%A4%82+%E0%A4%95%E0%A5%87+%E0%A4%B9%E0%A4%BF%E0%A4%A4%E0%A5%8B%E0%A4%82+%E0%A4%95%E0%A5%87+%E0%A4%A6%E0%A5%83%E0%A4%B7%E0%A5%8D%E0%A4%9F%E0%A4%BF%E0%A4%97%E0%A4%A4+%E0%A4%AF%E0%A5%8B%E0%A4%9C%E0%A4%A8%E0%A4%BE%E0%A4%93%E0%A4%82+%E0%A4%95%E0%A4%BE+%E0%A4%B9%E0%A5%8B+%E0%A4%AA%E0%A5%8D%E0%A4%B0%E0%A4%AD%E0%A4%BE%E0%A4%B5%E0%A5%80+%E0%A4%95%E0%A5%8D%E0%A4%B0%E0%A4%BF%E0%A4%AF%E0%A4%BE%E0%A4%A8%E0%A5%8D%E0%A4%B5%E0%A4%AF%E0%A4%A8> (referer: https://www.google.com/)
warning: urllib failed (HTTP Error 429: Too Many Requests), retrying via scrapling: translate.googleapis.com
[2026-08-26 07:41:30] INFO: Fetched (200) <GET https://translate.googleapis.com/translate_a/single?client=gtx&sl=auto&tl=en&dt=t&q=%E0%A4%AA%E0%A5%81%E0%A4%B0%E0%A4%BE%E0%A4%A4%E0%A4%A4%E0%A5%8D%E0%A4%B5+%E0%A4%85%E0%A4%AD%E0%A4%BF%E0%A4%B0%E0%A5%81%E0%A4%9A%E0%A4%BF+%E0%A4%AA%E0%A4%BE%E0%A4%A0%E0%A5%8D%E0%A4%AF%E0%A4%95%E0%A5%8D%E0%A4%B0%E0%A4%AE+%E0%A4%95%E0%A5%87+%E0%A4%9B%E0%A4%A0%E0%A4%B5%E0%A5%87%E0%A4%82+%E0%A4%A6%E0%A4%BF%E0%A4%A8+%E0%A4%B8%E0%A4%B0%E0%A4%B8%E0%A5%8D%E0%A4%B5%E0%A4%A4%E0%A5%80-%E0%A4%B8%E0%A4%BF%E0%A4%82%E0%A4%A7%E0%A5%81+%E0%A4%B8%E0%A4%AD%E0%A5%8D%E0%A4%AF%E0%A4%A4%E0%A4%BE+%E0%A4%8F%E0%A4%B5%E0%A4%82+%E0%A4%AA%E0%A5%8D%E0%A4%B0%E0%A4%BE%E0%A4%B0%E0%A4%82%E0%A4%AD%E0%A4%BF%E0%A4%95+%E0%A4%AD%E0%A4%BE%E0%A4%B0%E0%A4%A4%E0%A5%80%E0%A4%AF+%E0%A4%9C%E0%A5%8D%E0%A4%9E%E0%A4%BE%E0%A4%A8+%E0%A4%AA%E0%A4%B0%E0%A4%82%E0%A4%AA%E0%A4%B0%E0%A4%BE+%E0%A4%AA%E0%A4%B0+%E0%A4%B5%E0%A5%8D%E0%A4%AF%E0%A4%BE%E0%A4%96%E0%A5%8D%E0%A4%AF%E0%A4%BE%E0%A4%A8+%E0%A4%86%E0%A4%AF%E0%A5%8B%E0%A4%9C%E0%A4%BF%E0%A4%A4> (referer: https://www.google.com/)
warning: urllib failed (HTTP Error 429: Too Many Requests), retrying via scrapling: translate.googleapis.com
[2026-08-26 07:41:32] INFO: Fetched (200) <GET https://translate.googleapis.com/translate_a/single?client=gtx&sl=auto&tl=en&dt=t&q=%E0%A4%AA%E0%A5%8D%E0%A4%B0%E0%A4%A6%E0%A5%87%E0%A4%B6+%E0%A4%AE%E0%A5%87%E0%A4%82+08-15+%E0%A4%B8%E0%A4%BF%E0%A4%A4%E0%A4%AE%E0%A5%8D%E0%A4%AC%E0%A4%B0%2C+2026+%E0%A4%A4%E0%A4%95+%E0%A4%95%E0%A4%9C%E0%A4%B0%E0%A5%80+%E0%A4%AE%E0%A4%B9%E0%A5%8B%E0%A4%A4%E0%A5%8D%E0%A4%B8%E0%A4%B5+%E0%A4%95%E0%A4%BE+%E0%A4%86%E0%A4%AF%E0%A5%8B%E0%A4%9C%E0%A4%A8> (referer: https://www.google.com/)
warning: urllib failed (HTTP Error 429: Too Many Requests), retrying via scrapling: translate.googleapis.com
[2026-08-26 07:41:33] INFO: Fetched (200) <GET https://translate.googleapis.com/translate_a/single?client=gtx&sl=auto&tl=en&dt=t&q=%E0%A4%94%E0%A4%A6%E0%A5%8D%E0%A4%AF%E0%A5%8B%E0%A4%97%E0%A4%BF%E0%A4%95+%E0%A4%B5%E0%A4%BF%E0%A4%95%E0%A4%BE%E0%A4%B8+%E0%A4%95%E0%A4%BE+%E0%A4%87%E0%A4%82%E0%A4%9C%E0%A4%A8+%E0%A4%AC%E0%A4%A8%E0%A5%87%E0%A4%82+%E0%A4%89%E0%A4%A6%E0%A5%8D%E0%A4%AF%E0%A4%AE%E0%A5%80+%E0%A4%AE%E0%A4%BF%E0%A4%A4%E0%A5%8D%E0%A4%B0-%E0%A4%A8%E0%A4%A8%E0%A5%8D%E0%A4%A6%E0%A5%80> (referer: https://www.google.com/)
warning: urllib failed (HTTP Error 429: Too Many Requests), retrying via scrapling: translate.googleapis.com
[2026-08-26 07:41:35] INFO: Fetched (200) <GET https://translate.googleapis.com/translate_a/single?client=gtx&sl=auto&tl=en&dt=t&q=%E0%A4%AF%E0%A5%82%E0%A4%AA%E0%A5%80%E0%A4%86%E0%A4%88+%E0%A4%A8%E0%A5%87+%E0%A4%AD%E0%A4%BE%E0%A4%B0%E0%A4%A4+%E0%A4%95%E0%A5%80+%E0%A4%A1%E0%A4%BF%E0%A4%9C%E0%A4%BF%E0%A4%9F%E0%A4%B2+%E0%A4%B6%E0%A4%95%E0%A5%8D%E0%A4%A4%E0%A4%BF+%E0%A4%95%E0%A5%8B+%E0%A4%B5%E0%A5%88%E0%A4%B6%E0%A5%8D%E0%A4%B5%E0%A4%BF%E0%A4%95+%E0%A4%AA%E0%A4%B9%E0%A4%9A%E0%A4%BE%E0%A4%A8+%E0%A4%A6%E0%A4%BF%E0%A4%B2%E0%A4%BE%E0%A4%88+-%E0%A4%B6%E0%A5%8D%E0%A4%B0%E0%A5%80+%E0%A4%95%E0%A5%87%E0%A4%B6%E0%A4%B5+%E0%A4%AA%E0%A5%8D%E0%A4%B0%E0%A4%B8%E0%A4%BE%E0%A4%A6+%E0%A4%AE%E0%A5%8C%E0%A4%B0%E0%A5%8D%E0%A4%AF> (referer: https://www.google.com/)
warning: urllib failed (HTTP Error 429: Too Many Requests), retrying via scrapling: translate.googleapis.com
[2026-08-26 07:43:58] INFO: Fetched (200) <GET https://translate.googleapis.com/translate_a/single?client=gtx&sl=auto&tl=en&dt=t&q=%2A%E0%AA%B8%E0%AA%A8%E0%AA%BE%E0%AA%A4%E0%AA%A8+%E0%AA%8F%E0%AA%95%E0%AB%87%E0%AA%A1%E0%AA%AE%E0%AB%80+%E0%AA%85%E0%AA%82%E0%AA%95%E0%AB%8D%E0%AA%B2%E0%AB%87%E0%AA%B6%E0%AB%8D%E0%AA%B5%E0%AA%B0+%E0%AA%96%E0%AA%BE%E0%AA%A4%E0%AB%87+%E0%AA%B0%E0%AA%BE%E0%AA%9C%E0%AB%8D%E0%AA%AF%E0%AA%AA%E0%AA%BE%E0%AA%B2%E0%AA%B6%E0%AB%8D%E0%AA%B0%E0%AB%80%E0%AA%A8%E0%AA%BE+%E0%AA%B9%E0%AA%B8%E0%AB%8D%E0%AA%A4%E0%AB%87+%27%E0%AA%B8%E0%AA%95%E0%AB%8D%E0%AA%B7%E0%AA%AE+%E0%AA%95%E0%AA%BF%E0%AA%B6%E0%AB%8B%E0%AA%B0%E0%AB%80%27+%E0%AA%AA%E0%AB%81%E0%AA%B8%E0%AB%8D%E0%AA%A4%E0%AA%95%E0%AA%A8%E0%AB%81%E0%AA%82+%E0%AA%B5%E0%AA%BF%E0%AA%AE%E0%AB%8B%E0%AA%9A%E0%AA%A8+%E0%AA%95%E0%AA%B0%E0%AA%BE%E0%AA%AF%E0%AB%81%E0%AA%82%2A> (referer: https://www.google.com/)
warning: urllib failed (HTTP Error 429: Too Many Requests), retrying via scrapling: translate.googleapis.com
[2026-08-26 07:44:00] INFO: Fetched (200) <GET https://translate.googleapis.com/translate_a/single?client=gtx&sl=auto&tl=en&dt=t&q=%2A%E0%AA%AC%E0%AA%BE%E0%AA%B0%E0%AA%A1%E0%AB%8B%E0%AA%B2%E0%AB%80+%E0%AA%A4%E0%AA%BE%E0%AA%B2%E0%AB%81%E0%AA%95%E0%AA%BE%E0%AA%A8%E0%AA%BE+%E0%AA%B8%E0%AA%BE%E0%AA%82%E0%AA%95%E0%AA%B0%E0%AB%80+%E0%AA%97%E0%AA%BE%E0%AA%AE%E0%AB%87+%E0%AA%B0%E0%AA%BE%E0%AA%9C%E0%AB%8D%E0%AA%AF%E0%AA%AA%E0%AA%BE%E0%AA%B2+%E0%AA%B6%E0%AB%8D%E0%AA%B0%E0%AB%80+%E0%AA%86%E0%AA%9A%E0%AA%BE%E0%AA%B0%E0%AB%8D%E0%AA%AF+%E0%AA%A6%E0%AB%87%E0%AA%B5%E0%AA%B5%E0%AB%8D%E0%AA%B0%E0%AA%A4%E0%AA%9C%E0%AB%80%E0%AA%A8%E0%AB%80+%E0%AA%89%E0%AA%AA%E0%AA%B8%E0%AB%8D%E0%AA%A5%E0%AA%BF%E0%AA%A4%E0%AA%BF%E0%AA%AE%E0%AA%BE%E0%AA%82+%E0%AA%AF%E0%AB%8B%E0%AA%9C%E0%AA%BE%E0%AA%AF%E0%AB%8B+%E0%AA%AA%E0%AB%8D%E0%AA%B0%E0%AA%BE%E0%AA%95%E0%AB%83%E0%AA%A4%E0%AA%BF%E0%AA%95+%E0%AA%95%E0%AB%83%E0%AA%B7%E0%AA%BF+%E0%AA%AA%E0%AA%B0%E0%AA%BF%E0%AA%B8%E0%AA%82%E0%AA%B5%E0%AA%BE%E0%AA%A6%3A+%E0%AA%AA%E0%AB%8D%E0%AA%B0%E0%AA%BE%E0%AA%95%E0%AB%83%E0%AA%A4%E0%AA%BF%E0%AA%95+%E0%AA%95%E0%AB%83%E0%AA%B7%E0%AA%BF%E0%AA%A8%E0%AB%87+%E0%AA%B5%E0%AB%8D%E0%AA%AF%E0%AA%BE%E0%AA%AA%E0%AA%95+%E0%AA%AC%E0%AA%A8%E0%AA%BE%E0%AA%B5%E0%AA%B5%E0%AA%BE+%E0%AA%86%E0%AA%AA%E0%AB%8D%E0%AA%AF%E0%AB%81%E0%AA%82+%E0%AA%AE%E0%AA%BE%E0%AA%B0%E0%AB%8D%E0%AA%97%E0%AA%A6%E0%AA%B0%E0%AB%8D%E0%AA%B6%E0%AA%A8%2A> (referer: https://www.google.com/)
warning: urllib failed (HTTP Error 429: Too Many Requests), retrying via scrapling: translate.googleapis.com
[2026-08-26 07:44:02] INFO: Fetched (200) <GET https://translate.googleapis.com/translate_a/single?client=gtx&sl=auto&tl=en&dt=t&q=%E0%AA%AE%E0%AB%81%E0%AA%96%E0%AB%8D%E0%AA%AF%E0%AA%AE%E0%AA%82%E0%AA%A4%E0%AB%8D%E0%AA%B0%E0%AB%80+%E0%AA%B6%E0%AB%8D%E0%AA%B0%E0%AB%80+%E0%AA%AD%E0%AB%82%E0%AA%AA%E0%AB%87%E0%AA%A8%E0%AB%8D%E0%AA%A6%E0%AB%8D%E0%AA%B0+%E0%AA%AA%E0%AA%9F%E0%AB%87%E0%AA%B2+%E0%AA%85%E0%AA%A8%E0%AB%87+%E0%AA%97%E0%AB%81%E0%AA%9C%E0%AA%B0%E0%AA%BE%E0%AA%A4+%E0%AA%A1%E0%AB%87%E0%AA%B2%E0%AA%BF%E0%AA%97%E0%AB%87%E0%AA%B6%E0%AA%A8%E0%AA%A8%E0%AB%80+%E0%AA%95%E0%AB%87%E0%AA%A8%E0%AB%87%E0%AA%A1%E0%AA%BE+%E0%AA%AE%E0%AB%81%E0%AA%B2%E0%AA%BE%E0%AA%95%E0%AA%BE%E0%AA%A4+-+%E0%AA%AC%E0%AB%80%E0%AA%9C%E0%AB%8B+%E0%AA%A6%E0%AA%BF%E0%AA%B5%E0%AA%B8> (referer: https://www.google.com/)
warning: urllib failed (HTTP Error 429: Too Many Requests), retrying via scrapling: translate.googleapis.com
[2026-08-26 07:44:04] INFO: Fetched (200) <GET https://translate.googleapis.com/translate_a/single?client=gtx&sl=auto&tl=en&dt=t&q=%2A%27%E0%AA%B6%E0%AB%8D%E0%AA%B0%E0%AA%BE%E0%AA%B5%E0%AA%A3+%E0%AA%89%E0%AA%A4%E0%AB%8D%E0%AA%B8%E0%AA%B5%E2%80%99%3A+%E0%AA%B8%E0%AB%8C%E0%AA%B0%E0%AA%BE%E0%AA%B7%E0%AB%8D%E0%AA%9F%E0%AB%8D%E0%AA%B0%E0%AA%A8%E0%AA%BE+%E0%AA%AE%E0%AB%87%E0%AA%B3%E0%AA%BE%E0%AA%93%E0%AA%AE%E0%AA%BE%E0%AA%82+%E0%AB%A7%E0%AB%AF%E0%AB%AB+%E0%AA%B8%E0%AA%96%E0%AB%80+%E0%AA%AE%E0%AA%82%E0%AA%A1%E0%AA%B3%E0%AA%A8%E0%AB%80+%E0%AA%AC%E0%AA%B9%E0%AB%87%E0%AA%A8%E0%AB%8B%E0%AA%A8%E0%AA%BE+%E0%AA%89%E0%AA%A4%E0%AB%8D%E0%AA%AA%E0%AA%BE%E0%AA%A6%E0%AA%A8%E0%AB%8B+%E0%AA%AE%E0%AA%BE%E0%AA%9F%E0%AB%87+%E0%AA%AE%E0%AA%BE%E0%AA%B0%E0%AB%8D%E0%AA%95%E0%AB%87%E0%AA%9F+%E0%AA%89%E0%AA%AA%E0%AA%B2%E0%AA%AC%E0%AB%8D%E0%AA%A7+%E0%AA%95%E0%AA%B0%E0%AA%BE%E0%AA%B5%E0%AA%B5%E0%AA%BE+%E0%AA%B0%E0%AA%BE%E0%AA%9C%E0%AB%8D%E0%AA%AF+%E0%AA%B8%E0%AA%B0%E0%AA%95%E0%AA%BE%E0%AA%B0%E0%AA%A8%E0%AB%81%E0%AA%82+%E0%AA%86%E0%AA%AF%E0%AB%8B%E0%AA%9C%E0%AA%A8%2A> (referer: https://www.google.com/)
warning: urllib failed (HTTP Error 429: Too Many Requests), retrying via scrapling: translate.googleapis.com
[2026-08-26 07:44:06] INFO: Fetched (200) <GET https://translate.googleapis.com/translate_a/single?client=gtx&sl=auto&tl=en&dt=t&q=%2A%E0%AA%86%E0%AA%B8%E0%AA%BE%E0%AA%AE%E0%AA%A8%E0%AA%BE+%E0%AA%B8%E0%AA%B9%E0%AA%95%E0%AA%BE%E0%AA%B0+%E0%AA%AE%E0%AA%82%E0%AA%A4%E0%AB%8D%E0%AA%B0%E0%AB%80+%E0%AA%B6%E0%AB%8D%E0%AA%B0%E0%AB%80+%E0%AA%95%E0%AB%8C%E0%AA%B6%E0%AA%BF%E0%AA%95+%E0%AA%B0%E0%AA%BE%E0%AA%AF%E0%AA%A8%E0%AB%80+%E0%AA%97%E0%AA%BE%E0%AA%82%E0%AA%A7%E0%AB%80%E0%AA%A8%E0%AA%97%E0%AA%B0+%E0%AA%96%E0%AA%BE%E0%AA%A4%E0%AB%87+%E0%AA%97%E0%AB%81%E0%AA%9C%E0%AA%B0%E0%AA%BE%E0%AA%A4%E0%AA%A8%E0%AA%BE+%E0%AA%B8%E0%AA%B9%E0%AA%95%E0%AA%BE%E0%AA%B0+%E0%AA%AE%E0%AA%82%E0%AA%A4%E0%AB%8D%E0%AA%B0%E0%AB%80+%E0%AA%B6%E0%AB%8D%E0%AA%B0%E0%AB%80+%E0%AA%9C%E0%AB%80%E0%AA%A4%E0%AB%81%E0%AA%AD%E0%AA%BE%E0%AA%88+%E0%AA%B5%E0%AA%BE%E0%AA%98%E0%AA%BE%E0%AA%A3%E0%AB%80+%E0%AA%B8%E0%AA%BE%E0%AA%A5%E0%AB%87+%E0%AA%AC%E0%AB%87%E0%AA%A0%E0%AA%95%2A> (referer: https://www.google.com/)
warning: urllib failed (HTTP Error 429: Too Many Requests), retrying via scrapling: translate.googleapis.com
[2026-08-26 07:44:08] INFO: Fetched (200) <GET https://translate.googleapis.com/translate_a/single?client=gtx&sl=auto&tl=en&dt=t&q=%E0%AA%85%E0%AA%AE%E0%AA%A6%E0%AA%BE%E0%AA%B5%E0%AA%BE%E0%AA%A6%E0%AA%AE%E0%AA%BE%E0%AA%82+%E0%AA%B8%E0%AA%82%E0%AA%B8%E0%AB%8D%E0%AA%95%E0%AB%83%E0%AA%A4+%E0%AA%B8%E0%AA%AA%E0%AB%8D%E0%AA%A4%E0%AA%BE%E0%AA%B9+%E0%AA%AE%E0%AA%B9%E0%AB%8B%E0%AA%A4%E0%AB%8D%E0%AA%B8%E0%AA%B5+%E0%AA%85%E0%AA%82%E0%AA%A4%E0%AA%B0%E0%AB%8D%E0%AA%97%E0%AA%A4+%E0%AA%AD%E0%AA%B5%E0%AB%8D%E0%AA%AF+%27%E0%AA%B8%E0%AA%82%E0%AA%B8%E0%AB%8D%E0%AA%95%E0%AB%83%E0%AA%A4+%E0%AA%97%E0%AB%8C%E0%AA%B0%E0%AA%B5+%E0%AA%AF%E0%AA%BE%E0%AA%A4%E0%AB%8D%E0%AA%B0%E0%AA%BE%27+%E0%AA%AF%E0%AB%8B%E0%AA%9C%E0%AA%BE%E0%AA%88> (referer: https://www.google.com/)
warning: urllib failed (HTTP Error 429: Too Many Requests), retrying via scrapling: translate.googleapis.com
[2026-08-26 07:44:10] INFO: Fetched (200) <GET https://translate.googleapis.com/translate_a/single?client=gtx&sl=auto&tl=en&dt=t&q=%E0%AA%85%E0%AA%AE%E0%AA%A6%E0%AA%BE%E0%AA%B5%E0%AA%BE%E0%AA%A6+%E0%AA%B8%E0%AA%BF%E0%AA%B5%E0%AA%BF%E0%AA%B2+%E0%AA%B9%E0%AB%8B%E0%AA%B8%E0%AB%8D%E0%AA%AA%E0%AA%BF%E0%AA%9F%E0%AA%B2+%E0%AA%96%E0%AA%BE%E0%AA%A4%E0%AB%87+%E0%AA%86%E0%AA%B0%E0%AB%8B%E0%AA%97%E0%AB%8D%E0%AA%AF+%E0%AA%AE%E0%AA%82%E0%AA%A4%E0%AB%8D%E0%AA%B0%E0%AB%80+%E0%AA%B6%E0%AB%8D%E0%AA%B0%E0%AB%80+%E0%AA%AA%E0%AB%8D%E0%AA%B0%E0%AA%AB%E0%AB%81%E0%AA%B2+%E0%AA%AA%E0%AA%BE%E0%AA%A8%E0%AA%B6%E0%AB%87%E0%AA%B0%E0%AB%80%E0%AA%AF%E0%AA%BE%E0%AA%A8%E0%AB%80+%E0%AA%89%E0%AA%AA%E0%AA%B8%E0%AB%8D%E0%AA%A5%E0%AA%BF%E0%AA%A4%E0%AA%BF%E0%AA%AE%E0%AA%BE%E0%AA%82+41%E0%AA%AE%E0%AA%BE+%E0%AA%B0%E0%AA%BE%E0%AA%B7%E0%AB%8D%E0%AA%9F%E0%AB%8D%E0%AA%B0%E0%AB%80%E0%AA%AF+%E0%AA%9A%E0%AA%95%E0%AB%8D%E0%AA%B7%E0%AB%81%E0%AA%A6%E0%AA%BE%E0%AA%A8+%E0%AA%AA%E0%AA%96%E0%AA%B5%E0%AA%BE%E0%AA%A1%E0%AA%BF%E0%AA%AF%E0%AA%BE%E0%AA%A8%E0%AB%80+%E0%AA%89%E0%AA%9C%E0%AA%B5%E0%AA%A3%E0%AB%80> (referer: https://www.google.com/)
warning: urllib failed (HTTP Error 429: Too Many Requests), retrying via scrapling: translate.googleapis.com
[2026-08-26 07:44:11] INFO: Fetched (200) <GET https://translate.googleapis.com/translate_a/single?client=gtx&sl=auto&tl=en&dt=t&q=%E0%AA%AA%E0%AA%B0%E0%AB%8D%E0%AA%AF%E0%AA%BE%E0%AA%B5%E0%AA%B0%E0%AA%A3+%E0%AA%B8%E0%AA%82%E0%AA%B0%E0%AA%95%E0%AB%8D%E0%AA%B7%E0%AA%A3+%E0%AA%A4%E0%AA%B0%E0%AA%AB+%E0%AA%B0%E0%AA%BE%E0%AA%9C%E0%AB%8D%E0%AA%AF+%E0%AA%B8%E0%AA%B0%E0%AA%95%E0%AA%BE%E0%AA%B0%E0%AA%A8%E0%AB%8B+%E0%AA%AE%E0%AA%B9%E0%AA%A4%E0%AB%8D%E0%AA%B5%E0%AA%AA%E0%AB%82%E0%AA%B0%E0%AB%8D%E0%AA%A3+%E0%AA%A8%E0%AA%BF%E0%AA%B0%E0%AB%8D%E0%AA%A3%E0%AA%AF> (referer: https://www.google.com/)
warning: urllib failed (HTTP Error 429: Too Many Requests), retrying via scrapling: translate.googleapis.com
[2026-08-26 07:44:13] INFO: Fetched (200) <GET https://translate.googleapis.com/translate_a/single?client=gtx&sl=auto&tl=en&dt=t&q=%E0%AA%B0%E0%AA%BE%E0%AA%9C%E0%AB%8D%E0%AA%AF%E0%AA%AA%E0%AA%BE%E0%AA%B2+%E0%AA%B6%E0%AB%8D%E0%AA%B0%E0%AB%80+%E0%AA%86%E0%AA%9A%E0%AA%BE%E0%AA%B0%E0%AB%8D%E0%AA%AF+%E0%AA%A6%E0%AB%87%E0%AA%B5%E0%AA%B5%E0%AB%8D%E0%AA%B0%E0%AA%A4%E0%AA%9C%E0%AB%80%E0%AA%8F+%E0%AA%AC%E0%AA%BE%E0%AA%B0%E0%AA%A1%E0%AB%8B%E0%AA%B2%E0%AB%80+%E0%AA%A4%E0%AA%BE%E0%AA%B2%E0%AB%81%E0%AA%95%E0%AA%BE%E0%AA%A8%E0%AA%BE+%E0%AA%B0%E0%AA%BE%E0%AA%9C%E0%AA%AA%E0%AB%81%E0%AA%B0%E0%AA%BE+%E0%AA%B2%E0%AB%81%E0%AA%82%E0%AA%AD%E0%AA%BE+%E0%AA%97%E0%AA%BE%E0%AA%AE%E0%AA%A8%E0%AA%BE+%E0%AA%AA%E0%AB%8D%E0%AA%B0%E0%AA%97%E0%AA%A4%E0%AA%BF%E0%AA%B6%E0%AB%80%E0%AA%B2+%E0%AA%96%E0%AB%87%E0%AA%A1%E0%AB%81%E0%AA%A4+%E0%AA%B0%E0%AA%BE%E0%AA%95%E0%AB%87%E0%AA%B6%E0%AA%AD%E0%AA%BE%E0%AA%88+%E0%AA%AA%E0%AA%9F%E0%AB%87%E0%AA%B2%E0%AA%A8%E0%AA%BE+%E0%AA%AA%E0%AB%8D%E0%AA%B0%E0%AA%BE%E0%AA%95%E0%AB%83%E0%AA%A4%E0%AA%BF%E0%AA%95+%E0%AA%AB%E0%AA%BE%E0%AA%B0%E0%AB%8D%E0%AA%AE%E0%AA%A8%E0%AB%80+%E0%AA%AE%E0%AB%81%E0%AA%B2%E0%AA%BE%E0%AA%95%E0%AA%BE%E0%AA%A4+%E0%AA%B2%E0%AB%80%E0%AA%A7%E0%AB%80> (referer: https://www.google.com/)
warning: urllib failed (HTTP Error 429: Too Many Requests), retrying via scrapling: translate.googleapis.com
[2026-08-26 07:44:14] INFO: Fetched (200) <GET https://translate.googleapis.com/translate_a/single?client=gtx&sl=auto&tl=en&dt=t&q=%E0%AA%B0%E0%AA%BE%E0%AA%9C%E0%AB%8D%E0%AA%AF%E0%AA%AA%E0%AA%BE%E0%AA%B2%E0%AA%B6%E0%AB%8D%E0%AA%B0%E0%AB%80+%E0%AA%86%E0%AA%9A%E0%AA%BE%E0%AA%B0%E0%AB%8D%E0%AA%AF+%E0%AA%A6%E0%AB%87%E0%AA%B5%E0%AA%B5%E0%AB%8D%E0%AA%B0%E0%AA%A4%E0%AA%9C%E0%AB%80%E0%AA%8F+%E0%AA%AC%E0%AA%BE%E0%AA%B0%E0%AA%A1%E0%AB%8B%E0%AA%B2%E0%AB%80+%E0%AA%A4%E0%AA%BE%E0%AA%B2%E0%AB%81%E0%AA%95%E0%AA%BE%E0%AA%A8%E0%AA%BE+%E0%AA%9F%E0%AB%80%E0%AA%82%E0%AA%AC%E0%AA%B0%E0%AA%B5%E0%AA%BE+%E0%AA%97%E0%AA%BE%E0%AA%AE%E0%AA%A8%E0%AB%80+%E0%AA%AA%E0%AB%8D%E0%AA%B0%E0%AA%BE%E0%AA%A5%E0%AA%AE%E0%AA%BF%E0%AA%95+%E0%AA%B6%E0%AA%BE%E0%AA%B3%E0%AA%BE%E0%AA%AE%E0%AA%BE%E0%AA%82+%E0%AA%B0%E0%AA%BE%E0%AA%A4%E0%AB%8D%E0%AA%B0%E0%AA%BF+%E0%AA%B5%E0%AA%BF%E0%AA%B6%E0%AB%8D%E0%AA%B0%E0%AA%BE%E0%AA%AE+%E0%AA%95%E0%AA%B0%E0%AB%8D%E0%AA%AF%E0%AB%8B> (referer: https://www.google.com/)
warning: urllib failed (HTTP Error 429: Too Many Requests), retrying via scrapling: translate.googleapis.com
[2026-08-26 07:44:19] INFO: Fetched (200) <GET https://translate.googleapis.com/translate_a/single?client=gtx&sl=auto&tl=en&dt=t&q=%E0%A4%86%E0%A4%A6%E0%A4%BF%E0%A4%B5%E0%A4%BE%E0%A4%B8%E0%A5%80+%E0%A4%B5%E0%A4%BF%E0%A4%A6%E0%A5%8D%E0%A4%AF%E0%A4%BE%E0%A4%B0%E0%A5%8D%E0%A4%A5%E0%A5%8D%E0%A4%AF%E0%A4%BE%E0%A4%82%E0%A4%A8%E0%A4%BE+%E0%A5%B2%E0%A4%A8%E0%A4%BF%E0%A4%AE%E0%A4%BF%E0%A4%AF%E0%A4%BE%E0%A4%AA%E0%A4%BE%E0%A4%B8%E0%A5%82%E0%A4%A8+%E0%A4%AE%E0%A5%81%E0%A4%95%E0%A5%8D%E0%A4%A4+%E0%A4%95%E0%A4%B0%E0%A4%A3%E0%A5%8D%E0%A4%AF%E0%A4%BE%E0%A4%B8%E0%A4%BE%E0%A4%A0%E0%A5%80+%E0%A4%B5%E0%A5%8D%E0%A4%AF%E0%A4%BE%E0%A4%AA%E0%A4%95+%E0%A4%AE%E0%A5%8B%E0%A4%B9%E0%A5%80%E0%A4%AE> (referer: https://www.google.com/)
warning: urllib failed (HTTP Error 429: Too Many Requests), retrying via scrapling: translate.googleapis.com
[2026-08-26 07:44:21] INFO: Fetched (200) <GET https://translate.googleapis.com/translate_a/single?client=gtx&sl=auto&tl=en&dt=t&q=%E0%A4%90%E0%A4%A4%E0%A4%BF%E0%A4%B9%E0%A4%BE%E0%A4%B8%E0%A4%BF%E0%A4%95+%E0%A4%B8%E0%A5%8D%E0%A4%AE%E0%A4%BE%E0%A4%B0%E0%A4%95%E0%A5%87+%E0%A4%B5+%E0%A4%97%E0%A4%A1%E0%A4%95%E0%A4%BF%E0%A4%B2%E0%A5%8D%E0%A4%B2%E0%A5%8D%E0%A4%AF%E0%A4%BE%E0%A4%82%E0%A4%9A%E0%A5%8D%E0%A4%AF%E0%A4%BE+%E0%A4%B8%E0%A4%82%E0%A4%B5%E0%A4%B0%E0%A5%8D%E0%A4%A7%E0%A4%A8%E0%A4%BE%E0%A4%B2%E0%A4%BE+%E0%A4%97%E0%A4%A4%E0%A5%80+%E0%A4%A6%E0%A5%8D%E0%A4%AF%E0%A4%BE+%E2%80%93+%E0%A4%AE%E0%A4%82%E0%A4%A4%E0%A5%8D%E0%A4%B0%E0%A5%80+%E0%A5%B2%E0%A4%A1.+%E0%A4%86%E0%A4%B6%E0%A4%BF%E0%A4%B7+%E0%A4%B6%E0%A5%87%E0%A4%B2%E0%A4%BE%E0%A4%B0> (referer: https://www.google.com/)
warning: urllib failed (HTTP Error 429: Too Many Requests), retrying via scrapling: translate.googleapis.com
[2026-08-26 07:44:23] INFO: Fetched (200) <GET https://translate.googleapis.com/translate_a/single?client=gtx&sl=auto&tl=en&dt=t&q=%E0%A4%B0%E0%A4%BE%E0%A4%9C%E0%A5%8D%E0%A4%AF%E0%A4%BE%E0%A4%A4%E0%A5%80%E0%A4%B2+%E0%A4%B8%E0%A4%B0%E0%A5%8D%E0%A4%B5+%E0%A4%B6%E0%A4%BE%E0%A4%B8%E0%A4%95%E0%A5%80%E0%A4%AF%2C+%E0%A4%96%E0%A4%BE%E0%A4%B8%E0%A4%97%E0%A5%80%2C+%E0%A4%A7%E0%A4%B0%E0%A5%8D%E0%A4%AE%E0%A4%BE%E0%A4%A6%E0%A4%BE%E0%A4%AF+%E0%A4%B0%E0%A5%81%E0%A4%97%E0%A5%8D%E0%A4%A3%E0%A4%BE%E0%A4%B2%E0%A4%AF%E0%A4%BE%E0%A4%82%E0%A4%9A%E0%A5%8D%E0%A4%AF%E0%A4%BE+%E0%A4%85%E0%A4%97%E0%A5%8D%E0%A4%A8%E0%A5%80+%E0%A4%B5+%E0%A4%B5%E0%A4%BF%E0%A4%A6%E0%A5%8D%E0%A4%AF%E0%A5%81%E0%A4%A4+%E0%A4%B8%E0%A5%81%E0%A4%B0%E0%A4%95%E0%A5%8D%E0%A4%B7%E0%A4%BE+%E0%A4%AE%E0%A4%BE%E0%A4%A8%E0%A4%95%E0%A4%BE%E0%A4%82%E0%A4%9A%E0%A5%80+%E0%A4%A4%E0%A4%AA%E0%A4%BE%E0%A4%B8%E0%A4%A3%E0%A5%80+%E0%A4%95%E0%A4%B0%E0%A4%BE+%E2%80%93+%E0%A4%AE%E0%A4%82%E0%A4%A4%E0%A5%8D%E0%A4%B0%E0%A5%80+%E0%A4%AA%E0%A5%8D%E0%A4%B0%E0%A4%95%E0%A4%BE%E0%A4%B6+%E0%A4%86%E0%A4%AC%E0%A4%BF%E0%A4%9F%E0%A4%95%E0%A4%B0> (referer: https://www.google.com/)
warning: urllib failed (HTTP Error 429: Too Many Requests), retrying via scrapling: translate.googleapis.com
[2026-08-26 07:44:25] INFO: Fetched (200) <GET https://translate.googleapis.com/translate_a/single?client=gtx&sl=auto&tl=en&dt=t&q=%E0%A4%B5%E0%A5%8D%E0%A4%AF%E0%A4%BE%E0%A4%AA%E0%A4%BE%E0%A4%B0%E0%A5%80+%E0%A4%B5+%E0%A4%AC%E0%A4%BE%E0%A4%9C%E0%A4%BE%E0%A4%B0+%E0%A4%B8%E0%A4%AE%E0%A4%BF%E0%A4%A4%E0%A5%8D%E0%A4%AF%E0%A4%BE%E0%A4%82%E0%A4%9A%E0%A5%8D%E0%A4%AF%E0%A4%BE+%E0%A4%AA%E0%A5%8D%E0%A4%B0%E0%A4%B6%E0%A5%8D%E0%A4%A8%E0%A4%BE%E0%A4%82%E0%A4%B5%E0%A4%B0+%E0%A4%B8%E0%A4%AE%E0%A4%A8%E0%A5%8D%E0%A4%B5%E0%A4%AF%E0%A4%BE%E0%A4%A4%E0%A5%82%E0%A4%A8+%E0%A4%AE%E0%A4%BE%E0%A4%B0%E0%A5%8D%E0%A4%97+%E0%A4%95%E0%A4%BE%E0%A4%A2%E0%A4%A3%E0%A4%BE%E0%A4%B0+%E2%80%93+%E0%A4%AE%E0%A4%82%E0%A4%A4%E0%A5%8D%E0%A4%B0%E0%A5%80+%E0%A4%9C%E0%A4%AF%E0%A4%95%E0%A5%81%E0%A4%AE%E0%A4%BE%E0%A4%B0+%E0%A4%B0%E0%A4%BE%E0%A4%B5%E0%A4%B2> (referer: https://www.google.com/)
warning: urllib failed (HTTP Error 429: Too Many Requests), retrying via scrapling: translate.googleapis.com
[2026-08-26 07:44:26] INFO: Fetched (200) <GET https://translate.googleapis.com/translate_a/single?client=gtx&sl=auto&tl=en&dt=t&q=%E0%A4%9C%E0%A4%BE%E0%A4%82%E0%A4%AD%E0%A4%BE+%E0%A4%9A%E0%A4%BF%E0%A4%B0%E0%A5%87%E0%A4%96%E0%A4%BE%E0%A4%A3+%E0%A4%89%E0%A4%A6%E0%A5%8D%E0%A4%AF%E0%A5%8B%E0%A4%97%E0%A4%BE%E0%A4%9A%E0%A5%8D%E0%A4%AF%E0%A4%BE+%E0%A4%85%E0%A4%A1%E0%A4%9A%E0%A4%A3%E0%A5%80+%E0%A4%A6%E0%A5%82%E0%A4%B0+%E0%A4%95%E0%A4%B0%E0%A4%A3%E0%A5%8D%E0%A4%AF%E0%A4%BE%E0%A4%B8%E0%A4%BE%E0%A4%A0%E0%A5%80+%E0%A4%86%E0%A4%B5%E0%A4%B6%E0%A5%8D%E0%A4%AF%E0%A4%95+%E0%A4%89%E0%A4%AA%E0%A4%BE%E0%A4%AF%E0%A4%AF%E0%A5%8B%E0%A4%9C%E0%A4%A8%E0%A4%BE+%E0%A4%95%E0%A4%B0%E0%A4%BE+%E2%80%93+%E0%A4%B0%E0%A4%BE%E0%A4%9C%E0%A5%8D%E0%A4%AF%E0%A4%AE%E0%A4%82%E0%A4%A4%E0%A5%8D%E0%A4%B0%E0%A5%80+%E0%A4%AF%E0%A5%8B%E0%A4%97%E0%A5%87%E0%A4%B6+%E0%A4%95%E0%A4%A6%E0%A4%AE> (referer: https://www.google.com/)
warning: urllib failed (HTTP Error 429: Too Many Requests), retrying via scrapling: translate.googleapis.com
[2026-08-26 07:44:28] INFO: Fetched (200) <GET https://translate.googleapis.com/translate_a/single?client=gtx&sl=auto&tl=en&dt=t&q=%E0%A4%85%E0%A4%82%E0%A4%97%E0%A4%A3%E0%A4%B5%E0%A4%BE%E0%A4%A1%E0%A5%80%E0%A4%A4%E0%A5%80%E0%A4%B2+%E0%A4%AA%E0%A5%8B%E0%A4%B7%E0%A4%A3+%E0%A4%86%E0%A4%B9%E0%A4%BE%E0%A4%B0%E0%A4%BE%E0%A4%9A%E0%A5%8D%E0%A4%AF%E0%A4%BE+%E0%A4%97%E0%A5%81%E0%A4%A3%E0%A4%B5%E0%A4%A4%E0%A5%8D%E0%A4%A4%E0%A5%87%E0%A4%B8%E0%A4%BE%E0%A4%A0%E0%A5%80+%E0%A4%95%E0%A4%BE%E0%A4%9F%E0%A5%87%E0%A4%95%E0%A5%8B%E0%A4%B0+%E0%A4%A4%E0%A4%AA%E0%A4%BE%E0%A4%B8%E0%A4%A3%E0%A5%80+%E0%A4%95%E0%A4%B0%E0%A4%BE+%E2%80%93+%E0%A4%AE%E0%A4%82%E0%A4%A4%E0%A5%8D%E0%A4%B0%E0%A5%80+%E0%A4%86%E0%A4%A6%E0%A4%BF%E0%A4%A4%E0%A5%80+%E0%A4%A4%E0%A4%9F%E0%A4%95%E0%A4%B0%E0%A5%87> (referer: https://www.google.com/)
warning: urllib failed (HTTP Error 429: Too Many Requests), retrying via scrapling: translate.googleapis.com
[2026-08-26 07:44:29] INFO: Fetched (200) <GET https://translate.googleapis.com/translate_a/single?client=gtx&sl=auto&tl=en&dt=t&q=%E0%A4%B0%E0%A4%BF%E0%A4%95%E0%A5%8D%E0%A4%B7%E0%A4%BE-%E0%A4%9F%E0%A5%85%E0%A4%95%E0%A5%8D%E0%A4%B8%E0%A5%80+%E0%A4%9A%E0%A4%BE%E0%A4%B2%E0%A4%95%E0%A4%BE%E0%A4%82%E0%A4%A8%E0%A4%BE+%E0%A4%AE%E0%A4%B0%E0%A4%BE%E0%A4%A0%E0%A5%80+%E0%A4%AD%E0%A4%BE%E0%A4%B7%E0%A5%87%E0%A4%9A%E0%A5%87+%E0%A4%AA%E0%A5%8D%E0%A4%B0%E0%A4%B6%E0%A4%BF%E0%A4%95%E0%A5%8D%E0%A4%B7%E0%A4%A3+%E0%A4%A6%E0%A5%87%E0%A4%A3%E0%A5%8D%E0%A4%AF%E0%A4%BE%E0%A4%9A%E0%A4%BE+%E0%A4%89%E0%A4%AA%E0%A4%95%E0%A5%8D%E0%A4%B0%E0%A4%AE+%E0%A4%AA%E0%A5%81%E0%A4%A2%E0%A5%87%E0%A4%B9%E0%A5%80+%E0%A4%B8%E0%A5%81%E0%A4%B0%E0%A5%82+%E0%A4%B0%E0%A4%BE%E0%A4%B9%E0%A4%A3%E0%A4%BE%E0%A4%B0+%E2%80%93+%E0%A4%AE%E0%A4%82%E0%A4%A4%E0%A5%8D%E0%A4%B0%E0%A5%80+%E0%A4%AA%E0%A5%8D%E0%A4%B0%E0%A4%A4%E0%A4%BE%E0%A4%AA+%E0%A4%B8%E0%A4%B0%E0%A4%A8%E0%A4%BE%E0%A4%88%E0%A4%95> (referer: https://www.google.com/)
warning: urllib failed (HTTP Error 429: Too Many Requests), retrying via scrapling: translate.googleapis.com
[2026-08-26 07:44:31] INFO: Fetched (200) <GET https://translate.googleapis.com/translate_a/single?client=gtx&sl=auto&tl=en&dt=t&q=%E0%A4%B5%E0%A5%87%E0%A4%97%E0%A4%B5%E0%A4%BE%E0%A4%A8+%E0%A4%B5%E0%A4%BF%E0%A4%95%E0%A4%BE%E0%A4%B8%E0%A4%BE%E0%A4%9A%E0%A5%87+%E0%A4%9A%E0%A5%87%E0%A4%82%E0%A4%9C+%E0%A4%AE%E0%A5%87%E0%A4%95%E0%A4%B0%E0%A5%8D%E0%A4%B8+%E0%A4%AC%E0%A4%A8%E0%A4%BE+%E0%A4%AB%E0%A4%95%E0%A5%8D%E0%A4%A4+%E0%A4%AE%E0%A5%81%E0%A4%82%E0%A4%AC%E0%A4%88+%E0%A4%A8%E0%A4%B5%E0%A5%8D%E0%A4%B9%E0%A5%87%2C+%E0%A4%B8%E0%A4%82%E0%A4%AA%E0%A5%82%E0%A4%B0%E0%A5%8D%E0%A4%A3+%E0%A4%B0%E0%A4%BE%E0%A4%9C%E0%A5%8D%E0%A4%AF+%E0%A4%97%E0%A5%8D%E0%A4%B0%E0%A5%8B%E0%A4%A5+%E0%A4%87%E0%A4%82%E0%A4%9C%E0%A4%BF%E0%A4%A8+%E0%A4%AC%E0%A4%A8%E0%A4%B5%E0%A4%BF%E0%A4%A3%E0%A4%BE%E0%A4%B0+%E2%80%93+%E0%A4%89%E0%A4%AA%E0%A4%AE%E0%A5%81%E0%A4%96%E0%A5%8D%E0%A4%AF%E0%A4%AE%E0%A4%82%E0%A4%A4%E0%A5%8D%E0%A4%B0%E0%A5%80+%E0%A4%8F%E0%A4%95%E0%A4%A8%E0%A4%BE%E0%A4%A5+%E0%A4%B6%E0%A4%BF%E0%A4%82%E0%A4%A6%E0%A5%87> (referer: https://www.google.com/)
warning: urllib failed (HTTP Error 429: Too Many Requests), retrying via scrapling: translate.googleapis.com
[2026-08-26 07:44:32] INFO: Fetched (200) <GET https://translate.googleapis.com/translate_a/single?client=gtx&sl=auto&tl=en&dt=t&q=%E0%A4%A6%E0%A4%B9%E0%A5%80%E0%A4%B9%E0%A4%82%E0%A4%A1%E0%A5%80+%E0%A4%B9%E0%A4%BE+%E0%A4%96%E0%A5%87%E0%A4%B3+%E0%A4%95%E0%A5%89%E0%A4%AE%E0%A4%A8%E0%A4%B5%E0%A5%87%E0%A4%B2%E0%A5%8D%E0%A4%A5+%E0%A4%86%E0%A4%A3%E0%A4%BF+%E0%A4%91%E0%A4%B2%E0%A4%BF%E0%A4%AE%E0%A5%8D%E0%A4%AA%E0%A4%BF%E0%A4%95+%E0%A4%AE%E0%A4%A7%E0%A5%8D%E0%A4%AF%E0%A5%87+%E0%A4%A8%E0%A5%87%E0%A4%A3%E0%A5%8D%E0%A4%AF%E0%A4%BE%E0%A4%B8%E0%A4%BE%E0%A4%A0%E0%A5%80+%E0%A4%B0%E0%A4%BE%E0%A4%9C%E0%A5%8D%E0%A4%AF+%E0%A4%B6%E0%A4%BE%E0%A4%B8%E0%A4%A8+%E0%A4%AA%E0%A5%8D%E0%A4%B0%E0%A4%AF%E0%A4%A4%E0%A5%8D%E0%A4%A8+%E0%A4%95%E0%A4%B0%E0%A4%A3%E0%A4%BE%E0%A4%B0+%E2%80%93+%E0%A4%AE%E0%A5%81%E0%A4%96%E0%A5%8D%E0%A4%AF%E0%A4%AE%E0%A4%82%E0%A4%A4%E0%A5%8D%E0%A4%B0%E0%A5%80+%E0%A4%A6%E0%A5%87%E0%A4%B5%E0%A5%87%E0%A4%82%E0%A4%A6%E0%A5%8D%E0%A4%B0+%E0%A4%AB%E0%A4%A1%E0%A4%A3%E0%A4%B5%E0%A5%80%E0%A4%B8> (referer: https://www.google.com/)
warning: urllib failed (HTTP Error 429: Too Many Requests), retrying via scrapling: translate.googleapis.com
[2026-08-26 07:44:33] INFO: Fetched (200) <GET https://translate.googleapis.com/translate_a/single?client=gtx&sl=auto&tl=en&dt=t&q=%E0%A4%9C%E0%A4%BF%E0%A4%B2%E0%A5%8D%E0%A4%B9%E0%A4%BE%E0%A4%A7%E0%A4%BF%E0%A4%95%E0%A4%BE%E0%A4%B0%E0%A5%80%2C+%E0%A4%AE%E0%A5%81%E0%A4%82%E0%A4%AC%E0%A4%88+%E0%A4%89%E0%A4%AA%E0%A4%A8%E0%A4%97%E0%A4%B0+%E0%A4%AF%E0%A4%BE%E0%A4%82%E0%A4%9A%E0%A5%80+%E0%A4%A7%E0%A4%A1%E0%A4%95+%E0%A4%95%E0%A4%BE%E0%A4%B0%E0%A4%B5%E0%A4%BE%E0%A4%88> (referer: https://www.google.com/)
warning: urllib failed (HTTP Error 429: Too Many Requests), retrying via scrapling: translate.googleapis.com
[2026-08-26 07:44:35] INFO: Fetched (200) <GET https://translate.googleapis.com/translate_a/single?client=gtx&sl=auto&tl=en&dt=t&q=%E0%A4%96%E0%A5%87%E0%A4%B2%E0%A5%8B+%E0%A4%87%E0%A4%82%E0%A4%A1%E0%A4%BF%E0%A4%AF%E0%A4%BE+%E0%A4%B8%E0%A4%82%E0%A4%B5%E0%A4%BE%E0%A4%A6%E0%A4%BE%E0%A4%A4%E0%A5%82%E0%A4%A8+%E0%A4%AA%E0%A5%8D%E0%A4%B0%E0%A4%A7%E0%A4%BE%E0%A4%A8%E0%A4%AE%E0%A4%82%E0%A4%A4%E0%A5%8D%E0%A4%B0%E0%A5%80+%E0%A4%A8%E0%A4%B0%E0%A5%87%E0%A4%82%E0%A4%A6%E0%A5%8D%E0%A4%B0+%E0%A4%AE%E0%A5%8B%E0%A4%A6%E0%A5%80+%E0%A4%AF%E0%A5%81%E0%A4%B5%E0%A4%95%E0%A4%BE%E0%A4%82%E0%A4%B6%E0%A5%80+%E0%A4%B8%E0%A4%82%E0%A4%B5%E0%A4%BE%E0%A4%A6+%E0%A4%B8%E0%A4%BE%E0%A4%A7%E0%A4%A3%E0%A4%BE%E0%A4%B0> (referer: https://www.google.com/)
warning: urllib failed (HTTP Error 429: Too Many Requests), retrying via scrapling: translate.googleapis.com
[2026-08-26 07:44:36] INFO: Fetched (200) <GET https://translate.googleapis.com/translate_a/single?client=gtx&sl=auto&tl=en&dt=t&q=%E0%A4%B8%E0%A5%8D%E0%A4%B5%E0%A4%AF%E0%A4%82%E0%A4%85%E0%A4%B0%E0%A5%8D%E0%A4%A5%E0%A4%B8%E0%A4%B9%E0%A4%BE%E0%A4%AF%E0%A5%8D%E0%A4%AF%E0%A4%BF%E0%A4%A4+%E0%A4%B5%E0%A4%BF%E0%A4%A6%E0%A5%8D%E0%A4%AF%E0%A4%BE%E0%A4%AA%E0%A5%80%E0%A4%A0%E0%A4%BE%E0%A4%82%E0%A4%AE%E0%A4%A7%E0%A5%8D%E0%A4%AF%E0%A5%87+%E0%A4%AE%E0%A4%B0%E0%A4%BE%E0%A4%A0%E0%A5%80+%E0%A4%AD%E0%A4%BE%E0%A4%B7%E0%A4%BE+%E0%A4%B5%E0%A4%BF%E0%A4%AD%E0%A4%BE%E0%A4%97%E0%A4%BE%E0%A4%9A%E0%A5%80+%E0%A4%B8%E0%A5%8D%E0%A4%A5%E0%A4%BE%E0%A4%AA%E0%A4%A8%E0%A4%BE+%E0%A4%95%E0%A4%B0%E0%A4%BE+%E2%80%93+%E0%A4%AE%E0%A4%82%E0%A4%A4%E0%A5%8D%E0%A4%B0%E0%A5%80+%E0%A4%9A%E0%A4%82%E0%A4%A6%E0%A5%8D%E0%A4%B0%E0%A4%95%E0%A4%BE%E0%A4%82%E0%A4%A4%28%E0%A4%A6%E0%A4%BE%E0%A4%A6%E0%A4%BE%29+%E0%A4%AA%E0%A4%BE%E0%A4%9F%E0%A5%80%E0%A4%B2> (referer: https://www.google.com/)
warning: urllib failed (HTTP Error 429: Too Many Requests), retrying via scrapling: translate.googleapis.com
[2026-08-26 07:44:38] INFO: Fetched (200) <GET https://translate.googleapis.com/translate_a/single?client=gtx&sl=auto&tl=en&dt=t&q=%E0%A4%B8%E0%A5%8D%E0%A4%AA%E0%A5%87%E0%A4%B8%E0%A4%AB%E0%A5%87%E0%A4%B8%E0%A5%8D%E0%A4%9F%E0%A4%9A%E0%A5%8D%E0%A4%AF%E0%A4%BE+%E0%A4%AE%E0%A4%BE%E0%A4%A7%E0%A5%8D%E0%A4%AF%E0%A4%AE%E0%A4%BE%E0%A4%A4%E0%A5%82%E0%A4%A8+%E0%A4%B5%E0%A4%BF%E0%A4%9C%E0%A5%8D%E0%A4%9E%E0%A4%BE%E0%A4%A8%2C+%E0%A4%85%E0%A4%B5%E0%A4%95%E0%A4%BE%E0%A4%B6+%E0%A4%86%E0%A4%A3%E0%A4%BF+%E0%A4%AE%E0%A4%A8%E0%A5%8B%E0%A4%B0%E0%A4%82%E0%A4%9C%E0%A4%A8%E0%A4%BE%E0%A4%9A%E0%A4%BE+%E0%A4%A4%E0%A5%8D%E0%A4%B0%E0%A4%BF%E0%A4%B5%E0%A5%87%E0%A4%A3%E0%A5%80+%E0%A4%B8%E0%A4%82%E0%A4%97%E0%A4%AE+%E2%80%93+%E0%A4%AE%E0%A4%82%E0%A4%A4%E0%A5%8D%E0%A4%B0%E0%A5%80+%E0%A4%A1%E0%A5%89.+%E0%A4%89%E0%A4%A6%E0%A4%AF+%E0%A4%B8%E0%A4%BE%E0%A4%AE%E0%A4%82%E0%A4%A4> (referer: https://www.google.com/)
warning: urllib failed (HTTP Error 429: Too Many Requests), retrying via scrapling: translate.googleapis.com
[2026-08-26 07:44:40] INFO: Fetched (200) <GET https://translate.googleapis.com/translate_a/single?client=gtx&sl=auto&tl=en&dt=t&q=%E0%A4%AA%E0%A4%82%E0%A4%9A%E0%A4%97%E0%A4%82%E0%A4%97%E0%A4%BE+%E0%A4%A8%E0%A4%A6%E0%A5%80+%E0%A4%AA%E0%A4%B0%E0%A4%BF%E0%A4%B8%E0%A4%B0%E0%A4%BE%E0%A4%A4%E0%A5%80%E0%A4%B2+%E0%A4%B8%E0%A4%BE%E0%A4%82%E0%A4%A1%E0%A4%AA%E0%A4%BE%E0%A4%A3%E0%A5%80+%E0%A4%AA%E0%A5%8D%E0%A4%B0%E0%A4%95%E0%A5%8D%E0%A4%B0%E0%A4%BF%E0%A4%AF%E0%A4%BE+%E0%A4%AA%E0%A5%8D%E0%A4%B0%E0%A4%95%E0%A4%B2%E0%A5%8D%E0%A4%AA%E0%A4%BE%E0%A4%82%E0%A4%9A%E0%A5%8D%E0%A4%AF%E0%A4%BE+%E0%A4%95%E0%A4%BE%E0%A4%AE%E0%A4%BE%E0%A4%82%E0%A4%A8%E0%A4%BE+%E0%A4%97%E0%A4%A4%E0%A5%80+%E0%A4%A6%E0%A5%8D%E0%A4%AF%E0%A4%BE+%E2%80%93+%E0%A4%AE%E0%A4%82%E0%A4%A4%E0%A5%8D%E0%A4%B0%E0%A5%80+%E0%A4%AA%E0%A4%82%E0%A4%95%E0%A4%9C%E0%A4%BE+%E0%A4%AE%E0%A5%81%E0%A4%82%E0%A4%A1%E0%A5%87> (referer: https://www.google.com/)
warning: urllib failed (HTTP Error 429: Too Many Requests), retrying via scrapling: translate.googleapis.com
[2026-08-26 07:44:42] INFO: Fetched (200) <GET https://translate.googleapis.com/translate_a/single?client=gtx&sl=auto&tl=en&dt=t&q=%E0%A4%86%E0%A4%AF%E0%A5%81%E0%A4%B0%E0%A5%8D%E0%A4%B5%E0%A5%87%E0%A4%A6+%E0%A4%94%E0%A4%B7%E0%A4%A7+%E0%A4%89%E0%A4%A4%E0%A5%8D%E0%A4%AA%E0%A4%BE%E0%A4%A6%E0%A4%95%E0%A4%BE%E0%A4%82%E0%A4%9A%E0%A5%8D%E0%A4%AF%E0%A4%BE+%E0%A4%85%E0%A4%A1%E0%A4%9A%E0%A4%A3%E0%A5%80+%E0%A4%B8%E0%A4%95%E0%A4%BE%E0%A4%B0%E0%A4%BE%E0%A4%A4%E0%A5%8D%E0%A4%AE%E0%A4%95+%E0%A4%AA%E0%A4%A6%E0%A5%8D%E0%A4%A7%E0%A4%A4%E0%A5%80%E0%A4%A8%E0%A5%87+%E0%A4%B8%E0%A5%8B%E0%A4%A1%E0%A4%B5%E0%A4%BE+%E2%80%93+%E0%A4%B0%E0%A4%BE%E0%A4%9C%E0%A5%8D%E0%A4%AF%E0%A4%AE%E0%A4%82%E0%A4%A4%E0%A5%8D%E0%A4%B0%E0%A5%80+%E0%A4%AF%E0%A5%8B%E0%A4%97%E0%A5%87%E0%A4%B6+%E0%A4%95%E0%A4%A6%E0%A4%AE> (referer: https://www.google.com/)
warning: urllib failed (HTTP Error 429: Too Many Requests), retrying via scrapling: translate.googleapis.com
[2026-08-26 07:44:43] INFO: Fetched (200) <GET https://translate.googleapis.com/translate_a/single?client=gtx&sl=auto&tl=en&dt=t&q=%E0%A4%88%E0%A4%A6+%E0%A4%8F+%E0%A4%AE%E0%A4%BF%E0%A4%B2%E0%A4%BE%E0%A4%A6+%E0%A4%A8%E0%A4%BF%E0%A4%AE%E0%A4%BF%E0%A4%A4%E0%A5%8D%E0%A4%A4+%E0%A4%B0%E0%A4%BE%E0%A4%9C%E0%A5%8D%E0%A4%AF%E0%A4%AA%E0%A4%BE%E0%A4%B2%E0%A4%BE%E0%A4%82%E0%A4%9A%E0%A5%8D%E0%A4%AF%E0%A4%BE+%E0%A4%B6%E0%A5%81%E0%A4%AD%E0%A5%87%E0%A4%9A%E0%A5%8D%E0%A4%9B%E0%A4%BE> (referer: https://www.google.com/)
warning: urllib failed (HTTP Error 429: Too Many Requests), retrying via scrapling: translate.googleapis.com
[2026-08-26 07:44:45] INFO: Fetched (200) <GET https://translate.googleapis.com/translate_a/single?client=gtx&sl=auto&tl=en&dt=t&q=%E2%80%9C%E0%A4%AA%E0%A5%80%E0%A4%8F%E0%A4%AE%E0%A4%8F%E0%A4%AB%E0%A4%8F%E0%A4%AE%E0%A4%88+%E0%A4%AF%E0%A5%8B%E0%A4%9C%E0%A4%A8%E0%A5%87%E0%A4%B2%E0%A4%BE+%E0%A4%AE%E0%A4%BF%E0%A4%B3%E0%A4%BE%E0%A4%B2%E0%A5%87%E0%A4%B2%E0%A4%BE+%E0%A4%AA%E0%A5%81%E0%A4%B0%E0%A4%B8%E0%A5%8D%E0%A4%95%E0%A4%BE%E0%A4%B0+%E0%A4%AE%E0%A4%B9%E0%A4%BE%E0%A4%B0%E0%A4%BE%E0%A4%B7%E0%A5%8D%E0%A4%9F%E0%A5%8D%E0%A4%B0%E0%A4%BE%E0%A4%A4%E0%A5%80%E0%A4%B2+%E0%A4%B6%E0%A5%87%E0%A4%A4%E0%A4%95%E0%A4%B0%E0%A5%80%2C+%E0%A4%AE%E0%A4%B9%E0%A4%BF%E0%A4%B2%E0%A4%BE%2C+%E0%A4%AF%E0%A5%81%E0%A4%B5%E0%A4%BE+%E0%A4%86%E0%A4%A3%E0%A4%BF+%E0%A4%95%E0%A5%83%E0%A4%B7%E0%A5%80+%E0%A4%B5%E0%A4%BF%E0%A4%AD%E0%A4%BE%E0%A4%97%E0%A4%BE%E0%A4%9A%E0%A5%8D%E0%A4%AF%E0%A4%BE+%E0%A4%AE%E0%A5%87%E0%A4%B9%E0%A4%A8%E0%A4%A4%E0%A5%80%E0%A4%9A%E0%A5%80+%E0%A4%AA%E0%A4%BE%E0%A4%B5%E0%A4%A4%E0%A5%80%E2%80%9D+%E2%80%93+%E0%A4%AE%E0%A4%82%E0%A4%A4%E0%A5%8D%E0%A4%B0%E0%A5%80+%E0%A4%A6%E0%A4%A4%E0%A5%8D%E0%A4%A4%E0%A4%BE%E0%A4%A4%E0%A5%8D%E0%A4%B0%E0%A4%AF+%E0%A4%AD%E0%A4%B0%E0%A4%A3%E0%A5%87> (referer: https://www.google.com/)
warning: urllib failed (HTTP Error 429: Too Many Requests), retrying via scrapling: translate.googleapis.com
[2026-08-26 07:44:48] INFO: Fetched (200) <GET https://translate.googleapis.com/translate_a/single?client=gtx&sl=auto&tl=en&dt=t&q=%E0%A4%B8%E0%A4%B0%E0%A4%B2%E0%A4%BE+%E0%A4%AC%E0%A5%87%E0%A4%9F%E0%A4%BE%E0%A4%9A%E0%A4%BE+%E0%A4%AA%E0%A5%8D%E0%A4%B0%E0%A4%AE%E0%A5%81%E0%A4%96+%E0%A4%A4%E0%A5%80%E0%A4%B0%E0%A5%8D%E0%A4%A5%E0%A4%B8%E0%A5%8D%E0%A4%A5%E0%A4%B3+%E0%A4%AE%E0%A5%8D%E0%A4%B9%E0%A4%A3%E0%A5%82%E0%A4%A8+%E0%A4%B5%E0%A4%BF%E0%A4%95%E0%A4%BE%E0%A4%B8+%E0%A4%95%E0%A4%B0%E0%A4%A3%E0%A4%BE%E0%A4%B0+-%E0%A4%AE%E0%A5%81%E0%A4%96%E0%A5%8D%E0%A4%AF%E0%A4%AE%E0%A4%82%E0%A4%A4%E0%A5%8D%E0%A4%B0%E0%A5%80+%E0%A4%A6%E0%A5%87%E0%A4%B5%E0%A5%87%E0%A4%82%E0%A4%A6%E0%A5%8D%E0%A4%B0+%E0%A4%AB%E0%A4%A1%E0%A4%A3%E0%A4%B5%E0%A5%80%E0%A4%B8> (referer: https://www.google.com/)
warning: urllib failed (HTTP Error 429: Too Many Requests), retrying via scrapling: translate.googleapis.com
[2026-08-26 07:44:50] INFO: Fetched (200) <GET https://translate.googleapis.com/translate_a/single?client=gtx&sl=auto&tl=en&dt=t&q=%E0%A4%AA%E0%A5%8D%E0%A4%B0%E0%A4%A7%E0%A4%BE%E0%A4%A8%E0%A4%AE%E0%A4%82%E0%A4%A4%E0%A5%8D%E0%A4%B0%E0%A5%80+%E0%A4%B8%E0%A5%82%E0%A4%95%E0%A5%8D%E0%A4%B7%E0%A5%8D%E0%A4%AE+%E0%A4%85%E0%A4%A8%E0%A5%8D%E0%A4%A8+%E0%A4%AA%E0%A5%8D%E0%A4%B0%E0%A4%95%E0%A5%8D%E0%A4%B0%E0%A4%BF%E0%A4%AF%E0%A4%BE+%E0%A4%89%E0%A4%A6%E0%A5%8D%E0%A4%AF%E0%A5%8B%E0%A4%97+%E0%A4%AF%E0%A5%8B%E0%A4%9C%E0%A4%A8%E0%A5%87%E0%A4%A4+%E0%A4%A6%E0%A5%87%E0%A4%B6%E0%A4%BE%E0%A4%A4+%E0%A4%AE%E0%A4%B9%E0%A4%BE%E0%A4%B0%E0%A4%BE%E0%A4%B7%E0%A5%8D%E0%A4%9F%E0%A5%8D%E0%A4%B0%E0%A4%BE%E0%A4%9A%E0%A5%80+%E0%A4%A6%E0%A4%AE%E0%A4%A6%E0%A4%BE%E0%A4%B0+%E0%A4%95%E0%A4%BE%E0%A4%AE%E0%A4%97%E0%A4%BF%E0%A4%B0%E0%A5%80> (referer: https://www.google.com/)
warning: urllib failed (HTTP Error 429: Too Many Requests), retrying via scrapling: translate.googleapis.com
[2026-08-26 07:44:51] INFO: Fetched (200) <GET https://translate.googleapis.com/translate_a/single?client=gtx&sl=auto&tl=en&dt=t&q=%E0%A4%A8%E0%A5%88%E0%A4%B8%E0%A4%B0%E0%A5%8D%E0%A4%97%E0%A4%BF%E0%A4%95+%E0%A4%86%E0%A4%AA%E0%A4%A4%E0%A5%8D%E0%A4%A4%E0%A5%80%E0%A4%97%E0%A5%8D%E0%A4%B0%E0%A4%B8%E0%A5%8D%E0%A4%A4+%E0%A4%B6%E0%A5%87%E0%A4%A4%E0%A4%95%E0%A4%B1%E0%A5%8D%E0%A4%AF%E0%A4%BE%E0%A4%82%E0%A4%A8%E0%A4%BE+%E0%A5%AE%E0%A5%AC.%E0%A5%AC%E0%A5%AB+%E0%A4%95%E0%A5%8B%E0%A4%9F%E0%A5%80%E0%A4%82%E0%A4%9A%E0%A5%80+%E0%A4%AE%E0%A4%A6%E0%A4%A4+%E2%80%93+%E0%A4%AE%E0%A4%82%E0%A4%A4%E0%A5%8D%E0%A4%B0%E0%A5%80+%E0%A4%AE%E0%A4%95%E0%A4%B0%E0%A4%82%E0%A4%A6+%E0%A4%9C%E0%A4%BE%E0%A4%A7%E0%A4%B5-%E0%A4%AA%E0%A4%BE%E0%A4%9F%E0%A5%80%E0%A4%B2> (referer: https://www.google.com/)
warning: urllib failed (HTTP Error 429: Too Many Requests), retrying via scrapling: translate.googleapis.com
[2026-08-26 07:44:53] INFO: Fetched (200) <GET https://translate.googleapis.com/translate_a/single?client=gtx&sl=auto&tl=en&dt=t&q=%E0%A4%B6%E0%A4%BE%E0%A4%B8%E0%A4%95%E0%A5%80%E0%A4%AF+%E0%A4%86%E0%A4%A6%E0%A4%BF%E0%A4%B5%E0%A4%BE%E0%A4%B8%E0%A5%80+%E0%A4%B5%E0%A4%B8%E0%A4%A4%E0%A4%BF%E0%A4%97%E0%A5%83%E0%A4%B9%E0%A4%BE%E0%A4%82%E0%A4%AC%E0%A4%BE%E0%A4%AC%E0%A4%A4%E0%A4%9A%E0%A4%BE+%E0%A4%B6%E0%A4%BE%E0%A4%B8%E0%A4%A8+%E0%A4%A8%E0%A4%BF%E0%A4%B0%E0%A5%8D%E0%A4%A3%E0%A4%AF+%E0%A4%B0%E0%A4%A6%E0%A5%8D%E0%A4%A6+%E2%80%93+%E0%A4%AE%E0%A4%82%E0%A4%A4%E0%A5%8D%E0%A4%B0%E0%A5%80+%E0%A4%A1%E0%A5%89.%E0%A4%85%E0%A4%B6%E0%A5%8B%E0%A4%95+%E0%A4%B5%E0%A5%81%E0%A4%88%E0%A4%95%E0%A5%87> (referer: https://www.google.com/)
warning: urllib failed (HTTP Error 429: Too Many Requests), retrying via scrapling: translate.googleapis.com
[2026-08-26 07:44:54] INFO: Fetched (200) <GET https://translate.googleapis.com/translate_a/single?client=gtx&sl=auto&tl=en&dt=t&q=%E2%80%98%E0%A4%B5%E0%A5%8D%E0%A4%B9%E0%A5%80%E0%A4%AC%E0%A5%80+%E0%A4%9C%E0%A5%80+%E0%A4%B0%E0%A4%BE%E0%A4%AE+%E0%A4%9C%E0%A5%80%E2%80%99+%E0%A4%AF%E0%A5%8B%E0%A4%9C%E0%A4%A8%E0%A5%87%E0%A4%9A%E0%A5%8D%E0%A4%AF%E0%A4%BE+%E0%A4%AA%E0%A5%8D%E0%A4%B0%E0%A4%AD%E0%A4%BE%E0%A4%B5%E0%A5%80+%E0%A4%85%E0%A4%82%E0%A4%AE%E0%A4%B2%E0%A4%AC%E0%A4%9C%E0%A4%BE%E0%A4%B5%E0%A4%A3%E0%A5%80%E0%A4%B8%E0%A4%BE%E0%A4%A0%E0%A5%80+%E0%A4%95%E0%A4%BE%E0%A4%AE%E0%A4%BE%E0%A4%82%E0%A4%A8%E0%A4%BE+%E0%A4%97%E0%A4%A4%E0%A5%80+%E0%A4%A6%E0%A5%8D%E0%A4%AF%E0%A4%BE+%E2%80%93+%E0%A4%AE%E0%A4%82%E0%A4%A4%E0%A5%8D%E0%A4%B0%E0%A5%80+%E0%A4%AD%E0%A4%B0%E0%A4%A4+%E0%A4%97%E0%A5%8B%E0%A4%97%E0%A4%BE%E0%A4%B5%E0%A4%B2%E0%A5%87> (referer: https://www.google.com/)
warning: urllib failed (HTTP Error 429: Too Many Requests), retrying via scrapling: translate.googleapis.com
[2026-08-26 07:44:56] INFO: Fetched (200) <GET https://translate.googleapis.com/translate_a/single?client=gtx&sl=auto&tl=en&dt=t&q=%E0%A4%95%E0%A4%BF%E0%A4%A1%E0%A4%A8%E0%A5%80%2C+%E0%A4%AF%E0%A4%95%E0%A5%83%E0%A4%A4+%E0%A4%AA%E0%A5%8D%E0%A4%B0%E0%A4%A4%E0%A5%8D%E0%A4%AF%E0%A4%BE%E0%A4%B0%E0%A5%8B%E0%A4%AA%E0%A4%A3%E0%A4%BE%E0%A4%9A%E0%A5%8D%E0%A4%AF%E0%A4%BE+%E0%A4%B8%E0%A5%81%E0%A4%B5%E0%A4%BF%E0%A4%A7%E0%A4%BE+%E0%A4%B6%E0%A4%BE%E0%A4%B8%E0%A4%95%E0%A5%80%E0%A4%AF+%E0%A4%B0%E0%A5%81%E0%A4%97%E0%A5%8D%E0%A4%A3%E0%A4%BE%E0%A4%B2%E0%A4%AF%E0%A4%BE%E0%A4%82%E0%A4%A4+%E0%A4%B5%E0%A4%BE%E0%A4%A2%E0%A4%B5%E0%A4%BF%E0%A4%A3%E0%A5%8D%E0%A4%AF%E0%A4%BE%E0%A4%B5%E0%A4%B0+%E0%A4%AD%E0%A4%B0+%E0%A4%A6%E0%A5%8D%E0%A4%AF%E0%A4%BE+%E2%80%93+%E0%A4%AE%E0%A4%82%E0%A4%A4%E0%A5%8D%E0%A4%B0%E0%A5%80+%E0%A4%B9%E0%A4%B8%E0%A4%A8+%E0%A4%AE%E0%A5%81%E0%A4%B6%E0%A5%8D%E0%A4%B0%E0%A5%80%E0%A4%AB> (referer: https://www.google.com/)
warning: urllib failed (HTTP Error 429: Too Many Requests), retrying via scrapling: translate.googleapis.com
[2026-08-26 07:44:57] INFO: Fetched (200) <GET https://translate.googleapis.com/translate_a/single?client=gtx&sl=auto&tl=en&dt=t&q=%E0%A4%A8%E0%A5%87%E0%A4%A4%E0%A5%8D%E0%A4%B0%E0%A4%A6%E0%A4%BE%E0%A4%A8+%E0%A4%B8%E0%A4%BE%E0%A4%AE%E0%A4%BE%E0%A4%9C%E0%A4%BF%E0%A4%95+%E0%A4%9A%E0%A4%B3%E0%A4%B5%E0%A4%B3+%E0%A4%AC%E0%A4%A8%E0%A4%B5%E0%A5%82%E0%A4%AF%E0%A4%BE%21> (referer: https://www.google.com/)
warning: urllib failed (HTTP Error 429: Too Many Requests), retrying via scrapling: translate.googleapis.com
[2026-08-26 07:44:58] INFO: Fetched (200) <GET https://translate.googleapis.com/translate_a/single?client=gtx&sl=auto&tl=en&dt=t&q=%E0%A4%B0%E0%A4%BE%E0%A4%9C%E0%A5%8D%E0%A4%AF+%E0%A4%AE%E0%A4%B9%E0%A5%8B%E0%A4%A4%E0%A5%8D%E0%A4%B8%E0%A4%B5+%E0%A4%97%E0%A4%A3%E0%A5%87%E0%A4%B6%E0%A5%8B%E0%A4%A4%E0%A5%8D%E0%A4%B8%E0%A4%B5%E0%A4%BE%E0%A4%9A%E0%A5%8D%E0%A4%AF%E0%A4%BE+%E0%A4%B8%E0%A5%8D%E0%A4%AA%E0%A4%B0%E0%A5%8D%E0%A4%A7%E0%A5%87%E0%A4%A4+%E0%A4%85%E0%A4%A7%E0%A4%BF%E0%A4%95%E0%A4%BE%E0%A4%A7%E0%A4%BF%E0%A4%95+%E0%A4%97%E0%A4%A3%E0%A5%87%E0%A4%B6+%E0%A4%AE%E0%A4%82%E0%A4%A1%E0%A4%B3%E0%A4%BE%E0%A4%82%E0%A4%A8%E0%A5%80+%E0%A4%B8%E0%A4%B9%E0%A4%AD%E0%A4%BE%E0%A4%97+%E0%A4%98%E0%A5%8D%E0%A4%AF%E0%A4%BE%E0%A4%B5%E0%A4%BE+%E2%80%93+%E0%A4%B5%E0%A4%BF%E0%A4%AD%E0%A4%BE%E0%A4%97%E0%A5%80%E0%A4%AF+%E0%A4%86%E0%A4%AF%E0%A5%81%E0%A4%95%E0%A5%8D%E0%A4%A4+%E0%A4%A8%E0%A4%AF%E0%A4%A8%E0%A4%BE+%E0%A4%97%E0%A5%81%E0%A4%82%E0%A4%A1%E0%A5%87> (referer: https://www.google.com/)
warning: urllib failed (HTTP Error 429: Too Many Requests), retrying via scrapling: translate.googleapis.com
[2026-08-26 07:45:01] INFO: Fetched (200) <GET https://translate.googleapis.com/translate_a/single?client=gtx&sl=auto&tl=en&dt=t&q=%E0%A4%AA%E0%A5%8D%E0%A4%B0%E0%A4%BE%E0%A4%B0%E0%A5%81%E0%A4%AA+%E0%A4%AE%E0%A4%A4%E0%A4%A6%E0%A4%BE%E0%A4%B0+%E0%A4%AF%E0%A4%BE%E0%A4%A6%E0%A5%80%2C+%E0%A4%B9%E0%A4%B0%E0%A4%95%E0%A4%A4%E0%A5%80-%E0%A4%B8%E0%A5%81%E0%A4%A8%E0%A4%BE%E0%A4%B5%E0%A4%A3%E0%A5%80+%E0%A4%B5+%E0%A4%AA%E0%A5%81%E0%A4%A2%E0%A5%80%E0%A4%B2+%E0%A4%95%E0%A4%BE%E0%A4%B0%E0%A5%8D%E0%A4%AF%E0%A4%B5%E0%A4%BE%E0%A4%B9%E0%A5%80%E0%A4%B8%E0%A4%BE%E0%A4%A0%E0%A5%80+%E0%A4%A8%E0%A4%BF%E0%A4%AF%E0%A5%8B%E0%A4%9C%E0%A4%A8+%E0%A4%95%E0%A4%B0%E0%A4%BE+%E2%80%93+%E0%A4%AE%E0%A5%81%E0%A4%96%E0%A5%8D%E0%A4%AF+%E0%A4%A8%E0%A4%BF%E0%A4%B5%E0%A4%A1%E0%A4%A3%E0%A5%82%E0%A4%95+%E0%A4%85%E0%A4%A7%E0%A4%BF%E0%A4%95%E0%A4%BE%E0%A4%B0%E0%A5%80+%E0%A4%8F%E0%A4%B8.+%E0%A4%9A%E0%A5%8B%E0%A4%95%E0%A5%8D%E0%A4%95%E0%A4%B2%E0%A4%BF%E0%A4%82%E0%A4%97%E0%A4%AE> (referer: https://www.google.com/)
warning: urllib failed (HTTP Error 429: Too Many Requests), retrying via scrapling: translate.googleapis.com
[2026-08-26 07:45:03] INFO: Fetched (200) <GET https://translate.googleapis.com/translate_a/single?client=gtx&sl=auto&tl=en&dt=t&q=%E0%A4%9C%E0%A4%BF%E0%A4%B2%E0%A5%8D%E0%A4%B9%E0%A4%BE+%E0%A4%AA%E0%A4%B0%E0%A4%BF%E0%A4%B7%E0%A4%A6%E0%A5%87%E0%A4%9A%E0%A5%8D%E0%A4%AF%E0%A4%BE+%E0%A4%B6%E0%A4%BE%E0%A4%B3%E0%A4%BE+%E0%A4%AE%E0%A4%B9%E0%A4%BF%E0%A4%A8%E0%A5%8D%E0%A4%AF%E0%A4%BE%E0%A4%AD%E0%A4%B0%E0%A4%BE%E0%A4%A4+%E0%A4%B8%E0%A5%81%E0%A4%B5%E0%A4%BF%E0%A4%A7%E0%A4%BE%E0%A4%AF%E0%A5%81%E0%A4%95%E0%A5%8D%E0%A4%A4+%E0%A4%95%E0%A4%B0%E0%A4%BE%E0%A4%B5%E0%A5%8D%E0%A4%AF%E0%A4%BE%E0%A4%A4%E2%80%93+%E0%A4%AE%E0%A4%82%E0%A4%A4%E0%A5%8D%E0%A4%B0%E0%A5%80+%E0%A4%9C%E0%A4%AF%E0%A4%95%E0%A5%81%E0%A4%AE%E0%A4%BE%E0%A4%B0+%E0%A4%97%E0%A5%8B%E0%A4%B0%E0%A5%87> (referer: https://www.google.com/)
warning: urllib failed (HTTP Error 429: Too Many Requests), retrying via scrapling: translate.googleapis.com
[2026-08-26 07:45:04] INFO: Fetched (200) <GET https://translate.googleapis.com/translate_a/single?client=gtx&sl=auto&tl=en&dt=t&q=%E0%A4%8F%E0%A4%B8%E0%A4%86%E0%A4%B0%E0%A4%AA%E0%A5%80%E0%A4%8F%E0%A4%AB+%E0%A4%AA%E0%A5%8D%E0%A4%B0%E0%A4%B6%E0%A4%BF%E0%A4%95%E0%A5%8D%E0%A4%B7%E0%A4%A3+%E0%A4%95%E0%A5%87%E0%A4%82%E0%A4%A6%E0%A5%8D%E0%A4%B0%E0%A4%BE%E0%A4%9A%E0%A4%BE+%E0%A4%B8%E0%A4%B0%E0%A5%8D%E0%A4%B5%E0%A4%82%E0%A4%95%E0%A4%B7+%E0%A4%86%E0%A4%B0%E0%A4%BE%E0%A4%96%E0%A4%A1%E0%A4%BE+%E0%A4%A4%E0%A4%AF%E0%A4%BE%E0%A4%B0+%E0%A4%95%E0%A4%B0%E0%A4%BE%E0%A4%B5%E0%A4%BE+%E2%80%93+%E0%A4%B0%E0%A4%BE%E0%A4%9C%E0%A5%8D%E0%A4%AF%E0%A4%AE%E0%A4%82%E0%A4%A4%E0%A5%8D%E0%A4%B0%E0%A5%80+%E0%A4%A1%E0%A5%89.+%E0%A4%AA%E0%A4%82%E0%A4%95%E0%A4%9C+%E0%A4%AD%E0%A5%8B%E0%A4%AF%E0%A4%B0> (referer: https://www.google.com/)
warning: urllib failed (HTTP Error 429: Too Many Requests), retrying via scrapling: translate.googleapis.com
[2026-08-26 07:45:06] INFO: Fetched (200) <GET https://translate.googleapis.com/translate_a/single?client=gtx&sl=auto&tl=en&dt=t&q=%E0%A4%AE%E0%A5%81%E0%A4%82%E0%A4%AC%E0%A4%88+%E0%A4%89%E0%A4%AA%E0%A4%A8%E0%A4%97%E0%A4%B0+%E0%A4%9C%E0%A4%BF%E0%A4%B2%E0%A5%8D%E0%A4%B9%E0%A5%8D%E0%A4%AF%E0%A4%BE%E0%A4%A4%E0%A5%80%E0%A4%B2+%E0%A4%AA%E0%A4%BE%E0%A4%A4%E0%A5%8D%E0%A4%B0+%E0%A4%B5%E0%A4%BF%E0%A4%A6%E0%A5%8D%E0%A4%AF%E0%A4%BE%E0%A4%B0%E0%A5%8D%E0%A4%A5%E0%A5%8D%E0%A4%AF%E0%A4%BE%E0%A4%82%E0%A4%A8%E0%A5%80+%E0%A4%B6%E0%A4%BF%E0%A4%B7%E0%A5%8D%E0%A4%AF%E0%A4%B5%E0%A5%83%E0%A4%A4%E0%A5%8D%E0%A4%A4%E0%A5%80%E0%A4%B8%E0%A4%BE%E0%A4%A0%E0%A5%80+%E0%A5%A9%E0%A5%A7+%E0%A4%91%E0%A4%97%E0%A4%B8%E0%A5%8D%E0%A4%9F%E0%A4%AA%E0%A4%B0%E0%A5%8D%E0%A4%AF%E0%A4%82%E0%A4%A4+%E0%A4%85%E0%A4%B0%E0%A5%8D%E0%A4%9C+%E0%A4%95%E0%A4%B0%E0%A4%BE%E0%A4%B5%E0%A5%87%E0%A4%A4> (referer: https://www.google.com/)
warning: urllib failed (HTTP Error 429: Too Many Requests), retrying via scrapling: translate.googleapis.com
[2026-08-26 07:45:07] INFO: Fetched (200) <GET https://translate.googleapis.com/translate_a/single?client=gtx&sl=auto&tl=en&dt=t&q=%E0%A4%B5%E0%A4%B0%E0%A5%8D%E0%A4%A7%E0%A5%8D%E0%A4%AF%E0%A4%BE%E0%A4%A4+%E0%A4%85%E0%A4%A4%E0%A5%8D%E0%A4%AF%E0%A4%BE%E0%A4%A7%E0%A5%81%E0%A4%A8%E0%A4%BF%E0%A4%95+%E0%A4%A8%E0%A5%8D%E0%A4%AF%E0%A4%BE%E0%A4%AF%E0%A4%B8%E0%A4%B9%E0%A4%BE%E0%A4%AF%E0%A4%95+%E0%A4%B5%E0%A5%88%E0%A4%9C%E0%A5%8D%E0%A4%9E%E0%A4%BE%E0%A4%A8%E0%A4%BF%E0%A4%95+%E0%A4%AA%E0%A5%8D%E0%A4%B0%E0%A4%AF%E0%A5%8B%E0%A4%97%E0%A4%B6%E0%A4%BE%E0%A4%B3%E0%A4%BE+%E0%A4%B5+%E0%A4%AA%E0%A5%8D%E0%A4%B0%E0%A4%B6%E0%A4%BF%E0%A4%95%E0%A5%8D%E0%A4%B7%E0%A4%A3+%E0%A4%95%E0%A5%87%E0%A4%82%E0%A4%A6%E0%A5%8D%E0%A4%B0+%E0%A4%89%E0%A4%AD%E0%A4%BE%E0%A4%B0%E0%A4%A3%E0%A4%BE%E0%A4%B0-%E0%A4%B0%E0%A4%BE%E0%A4%9C%E0%A5%8D%E0%A4%AF%E0%A4%AE%E0%A4%82%E0%A4%A4%E0%A5%8D%E0%A4%B0%E0%A5%80+%E0%A4%A1%E0%A5%89.+%E0%A4%AA%E0%A4%82%E0%A4%95%E0%A4%9C+%E0%A4%AD%E0%A5%8B%E0%A4%AF%E0%A4%B0> (referer: https://www.google.com/)
warning: urllib failed (HTTP Error 429: Too Many Requests), retrying via scrapling: translate.googleapis.com
[2026-08-26 07:45:09] INFO: Fetched (200) <GET https://translate.googleapis.com/translate_a/single?client=gtx&sl=auto&tl=en&dt=t&q=%E0%A4%9C%E0%A4%B3%E0%A4%97%E0%A4%BE%E0%A4%B5+%E0%A4%9C%E0%A4%BF%E0%A4%B2%E0%A5%8D%E0%A4%B9%E0%A5%8D%E0%A4%AF%E0%A4%BE%E0%A4%A4%E0%A5%80%E0%A4%B2+%E0%A4%94%E0%A4%A6%E0%A5%8D%E0%A4%AF%E0%A5%8B%E0%A4%97%E0%A4%BF%E0%A4%95+%E0%A4%B5%E0%A4%BF%E0%A4%95%E0%A4%BE%E0%A4%B8%E0%A4%BE%E0%A4%B2%E0%A4%BE+%E0%A4%97%E0%A4%A4%E0%A5%80+%E0%A4%A6%E0%A5%87%E0%A4%8A%E0%A4%A8+%E0%A4%AA%E0%A5%8D%E0%A4%B0%E0%A4%B2%E0%A4%82%E0%A4%AC%E0%A4%BF%E0%A4%A4+%E0%A4%95%E0%A4%BE%E0%A4%AE%E0%A5%87+%E0%A4%A4%E0%A4%BE%E0%A4%A4%E0%A5%8D%E0%A4%95%E0%A4%BE%E0%A4%B3+%E0%A4%AE%E0%A4%BE%E0%A4%B0%E0%A5%8D%E0%A4%97%E0%A5%80+%E0%A4%B2%E0%A4%BE%E0%A4%B5%E0%A4%BE+%E2%80%93+%E0%A4%89%E0%A4%A6%E0%A5%8D%E0%A4%AF%E0%A5%8B%E0%A4%97%E0%A4%AE%E0%A4%82%E0%A4%A4%E0%A5%8D%E0%A4%B0%E0%A5%80+%E0%A4%A1%E0%A5%89.+%E0%A4%89%E0%A4%A6%E0%A4%AF+%E0%A4%B8%E0%A4%BE%E0%A4%AE%E0%A4%82%E0%A4%A4> (referer: https://www.google.com/)
warning: urllib failed (HTTP Error 429: Too Many Requests), retrying via scrapling: translate.googleapis.com
[2026-08-26 07:45:10] INFO: Fetched (200) <GET https://translate.googleapis.com/translate_a/single?client=gtx&sl=auto&tl=en&dt=t&q=%E0%A4%B5%E0%A5%88%E0%A4%B6%E0%A5%8D%E0%A4%AF+%E0%A4%B5%E0%A4%BE%E0%A4%A3%E0%A5%80+%E0%A4%B8%E0%A4%AE%E0%A4%BE%E0%A4%9C%E0%A4%BE%E0%A4%9A%E0%A5%8D%E0%A4%AF%E0%A4%BE+%E0%A4%AE%E0%A4%BE%E0%A4%97%E0%A4%A3%E0%A5%8D%E0%A4%AF%E0%A4%BE%E0%A4%82%E0%A4%AC%E0%A4%BE%E0%A4%AC%E0%A4%A4+%E0%A4%B6%E0%A4%BE%E0%A4%B8%E0%A4%A8+%E0%A4%B8%E0%A4%95%E0%A4%BE%E0%A4%B0%E0%A4%BE%E0%A4%A4%E0%A5%8D%E0%A4%AE%E0%A4%95-+%E0%A4%AE%E0%A4%82%E0%A4%A4%E0%A5%8D%E0%A4%B0%E0%A5%80+%E0%A4%85%E0%A4%A4%E0%A5%81%E0%A4%B2+%E0%A4%B8%E0%A4%BE%E0%A4%B5%E0%A5%87> (referer: https://www.google.com/)
warning: urllib failed (HTTP Error 429: Too Many Requests), retrying via scrapling: translate.googleapis.com
[2026-08-26 07:45:11] INFO: Fetched (200) <GET https://translate.googleapis.com/translate_a/single?client=gtx&sl=auto&tl=en&dt=t&q=%E0%A4%A8%E0%A5%8D%E0%A4%AF%E0%A4%BE.+%E0%A4%B8%E0%A5%81%E0%A4%A8%E0%A5%80%E0%A4%B2+%E0%A4%B6%E0%A5%81%E0%A4%95%E0%A5%8D%E0%A4%B0%E0%A5%87+%E0%A4%AF%E0%A4%BE%E0%A4%82%E0%A4%A8%E0%A5%80+%E0%A4%98%E0%A5%87%E0%A4%A4%E0%A4%B2%E0%A5%80+%E0%A4%AE%E0%A4%B9%E0%A4%BE%E0%A4%B0%E0%A4%BE%E0%A4%B7%E0%A5%8D%E0%A4%9F%E0%A5%8D%E0%A4%B0+%E0%A4%B2%E0%A5%8B%E0%A4%95%E0%A4%BE%E0%A4%AF%E0%A5%81%E0%A4%95%E0%A5%8D%E0%A4%A4+%E0%A4%85%E0%A4%A7%E0%A5%8D%E0%A4%AF%E0%A4%95%E0%A5%8D%E0%A4%B7%E0%A4%AA%E0%A4%A6%E0%A4%BE%E0%A4%9A%E0%A5%80+%E0%A4%AA%E0%A4%A6%E0%A4%BE%E0%A4%9A%E0%A5%80+%E0%A4%B6%E0%A4%AA%E0%A4%A5> (referer: https://www.google.com/)
warning: urllib failed (HTTP Error 429: Too Many Requests), retrying via scrapling: translate.googleapis.com
[2026-08-26 07:45:14] INFO: Fetched (200) <GET https://translate.googleapis.com/translate_a/single?client=gtx&sl=auto&tl=en&dt=t&q=%E0%A4%89%E0%A4%9A%E0%A5%8D%E0%A4%9A+%E0%A4%B6%E0%A4%BF%E0%A4%95%E0%A5%8D%E0%A4%B7%E0%A4%A3+%E2%80%93+%E0%A4%A4%E0%A4%82%E0%A4%A4%E0%A5%8D%E0%A4%B0%E0%A4%A8%E0%A4%BF%E0%A4%95%E0%A5%87%E0%A4%A4%E0%A4%A8+%E0%A4%95%E0%A5%8D%E0%A4%B7%E0%A5%87%E0%A4%A4%E0%A5%8D%E0%A4%B0%E0%A4%BE%E0%A4%A4%E0%A5%80%E0%A4%B2+%E0%A4%B0%E0%A4%BE%E0%A4%B7%E0%A5%8D%E0%A4%9F%E0%A5%8D%E0%A4%B0%E0%A5%80%E0%A4%AF+%E0%A4%B6%E0%A4%BF%E0%A4%95%E0%A5%8D%E0%A4%B7%E0%A4%95+%E0%A4%AA%E0%A5%81%E0%A4%B0%E0%A4%B8%E0%A5%8D%E0%A4%95%E0%A4%BE%E0%A4%B0+%E0%A4%9C%E0%A4%BE%E0%A4%B9%E0%A5%80%E0%A4%B0> (referer: https://www.google.com/)
warning: urllib failed (HTTP Error 429: Too Many Requests), retrying via scrapling: translate.googleapis.com
[2026-08-26 07:45:53] INFO: Fetched (200) <GET https://translate.googleapis.com/translate_a/single?client=gtx&sl=auto&tl=en&dt=t&q=Chief+Minister%E2%80%99s+Initiative%3A+Meetings+of+Rajasthan+Foundation+Chapters+to+Be+Held+in+Phases+Rajasthan+has+achieved+significant+progress+in+water%2C+power%2C+and+road+infrastructure.+Overseas+Rajasthanis+a> (referer: https://www.google.com/)
warning: urllib failed (HTTP Error 429: Too Many Requests), retrying via scrapling: translate.googleapis.com
[2026-08-26 07:45:55] INFO: Fetched (200) <GET https://translate.googleapis.com/translate_a/single?client=gtx&sl=auto&tl=en&dt=t&q=%E0%A4%AE%E0%A5%81%E0%A4%96%E0%A5%8D%E0%A4%AF%E0%A4%AE%E0%A4%82%E0%A4%A4%E0%A5%8D%E0%A4%B0%E0%A5%80+%E0%A4%95%E0%A4%BE+%E0%A4%A8%E0%A4%B5%E0%A4%BE%E0%A4%9A%E0%A4%BE%E0%A4%B0+%2C+%E0%A4%9A%E0%A4%B0%E0%A4%A3%E0%A4%AC%E0%A4%A6%E0%A5%8D%E0%A4%A7+%E0%A4%B0%E0%A5%82%E0%A4%AA+%E0%A4%B8%E0%A5%87+%E0%A4%B9%E0%A5%8B%E0%A4%97%E0%A5%80+%E0%A4%B0%E0%A4%BE%E0%A4%9C%E0%A4%B8%E0%A5%8D%E0%A4%A5%E0%A4%BE%E0%A4%A8+%E0%A4%AB%E0%A4%BE%E0%A4%89%E0%A4%82%E0%A4%A1%E0%A5%87%E0%A4%B6%E0%A4%A8+%E0%A4%95%E0%A5%87+%E0%A4%9A%E0%A5%88%E0%A4%AA%E0%A5%8D%E0%A4%9F%E0%A4%B0%E0%A5%8D%E0%A4%B8+%E0%A4%95%E0%A5%80+%E0%A4%AC%E0%A5%88%E0%A4%A0%E0%A4%95%E0%A5%87%E0%A4%82%E2%80%94+%E0%A4%AA%E0%A5%8D%E0%A4%B0%E0%A4%A6%E0%A5%87%E0%A4%B6+%E0%A4%AE%E0%A5%87%E0%A4%82+%E0%A4%B9%E0%A5%81%E0%A4%8F+%E0%A4%AA%E0%A4%BE%E0%A4%A8%E0%A5%80+%2C+%E0%A4%AC%E0%A4%BF%E0%A4%9C%E0%A4%B2%E0%A5%80+%2C+%E0%A4%B8%E0%A5%9C%E0%A4%95+%E0%A4%AE%E0%A5%87%E0%A4%82+%E0%A4%89%E0%A4%B2%E0%A5%8D%E0%A4%B2%E0%A5%87%E0%A4%96%E0%A4%A8%E0%A5%80%E0%A4%AF+%E0%A4%95%E0%A4%BE%E0%A4%B0%E0%A5%8D%E0%A4%AF%E2%80%94+%E0%A4%AA%E0%A5%8D%E0%A4%B0%E0%A4%B5%E0%A4%BE%E0%A4%B8%E0%A5%80+%E0%A4%B0%E0%A4%BE%E0%A4%9C%E0%A4%B8%E0%A5%8D%E0%A4%A5%E0%A4%BE%E0%A4%A8%E0%A5%80+%E0%A4%AA%E0%A5%8D%E0%A4%B0%E0%A4%A6%E0%A5%87%E0%A4%B6+%E0%A4%95%E0%A5%80+%E0%A4%AE%E0%A4%BF%E0%A4%9F%E0%A5%8D%E0%A4%9F%E0%A5%80+%E0%A4%95%E0%A5%80+%E0%A4%96%E0%A5%81%E0%A4%B6%E0%A4%AC%E0%A5%82+%E0%A4%AA%E0%A5%82%E0%A4%B0%E0%A5%80+%E0%A4%A6%E0%A5%81%E0%A4%A8%E0%A4%BF%E0%A4%AF%E0%A4%BE+%E0%A4%AE%E0%A5%87%E0%A4%82+> (referer: https://www.google.com/)
warning: urllib failed (HTTP Error 429: Too Many Requests), retrying via scrapling: translate.googleapis.com
[2026-08-26 07:45:56] INFO: Fetched (200) <GET https://translate.googleapis.com/translate_a/single?client=gtx&sl=auto&tl=en&dt=t&q=Next-generation+administrative+reforms+and+citizen-centric+digital+governance+key+components+of+India%E2%80%99s+journey+towards+good+governance+and+development%3A+Chief+Secretary+Shri+V.+Srinivas+CS+delivers+II> (referer: https://www.google.com/)
warning: urllib failed (HTTP Error 429: Too Many Requests), retrying via scrapling: translate.googleapis.com
[2026-08-26 07:45:57] INFO: Fetched (200) <GET https://translate.googleapis.com/translate_a/single?client=gtx&sl=auto&tl=en&dt=t&q=%E0%A4%B8%E0%A4%B9%E0%A4%BE%E0%A4%AF%E0%A4%95+%E0%A4%86%E0%A4%9A%E0%A4%BE%E0%A4%B0%E0%A5%8D%E0%A4%AF+-%E0%A4%9C%E0%A5%82%E0%A4%B2%E0%A5%89%E0%A4%9C%E0%A5%80+%E0%A4%8F%E0%A4%B5%E0%A4%82+%E0%A4%B9%E0%A4%BF%E0%A4%B8%E0%A5%8D%E0%A4%9F%E0%A5%8D%E0%A4%B0%E0%A5%80+%E0%A4%B5%E0%A4%BF%E0%A4%B7%E0%A4%AF+%E0%A4%95%E0%A5%80+%E0%A4%AE%E0%A5%81%E0%A4%96%E0%A5%8D%E0%A4%AF+%E0%A4%B8%E0%A5%82%E0%A4%9A%E0%A5%80+%E0%A4%9C%E0%A4%BE%E0%A4%B0%E0%A5%80> (referer: https://www.google.com/)
warning: urllib failed (HTTP Error 429: Too Many Requests), retrying via scrapling: translate.googleapis.com
[2026-08-26 07:45:59] INFO: Fetched (200) <GET https://translate.googleapis.com/translate_a/single?client=gtx&sl=auto&tl=en&dt=t&q=%E0%A4%B8%E0%A4%B9%E0%A4%BE%E0%A4%AF%E0%A4%95+%E0%A4%86%E0%A4%9A%E0%A4%BE%E0%A4%B0%E0%A5%8D%E0%A4%AF+%28%E0%A4%9A%E0%A4%BF%E0%A4%95%E0%A4%BF%E0%A4%A4%E0%A5%8D%E0%A4%B8%E0%A4%BE+%E0%A4%B6%E0%A4%BF%E0%A4%95%E0%A5%8D%E0%A4%B7%E0%A4%BE+%E0%A4%B5%E0%A4%BF%E0%A4%AD%E0%A4%BE%E0%A4%97%29+%E0%A4%AA%E0%A5%8D%E0%A4%B0%E0%A4%A4%E0%A4%BF%E0%A4%AF%E0%A5%8B%E0%A4%97%E0%A5%80+%E0%A4%AA%E0%A4%B0%E0%A5%80%E0%A4%95%E0%A5%8D%E0%A4%B7%E0%A4%BE-+2024%2C+3+%E0%A4%B5%E0%A4%BF%E0%A4%B6%E0%A4%BF%E0%A4%B7%E0%A5%8D%E0%A4%9F%E0%A4%A4%E0%A4%BE%E0%A4%93%E0%A4%82+%E0%A4%95%E0%A5%80+%E0%A4%AE%E0%A5%81%E0%A4%96%E0%A5%8D%E0%A4%AF+%E0%A4%B8%E0%A5%82%E0%A4%9A%E0%A5%80+%E0%A4%9C%E0%A4%BE%E0%A4%B0%E0%A5%80> (referer: https://www.google.com/)
warning: urllib failed (HTTP Error 429: Too Many Requests), retrying via scrapling: translate.googleapis.com
[2026-08-26 07:46:01] INFO: Fetched (200) <GET https://translate.googleapis.com/translate_a/single?client=gtx&sl=auto&tl=en&dt=t&q=%E0%A4%B8%E0%A4%B9%E0%A4%BE%E0%A4%AF%E0%A4%95+%E0%A4%85%E0%A4%AD%E0%A4%BF%E0%A4%AF%E0%A5%8B%E0%A4%9C%E0%A4%A8+%E0%A4%85%E0%A4%A7%E0%A4%BF%E0%A4%95%E0%A4%BE%E0%A4%B0%E0%A5%80+%7B+%E0%A4%97%E0%A5%83%E0%A4%B9+%28%E0%A4%85%E0%A4%AD%E0%A4%BF%E0%A4%AF%E0%A5%8B%E0%A4%9C%E0%A4%A8%29+%E0%A4%B5%E0%A4%BF%E0%A4%AD%E0%A4%BE%E0%A4%97+%7D+%E0%A4%AA%E0%A5%8D%E0%A4%B0%E0%A4%BE%E0%A4%B0%E0%A4%82%E0%A4%AD%E0%A4%BF%E0%A4%95+%E0%A4%AA%E0%A4%B0%E0%A5%80%E0%A4%95%E0%A5%8D%E0%A4%B7%E0%A4%BE-+2026%2C+2+%E0%A4%B8%E0%A4%BF%E0%A4%A4%E0%A4%82%E0%A4%AC%E0%A4%B0+%E0%A4%95%E0%A5%8B+%E0%A4%B9%E0%A5%8B%E0%A4%97%E0%A4%BE+%E0%A4%AA%E0%A4%B0%E0%A5%80%E0%A4%95%E0%A5%8D%E0%A4%B7%E0%A4%BE+%E0%A4%95%E0%A4%BE+%E0%A4%86%E0%A4%AF%E0%A5%8B%E0%A4%9C%E0%A4%A8+%2C+30+%E0%A4%85%E0%A4%97%E0%A4%B8%E0%A5%8D%E0%A4%A4+%E0%A4%95%E0%A5%8B+%E0%A4%85%E0%A4%AA%E0%A4%B2%E0%A5%8B%E0%A4%A1+%E0%A4%95%E0%A4%BF%E0%A4%8F+%E0%A4%9C%E0%A4%BE%E0%A4%8F%E0%A4%82%E0%A4%97%E0%A5%87+%E0%A4%AA%E0%A5%8D%E0%A4%B0%E0%A4%B5%E0%A5%87%E0%A4%B6-%E0%A4%AA%E0%A4%A4%E0%A5%8D%E0%A4%B0> (referer: https://www.google.com/)
warning: urllib failed (HTTP Error 429: Too Many Requests), retrying via scrapling: translate.googleapis.com
[2026-08-26 07:46:03] INFO: Fetched (200) <GET https://translate.googleapis.com/translate_a/single?client=gtx&sl=auto&tl=en&dt=t&q=%E0%A4%86%E0%A4%B0%E0%A4%AA%E0%A5%80%E0%A4%8F%E0%A4%B8%E0%A4%B8%E0%A5%80+%E0%A4%95%E0%A5%80+%E0%A4%95%E0%A4%BE%E0%A4%B0%E0%A5%8D%E0%A4%AF%E0%A4%AA%E0%A5%8D%E0%A4%B0%E0%A4%A3%E0%A4%BE%E0%A4%B2%E0%A5%80+%E0%A4%B8%E0%A4%AE%E0%A4%9D%E0%A4%A8%E0%A5%87+27+%E0%A4%95%E0%A5%8B+%E0%A4%85%E0%A4%9C%E0%A4%AE%E0%A5%87%E0%A4%B0+%E0%A4%86%E0%A4%8F%E0%A4%82%E0%A4%97%E0%A5%87+%E0%A4%AF%E0%A5%82%E0%A4%AA%E0%A5%80%E0%A4%AA%E0%A5%80%E0%A4%8F%E0%A4%B8%E0%A4%B8%E0%A5%80+%E0%A4%95%E0%A5%87+%E0%A4%B8%E0%A4%A6%E0%A4%B8%E0%A5%8D%E0%A4%AF%E2%80%94+31+%E0%A4%85%E0%A4%97%E0%A4%B8%E0%A5%8D%E0%A4%A4+%E0%A4%95%E0%A4%BE+%E0%A4%A6%E0%A4%BF%E0%A4%A8+%E0%A4%A1%E0%A5%80%E0%A4%AA%E0%A5%80%E0%A4%B8%E0%A5%80+%E0%A4%95%E0%A5%87+%E0%A4%A8%E0%A4%BE%E0%A4%AE+%2C+%E0%A4%85%E0%A4%A7%E0%A4%BF%E0%A4%95%E0%A4%BE%E0%A4%82%E0%A4%B6+%E0%A4%AE%E0%A4%BE%E0%A4%AE%E0%A4%B2%E0%A5%87+%E0%A4%A8%E0%A4%BF%E0%A4%AA%E0%A4%9F%E0%A4%BE%E0%A4%A8%E0%A5%87+%E0%A4%95%E0%A5%87+%E0%A4%A8%E0%A4%BF%E0%A4%B0%E0%A5%8D%E0%A4%A6%E0%A5%87%E0%A4%B6> (referer: https://www.google.com/)
warning: urllib failed (HTTP Error 429: Too Many Requests), retrying via scrapling: translate.googleapis.com
[2026-08-26 07:46:05] INFO: Fetched (200) <GET https://translate.googleapis.com/translate_a/single?client=gtx&sl=auto&tl=en&dt=t&q=%E0%A4%AE%E0%A4%A4%E0%A4%A6%E0%A4%BE%E0%A4%A8+%E0%A4%A6%E0%A4%B2%E0%A5%8B%E0%A4%82+%E0%A4%95%E0%A5%8B+%E0%A4%B8%E0%A5%8D%E0%A4%B5%E0%A4%A4%E0%A4%82%E0%A4%A4%E0%A5%8D%E0%A4%B0+%2C+%E0%A4%A8%E0%A4%BF%E0%A4%B7%E0%A5%8D%E0%A4%AA%E0%A4%95%E0%A5%8D%E0%A4%B7+%E0%A4%8F%E0%A4%B5%E0%A4%82+%E0%A4%AD%E0%A4%AF%E0%A4%AE%E0%A5%81%E0%A4%95%E0%A5%8D%E0%A4%A4+%E0%A4%B5%E0%A4%BE%E0%A4%A4%E0%A4%BE%E0%A4%B5%E0%A4%B0%E0%A4%A3+%E0%A4%AE%E0%A5%87%E0%A4%82+%E0%A4%9A%E0%A5%81%E0%A4%A8%E0%A4%BE%E0%A4%B5+%E0%A4%95%E0%A4%B0%E0%A4%BE%E0%A4%A8%E0%A5%87+%E0%A4%95%E0%A4%BE+%E0%A4%B8%E0%A4%AE%E0%A5%81%E0%A4%9A%E0%A4%BF%E0%A4%A4+%E0%A4%AA%E0%A5%8D%E0%A4%B0%E0%A4%B6%E0%A4%BF%E0%A4%95%E0%A5%8D%E0%A4%B7%E0%A4%A3+%E0%A4%A6%E0%A5%87%E0%A4%A8%E0%A5%87+%E0%A4%95%E0%A5%87+%E0%A4%A8%E0%A4%BF%E0%A4%B0%E0%A5%8D%E0%A4%A6%E0%A5%87%E0%A4%B6%E2%80%94+%E0%A4%9C%E0%A4%BF%E0%A4%B2%E0%A4%BE+%E0%A4%A8%E0%A4%BF%E0%A4%B0%E0%A5%8D%E0%A4%B5%E0%A4%BE%E0%A4%9A%E0%A4%A8+%E0%A4%85%E0%A4%A7%E0%A4%BF%E0%A4%95%E0%A4%BE%E0%A4%B0%E0%A5%80+%E0%A4%A8%E0%A5%87+%E0%A4%B2%E0%A4%BF%E0%A4%AF%E0%A4%BE+%E0%A4%AA%E0%A5%8D%E0%A4%B0%E0%A4%B6%E0%A4%BF%E0%A4%95%E0%A5%8D%E0%A4%B7%E0%A4%A3+%E0%A4%B8%E0%A5%8D%E0%A4%A5%E0%A4%B2%E0%A5%8B%E0%A4%82+%E0%A4%95%E0%A4%BE+%E0%A4%9C%E0%A4%BE%E0%A4%AF%E0%A4%9C%E0%A4%BE+%2C+26+%E0%A4%8F%E0%A4%B5%E0%A4%82+27+%E0%A4%85%E0%A4%97%E0%A4%B8%E0%A5%8D%E0%A4%A4+%E0%A4%95%E0%A5%8B+%E0%A4%B9%E0%A5%8B%E0%A4%97%E0%A4%BE+%E0%A4%AA%E0%A5%80%E0%A4%86%E0%A4%B0+%E0%A4%93+%E0%A4%B5+%E0%A4%AA%E0%A5%80> (referer: https://www.google.com/)
warning: urllib failed (HTTP Error 429: Too Many Requests), retrying via scrapling: translate.googleapis.com
[2026-08-26 07:46:07] INFO: Fetched (200) <GET https://translate.googleapis.com/translate_a/single?client=gtx&sl=auto&tl=en&dt=t&q=%E0%A4%B2%E0%A5%8B%E0%A4%95%E0%A4%B8%E0%A4%AD%E0%A4%BE+%E0%A4%85%E0%A4%A7%E0%A5%8D%E0%A4%AF%E0%A4%95%E0%A5%8D%E0%A4%B7+%E0%A4%B6%E0%A5%8D%E0%A4%B0%E0%A5%80+%E0%A4%93%E0%A4%AE+%E0%A4%AC%E0%A4%BF%E0%A4%B0%E0%A4%B2%E0%A4%BE+%E0%A4%A8%E0%A5%87+%E0%A4%B8%E0%A4%BE%E0%A4%82%E0%A4%B8%E0%A4%A6+%E0%A4%9C%E0%A4%A8+%E0%A4%B8%E0%A5%87%E0%A4%B5%E0%A4%BE+%E0%A4%85%E0%A4%AD%E0%A4%BF%E0%A4%AF%E0%A4%BE%E0%A4%A8+%E0%A4%B6%E0%A4%BF%E0%A4%B5%E0%A4%BF%E0%A4%B0+%E0%A4%95%E0%A4%BE+%E0%A4%95%E0%A4%BF%E0%A4%AF%E0%A4%BE+%E0%A4%A8%E0%A4%BF%E0%A4%B0%E0%A5%80%E0%A4%95%E0%A5%8D%E0%A4%B7%E0%A4%A3+%2C+%E0%A4%97%E0%A5%8D%E0%A4%B0%E0%A4%BE%E0%A4%AE%E0%A5%80%E0%A4%A3%E0%A5%8B%E0%A4%82+%E0%A4%95%E0%A5%80+%E0%A4%B8%E0%A4%AE%E0%A4%B8%E0%A5%8D%E0%A4%AF%E0%A4%BE%E0%A4%8F%E0%A4%82+%E0%A4%B8%E0%A5%81%E0%A4%A8%E0%A5%80%E0%A4%82+%2C+%E0%A4%AE%E0%A5%8C%E0%A4%95%E0%A5%87+%E0%A4%AA%E0%A4%B0+%E0%A4%B8%E0%A4%AE%E0%A4%BE%E0%A4%A7%E0%A4%BE%E0%A4%A8+%E0%A4%95%E0%A5%87+%E0%A4%A6%E0%A4%BF%E0%A4%8F+%E0%A4%A8%E0%A4%BF%E0%A4%B0%E0%A5%8D%E0%A4%A6%E0%A5%87%E0%A4%B6+%3B+%E0%A4%95%E0%A4%B9%E0%A4%BE-%E0%A4%95%E0%A5%8B%E0%A4%88+%E0%A4%AA%E0%A4%BE%E0%A4%A4%E0%A5%8D%E0%A4%B0+%E0%A4%B5%E0%A5%8D%E0%A4%AF%E0%A4%95%E0%A5%8D%E0%A4%A4%E0%A4%BF+%E0%A4%AF%E0%A5%8B%E0%A4%9C%E0%A4%A8%E0%A4%BE%E0%A4%93%E0%A4%82+%E0%A4%95%E0%A5%87+%E0%A4%B2%E0%A4%BE%E0%A4%AD+%E0%A4%B8%E0%A5%87+%E0%A4%B5%E0%A4%82%E0%A4%9A%E0%A4%BF%E0%A4%A4+%E0%A4%A8+%E0%A4%B0%E0%A4%B9%E0%A5%87> (referer: https://www.google.com/)
warning: urllib failed (HTTP Error 429: Too Many Requests), retrying via scrapling: translate.googleapis.com
[2026-08-26 07:46:10] INFO: Fetched (200) <GET https://translate.googleapis.com/translate_a/single?client=gtx&sl=auto&tl=en&dt=t&q=%E0%A4%85%E0%A4%97%E0%A4%B2%E0%A5%80+%E0%A4%AA%E0%A5%80%E0%A4%A2%E0%A4%BC%E0%A5%80+%E0%A4%95%E0%A5%87+%E0%A4%AA%E0%A5%8D%E0%A4%B0%E0%A4%B6%E0%A4%BE%E0%A4%B8%E0%A4%A8%E0%A4%BF%E0%A4%95+%E0%A4%B8%E0%A5%81%E0%A4%A7%E0%A4%BE%E0%A4%B0+%E0%A4%94%E0%A4%B0+%E0%A4%A8%E0%A4%BE%E0%A4%97%E0%A4%B0%E0%A4%BF%E0%A4%95-%E0%A4%95%E0%A5%87%E0%A4%82%E0%A4%A6%E0%A5%8D%E0%A4%B0%E0%A4%BF%E0%A4%A4+%E0%A4%A1%E0%A4%BF%E0%A4%9C%E0%A4%BF%E0%A4%9F%E0%A4%B2+%E0%A4%97%E0%A4%B5%E0%A4%B0%E0%A5%8D%E0%A4%A8%E0%A5%87%E0%A4%82%E0%A4%B8+%E0%A4%AD%E0%A4%BE%E0%A4%B0%E0%A4%A4+%E0%A4%AE%E0%A5%87%E0%A4%82+%E0%A4%B8%E0%A5%81%E0%A4%B6%E0%A4%BE%E0%A4%B8%E0%A4%A8+%E0%A4%94%E0%A4%B0+%E0%A4%B5%E0%A4%BF%E0%A4%95%E0%A4%BE%E0%A4%B8+%E0%A4%95%E0%A5%80+%E0%A4%A8%E0%A4%88+%E0%A4%AF%E0%A4%BE%E0%A4%A4%E0%A5%8D%E0%A4%B0%E0%A4%BE+%E0%A4%95%E0%A5%87+%E0%A4%AA%E0%A5%8D%E0%A4%B0%E0%A4%AE%E0%A5%81%E0%A4%96+%E0%A4%98%E0%A4%9F%E0%A4%95%E2%80%94+%E0%A4%AE%E0%A5%81%E0%A4%96%E0%A5%8D%E0%A4%AF+%E0%A4%B8%E0%A4%9A%E0%A4%BF%E0%A4%B5+%E0%A4%B6%E0%A5%8D%E0%A4%B0%E0%A5%80+%E0%A4%B5%E0%A5%80.+%E0%A4%B6%E0%A5%8D%E0%A4%B0%E0%A5%80%E0%A4%A8%E0%A4%BF%E0%A4%B5%E0%A4%BE%E0%A4%B8+%E0%A4%B8%E0%A5%80%E0%A4%8F%E0%A4%B8+%E0%A4%A8%E0%A5%87+%E0%A4%B0%E0%A5%8B%E0%A4%AE+%E0%A4%AE%E0%A5%87%E0%A4%82+51+%E0%A4%B5%E0%A5%87%E0%A4%82+%E0%A4%88%E0%A4%9C%E0%A5%80%E0%A4%AA%E0%A5%80%E0%A4%8F+%E0%A4%B5%E0%A4%BE%E0%A4%B0%E0%A5%8D%E0%A4%B7%E0%A4%BF%E0%A4%95+%E0%A4%B8%E0%A4%AE%E0%A5%8D%E0%A4%AE%E0%A5%87%E0%A4%B2%E0%A4%A8+%E0%A4%AE%E0%A5%87%E0%A4%82+%E0%A4%A6%E0%A4%BF> (referer: https://www.google.com/)
warning: urllib failed (HTTP Error 429: Too Many Requests), retrying via scrapling: translate.googleapis.com
[2026-08-26 07:46:13] INFO: Fetched (200) <GET https://translate.googleapis.com/translate_a/single?client=gtx&sl=auto&tl=en&dt=t&q=%E0%A4%95%E0%A5%87%E0%A4%A8%E0%A5%8D%E0%A4%A6%E0%A5%8D%E0%A4%B0%E0%A5%80%E0%A4%AF+%E0%A4%AE%E0%A4%82%E0%A4%A4%E0%A5%8D%E0%A4%B0%E0%A5%80+%E0%A4%B6%E0%A5%8D%E0%A4%B0%E0%A5%80+%E0%A4%85%E0%A4%B0%E0%A5%8D%E0%A4%9C%E0%A5%81%E0%A4%A8+%E0%A4%B0%E0%A4%BE%E0%A4%AE+%E0%A4%AE%E0%A5%87%E0%A4%98%E0%A4%B5%E0%A4%BE%E0%A4%B2+%E0%A4%B5+%E0%A4%B6%E0%A5%8D%E0%A4%B0%E0%A5%80+%E0%A4%AD%E0%A4%BE%E0%A4%97%E0%A5%80%E0%A4%B0%E0%A4%A5+%E0%A4%9A%E0%A5%8C%E0%A4%A7%E0%A4%B0%E0%A5%80+%E0%A4%A4%E0%A4%A5%E0%A4%BE+%E0%A4%AE%E0%A5%81%E0%A4%96%E0%A5%8D%E0%A4%AF+%E0%A4%B8%E0%A4%9A%E0%A4%BF%E0%A4%B5+%E0%A4%B6%E0%A5%8D%E0%A4%B0%E0%A5%80+%E0%A4%B5%E0%A5%80.+%E0%A4%B6%E0%A5%8D%E0%A4%B0%E0%A5%80%E0%A4%A8%E0%A4%BF%E0%A4%B5%E0%A4%BE%E0%A4%B8+%E0%A4%AC%E0%A5%80%E0%A4%95%E0%A4%BE%E0%A4%A8%E0%A5%87%E0%A4%B0+%E0%A4%B9%E0%A4%BE%E0%A4%89%E0%A4%B8+%E0%A4%95%E0%A5%87+%E0%A4%A4%E0%A5%80%E0%A4%9C%E0%A5%8B%E0%A4%A4%E0%A5%8D%E0%A4%B8%E0%A4%B5-+2026+%E0%A4%AE%E0%A5%87%E0%A4%82+%E0%A4%B6%E0%A4%BE%E0%A4%AE%E0%A4%BF%E0%A4%B2+%E0%A4%B9%E0%A5%81%E0%A4%8F+%2C+%E0%A4%A4%E0%A5%80%E0%A4%9C%E0%A5%8B%E0%A4%A4%E0%A5%8D%E0%A4%B8%E0%A4%B5+%E0%A4%AE%E0%A5%87%E0%A4%B2%E0%A5%87+%E0%A4%95%E0%A5%8B+%E0%A4%AC%E0%A4%A4%E0%A4%BE%E0%A4%AF%E0%A4%BE+%E0%A4%B0%E0%A4%BE%E0%A4%9C%E0%A4%B8%E0%A5%8D%E0%A4%A5%E0%A4%BE%E0%A4%A8%E0%A5%80+%E0%A4%95%E0%A4%B2%E0%A4%BE+%E0%A4%94%E0%A4%B0+%E0%A4%B8%E0%A4%82%E0%A4%B8%E0%A5%8D%E0%A4%95%E0%A5%83%E0%A4%A4%E0%A4%BF+%E0%A4%95%E0%A4%BE+%E0%A4%85%E0%A4%A6%E0%A5%8D%E0%A4%AD%E0%A5%81%E0%A4%A4+> (referer: https://www.google.com/)
warning: urllib failed (HTTP Error 429: Too Many Requests), retrying via scrapling: translate.googleapis.com
[2026-08-26 07:46:15] INFO: Fetched (200) <GET https://translate.googleapis.com/translate_a/single?client=gtx&sl=auto&tl=en&dt=t&q=%E0%A4%AC%E0%A4%BE%E0%A4%B2%E0%A4%BF%E0%A4%95%E0%A4%BE+%E0%A4%B8%E0%A5%88%E0%A4%A8%E0%A4%BF%E0%A4%95+%E0%A4%B5%E0%A4%BF%E0%A4%A6%E0%A5%8D%E0%A4%AF%E0%A4%BE%E0%A4%B2%E0%A4%AF%E0%A5%8B%E0%A4%82+%E0%A4%95%E0%A5%87+%E0%A4%B8%E0%A5%81%E0%A4%A6%E0%A5%83%E0%A4%A2%E0%A4%BC%E0%A5%80%E0%A4%95%E0%A4%B0%E0%A4%A3+%E0%A4%95%E0%A5%87+%E0%A4%B2%E0%A4%BF%E0%A4%8F+65.24+%E0%A4%95%E0%A4%B0%E0%A5%8B%E0%A4%A1%E0%A4%BC+%E0%A4%B0%E0%A5%81%E0%A4%AA%E0%A4%AF%E0%A5%87+%E0%A4%95%E0%A4%BE+%E0%A4%85%E0%A4%A4%E0%A4%BF%E0%A4%B0%E0%A4%BF%E0%A4%95%E0%A5%8D%E0%A4%A4+%E0%A4%AC%E0%A4%9C%E0%A4%9F+%E0%A4%AA%E0%A5%8D%E0%A4%B0%E0%A4%B8%E0%A5%8D%E0%A4%A4%E0%A4%BE%E0%A4%B5+%E0%A4%AC%E0%A5%80%E0%A4%95%E0%A4%BE%E0%A4%A8%E0%A5%87%E0%A4%B0+%E0%A4%8F%E0%A4%B5%E0%A4%82+%E0%A4%B8%E0%A5%80%E0%A4%95%E0%A4%B0+%E0%A4%AE%E0%A5%87%E0%A4%82+%E0%A4%B5%E0%A4%BF%E0%A4%95%E0%A4%B8%E0%A4%BF%E0%A4%A4+%E0%A4%B9%E0%A5%8B%E0%A4%82%E0%A4%97%E0%A5%87+%E0%A4%85%E0%A4%A4%E0%A5%8D%E0%A4%AF%E0%A4%BE%E0%A4%A7%E0%A5%81%E0%A4%A8%E0%A4%BF%E0%A4%95+%E0%A4%AC%E0%A4%BE%E0%A4%B2%E0%A4%BF%E0%A4%95%E0%A4%BE+%E0%A4%B8%E0%A5%88%E0%A4%A8%E0%A4%BF%E0%A4%95+%E0%A4%B5%E0%A4%BF%E0%A4%A6%E0%A5%8D%E0%A4%AF%E0%A4%BE%E0%A4%B2%E0%A4%AF+%2C+%E0%A4%B8%E0%A4%BF%E0%A4%82%E0%A4%A5%E0%A5%87%E0%A4%9F%E0%A4%BF%E0%A4%95+%E0%A4%9F%E0%A5%8D%E0%A4%B0%E0%A5%88%E0%A4%95+%E0%A4%94%E0%A4%B0+%E0%A4%97%E0%A5%8D%E0%A4%B0%E0%A5%80%E0%A4%A8+%E0%A4%9F%E0%A4%B0%E0%A5%8D%E0%A4%AB+%E0%A4%B8%E0%A5%8D%E0%A4%9F%E0%A5%87%E0%A4%A1%E0%A4%BF%E0%A4%AF%E0%A4%AE+%E0%A4%B8%E0%A4%B9%E0%A4%BF%E0%A4%A4+> (referer: https://www.google.com/)
warning: urllib failed (HTTP Error 429: Too Many Requests), retrying via scrapling: translate.googleapis.com
[2026-08-26 07:46:17] INFO: Fetched (200) <GET https://translate.googleapis.com/translate_a/single?client=gtx&sl=auto&tl=en&dt=t&q=%E0%A4%97%E0%A4%A3%E0%A5%87%E0%A4%B6+%E0%A4%9A%E0%A4%A4%E0%A5%81%E0%A4%B0%E0%A5%8D%E0%A4%A5%E0%A5%80+%E0%A4%AA%E0%A4%B0%E0%A5%8D%E0%A4%B5+%E0%A4%8F%E0%A4%B5%E0%A4%82+%E0%A4%B6%E0%A5%8B%E0%A4%AD%E0%A4%BE%E0%A4%AF%E0%A4%BE%E0%A4%A4%E0%A5%8D%E0%A4%B0%E0%A4%BE+%E0%A4%95%E0%A5%80+%E0%A4%B5%E0%A5%8D%E0%A4%AF%E0%A4%B5%E0%A4%B8%E0%A5%8D%E0%A4%A5%E0%A4%BE%E0%A4%93%E0%A4%82+%E0%A4%95%E0%A5%8B+%E0%A4%B2%E0%A5%87%E0%A4%95%E0%A4%B0+%E0%A4%AC%E0%A5%88%E0%A4%A0%E0%A4%95+%E0%A4%86%E0%A4%AF%E0%A5%8B%E0%A4%9C%E0%A4%BF%E0%A4%A4%E2%80%94+%E0%A4%9C%E0%A4%BF%E0%A4%B2%E0%A4%BE+%E0%A4%95%E0%A4%B2%E0%A4%95%E0%A5%8D%E0%A4%9F%E0%A4%B0+%E0%A4%A8%E0%A5%87+%E0%A4%B8%E0%A4%82%E0%A4%AF%E0%A5%81%E0%A4%95%E0%A5%8D%E0%A4%A4+%E0%A4%A8%E0%A4%BF%E0%A4%AF%E0%A4%82%E0%A4%A4%E0%A5%8D%E0%A4%B0%E0%A4%A3+%E0%A4%95%E0%A4%95%E0%A5%8D%E0%A4%B7+%E0%A4%B8%E0%A5%8D%E0%A4%A5%E0%A4%BE%E0%A4%AA%E0%A4%BF%E0%A4%A4+%E0%A4%95%E0%A4%B0%E0%A4%A8%E0%A5%87+%E0%A4%B8%E0%A4%B9%E0%A4%BF%E0%A4%A4+%E0%A4%B8%E0%A4%82%E0%A4%AC%E0%A4%82%E0%A4%A7%E0%A4%BF%E0%A4%A4+%E0%A4%B5%E0%A4%BF%E0%A4%AD%E0%A4%BE%E0%A4%97%E0%A5%8B%E0%A4%82+%E0%A4%95%E0%A5%8B+%E0%A4%A6%E0%A4%BF%E0%A4%8F+%E0%A4%86%E0%A4%B5%E0%A4%B6%E0%A5%8D%E0%A4%AF%E0%A4%95+%E0%A4%A8%E0%A4%BF%E0%A4%B0%E0%A5%8D%E0%A4%A6%E0%A5%87%E0%A4%B6%2C+15+%E0%A4%B8%E0%A4%BF%E0%A4%A4%E0%A4%82%E0%A4%AC%E0%A4%B0+%E0%A4%95%E0%A5%8B+%E0%A4%AE%E0%A5%8B%E0%A4%A4%E0%A5%80+%E0%A4%A1%E0%A5%82%E0%A4%82%E0%A4%97%E0%A4%B0%E0%A5%80+%E0%A4%97%E0%A4%A3%E0%A5%87%E0%A4%B6+%E0%A4%AE%E0%A4%82%E0%A4%A6%E0%A4%BF%E0%A4%B0+%E0%A4%B8%E0%A5%87> (referer: https://www.google.com/)
warning: urllib failed (HTTP Error 429: Too Many Requests), retrying via scrapling: translate.googleapis.com
[2026-08-26 07:46:19] INFO: Fetched (200) <GET https://translate.googleapis.com/translate_a/single?client=gtx&sl=auto&tl=en&dt=t&q=%E0%A4%B8%E0%A4%B9%E0%A4%BE%E0%A4%AF%E0%A4%95+%E0%A4%95%E0%A5%83%E0%A4%B7%E0%A4%BF+%E0%A4%85%E0%A4%AD%E0%A4%BF%E0%A4%AF%E0%A4%82%E0%A4%A4%E0%A4%BE+%E0%A4%8F%E0%A4%B5%E0%A4%82+%E0%A4%95%E0%A5%83%E0%A4%B7%E0%A4%BF+%E0%A4%85%E0%A4%A8%E0%A5%81%E0%A4%B8%E0%A4%82%E0%A4%A7%E0%A4%BE%E0%A4%A8+%E0%A4%85%E0%A4%A7%E0%A4%BF%E0%A4%95%E0%A4%BE%E0%A4%B0%E0%A5%80+%28%E0%A4%95%E0%A5%83%E0%A4%B7%E0%A4%BF+%E0%A4%B0%E0%A4%B8%E0%A4%BE%E0%A4%AF%E0%A4%A8%29+%E0%A4%AD%E0%A4%B0%E0%A5%8D%E0%A4%A4%E0%A5%80+%E0%A4%95%E0%A5%87+%E0%A4%85%E0%A4%AD%E0%A5%8D%E0%A4%AF%E0%A4%B0%E0%A5%8D%E0%A4%A5%E0%A4%BF%E0%A4%AF%E0%A5%8B%E0%A4%82+%E0%A4%95%E0%A5%80+%E0%A4%AA%E0%A4%BE%E0%A4%A4%E0%A5%8D%E0%A4%B0%E0%A4%A4%E0%A4%BE+%E0%A4%9C%E0%A4%BE%E0%A4%82%E0%A4%9A+%E0%A4%B5+%E0%A4%A6%E0%A4%B8%E0%A5%8D%E0%A4%A4%E0%A4%BE%E0%A4%B5%E0%A5%87%E0%A4%9C+%E0%A4%B8%E0%A4%A4%E0%A5%8D%E0%A4%AF%E0%A4%BE%E0%A4%AA%E0%A4%A8+%E0%A4%95%E0%A4%BE+%E0%A4%95%E0%A4%BE%E0%A4%B0%E0%A5%8D%E0%A4%AF%E0%A4%95%E0%A5%8D%E0%A4%B0%E0%A4%AE+%E0%A4%9C%E0%A4%BE%E0%A4%B0%E0%A5%80> (referer: https://www.google.com/)
warning: urllib failed (HTTP Error 429: Too Many Requests), retrying via scrapling: translate.googleapis.com
[2026-08-26 07:46:20] INFO: Fetched (200) <GET https://translate.googleapis.com/translate_a/single?client=gtx&sl=auto&tl=en&dt=t&q=%E0%A4%A8%E0%A4%97%E0%A4%B0%E0%A5%80%E0%A4%AF+%E0%A4%A8%E0%A4%BF%E0%A4%95%E0%A4%BE%E0%A4%AF+%E0%A4%9A%E0%A5%81%E0%A4%A8%E0%A4%BE%E0%A4%B5+%E0%A4%95%E0%A5%87+%E0%A4%A6%E0%A5%8C%E0%A4%B0%E0%A4%BE%E0%A4%A8+%E0%A4%AA%E0%A5%87%E0%A4%9F%E0%A5%8D%E0%A4%B0%E0%A5%8B%E0%A4%B2+%E0%A4%AA%E0%A4%82%E0%A4%AA%E0%A5%8B%E0%A4%82+%E0%A4%AA%E0%A4%B0+%E0%A4%AA%E0%A4%B0%E0%A5%8D%E0%A4%AF%E0%A4%BE%E0%A4%AA%E0%A5%8D%E0%A4%A4+%E0%A4%88%E0%A4%82%E0%A4%A7%E0%A4%A8+%E0%A4%89%E0%A4%AA%E0%A4%B2%E0%A4%AC%E0%A5%8D%E0%A4%A7+%E0%A4%B0%E0%A4%96%E0%A4%A8%E0%A5%87+%E0%A4%95%E0%A5%87+%E0%A4%A8%E0%A4%BF%E0%A4%B0%E0%A5%8D%E0%A4%A6%E0%A5%87%E0%A4%B6%E2%80%94+%E0%A4%AA%E0%A5%87%E0%A4%9F%E0%A5%8D%E0%A4%B0%E0%A5%8B%E0%A4%B2+%E0%A4%8F%E0%A4%B5%E0%A4%82+%E0%A4%A1%E0%A5%80%E0%A4%9C%E0%A4%B2+%E0%A4%AA%E0%A4%82%E0%A4%AA%E0%A5%8B%E0%A4%82+%E0%A4%AA%E0%A4%B0+%E0%A4%A8%E0%A5%8D%E0%A4%AF%E0%A5%82%E0%A4%A8%E0%A4%A4%E0%A4%AE+%E0%A4%B8%E0%A5%8D%E0%A4%9F%E0%A5%89%E0%A4%95+%E0%A4%B8%E0%A5%81%E0%A4%B0%E0%A4%95%E0%A5%8D%E0%A4%B7%E0%A4%BF%E0%A4%A4+%E0%A4%B0%E0%A4%96%E0%A4%A8%E0%A4%BE+%E0%A4%85%E0%A4%A8%E0%A4%BF%E0%A4%B5%E0%A4%BE%E0%A4%B0%E0%A5%8D%E0%A4%AF+-+%E0%A4%9C%E0%A4%BF%E0%A4%B2%E0%A4%BE+%E0%A4%95%E0%A4%B2%E0%A4%95%E0%A5%8D%E0%A4%9F%E0%A4%B0+%E0%A4%9A%E0%A5%81%E0%A4%A8%E0%A4%BE%E0%A4%B5+%E0%A4%95%E0%A4%BE%E0%A4%B0%E0%A5%8D%E0%A4%AF+%E0%A4%AE%E0%A5%87%E0%A4%82+%E0%A4%B2%E0%A4%97%E0%A5%87+%E0%A4%B5%E0%A4%BE%E0%A4%B9%E0%A4%A8%E0%A5%8B%E0%A4%82+%E0%A4%95%E0%A5%87+%E0%A4%B2%E0%A4%BF%E0%A4%8F+24+%E0%A4%98%E0%A4%82%E0%A4%9F%E0%A5%87> (referer: https://www.google.com/)
warning: urllib failed (HTTP Error 429: Too Many Requests), retrying via scrapling: translate.googleapis.com
[2026-08-26 07:46:21] INFO: Fetched (200) <GET https://translate.googleapis.com/translate_a/single?client=gtx&sl=auto&tl=en&dt=t&q=%E0%A4%A8%E0%A4%97%E0%A4%B0+%E0%A4%AA%E0%A4%B0%E0%A4%BF%E0%A4%B7%E0%A4%A6%E0%A5%8D-%E0%A4%A8%E0%A4%97%E0%A4%B0+%E0%A4%AA%E0%A4%BE%E0%A4%B2%E0%A4%BF%E0%A4%95%E0%A4%BE+%E0%A4%9A%E0%A5%81%E0%A4%A8%E0%A4%BE%E0%A4%B5+%E0%A4%95%E0%A5%87+%E0%A4%B2%E0%A4%BF%E0%A4%8F+%E0%A4%A8%E0%A4%BE%E0%A4%AE%E0%A4%BE%E0%A4%82%E0%A4%95%E0%A4%A8+%E0%A4%AA%E0%A5%8D%E0%A4%B0%E0%A4%BE%E0%A4%AA%E0%A5%8D%E0%A4%A4%E0%A4%BF+%E0%A4%B8%E0%A5%8D%E0%A4%A5%E0%A4%B2+%E0%A4%A8%E0%A4%BF%E0%A4%B0%E0%A5%8D%E0%A4%A7%E0%A4%BE%E0%A4%B0%E0%A4%BF%E0%A4%A4%2C+18+%E0%A4%A8%E0%A4%97%E0%A4%B0+%E0%A4%A8%E0%A4%BF%E0%A4%95%E0%A4%BE%E0%A4%AF%E0%A5%8B%E0%A4%82+%E0%A4%95%E0%A5%87+%E0%A4%B2%E0%A4%BF%E0%A4%8F+%E0%A4%B0%E0%A4%BF%E0%A4%9F%E0%A4%B0%E0%A5%8D%E0%A4%A8%E0%A4%BF%E0%A4%82%E0%A4%97+%E0%A4%85%E0%A4%A7%E0%A4%BF%E0%A4%95%E0%A4%BE%E0%A4%B0%E0%A4%BF%E0%A4%AF%E0%A5%8B%E0%A4%82+%E0%A4%8F%E0%A4%B5%E0%A4%82+%E0%A4%B8%E0%A4%B9%E0%A4%BE%E0%A4%AF%E0%A4%95+%E0%A4%B0%E0%A4%BF%E0%A4%9F%E0%A4%B0%E0%A5%8D%E0%A4%A8%E0%A4%BF%E0%A4%82%E0%A4%97+%E0%A4%85%E0%A4%A7%E0%A4%BF%E0%A4%95%E0%A4%BE%E0%A4%B0%E0%A4%BF%E0%A4%AF%E0%A5%8B%E0%A4%82+%E0%A4%95%E0%A4%BE+%E0%A4%A8%E0%A4%BF%E0%A4%AF%E0%A5%81%E0%A4%95%E0%A5%8D%E0%A4%A4%E0%A4%BF+%E0%A4%86%E0%A4%A6%E0%A5%87%E0%A4%B6+%E0%A4%9C%E0%A4%BE%E0%A4%B0%E0%A5%80> (referer: https://www.google.com/)
warning: urllib failed (HTTP Error 429: Too Many Requests), retrying via scrapling: translate.googleapis.com
[2026-08-26 07:46:23] INFO: Fetched (200) <GET https://translate.googleapis.com/translate_a/single?client=gtx&sl=auto&tl=en&dt=t&q=%E0%A4%B0%E0%A4%BE%E0%A4%B7%E0%A5%8D%E0%A4%9F%E0%A5%8D%E0%A4%B0%E0%A5%80%E0%A4%AF+%E0%A4%B2%E0%A5%8B%E0%A4%95+%E0%A4%85%E0%A4%A6%E0%A4%BE%E0%A4%B2%E0%A4%A4+%E0%A4%85%E0%A4%AC+10+%E0%A4%85%E0%A4%95%E0%A5%8D%E0%A4%9F%E0%A5%82%E0%A4%AC%E0%A4%B0+%E0%A4%95%E0%A5%8B> (referer: https://www.google.com/)
warning: urllib failed (HTTP Error 429: Too Many Requests), retrying via scrapling: translate.googleapis.com
[2026-08-26 07:46:24] INFO: Fetched (200) <GET https://translate.googleapis.com/translate_a/single?client=gtx&sl=auto&tl=en&dt=t&q=%E0%A4%A8%E0%A4%97%E0%A4%B0+%E0%A4%A8%E0%A4%BF%E0%A4%95%E0%A4%BE%E0%A4%AF+%E0%A4%9A%E0%A5%81%E0%A4%A8%E0%A4%BE%E0%A4%B5-2026+%E0%A4%AA%E0%A5%87%E0%A4%9F%E0%A5%8D%E0%A4%B0%E0%A5%8B%E0%A4%B2+%E0%A4%AA%E0%A4%82%E0%A4%AA+%E0%A4%B8%E0%A4%82%E0%A4%9A%E0%A4%BE%E0%A4%B2%E0%A4%95%E0%A5%8B%E0%A4%82+%E0%A4%95%E0%A5%8B+%E0%A4%88%E0%A4%82%E0%A4%A7%E0%A4%A8+%E0%A4%95%E0%A4%BE+%E0%A4%B8%E0%A5%8D%E0%A4%9F%E0%A5%89%E0%A4%95+%E0%A4%B0%E0%A4%BF%E0%A4%9C%E0%A4%B0%E0%A5%8D%E0%A4%B5+%E0%A4%B0%E0%A4%96%E0%A4%A8%E0%A5%87+%E0%A4%95%E0%A5%87+%E0%A4%A8%E0%A4%BF%E0%A4%B0%E0%A5%8D%E0%A4%A6%E0%A5%87%E0%A4%B6> (referer: https://www.google.com/)
warning: urllib failed (HTTP Error 429: Too Many Requests), retrying via scrapling: translate.googleapis.com
[2026-08-26 07:46:26] INFO: Fetched (200) <GET https://translate.googleapis.com/translate_a/single?client=gtx&sl=auto&tl=en&dt=t&q=%E0%A4%9A%E0%A5%80%E0%A4%A8%E0%A5%80+%E0%A4%95%E0%A5%87+%E0%A4%B8%E0%A5%8D%E0%A4%9F%E0%A5%89%E0%A4%95+%E0%A4%95%E0%A5%80+%E0%A4%A8%E0%A4%BF%E0%A4%B0%E0%A4%82%E0%A4%A4%E0%A4%B0+%E0%A4%A8%E0%A4%BF%E0%A4%97%E0%A4%B0%E0%A4%BE%E0%A4%A8%E0%A5%80+%E0%A4%8F%E0%A4%B5%E0%A4%82+%E0%A4%95%E0%A4%BE%E0%A4%B2%E0%A4%BE%E0%A4%AC%E0%A4%BE%E0%A4%9C%E0%A4%BE%E0%A4%B0%E0%A5%80+%E0%A4%95%E0%A5%80+%E0%A4%B0%E0%A5%8B%E0%A4%95%E0%A4%A5%E0%A4%BE%E0%A4%AE+%E0%A4%95%E0%A5%87+%E0%A4%B2%E0%A4%BF%E0%A4%8F+%E0%A4%B8%E0%A5%8D%E0%A4%9F%E0%A5%89%E0%A4%95+%E0%A4%B8%E0%A5%80%E0%A4%AE%E0%A4%BE+%E0%A4%A8%E0%A4%BF%E0%A4%B0%E0%A5%8D%E0%A4%A7%E0%A4%BE%E0%A4%B0%E0%A4%BF%E0%A4%A4> (referer: https://www.google.com/)
warning: urllib failed (HTTP Error 429: Too Many Requests), retrying via scrapling: translate.googleapis.com
[2026-08-26 07:46:27] INFO: Fetched (200) <GET https://translate.googleapis.com/translate_a/single?client=gtx&sl=auto&tl=en&dt=t&q=%E0%A4%A8%E0%A4%97%E0%A4%B0+%E0%A4%A8%E0%A4%BF%E0%A4%95%E0%A4%BE%E0%A4%AF+%E0%A4%86%E0%A4%AE+%E0%A4%9A%E0%A5%81%E0%A4%A8%E0%A4%BE%E0%A4%B5-2026+%E0%A4%95%E0%A5%87+%E0%A4%B2%E0%A4%BF%E0%A4%8F+%E0%A4%88%E0%A4%B5%E0%A5%80%E0%A4%8F%E0%A4%AE+%E0%A4%95%E0%A4%BE+%E0%A4%AA%E0%A5%8D%E0%A4%B0%E0%A4%A5%E0%A4%AE+%E0%A4%B0%E0%A5%87%E0%A4%A3%E0%A5%8D%E0%A4%A1%E0%A4%AE%E0%A4%BE%E0%A4%88%E0%A4%9C%E0%A5%87%E0%A4%B6%E0%A4%A8+%E0%A4%B8%E0%A4%AE%E0%A5%8D%E0%A4%AA%E0%A4%A8%E0%A5%8D%E0%A4%A8> (referer: https://www.google.com/)
warning: urllib failed (HTTP Error 429: Too Many Requests), retrying via scrapling: translate.googleapis.com
[2026-08-26 07:46:29] INFO: Fetched (200) <GET https://translate.googleapis.com/translate_a/single?client=gtx&sl=auto&tl=en&dt=t&q=%E0%A4%B0%E0%A4%BE%E0%A4%9C%E0%A4%95%E0%A5%80%E0%A4%AF+%E0%A4%95%E0%A4%A8%E0%A5%8D%E0%A4%AF%E0%A4%BE+%E0%A4%89%E0%A4%9A%E0%A5%8D%E0%A4%9A+%E0%A4%AE%E0%A4%BE%E0%A4%A7%E0%A5%8D%E0%A4%AF%E0%A4%AE%E0%A4%BF%E0%A4%95+%E0%A4%B5%E0%A4%BF%E0%A4%A6%E0%A5%8D%E0%A4%AF%E0%A4%BE%E0%A4%B2%E0%A4%AF+%E0%A4%AE%E0%A5%87+%E0%A4%A8%E0%A4%B6%E0%A4%BE+%E0%A4%AE%E0%A5%81%E0%A4%95%E0%A5%8D%E0%A4%A4%E0%A4%BF+%E0%A4%9C%E0%A4%BE%E0%A4%97%E0%A4%B0%E0%A5%82%E0%A4%95%E0%A4%A4%E0%A4%BE+%E0%A4%95%E0%A4%BE%E0%A4%B0%E0%A5%8D%E0%A4%AF%E0%A4%B6%E0%A4%BE%E0%A4%B2%E0%A4%BE+%E0%A4%86%E0%A4%AF%E0%A5%8B%E0%A4%9C%E0%A4%BF%E0%A4%A4> (referer: https://www.google.com/)
warning: urllib failed (HTTP Error 429: Too Many Requests), retrying via scrapling: translate.googleapis.com
[2026-08-26 07:46:31] INFO: Fetched (200) <GET https://translate.googleapis.com/translate_a/single?client=gtx&sl=auto&tl=en&dt=t&q=%E0%A4%A8%E0%A4%97%E0%A4%B0+%E0%A4%A8%E0%A4%BF%E0%A4%95%E0%A4%BE%E0%A4%AF+%E0%A4%9A%E0%A5%81%E0%A4%A8%E0%A4%BE%E0%A4%B5+2026%3A+%E0%A4%9A%E0%A5%82%E0%A4%B0%E0%A5%82+%E0%A4%AE%E0%A5%87%E0%A4%82+%22%E0%A4%AE%E0%A5%87%E0%A4%B9%E0%A4%82%E0%A4%A6%E0%A5%80+%E0%A4%95%E0%A5%87+%E0%A4%B0%E0%A4%82%E0%A4%97+%E0%A4%B2%E0%A5%8B%E0%A4%95%E0%A4%A4%E0%A4%82%E0%A4%A4%E0%A5%8D%E0%A4%B0+%E0%A4%95%E0%A5%87+%E0%A4%B8%E0%A4%82%E0%A4%97%22+%E0%A4%85%E0%A4%AD%E0%A4%BF%E0%A4%AF%E0%A4%BE%E0%A4%A8+%E0%A4%86%E0%A4%AF%E0%A5%8B%E0%A4%9C%E0%A4%BF%E0%A4%A4> (referer: https://www.google.com/)
warning: urllib failed (HTTP Error 429: Too Many Requests), retrying via scrapling: translate.googleapis.com
[2026-08-26 07:46:32] INFO: Fetched (200) <GET https://translate.googleapis.com/translate_a/single?client=gtx&sl=auto&tl=en&dt=t&q=%E0%A4%9C%E0%A4%BF%E0%A4%B2%E0%A4%BE+%E0%A4%A8%E0%A4%BF%E0%A4%B0%E0%A5%8D%E0%A4%B5%E0%A4%BE%E0%A4%9A%E0%A4%A8+%E0%A4%85%E0%A4%A7%E0%A4%BF%E0%A4%95%E0%A4%BE%E0%A4%B0%E0%A5%80+%E0%A4%A8%E0%A5%87+%E0%A4%95%E0%A4%BF%E0%A4%B6%E0%A4%A8%E0%A4%97%E0%A4%A2%E0%A4%BC+%E0%A4%AC%E0%A4%BE%E0%A4%B8+%E0%A4%AE%E0%A5%87%E0%A4%82+8+%E0%A4%AE%E0%A4%A4%E0%A4%A6%E0%A4%BE%E0%A4%A8+%E0%A4%95%E0%A5%87%E0%A4%A8%E0%A5%8D%E0%A4%A6%E0%A5%8D%E0%A4%B0%E0%A5%8B%E0%A4%82+%E0%A4%95%E0%A4%BE+%E0%A4%95%E0%A4%BF%E0%A4%AF%E0%A4%BE+%E0%A4%A8%E0%A4%BF%E0%A4%B0%E0%A5%80%E0%A4%95%E0%A5%8D%E0%A4%B7%E0%A4%A3+%E0%A4%B8%E0%A4%82%E0%A4%B5%E0%A5%87%E0%A4%A6%E0%A4%A8%E0%A4%B6%E0%A5%80%E0%A4%B2+%E0%A4%8F%E0%A4%B5%E0%A4%82+%E0%A4%85%E0%A4%A4%E0%A4%BF%E0%A4%B8%E0%A4%82%E0%A4%B5%E0%A5%87%E0%A4%A6%E0%A4%A8%E0%A4%B6%E0%A5%80%E0%A4%B2+%E0%A4%AE%E0%A4%A4%E0%A4%A6%E0%A4%BE%E0%A4%A8+%E0%A4%95%E0%A5%87%E0%A4%A8%E0%A5%8D%E0%A4%A6%E0%A5%8D%E0%A4%B0%E0%A5%8B%E0%A4%82+%E0%A4%AA%E0%A4%B0+%E0%A4%B8%E0%A5%81%E0%A4%B0%E0%A4%95%E0%A5%8D%E0%A4%B7%E0%A4%BE+%E0%A4%8F%E0%A4%B5%E0%A4%82+%E0%A4%AE%E0%A5%82%E0%A4%B2%E0%A4%AD%E0%A5%82%E0%A4%A4+%E0%A4%B8%E0%A5%81%E0%A4%B5%E0%A4%BF%E0%A4%A7%E0%A4%BE%E0%A4%8F%E0%A4%82+%E0%A4%B8%E0%A5%81%E0%A4%A8%E0%A4%BF%E0%A4%B6%E0%A5%8D%E0%A4%9A%E0%A4%BF%E0%A4%A4+%E0%A4%95%E0%A4%B0%E0%A4%A8%E0%A5%87+%E0%A4%95%E0%A5%87+%E0%A4%A8%E0%A4%BF%E0%A4%B0%E0%A5%8D%E0%A4%A6%E0%A5%87%E0%A4%B6> (referer: https://www.google.com/)
warning: urllib failed (HTTP Error 429: Too Many Requests), retrying via scrapling: translate.googleapis.com
[2026-08-26 07:46:34] INFO: Fetched (200) <GET https://translate.googleapis.com/translate_a/single?client=gtx&sl=auto&tl=en&dt=t&q=%E0%A4%A8%E0%A4%97%E0%A4%B0+%E0%A4%A8%E0%A4%BF%E0%A4%95%E0%A4%BE%E0%A4%AF+%E0%A4%9A%E0%A5%81%E0%A4%A8%E0%A4%BE%E0%A4%B5+2026+%E0%A4%AE%E0%A4%A4%E0%A4%A6%E0%A4%BE%E0%A4%A4%E0%A4%BE+%E0%A4%9C%E0%A4%BE%E0%A4%97%E0%A4%B0%E0%A5%82%E0%A4%95%E0%A4%A4%E0%A4%BE+%E0%A4%95%E0%A5%8B+%E0%A4%B2%E0%A5%87%E0%A4%95%E0%A4%B0+%E0%A4%B0%E0%A4%82%E0%A4%97%E0%A5%8B%E0%A4%B2%E0%A5%80+%E0%A4%AA%E0%A5%8D%E0%A4%B0%E0%A4%A4%E0%A4%BF%E0%A4%AF%E0%A5%8B%E0%A4%97%E0%A4%BF%E0%A4%A4%E0%A4%BE+%E0%A4%95%E0%A4%BE+%E0%A4%86%E0%A4%AF%E0%A5%8B%E0%A4%9C%E0%A4%A8> (referer: https://www.google.com/)
warning: urllib failed (HTTP Error 429: Too Many Requests), retrying via scrapling: translate.googleapis.com
[2026-08-26 07:46:36] INFO: Fetched (200) <GET https://translate.googleapis.com/translate_a/single?client=gtx&sl=auto&tl=en&dt=t&q=%E0%A4%A8%E0%A4%97%E0%A4%B0+%E0%A4%AA%E0%A4%B0%E0%A4%BF%E0%A4%B7%E0%A4%A6+%E0%A4%AB%E0%A4%A4%E0%A5%87%E0%A4%B9%E0%A4%AA%E0%A5%81%E0%A4%B0+%E0%A4%95%E0%A4%BE+%E0%A4%AE%E0%A4%A4%E0%A4%A6%E0%A4%BE%E0%A4%A8+%E0%A4%85%E0%A4%AC+9+%E0%A4%B8%E0%A4%BF%E0%A4%A4%E0%A4%82%E0%A4%AC%E0%A4%B0+%E0%A4%95%E0%A5%8B+%E0%A4%AD%E0%A4%BE%E0%A4%A6%E0%A5%8D%E0%A4%B0%E0%A4%AA%E0%A4%A6+%E0%A4%85%E0%A4%AE%E0%A4%BE%E0%A4%B5%E0%A4%B8%E0%A5%8D%E0%A4%AF%E0%A4%BE+%E0%A4%AA%E0%A4%B0+%E0%A4%A7%E0%A4%BE%E0%A4%B0%E0%A5%8D%E0%A4%AE%E0%A4%BF%E0%A4%95+%E0%A4%86%E0%A4%AF%E0%A5%8B%E0%A4%9C%E0%A4%A8%E0%A5%8B%E0%A4%82+%E0%A4%B5+%E0%A4%AF%E0%A4%BE%E0%A4%A4%E0%A4%BE%E0%A4%AF%E0%A4%BE%E0%A4%A4+%E0%A4%A6%E0%A4%AC%E0%A4%BE%E0%A4%B5+%E0%A4%95%E0%A5%8B+%E0%A4%A6%E0%A5%87%E0%A4%96%E0%A4%A4%E0%A5%87+%E0%A4%B9%E0%A5%81%E0%A4%8F+%E0%A4%86%E0%A4%AF%E0%A5%8B%E0%A4%97+%E0%A4%A8%E0%A5%87+%E0%A4%AC%E0%A4%A6%E0%A4%B2%E0%A5%80+%E0%A4%A4%E0%A4%BF%E0%A4%A5%E0%A4%BF> (referer: https://www.google.com/)
warning: urllib failed (HTTP Error 429: Too Many Requests), retrying via scrapling: translate.googleapis.com
[2026-08-26 07:46:37] INFO: Fetched (200) <GET https://translate.googleapis.com/translate_a/single?client=gtx&sl=auto&tl=en&dt=t&q=%E0%A4%86%E0%A4%AE%E0%A4%9C%E0%A4%A8+%E0%A4%95%E0%A5%80+%E0%A4%B8%E0%A4%AE%E0%A4%B8%E0%A5%8D%E0%A4%AF%E0%A4%BE+%E0%A4%95%E0%A4%BE+%E0%A4%B8%E0%A4%AE%E0%A4%BE%E0%A4%A7%E0%A4%BE%E0%A4%A8+%E0%A4%A4%E0%A5%80%E0%A4%A8+%E0%A4%A6%E0%A4%BF%E0%A4%B5%E0%A4%B8+%E0%A4%AE%E0%A5%87%E0%A4%82+%E0%A4%B8%E0%A5%81%E0%A4%A8%E0%A4%BF%E0%A4%B6%E0%A5%8D%E0%A4%9A%E0%A4%BF%E0%A4%A4+%E0%A4%95%E0%A4%B0%E0%A5%87%E0%A4%82%3A%E0%A4%86%E0%A4%AF%E0%A5%81%E0%A4%95%E0%A5%8D%E0%A4%A4+%E0%A4%B8%E0%A5%81%E0%A4%B0%E0%A5%87%E0%A4%82%E0%A4%A6%E0%A5%8D%E0%A4%B0+%E0%A4%B8%E0%A4%BF%E0%A4%82%E0%A4%B9+%E0%A4%AF%E0%A4%BE%E0%A4%A6%E0%A4%B5> (referer: https://www.google.com/)
warning: urllib failed (HTTP Error 429: Too Many Requests), retrying via scrapling: translate.googleapis.com
[2026-08-26 07:46:39] INFO: Fetched (200) <GET https://translate.googleapis.com/translate_a/single?client=gtx&sl=auto&tl=en&dt=t&q=%E0%A4%9A%E0%A4%BF%E0%A4%95%E0%A4%BF%E0%A4%A4%E0%A5%8D%E0%A4%B8%E0%A4%BE+%E0%A4%AE%E0%A4%82%E0%A4%A4%E0%A5%8D%E0%A4%B0%E0%A5%80+%E0%A4%A8%E0%A5%87+%E0%A4%95%E0%A5%80+%E0%A4%AE%E0%A5%8C%E0%A4%B8%E0%A4%AE%E0%A5%80+%E0%A4%AC%E0%A5%80%E0%A4%AE%E0%A4%BE%E0%A4%B0%E0%A4%BF%E0%A4%AF%E0%A5%8B%E0%A4%82+%E0%A4%95%E0%A5%80+%E0%A4%B0%E0%A5%8B%E0%A4%95%E0%A4%A5%E0%A4%BE%E0%A4%AE+%E0%A4%8F%E0%A4%B5%E0%A4%82+%E0%A4%AC%E0%A4%9A%E0%A4%BE%E0%A4%B5+%E0%A4%97%E0%A4%A4%E0%A4%BF%E0%A4%B5%E0%A4%BF%E0%A4%A7%E0%A4%BF%E0%A4%AF%E0%A5%8B%E0%A4%82+%E0%A4%95%E0%A5%80+%E0%A4%B8%E0%A4%AE%E0%A5%80%E0%A4%95%E0%A5%8D%E0%A4%B7%E0%A4%BE%2C+%E0%A4%B8%E0%A5%8D%E0%A4%B5%E0%A4%BE%E0%A4%87%E0%A4%A8+%E0%A4%AB%E0%A5%8D%E0%A4%B2%E0%A5%82+%E0%A4%B8%E0%A5%87+%E0%A4%AC%E0%A4%9A%E0%A4%BE%E0%A4%B5+%E0%A4%8F%E0%A4%B5%E0%A4%82+%E0%A4%B0%E0%A5%8B%E0%A4%95%E0%A4%A5%E0%A4%BE%E0%A4%AE+%E0%A4%97%E0%A4%A4%E0%A4%BF%E0%A4%B5%E0%A4%BF%E0%A4%A7%E0%A4%BF%E0%A4%AF%E0%A5%8B%E0%A4%82+%E0%A4%AA%E0%A4%B0+%E0%A4%B5%E0%A4%BF%E0%A4%B6%E0%A5%87%E0%A4%B7+%E0%A4%B8%E0%A4%A4%E0%A4%B0%E0%A5%8D%E0%A4%95%E0%A4%A4%E0%A4%BE+%E0%A4%AC%E0%A4%B0%E0%A4%A4%E0%A5%87%E0%A4%82%2C+%E0%A4%93%E0%A4%AA%E0%A5%80%E0%A4%A1%E0%A5%80+%E0%A4%AD%E0%A4%BE%E0%A4%B0+%E0%A4%85%E0%A4%A8%E0%A5%81%E0%A4%B8%E0%A4%BE%E0%A4%B0+%E0%A4%9A%E0%A4%BF%E0%A4%95%E0%A4%BF%E0%A4%A4%E0%A5%8D%E0%A4%B8%E0%A4%95%E0%A5%8B%E0%A4%82+%E0%A4%8F%E0%A4%B5%E0%A4%82+%E0%A4%85%E0%A4%A8%E0%A5%8D%E0%A4%AF+%E0%A4%B8%E0%A5%8D%E0%A4%9F%E0%A4%BE%E0%A4%AB+%E0%A4%95%E0%A5%8B+%E0%A4%95%E0%A4%B0%E0%A5%87%E0%A4%82+%E0%A4%A8%E0%A4%BF%E0%A4%AF> (referer: https://www.google.com/)
warning: urllib failed (HTTP Error 429: Too Many Requests), retrying via scrapling: translate.googleapis.com
[2026-08-26 07:46:40] INFO: Fetched (200) <GET https://translate.googleapis.com/translate_a/single?client=gtx&sl=auto&tl=en&dt=t&q=%E0%A4%B0%E0%A4%BE%E0%A4%B7%E0%A5%8D%E0%A4%9F%E0%A5%8D%E0%A4%B0%E0%A5%80%E0%A4%AF+%E0%A4%8F%E0%A4%B5%E0%A4%82+%E0%A4%85%E0%A4%82%E0%A4%A4%E0%A4%B0%E0%A5%8D%E0%A4%B0%E0%A4%BE%E0%A4%B7%E0%A5%8D%E0%A4%9F%E0%A5%8D%E0%A4%B0%E0%A5%80%E0%A4%AF+%E0%A4%AA%E0%A5%8D%E0%A4%B0%E0%A4%B5%E0%A4%BE%E0%A4%B8%E0%A5%80+%E0%A4%B0%E0%A4%BE%E0%A4%9C%E0%A4%B8%E0%A5%8D%E0%A4%A5%E0%A4%BE%E0%A4%A8%E0%A5%80+%E0%A4%95%E0%A4%BE%E0%A4%B0%E0%A5%8D%E0%A4%AF+%E0%A4%B5%E0%A4%BF%E0%A4%AD%E0%A4%BE%E0%A4%97+%28%E0%A4%A1%E0%A5%8B%E0%A4%B0%E0%A4%BE%29+%E0%A4%95%E0%A5%80+%E0%A4%86%E0%A4%AF%E0%A5%81%E0%A4%95%E0%A5%8D%E0%A4%A4+%E0%A4%A8%E0%A5%87+%E0%A4%95%E0%A4%BF%E0%A4%AF%E0%A4%BE+%E0%A4%B0%E0%A4%BE%E0%A4%9C%E0%A4%B8%E0%A5%8D%E0%A4%A5%E0%A4%BE%E0%A4%A8+%E0%A4%B8%E0%A4%82%E0%A4%AA%E0%A4%B0%E0%A5%8D%E0%A4%95+181+%E0%A4%B9%E0%A5%87%E0%A4%B2%E0%A5%8D%E0%A4%AA%E0%A4%B2%E0%A4%BE%E0%A4%87%E0%A4%A8+%E0%A4%95%E0%A4%BE+%E0%A4%A8%E0%A4%BF%E0%A4%B0%E0%A5%80%E0%A4%95%E0%A5%8D%E0%A4%B7%E0%A4%A3%2C+%E0%A4%B6%E0%A4%BF%E0%A4%95%E0%A4%BE%E0%A4%AF%E0%A4%A4%E0%A5%8B%E0%A4%82+%E0%A4%95%E0%A5%87+%E0%A4%B8%E0%A4%82%E0%A4%B5%E0%A5%87%E0%A4%A6%E0%A4%A8%E0%A4%B6%E0%A5%80%E0%A4%B2%E0%A4%A4%E0%A4%BE+%E0%A4%8F%E0%A4%B5%E0%A4%82+%E0%A4%AA%E0%A5%8D%E0%A4%B0%E0%A4%BE%E0%A4%A5%E0%A4%AE%E0%A4%BF%E0%A4%95%E0%A4%A4%E0%A4%BE+%E0%A4%B8%E0%A5%87+%E0%A4%A4%E0%A5%8D%E0%A4%B5%E0%A4%B0%E0%A4%BF%E0%A4%A4+%E0%A4%A8%E0%A4%BF%E0%A4%B8%E0%A5%8D%E0%A4%A4%E0%A4%BE%E0%A4%B0%E0%A4%A3+%E0%A4%95%E0%A5%87+%E0%A4%A6%E0%A4%BF%E0%A4%8F+%E0%A4%A8%E0%A4%BF%E0%A4%B0%E0%A5%8D%E0%A4%A6%E0%A5%87%E0%A4%B6> (referer: https://www.google.com/)
warning: urllib failed (HTTP Error 429: Too Many Requests), retrying via scrapling: translate.googleapis.com
[2026-08-26 07:46:42] INFO: Fetched (200) <GET https://translate.googleapis.com/translate_a/single?client=gtx&sl=auto&tl=en&dt=t&q=%E0%A4%A8%E0%A4%BF%E0%A4%95%E0%A4%BE%E0%A4%AF+%E0%A4%9A%E0%A5%81%E0%A4%A8%E0%A4%BE%E0%A4%B5+%E0%A4%95%E0%A5%87+%E0%A4%AE%E0%A4%A6%E0%A5%8D%E0%A4%A6%E0%A5%87%E0%A4%A8%E0%A4%9C%E0%A4%B0+%E0%A4%AC%E0%A4%BF%E0%A4%A8%E0%A4%BE+%E0%A4%85%E0%A4%A8%E0%A5%81%E0%A4%AE%E0%A4%A4%E0%A4%BF+%E0%A4%AE%E0%A5%81%E0%A4%96%E0%A5%8D%E0%A4%AF%E0%A4%BE%E0%A4%B2%E0%A4%AF+%E0%A4%A8+%E0%A4%9B%E0%A5%8B%E0%A5%9C%E0%A4%A8%E0%A5%87+%E0%A4%95%E0%A5%87+%E0%A4%B8%E0%A4%96%E0%A5%8D%E0%A4%A4+%E0%A4%A8%E0%A4%BF%E0%A4%B0%E0%A5%8D%E0%A4%A6%E0%A5%87%E0%A4%B6> (referer: https://www.google.com/)
warning: urllib failed (HTTP Error 429: Too Many Requests), retrying via scrapling: translate.googleapis.com
[2026-08-26 07:46:44] INFO: Fetched (200) <GET https://translate.googleapis.com/translate_a/single?client=gtx&sl=auto&tl=en&dt=t&q=%E0%A4%AE%E0%A5%87%E0%A4%B9%E0%A4%82%E0%A4%A6%E0%A5%80+%E0%A4%95%E0%A5%87+%E0%A4%B0%E0%A4%82%E0%A4%97%E0%A5%8B%E0%A4%82+%E0%A4%AE%E0%A5%87%E0%A4%82+%E0%A4%A6%E0%A4%BF%E0%A4%AF%E0%A4%BE+%E0%A4%AE%E0%A4%A4%E0%A4%A6%E0%A4%BE%E0%A4%A8+%E0%A4%9C%E0%A4%BE%E0%A4%97%E0%A4%B0%E0%A5%82%E0%A4%95%E0%A4%A4%E0%A4%BE+%E0%A4%95%E0%A4%BE+%E0%A4%B8%E0%A4%82%E0%A4%A6%E0%A5%87%E0%A4%B6+%E0%A4%B8%E0%A4%B6%E0%A4%95%E0%A5%8D%E0%A4%A4+%E0%A4%B2%E0%A5%8B%E0%A4%95%E0%A4%A4%E0%A4%82%E0%A4%A4%E0%A5%8D%E0%A4%B0-%E0%A4%B8%E0%A4%B6%E0%A4%95%E0%A5%8D%E0%A4%A4+%E0%A4%AD%E0%A4%BE%E0%A4%B0%E0%A4%A4+%E0%A4%A5%E0%A5%80%E0%A4%AE+%E0%A4%AA%E0%A4%B0+%E0%A4%AE%E0%A5%87%E0%A4%B9%E0%A4%82%E0%A4%A6%E0%A5%80+%E0%A4%AA%E0%A5%8D%E0%A4%B0%E0%A4%A4%E0%A4%BF%E0%A4%AF%E0%A5%8B%E0%A4%97%E0%A4%BF%E0%A4%A4%E0%A4%BE+%E0%A4%86%E0%A4%AF%E0%A5%8B%E0%A4%9C%E0%A4%BF%E0%A4%A4> (referer: https://www.google.com/)
warning: urllib failed (HTTP Error 429: Too Many Requests), retrying via scrapling: translate.googleapis.com
[2026-08-26 07:46:46] INFO: Fetched (200) <GET https://translate.googleapis.com/translate_a/single?client=gtx&sl=auto&tl=en&dt=t&q=%E0%A4%A8%E0%A4%BF%E0%A4%B7%E0%A5%8D%E0%A4%AA%E0%A4%95%E0%A5%8D%E0%A4%B7+%E0%A4%9A%E0%A5%81%E0%A4%A8%E0%A4%BE%E0%A4%B5+%E0%A4%95%E0%A5%87+%E0%A4%B2%E0%A4%BF%E0%A4%8F+%E0%A4%AA%E0%A5%8D%E0%A4%B0%E0%A4%B6%E0%A4%BF%E0%A4%95%E0%A5%8D%E0%A4%B7%E0%A4%A3+%E0%A4%95%E0%A5%8B+%E0%A4%97%E0%A4%82%E0%A4%AD%E0%A5%80%E0%A4%B0%E0%A4%A4%E0%A4%BE+%E0%A4%B8%E0%A5%87+%E0%A4%B2%E0%A5%87%E0%A4%82%2C+%E0%A4%B9%E0%A4%B0+%E0%A4%B6%E0%A4%82%E0%A4%95%E0%A4%BE+%E0%A4%95%E0%A4%BE+%E0%A4%B8%E0%A4%AE%E0%A4%BE%E0%A4%A7%E0%A4%BE%E0%A4%A8+%E0%A4%95%E0%A4%B0%E0%A5%87%E0%A4%82-%E0%A4%95%E0%A4%B2%E0%A4%95%E0%A5%8D%E0%A4%9F%E0%A4%B0+%E0%A4%AC%E0%A4%BE%E0%A4%B2%E0%A4%AE%E0%A5%81%E0%A4%95%E0%A5%81%E0%A4%82%E0%A4%A6+%E0%A4%85%E0%A4%B8%E0%A4%BE%E0%A4%B5%E0%A4%BE+%E0%A4%A8%E0%A4%BF%E0%A4%95%E0%A4%BE%E0%A4%AF+%E0%A4%9A%E0%A5%81%E0%A4%A8%E0%A4%BE%E0%A4%B5+%E0%A4%95%E0%A5%8B+%E0%A4%B2%E0%A5%87%E0%A4%95%E0%A4%B0+%E0%A4%AA%E0%A5%80%E0%A4%A0%E0%A4%BE%E0%A4%B8%E0%A5%80%E0%A4%A8+%E0%A4%B5+%E0%A4%AE%E0%A4%A4%E0%A4%A6%E0%A4%BE%E0%A4%A8+%E0%A4%85%E0%A4%A7%E0%A4%BF%E0%A4%95%E0%A4%BE%E0%A4%B0%E0%A4%BF%E0%A4%AF%E0%A5%8B%E0%A4%82+%E0%A4%95%E0%A4%BE+%E0%A4%A6%E0%A5%8D%E0%A4%B5%E0%A4%BF%E0%A4%A4%E0%A5%80%E0%A4%AF+%E0%A4%A6%E0%A4%BF%E0%A4%B5%E0%A4%B8+%E0%A4%95%E0%A4%BE+%E0%A4%AA%E0%A5%8D%E0%A4%B0%E0%A4%B6%E0%A4%BF%E0%A4%95%E0%A5%8D%E0%A4%B7%E0%A4%A3+%E0%A4%B8%E0%A4%AE%E0%A5%8D%E0%A4%AA%E0%A4%A8%E0%A5%8D%E0%A4%A8> (referer: https://www.google.com/)
warning: urllib failed (HTTP Error 429: Too Many Requests), retrying via scrapling: translate.googleapis.com
[2026-08-26 07:46:48] INFO: Fetched (200) <GET https://translate.googleapis.com/translate_a/single?client=gtx&sl=auto&tl=en&dt=t&q=%E0%A4%AA%E0%A5%80%E0%A4%A0%E0%A4%BE%E0%A4%B8%E0%A5%80%E0%A4%A8+%E0%A4%B5+%E0%A4%AE%E0%A4%A4%E0%A4%A6%E0%A4%BE%E0%A4%A8+%E0%A4%85%E0%A4%A7%E0%A4%BF%E0%A4%95%E0%A4%BE%E0%A4%B0%E0%A4%BF%E0%A4%AF%E0%A5%8B%E0%A4%82+%E0%A4%95%E0%A5%8B+%E0%A4%A6%E0%A5%82%E0%A4%B8%E0%A4%B0%E0%A5%87+%E0%A4%A6%E0%A4%BF%E0%A4%A8+%E0%A4%AD%E0%A5%80+%E0%A4%A6%E0%A4%BF%E0%A4%AF%E0%A4%BE+%E0%A4%AA%E0%A5%8D%E0%A4%B0%E0%A4%B6%E0%A4%BF%E0%A4%95%E0%A5%8D%E0%A4%B7%E0%A4%A3> (referer: https://www.google.com/)
warning: urllib failed (HTTP Error 429: Too Many Requests), retrying via scrapling: translate.googleapis.com
[2026-08-26 07:46:50] INFO: Fetched (200) <GET https://translate.googleapis.com/translate_a/single?client=gtx&sl=auto&tl=en&dt=t&q=%E0%A4%A8%E0%A4%97%E0%A4%B0+%E0%A4%A8%E0%A4%BF%E0%A4%95%E0%A4%BE%E0%A4%AF+%E0%A4%9A%E0%A5%81%E0%A4%A8%E0%A4%BE%E0%A4%B5+2026%E0%A4%83+%E0%A4%B8%E0%A5%8B%E0%A4%B6%E0%A4%B2+%E0%A4%AE%E0%A5%80%E0%A4%A1%E0%A4%BF%E0%A4%AF%E0%A4%BE%2C+%E0%A4%AF%E0%A5%82%E0%A4%9F%E0%A5%8D%E0%A4%AF%E0%A5%82%E0%A4%AC+%E0%A4%94%E0%A4%B0+%E0%A4%B5%E0%A5%8D%E0%A4%B9%E0%A4%BE%E0%A4%9F%E0%A5%8D%E0%A4%B8%E0%A4%8F%E0%A4%AA+%E0%A4%97%E0%A5%8D%E0%A4%B0%E0%A5%81%E0%A4%AA%E0%A5%8B%E0%A4%82+%E0%A4%AA%E0%A4%B0+%E0%A4%AA%E0%A5%81%E0%A4%B2%E0%A4%BF%E0%A4%B8-%E0%A4%AA%E0%A5%8D%E0%A4%B0%E0%A4%B6%E0%A4%BE%E0%A4%B8%E0%A4%A8+%E0%A4%95%E0%A5%80+%E0%A4%95%E0%A5%9C%E0%A5%80+%E0%A4%A8%E0%A4%BF%E0%A4%97%E0%A4%B0%E0%A4%BE%E0%A4%A8%E0%A5%80%2C+%E0%A4%AD%E0%A5%8D%E0%A4%B0%E0%A4%BE%E0%A4%AE%E0%A4%95+%E0%A4%96%E0%A4%AC%E0%A4%B0+%E0%A4%AA%E0%A4%B0+%E0%A4%B9%E0%A5%8B%E0%A4%97%E0%A5%80+%E0%A4%B8%E0%A4%96%E0%A5%8D%E0%A4%A4+%E0%A4%95%E0%A4%BE%E0%A4%B0%E0%A5%8D%E0%A4%B0%E0%A4%B5%E0%A4%BE%E0%A4%88+-+%E0%A4%8F%E0%A4%B8%E0%A4%AA%E0%A5%80+%E0%A4%85%E0%A4%AD%E0%A4%BF%E0%A4%B7%E0%A5%87%E0%A4%95+%E0%A4%85%E0%A4%82%E0%A4%A6%E0%A4%BE%E0%A4%B8%E0%A5%81> (referer: https://www.google.com/)
warning: urllib failed (HTTP Error 429: Too Many Requests), retrying via scrapling: translate.googleapis.com
[2026-08-26 07:46:53] INFO: Fetched (200) <GET https://translate.googleapis.com/translate_a/single?client=gtx&sl=auto&tl=en&dt=t&q=%E0%A4%B8%E0%A4%9C%E0%A4%97%E0%A4%A4%E0%A4%BE+%E0%A4%94%E0%A4%B0+%E0%A4%A4%E0%A4%A4%E0%A5%8D%E0%A4%AA%E0%A4%B0%E0%A4%A4%E0%A4%BE+%E0%A4%B8%E0%A5%87+%E0%A4%95%E0%A4%B0%E0%A5%87%E0%A4%82+%E0%A4%9A%E0%A5%81%E0%A4%A8%E0%A4%BE%E0%A4%B5+%E0%A4%95%E0%A4%BE+%E0%A4%95%E0%A4%BE%E0%A4%B0%E0%A5%8D%E0%A4%AF-%E0%A4%85%E0%A4%97%E0%A5%8D%E0%A4%B0%E0%A4%B5%E0%A4%BE%E0%A4%B2+%E0%A4%B8%E0%A4%82%E0%A4%AD%E0%A4%BE%E0%A4%97%E0%A5%80%E0%A4%AF+%E0%A4%86%E0%A4%AF%E0%A5%81%E0%A4%95%E0%A5%8D%E0%A4%A4+%E0%A4%94%E0%A4%B0+%E0%A4%86%E0%A4%88%E0%A4%9C%E0%A5%80+%E0%A4%A8%E0%A5%87+%E0%A4%A8%E0%A4%BF%E0%A4%95%E0%A4%BE%E0%A4%AF+%E0%A4%9A%E0%A5%81%E0%A4%A8%E0%A4%BE%E0%A4%B5+%E0%A4%95%E0%A5%8B+%E0%A4%B2%E0%A5%87%E0%A4%95%E0%A4%B0+%E0%A4%85%E0%A4%A7%E0%A4%BF%E0%A4%95%E0%A4%BE%E0%A4%B0%E0%A4%BF%E0%A4%AF%E0%A5%8B%E0%A4%82+%E0%A4%95%E0%A5%80+%E0%A4%B2%E0%A5%80+%E0%A4%AC%E0%A5%88%E0%A4%A0%E0%A4%95> (referer: https://www.google.com/)
warning: urllib failed (HTTP Error 429: Too Many Requests), retrying via scrapling: translate.googleapis.com
[2026-08-26 07:46:55] INFO: Fetched (200) <GET https://translate.googleapis.com/translate_a/single?client=gtx&sl=auto&tl=en&dt=t&q=%E0%A4%96%E0%A5%87%E0%A4%B2%E0%A5%8B+%E0%A4%87%E0%A4%82%E0%A4%A1%E0%A4%BF%E0%A4%AF%E0%A4%BE+%E0%A4%95%E0%A5%87%E0%A4%82%E0%A4%A6%E0%A5%8D%E0%A4%B0%E0%A5%8B%E0%A4%82+%E0%A4%95%E0%A5%87+%E0%A4%B2%E0%A4%BF%E0%A4%8F+%E0%A4%AA%E0%A4%BE%E0%A4%B8%E0%A5%8D%E0%A4%9F+%E0%A4%9A%E0%A5%88%E0%A4%82%E0%A4%AA%E0%A4%BF%E0%A4%AF%E0%A4%A8+%E0%A4%8F%E0%A4%A5%E0%A4%B2%E0%A5%80%E0%A4%9F+%E0%A4%AA%E0%A5%8D%E0%A4%B0%E0%A4%B6%E0%A4%BF%E0%A4%95%E0%A5%8D%E0%A4%B7%E0%A4%95%E0%A5%8B%E0%A4%82+%E0%A4%95%E0%A5%87+%E0%A4%B8%E0%A4%BE%E0%A4%95%E0%A5%8D%E0%A4%B7%E0%A4%BE%E0%A4%A4%E0%A5%8D%E0%A4%95%E0%A4%BE%E0%A4%B0+1+%E0%A4%B8%E0%A4%BF%E0%A4%A4%E0%A4%AE%E0%A5%8D%E0%A4%AC%E0%A4%B0+%E0%A4%B8%E0%A5%87%2C+%E0%A4%AC%E0%A4%BE%E0%A4%B8%E0%A5%8D%E0%A4%95%E0%A5%87%E0%A4%9F%E0%A4%AC%E0%A5%89%E0%A4%B2+%E0%A4%B5+%E0%A4%95%E0%A5%81%E0%A4%B6%E0%A5%8D%E0%A4%A4%E0%A5%80+%E0%A4%95%E0%A5%87+%E0%A4%B2%E0%A4%BF%E0%A4%8F+%E0%A4%B9%E0%A5%8B%E0%A4%97%E0%A4%BE+%E0%A4%9A%E0%A4%AF%E0%A4%A8> (referer: https://www.google.com/)
warning: urllib failed (HTTP Error 429: Too Many Requests), retrying via scrapling: translate.googleapis.com
[2026-08-26 07:46:56] INFO: Fetched (200) <GET https://translate.googleapis.com/translate_a/single?client=gtx&sl=auto&tl=en&dt=t&q=%E0%A4%A8%E0%A4%97%E0%A4%B0%E0%A5%80%E0%A4%AF+%E0%A4%A8%E0%A4%BF%E0%A4%95%E0%A4%BE%E0%A4%AF+%E0%A4%86%E0%A4%AE+%E0%A4%9A%E0%A5%81%E0%A4%A8%E0%A4%BE%E0%A4%B5-2026%3A+2%2C031+%E0%A4%AE%E0%A4%A4%E0%A4%A6%E0%A4%BE%E0%A4%A8+%E0%A4%95%E0%A4%BE%E0%A4%B0%E0%A5%8D%E0%A4%AE%E0%A4%BF%E0%A4%95%E0%A5%8B%E0%A4%82+%E0%A4%B5+%E0%A4%B8%E0%A5%87%E0%A4%95%E0%A5%8D%E0%A4%9F%E0%A4%B0+%E0%A4%85%E0%A4%A7%E0%A4%BF%E0%A4%95%E0%A4%BE%E0%A4%B0%E0%A4%BF%E0%A4%AF%E0%A5%8B%E0%A4%82+%E0%A4%95%E0%A4%BE+%E0%A4%AA%E0%A5%8D%E0%A4%B0%E0%A4%A5%E0%A4%AE+%E0%A4%AA%E0%A5%8D%E0%A4%B0%E0%A4%B6%E0%A4%BF%E0%A4%95%E0%A5%8D%E0%A4%B7%E0%A4%A3+29+%E0%A4%85%E0%A4%97%E0%A4%B8%E0%A5%8D%E0%A4%A4+%E0%A4%B8%E0%A5%87> (referer: https://www.google.com/)
warning: urllib failed (HTTP Error 429: Too Many Requests), retrying via scrapling: translate.googleapis.com
[2026-08-26 07:46:58] INFO: Fetched (200) <GET https://translate.googleapis.com/translate_a/single?client=gtx&sl=auto&tl=en&dt=t&q=%E0%A4%A8%E0%A4%97%E0%A4%B0%E0%A5%80%E0%A4%AF+%E0%A4%A8%E0%A4%BF%E0%A4%95%E0%A4%BE%E0%A4%AF+%E0%A4%86%E0%A4%AE+%E0%A4%9A%E0%A5%81%E0%A4%A8%E0%A4%BE%E0%A4%B5-2026+%E0%A4%95%E0%A5%87+%E0%A4%B2%E0%A4%BF%E0%A4%8F+%E0%A4%AE%E0%A4%A4%E0%A4%A6%E0%A4%BE%E0%A4%A8+%E0%A4%A6%E0%A4%B2%E0%A5%8B%E0%A4%82+%E0%A4%95%E0%A5%87+%E0%A4%A6%E0%A5%8D%E0%A4%B5%E0%A4%BF%E0%A4%A4%E0%A5%80%E0%A4%AF+%E0%A4%AA%E0%A5%8D%E0%A4%B0%E0%A4%B6%E0%A4%BF%E0%A4%95%E0%A5%8D%E0%A4%B7%E0%A4%A3+%E0%A4%8F%E0%A4%B5%E0%A4%82+%E0%A4%B0%E0%A4%B5%E0%A4%BE%E0%A4%A8%E0%A4%97%E0%A5%80+%E0%A4%B8%E0%A5%8D%E0%A4%A5%E0%A4%B2+%E0%A4%A8%E0%A4%BF%E0%A4%B0%E0%A5%8D%E0%A4%A7%E0%A4%BE%E0%A4%B0%E0%A4%BF%E0%A4%A4> (referer: https://www.google.com/)
warning: urllib failed (HTTP Error 429: Too Many Requests), retrying via scrapling: translate.googleapis.com
[2026-08-26 07:46:59] INFO: Fetched (200) <GET https://translate.googleapis.com/translate_a/single?client=gtx&sl=auto&tl=en&dt=t&q=%E0%A4%B0%E0%A4%BE%E0%A4%9C%E0%A5%8D%E0%A4%AF%E0%A4%AA%E0%A4%BE%E0%A4%B2+%E0%A4%A6%E0%A5%8C%E0%A4%B8%E0%A4%BE+%E0%A4%9C%E0%A4%BF%E0%A4%B2%E0%A4%BE+%E0%A4%B8%E0%A5%8D%E0%A4%A5%E0%A4%BF%E0%A4%A4+%E0%A4%AE%E0%A4%B9%E0%A4%B5%E0%A4%BE+%E0%A4%AE%E0%A5%87%E0%A4%82+%E0%A4%86%E0%A4%AF%E0%A5%8B%E0%A4%9C%E0%A4%BF%E0%A4%A4+%E0%A4%B8%E0%A5%80%E0%A4%AC%E0%A5%80%E0%A4%8F%E0%A4%B8%E0%A4%88+%E0%A4%95%E0%A4%AC%E0%A4%A1%E0%A5%8D%E0%A4%A1%E0%A5%80+%E0%A4%97%E0%A4%B0%E0%A5%8D%E0%A4%B2%E0%A5%8D%E0%A4%B8+%E0%A4%B8%E0%A5%8D%E0%A4%9F%E0%A5%87%E0%A4%9F+%E0%A4%95%E0%A5%8D%E0%A4%B2%E0%A4%B8%E0%A5%8D%E0%A4%9F%E0%A4%B0+%E0%A4%9F%E0%A5%82%E0%A4%B0%E0%A5%8D%E0%A4%A8%E0%A4%BE%E0%A4%AE%E0%A5%87%E0%A4%82%E0%A4%9F+%E0%A4%AE%E0%A5%87%E0%A4%82+%E0%A4%B6%E0%A4%BE%E0%A4%AE%E0%A4%BF%E0%A4%B2+%E0%A4%B9%E0%A5%81%E0%A4%8F%2C+%E0%A4%B5%E0%A4%BF%E0%A4%A6%E0%A5%8D%E0%A4%AF%E0%A4%BE%E0%A4%B0%E0%A5%8D%E0%A4%A5%E0%A5%80+%E0%A4%B6%E0%A4%BE%E0%A4%B0%E0%A5%80%E0%A4%B0%E0%A4%BF%E0%A4%95+%E0%A4%8F%E0%A4%B5%E0%A4%82+%E0%A4%AC%E0%A5%8C%E0%A4%A6%E0%A5%8D%E0%A4%A7%E0%A4%BF%E0%A4%95+%E0%A4%95%E0%A5%8D%E0%A4%B7%E0%A4%AE%E0%A4%A4%E0%A4%BE+%E0%A4%95%E0%A4%BE+%E0%A4%95%E0%A4%B0%E0%A5%87%E0%A4%82+%E0%A4%B5%E0%A4%BF%E0%A4%95%E0%A4%BE%E0%A4%B8%2C+%E0%A4%95%E0%A4%AC%E0%A4%A1%E0%A5%8D%E0%A4%A1%E0%A5%80+%E0%A4%85%E0%A4%A8%E0%A5%81%E0%A4%B6%E0%A4%BE%E0%A4%B8%E0%A4%A8%2C+%E0%A4%9F%E0%A5%80%E0%A4%AE+%E0%A4%AD%E0%A4%BE%E0%A4%B5%E0%A4%A8%E0%A4%BE+%E0%A4%94%E0%A4%B0+%E0%A4%B6%E0%A4%BE%E0%A4%B0%E0%A5%80%E0%A4%B0%E0%A4%BF%E0%A4%95+%E0%A4%AE%E0%A4%9C%E0%A4%AC%E0%A5%82%E0%A4%A4%E0%A5%80+> (referer: https://www.google.com/)
warning: urllib failed (HTTP Error 429: Too Many Requests), retrying via scrapling: translate.googleapis.com
[2026-08-26 07:47:01] INFO: Fetched (200) <GET https://translate.googleapis.com/translate_a/single?client=gtx&sl=auto&tl=en&dt=t&q=%E0%A4%88%E0%A4%A6+%E0%A4%AE%E0%A4%BF%E0%A4%B2%E0%A4%BE%E0%A4%A6-%E0%A4%89%E0%A4%A8-%E0%A4%A8%E0%A4%AC%E0%A5%80+%E0%A4%AA%E0%A4%B0+%E0%A4%B0%E0%A4%BE%E0%A4%9C%E0%A5%8D%E0%A4%AF%E0%A4%AA%E0%A4%BE%E0%A4%B2+%E0%A4%95%E0%A5%80+%E0%A4%B6%E0%A5%81%E0%A4%AD%E0%A4%95%E0%A4%BE%E0%A4%AE%E0%A4%A8%E0%A4%BE%E0%A4%8F%E0%A4%82> (referer: https://www.google.com/)
warning: urllib failed (HTTP Error 429: Too Many Requests), retrying via scrapling: translate.googleapis.com
[2026-08-26 07:47:03] INFO: Fetched (200) <GET https://translate.googleapis.com/translate_a/single?client=gtx&sl=auto&tl=en&dt=t&q=%E0%A4%A8%E0%A4%BE%E0%A4%AE+%E0%A4%A8%E0%A4%BF%E0%A4%B0%E0%A5%8D%E0%A4%A6%E0%A5%87%E0%A4%B6%E0%A4%A8+%E0%A4%AA%E0%A5%8D%E0%A4%B0%E0%A4%95%E0%A5%8D%E0%A4%B0%E0%A4%BF%E0%A4%AF%E0%A4%BE+%E0%A4%8F%E0%A4%B5%E0%A4%82+%E0%A4%88%E0%A4%B5%E0%A5%80%E0%A4%8F%E0%A4%AE+%E0%A4%95%E0%A4%AE%E0%A4%BF%E0%A4%B6%E0%A5%8D%E0%A4%A8%E0%A4%BF%E0%A4%82%E0%A4%97+%E0%A4%95%E0%A5%8B+%E0%A4%B2%E0%A5%87%E0%A4%95%E0%A4%B0+%E0%A4%A8%E0%A4%BF%E0%A4%B0%E0%A5%8D%E0%A4%B5%E0%A4%BE%E0%A4%9A%E0%A4%A8+%E0%A4%85%E0%A4%A7%E0%A4%BF%E0%A4%95%E0%A4%BE%E0%A4%B0%E0%A4%BF%E0%A4%AF%E0%A5%8B%E0%A4%82+%E0%A4%8F%E0%A4%B5%E0%A4%82+%E0%A4%8F%E0%A4%86%E0%A4%B0%E0%A4%93+%E0%A4%95%E0%A4%BE+%E0%A4%AA%E0%A5%8D%E0%A4%B0%E0%A4%B6%E0%A4%BF%E0%A4%95%E0%A5%8D%E0%A4%B7%E0%A4%A3+%E0%A4%86%E0%A4%AF%E0%A5%8B%E0%A4%9C%E0%A4%BF%E0%A4%A4> (referer: https://www.google.com/)
warning: urllib failed (HTTP Error 429: Too Many Requests), retrying via scrapling: translate.googleapis.com
[2026-08-26 07:47:04] INFO: Fetched (200) <GET https://translate.googleapis.com/translate_a/single?client=gtx&sl=auto&tl=en&dt=t&q=%E0%A4%9C%E0%A4%BC%E0%A4%BF%E0%A4%B2%E0%A4%BE+%E0%A4%95%E0%A4%B2%E0%A5%87%E0%A4%95%E0%A5%8D%E0%A4%9F%E0%A4%B0+%E0%A4%A8%E0%A5%87+%E0%A4%97%E0%A5%88%E0%A4%B8+%E0%A4%B5%E0%A4%BF%E0%A4%A4%E0%A4%B0%E0%A4%A3+%E0%A4%B5%E0%A5%8D%E0%A4%AF%E0%A4%B5%E0%A4%B8%E0%A5%8D%E0%A4%A5%E0%A4%BE+%E0%A4%AE%E0%A5%87%E0%A4%82+%E0%A4%B8%E0%A5%81%E0%A4%A7%E0%A4%BE%E0%A4%B0+%E0%A4%94%E0%A4%B0+%E0%A4%85%E0%A4%B5%E0%A5%88%E0%A4%A7+%E0%A4%96%E0%A4%A8%E0%A4%A8+%E0%A4%AA%E0%A4%B0+%E0%A4%95%E0%A4%BE%E0%A4%B0%E0%A5%8D%E0%A4%B0%E0%A4%B5%E0%A4%BE%E0%A4%88+%E0%A4%95%E0%A5%87+%E0%A4%A6%E0%A4%BF%E0%A4%8F+%E0%A4%A8%E0%A4%BF%E0%A4%B0%E0%A5%8D%E0%A4%A6%E0%A5%87%E0%A4%B6+%E0%A4%96%E0%A4%A8%E0%A4%A8+%E0%A4%95%E0%A5%8D%E0%A4%B7%E0%A5%87%E0%A4%A4%E0%A5%8D%E0%A4%B0%E0%A5%8B%E0%A4%82+%E0%A4%AE%E0%A5%87%E0%A4%82+%E0%A4%AA%E0%A5%8C%E0%A4%A7%E0%A4%BE%E0%A4%B0%E0%A5%8B%E0%A4%AA%E0%A4%A3+%E0%A4%95%E0%A5%80+%E0%A4%AA%E0%A5%8D%E0%A4%B0%E0%A4%97%E0%A4%A4%E0%A4%BF+%E0%A4%95%E0%A5%80+%E0%A4%B8%E0%A4%AE%E0%A5%80%E0%A4%95%E0%A5%8D%E0%A4%B7%E0%A4%BE%2C+%E0%A4%93%E0%A4%B5%E0%A4%B0%E0%A4%B2%E0%A5%8B%E0%A4%A1+%E0%A4%AA%E0%A4%B0%E0%A4%BF%E0%A4%B5%E0%A4%B9%E0%A4%A8+%E0%A4%AA%E0%A4%B0+%E0%A4%9C%E0%A4%A4%E0%A4%BE%E0%A4%88+%E0%A4%A8%E0%A4%BE%E0%A4%B0%E0%A4%BE%E0%A4%9C%E0%A4%97%E0%A5%80> (referer: https://www.google.com/)
warning: urllib failed (HTTP Error 429: Too Many Requests), retrying via scrapling: translate.googleapis.com
[2026-08-26 07:47:06] INFO: Fetched (200) <GET https://translate.googleapis.com/translate_a/single?client=gtx&sl=auto&tl=en&dt=t&q=%E0%A4%89%E0%A4%9A%E0%A4%BF%E0%A4%A4+%E0%A4%AE%E0%A5%82%E0%A4%B2%E0%A5%8D%E0%A4%AF+%E0%A4%A6%E0%A5%81%E0%A4%95%E0%A4%BE%E0%A4%A8%E0%A4%A6%E0%A4%BE%E0%A4%B0%E0%A5%8B%E0%A4%82+%E0%A4%95%E0%A5%87+%E0%A4%95%E0%A4%AE%E0%A5%80%E0%A4%B6%E0%A4%A8+%E0%A4%AD%E0%A5%81%E0%A4%97%E0%A4%A4%E0%A4%BE%E0%A4%A8+%E0%A4%95%E0%A5%80+%E0%A4%9C%E0%A4%BE%E0%A4%A8%E0%A4%95%E0%A4%BE%E0%A4%B0%E0%A5%80+%E0%A4%85%E0%A4%AC+%E0%A4%8F%E0%A4%B8%E0%A4%B8%E0%A5%80%E0%A4%8F%E0%A4%AE+%E0%A4%AA%E0%A5%8B%E0%A4%B0%E0%A5%8D%E0%A4%9F%E0%A4%B2+%E0%A4%AA%E0%A4%B0+%E0%A4%91%E0%A4%A8%E0%A4%B2%E0%A4%BE%E0%A4%87%E0%A4%A8+%E0%A4%89%E0%A4%AA%E0%A4%B2%E0%A4%AC%E0%A5%8D%E0%A4%A7> (referer: https://www.google.com/)
warning: urllib failed (HTTP Error 429: Too Many Requests), retrying via scrapling: translate.googleapis.com
[2026-08-26 07:47:07] INFO: Fetched (200) <GET https://translate.googleapis.com/translate_a/single?client=gtx&sl=auto&tl=en&dt=t&q=%E0%A4%AE%E0%A4%BE%E0%A4%A8%E0%A4%B5+%E0%A4%B6%E0%A5%8D%E0%A4%B0%E0%A5%83%E0%A4%82%E0%A4%96%E0%A4%B2%E0%A4%BE+%E0%A4%AC%E0%A4%A8%E0%A4%BE%E0%A4%95%E0%A4%B0+%E0%A4%AE%E0%A4%A4%E0%A4%A6%E0%A4%BE%E0%A4%A4%E0%A4%BE+%E0%A4%9C%E0%A4%BE%E0%A4%97%E0%A4%B0%E0%A5%82%E0%A4%95%E0%A4%A4%E0%A4%BE+%E0%A4%95%E0%A4%BE+%E0%A4%A6%E0%A4%BF%E0%A4%AF%E0%A4%BE+%E0%A4%B8%E0%A4%82%E0%A4%A6%E0%A5%87%E0%A4%B6> (referer: https://www.google.com/)
warning: urllib failed (HTTP Error 429: Too Many Requests), retrying via scrapling: translate.googleapis.com
[2026-08-26 07:47:09] INFO: Fetched (200) <GET https://translate.googleapis.com/translate_a/single?client=gtx&sl=auto&tl=en&dt=t&q=%E0%A4%B9%E0%A4%B0%E0%A4%BF%E0%A4%AF%E0%A4%BE%E0%A4%B2%E0%A5%8B+%E0%A4%B0%E0%A4%BE%E0%A4%9C%E0%A4%B8%E0%A5%8D%E0%A4%A5%E0%A4%BE%E0%A4%A8+%E0%A4%85%E0%A4%AD%E0%A4%BF%E0%A4%AF%E0%A4%BE%E0%A4%A8+%E0%A4%95%E0%A5%87+%E0%A4%B2%E0%A4%95%E0%A5%8D%E0%A4%B7%E0%A5%8D%E0%A4%AF%E0%A5%8B%E0%A4%82+%E0%A4%95%E0%A5%80+%E0%A4%AA%E0%A5%82%E0%A4%B0%E0%A5%8D%E0%A4%A4%E0%A4%BF+%E0%A4%95%E0%A5%87+%E0%A4%B2%E0%A4%BF%E0%A4%8F+%E0%A4%AE%E0%A4%BF%E0%A4%B6%E0%A4%A8+%E0%A4%AE%E0%A5%8B%E0%A4%A1+%E0%A4%AE%E0%A5%87%E0%A4%82+%E0%A4%95%E0%A4%B0%E0%A5%87%E0%A4%82+%E0%A4%95%E0%A4%BE%E0%A4%B0%E0%A5%8D%E0%A4%AF+%3A+%E0%A4%9C%E0%A4%BF%E0%A4%B2%E0%A4%BE+%E0%A4%95%E0%A4%B2%E0%A5%87%E0%A4%95%E0%A5%8D%E0%A4%9F%E0%A4%B0+%E0%A4%85%E0%A4%A7%E0%A4%BF%E0%A4%95%E0%A4%BE%E0%A4%B0%E0%A4%BF%E0%A4%95+%E0%A4%AA%E0%A5%8C%E0%A4%A7%E0%A4%B0%E0%A5%8B%E0%A4%AA%E0%A4%A3+%E0%A4%8F%E0%A4%B5%E0%A4%82+%E0%A4%AA%E0%A5%8C%E0%A4%A7%E0%A5%8B%E0%A4%82+%E0%A4%95%E0%A5%80+%E0%A4%9C%E0%A5%80%E0%A4%B5%E0%A4%BF%E0%A4%A4%E0%A4%A4%E0%A4%BE+%E0%A4%B8%E0%A5%81%E0%A4%A8%E0%A4%BF%E0%A4%B6%E0%A5%8D%E0%A4%9A%E0%A4%BF%E0%A4%A4+%E0%A4%95%E0%A4%B0%E0%A4%A8%E0%A5%87+%E0%A4%95%E0%A5%87+%E0%A4%A8%E0%A4%BF%E0%A4%B0%E0%A5%8D%E0%A4%A6%E0%A5%87%E0%A4%B6> (referer: https://www.google.com/)
warning: urllib failed (HTTP Error 429: Too Many Requests), retrying via scrapling: translate.googleapis.com
[2026-08-26 07:47:11] INFO: Fetched (200) <GET https://translate.googleapis.com/translate_a/single?client=gtx&sl=auto&tl=en&dt=t&q=%E0%A4%86%E0%A4%AC%E0%A4%95%E0%A4%BE%E0%A4%B0%E0%A5%80+%E0%A4%B5%E0%A4%BF%E0%A4%AD%E0%A4%BE%E0%A4%97+%E0%A4%95%E0%A4%BE+%E0%A4%85%E0%A4%AD%E0%A4%BF%E0%A4%AF%E0%A4%BE%E0%A4%A8%3A+600+%E0%A4%B2%E0%A5%80%E0%A4%9F%E0%A4%B0+%E0%A4%B8%E0%A5%8D%E0%A4%AA%E0%A5%8D%E0%A4%B0%E0%A4%BF%E0%A4%9F+%E0%A4%AC%E0%A4%B0%E0%A4%BE%E0%A4%AE%E0%A4%A6%2C+%E0%A4%A6%E0%A4%B0%E0%A5%8D%E0%A4%9C+%E0%A4%95%E0%A4%BF%E0%A4%AF%E0%A4%BE+%E0%A4%85%E0%A4%AD%E0%A4%BF%E0%A4%AF%E0%A5%8B%E0%A4%97> (referer: https://www.google.com/)
warning: urllib failed (HTTP Error 429: Too Many Requests), retrying via scrapling: translate.googleapis.com
[2026-08-26 07:47:13] INFO: Fetched (200) <GET https://translate.googleapis.com/translate_a/single?client=gtx&sl=auto&tl=en&dt=t&q=%E0%A4%A8%E0%A4%97%E0%A4%B0%E0%A5%80%E0%A4%AF+%E0%A4%A8%E0%A4%BF%E0%A4%95%E0%A4%BE%E0%A4%AF+%E0%A4%86%E0%A4%AE+%E0%A4%9A%E0%A5%81%E0%A4%A8%E0%A4%BE%E0%A4%B5+%3A+%E0%A4%B8%E0%A5%87%E0%A4%95%E0%A5%8D%E0%A4%9F%E0%A4%B0+%E0%A4%91%E0%A4%AB%E0%A4%BF%E0%A4%B8%E0%A4%B0%E0%A5%8D%E0%A4%B8+%E0%A4%95%E0%A4%BE+%E0%A4%AA%E0%A5%8D%E0%A4%B0%E0%A4%B6%E0%A4%BF%E0%A4%95%E0%A5%8D%E0%A4%B7%E0%A4%A3+%E0%A4%86%E0%A4%AF%E0%A5%8B%E0%A4%9C%E0%A4%BF%E0%A4%A4+%E0%A4%A8%E0%A4%BF%E0%A4%B0%E0%A5%8D%E0%A4%B5%E0%A4%BE%E0%A4%9A%E0%A4%A8+%E0%A4%AA%E0%A5%8D%E0%A4%B0%E0%A4%95%E0%A5%8D%E0%A4%B0%E0%A4%BF%E0%A4%AF%E0%A4%BE+%E0%A4%95%E0%A5%80+%E0%A4%85%E0%A4%B9%E0%A4%AE+%E0%A4%95%E0%A4%A1%E0%A4%BC%E0%A5%80+%E0%A4%B9%E0%A5%88%E0%A4%82+%E0%A4%B8%E0%A5%87%E0%A4%95%E0%A5%8D%E0%A4%9F%E0%A4%B0+%E0%A4%91%E0%A4%AB%E0%A4%BF%E0%A4%B8%E0%A4%B0%E0%A5%8D%E0%A4%B8%2C+%E0%A4%85%E0%A4%AA%E0%A4%A8%E0%A5%87+%E0%A4%A6%E0%A4%BE%E0%A4%AF%E0%A4%BF%E0%A4%A4%E0%A5%8D%E0%A4%B5%E0%A5%8B%E0%A4%82+%E0%A4%95%E0%A4%BE+%E0%A4%AD%E0%A4%B2%E0%A5%80-%E0%A4%AD%E0%A4%BE%E0%A4%82%E0%A4%A4%E0%A4%BF+%E0%A4%95%E0%A4%B0%E0%A5%87%E0%A4%82+%E0%A4%A8%E0%A4%BF%E0%A4%B0%E0%A5%8D%E0%A4%B5%E0%A4%B9%E0%A4%A8+%3A+%E0%A4%9C%E0%A4%BF%E0%A4%B2%E0%A4%BE+%E0%A4%A8%E0%A4%BF%E0%A4%B0%E0%A5%8D%E0%A4%B5%E0%A4%BE%E0%A4%9A%E0%A4%A8+%E0%A4%85%E0%A4%A7%E0%A4%BF%E0%A4%95%E0%A4%BE%E0%A4%B0%E0%A5%80> (referer: https://www.google.com/)
warning: urllib failed (HTTP Error 429: Too Many Requests), retrying via scrapling: translate.googleapis.com
[2026-08-26 07:47:15] INFO: Fetched (200) <GET https://translate.googleapis.com/translate_a/single?client=gtx&sl=auto&tl=en&dt=t&q=%E0%A4%B8%E0%A4%A1%E0%A4%BC%E0%A4%95+%E0%A4%A6%E0%A5%81%E0%A4%B0%E0%A5%8D%E0%A4%98%E0%A4%9F%E0%A4%A8%E0%A4%BE%E0%A4%93%E0%A4%82+%E0%A4%AE%E0%A5%87%E0%A4%82+%E0%A4%95%E0%A4%AE%E0%A5%80+%E0%A4%B2%E0%A4%BE%E0%A4%A8%E0%A5%87+%E0%A4%8F%E0%A4%B5%E0%A4%82+%E0%A4%95%E0%A4%BE%E0%A4%A8%E0%A5%82%E0%A4%A8+%E0%A4%B5%E0%A5%8D%E0%A4%AF%E0%A4%B5%E0%A4%B8%E0%A5%8D%E0%A4%A5%E0%A4%BE+%E0%A4%B8%E0%A5%81%E0%A4%A6%E0%A5%83%E0%A4%A2%E0%A4%BC+%E0%A4%AC%E0%A4%A8%E0%A4%BE%E0%A4%8F+%E0%A4%B0%E0%A4%96%E0%A4%A8%E0%A5%87+%E0%A4%95%E0%A5%87+%E0%A4%B2%E0%A4%BF%E0%A4%8F+%E0%A4%9C%E0%A4%BF%E0%A4%B2%E0%A4%BE+%E0%A4%AA%E0%A5%8D%E0%A4%B0%E0%A4%B6%E0%A4%BE%E0%A4%B8%E0%A4%A8+%E0%A4%85%E0%A4%B2%E0%A4%B0%E0%A5%8D%E0%A4%9F%2C+%E0%A4%B8%E0%A4%A1%E0%A4%BC%E0%A4%95+%E0%A4%B8%E0%A5%81%E0%A4%B0%E0%A4%95%E0%A5%8D%E0%A4%B7%E0%A4%BE+%E0%A4%B8%E0%A4%AE%E0%A4%BF%E0%A4%A4%E0%A4%BF+%E0%A4%AE%E0%A4%BE%E0%A4%B8%E0%A4%BF%E0%A4%95+%E0%A4%AC%E0%A5%88%E0%A4%A0%E0%A4%95+%E0%A4%86%E0%A4%AF%E0%A5%8B%E0%A4%9C%E0%A4%BF%E0%A4%A4+%E0%A4%85%E0%A4%B5%E0%A5%88%E0%A4%A7+%E0%A4%96%E0%A5%87%E0%A4%A4%E0%A5%80+%E0%A4%8F%E0%A4%B5%E0%A4%82+%E0%A4%85%E0%A4%AA%E0%A4%B0%E0%A4%BE%E0%A4%A7%E0%A5%80+%E0%A4%AA%E0%A5%8D%E0%A4%B0%E0%A4%B5%E0%A5%83%E0%A4%A4%E0%A5%8D%E0%A4%A4%E0%A4%BF+%E0%A4%95%E0%A5%87+%E0%A4%B2%E0%A5%8B%E0%A4%97%E0%A5%8B%E0%A4%82+%E0%A4%AA%E0%A4%B0+%E0%A4%B0%E0%A4%96%E0%A5%87%E0%A4%82+%E0%A4%B5%E0%A4%BF%E0%A4%B6%E0%A5%87%E0%A4%B7+%E0%A4%A8%E0%A4%BF%E0%A4%97%E0%A4%B0%E0%A4%BE%E0%A4%A8%E0%A5%80+%E0%A4%9C%E0%A4%BF%E0%A4%B2%E0%A4%BE+%E0%A4%95%E0%A4%B2%E0%A4%95%E0%A5%8D> (referer: https://www.google.com/)
warning: urllib failed (HTTP Error 429: Too Many Requests), retrying via scrapling: translate.googleapis.com
[2026-08-26 07:47:18] INFO: Fetched (200) <GET https://translate.googleapis.com/translate_a/single?client=gtx&sl=auto&tl=en&dt=t&q=%E0%A4%A8%E0%A4%97%E0%A4%B0%E0%A5%80%E0%A4%AF+%E0%A4%A8%E0%A4%BF%E0%A4%95%E0%A4%BE%E0%A4%AF+%E0%A4%86%E0%A4%AE+%E0%A4%9A%E0%A5%81%E0%A4%A8%E0%A4%BE%E0%A4%B5+2026%3A+%E0%A4%9C%E0%A4%BF%E0%A4%B2%E0%A4%BE+%E0%A4%A8%E0%A4%BF%E0%A4%B0%E0%A5%8D%E0%A4%B5%E0%A4%BE%E0%A4%9A%E0%A4%A8+%E0%A4%85%E0%A4%A7%E0%A4%BF%E0%A4%95%E0%A4%BE%E0%A4%B0%E0%A5%80+%E0%A4%AE%E0%A4%AF%E0%A4%82%E0%A4%95+%E0%A4%AE%E0%A4%A8%E0%A5%80%E0%A4%B7+%E0%A4%A8%E0%A5%87+%E0%A4%B0%E0%A4%BE%E0%A4%9C%E0%A4%95%E0%A5%80%E0%A4%AF+%E0%A4%95%E0%A4%A8%E0%A5%8D%E0%A4%AF%E0%A4%BE+%E0%A4%AE%E0%A4%B9%E0%A4%BE%E0%A4%B5%E0%A4%BF%E0%A4%A6%E0%A5%8D%E0%A4%AF%E0%A4%BE%E0%A4%B2%E0%A4%AF+%E0%A4%B8%E0%A5%8D%E0%A4%A5%E0%A4%BF%E0%A4%A4+%E0%A4%88%E0%A4%B5%E0%A5%80%E0%A4%8F%E0%A4%AE+%E0%A4%B5%E0%A5%87%E0%A4%AF%E0%A4%B0%E0%A4%B9%E0%A4%BE%E0%A4%89%E0%A4%B8+%E0%A4%95%E0%A4%BE+%E0%A4%95%E0%A4%BF%E0%A4%AF%E0%A4%BE+%E0%A4%A8%E0%A4%BF%E0%A4%B0%E0%A5%80%E0%A4%95%E0%A5%8D%E0%A4%B7%E0%A4%A3+%E0%A4%88%E0%A4%B5%E0%A5%80%E0%A4%8F%E0%A4%AE+%E0%A4%95%E0%A4%AE%E0%A4%BF%E0%A4%B6%E0%A4%A8%E0%A4%BF%E0%A4%82%E0%A4%97+%E0%A4%8F%E0%A4%B5%E0%A4%82+%E0%A4%A1%E0%A4%BF%E0%A4%B8%E0%A5%8D%E0%A4%AA%E0%A5%88%E0%A4%9A+%E0%A4%95%E0%A5%80+%E0%A4%85%E0%A4%97%E0%A5%8D%E0%A4%B0%E0%A4%BF%E0%A4%AE+%E0%A4%A4%E0%A5%88%E0%A4%AF%E0%A4%BE%E0%A4%B0%E0%A4%BF%E0%A4%AF%E0%A5%8B%E0%A4%82+%E0%A4%95%E0%A4%BE+%E0%A4%B2%E0%A4%BF%E0%A4%AF%E0%A4%BE+%E0%A4%9C%E0%A4%BE%E0%A4%AF%E0%A4%9C%E0%A4%BE%3B+1-2+%E0%A4%A6%E0%A4%BF%E0%A4%A8+%E0%A4%AE%E0%A5%87%E0%A4%82+%E0%A4%B8> (referer: https://www.google.com/)
warning: urllib failed (HTTP Error 429: Too Many Requests), retrying via scrapling: translate.googleapis.com
[2026-08-26 07:47:20] INFO: Fetched (200) <GET https://translate.googleapis.com/translate_a/single?client=gtx&sl=auto&tl=en&dt=t&q=%E0%A4%B8%E0%A4%AC%E0%A4%A1%E0%A4%B0%E0%A5%8D%E0%A4%AE%E0%A4%B2+%E0%A4%95%E0%A5%89%E0%A4%A8%E0%A5%8D%E0%A4%9F%E0%A5%8D%E0%A4%B0%E0%A4%BE%E0%A4%B8%E0%A5%87%E0%A4%AA%E0%A5%8D%E0%A4%9F%E0%A4%BF%E0%A4%B5+%E0%A4%87%E0%A4%AE%E0%A5%8D%E0%A4%AA%E0%A5%8D%E0%A4%B2%E0%A4%BE%E0%A4%82%E0%A4%9F+%E0%A4%AA%E0%A4%B0+%E0%A4%A6%E0%A5%8B+%E0%A4%A6%E0%A4%BF%E0%A4%B5%E0%A4%B8%E0%A5%80%E0%A4%AF+%E0%A4%AA%E0%A5%8D%E0%A4%B0%E0%A4%B6%E0%A4%BF%E0%A4%95%E0%A5%8D%E0%A4%B7%E0%A4%A3+%E0%A4%B8%E0%A4%AE%E0%A5%8D%E0%A4%AA%E0%A4%A8%E0%A5%8D%E0%A4%A8> (referer: https://www.google.com/)
warning: urllib failed (HTTP Error 429: Too Many Requests), retrying via scrapling: translate.googleapis.com
[2026-08-26 07:47:22] INFO: Fetched (200) <GET https://translate.googleapis.com/translate_a/single?client=gtx&sl=auto&tl=en&dt=t&q=%E0%A4%97%E0%A5%8D%E0%A4%B0%E0%A4%BE%E0%A4%AE%E0%A5%80%E0%A4%A3+%E0%A4%B5%E0%A4%BF%E0%A4%95%E0%A4%BE%E0%A4%B8+%E0%A4%B5+%E0%A4%AA%E0%A4%82%E0%A4%9A%E0%A4%BE%E0%A4%AF%E0%A4%A4%E0%A5%80+%E0%A4%B0%E0%A4%BE%E0%A4%9C+%E0%A4%AF%E0%A5%8B%E0%A4%9C%E0%A4%A8%E0%A4%BE%E0%A4%93%E0%A4%82+%E0%A4%95%E0%A5%80+%E0%A4%9C%E0%A4%BF%E0%A4%B2%E0%A4%BE+%E0%A4%95%E0%A4%B2%E0%A4%95%E0%A5%8D%E0%A4%9F%E0%A4%B0+%E0%A4%AE%E0%A4%AF%E0%A4%82%E0%A4%95+%E0%A4%AE%E0%A4%A8%E0%A5%80%E0%A4%B7+%E0%A4%A8%E0%A5%87+%E0%A4%95%E0%A5%80+%E0%A4%B8%E0%A4%AE%E0%A5%80%E0%A4%95%E0%A5%8D%E0%A4%B7%E0%A4%BE%3A+%E0%A4%B5%E0%A4%BF%E0%A4%95%E0%A4%BE%E0%A4%B8+%E0%A4%95%E0%A4%BE%E0%A4%B0%E0%A5%8D%E0%A4%AF%E0%A5%8B%E0%A4%82+%E0%A4%AE%E0%A5%87%E0%A4%82+%E0%A4%97%E0%A4%A4%E0%A4%BF+%E0%A4%B2%E0%A4%BE%E0%A4%A8%E0%A5%87+%E0%A4%94%E0%A4%B0+%E0%A4%B2%E0%A4%82%E0%A4%AC%E0%A4%BF%E0%A4%A4+%E0%A4%AA%E0%A5%8D%E0%A4%B0%E0%A4%95%E0%A4%B0%E0%A4%A3%E0%A5%8B%E0%A4%82+%E0%A4%95%E0%A5%87+%E0%A4%A4%E0%A5%8D%E0%A4%B5%E0%A4%B0%E0%A4%BF%E0%A4%A4+%E0%A4%A8%E0%A4%BF%E0%A4%B8%E0%A5%8D%E0%A4%A4%E0%A4%BE%E0%A4%B0%E0%A4%A3+%E0%A4%95%E0%A5%87+%E0%A4%A6%E0%A4%BF%E0%A4%8F+%E0%A4%A8%E0%A4%BF%E0%A4%B0%E0%A5%8D%E0%A4%A6%E0%A5%87%E0%A4%B6+%E0%A4%AE%E0%A5%87%E0%A4%B5%E0%A4%BE%E0%A4%A4+%E0%A4%95%E0%A5%8D%E0%A4%B7%E0%A5%87%E0%A4%A4%E0%A5%8D%E0%A4%B0%E0%A5%80%E0%A4%AF+%E0%A4%B5%E0%A4%BF%E0%A4%95%E0%A4%BE%E0%A4%B8+%E0%A4%AF%E0%A5%8B%E0%A4%9C%E0%A4%A8%E0%A4%BE+%E0%A4%AE%E0%A5%87%E0%A4%82+80%25+%E0%A4%95%E0%A4%BE%E0%A4%B0%E0%A5%8D%E0%A4%AF+%E0%A4%AA%E0%A5%82%E0%A4%B0> (referer: https://www.google.com/)
warning: urllib failed (HTTP Error 429: Too Many Requests), retrying via scrapling: translate.googleapis.com
[2026-08-26 07:47:24] INFO: Fetched (200) <GET https://translate.googleapis.com/translate_a/single?client=gtx&sl=auto&tl=en&dt=t&q=%E0%A4%B6%E0%A4%95%E0%A5%8D%E0%A4%A4%E0%A4%BF+%E0%A4%A6%E0%A4%BF%E0%A4%B5%E0%A4%B8+%E0%A4%95%E0%A4%BE+%E0%A4%B9%E0%A5%81%E0%A4%86+%E0%A4%86%E0%A4%AF%E0%A5%8B%E0%A4%9C%E0%A4%A8+%E0%A4%AC%E0%A4%9A%E0%A5%8D%E0%A4%9A%E0%A5%8B%2C+%E0%A4%95%E0%A4%BF%E0%A4%B6%E0%A5%8B%E0%A4%B0%E0%A5%8B%E0%A4%82+%E0%A4%94%E0%A4%B0+%E0%A4%AE%E0%A4%B9%E0%A4%BF%E0%A4%B2%E0%A4%BE%E0%A4%93+%E0%A4%95%E0%A5%8B+%E0%A4%AE%E0%A4%BF%E0%A4%B2%E0%A5%80+%E0%A4%86%E0%A4%AF%E0%A4%B0%E0%A4%A8+%E0%A4%95%E0%A5%80+%E0%A4%B6%E0%A4%95%E0%A5%8D%E0%A4%A4%E0%A4%BF> (referer: https://www.google.com/)
warning: urllib failed (HTTP Error 429: Too Many Requests), retrying via scrapling: translate.googleapis.com
[2026-08-26 07:47:26] INFO: Fetched (200) <GET https://translate.googleapis.com/translate_a/single?client=gtx&sl=auto&tl=en&dt=t&q=%E0%A4%A8%E0%A4%97%E0%A4%B0%E0%A5%80%E0%A4%AF+%E0%A4%A8%E0%A4%BF%E0%A4%95%E0%A4%BE%E0%A4%AF+%E0%A4%86%E0%A4%AE+%E0%A4%9A%E0%A5%81%E0%A4%A8%E0%A4%BE%E0%A4%B5-2026%3A+%E0%A4%88%E0%A4%B5%E0%A5%80%E0%A4%8F%E0%A4%AE+%E0%A4%95%E0%A4%BE+%E0%A4%AA%E0%A5%8D%E0%A4%B0%E0%A4%A5%E0%A4%AE+%E0%A4%B0%E0%A5%87%E0%A4%82%E0%A4%A1%E0%A4%AE%E0%A4%BE%E0%A4%87%E0%A4%9C%E0%A5%87%E0%A4%B6%E0%A4%A8+%E0%A4%B8%E0%A4%AE%E0%A5%8D%E0%A4%AA%E0%A4%A8%E0%A5%8D%E0%A4%A8+%E0%A4%9C%E0%A4%BF%E0%A4%B2%E0%A4%BE+%E0%A4%A8%E0%A4%BF%E0%A4%B0%E0%A5%8D%E0%A4%B5%E0%A4%BE%E0%A4%9A%E0%A4%A8+%E0%A4%85%E0%A4%A7%E0%A4%BF%E0%A4%95%E0%A4%BE%E0%A4%B0%E0%A5%80+%E0%A4%95%E0%A4%BE%E0%A4%A8%E0%A4%BE+%E0%A4%B0%E0%A4%BE%E0%A4%AE+%E0%A4%95%E0%A5%80+%E0%A4%85%E0%A4%A7%E0%A5%8D%E0%A4%AF%E0%A4%95%E0%A5%8D%E0%A4%B7%E0%A4%A4%E0%A4%BE+%E0%A4%AE%E0%A5%87%E0%A4%82+%E0%A4%B0%E0%A4%BE%E0%A4%9C%E0%A4%A8%E0%A5%80%E0%A4%A4%E0%A4%BF%E0%A4%95+%E0%A4%A6%E0%A4%B2%E0%A5%8B%E0%A4%82+%E0%A4%95%E0%A5%87+%E0%A4%AA%E0%A5%8D%E0%A4%B0%E0%A4%A4%E0%A4%BF%E0%A4%A8%E0%A4%BF%E0%A4%A7%E0%A4%BF%E0%A4%AF%E0%A5%8B%E0%A4%82+%E0%A4%8F%E0%A4%B5%E0%A4%82+%E0%A4%86%E0%A4%B0%E0%A4%93+%E0%A4%95%E0%A5%80+%E0%A4%AE%E0%A5%8C%E0%A4%9C%E0%A5%82%E0%A4%A6%E0%A4%97%E0%A5%80+%E0%A4%AE%E0%A5%87%E0%A4%82+%E0%A4%B9%E0%A5%81%E0%A4%86+%E0%A4%B0%E0%A5%87%E0%A4%82%E0%A4%A1%E0%A4%AE%E0%A4%BE%E0%A4%87%E0%A4%9C%E0%A5%87%E0%A4%B6%E0%A4%A8+288+%E0%A4%AE%E0%A4%A4%E0%A4%A6%E0%A4%BE%E0%A4%A8+%E0%A4%95%E0%A5%87%E0%A4%A8%E0%A5%8D%E0%A4%A6%E0%A5%8D%E0%A4%B0%E0%A5%8B%E0%A4%82+%E0%A4%95> (referer: https://www.google.com/)
warning: urllib failed (HTTP Error 429: Too Many Requests), retrying via scrapling: translate.googleapis.com
[2026-08-26 07:47:27] INFO: Fetched (200) <GET https://translate.googleapis.com/translate_a/single?client=gtx&sl=auto&tl=en&dt=t&q=%E0%A4%A8%E0%A4%97%E0%A4%B0%E0%A5%80%E0%A4%AF+%E0%A4%A8%E0%A4%BF%E0%A4%95%E0%A4%BE%E0%A4%AF+%E0%A4%86%E0%A4%AE+%E0%A4%9A%E0%A5%81%E0%A4%A8%E0%A4%BE%E0%A4%B5+2026+%E0%A4%95%E0%A5%87+%E0%A4%B2%E0%A4%BF%E0%A4%8F+27%2C+29+%E0%A4%8F%E0%A4%B5%E0%A4%82+31+%E0%A4%85%E0%A4%97%E0%A4%B8%E0%A5%8D%E0%A4%A4+%E0%A4%95%E0%A5%8B+%E0%A4%AD%E0%A4%B0%E0%A5%87+%E0%A4%9C%E0%A4%BE+%E0%A4%B8%E0%A4%95%E0%A5%87%E0%A4%82%E0%A4%97%E0%A5%87+%E0%A4%A8%E0%A4%BE%E0%A4%AE-%E0%A4%A8%E0%A4%BF%E0%A4%B0%E0%A5%8D%E0%A4%A6%E0%A5%87%E0%A4%B6%E0%A4%A8+%E0%A4%AA%E0%A4%A4%E0%A5%8D%E0%A4%B0+%E0%A4%A8%E0%A4%97%E0%A4%B0+%E0%A4%AA%E0%A4%B0%E0%A4%BF%E0%A4%B7%E0%A4%A6%E0%A5%8B%E0%A4%82+%E0%A4%8F%E0%A4%B5%E0%A4%82+%E0%A4%A8%E0%A4%97%E0%A4%B0+%E0%A4%AA%E0%A4%BE%E0%A4%B2%E0%A4%BF%E0%A4%95%E0%A4%BE%E0%A4%93%E0%A4%82+%E0%A4%95%E0%A5%87+%E0%A4%B2%E0%A4%BF%E0%A4%8F+%E0%A4%B8%E0%A4%82%E0%A4%AC%E0%A4%82%E0%A4%A7%E0%A4%BF%E0%A4%A4+%E0%A4%A8%E0%A4%97%E0%A4%B0%E0%A5%80%E0%A4%AF+%E0%A4%A8%E0%A4%BF%E0%A4%95%E0%A4%BE%E0%A4%AF+%E0%A4%B8%E0%A5%8D%E0%A4%A4%E0%A4%B0+%E0%A4%AA%E0%A4%B0+%E0%A4%AA%E0%A5%8D%E0%A4%B0%E0%A4%B8%E0%A5%8D%E0%A4%A4%E0%A5%81%E0%A4%A4+%E0%A4%95%E0%A4%B0%E0%A5%87%E0%A4%82+%E0%A4%A8%E0%A4%BE%E0%A4%AE+%E0%A4%A8%E0%A4%BF%E0%A4%B0%E0%A5%8D%E0%A4%A6%E0%A5%87%E0%A4%B6%E0%A4%A8+%E0%A4%AA%E0%A4%A4%E0%A5%8D%E0%A4%B0> (referer: https://www.google.com/)
warning: urllib failed (HTTP Error 429: Too Many Requests), retrying via scrapling: translate.googleapis.com
[2026-08-26 07:47:29] INFO: Fetched (200) <GET https://translate.googleapis.com/translate_a/single?client=gtx&sl=auto&tl=en&dt=t&q=%E0%A4%89%E0%A4%AA+%E0%A4%9C%E0%A4%BF%E0%A4%B2%E0%A4%BE+%E0%A4%A8%E0%A4%BF%E0%A4%B0%E0%A5%8D%E0%A4%B5%E0%A4%BE%E0%A4%9A%E0%A4%A8+%E0%A4%85%E0%A4%A7%E0%A4%BF%E0%A4%95%E0%A4%BE%E0%A4%B0%E0%A5%80+%E0%A4%A8%E0%A5%87+%E0%A4%AA%E0%A4%BE%E0%A4%B5%E0%A4%9F%E0%A4%BE+%E0%A4%8F%E0%A4%B5%E0%A4%82+%E0%A4%B5%E0%A4%BF%E0%A4%B0%E0%A4%BE%E0%A4%9F%E0%A4%A8%E0%A4%97%E0%A4%B0+%E0%A4%AE%E0%A5%87%E0%A4%82+%E0%A4%A8%E0%A4%97%E0%A4%B0%E0%A5%80%E0%A4%AF+%E0%A4%A8%E0%A4%BF%E0%A4%95%E0%A4%BE%E0%A4%AF+%E0%A4%9A%E0%A5%81%E0%A4%A8%E0%A4%BE%E0%A4%B5+%E0%A4%A4%E0%A5%88%E0%A4%AF%E0%A4%BE%E0%A4%B0%E0%A4%BF%E0%A4%AF%E0%A5%8B%E0%A4%82+%E0%A4%95%E0%A5%80+%E0%A4%B2%E0%A5%80+%E0%A4%B8%E0%A4%AE%E0%A5%80%E0%A4%95%E0%A5%8D%E0%A4%B7%E0%A4%BE+%E0%A4%88%E0%A4%B5%E0%A5%80%E0%A4%8F%E0%A4%AE+%E0%A4%B5%E0%A4%BF%E0%A4%A4%E0%A4%B0%E0%A4%A3+%E0%A4%8F%E0%A4%B5%E0%A4%82+%E0%A4%AA%E0%A5%8D%E0%A4%B0%E0%A4%BE%E0%A4%AA%E0%A5%8D%E0%A4%A4%E0%A4%BF+%E0%A4%95%E0%A5%87%E0%A4%A8%E0%A5%8D%E0%A4%A6%E0%A5%8D%E0%A4%B0%2C+%E0%A4%AA%E0%A5%8B%E0%A4%B2%E0%A4%BF%E0%A4%82%E0%A4%97+%E0%A4%AA%E0%A4%BE%E0%A4%B0%E0%A5%8D%E0%A4%9F%E0%A5%80+%E0%A4%A1%E0%A4%BF%E0%A4%B8%E0%A5%8D%E0%A4%AA%E0%A5%88%E0%A4%9A+%E0%A4%B8%E0%A5%87%E0%A4%82%E0%A4%9F%E0%A4%B0+%E0%A4%94%E0%A4%B0+%E0%A4%9A%E0%A5%81%E0%A4%A8%E0%A4%BE%E0%A4%B5+%E0%A4%95%E0%A4%BE%E0%A4%B0%E0%A5%8D%E0%A4%AF+%E0%A4%B8%E0%A5%87%E0%A4%B2+%E0%A4%95%E0%A4%BE+%E0%A4%95%E0%A4%BF%E0%A4%AF%E0%A4%BE+%E0%A4%85%E0%A4%B5%E0%A4%B2%E0%A5%8B%E0%A4%95%E0%A4%A8> (referer: https://www.google.com/)
warning: urllib failed (HTTP Error 429: Too Many Requests), retrying via scrapling: translate.googleapis.com
[2026-08-26 07:47:31] INFO: Fetched (200) <GET https://translate.googleapis.com/translate_a/single?client=gtx&sl=auto&tl=en&dt=t&q=%E2%80%98%E0%A4%8F%E0%A4%95+%E0%A4%AA%E0%A5%87%E0%A4%A1%E0%A4%BC+%E0%A4%B2%E0%A5%8B%E0%A4%95%E0%A4%A4%E0%A4%82%E0%A4%A4%E0%A5%8D%E0%A4%B0+%E0%A4%95%E0%A5%87+%E0%A4%A8%E0%A4%BE%E0%A4%AE%E2%80%99+%E0%A4%95%E0%A4%BE%E0%A4%B0%E0%A5%8D%E0%A4%AF%E0%A4%95%E0%A5%8D%E0%A4%B0%E0%A4%AE+%E0%A4%95%E0%A5%87+%E0%A4%A4%E0%A4%B9%E0%A4%A4+%E0%A4%95%E0%A4%BF%E0%A4%AF%E0%A4%BE+%E0%A4%B5%E0%A5%83%E0%A4%95%E0%A5%8D%E0%A4%B7%E0%A4%BE%E0%A4%B0%E0%A5%8B%E0%A4%AA%E0%A4%A3+%E0%A4%B8%E0%A5%8D%E0%A4%B5%E0%A5%80%E0%A4%AA+%E0%A4%97%E0%A4%A4%E0%A4%BF%E0%A4%B5%E0%A4%BF%E0%A4%A7%E0%A4%BF+%E0%A4%95%E0%A5%87+%E0%A4%A4%E0%A4%B9%E0%A4%A4+%E0%A4%AE%E0%A4%A4%E0%A4%A6%E0%A4%BE%E0%A4%A4%E0%A4%BE+%E0%A4%9C%E0%A4%BE%E0%A4%97%E0%A4%B0%E0%A5%82%E0%A4%95%E0%A4%A4%E0%A4%BE+%E0%A4%95%E0%A4%BE+%E0%A4%A6%E0%A4%BF%E0%A4%AF%E0%A4%BE+%E0%A4%B8%E0%A4%82%E0%A4%A6%E0%A5%87%E0%A4%B6%2C+%E0%A4%AF%E0%A5%81%E0%A4%B5%E0%A4%BE%E0%A4%93%E0%A4%82+%E0%A4%B8%E0%A5%87+%E0%A4%AE%E0%A4%A4%E0%A4%A6%E0%A4%BE%E0%A4%A8+%E0%A4%95%E0%A5%87+%E0%A4%B2%E0%A4%BF%E0%A4%8F+%E0%A4%95%E0%A4%BF%E0%A4%AF%E0%A4%BE+%E0%A4%86%E0%A4%B9%E0%A5%8D%E0%A4%B5%E0%A4%BE%E0%A4%A8> (referer: https://www.google.com/)
warning: urllib failed (HTTP Error 429: Too Many Requests), retrying via scrapling: translate.googleapis.com
[2026-08-26 07:47:33] INFO: Fetched (200) <GET https://translate.googleapis.com/translate_a/single?client=gtx&sl=auto&tl=en&dt=t&q=%E0%A4%86%E0%A4%97%E0%A4%BE%E0%A4%AE%E0%A5%80+%E0%A4%A8%E0%A4%97%E0%A4%B0%E0%A5%80%E0%A4%AF+%E0%A4%A8%E0%A4%BF%E0%A4%95%E0%A4%BE%E0%A4%AF+%E0%A4%9A%E0%A5%81%E0%A4%A8%E0%A4%BE%E0%A4%B5+%E0%A4%95%E0%A5%80+%E0%A4%A4%E0%A5%88%E0%A4%AF%E0%A4%BE%E0%A4%B0%E0%A4%BF%E0%A4%AF%E0%A5%8B%E0%A4%82+%E0%A4%95%E0%A5%8B+%E0%A4%B2%E0%A5%87%E0%A4%95%E0%A4%B0+%E0%A4%9C%E0%A4%BF%E0%A4%B2%E0%A4%BE+%E0%A4%A8%E0%A4%BF%E0%A4%B0%E0%A5%8D%E0%A4%B5%E0%A4%BE%E0%A4%9A%E0%A4%A8+%E0%A4%85%E0%A4%A7%E0%A4%BF%E0%A4%95%E0%A4%BE%E0%A4%B0%E0%A5%80+%E0%A4%A8%E0%A5%87+%E0%A4%AC%E0%A4%BE%E0%A4%A8%E0%A4%B8%E0%A5%82%E0%A4%B0+%E0%A4%8F%E0%A4%B5%E0%A4%82+%E0%A4%A8%E0%A4%BE%E0%A4%B0%E0%A4%BE%E0%A4%AF%E0%A4%A3%E0%A4%AA%E0%A5%81%E0%A4%B0+%E0%A4%AE%E0%A5%87%E0%A4%82+%E0%A4%B2%E0%A5%80+%E0%A4%AC%E0%A5%88%E0%A4%A0%E0%A4%95+%E0%A4%AE%E0%A4%A4%E0%A4%A6%E0%A4%BE%E0%A4%A8+%E0%A4%95%E0%A5%87%E0%A4%82%E0%A4%A6%E0%A5%8D%E0%A4%B0%E0%A5%8B%E0%A4%82+%E0%A4%AA%E0%A4%B0+%E0%A4%B8%E0%A4%AD%E0%A5%80+%E0%A4%86%E0%A4%B5%E0%A4%B6%E0%A5%8D%E0%A4%AF%E0%A4%95+%E0%A4%B5%E0%A5%8D%E0%A4%AF%E0%A4%B5%E0%A4%B8%E0%A5%8D%E0%A4%A5%E0%A4%BE%E0%A4%8F%E0%A4%82+%E0%A4%B8%E0%A4%AE%E0%A4%AF%E0%A4%AC%E0%A4%A6%E0%A5%8D%E0%A4%A7+%E0%A4%B0%E0%A5%82%E0%A4%AA+%E0%A4%B8%E0%A5%87+%E0%A4%AA%E0%A5%82%E0%A4%B0%E0%A5%8D%E0%A4%A3+%E0%A4%95%E0%A4%B0%E0%A5%87%E0%A4%82%2C+%E0%A4%86%E0%A4%A6%E0%A4%B0%E0%A5%8D%E0%A4%B6+%E0%A4%86%E0%A4%9A%E0%A4%BE%E0%A4%B0+%E0%A4%B8%E0%A4%82%E0%A4%B9%E0%A4%BF%E0%A4%A4%E0%A4%BE+%E0%A4%8F%E0%A4%B5%E0%A4%82+%E0%A4%A7%E0%A4%BE%E0%A4%B0%E0%A4%BE+163> (referer: https://www.google.com/)
warning: urllib failed (HTTP Error 429: Too Many Requests), retrying via scrapling: translate.googleapis.com
[2026-08-26 07:47:34] INFO: Fetched (200) <GET https://translate.googleapis.com/translate_a/single?client=gtx&sl=auto&tl=en&dt=t&q=%E0%A4%AE%E0%A4%A4%E0%A4%A6%E0%A4%BE%E0%A4%A8+%E0%A4%95%E0%A4%BE%E0%A4%B0%E0%A5%8D%E0%A4%AE%E0%A4%BF%E0%A4%95%E0%A5%8B%E0%A4%82+%E0%A4%95%E0%A5%80+%E0%A4%AD%E0%A5%82%E0%A4%AE%E0%A4%BF%E0%A4%95%E0%A4%BE+%E0%A4%AE%E0%A4%B9%E0%A4%A4%E0%A5%8D%E0%A4%B5%E0%A4%AA%E0%A5%82%E0%A4%B0%E0%A5%8D%E0%A4%A3%2C+%E0%A4%B8%E0%A4%AD%E0%A5%80+%E0%A4%95%E0%A4%BE%E0%A4%B0%E0%A5%8D%E0%A4%AE%E0%A4%BF%E0%A4%95+%E0%A4%A8%E0%A4%BF%E0%A4%B0%E0%A5%8D%E0%A4%B5%E0%A4%BE%E0%A4%9A%E0%A4%A8+%E0%A4%AA%E0%A5%8D%E0%A4%B0%E0%A4%95%E0%A5%8D%E0%A4%B0%E0%A4%BF%E0%A4%AF%E0%A4%BE+%E0%A4%B8%E0%A5%87+%E0%A4%B8%E0%A4%82%E0%A4%AC%E0%A4%82%E0%A4%A7%E0%A4%BF%E0%A4%A4+%E0%A4%AA%E0%A5%8D%E0%A4%B0%E0%A4%A4%E0%A5%8D%E0%A4%AF%E0%A5%87%E0%A4%95+%E0%A4%AA%E0%A4%B9%E0%A4%B2%E0%A5%82+%E0%A4%95%E0%A5%8B+%E0%A4%AD%E0%A4%B2%E0%A5%80-%E0%A4%AD%E0%A4%BE%E0%A4%82%E0%A4%A4%E0%A4%BF+%E0%A4%B8%E0%A4%AE%E0%A4%9D%E0%A5%87%E0%A4%82+%3A+%E0%A4%B8%E0%A5%81%E0%A4%B0%E0%A4%BE%E0%A4%A3%E0%A4%BE+%E0%A4%9C%E0%A4%BF%E0%A4%B2%E0%A4%BE+%E0%A4%A8%E0%A4%BF%E0%A4%B0%E0%A5%8D%E0%A4%B5%E0%A4%BE%E0%A4%9A%E0%A4%A8+%E0%A4%85%E0%A4%A7%E0%A4%BF%E0%A4%95%E0%A4%BE%E0%A4%B0%E0%A5%80+%28%E0%A4%95%E0%A4%B2%E0%A4%95%E0%A5%8D%E0%A4%9F%E0%A4%B0%29+%E0%A4%85%E0%A4%AD%E0%A4%BF%E0%A4%B7%E0%A5%87%E0%A4%95+%E0%A4%B8%E0%A5%81%E0%A4%B0%E0%A4%BE%E0%A4%A3%E0%A4%BE+%E0%A4%A8%E0%A5%87+%E0%A4%A8%E0%A4%97%E0%A4%B0%E0%A4%A8%E0%A4%BF%E0%A4%95%E0%A4%BE%E0%A4%AF+%E0%A4%86%E0%A4%AE+%E0%A4%9A%E0%A5%81%E0%A4%A8%E0%A4%BE%E0%A4%B5-2026+%E0%A4%95%E0%A5%8B+%E0%A4%B2%E0%A5%87%E0%A4%95%E0%A4%B0> (referer: https://www.google.com/)
warning: urllib failed (HTTP Error 429: Too Many Requests), retrying via scrapling: translate.googleapis.com
[2026-08-26 07:47:35] INFO: Fetched (200) <GET https://translate.googleapis.com/translate_a/single?client=gtx&sl=auto&tl=en&dt=t&q=%E0%A4%A8%E0%A4%97%E0%A4%B0%E0%A5%80%E0%A4%AF+%E0%A4%A8%E0%A4%BF%E0%A4%95%E0%A4%BE%E0%A4%AF+%E0%A4%8F%E0%A4%B5%E0%A4%82+%E0%A4%AA%E0%A4%82%E0%A4%9A%E0%A4%BE%E0%A4%AF%E0%A4%A4%E0%A5%80%E0%A4%B0%E0%A4%BE%E0%A4%9C+%E0%A4%B8%E0%A4%82%E0%A4%B8%E0%A5%8D%E0%A4%A5%E0%A4%BE%E0%A4%93%E0%A4%82+%E0%A4%95%E0%A5%87+%E0%A4%95%E0%A4%BE%E0%A4%B0%E0%A5%8D%E0%A4%AF+%E0%A4%B8%E0%A4%AE%E0%A5%8D%E0%A4%AA%E0%A4%BE%E0%A4%A6%E0%A4%A8+%E0%A4%95%E0%A5%87+%E0%A4%B2%E0%A4%BF%E0%A4%8F+4+%E0%A4%AE%E0%A4%B9%E0%A4%BE%E0%A4%B5%E0%A4%BF%E0%A4%A6%E0%A5%8D%E0%A4%AF%E0%A4%BE%E0%A4%B2%E0%A4%AF+%E0%A4%94%E0%A4%B0+1+%E0%A4%94%E0%A4%A6%E0%A5%8D%E0%A4%AF%E0%A5%8B%E0%A4%97%E0%A4%BF%E0%A4%95+%E0%A4%AA%E0%A5%8D%E0%A4%B0%E0%A4%B6%E0%A4%BF%E0%A4%95%E0%A5%8D%E0%A4%B7%E0%A4%A3+%E0%A4%B8%E0%A4%82%E0%A4%B8%E0%A5%8D%E0%A4%A5%E0%A4%BE%E0%A4%A8+%E0%A4%85%E0%A4%A7%E0%A4%BF%E0%A4%97%E0%A5%8D%E0%A4%B0%E0%A4%B9%E0%A4%BF%E0%A4%A4> (referer: https://www.google.com/)
warning: urllib failed (HTTP Error 429: Too Many Requests), retrying via scrapling: translate.googleapis.com
[2026-08-26 07:47:37] INFO: Fetched (200) <GET https://translate.googleapis.com/translate_a/single?client=gtx&sl=auto&tl=en&dt=t&q=%E0%A4%AA%E0%A5%80.%E0%A4%9C%E0%A5%80.%E0%A4%86%E0%A4%88.%E0%A4%B5%E0%A5%80.%E0%A4%88.%E0%A4%86%E0%A4%B0.%2C+%E0%A4%9C%E0%A4%AF%E0%A4%AA%E0%A5%81%E0%A4%B0+%E0%A4%95%E0%A5%87+%E0%A4%A8%E0%A4%B5%E0%A4%BE%E0%A4%9A%E0%A4%BE%E0%A4%B0+%E0%A4%95%E0%A5%87%E0%A4%A8%E0%A5%8D%E0%A4%A6%E0%A5%8D%E0%A4%B0+%E0%A4%A6%E0%A5%8D%E0%A4%B5%E0%A4%BE%E0%A4%B0%E0%A4%BE+MoE%E2%80%99s+Innovation+Cell+%E0%A4%95%E0%A5%87+%E0%A4%95%E0%A4%BE%E0%A4%B0%E0%A5%8D%E0%A4%AF%E0%A4%95%E0%A5%8D%E0%A4%B0%E0%A4%AE+%E0%A4%95%E0%A4%BE+%E0%A4%B8%E0%A5%80%E0%A4%A7%E0%A4%BE+%E0%A4%AA%E0%A5%8D%E0%A4%B0%E0%A4%B8%E0%A4%BE%E0%A4%B0%E0%A4%A3> (referer: https://www.google.com/)
warning: urllib failed (HTTP Error 429: Too Many Requests), retrying via scrapling: translate.googleapis.com
[2026-08-26 07:47:38] INFO: Fetched (200) <GET https://translate.googleapis.com/translate_a/single?client=gtx&sl=auto&tl=en&dt=t&q=%E0%A4%B8%E0%A5%81%E0%A4%B0%E0%A4%95%E0%A5%8D%E0%A4%B7%E0%A4%BE+%E0%A4%9C%E0%A4%B5%E0%A4%BE%E0%A4%A8%2C+%E0%A4%B8%E0%A5%81%E0%A4%B0%E0%A4%95%E0%A5%8D%E0%A4%B7%E0%A4%BE+%E0%A4%B8%E0%A5%81%E0%A4%AA%E0%A4%B0%E0%A4%B5%E0%A4%BE%E0%A4%87%E0%A4%9C%E0%A4%B0+%E0%A4%94%E0%A4%B0+%E0%A4%B8%E0%A5%81%E0%A4%B0%E0%A4%95%E0%A5%8D%E0%A4%B7%E0%A4%BE+%E0%A4%85%E0%A4%A7%E0%A4%BF%E0%A4%95%E0%A4%BE%E0%A4%B0%E0%A5%80+%E0%A4%AD%E0%A4%B0%E0%A5%8D%E0%A4%A4%E0%A5%80+%E0%A4%95%E0%A5%88%E0%A4%82%E0%A4%AA+%E0%A4%AE%E0%A5%87%E0%A4%82+25+%E0%A4%85%E0%A4%AD%E0%A5%8D%E0%A4%AF%E0%A4%B0%E0%A5%8D%E0%A4%A5%E0%A4%BF%E0%A4%AF%E0%A5%8B%E0%A4%82+%E0%A4%95%E0%A4%BE+%E0%A4%9A%E0%A4%AF%E0%A4%A8> (referer: https://www.google.com/)
warning: urllib failed (HTTP Error 429: Too Many Requests), retrying via scrapling: translate.googleapis.com
[2026-08-26 07:47:40] INFO: Fetched (200) <GET https://translate.googleapis.com/translate_a/single?client=gtx&sl=auto&tl=en&dt=t&q=%E0%A4%A4%E0%A5%8D%E0%A4%B0%E0%A4%BF-%E0%A4%B8%E0%A5%8D%E0%A4%A4%E0%A4%B0%E0%A5%80%E0%A4%AF+%E0%A4%9C%E0%A4%A8%E0%A4%B8%E0%A5%81%E0%A4%A8%E0%A4%B5%E0%A4%BE%E0%A4%88+%E0%A4%B8%E0%A5%8D%E0%A4%A5%E0%A4%97%E0%A4%BF%E0%A4%A4> (referer: https://www.google.com/)
warning: urllib failed (HTTP Error 429: Too Many Requests), retrying via scrapling: translate.googleapis.com
[2026-08-26 07:47:42] INFO: Fetched (200) <GET https://translate.googleapis.com/translate_a/single?client=gtx&sl=auto&tl=en&dt=t&q=%E0%A4%B8%E0%A4%BE%E0%A4%AE%E0%A5%8D%E0%A4%AA%E0%A5%8D%E0%A4%B0%E0%A4%A6%E0%A4%BE%E0%A4%AF%E0%A4%BF%E0%A4%95+%E0%A4%B8%E0%A5%8C%E0%A4%B9%E0%A4%BE%E0%A4%B0%E0%A5%8D%E0%A4%A6%2C+%E0%A4%B6%E0%A4%BE%E0%A4%82%E0%A4%A4%E0%A4%BF+%E0%A4%8F%E0%A4%B5%E0%A4%82+%E0%A4%95%E0%A4%BE%E0%A4%A8%E0%A5%82%E0%A4%A8+%E0%A4%B5%E0%A5%8D%E0%A4%AF%E0%A4%B5%E0%A4%B8%E0%A5%8D%E0%A4%A5%E0%A4%BE+%E0%A4%AC%E0%A4%A8%E0%A4%BE%E0%A4%8F+%E0%A4%B0%E0%A4%96%E0%A4%A8%E0%A5%87+%E0%A4%95%E0%A5%87+%E0%A4%B2%E0%A4%BF%E0%A4%8F+%E0%A4%A1%E0%A5%8D%E0%A4%AF%E0%A5%82%E0%A4%9F%E0%A5%80+%E0%A4%AE%E0%A4%9C%E0%A4%BF%E0%A4%B8%E0%A5%8D%E0%A4%9F%E0%A5%8D%E0%A4%B0%E0%A5%87%E0%A4%9F+%E0%A4%A8%E0%A4%BF%E0%A4%AF%E0%A5%81%E0%A4%95%E0%A5%8D%E0%A4%A4> (referer: https://www.google.com/)
warning: urllib failed (HTTP Error 429: Too Many Requests), retrying via scrapling: translate.googleapis.com
[2026-08-26 07:47:44] INFO: Fetched (200) <GET https://translate.googleapis.com/translate_a/single?client=gtx&sl=auto&tl=en&dt=t&q=%E0%A4%AC%E0%A5%88%E0%A4%82%E0%A4%95+%E0%A4%8F%E0%A4%B5%E0%A4%82+%E0%A4%B5%E0%A4%BF%E0%A4%A4%E0%A5%8D%E0%A4%A4%E0%A5%80%E0%A4%AF+%E0%A4%B8%E0%A4%82%E0%A4%B8%E0%A5%8D%E0%A4%A5%E0%A4%BE%E0%A4%A8%E0%A5%8B%E0%A4%82+%E0%A4%95%E0%A5%87+%E0%A4%AA%E0%A5%8D%E0%A4%B0%E0%A4%A4%E0%A4%BF%E0%A4%A8%E0%A4%BF%E0%A4%A7%E0%A4%BF%E0%A4%97%E0%A4%A3+%E0%A4%95%E0%A5%87+%E0%A4%B8%E0%A4%BE%E0%A4%A5+%E0%A4%B0%E0%A4%BE%E0%A4%B7%E0%A5%8D%E0%A4%9F%E0%A5%8D%E0%A4%B0%E0%A5%80%E0%A4%AF+%E0%A4%B2%E0%A5%8B%E0%A4%95+%E0%A4%85%E0%A4%A6%E0%A4%BE%E0%A4%B2%E0%A4%A4+%E0%A4%B9%E0%A5%87%E0%A4%A4%E0%A5%81+%E0%A4%AE%E0%A5%80%E0%A4%9F%E0%A4%BF%E0%A4%82%E0%A4%97+%E0%A4%8F%E0%A4%B5%E0%A4%82+%E0%A4%AA%E0%A5%8B%E0%A4%B6+%E0%A4%8F%E0%A4%95%E0%A5%8D%E0%A4%9F+%E0%A4%95%E0%A5%87+%E0%A4%B8%E0%A4%82%E0%A4%AC%E0%A4%82%E0%A4%A7+%E0%A4%AE%E0%A5%87%E0%A4%82+%E0%A4%9C%E0%A4%BE%E0%A4%97%E0%A4%B0%E0%A5%82%E0%A4%95%E0%A4%A4%E0%A4%BE+%E0%A4%B6%E0%A4%BF%E0%A4%B5%E0%A4%BF%E0%A4%B0+%E0%A4%95%E0%A4%BE+%E0%A4%86%E0%A4%AF%E0%A5%8B%E0%A4%9C%E0%A4%A8> (referer: https://www.google.com/)
warning: urllib failed (HTTP Error 429: Too Many Requests), retrying via scrapling: translate.googleapis.com
[2026-08-26 07:47:45] INFO: Fetched (200) <GET https://translate.googleapis.com/translate_a/single?client=gtx&sl=auto&tl=en&dt=t&q=%E0%A4%B5%E0%A4%BF%E0%A4%9C%E0%A5%8D%E0%A4%9E%E0%A4%BE%E0%A4%AA%E0%A4%A8+%E0%A4%AE%E0%A5%87%E0%A4%82+%E0%A4%AD%E0%A5%8D%E0%A4%B0%E0%A5%82%E0%A4%A3+%E0%A4%95%E0%A4%BE+%E0%A4%B0%E0%A4%82%E0%A4%97+%E0%A4%A8%E0%A5%80%E0%A4%B2%E0%A4%BE+%E0%A4%AA%E0%A5%8D%E0%A4%B0%E0%A4%A6%E0%A4%B0%E0%A5%8D%E0%A4%B6%E0%A4%BF%E0%A4%A4+%E0%A4%95%E0%A4%B0%E0%A4%A8%E0%A5%87+%E0%A4%95%E0%A4%BE+%E0%A4%AE%E0%A4%BE%E0%A4%AE%E0%A4%B2%E0%A4%BE+%E0%A4%B2%E0%A4%BF%E0%A4%82%E0%A4%97+%E0%A4%9A%E0%A4%AF%E0%A4%A8+%E0%A4%A4%E0%A4%A5%E0%A4%BE+%E0%A4%B2%E0%A4%BF%E0%A4%82%E0%A4%97+%E0%A4%86%E0%A4%A7%E0%A4%BE%E0%A4%B0%E0%A4%BF%E0%A4%A4+%E0%A4%8F%E0%A4%86%E0%A4%B0%E0%A4%9F%E0%A5%80+%E0%A4%97%E0%A4%A4%E0%A4%BF%E0%A4%B5%E0%A4%BF%E0%A4%A7%E0%A4%BF%E0%A4%AF%E0%A5%8B%E0%A4%82+%E0%A4%95%E0%A5%87+%E0%A4%89%E0%A4%B2%E0%A5%8D%E0%A4%B2%E0%A4%98%E0%A4%82%E0%A4%A8+%E0%A4%AA%E0%A4%B0+%E0%A4%95%E0%A4%BE%E0%A4%B0%E0%A5%8D%E0%A4%B0%E0%A4%B5%E0%A4%BE%E0%A4%88+%E0%A4%A8%E0%A5%80%E0%A4%B2%E0%A4%95%E0%A4%82%E0%A4%A0+%E0%A4%AB%E0%A4%B0%E0%A5%8D%E0%A4%9F%E0%A4%BF%E0%A4%B2%E0%A4%BF%E0%A4%9F%E0%A5%80+%E0%A4%8F%E0%A4%82%E0%A4%A1+%E0%A4%B5%E0%A5%82%E0%A4%AE%E0%A5%87%E0%A4%A8+%E0%A4%95%E0%A5%87%E0%A4%AF%E0%A4%B0+%E0%A4%B9%E0%A5%89%E0%A4%B8%E0%A5%8D%E0%A4%AA%E0%A4%BF%E0%A4%9F%E0%A4%B2+%E0%A4%95%E0%A5%87+9+%E0%A4%B8%E0%A5%87%E0%A4%82%E0%A4%9F%E0%A4%B0%E0%A5%8D%E0%A4%B8+%E0%A4%95%E0%A5%87+%E0%A4%AA%E0%A4%82%E0%A4%9C%E0%A5%80%E0%A4%95%E0%A4%B0%E0%A4%A3+%E0%A4%A8%E0%A4%BF%E0%A4%B2%E0%A4%82%E0%A4%AC%E0%A4%BF%E0%A4%A4> (referer: https://www.google.com/)
warning: urllib failed (HTTP Error 429: Too Many Requests), retrying via scrapling: translate.googleapis.com
[2026-08-26 07:47:47] INFO: Fetched (200) <GET https://translate.googleapis.com/translate_a/single?client=gtx&sl=auto&tl=en&dt=t&q=%E0%A4%B0%E0%A4%BE%E0%A4%9C%E0%A5%8D%E0%A4%AF%E0%A4%AA%E0%A4%BE%E0%A4%B2+%E0%A4%A8%E0%A5%87+%E0%A4%A6%E0%A5%8C%E0%A4%B8%E0%A4%BE+%E0%A4%AE%E0%A5%87%E0%A4%82+%E0%A4%B2%E0%A5%80+%E0%A4%9C%E0%A4%BF%E0%A4%B2%E0%A4%BE+%E0%A4%85%E0%A4%A7%E0%A4%BF%E0%A4%95%E0%A4%BE%E0%A4%B0%E0%A4%BF%E0%A4%AF%E0%A5%8B%E0%A4%82+%E0%A4%95%E0%A5%80+%E0%A4%AC%E0%A5%88%E0%A4%A0%E0%A4%95+%E0%A4%AC%E0%A4%9A%E0%A5%8D%E0%A4%9A%E0%A5%8B%E0%A4%82+%E0%A4%95%E0%A5%8B+%E0%A4%97%E0%A5%81%E0%A4%A3%E0%A4%B5%E0%A4%A4%E0%A5%8D%E0%A4%A4%E0%A4%BE%E0%A4%AA%E0%A5%82%E0%A4%B0%E0%A5%8D%E0%A4%A3+%E0%A4%B6%E0%A4%BF%E0%A4%95%E0%A5%8D%E0%A4%B7%E0%A4%BE+%E0%A4%B8%E0%A5%81%E0%A4%A8%E0%A4%BF%E0%A4%B6%E0%A5%8D%E0%A4%9A%E0%A4%BF%E0%A4%A4+%E0%A4%95%E0%A4%B0%E0%A4%A8%E0%A5%87+%E0%A4%95%E0%A5%87+%E0%A4%A6%E0%A4%BF%E0%A4%8F+%E0%A4%A8%E0%A4%BF%E0%A4%B0%E0%A5%8D%E0%A4%A6%E0%A5%87%E0%A4%B6+%E0%A4%9F%E0%A5%80%E0%A4%AC%E0%A5%80+%E0%A4%AE%E0%A4%B0%E0%A5%80%E0%A4%9C%E0%A5%8B%E0%A4%82+%E0%A4%95%E0%A5%8B+%E0%A4%B8%E0%A4%AE%E0%A4%AF+%E0%A4%AA%E0%A4%B0+%E0%A4%AE%E0%A4%BF%E0%A4%B2%E0%A5%87+%E0%A4%AA%E0%A5%82%E0%A4%B0%E0%A4%BE+%E0%A4%89%E0%A4%AA%E0%A4%9A%E0%A4%BE%E0%A4%B0%2C+%E2%80%98%E0%A4%A8%E0%A4%B6%E0%A4%BE+%E0%A4%AE%E0%A5%81%E0%A4%95%E0%A5%8D%E0%A4%A4+%E0%A4%A6%E0%A5%8C%E0%A4%B8%E0%A4%BE%E2%80%99+%E0%A4%AC%E0%A4%A8%E0%A4%BE%E0%A4%A8%E0%A5%87+%E0%A4%95%E0%A5%87+%E0%A4%B2%E0%A4%BF%E0%A4%8F+%E0%A4%95%E0%A4%B0%E0%A5%87%E0%A4%82+%E0%A4%AA%E0%A5%8D%E0%A4%B0%E0%A4%AD%E0%A4%BE%E0%A4%B5%E0%A5%80+%E0%A4%95%E0%A4%BE%E0%A4%B0%E0%A5%8D%E0%A4%B0%E0%A4%B5%E0%A4%BE%E0%A4%88+> (referer: https://www.google.com/)
warning: urllib failed (HTTP Error 429: Too Many Requests), retrying via scrapling: translate.googleapis.com
[2026-08-26 07:47:50] INFO: Fetched (200) <GET https://translate.googleapis.com/translate_a/single?client=gtx&sl=auto&tl=en&dt=t&q=%E0%A4%A8%E0%A4%BF%E0%A4%B7%E0%A5%8D%E0%A4%AA%E0%A4%95%E0%A5%8D%E0%A4%B7%2C+%E0%A4%AA%E0%A4%BE%E0%A4%B0%E0%A4%A6%E0%A4%B0%E0%A5%8D%E0%A4%B6%E0%A5%80+%E0%A4%8F%E0%A4%B5%E0%A4%82+%E0%A4%B8%E0%A5%81%E0%A4%B5%E0%A5%8D%E0%A4%AF%E0%A4%B5%E0%A4%B8%E0%A5%8D%E0%A4%A5%E0%A4%BF%E0%A4%A4+%E0%A4%A2%E0%A4%82%E0%A4%97+%E0%A4%B8%E0%A5%87+%E0%A4%B8%E0%A4%82%E0%A4%AA%E0%A4%BE%E0%A4%A6%E0%A4%BF%E0%A4%A4+%E0%A4%B9%E0%A5%8B+%E0%A4%86%E0%A4%AE+%E0%A4%9A%E0%A5%81%E0%A4%A8%E0%A4%BE%E0%A4%B5+%E0%A4%AA%E0%A5%8D%E0%A4%B0%E0%A4%95%E0%A5%8D%E0%A4%B0%E0%A4%BF%E0%A4%AF%E0%A4%BE+%3A+%E0%A4%B8%E0%A5%81%E0%A4%B0%E0%A4%BE%E0%A4%A3%E0%A4%BE+%E0%A4%9C%E0%A4%BF%E0%A4%B2%E0%A4%BE+%E0%A4%A8%E0%A4%BF%E0%A4%B0%E0%A5%8D%E0%A4%B5%E0%A4%BE%E0%A4%9A%E0%A4%A8+%E0%A4%85%E0%A4%A7%E0%A4%BF%E0%A4%95%E0%A4%BE%E0%A4%B0%E0%A5%80+%28%E0%A4%95%E0%A4%B2%E0%A4%95%E0%A5%8D%E0%A4%9F%E0%A4%B0%29+%E0%A4%85%E0%A4%AD%E0%A4%BF%E0%A4%B7%E0%A5%87%E0%A4%95+%E0%A4%B8%E0%A5%81%E0%A4%B0%E0%A4%BE%E0%A4%A3%E0%A4%BE+%E0%A4%A8%E0%A5%87+%E0%A4%AA%E0%A4%82%E0%A4%9A%E0%A4%BE%E0%A4%AF%E0%A4%A4%E0%A5%80+%E0%A4%B0%E0%A4%BE%E0%A4%9C+%E0%A4%8F%E0%A4%B5%E0%A4%82+%E0%A4%A8%E0%A4%97%E0%A4%B0%E0%A4%A8%E0%A4%BF%E0%A4%95%E0%A4%BE%E0%A4%AF+%E0%A4%86%E0%A4%AE+%E0%A4%9A%E0%A5%81%E0%A4%A8%E0%A4%BE%E0%A4%B5+-2026+%E0%A4%95%E0%A5%8B+%E0%A4%B2%E0%A5%87%E0%A4%95%E0%A4%B0+%E0%A4%B8%E0%A4%AD%E0%A5%80+%E0%A4%B0%E0%A4%BF%E0%A4%9F%E0%A4%B0%E0%A5%8D%E0%A4%A8%E0%A4%BF%E0%A4%82%E0%A4%97+%E0%A4%85%E0%A4%A7%E0%A4%BF%E0%A4%95%E0%A4%BE%E0%A4%B0%E0%A5%80+%E0%A4%B5> (referer: https://www.google.com/)
warning: urllib failed (HTTP Error 429: Too Many Requests), retrying via scrapling: translate.googleapis.com
[2026-08-26 07:47:51] INFO: Fetched (200) <GET https://translate.googleapis.com/translate_a/single?client=gtx&sl=auto&tl=en&dt=t&q=%E0%A4%B8%E0%A4%BF%E0%A4%A4%E0%A4%82%E0%A4%AC%E0%A4%B0+%E0%A4%AE%E0%A4%BE%E0%A4%B9+%E0%A4%AE%E0%A5%87%E0%A4%82+%E0%A4%A4%E0%A5%8D%E0%A4%B0%E0%A4%BF-%E0%A4%B8%E0%A5%8D%E2%80%8D%E0%A4%A4%E0%A4%B0%E0%A5%80%E0%A4%AF+%E0%A4%9C%E0%A4%A8+%E0%A4%B8%E0%A5%81%E0%A4%A8%E0%A4%B5%E0%A4%BE%E0%A4%88+%E0%A4%B8%E0%A5%8D%E2%80%8D%E0%A4%A5%E0%A4%97%E0%A4%BF%E0%A4%A4> (referer: https://www.google.com/)
warning: urllib failed (HTTP Error 429: Too Many Requests), retrying via scrapling: translate.googleapis.com
[2026-08-26 07:47:53] INFO: Fetched (200) <GET https://translate.googleapis.com/translate_a/single?client=gtx&sl=auto&tl=en&dt=t&q=%E0%A4%A8%E0%A4%97%E0%A4%B0%E0%A5%80%E0%A4%AF+%E0%A4%A8%E0%A4%BF%E0%A4%95%E0%A4%BE%E0%A4%AF+%E0%A4%9A%E0%A5%81%E0%A4%A8%E0%A4%BE%E0%A4%B5+-2026+%E0%A4%95%E0%A5%87+%E0%A4%B2%E0%A4%BF%E0%A4%8F+%E0%A4%AA%E0%A5%8D%E0%A4%B0%E0%A4%95%E0%A5%8B%E0%A4%B7%E0%A5%8D%E0%A4%A0+%E0%A4%AA%E0%A5%8D%E0%A4%B0%E0%A4%AD%E0%A4%BE%E0%A4%B0%E0%A4%BF%E0%A4%AF%E0%A5%8B%E0%A4%82+%E0%A4%95%E0%A5%8B+%E0%A4%A6%E0%A4%BF%E0%A4%AF%E0%A4%BE+%E0%A4%AA%E0%A5%8D%E0%A4%B0%E0%A4%B6%E0%A4%BF%E0%A4%95%E0%A5%8D%E0%A4%B7%E0%A4%A3+%E0%A4%AE%E0%A4%BE%E0%A4%B8%E0%A5%8D%E0%A4%9F%E0%A4%B0+%E0%A4%9F%E0%A5%8D%E0%A4%B0%E0%A5%87%E0%A4%A8%E0%A4%B0%E0%A5%8D%E0%A4%B8+%E0%A4%A8%E0%A5%87+%E0%A4%A8%E0%A4%BF%E0%A4%B0%E0%A5%8D%E0%A4%B5%E0%A4%BE%E0%A4%9A%E0%A4%A8+%E0%A4%A4%E0%A4%BF%E0%A4%A5%E0%A4%BF%E0%A4%AF%E0%A4%BE%E0%A4%82%2C+%E0%A4%A6%E0%A4%BE%E0%A4%AF%E0%A4%BF%E0%A4%A4%E0%A5%8D%E0%A4%B5%E0%A5%8B%E0%A4%82+%E0%A4%94%E0%A4%B0+%E0%A4%B8%E0%A4%AE%E0%A4%B8%E0%A5%8D%E0%A4%AF%E0%A4%BE%E0%A4%93%E0%A4%82+%E0%A4%95%E0%A5%87+%E0%A4%B8%E0%A4%AE%E0%A4%BE%E0%A4%A7%E0%A4%BE%E0%A4%A8+%E0%A4%95%E0%A5%80+%E0%A4%A6%E0%A5%80+%E0%A4%9C%E0%A4%BE%E0%A4%A8%E0%A4%95%E0%A4%BE%E0%A4%B0%E0%A5%80> (referer: https://www.google.com/)
warning: urllib failed (HTTP Error 429: Too Many Requests), retrying via scrapling: translate.googleapis.com
[2026-08-26 07:47:54] INFO: Fetched (200) <GET https://translate.googleapis.com/translate_a/single?client=gtx&sl=auto&tl=en&dt=t&q=%E0%A4%A8%E0%A4%97%E0%A4%B0%E0%A5%80%E0%A4%AF+%E0%A4%A8%E0%A4%BF%E0%A4%95%E0%A4%BE%E0%A4%AF+%E0%A4%86%E0%A4%AE+%E0%A4%9A%E0%A5%81%E0%A4%A8%E0%A4%BE%E0%A4%B5-2026+%E0%A4%95%E0%A5%87+%E0%A4%B2%E0%A4%BF%E0%A4%8F+%E0%A4%B0%E0%A4%BF%E0%A4%9F%E0%A4%B0%E0%A5%8D%E0%A4%A8%E0%A4%BF%E0%A4%82%E0%A4%97+%E0%A4%85%E0%A4%A7%E0%A4%BF%E0%A4%95%E0%A4%BE%E0%A4%B0%E0%A4%BF%E0%A4%AF%E0%A5%8B%E0%A4%82+%E0%A4%95%E0%A4%BE+%E0%A4%AA%E0%A5%8D%E0%A4%B0%E0%A4%B6%E0%A4%BF%E0%A4%95%E0%A5%8D%E0%A4%B7%E0%A4%A3+%E0%A4%86%E0%A4%AF%E0%A5%8B%E0%A4%9C%E0%A4%BF%E0%A4%A4> (referer: https://www.google.com/)
warning: urllib failed (HTTP Error 429: Too Many Requests), retrying via scrapling: translate.googleapis.com
[2026-08-26 07:47:56] INFO: Fetched (200) <GET https://translate.googleapis.com/translate_a/single?client=gtx&sl=auto&tl=en&dt=t&q=%E0%A4%B5%E0%A4%BF%E0%A4%A6%E0%A5%8D%E0%A4%AF%E0%A4%BE%E0%A4%B0%E0%A5%8D%E0%A4%A5%E0%A4%BF%E0%A4%AF%E0%A5%8B%E0%A4%82+%E0%A4%A8%E0%A5%87+%E0%A4%A8%E0%A4%BF%E0%A4%95%E0%A4%BE%E0%A4%B2%E0%A5%80+%E0%A4%AE%E0%A4%A4%E0%A4%A6%E0%A4%BE%E0%A4%A4%E0%A4%BE+%E0%A4%9C%E0%A4%BE%E0%A4%97%E0%A4%B0%E0%A5%82%E0%A4%95%E0%A4%A4%E0%A4%BE+%E0%A4%B0%E0%A5%88%E0%A4%B2%E0%A5%80> (referer: https://www.google.com/)
warning: urllib failed (HTTP Error 429: Too Many Requests), retrying via scrapling: translate.googleapis.com
[2026-08-26 07:47:57] INFO: Fetched (200) <GET https://translate.googleapis.com/translate_a/single?client=gtx&sl=auto&tl=en&dt=t&q=%E0%A4%B8%E0%A5%8D%E0%A4%AA%E0%A5%87%E0%A4%B6%E0%A4%B2+%E0%A4%8F%E0%A4%A1%E0%A4%B9%E0%A5%87%E0%A4%B8%E0%A4%BF%E0%A4%B5+%E0%A4%9F%E0%A4%BF%E0%A4%95%E0%A4%9F%E0%A5%8B%E0%A4%82+%E0%A4%95%E0%A5%87+%E0%A4%89%E0%A4%AA%E0%A4%AF%E0%A5%8B%E0%A4%97+%E0%A4%95%E0%A5%80+%E0%A4%B5%E0%A5%8D%E0%A4%AF%E0%A4%B5%E0%A4%B8%E0%A5%8D%E0%A4%A5%E0%A4%BE+%E0%A4%B8%E0%A4%AE%E0%A4%BE%E0%A4%AA%E0%A5%8D%E0%A4%A4> (referer: https://www.google.com/)
warning: urllib failed (HTTP Error 429: Too Many Requests), retrying via scrapling: translate.googleapis.com
[2026-08-26 07:47:59] INFO: Fetched (200) <GET https://translate.googleapis.com/translate_a/single?client=gtx&sl=auto&tl=en&dt=t&q=%E0%A4%A8%E0%A4%97%E0%A4%B0+%E0%A4%A8%E0%A4%BF%E0%A4%95%E0%A4%BE%E0%A4%AF+%E0%A4%9A%E0%A5%81%E0%A4%A8%E0%A4%BE%E0%A4%B5+2026+%E0%A4%B0%E0%A4%82%E0%A4%97%E0%A5%8B%E0%A4%B2%E0%A5%80+%E0%A4%95%E0%A5%87+%E0%A4%AE%E0%A4%BE%E0%A4%A7%E0%A5%8D%E0%A4%AF%E0%A4%AE+%E0%A4%B8%E0%A5%87+%E0%A4%A6%E0%A4%BF%E0%A4%AF%E0%A4%BE+%E0%A4%9C%E0%A4%BE%E0%A4%97%E0%A4%B0%E0%A5%82%E0%A4%95+%E0%A4%AE%E0%A4%A4%E0%A4%A6%E0%A4%BE%E0%A4%A4%E0%A4%BE+%E0%A4%AC%E0%A4%A8%E0%A4%A8%E0%A5%87+%E0%A4%95%E0%A4%BE+%E0%A4%B8%E0%A4%82%E0%A4%A6%E0%A5%87%E0%A4%B6> (referer: https://www.google.com/)
warning: urllib failed (HTTP Error 429: Too Many Requests), retrying via scrapling: translate.googleapis.com
[2026-08-26 07:48:01] INFO: Fetched (200) <GET https://translate.googleapis.com/translate_a/single?client=gtx&sl=auto&tl=en&dt=t&q=%E0%A4%A8%E0%A4%97%E0%A4%B0+%E0%A4%A8%E0%A4%BF%E0%A4%95%E0%A4%BE%E0%A4%AF+%E0%A4%86%E0%A4%AE+%E0%A4%9A%E0%A5%81%E0%A4%A8%E0%A4%BE%E0%A4%B5+2026+%E0%A4%AE%E0%A4%A4%E0%A4%A6%E0%A4%BE%E0%A4%A8+%E0%A4%A6%E0%A4%BF%E0%A4%B5%E0%A4%B8+%E0%A4%A4%E0%A4%A5%E0%A4%BE+%E0%A4%AE%E0%A4%A4%E0%A4%97%E0%A4%A3%E0%A4%A8%E0%A4%BE+%E0%A4%A6%E0%A4%BF%E0%A4%B5%E0%A4%B8+%E0%A4%95%E0%A5%8B+%E0%A4%B8%E0%A5%82%E0%A4%96%E0%A4%BE+%E0%A4%A6%E0%A4%BF%E0%A4%B5%E0%A4%B8> (referer: https://www.google.com/)
warning: urllib failed (HTTP Error 429: Too Many Requests), retrying via scrapling: translate.googleapis.com
[2026-08-26 07:48:03] INFO: Fetched (200) <GET https://translate.googleapis.com/translate_a/single?client=gtx&sl=auto&tl=en&dt=t&q=%E0%A4%A8%E0%A4%97%E0%A4%B0+%E0%A4%A8%E0%A4%BF%E0%A4%95%E0%A4%BE%E0%A4%AF+%E0%A4%9A%E0%A5%81%E0%A4%A8%E0%A4%BE%E0%A4%B5+2026+27+%E0%A4%85%E0%A4%97%E0%A4%B8%E0%A5%8D%E0%A4%A4+%E0%A4%95%E0%A5%8B+%E0%A4%B2%E0%A5%8B%E0%A4%95%E0%A4%B8%E0%A5%82%E0%A4%9A%E0%A4%A8%E0%A4%BE+%E0%A4%9C%E0%A4%BE%E0%A4%B0%E0%A5%80+%E0%A4%B9%E0%A5%8B%E0%A4%97%E0%A5%80+%E0%A4%B0%E0%A4%BE%E0%A4%9C%E0%A4%95%E0%A5%80%E0%A4%AF+%E0%A4%AE%E0%A4%B9%E0%A4%BE%E0%A4%B5%E0%A4%BF%E0%A4%A6%E0%A5%8D%E0%A4%AF%E0%A4%BE%E0%A4%B2%E0%A4%AF+%E0%A4%95%E0%A5%87+%E0%A4%B5%E0%A4%BF%E0%A4%9C%E0%A5%8D%E0%A4%9E%E0%A4%BE%E0%A4%A8+%E0%A4%AD%E0%A4%B5%E0%A4%A8+%E0%A4%95%E0%A4%BE+%E0%A4%85%E0%A4%A7%E0%A4%BF%E0%A4%97%E0%A5%8D%E0%A4%B0%E0%A4%B9%E0%A4%A3> (referer: https://www.google.com/)
warning: urllib failed (HTTP Error 429: Too Many Requests), retrying via scrapling: translate.googleapis.com
[2026-08-26 07:48:05] INFO: Fetched (200) <GET https://translate.googleapis.com/translate_a/single?client=gtx&sl=auto&tl=en&dt=t&q=Chief+Minister+Bhajanlal+Sharma+Reviews+%E2%80%98Hariyalo+Rajasthan%E2%80%99+Campaign+Over+7.58+Crore+Saplings+Planted+So+Far%3B+Target+to+Plant+More+Than+10+Crore+Saplings+Plant+a+sapling+in+the+Name+of+Your+Brother+o> (referer: https://www.google.com/)
warning: urllib failed (HTTP Error 429: Too Many Requests), retrying via scrapling: translate.googleapis.com
[2026-08-26 07:48:06] INFO: Fetched (200) <GET https://translate.googleapis.com/translate_a/single?client=gtx&sl=auto&tl=en&dt=t&q=%E0%A4%B5%E0%A4%BE%E0%A4%A3%E0%A4%BF%E0%A4%9C%E0%A5%8D%E0%A4%AF%E0%A4%BF%E0%A4%95+%E0%A4%95%E0%A4%B0+%E0%A4%B5%E0%A4%BF%E0%A4%AD%E0%A4%BE%E0%A4%97+%E0%A4%95%E0%A5%80+%E0%A4%B0%E0%A4%BE%E0%A4%9C%E0%A5%8D%E0%A4%AF%E0%A4%AD%E0%A4%B0+%E0%A4%AE%E0%A5%87%E0%A4%82+%E0%A4%B8%E0%A4%98%E0%A4%A8+%E0%A4%AA%E0%A5%8D%E0%A4%B0%E0%A4%B5%E0%A4%B0%E0%A5%8D%E0%A4%A4%E0%A4%A8+%E0%A4%95%E0%A4%BE%E0%A4%B0%E0%A5%8D%E0%A4%B0%E0%A4%B5%E0%A4%BE%E0%A4%88%3B+%E0%A4%B5%E0%A4%BF%E0%A4%AD%E0%A4%BF%E0%A4%A8%E0%A5%8D%E0%A4%A8+%E0%A4%AE%E0%A4%BE%E0%A4%AE%E0%A4%B2%E0%A5%8B%E0%A4%82+%E0%A4%AE%E0%A5%87%E0%A4%82+2.83+%E0%A4%95%E0%A4%B0%E0%A5%8B%E0%A4%A1%E0%A4%BC+%E0%A4%B0%E0%A5%81%E0%A4%AA%E0%A4%8F+%E0%A4%95%E0%A5%80+%E0%A4%AA%E0%A5%8D%E0%A4%B0%E0%A4%BE%E0%A4%B0%E0%A4%82%E0%A4%AD%E0%A4%BF%E0%A4%95+%E0%A4%95%E0%A4%B0+%E0%A4%A6%E0%A5%87%E0%A4%AF%E0%A4%A4%E0%A4%BE+%E0%A4%9A%E0%A4%BF%E0%A4%A8%E0%A5%8D%E0%A4%B9%E0%A4%BF%E0%A4%A4%2C+2.06+%E0%A4%95%E0%A4%B0%E0%A5%8B%E0%A4%A1%E0%A4%BC+%E0%A4%B0%E0%A5%81%E0%A4%AA%E0%A4%8F+%E0%A4%95%E0%A5%80+%E0%A4%B0%E0%A4%BE%E0%A4%B6%E0%A4%BF+%E0%A4%B8%E0%A5%8D%E0%A4%B5%E0%A5%87%E0%A4%9A%E0%A5%8D%E0%A4%9B%E0%A4%BE+%E0%A4%B8%E0%A5%87+%E0%A4%9C%E0%A4%AE%E0%A4%BE> (referer: https://www.google.com/)
warning: urllib failed (HTTP Error 429: Too Many Requests), retrying via scrapling: translate.googleapis.com
[2026-08-26 07:48:07] INFO: Fetched (200) <GET https://translate.googleapis.com/translate_a/single?client=gtx&sl=auto&tl=en&dt=t&q=%E0%A4%B5%E0%A4%BF%E0%A4%A7%E0%A4%BE%E0%A4%A8%E0%A4%B8%E0%A4%AD%E0%A4%BE+%E0%A4%AE%E0%A5%87%E0%A4%82+%E0%A4%B8%E0%A5%8D%E0%A4%B5%E0%A4%B0%E0%A5%8D%E0%A4%97%E0%A5%80%E0%A4%AF+%E0%A4%B6%E0%A5%8D%E0%A4%B0%E0%A5%80+%E0%A4%AC%E0%A4%B0%E0%A4%95%E0%A4%A4%E0%A5%81%E0%A4%B2%E0%A5%8D%E0%A4%B2%E0%A4%BE%E0%A4%B9+%E0%A4%96%E0%A4%BE%E0%A4%82+%E0%A4%95%E0%A5%8B+%E0%A4%AA%E0%A5%81%E0%A4%B7%E0%A5%8D%E0%A4%AA%E0%A4%BE%E0%A4%82%E0%A4%9C%E0%A4%B2%E0%A4%BF> (referer: https://www.google.com/)
warning: urllib failed (HTTP Error 429: Too Many Requests), retrying via scrapling: translate.googleapis.com
[2026-08-26 07:48:09] INFO: Fetched (200) <GET https://translate.googleapis.com/translate_a/single?client=gtx&sl=auto&tl=en&dt=t&q=%E0%A4%AE%E0%A5%81%E0%A4%96%E0%A5%8D%E0%A4%AF%E0%A4%AE%E0%A4%82%E0%A4%A4%E0%A5%8D%E0%A4%B0%E0%A5%80+%E0%A4%AD%E0%A4%9C%E0%A4%A8%E0%A4%B2%E0%A4%BE%E0%A4%B2+%E0%A4%B6%E0%A4%B0%E0%A5%8D%E0%A4%AE%E0%A4%BE+%E0%A4%A8%E0%A5%87+%E0%A4%95%E0%A5%80+%E0%A4%B9%E0%A4%B0%E0%A4%BF%E0%A4%AF%E0%A4%BE%E0%A4%B2%E0%A5%8B+%E0%A4%B0%E0%A4%BE%E0%A4%9C%E0%A4%B8%E0%A5%8D%E0%A4%A5%E0%A4%BE%E0%A4%A8+%E0%A4%85%E0%A4%AD%E0%A4%BF%E0%A4%AF%E0%A4%BE%E0%A4%A8+%E0%A4%95%E0%A5%80+%E0%A4%B8%E0%A4%AE%E0%A5%80%E0%A4%95%E0%A5%8D%E0%A4%B7%E0%A4%BE+%E0%A4%85%E0%A4%AC+%E0%A4%A4%E0%A4%95+%E0%A4%B2%E0%A4%97%E0%A5%87+7+%E0%A4%95%E0%A4%B0%E0%A5%8B%E0%A5%9C+58+%E0%A4%B2%E0%A4%BE%E0%A4%96+%E0%A4%B8%E0%A5%87+%E0%A4%85%E0%A4%A7%E0%A4%BF%E0%A4%95+%E0%A4%AA%E0%A5%8C%E0%A4%A7%E0%A5%87+%2C+10+%E0%A4%95%E0%A4%B0%E0%A5%8B%E0%A5%9C+%E0%A4%B8%E0%A5%87+%E0%A4%85%E0%A4%A7%E0%A4%BF%E0%A4%95+%E0%A4%AA%E0%A5%8C%E0%A4%A7%E0%A4%BE%E0%A4%B0%E0%A5%8B%E0%A4%AA%E0%A4%A3+%E0%A4%95%E0%A4%BE+%E0%A4%B2%E0%A4%95%E0%A5%8D%E0%A4%B7%E0%A5%8D%E0%A4%AF+%E0%A4%B0%E0%A4%95%E0%A5%8D%E0%A4%B7%E0%A4%BE%E0%A4%AC%E0%A4%82%E0%A4%A7%E0%A4%A8+%E0%A4%AA%E0%A4%B0+%E0%A4%AD%E0%A4%BE%E0%A4%88-%E0%A4%AC%E0%A4%B9%E0%A4%A8+%E0%A4%95%E0%A5%87+%E0%A4%A8%E0%A4%BE%E0%A4%AE+%E0%A4%8F%E0%A4%95+%E0%A4%AA%E0%A5%87%E0%A5%9C+%E0%A4%B2%E0%A4%97%E0%A4%BE%E0%A4%8F%E0%A4%82+%E0%A4%86%E0%A4%AE%E0%A4%9C%E0%A4%A8+-+%E0%A4%AE%E0%A5%81%E0%A4%96%E0%A5%8D%E0%A4%AF%E0%A4%AE%E0%A4%82%E0%A4%A4%E0%A5%8D%E0%A4%B0%E0%A5%80+> (referer: https://www.google.com/)
warning: urllib failed (HTTP Error 429: Too Many Requests), retrying via scrapling: translate.googleapis.com
[2026-08-26 07:48:10] INFO: Fetched (200) <GET https://translate.googleapis.com/translate_a/single?client=gtx&sl=auto&tl=en&dt=t&q=%E0%A4%AF%E0%A4%AE%E0%A5%81%E0%A4%A8%E0%A4%BE+%E0%A4%9C%E0%A4%B2+%E0%A4%AA%E0%A4%B0%E0%A4%BF%E0%A4%AF%E0%A5%8B%E0%A4%9C%E0%A4%A8%E0%A4%BE+%E0%A4%95%E0%A5%87+%E0%A4%95%E0%A5%8D%E0%A4%B0%E0%A4%BF%E0%A4%AF%E0%A4%BE%E0%A4%A8%E0%A5%8D%E0%A4%B5%E0%A4%AF%E0%A4%A8+%E0%A4%AE%E0%A5%87%E0%A4%82+%E0%A4%AC%E0%A5%9C%E0%A5%80+%E0%A4%89%E0%A4%AA%E0%A4%B2%E0%A4%AC%E0%A5%8D%E0%A4%A7%E0%A4%BF+%E0%A4%B9%E0%A4%BE%E0%A4%87%E0%A4%A1%E0%A5%8D%E0%A4%B0%E0%A5%8B%E0%A4%B2%E0%A5%89%E0%A4%9C%E0%A5%80+%E0%A4%8F%E0%A4%B5%E0%A4%82+%E0%A4%85%E0%A4%82%E0%A4%A4%E0%A4%B0%E0%A4%B0%E0%A4%BE%E0%A4%9C%E0%A5%8D%E0%A4%AF%E0%A5%80%E0%A4%AF+%E0%A4%B8%E0%A5%8D%E0%A4%B5%E0%A5%80%E0%A4%95%E0%A5%83%E0%A4%A4%E0%A4%BF%E0%A4%AF%E0%A4%BE%E0%A4%82+%E0%A4%B9%E0%A5%81%E0%A4%88%E0%A4%82+%E0%A4%9C%E0%A4%BE%E0%A4%B0%E0%A5%80+%E0%A4%A1%E0%A5%80%E0%A4%AA%E0%A5%80%E0%A4%86%E0%A4%B0+%E0%A4%85%E0%A4%A8%E0%A5%81%E0%A4%AE%E0%A5%8B%E0%A4%A6%E0%A4%A8+%E0%A4%95%E0%A5%80+%E0%A4%B0%E0%A4%BE%E0%A4%B9+%E0%A4%86%E0%A4%B8%E0%A4%BE%E0%A4%A8+%2C+%E0%A4%8F%E0%A4%B8%E0%A4%AA%E0%A5%80%E0%A4%B5%E0%A5%80+%E0%A4%95%E0%A4%BE+%E0%A4%9C%E0%A4%B2%E0%A5%8D%E0%A4%A6+%E0%A4%B9%E0%A5%8B%E0%A4%97%E0%A4%BE+%E0%A4%97%E0%A4%A0%E0%A4%A8> (referer: https://www.google.com/)
warning: urllib failed (HTTP Error 429: Too Many Requests), retrying via scrapling: translate.googleapis.com
[2026-08-26 07:48:23] INFO: Fetched (200) <GET https://translate.googleapis.com/translate_a/single?client=gtx&sl=auto&tl=en&dt=t&q=Bhagwant+Mann+Govt%27s+Raksha+Bandhan+Gift+For+Sisters%3B+%E2%80%98Sanman+Rashi%E2%80%99+To+Be+Credited+To+Accounts+%E2%80%A6> (referer: https://www.google.com/)
warning: urllib failed (HTTP Error 429: Too Many Requests), retrying via scrapling: translate.googleapis.com
[2026-08-26 07:48:26] INFO: Fetched (200) <GET https://translate.googleapis.com/translate_a/single?client=gtx&sl=auto&tl=en&dt=t&q=Governor%E2%80%99s+initiative+brings+3%2C875+free+cancer+screening+kits+from+USA+to+Mizoram+State+Cancer+Institute> (referer: https://www.google.com/)
warning: urllib failed (HTTP Error 429: Too Many Requests), retrying via scrapling: translate.googleapis.com
[2026-08-26 07:48:40] INFO: Fetched (200) <GET https://translate.googleapis.com/translate_a/single?client=gtx&sl=auto&tl=en&dt=t&q=Mokokchung+Mmc+Announces+Annual+Dog+Registration+And+Vaccination+Drive+For+2026%E2%80%932027> (referer: https://www.google.com/)
warning: urllib failed (HTTP Error 429: Too Many Requests), retrying via scrapling: translate.googleapis.com
[2026-08-26 07:49:03] INFO: Fetched (200) <GET https://translate.googleapis.com/translate_a/single?client=gtx&sl=auto&tl=en&dt=t&q=PRESS+RELEASE+FROM+THE+OFFICE+OF+OSD+TO+HON%E2%80%99BLE+CHIEF+MINSTER> (referer: https://www.google.com/)
warning: broken cert chain, retrying unverified: chandigarh.gov.in
warning: urllib failed (HTTP Error 429: Too Many Requests), retrying via scrapling: translate.googleapis.com
[2026-08-26 07:49:13] INFO: Fetched (200) <GET https://translate.googleapis.com/translate_a/single?client=gtx&sl=auto&tl=en&dt=t&q=District+Industries+Centre%3A+Organising+a+Rojgar+Mela+in+Daman+District+on+the+occasion+of+the+completion+of+10+years+of+the+Hon%E2%80%99ble+Administrator+of+DNH+%26+DD.> (referer: https://www.google.com/)
warning: urllib failed (HTTP Error 429: Too Many Requests), retrying via scrapling: translate.googleapis.com
[2026-08-26 07:49:35] INFO: Fetched (200) <GET https://translate.googleapis.com/translate_a/single?client=gtx&sl=auto&tl=en&dt=t&q=%E0%B4%95%E0%B4%A8%E0%B4%95%E0%B4%95%E0%B5%8D%E0%B4%95%E0%B5%81%E0%B4%A8%E0%B5%8D%E0%B4%A8%E0%B4%BF%E0%B5%BD+%27%E0%B4%AA%E0%B5%8D%E0%B4%B2%E0%B4%BE%E0%B4%B8%E0%B5%8D%E0%B4%B1%E0%B5%8D%E0%B4%B1%E0%B4%BF%E0%B4%95%E0%B5%8D+%E0%B4%85%E0%B4%B1%E0%B4%B8%E0%B5%8D%E0%B4%B1%E0%B5%8D%E0%B4%B1%E0%B5%8D%27> (referer: https://www.google.com/)
warning: urllib failed (HTTP Error 429: Too Many Requests), retrying via scrapling: translate.googleapis.com
[2026-08-26 07:49:36] INFO: Fetched (200) <GET https://translate.googleapis.com/translate_a/single?client=gtx&sl=auto&tl=en&dt=t&q=%E0%B4%88+%E0%B4%B5%E0%B4%B4%E0%B4%BF+%E0%B4%A8%E0%B4%BF%E0%B4%99%E0%B5%8D%E0%B4%99%E0%B4%B3%E0%B5%86+%E0%B4%9A%E0%B5%81%E0%B4%B1%E0%B5%8D%E0%B4%B1%E0%B4%BF%E0%B4%95%E0%B5%8D%E0%B4%95%E0%B5%81%E0%B4%82%3B+%E0%B4%95%E0%B4%A8%E0%B4%95%E0%B4%95%E0%B5%8D%E0%B4%95%E0%B5%81%E0%B4%A8%E0%B5%8D%E0%B4%A8%E0%B4%BF%E0%B5%BD+%E0%B4%95%E0%B5%97%E0%B4%A4%E0%B5%81%E0%B4%95%E0%B4%AE%E0%B4%BE%E0%B4%AF%E0%B4%BF+%E0%B4%AE%E0%B5%86%E0%B4%AF%E0%B5%8D%E0%B4%B8%E0%B5%8D> (referer: https://www.google.com/)
warning: urllib failed (HTTP Error 429: Too Many Requests), retrying via scrapling: translate.googleapis.com
[2026-08-26 07:49:38] INFO: Fetched (200) <GET https://translate.googleapis.com/translate_a/single?client=gtx&sl=auto&tl=en&dt=t&q=%E0%B4%A7%E0%B5%88%E0%B4%B0%E0%B5%8D%E0%B4%AF%E0%B4%AE%E0%B5%81%E0%B4%A3%E0%B5%8D%E0%B4%9F%E0%B5%8B+%E0%B4%88+%E0%B4%97%E0%B5%8B%E0%B4%B8%E0%B5%8D%E0%B4%B1%E0%B5%8D%E0%B4%B1%E0%B5%8D+%E0%B4%B9%E0%B5%97%E0%B4%B8%E0%B4%BF%E0%B5%BD+%E0%B4%95%E0%B4%AF%E0%B4%B1%E0%B4%BE%E0%B5%BB> (referer: https://www.google.com/)
warning: urllib failed (HTTP Error 429: Too Many Requests), retrying via scrapling: translate.googleapis.com
[2026-08-26 07:49:40] INFO: Fetched (200) <GET https://translate.googleapis.com/translate_a/single?client=gtx&sl=auto&tl=en&dt=t&q=%E0%B4%AE%E0%B4%B4+%E0%B4%AE%E0%B5%81%E0%B4%A8%E0%B5%8D%E0%B4%A8%E0%B4%B1%E0%B4%BF%E0%B4%AF%E0%B4%BF%E0%B4%AA%E0%B5%8D%E0%B4%AA%E0%B5%8D%3A+%E0%B4%B5%E0%B4%BF%E0%B4%A8%E0%B5%8B%E0%B4%A6+%E0%B4%B8%E0%B4%9E%E0%B5%8D%E0%B4%9A%E0%B4%BE%E0%B4%B0+%E0%B4%B5%E0%B4%95%E0%B5%81%E0%B4%AA%E0%B5%8D%E0%B4%AA%E0%B4%BF%E0%B4%A8%E0%B5%81%E0%B4%82+%E0%B4%A1%E0%B4%BF%E0%B4%B1%E0%B5%8D%E0%B4%B1%E0%B4%BF%E0%B4%AA%E0%B4%BF%E0%B4%B8%E0%B4%BF%E0%B4%95%E0%B5%BE%E0%B4%95%E0%B5%8D%E0%B4%95%E0%B5%81%E0%B4%82+%E0%B4%AA%E0%B5%8D%E0%B4%B0%E0%B4%A4%E0%B5%8D%E0%B4%AF%E0%B5%87%E0%B4%95+%E0%B4%A8%E0%B4%BF%E0%B5%BC%E0%B4%A6%E0%B5%87%E0%B4%B6%E0%B4%82> (referer: https://www.google.com/)
warning: urllib failed (HTTP Error 429: Too Many Requests), retrying via scrapling: translate.googleapis.com
[2026-08-26 07:49:42] INFO: Fetched (200) <GET https://translate.googleapis.com/translate_a/single?client=gtx&sl=auto&tl=en&dt=t&q=%E0%B4%AE%E0%B4%A4%E0%B5%8D%E0%B4%B8%E0%B5%8D%E0%B4%AF%E0%B4%A4%E0%B5%8D%E0%B4%A4%E0%B5%8A%E0%B4%B4%E0%B4%BF%E0%B4%B2%E0%B4%BE%E0%B4%B3%E0%B4%BF+%E0%B4%9C%E0%B4%BE%E0%B4%97%E0%B5%8D%E0%B4%B0%E0%B4%A4+%E0%B4%A8%E0%B4%BF%E0%B5%BC%E0%B4%A6%E0%B5%87%E0%B4%B6%E0%B4%82> (referer: https://www.google.com/)
warning: urllib failed (HTTP Error 429: Too Many Requests), retrying via scrapling: translate.googleapis.com
[2026-08-26 07:49:44] INFO: Fetched (200) <GET https://translate.googleapis.com/translate_a/single?client=gtx&sl=auto&tl=en&dt=t&q=%E0%B4%B5%E0%B4%A8%E0%B4%BF%E0%B4%A4%E0%B4%BE-%E0%B4%B6%E0%B4%BF%E0%B4%B6%E0%B5%81%E0%B4%95%E0%B5%8D%E0%B4%B7%E0%B5%87%E0%B4%AE+%E0%B4%B8%E0%B4%82%E0%B4%B0%E0%B4%95%E0%B5%8D%E0%B4%B7%E0%B4%A3+%E0%B4%95%E0%B5%87%E0%B4%A8%E0%B5%8D%E0%B4%A6%E0%B5%8D%E0%B4%B0%E0%B4%99%E0%B5%8D%E0%B4%99%E0%B4%B3%E0%B4%BF%E0%B4%B2%E0%B5%86+%E0%B4%95%E0%B5%81%E0%B4%9F%E0%B5%8D%E0%B4%9F%E0%B4%BF%E0%B4%95%E0%B5%BE%E0%B4%95%E0%B5%8D%E0%B4%95%E0%B5%8D+%E0%B4%93%E0%B4%A3%E0%B4%AE%E0%B4%BE%E0%B4%98%E0%B5%8B%E0%B4%B7%E0%B4%BF%E0%B4%95%E0%B5%8D%E0%B4%95%E0%B4%BE%E0%B5%BB+2+%E0%B4%B2%E0%B4%95%E0%B5%8D%E0%B4%B7%E0%B4%82+%E0%B4%B0%E0%B5%82%E0%B4%AA+%E0%B4%85%E0%B4%A8%E0%B5%81%E0%B4%B5%E0%B4%A6%E0%B4%BF%E0%B4%9A%E0%B5%8D%E0%B4%9A%E0%B5%81> (referer: https://www.google.com/)
warning: urllib failed (HTTP Error 429: Too Many Requests), retrying via scrapling: translate.googleapis.com
[2026-08-26 07:49:47] INFO: Fetched (200) <GET https://translate.googleapis.com/translate_a/single?client=gtx&sl=auto&tl=en&dt=t&q=%E0%B4%93%E0%B4%A3%E0%B4%BE%E0%B4%B6%E0%B4%82%E0%B4%B8%E0%B4%95%E0%B5%BE+%E0%B4%A8%E0%B5%87%E0%B5%BC%E0%B4%A8%E0%B5%8D%E0%B4%A8%E0%B5%8D+%E0%B4%AE%E0%B5%81%E0%B4%96%E0%B5%8D%E0%B4%AF%E0%B4%AE%E0%B4%A8%E0%B5%8D%E0%B4%A4%E0%B5%8D%E0%B4%B0%E0%B4%BF> (referer: https://www.google.com/)
warning: urllib failed (HTTP Error 429: Too Many Requests), retrying via scrapling: translate.googleapis.com
[2026-08-26 07:49:48] INFO: Fetched (200) <GET https://translate.googleapis.com/translate_a/single?client=gtx&sl=auto&tl=en&dt=t&q=%E0%B4%95%E0%B4%B2%E0%B4%BE%E0%B4%B8%E0%B5%8D%E0%B4%B5%E0%B4%BE%E0%B4%A6%E0%B4%95%E0%B4%B0%E0%B5%81%E0%B4%9F%E0%B5%86+%E0%B4%AE%E0%B4%A8%E0%B4%82+%E0%B4%A8%E0%B4%BF%E0%B4%B1%E0%B4%9A%E0%B5%8D%E0%B4%9A%E0%B5%8D+%E0%B4%A8%E0%B4%BF%E0%B4%B6%E0%B4%BE%E0%B4%97%E0%B4%A8%E0%B5%8D%E0%B4%A7%E0%B4%BF> (referer: https://www.google.com/)
warning: urllib failed (HTTP Error 429: Too Many Requests), retrying via scrapling: translate.googleapis.com
[2026-08-26 07:49:50] INFO: Fetched (200) <GET https://translate.googleapis.com/translate_a/single?client=gtx&sl=auto&tl=en&dt=t&q=%E0%B4%A8%E0%B4%BF%E0%B4%B6%E0%B4%BE%E0%B4%97%E0%B4%A8%E0%B5%8D%E0%B4%A7%E0%B4%BF%E0%B4%AF%E0%B4%BF%E0%B5%BD+%E0%B4%A8%E0%B4%BF%E0%B4%B1%E0%B4%9E%E0%B5%8D%E0%B4%9E%E0%B4%BE%E0%B4%9F%E0%B4%BF+%E0%B4%B6%E0%B5%8B%E0%B4%AD%E0%B4%A8> (referer: https://www.google.com/)
warning: urllib failed (HTTP Error 429: Too Many Requests), retrying via scrapling: translate.googleapis.com
[2026-08-26 07:49:52] INFO: Fetched (200) <GET https://translate.googleapis.com/translate_a/single?client=gtx&sl=auto&tl=en&dt=t&q=%E0%B4%AD%E0%B4%B0%E0%B4%A3%E0%B4%BE%E0%B4%A7%E0%B4%BF%E0%B4%95%E0%B4%BE%E0%B4%B0%E0%B4%BF%E0%B4%95%E0%B5%BE%E0%B4%95%E0%B5%8D%E0%B4%95%E0%B5%8D+%E0%B4%8E%E0%B4%95%E0%B5%8D%E0%B4%95%E0%B4%BE%E0%B4%B2%E0%B4%A4%E0%B5%8D%E0%B4%A4%E0%B5%86%E0%B4%AF%E0%B5%81%E0%B4%82+%E0%B4%AE%E0%B4%BE%E0%B4%A4%E0%B5%83%E0%B4%95+%E0%B4%AE%E0%B4%BE%E0%B4%B5%E0%B5%87%E0%B4%B2%E0%B4%BF%3A+%E0%B4%95%E0%B5%81%E0%B4%9E%E0%B5%8D%E0%B4%9A%E0%B4%BE%E0%B4%95%E0%B5%8D%E0%B4%95%E0%B5%8B+%E0%B4%AC%E0%B5%8B%E0%B4%AC%E0%B5%BB> (referer: https://www.google.com/)
warning: urllib failed (HTTP Error 429: Too Many Requests), retrying via scrapling: translate.googleapis.com
[2026-08-26 07:49:53] INFO: Fetched (200) <GET https://translate.googleapis.com/translate_a/single?client=gtx&sl=auto&tl=en&dt=t&q=%E0%B4%95%E0%B5%87%E0%B4%B0%E0%B4%B3%E0%B4%A4%E0%B5%8D%E0%B4%A4%E0%B5%86+%E0%B4%B2%E0%B5%8B%E0%B4%95%E0%B5%8B%E0%B4%A4%E0%B5%8D%E0%B4%A4%E0%B4%B0+%E0%B4%9F%E0%B5%82%E0%B4%B1%E0%B4%BF%E0%B4%B8%E0%B4%82+%E0%B4%95%E0%B5%87%E0%B4%A8%E0%B5%8D%E0%B4%A6%E0%B5%8D%E0%B4%B0%E0%B4%AE%E0%B4%BE%E0%B4%95%E0%B5%8D%E0%B4%95%E0%B5%81%E0%B4%95%E0%B4%AF%E0%B4%BE%E0%B4%A3%E0%B5%8D+%E0%B4%B8%E0%B5%BC%E0%B4%95%E0%B5%8D%E0%B4%95%E0%B4%BE%E0%B4%B0%E0%B4%BF%E0%B4%A8%E0%B5%8D%E0%B4%B1%E0%B5%86+%E0%B4%B2%E0%B4%95%E0%B5%8D%E0%B4%B7%E0%B5%8D%E0%B4%AF%E0%B4%82%3A+%E0%B4%AE%E0%B5%81%E0%B4%96%E0%B5%8D%E0%B4%AF%E0%B4%AE%E0%B4%A8%E0%B5%8D%E0%B4%A4%E0%B5%8D%E0%B4%B0%E0%B4%BF> (referer: https://www.google.com/)
warning: urllib failed (HTTP Error 429: Too Many Requests), retrying via scrapling: translate.googleapis.com
[2026-08-26 07:49:54] INFO: Fetched (200) <GET https://translate.googleapis.com/translate_a/single?client=gtx&sl=auto&tl=en&dt=t&q=%E0%B4%85%E0%B4%B1%E0%B4%BF%E0%B4%AF%E0%B4%BF%E0%B4%AA%E0%B5%8D%E0%B4%AA%E0%B5%81%E0%B4%95%E0%B4%B3%E0%B5%8D%E2%80%8D> (referer: https://www.google.com/)
warning: urllib failed (HTTP Error 429: Too Many Requests), retrying via scrapling: translate.googleapis.com
[2026-08-26 07:49:56] INFO: Fetched (200) <GET https://translate.googleapis.com/translate_a/single?client=gtx&sl=auto&tl=en&dt=t&q=%E0%B4%AE%E0%B5%82%E0%B4%9F%E0%B4%BE%E0%B4%9F%E0%B4%BF+%E0%B4%95%E0%B5%86%E0%B4%B2%E0%B5%8D%E2%80%8D%E0%B4%9F%E0%B5%8D%E0%B4%B0%E0%B5%87%E0%B4%BE%E0%B4%A3%E0%B5%8D%E2%80%8D+%E0%B4%B2%E0%B5%88%E0%B4%B1%E0%B5%8D%E0%B4%B1%E0%B4%BF%E0%B4%82%E0%B4%97%E0%B5%8D+%E0%B4%A1%E0%B4%BF%E0%B4%B5%E0%B4%BF%E0%B4%B7%E0%B4%A8%E0%B5%8D%E2%80%8D+%E0%B4%87%E0%B4%A8%E0%B4%BF+%27%E0%B4%87%E0%B4%B2%E0%B4%95%E0%B5%8D%E0%B4%9F%E0%B5%8D%E0%B4%B0%E0%B5%87%E0%B4%BE%E0%B4%A3%E0%B4%BF%E0%B4%95%E0%B5%8D+%E0%B4%B5%E0%B4%BF%E0%B4%B2%E0%B5%8D%E0%B4%B2%E0%B5%87%E0%B4%9C%E0%B5%8D%27> (referer: https://www.google.com/)
warning: urllib failed (HTTP Error 429: Too Many Requests), retrying via scrapling: translate.googleapis.com
[2026-08-26 07:49:59] INFO: Fetched (200) <GET https://translate.googleapis.com/translate_a/single?client=gtx&sl=auto&tl=en&dt=t&q=%E0%B4%93%E0%B4%A3%E0%B4%82+%E0%B4%A8%E0%B4%B2%E0%B5%8D%E0%B4%B2+%E0%B4%A8%E0%B4%BE%E0%B4%B3%E0%B5%81%E0%B4%95%E0%B4%B3%E0%B5%81%E0%B4%9F%E0%B5%86+%E0%B4%93%E0%B5%BC%E0%B4%AE+%E0%B4%AA%E0%B5%81%E0%B4%A4%E0%B5%81%E0%B4%95%E0%B5%8D%E0%B4%95%E0%B4%BE%E0%B4%A8%E0%B5%81%E0%B4%B3%E0%B5%8D%E0%B4%B3+%E0%B4%85%E0%B4%B5%E0%B4%B8%E0%B4%B0%E0%B4%82+-%E0%B4%AE%E0%B4%A8%E0%B5%8D%E0%B4%A4%E0%B5%8D%E0%B4%B0%E0%B4%BF+%E0%B4%AA%E0%B4%BF.%E0%B4%95%E0%B5%86+%E0%B4%95%E0%B5%81%E0%B4%9E%E0%B5%8D%E0%B4%9E%E0%B4%BE%E0%B4%B2%E0%B4%BF%E0%B4%95%E0%B5%8D%E0%B4%95%E0%B5%81%E0%B4%9F%E0%B5%8D%E0%B4%9F%E0%B4%BF> (referer: https://www.google.com/)
warning: urllib failed (HTTP Error 429: Too Many Requests), retrying via scrapling: translate.googleapis.com
[2026-08-26 07:50:01] INFO: Fetched (200) <GET https://translate.googleapis.com/translate_a/single?client=gtx&sl=auto&tl=en&dt=t&q=%E0%B4%95%E0%B4%AF%E0%B5%BC%E0%B4%AA%E0%B4%BF%E0%B4%B0%E0%B4%BF+%E0%B4%A4%E0%B5%8A%E0%B4%B4%E0%B4%BF%E0%B4%B2%E0%B4%BE%E0%B4%B3%E0%B4%BF+%E0%B4%A7%E0%B4%A8%E0%B4%B8%E0%B4%B9%E0%B4%BE%E0%B4%AF+%E0%B4%AA%E0%B4%A6%E0%B5%8D%E0%B4%A7%E0%B4%A4%E0%B4%BF+%E0%B4%A4%E0%B5%8A%E0%B4%B4%E0%B4%BF%E0%B4%B2%E0%B4%BE%E0%B4%B3%E0%B4%BF%E0%B4%95%E0%B4%B3%E0%B5%86++%E0%B4%AE%E0%B5%87%E0%B4%96%E0%B4%B2%E0%B4%AF%E0%B4%BF%E0%B5%BD+%E0%B4%A4%E0%B4%A8%E0%B5%8D%E0%B4%A8%E0%B5%86+%E0%B4%A8%E0%B4%BF%E0%B4%B2%E0%B4%A8%E0%B4%BF%E0%B5%BC%E0%B4%A4%E0%B5%8D%E0%B4%A4%E0%B4%BE%E0%B5%BB+-%E0%B4%AE%E0%B4%A8%E0%B5%8D%E0%B4%A4%E0%B5%8D%E0%B4%B0%E0%B4%BF+%E0%B4%B0%E0%B4%AE%E0%B5%87%E0%B4%B6%E0%B5%8D+%E0%B4%9A%E0%B5%86%E0%B4%A8%E0%B5%8D%E0%B4%A8%E0%B4%BF%E0%B4%A4%E0%B5%8D%E0%B4%A4%E0%B4%B2+-%E0%B4%A4%E0%B5%8A%E0%B4%B4%E0%B4%BF%E0%B4%B2%E0%B4%BF%E0%B4%B2%E0%B5%8D%E0%B4%B2%E0%B4%BE%E0%B4%A4%E0%B5%8D%E0%B4%A4+5000+%E0%B4%A4%E0%B5%8A%E0%B4%B4%E0%B4%BF%E0%B4%B2%E0%B4%BE%E0%B4%B3%E0%B4%BF%E0%B4%95%E0%B5%BE%E0%B4%95%E0%B5%8D%E0%B4%95%E0%B5%8D+2000+%E0%B4%B0%E0%B5%82%E0%B4%AA+%E0%B4%B5%E0%B5%80%E0%B4%A4%E0%B4%82-%E0%B4%AA%E0%B4%A6%E0%B5%8D%E0%B4%A7%E0%B4%A4%E0%B4%BF%E0%B4%AF%E0%B5%81%E0%B4%9F%E0%B5%86+%E0%B4%B8%E0%B4%82%E0%B4%B8%E0%B5%8D%E0%B4%A5%E0%B4%BE%E0%B4%A8%E0%B4%A4%E0%B4%B2+%E0%B4%89%E0%B4%A6%E0%B5%8D%E0%B4%98%E0%B4%BE%E0%B4%9F%E0%B4%A8%E0%B4%82+%E0%B4%A8%E0%B4%9F%E0%B4%A8%E0%B5%8D%E0%B4%A8%E0%B5%81> (referer: https://www.google.com/)
warning: urllib failed (HTTP Error 429: Too Many Requests), retrying via scrapling: translate.googleapis.com
[2026-08-26 07:50:03] INFO: Fetched (200) <GET https://translate.googleapis.com/translate_a/single?client=gtx&sl=auto&tl=en&dt=t&q=%E0%B4%95%E0%B5%87%E0%B4%B0%E0%B4%B3+%E0%B4%B8%E0%B4%82%E0%B4%B8%E0%B5%8D%E0%B4%A5%E0%B4%BE%E0%B4%A8+%E0%B4%B5%E0%B5%88%E0%B4%A6%E0%B5%8D%E0%B4%AF%E0%B5%81%E0%B4%A4%E0%B4%BF+%E0%B4%B1%E0%B4%97%E0%B5%81%E0%B4%B2%E0%B5%87%E0%B4%B1%E0%B5%8D%E0%B4%B1%E0%B4%B1%E0%B4%BF+%E0%B4%95%E0%B4%AE%E0%B5%8D%E0%B4%AE%E0%B5%80%E0%B4%B7%E0%B5%BB%E0%B4%B1%E0%B5%86+%E0%B4%A4%E0%B4%BE%E0%B4%B0%E0%B4%BF%E0%B4%AB%E0%B5%8D+%E0%B4%B1%E0%B4%97%E0%B5%81%E0%B4%B2%E0%B5%87%E0%B4%B7%E0%B4%A8%E0%B5%8D%E0%B4%B1%E0%B5%86+%E0%B4%95%E0%B4%B0%E0%B4%9F%E0%B5%8D+%E0%B4%AA%E0%B5%8D%E0%B4%B0%E0%B4%B8%E0%B4%BF%E0%B4%A6%E0%B5%8D%E0%B4%A7%E0%B5%80%E0%B4%95%E0%B4%B0%E0%B4%BF%E0%B4%9A%E0%B5%8D%E0%B4%9A%E0%B5%81> (referer: https://www.google.com/)
warning: urllib failed (HTTP Error 429: Too Many Requests), retrying via scrapling: translate.googleapis.com
[2026-08-26 07:50:04] INFO: Fetched (200) <GET https://translate.googleapis.com/translate_a/single?client=gtx&sl=auto&tl=en&dt=t&q=%27%E0%B4%95%E0%B5%87%E0%B4%B0%E0%B4%B3+%E0%B4%B6%E0%B4%BE%E0%B4%B8%E0%B5%8D%E0%B4%A4%E0%B5%8D%E0%B4%B0+%E0%B4%AA%E0%B5%81%E0%B4%B0%E0%B4%B8%E0%B5%8D%E2%80%8C%E0%B4%95%E0%B4%BE%E0%B4%B0%27%E0%B4%A4%E0%B5%8D%E0%B4%A4%E0%B4%BF%E0%B4%A8%E0%B5%8D+%E0%B4%A8%E0%B4%BE%E0%B4%AE%E0%B4%A8%E0%B4%BF%E0%B5%BC%E0%B4%A6%E0%B5%87%E0%B4%B6%E0%B4%99%E0%B5%8D%E0%B4%99%E0%B5%BE> (referer: https://www.google.com/)
warning: urllib failed (HTTP Error 429: Too Many Requests), retrying via scrapling: translate.googleapis.com
[2026-08-26 07:50:06] INFO: Fetched (200) <GET https://translate.googleapis.com/translate_a/single?client=gtx&sl=auto&tl=en&dt=t&q=%E0%B4%9C%E0%B5%80%E0%B4%B5%E0%B4%A8%E0%B4%95%E0%B5%8D%E0%B4%95%E0%B4%BE%E0%B5%BC%E0%B4%95%E0%B5%8D%E0%B4%95%E0%B5%8D+%E0%B4%89%E0%B4%A4%E0%B5%8D%E0%B4%B8%E0%B4%B5%E0%B4%BE%E0%B4%A8%E0%B5%81%E0%B4%95%E0%B5%82%E0%B4%B2%E0%B5%8D%E0%B4%AF%E0%B4%82> (referer: https://www.google.com/)
warning: urllib failed (HTTP Error 429: Too Many Requests), retrying via scrapling: translate.googleapis.com
[2026-08-26 07:50:08] INFO: Fetched (200) <GET https://translate.googleapis.com/translate_a/single?client=gtx&sl=auto&tl=en&dt=t&q=%E0%B4%9A%E0%B4%B0%E0%B4%BF%E0%B4%A4%E0%B5%8D%E0%B4%B0%E0%B4%A4%E0%B5%8D%E0%B4%A4%E0%B4%BF%E0%B4%B2%E0%B4%BE%E0%B4%A6%E0%B5%8D%E0%B4%AF%E0%B4%AE%E0%B4%BE%E0%B4%AF%E0%B4%BF+%E0%B4%93%E0%B4%A3%E0%B4%82+%E0%B4%8E%E0%B4%A4%E0%B5%8D%E0%B4%A4%E0%B5%81%E0%B4%82+%E0%B4%AE%E0%B5%81%E0%B4%A8%E0%B5%8D%E0%B4%A8%E0%B5%87+%E0%B4%B9%E0%B5%8B%E0%B4%A3%E0%B4%B1%E0%B5%87%E0%B4%B1%E0%B4%BF%E0%B4%AF%E0%B4%B5%E0%B5%81%E0%B4%82+%E0%B4%89%E0%B4%A4%E0%B5%8D%E0%B4%B8%E0%B4%B5%E0%B4%AC%E0%B4%A4%E0%B5%8D%E0%B4%A4%E0%B4%AF%E0%B5%81%E0%B4%82+%E0%B4%86%E0%B4%B6%E0%B4%AE%E0%B4%BE%E0%B4%B0%E0%B5%81%E0%B4%9F%E0%B5%86+%E0%B4%85%E0%B4%95%E0%B5%8D%E0%B4%95%E0%B5%97%E0%B4%A3%E0%B5%8D%E0%B4%9F%E0%B4%BF%E0%B5%BD+%3A+%E0%B4%AE%E0%B4%A8%E0%B5%8D%E0%B4%A4%E0%B5%8D%E0%B4%B0%E0%B4%BF%C2%A0+%E0%B4%95%E0%B5%86.+%E0%B4%AE%E0%B5%81%E0%B4%B0%E0%B4%B3%E0%B5%80%E0%B4%A7%E0%B4%B0%E0%B5%BB> (referer: https://www.google.com/)
warning: urllib failed (HTTP Error 429: Too Many Requests), retrying via scrapling: translate.googleapis.com
[2026-08-26 07:50:10] INFO: Fetched (200) <GET https://translate.googleapis.com/translate_a/single?client=gtx&sl=auto&tl=en&dt=t&q=%E0%B4%86%E0%B4%B6%E0%B5%8D%E0%B4%B5%E0%B4%BE%E0%B4%B8%E0%B4%95%E0%B4%BF%E0%B4%B0%E0%B4%A3%E0%B4%82%3A%C2%A024%2C857%C2%A0%E0%B4%97%E0%B5%81%E0%B4%A3%E0%B4%AD%E0%B5%8B%E0%B4%95%E0%B5%8D%E0%B4%A4%E0%B4%BE%E0%B4%95%E0%B5%8D%E0%B4%95%E0%B5%BE%E0%B4%95%E0%B5%8D%E0%B4%95%E0%B5%8D%C2%A03400%C2%A0%E0%B4%B0%E0%B5%82%E0%B4%AA+%E0%B4%B5%E0%B5%80%E0%B4%A4%E0%B4%82+%E0%B4%B5%E0%B4%BF%E0%B4%A4%E0%B4%B0%E0%B4%A3%E0%B4%82+%E0%B4%9A%E0%B5%86%E0%B4%AF%E0%B5%8D%E0%B4%A4%E0%B5%81> (referer: https://www.google.com/)
warning: urllib failed (HTTP Error 429: Too Many Requests), retrying via scrapling: translate.googleapis.com
[2026-08-26 07:50:11] INFO: Fetched (200) <GET https://translate.googleapis.com/translate_a/single?client=gtx&sl=auto&tl=en&dt=t&q=%E0%B4%97%E0%B4%BE%E0%B5%BC%E0%B4%A1%E0%B4%A8%E0%B5%BC+%E0%B4%92%E0%B4%B4%E0%B4%BF%E0%B4%B5%E0%B5%8D> (referer: https://www.google.com/)
warning: urllib failed (HTTP Error 429: Too Many Requests), retrying via scrapling: translate.googleapis.com
[2026-08-26 07:50:13] INFO: Fetched (200) <GET https://translate.googleapis.com/translate_a/single?client=gtx&sl=auto&tl=en&dt=t&q=%E0%B4%AC%E0%B5%8D%E0%B4%B2%E0%B5%8B%E0%B4%95%E0%B5%8D%E0%B4%95%E0%B5%8D+%E0%B4%A4%E0%B4%B2%E0%B4%A4%E0%B5%8D%E0%B4%A4%E0%B4%BF%E0%B5%BD+%E0%B4%A1%E0%B5%86%E0%B4%AF%E0%B4%B1%E0%B4%BF+%E0%B4%AA%E0%B5%8D%E0%B4%B0%E0%B5%86%E0%B4%BE%E0%B4%AE%E0%B5%8B%E0%B4%9F%E0%B5%8D%E0%B4%9F%E0%B5%BC+%E0%B4%85%E0%B4%AA%E0%B5%87%E0%B4%95%E0%B5%8D%E0%B4%B7+%E0%B4%95%E0%B5%8D%E0%B4%B7%E0%B4%A3%E0%B4%BF%E0%B4%9A%E0%B5%8D%E0%B4%9A%E0%B5%81> (referer: https://www.google.com/)
warning: urllib failed (HTTP Error 429: Too Many Requests), retrying via scrapling: translate.googleapis.com
[2026-08-26 07:50:14] INFO: Fetched (200) <GET https://translate.googleapis.com/translate_a/single?client=gtx&sl=auto&tl=en&dt=t&q=KSFDC%E0%B4%AF%E0%B5%81%E0%B4%9F%E0%B5%86%C2%A0%27%E0%B4%B5%E0%B4%BF%E0%B4%95%E0%B5%8D%E0%B4%9F%E0%B5%8B%E0%B4%B1%E0%B4%BF%E0%B4%AF%27%C2%A0%E0%B4%B5%E0%B4%BF%E0%B4%A6%E0%B5%87%E0%B4%B6+%E0%B4%B8%E0%B5%8D%E0%B4%9F%E0%B5%8D%E0%B4%B0%E0%B5%80%E0%B4%AE%E0%B4%BF%E0%B4%82%E0%B4%97%E0%B5%8D+%E0%B4%AA%E0%B5%8D%E0%B4%B2%E0%B4%BE%E0%B4%B1%E0%B5%8D%E0%B4%B1%E0%B5%8D%E0%B4%AB%E0%B5%8B%E0%B4%AE%E0%B4%BF%E0%B5%BD> (referer: https://www.google.com/)
warning: urllib failed (HTTP Error 429: Too Many Requests), retrying via scrapling: translate.googleapis.com
[2026-08-26 07:50:15] INFO: Fetched (200) <GET https://translate.googleapis.com/translate_a/single?client=gtx&sl=auto&tl=en&dt=t&q=%E0%B4%AE%E0%B4%A4%E0%B5%8D%E0%B4%B8%E0%B5%8D%E0%B4%AF%E0%B4%A4%E0%B5%8D%E0%B4%A4%E0%B5%8A%E0%B4%B4%E0%B4%BF%E0%B4%B2%E0%B4%BE%E0%B4%B3%E0%B4%BF+%E0%B4%9C%E0%B4%BE%E0%B4%97%E0%B5%8D%E0%B4%B0%E0%B4%A4%E0%B4%BE+%E0%B4%A8%E0%B4%BF%E0%B5%BC%E0%B4%A6%E0%B5%87%E0%B4%B6%E0%B4%82> (referer: https://www.google.com/)
warning: urllib failed (HTTP Error 429: Too Many Requests), retrying via scrapling: translate.googleapis.com
[2026-08-26 07:50:17] INFO: Fetched (200) <GET https://translate.googleapis.com/translate_a/single?client=gtx&sl=auto&tl=en&dt=t&q=%E0%B4%85%E0%B4%A1%E0%B5%8D%E0%B4%AE%E0%B4%BF%E0%B4%B1%E0%B5%8D%E0%B4%B1%E0%B5%8D+%E0%B4%95%E0%B4%BE%E0%B5%BC%E0%B4%A1%E0%B5%8D+%E0%B4%A1%E0%B5%97%E0%B5%BA%E0%B4%B2%E0%B5%8B%E0%B4%A1%E0%B5%8D+%E0%B4%9A%E0%B5%86%E0%B4%AF%E0%B5%8D%E0%B4%AF%E0%B4%BE%E0%B4%82> (referer: https://www.google.com/)
warning: urllib failed (HTTP Error 429: Too Many Requests), retrying via scrapling: translate.googleapis.com
[2026-08-26 07:50:17] INFO: Fetched (200) <GET https://translate.googleapis.com/translate_a/single?client=gtx&sl=auto&tl=en&dt=t&q=%E0%B4%A4%E0%B5%80%E0%B4%AF%E0%B4%A4%E0%B4%BF+%E0%B4%A8%E0%B5%80%E0%B4%9F%E0%B5%8D%E0%B4%9F%E0%B4%BF> (referer: https://www.google.com/)
warning: urllib failed (HTTP Error 429: Too Many Requests), retrying via scrapling: translate.googleapis.com
[2026-08-26 07:50:19] INFO: Fetched (200) <GET https://translate.googleapis.com/translate_a/single?client=gtx&sl=auto&tl=en&dt=t&q=%E0%B4%AA%E0%B4%B0%E0%B5%80%E0%B4%95%E0%B5%8D%E0%B4%B7%E0%B4%BE%E0%B4%AB%E0%B4%B2%E0%B4%82> (referer: https://www.google.com/)
warning: urllib failed (HTTP Error 429: Too Many Requests), retrying via scrapling: translate.googleapis.com
[2026-08-26 07:51:13] INFO: Fetched (200) <GET https://translate.googleapis.com/translate_a/single?client=gtx&sl=auto&tl=en&dt=t&q=From+School+Infrastructure+to+Foreign+Language+Education%2C+Haryana+Government%E2%80%99s+Focus+is+Clear%3A+Mahipal+Dhanda> (referer: https://www.google.com/)
warning: urllib failed (<urlopen error [SSL: UNSAFE_LEGACY_RENEGOTIATION_DISABLED] unsafe legacy renegotiation disabled (_ssl.c:1082)>), retrying via scrapling: icad.wb.gov.in
[2026-08-26 07:51:16] INFO: Fetched (200) <GET https://icad.wb.gov.in/notice.php> (referer: https://www.google.com/)
warning: urllib failed (<urlopen error [SSL: UNSAFE_LEGACY_RENEGOTIATION_DISABLED] unsafe legacy renegotiation disabled (_ssl.c:1082)>), retrying via scrapling: icad.wb.gov.in
[2026-08-26 07:51:17] INFO: Fetched (200) <GET https://icad.wb.gov.in/govt-order.php> (referer: https://www.google.com/)
MP (Madhya Pradesh): fetched 454, 28 new (25 machine-translated) -> 63945 total in register
AP (Andhra Pradesh): fetched 107, 1 new (0 machine-translated) -> 107 total in register
UP (Uttar Pradesh): fetched 60, 11 new (11 machine-translated) -> 283 total in register
GJ (Gujarat): fetched 28, 12 new (10 machine-translated) -> 194 total in register
MH (Maharashtra): fetched 200, 34 new (34 machine-translated) -> 26400 total in register
KA (Karnataka): fetched 103, 0 new (0 machine-translated) -> 103 total in register
GA (Goa): fetched 200, 0 new (0 machine-translated) -> 335 total in register
RJ (Rajasthan): fetched 100, 80 new (79 machine-translated) -> 74476 total in register
PB (Punjab): fetched 16, 1 new (1 machine-translated) -> 35 total in register
MZ (Mizoram): fetched 50, 1 new (1 machine-translated) -> 98 total in register
NL (Nagaland): fetched 23, 11 new (1 machine-translated) -> 125 total in register
SK (Sikkim): fetched 30, 8 new (1 machine-translated) -> 92 total in register
CH (Chandigarh): fetched 21, 0 new (0 machine-translated) -> 21 total in register
DD (DNH & Daman-Diu): fetched 24, 4 new (1 machine-translated) -> 57 total in register
KL (Kerala): fetched 27, 27 new (27 machine-translated) -> 263 total in register
TS (Telangana): fetched 10, 0 new (0 machine-translated) -> 20 total in register
AS (Assam): fetched 13, 2 new (0 machine-translated) -> 15 total in register
TN (Tamil Nadu): fetched 272, 5 new (0 machine-translated) -> 282 total in register
BR (Bihar): fetched 30, 0 new (0 machine-translated) -> 30 total in register
OD (Odisha): fetched 12, 0 new (0 machine-translated) -> 12 total in register
HR (Haryana): fetched 100, 5 new (1 machine-translated) -> 113 total in register
DL (Delhi (NCT)): fetched 7, 0 new (0 machine-translated) -> 7 total in register
WB (West Bengal): fetched 28, 0 new (0 machine-translated) -> 28 total in register
signal pass: 0 translated, 0 failures this run (rerun resumes automatically; untranslated non-signal rows stay native)
reportage: 4099 scheme-mapped announcements across 39 quarters -> /Users/umashankar/digital-twin-for-ipa/docs/REPORTAGE.md
reportage html: 4099 rows pre-rendered -> /Users/umashankar/digital-twin-for-ipa/docs/reportage.html
reportage ministry html: 4099 central rows + 25 state rows across 49 ministries -> /Users/umashankar/digital-twin-for-ipa/docs/reportage_ministry.html
reportage latest html: 129 central rows, 584 state-wire rows (30d window) -> /Users/umashankar/digital-twin-for-ipa/docs/reportage_latest.html
reportage states html: 14904 classified rows across 29 quarters -> /Users/umashankar/digital-twin-for-ipa/docs/reportage_states.html
warning: urllib failed (<urlopen error _ssl.c:1064: The handshake operation timed out>), retrying via scrapling: www.mpinfo.org
[2026-08-27 08:34:34] WARNING: Proxy 'None' failed (attempt 1) | Retrying in 1 seconds...
[2026-08-27 08:34:48] WARNING: Attempt 2 failed: Failed to perform, curl: (35) BoringSSL SSL_connect: Connection closed abruptly (SSL_ERROR_SYSCALL; error queue empty) in connection to www.mpinfo.org:443. See https://curl.se/libcurl/c/libcurl-errors.html first for more details.. Retrying in 1 seconds...
[2026-08-27 08:35:01] ERROR: Failed after 3 attempts: Failed to perform, curl: (35) BoringSSL SSL_connect: Connection closed abruptly (SSL_ERROR_SYSCALL; error queue empty) in connection to www.mpinfo.org:443. See https://curl.se/libcurl/c/libcurl-errors.html first for more details.
MP 2026-08-27: FETCH FAILED (Failed to perform, curl: (35) BoringSSL SSL_connect: Connection closed abruptly (SSL_ERROR_SYSCALL; error queue empty) in connection to www.mpinfo.org:443. See https://curl.se/libcurl/c/libcurl-errors.html first for more details.)
warning: urllib failed (<urlopen error [SSL: UNEXPECTED_EOF_WHILE_READING] EOF occurred in violation of protocol (_ssl.c:1082)>), retrying via scrapling: www.mpinfo.org
[2026-08-27 08:35:26] WARNING: Attempt 1 failed: Failed to perform, curl: (35) BoringSSL SSL_connect: Connection closed abruptly (SSL_ERROR_SYSCALL; error queue empty) in connection to www.mpinfo.org:443. See https://curl.se/libcurl/c/libcurl-errors.html first for more details.. Retrying in 1 seconds...
[2026-08-27 08:35:39] WARNING: Attempt 2 failed: Failed to perform, curl: (35) BoringSSL SSL_connect: Connection closed abruptly (SSL_ERROR_SYSCALL; error queue empty) in connection to www.mpinfo.org:443. See https://curl.se/libcurl/c/libcurl-errors.html first for more details.. Retrying in 1 seconds...
[2026-08-27 08:35:52] ERROR: Failed after 3 attempts: Failed to perform, curl: (35) BoringSSL SSL_connect: Connection closed abruptly (SSL_ERROR_SYSCALL; error queue empty) in connection to www.mpinfo.org:443. See https://curl.se/libcurl/c/libcurl-errors.html first for more details.
MP 2026-08-26: FETCH FAILED (Failed to perform, curl: (35) BoringSSL SSL_connect: Connection closed abruptly (SSL_ERROR_SYSCALL; error queue empty) in connection to www.mpinfo.org:443. See https://curl.se/libcurl/c/libcurl-errors.html first for more details.)
warning: urllib failed (<urlopen error [SSL: UNEXPECTED_EOF_WHILE_READING] EOF occurred in violation of protocol (_ssl.c:1082)>), retrying via scrapling: www.mpinfo.org
[2026-08-27 08:36:18] WARNING: Attempt 1 failed: Failed to perform, curl: (35) BoringSSL SSL_connect: Connection closed abruptly (SSL_ERROR_SYSCALL; error queue empty) in connection to www.mpinfo.org:443. See https://curl.se/libcurl/c/libcurl-errors.html first for more details.. Retrying in 1 seconds...
[2026-08-27 08:36:31] WARNING: Attempt 2 failed: Failed to perform, curl: (35) BoringSSL SSL_connect: Connection closed abruptly (SSL_ERROR_SYSCALL; error queue empty) in connection to www.mpinfo.org:443. See https://curl.se/libcurl/c/libcurl-errors.html first for more details.. Retrying in 1 seconds...
[2026-08-27 08:36:44] ERROR: Failed after 3 attempts: Failed to perform, curl: (35) BoringSSL SSL_connect: Connection closed abruptly (SSL_ERROR_SYSCALL; error queue empty) in connection to www.mpinfo.org:443. See https://curl.se/libcurl/c/libcurl-errors.html first for more details.
MP 2026-08-25: FETCH FAILED (Failed to perform, curl: (35) BoringSSL SSL_connect: Connection closed abruptly (SSL_ERROR_SYSCALL; error queue empty) in connection to www.mpinfo.org:443. See https://curl.se/libcurl/c/libcurl-errors.html first for more details.)
warning: urllib failed (<urlopen error [SSL: UNEXPECTED_EOF_WHILE_READING] EOF occurred in violation of protocol (_ssl.c:1082)>), retrying via scrapling: www.mpinfo.org
[2026-08-27 08:37:09] WARNING: Attempt 1 failed: Failed to perform, curl: (35) BoringSSL SSL_connect: Connection closed abruptly (SSL_ERROR_SYSCALL; error queue empty) in connection to www.mpinfo.org:443. See https://curl.se/libcurl/c/libcurl-errors.html first for more details.. Retrying in 1 seconds...
[2026-08-27 08:37:22] WARNING: Attempt 2 failed: Failed to perform, curl: (35) BoringSSL SSL_connect: Connection closed abruptly (SSL_ERROR_SYSCALL; error queue empty) in connection to www.mpinfo.org:443. See https://curl.se/libcurl/c/libcurl-errors.html first for more details.. Retrying in 1 seconds...
[2026-08-27 08:37:35] ERROR: Failed after 3 attempts: Failed to perform, curl: (35) BoringSSL SSL_connect: Connection closed abruptly (SSL_ERROR_SYSCALL; error queue empty) in connection to www.mpinfo.org:443. See https://curl.se/libcurl/c/libcurl-errors.html first for more details.
MP 2026-08-24: FETCH FAILED (Failed to perform, curl: (35) BoringSSL SSL_connect: Connection closed abruptly (SSL_ERROR_SYSCALL; error queue empty) in connection to www.mpinfo.org:443. See https://curl.se/libcurl/c/libcurl-errors.html first for more details.)
warning: urllib failed (<urlopen error [SSL: UNEXPECTED_EOF_WHILE_READING] EOF occurred in violation of protocol (_ssl.c:1082)>), retrying via scrapling: www.mpinfo.org
[2026-08-27 08:38:00] WARNING: Attempt 1 failed: Failed to perform, curl: (35) BoringSSL SSL_connect: Connection closed abruptly (SSL_ERROR_SYSCALL; error queue empty) in connection to www.mpinfo.org:443. See https://curl.se/libcurl/c/libcurl-errors.html first for more details.. Retrying in 1 seconds...
[2026-08-27 08:38:13] WARNING: Attempt 2 failed: Failed to perform, curl: (35) BoringSSL SSL_connect: Connection closed abruptly (SSL_ERROR_SYSCALL; error queue empty) in connection to www.mpinfo.org:443. See https://curl.se/libcurl/c/libcurl-errors.html first for more details.. Retrying in 1 seconds...
[2026-08-27 08:38:27] ERROR: Failed after 3 attempts: Failed to perform, curl: (35) BoringSSL SSL_connect: Connection closed abruptly (SSL_ERROR_SYSCALL; error queue empty) in connection to www.mpinfo.org:443. See https://curl.se/libcurl/c/libcurl-errors.html first for more details.
MP 2026-08-23: FETCH FAILED (Failed to perform, curl: (35) BoringSSL SSL_connect: Connection closed abruptly (SSL_ERROR_SYSCALL; error queue empty) in connection to www.mpinfo.org:443. See https://curl.se/libcurl/c/libcurl-errors.html first for more details.)
warning: urllib failed (<urlopen error [SSL: UNEXPECTED_EOF_WHILE_READING] EOF occurred in violation of protocol (_ssl.c:1082)>), retrying via scrapling: www.mpinfo.org
[2026-08-27 08:38:51] WARNING: Attempt 1 failed: Failed to perform, curl: (35) BoringSSL SSL_connect: Connection closed abruptly (SSL_ERROR_SYSCALL; error queue empty) in connection to www.mpinfo.org:443. See https://curl.se/libcurl/c/libcurl-errors.html first for more details.. Retrying in 1 seconds...
[2026-08-27 08:39:05] WARNING: Attempt 2 failed: Failed to perform, curl: (35) BoringSSL SSL_connect: Connection closed abruptly (SSL_ERROR_SYSCALL; error queue empty) in connection to www.mpinfo.org:443. See https://curl.se/libcurl/c/libcurl-errors.html first for more details.. Retrying in 1 seconds...
[2026-08-27 08:39:18] ERROR: Failed after 3 attempts: Failed to perform, curl: (35) BoringSSL SSL_connect: Connection closed abruptly (SSL_ERROR_SYSCALL; error queue empty) in connection to www.mpinfo.org:443. See https://curl.se/libcurl/c/libcurl-errors.html first for more details.
MP 2026-08-22: FETCH FAILED (Failed to perform, curl: (35) BoringSSL SSL_connect: Connection closed abruptly (SSL_ERROR_SYSCALL; error queue empty) in connection to www.mpinfo.org:443. See https://curl.se/libcurl/c/libcurl-errors.html first for more details.)
warning: urllib failed (<urlopen error [SSL: UNEXPECTED_EOF_WHILE_READING] EOF occurred in violation of protocol (_ssl.c:1082)>), retrying via scrapling: www.mpinfo.org
[2026-08-27 08:39:42] WARNING: Attempt 1 failed: Failed to perform, curl: (35) BoringSSL SSL_connect: Connection closed abruptly (SSL_ERROR_SYSCALL; error queue empty) in connection to www.mpinfo.org:443. See https://curl.se/libcurl/c/libcurl-errors.html first for more details.. Retrying in 1 seconds...
[2026-08-27 08:39:56] WARNING: Attempt 2 failed: Failed to perform, curl: (35) BoringSSL SSL_connect: Connection closed abruptly (SSL_ERROR_SYSCALL; error queue empty) in connection to www.mpinfo.org:443. See https://curl.se/libcurl/c/libcurl-errors.html first for more details.. Retrying in 1 seconds...
[2026-08-27 08:40:09] ERROR: Failed after 3 attempts: Failed to perform, curl: (35) BoringSSL SSL_connect: Connection closed abruptly (SSL_ERROR_SYSCALL; error queue empty) in connection to www.mpinfo.org:443. See https://curl.se/libcurl/c/libcurl-errors.html first for more details.
MP 2026-08-21: FETCH FAILED (Failed to perform, curl: (35) BoringSSL SSL_connect: Connection closed abruptly (SSL_ERROR_SYSCALL; error queue empty) in connection to www.mpinfo.org:443. See https://curl.se/libcurl/c/libcurl-errors.html first for more details.)
warning: urllib failed (<urlopen error [SSL: UNEXPECTED_EOF_WHILE_READING] EOF occurred in violation of protocol (_ssl.c:1082)>), retrying via scrapling: www.mpinfo.org
[2026-08-27 08:40:34] WARNING: Attempt 1 failed: Failed to perform, curl: (35) BoringSSL SSL_connect: Connection closed abruptly (SSL_ERROR_SYSCALL; error queue empty) in connection to www.mpinfo.org:443. See https://curl.se/libcurl/c/libcurl-errors.html first for more details.. Retrying in 1 seconds...
[2026-08-27 08:40:48] WARNING: Attempt 2 failed: Failed to perform, curl: (35) BoringSSL SSL_connect: Connection closed abruptly (SSL_ERROR_SYSCALL; error queue empty) in connection to www.mpinfo.org:443. See https://curl.se/libcurl/c/libcurl-errors.html first for more details.. Retrying in 1 seconds...
[2026-08-27 08:41:01] ERROR: Failed after 3 attempts: Failed to perform, curl: (35) BoringSSL SSL_connect: Connection closed abruptly (SSL_ERROR_SYSCALL; error queue empty) in connection to www.mpinfo.org:443. See https://curl.se/libcurl/c/libcurl-errors.html first for more details.
MP 2026-08-20: FETCH FAILED (Failed to perform, curl: (35) BoringSSL SSL_connect: Connection closed abruptly (SSL_ERROR_SYSCALL; error queue empty) in connection to www.mpinfo.org:443. See https://curl.se/libcurl/c/libcurl-errors.html first for more details.)
warning: urllib failed (<urlopen error [SSL: UNEXPECTED_EOF_WHILE_READING] EOF occurred in violation of protocol (_ssl.c:1082)>), retrying via scrapling: www.mpinfo.org
[2026-08-27 08:41:26] WARNING: Attempt 1 failed: Failed to perform, curl: (35) BoringSSL SSL_connect: Connection closed abruptly (SSL_ERROR_SYSCALL; error queue empty) in connection to www.mpinfo.org:443. See https://curl.se/libcurl/c/libcurl-errors.html first for more details.. Retrying in 1 seconds...
[2026-08-27 08:41:40] WARNING: Attempt 2 failed: Failed to perform, curl: (35) BoringSSL SSL_connect: Connection closed abruptly (SSL_ERROR_SYSCALL; error queue empty) in connection to www.mpinfo.org:443. See https://curl.se/libcurl/c/libcurl-errors.html first for more details.. Retrying in 1 seconds...
[2026-08-27 08:41:53] ERROR: Failed after 3 attempts: Failed to perform, curl: (35) BoringSSL SSL_connect: Connection closed abruptly (SSL_ERROR_SYSCALL; error queue empty) in connection to www.mpinfo.org:443. See https://curl.se/libcurl/c/libcurl-errors.html first for more details.
MP 2026-08-19: FETCH FAILED (Failed to perform, curl: (35) BoringSSL SSL_connect: Connection closed abruptly (SSL_ERROR_SYSCALL; error queue empty) in connection to www.mpinfo.org:443. See https://curl.se/libcurl/c/libcurl-errors.html first for more details.)
warning: urllib failed (<urlopen error [SSL: UNEXPECTED_EOF_WHILE_READING] EOF occurred in violation of protocol (_ssl.c:1082)>), retrying via scrapling: www.mpinfo.org
[2026-08-27 08:42:18] WARNING: Attempt 1 failed: Failed to perform, curl: (35) BoringSSL SSL_connect: Connection closed abruptly (SSL_ERROR_SYSCALL; error queue empty) in connection to www.mpinfo.org:443. See https://curl.se/libcurl/c/libcurl-errors.html first for more details.. Retrying in 1 seconds...
[2026-08-27 08:42:31] WARNING: Attempt 2 failed: Failed to perform, curl: (35) BoringSSL SSL_connect: Connection closed abruptly (SSL_ERROR_SYSCALL; error queue empty) in connection to www.mpinfo.org:443. See https://curl.se/libcurl/c/libcurl-errors.html first for more details.. Retrying in 1 seconds...
[2026-08-27 08:42:45] ERROR: Failed after 3 attempts: Failed to perform, curl: (35) BoringSSL SSL_connect: Connection closed abruptly (SSL_ERROR_SYSCALL; error queue empty) in connection to www.mpinfo.org:443. See https://curl.se/libcurl/c/libcurl-errors.html first for more details.
MP 2026-08-18: FETCH FAILED (Failed to perform, curl: (35) BoringSSL SSL_connect: Connection closed abruptly (SSL_ERROR_SYSCALL; error queue empty) in connection to www.mpinfo.org:443. See https://curl.se/libcurl/c/libcurl-errors.html first for more details.)
warning: urllib failed (<urlopen error [SSL: UNEXPECTED_EOF_WHILE_READING] EOF occurred in violation of protocol (_ssl.c:1082)>), retrying via scrapling: www.mpinfo.org
[2026-08-27 08:43:10] WARNING: Attempt 1 failed: Failed to perform, curl: (35) BoringSSL SSL_connect: Connection closed abruptly (SSL_ERROR_SYSCALL; error queue empty) in connection to www.mpinfo.org:443. See https://curl.se/libcurl/c/libcurl-errors.html first for more details.. Retrying in 1 seconds...
[2026-08-27 08:43:23] WARNING: Attempt 2 failed: Failed to perform, curl: (35) BoringSSL SSL_connect: Connection closed abruptly (SSL_ERROR_SYSCALL; error queue empty) in connection to www.mpinfo.org:443. See https://curl.se/libcurl/c/libcurl-errors.html first for more details.. Retrying in 1 seconds...
[2026-08-27 08:43:37] ERROR: Failed after 3 attempts: Failed to perform, curl: (35) BoringSSL SSL_connect: Connection closed abruptly (SSL_ERROR_SYSCALL; error queue empty) in connection to www.mpinfo.org:443. See https://curl.se/libcurl/c/libcurl-errors.html first for more details.
MP 2026-08-17: FETCH FAILED (Failed to perform, curl: (35) BoringSSL SSL_connect: Connection closed abruptly (SSL_ERROR_SYSCALL; error queue empty) in connection to www.mpinfo.org:443. See https://curl.se/libcurl/c/libcurl-errors.html first for more details.)
warning: urllib failed (<urlopen error [SSL: UNEXPECTED_EOF_WHILE_READING] EOF occurred in violation of protocol (_ssl.c:1082)>), retrying via scrapling: www.mpinfo.org
[2026-08-27 08:44:02] WARNING: Attempt 1 failed: Failed to perform, curl: (35) BoringSSL SSL_connect: Connection closed abruptly (SSL_ERROR_SYSCALL; error queue empty) in connection to www.mpinfo.org:443. See https://curl.se/libcurl/c/libcurl-errors.html first for more details.. Retrying in 1 seconds...
[2026-08-27 08:44:15] WARNING: Attempt 2 failed: Failed to perform, curl: (35) BoringSSL SSL_connect: Connection closed abruptly (SSL_ERROR_SYSCALL; error queue empty) in connection to www.mpinfo.org:443. See https://curl.se/libcurl/c/libcurl-errors.html first for more details.. Retrying in 1 seconds...
[2026-08-27 08:44:28] ERROR: Failed after 3 attempts: Failed to perform, curl: (35) BoringSSL SSL_connect: Connection closed abruptly (SSL_ERROR_SYSCALL; error queue empty) in connection to www.mpinfo.org:443. See https://curl.se/libcurl/c/libcurl-errors.html first for more details.
MP 2026-08-16: FETCH FAILED (Failed to perform, curl: (35) BoringSSL SSL_connect: Connection closed abruptly (SSL_ERROR_SYSCALL; error queue empty) in connection to www.mpinfo.org:443. See https://curl.se/libcurl/c/libcurl-errors.html first for more details.)
warning: urllib failed (<urlopen error [SSL: UNEXPECTED_EOF_WHILE_READING] EOF occurred in violation of protocol (_ssl.c:1082)>), retrying via scrapling: www.mpinfo.org
[2026-08-27 08:44:53] WARNING: Attempt 1 failed: Failed to perform, curl: (35) BoringSSL SSL_connect: Connection closed abruptly (SSL_ERROR_SYSCALL; error queue empty) in connection to www.mpinfo.org:443. See https://curl.se/libcurl/c/libcurl-errors.html first for more details.. Retrying in 1 seconds...
[2026-08-27 08:45:07] WARNING: Attempt 2 failed: Failed to perform, curl: (35) BoringSSL SSL_connect: Connection closed abruptly (SSL_ERROR_SYSCALL; error queue empty) in connection to www.mpinfo.org:443. See https://curl.se/libcurl/c/libcurl-errors.html first for more details.. Retrying in 1 seconds...
[2026-08-27 08:45:20] ERROR: Failed after 3 attempts: Failed to perform, curl: (35) BoringSSL SSL_connect: Connection closed abruptly (SSL_ERROR_SYSCALL; error queue empty) in connection to www.mpinfo.org:443. See https://curl.se/libcurl/c/libcurl-errors.html first for more details.
MP 2026-08-15: FETCH FAILED (Failed to perform, curl: (35) BoringSSL SSL_connect: Connection closed abruptly (SSL_ERROR_SYSCALL; error queue empty) in connection to www.mpinfo.org:443. See https://curl.se/libcurl/c/libcurl-errors.html first for more details.)
warning: urllib failed (<urlopen error [SSL: UNEXPECTED_EOF_WHILE_READING] EOF occurred in violation of protocol (_ssl.c:1082)>), retrying via scrapling: www.mpinfo.org
[2026-08-27 08:45:46] WARNING: Attempt 1 failed: Failed to perform, curl: (35) BoringSSL SSL_connect: Connection closed abruptly (SSL_ERROR_SYSCALL; error queue empty) in connection to www.mpinfo.org:443. See https://curl.se/libcurl/c/libcurl-errors.html first for more details.. Retrying in 1 seconds...
[2026-08-27 08:45:59] WARNING: Attempt 2 failed: Failed to perform, curl: (35) BoringSSL SSL_connect: Connection closed abruptly (SSL_ERROR_SYSCALL; error queue empty) in connection to www.mpinfo.org:443. See https://curl.se/libcurl/c/libcurl-errors.html first for more details.. Retrying in 1 seconds...
[2026-08-27 08:46:12] ERROR: Failed after 3 attempts: Failed to perform, curl: (35) BoringSSL SSL_connect: Connection closed abruptly (SSL_ERROR_SYSCALL; error queue empty) in connection to www.mpinfo.org:443. See https://curl.se/libcurl/c/libcurl-errors.html first for more details.
MP 2026-08-14: FETCH FAILED (Failed to perform, curl: (35) BoringSSL SSL_connect: Connection closed abruptly (SSL_ERROR_SYSCALL; error queue empty) in connection to www.mpinfo.org:443. See https://curl.se/libcurl/c/libcurl-errors.html first for more details.)
warning: urllib failed (<urlopen error [SSL: UNEXPECTED_EOF_WHILE_READING] EOF occurred in violation of protocol (_ssl.c:1082)>), retrying via scrapling: www.ap.gov.in
[2026-08-27 08:46:38] WARNING: Attempt 1 failed: Failed to perform, curl: (35) BoringSSL SSL_connect: Connection closed abruptly (SSL_ERROR_SYSCALL; error queue empty) in connection to www.ap.gov.in:443. See https://curl.se/libcurl/c/libcurl-errors.html first for more details.. Retrying in 1 seconds...
[2026-08-27 08:46:51] WARNING: Attempt 2 failed: Failed to perform, curl: (35) BoringSSL SSL_connect: Connection closed abruptly (SSL_ERROR_SYSCALL; error queue empty) in connection to www.ap.gov.in:443. See https://curl.se/libcurl/c/libcurl-errors.html first for more details.. Retrying in 1 seconds...
[2026-08-27 08:47:04] ERROR: Failed after 3 attempts: Failed to perform, curl: (35) BoringSSL SSL_connect: Connection closed abruptly (SSL_ERROR_SYSCALL; error queue empty) in connection to www.ap.gov.in:443. See https://curl.se/libcurl/c/libcurl-errors.html first for more details.
AP ApNewsLatestAnnouncements: FETCH FAILED (Failed to perform, curl: (35) BoringSSL SSL_connect: Connection closed abruptly (SSL_ERROR_SYSCALL; error queue empty) in connection to www.ap.gov.in:443. See https://curl.se/libcurl/c/libcurl-errors.html first for more details.)
warning: urllib failed (<urlopen error [SSL: UNEXPECTED_EOF_WHILE_READING] EOF occurred in violation of protocol (_ssl.c:1082)>), retrying via scrapling: www.ap.gov.in
[2026-08-27 08:47:29] WARNING: Attempt 1 failed: Failed to perform, curl: (35) BoringSSL SSL_connect: Connection closed abruptly (SSL_ERROR_SYSCALL; error queue empty) in connection to www.ap.gov.in:443. See https://curl.se/libcurl/c/libcurl-errors.html first for more details.. Retrying in 1 seconds...
[2026-08-27 08:47:42] WARNING: Attempt 2 failed: Failed to perform, curl: (35) BoringSSL SSL_connect: Connection closed abruptly (SSL_ERROR_SYSCALL; error queue empty) in connection to www.ap.gov.in:443. See https://curl.se/libcurl/c/libcurl-errors.html first for more details.. Retrying in 1 seconds...
[2026-08-27 08:47:55] ERROR: Failed after 3 attempts: Failed to perform, curl: (35) BoringSSL SSL_connect: Connection closed abruptly (SSL_ERROR_SYSCALL; error queue empty) in connection to www.ap.gov.in:443. See https://curl.se/libcurl/c/libcurl-errors.html first for more details.
AP ApNewsAnnouncements: FETCH FAILED (Failed to perform, curl: (35) BoringSSL SSL_connect: Connection closed abruptly (SSL_ERROR_SYSCALL; error queue empty) in connection to www.ap.gov.in:443. See https://curl.se/libcurl/c/libcurl-errors.html first for more details.)
warning: urllib failed (HTTP Error 403: Forbidden), retrying via scrapling: mahasamvad.in
[2026-08-27 08:48:07] INFO: Fetched (403) <GET https://mahasamvad.in/wp-json/wp/v2/posts?per_page=100&page=1&_fields=id%2Cdate%2Clink%2Ctitle%2Ccategories> (referer: https://www.google.com/)
MH page 1: FETCH FAILED (Expecting value: line 1 column 1 (char 0))
warning: urllib failed (<urlopen error [SSL: UNEXPECTED_EOF_WHILE_READING] EOF occurred in violation of protocol (_ssl.c:1082)>), retrying via scrapling: ipr.punjab.gov.in
[2026-08-27 08:49:00] WARNING: Attempt 1 failed: Failed to perform, curl: (35) BoringSSL SSL_connect: Connection closed abruptly (SSL_ERROR_SYSCALL; error queue empty) in connection to ipr.punjab.gov.in:443. See https://curl.se/libcurl/c/libcurl-errors.html first for more details.. Retrying in 1 seconds...
[2026-08-27 08:49:13] WARNING: Attempt 2 failed: Failed to perform, curl: (35) BoringSSL SSL_connect: Connection closed abruptly (SSL_ERROR_SYSCALL; error queue empty) in connection to ipr.punjab.gov.in:443. See https://curl.se/libcurl/c/libcurl-errors.html first for more details.. Retrying in 1 seconds...
[2026-08-27 08:49:26] ERROR: Failed after 3 attempts: Failed to perform, curl: (35) BoringSSL SSL_connect: Connection closed abruptly (SSL_ERROR_SYSCALL; error queue empty) in connection to ipr.punjab.gov.in:443. See https://curl.se/libcurl/c/libcurl-errors.html first for more details.
PB: FETCH FAILED (Failed to perform, curl: (35) BoringSSL SSL_connect: Connection closed abruptly (SSL_ERROR_SYSCALL; error queue empty) in connection to ipr.punjab.gov.in:443. See https://curl.se/libcurl/c/libcurl-errors.html first for more details.)
warning: broken cert chain, retrying unverified: chandigarh.gov.in
KL: FETCH FAILED (The read operation timed out)
warning: urllib failed (<urlopen error [SSL: UNEXPECTED_EOF_WHILE_READING] EOF occurred in violation of protocol (_ssl.c:1082)>), retrying via scrapling: dipr.assam.gov.in
[2026-08-27 08:51:15] WARNING: Attempt 1 failed: Failed to perform, curl: (35) BoringSSL SSL_connect: Connection closed abruptly (SSL_ERROR_SYSCALL; error queue empty) in connection to dipr.assam.gov.in:443. See https://curl.se/libcurl/c/libcurl-errors.html first for more details.. Retrying in 1 seconds...
[2026-08-27 08:51:29] WARNING: Attempt 2 failed: Failed to perform, curl: (35) BoringSSL SSL_connect: Connection closed abruptly (SSL_ERROR_SYSCALL; error queue empty) in connection to dipr.assam.gov.in:443. See https://curl.se/libcurl/c/libcurl-errors.html first for more details.. Retrying in 1 seconds...
[2026-08-27 08:51:42] ERROR: Failed after 3 attempts: Failed to perform, curl: (35) BoringSSL SSL_connect: Connection closed abruptly (SSL_ERROR_SYSCALL; error queue empty) in connection to dipr.assam.gov.in:443. See https://curl.se/libcurl/c/libcurl-errors.html first for more details.
AS: FETCH FAILED (Failed to perform, curl: (35) BoringSSL SSL_connect: Connection closed abruptly (SSL_ERROR_SYSCALL; error queue empty) in connection to dipr.assam.gov.in:443. See https://curl.se/libcurl/c/libcurl-errors.html first for more details.)
warning: urllib failed (<urlopen error [SSL: UNEXPECTED_EOF_WHILE_READING] EOF occurred in violation of protocol (_ssl.c:1082)>), retrying via scrapling: delhi.gov.in
[2026-08-27 08:52:50] WARNING: Attempt 1 failed: Failed to perform, curl: (35) BoringSSL SSL_connect: Connection closed abruptly (SSL_ERROR_SYSCALL; error queue empty) in connection to delhi.gov.in:443. See https://curl.se/libcurl/c/libcurl-errors.html first for more details.. Retrying in 1 seconds...
[2026-08-27 08:53:03] WARNING: Attempt 2 failed: Failed to perform, curl: (35) BoringSSL SSL_connect: Connection closed abruptly (SSL_ERROR_SYSCALL; error queue empty) in connection to delhi.gov.in:443. See https://curl.se/libcurl/c/libcurl-errors.html first for more details.. Retrying in 1 seconds...
[2026-08-27 08:53:16] ERROR: Failed after 3 attempts: Failed to perform, curl: (35) BoringSSL SSL_connect: Connection closed abruptly (SSL_ERROR_SYSCALL; error queue empty) in connection to delhi.gov.in:443. See https://curl.se/libcurl/c/libcurl-errors.html first for more details.
DL: FETCH FAILED (Failed to perform, curl: (35) BoringSSL SSL_connect: Connection closed abruptly (SSL_ERROR_SYSCALL; error queue empty) in connection to delhi.gov.in:443. See https://curl.se/libcurl/c/libcurl-errors.html first for more details.)
warning: urllib failed (<urlopen error [SSL: UNSAFE_LEGACY_RENEGOTIATION_DISABLED] unsafe legacy renegotiation disabled (_ssl.c:1082)>), retrying via scrapling: icad.wb.gov.in
[2026-08-27 08:53:18] INFO: Fetched (200) <GET https://icad.wb.gov.in/notice.php> (referer: https://www.google.com/)
warning: urllib failed (<urlopen error [SSL: UNSAFE_LEGACY_RENEGOTIATION_DISABLED] unsafe legacy renegotiation disabled (_ssl.c:1082)>), retrying via scrapling: icad.wb.gov.in
[2026-08-27 08:53:19] INFO: Fetched (200) <GET https://icad.wb.gov.in/govt-order.php> (referer: https://www.google.com/)
MP (Madhya Pradesh): fetched 0, 0 new (0 machine-translated) -> 63945 total in register
AP (Andhra Pradesh): fetched 0, 0 new (0 machine-translated) -> 107 total in register
UP (Uttar Pradesh): fetched 60, 2 new (2 machine-translated) -> 285 total in register
GJ (Gujarat): fetched 28, 0 new (0 machine-translated) -> 194 total in register
MH (Maharashtra): fetched 0, 0 new (0 machine-translated) -> 26400 total in register
KA (Karnataka): fetched 103, 0 new (0 machine-translated) -> 103 total in register
GA (Goa): fetched 200, 0 new (0 machine-translated) -> 335 total in register
RJ (Rajasthan): fetched 100, 18 new (17 machine-translated) -> 74494 total in register
PB (Punjab): fetched 0, 0 new (0 machine-translated) -> 35 total in register
MZ (Mizoram): fetched 50, 0 new (0 machine-translated) -> 98 total in register
NL (Nagaland): fetched 23, 0 new (0 machine-translated) -> 125 total in register
SK (Sikkim): fetched 30, 5 new (0 machine-translated) -> 97 total in register
CH (Chandigarh): fetched 21, 0 new (0 machine-translated) -> 21 total in register
DD (DNH & Daman-Diu): fetched 24, 0 new (0 machine-translated) -> 57 total in register
KL (Kerala): fetched 0, 0 new (0 machine-translated) -> 263 total in register
TS (Telangana): fetched 10, 0 new (0 machine-translated) -> 20 total in register
AS (Assam): fetched 0, 0 new (0 machine-translated) -> 15 total in register
TN (Tamil Nadu): fetched 276, 5 new (0 machine-translated) -> 287 total in register
BR (Bihar): fetched 30, 0 new (0 machine-translated) -> 30 total in register
OD (Odisha): fetched 11, 5 new (3 machine-translated) -> 17 total in register
HR (Haryana): fetched 99, 11 new (2 machine-translated) -> 124 total in register
DL (Delhi (NCT)): fetched 0, 0 new (0 machine-translated) -> 7 total in register
WB (West Bengal): fetched 28, 0 new (0 machine-translated) -> 28 total in register
signal pass: 0 translated, 0 failures this run (rerun resumes automatically; untranslated non-signal rows stay native)
reportage: 4099 scheme-mapped announcements across 39 quarters -> /Users/umashankar/digital-twin-for-ipa/docs/REPORTAGE.md
reportage html: 4099 rows pre-rendered -> /Users/umashankar/digital-twin-for-ipa/docs/reportage.html
reportage ministry html: 4099 central rows + 25 state rows across 49 ministries -> /Users/umashankar/digital-twin-for-ipa/docs/reportage_ministry.html
reportage latest html: 129 central rows, 563 state-wire rows (30d window) -> /Users/umashankar/digital-twin-for-ipa/docs/reportage_latest.html
reportage states html: 14907 classified rows across 29 quarters -> /Users/umashankar/digital-twin-for-ipa/docs/reportage_states.html
  2026-08-27   46 releases
  2026-08-28    1 releases
indexed 47 release rows 2026-08-27 → 2026-08-28
warning: broken cert chain, retrying unverified: chandigarh.gov.in
warning: urllib failed (<urlopen error [SSL: UNSAFE_LEGACY_RENEGOTIATION_DISABLED] unsafe legacy renegotiation disabled (_ssl.c:1082)>), retrying via scrapling: icad.wb.gov.in
[2026-08-28 07:47:03] INFO: Fetched (200) <GET https://icad.wb.gov.in/notice.php> (referer: https://www.google.com/)
warning: urllib failed (<urlopen error [SSL: UNSAFE_LEGACY_RENEGOTIATION_DISABLED] unsafe legacy renegotiation disabled (_ssl.c:1082)>), retrying via scrapling: icad.wb.gov.in
[2026-08-28 07:47:04] INFO: Fetched (200) <GET https://icad.wb.gov.in/govt-order.php> (referer: https://www.google.com/)
MP (Madhya Pradesh): fetched 396, 53 new (43 machine-translated) -> 63998 total in register
AP (Andhra Pradesh): fetched 108, 1 new (0 machine-translated) -> 108 total in register
UP (Uttar Pradesh): fetched 60, 5 new (5 machine-translated) -> 290 total in register
GJ (Gujarat): fetched 23, 15 new (10 machine-translated) -> 209 total in register
MH (Maharashtra): fetched 200, 39 new (39 machine-translated) -> 26439 total in register
KA (Karnataka): fetched 103, 0 new (0 machine-translated) -> 103 total in register
GA (Goa): fetched 200, 0 new (0 machine-translated) -> 335 total in register
RJ (Rajasthan): fetched 100, 52 new (51 machine-translated) -> 74546 total in register
PB (Punjab): fetched 14, 1 new (1 machine-translated) -> 36 total in register
MZ (Mizoram): fetched 50, 3 new (0 machine-translated) -> 101 total in register
NL (Nagaland): fetched 24, 4 new (0 machine-translated) -> 129 total in register
SK (Sikkim): fetched 30, 4 new (1 machine-translated) -> 101 total in register
CH (Chandigarh): fetched 21, 1 new (0 machine-translated) -> 22 total in register
DD (DNH & Daman-Diu): fetched 24, 1 new (0 machine-translated) -> 58 total in register
KL (Kerala): fetched 27, 4 new (4 machine-translated) -> 267 total in register
TS (Telangana): fetched 10, 3 new (3 machine-translated) -> 23 total in register
AS (Assam): fetched 14, 3 new (0 machine-translated) -> 18 total in register
TN (Tamil Nadu): fetched 283, 13 new (0 machine-translated) -> 300 total in register
BR (Bihar): fetched 30, 0 new (0 machine-translated) -> 30 total in register
OD (Odisha): fetched 11, 0 new (0 machine-translated) -> 17 total in register
HR (Haryana): fetched 99, 9 new (3 machine-translated) -> 133 total in register
DL (Delhi (NCT)): fetched 7, 0 new (0 machine-translated) -> 7 total in register
WB (West Bengal): fetched 28, 0 new (0 machine-translated) -> 28 total in register
signal pass: 0 translated, 0 failures this run (rerun resumes automatically; untranslated non-signal rows stay native)
reportage: 4100 scheme-mapped announcements across 39 quarters -> /Users/umashankar/digital-twin-for-ipa/docs/REPORTAGE.md
reportage html: 4100 rows pre-rendered -> /Users/umashankar/digital-twin-for-ipa/docs/reportage.html
reportage ministry html: 4100 central rows + 25 state rows across 49 ministries -> /Users/umashankar/digital-twin-for-ipa/docs/reportage_ministry.html
reportage latest html: 125 central rows, 541 state-wire rows (30d window) -> /Users/umashankar/digital-twin-for-ipa/docs/reportage_latest.html
reportage states html: 14922 classified rows across 29 quarters -> /Users/umashankar/digital-twin-for-ipa/docs/reportage_states.html
  2026-08-29   45 releases
indexed 45 release rows 2026-08-29 → 2026-08-29
warning: urllib failed (<urlopen error [SSL: UNEXPECTED_EOF_WHILE_READING] EOF occurred in violation of protocol (_ssl.c:1082)>), retrying via scrapling: www.mpinfo.org
[2026-08-29 07:40:27] WARNING: Attempt 1 failed: Failed to perform, curl: (35) BoringSSL SSL_connect: Connection closed abruptly (SSL_ERROR_SYSCALL; error queue empty) in connection to www.mpinfo.org:443. See https://curl.se/libcurl/c/libcurl-errors.html first for more details.. Retrying in 1 seconds...
[2026-08-29 07:40:41] WARNING: Attempt 2 failed: Failed to perform, curl: (35) BoringSSL SSL_connect: Connection closed abruptly (SSL_ERROR_SYSCALL; error queue empty) in connection to www.mpinfo.org:443. See https://curl.se/libcurl/c/libcurl-errors.html first for more details.. Retrying in 1 seconds...
[2026-08-29 07:40:54] ERROR: Failed after 3 attempts: Failed to perform, curl: (35) BoringSSL SSL_connect: Connection closed abruptly (SSL_ERROR_SYSCALL; error queue empty) in connection to www.mpinfo.org:443. See https://curl.se/libcurl/c/libcurl-errors.html first for more details.
MP 2026-08-29: FETCH FAILED (Failed to perform, curl: (35) BoringSSL SSL_connect: Connection closed abruptly (SSL_ERROR_SYSCALL; error queue empty) in connection to www.mpinfo.org:443. See https://curl.se/libcurl/c/libcurl-errors.html first for more details.)
warning: urllib failed (<urlopen error [SSL: UNEXPECTED_EOF_WHILE_READING] EOF occurred in violation of protocol (_ssl.c:1082)>), retrying via scrapling: www.mpinfo.org
[2026-08-29 07:41:20] WARNING: Attempt 1 failed: Failed to perform, curl: (35) BoringSSL SSL_connect: Connection closed abruptly (SSL_ERROR_SYSCALL; error queue empty) in connection to www.mpinfo.org:443. See https://curl.se/libcurl/c/libcurl-errors.html first for more details.. Retrying in 1 seconds...
[2026-08-29 07:41:33] WARNING: Attempt 2 failed: Failed to perform, curl: (35) BoringSSL SSL_connect: Connection closed abruptly (SSL_ERROR_SYSCALL; error queue empty) in connection to www.mpinfo.org:443. See https://curl.se/libcurl/c/libcurl-errors.html first for more details.. Retrying in 1 seconds...
[2026-08-29 07:41:46] ERROR: Failed after 3 attempts: Failed to perform, curl: (35) BoringSSL SSL_connect: Connection closed abruptly (SSL_ERROR_SYSCALL; error queue empty) in connection to www.mpinfo.org:443. See https://curl.se/libcurl/c/libcurl-errors.html first for more details.
MP 2026-08-28: FETCH FAILED (Failed to perform, curl: (35) BoringSSL SSL_connect: Connection closed abruptly (SSL_ERROR_SYSCALL; error queue empty) in connection to www.mpinfo.org:443. See https://curl.se/libcurl/c/libcurl-errors.html first for more details.)
warning: urllib failed (<urlopen error [SSL: UNEXPECTED_EOF_WHILE_READING] EOF occurred in violation of protocol (_ssl.c:1082)>), retrying via scrapling: www.mpinfo.org
[2026-08-29 07:42:12] WARNING: Attempt 1 failed: Failed to perform, curl: (35) BoringSSL SSL_connect: Connection closed abruptly (SSL_ERROR_SYSCALL; error queue empty) in connection to www.mpinfo.org:443. See https://curl.se/libcurl/c/libcurl-errors.html first for more details.. Retrying in 1 seconds...
[2026-08-29 07:42:27] WARNING: Attempt 2 failed: Failed to perform, curl: (35) BoringSSL SSL_connect: Connection closed abruptly (SSL_ERROR_SYSCALL; error queue empty) in connection to www.mpinfo.org:443. See https://curl.se/libcurl/c/libcurl-errors.html first for more details.. Retrying in 1 seconds...
[2026-08-29 07:42:40] ERROR: Failed after 3 attempts: Failed to perform, curl: (35) BoringSSL SSL_connect: Connection closed abruptly (SSL_ERROR_SYSCALL; error queue empty) in connection to www.mpinfo.org:443. See https://curl.se/libcurl/c/libcurl-errors.html first for more details.
MP 2026-08-27: FETCH FAILED (Failed to perform, curl: (35) BoringSSL SSL_connect: Connection closed abruptly (SSL_ERROR_SYSCALL; error queue empty) in connection to www.mpinfo.org:443. See https://curl.se/libcurl/c/libcurl-errors.html first for more details.)
warning: urllib failed (<urlopen error [SSL: UNEXPECTED_EOF_WHILE_READING] EOF occurred in violation of protocol (_ssl.c:1082)>), retrying via scrapling: www.mpinfo.org
[2026-08-29 07:43:06] WARNING: Attempt 1 failed: Failed to perform, curl: (35) BoringSSL SSL_connect: Connection closed abruptly (SSL_ERROR_SYSCALL; error queue empty) in connection to www.mpinfo.org:443. See https://curl.se/libcurl/c/libcurl-errors.html first for more details.. Retrying in 1 seconds...
[2026-08-29 07:43:20] WARNING: Attempt 2 failed: Failed to perform, curl: (35) BoringSSL SSL_connect: Connection closed abruptly (SSL_ERROR_SYSCALL; error queue empty) in connection to www.mpinfo.org:443. See https://curl.se/libcurl/c/libcurl-errors.html first for more details.. Retrying in 1 seconds...
[2026-08-29 07:43:33] ERROR: Failed after 3 attempts: Failed to perform, curl: (35) BoringSSL SSL_connect: Connection closed abruptly (SSL_ERROR_SYSCALL; error queue empty) in connection to www.mpinfo.org:443. See https://curl.se/libcurl/c/libcurl-errors.html first for more details.
MP 2026-08-26: FETCH FAILED (Failed to perform, curl: (35) BoringSSL SSL_connect: Connection closed abruptly (SSL_ERROR_SYSCALL; error queue empty) in connection to www.mpinfo.org:443. See https://curl.se/libcurl/c/libcurl-errors.html first for more details.)
warning: urllib failed (<urlopen error [SSL: UNEXPECTED_EOF_WHILE_READING] EOF occurred in violation of protocol (_ssl.c:1082)>), retrying via scrapling: www.mpinfo.org
[2026-08-29 07:43:59] WARNING: Attempt 1 failed: Failed to perform, curl: (35) BoringSSL SSL_connect: Connection closed abruptly (SSL_ERROR_SYSCALL; error queue empty) in connection to www.mpinfo.org:443. See https://curl.se/libcurl/c/libcurl-errors.html first for more details.. Retrying in 1 seconds...
[2026-08-29 07:44:13] WARNING: Attempt 2 failed: Failed to perform, curl: (35) BoringSSL SSL_connect: Connection closed abruptly (SSL_ERROR_SYSCALL; error queue empty) in connection to www.mpinfo.org:443. See https://curl.se/libcurl/c/libcurl-errors.html first for more details.. Retrying in 1 seconds...
[2026-08-29 07:44:26] ERROR: Failed after 3 attempts: Failed to perform, curl: (35) BoringSSL SSL_connect: Connection closed abruptly (SSL_ERROR_SYSCALL; error queue empty) in connection to www.mpinfo.org:443. See https://curl.se/libcurl/c/libcurl-errors.html first for more details.
MP 2026-08-25: FETCH FAILED (Failed to perform, curl: (35) BoringSSL SSL_connect: Connection closed abruptly (SSL_ERROR_SYSCALL; error queue empty) in connection to www.mpinfo.org:443. See https://curl.se/libcurl/c/libcurl-errors.html first for more details.)
warning: urllib failed (<urlopen error [SSL: UNEXPECTED_EOF_WHILE_READING] EOF occurred in violation of protocol (_ssl.c:1082)>), retrying via scrapling: www.mpinfo.org
[2026-08-29 07:44:51] WARNING: Attempt 1 failed: Failed to perform, curl: (35) BoringSSL SSL_connect: Connection closed abruptly (SSL_ERROR_SYSCALL; error queue empty) in connection to www.mpinfo.org:443. See https://curl.se/libcurl/c/libcurl-errors.html first for more details.. Retrying in 1 seconds...
[2026-08-29 07:45:05] WARNING: Attempt 2 failed: Failed to perform, curl: (35) BoringSSL SSL_connect: Connection closed abruptly (SSL_ERROR_SYSCALL; error queue empty) in connection to www.mpinfo.org:443. See https://curl.se/libcurl/c/libcurl-errors.html first for more details.. Retrying in 1 seconds...
[2026-08-29 07:45:18] ERROR: Failed after 3 attempts: Failed to perform, curl: (35) BoringSSL SSL_connect: Connection closed abruptly (SSL_ERROR_SYSCALL; error queue empty) in connection to www.mpinfo.org:443. See https://curl.se/libcurl/c/libcurl-errors.html first for more details.
MP 2026-08-24: FETCH FAILED (Failed to perform, curl: (35) BoringSSL SSL_connect: Connection closed abruptly (SSL_ERROR_SYSCALL; error queue empty) in connection to www.mpinfo.org:443. See https://curl.se/libcurl/c/libcurl-errors.html first for more details.)
warning: urllib failed (<urlopen error [SSL: UNEXPECTED_EOF_WHILE_READING] EOF occurred in violation of protocol (_ssl.c:1082)>), retrying via scrapling: www.mpinfo.org
[2026-08-29 07:45:44] WARNING: Attempt 1 failed: Failed to perform, curl: (35) BoringSSL SSL_connect: Connection closed abruptly (SSL_ERROR_SYSCALL; error queue empty) in connection to www.mpinfo.org:443. See https://curl.se/libcurl/c/libcurl-errors.html first for more details.. Retrying in 1 seconds...
[2026-08-29 07:45:58] WARNING: Attempt 2 failed: Failed to perform, curl: (35) BoringSSL SSL_connect: Connection closed abruptly (SSL_ERROR_SYSCALL; error queue empty) in connection to www.mpinfo.org:443. See https://curl.se/libcurl/c/libcurl-errors.html first for more details.. Retrying in 1 seconds...
[2026-08-29 07:46:11] ERROR: Failed after 3 attempts: Failed to perform, curl: (35) BoringSSL SSL_connect: Connection closed abruptly (SSL_ERROR_SYSCALL; error queue empty) in connection to www.mpinfo.org:443. See https://curl.se/libcurl/c/libcurl-errors.html first for more details.
MP 2026-08-23: FETCH FAILED (Failed to perform, curl: (35) BoringSSL SSL_connect: Connection closed abruptly (SSL_ERROR_SYSCALL; error queue empty) in connection to www.mpinfo.org:443. See https://curl.se/libcurl/c/libcurl-errors.html first for more details.)
warning: urllib failed (<urlopen error [SSL: UNEXPECTED_EOF_WHILE_READING] EOF occurred in violation of protocol (_ssl.c:1082)>), retrying via scrapling: www.mpinfo.org
[2026-08-29 07:46:36] WARNING: Attempt 1 failed: Failed to perform, curl: (35) BoringSSL SSL_connect: Connection closed abruptly (SSL_ERROR_SYSCALL; error queue empty) in connection to www.mpinfo.org:443. See https://curl.se/libcurl/c/libcurl-errors.html first for more details.. Retrying in 1 seconds...
[2026-08-29 07:46:50] WARNING: Attempt 2 failed: Failed to perform, curl: (35) BoringSSL SSL_connect: Connection closed abruptly (SSL_ERROR_SYSCALL; error queue empty) in connection to www.mpinfo.org:443. See https://curl.se/libcurl/c/libcurl-errors.html first for more details.. Retrying in 1 seconds...
[2026-08-29 07:47:03] ERROR: Failed after 3 attempts: Failed to perform, curl: (35) BoringSSL SSL_connect: Connection closed abruptly (SSL_ERROR_SYSCALL; error queue empty) in connection to www.mpinfo.org:443. See https://curl.se/libcurl/c/libcurl-errors.html first for more details.
MP 2026-08-22: FETCH FAILED (Failed to perform, curl: (35) BoringSSL SSL_connect: Connection closed abruptly (SSL_ERROR_SYSCALL; error queue empty) in connection to www.mpinfo.org:443. See https://curl.se/libcurl/c/libcurl-errors.html first for more details.)
warning: urllib failed (<urlopen error [SSL: UNEXPECTED_EOF_WHILE_READING] EOF occurred in violation of protocol (_ssl.c:1082)>), retrying via scrapling: www.mpinfo.org
[2026-08-29 07:47:28] WARNING: Attempt 1 failed: Failed to perform, curl: (35) BoringSSL SSL_connect: Connection closed abruptly (SSL_ERROR_SYSCALL; error queue empty) in connection to www.mpinfo.org:443. See https://curl.se/libcurl/c/libcurl-errors.html first for more details.. Retrying in 1 seconds...
[2026-08-29 07:47:41] WARNING: Attempt 2 failed: Failed to perform, curl: (35) BoringSSL SSL_connect: Connection closed abruptly (SSL_ERROR_SYSCALL; error queue empty) in connection to www.mpinfo.org:443. See https://curl.se/libcurl/c/libcurl-errors.html first for more details.. Retrying in 1 seconds...
[2026-08-29 07:47:54] ERROR: Failed after 3 attempts: Failed to perform, curl: (35) BoringSSL SSL_connect: Connection closed abruptly (SSL_ERROR_SYSCALL; error queue empty) in connection to www.mpinfo.org:443. See https://curl.se/libcurl/c/libcurl-errors.html first for more details.
MP 2026-08-21: FETCH FAILED (Failed to perform, curl: (35) BoringSSL SSL_connect: Connection closed abruptly (SSL_ERROR_SYSCALL; error queue empty) in connection to www.mpinfo.org:443. See https://curl.se/libcurl/c/libcurl-errors.html first for more details.)
warning: urllib failed (<urlopen error [SSL: UNEXPECTED_EOF_WHILE_READING] EOF occurred in violation of protocol (_ssl.c:1082)>), retrying via scrapling: www.mpinfo.org
[2026-08-29 07:48:19] WARNING: Attempt 1 failed: Failed to perform, curl: (35) BoringSSL SSL_connect: Connection closed abruptly (SSL_ERROR_SYSCALL; error queue empty) in connection to www.mpinfo.org:443. See https://curl.se/libcurl/c/libcurl-errors.html first for more details.. Retrying in 1 seconds...
[2026-08-29 07:48:32] WARNING: Attempt 2 failed: Failed to perform, curl: (35) BoringSSL SSL_connect: Connection closed abruptly (SSL_ERROR_SYSCALL; error queue empty) in connection to www.mpinfo.org:443. See https://curl.se/libcurl/c/libcurl-errors.html first for more details.. Retrying in 1 seconds...
[2026-08-29 07:48:46] ERROR: Failed after 3 attempts: Failed to perform, curl: (35) BoringSSL SSL_connect: Connection closed abruptly (SSL_ERROR_SYSCALL; error queue empty) in connection to www.mpinfo.org:443. See https://curl.se/libcurl/c/libcurl-errors.html first for more details.
MP 2026-08-20: FETCH FAILED (Failed to perform, curl: (35) BoringSSL SSL_connect: Connection closed abruptly (SSL_ERROR_SYSCALL; error queue empty) in connection to www.mpinfo.org:443. See https://curl.se/libcurl/c/libcurl-errors.html first for more details.)
warning: urllib failed (<urlopen error [SSL: UNEXPECTED_EOF_WHILE_READING] EOF occurred in violation of protocol (_ssl.c:1082)>), retrying via scrapling: www.mpinfo.org
[2026-08-29 07:49:10] WARNING: Attempt 1 failed: Failed to perform, curl: (35) BoringSSL SSL_connect: Connection closed abruptly (SSL_ERROR_SYSCALL; error queue empty) in connection to www.mpinfo.org:443. See https://curl.se/libcurl/c/libcurl-errors.html first for more details.. Retrying in 1 seconds...
[2026-08-29 07:49:24] WARNING: Attempt 2 failed: Failed to perform, curl: (35) BoringSSL SSL_connect: Connection closed abruptly (SSL_ERROR_SYSCALL; error queue empty) in connection to www.mpinfo.org:443. See https://curl.se/libcurl/c/libcurl-errors.html first for more details.. Retrying in 1 seconds...
[2026-08-29 07:49:37] ERROR: Failed after 3 attempts: Failed to perform, curl: (35) BoringSSL SSL_connect: Connection closed abruptly (SSL_ERROR_SYSCALL; error queue empty) in connection to www.mpinfo.org:443. See https://curl.se/libcurl/c/libcurl-errors.html first for more details.
MP 2026-08-19: FETCH FAILED (Failed to perform, curl: (35) BoringSSL SSL_connect: Connection closed abruptly (SSL_ERROR_SYSCALL; error queue empty) in connection to www.mpinfo.org:443. See https://curl.se/libcurl/c/libcurl-errors.html first for more details.)
warning: urllib failed (<urlopen error [SSL: UNEXPECTED_EOF_WHILE_READING] EOF occurred in violation of protocol (_ssl.c:1082)>), retrying via scrapling: www.mpinfo.org
[2026-08-29 07:50:02] WARNING: Attempt 1 failed: Failed to perform, curl: (35) BoringSSL SSL_connect: Connection closed abruptly (SSL_ERROR_SYSCALL; error queue empty) in connection to www.mpinfo.org:443. See https://curl.se/libcurl/c/libcurl-errors.html first for more details.. Retrying in 1 seconds...
[2026-08-29 07:50:15] WARNING: Attempt 2 failed: Failed to perform, curl: (35) BoringSSL SSL_connect: Connection closed abruptly (SSL_ERROR_SYSCALL; error queue empty) in connection to www.mpinfo.org:443. See https://curl.se/libcurl/c/libcurl-errors.html first for more details.. Retrying in 1 seconds...
[2026-08-29 07:50:28] ERROR: Failed after 3 attempts: Failed to perform, curl: (35) BoringSSL SSL_connect: Connection closed abruptly (SSL_ERROR_SYSCALL; error queue empty) in connection to www.mpinfo.org:443. See https://curl.se/libcurl/c/libcurl-errors.html first for more details.
MP 2026-08-18: FETCH FAILED (Failed to perform, curl: (35) BoringSSL SSL_connect: Connection closed abruptly (SSL_ERROR_SYSCALL; error queue empty) in connection to www.mpinfo.org:443. See https://curl.se/libcurl/c/libcurl-errors.html first for more details.)
warning: urllib failed (<urlopen error [SSL: UNEXPECTED_EOF_WHILE_READING] EOF occurred in violation of protocol (_ssl.c:1082)>), retrying via scrapling: www.mpinfo.org
[2026-08-29 07:50:53] WARNING: Attempt 1 failed: Failed to perform, curl: (35) BoringSSL SSL_connect: Connection closed abruptly (SSL_ERROR_SYSCALL; error queue empty) in connection to www.mpinfo.org:443. See https://curl.se/libcurl/c/libcurl-errors.html first for more details.. Retrying in 1 seconds...
[2026-08-29 07:51:07] WARNING: Attempt 2 failed: Failed to perform, curl: (35) BoringSSL SSL_connect: Connection closed abruptly (SSL_ERROR_SYSCALL; error queue empty) in connection to www.mpinfo.org:443. See https://curl.se/libcurl/c/libcurl-errors.html first for more details.. Retrying in 1 seconds...
[2026-08-29 07:51:20] ERROR: Failed after 3 attempts: Failed to perform, curl: (35) BoringSSL SSL_connect: Connection closed abruptly (SSL_ERROR_SYSCALL; error queue empty) in connection to www.mpinfo.org:443. See https://curl.se/libcurl/c/libcurl-errors.html first for more details.
MP 2026-08-17: FETCH FAILED (Failed to perform, curl: (35) BoringSSL SSL_connect: Connection closed abruptly (SSL_ERROR_SYSCALL; error queue empty) in connection to www.mpinfo.org:443. See https://curl.se/libcurl/c/libcurl-errors.html first for more details.)
warning: urllib failed (<urlopen error [SSL: UNEXPECTED_EOF_WHILE_READING] EOF occurred in violation of protocol (_ssl.c:1082)>), retrying via scrapling: www.mpinfo.org
[2026-08-29 07:51:45] WARNING: Attempt 1 failed: Failed to perform, curl: (35) BoringSSL SSL_connect: Connection closed abruptly (SSL_ERROR_SYSCALL; error queue empty) in connection to www.mpinfo.org:443. See https://curl.se/libcurl/c/libcurl-errors.html first for more details.. Retrying in 1 seconds...
[2026-08-29 07:51:58] WARNING: Attempt 2 failed: Failed to perform, curl: (35) BoringSSL SSL_connect: Connection closed abruptly (SSL_ERROR_SYSCALL; error queue empty) in connection to www.mpinfo.org:443. See https://curl.se/libcurl/c/libcurl-errors.html first for more details.. Retrying in 1 seconds...
[2026-08-29 07:52:11] ERROR: Failed after 3 attempts: Failed to perform, curl: (35) BoringSSL SSL_connect: Connection closed abruptly (SSL_ERROR_SYSCALL; error queue empty) in connection to www.mpinfo.org:443. See https://curl.se/libcurl/c/libcurl-errors.html first for more details.
MP 2026-08-16: FETCH FAILED (Failed to perform, curl: (35) BoringSSL SSL_connect: Connection closed abruptly (SSL_ERROR_SYSCALL; error queue empty) in connection to www.mpinfo.org:443. See https://curl.se/libcurl/c/libcurl-errors.html first for more details.)
warning: urllib failed (<urlopen error [SSL: UNEXPECTED_EOF_WHILE_READING] EOF occurred in violation of protocol (_ssl.c:1082)>), retrying via scrapling: www.ap.gov.in
[2026-08-29 07:52:36] WARNING: Attempt 1 failed: Failed to perform, curl: (35) BoringSSL SSL_connect: Connection closed abruptly (SSL_ERROR_SYSCALL; error queue empty) in connection to www.ap.gov.in:443. See https://curl.se/libcurl/c/libcurl-errors.html first for more details.. Retrying in 1 seconds...
[2026-08-29 07:52:49] WARNING: Attempt 2 failed: Failed to perform, curl: (35) BoringSSL SSL_connect: Connection closed abruptly (SSL_ERROR_SYSCALL; error queue empty) in connection to www.ap.gov.in:443. See https://curl.se/libcurl/c/libcurl-errors.html first for more details.. Retrying in 1 seconds...
[2026-08-29 07:53:03] ERROR: Failed after 3 attempts: Failed to perform, curl: (35) BoringSSL SSL_connect: Connection closed abruptly (SSL_ERROR_SYSCALL; error queue empty) in connection to www.ap.gov.in:443. See https://curl.se/libcurl/c/libcurl-errors.html first for more details.
AP ApNewsLatestAnnouncements: FETCH FAILED (Failed to perform, curl: (35) BoringSSL SSL_connect: Connection closed abruptly (SSL_ERROR_SYSCALL; error queue empty) in connection to www.ap.gov.in:443. See https://curl.se/libcurl/c/libcurl-errors.html first for more details.)
warning: urllib failed (<urlopen error [SSL: UNEXPECTED_EOF_WHILE_READING] EOF occurred in violation of protocol (_ssl.c:1082)>), retrying via scrapling: www.ap.gov.in
[2026-08-29 07:53:27] WARNING: Attempt 1 failed: Failed to perform, curl: (35) BoringSSL SSL_connect: Connection closed abruptly (SSL_ERROR_SYSCALL; error queue empty) in connection to www.ap.gov.in:443. See https://curl.se/libcurl/c/libcurl-errors.html first for more details.. Retrying in 1 seconds...
[2026-08-29 07:53:40] WARNING: Attempt 2 failed: Failed to perform, curl: (35) BoringSSL SSL_connect: Connection closed abruptly (SSL_ERROR_SYSCALL; error queue empty) in connection to www.ap.gov.in:443. See https://curl.se/libcurl/c/libcurl-errors.html first for more details.. Retrying in 1 seconds...
[2026-08-29 07:53:53] ERROR: Failed after 3 attempts: Failed to perform, curl: (35) BoringSSL SSL_connect: Connection closed abruptly (SSL_ERROR_SYSCALL; error queue empty) in connection to www.ap.gov.in:443. See https://curl.se/libcurl/c/libcurl-errors.html first for more details.
AP ApNewsAnnouncements: FETCH FAILED (Failed to perform, curl: (35) BoringSSL SSL_connect: Connection closed abruptly (SSL_ERROR_SYSCALL; error queue empty) in connection to www.ap.gov.in:443. See https://curl.se/libcurl/c/libcurl-errors.html first for more details.)
warning: urllib failed (HTTP Error 403: Forbidden), retrying via scrapling: mahasamvad.in
[2026-08-29 07:54:02] INFO: Fetched (403) <GET https://mahasamvad.in/wp-json/wp/v2/posts?per_page=100&page=1&_fields=id%2Cdate%2Clink%2Ctitle%2Ccategories> (referer: https://www.google.com/)
MH page 1: FETCH FAILED (Expecting value: line 1 column 1 (char 0))
warning: urllib failed (HTTP Error 429: Too Many Requests), retrying via scrapling: translate.googleapis.com
[2026-08-29 07:54:17] INFO: Fetched (200) <GET https://translate.googleapis.com/translate_a/single?client=gtx&sl=auto&tl=en&dt=t&q=%E0%A4%B5%E0%A5%87%E0%A4%9F%E0%A4%BF%E0%A4%95%E0%A4%A8+%E0%A4%B8%E0%A4%BF%E0%A4%9F%E0%A5%80+%E0%A4%AE%E0%A5%87%E0%A4%82+%E0%A4%AA%E0%A5%8B%E0%A4%AA+%E0%A4%B2%E0%A4%BF%E0%A4%AF%E0%A5%8B+XIV+%E0%A4%B8%E0%A5%87+%E0%A4%AE%E0%A4%BF%E0%A4%B2%E0%A5%87+%E0%A4%AE%E0%A5%81%E0%A4%96%E0%A5%8D%E0%A4%AF+%E0%A4%B8%E0%A4%9A%E0%A4%BF%E0%A4%B5+%E0%A4%B6%E0%A5%8D%E0%A4%B0%E0%A5%80+%E0%A4%B5%E0%A5%80.+%E0%A4%B6%E0%A5%8D%E0%A4%B0%E0%A5%80%E0%A4%A8%E0%A4%BF%E0%A4%B5%E0%A4%BE%E0%A4%B8+-%E0%A4%AA%E0%A5%8B%E0%A4%AA+%E0%A4%A8%E0%A5%87+%E0%A4%B0%E0%A4%BE%E0%A4%9C%E0%A4%B8%E0%A5%8D%E0%A4%A5%E0%A4%BE%E0%A4%A8+%E0%A4%94%E0%A4%B0+%E0%A4%AD%E0%A4%BE%E0%A4%B0%E0%A4%A4+%E0%A4%95%E0%A5%87+%E0%A4%B5%E0%A4%BF%E0%A4%95%E0%A4%BE%E0%A4%B8+%E0%A4%8F%E0%A4%B5%E0%A4%82+%E0%A4%AA%E0%A5%8D%E0%A4%B0%E0%A4%97%E0%A4%A4%E0%A4%BF+%E0%A4%95%E0%A5%87+%E0%A4%B2%E0%A4%BF%E0%A4%8F+%E0%A4%A6%E0%A4%BF%E0%A4%AF%E0%A4%BE+%E0%A4%86%E0%A4%B6%E0%A5%80%E0%A4%B0%E0%A5%8D%E0%A4%B5%E0%A4%BE%E0%A4%A6+%E0%A4%94%E0%A4%B0+%E0%A4%B6%E0%A5%81%E0%A4%AD%E0%A4%95%E0%A4%BE%E0%A4%AE%E0%A4%A8%E0%A4%BE%E0%A4%8F%E0%A4%82%2C+%E0%A4%A1%E0%A4%BF%E0%A4%9C%E0%A4%BF%E0%A4%9F%E0%A4%B2+%E0%A4%A4%E0%A4%95%E0%A4%A8%E0%A5%80%E0%A4%95+%E0%A4%95%E0%A5%8B+%E0%A4%86%E0%A4%AE%E0%A4%9C%E0%A4%A8+%E0%A4%95%E0%A5%80+%E0%A4%B8%E0%A5%87%E0%A4%B5%E0%A4%BE+%E0%A4%95%E0%A4%BE+%E0%A4%AE%E0%A4%BE%E0%A4%A7%E0%A5%8D%E0%A4%AF%E0%A4%AE+%E0%A4%AC%E0%A4%A8%E0%A4%BE%E0%A4%A8%E0%A5%87+%E0%A4%95%E0%A5%87+%E0%A4%B2%E0%A4%BF%E0%A4%8F+> (referer: https://www.google.com/)
warning: urllib failed (HTTP Error 429: Too Many Requests), retrying via scrapling: translate.googleapis.com
[2026-08-29 07:54:20] INFO: Fetched (200) <GET https://translate.googleapis.com/translate_a/single?client=gtx&sl=auto&tl=en&dt=t&q=%E0%A4%86%E0%A4%B0%E0%A4%9C%E0%A5%80%E0%A4%8F%E0%A4%9A%E0%A4%8F%E0%A4%B8+%E0%A4%AE%E0%A5%87%E0%A4%82+%E0%A4%85%E0%A4%A8%E0%A4%BF%E0%A4%AF%E0%A4%AE%E0%A4%BF%E0%A4%A4%E0%A4%A4%E0%A4%BE+%E0%A4%95%E0%A5%87+%E0%A4%AA%E0%A5%8D%E0%A4%B0%E0%A4%95%E0%A4%B0%E0%A4%A3+%E0%A4%AE%E0%A5%87%E0%A4%82+%E0%A4%95%E0%A4%BE%E0%A4%B0%E0%A5%8D%E0%A4%B0%E0%A4%B5%E0%A4%BE%E0%A4%88%2C+%E0%A4%B8%E0%A5%80%E0%A4%95%E0%A4%B0+%E0%A4%B8%E0%A5%8D%E0%A4%A5%E0%A4%BF%E0%A4%A4+%E0%A4%8F%E0%A4%B8.%E0%A4%AC%E0%A5%80.+%E0%A4%AE%E0%A4%BF%E0%A4%A4%E0%A5%8D%E0%A4%A4%E0%A4%B2+%E0%A4%AE%E0%A5%87%E0%A4%AE%E0%A5%8B%E0%A4%B0%E0%A4%BF%E0%A4%AF%E0%A4%B2+%E0%A4%B9%E0%A4%BE%E0%A4%B0%E0%A5%8D%E0%A4%9F+%E0%A4%8F%E0%A4%82%E0%A4%A1+%E0%A4%95%E0%A5%8D%E0%A4%B0%E0%A4%BF%E0%A4%9F%E0%A4%BF%E0%A4%95%E0%A4%B2+%E0%A4%95%E0%A5%87%E0%A4%AF%E0%A4%B0+%E0%A4%B9%E0%A5%89%E0%A4%B8%E0%A5%8D%E0%A4%AA%E0%A4%BF%E0%A4%9F%E0%A4%B2+%E0%A4%86%E0%A4%B0%E0%A4%9C%E0%A5%80%E0%A4%8F%E0%A4%9A%E0%A4%8F%E0%A4%B8+%E0%A4%B8%E0%A5%87+%E0%A4%A8%E0%A4%BF%E0%A4%B2%E0%A4%82%E0%A4%AC%E0%A4%BF%E0%A4%A4%2C+%E0%A4%9A%E0%A4%BF%E0%A4%95%E0%A4%BF%E0%A4%A4%E0%A5%8D%E0%A4%B8%E0%A4%95+%E0%A4%95%E0%A5%80+%E0%A4%B8%E0%A5%87%E0%A4%B5%E0%A4%BE%E0%A4%8F%E0%A4%82+%E0%A4%B8%E0%A4%AE%E0%A4%BE%E0%A4%AA%E0%A5%8D%E0%A4%A4+%E0%A4%B9%E0%A5%8B%E0%A4%A8%E0%A5%87+%E0%A4%95%E0%A5%87+%E0%A4%AC%E0%A4%BE%E0%A4%A6+%E0%A4%89%E0%A4%A8%E0%A4%95%E0%A5%87+%E0%A4%A8%E0%A4%BE%E0%A4%AE+%E0%A4%B8%E0%A5%87+315+%E0%A4%89%E0%A4%AA%E0%A4%9A%E0%A4%BE%E0%A4%B0+%E0%A4%B5%E0%A4%BF%E0%A4%B5%E0%A4%B0%E0%A4%A3> (referer: https://www.google.com/)
warning: urllib failed (HTTP Error 429: Too Many Requests), retrying via scrapling: translate.googleapis.com
[2026-08-29 07:54:22] INFO: Fetched (200) <GET https://translate.googleapis.com/translate_a/single?client=gtx&sl=auto&tl=en&dt=t&q=%E0%A4%9C%E0%A5%80%E0%A4%8F%E0%A4%B8%E0%A4%9F%E0%A5%80+%E0%A4%B5%E0%A4%BF%E0%A4%AD%E0%A4%BE%E0%A4%97+%E0%A4%95%E0%A5%80+%E0%A4%AC%E0%A4%A1%E0%A4%BC%E0%A5%80+%E0%A4%95%E0%A4%BE%E0%A4%B0%E0%A5%8D%E0%A4%B0%E0%A4%B5%E0%A4%BE%E0%A4%88%2C+%E0%A4%9A%E0%A4%BE%E0%A4%B0+%E0%A4%AA%E0%A5%8D%E0%A4%B0%E0%A4%A4%E0%A4%BF%E0%A4%B7%E0%A5%8D%E0%A4%A0%E0%A4%BE%E0%A4%A8%E0%A5%8B%E0%A4%82+%E0%A4%AE%E0%A5%87%E0%A4%82+%E0%A4%B8%E0%A4%BE%E0%A4%AE%E0%A4%A8%E0%A5%87+%E0%A4%86%E0%A4%88%E0%A4%82+%E0%A4%95%E0%A4%B0+%E0%A4%85%E0%A4%A8%E0%A4%BF%E0%A4%AF%E0%A4%AE%E0%A4%BF%E0%A4%A4%E0%A4%A4%E0%A4%BE%E0%A4%8F%E0%A4%82+%E0%A4%95%E0%A4%B0%E0%A5%80%E0%A4%AC+1.40+%E0%A4%95%E0%A4%B0%E0%A5%8B%E0%A4%A1%E0%A4%BC+%E0%A4%B0%E0%A5%82%E0%A4%AA%E0%A4%8F+%E0%A4%95%E0%A5%80+%E0%A4%95%E0%A4%B0+%E0%A4%B0%E0%A4%BE%E0%A4%B6%E0%A4%BF+%E0%A4%8F%E0%A4%B5%E0%A4%82+%E0%A4%86%E0%A4%88%E0%A4%9F%E0%A5%80%E0%A4%B8%E0%A5%80+%E0%A4%B8%E0%A5%87+%E0%A4%9C%E0%A5%81%E0%A4%A1%E0%A4%BC%E0%A5%80+%E0%A4%85%E0%A4%A8%E0%A4%BF%E0%A4%AF%E0%A4%AE%E0%A4%BF%E0%A4%A4%E0%A4%A4%E0%A4%BE%E0%A4%93%E0%A4%82+%E0%A4%AA%E0%A4%B0+%E0%A4%95%E0%A4%BE%E0%A4%B0%E0%A5%8D%E0%A4%B0%E0%A4%B5%E0%A4%BE%E0%A4%88%2C+1.16+%E0%A4%95%E0%A4%B0%E0%A5%8B%E0%A4%A1%E0%A4%BC+%E0%A4%B0%E0%A5%82%E0%A4%AA%E0%A4%8F+%E0%A4%B8%E0%A5%87+%E0%A4%85%E0%A4%A7%E0%A4%BF%E0%A4%95+%E0%A4%95%E0%A5%80+%E0%A4%B8%E0%A5%8D%E0%A4%B5%E0%A5%88%E0%A4%9A%E0%A5%8D%E0%A4%9B%E0%A4%BF%E0%A4%95+%E0%A4%9C%E0%A4%AE%E0%A4%BE+%E0%A4%8F%E0%A4%B5%E0%A4%82+%E0%A4%B0> (referer: https://www.google.com/)
warning: urllib failed (HTTP Error 429: Too Many Requests), retrying via scrapling: translate.googleapis.com
[2026-08-29 07:54:23] INFO: Fetched (200) <GET https://translate.googleapis.com/translate_a/single?client=gtx&sl=auto&tl=en&dt=t&q=%E0%A4%B2%E0%A5%8B%E0%A4%95%E0%A4%AD%E0%A4%B5%E0%A4%A8+%E0%A4%AE%E0%A5%87%E0%A4%82+%E0%A4%B0%E0%A4%95%E0%A5%8D%E0%A4%B7%E0%A4%BE%E0%A4%AC%E0%A4%82%E0%A4%A7%E0%A4%A8+%E0%A4%95%E0%A4%BE+%E0%A4%AA%E0%A4%B0%E0%A5%8D%E0%A4%B5+%E0%A4%B9%E0%A4%B0%E0%A5%8D%E0%A4%B7%E0%A5%8B%E0%A4%B2%E0%A5%8D%E0%A4%B2%E0%A4%BE%E0%A4%B8+%E0%A4%B8%E0%A5%87+%E0%A4%AE%E0%A4%A8%E0%A4%BE%E0%A4%AF%E0%A4%BE+%E0%A4%97%E0%A4%AF%E0%A4%BE+%E0%A4%B0%E0%A4%BE%E0%A4%9C%E0%A5%8D%E0%A4%AF%E0%A4%AA%E0%A4%BE%E0%A4%B2+%E0%A4%A8%E0%A5%87+%E0%A4%B0%E0%A4%95%E0%A5%8D%E0%A4%B7%E0%A4%BE%E0%A4%AC%E0%A4%82%E0%A4%A7%E0%A4%A8+%E0%A4%95%E0%A5%80+%E0%A4%B6%E0%A5%81%E0%A4%AD%E0%A4%95%E0%A4%BE%E0%A4%AE%E0%A4%A8%E0%A4%BE%E0%A4%8F%E0%A4%82+%E0%A4%A6%E0%A5%80+%E0%A4%B0%E0%A4%BE%E0%A4%9C%E0%A5%8D%E0%A4%AF%E0%A4%AA%E0%A4%BE%E0%A4%B2+%E0%A4%B6%E0%A5%8D%E0%A4%B0%E0%A5%80+%E0%A4%AC%E0%A4%BE%E0%A4%97%E0%A4%A1%E0%A5%87+%E0%A4%95%E0%A5%80+%E0%A4%95%E0%A4%B2%E0%A4%BE%E0%A4%88+%E0%A4%AA%E0%A4%B0+%E0%A4%AE%E0%A4%B9%E0%A4%BF%E0%A4%B2%E0%A4%BE%E0%A4%93%E0%A4%82+%E0%A4%94%E0%A4%B0+%E0%A4%AC%E0%A4%BE%E0%A4%B2%E0%A4%BF%E0%A4%95%E0%A4%BE%E0%A4%93%E0%A4%82+%E0%A4%A8%E0%A5%87+%E0%A4%B0%E0%A4%BE%E0%A4%96%E0%A5%80+%E0%A4%AC%E0%A4%BE%E0%A4%82%E0%A4%A7%E0%A5%80> (referer: https://www.google.com/)
warning: urllib failed (<urlopen error [SSL: UNEXPECTED_EOF_WHILE_READING] EOF occurred in violation of protocol (_ssl.c:1082)>), retrying via scrapling: ipr.punjab.gov.in
[2026-08-29 07:54:48] WARNING: Attempt 1 failed: Failed to perform, curl: (35) BoringSSL SSL_connect: Connection closed abruptly (SSL_ERROR_SYSCALL; error queue empty) in connection to ipr.punjab.gov.in:443. See https://curl.se/libcurl/c/libcurl-errors.html first for more details.. Retrying in 1 seconds...
[2026-08-29 07:55:01] WARNING: Attempt 2 failed: Failed to perform, curl: (35) BoringSSL SSL_connect: Connection closed abruptly (SSL_ERROR_SYSCALL; error queue empty) in connection to ipr.punjab.gov.in:443. See https://curl.se/libcurl/c/libcurl-errors.html first for more details.. Retrying in 1 seconds...
[2026-08-29 07:55:14] ERROR: Failed after 3 attempts: Failed to perform, curl: (35) BoringSSL SSL_connect: Connection closed abruptly (SSL_ERROR_SYSCALL; error queue empty) in connection to ipr.punjab.gov.in:443. See https://curl.se/libcurl/c/libcurl-errors.html first for more details.
PB: FETCH FAILED (Failed to perform, curl: (35) BoringSSL SSL_connect: Connection closed abruptly (SSL_ERROR_SYSCALL; error queue empty) in connection to ipr.punjab.gov.in:443. See https://curl.se/libcurl/c/libcurl-errors.html first for more details.)
warning: urllib failed (HTTP Error 429: Too Many Requests), retrying via scrapling: translate.googleapis.com
[2026-08-29 07:55:17] INFO: Fetched (200) <GET https://translate.googleapis.com/translate_a/single?client=gtx&sl=auto&tl=en&dt=t&q=Agriculture+%26+Farmers%E2%80%99+Welfare+Minister+Mr.+PC+Vanlalruata+Inaugurates+Edible+Oil+Processing+Plant> (referer: https://www.google.com/)
warning: urllib failed (<urlopen error _ssl.c:1064: The handshake operation timed out>), retrying via scrapling: ipr.nagaland.gov.in
[2026-08-29 07:56:48] WARNING: Proxy 'None' failed (attempt 1) | Retrying in 1 seconds...
[2026-08-29 07:56:51] INFO: Fetched (200) <GET https://ipr.nagaland.gov.in/naga-news?page=0> (referer: https://www.google.com/)
warning: urllib failed (<urlopen error _ssl.c:1064: The handshake operation timed out>), retrying via scrapling: ipr.nagaland.gov.in
[2026-08-29 07:58:21] WARNING: Proxy 'None' failed (attempt 1) | Retrying in 1 seconds...
[2026-08-29 07:59:07] WARNING: Proxy 'None' failed (attempt 2) | Retrying in 1 seconds...
[2026-08-29 07:59:15] INFO: Fetched (200) <GET https://ipr.nagaland.gov.in/naga-news?page=1> (referer: https://www.google.com/)
warning: urllib failed (<urlopen error _ssl.c:1064: The handshake operation timed out>), retrying via scrapling: ipr.nagaland.gov.in
[2026-08-29 08:00:01] INFO: Fetched (200) <GET https://ipr.nagaland.gov.in/naga-news?page=2> (referer: https://www.google.com/)
warning: broken cert chain, retrying unverified: chandigarh.gov.in
warning: urllib failed (HTTP Error 500: 500 Service unavailable (with message)), retrying via scrapling: prd.kerala.gov.in
[2026-08-29 08:00:29] INFO: Fetched (500) <GET https://prd.kerala.gov.in/ml/pressrelease?tid=All&field_date_value=&page=0> (referer: https://www.google.com/)
warning: urllib failed (HTTP Error 500: 500 Service unavailable (with message)), retrying via scrapling: prd.kerala.gov.in
[2026-08-29 08:00:31] INFO: Fetched (200) <GET https://prd.kerala.gov.in/ml/pressrelease?tid=All&field_date_value=&page=1> (referer: https://www.google.com/)
KL: FETCH FAILED (The read operation timed out)
warning: urllib failed (<urlopen error [SSL: UNEXPECTED_EOF_WHILE_READING] EOF occurred in violation of protocol (_ssl.c:1082)>), retrying via scrapling: dipr.assam.gov.in
[2026-08-29 08:01:43] WARNING: Attempt 1 failed: Failed to perform, curl: (35) BoringSSL SSL_connect: Connection closed abruptly (SSL_ERROR_SYSCALL; error queue empty) in connection to dipr.assam.gov.in:443. See https://curl.se/libcurl/c/libcurl-errors.html first for more details.. Retrying in 1 seconds...
[2026-08-29 08:01:57] WARNING: Attempt 2 failed: Failed to perform, curl: (35) BoringSSL SSL_connect: Connection closed abruptly (SSL_ERROR_SYSCALL; error queue empty) in connection to dipr.assam.gov.in:443. See https://curl.se/libcurl/c/libcurl-errors.html first for more details.. Retrying in 1 seconds...
[2026-08-29 08:02:10] ERROR: Failed after 3 attempts: Failed to perform, curl: (35) BoringSSL SSL_connect: Connection closed abruptly (SSL_ERROR_SYSCALL; error queue empty) in connection to dipr.assam.gov.in:443. See https://curl.se/libcurl/c/libcurl-errors.html first for more details.
AS: FETCH FAILED (Failed to perform, curl: (35) BoringSSL SSL_connect: Connection closed abruptly (SSL_ERROR_SYSCALL; error queue empty) in connection to dipr.assam.gov.in:443. See https://curl.se/libcurl/c/libcurl-errors.html first for more details.)
warning: urllib failed (HTTP Error 429: Too Many Requests), retrying via scrapling: translate.googleapis.com
[2026-08-29 08:02:50] INFO: Fetched (200) <GET https://translate.googleapis.com/translate_a/single?client=gtx&sl=auto&tl=en&dt=t&q=%E0%A4%AE%E0%A5%81%E0%A4%96%E0%A5%8D%E0%A4%AF%E0%A4%AE%E0%A4%82%E0%A4%A4%E0%A5%8D%E0%A4%B0%E0%A5%80+%E0%A4%A8%E0%A5%87+%E0%A4%AC%E0%A4%BF%E0%A4%B9%E0%A4%BE%E0%A4%B0+%E0%A4%97%E0%A4%A4%E0%A4%BF+%E0%A4%85%E0%A4%A8%E0%A5%8D%E0%A4%A4%E0%A4%B0%E0%A5%8D%E0%A4%97%E0%A4%A4+%E0%A4%AE%E0%A4%B9%E0%A4%A4%E0%A5%8D%E0%A4%B5%E0%A4%AA%E0%A5%82%E0%A4%B0%E0%A5%8D%E0%A4%A3+%E0%A4%AA%E0%A4%B0%E0%A4%BF%E0%A4%AF%E0%A5%8B%E0%A4%9C%E0%A4%A8%E0%A4%BE%E0%A4%93%E0%A4%82+%E0%A4%95%E0%A5%80+%E0%A4%AA%E0%A5%8D%E0%A4%B0%E0%A4%97%E0%A4%A4%E0%A4%BF+%E0%A4%95%E0%A5%80+%E0%A4%B8%E0%A4%AE%E0%A5%80%E0%A4%95%E0%A5%8D%E0%A4%B7%E0%A4%BE+%E0%A4%95%E0%A5%80> (referer: https://www.google.com/)
warning: urllib failed (HTTP Error 429: Too Many Requests), retrying via scrapling: translate.googleapis.com
[2026-08-29 08:02:52] INFO: Fetched (200) <GET https://translate.googleapis.com/translate_a/single?client=gtx&sl=auto&tl=en&dt=t&q=%E0%A4%A8%E0%A5%87%E0%A4%AA%E0%A4%BE%E0%A4%B2+%E0%A4%95%E0%A5%87+%E0%A4%8A%E0%A4%AA%E0%A4%B0%E0%A5%80+%E0%A4%9C%E0%A4%B2%E0%A4%97%E0%A5%8D%E0%A4%B0%E0%A4%B9%E0%A4%A3+%E0%A4%95%E0%A5%8D%E0%A4%B7%E0%A5%87%E0%A4%A4%E0%A5%8D%E0%A4%B0+%E0%A4%AE%E0%A5%87%E0%A4%82+%E0%A4%AB%E0%A5%8D%E0%A4%B2%E0%A5%88%E0%A4%B6+%E0%A4%AB%E0%A5%8D%E0%A4%B2%E0%A4%A1+%E0%A4%95%E0%A5%80+%E0%A4%B8%E0%A5%8D%E0%A4%A5%E0%A4%BF%E0%A4%A4%E0%A4%BF+%E0%A4%95%E0%A5%8B+%E0%A4%A6%E0%A5%87%E0%A4%96%E0%A4%A4%E0%A5%87+%E0%A4%B9%E0%A5%81%E0%A4%8F+%E0%A4%AE%E0%A5%81%E0%A4%96%E0%A5%8D%E0%A4%AF%E0%A4%AE%E0%A4%82%E0%A4%A4%E0%A5%8D%E0%A4%B0%E0%A5%80+%E0%A4%A8%E0%A5%87+%E0%A4%85%E0%A4%A7%E0%A4%BF%E0%A4%95%E0%A4%BE%E0%A4%B0%E0%A4%BF%E0%A4%AF%E0%A5%8B%E0%A4%82+%E0%A4%95%E0%A5%8B+%E0%A4%AA%E0%A5%82%E0%A4%B0%E0%A5%80+%E0%A4%A4%E0%A4%B0%E0%A4%B9+%E0%A4%85%E0%A4%B2%E0%A4%B0%E0%A5%8D%E0%A4%9F+%E0%A4%B0%E0%A4%B9%E0%A4%A8%E0%A5%87+%E0%A4%95%E0%A4%BE+%E0%A4%A6%E0%A4%BF%E0%A4%AF%E0%A4%BE+%E0%A4%A8%E0%A4%BF%E0%A4%B0%E0%A5%8D%E0%A4%A6%E0%A5%87%E0%A4%B6> (referer: https://www.google.com/)
warning: urllib failed (HTTP Error 429: Too Many Requests), retrying via scrapling: translate.googleapis.com
[2026-08-29 08:02:54] INFO: Fetched (200) <GET https://translate.googleapis.com/translate_a/single?client=gtx&sl=auto&tl=en&dt=t&q=%E0%A4%AC%E0%A4%BF%E0%A4%B9%E0%A4%BE%E0%A4%B0+%E0%A4%95%E0%A5%80+%E0%A4%AC%E0%A4%B9%E0%A4%A8%E0%A5%87%E0%A4%82+%E0%A4%AC%E0%A4%A6%E0%A4%B2%E0%A5%87%E0%A4%82%E0%A4%97%E0%A5%80+%E0%A4%AC%E0%A4%BF%E0%A4%B9%E0%A4%BE%E0%A4%B0+%E0%A4%95%E0%A5%80+%E0%A4%A4%E0%A4%95%E0%A4%A6%E0%A5%80%E0%A4%B0%2C+%E0%A4%B8%E0%A5%81%E0%A4%B0%E0%A4%95%E0%A5%8D%E0%A4%B7%E0%A4%BF%E0%A4%A4%2C+%E0%A4%B6%E0%A4%BF%E0%A4%95%E0%A5%8D%E0%A4%B7%E0%A4%BF%E0%A4%A4+%E0%A4%94%E0%A4%B0+%E0%A4%86%E0%A4%A4%E0%A5%8D%E0%A4%AE%E0%A4%A8%E0%A4%BF%E0%A4%B0%E0%A5%8D%E0%A4%AD%E0%A4%B0+%E0%A4%AE%E0%A4%B9%E0%A4%BF%E0%A4%B2%E0%A4%BE%E0%A4%93%E0%A4%82+%E0%A4%B8%E0%A5%87+%E0%A4%AC%E0%A4%A8%E0%A5%87%E0%A4%97%E0%A4%BE+%E0%A4%B8%E0%A4%AE%E0%A5%83%E0%A4%A6%E0%A5%8D%E0%A4%A7+%E0%A4%AC%E0%A4%BF%E0%A4%B9%E0%A4%BE%E0%A4%B0%3A-+%E0%A4%AE%E0%A5%81%E0%A4%96%E0%A5%8D%E0%A4%AF%E0%A4%AE%E0%A4%82%E0%A4%A4%E0%A5%8D%E0%A4%B0%E0%A5%80> (referer: https://www.google.com/)
warning: urllib failed (HTTP Error 429: Too Many Requests), retrying via scrapling: translate.googleapis.com
[2026-08-29 08:02:56] INFO: Fetched (200) <GET https://translate.googleapis.com/translate_a/single?client=gtx&sl=auto&tl=en&dt=t&q=%E0%A4%AE%E0%A5%81%E0%A4%96%E0%A5%8D%E0%A4%AF%E0%A4%AE%E0%A4%82%E0%A4%A4%E0%A5%8D%E0%A4%B0%E0%A5%80+%E0%A4%A8%E0%A5%87+%E0%A4%B0%E0%A4%BE%E0%A4%9C%E0%A5%8D%E0%A4%AF%E0%A4%B5%E0%A4%BE%E0%A4%B8%E0%A4%BF%E0%A4%AF%E0%A5%8B%E0%A4%82+%E0%A4%95%E0%A5%8B+%E0%A4%88%E0%A4%A6-%E0%A4%8F-%E0%A4%AE%E0%A4%BF%E0%A4%B2%E0%A4%BE%E0%A4%A6-%E0%A4%89%E0%A4%A8-%E0%A4%A8%E0%A4%AC%E0%A5%80+%E0%A4%95%E0%A5%80+%E0%A4%AC%E0%A4%A7%E0%A4%BE%E0%A4%88+%E0%A4%8F%E0%A4%B5%E0%A4%82+%E0%A4%B6%E0%A5%81%E0%A4%AD%E0%A4%95%E0%A4%BE%E0%A4%AE%E0%A4%A8%E0%A4%BE%E0%A4%AF%E0%A5%87%E0%A4%82+%E0%A4%A6%E0%A5%80> (referer: https://www.google.com/)
warning: urllib failed (HTTP Error 429: Too Many Requests), retrying via scrapling: translate.googleapis.com
[2026-08-29 08:02:57] INFO: Fetched (200) <GET https://translate.googleapis.com/translate_a/single?client=gtx&sl=auto&tl=en&dt=t&q=%E0%A4%AC%E0%A4%BF%E0%A4%B9%E0%A4%BE%E0%A4%B0+%E0%A4%95%E0%A5%80+%E0%A4%8F%E0%A4%95+%E0%A4%95%E0%A4%B0%E0%A5%8B%E0%A5%9C+%E0%A4%AE%E0%A4%B9%E0%A4%BF%E0%A4%B2%E0%A4%BE%E0%A4%93%E0%A4%82+%E0%A4%95%E0%A5%8B+%E0%A4%85%E0%A4%97%E0%A4%B2%E0%A5%87+%E0%A4%A4%E0%A5%80%E0%A4%A8+%E0%A4%B5%E0%A4%B0%E0%A5%8D%E0%A4%B7%E0%A5%8B%E0%A4%82+%E0%A4%AE%E0%A5%87%E0%A4%82+%E0%A4%B8%E0%A5%80%E0%A4%A7%E0%A5%87+%E0%A4%B0%E0%A5%8B%E0%A4%9C%E0%A4%97%E0%A4%BE%E0%A4%B0+%E0%A4%B8%E0%A5%87+%E0%A4%9C%E0%A5%8B%E0%A5%9C%E0%A4%A8%E0%A5%87+%E0%A4%95%E0%A4%BE+%E0%A4%B2%E0%A4%95%E0%A5%8D%E0%A4%B7%E0%A5%8D%E0%A4%AF%3A-+%E0%A4%AE%E0%A5%81%E0%A4%96%E0%A5%8D%E0%A4%AF%E0%A4%AE%E0%A4%82%E0%A4%A4%E0%A5%8D%E0%A4%B0%E0%A5%80> (referer: https://www.google.com/)
warning: urllib failed (HTTP Error 429: Too Many Requests), retrying via scrapling: translate.googleapis.com
[2026-08-29 08:02:59] INFO: Fetched (200) <GET https://translate.googleapis.com/translate_a/single?client=gtx&sl=auto&tl=en&dt=t&q=%E0%A4%AE%E0%A5%81%E0%A4%96%E0%A5%8D%E0%A4%AF%E0%A4%AE%E0%A4%82%E0%A4%A4%E0%A5%8D%E0%A4%B0%E0%A5%80+%E0%A4%A8%E0%A5%87+%E0%A4%AA%E0%A4%9F%E0%A4%A8%E0%A4%BE+%E0%A4%A8%E0%A4%97%E0%A4%B0+%E0%A4%A8%E0%A4%BF%E0%A4%97%E0%A4%AE+%E0%A4%A6%E0%A5%8D%E0%A4%B5%E0%A4%BE%E0%A4%B0%E0%A4%BE+%E0%A4%86%E0%A4%B5%E0%A4%BE%E0%A4%B8%E0%A5%80%E0%A4%AF+%E0%A4%AE%E0%A4%95%E0%A4%BE%E0%A4%A8%E0%A5%8B%E0%A4%82+%E0%A4%AE%E0%A5%87%E0%A4%82+%E0%A4%B8%E0%A4%82%E0%A4%9A%E0%A4%BE%E0%A4%B2%E0%A4%BF%E0%A4%A4+%E0%A4%B5%E0%A5%8D%E0%A4%AF%E0%A4%BE%E0%A4%B5%E0%A4%B8%E0%A4%BE%E0%A4%AF%E0%A4%BF%E0%A4%95+%E0%A4%97%E0%A4%A4%E0%A4%BF%E0%A4%B5%E0%A4%BF%E0%A4%A7%E0%A4%BF%E0%A4%AF%E0%A5%8B%E0%A4%82+%E0%A4%95%E0%A5%8B+%E0%A4%B2%E0%A5%87%E0%A4%95%E0%A4%B0+%E0%A4%9C%E0%A4%BE%E0%A4%B0%E0%A5%80+%E0%A4%A8%E0%A5%8B%E0%A4%9F%E0%A4%BF%E0%A4%B8+%E0%A4%95%E0%A5%87+%E0%A4%B8%E0%A4%AE%E0%A4%BE%E0%A4%A7%E0%A4%BE%E0%A4%A8+%E0%A4%95%E0%A5%87+%E0%A4%B2%E0%A4%BF%E0%A4%8F+%E0%A4%B8%E0%A4%AE%E0%A4%BF%E0%A4%A4%E0%A4%BF+%E0%A4%95%E0%A4%BE+%E0%A4%95%E0%A4%BF%E0%A4%AF%E0%A4%BE+%E0%A4%97%E0%A4%A0%E0%A4%A8> (referer: https://www.google.com/)
warning: urllib failed (HTTP Error 429: Too Many Requests), retrying via scrapling: translate.googleapis.com
[2026-08-29 08:03:01] INFO: Fetched (200) <GET https://translate.googleapis.com/translate_a/single?client=gtx&sl=auto&tl=en&dt=t&q=%E2%80%98%E0%A4%B5%E0%A4%BF%E0%A4%A6%E0%A5%8D%E0%A4%AF%E0%A4%BE%E0%A4%B0%E0%A5%8D%E0%A4%A5%E0%A5%80+%E0%A4%B8%E0%A4%B9%E0%A4%AF%E0%A5%8B%E0%A4%97+%E0%A4%B7%E0%A4%BF%E0%A4%B5%E0%A4%BF%E0%A4%B0%E2%80%99+%E0%A4%B8%E0%A5%87+%E0%A4%B8%E0%A4%AE%E0%A4%AF%E0%A4%AC%E0%A4%A6%E0%A5%8D%E0%A4%A7+%E0%A4%B8%E0%A4%AE%E0%A4%BE%E0%A4%A7%E0%A4%BE%E0%A4%A8+%E0%A4%B8%E0%A4%B0%E0%A4%95%E0%A4%BE%E0%A4%B0+%E0%A4%95%E0%A5%80+%E0%A4%AA%E0%A5%8D%E0%A4%B0%E0%A4%BE%E0%A4%A5%E0%A4%AE%E0%A4%BF%E0%A4%95%E0%A4%A4%E0%A4%BE%3A-+%E0%A4%AE%E0%A5%81%E0%A4%96%E0%A5%8D%E0%A4%AF%E0%A4%AE%E0%A4%82%E0%A4%A4%E0%A5%8D%E0%A4%B0%E0%A5%80> (referer: https://www.google.com/)
warning: urllib failed (HTTP Error 429: Too Many Requests), retrying via scrapling: translate.googleapis.com
[2026-08-29 08:03:03] INFO: Fetched (200) <GET https://translate.googleapis.com/translate_a/single?client=gtx&sl=auto&tl=en&dt=t&q=%E0%A4%AA%E0%A5%82%E0%A4%B0%E0%A5%8D%E0%A4%B5+%E0%A4%AE%E0%A5%81%E0%A4%96%E0%A5%8D%E0%A4%AF%E0%A4%AE%E0%A4%82%E0%A4%A4%E0%A5%8D%E0%A4%B0%E0%A5%80+%E0%A4%B8%E0%A5%8D%E0%A4%B50+%E0%A4%AC%E0%A4%BF%E0%A4%82%E0%A4%A6%E0%A5%87%E0%A4%B7%E0%A5%8D%E0%A4%B5%E0%A4%B0%E0%A5%80+%E0%A4%AA%E0%A5%8D%E0%A4%B0%E0%A4%B8%E0%A4%BE%E0%A4%A6+%E0%A4%AE%E0%A4%82%E0%A4%A1%E0%A4%B2+%E0%A4%9C%E0%A5%80+%E0%A4%95%E0%A5%87+%E0%A4%9C%E0%A4%A8%E0%A5%8D%E0%A4%AE+%E0%A4%A6%E0%A4%BF%E0%A4%B5%E0%A4%B8+%E0%A4%AA%E0%A4%B0+%E0%A4%89%E0%A4%A8%E0%A5%8D%E0%A4%B9%E0%A5%87%E0%A4%82+%E0%A4%AD%E0%A4%BE%E0%A4%B5%E0%A4%AD%E0%A5%80%E0%A4%A8%E0%A5%80+%E0%A4%B6%E0%A5%8D%E0%A4%B0%E0%A4%A6%E0%A5%8D%E0%A4%A7%E0%A4%BE%E0%A4%82%E0%A4%9C%E0%A4%B2%E0%A4%BF+%E0%A4%85%E0%A4%B0%E0%A5%8D%E0%A4%AA%E0%A4%BF%E0%A4%A4+%E0%A4%95%E0%A5%80+%E0%A4%97%E0%A4%88> (referer: https://www.google.com/)
warning: urllib failed (HTTP Error 429: Too Many Requests), retrying via scrapling: translate.googleapis.com
[2026-08-29 08:03:04] INFO: Fetched (200) <GET https://translate.googleapis.com/translate_a/single?client=gtx&sl=auto&tl=en&dt=t&q=%E0%A4%B0%E0%A4%BE%E0%A4%9C%E0%A5%8D%E0%A4%AF%E0%A4%AA%E0%A4%BE%E0%A4%B2+%E0%A4%A8%E0%A5%87+%E0%A4%AC%E0%A4%BF%E0%A4%B9%E0%A4%BE%E0%A4%B0%E0%A4%B5%E0%A4%BE%E0%A4%B8%E0%A4%BF%E0%A4%AF%E0%A5%8B%E0%A4%82+%E0%A4%95%E0%A5%8B+%E0%A4%88%E0%A4%A6-%E0%A4%8F-%E0%A4%AE%E0%A5%80%E0%A4%B2%E0%A4%BE%E0%A4%A6-%E0%A4%89%E0%A4%A8-%E0%A4%A8%E0%A4%AC%E0%A5%80+%E0%A4%95%E0%A5%80+%E0%A4%AC%E0%A4%A7%E0%A4%BE%E0%A4%88+%E0%A4%A6%E0%A5%80> (referer: https://www.google.com/)
warning: urllib failed (HTTP Error 429: Too Many Requests), retrying via scrapling: translate.googleapis.com
[2026-08-29 08:03:06] INFO: Fetched (200) <GET https://translate.googleapis.com/translate_a/single?client=gtx&sl=auto&tl=en&dt=t&q=%E0%A4%B0%E0%A4%BE%E0%A4%9C%E0%A5%8D%E0%A4%AF%E0%A4%AA%E0%A4%BE%E0%A4%B2+%E0%A4%A8%E0%A5%87+%E0%A4%AA%E0%A5%82%E0%A4%B0%E0%A5%8D%E0%A4%B5+%E0%A4%AE%E0%A5%81%E0%A4%96%E0%A5%8D%E0%A4%AF%E0%A4%AE%E0%A4%82%E0%A4%A4%E0%A5%8D%E0%A4%B0%E0%A5%80+%E0%A4%B8%E0%A5%8D%E0%A4%B5%E0%A5%B0+%E0%A4%AC%E0%A5%80%E0%A5%B0+%E0%A4%AA%E0%A5%80%E0%A5%B0+%E0%A4%AE%E0%A4%82%E0%A4%A1%E0%A4%B2+%E0%A4%95%E0%A5%80+%E0%A4%9C%E0%A4%AF%E0%A4%A8%E0%A5%8D%E0%A4%A4%E0%A5%80+%E0%A4%95%E0%A5%87+%E0%A4%85%E0%A4%B5%E0%A4%B8%E0%A4%B0+%E0%A4%AA%E0%A4%B0+%E0%A4%89%E0%A4%A8%E0%A5%8D%E0%A4%B9%E0%A5%87%E0%A4%82+%E0%A4%A8%E0%A4%AE%E0%A4%A8+%E0%A4%95%E0%A4%BF%E0%A4%AF%E0%A4%BE> (referer: https://www.google.com/)
warning: urllib failed (HTTP Error 429: Too Many Requests), retrying via scrapling: translate.googleapis.com
[2026-08-29 08:03:07] INFO: Fetched (200) <GET https://translate.googleapis.com/translate_a/single?client=gtx&sl=auto&tl=en&dt=t&q=%E0%A4%85%E0%A4%A8%E0%A4%B6%E0%A4%A8%E0%A4%95%E0%A4%BE%E0%A4%B0%E0%A5%80+%E0%A4%9B%E0%A4%BE%E0%A4%A4%E0%A5%8D%E0%A4%B0%E0%A5%8B%E0%A4%82+%E0%A4%95%E0%A5%87+%E0%A4%B8%E0%A4%BE%E0%A4%A5+%E0%A4%B0%E0%A4%BE%E0%A4%9C%E0%A5%8D%E0%A4%AF%E0%A4%AA%E0%A4%BE%E0%A4%B2+%E0%A4%95%E0%A5%80+%E0%A4%B5%E0%A4%BE%E0%A4%B0%E0%A5%8D%E0%A4%A4%E0%A4%BE+%E0%A4%95%E0%A5%87+%E0%A4%89%E0%A4%AA%E0%A4%B0%E0%A4%BE%E0%A4%A8%E0%A5%8D%E0%A4%A4+%E0%A4%AC%E0%A4%A8%E0%A5%80+%E0%A4%B8%E0%A4%B9%E0%A4%AE%E0%A4%A4%E0%A4%BF> (referer: https://www.google.com/)
warning: urllib failed (HTTP Error 429: Too Many Requests), retrying via scrapling: translate.googleapis.com
[2026-08-29 08:03:09] INFO: Fetched (200) <GET https://translate.googleapis.com/translate_a/single?client=gtx&sl=auto&tl=en&dt=t&q=%E0%A4%AC%E0%A4%BF%E0%A4%B9%E0%A4%BE%E0%A4%B0+%E0%A4%AE%E0%A5%87%E0%A4%82+%E0%A4%AB%E0%A4%BF%E0%A4%B2%E0%A5%8D%E0%A4%AE+%E0%A4%B8%E0%A4%BF%E0%A4%9F%E0%A5%80+%E0%A4%95%E0%A4%BE+%E0%A4%A8%E0%A4%BF%E0%A4%B0%E0%A5%8D%E0%A4%AE%E0%A4%BE%E0%A4%A3+%E0%A4%95%E0%A4%BF%E0%A4%AF%E0%A4%BE+%E0%A4%9C%E0%A4%BE%E0%A4%AF%E0%A5%87%E0%A4%97%E0%A4%BE%2C+%E0%A4%AC%E0%A4%BF%E0%A4%B9%E0%A4%BE%E0%A4%B0+%E0%A4%95%E0%A5%80+%E0%A4%B8%E0%A4%AD%E0%A5%8D%E0%A4%AF%E0%A4%A4%E0%A4%BE+%E0%A4%94%E0%A4%B0+%E0%A4%B8%E0%A4%82%E0%A4%B8%E0%A5%8D%E0%A4%95%E0%A5%83%E0%A4%A4%E0%A4%BF+%E0%A4%95%E0%A5%8B+%E0%A4%A6%E0%A5%81%E0%A4%A8%E0%A4%BF%E0%A4%AF%E0%A4%BE+%E0%A4%95%E0%A5%87+%E0%A4%AB%E0%A4%B2%E0%A4%95+%E0%A4%AA%E0%A4%B0+%E0%A4%B8%E0%A5%8D%E0%A4%A5%E0%A4%BE%E0%A4%AA%E0%A4%BF%E0%A4%A4+%E0%A4%95%E0%A4%B0%E0%A4%A8%E0%A4%BE+%E0%A4%B8%E0%A4%B0%E0%A4%95%E0%A4%BE%E0%A4%B0+%E0%A4%95%E0%A5%87+%E0%A4%B8%E0%A4%BE%E0%A4%A5-%E0%A4%B8%E0%A4%BE%E0%A4%A5+%E0%A4%B8%E0%A4%AD%E0%A5%80+%E0%A4%95%E0%A5%80+%E0%A4%AA%E0%A5%8D%E0%A4%B0%E0%A4%BE%E0%A4%A5%E0%A4%AE%E0%A4%BF%E0%A4%95%E0%A4%A4%E0%A4%BE%3A-+%E0%A4%AE%E0%A5%81%E0%A4%96%E0%A5%8D%E0%A4%AF%E0%A4%AE%E0%A4%82%E0%A4%A4%E0%A5%8D%E0%A4%B0%E0%A5%80> (referer: https://www.google.com/)
warning: urllib failed (HTTP Error 429: Too Many Requests), retrying via scrapling: translate.googleapis.com
[2026-08-29 08:03:10] INFO: Fetched (200) <GET https://translate.googleapis.com/translate_a/single?client=gtx&sl=auto&tl=en&dt=t&q=%E0%A4%AE%E0%A5%81%E0%A4%96%E0%A5%8D%E0%A4%AF%E0%A4%AE%E0%A4%82%E0%A4%A4%E0%A5%8D%E0%A4%B0%E0%A5%80+%E0%A4%A8%E0%A5%87+%E0%A4%AA%E0%A4%9F%E0%A4%A8%E0%A4%BE%2C+%E0%A4%AC%E0%A5%87%E0%A4%97%E0%A5%82%E0%A4%B8%E0%A4%B0%E0%A4%BE%E0%A4%AF+%E0%A4%94%E0%A4%B0+%E0%A4%AD%E0%A4%BE%E0%A4%97%E0%A4%B2%E0%A4%AA%E0%A5%81%E0%A4%B0+%E0%A4%9C%E0%A4%BF%E0%A4%B2%E0%A5%87+%E0%A4%95%E0%A5%87+%E0%A4%AC%E0%A4%BE%E0%A5%9D+%E0%A4%AA%E0%A5%8D%E0%A4%B0%E0%A4%AD%E0%A4%BE%E0%A4%B5%E0%A4%BF%E0%A4%A4+%E0%A4%95%E0%A5%8D%E0%A4%B7%E0%A5%87%E0%A4%A4%E0%A5%8D%E0%A4%B0%E0%A5%8B%E0%A4%82+%E0%A4%95%E0%A4%BE+%E0%A4%95%E0%A4%BF%E0%A4%AF%E0%A4%BE+%E0%A4%B9%E0%A4%B5%E0%A4%BE%E0%A4%88+%E0%A4%B8%E0%A4%B0%E0%A5%8D%E0%A4%B5%E0%A5%87%E0%A4%95%E0%A5%8D%E0%A4%B7%E0%A4%A3%2C+%E0%A4%85%E0%A4%B5%E0%A4%BF%E0%A4%B2%E0%A4%82%E0%A4%AC+%E0%A4%AE%E0%A4%B0%E0%A4%AE%E0%A5%8D%E0%A4%AE%E0%A4%A4%E0%A5%80+%E0%A4%A4%E0%A4%A5%E0%A4%BE+%E0%A4%B8%E0%A4%82%E0%A4%B5%E0%A5%87%E0%A4%A6%E0%A4%A8%E0%A4%B6%E0%A5%80%E0%A4%B2+%E0%A4%95%E0%A5%8D%E0%A4%B7%E0%A5%87%E0%A4%A4%E0%A5%8D%E0%A4%B0%E0%A5%8B%E0%A4%82+%E0%A4%95%E0%A5%80+%E0%A4%B2%E0%A4%97%E0%A4%BE%E0%A4%A4%E0%A4%BE%E0%A4%B0+%E0%A4%A8%E0%A4%BF%E0%A4%97%E0%A4%B0%E0%A4%BE%E0%A4%A8%E0%A5%80+%E0%A4%95%E0%A4%BE+%E0%A4%A6%E0%A4%BF%E0%A4%AF%E0%A4%BE+%E0%A4%A8%E0%A4%BF%E0%A4%B0%E0%A5%8D%E0%A4%A6%E0%A5%87%E0%A4%B6> (referer: https://www.google.com/)
warning: urllib failed (HTTP Error 429: Too Many Requests), retrying via scrapling: translate.googleapis.com
[2026-08-29 08:03:12] INFO: Fetched (200) <GET https://translate.googleapis.com/translate_a/single?client=gtx&sl=auto&tl=en&dt=t&q=%E2%80%98%E0%A4%AC%E0%A4%BF%E0%A4%B9%E0%A4%BE%E0%A4%B0+%E0%A4%B5%E0%A4%BF%E0%A4%A6%E0%A5%8D%E0%A4%AF%E0%A4%BE+%E0%A4%B8%E0%A4%BE%E0%A4%A5%E0%A5%80%E2%80%99+%E0%A4%90%E0%A4%AA+%E0%A4%B8%E0%A5%87+%E0%A4%AC%E0%A4%9A%E0%A5%8D%E0%A4%9A%E0%A5%8B%E0%A4%82+%E0%A4%95%E0%A5%80+%E0%A4%AA%E0%A5%9D%E0%A4%BE%E0%A4%88+%E0%A4%B9%E0%A5%8B%E0%A4%97%E0%A5%80+%E0%A4%86%E0%A4%B8%E0%A4%BE%E0%A4%A8%2C+%E0%A4%B5%E0%A4%BF%E0%A4%A6%E0%A5%8D%E0%A4%AF%E0%A4%BE%E0%A4%B0%E0%A5%8D%E0%A4%A5%E0%A4%BF%E0%A4%AF%E0%A5%8B%E0%A4%82+%E0%A4%95%E0%A5%87+%E0%A4%B2%E0%A4%BF%E0%A4%AF%E0%A5%87+24%2A7+%E0%A4%B6%E0%A4%BF%E0%A4%95%E0%A5%8D%E0%A4%B7%E0%A4%95+%E0%A4%91%E0%A4%A8%E0%A4%B2%E0%A4%BE%E0%A4%87%E0%A4%A8+%E0%A4%B9%E0%A5%8B%E0%A4%82%E0%A4%97%E0%A5%87+%E0%A4%89%E0%A4%AA%E0%A4%B2%E0%A4%AC%E0%A5%8D%E0%A4%A7%3A-+%E0%A4%AE%E0%A5%81%E0%A4%96%E0%A5%8D%E0%A4%AF%E0%A4%AE%E0%A4%82%E0%A4%A4%E0%A5%8D%E0%A4%B0%E0%A5%80> (referer: https://www.google.com/)
warning: urllib failed (HTTP Error 429: Too Many Requests), retrying via scrapling: translate.googleapis.com
[2026-08-29 08:03:14] INFO: Fetched (200) <GET https://translate.googleapis.com/translate_a/single?client=gtx&sl=auto&tl=en&dt=t&q=%E0%A4%B0%E0%A4%BE%E0%A4%9C%E0%A5%8D%E0%A4%AF%E0%A4%AA%E0%A4%BE%E0%A4%B2+%E0%A4%A8%E0%A5%87+%E0%A4%AA%E0%A5%8D%E0%A4%B0%E0%A4%A7%E0%A4%BE%E0%A4%A8%E0%A4%AE%E0%A4%82%E0%A4%A4%E0%A5%8D%E0%A4%B0%E0%A5%80+%E0%A4%9F%E0%A5%80%E0%A5%B0%E0%A4%AC%E0%A5%80%E0%A5%B0+%E0%A4%AE%E0%A5%81%E0%A4%95%E0%A5%8D%E0%A4%A4+%E0%A4%AD%E0%A4%BE%E0%A4%B0%E0%A4%A4+%E0%A4%85%E0%A4%AD%E0%A4%BF%E0%A4%AF%E0%A4%BE%E0%A4%A8+%E0%A4%95%E0%A5%87+%E0%A4%A4%E0%A4%B9%E0%A4%A4+%E0%A4%AB%E0%A5%82%E0%A4%A1+%E0%A4%AC%E0%A4%BE%E0%A4%B8%E0%A5%8D%E0%A4%95%E0%A5%87%E0%A4%9F+%E0%A4%95%E0%A4%BE+%E0%A4%B5%E0%A4%BF%E0%A4%A4%E0%A4%B0%E0%A4%A3+%E0%A4%95%E0%A4%BF%E0%A4%AF%E0%A4%BE> (referer: https://www.google.com/)
warning: urllib failed (HTTP Error 429: Too Many Requests), retrying via scrapling: translate.googleapis.com
[2026-08-29 08:03:16] INFO: Fetched (200) <GET https://translate.googleapis.com/translate_a/single?client=gtx&sl=auto&tl=en&dt=t&q=%E0%A4%B6%E0%A5%8D%E0%A4%B0%E0%A4%BE%E0%A4%B5%E0%A4%A3%E0%A5%80+%E0%A4%AE%E0%A5%87%E0%A4%B2%E0%A4%BE+%E0%A4%95%E0%A5%87%E0%A4%B5%E0%A4%B2+%E0%A4%8F%E0%A4%95+%E0%A4%A7%E0%A4%BE%E0%A4%B0%E0%A5%8D%E0%A4%AE%E0%A4%BF%E0%A4%95+%E0%A4%86%E0%A4%AF%E0%A5%8B%E0%A4%9C%E0%A4%A8+%E0%A4%A8%E0%A4%B9%E0%A5%80%E0%A4%82%2C+%E0%A4%AC%E0%A4%B2%E0%A5%8D%E0%A4%95%E0%A4%BF+%E0%A4%95%E0%A4%B0%E0%A5%8B%E0%A5%9C%E0%A5%8B%E0%A4%82+%E0%A4%B2%E0%A5%8B%E0%A4%97%E0%A5%8B%E0%A4%82+%E0%A4%95%E0%A5%80+%E0%A4%86%E0%A4%B8%E0%A5%8D%E0%A4%A5%E0%A4%BE%2C+%E0%A4%8F%E0%A4%95%E0%A4%A4%E0%A4%BE+%E0%A4%94%E0%A4%B0+%E0%A4%B8%E0%A4%82%E0%A4%95%E0%A4%B2%E0%A5%8D%E0%A4%AA+%E0%A4%95%E0%A4%BE+%E0%A4%85%E0%A4%A6%E0%A5%8D%E0%A4%AD%E0%A5%82%E0%A4%A4+%E0%A4%AA%E0%A5%8D%E0%A4%B0%E0%A4%A4%E0%A5%80%E0%A4%95+%E0%A4%B9%E0%A5%88%3A-+%E0%A4%AE%E0%A5%81%E0%A4%96%E0%A5%8D%E0%A4%AF%E0%A4%AE%E0%A4%82%E0%A4%A4%E0%A5%8D%E0%A4%B0%E0%A5%80> (referer: https://www.google.com/)
warning: urllib failed (HTTP Error 429: Too Many Requests), retrying via scrapling: translate.googleapis.com
[2026-08-29 08:03:17] INFO: Fetched (200) <GET https://translate.googleapis.com/translate_a/single?client=gtx&sl=auto&tl=en&dt=t&q=%E0%A4%AE%E0%A5%81%E0%A4%96%E0%A5%8D%E0%A4%AF%E0%A4%AE%E0%A4%82%E0%A4%A4%E0%A5%8D%E0%A4%B0%E0%A5%80+%E0%A4%A8%E0%A5%87+%E0%A4%AA%E0%A4%B6%E0%A5%8D%E0%A4%9A%E0%A4%BF%E0%A4%AE+%E0%A4%AC%E0%A4%82%E0%A4%97%E0%A4%BE%E0%A4%B2+%E0%A4%95%E0%A5%87+%E0%A4%AE%E0%A5%81%E0%A4%96%E0%A5%8D%E0%A4%AF%E0%A4%AE%E0%A4%82%E0%A4%A4%E0%A5%8D%E0%A4%B0%E0%A5%80+%E0%A4%B8%E0%A5%87+%E0%A4%A6%E0%A5%82%E0%A4%B0%E0%A4%AD%E0%A4%BE%E0%A4%B7+%E0%A4%AA%E0%A4%B0+%E0%A4%AC%E0%A4%BE%E0%A4%A4%E0%A4%9A%E0%A5%80%E0%A4%A4+%E0%A4%95%E0%A4%B0+%E0%A4%AB%E0%A4%B0%E0%A4%95%E0%A5%8D%E0%A4%95%E0%A4%BE+%E0%A4%AC%E0%A4%B0%E0%A4%BE%E0%A4%9C+%E0%A4%95%E0%A5%87+%E0%A4%B8%E0%A4%AD%E0%A5%80+%E0%A4%97%E0%A5%87%E0%A4%9F+%E0%A4%96%E0%A5%8B%E0%A4%B2%E0%A4%A8%E0%A5%87+%E0%A4%95%E0%A4%BE+%E0%A4%95%E0%A4%BF%E0%A4%AF%E0%A4%BE+%E0%A4%86%E0%A4%97%E0%A5%8D%E0%A4%B0%E0%A4%B9> (referer: https://www.google.com/)
warning: urllib failed (HTTP Error 429: Too Many Requests), retrying via scrapling: translate.googleapis.com
[2026-08-29 08:03:19] INFO: Fetched (200) <GET https://translate.googleapis.com/translate_a/single?client=gtx&sl=auto&tl=en&dt=t&q=%E0%A4%AE%E0%A5%87%E0%A4%97%E0%A4%BE+%E0%A4%9C%E0%A5%89%E0%A4%AC+%E0%A4%AB%E0%A5%87%E0%A4%AF%E0%A4%B0-2026+%E0%A4%AE%E0%A5%87%E0%A4%82+20%2C226+%E0%A4%AF%E0%A5%81%E0%A4%B5%E0%A4%95-%E0%A4%AF%E0%A5%81%E0%A4%B5%E0%A4%A4%E0%A4%BF%E0%A4%AF%E0%A5%8B%E0%A4%82+%E0%A4%95%E0%A5%8B+%E0%A4%AE%E0%A4%BF%E0%A4%B2%E0%A4%BE+%E0%A4%B0%E0%A5%8B%E0%A4%9C%E0%A4%97%E0%A4%BE%E0%A4%B0%3A-+%E0%A4%AE%E0%A5%81%E0%A4%96%E0%A5%8D%E0%A4%AF%E0%A4%AE%E0%A4%82%E0%A4%A4%E0%A5%8D%E0%A4%B0%E0%A5%80> (referer: https://www.google.com/)
warning: urllib failed (HTTP Error 429: Too Many Requests), retrying via scrapling: translate.googleapis.com
[2026-08-29 08:03:21] INFO: Fetched (200) <GET https://translate.googleapis.com/translate_a/single?client=gtx&sl=auto&tl=en&dt=t&q=%E0%A4%A4%E0%A5%80%E0%A4%A8+%E0%A4%AE%E0%A4%BE%E0%A4%B9+%E0%A4%AE%E0%A5%87%E0%A4%82+%E0%A4%AE%E0%A4%BE%E0%A4%9F%E0%A5%80+%E0%A4%95%E0%A4%B2%E0%A4%BE+%E0%A4%AC%E0%A5%8B%E0%A4%B0%E0%A5%8D%E0%A4%A1+%E0%A4%95%E0%A4%BE+%E0%A4%97%E0%A4%A0%E0%A4%A8+%E0%A4%95%E0%A4%BF%E0%A4%AF%E0%A4%BE+%E0%A4%9C%E0%A4%BE%E0%A4%AF%E0%A5%87%E0%A4%97%E0%A4%BE%2C+%E0%A4%AA%E0%A5%8D%E0%A4%B0%E0%A4%9C%E0%A4%BE%E0%A4%AA%E0%A4%A4%E0%A4%BF+%E0%A4%B8%E0%A4%AE%E0%A4%BE%E0%A4%9C+%E0%A4%95%E0%A5%8B+%E0%A4%86%E0%A4%97%E0%A5%87+%E0%A4%AC%E0%A5%9D%E0%A4%BE%E0%A4%A8%E0%A5%87+%E0%A4%A4%E0%A4%A5%E0%A4%BE+%E0%A4%A8%E0%A5%8D%E0%A4%AF%E0%A4%BE%E0%A4%AF+%E0%A4%A6%E0%A4%BF%E0%A4%B2%E0%A4%BE%E0%A4%A8%E0%A5%87+%E0%A4%95%E0%A5%87+%E0%A4%B2%E0%A4%BF%E0%A4%AF%E0%A5%87+%E0%A4%B9%E0%A4%AE+%E0%A4%96%E0%A5%9C%E0%A5%87+%E0%A4%B9%E0%A5%88%E0%A4%82%3A-+%E0%A4%AE%E0%A5%81%E0%A4%96%E0%A5%8D%E0%A4%AF%E0%A4%AE%E0%A4%82%E0%A4%A4%E0%A5%8D%E0%A4%B0%E0%A5%80> (referer: https://www.google.com/)
warning: urllib failed (HTTP Error 429: Too Many Requests), retrying via scrapling: translate.googleapis.com
[2026-08-29 08:03:23] INFO: Fetched (200) <GET https://translate.googleapis.com/translate_a/single?client=gtx&sl=auto&tl=en&dt=t&q=%E0%A4%AA%E0%A4%82%E0%A4%A1%E0%A4%BF%E0%A4%A4+%E0%A4%B0%E0%A4%BE%E0%A4%9C%E0%A4%95%E0%A5%81%E0%A4%AE%E0%A4%BE%E0%A4%B0+%E0%A4%B6%E0%A5%81%E0%A4%95%E0%A5%8D%E0%A4%B2+%E0%A4%95%E0%A5%80+%E0%A4%9C%E0%A4%AF%E0%A4%82%E0%A4%A4%E0%A5%80+%E0%A4%AA%E0%A4%B0+%E0%A4%B0%E0%A4%BE%E0%A4%9C%E0%A4%95%E0%A5%80%E0%A4%AF+%E0%A4%B8%E0%A4%AE%E0%A4%BE%E0%A4%B0%E0%A5%8B%E0%A4%B9+%E0%A4%95%E0%A4%BE+%E0%A4%B9%E0%A5%8B%E0%A4%97%E0%A4%BE+%E0%A4%86%E0%A4%AF%E0%A5%8B%E0%A4%9C%E0%A4%A8%3A-+%E0%A4%AE%E0%A5%81%E0%A4%96%E0%A5%8D%E0%A4%AF%E0%A4%AE%E0%A4%82%E0%A4%A4%E0%A5%8D%E0%A4%B0%E0%A5%80> (referer: https://www.google.com/)
warning: urllib failed (HTTP Error 429: Too Many Requests), retrying via scrapling: translate.googleapis.com
[2026-08-29 08:03:24] INFO: Fetched (200) <GET https://translate.googleapis.com/translate_a/single?client=gtx&sl=auto&tl=en&dt=t&q=%E0%A4%AC%E0%A4%BF%E0%A4%B9%E0%A4%BE%E0%A4%B0+%E0%A4%AC%E0%A4%A6%E0%A4%B2%E0%A4%BE%E0%A4%B5+%E0%A4%95%E0%A5%87+%E0%A4%95%E0%A4%B0%E0%A5%80%E0%A4%AC+%E0%A4%96%E0%A5%9C%E0%A4%BE+%E0%A4%B9%E0%A5%88%2C+%E0%A4%85%E0%A4%97%E0%A4%B2%E0%A5%87+%E0%A4%9A%E0%A4%BE%E0%A4%B0+%E0%A4%B5%E0%A4%B0%E0%A5%8D%E0%A4%B7%E0%A5%8B%E0%A4%82+%E0%A4%AE%E0%A5%87%E0%A4%82+%E0%A4%85%E0%A4%B0%E0%A5%8D%E0%A4%A5%E0%A4%B5%E0%A5%8D%E0%A4%AF%E0%A4%B5%E0%A4%B8%E0%A5%8D%E0%A4%A5%E0%A4%BE+%E0%A4%95%E0%A5%8B+%E0%A4%9A%E0%A4%BE%E0%A4%B0+%E0%A4%97%E0%A5%81%E0%A4%A8%E0%A4%BE+%E0%A4%95%E0%A4%B0%E0%A4%A8%E0%A5%87+%E0%A4%95%E0%A4%BE+%E0%A4%B2%E0%A4%95%E0%A5%8D%E0%A4%B7%E0%A5%8D%E0%A4%AF%3A-+%E0%A4%AE%E0%A5%81%E0%A4%96%E0%A5%8D%E0%A4%AF%E0%A4%AE%E0%A4%82%E0%A4%A4%E0%A5%8D%E0%A4%B0%E0%A5%80> (referer: https://www.google.com/)
warning: urllib failed (HTTP Error 429: Too Many Requests), retrying via scrapling: translate.googleapis.com
[2026-08-29 08:03:26] INFO: Fetched (200) <GET https://translate.googleapis.com/translate_a/single?client=gtx&sl=auto&tl=en&dt=t&q=%E0%A4%AE%E0%A5%81%E0%A4%96%E0%A5%8D%E0%A4%AF%E0%A4%AE%E0%A4%82%E0%A4%A4%E0%A5%8D%E0%A4%B0%E0%A5%80+%E0%A4%95%E0%A5%87+%E0%A4%86%E0%A4%97%E0%A5%8D%E0%A4%B0%E0%A4%B9+%E0%A4%AA%E0%A4%B0+%E0%A4%95%E0%A5%8B%E0%A4%B8%E0%A5%80+%E0%A4%A8%E0%A4%A6%E0%A5%80+%E0%A4%AA%E0%A4%B0+%E0%A4%B9%E0%A4%BE%E0%A4%88+%E0%A4%B2%E0%A5%87%E0%A4%B5%E0%A4%B2+%E0%A4%A1%E0%A5%88%E0%A4%AE+%E0%A4%95%E0%A5%87+%E0%A4%A1%E0%A5%800%E0%A4%AA%E0%A5%800%E0%A4%86%E0%A4%B00+%E0%A4%95%E0%A5%8B+%E0%A4%B6%E0%A5%80%E0%A4%98%E0%A5%8D%E0%A4%B0+%E0%A4%AA%E0%A5%82%E0%A4%B0%E0%A4%BE+%E0%A4%95%E0%A4%B0%E0%A4%A8%E0%A5%87+%E0%A4%95%E0%A4%BE+%E0%A4%95%E0%A5%87%E0%A4%A8%E0%A5%8D%E0%A4%A6%E0%A5%8D%E0%A4%B0%E0%A5%80%E0%A4%AF+%E0%A4%B5%E0%A4%BF%E0%A4%A4%E0%A5%8D%E0%A4%A4+%E0%A4%AE%E0%A4%82%E0%A4%A4%E0%A5%8D%E0%A4%B0%E0%A5%80+%E0%A4%B6%E0%A5%8D%E0%A4%B0%E0%A5%80%E0%A4%AE%E0%A4%A4%E0%A5%80+%E0%A4%A8%E0%A4%BF%E0%A4%B0%E0%A5%8D%E0%A4%AE%E0%A4%B2%E0%A4%BE+%E0%A4%B8%E0%A5%80%E0%A4%A4%E0%A4%BE%E0%A4%B0%E0%A4%AE%E0%A4%A3+%E0%A4%A8%E0%A5%87+%E0%A4%A6%E0%A4%BF%E0%A4%AF%E0%A4%BE+%E0%A4%A8%E0%A4%BF%E0%A4%B0%E0%A5%8D%E0%A4%A6%E0%A5%87%E0%A4%B6> (referer: https://www.google.com/)
warning: urllib failed (HTTP Error 429: Too Many Requests), retrying via scrapling: translate.googleapis.com
[2026-08-29 08:03:28] INFO: Fetched (200) <GET https://translate.googleapis.com/translate_a/single?client=gtx&sl=auto&tl=en&dt=t&q=%E0%A4%B0%E0%A4%BE%E0%A4%9C%E0%A5%8D%E0%A4%AF%E0%A4%AA%E0%A4%BE%E0%A4%B2+%E0%A4%A8%E0%A5%87+%E0%A4%AC%E0%A5%80%E0%A5%B0%E0%A4%8F%E0%A4%A8%E0%A5%B0+%E0%A4%AE%E0%A4%82%E0%A4%A1%E0%A4%B2+%E0%A4%B5%E0%A4%BF%E0%A4%B6%E0%A5%8D%E0%A4%B5%E0%A4%B5%E0%A4%BF%E0%A4%A6%E0%A5%8D%E0%A4%AF%E0%A4%BE%E0%A4%B2%E0%A4%AF+%E0%A4%95%E0%A5%80+%E0%A4%B6%E0%A5%88%E0%A4%95%E0%A5%8D%E0%A4%B7%E0%A4%A3%E0%A4%BF%E0%A4%95+%E0%A4%8F%E0%A4%B5%E0%A4%82+%E0%A4%AA%E0%A5%8D%E0%A4%B0%E0%A4%B6%E0%A4%BE%E0%A4%B8%E0%A4%A8%E0%A4%BF%E0%A4%95+%E0%A4%97%E0%A4%A4%E0%A4%BF%E0%A4%B5%E0%A4%BF%E0%A4%A7%E0%A4%BF%E0%A4%AF%E0%A5%8B%E0%A4%82+%E0%A4%95%E0%A5%80+%E0%A4%B8%E0%A4%AE%E0%A5%80%E0%A4%95%E0%A5%8D%E0%A4%B7%E0%A4%BE+%E0%A4%95%E0%A5%80> (referer: https://www.google.com/)
warning: urllib failed (HTTP Error 429: Too Many Requests), retrying via scrapling: translate.googleapis.com
[2026-08-29 08:03:30] INFO: Fetched (200) <GET https://translate.googleapis.com/translate_a/single?client=gtx&sl=auto&tl=en&dt=t&q=%E0%A4%AC%E0%A4%BF%E0%A4%B9%E0%A4%BE%E0%A4%B0+%E0%A4%B2%E0%A5%8B%E0%A4%95+%E0%A4%AD%E0%A4%B5%E0%A4%A8+%E0%A4%AE%E0%A5%87%E0%A4%82+%E0%A4%B6%E0%A5%88%E0%A4%95%E0%A5%8D%E0%A4%B7%E0%A4%A3%E0%A4%BF%E0%A4%95+%E0%A4%85%E0%A4%AD%E0%A4%BF%E0%A4%B2%E0%A5%87%E0%A4%96%E0%A5%8B%E0%A4%82+%E0%A4%95%E0%A5%87+%E0%A4%A1%E0%A4%BF%E0%A4%9C%E0%A4%BF%E0%A4%9F%E0%A4%B2+%E0%A4%85%E0%A4%AA%E0%A4%B2%E0%A5%8B%E0%A4%A1+%E0%A4%95%E0%A5%80+%E0%A4%B8%E0%A4%AE%E0%A5%80%E0%A4%95%E0%A5%8D%E0%A4%B7%E0%A4%BE+%E0%A4%95%E0%A5%80+%E0%A4%97%E0%A4%88> (referer: https://www.google.com/)
warning: urllib failed (HTTP Error 429: Too Many Requests), retrying via scrapling: translate.googleapis.com
[2026-08-29 08:03:32] INFO: Fetched (200) <GET https://translate.googleapis.com/translate_a/single?client=gtx&sl=auto&tl=en&dt=t&q=%E0%A4%AA%E0%A5%8D%E0%A4%B0%E0%A4%A7%E0%A4%BE%E0%A4%A8%E0%A4%AE%E0%A4%82%E0%A4%A4%E0%A5%8D%E0%A4%B0%E0%A5%80+%E0%A4%86%E0%A4%B5%E0%A4%BE%E0%A4%B8+%E0%A4%AF%E0%A5%8B%E0%A4%9C%E0%A4%A8%E0%A4%BE+%E0%A4%97%E0%A5%8D%E0%A4%B0%E0%A4%BE%E0%A4%AE%E0%A5%80%E0%A4%A3+%E0%A4%95%E0%A5%87+%E0%A4%A4%E0%A4%B9%E0%A4%A4+%E0%A4%AC%E0%A4%BF%E0%A4%B9%E0%A4%BE%E0%A4%B0+%E0%A4%AE%E0%A5%87%E0%A4%82+%E0%A4%AC%E0%A4%A8%E0%A5%87%E0%A4%82%E0%A4%97%E0%A5%87+11+%E0%A4%B2%E0%A4%BE%E0%A4%96+18+%E0%A4%B9%E0%A4%9C%E0%A4%BE%E0%A4%B0+%E0%A4%B8%E0%A5%87+%E0%A4%85%E0%A4%A7%E0%A4%BF%E0%A4%95+%E0%A4%AA%E0%A4%95%E0%A5%8D%E0%A4%95%E0%A5%87+%E0%A4%AE%E0%A4%95%E0%A4%BE%E0%A4%A8%2C+%E0%A4%AE%E0%A5%81%E0%A4%96%E0%A5%8D%E0%A4%AF%E0%A4%AE%E0%A4%82%E0%A4%A4%E0%A5%8D%E0%A4%B0%E0%A5%80+%E0%A4%A8%E0%A5%87+%E0%A4%AA%E0%A5%8D%E0%A4%B0%E0%A4%A7%E0%A4%BE%E0%A4%A8%E0%A4%AE%E0%A4%82%E0%A4%A4%E0%A5%8D%E0%A4%B0%E0%A5%80+%E0%A4%95%E0%A4%BE+%E0%A4%9C%E0%A4%A4%E0%A4%BE%E0%A4%AF%E0%A4%BE+%E0%A4%86%E0%A4%AD%E0%A4%BE%E0%A4%B0> (referer: https://www.google.com/)
warning: urllib failed (HTTP Error 429: Too Many Requests), retrying via scrapling: translate.googleapis.com
[2026-08-29 08:03:33] INFO: Fetched (200) <GET https://translate.googleapis.com/translate_a/single?client=gtx&sl=auto&tl=en&dt=t&q=%E2%80%98%E0%A4%8F%E0%A4%95+%E0%A4%85%E0%A4%A7%E0%A4%BF%E0%A4%95%E0%A4%BE%E0%A4%B0%E0%A5%80-%E0%A4%8F%E0%A4%95+%E0%A4%AE%E0%A5%89%E0%A4%A1%E0%A4%B2+%E0%A4%B8%E0%A5%8D%E0%A4%95%E0%A5%82%E0%A4%B2%E2%80%99+%E0%A4%95%E0%A5%87+%E0%A4%A4%E0%A4%B9%E0%A4%A4+%E0%A4%85%E0%A4%A7%E0%A4%BF%E0%A4%95%E0%A4%BE%E0%A4%B0%E0%A4%BF%E0%A4%AF%E0%A5%8B%E0%A4%82+%E0%A4%95%E0%A5%8B+%E0%A4%AE%E0%A5%89%E0%A4%A1%E0%A4%B2+%E0%A4%B8%E0%A5%8D%E0%A4%95%E0%A5%82%E0%A4%B2%E0%A5%8B%E0%A4%82+%28%E0%A4%B8%E0%A4%B0%E0%A4%B8%E0%A5%8D%E0%A4%B5%E0%A4%A4%E0%A5%80+%E0%A4%B5%E0%A4%BF%E0%A4%A6%E0%A5%8D%E0%A4%AF%E0%A4%BE+%E0%A4%A8%E0%A4%BF%E0%A4%95%E0%A5%87%E0%A4%A4%E0%A4%A8%29+%E0%A4%95%E0%A5%80+%E0%A4%9C%E0%A4%BF%E0%A4%AE%E0%A5%8D%E0%A4%AE%E0%A5%87%E0%A4%A6%E0%A4%BE%E0%A4%B0%E0%A5%80%2C+%E0%A4%97%E0%A5%81%E0%A4%A3%E0%A4%B5%E0%A4%A4%E0%A5%8D%E0%A4%A4%E0%A4%BE%E0%A4%AA%E0%A5%82%E0%A4%B0%E0%A5%8D%E0%A4%A3+%E0%A4%B6%E0%A4%BF%E0%A4%95%E0%A5%8D%E0%A4%B7%E0%A4%BE+%E0%A4%95%E0%A5%87+%E0%A4%B8%E0%A4%BE%E0%A4%A5+%E0%A4%B5%E0%A4%BF%E0%A4%A6%E0%A5%8D%E0%A4%AF%E0%A4%BE%E0%A4%B0%E0%A5%8D%E0%A4%A5%E0%A4%BF%E0%A4%AF%E0%A5%8B%E0%A4%82+%E0%A4%95%E0%A5%87+%E0%A4%B8%E0%A4%B0%E0%A5%8D%E0%A4%B5%E0%A4%BE%E0%A4%82%E0%A4%97%E0%A5%80%E0%A4%A3+%E0%A4%B5%E0%A4%BF%E0%A4%95%E0%A4%BE%E0%A4%B8+%E0%A4%AA%E0%A4%B0+%E0%A4%B5%E0%A4%BF%E0%A4%B7%E0%A5%87%E0%A4%B7+%E0%A4%9C%E0%A5%8B%E0%A4%B0%3A-+%E0%A4%AE%E0%A5%81%E0%A4%96%E0%A5%8D%E0%A4%AF%E0%A4%AE%E0%A4%82%E0%A4%A4%E0%A5%8D%E0%A4%B0%E0%A5%80> (referer: https://www.google.com/)
warning: urllib failed (HTTP Error 429: Too Many Requests), retrying via scrapling: translate.googleapis.com
[2026-08-29 08:03:35] INFO: Fetched (200) <GET https://translate.googleapis.com/translate_a/single?client=gtx&sl=auto&tl=en&dt=t&q=%E0%A4%AC%E0%A4%BF%E0%A4%B9%E0%A4%BE%E0%A4%B0+%E0%A4%B2%E0%A5%8B%E0%A4%95+%E0%A4%AD%E0%A4%B5%E0%A4%A8+%E0%A4%AE%E0%A5%87%E0%A4%82+%E0%A4%B8%E0%A5%8D%E0%A4%A5%E0%A4%BE%E0%A4%A8%E0%A4%BE%E0%A4%82%E0%A4%A4%E0%A4%B0%E0%A4%A3+%E0%A4%B8%E0%A4%82%E0%A4%AC%E0%A4%82%E0%A4%A7%E0%A5%80+%E0%A4%B5%E0%A4%BE%E0%A4%AF%E0%A4%B0%E0%A4%B2+%E0%A4%B8%E0%A4%AE%E0%A4%BE%E0%A4%9A%E0%A4%BE%E0%A4%B0+%E0%A4%A4%E0%A4%A5%E0%A5%8D%E0%A4%AF%E0%A4%B9%E0%A5%80%E0%A4%A8+%E0%A4%8F%E0%A4%B5%E0%A4%82+%E0%A4%AD%E0%A5%8D%E0%A4%B0%E0%A4%BE%E0%A4%AE%E0%A4%95> (referer: https://www.google.com/)
warning: urllib failed (HTTP Error 429: Too Many Requests), retrying via scrapling: translate.googleapis.com
[2026-08-29 08:03:37] INFO: Fetched (200) <GET https://translate.googleapis.com/translate_a/single?client=gtx&sl=auto&tl=en&dt=t&q=%E0%A4%B0%E0%A4%BE%E0%A4%9C%E0%A5%8D%E0%A4%AF%E0%A4%AA%E0%A4%BE%E0%A4%B2+%E0%A4%B8%E0%A4%9A%E0%A4%BF%E0%A4%B5%E0%A4%BE%E0%A4%B2%E0%A4%AF+%E0%A4%95%E0%A5%87+%E0%A4%9A%E0%A4%BE%E0%A4%B0+%E0%A4%B8%E0%A5%8D%E0%A4%9F%E0%A5%87%E0%A4%A8%E0%A5%8B%E0%A4%97%E0%A5%8D%E0%A4%B0%E0%A4%BE%E0%A4%AB%E0%A4%B0+%E0%A4%95%E0%A5%80+%E0%A4%B8%E0%A5%87%E0%A4%B5%E0%A4%BE+%E0%A4%A4%E0%A4%A4%E0%A5%8D%E0%A4%95%E0%A4%BE%E0%A4%B2+%E0%A4%AA%E0%A5%8D%E0%A4%B0%E0%A4%AD%E0%A4%BE%E0%A4%B5+%E0%A4%B8%E0%A5%87+%E0%A4%B8%E0%A4%AE%E0%A4%BE%E0%A4%AA%E0%A5%8D%E0%A4%A4> (referer: https://www.google.com/)
warning: urllib failed (HTTP Error 429: Too Many Requests), retrying via scrapling: translate.googleapis.com
[2026-08-29 08:03:39] INFO: Fetched (200) <GET https://translate.googleapis.com/translate_a/single?client=gtx&sl=auto&tl=en&dt=t&q=%E0%A4%B0%E0%A4%BE%E0%A4%9C%E0%A5%8D%E0%A4%AF+%E0%A4%B5%E0%A4%BF%E0%A4%B6%E0%A5%8D%E0%A4%B5%E0%A4%B5%E0%A4%BF%E0%A4%A6%E0%A5%8D%E0%A4%AF%E0%A4%BE%E0%A4%B2%E0%A4%AF%E0%A5%8B%E0%A4%82+%E0%A4%95%E0%A5%87+%E0%A4%AF%E0%A5%81%E0%A4%B5%E0%A4%BE+%E0%A4%B6%E0%A4%BF%E0%A4%95%E0%A5%8D%E0%A4%B7%E0%A4%95%E0%A5%8B%E0%A4%82+%E0%A4%95%E0%A5%87+%E0%A4%B2%E0%A4%BF%E0%A4%8F+%E0%A4%9B%E0%A4%83+%E0%A4%A6%E0%A4%BF%E0%A4%B5%E0%A4%B8%E0%A5%80%E0%A4%AF+%E0%A4%B0%E0%A4%BF%E0%A4%B8%E0%A4%B0%E0%A5%8D%E0%A4%9A+%E0%A4%AE%E0%A5%87%E0%A4%A5%E0%A4%A1%E0%A5%8B%E0%A4%B2%E0%A5%89%E0%A4%9C%E0%A5%80+%E0%A4%9F%E0%A5%8D%E0%A4%B0%E0%A5%87%E0%A4%A8%E0%A4%BF%E0%A4%82%E0%A4%97+%E0%A4%B5%E0%A4%B0%E0%A5%8D%E0%A4%95%E0%A4%B6%E0%A5%89%E0%A4%AA+%E0%A4%86%E0%A4%AF%E0%A5%8B%E0%A4%9C%E0%A4%BF%E0%A4%A4+%E0%A4%B9%E0%A5%8B%E0%A4%97%E0%A4%BE> (referer: https://www.google.com/)
warning: urllib failed (HTTP Error 429: Too Many Requests), retrying via scrapling: translate.googleapis.com
[2026-08-29 08:03:41] INFO: Fetched (200) <GET https://translate.googleapis.com/translate_a/single?client=gtx&sl=auto&tl=en&dt=t&q=%E0%A4%95%E0%A5%8B%E0%A4%B8%E0%A5%80-%E0%A4%AE%E0%A5%87%E0%A4%9A%E0%A5%80+%E0%A4%85%E0%A4%82%E0%A4%A4%E0%A4%83%E0%A4%B0%E0%A4%BE%E0%A4%9C%E0%A5%8D%E0%A4%AF%E0%A5%80%E0%A4%AF+%E0%A4%B0%E0%A4%BF%E0%A4%B5%E0%A4%B0+%E0%A4%B2%E0%A4%BF%E0%A4%82%E0%A4%95+%E0%A4%AA%E0%A4%B0%E0%A4%BF%E0%A4%AF%E0%A5%8B%E0%A4%9C%E0%A4%A8%E0%A4%BE+%E0%A4%B8%E0%A5%87+%E0%A4%B8%E0%A5%80%E0%A4%AE%E0%A4%BE%E0%A4%82%E0%A4%9A%E0%A4%B2+%E0%A4%AE%E0%A5%87%E0%A4%82+%E0%A4%B9%E0%A5%8B%E0%A4%97%E0%A4%BE+%E0%A4%B8%E0%A4%BF%E0%A4%82%E0%A4%9A%E0%A4%BE%E0%A4%88+%E0%A4%95%E0%A4%BE+%E0%A4%B5%E0%A4%BF%E0%A4%B8%E0%A5%8D%E0%A4%A4%E0%A4%BE%E0%A4%B0%2C+%E0%A4%95%E0%A4%BF%E0%A4%B8%E0%A4%BE%E0%A4%A8%E0%A5%8B%E0%A4%82+%E0%A4%95%E0%A5%80+%E0%A4%B8%E0%A4%AE%E0%A5%83%E0%A4%A6%E0%A5%8D%E0%A4%A7%E0%A4%BF+%E0%A4%94%E0%A4%B0+%E0%A4%9C%E0%A4%B2+%E0%A4%AA%E0%A5%8D%E0%A4%B0%E0%A4%AC%E0%A4%82%E0%A4%A7%E0%A4%A8+%E0%A4%95%E0%A5%8B+%E0%A4%AE%E0%A4%BF%E0%A4%B2%E0%A5%87%E0%A4%97%E0%A5%80+%E0%A4%A8%E0%A4%88+%E0%A4%97%E0%A4%A4%E0%A4%BF%3A-+%E0%A4%AE%E0%A5%81%E0%A4%96%E0%A5%8D%E0%A4%AF%E0%A4%AE%E0%A4%82%E0%A4%A4%E0%A5%8D%E0%A4%B0%E0%A5%80> (referer: https://www.google.com/)
warning: urllib failed (HTTP Error 429: Too Many Requests), retrying via scrapling: translate.googleapis.com
[2026-08-29 08:03:45] INFO: Fetched (200) <GET https://translate.googleapis.com/translate_a/single?client=gtx&sl=auto&tl=en&dt=t&q=Special+R%26R+Package+Launched+for+Golabandha+and+Cheligada+Project+Displaced+Families%3B+Permanent%E2%80%A6> (referer: https://www.google.com/)
warning: urllib failed (HTTP Error 429: Too Many Requests), retrying via scrapling: translate.googleapis.com
[2026-08-29 08:03:47] INFO: Fetched (200) <GET https://translate.googleapis.com/translate_a/single?client=gtx&sl=auto&tl=en&dt=t&q=Punjab+Ready+to+Form+BJP+Government+under+Prime+Minister+Narendra+Modi%E2%80%99s+Leadership+%E2%80%93+Chief+Minister> (referer: https://www.google.com/)
warning: urllib failed (<urlopen error [SSL: UNEXPECTED_EOF_WHILE_READING] EOF occurred in violation of protocol (_ssl.c:1082)>), retrying via scrapling: delhi.gov.in
[2026-08-29 08:04:12] WARNING: Attempt 1 failed: Failed to perform, curl: (35) BoringSSL SSL_connect: Connection closed abruptly (SSL_ERROR_SYSCALL; error queue empty) in connection to delhi.gov.in:443. See https://curl.se/libcurl/c/libcurl-errors.html first for more details.. Retrying in 1 seconds...
[2026-08-29 08:04:25] WARNING: Attempt 2 failed: Failed to perform, curl: (35) BoringSSL SSL_connect: Connection closed abruptly (SSL_ERROR_SYSCALL; error queue empty) in connection to delhi.gov.in:443. See https://curl.se/libcurl/c/libcurl-errors.html first for more details.. Retrying in 1 seconds...
[2026-08-29 08:04:38] ERROR: Failed after 3 attempts: Failed to perform, curl: (35) BoringSSL SSL_connect: Connection closed abruptly (SSL_ERROR_SYSCALL; error queue empty) in connection to delhi.gov.in:443. See https://curl.se/libcurl/c/libcurl-errors.html first for more details.
DL: FETCH FAILED (Failed to perform, curl: (35) BoringSSL SSL_connect: Connection closed abruptly (SSL_ERROR_SYSCALL; error queue empty) in connection to delhi.gov.in:443. See https://curl.se/libcurl/c/libcurl-errors.html first for more details.)
warning: urllib failed (<urlopen error [SSL: UNSAFE_LEGACY_RENEGOTIATION_DISABLED] unsafe legacy renegotiation disabled (_ssl.c:1082)>), retrying via scrapling: icad.wb.gov.in
[2026-08-29 08:04:40] INFO: Fetched (200) <GET https://icad.wb.gov.in/notice.php> (referer: https://www.google.com/)
warning: urllib failed (<urlopen error [SSL: UNSAFE_LEGACY_RENEGOTIATION_DISABLED] unsafe legacy renegotiation disabled (_ssl.c:1082)>), retrying via scrapling: icad.wb.gov.in
[2026-08-29 08:04:41] INFO: Fetched (200) <GET https://icad.wb.gov.in/govt-order.php> (referer: https://www.google.com/)
MP (Madhya Pradesh): fetched 0, 0 new (0 machine-translated) -> 63998 total in register
AP (Andhra Pradesh): fetched 0, 0 new (0 machine-translated) -> 108 total in register
UP (Uttar Pradesh): fetched 60, 0 new (0 machine-translated) -> 290 total in register
GJ (Gujarat): fetched 23, 0 new (0 machine-translated) -> 209 total in register
MH (Maharashtra): fetched 0, 0 new (0 machine-translated) -> 26439 total in register
KA (Karnataka): fetched 103, 0 new (0 machine-translated) -> 103 total in register
GA (Goa): fetched 200, 0 new (0 machine-translated) -> 335 total in register
RJ (Rajasthan): fetched 100, 5 new (4 machine-translated) -> 74551 total in register
PB (Punjab): fetched 0, 0 new (0 machine-translated) -> 36 total in register
MZ (Mizoram): fetched 50, 1 new (1 machine-translated) -> 102 total in register
NL (Nagaland): fetched 24, 5 new (0 machine-translated) -> 134 total in register
SK (Sikkim): fetched 30, 0 new (0 machine-translated) -> 101 total in register
CH (Chandigarh): fetched 21, 0 new (0 machine-translated) -> 22 total in register
DD (DNH & Daman-Diu): fetched 24, 0 new (0 machine-translated) -> 58 total in register
KL (Kerala): fetched 0, 0 new (0 machine-translated) -> 267 total in register
TS (Telangana): fetched 10, 0 new (0 machine-translated) -> 23 total in register
AS (Assam): fetched 0, 0 new (0 machine-translated) -> 18 total in register
TN (Tamil Nadu): fetched 285, 7 new (0 machine-translated) -> 307 total in register
BR (Bihar): fetched 30, 30 new (30 machine-translated) -> 60 total in register
OD (Odisha): fetched 9, 1 new (1 machine-translated) -> 18 total in register
HR (Haryana): fetched 99, 4 new (1 machine-translated) -> 137 total in register
DL (Delhi (NCT)): fetched 0, 0 new (0 machine-translated) -> 7 total in register
WB (West Bengal): fetched 28, 0 new (0 machine-translated) -> 28 total in register
signal pass: 0 translated, 0 failures this run (rerun resumes automatically; untranslated non-signal rows stay native)
reportage: 4104 scheme-mapped announcements across 39 quarters -> /Users/umashankar/digital-twin-for-ipa/docs/REPORTAGE.md
reportage html: 4104 rows pre-rendered -> /Users/umashankar/digital-twin-for-ipa/docs/reportage.html
reportage ministry html: 4104 central rows + 25 state rows across 49 ministries -> /Users/umashankar/digital-twin-for-ipa/docs/reportage_ministry.html
reportage latest html: 110 central rows, 521 state-wire rows (30d window) -> /Users/umashankar/digital-twin-for-ipa/docs/reportage_latest.html
reportage states html: 14925 classified rows across 29 quarters -> /Users/umashankar/digital-twin-for-ipa/docs/reportage_states.html
  2026-08-30   16 releases
indexed 16 release rows 2026-08-30 → 2026-08-30
warning: urllib failed (<urlopen error [SSL: UNEXPECTED_EOF_WHILE_READING] EOF occurred in violation of protocol (_ssl.c:1082)>), retrying via scrapling: www.mpinfo.org
[2026-08-30 07:40:25] WARNING: Attempt 1 failed: Failed to perform, curl: (35) BoringSSL SSL_connect: Connection closed abruptly (SSL_ERROR_SYSCALL; error queue empty) in connection to www.mpinfo.org:443. See https://curl.se/libcurl/c/libcurl-errors.html first for more details.. Retrying in 1 seconds...
[2026-08-30 07:40:38] WARNING: Attempt 2 failed: Failed to perform, curl: (35) BoringSSL SSL_connect: Connection closed abruptly (SSL_ERROR_SYSCALL; error queue empty) in connection to www.mpinfo.org:443. See https://curl.se/libcurl/c/libcurl-errors.html first for more details.. Retrying in 1 seconds...
[2026-08-30 07:40:52] ERROR: Failed after 3 attempts: Failed to perform, curl: (35) BoringSSL SSL_connect: Connection closed abruptly (SSL_ERROR_SYSCALL; error queue empty) in connection to www.mpinfo.org:443. See https://curl.se/libcurl/c/libcurl-errors.html first for more details.
MP 2026-08-30: FETCH FAILED (Failed to perform, curl: (35) BoringSSL SSL_connect: Connection closed abruptly (SSL_ERROR_SYSCALL; error queue empty) in connection to www.mpinfo.org:443. See https://curl.se/libcurl/c/libcurl-errors.html first for more details.)
warning: urllib failed (<urlopen error [SSL: UNEXPECTED_EOF_WHILE_READING] EOF occurred in violation of protocol (_ssl.c:1082)>), retrying via scrapling: www.mpinfo.org
[2026-08-30 07:41:16] WARNING: Attempt 1 failed: Failed to perform, curl: (35) BoringSSL SSL_connect: Connection closed abruptly (SSL_ERROR_SYSCALL; error queue empty) in connection to www.mpinfo.org:443. See https://curl.se/libcurl/c/libcurl-errors.html first for more details.. Retrying in 1 seconds...
[2026-08-30 07:41:30] WARNING: Attempt 2 failed: Failed to perform, curl: (35) BoringSSL SSL_connect: Connection closed abruptly (SSL_ERROR_SYSCALL; error queue empty) in connection to www.mpinfo.org:443. See https://curl.se/libcurl/c/libcurl-errors.html first for more details.. Retrying in 1 seconds...
[2026-08-30 07:41:43] ERROR: Failed after 3 attempts: Failed to perform, curl: (35) BoringSSL SSL_connect: Connection closed abruptly (SSL_ERROR_SYSCALL; error queue empty) in connection to www.mpinfo.org:443. See https://curl.se/libcurl/c/libcurl-errors.html first for more details.
MP 2026-08-29: FETCH FAILED (Failed to perform, curl: (35) BoringSSL SSL_connect: Connection closed abruptly (SSL_ERROR_SYSCALL; error queue empty) in connection to www.mpinfo.org:443. See https://curl.se/libcurl/c/libcurl-errors.html first for more details.)
warning: urllib failed (<urlopen error [SSL: UNEXPECTED_EOF_WHILE_READING] EOF occurred in violation of protocol (_ssl.c:1082)>), retrying via scrapling: www.mpinfo.org
[2026-08-30 07:42:08] WARNING: Attempt 1 failed: Failed to perform, curl: (35) BoringSSL SSL_connect: Connection closed abruptly (SSL_ERROR_SYSCALL; error queue empty) in connection to www.mpinfo.org:443. See https://curl.se/libcurl/c/libcurl-errors.html first for more details.. Retrying in 1 seconds...
[2026-08-30 07:42:21] WARNING: Attempt 2 failed: Failed to perform, curl: (35) BoringSSL SSL_connect: Connection closed abruptly (SSL_ERROR_SYSCALL; error queue empty) in connection to www.mpinfo.org:443. See https://curl.se/libcurl/c/libcurl-errors.html first for more details.. Retrying in 1 seconds...
[2026-08-30 07:42:34] ERROR: Failed after 3 attempts: Failed to perform, curl: (35) BoringSSL SSL_connect: Connection closed abruptly (SSL_ERROR_SYSCALL; error queue empty) in connection to www.mpinfo.org:443. See https://curl.se/libcurl/c/libcurl-errors.html first for more details.
MP 2026-08-28: FETCH FAILED (Failed to perform, curl: (35) BoringSSL SSL_connect: Connection closed abruptly (SSL_ERROR_SYSCALL; error queue empty) in connection to www.mpinfo.org:443. See https://curl.se/libcurl/c/libcurl-errors.html first for more details.)
warning: urllib failed (<urlopen error [SSL: UNEXPECTED_EOF_WHILE_READING] EOF occurred in violation of protocol (_ssl.c:1082)>), retrying via scrapling: www.mpinfo.org
[2026-08-30 07:42:59] WARNING: Attempt 1 failed: Failed to perform, curl: (35) BoringSSL SSL_connect: Connection closed abruptly (SSL_ERROR_SYSCALL; error queue empty) in connection to www.mpinfo.org:443. See https://curl.se/libcurl/c/libcurl-errors.html first for more details.. Retrying in 1 seconds...
[2026-08-30 07:43:12] WARNING: Attempt 2 failed: Failed to perform, curl: (35) BoringSSL SSL_connect: Connection closed abruptly (SSL_ERROR_SYSCALL; error queue empty) in connection to www.mpinfo.org:443. See https://curl.se/libcurl/c/libcurl-errors.html first for more details.. Retrying in 1 seconds...
[2026-08-30 07:43:25] ERROR: Failed after 3 attempts: Failed to perform, curl: (35) BoringSSL SSL_connect: Connection closed abruptly (SSL_ERROR_SYSCALL; error queue empty) in connection to www.mpinfo.org:443. See https://curl.se/libcurl/c/libcurl-errors.html first for more details.
MP 2026-08-27: FETCH FAILED (Failed to perform, curl: (35) BoringSSL SSL_connect: Connection closed abruptly (SSL_ERROR_SYSCALL; error queue empty) in connection to www.mpinfo.org:443. See https://curl.se/libcurl/c/libcurl-errors.html first for more details.)
warning: urllib failed (<urlopen error [SSL: UNEXPECTED_EOF_WHILE_READING] EOF occurred in violation of protocol (_ssl.c:1082)>), retrying via scrapling: www.mpinfo.org
[2026-08-30 07:43:50] WARNING: Attempt 1 failed: Failed to perform, curl: (35) BoringSSL SSL_connect: Connection closed abruptly (SSL_ERROR_SYSCALL; error queue empty) in connection to www.mpinfo.org:443. See https://curl.se/libcurl/c/libcurl-errors.html first for more details.. Retrying in 1 seconds...
[2026-08-30 07:44:03] WARNING: Attempt 2 failed: Failed to perform, curl: (35) BoringSSL SSL_connect: Connection closed abruptly (SSL_ERROR_SYSCALL; error queue empty) in connection to www.mpinfo.org:443. See https://curl.se/libcurl/c/libcurl-errors.html first for more details.. Retrying in 1 seconds...
[2026-08-30 07:44:16] ERROR: Failed after 3 attempts: Failed to perform, curl: (35) BoringSSL SSL_connect: Connection closed abruptly (SSL_ERROR_SYSCALL; error queue empty) in connection to www.mpinfo.org:443. See https://curl.se/libcurl/c/libcurl-errors.html first for more details.
MP 2026-08-26: FETCH FAILED (Failed to perform, curl: (35) BoringSSL SSL_connect: Connection closed abruptly (SSL_ERROR_SYSCALL; error queue empty) in connection to www.mpinfo.org:443. See https://curl.se/libcurl/c/libcurl-errors.html first for more details.)
warning: urllib failed (<urlopen error [SSL: UNEXPECTED_EOF_WHILE_READING] EOF occurred in violation of protocol (_ssl.c:1082)>), retrying via scrapling: www.mpinfo.org
[2026-08-30 07:44:41] WARNING: Attempt 1 failed: Failed to perform, curl: (35) BoringSSL SSL_connect: Connection closed abruptly (SSL_ERROR_SYSCALL; error queue empty) in connection to www.mpinfo.org:443. See https://curl.se/libcurl/c/libcurl-errors.html first for more details.. Retrying in 1 seconds...
[2026-08-30 07:44:54] WARNING: Attempt 2 failed: Failed to perform, curl: (35) BoringSSL SSL_connect: Connection closed abruptly (SSL_ERROR_SYSCALL; error queue empty) in connection to www.mpinfo.org:443. See https://curl.se/libcurl/c/libcurl-errors.html first for more details.. Retrying in 1 seconds...
[2026-08-30 07:45:08] ERROR: Failed after 3 attempts: Failed to perform, curl: (35) BoringSSL SSL_connect: Connection closed abruptly (SSL_ERROR_SYSCALL; error queue empty) in connection to www.mpinfo.org:443. See https://curl.se/libcurl/c/libcurl-errors.html first for more details.
MP 2026-08-25: FETCH FAILED (Failed to perform, curl: (35) BoringSSL SSL_connect: Connection closed abruptly (SSL_ERROR_SYSCALL; error queue empty) in connection to www.mpinfo.org:443. See https://curl.se/libcurl/c/libcurl-errors.html first for more details.)
warning: urllib failed (<urlopen error [SSL: UNEXPECTED_EOF_WHILE_READING] EOF occurred in violation of protocol (_ssl.c:1082)>), retrying via scrapling: www.mpinfo.org
[2026-08-30 07:45:32] WARNING: Attempt 1 failed: Failed to perform, curl: (35) BoringSSL SSL_connect: Connection closed abruptly (SSL_ERROR_SYSCALL; error queue empty) in connection to www.mpinfo.org:443. See https://curl.se/libcurl/c/libcurl-errors.html first for more details.. Retrying in 1 seconds...
[2026-08-30 07:45:46] WARNING: Attempt 2 failed: Failed to perform, curl: (35) BoringSSL SSL_connect: Connection closed abruptly (SSL_ERROR_SYSCALL; error queue empty) in connection to www.mpinfo.org:443. See https://curl.se/libcurl/c/libcurl-errors.html first for more details.. Retrying in 1 seconds...
[2026-08-30 07:45:59] ERROR: Failed after 3 attempts: Failed to perform, curl: (35) BoringSSL SSL_connect: Connection closed abruptly (SSL_ERROR_SYSCALL; error queue empty) in connection to www.mpinfo.org:443. See https://curl.se/libcurl/c/libcurl-errors.html first for more details.
MP 2026-08-24: FETCH FAILED (Failed to perform, curl: (35) BoringSSL SSL_connect: Connection closed abruptly (SSL_ERROR_SYSCALL; error queue empty) in connection to www.mpinfo.org:443. See https://curl.se/libcurl/c/libcurl-errors.html first for more details.)
warning: urllib failed (<urlopen error [SSL: UNEXPECTED_EOF_WHILE_READING] EOF occurred in violation of protocol (_ssl.c:1082)>), retrying via scrapling: www.mpinfo.org
[2026-08-30 07:46:24] WARNING: Attempt 1 failed: Failed to perform, curl: (35) BoringSSL SSL_connect: Connection closed abruptly (SSL_ERROR_SYSCALL; error queue empty) in connection to www.mpinfo.org:443. See https://curl.se/libcurl/c/libcurl-errors.html first for more details.. Retrying in 1 seconds...
[2026-08-30 07:46:37] WARNING: Attempt 2 failed: Failed to perform, curl: (35) BoringSSL SSL_connect: Connection closed abruptly (SSL_ERROR_SYSCALL; error queue empty) in connection to www.mpinfo.org:443. See https://curl.se/libcurl/c/libcurl-errors.html first for more details.. Retrying in 1 seconds...
[2026-08-30 07:46:50] ERROR: Failed after 3 attempts: Failed to perform, curl: (35) BoringSSL SSL_connect: Connection closed abruptly (SSL_ERROR_SYSCALL; error queue empty) in connection to www.mpinfo.org:443. See https://curl.se/libcurl/c/libcurl-errors.html first for more details.
MP 2026-08-23: FETCH FAILED (Failed to perform, curl: (35) BoringSSL SSL_connect: Connection closed abruptly (SSL_ERROR_SYSCALL; error queue empty) in connection to www.mpinfo.org:443. See https://curl.se/libcurl/c/libcurl-errors.html first for more details.)
warning: urllib failed (<urlopen error [SSL: UNEXPECTED_EOF_WHILE_READING] EOF occurred in violation of protocol (_ssl.c:1082)>), retrying via scrapling: www.mpinfo.org
[2026-08-30 07:47:15] WARNING: Attempt 1 failed: Failed to perform, curl: (35) BoringSSL SSL_connect: Connection closed abruptly (SSL_ERROR_SYSCALL; error queue empty) in connection to www.mpinfo.org:443. See https://curl.se/libcurl/c/libcurl-errors.html first for more details.. Retrying in 1 seconds...
[2026-08-30 07:47:28] WARNING: Attempt 2 failed: Failed to perform, curl: (35) BoringSSL SSL_connect: Connection closed abruptly (SSL_ERROR_SYSCALL; error queue empty) in connection to www.mpinfo.org:443. See https://curl.se/libcurl/c/libcurl-errors.html first for more details.. Retrying in 1 seconds...
[2026-08-30 07:47:41] ERROR: Failed after 3 attempts: Failed to perform, curl: (35) BoringSSL SSL_connect: Connection closed abruptly (SSL_ERROR_SYSCALL; error queue empty) in connection to www.mpinfo.org:443. See https://curl.se/libcurl/c/libcurl-errors.html first for more details.
MP 2026-08-22: FETCH FAILED (Failed to perform, curl: (35) BoringSSL SSL_connect: Connection closed abruptly (SSL_ERROR_SYSCALL; error queue empty) in connection to www.mpinfo.org:443. See https://curl.se/libcurl/c/libcurl-errors.html first for more details.)
warning: urllib failed (<urlopen error [SSL: UNEXPECTED_EOF_WHILE_READING] EOF occurred in violation of protocol (_ssl.c:1082)>), retrying via scrapling: www.mpinfo.org
[2026-08-30 07:48:06] WARNING: Attempt 1 failed: Failed to perform, curl: (35) BoringSSL SSL_connect: Connection closed abruptly (SSL_ERROR_SYSCALL; error queue empty) in connection to www.mpinfo.org:443. See https://curl.se/libcurl/c/libcurl-errors.html first for more details.. Retrying in 1 seconds...
[2026-08-30 07:48:19] WARNING: Attempt 2 failed: Failed to perform, curl: (35) BoringSSL SSL_connect: Connection closed abruptly (SSL_ERROR_SYSCALL; error queue empty) in connection to www.mpinfo.org:443. See https://curl.se/libcurl/c/libcurl-errors.html first for more details.. Retrying in 1 seconds...
[2026-08-30 07:48:32] ERROR: Failed after 3 attempts: Failed to perform, curl: (35) BoringSSL SSL_connect: Connection closed abruptly (SSL_ERROR_SYSCALL; error queue empty) in connection to www.mpinfo.org:443. See https://curl.se/libcurl/c/libcurl-errors.html first for more details.
MP 2026-08-21: FETCH FAILED (Failed to perform, curl: (35) BoringSSL SSL_connect: Connection closed abruptly (SSL_ERROR_SYSCALL; error queue empty) in connection to www.mpinfo.org:443. See https://curl.se/libcurl/c/libcurl-errors.html first for more details.)
warning: urllib failed (<urlopen error [SSL: UNEXPECTED_EOF_WHILE_READING] EOF occurred in violation of protocol (_ssl.c:1082)>), retrying via scrapling: www.mpinfo.org
[2026-08-30 07:48:57] WARNING: Attempt 1 failed: Failed to perform, curl: (35) BoringSSL SSL_connect: Connection closed abruptly (SSL_ERROR_SYSCALL; error queue empty) in connection to www.mpinfo.org:443. See https://curl.se/libcurl/c/libcurl-errors.html first for more details.. Retrying in 1 seconds...
[2026-08-30 07:49:10] WARNING: Attempt 2 failed: Failed to perform, curl: (35) BoringSSL SSL_connect: Connection closed abruptly (SSL_ERROR_SYSCALL; error queue empty) in connection to www.mpinfo.org:443. See https://curl.se/libcurl/c/libcurl-errors.html first for more details.. Retrying in 1 seconds...
[2026-08-30 07:49:24] ERROR: Failed after 3 attempts: Failed to perform, curl: (35) BoringSSL SSL_connect: Connection closed abruptly (SSL_ERROR_SYSCALL; error queue empty) in connection to www.mpinfo.org:443. See https://curl.se/libcurl/c/libcurl-errors.html first for more details.
MP 2026-08-20: FETCH FAILED (Failed to perform, curl: (35) BoringSSL SSL_connect: Connection closed abruptly (SSL_ERROR_SYSCALL; error queue empty) in connection to www.mpinfo.org:443. See https://curl.se/libcurl/c/libcurl-errors.html first for more details.)
warning: urllib failed (<urlopen error [SSL: UNEXPECTED_EOF_WHILE_READING] EOF occurred in violation of protocol (_ssl.c:1082)>), retrying via scrapling: www.mpinfo.org
[2026-08-30 07:49:48] WARNING: Attempt 1 failed: Failed to perform, curl: (35) BoringSSL SSL_connect: Connection closed abruptly (SSL_ERROR_SYSCALL; error queue empty) in connection to www.mpinfo.org:443. See https://curl.se/libcurl/c/libcurl-errors.html first for more details.. Retrying in 1 seconds...
[2026-08-30 07:50:01] WARNING: Attempt 2 failed: Failed to perform, curl: (35) BoringSSL SSL_connect: Connection closed abruptly (SSL_ERROR_SYSCALL; error queue empty) in connection to www.mpinfo.org:443. See https://curl.se/libcurl/c/libcurl-errors.html first for more details.. Retrying in 1 seconds...
[2026-08-30 07:50:15] ERROR: Failed after 3 attempts: Failed to perform, curl: (35) BoringSSL SSL_connect: Connection closed abruptly (SSL_ERROR_SYSCALL; error queue empty) in connection to www.mpinfo.org:443. See https://curl.se/libcurl/c/libcurl-errors.html first for more details.
MP 2026-08-19: FETCH FAILED (Failed to perform, curl: (35) BoringSSL SSL_connect: Connection closed abruptly (SSL_ERROR_SYSCALL; error queue empty) in connection to www.mpinfo.org:443. See https://curl.se/libcurl/c/libcurl-errors.html first for more details.)
warning: urllib failed (<urlopen error [SSL: UNEXPECTED_EOF_WHILE_READING] EOF occurred in violation of protocol (_ssl.c:1082)>), retrying via scrapling: www.mpinfo.org
[2026-08-30 07:50:40] WARNING: Attempt 1 failed: Failed to perform, curl: (35) BoringSSL SSL_connect: Connection closed abruptly (SSL_ERROR_SYSCALL; error queue empty) in connection to www.mpinfo.org:443. See https://curl.se/libcurl/c/libcurl-errors.html first for more details.. Retrying in 1 seconds...
[2026-08-30 07:50:53] WARNING: Attempt 2 failed: Failed to perform, curl: (35) BoringSSL SSL_connect: Connection closed abruptly (SSL_ERROR_SYSCALL; error queue empty) in connection to www.mpinfo.org:443. See https://curl.se/libcurl/c/libcurl-errors.html first for more details.. Retrying in 1 seconds...
[2026-08-30 07:51:06] ERROR: Failed after 3 attempts: Failed to perform, curl: (35) BoringSSL SSL_connect: Connection closed abruptly (SSL_ERROR_SYSCALL; error queue empty) in connection to www.mpinfo.org:443. See https://curl.se/libcurl/c/libcurl-errors.html first for more details.
MP 2026-08-18: FETCH FAILED (Failed to perform, curl: (35) BoringSSL SSL_connect: Connection closed abruptly (SSL_ERROR_SYSCALL; error queue empty) in connection to www.mpinfo.org:443. See https://curl.se/libcurl/c/libcurl-errors.html first for more details.)
warning: urllib failed (<urlopen error [SSL: UNEXPECTED_EOF_WHILE_READING] EOF occurred in violation of protocol (_ssl.c:1082)>), retrying via scrapling: www.mpinfo.org
[2026-08-30 07:51:31] WARNING: Attempt 1 failed: Failed to perform, curl: (35) BoringSSL SSL_connect: Connection closed abruptly (SSL_ERROR_SYSCALL; error queue empty) in connection to www.mpinfo.org:443. See https://curl.se/libcurl/c/libcurl-errors.html first for more details.. Retrying in 1 seconds...
[2026-08-30 07:51:44] WARNING: Attempt 2 failed: Failed to perform, curl: (35) BoringSSL SSL_connect: Connection closed abruptly (SSL_ERROR_SYSCALL; error queue empty) in connection to www.mpinfo.org:443. See https://curl.se/libcurl/c/libcurl-errors.html first for more details.. Retrying in 1 seconds...
[2026-08-30 07:51:57] ERROR: Failed after 3 attempts: Failed to perform, curl: (35) BoringSSL SSL_connect: Connection closed abruptly (SSL_ERROR_SYSCALL; error queue empty) in connection to www.mpinfo.org:443. See https://curl.se/libcurl/c/libcurl-errors.html first for more details.
MP 2026-08-17: FETCH FAILED (Failed to perform, curl: (35) BoringSSL SSL_connect: Connection closed abruptly (SSL_ERROR_SYSCALL; error queue empty) in connection to www.mpinfo.org:443. See https://curl.se/libcurl/c/libcurl-errors.html first for more details.)
warning: urllib failed (<urlopen error [SSL: UNEXPECTED_EOF_WHILE_READING] EOF occurred in violation of protocol (_ssl.c:1082)>), retrying via scrapling: www.ap.gov.in
[2026-08-30 07:52:22] WARNING: Attempt 1 failed: Failed to perform, curl: (35) BoringSSL SSL_connect: Connection closed abruptly (SSL_ERROR_SYSCALL; error queue empty) in connection to www.ap.gov.in:443. See https://curl.se/libcurl/c/libcurl-errors.html first for more details.. Retrying in 1 seconds...
[2026-08-30 07:52:35] WARNING: Attempt 2 failed: Failed to perform, curl: (35) BoringSSL SSL_connect: Connection closed abruptly (SSL_ERROR_SYSCALL; error queue empty) in connection to www.ap.gov.in:443. See https://curl.se/libcurl/c/libcurl-errors.html first for more details.. Retrying in 1 seconds...
[2026-08-30 07:52:48] ERROR: Failed after 3 attempts: Failed to perform, curl: (35) BoringSSL SSL_connect: Connection closed abruptly (SSL_ERROR_SYSCALL; error queue empty) in connection to www.ap.gov.in:443. See https://curl.se/libcurl/c/libcurl-errors.html first for more details.
AP ApNewsLatestAnnouncements: FETCH FAILED (Failed to perform, curl: (35) BoringSSL SSL_connect: Connection closed abruptly (SSL_ERROR_SYSCALL; error queue empty) in connection to www.ap.gov.in:443. See https://curl.se/libcurl/c/libcurl-errors.html first for more details.)
warning: urllib failed (<urlopen error [SSL: UNEXPECTED_EOF_WHILE_READING] EOF occurred in violation of protocol (_ssl.c:1082)>), retrying via scrapling: www.ap.gov.in
[2026-08-30 07:53:13] WARNING: Attempt 1 failed: Failed to perform, curl: (35) BoringSSL SSL_connect: Connection closed abruptly (SSL_ERROR_SYSCALL; error queue empty) in connection to www.ap.gov.in:443. See https://curl.se/libcurl/c/libcurl-errors.html first for more details.. Retrying in 1 seconds...
[2026-08-30 07:53:26] WARNING: Attempt 2 failed: Failed to perform, curl: (35) BoringSSL SSL_connect: Connection closed abruptly (SSL_ERROR_SYSCALL; error queue empty) in connection to www.ap.gov.in:443. See https://curl.se/libcurl/c/libcurl-errors.html first for more details.. Retrying in 1 seconds...
[2026-08-30 07:53:39] ERROR: Failed after 3 attempts: Failed to perform, curl: (35) BoringSSL SSL_connect: Connection closed abruptly (SSL_ERROR_SYSCALL; error queue empty) in connection to www.ap.gov.in:443. See https://curl.se/libcurl/c/libcurl-errors.html first for more details.
AP ApNewsAnnouncements: FETCH FAILED (Failed to perform, curl: (35) BoringSSL SSL_connect: Connection closed abruptly (SSL_ERROR_SYSCALL; error queue empty) in connection to www.ap.gov.in:443. See https://curl.se/libcurl/c/libcurl-errors.html first for more details.)
warning: urllib failed (HTTP Error 429: Too Many Requests), retrying via scrapling: translate.googleapis.com
[2026-08-30 07:53:43] INFO: Fetched (200) <GET https://translate.googleapis.com/translate_a/single?client=gtx&sl=auto&tl=en&dt=t&q=%E0%A4%AE%E0%A5%81%E0%A4%96%E0%A5%8D%E0%A4%AF%E0%A4%AE%E0%A4%82%E0%A4%A4%E0%A5%8D%E0%A4%B0%E0%A5%80+%E0%A4%A8%E0%A5%87+%E0%A4%9C%E0%A4%A8%E0%A4%AA%E0%A4%A6+%E0%A4%A6%E0%A5%87%E0%A4%B5%E0%A4%B0%E0%A4%BF%E0%A4%AF%E0%A4%BE+%E0%A4%AE%E0%A5%87%E0%A4%82+%E0%A4%B8%E0%A4%B2%E0%A5%87%E0%A4%AE%E0%A4%AA%E0%A5%81%E0%A4%B0+%E0%A4%94%E0%A4%B0+%E0%A4%AD%E0%A4%BE%E0%A4%9F%E0%A4%AA%E0%A4%BE%E0%A4%B0+%E0%A4%B0%E0%A4%BE%E0%A4%A8%E0%A5%80+%E0%A4%B5%E0%A4%BF%E0%A4%A7%E0%A4%BE%E0%A4%A8+%E0%A4%B8%E0%A4%AD%E0%A4%BE+%E0%A4%95%E0%A5%8D%E0%A4%B7%E0%A5%87%E0%A4%A4%E0%A5%8D%E0%A4%B0%E0%A5%8B%E0%A4%82+%E0%A4%95%E0%A5%80+305+%E0%A4%95%E0%A4%B0%E0%A5%8B%E0%A5%9C+%E0%A4%B0%E0%A5%810+%E0%A4%B2%E0%A4%BE%E0%A4%97%E0%A4%A4+%E0%A4%95%E0%A5%80+80+%E0%A4%B5%E0%A4%BF%E0%A4%95%E0%A4%BE%E0%A4%B8+%E0%A4%AA%E0%A4%B0%E0%A4%BF%E0%A4%AF%E0%A5%8B%E0%A4%9C%E0%A4%A8%E0%A4%BE%E0%A4%93%E0%A4%82+%E0%A4%95%E0%A4%BE+%E0%A4%B2%E0%A5%8B%E0%A4%95%E0%A4%BE%E0%A4%B0%E0%A5%8D%E0%A4%AA%E0%A4%A3+%E0%A4%8F%E0%A4%B5%E0%A4%82+%E0%A4%B6%E0%A4%BF%E0%A4%B2%E0%A4%BE%E0%A4%A8%E0%A5%8D%E0%A4%AF%E0%A4%BE%E0%A4%B8+%E0%A4%95%E0%A4%BF%E0%A4%AF%E0%A4%BE> (referer: https://www.google.com/)
warning: urllib failed (HTTP Error 429: Too Many Requests), retrying via scrapling: translate.googleapis.com
[2026-08-30 07:53:44] INFO: Fetched (200) <GET https://translate.googleapis.com/translate_a/single?client=gtx&sl=auto&tl=en&dt=t&q=%E0%A4%AE%E0%A5%81%E0%A4%96%E0%A5%8D%E0%A4%AF%E0%A4%AE%E0%A4%82%E0%A4%A4%E0%A5%8D%E0%A4%B0%E0%A5%80+%E0%A4%A8%E0%A5%87+%E0%A4%9C%E0%A4%A8%E0%A4%AA%E0%A4%A6+%E0%A4%AC%E0%A4%B2%E0%A4%BF%E0%A4%AF%E0%A4%BE+%E0%A4%95%E0%A5%87+%E0%A4%AC%E0%A4%BE%E0%A5%9D+%E0%A4%AA%E0%A5%8D%E0%A4%B0%E0%A4%AD%E0%A4%BE%E0%A4%B5%E0%A4%BF%E0%A4%A4+%E0%A4%95%E0%A5%8D%E0%A4%B7%E0%A5%87%E0%A4%A4%E0%A5%8D%E0%A4%B0%E0%A5%8B%E0%A4%82+%E0%A4%95%E0%A4%BE+%E0%A4%B9%E0%A4%B5%E0%A4%BE%E0%A4%88+%E0%A4%B8%E0%A4%B0%E0%A5%8D%E0%A4%B5%E0%A5%87%E0%A4%95%E0%A5%8D%E0%A4%B7%E0%A4%A3+%E0%A4%95%E0%A4%B0+%E0%A4%AC%E0%A4%BE%E0%A5%9D+%E0%A4%AA%E0%A5%8D%E0%A4%B0%E0%A4%AD%E0%A4%BE%E0%A4%B5%E0%A4%BF%E0%A4%A4+%E0%A4%AA%E0%A4%B0%E0%A4%BF%E0%A4%B5%E0%A4%BE%E0%A4%B0%E0%A5%8B%E0%A4%82+%E0%A4%95%E0%A5%8B+%E0%A4%B0%E0%A4%BE%E0%A4%B9%E0%A4%A4+%E0%A4%B8%E0%A4%BE%E0%A4%AE%E0%A4%97%E0%A5%8D%E0%A4%B0%E0%A5%80+%E0%A4%B5%E0%A4%BF%E0%A4%A4%E0%A4%B0%E0%A4%BF%E0%A4%A4+%E0%A4%95%E0%A5%80> (referer: https://www.google.com/)
warning: urllib failed (HTTP Error 429: Too Many Requests), retrying via scrapling: translate.googleapis.com
[2026-08-30 07:53:46] INFO: Fetched (200) <GET https://translate.googleapis.com/translate_a/single?client=gtx&sl=auto&tl=en&dt=t&q=%E0%A4%AE%E0%A5%81%E0%A4%96%E0%A5%8D%E0%A4%AF%E0%A4%AE%E0%A4%82%E0%A4%A4%E0%A5%8D%E0%A4%B0%E0%A5%80+%E0%A4%A8%E0%A5%87+%E0%A4%97%E0%A5%8B%E0%A4%B0%E0%A4%96%E0%A4%AA%E0%A5%81%E0%A4%B0+%E0%A4%AE%E0%A5%87%E0%A4%82+130+%E0%A4%95%E0%A4%B0%E0%A5%8B%E0%A5%9C+%E0%A4%B0%E0%A5%810+%E0%A4%B8%E0%A5%87+%E0%A4%85%E0%A4%A7%E0%A4%BF%E0%A4%95+%E0%A4%B2%E0%A4%BE%E0%A4%97%E0%A4%A4+%E0%A4%95%E0%A5%80+170+%E0%A4%B5%E0%A4%BF%E0%A4%95%E0%A4%BE%E0%A4%B8+%E0%A4%AA%E0%A4%B0%E0%A4%BF%E0%A4%AF%E0%A5%8B%E0%A4%9C%E0%A4%A8%E0%A4%BE%E0%A4%93%E0%A4%82+%E0%A4%95%E0%A4%BE+%E0%A4%B2%E0%A5%8B%E0%A4%95%E0%A4%BE%E0%A4%B0%E0%A5%8D%E0%A4%AA%E0%A4%A3+%E0%A4%8F%E0%A4%B5%E0%A4%82+%E0%A4%B6%E0%A4%BF%E0%A4%B2%E0%A4%BE%E0%A4%A8%E0%A5%8D%E0%A4%AF%E0%A4%BE%E0%A4%B8+%E0%A4%95%E0%A4%BF%E0%A4%AF%E0%A4%BE> (referer: https://www.google.com/)
warning: urllib failed (HTTP Error 429: Too Many Requests), retrying via scrapling: translate.googleapis.com
[2026-08-30 07:53:47] INFO: Fetched (200) <GET https://translate.googleapis.com/translate_a/single?client=gtx&sl=auto&tl=en&dt=t&q=%E0%A4%B0%E0%A4%95%E0%A5%8D%E0%A4%B7%E0%A4%BE%E0%A4%AC%E0%A4%82%E0%A4%A7%E0%A4%A8+%E0%A4%95%E0%A5%87%E0%A4%B5%E0%A4%B2+%E0%A4%B0%E0%A4%95%E0%A5%8D%E0%A4%B7%E0%A4%BE+%E0%A4%95%E0%A4%BE+%E0%A4%B8%E0%A5%82%E0%A4%A4%E0%A5%8D%E0%A4%B0+%E0%A4%AC%E0%A4%BE%E0%A4%82%E0%A4%A7%E0%A4%A8%E0%A5%87+%E0%A4%95%E0%A4%BE+%E0%A4%AA%E0%A4%B0%E0%A5%8D%E0%A4%B5+%E0%A4%A8%E0%A4%B9%E0%A5%80%E0%A4%82%2C+%E0%A4%AC%E0%A4%B2%E0%A5%8D%E0%A4%95%E0%A4%BF+%E0%A4%B6%E0%A5%8D%E0%A4%B0%E0%A4%A6%E0%A5%8D%E0%A4%A7%E0%A4%BE%2C+%E0%A4%B5%E0%A4%BF%E0%A4%B6%E0%A5%8D%E0%A4%B5%E0%A4%BE%E0%A4%B8%2C+%E0%A4%86%E0%A4%A4%E0%A5%8D%E0%A4%AE%E0%A4%B8%E0%A4%AE%E0%A5%8D%E0%A4%AE%E0%A4%BE%E0%A4%A8+%E0%A4%94%E0%A4%B0+%E0%A4%86%E0%A4%A4%E0%A5%8D%E0%A4%AE%E0%A4%A8%E0%A4%BF%E0%A4%B0%E0%A5%8D%E0%A4%AD%E0%A4%B0%E0%A4%A4%E0%A4%BE+%E0%A4%95%E0%A4%BE+%E0%A4%AA%E0%A5%8D%E0%A4%B0%E0%A4%A4%E0%A5%80%E0%A4%95+%3A+%E0%A4%AE%E0%A5%81%E0%A4%96%E0%A5%8D%E0%A4%AF%E0%A4%AE%E0%A4%82%E0%A4%A4%E0%A5%8D%E0%A4%B0%E0%A5%80> (referer: https://www.google.com/)
warning: urllib failed (HTTP Error 429: Too Many Requests), retrying via scrapling: translate.googleapis.com
[2026-08-30 07:53:49] INFO: Fetched (200) <GET https://translate.googleapis.com/translate_a/single?client=gtx&sl=auto&tl=en&dt=t&q=%E0%A4%AE%E0%A4%B9%E0%A4%BE%E0%A4%AF%E0%A5%8B%E0%A4%97%E0%A5%80+%E0%A4%97%E0%A5%8B%E0%A4%B0%E0%A4%96%E0%A4%A8%E0%A4%BE%E0%A4%A5+%E0%A4%B5%E0%A4%BF%E0%A4%B6%E0%A5%8D%E0%A4%B5%E0%A4%B5%E0%A4%BF%E0%A4%A6%E0%A5%8D%E0%A4%AF%E0%A4%BE%E0%A4%B2%E0%A4%AF+%E0%A4%85%E0%A4%AA%E0%A4%A8%E0%A5%87+%E0%A4%B8%E0%A4%82%E0%A4%B8%E0%A5%8D%E0%A4%A5%E0%A4%BE%E0%A4%AA%E0%A4%95%E0%A5%8B%E0%A4%82+%E0%A4%95%E0%A5%80+%E0%A4%A6%E0%A5%82%E0%A4%B0%E0%A4%A6%E0%A5%83%E0%A4%B7%E0%A5%8D%E0%A4%9F%E0%A4%BF+%E0%A4%94%E0%A4%B0+%E0%A4%B8%E0%A4%82%E0%A4%95%E0%A4%B2%E0%A5%8D%E0%A4%AA%E0%A5%8B%E0%A4%82+%E0%A4%95%E0%A5%8B+%E0%A4%B8%E0%A4%BE%E0%A4%95%E0%A4%BE%E0%A4%B0+%E0%A4%95%E0%A4%B0%E0%A4%A4%E0%A5%87+%E0%A4%B9%E0%A5%81%E0%A4%8F+%E0%A4%9C%E0%A5%8D%E0%A4%9E%E0%A4%BE%E0%A4%A8%2C+%E0%A4%9A%E0%A4%BF%E0%A4%95%E0%A4%BF%E0%A4%A4%E0%A5%8D%E0%A4%B8%E0%A4%BE%2C+%E0%A4%95%E0%A5%83%E0%A4%B7%E0%A4%BF%2C+%E0%A4%95%E0%A5%8C%E0%A4%B6%E0%A4%B2%2C+%E0%A4%B6%E0%A5%8B%E0%A4%A7+%E0%A4%94%E0%A4%B0+%E0%A4%A8%E0%A4%B5%E0%A4%BE%E0%A4%9A%E0%A4%BE%E0%A4%B0+%E0%A4%95%E0%A4%BE+%E0%A4%8F%E0%A4%95%E0%A5%80%E0%A4%95%E0%A5%83%E0%A4%A4+%E0%A4%95%E0%A5%87%E0%A4%82%E0%A4%A6%E0%A5%8D%E0%A4%B0+%E0%A4%AC%E0%A4%A8%E0%A4%A8%E0%A5%87+%E0%A4%95%E0%A5%80+%E0%A4%A6%E0%A4%BF%E0%A4%B6%E0%A4%BE+%E0%A4%AE%E0%A5%87%E0%A4%82+%E0%A4%A4%E0%A5%87%E0%A4%9C%E0%A5%80+%E0%A4%B8%E0%A5%87+%E0%A4%86%E0%A4%97%E0%A5%87+%E0%A4%AC%E0%A5%9D+%E0%A4%B0%E0%A4%B9%E0%A4%BE+%3A+%E0%A4%AE%E0%A5%81%E0%A4%96%E0%A5%8D%E0%A4%AF%E0%A4%AE%E0%A4%82%E0%A4%A4%E0%A5%8D%E0%A4%B0%E0%A5%80> (referer: https://www.google.com/)
warning: urllib failed (HTTP Error 429: Too Many Requests), retrying via scrapling: translate.googleapis.com
[2026-08-30 07:53:51] INFO: Fetched (200) <GET https://translate.googleapis.com/translate_a/single?client=gtx&sl=auto&tl=en&dt=t&q=%E0%A4%AE%E0%A5%81%E0%A4%96%E0%A5%8D%E0%A4%AF%E0%A4%AE%E0%A4%82%E0%A4%A4%E0%A5%8D%E0%A4%B0%E0%A5%80+%E0%A4%A8%E0%A5%87+%E0%A4%B8%E0%A5%8D%E0%A4%9F%E0%A4%BE%E0%A4%B0%E0%A5%8D%E0%A4%9F%E0%A4%85%E0%A4%AA+%E0%A4%A8%E0%A5%80%E0%A4%A4%E0%A4%BF+%E0%A4%95%E0%A5%87+%E0%A4%85%E0%A4%A8%E0%A5%8D%E0%A4%A4%E0%A4%B0%E0%A5%8D%E0%A4%97%E0%A4%A4+107+%E0%A4%B8%E0%A5%8D%E0%A4%9F%E0%A4%BE%E0%A4%B0%E0%A5%8D%E0%A4%9F%E0%A4%85%E0%A4%AA+%E0%A4%95%E0%A5%8B+3.42+%E0%A4%95%E0%A4%B0%E0%A5%8B%E0%A5%9C+%E0%A4%B0%E0%A5%810+%E0%A4%B8%E0%A5%87+%E0%A4%85%E0%A4%A7%E0%A4%BF%E0%A4%95+%E0%A4%B5+09+%E0%A4%87%E0%A4%A8%E0%A4%95%E0%A5%8D%E0%A4%AF%E0%A5%82%E0%A4%AC%E0%A5%87%E0%A4%9F%E0%A4%B0%E0%A5%8D%E0%A4%B8+%E0%A4%95%E0%A5%8B+1.79+%E0%A4%95%E0%A4%B0%E0%A5%8B%E0%A5%9C+%E0%A4%B0%E0%A5%810+%E0%A4%95%E0%A5%80+%E0%A4%AA%E0%A5%8D%E0%A4%B0%E0%A5%8B%E0%A4%A4%E0%A5%8D%E0%A4%B8%E0%A4%BE%E0%A4%B9%E0%A4%A8+%E0%A4%B0%E0%A4%BE%E0%A4%B6%E0%A4%BF+%E0%A4%95%E0%A4%BE+%E0%A4%B5%E0%A4%BF%E0%A4%A4%E0%A4%B0%E0%A4%A3+%E0%A4%95%E0%A4%BF%E0%A4%AF%E0%A4%BE> (referer: https://www.google.com/)
warning: urllib failed (HTTP Error 429: Too Many Requests), retrying via scrapling: translate.googleapis.com
[2026-08-30 07:53:52] INFO: Fetched (200) <GET https://translate.googleapis.com/translate_a/single?client=gtx&sl=auto&tl=en&dt=t&q=%E0%A4%AE%E0%A5%81%E0%A4%96%E0%A5%8D%E0%A4%AF%E0%A4%AE%E0%A4%82%E0%A4%A4%E0%A5%8D%E0%A4%B0%E0%A5%80+%E0%A4%A8%E0%A5%87+%E0%A4%B0%E0%A4%95%E0%A5%8D%E0%A4%B7%E0%A4%BE%E0%A4%AC%E0%A4%82%E0%A4%A7%E0%A4%A8+%E0%A4%AA%E0%A4%B0%E0%A5%8D%E0%A4%B5+%E0%A4%AA%E0%A4%B0+%E0%A4%AA%E0%A5%8D%E0%A4%B0%E0%A4%A6%E0%A5%87%E0%A4%B6%E0%A4%B5%E0%A4%BE%E0%A4%B8%E0%A4%BF%E0%A4%AF%E0%A5%8B%E0%A4%82+%E0%A4%95%E0%A5%8B+%E0%A4%B9%E0%A4%BE%E0%A4%B0%E0%A5%8D%E0%A4%A6%E0%A4%BF%E0%A4%95+%E0%A4%AC%E0%A4%A7%E0%A4%BE%E0%A4%88+%E0%A4%B5+%E0%A4%B6%E0%A5%81%E0%A4%AD%E0%A4%95%E0%A4%BE%E0%A4%AE%E0%A4%A8%E0%A4%BE%E0%A4%8F%E0%A4%81+%E0%A4%A6%E0%A5%80%E0%A4%82> (referer: https://www.google.com/)
warning: urllib failed (HTTP Error 429: Too Many Requests), retrying via scrapling: translate.googleapis.com
[2026-08-30 07:53:54] INFO: Fetched (200) <GET https://translate.googleapis.com/translate_a/single?client=gtx&sl=auto&tl=en&dt=t&q=%E0%A4%AE%E0%A5%81%E0%A4%96%E0%A5%8D%E0%A4%AF%E0%A4%AE%E0%A4%82%E0%A4%A4%E0%A5%8D%E0%A4%B0%E0%A5%80+%E0%A4%A8%E0%A5%87+%E0%A4%B8%E0%A5%8D%E0%A4%9F%E0%A5%87%E0%A4%9F+%E0%A4%9F%E0%A5%8D%E0%A4%B0%E0%A4%BE%E0%A4%82%E0%A4%B8%E0%A4%AB%E0%A5%89%E0%A4%B0%E0%A5%8D%E0%A4%AE%E0%A5%87%E0%A4%B6%E0%A4%A8+%E0%A4%95%E0%A4%AE%E0%A5%80%E0%A4%B6%E0%A4%A8+%E0%A4%95%E0%A5%80+%E0%A4%AC%E0%A5%88%E0%A4%A0%E0%A4%95+%E0%A4%AE%E0%A5%87%E0%A4%82+%E0%A4%AA%E0%A5%8D%E0%A4%B0%E0%A4%AE%E0%A5%81%E0%A4%96+%E0%A4%B5%E0%A4%BF%E0%A4%95%E0%A4%BE%E0%A4%B8+%E0%A4%AA%E0%A4%B0%E0%A4%BF%E0%A4%AF%E0%A5%8B%E0%A4%9C%E0%A4%A8%E0%A4%BE%E0%A4%93%E0%A4%82+%E0%A4%94%E0%A4%B0+%E0%A4%9C%E0%A4%A8%E0%A4%95%E0%A4%B2%E0%A5%8D%E0%A4%AF%E0%A4%BE%E0%A4%A3%E0%A4%95%E0%A4%BE%E0%A4%B0%E0%A5%80+%E0%A4%AF%E0%A5%8B%E0%A4%9C%E0%A4%A8%E0%A4%BE%E0%A4%93%E0%A4%82+%E0%A4%95%E0%A5%80+%E0%A4%AA%E0%A5%8D%E0%A4%B0%E0%A4%97%E0%A4%A4%E0%A4%BF+%E0%A4%95%E0%A5%80+%E0%A4%B8%E0%A4%AE%E0%A5%80%E0%A4%95%E0%A5%8D%E0%A4%B7%E0%A4%BE+%E0%A4%95%E0%A5%80> (referer: https://www.google.com/)
warning: urllib failed (HTTP Error 429: Too Many Requests), retrying via scrapling: translate.googleapis.com
[2026-08-30 07:54:00] INFO: Fetched (200) <GET https://translate.googleapis.com/translate_a/single?client=gtx&sl=auto&tl=en&dt=t&q=Gujarat%E2%80%99s+Fishermen+to+Adopt+Turtle+Excluder+Devices+%28TED%29+for+the+First+Time+to+Safeguard+Sea+Turtles%2C+Integral+to+Marine+Biodiversity> (referer: https://www.google.com/)
warning: urllib failed (HTTP Error 429: Too Many Requests), retrying via scrapling: translate.googleapis.com
[2026-08-30 07:54:01] INFO: Fetched (200) <GET https://translate.googleapis.com/translate_a/single?client=gtx&sl=auto&tl=en&dt=t&q=%2A%E0%AA%AE%E0%AB%81%E0%AA%96%E0%AB%8D%E0%AA%AF%E0%AA%AE%E0%AA%82%E0%AA%A4%E0%AB%8D%E0%AA%B0%E0%AB%80+%E0%AA%B6%E0%AB%8D%E0%AA%B0%E0%AB%80+%E0%AA%AD%E0%AB%81%E0%AA%AA%E0%AB%87%E0%AA%A8%E0%AB%8D%E0%AA%A6%E0%AB%8D%E0%AA%B0+%E0%AA%AA%E0%AA%9F%E0%AB%87%E0%AA%B2%E0%AB%87+%E0%AA%AC%E0%AA%B9%E0%AB%81%E0%AA%9A%E0%AA%B0%E0%AA%BE%E0%AA%9C%E0%AB%80%E0%AA%AE%E0%AA%BE%E0%AA%82%E0%AA%AE%E0%AA%BE+%E0%AA%AC%E0%AA%B9%E0%AB%81%E0%AA%9A%E0%AA%B0%E0%AA%A8%E0%AA%BE+%E0%AA%9A%E0%AA%B0%E0%AA%A3%E0%AB%8B%E0%AA%AE%E0%AA%BE%E0%AA%82+%E0%AA%B6%E0%AB%80%E0%AA%B6+%E0%AA%9D%E0%AB%81%E0%AA%95%E0%AA%BE%E0%AA%B5%E0%AB%80%E0%AA%A8%E0%AB%87+%E0%AA%B8%E0%AB%8C%E0%AA%A8%E0%AB%80+%E0%AA%B8%E0%AB%81%E0%AA%96%E0%AA%BE%E0%AA%95%E0%AA%BE%E0%AA%B0%E0%AB%80+%E0%AA%AE%E0%AA%BE%E0%AA%9F%E0%AB%87+%E0%AA%AA%E0%AB%8D%E0%AA%B0%E0%AA%BE%E0%AA%B0%E0%AB%8D%E0%AA%A5%E0%AA%A8%E0%AA%BE+%E0%AA%95%E0%AA%B0%E0%AB%80%2A> (referer: https://www.google.com/)
warning: urllib failed (HTTP Error 429: Too Many Requests), retrying via scrapling: translate.googleapis.com
[2026-08-30 07:54:02] INFO: Fetched (200) <GET https://translate.googleapis.com/translate_a/single?client=gtx&sl=auto&tl=en&dt=t&q=%2A%E0%AA%A6%E0%AB%87%E0%AA%B5%E0%AA%AD%E0%AB%82%E0%AA%AE%E0%AA%BF+%E0%AA%A6%E0%AB%8D%E0%AA%B5%E0%AA%BE%E0%AA%B0%E0%AA%95%E0%AA%BE+%E0%AA%85%E0%AA%A8%E0%AB%87+%E0%AA%9C%E0%AA%BE%E0%AA%AE%E0%AA%A8%E0%AA%97%E0%AA%B0+%E0%AA%9C%E0%AA%BF%E0%AA%B2%E0%AB%8D%E0%AA%B2%E0%AA%BE%E0%AA%AE%E0%AA%BE%E0%AA%82+%E0%AA%B8%E0%AB%8C%E0%AA%A8%E0%AB%80+%E0%AA%AF%E0%AB%8B%E0%AA%9C%E0%AA%A8%E0%AA%BE+%E0%AA%AE%E0%AA%BE%E0%AA%B0%E0%AA%AB%E0%AA%A4%E0%AB%87+%E0%AA%AA%E0%AA%BE%E0%AA%A3%E0%AB%80+%E0%AA%86%E0%AA%AA%E0%AA%B5%E0%AA%BE%E0%AA%A8%E0%AB%8B+%E0%AA%AE%E0%AB%81%E0%AA%96%E0%AB%8D%E0%AA%AF%E0%AA%AE%E0%AA%82%E0%AA%A4%E0%AB%8D%E0%AA%B0%E0%AB%80+%E0%AA%B6%E0%AB%8D%E0%AA%B0%E0%AB%80+%E0%AA%AD%E0%AB%82%E0%AA%AA%E0%AB%87%E0%AA%A8%E0%AB%8D%E0%AA%A6%E0%AB%8D%E0%AA%B0%E0%AA%AD%E0%AA%BE%E0%AA%88+%E0%AA%AA%E0%AA%9F%E0%AB%87%E0%AA%B2%E0%AA%A8%E0%AB%8B+%E0%AA%AE%E0%AA%B9%E0%AA%A4%E0%AB%8D%E0%AA%B5%E0%AA%AA%E0%AB%82%E0%AA%B0%E0%AB%8D%E0%AA%A3+%E0%AA%A8%E0%AA%BF%E0%AA%B0%E0%AB%8D%E0%AA%A3%E0%AA%AF%2A> (referer: https://www.google.com/)
warning: urllib failed (HTTP Error 429: Too Many Requests), retrying via scrapling: translate.googleapis.com
[2026-08-30 07:54:03] INFO: Fetched (200) <GET https://translate.googleapis.com/translate_a/single?client=gtx&sl=auto&tl=en&dt=t&q=%E0%AA%97%E0%AA%BE%E0%AA%82%E0%AA%A7%E0%AB%80%E0%AA%A8%E0%AA%97%E0%AA%B0+%E0%AA%96%E0%AA%BE%E0%AA%A4%E0%AB%87+%22%E0%AA%A1%E0%AB%80.%E0%AA%8F%E0%AA%A8.%E0%AA%9F%E0%AB%80.+%E0%AA%AE%E0%AB%81%E0%AA%95%E0%AB%8D%E0%AA%A4%E0%AA%BF+%E0%AA%A6%E0%AA%BF%E0%AA%B5%E0%AA%B8%22%E0%AA%A8%E0%AB%80+%E0%AA%89%E0%AA%9C%E0%AA%B5%E0%AA%A3%E0%AB%80%3A+%E0%AA%B5%E0%AA%BF%E0%AA%AE%E0%AB%81%E0%AA%95%E0%AB%8D%E0%AA%A4+%E0%AA%85%E0%AA%A8%E0%AB%87+%E0%AA%B5%E0%AA%BF%E0%AA%9A%E0%AA%B0%E0%AA%A4%E0%AB%80+%E0%AA%9C%E0%AA%BE%E0%AA%A4%E0%AA%BF%E0%AA%93%E0%AA%A8%E0%AA%BE+%E0%AA%B8%E0%AA%B6%E0%AA%95%E0%AB%8D%E0%AA%A4%E0%AB%80%E0%AA%95%E0%AA%B0%E0%AA%A3+%E0%AA%AE%E0%AA%BE%E0%AA%9F%E0%AB%87+%E0%AA%B5%E0%AA%BF%E0%AA%B6%E0%AB%87%E0%AA%B7+%E0%AA%B8%E0%AA%AE%E0%AA%BE%E0%AA%B0%E0%AA%82%E0%AA%AD+%E0%AA%AF%E0%AB%8B%E0%AA%9C%E0%AA%BE%E0%AA%AF%E0%AB%8B> (referer: https://www.google.com/)
warning: urllib failed (HTTP Error 429: Too Many Requests), retrying via scrapling: translate.googleapis.com
[2026-08-30 07:54:05] INFO: Fetched (200) <GET https://translate.googleapis.com/translate_a/single?client=gtx&sl=auto&tl=en&dt=t&q=%E0%AA%97%E0%AB%81%E0%AA%9C%E0%AA%B0%E0%AA%BE%E0%AA%A4+%E0%AA%B8%E0%AA%B0%E0%AA%95%E0%AA%BE%E0%AA%B0%E0%AA%A8%E0%AB%8B+%E0%AA%96%E0%AB%87%E0%AA%A1%E0%AB%82%E0%AA%A4%E0%AA%B9%E0%AA%BF%E0%AA%A4%E0%AA%B2%E0%AA%95%E0%AB%8D%E0%AA%B7%E0%AB%80+%E0%AA%A8%E0%AA%BF%E0%AA%B0%E0%AB%8D%E0%AA%A3%E0%AA%AF> (referer: https://www.google.com/)
warning: urllib failed (HTTP Error 429: Too Many Requests), retrying via scrapling: translate.googleapis.com
[2026-08-30 07:54:06] INFO: Fetched (200) <GET https://translate.googleapis.com/translate_a/single?client=gtx&sl=auto&tl=en&dt=t&q=%E0%AA%85%E0%AA%AE%E0%AA%A6%E0%AA%BE%E0%AA%B5%E0%AA%BE%E0%AA%A6+%E0%AA%B6%E0%AA%B9%E0%AB%87%E0%AA%B0%E0%AA%AE%E0%AA%BE%E0%AA%82+%E0%AA%9C%E0%AA%BF%E0%AA%B2%E0%AB%8D%E0%AA%B2%E0%AA%BE+%E0%AA%95%E0%AA%95%E0%AB%8D%E0%AA%B7%E0%AA%BE%E0%AA%A8%E0%AA%BE+%E0%AA%B8%E0%AA%82%E0%AA%B8%E0%AB%8D%E0%AA%95%E0%AB%83%E0%AA%A4+%E0%AA%B8%E0%AA%AA%E0%AB%8D%E0%AA%A4%E0%AA%BE%E0%AA%B9+%E0%AA%AE%E0%AA%B9%E0%AB%8B%E0%AA%A4%E0%AB%8D%E0%AA%B8%E0%AA%B5+%E0%AA%85%E0%AA%82%E0%AA%A4%E0%AA%B0%E0%AB%8D%E0%AA%97%E0%AA%A4+%E2%80%98%E0%AA%B8%E0%AA%82%E0%AA%B8%E0%AB%8D%E0%AA%95%E0%AB%83%E0%AA%A4+%E0%AA%B8%E0%AA%BE%E0%AA%B9%E0%AA%BF%E0%AA%A4%E0%AB%8D%E0%AA%AF+%E0%AA%A6%E0%AA%BF%E0%AA%B5%E0%AA%B8%E2%80%99%E0%AA%A8%E0%AB%80+%E0%AA%AD%E0%AA%B5%E0%AB%8D%E0%AA%AF+%E0%AA%89%E0%AA%9C%E0%AA%B5%E0%AA%A3%E0%AB%80> (referer: https://www.google.com/)
warning: urllib failed (HTTP Error 429: Too Many Requests), retrying via scrapling: translate.googleapis.com
[2026-08-30 07:54:08] INFO: Fetched (200) <GET https://translate.googleapis.com/translate_a/single?client=gtx&sl=auto&tl=en&dt=t&q=%E0%AA%B0%E0%AA%BE%E0%AA%9C%E0%AB%8D%E0%AA%AF%E0%AA%AA%E0%AA%BE%E0%AA%B2+%E0%AA%B6%E0%AB%8D%E0%AA%B0%E0%AB%80+%E0%AA%86%E0%AA%9A%E0%AA%BE%E0%AA%B0%E0%AB%8D%E0%AA%AF+%E0%AA%A6%E0%AB%87%E0%AA%B5%E0%AA%B5%E0%AB%8D%E0%AA%B0%E0%AA%A4%E0%AA%9C%E0%AB%80%E0%AA%A8%E0%AB%80+%E0%AA%89%E0%AA%AA%E0%AA%B8%E0%AB%8D%E0%AA%A5%E0%AA%BF%E0%AA%A4%E0%AA%BF%E0%AA%AE%E0%AA%BE%E0%AA%82+%E0%AA%85%E0%AA%AE%E0%AA%A6%E0%AA%BE%E0%AA%B5%E0%AA%BE%E0%AA%A6%E0%AA%AE%E0%AA%BE%E0%AA%82+%E0%AA%B0%E0%AA%BE%E0%AA%B7%E0%AB%8D%E0%AA%9F%E0%AB%8D%E0%AA%B0%E0%AB%80%E0%AA%AF+%E0%AA%96%E0%AB%87%E0%AA%B2+%E0%AA%A6%E0%AA%BF%E0%AA%B5%E0%AA%B8%E0%AA%A8%E0%AB%80+%E0%AA%AD%E0%AA%B5%E0%AB%8D%E0%AA%AF+%E0%AA%89%E0%AA%9C%E0%AA%B5%E0%AA%A3%E0%AB%80> (referer: https://www.google.com/)
warning: urllib failed (HTTP Error 429: Too Many Requests), retrying via scrapling: translate.googleapis.com
[2026-08-30 07:54:09] INFO: Fetched (200) <GET https://translate.googleapis.com/translate_a/single?client=gtx&sl=auto&tl=en&dt=t&q=%E0%AA%B0%E0%AA%BE%E0%AA%9C%E0%AB%8D%E0%AA%AF%E0%AA%AA%E0%AA%BE%E0%AA%B2+%E0%AA%B6%E0%AB%8D%E0%AA%B0%E0%AB%80+%E0%AA%86%E0%AA%9A%E0%AA%BE%E0%AA%B0%E0%AB%8D%E0%AA%AF+%E0%AA%A6%E0%AB%87%E0%AA%B5%E0%AA%B5%E0%AB%8D%E0%AA%B0%E0%AA%A4%E0%AA%9C%E0%AB%80%E0%AA%A8%E0%AB%80+%E0%AA%89%E0%AA%AA%E0%AA%B8%E0%AB%8D%E0%AA%A5%E0%AA%BF%E0%AA%A4%E0%AA%BF%E0%AA%AE%E0%AA%BE%E0%AA%82+%E0%AA%85%E0%AA%AE%E0%AA%A6%E0%AA%BE%E0%AA%B5%E0%AA%BE%E0%AA%A6%E0%AA%AE%E0%AA%BE%E0%AA%82+%E0%AA%B0%E0%AA%BE%E0%AA%B7%E0%AB%8D%E0%AA%9F%E0%AB%8D%E0%AA%B0%E0%AB%80%E0%AA%AF+%E0%AA%96%E0%AB%87%E0%AA%B2+%E0%AA%A6%E0%AA%BF%E0%AA%B5%E0%AA%B8%E0%AA%A8%E0%AB%80+%E0%AA%AD%E0%AA%B5%E0%AB%8D%E0%AA%AF+%E0%AA%89%E0%AA%9C%E0%AA%B5%E0%AA%A3%E0%AB%80> (referer: https://www.google.com/)
warning: urllib failed (HTTP Error 429: Too Many Requests), retrying via scrapling: translate.googleapis.com
[2026-08-30 07:54:12] INFO: Fetched (200) <GET https://translate.googleapis.com/translate_a/single?client=gtx&sl=auto&tl=en&dt=t&q=%E0%AA%AE%E0%AA%BE%E0%AA%89%E0%AA%A8%E0%AB%8D%E0%AA%9F+%E0%AA%86%E0%AA%AC%E0%AB%81+%E0%AA%96%E0%AA%BE%E0%AA%A4%E0%AB%87+%E0%AA%A8%E0%AA%BF%E0%AA%83%E0%AA%B6%E0%AB%81%E0%AA%B2%E0%AB%8D%E0%AA%95+%E0%AA%AA%E0%AA%B0%E0%AB%8D%E0%AA%B5%E0%AA%A4%E0%AA%BE%E0%AA%B0%E0%AB%8B%E0%AA%B9%E0%AA%A3+%E0%AA%95%E0%AB%8B%E0%AA%B0%E0%AB%8D%E0%AA%B8%E0%AA%A8%E0%AB%81%E0%AA%82+%E0%AA%86%E0%AA%AF%E0%AB%8B%E0%AA%9C%E0%AA%A8%3A+%E0%AA%9C%E0%AA%BE%E0%AA%A3%E0%AB%8B+%E0%AA%85%E0%AA%B0%E0%AA%9C%E0%AB%80+%E0%AA%95%E0%AA%B0%E0%AA%B5%E0%AA%BE%E0%AA%A8%E0%AB%80+%E0%AA%B8%E0%AA%82%E0%AA%AA%E0%AB%82%E0%AA%B0%E0%AB%8D%E0%AA%A3+%E0%AA%B5%E0%AA%BF%E0%AA%97%E0%AA%A4> (referer: https://www.google.com/)
warning: urllib failed (HTTP Error 429: Too Many Requests), retrying via scrapling: translate.googleapis.com
[2026-08-30 07:54:13] INFO: Fetched (200) <GET https://translate.googleapis.com/translate_a/single?client=gtx&sl=auto&tl=en&dt=t&q=%27%E0%AA%96%E0%AB%87%E0%AA%B2+%E0%AA%AE%E0%AA%B9%E0%AA%BE%E0%AA%95%E0%AB%81%E0%AA%82%E0%AA%AD%27%E0%AA%A5%E0%AB%80+%E0%AA%93%E0%AA%B2%E0%AA%BF%E0%AA%AE%E0%AB%8D%E0%AA%AA%E0%AA%BF%E0%AA%95%E0%AB%8D%E0%AA%B8%E0%AA%A8%E0%AA%BE+%E0%AA%B8%E0%AA%AA%E0%AA%A8%E0%AA%BE+%E0%AA%B8%E0%AB%81%E0%AA%A7%E0%AB%80%2C+%E0%AA%B0%E0%AA%AE%E0%AA%A4%E0%AA%97%E0%AA%AE%E0%AA%A4+%E0%AA%95%E0%AB%8D%E0%AA%B7%E0%AB%87%E0%AA%A4%E0%AB%8D%E0%AA%B0%E0%AB%87+%E0%AA%97%E0%AB%81%E0%AA%9C%E0%AA%B0%E0%AA%BE%E0%AA%A4%E0%AA%A8%E0%AB%80+%E0%AA%B8%E0%AB%8D%E0%AA%B5%E0%AA%B0%E0%AB%8D%E0%AA%A3%E0%AA%BF%E0%AA%AE+%E0%AA%9B%E0%AA%B2%E0%AA%BE%E0%AA%82%E0%AA%97> (referer: https://www.google.com/)
warning: urllib failed (HTTP Error 429: Too Many Requests), retrying via scrapling: translate.googleapis.com
[2026-08-30 07:54:16] INFO: Fetched (200) <GET https://translate.googleapis.com/translate_a/single?client=gtx&sl=auto&tl=en&dt=t&q=%E0%AA%95%E0%AB%87%E0%AA%A8%E0%AB%8D%E0%AA%A6%E0%AB%8D%E0%AA%B0%E0%AB%80%E0%AA%AF+%E0%AA%97%E0%AB%83%E0%AA%B9+%E0%AA%85%E0%AA%A8%E0%AB%87+%E0%AA%B8%E0%AA%B9%E0%AA%95%E0%AA%BE%E0%AA%B0+%E0%AA%AE%E0%AA%82%E0%AA%A4%E0%AB%8D%E0%AA%B0%E0%AB%80+%E0%AA%B6%E0%AB%8D%E0%AA%B0%E0%AB%80+%E0%AA%85%E0%AA%AE%E0%AA%BF%E0%AA%A4%E0%AA%AD%E0%AA%BE%E0%AA%88+%E0%AA%B6%E0%AA%BE%E0%AA%B9%E0%AA%A8%E0%AA%BE+%E0%AA%85%E0%AA%A7%E0%AB%8D%E0%AA%AF%E0%AA%95%E0%AB%8D%E0%AA%B7%E0%AA%B8%E0%AB%8D%E0%AA%A5%E0%AA%BE%E0%AA%A8%E0%AB%87+%E0%AA%98%E0%AA%BE%E0%AA%9F%E0%AA%B2%E0%AB%8B%E0%AA%A1%E0%AA%BF%E0%AA%AF%E0%AA%BE+%E0%AA%B5%E0%AA%BF%E0%AA%A7%E0%AA%BE%E0%AA%A8%E0%AA%B8%E0%AA%AD%E0%AA%BE+%E0%AA%B5%E0%AA%BF%E0%AA%B8%E0%AB%8D%E0%AA%A4%E0%AA%BE%E0%AA%B0%E0%AA%AE%E0%AA%BE%E0%AA%82+%E0%AA%B2%E0%AB%8B%E0%AA%95+%E0%AA%A6%E0%AA%B0%E0%AA%AC%E0%AA%BE%E0%AA%B0+%E0%AA%AF%E0%AB%8B%E0%AA%9C%E0%AA%BE%E0%AA%AF%E0%AB%8B> (referer: https://www.google.com/)
warning: urllib failed (HTTP Error 403: Forbidden), retrying via scrapling: mahasamvad.in
[2026-08-30 07:54:17] INFO: Fetched (403) <GET https://mahasamvad.in/wp-json/wp/v2/posts?per_page=100&page=1&_fields=id%2Cdate%2Clink%2Ctitle%2Ccategories> (referer: https://www.google.com/)
MH page 1: FETCH FAILED (Expecting value: line 1 column 1 (char 0))
warning: urllib failed (HTTP Error 429: Too Many Requests), retrying via scrapling: translate.googleapis.com
[2026-08-30 07:54:30] INFO: Fetched (200) <GET https://translate.googleapis.com/translate_a/single?client=gtx&sl=auto&tl=en&dt=t&q=%E0%A4%9C%E0%A4%AF%E0%A4%AA%E0%A5%81%E0%A4%B0+%E0%A4%9C%E0%A4%BF%E0%A4%B2%E0%A5%87+%E0%A4%AE%E0%A5%87%E0%A4%82+%E0%A4%A8%E0%A4%BF%E0%A4%95%E0%A4%BE%E0%A4%AF+%E0%A4%9A%E0%A5%81%E0%A4%A8%E0%A4%BE%E0%A4%B5+%E0%A4%95%E0%A5%87+%E0%A4%B2%E0%A4%BF%E0%A4%8F+%E0%A4%A8%E0%A4%BE%E0%A4%AE%E0%A4%BE%E0%A4%82%E0%A4%95%E0%A4%A8+%E0%A4%AA%E0%A5%8D%E0%A4%B0%E0%A4%95%E0%A5%8D%E0%A4%B0%E0%A4%BF%E0%A4%AF%E0%A4%BE+%E0%A4%AE%E0%A5%87%E0%A4%82+%E0%A4%A4%E0%A5%87%E0%A4%9C%E0%A5%80+%E0%A4%A6%E0%A5%82%E0%A4%B8%E0%A4%B0%E0%A5%87+%E0%A4%A6%E0%A4%BF%E0%A4%A8+737+%E0%A4%A8%E0%A4%BE%E0%A4%AE%E0%A4%BE%E0%A4%82%E0%A4%95%E0%A4%A8+%E0%A4%AA%E0%A4%A4%E0%A5%8D%E0%A4%B0+%E0%A4%A6%E0%A4%BE%E0%A4%96%E0%A4%BF%E0%A4%B2+%2C+%E0%A4%85%E0%A4%AC+%E0%A4%A4%E0%A4%95+785+%E0%A4%A8%E0%A4%BE%E0%A4%AE%E0%A4%BE%E0%A4%82%E0%A4%95%E0%A4%A8+%2C+689+%E0%A4%85%E0%A4%AD%E0%A5%8D%E0%A4%AF%E0%A4%B0%E0%A5%8D%E0%A4%A5%E0%A4%BF%E0%A4%AF%E0%A5%8B%E0%A4%82+%E0%A4%A8%E0%A5%87+%E0%A4%A0%E0%A5%8B%E0%A4%95%E0%A5%80+%E0%A4%A4%E0%A4%BE%E0%A4%B2> (referer: https://www.google.com/)
warning: urllib failed (HTTP Error 429: Too Many Requests), retrying via scrapling: translate.googleapis.com
[2026-08-30 07:54:32] INFO: Fetched (200) <GET https://translate.googleapis.com/translate_a/single?client=gtx&sl=auto&tl=en&dt=t&q=%E0%A4%A8%E0%A5%80%E0%A4%9F-%E0%A4%AA%E0%A5%80%E0%A4%9C%E0%A5%80+2026+%E0%A4%AA%E0%A4%B0%E0%A5%80%E0%A4%95%E0%A5%8D%E0%A4%B7%E0%A4%BE+%E0%A4%95%E0%A5%87+%E0%A4%B2%E0%A4%BF%E0%A4%8F+%E0%A4%9C%E0%A4%AF%E0%A4%AA%E0%A5%81%E0%A4%B0+%E0%A4%AE%E0%A5%87%E0%A4%82+%E0%A4%AA%E0%A5%81%E0%A4%96%E0%A5%8D%E0%A4%A4%E0%A4%BE+%E0%A4%B5%E0%A5%8D%E0%A4%AF%E0%A4%B5%E0%A4%B8%E0%A5%8D%E0%A4%A5%E0%A4%BE%E0%A4%8F%E0%A4%82+%2C+15+%E0%A4%AA%E0%A4%B0%E0%A5%80%E0%A4%95%E0%A5%8D%E0%A4%B7%E0%A4%BE+%E0%A4%95%E0%A5%87%E0%A4%A8%E0%A5%8D%E0%A4%A6%E0%A5%8D%E0%A4%B0%E0%A5%8B%E0%A4%82+%E0%A4%AA%E0%A4%B0+%E0%A4%B9%E0%A5%8B%E0%A4%97%E0%A5%80+%E0%A4%AA%E0%A4%B0%E0%A5%80%E0%A4%95%E0%A5%8D%E0%A4%B7%E0%A4%BE> (referer: https://www.google.com/)
warning: urllib failed (HTTP Error 429: Too Many Requests), retrying via scrapling: translate.googleapis.com
[2026-08-30 07:54:34] INFO: Fetched (200) <GET https://translate.googleapis.com/translate_a/single?client=gtx&sl=auto&tl=en&dt=t&q=%E0%A4%B0%E0%A4%BE%E0%A4%9C%E0%A5%8D%E0%A4%AF+%E0%A4%A8%E0%A4%BF%E0%A4%B0%E0%A5%8D%E0%A4%B5%E0%A4%BE%E0%A4%9A%E0%A4%A8+%E0%A4%86%E0%A4%AF%E0%A5%81%E0%A4%95%E0%A5%8D%E0%A4%A4+%E0%A4%A8%E0%A5%87+%E0%A4%A6%E0%A5%8C%E0%A4%B8%E0%A4%BE+%E0%A4%AE%E0%A5%87%E0%A4%82+%E0%A4%A8%E0%A4%97%E0%A4%B0%E0%A5%80%E0%A4%AF+%E0%A4%A8%E0%A4%BF%E0%A4%95%E0%A4%BE%E0%A4%AF+%E0%A4%9A%E0%A5%81%E0%A4%A8%E0%A4%BE%E0%A4%B5+%E0%A4%95%E0%A5%80+%E0%A4%A4%E0%A5%88%E0%A4%AF%E0%A4%BE%E0%A4%B0%E0%A4%BF%E0%A4%AF%E0%A5%8B%E0%A4%82+%E0%A4%95%E0%A4%BE+%E0%A4%B2%E0%A4%BF%E0%A4%AF%E0%A4%BE+%E0%A4%9C%E0%A4%BE%E0%A4%AF%E0%A4%9C%E0%A4%BE+%2C+%E0%A4%A8%E0%A4%BE%E0%A4%AE%E0%A4%BE%E0%A4%82%E0%A4%95%E0%A4%A8+%E0%A4%AA%E0%A5%8D%E0%A4%B0%E0%A4%95%E0%A5%8D%E0%A4%B0%E0%A4%BF%E0%A4%AF%E0%A4%BE+%E0%A4%95%E0%A4%BE+%E0%A4%95%E0%A4%BF%E0%A4%AF%E0%A4%BE+%E0%A4%AE%E0%A5%8C%E0%A4%95%E0%A5%87+%E0%A4%AA%E0%A4%B0+%E0%A4%85%E0%A4%B5%E0%A4%B2%E0%A5%8B%E0%A4%95%E0%A4%A8+%2C+%E0%A4%A8%E0%A4%BF%E0%A4%B7%E0%A5%8D%E0%A4%AA%E0%A4%95%E0%A5%8D%E0%A4%B7+%E0%A4%8F%E0%A4%B5%E0%A4%82+%E0%A4%B6%E0%A4%BE%E0%A4%82%E0%A4%A4%E0%A4%BF%E0%A4%AA%E0%A5%82%E0%A4%B0%E0%A5%8D%E0%A4%A3+%E0%A4%9A%E0%A5%81%E0%A4%A8%E0%A4%BE%E0%A4%B5+%E0%A4%95%E0%A5%87+%E0%A4%B2%E0%A4%BF%E0%A4%8F+%E0%A4%B5%E0%A5%8D%E0%A4%AF%E0%A4%B5%E0%A4%B8%E0%A5%8D%E0%A4%A5%E0%A4%BE%E0%A4%8F%E0%A4%82+%E0%A4%AA%E0%A5%81%E0%A4%96%E0%A5%8D%E0%A4%A4%E0%A4%BE+%E0%A4%B0%E0%A4%96%E0%A4%A8%E0%A5%87+%E0%A4%95%E0%A5%87+%E0%A4%A8%E0%A4%BF%E0%A4%B0%E0%A5%8D%E0%A4%A6%E0%A5%87%E0%A4%B6> (referer: https://www.google.com/)
warning: urllib failed (HTTP Error 429: Too Many Requests), retrying via scrapling: translate.googleapis.com
[2026-08-30 07:54:36] INFO: Fetched (200) <GET https://translate.googleapis.com/translate_a/single?client=gtx&sl=auto&tl=en&dt=t&q=%E0%A4%A8%E0%A4%97%E0%A4%B0+%E0%A4%A8%E0%A4%BF%E0%A4%95%E0%A4%BE%E0%A4%AF+%E0%A4%86%E0%A4%AE+%E0%A4%9A%E0%A5%81%E0%A4%A8%E0%A4%BE%E0%A4%B5-2026+%3A+%E0%A4%9C%E0%A4%BF%E0%A4%B2%E0%A5%87+%E0%A4%AE%E0%A5%87%E0%A4%82+11+%E0%A4%A8%E0%A4%97%E0%A4%B0%E0%A5%80%E0%A4%AF+%E0%A4%A8%E0%A4%BF%E0%A4%95%E0%A4%BE%E0%A4%AF%E0%A5%8B%E0%A4%82+%E0%A4%95%E0%A5%87+%E0%A4%B2%E0%A4%BF%E0%A4%8F+%E0%A4%B6%E0%A4%A8%E0%A4%BF%E0%A4%B5%E0%A4%BE%E0%A4%B0+%E0%A4%95%E0%A5%8B+%E0%A4%86%E0%A4%8F+447+%E0%A4%85%E0%A4%AD%E0%A5%8D%E0%A4%AF%E0%A4%B0%E0%A5%8D%E0%A4%A5%E0%A4%BF%E0%A4%AF%E0%A5%8B%E0%A4%82+%E0%A4%95%E0%A5%87+%E0%A4%95%E0%A5%81%E0%A4%B2+509+%E0%A4%A8%E0%A4%BE%E0%A4%AE%E0%A4%BE%E0%A4%82%E0%A4%95%E0%A4%A8+%E0%A4%AA%E0%A4%A4%E0%A5%8D%E0%A4%B0+%E0%A4%85%E0%A4%AC+%E0%A4%A4%E0%A4%95+%E0%A4%95%E0%A5%81%E0%A4%B2+474+%E0%A4%85%E0%A4%AD%E0%A5%8D%E0%A4%AF%E0%A4%B0%E0%A5%8D%E0%A4%A5%E0%A4%BF%E0%A4%AF%E0%A5%8B%E0%A4%82+%E0%A4%A8%E0%A5%87+%E0%A4%A6%E0%A4%BE%E0%A4%96%E0%A4%BF%E0%A4%B2+%E0%A4%95%E0%A4%BF%E0%A4%8F+539+%E0%A4%A8%E0%A4%BE%E0%A4%AE%E0%A4%BE%E0%A4%82%E0%A4%95%E0%A4%A8+%E0%A4%AA%E0%A4%A4%E0%A5%8D%E0%A4%B0%2C+30+%E0%A4%85%E0%A4%97%E0%A4%B8%E0%A5%8D%E0%A4%A4+%E0%A4%95%E0%A5%8B+%E0%A4%B0%E0%A4%B9%E0%A5%87%E0%A4%97%E0%A4%BE+%E0%A4%B8%E0%A4%BE%E0%A4%B0%E0%A5%8D%E0%A4%B5%E0%A4%9C%E0%A4%A8%E0%A4%BF%E0%A4%95+%E0%A4%85%E0%A4%B5%E0%A4%95> (referer: https://www.google.com/)
warning: urllib failed (HTTP Error 429: Too Many Requests), retrying via scrapling: translate.googleapis.com
[2026-08-30 07:54:38] INFO: Fetched (200) <GET https://translate.googleapis.com/translate_a/single?client=gtx&sl=auto&tl=en&dt=t&q=%E0%A4%9C%E0%A4%BF%E0%A4%B2%E0%A4%BE+%E0%A4%A8%E0%A4%BF%E0%A4%B0%E0%A5%8D%E0%A4%B5%E0%A4%BE%E0%A4%9A%E0%A4%A8+%E0%A4%85%E0%A4%A7%E0%A4%BF%E0%A4%95%E0%A4%BE%E0%A4%B0%E0%A5%80+%E0%A4%B8%E0%A4%82%E0%A4%A6%E0%A5%87%E0%A4%B6+%E0%A4%A8%E0%A4%BE%E0%A4%AF%E0%A4%95+%E0%A4%A8%E0%A5%87+%E0%A4%95%E0%A4%BF%E0%A4%AF%E0%A4%BE+%E0%A4%AC%E0%A4%B8%E0%A5%8D%E0%A4%B8%E0%A5%80+%2C+%E0%A4%9A%E0%A4%BE%E0%A4%95%E0%A4%B8%E0%A5%82+%E0%A4%B5+%E0%A4%95%E0%A4%BE%E0%A4%A8%E0%A5%8B%E0%A4%A4%E0%A4%BE+%E0%A4%AE%E0%A4%A4%E0%A4%A6%E0%A4%BE%E0%A4%A8+%E0%A4%95%E0%A5%8D%E0%A4%B7%E0%A5%87%E0%A4%A4%E0%A5%8D%E0%A4%B0%E0%A5%8B%E0%A4%82+%E0%A4%95%E0%A4%BE+%E0%A4%A6%E0%A5%8C%E0%A4%B0%E0%A4%BE+%2C+%E0%A4%85%E0%A4%A7%E0%A4%BF%E0%A4%95%E0%A4%BE%E0%A4%B0%E0%A4%BF%E0%A4%AF%E0%A5%8B%E0%A4%82+%E0%A4%95%E0%A5%8B+%E0%A4%A6%E0%A4%BF%E0%A4%8F+%E0%A4%86%E0%A4%B5%E0%A4%B6%E0%A5%8D%E0%A4%AF%E0%A4%95+%E0%A4%A6%E0%A4%BF%E0%A4%B6%E0%A4%BE-%E0%A4%A8%E0%A4%BF%E0%A4%B0%E0%A5%8D%E0%A4%A6%E0%A5%87%E0%A4%B6> (referer: https://www.google.com/)
warning: urllib failed (HTTP Error 429: Too Many Requests), retrying via scrapling: translate.googleapis.com
[2026-08-30 07:54:39] INFO: Fetched (200) <GET https://translate.googleapis.com/translate_a/single?client=gtx&sl=auto&tl=en&dt=t&q=%E0%A4%86%E0%A4%B0%E0%A4%9C%E0%A5%80%E0%A4%8F%E0%A4%9A%E0%A4%8F%E0%A4%B8+%E0%A4%AE%E0%A5%87%E0%A4%82+%E0%A4%85%E0%A4%AC+%E0%A4%AA%E0%A4%B0%E0%A5%8D%E0%A4%9A%E0%A5%80+%E0%A4%AA%E0%A4%B0+%E0%A4%B8%E0%A4%82%E0%A4%AC%E0%A4%82%E0%A4%A7%E0%A4%BF%E0%A4%A4+%E0%A4%9A%E0%A4%BF%E0%A4%95%E0%A4%BF%E0%A4%A4%E0%A5%8D%E0%A4%B8%E0%A4%95+%E0%A4%95%E0%A4%BE+%E0%A4%B8%E0%A5%8D%E0%A4%B5%E0%A4%AF%E0%A4%82+%E0%A4%B8%E0%A4%A4%E0%A5%8D%E0%A4%AF%E0%A4%BE%E0%A4%AA%E0%A4%A8+%E0%A4%85%E0%A4%A8%E0%A4%BF%E0%A4%B5%E0%A4%BE%E0%A4%B0%E0%A5%8D%E0%A4%AF+%E0%A4%85%E0%A4%A8%E0%A5%8D%E0%A4%AF+%E0%A4%B5%E0%A5%8D%E0%A4%AF%E0%A4%95%E0%A5%8D%E0%A4%A4%E0%A4%BF+%E0%A4%A6%E0%A5%8D%E0%A4%B5%E0%A4%BE%E0%A4%B0%E0%A4%BE+%E0%A4%9A%E0%A4%BF%E0%A4%95%E0%A4%BF%E0%A4%A4%E0%A5%8D%E0%A4%B8%E0%A4%95+%E0%A4%95%E0%A5%80+%E0%A4%93%E0%A4%B0+%E0%A4%B8%E0%A5%87+%E0%A4%B9%E0%A4%B8%E0%A5%8D%E0%A4%A4%E0%A4%BE%E0%A4%95%E0%A5%8D%E0%A4%B7%E0%A4%B0+%E0%A4%95%E0%A4%BF%E0%A4%8F+%E0%A4%9C%E0%A4%BE%E0%A4%A8%E0%A5%87+%E0%A4%AA%E0%A4%B0+%E0%A4%B9%E0%A5%8B%E0%A4%97%E0%A5%80+%E0%A4%95%E0%A4%BE%E0%A4%B0%E0%A5%8D%E0%A4%B0%E0%A4%B5%E0%A4%BE%E0%A4%88> (referer: https://www.google.com/)
warning: urllib failed (HTTP Error 429: Too Many Requests), retrying via scrapling: translate.googleapis.com
[2026-08-30 07:54:40] INFO: Fetched (200) <GET https://translate.googleapis.com/translate_a/single?client=gtx&sl=auto&tl=en&dt=t&q=Chief+Secretary%E2%80%99s+Rome+visit+concludes+with+a+shared+vision+of+technology+and+good+governance+in+the+service+of+humanity+Meeting+with+Pope+Leo+XIV+at+the+Vatican+marks+a+memorable+highlight+of+the+vis> (referer: https://www.google.com/)
warning: urllib failed (HTTP Error 429: Too Many Requests), retrying via scrapling: translate.googleapis.com
[2026-08-30 07:54:42] INFO: Fetched (200) <GET https://translate.googleapis.com/translate_a/single?client=gtx&sl=auto&tl=en&dt=t&q=%E0%A4%B0%E0%A5%8B%E0%A4%AE+%E0%A4%AE%E0%A5%87%E0%A4%82+IFAD+%E0%A4%85%E0%A4%A7%E0%A5%8D%E0%A4%AF%E0%A4%95%E0%A5%8D%E0%A4%B7+%E0%A4%A1%E0%A5%89.+%E0%A4%85%E0%A4%B2%E0%A5%8D%E0%A4%B5%E0%A4%BE%E0%A4%B0%E0%A5%8B+%E0%A4%B2%E0%A4%BE%E0%A4%B0%E0%A4%BF%E0%A4%AF%E0%A5%8B+%E0%A4%B8%E0%A5%87+%E0%A4%AE%E0%A4%BF%E0%A4%B2%E0%A5%87+%E0%A4%AE%E0%A5%81%E0%A4%96%E0%A5%8D%E0%A4%AF+%E0%A4%B8%E0%A4%9A%E0%A4%BF%E0%A4%B5+%E0%A4%B6%E0%A5%8D%E0%A4%B0%E0%A5%80+%E0%A4%B5%E0%A5%80.+%E0%A4%B6%E0%A5%8D%E0%A4%B0%E0%A5%80%E0%A4%A8%E0%A4%BF%E0%A4%B5%E0%A4%BE%E0%A4%B8+%E0%A4%B8%E0%A5%82%E0%A4%96%E0%A4%BE+%E0%A4%AA%E0%A5%8D%E0%A4%B0%E0%A4%AC%E0%A4%82%E0%A4%A7%E0%A4%A8+%2C+%E0%A4%AB%E0%A4%B8%E0%A4%B2+%E0%A4%AA%E0%A4%A6%E0%A5%8D%E0%A4%A7%E0%A4%A4%E0%A4%BF+%2C+%E0%A4%A1%E0%A5%87%E0%A4%AF%E0%A4%B0%E0%A5%80+%E0%A4%8F%E0%A4%B5%E0%A4%82+%E0%A4%95%E0%A4%AE%E0%A4%BE%E0%A4%82%E0%A4%A1+%E0%A4%8F%E0%A4%B0%E0%A4%BF%E0%A4%AF%E0%A4%BE+%E0%A4%B5%E0%A4%BF%E0%A4%95%E0%A4%BE%E0%A4%B8+%E0%A4%AA%E0%A4%B0+%E0%A4%B9%E0%A5%81%E0%A4%88+%E0%A4%9A%E0%A4%B0%E0%A5%8D%E0%A4%9A%E0%A4%BE+%E0%A4%9C%E0%A4%B2%E0%A4%BE%E0%A4%97%E0%A4%AE+%E0%A4%B5%E0%A4%BF%E0%A4%95%E0%A4%BE%E0%A4%B8+%E0%A4%B8%E0%A4%B9%E0%A4%BF%E0%A4%A4+%E0%A4%B5%E0%A4%BF%E0%A4%AD%E0%A4%BF%E0%A4%A8%E0%A5%8D%E0%A4%A8+%E0%A4%95%E0%A5%8D%E0%A4%B7%E0%A5%87%E0%A4%A4%E0%A5%8D%E0%A4%B0%E0%A5%8B%E0%A4%82+%E0%A4%AE%E0%A5%87%E0%A4%82+%E0%A4%AD%E0%A4%B5%E0%A4%BF%E0%A4%B7%E0%A5%8D%E0%A4%AF+%E0%A4%95%E0%A5%87+%E0%A4%B8%E0%A4%B9%E0%A4%AF%E0%A5%8B> (referer: https://www.google.com/)
warning: urllib failed (HTTP Error 429: Too Many Requests), retrying via scrapling: translate.googleapis.com
[2026-08-30 07:54:43] INFO: Fetched (200) <GET https://translate.googleapis.com/translate_a/single?client=gtx&sl=auto&tl=en&dt=t&q=%E0%A4%AE%E0%A4%BE%E0%A4%A8%E0%A4%B5%E0%A4%A4%E0%A4%BE+%E0%A4%95%E0%A5%80+%E0%A4%B8%E0%A5%87%E0%A4%B5%E0%A4%BE+%E0%A4%AE%E0%A5%87%E0%A4%82+%E0%A4%A4%E0%A4%95%E0%A4%A8%E0%A5%80%E0%A4%95+%E0%A4%94%E0%A4%B0+%E0%A4%B8%E0%A5%81%E0%A4%B6%E0%A4%BE%E0%A4%B8%E0%A4%A8+%E0%A4%95%E0%A5%80+%E0%A4%B8%E0%A4%BE%E0%A4%9D%E0%A4%BE+%E0%A4%B8%E0%A5%8B%E0%A4%9A+%E0%A4%95%E0%A5%87+%E0%A4%B8%E0%A4%BE%E0%A4%A5+%E0%A4%B8%E0%A4%82%E0%A4%AA%E0%A4%A8%E0%A5%8D%E0%A4%A8+%E0%A4%B9%E0%A5%81%E0%A4%88+%E0%A4%AE%E0%A5%81%E0%A4%96%E0%A5%8D%E0%A4%AF+%E0%A4%B8%E0%A4%9A%E0%A4%BF%E0%A4%B5+%E0%A4%95%E0%A5%80+%E0%A4%B0%E0%A5%8B%E0%A4%AE+%E0%A4%AF%E0%A4%BE%E0%A4%A4%E0%A5%8D%E0%A4%B0%E0%A4%BE+%E0%A4%B5%E0%A5%87%E0%A4%9F%E0%A4%BF%E0%A4%95%E0%A4%A8+%E0%A4%AE%E0%A5%87%E0%A4%82+%E0%A4%AA%E0%A5%8B%E0%A4%AA+%E0%A4%B2%E0%A4%BF%E0%A4%AF%E0%A5%8B+XIV+%E0%A4%B8%E0%A5%87+%E0%A4%AE%E0%A5%81%E0%A4%B2%E0%A4%BE%E0%A4%95%E0%A4%BE%E0%A4%A4+%E0%A4%AC%E0%A4%A8%E0%A5%80+%E0%A4%AF%E0%A4%BE%E0%A4%A4%E0%A5%8D%E0%A4%B0%E0%A4%BE+%E0%A4%95%E0%A4%BE+%E0%A4%B8%E0%A5%8D%E0%A4%AE%E0%A4%B0%E0%A4%A3%E0%A5%80%E0%A4%AF+%E0%A4%85%E0%A4%B5%E0%A4%B8%E0%A4%B0> (referer: https://www.google.com/)
warning: urllib failed (<urlopen error [SSL: UNEXPECTED_EOF_WHILE_READING] EOF occurred in violation of protocol (_ssl.c:1082)>), retrying via scrapling: ipr.punjab.gov.in
[2026-08-30 07:55:08] WARNING: Attempt 1 failed: Failed to perform, curl: (35) BoringSSL SSL_connect: Connection closed abruptly (SSL_ERROR_SYSCALL; error queue empty) in connection to ipr.punjab.gov.in:443. See https://curl.se/libcurl/c/libcurl-errors.html first for more details.. Retrying in 1 seconds...
[2026-08-30 07:55:21] WARNING: Attempt 2 failed: Failed to perform, curl: (35) BoringSSL SSL_connect: Connection closed abruptly (SSL_ERROR_SYSCALL; error queue empty) in connection to ipr.punjab.gov.in:443. See https://curl.se/libcurl/c/libcurl-errors.html first for more details.. Retrying in 1 seconds...
[2026-08-30 07:55:34] ERROR: Failed after 3 attempts: Failed to perform, curl: (35) BoringSSL SSL_connect: Connection closed abruptly (SSL_ERROR_SYSCALL; error queue empty) in connection to ipr.punjab.gov.in:443. See https://curl.se/libcurl/c/libcurl-errors.html first for more details.
PB: FETCH FAILED (Failed to perform, curl: (35) BoringSSL SSL_connect: Connection closed abruptly (SSL_ERROR_SYSCALL; error queue empty) in connection to ipr.punjab.gov.in:443. See https://curl.se/libcurl/c/libcurl-errors.html first for more details.)
warning: broken cert chain, retrying unverified: chandigarh.gov.in
KL: FETCH FAILED (The read operation timed out)
warning: urllib failed (<urlopen error [SSL: UNEXPECTED_EOF_WHILE_READING] EOF occurred in violation of protocol (_ssl.c:1082)>), retrying via scrapling: dipr.assam.gov.in
[2026-08-30 07:57:21] WARNING: Attempt 1 failed: Failed to perform, curl: (35) BoringSSL SSL_connect: Connection closed abruptly (SSL_ERROR_SYSCALL; error queue empty) in connection to dipr.assam.gov.in:443. See https://curl.se/libcurl/c/libcurl-errors.html first for more details.. Retrying in 1 seconds...
[2026-08-30 07:57:34] WARNING: Attempt 2 failed: Failed to perform, curl: (35) BoringSSL SSL_connect: Connection closed abruptly (SSL_ERROR_SYSCALL; error queue empty) in connection to dipr.assam.gov.in:443. See https://curl.se/libcurl/c/libcurl-errors.html first for more details.. Retrying in 1 seconds...
[2026-08-30 07:57:47] ERROR: Failed after 3 attempts: Failed to perform, curl: (35) BoringSSL SSL_connect: Connection closed abruptly (SSL_ERROR_SYSCALL; error queue empty) in connection to dipr.assam.gov.in:443. See https://curl.se/libcurl/c/libcurl-errors.html first for more details.
AS: FETCH FAILED (Failed to perform, curl: (35) BoringSSL SSL_connect: Connection closed abruptly (SSL_ERROR_SYSCALL; error queue empty) in connection to dipr.assam.gov.in:443. See https://curl.se/libcurl/c/libcurl-errors.html first for more details.)
warning: urllib failed (HTTP Error 429: Too Many Requests), retrying via scrapling: translate.googleapis.com
[2026-08-30 07:58:28] INFO: Fetched (200) <GET https://translate.googleapis.com/translate_a/single?client=gtx&sl=auto&tl=en&dt=t&q=Launch+of+the+Fifth+Instalment+of+%E2%80%98Subhadra%E2%80%99+on+Raksha+Purnima%2C+Women%E2%80%99s+Empowerment+the+Ultimate%E2%80%A6> (referer: https://www.google.com/)
warning: urllib failed (HTTP Error 429: Too Many Requests), retrying via scrapling: translate.googleapis.com
[2026-08-30 07:58:29] INFO: Fetched (200) <GET https://translate.googleapis.com/translate_a/single?client=gtx&sl=auto&tl=en&dt=t&q=Special+Programme+at+Golabandha+for+the+Secure+Future+and+Economic+Self-Reliance+of+Project-%E2%80%A6> (referer: https://www.google.com/)
warning: urllib failed (<urlopen error [SSL: UNEXPECTED_EOF_WHILE_READING] EOF occurred in violation of protocol (_ssl.c:1082)>), retrying via scrapling: delhi.gov.in
[2026-08-30 07:58:54] WARNING: Attempt 1 failed: Failed to perform, curl: (35) BoringSSL SSL_connect: Connection closed abruptly (SSL_ERROR_SYSCALL; error queue empty) in connection to delhi.gov.in:443. See https://curl.se/libcurl/c/libcurl-errors.html first for more details.. Retrying in 1 seconds...
[2026-08-30 07:59:07] WARNING: Attempt 2 failed: Failed to perform, curl: (35) BoringSSL SSL_connect: Connection closed abruptly (SSL_ERROR_SYSCALL; error queue empty) in connection to delhi.gov.in:443. See https://curl.se/libcurl/c/libcurl-errors.html first for more details.. Retrying in 1 seconds...
[2026-08-30 07:59:21] ERROR: Failed after 3 attempts: Failed to perform, curl: (35) BoringSSL SSL_connect: Connection closed abruptly (SSL_ERROR_SYSCALL; error queue empty) in connection to delhi.gov.in:443. See https://curl.se/libcurl/c/libcurl-errors.html first for more details.
DL: FETCH FAILED (Failed to perform, curl: (35) BoringSSL SSL_connect: Connection closed abruptly (SSL_ERROR_SYSCALL; error queue empty) in connection to delhi.gov.in:443. See https://curl.se/libcurl/c/libcurl-errors.html first for more details.)
warning: urllib failed (<urlopen error [SSL: UNSAFE_LEGACY_RENEGOTIATION_DISABLED] unsafe legacy renegotiation disabled (_ssl.c:1082)>), retrying via scrapling: icad.wb.gov.in
[2026-08-30 07:59:22] INFO: Fetched (200) <GET https://icad.wb.gov.in/notice.php> (referer: https://www.google.com/)
warning: urllib failed (<urlopen error [SSL: UNSAFE_LEGACY_RENEGOTIATION_DISABLED] unsafe legacy renegotiation disabled (_ssl.c:1082)>), retrying via scrapling: icad.wb.gov.in
[2026-08-30 07:59:23] INFO: Fetched (200) <GET https://icad.wb.gov.in/govt-order.php> (referer: https://www.google.com/)
MP (Madhya Pradesh): fetched 0, 0 new (0 machine-translated) -> 63998 total in register
AP (Andhra Pradesh): fetched 0, 0 new (0 machine-translated) -> 108 total in register
UP (Uttar Pradesh): fetched 60, 8 new (8 machine-translated) -> 298 total in register
GJ (Gujarat): fetched 27, 13 new (11 machine-translated) -> 222 total in register
MH (Maharashtra): fetched 0, 0 new (0 machine-translated) -> 26439 total in register
KA (Karnataka): fetched 107, 4 new (0 machine-translated) -> 107 total in register
GA (Goa): fetched 200, 0 new (0 machine-translated) -> 335 total in register
RJ (Rajasthan): fetched 100, 10 new (9 machine-translated) -> 74561 total in register
PB (Punjab): fetched 0, 0 new (0 machine-translated) -> 36 total in register
MZ (Mizoram): fetched 50, 0 new (0 machine-translated) -> 102 total in register
NL (Nagaland): fetched 24, 0 new (0 machine-translated) -> 134 total in register
SK (Sikkim): fetched 30, 7 new (0 machine-translated) -> 108 total in register
CH (Chandigarh): fetched 22, 1 new (0 machine-translated) -> 23 total in register
DD (DNH & Daman-Diu): fetched 24, 0 new (0 machine-translated) -> 58 total in register
KL (Kerala): fetched 0, 0 new (0 machine-translated) -> 267 total in register
TS (Telangana): fetched 10, 0 new (0 machine-translated) -> 23 total in register
AS (Assam): fetched 0, 0 new (0 machine-translated) -> 18 total in register
TN (Tamil Nadu): fetched 279, 0 new (0 machine-translated) -> 307 total in register
BR (Bihar): fetched 30, 0 new (0 machine-translated) -> 60 total in register
OD (Odisha): fetched 12, 2 new (2 machine-translated) -> 20 total in register
HR (Haryana): fetched 99, 8 new (0 machine-translated) -> 145 total in register
DL (Delhi (NCT)): fetched 0, 0 new (0 machine-translated) -> 7 total in register
WB (West Bengal): fetched 28, 0 new (0 machine-translated) -> 28 total in register
signal pass: 0 translated, 0 failures this run (rerun resumes automatically; untranslated non-signal rows stay native)
reportage: 4105 scheme-mapped announcements across 39 quarters -> /Users/umashankar/digital-twin-for-ipa/docs/REPORTAGE.md
reportage html: 4105 rows pre-rendered -> /Users/umashankar/digital-twin-for-ipa/docs/reportage.html
reportage ministry html: 4105 central rows + 25 state rows across 49 ministries -> /Users/umashankar/digital-twin-for-ipa/docs/reportage_ministry.html
reportage latest html: 95 central rows, 512 state-wire rows (30d window) -> /Users/umashankar/digital-twin-for-ipa/docs/reportage_latest.html
reportage states html: 14932 classified rows across 29 quarters -> /Users/umashankar/digital-twin-for-ipa/docs/reportage_states.html
warning: broken cert chain, retrying unverified: chandigarh.gov.in
KL: FETCH FAILED (The read operation timed out)
warning: urllib failed (<urlopen error [SSL: UNSAFE_LEGACY_RENEGOTIATION_DISABLED] unsafe legacy renegotiation disabled (_ssl.c:1082)>), retrying via scrapling: icad.wb.gov.in
[2026-08-31 07:46:35] INFO: Fetched (200) <GET https://icad.wb.gov.in/notice.php> (referer: https://www.google.com/)
warning: urllib failed (<urlopen error [SSL: UNSAFE_LEGACY_RENEGOTIATION_DISABLED] unsafe legacy renegotiation disabled (_ssl.c:1082)>), retrying via scrapling: icad.wb.gov.in
[2026-08-31 07:46:36] INFO: Fetched (200) <GET https://icad.wb.gov.in/govt-order.php> (referer: https://www.google.com/)
MP (Madhya Pradesh): fetched 363, 63 new (45 machine-translated) -> 64061 total in register
AP (Andhra Pradesh): fetched 109, 1 new (0 machine-translated) -> 109 total in register
UP (Uttar Pradesh): fetched 60, 0 new (0 machine-translated) -> 298 total in register
GJ (Gujarat): fetched 27, 0 new (0 machine-translated) -> 222 total in register
MH (Maharashtra): fetched 200, 38 new (38 machine-translated) -> 26477 total in register
KA (Karnataka): fetched 107, 0 new (0 machine-translated) -> 107 total in register
GA (Goa): fetched 200, 0 new (0 machine-translated) -> 335 total in register
RJ (Rajasthan): fetched 100, 13 new (11 machine-translated) -> 74574 total in register
PB (Punjab): fetched 14, 0 new (0 machine-translated) -> 36 total in register
MZ (Mizoram): fetched 50, 0 new (0 machine-translated) -> 102 total in register
NL (Nagaland): fetched 24, 0 new (0 machine-translated) -> 134 total in register
SK (Sikkim): fetched 30, 0 new (0 machine-translated) -> 108 total in register
CH (Chandigarh): fetched 22, 0 new (0 machine-translated) -> 23 total in register
DD (DNH & Daman-Diu): fetched 24, 0 new (0 machine-translated) -> 58 total in register
KL (Kerala): fetched 0, 0 new (0 machine-translated) -> 267 total in register
TS (Telangana): fetched 10, 0 new (0 machine-translated) -> 23 total in register
AS (Assam): fetched 14, 0 new (0 machine-translated) -> 18 total in register
TN (Tamil Nadu): fetched 277, 3 new (0 machine-translated) -> 310 total in register
BR (Bihar): fetched 30, 0 new (0 machine-translated) -> 60 total in register
OD (Odisha): fetched 12, 0 new (0 machine-translated) -> 20 total in register
HR (Haryana): fetched 99, 12 new (8 machine-translated) -> 157 total in register
DL (Delhi (NCT)): fetched 7, 0 new (0 machine-translated) -> 7 total in register
WB (West Bengal): fetched 28, 0 new (0 machine-translated) -> 28 total in register
signal pass: 0 translated, 0 failures this run (rerun resumes automatically; untranslated non-signal rows stay native)
reportage: 4105 scheme-mapped announcements across 39 quarters -> /Users/umashankar/digital-twin-for-ipa/docs/REPORTAGE.md
reportage html: 4105 rows pre-rendered -> /Users/umashankar/digital-twin-for-ipa/docs/reportage.html
reportage ministry html: 4105 central rows + 25 state rows across 49 ministries -> /Users/umashankar/digital-twin-for-ipa/docs/reportage_ministry.html
reportage latest html: 81 central rows, 513 state-wire rows (30d window) -> /Users/umashankar/digital-twin-for-ipa/docs/reportage_latest.html
reportage states html: 14943 classified rows across 29 quarters -> /Users/umashankar/digital-twin-for-ipa/docs/reportage_states.html
layer 25 written: 15 land states, 11 open/closing incentive windows -> /Users/umashankar/digital-twin-for-ipa/layers/25_land_incentive_linkages.json
layer 26: 42 sectors / 12,385 NIP opportunities, 9 flagship projects -> /Users/umashankar/digital-twin-for-ipa/layers/26_project_pipeline.json
layer 27: 31 bodies across 21 countries, 30 live, 11 with events pages -> /Users/umashankar/digital-twin-for-ipa/layers/27_entry_facilitators.json
  NOT live (check): Business France (India) (0)
layer 28: 973 PRS bills; 35 active watchlist (investment-relevant & 2024+); 170 relevant all-time; 24 Drishti editorials -> /Users/umashankar/digital-twin-for-ipa/layers/28_policy_watchlist.json
layer 29: 25 MoSPI data sources (6 core / 6 sector / 13 context) -> /Users/umashankar/digital-twin-for-ipa/layers/29_mospi_data_sources.json
layer 30: 12 import chapters, 7 substitutable policy gaps, top deficit country China ($-112.2bn) -> /Users/umashankar/digital-twin-for-ipa/layers/30_trade_deficit_map.json
members scraped: 138 | urls checked: 21
wrote /Users/umashankar/digital-twin-for-ipa/layers/31_ipa_source_network.json
/Users/umashankar/Library/Python/3.9/lib/python/site-packages/urllib3/__init__.py:35: NotOpenSSLWarning: urllib3 v2 only supports OpenSSL 1.1.1+, currently the 'ssl' module is compiled with 'LibreSSL 2.8.3'. See: https://github.com/urllib3/urllib3/issues/3020
  warnings.warn(
  window 2026-02-12..2026-08-31: 31 filings across 11 phrases
  wrote layers/16_enrichment/edgar_india_sweep.json (89 cumulative)
  NEW-LEAD [foreign_operator] 2026-08-18 20-F   BHP Group Ltd  (BHP, BHPLF)  (CIK 0000811809) — expand in India
  NEW-LEAD [foreign_operator] 2026-08-18 20-F   DIAGEO PLC  (DEO, DGEAF)  (CIK 0000835403) — investment in India
  NEW-LEAD [foreign_operator] 2026-07-06 20-F   MITSUBISHI UFJ FINANCIAL GROUP INC  (MUFG, MBFJF)  (CIK 0000067088) — investment in India
  NEW-LEAD [foreign_operator] 2026-06-15 10-K   Alternus Clean Energy, Inc.  (CIK 0001883984) — manufacturing in India
  NEW-LEAD [foreign_operator] 2026-06-08 10-K   GRAHAM CORP  (GHM)  (CIK 0000716314) — investment in India, investments in India
  NEW-LEAD [foreign_operator] 2026-05-27 10-K   Loop Industries, Inc.  (LOOP)  (CIK 0001504678) — manufacturing facility in India
  NEW-LEAD [foreign_operator] 2026-04-30 20-F   TRINITY BIOTECH PLC  (TRIB)  (CIK 0000888721) — manufacturing facility in India
  NEW-LEAD [foreign_operator] 2026-03-31 10-K   Co-Diagnostics, Inc.  (CODX)  (CIK 0001692415) — manufacturing in India
  NEW-LEAD [pe_fund] 2026-03-30 10-K   Carlyle Private Equity Partners Fund, L.P.  (CIK 0002065337) — invest in India, investments in India
  NEW-LEAD [foreign_operator] 2026-03-30 10-K   REVIVA PHARMACEUTICALS HOLDINGS, INC.  (RVPH)  (CIK 0001742927) — investments in India
  NEW-LEAD [pe_fund] 2026-03-27 10-K   Brookfield Private Equity Fund LP  (CIK 0002074065) — investments in India
  NEW-LEAD [pe_fund] 2026-03-20 10-K   VistaOne, L.P.  (CIK 0002044820) — investments in India
  NEW-LEAD [pe_fund] 2026-03-13 10-K   Blackstone Private Equity Strategies Fund L.P.  (CIK 0001930054) — investment in India, investments in India
  NEW-LEAD [foreign_operator] 2026-03-12 10-K   Health Catalyst, Inc.  (HCAT)  (CIK 0001636422) — investments in India
  NEW-LEAD [foreign_operator] 2026-03-11 10-K   ALPHA PRO TECH LTD  (APT)  (CIK 0000884269) — manufacturing facility in India
  NEW-LEAD [pe_fund] 2026-03-06 10-K   Blackstone Infrastructure Strategies L.P.  (CIK 0002030772) — investment in India, investments in India
  NEW-LEAD [foreign_operator] 2026-03-04 20-F   Caesarstone Ltd.  (CSTE)  (CIK 0001504379) — manufacturing facility in India
  NEW-LEAD [foreign_operator] 2026-02-24 10-K   FIRST SOLAR, INC.  (FSLR)  (CIK 0001274494) — manufacturing facility in India, manufacturing in India
  NEW-LEAD [foreign_operator] 2026-02-18 10-K   BLACKBAUD INC  (BLKB)  (CIK 0001280058) — expansion in India
{
 "companies": 1785,
 "in_more_than_one_layer": 1508,
 "by_role": {
  "alias_check": 18,
  "clearance_lead": 98,
  "foreign_lead": 321,
  "pairing_prospective": 7,
  "pairing_verified": 12,
  "pool_policy": 1371,
  "pool_visibility": 1331,
  "shortlist_target": 136
 },
 "india_entities": 1429,
 "credit_rated": 82,
 "by_country_top10": {
  "India": 1500,
  "United States": 75,
  "?": 36,
  "United Kingdom": 12,
  "South Korea": 12,
  "Japan": 12,
  "China": 12,
  "Australia": 11,
  "Taiwan": 9,
  "Turkey": 7
 }
}
wrote /Users/umashankar/digital-twin-for-ipa/data/companies.db and /Users/umashankar/digital-twin-for-ipa/layers/32_company_db.json
41 sector pages
announcements: 440 | companies matched: 41 | match rows: 80 | exception verdicts challenged: 1
  CHALLENGED [PARTIALLY_VISIBLE] Nayara Energy Limited <- oil-and-gas: Nayara Energy, India's largest private fuel retailer, plans to add 400 petrol pumps this y
{
 "ran": "2026-08-31",
 "what": "External news collection (Marketaux ticker-tagged, AlphaVantage sentiment, NewsAPI/Newsdata keyword FDI sweep + QUIET-company probes) matched onto the company DB with the shared tiered matcher; keys read from ~/.config/market-secrets/credentials.env",
 "api_calls_used": 39,
 "calls_by_source": {
  "newsapi": 26,
  "newsdata": 2,
  "marketaux": 10,
  "alphavantage": 1
 },
 "articles_total": 103,
 "new_articles": 103,
 "match_rows_added": 16,
 "sources_skipped_or_errors": [],
 "quota_note": "free tiers: NewsAPI/Marketaux ~100 req/day, AlphaVantage 25 \u2014 weekly cadence keeps usage well inside quotas; EODHD news endpoint not in plan (404), not called"
}
exception hits: 0
{
 "ran": "2026-08-31",
 "since": "2025-01-01",
 "pages_fetched": 17,
 "filings_in_window": 399,
 "new_rows": 417,
 "match_rows": 16,
 "what": "SEBI public-issues (DRHP/UDRHP/RHP) filers matched onto the company DB \u2014 the listing pipeline as a funding signal; shared tiered matcher (strong/reviewed-promoted actionable, weak review-only)"
}
  [strong] German Green Steel And Power Limited  <- 2026-08-15: German Green Steel and Power Ltd. - Addendum to DRHP
  [strong] Encube Ethicals Private Limited  <- 2026-08-06: Encube Ethicals Limited - DRHP
  [strong] Sky Alloys And Power Limited  <- 2026-06-25: Sky Alloys and Power Limited- DRHP
  [strong] Renny Strips Limited  <- 2025-12-19: Renny Strips Limited
  [strong] Sky Alloys And Power Limited  <- 2025-10-09: SKY ALLOYS AND POWER LIMITED
  [strong] Virupaksha Organics Limited  <- 2025-10-08: Virupaksha Organics Limited - DRHP
  [strong] Supreet Chemicals Limited  <- 2025-09-05: Supreet Chemicals Limited - DRHP
  [strong] German Green Steel And Power Limited  <- 2025-07-08: German Green Steel and Power Limited - DRHP
  [strong] A-One Steels India Limited  <- 2025-04-24: A-One Steels India Limited - Addendum to DRHP
  [strong] Jajoo Rashmi Refractories Limited  <- 2025-04-22: Jajoo Rashmi Refractories Limited - Addendum to DRHP
  [strong] Advance Agrolife Private Limited  <- 2025-04-02: Advance Agrolife Limited
  [strong] SHREEJI SHIPPING GLOBAL L  <- 2025-01-30: SHREEJI SHIPPING GLOBAL LIMITED
  [strong] Dorf-Ketal Chemicals India Limited  <- 2025-01-27: Dorf-Ketal Chemicals India Limited
  [strong] SHANTI GOLD INTERNATION L  <- 2025-01-22: Shanti Gold International Limited
  [strong] A-One Steels India Limited  <- 2025-01-10: A One Steels India Limited
  [strong] Anthem Biosciences Limited  <- 2025-01-06: ANTHEM BIOSCIENCES LIMITED
extracted 0, errors 0
loc links scraped: 3 | urls checked: 9
wrote /Users/umashankar/digital-twin-for-ipa/layers/33_policy_finance_extensions.json
company distress flags: 11 -> {'downgrade': 1, 'litigation_or_regrade': 1, 'rating_darkness': 4, 'sub_investment_grade': 3, 'watch_negative': 2}
land pools: 5, named assets: 7
wrote /Users/umashankar/digital-twin-for-ipa/layers/34_stressed_assets.json + stressed_assets view
routes: 64 checked, 3 down -> /Users/umashankar/digital-twin-for-ipa/state/routes_2026-08-31.json
  DOWN DSIR CMS (000) https://cms-dsir.digifootprint.gov.in/wp-json/wp/v2/
  DOWN Telangana Life Sciences (000) https://lifesciences.telangana.gov.in
  DOWN Kerala invest (000) https://invest.kerala.gov.in
  CHANGE route Telangana Life Sciences: ok=True -> False (000)
unnati: http=200, registration_stopped=True -> /Users/umashankar/digital-twin-for-ipa/state/unnati_2026-08-31.json
nsws: 2 pages -> /Users/umashankar/digital-twin-for-ipa/state/nsws_2026-08-31.json
CHANGE rbi WSS: Aug 22, 2026 -> Aug 29, 2026
rbi: latest WSS issue = Aug 29, 2026 -> /Users/umashankar/digital-twin-for-ipa/state/rbi_2026-08-31.json
send_twin_alert: no credentials available (env or plist) -- not sent
fatal: could not read Username for 'https://github.com': Device not configured
