name,country,city,location,exh,exhSeoId
A B Graphic International Ltd.,United Kingdom of Great Britain and Northern Ireland,"Bridlington, East Yorkshire",Hall 16 / D10,drupa2024.2738597,9RnQRRJvSMSFtS1ifD6YfQ
A B Graphic International Ltd.,United Kingdom of Great Britain and Northern Ireland,"Bridlington, East Yorkshire",Hall 17 / A01-2,drupa2024.2777573,ovvXBAlOSNekxM0PDWWSrg
A.G.I. Attrezzature Grafiche Italia s.r.l.,Italy,Mornago (VA),Hall 10 / C40,drupa2024.2708721,qsDoBbDMSpilaotJ00zsUA
A.T.E. ENTERPRISES PVT LTD (Business Unit: AxisValence),India,Ahmedabad,Hall 12 / B81,drupa2024.2763950,0ZddkvWtRyyqwhnjH4GAbw
"Abezeta, S.A.",Spain,Barcelona,Hall 5 / C12,drupa2024.2722059,nq6R1qA2Tv2gGtBbgkRHSg
Absolute Engineering Limited,United Kingdom of Great Britain and Northern Ireland,Huddersfield,Hall 15 / D55,drupa2024.2775807,VlSG7e85T22InsmTiUkv3A
ABTECH S.R.L.,Italy,Monteu Roero,Hall 13 / C94,drupa2024.2732836,kkfyHP8DScOneRuvQbW5KQ
"ACE MACHINERY CO., LTD.","Korea, Republic","Shiheung-si, Gyeonggi-do",Hall 12 / A70,drupa2024.2723051,i9QhnyhIQIq4CmlR0YD6eA
"ACE PACK Co., Ltd.","Korea, Republic","Siheung-si, Gyeonggi-do",Hall 13 / A31,drupa2024.2732878,W1jjSs9NRSykmV4UfWAx8g
ACE s.r.l.,Italy,Legnano (MI),Hall 16 / F37,drupa2024.2731950,prTA0MvwSNGshAaxVjcgJw
Acigraf Graphic Equipments S.r.l.,Italy,Ornago (MI),Hall 3 / D20,drupa2024.2762484,8F7VF5MyTDqotji2DFGLUg
ACIMGA,Italy,Milano,Hall 3 / A23,drupa2024.2766346,1gVpsfPsSoG6SVlMjDtD1A
ACLA-WERKE GMBH,Germany,Köln,Hall 1 / A55,drupa2024.2779026,DxEyJDO0TSOGoBJKmGhxZA
Acme Rolltech Private Limited,India,Ahmedabad,Hall 12 / D52,drupa2024.2709909,nW1TLLgBS76DPUcTlTqgaw
ACTEGA GmbH,Germany,Wesel,Hall 3 / B31,drupa2024.2768662,tjhgUkEZQ2yiJuSERmttMQ
ACTEGA GmbH,Germany,Wesel,Hall 10 / B21,drupa2024.2780101,pyp0hWXSQgSC29KXBz2HKg
ACTEGA GmbH,Germany,Wesel,Hall 16 / A31-2,drupa2024.2780179,OX5HN8rERaqlWgwa8oyTiA
ACTEGA GmbH,Germany,Wesel,Hall 9 / A33-2,drupa2024.2780294,7dN0FVKqS1K98if3DKTW9w
adaept GmbH,Germany,Niedernhausen,Hall 7 / D01,drupa2024.2779499,ZiWXWBGyTFyEXpfKuKilVQ
Adobe Inc.,Canada,"Toronto, ON",Hall 3 / B31,drupa2024.2775278,Cs6sS6lhTbemg1Iu1s0HmA
Adolf Brodbeck GmbH & Co. KG,Germany,Metzingen,Hall 12 / D40,drupa2024.2769868,9hZG0isxQvSRqITWvd0kow
adphos Digital Printing GmbH,Germany,Bruckmühl,Hall 6 / B50,drupa2024.2732277,iNpnKITrQiuCOnULJmAScA
Afford Inks S.L.,Spain,Navalcarnero,Hall 9 / D43,drupa2024.2708197,q734ntzrQUuyTjRupJcfOg
AFS Entwicklungs- und Vertriebs GmbH,Germany,Horgau,Hall 14 / C33,drupa2024.2708214,dx2le1LHRTOwp2dKyxSlqQ
AGEC mbH,France,Noisy-le-Sec,Hall 13 / A85,drupa2024.2774158,8fboFVmST4ax6EctGmK0dA
Agergaard Graphic Supplies GmbH,Germany,Celle,Hall 15 / A31,drupa2024.2718264,IpKEeAKER6q13DV7ppL1ZA
AGM Anwar Graphische Maschinen Mohammad Anwar,Germany,Salzgitter,Hall 13 / A100,drupa2024.2734471,newOx8q9RtekaqDf1hsnxw
AHM Solutions GmbH,Germany,Castrop-Rauxel,Hall 16 / A31-3,drupa2024.2780178,k3rKdDXPQeC02pAvQYXybQ
Airmat Wickeltechnik GmbH,Germany,Kehl,Hall 12 / C51,drupa2024.2774596,ScPcZPc2SviI5Ouy6zUzKQ
Ajit Industries Pvt. Ltd.,India,Delhi,Hall 14 / D18,drupa2024.2767012,vNUsVy6sRp6IXSRe1BwP3w
AkeBoose GmbH,Germany,Celle,Hall 15 / A31,drupa2024.2767753,PO1OGj4RQtS0vlRJ5EYMrA
akf bank GmbH & Co KG,Germany,Wuppertal,Hall 1 / B02,drupa2024.2776975,ymb1ag17RuCUsPuUJoJvbA
akf leasing GmbH & Co KG,Germany,Wuppertal,Hall 1 / B02,drupa2024.2729155,WoefsYdiQJSOv71ax7qOGg
AKK GmbH,Germany,Krefeld,Hall 5 / C09,drupa2024.2708727,eHu0sL6VTMavkMZZPFIffA
Al - Husein International Ltd.,Egypt,6 October City -Giza Giza,Hall 4 / C19,drupa2024.2754836,bvBpA1jNT5imJ0QL8fj6Aw
Al Baraka Paper Converting Co.,Egypt,Cairo,Hall 4 / C13,drupa2024.2732522,lhR50ym9QZyl44y1ZVsSxA
Al Burhan Manufacturing & Trading Co.,Egypt,"Cairo, Giza",Hall 4 / C15,drupa2024.2754643,ncVYTj8XRheIk9Wb5Kfm5g
ALBO SYSTEM Sweden AB,Sweden,Kungsbacka,Hall 10 / A17,drupa2024.2732405,nEA46m8AQOKX9kix2wxRdA
Alizarin Technologies Inc.,China,Fujian,Hall 3 / E06,drupa2024.2771097,RBpR0gN6Q465oxiaPy55WA
All in Print China,"Hong Kong, China SAR",Hong Kong,Hall 8b / A32,drupa2024.2779615,ctm8WgJ9Thy6EAc4tWF9hw
All India Federation of Master Printers AIFMP,India,New Delhi,Hall 11 / A13,drupa2024.2778672,vRwXyznCQt2lhAtF8mTJCw
Allaoui Graphic Machinery GmbH,Germany,Aachen,Hall 13 / A80,drupa2024.2731437,La5DNz2wSsuCg3vnDuM6Dw
Allstein GmbH,Germany,Herford,Hall 15 / C35,drupa2024.2735410,B3Mt4MlzTVOBhCa0W15cUQ
Alpha Converting Equipment Limited,United Kingdom of Great Britain and Northern Ireland,Bedford,Hall 4 / B05,drupa2024.2753798,Q2hgdf2LQbijrSQPchB6rQ
Alpha3 (Hong Kong) Limited,"Hong Kong, China SAR",Tsuen Wan,Hall 4 / E16,drupa2024.2779732,W4nJWVT6TEmURjzzM3TB8A
Alphasonics (UCS) Ltd.,United Kingdom of Great Britain and Northern Ireland,Knowsley,Hall 6 / B42,drupa2024.2751556,Yg0itpNdQHSrm6iTcxLX9w
ALPKIM DIS TICARET LTD. STI.,Türkiye,Istanbul,Hall 13 / A63,drupa2024.2731436,LKpOwbsqT5yB3U66znpKVA
ALPNA VISUAL PACKAGING AIDS,India,New Delhi,Hall 13 / B15,drupa2024.2743038,Oyw2c8YVQtaIboR2JtZC0w
Alwan Color Expertise SAS,France,Sainte Foy Lès Lyon,Hall 7a / E10,drupa2024.2779445,6GjkA0rZTueaXQLsu8ciJQ
AMMON FOR MANUFACTURE AND TRADE ELECTRIC L.L.C,Jordan,Amman,Hall 11 / A11-A,drupa2024.2780037,vZXUrRphQGiF9Jin4fjxuw
Amperfied GmbH,Germany,Walldorf,Hall 1 / B30-2,drupa2024.2765208,d7yXOfEHRmWSRxnSvFNDyg
"AMSKY Technology Co., Ltd.",China,Guangzhou,Hall 8b / B12,drupa2024.2731933,v0nuhTe0Rf2Vb7Dh46vtiA
ANC Machinery Ltd,United Kingdom of Great Britain and Northern Ireland,Thetford,Hall 11 / D30,drupa2024.2758063,eHDshgXxSxOVpS1wPv3aew
"ANDEX PAPER CONVERTING CO., LTD",Taiwan,Taoyuan City,Hall 3 / F35-2,drupa2024.2774401,5LWJWQdDSGWgy7NvI99XQg
Andritz AG,Austria,Wien,Hall 14 / D60,drupa2024.2780300,QY6Rze9lTEOOpA4o7BJXQg
"Anhui ChuangYan New Materials Co., Ltd",China,Chuzhou,Hall 3 / H02-12,drupa2024.2755873,Jj2aY0rhTnCJg2V6TI1wSw
"ANHUI GUOFENG NEW MATERIALS CO.,LTD",China,"Hefei, Anhui",Hall 3 / H20,drupa2024.2751477,WkVeii3BQZGLu58eSdyIPw
"ANHUI INNOVO BOCHEN MACHINERY MANUFACTURING CO.,LTD",China,"Mingguang City, Chuzhou",Hall 13 / A02,drupa2024.2733153,JJ8qUFlUTD2lPbFlS7kU4A
"ANHUI JIALONG KNIVES MANUFACTURING Co., Ltd.",China,Maanshan,Hall 13 / C23-3,drupa2024.2745397,5H8na6AgRSm5o6L4RLYRVw
"Anhui LIYU Computer Equipment Manufacturing Co., Ltd.",China,"Hefei, Anhui",Hall 8b / B31-2,drupa2024.2771955,VLdtiY4sRy2B7QOgMDZoWw
"Anhui Strong State New Materials Co.,Ltd",China,"Xuancheng, Anhui",Hall 5 / C10,drupa2024.2728704,2qhxCY5vQFaW6TuVqwzTNg
"Anhui William CNC Technology Co., Ltd.",China,"Anhui, Hefei",Hall 6 / F44,drupa2024.2769255,WGT4gzsRTrKO7Tne3nm8ig
"Anhui Yihong New Material Technology Co. Material Technology Co.,ltd",China,"Huainan, Anhui",Hall 3 / F41-3,drupa2024.2731495,g0e2GS9gQFGaiNeFb8Btpw
Anil Kagit Ltd.,Türkiye,Istanbul,Hall 4 / C25,drupa2024.2710150,qJIZmiAqQF6kearc74I3DQ
ANIL KAGITÇILIK AMBALAJ A.S.,Türkiye,Sincan / Ankara,Hall 4 / B51,drupa2024.2731514,pCbPKoUzRCunmZDtzOmFAQ
ANKOR-DA LLC,Ukraine,Kyiv,Hall 6 / E07,drupa2024.2758007,kvS9DBBlSGim2YYmGw0hFA
Antalis GmbH,Germany,Frechen,Hall 3 / C71,drupa2024.2774519,7JFrHpilSPajQQDgFeUnxQ
Antigro Designer Sp. z o. o.,Poland,Kraków,Hall 7a / C21,drupa2024.2732365,PW3sD6zEQOybsDZ4Ky6zrA
Antopack SA Printing and packaging industry,Greece,Volos,Hall 16 / F35,drupa2024.2732114,mTSiucf8SbqvP5jhWI9f5Q
"Anypack Packaging Technology Co.,Ltd",China,"Qingdao, Shandong",Hall 10 / B01,drupa2024.2745356,DKjfTnkuQ1KunRQfumNpug
Anytron (Bitek Technology) Inc.,"Korea, Republic",Incheon,Hall 5 / B08,drupa2024.2730094,Qep0kBybSh6jqGDaZhaukQ
Apex international BV,Netherlands,Hapert,Hall 10 / A10,drupa2024.2711862,0vdnc1vlR9yisEz7pb6DTA
Apex-Desco Machine Company Corp.,USA,"Fort Lauderdale, FL",Hall 15 / D50,drupa2024.2710157,WjsDcCDAS3eeNITbS39b1Q
APL Machinery Pvt. Ltd.,India,Faridabad,Hall 14 / D10,drupa2024.2717480,RG12BKPhTzC2bhqOVbvfcQ
APP ITALIA Srl Asia Pulp and Paper,Italy,Padova,Hall 4 / E20,drupa2024.2734483,iq143GO7R7G35u7lsaQgFw
Appalachian State University,USA,"Bonne, North Carolina",Hall 7 / G01,drupa2024.2779255,9s5EZw5PQweMtsV8evzzaQ
Applied Laser Engineering Ltd.,United Kingdom of Great Britain and Northern Ireland,"Walton-on-Thames, Surrey",Hall 6 / C45,drupa2024.2766896,IgCuc0QsQ1am3itwJqSFdw
APR Solutions S.R.L.,Italy,Rondissone (TO),Hall 14 / C60,drupa2024.2709552,4hmQywN1Rla6AfhsuAiiQQ
APRIL International Enterprise Pte. Ltd,Singapore,Singapore,Hall 4 / F11,drupa2024.2725428,uL66MP4HSfKH284oKJ1eEw
Ardeje Printing,France,Bourg-lès-Valence,Hall 5 / B02,drupa2024.2751021,ANTB5kYzQvO1RtAqNV7ELw
Aribas Printing Machinery GmbH,Germany,Köln,Hall 13 / C100,drupa2024.2734040,NDELsDOBTXGceGkm0Seazg
"AROJA XORFEX, s.r.o.",Czechia,Veselí Nad Moravou,Hall 6 / E36,drupa2024.2737979,JjGirc3NRVO5M5a2vWHqMg
"Arrow Systems, Inc.",USA,"Niagara Falls, NY",Hall 5 / A36 – B35,drupa2024.2773088,LXuXu0qdQGKYtwzDgvYC2Q
Asahi Photoproducts (Europe) N.V. - S.A.,Belgium,Brüssel,Hall 8b / A13,drupa2024.2708161,IeE1L19xSxai8tLyHqNMLw
ASCO BV,Netherlands,Swalmen,Hall 4 / B30,drupa2024.2780025,aqhsnj31TK2mlmobi1pr8Q
Ashe Converting Equipment Ltd.,United Kingdom of Great Britain and Northern Ireland,"Ipswich, Suffolk",Hall 11 / A50,drupa2024.2708189,RYJ3dEsAQkSkG6NND9H4xg
ASHOKA ROLLS LLP,India,"Kheda, Gujarat",Hall 13 / B35,drupa2024.2732851,RlASApt3TXWkCLITTpd9JQ
Associação Brasileira da Indústria Gráfica - ABIGRAF,Brazil,São Paulo,North Entrance / 01,drupa2024.2779458,qEFGOjHfTW20dsUQhHWJ6g
Assyst GmbH,Germany,Aschheim-Dornach,Hall 4 / B30,drupa2024.2774445,urkw31voS9S3DckwxlRXcQ
ASTER,Italy,Torre De' Roveri (BG),Hall 1 / B21,drupa2024.2732483,qf27wgjPTIqum642yKREfw
Astra Chemtech Pvt. Ltd.,India,MUMBAI,Hall 3 / B22,drupa2024.2743560,OWhaH5GTRNuOprvinc00eg
AstroNova GmbH,Germany,Dietzenbach,Hall 5 / A34,drupa2024.2765042,saZiUCbtQtKbOUGzyKOm7Q
"ASUN PAPER PRODUCTS CO.,LTD",China,Huizhou,Hall 3 / H02-07,drupa2024.2766613,2AIcefR3RGS6ZX3WKQGl6w
"ASUN PAPER PRODUCTS CO.,LTD",China,Huizhou,Hall 11 / B73,drupa2024.2780308,ktbGF6NPRQqdiA8Jax8K3A
AteCe Graphic Products BV,Netherlands,Uitgeest,Hall 9 / C10,drupa2024.2708184,nbNnbB7eRoqQusLBlC4kTw
ATILIM METAL KAUÇUK SAN VE TIC A.S.,Türkiye,İzmi̇r,Hall 14 / C25,drupa2024.2732772,by4J97ezQRSWjTUc0rqkgQ
Atilla Güney - Feza Ciltbezi Sanayi,Türkiye,"Bahçelievler, Istanbul",Hall 4 / B01,drupa2024.2727256,TDyUMqNoSlm5fk3gtnSnxQ
Atlas Converting Equipment Ltd.,United Kingdom of Great Britain and Northern Ireland,Bedford,Hall 10 / D10,drupa2024.2744563,gSU9QrbaQBub8eDrFnyQ4Q
Atlas UV Coatings,Türkiye,Cayirova/ Kocaeli,Hall 14 / B33,drupa2024.2769400,DlcNhRZKSaq4HWkB6dYU7A
ATS-Tanner GmbH Banderoliersysteme,Germany,Heidelberg,Hall 6 / A40,drupa2024.2717992,ITk1JM1RSse2YLdkz4TETw
Aufer Solutions S.L.,Spain,"Rubí, Barcelona",Hall 3 / F36,drupa2024.2754644,FIMe5QhXSKOVvBOBpUSp5A
"Aurigma, Inc",USA,"Alexandria, VA",Hall 7 / A02,drupa2024.2732214,mIfS7vTTRXyayjusHBCCTQ
Ausbildungszentrum Polygrafie e.V.,Germany,Chemnitz,Hall 14 / D60,drupa2024.2724846,oblmEdHpShqbXvORNYUWDA
Autobond Ltd.,United Kingdom of Great Britain and Northern Ireland,"Heanor, Derbyshire",Hall 17 / A01-2,drupa2024.2777566,9mNyJmfrSTOR11cibvDVyw
Autoprint Machinery Manufacturers Pvt Ltd.,India,COIMBATORE,Hall 6 / C51,drupa2024.2761872,O2thLSnCSyaeUEXAEVGMfg
AV Flexologic B.V.,Netherlands,Alphen Aan Den Rijn,Hall 10 / C10,drupa2024.2729225,ER24i9HpSIaVCy9IzePx2w
Axcyl,Germany,Northeim,Hall 4 / C40,drupa2024.2717712,1RtJjxxFQDunOgRkIgj2iA
AXODE S.a.s.,France,Lunel,Hall 8a / C42,drupa2024.2709228,PF4DzxatTdm0OXGscmgbtQ
AYDIN MAKINE SAN. TIC. LTD. STI.,Türkiye,Istanbul,Hall 12 / A30,drupa2024.2732410,dzDEjGPMReCowGO3pWzSrA
Azuro Kimya Sanayi ve Ticaret A.Ş,Türkiye,İzmi̇r,Hall 3 / D37,drupa2024.2729576,pAb5DBKEQ1y4Yt1ptlYWpw
B&R industrie-Elektronik GmbH,Germany,Friedberg,Hall 13 / B70,drupa2024.2732802,as9PmRbSSvKAcsltIxiTkA
B&R Moll International Ltd,United Kingdom of Great Britain and Northern Ireland,"Wickford, Essex",Hall 6 / D41,drupa2024.2732670,7aNpFNBsQfWDyBIbrfE2BQ
B.MATIC S.r.l.,Italy,Anzola Emilia (BO),Hall 14 / D04,drupa2024.2751057,3NBIuUdERQ27NIT3seoHEg
Baalbaki Egypt for Chemical Industries S.A.E,Egypt,6th of October City,Hall 14 / C41,drupa2024.2731168,spjzv436R8a77Qs32R91Iw
Bacciottini Group S.r.l.,Italy,Montemurlo (PO),Hall 6 / C07,drupa2024.2708398,yep4BLYMQlOpIwh25i1YwA
BAF MAKINE ENDUSTRI A.S.,Türkiye,Konya,Hall 6 / F51,drupa2024.2730959,KkoKtd04SZ6BGAx6IzRfsA
Bagel Systems S.L.,Spain,Vallirana,Hall 6 / A09,drupa2024.2709551,NZvS1RaPR926J90jxyENGQ
Baldwin Technology,USA,"St. Louis, MO",Hall 16 / D20,drupa2024.2734039,1zGRbbu5SFS7WPKLyjOM9g
BALTINK SIA,Latvia,Kekavas Novads,Hall 3 / E08,drupa2024.2730263,TcwPrIg4TjKPL1NgyG0bOg
Bandall B.V.,Netherlands,De Meern - Utrecht,Hall 6 / B03,drupa2024.2731187,IIOIeriNQpW9dIIZLFpdSQ
"Bannermate exhibition system Co., Ltd",China,Hangzhou,Hall 3 / C71,drupa2024.2780087,rfq5puNzRDm1K2UlJkoNKw
"BARBERÁN, S.A.",Spain,"Castelldefels, Barcelona",Hall 5 / B10,drupa2024.2713351,ciPlQMfqSCy1DL3u9evXOA
Barbieri Electronic SNC/OHG,Italy,Brixen,Hall 8b / C15,drupa2024.2715044,4nxR02pJS06UusOmtIPIZg
Baumann Maschinenbau Solms GmbH & Co. KG,Germany,Solms,Hall 15 / E20,drupa2024.2734833,fr00ToHiTZaqi3ggszznkg
baumannperfecta,Germany,Solms,Hall 15 / E20,drupa2024.2734833,fr00ToHiTZaqi3ggszznkg
Baumer hhs GmbH,Germany,Krefeld,Hall 6 / A30,drupa2024.2728793,audcXnC0Sf2EKB1HA9rVaw
Baumüller Nürnberg GmbH,Germany,Nürnberg,Hall 11 / A11,drupa2024.2731813,iz6TWo5eRwaPojut1lw3PQ
Baust Stanztechnologie GmbH,Germany,Langenfeld,Hall 12 / C45,drupa2024.2712966,Npg1TMW4SSGnQg24YF3mYQ
BBR Graphic Sales Ltd.,United Kingdom of Great Britain and Northern Ireland,Ossett,Hall 13 / B90,drupa2024.2745393,AIJn2FVyQ7249QEQeODRVQ
BE.BEYOND GmbH & Co. KG be.print / Lead-Print,Germany,Willich,Hall 7a / C10 – D06,drupa2024.2764918,ysuWTo62Qiqpq5OhSxdUtw
Beckhoff Automation GmbH & Co. KG,Germany,Verl,Hall 10 / B27,drupa2024.2728792,PE6NuXWfTVCKDluv2R3zlA
"Beijing BYHX Technology Co.,Ltd.",China,Beijing,Hall 3 / E35,drupa2024.2767421,BaeJ3yGeQQSNngTW1HfCwA
"Beijing Daheng Image Vision Co., Ltd.",China,Beijing,Hall 12 / E60,drupa2024.2732533,DIn2iPjPQX6iaUEpl7QE8Q
"BEIJING GRAPHIC INTERNATIONAL TRADE CO., LTD.",China,"Tongzhou, Beijing",Hall 13 / C01-1,drupa2024.2732863,r6QTIB9oQwiR7wXbOTIsfw
"Beijing Hand Graphic Equipment Co., Limited",China,Beijing,Hall 7 / A05,drupa2024.2759378,LFjJakSzT56QgAfliAnK2A
"Beijing Qixin Technology Development Co., Ltd",China,Beijing,Hall 11 / E69,drupa2024.2765547,LRNrpJAATQKTPsdNuDEieA
"BEIJING SHIELD TECHNOLOGY DEVELOPMENT CO.,LTD",China,Beijing,Hall 5 / B30,drupa2024.2774869,CuAVA4cOQyua8iggh5TBew
"Beijing Zhiyiharmony Technology Co.,Ltd",China,"Beijing, China",Hall 5 / A30,drupa2024.2768057,CMwMy1s2S2mYHeFRzE1DSg
"Beijing Zhiyiharmony Technology Co.,Ltd",China,Beijng,Unsettled / NN,drupa2024.2756183,hv5g5B0fQgKh4dcUQgqKqg
BEIL-Registersysteme GmbH,Germany,Abensberg,Hall 4 / E44,drupa2024.2731429,T54FZM1ETtG7jOHDY6wNdw
Benford UV,United Kingdom of Great Britain and Northern Ireland,Wycombe,Hall 13 / C50,drupa2024.2727867,vKSRy9GXRuWZeu72rtYjfg
Berger Textiles,Germany,Krefeld,Hall 4 / B30,drupa2024.2776785,JtA5B4G1QzCyl9uAfYQ1fA
BERHALTER Swiss Die-Cutting A Division of BERHALTER AG,Switzerland,Widnau,Hall 11 / D51,drupa2024.2708410,PRhoWidCRRiukBCOlnyk4w
Berufsgenossenschaft Energie Textil Elektro Medienerzeugnisse,Germany,Köln,Hall 6 / A01,drupa2024.2730720,2D1KcwcXTSGtNTO9wxLhIw
"Best Chen Binding Machinery Technology Co, LTD.",Taiwan,New Taipei City,Hall 12 / B80-1,drupa2024.2774426,vFsvonlUShCFMUzTWDVXEg
BFM S.r.l.,Italy,Solbiate Olona (VA),Hall 16 / D08,drupa2024.2711540,lylKhuCrQXKmgTTQAeKorQ
BHT Berliner Hochschule für Technik,Germany,Berlin,Hall 7 / G01,drupa2024.2774388,5glLqii3QlmqemoI0B6YEQ
Bickers Klebetechnik GmbH GLUEJET / TAPEJET,Germany,Essen,Hall 12 / A60,drupa2024.2731408,L8yRPcppRhOCtLShxKIT3g
BIEFFEBI,Italy,Quarto Inferiore (BO),Hall 10 / B11,drupa2024.2730714,7HdqWat5RM6DA627N65Aug
Bieffebi S.r.l,Italy,Quarto Inferiore (BO),Hall 10 / B11,drupa2024.2730714,7HdqWat5RM6DA627N65Aug
BIMEC S.r.l.,Italy,Vanzaghello (MI),Hall 11 / F51,drupa2024.2732793,oGDia5BJTjev5ESjHNdSTA
Binderhaus GmbH & Co. KG,Germany,Filderstadt,Hall 6 / C07,drupa2024.2779218,6M703h4iRJWThS1BZhSe5A
"BINDEX MACHINERY CO., LTD",China,"Pinghu, Zhejiang",Hall 16 / B10,drupa2024.2729299,hkQzHGmoS6evTNpHREH6lg
Bindwel,India,"Maharashtra, Mumbai",Hall 6 / B04,drupa2024.2713356,YeEf6TEpTsutsXn3qsviEg
Binuscan Jean-Marie Binucci,Monaco,Monaco,Hall 9 / D13,drupa2024.2732830,bM7k03wrQ06ggtFWhYG0YQ
Bischoff Druck GmbH,Germany,Oberursel,Hall 13 / A98,drupa2024.2737652,5vu1hMIOQlmbTcPMmUD0KA
Biztech IT Consultancy PVT LTD,India,Ahmedabad,Hall 7a / A21,drupa2024.2759311,BRuJ9gceQom9BNIaJu2bog
BluePrint Products NV,Belgium,Kruibeke,Hall 3 / A77,drupa2024.2746015,MZDp6BLlRzu1cny18awZTg
Blumer Maschinenbau AG,Switzerland,Oberneunforn,Hall 15 / E20,drupa2024.2752546,A3ymW8NJTqafAWaEo5iOfQ
BN INTERNATIONAL s.r.o.,Czechia,Ceska Skalice,Hall 3 / B10,drupa2024.2779217,Yi5k97jcSXCF2UGefFyP5Q
BN Technology Corporation,Japan,Tokyo,Hall 6 / C32,drupa2024.2708743,iabLxisBSieiqXiOwoLfPQ
Bobst Mex SA,Switzerland,Lausanne,Hall 10 / B30-1 – B30-3,drupa2024.2733657,rok3UoQpTgOGgiIOHmXoXw
"BOGRAMA AG, Bochsler Grafische Maschinen",Switzerland,Turbenthal,Hall 15 / E20,drupa2024.2734832,gzxfqUyNQGesIkLzkAowSQ
Bohlerstrip,Austria,Böhlerwerk,Hall 10 / D38,drupa2024.2725069,LEC4DSMTQv6e3a7ZIhNZqQ
Bomo-Cypap Pulp and Paper Ltd.,Austria,Wien,Hall 4 / B28,drupa2024.2754968,E82bsG7mRQKA5AEJQRcvOA
"BOTON Machinery Technology Co.,Ltd",China,Dongguan,Hall 10 / C02-03,drupa2024.2776306,IkfagNKCTtCFuj88YaEeow
"Böttcher GmbH & Co. KG, Felix",Germany,Köln,Hall 16 / F01,drupa2024.2720715,Sod3h07fStiTfmnte2LKCQ
Boway China Digital Finishing Solutions Ltd.,China,"Hangzhou, Zhejiang",Hall 6 / A52,drupa2024.2751814,CulnZb0ZTkWR9yCvQFjjPA
Brianpack srl,Italy,Lissone,Hall 10 / B41,drupa2024.2710622,iR5kLgvORRi7wo1Fts3Yjg
BRIGAL SA INKS,Spain,Vigo,Hall 3 / E74,drupa2024.2753497,vXJhMUuhRBijiwQyoslzJw
BROFIND SPA,Italy,Milano (MI),Hall 12 / D75,drupa2024.2717897,huET5hDSS1qV77ANZAYjXw
BRON CORPORATION BV,Belgium,Zwijdrecht,Hall 4 / C06,drupa2024.2777061,DwlcMOmDRMiQWDSgz20rnQ
Brother Internationale Industriemaschinen GmbH,Germany,Emmerich am Rhein,Hall 4 / B30,drupa2024.2773738,dHB9raHlSf2hzwt6gyicJw
BRP Co. Barsaz Rooydad Pars Company,"Iran, Islamic Republic",Mashhad,Hall 12 / C01,drupa2024.2766900,4HdM0pCwT4iDJqCOrQQ3kg
Brüder Neumeister GmbH,Germany,Lahr/Schwarzwald,Hall 8a / A04,drupa2024.2732052,yP2izSKRS7GptiFn8yHk8g
BST GmbH,Germany,Bielefeld,Hall 10 / C21,drupa2024.2732874,xiqb3ARXSpa8UMYih5NoNQ
Budacolor Kft,Hungary,Budapest,Hall 3 / C53,drupa2024.2779237,uqm6nbgKQo6VTFYpkNvnLw
Budin Akarca Murekkep ve Boya San. Tic. A.S.,Türkiye,Izmir,Hall 15 / C60,drupa2024.2708487,xTG5hHtHRpaUcIxCkqNR3w
BÜFA Cleaning GmbH & Co. KG,Germany,Oldenburg,Hall 16 / F20,drupa2024.2732811,wG0t6OqyQxu83E3abpgCKg
"BUMIAN FLUID MACHINERY CO., LTD.",China,Foshan,Hall 13 / C20,drupa2024.2751818,B2CfpKdjTmaLpoDVlqCvXg
Bundesverband Druck und Medien e.V.,Germany,Berlin,Hall 14 / D60,drupa2024.2780233,Nno8Bra9RSasF3I2J4SkWw
BW Bielomatik,Germany,Wedel,Hall 10 / C16,drupa2024.2732363,6z27djwFQeKe06GF1S4MsQ
BW Converting,USA,"Green Bay, WI",Hall 16 / D20,drupa2024.2777562,SJnw3pkHRTeJWvaNkyvRsw
BW Papersystems Hamburg GmbH,Germany,Wedel,Hall 10 / C16,drupa2024.2732363,6z27djwFQeKe06GF1S4MsQ
C & T Matrix Ltd.,United Kingdom of Great Britain and Northern Ireland,"Wellingborough, Northamptonshire",Hall 10 / A21,drupa2024.2779446,UnpYCNxoQk65UU5hvTqa3Q
C-marx GmbH,Germany,Chemnitz,Hall 3 / B81-8,drupa2024.2780091,eIGL6dPyTl2IEJYTVVXQ7g
C. TRIVEDI & CO.,India,Ahmedabad,Hall 16 / A50,drupa2024.2712320,OUEW0NG6SaCacOkMd02kIA
C.B.G. Acciai SpA,Italy,Caronno Pertusella (VA),Hall 3 / D95,drupa2024.2717268,1DlzIUfBTM6mnRE7gPIcwQ
C.E.B. Impianti S.r.l.,Italy,Barzano (LC),Hall 11 / A76,drupa2024.2768051,UqgI9WXPTnmqF6Awq4dFPQ
C.P. Bourg S.A./N.V.,Belgium,Ottignies,Hall 8b / C14,drupa2024.2732870,1Z9o7st8Rmy6R8rZCOtBew
C.P. Bourg S.A./N.V.,Belgium,Ottignies,Hall 17 / A01-2,drupa2024.2777570,vzqfWBoDRsq3SLZ8XLDeWQ
Cabot Corporation,USA,"Boston, MA",Hall 14 / D60,drupa2024.2779356,KyZLXRKaSFqUl49n9oq9UQ
Cadrex Overseas Ltd. for Paper & Timber,Cyprus,Limassol,Hall 4 / D20,drupa2024.2726172,0iybSd8jSGKEQKkTj64JOQ
CAGDAS KAGIT AMBALAJ SAN.TIC.LTD. STİ.,Türkiye,İstanbul,Hall 4 / B10,drupa2024.2755875,HVLtnr7tRrmNnxq7xjIDvw
CAL-one - wall calendar machines,Poland,Bielsko-Biała,Hall 6 / C24,drupa2024.2777474,Y8QrMFo8QOCz88xQmFpZow
CALIFORNIA GLOBAL-SIGNS INFORMATION TECHNOLOGY Co Inc,USA,Rancho Cucamonga,Hall 9 / D03,drupa2024.2779141,3V2uH0LbQOCUOwswyAk30A
Callas Software GmbH,Germany,Berlin,Hall 7 / F06,drupa2024.2767724,UVftLCMsTfazSYa5Uar2jg
Camis Srl,Italy,Milano,Hall 10 / C20,drupa2024.2732744,md6SXjz5QHmrEpYKMsN2zQ
CANGNAN CHENHUI PACKING MATERIALS CO LTD,China,"Wenzhou, Zheiang",Hall 13 / C41,drupa2024.2756181,V6OxLS14S1OBLHnc2W0YLw
"Cangnan Huihuang Hot-Stamping Materials Co., Ltd.",China,"Wenzhou, Zhejiang Province",Hall 10 / D02,drupa2024.2728928,b3sbAu84Suqi0BfxQHP8Eg
"CANGZHOU HUAQING PACKING MACHINERY CO., LTD.",China,"Cangzhou, Hebei",Hall 13 / B31-02,drupa2024.2779541,JTMsWnDsRTOLf7XzKyPejw
"CANGZHOU RUIJIE CARTON MACHINERY CO.,LTD",China,"Cangzhou, Hebei",Hall 13 / C30-4,drupa2024.2771102,ZH60y4M2ToqtaZZ0sAI7KA
"CANGZHOU TONGBAO CARTON MACHINERY CO., LTD",China,"Cangzhou, Hebei",Hall 13 / B42-4,drupa2024.2771113,sFeUdIbAQemwCcqdh1x8Pw
Canon Europe Ltd.,Netherlands,Amstelveen,Hall 8a / B41-1 – B41-8,drupa2024.2758126,C3UXbFEfTzWiLT2ZzV38jg
CarbonQuota Limited,United Kingdom of Great Britain and Northern Ireland,Londom,Hall 7 / A08,drupa2024.2777357,rNziHheXTzqMXi3Hndxsag
Care Graphic Machinery Ltd.,United Kingdom of Great Britain and Northern Ireland,"Goole, East Yorkshire",Hall 13 / C80,drupa2024.2732140,VIbIUQWFTE6UoLpOU0fmgA
CAREL INDUSTRIES S.p.A.,Italy,Brugine (PD),Hall 16 / F11,drupa2024.2731513,y6q8IoimTIalnaUERiu21w
CARTES label machines S.R.L.,Italy,Moglia (MN),Hall 10 / D25,drupa2024.2729707,vAjTr4wORnyJN0fbbojI5w
CASON SRL,Italy,Montonate di Mornago (VA),Hall 11 / F16,drupa2024.2767911,Wd8sSEL0SD6jE0ZlbR2fHg
cbaden group Co. Ltd.,China,Wenzhou,Hall 12 / E11,drupa2024.2739772,VxB53GceRrOuMbfYNFIavw
Cellcoat Ltd.,United Kingdom of Great Britain and Northern Ireland,Sheffield,Hall 11 / A03,drupa2024.2779734,pkQuUiwpRa2ZcolkrEJZSg
Cellupaper for Industry (CPI),Egypt,Sadat City,Hall 4 / D03,drupa2024.2717898,uZpKByZIT0OhU20TIazZxA
Center- RH Engineering (Partnership),India,Ahmedabad,Hall 14 / D41,drupa2024.2733114,uwbP8STiQdKPJOM41RjQJA
"CENTRAL ANATOLIAN FURNITURE, PAPER AND FORESTRY PRODUCTS EXPORTERS ASSOCIATION",Türkiye,Çankaya,Hall 4 / A36,drupa2024.2731798,bQoRRl3gQ4ifrVSqryg0BQ
CGS ORIS GmbH,Germany,Hainburg,Hall 8a / A06,drupa2024.2779120,IYL3JUZHTjaorZHmtD06CQ
"Champion Machinery Manufacturing Co., Ltd.",China,"Dongguan, Guangdong Province",Hall 3 / F21,drupa2024.2746014,RsOSjueSR9KJZPiG8GPWYQ
"Changzhou Chengli Precision Equipment Co., Ltd",China,"Changzhou, Jiangsu",Hall 13 / C34,drupa2024.2779447,seb7ksiaTM6iF1aWBzDqyw
"Changzhou Lintel Display Co., Ltd",China,"Changzhou, Jiangsu",Hall 3 / G22,drupa2024.2761624,OaztWdi9TBqj4BNQkx4XGg
"Changzhou Relaser Material Engineering Co., Ltd",China,"Changzhou, Jiangsu",Hall 13 / A34,drupa2024.2750346,jQEKefPASAqBCIcsklzrxA
"Changzhou Sinajet Science and Technology Co., Ltd",China,"Changzhou, Jiangsu",Hall 6 / E21,drupa2024.2756432,UwkGRqHnTxCNyRUMjUUVew
CHEMLINE INDIA LIMITED,India,Delhi,Hall 3 / A11,drupa2024.2732735,h2e5NVCERfCU34DUJqiOHg
"CHEN CHIN IRON WORKS CO.,LTD.",Taiwan,New Taipei City,Hall 11 / D72,drupa2024.2728937,9NWgYRiTQ8yzawmivS6bWQ
"CHENGDE TECHNOLOGY CO.,LTD.",China,"Longgang, Guangdong",Hall 3 / H02-06,drupa2024.2756967,5uWeQSfTQKyYWC8sAxknNw
"CHENGDU PASSION PRECISION TOOL Co., Ltd.",China,Chengdu,Hall 13 / C23-1,drupa2024.2745398,ZgV6rqRESdyxHgdPbfyeYA
Chespa Sp.z.o.o.,Poland,Chorula,Hall 3 / C52,drupa2024.2714264,34dZB4GxTlK2b78lePOqbQ
Cheung Wo Hing Printing Machinery Co. Ltd,"Hong Kong, China SAR",Hong Kong,Hall 10 / C02-04,drupa2024.2776307,IKVmwrn9Szy9A192NwhcxA
Chiorino S.p.A.,Italy,Biella,Hall 10 / A35,drupa2024.2732040,Hhxej0bkQXOpd5fe2nRM2A
"Chongqing ARISE Technology Co., Ltd.",China,Chongqing,Hall 13 / B31,drupa2024.2771096,xY9iyJYaQP61VSbsihyQUw
Chongqing Huafeng Printing Material Co. Ltd.,China,Chongqing,Hall 13 / A42,drupa2024.2755834,jbcd3fFhSUO6ktX9HAEvHg
"Chongqing Sinstar Packaging Machinery Co., Ltd.",China,Chongqing,Hall 12 / D10,drupa2024.2734176,vnt9CffOQ5GsLjaNYaY8nw
"CHUANZHEN Precision Machinery (Suzhou) Co., Ltd.",China,"Kunshan, Jiangsu",Hall 3 / F41-11,drupa2024.2733107,o9p02DAgRUO270KvENiA5Q
Ciemme S.r.l.,Italy,Modena,Hall 11 / A76,drupa2024.2731940,Gpz7ycaUTRuhq10oOjYsng
Ciessegi Editrice Snc,Italy,Pantigliate (Mi),Hall 9 / B01,drupa2024.2769085,XzoAtt7tS7ehMz5gVlyHmQ
CIP4 Organization,Switzerland,Zürich,Hall 7a / C11,drupa2024.2731188,ixuNVPzUSXCKUeW8pprL5w
Circular Valley Convention,Germany,Düsseldorf,Hall 14 / C84,drupa2024.2779614,k7QTAwKDRzyqPlTyRtEWQw
CITO-SYSTEM GMBH,Germany,Schwaig b. Nürnberg,Hall 10 / B30-2,drupa2024.2774442,lkruv0QqSsWcQkfictT0Jw
CITO-SYSTEM GmbH,Germany,Schwaig,Hall 16 / C07,drupa2024.2775903,vdpc7w0zTLOlBnUu35SVag
Classic Colours Ltd,United Kingdom of Great Britain and Northern Ireland,Reading,Hall 3 / C71,drupa2024.2779198,x4tnCvbtTDylc2ISkMnZOA
CloudLab Web to Print Solutions,Germany,Dortmund,Hall 7a / B05,drupa2024.2756963,rofKvUKSQgOraXjWrDv0Gw
Cloudprinter.com b.v.,Netherlands,Barendrecht,Hall 7a / A20,drupa2024.2776540,Lljx61thRimxw9PROAovIg
CMC Italia S.r.l.,Italy,Cusano Milanino (MI),Hall 14 / A10,drupa2024.2732281,xH5UW34BTi2791LEy4eu1Q
CNTechnology srl,Italy,Spirano (BG),Hall 10 / A36,drupa2024.2759294,pHE3tdyoT2mrkvMwyMngyA
Coci Italia S.r.l.,France,Noisy-le-Sec,Hall 13 / A85,drupa2024.2774158,8fboFVmST4ax6EctGmK0dA
COCI POLAND,France,Noisy-le-Sec,Hall 13 / A85,drupa2024.2774158,8fboFVmST4ax6EctGmK0dA
COCI SA,France,Noisy-le-Sec,Hall 13 / A85,drupa2024.2774158,8fboFVmST4ax6EctGmK0dA
CoCoCo Platform Ltd.,United Kingdom of Great Britain and Northern Ireland,London,Hall 7 / A06,drupa2024.2780083,LDUfAfMlRsO5gqp3lSMWcw
Codex Software Solutions Ltd,United Kingdom of Great Britain and Northern Ireland,"Cirencester, Gloucestershire",Hall 7 / D02,drupa2024.2779835,8ZOydu6cR32dykcMeZzezg
Coim Deutschland GmbH,Germany,Hamburg,Hall 14 / C32,drupa2024.2715717,rT9lpr8ZTxOQ3gefs7ETuA
Colex Finishing Inc,USA,"Elmwood Park, NJ",Hall 9 / D41,drupa2024.2779983,hcSAlhG9Qq6H9SaDrqKTqw
Colex S.a.r.l.,Luxembourg,Luxembourg,Hall 3 / C71,drupa2024.2779201,TZ13gASWQ4yrCRLfd9IyBw
COLOR STOP SOLUTION PRIVATE LIMITED,India,Mumbai,Hall 7a / B12,drupa2024.2778452,9AkzhsAZRaOQpFWtQE7O7Q
Color-Dec Italy s.r.l.,Italy,Capezzano Pianore (LU),Hall 3 / B41,drupa2024.2708725,y4wTlnptSxKFK9LqTXD1pQ
ColorConsulting S.r.l.,Italy,Saronno (VA),Hall 7a / E10,drupa2024.2767754,UHFn4xcwRfOShA7vnRvaJA
Colorgraf SpA,Italy,Lainate (MI),Hall 4 / D15,drupa2024.2730558,O2BeHJhFSIaUdeEpfKzx1g
Colorware BV,Netherlands,Rijswijk,Hall 7a / B11,drupa2024.2731433,xcjUqR0qQgeRRYT2rkOgGA
Colter & Peterson / Microcut Corporation,USA,"West Caldwell, NJ",Hall 16 / A01,drupa2024.2779872,6y2HEsjZTgCd7HNYzhJFcg
"Comexi Group Industries, S.A.U.",Spain,Riudellots de la Selva - Girona,Hall 10 / C19,drupa2024.2717940,y8tjG4BWSO6QqJgopu8fyA
COMPONEX,Germany,Kelkheim,Hall 12 / D41,drupa2024.2730963,IZrX6KDKT36WU4XZl6s0qA
ConceptiK® Agentur für Digital- und Printmedien Ira Küpper-Bredtmann,Germany,Köln,Hall 3 / C71,drupa2024.2774523,TXYIGl1HQeKX0i1ni5WVqw
Condair Group,Germany,Norderstedt,Hall 16 / F31,drupa2024.2707976,zkaWK4ThSKSyZ1kNiiFrjg
Condair Systems GmbH Luftbefeuchtung,Germany,Norderstedt,Hall 16 / F31,drupa2024.2707976,zkaWK4ThSKSyZ1kNiiFrjg
Constantin Hang Maschinen-Produktion GmbH,Germany,Göppingen,Hall 1 / A47,drupa2024.2724517,8B6En99QTzqqbqwlooTTJw
Conti Laserline,Germany,Northeim,Hall 4 / C40,drupa2024.2717712,1RtJjxxFQDunOgRkIgj2iA
ContiAir,Germany,Northeim,Hall 4 / C40,drupa2024.2717712,1RtJjxxFQDunOgRkIgj2iA
ContiTech Elastomer-Beschichtungen GmbH,Germany,Northeim,Hall 4 / C40,drupa2024.2717712,1RtJjxxFQDunOgRkIgj2iA
Contiweb B.V.,Netherlands,Beugen,Hall 16 / F15,drupa2024.2744533,FdvDXL3kRVuLq4MxcnA4vw
Contiweb B.V.,Netherlands,Beugen,Hall 17 / A01-2,drupa2024.2777965,U6TfLuwnSYmNWNttvDvjZg
Convertech Equipment Pvt. Ltd.,India,New Delhi,Hall 12 / A25,drupa2024.2722468,YSbKJlopR2OczghIuVeIng
"Conway Machine, Inc.",USA,"Conway, AR",Hall 13 / C54,drupa2024.2730422,Y5KZPThZRyKVSVRF4zy0iA
"CopierLand Co., Ltd","Korea, Republic","Paju-si, Gyeonggi-do",Hall 14 / D47,drupa2024.2732751,YepcmdRyT3Ga5RzxW1DAgg
Corona Supplies Ltd.,United Kingdom of Great Britain and Northern Ireland,"Thame, Oxon",Hall 10 / A41,drupa2024.2729216,34fbZwO9QAitGzbccNmlxQ
Cosmo Films Limited,India,New Delhi,Hall 3 / B07,drupa2024.2730175,754Z4mtCRKKvcQ6LznQl6g
cre art Neidhardt Werbe GmbH Projekt coffeecup paper,Germany,Fulda,Hall 3 / B31,drupa2024.2778453,NOrcaB4TT0enuf97h4XV7A
"CRON-Hangzhou Cron Machinery & Electronics Co., Ltd.",China,Hangzhou,Hall 5 / C08,drupa2024.2732290,bURoJpwkTuayJlrqrr8TNA
"Crownflex Technology Universal Hldg, Ltd","Hong Kong, China SAR",Hong Kong,Hall 5 / C02-A,drupa2024.2770454,pEYdyOwpRfOIi9vawbgBNA
CST GmbH,Germany,Krefeld,Hall 5 / C09,drupa2024.2772989,S3o7uHz6Qli78dOcsxcI4A
CSW Germany Claudia Sinzger,Germany,Augsburg,Hall 3 / E70,drupa2024.2772784,FtjsWaxORduaFxjaqC3QZA
ctrl-s GmbH,Germany,Stuttgart,Hall 7a / C05,drupa2024.2755906,yftZoZqLTDmYgGIOm6jljg
CUIR CORRUGATED MACHINERY S.A.S.,France,Libercourt,Hall 16 / B13,drupa2024.2751059,gGlR5O8JTy6TSGM65j17Gg
Cumulus Nederland B.V.,Netherlands,Cuijk,Hall 16 / A04,drupa2024.2776068,gTwWJ04LSLuR24Pa0OtXuA
Curioni Sun Teramo S.r.l.,Italy,Teramo,Hall 10 / D21,drupa2024.2724235,bXyC6yh6TCGaLv0XU3ehkQ
Curtius Trading Inc.,USA,"Marietta, GA",Hall 13 / C63,drupa2024.2766894,K6xSl8DGREOQFIhM1dPXqg
CUSBOR S.L.,Spain,Canovelles,Hall 1 / A51,drupa2024.2722335,zbFyVaWZSj2k2w7MrsI2DA
CYCONJET®,Germany,Hamburg,Hall 3 / D81-2,drupa2024.2778369,Tuoj1LT6SJKvSaYzlN33cg
Cyklos Choltice v.d.,Czechia,Choltice,Hall 6 / A13,drupa2024.2708274,vaEj7ohtQuyzZxq92cEK1Q
D & K Europe Ltd.,United Kingdom of Great Britain and Northern Ireland,"Redditch, Worcestershire",Hall 6 / F06,drupa2024.2708740,QjNGThQXRDmbHRUixyA9tQ
D. W. Renzmann Apparatebau GmbH,Germany,Monzingen,Hall 16 / F20,drupa2024.2708470,pWd9VUmyQzOFbVtAZf19Kw
"Daeho Machinery Co.,Ltd","Korea, Republic",Daegu,Hall 11 / F50,drupa2024.2729302,irtphKWXQ52ZIytj62ZpIw
Daetwyler Graphics AG,Switzerland,Oftringen,Hall 3 / A91,drupa2024.2747480,bEY3ItHBShe1FGrFyEwRqg
Daetwyler SwissTec AG,Switzerland,Bleienbach,Hall 3 / A81,drupa2024.2713861,KHxhItK7T1OuXs8KVgv8BQ
"Daihei Ink (H.K.) Co., Ltd.","Hong Kong, China SAR","Chai Wan, Hong Kong",Hall 3 / G60,drupa2024.2733619,AeerQZmRQJaFp7MUPPkLeA
DAISO,Germany,Oberelbert,Hall 11 / D30,drupa2024.2777343,R32DGM67Rgihp1RMyjZ6xQ
Dalian Altma Industry Co. Ltd.,China,"Dalian, Liaoning",Hall 3 / H82,drupa2024.2750345,5ZMMbTfeTpWSYLWM6sudEA
DALIM SOFTWARE GmbH,Germany,Kehl,Hall 7a / D01,drupa2024.2761451,0bfJmsX1TBO4bKDor119hQ
DALIM SOFTWARE GmbH,Germany,Kehl,Hall 16 / A40,drupa2024.2779400,7Uo09mUiQoyjVLv8Oarpmw
Dataline Holding nv,Belgium,Loppem-Brugge,Hall 7a / C03,drupa2024.2731944,yxEsRiFfQ7G1rjA7OKMlIw
Dataline Solutions,Belgium,Loppem-Brugge,Hall 7a / C03,drupa2024.2731944,yxEsRiFfQ7G1rjA7OKMlIw
Dataline Solutions bv,Netherlands,Limmen,Hall 7a / C03,drupa2024.2780001,5BuqJ8xXSN6tpdfvNcjN1A
Dataline Solutions nv,Belgium,Loppem-Brugge,Hall 7a / C03,drupa2024.2780002,IscXwfgATpyuCMzVsCGBYA
"DAYUAN INDUSTRIAL CO.,LTD.",China,"Zhongshan, Guangdong",Hall 11 / B05,drupa2024.2730425,qvO0SQLkRQ2OSMUSqLS7dw
DCM USIMECA SAS,France,Nanterre Cedex,Hall 10 / B20,drupa2024.2733126,TiTEGBuIQlioz3GydDab3w
DCOS Sweden AB,Sweden,KINNA,Hall 16 / A44,drupa2024.2767756,rqvvm3uTRYeUipgTzqMlWg
De Lage Landen Leasing GmbH,Germany,Düsseldorf,Hall 1 / C30-2,drupa2024.2777824,QMCBDa2VS32iq6f1gPaTog
DEC • Dynamic Environmental Corporation S.p.A.,Italy,Milano,Hall 10 / B23,drupa2024.2732149,iHsqSPXGRZSo8r1aEAcsBQ
DeCoSystem S.r.l.,Italy,Calenzano (FI),Hall 3 / E91,drupa2024.2729910,9enrDtfFRXqQkpcBBpN67w
DEEVYASHAKTI INDIA PRIVATE LIMITED,India,"Shadnagar, Hyderabad",Hall 4 / B47,drupa2024.2780017,9V9KCntlRwyvcAXtqS5aaQ
"DEQING TIDE MACHINERY CO., LTD",China,"Huzhou, Zhejiang",Hall 15 / A52,drupa2024.2726360,gqNNFEn8RlqNxAv6gxTRTg
Designnbuy Webtoprint Pvt. Ltd.,India,Ahmedabad,Hall 7a / B03,drupa2024.2711858,jW7QDkXQRwCN2z4WqonWXQ
Deutsche Institute für Textil- und Faserforschung Denkendorf (DITF),Germany,Denkendorf,Hall 4 / B30,drupa2024.2773910,LPfl3eGwSfCLSdxvAIt9WA
Deutsche Leasing AG Business Unit Partner Solutions,Germany,Bad Homburg,Hall 1 / C30-2,drupa2024.2777582,faaaiuCdRdemjW7hgEt9bw
DFKI Osnabrück Forschungsbereich Smart Enterprise Engineering GmbH,Germany,Osnabrück,Hall 14 / D60,drupa2024.2779632,NlVdAT5WQOiyGYnhRVr3Ew
DFLOW Pty Ltd,Australia,"Essendon Fields, Victoria",Hall 7a / C01,drupa2024.2718265,2fFMKcyNQUupD7EaCyHVJA
DFTA Flexodruck Fachverband e.V.,Germany,Stuttgart,Hall 11 / F71,drupa2024.2745394,nqeDPYRDT7WwCYlIzmWyFQ
DFTA Technologiezentrum Flexodruck Stuttgart GmbH & Co. KG,Germany,Stuttgart,Hall 11 / F71,drupa2024.2760698,G0gGi9WwR6ynSuilXfW8RA
DG press ServiceS BV,Netherlands,Hall,Hall 16 / A14,drupa2024.2769522,KTpBdr7QQJysdRl0SiJvDw
DG press ServiceS BV,Netherlands,Hall,Hall 13 / A56,drupa2024.2770694,zM5NuJsXR1uqHxXM07AbOg
DGI (Digital Graphics Incorporation),"Korea, Republic",Yangju,Hall 12 / D80,drupa2024.2738613,qlN9nHMPTTW0yirjFL0WVw
DGI (Digital Graphics Incorporation),"Korea, Republic",Yangju,Hall 4 / B30,drupa2024.2776787,LUSUndZmQWGAIeL5xj9uQQ
DGM TECHNOLOGY (CHINA ) CO LTD,China,"Huizhou City, Guangdong Province",Hall 11 / D40,drupa2024.2731946,FoXa1hL7S2eFFHEKLW5q9Q
DIATECX SPA,Italy,Cles (TN),Hall 14 / C54,drupa2024.2759598,xmCa5KlQTGKofybl8mFgdQ
Digibook Technology Sagl,Switzerland,Mendrisio,Hall 6 / D21,drupa2024.2732832,Rp0LfA8bSRq5hojFCzy2eQ
Digital Dot BV,Belgium,Melsbroek,Hall 9 / D02-A,drupa2024.2778372,CbVxvRFvT4aXkAI9Yg2Pgw
Digital Information AG,Switzerland,Zürich,Hall 7a / A09,drupa2024.2776502,cq2hzLlVTJSxtI0bohVUsQ
"DILLI Co., Ltd.","Korea, Republic","Dongducheon-si, Gyeonggi-do",Hall 8b / C11,drupa2024.2731812,ymwgx58CS8m144VsHTZX8A
"Ding Shung Machinery Co., Ltd.",Taiwan,Taoyaun,Hall 10 / C02,drupa2024.2732791,KbhDe5aiQRaJagnAwpBxCA
DIVERSIFIED NANO SOLUTIONS CORPORATION,USA,"Poway, CA",Hall 1 / A02,drupa2024.2732406,E1gJpe50TiSjjrLubfcwxg
DMA Innotec GmbH,Germany,Pfullingen,Hall 3 / D20,drupa2024.2765649,5dhR5oIyTBKlaY7byy2PgA
DMG Gustke GmbH,Germany,Leverkusen,Hall 10 / A21,drupa2024.2732225,4NnktwygS3GP9NP7bRZwOA
DNA (drupa next age),Germany,Düsseldorf,Hall 7 / 09 – C02,drupa2024.2765469,Uzp5S84iTAOuubY0OIytng
Donau Carbon Technologies S.r.l.,Italy,Guanzate (CO),Hall 10 / D22,drupa2024.2709226,G15g9wDXT32OEKgiZHuNQg
"Dongguan Chanfer Intelligent Packing Technology Co., Ltd.",China,Dongguan,Hall 13 / A55,drupa2024.2766621,EGXCy95RRCSg6Lx0Uz36Fg
"DONGGUAN CITY BEST CRAFTWORK PRODUCTS Co.,Ltd",China,Dongguan,Hall 3 / H02-08,drupa2024.2756968,ZiYs4upgR66IFrROMLaAEA
DONGGUAN CITY GAINMORE IMP.AND EXP. CO.,China,"Dongguan, Guangdong",Hall 3 / F41-1,drupa2024.2751478,w1ZBXClPTDqucteuOpk3uw
"Dongguan City Yasi Machinery Equipment Co., Ltd",China,"Dongguan, Guangdong",Hall 6 / F45,drupa2024.2764363,5TTZhn1dSn2fOih5xp6kWQ
"DONGGUAN FEIKETE MACHINERY CO.,LTD",China,"Wanniudun, Dongguan",Hall 12 / A41,drupa2024.2733137,6Y0FPzQsTmSClgw10jT7Ag
"Dongguan Feiyang Packaging Machinery Equipment Co., Ltd.",China,"Dongguan, Guang Dong Province",Hall 13 / B39,drupa2024.2731183,KjFiKOkwT6qN4OG4GVs49A
"DONGGUAN HERUI AUTOMATION EQUIPMENT CO.,LTD.",China,"Dongguan, Guangdong",Hall 1 / C08,drupa2024.2733286,fODAQofuTpyRH3ZRwoMt6Q
"Dongguan High Faith Paper Co., Ltd",China,Dongguan,Hall 4 / D01-1,drupa2024.2729711,JrBKrTsjRh6ZS8fmOosapg
DONGGUAN HUAKANG ADHESIVE FACTORY,China,"Dongguan, Guangdong",Hall 16 / B10-01,drupa2024.2771959,r5tzbulbShCgFt2uvKbngA
Dongguan Huihao Environmental Protection and New Materials Co. Ltd.,China,"Dongguan City, Guangdong Province",Hall 3 / H26,drupa2024.2753556,cAopo7XDSv6qjwbd4ueNZg
"Dongguan Humen Yadian Binding Material Factory Co., Ltd. JHT Group",China,"Dongguan, Guangdong",Hall 4 / D01-3,drupa2024.2730944,bmsRqfbbTI27QYSaz9BWNQ
"Dongguan HXCP Precision Machinery Co., L",China,"Donguan, Guangdong",Hall 6 / F41,drupa2024.2733122,I4X8mU4vSouFWFTDmBeMnA
"DONGGUAN KAIDIKE POLYMER MATERIALS CO.,LTD.",China,"Dongguan, Guangdong",Hall 13 / C84,drupa2024.2759108,cFxhxm98SOailB5lJM59kQ
"Dongguan KAMGOLD Printing And Packaging Machinery Co.,Ltd",China,"Dongguan, Guangdong",Hall 13 / C88,drupa2024.2731816,1fugIFP6TuaZ82irVCdq0A
"Dongguan Longxingsheng Machinery Co.,Ltd",China,Dongguan City,Hall 4 / E26,drupa2024.2732465,8qPhV0AmRQi4dlIAmndtWg
"Dongguan Maufung Machinery Co,. Ltd",China,Dongguan,Hall 3 / H94,drupa2024.2764366,XmgysYGuQXeZyRXRwrOFoQ
Dongguan phenix technology company limited,China,"Dongguan, Guangdong",Hall 13 / C10,drupa2024.2753380,fEKvd3eHR2muOXjbt7J5YQ
"Dongguan Pinchuang Automation Equipment Co.,Ltd",China,Dongguan Guangdong,Hall 6 / B01,drupa2024.2776715,ug9GykV7SFGr2iM4bjXFOw
"Dongguan Shengqi KEQI Equipment Service Co., Ltd.",China,"Dongguan, Guangdong",Hall 14 / A41,drupa2024.2731410,1rtgcGYFRfK2QSSNNWXG5w
"Dongguan Shengtu Printing Equipment Co., Ltd.",China,"Dongguan, Guangdong",Hall 14 / B40-03,drupa2024.2777436,LYgOcS1CQq2AzbW7Wsz2UA
Dongguan Shengyuan Industrial Co，.Ltd,China,"Dongguan City, Guangdong",Hall 3 / F27,drupa2024.2735329,yyQglGerQmivXmn4CcgEzA
"DONGGUAN SOCO MACHINERY CO., Ltd",China,"Dongguan, Guangdong",Hall 1 / A42,drupa2024.2733009,zmzNaaoVT76HxyQ3mEldgg
"DONGGUAN XCS MACHINERY CO., LTD.",China,"Dongguan City, Guangdong",Hall 13 / B12,drupa2024.2730945,hwVkRVdESo2aaTUEuRlsEA
"Dongguan Xutian Machine Co., Ltd.",China,"Dongguan, Guangdong",Hall 6 / B21,drupa2024.2729716,l3h9mgoTQFSrEx32mmj1Bw
"DONGGUAN YAGUANG MACHINERY CO.,LTD",China,"Dongguan, Guangdong",Hall 13 / C43,drupa2024.2757193,giCAbuynTwyEKlz4MTMrGA
"DONGGUAN YOUNGSUN PAPER CO.,LTD",China,Dongguan,Hall 3 / H02-09,drupa2024.2756970,p8EugKXmTSS0eztrqQlXGw
"Dongguan Yuanyi Automation Equipment Co., Ltd.",China,Guangdong,Hall 6 / E22,drupa2024.2758271,us4qN0GNT5mDS6R7wvalSA
"DONGGUAN ZHONGHU INTELLIGENT TECHNOLOGY Co,.LTD.",China,Dongguan,Hall 11 / D01,drupa2024.2780016,4ylMvfElS5qI6N5WauhUKQ
"DONGGUANG XINYU CARTON MACHINERY CO.,LTD",China,"Cangzhou, Hebei",Hall 13 / C23-2,drupa2024.2771105,BhBhLD6GQ8qoI8mImJOTkQ
"DONGTAI DINGXING MACHINERY TECHNOLOGY CO., LTD.",China,"Dongtai, Jiangsu",Hall 10 / C06,drupa2024.2732313,7BqH3DkIQSGHigqkYwsP5g
"DONGTAI SHIHENG MACHINERY CO., LTD.",China,"Dongtai, Jiangsu",Hall 1 / A40,drupa2024.2733013,WZywFZkPSaidAlY9fHqAZQ
DONMEZLER KAGITCILIK Inc.,Türkiye,Istanbul,Hall 4 / E41,drupa2024.2768453,t7LY4X1XRoamHmiby8ykKA
Dorstener Drahtwerke H. W. Brune & Co. GmbH,Germany,Dorsten,Hall 14 / D20,drupa2024.2732220,q29LNCH6TNupBxgdTebnAQ
DORUK KAGIT SAN. TIC. A.S.,Türkiye,Melikgazi / Kayseri,Hall 4 / E07,drupa2024.2723728,CErV6j5WRlyaFP51bNuOHw
DPM - Direct Press Marketing Ltd.,United Kingdom of Great Britain and Northern Ireland,"Westerham, Kent",Hall 13 / A90,drupa2024.2708180,Pi44NdhKQBqeqAwi5sV98g
Dr. Hönle AG,Germany,Gilching,Hall 16 / D12,drupa2024.2714741,VHVZT3o1Tx6WGZIrPswKVw
Dr. Hönle AG,Germany,Gilching,Hall 16 / D12,drupa2024.2714741,VHVZT3o1Tx6WGZIrPswKVw
Dr. Hönle AG Division Eltosch Grafix,Germany,Pinneberg,Hall 16 / D12,drupa2024.2778660,J8re7NsWTJSmA4hoqp5Z6w
DRAGON FOILS LIMITED,China,"Foshan, Guangdong",Hall 3 / B51,drupa2024.2728705,zariWzjXRFiFOswc1tnYgg
Drahtwerk Lötters GmbH,Germany,Hemer-Bredenbruch,Hall 6 / E19,drupa2024.2778843,p0g4fcA1RTqFegMPe2oLOQ
DROP AG,Switzerland,Pfäffikon,Hall 3 / B81-5,drupa2024.2768298,K1In1D9OS0eo2qhX7TlYew
Druckstudio GmbH,Germany,Düsseldorf,Hall 14 / D60,drupa2024.2780166,0Vxrj6NwQ66tdN3YJt5GwA
DRUK.UA LLC,Ukraine,Kherson,Hall 7 / A01,drupa2024.2779891,yTJClmT7Qh2BIks3bthghw
drupa cube,Germany,Düsseldorf,Hall 6 / F03,drupa2024.2765567,EWmtrjMVTIKST7mUUZ1KdA
Dubai Production City,United Arab Emirates,Dubai,Hall 6 / B06,drupa2024.2762479,sIDCUAkqQQSoU95pepwLuw
Duo-Technik GmbH,Germany,Wartenberg,Hall 16 / C07,drupa2024.2766516,Qosy5o9bSceDDBbKBfEAzw
Duplo International Limited,United Kingdom of Great Britain and Northern Ireland,"Addlestone, Surrey",Hall 6 / A31 – A31-2,drupa2024.2732143,M81jzX3aQhKeugy73USUsg
Duplo International Limited,United Kingdom of Great Britain and Northern Ireland,"Addlestone, Surrey",Hall 17 / A01-2,drupa2024.2777569,fleFN2eVQ2KGZUURwO3qLQ
DuploFLEX®,Germany,Neuwied,Hall 15 / A11,drupa2024.2732672,TUOxWoZkTQqjmC44rs5mkw
DuPont de Nemours (Deutschland) GmbH,Germany,Neu-Isenburg,Hall 8b / B13,drupa2024.2731569,uhpeHiD2Qoax0fSeoJNbOQ
Durrer Spezialmaschinen AG,Switzerland,Immensee,Hall 6 / A20,drupa2024.2749017,Fy4L9SwDRPKDpMUmqd1yJQ
Durst Group AG,Italy,Brixen,Hall 16 / A41-1 – A41-2,drupa2024.2761281,Baew34oSQJO9V8fW3gXDfg
Dynamicsoft s.r.l.,Italy,Avellino,Hall 7a / D20,drupa2024.2752302,psXThzkcRNidhfQDlttZJw
Eagle Chemicals,Egypt,Cairo,Hall 14 / C23,drupa2024.2726620,w1jKhZPzTiu8wdb9nhNc6Q
Easeprint Solutions.Com,India,Faridabad,Hall 7a / D02,drupa2024.2708199,awMJuMJBQAGR1iDqbgo9fA
EBA,Germany,Balingen,Hall 1 / C11,drupa2024.2732402,ZAHj34N2TMm2iksHRj9Thw
EBERLE SARL,France,Reichstett,Hall 12 / B64,drupa2024.2708414,4eNbfjZWRgqgTGZgFunFWw
EC Convert S.L.,Spain,Montagut (Ajuntament San Julia Ram),Hall 11 / D53,drupa2024.2729907,PC0G2QUYT3yYv3nHPh9zPA
Eco Tronix Trading LLC,United Arab Emirates,Dubai,Hall 10 / A26,drupa2024.2752342,WDhHBt2wQASgCPLTPygF4Q
ECO3,Belgium,Mortsel,Hall 5 / C31,drupa2024.2731721,O9VVbJ8LT6mJKdGLUNz2kA
ECO3 BV,Belgium,Mortsel,Hall 5 / C31,drupa2024.2731721,O9VVbJ8LT6mJKdGLUNz2kA
Ecograph AG,Switzerland,Mollis,Hall 12 / A65,drupa2024.2717271,JAjgiMgESiSLl5vfF8MIBw
"Ecological Fibers, Inc.",USA,"Lunenburg, MA",Hall 4 / E18,drupa2024.2777087,RqKrk2BxQpCgX7B87dRWew
Ecosystem Costruzioni S.p.A.,Italy,Rovereto (TN),Hall 10 / B15,drupa2024.2732872,lcwAqd8tQoqN6dNTich7GA
ECS (Nottingham) Ltd.,United Kingdom of Great Britain and Northern Ireland,Nottingham,Hall 3 / C65,drupa2024.2710152,asyVYBR7SgWmFEazvhLHag
EFI,USA,"Londonderry, NH",Hall 9 / A20-1 – A20-2,drupa2024.2708196,ZPMCrjfAQX6VA1BCnWyEKw
Ege Kagit Karton ve Urunleri San. Tic. AS,Türkiye,Istanbul,Hall 4 / A14,drupa2024.2708208,54tm3GHPSWSofk27LVuOMg
Egital Inks JSC,Egypt,Kairo,Hall 3 / E53,drupa2024.2761403,1QUVK9qJSvqOijBlcK0uQw
ELATECH SRL,Italy,Val Brembilla,Hall 14 / C21,drupa2024.2732508,8Lkbh0Q2SCmJW974uWVdSQ
ELCOMAN SRL,Italy,Bovisio Masciago (MB),Hall 4 / E08,drupa2024.2759947,UnoQZJ8nTdWwTondv4fkbg
Elektrospeed SRL,Italy,Lecce,Hall 13 / C76,drupa2024.2715043,IuYkTqYAS3afxzEUcLHcmg
Elettromeccanica Bonato Sas,Italy,Carrè,Hall 12 / A21,drupa2024.2733155,62TvZDP5TC6mZQPtPqJbyg
ELITRON Robotic Cutting Intelligence,Italy,Monte Urano (FM),Hall 16 / D11,drupa2024.2732136,F8ruz5AVSDy9CVKwx2rwlA
Elmag S.P.A. Superfici Division,Italy,Villasanta (MB),Hall 12 / D50,drupa2024.2711184,dNUXah8UQjmXxqZOkd4X5A
Elshark Factory for Rubber Rolls Kamal Dorgham Sons Corporate,Egypt,Cairo,Hall 3 / E07,drupa2024.2730733,27HsFyo9QJmOnr5WaHg2oQ
Eltex-Elektrostatik-GmbH,Germany,Weil am Rhein,Hall 15 / F51,drupa2024.2732005,jz2OPrGTQ3Kq8xOwxSYBtA
Eltosch Grafix,Germany,Gilching,Hall 16 / D12,drupa2024.2714741,VHVZT3o1Tx6WGZIrPswKVw
"Emeteq Techonoly Co., Ltd",China,"Yichang, Hubei",Hall 11 / D02-03,drupa2024.2779262,NjqMy0cYQRCUsrIA8e1AHA
EMM Siebdruckmaschinen GmbH & Co.KG,Germany,Brackenheim,Hall 8b / C19,drupa2024.2761873,mAx9k0c3SXyiWDIO4kfIqw
Emmeci S.p.a.,Italy,Cerreto Guidi (FI),Hall 14 / A01,drupa2024.2731512,auo3w7ehSxKrsw9pJY79gA
EMT International Inc.,USA,"Hobart, WI",Hall 6 / A42,drupa2024.2746822,93Hv4ryUR6aJBx8Ar1WluQ
Emwi Group S.C.,Poland,Lodz,Hall 6 / E06,drupa2024.2708273,w2sDkNtfTiWt8xTqqYw8UA
Energy Sciences Inc.,USA,"Wilmington, MA",Hall 16 / E24,drupa2024.2778308,1Y7VgelhSn29R2qmahnK5A
Enfocus BV,Belgium,Gent,Hall 8b / A12,drupa2024.2770734,jidcc9AkS6ayghkgoG6Luw
EngView Systems JSC,Bulgaria,Sofia,Hall 7a / C12,drupa2024.2709907,EUZYLZmNSP6mpt13GgXlJQ
Enimac Srl,Italy,Cornaredo (MI),Hall 11 / C41,drupa2024.2732278,xkE4N1ZrQPiEUPDKUStiyw
ENLYZE GmbH,Germany,Köln,Hall 7 / F05,drupa2024.2752668,Z2xxgT1zR1O308VPpLavEw
Enpro GmbH,Germany,Wilsum,Hall 10 / D32,drupa2024.2771057,gU7WOF8IQj6X5HcmKheSAA
ENULEC GmbH,Germany,Trittau,Hall 15 / C61,drupa2024.2717207,2SdBCD8WQX6ptOIlLROySQ
epda - european brand & packaging design association,Switzerland,Vevey,Hall 3 / B31,drupa2024.2780193,VTpn86bFQ3edoUfp5HFuOw
eProductivity Software,Germany,Köln,Hall 7a / E03,drupa2024.2730427,RJW4hbk2R76Crz0vQ1Sw0A
ePS,Germany,Köln,Hall 7a / E03,drupa2024.2730427,RJW4hbk2R76Crz0vQ1Sw0A
Epson Europe B.V.,Netherlands,Amsterdam,Hall 5 / D20,drupa2024.2726173,Ks1v6CA6Q76o8JQQDlU7uQ
Epson Europe B.V.,Netherlands,Amsterdam,Hall 14 / D60,drupa2024.2780136,ajdOUAYnRWCPyk4YrZDBBA
ER-AL MAKINA YED. PAR. ÜRT. SAN. TIC. LTD. STI.,Türkiye,Silivri,Hall 3 / A100,drupa2024.2732829,eCim7lRiSaGwPcKgz1zMUQ
ErgoPack Deutschland GmbH,Germany,Lauingen a. d. Donau,Hall 14 / D01,drupa2024.2730829,gUNeEkKSRRideAYzL4amAw
Erhardt+Leimer GmbH,Germany,Stadtbergen,Hall 16 / C20,drupa2024.2726792,69ywWvidRtajXSMZYutSRA
ERO Gluing Systems s.r.l.,Italy,Montirone,Hall 12 / D70,drupa2024.2778287,6aEMWZtTSgGS5wyp1uI3fg
Esatec S.A.S.,France,Puymoyen,Hall 10 / D06,drupa2024.2708122,nicMwghwToqbmTErFvhXLA
ESC EUROPA-SIEBDRUCKMASCHINEN-CENTRUM GMBH & CO. KG,Germany,Bad Salzuflen,Hall 3 / D81-1,drupa2024.2726790,fLBFhanhQMqZh0esOyRojg
Esko-Graphics BV,Belgium,Ghent,Hall 8b / A12,drupa2024.2718484,GRMLAZ53RUuA1WhvFjqLdg
Esko-Graphics BV,Belgium,Ghent,Hall 3 / B31,drupa2024.2768639,z8Ay1UXrS1uPbFZmVyyyIQ
ESMA vzw,Belgium,Tielt-Winge,Hall 3 / B81-2,drupa2024.2726783,BVPXb8YCSgStMkOE4RfBjQ
ESMA vzw,Belgium,Tielt-Winge,Hall 3 / D81-8,drupa2024.2777584,2l3Qhdd7QlWj4vSO7oG34w
ESMA vzw,Belgium,Tielt-Winge,Hall 3 / B81-7,drupa2024.2777585,W8eLp4pYTIyNukA7oD3dDw
ETI Converting Equipment Inc.,Canada,"Longueuil, QC",Hall 11 / C71,drupa2024.2730830,3Nwb55M8Sh6NGORlj0d52g
EUKALIN Spezial-Klebstoff Fabrik GmbH,Germany,Eschweiler,Hall 13 / A101,drupa2024.2744534,etxGVF6PQBGLuXNFa6P4Xw
European Rotogravure Association ERA e.V.,Germany,München,Hall 3 / A91,drupa2024.2766899,gJ5JKsxjQYamN12EqNWEtg
Europrogetti S.r.l.,Italy,Sinalunga (SI),Hall 13 / B104,drupa2024.2729085,v4cdp0szSZOYiPcseQRbGg
Everest Holovisions Ltd.,India,"Navi Mumbai, Maharashtra",Hall 4 / D02,drupa2024.2726438,Djw9Fzv9S1OKTVpxbmTJtA
Exel Printing Machinery Limited,United Kingdom of Great Britain and Northern Ireland,Kent,Hall 13 / C95,drupa2024.2712230,zqhOfNj8Svqn99vvaicQBA
EXPERT S.r.l.,Italy,S. Martino Buon Albergo (VR),Hall 14 / D50,drupa2024.2732117,lo0wroUDSaSPNyo0uS000A
EyeC GmbH,Germany,Hamburg,Hall 3 / A101,drupa2024.2727673,z5AsjLBLQFmpd8UNRdTLmw
EyeC GmbH,Germany,Hamburg,Hall 14 / D60,drupa2024.2779386,eBGmwqq1QVqOhvHLWmmCwA
F Service Automation Srl,Italy,Empoli (FI),Hall 16 / D01,drupa2024.2731947,Tro33dmaTwe01KMukF6gpA
Fachpressestand / press stand,Germany,Düsseldorf,North Entrance / 02-01 – 02-03,drupa2024.2779611,oIAHOO1IQ9CbMGIRtcX7lw
Fachverband Medienproduktion e.V. we.love.print,Germany,Zell (Mosel),Hall 3 / C71,drupa2024.2769642,Lq4Ti1lwRfWfIiZiI9tVmQ
FADIA ENGINEERS Fadia Vipul,India,Ahmedabad,Hall 15 / E54,drupa2024.2751537,TSK9WgNDRLmhyHYuPs7DlA
FAG Graphic Systems S.A.,Switzerland,Lausanne,Hall 9 / D30,drupa2024.2728994,B2NSyDJzSl6Y5IPVZRpRyA
FALCON concept solutions GmbH,Germany,Rodgau,Hall 7a / A02,drupa2024.2776929,kmRAJXLpSH6U3hgg53RwBg
FALCON PAPERS & PLASTICS LLC,USA,"Avenel, NJ",Hall 4 / E12,drupa2024.2768289,WlclFS8OTzuhm2waEmEZrQ
Falter Sp. z o.o.,Poland,Pniewy,Hall 11 / F59,drupa2024.2766895,d04fZGISTL6Ff3lfKExzaw
Falztec GmbH,Germany,Diesdorf,Hall 6 / D33,drupa2024.2722327,6LPftWB0QxaoR8yqEEBxPg
"FANGDA PACKAGING CO.,LTD.(HEBEI,CHINA)",China,"Shijiazhuang, Hebei",Hall 3 / G14-1,drupa2024.2732736,gPL3q8QRTM6k2mXg1T8gqg
Fassbender GmbH & Co. KG,Germany,Remscheid,Hall 11 / A15,drupa2024.2724236,PFkt4TR0T4uKcZl7ugfCgg
Fastbind OY,Finland,Espoo,Hall 6 / E03,drupa2024.2771072,Dp05l6PbR56F3XXSJyZhTw
FATTORI SAFEST S.R.L.,Italy,Milano,Hall 6 / A43,drupa2024.2723300,rJZ5TBXGTAuBOzSwasPsvg
FDI e.V. Fachverband der Druckindustrie und Informationsverarbeitung,Germany,Saarbrücken,Hall 4 / A44,drupa2024.2777433,GEsKA9x0TvG7oJXLkQpylg
Fedrigo Forniture Grafiche S.r.l.,Italy,Flero (Bs),Hall 12 / A09,drupa2024.2730964,kYPAaAQJSAioC30lfwgzHw
FEKET BASKI EKIPMANLARI IMALAT SAN.TIC. LTD.STI.,Türkiye,Başakşehir,Hall 1 / A31,drupa2024.2778180,mvptIEXFRhCXVgL5d8NpCw
Feldman Systems and Technologies s.r.l.,Italy,"Invorio, Novara",Hall 13 / B60,drupa2024.2760712,1xHqVxFlTBq3hW7EWW3f7A
Felix Böttcher GmbH & Co. KG,Germany,Köln,Hall 16 / F01,drupa2024.2720715,Sod3h07fStiTfmnte2LKCQ
FELIX GLUER ®,Poland,Klaudyn,Hall 9 / D01,drupa2024.2727702,B5YuEZlJTCapAUcQk8Fjkw
Ferag AG,Switzerland,Hinwil/Zürich,Hall 15 / E50,drupa2024.2731815,L8YFesnfRpuLRkf7dHRqdQ
FERRARINI & BENELLI s.r.l. Corona and Plasma,Italy,Romanengo (CR),Hall 10 / C20,drupa2024.2767058,nEeALlfLRIqSzScIhqUunQ
"Fiery, LLC",USA,"Fremont, CA",Hall 8b / B10,drupa2024.2761170,8Rvk6PsvTqKP00wsbpSR2g
FIFE,Germany,Kelkheim,Hall 12 / D41,drupa2024.2730963,IZrX6KDKT36WU4XZl6s0qA
Fife-Tidland GmbH,Germany,Kelkheim,Hall 12 / D41,drupa2024.2730963,IZrX6KDKT36WU4XZl6s0qA
FIMOR SAS,France,Le Mans,Hall 3 / B81-6,drupa2024.2726785,3RpP9oFCTFO6P6LLyLvrGA
"Fine Chemical Manufacturing Co.,Ltd",China,"Guangzhou, Guangdong",Hall 14 / C43,drupa2024.2758682,2DIqFuiIQTixHrbWdXk9zA
FINESTFOG GmbH Luftbefeuchtung,Germany,Ottobrunn,Hall 16 / A16,drupa2024.2729959,GKWg8hM0QhW2gLdRAtWY7w
Fjord Paper Flensburg GmbH,Germany,Flensburg,Hall 4 / C26,drupa2024.2769879,SighMVN8SJ24kep4WmrcCw
FKS,Germany,Barsbüttel,Hall 6 / A33-1 – A33-2,drupa2024.2732819,T7rMDemsQnaufMj7nW67Iw
Flexa Srl,Italy,Colle Umberto (TV),Hall 8a / C47,drupa2024.2761205,bYykXsNyQxWSKx1GQt83cg
Flexo Wash ApS,Denmark,Skødstrup,Hall 15 / C51,drupa2024.2711867,ScefH5alSQSBfVPo9oGDHQ
FlexoArt AB,Sweden,Klippan,Hall 3 / A41,drupa2024.2732407,P9H8lEv0QTSYGISMmvck6g
FLEXOFEM SRL,Italy,San Martino Buon Albergo,Hall 12 / B41,drupa2024.2768543,oxv5LPxJQIqKKpoAiRoqMQ
Flint Group GmbH,Germany,Stuttgart,Hall 11 / A02,drupa2024.2779714,641qNe13T4ew7oqvuaSSBQ
FLUIMAC SRL,Italy,Tradate,Hall 11 / F14,drupa2024.2740837,3kfUYwoERH6FOmSh4GOsxQ
FLUX SRL,Italy,Romano D'Ezzelino,Hall 5 / B37,drupa2024.2766898,FcRN8lewTVWFRqVdY7tPaw
"Focusight Technology（Jiangsu） Stock Co.,Ltd",China,"Changhzou, Jiangsu",Hall 10 / D35,drupa2024.2737546,BejOPiifSW6JMfVqu4L2zg
Fogra Forschungsinstitut für Medientechnologien e.V.,Germany,Aschheim b. München,Hall 11 / F71,drupa2024.2760033,3Wm8dzrDQV6FrPmDFiq4IA
Folex Coating GmbH,Germany,Köln,Hall 3 / B14,drupa2024.2728059,2Tgf5QKzSyaPyir5d5zJUw
FOLIANT EU s.r.o.,Czechia,Mlada Boleslav,Hall 6 / F32,drupa2024.2727675,Cuv6Vwc7Qzu8W5Xjx8bmyA
Follmann GmbH & Co. KG,Germany,Minden,Hall 3 / E37,drupa2024.2754484,nNicER3eSZyGA7ivKgfwDg
FOR BOX SRL,Italy,Peschiera Borromeo,Hall 11 / B70,drupa2024.2771177,pnnuJSdJRWuQt8l4qouUUg
"FORMICA CZ, s.r.o.",Czechia,Čestlice,Hall 13 / C83,drupa2024.2766721,cHKuDtJZSguHX5DtvWnjEg
Fortuna Spezialmaschinen GmbH,Germany,Weil der Stadt,Hall 12 / A54,drupa2024.2732747,K2QBWiApSoSStjFPd61QRA
"FOSHAN KINGINK PRINTING INK INDUSTRIAL CO., LTD",China,"Foshan, Guangdong",Hall 4 / E03,drupa2024.2759942,96Or5INqSuK034C3JvMMjg
"Foshan Sanjan Packing Co., Ltd",China,"Foshan, Guangdong",Hall 12 / B83-2,drupa2024.2731809,sgRKR4BiT5S0DmudrSM2XQ
"FOSHAN SUNFOIL ENTERPRISE CO,LTD.",China,"Foshan, Guangdong",Hall 3 / F41-10,drupa2024.2767418,0b7F8N6hQcebxbZ2inA23Q
Fotoba International S.r.l.,Italy,Quaregna,Hall 9 / D41,drupa2024.2721079,9LkUZ9RPQ6a2b1YVGwgV9w
Four Pees NV,Belgium,Gentbrugge,Hall 7 / F06,drupa2024.2728083,G76m8WncTEuM07UxP9JV7Q
Francotyp-Postalia Vertrieb und Service GmbH,Germany,Berlin,Hall 6 / B05,drupa2024.2754482,ioWNAoUlQZWKWMCwd007AA
Fraser Anti-Static Techniques Ltd.,United Kingdom of Great Britain and Northern Ireland,Bampton,Hall 9 / D11,drupa2024.2714266,KkVjE8ECTbmQ2TGcm6NMjQ
FreshFocus®,Germany,Chemnitz,Hall 12 / C70,drupa2024.2779258,wMPBUhewRjGMfQYtb87J7Q
FRIMPEKS KIMYA VE ETIKET SAN.TIC. A.S.,Türkiye,Sariyer/Istanbul,Hall 14 / B31,drupa2024.2732401,LJU3JYvcSoSQRrNv5eSsUQ
frontline.io,Israel,"Plantation, Florida",Hall 9 / D04,drupa2024.2776462,H8jPaKqRTtuvGxToimj0dA
FU LAM,China,"Dongguan, Guangdong",Hall 11 / E60,drupa2024.2754733,BlvB9gqzRCSWsPQIThZXIQ
"Fuji Shoko Co., Ltd.",Japan,"Toda City, Saitama-Pref.",Hall 3 / F62,drupa2024.2730560,3ngtZrMSSbqwXHYU8UPj7g
"FUJIAN BILLION HIGH-TECH MATERIAL INDUSTRY CO., LTD.",China,"Jinjiang City, Fujian",Hall 3 / H02-11,drupa2024.2756969,qwRnjKARRQmiti1fmoRbog
FUJIAN CHANGHONG PRINTING MACHINERY CO.LTD,China,Fujian,Hall 15 / A06,drupa2024.2732893,RckF4YX1SRCN8ObgfKMQLQ
FUJIFILM Healthcare Europe GmbH,Germany,Ratingen,Hall 8b / A02 – A02-6,drupa2024.2729904,dyXqImb6TZWLHgGikPjNWg
Futec Europe GmbH,Germany,Duisburg,Hall 15 / A02,drupa2024.2730101,mvwhAnlAQRCQTbABS32T6A
"FUTURE PACK CO.,LTD","Korea, Republic",Seoul,Hall 12 / D82,drupa2024.2719553,omMskikTQ9a7xxNa2oCrqQ
G TECHNOLOGIES SRL,Italy,Cermenate (CO),Hall 3 / E65,drupa2024.2765207,ZyR58T0EQNqUpOHIM9rbDw
GA-Maschinen GmbH,Germany,Alsfeld,Hall 10 / A22,drupa2024.2763814,RKPIKMUkQzqblPqRL86ifA
GA.VO. MECCANICA S.R.L.,Italy,Larciano (PT),Hall 12 / D54,drupa2024.2710155,Vh9GYKHoSdWDNDyv1PI1ww
GAEX - GROUPE AMAN EXPORTS S.L.u.,Spain,Madrid,Hall 4 / D26,drupa2024.2718042,bbqWb9o7Sc60BDbGmyxAGg
Gaia Concept BV Stone Paper Europe,Netherlands,Almere,Hall 4 / F01,drupa2024.2747148,0RS15i7NQSyXXqQUxGrn9w
GAIAPAC MIDDLE EAST FZ-LLC,United Arab Emirates,Dubai,Hall 11 / D10,drupa2024.2733098,EHPrrpJsQoqhU09uRI1YoQ
Gallus Ferd. Rüesch AG,Switzerland,St. Gallen,Hall 1 / B30-2,drupa2024.2765387,YhypTSEbTdeuD2U2FCZqpA
Gama International Srl,Italy,Milano,Hall 10 / C20,drupa2024.2775947,em0OQ1SNR2qirS8X0Xd9tg
Gama Systems Ltd.,United Kingdom of Great Britain and Northern Ireland,Washington,Hall 16 / F49,drupa2024.2708020,ja0slEHsQg2md248OLJyTw
Garant Maschinenhandel GmbH,Germany,Lengerich,Hall 15 / A51,drupa2024.2756775,InBdijs5TOalp1HtcGR6lA
Gayatri Rub Tech,India,"Ahmedabad, Gujarat",Hall 15 / A54,drupa2024.2709553,KTvAtypcQrGvEGNLxx14LA
Gazelle Envelope Manufacturers Private Company,Egypt,"Cairo,6th October City",Hall 4 / F21,drupa2024.2775922,uN16aNLvTLqIqJOGLNw9lA
Gebr. Becker GmbH,Germany,Wuppertal,Hall 11 / C66,drupa2024.2732626,pwoWnK7aS1mhnwmo2Qs6uw
Gebr. Becker GmbH,Germany,Wuppertal,FG Hall 11 / 11-1,drupa2024.2778190,Av8W6NtgTTWZWmbvz5uj8A
Geek Deed Kim Daeyoun,"Korea, Republic",Daegu,Hall 12 / E20,drupa2024.2776674,x0yesDrDRaeNZMWxLAobNg
GEFA BANK GmbH,Germany,Wuppertal,Hall 1 / C30-2,drupa2024.2773494,IrTzrGuHTjeofui55NaORw
Gelato AS,Norway,Oslo,Hall 9 / A06,drupa2024.2769809,5ep8wvTcQASOXGeQACa1bg
General Inkjet Printing Technology Co. Ltd,China,Shanghai,Hall 5 / A20,drupa2024.2736422,k473e6K6S4i6Ru3WFFxPRw
GEPA Coating Solutions GmbH The Coating Technology Experts,Germany,Frickingen,Hall 16 / D12,drupa2024.2779682,OD2C1RP5R8CsCJzmOVWJHg
GERGONNE INDUSTRIE S.A.S.,France,Oyonnax Cedex,Hall 15 / E63,drupa2024.2729153,5kbDGquNRpuAfXMx77NSSA
german graphics Graphische Maschinen GmbH,Germany,Helmstedt,Hall 13 / A104,drupa2024.2779475,0M9RG4hFTd2n6zWjQzWMSg
GEW (EC) Ltd.,United Kingdom of Great Britain and Northern Ireland,Crawley,Hall 16 / E01,drupa2024.2708450,XSQWBvLuQquEPkf93P4zEA
GGM Graphische Gebraucht- maschinen Handelsgesellschaft mbH,Germany,Espelkamp,Hall 13 / B100,drupa2024.2778370,AnQ7359ERxiTg686v2UWYQ
"Giave, S.A.",Spain,Les Franqueses del Valles,Hall 15 / C10,drupa2024.2730802,IUNbXgxcTW61RTCWFiD5yg
Gietz AG,Switzerland,Gossau,Hall 3 / A61,drupa2024.2724521,hHBy5RLnQ0KkaNRFqSRxIA
GL Optic,Germany,Weilheim an der Teck,Hall 9 / D34,drupa2024.2724728,fERbiKuhQ5CDwzJlOJEHkA
GLOBAL Sp. z o.o. Sp. K.,Poland,Lublin,Hall 3 / E30,drupa2024.2767757,vFnqBYXqSQuV6iyLw3SXsQ
GlobalVision Inc.,Canada,"Kirkland, QC",Hall 8b / C32,drupa2024.2738052,IcfqocfCQaaf5siT0F22lQ
GLUECOM Group – DEMCOPACK – PLAKAL,Belgium,Lokeren,Hall 14 / C20,drupa2024.2731719,9sm2Ueb1RCSXg6BIDJPZUg
Glunz & Jensen A/S,Denmark,Ringsted,Hall 3 / A91,drupa2024.2745834,hyTxYjq6RQmYWsOgBSc2hQ
GMG GmbH & Co. KG,Germany,Tübingen,Hall 7 / D06,drupa2024.2777932,1HIwKeNyRZWt0oEa5vR7tg
GMG GmbH & Co. KG,Germany,Tübingen,Hall 7a / B11,drupa2024.2779727,p3fXKhIlROe1FNl7HTfQTg
Gmund Paper,Germany,Gmund am Tegernsee,Hall 4 / B11 – C04,drupa2024.2722519,yjF3ovTGRd2behMdYFMoVQ
GNU August Graef GNU GmbH,Germany,Wuppertal,Hall 10 / D18,drupa2024.2728833,ejJQAtzpTBGPKcaxhOeblw
Goebel Engineering GmbH,Germany,Darmstadt,Hall 15 / A61,drupa2024.2780180,a9MJrtjGSPuoJHYwLaCIGQ
GOEBEL IMS - a brand of IMS TECHNOLOGIES,Italy,Calcinate (BG),Hall 10 / D31,drupa2024.2712318,XP0EP3TsQpmLwSlYoodJWQ
Gold Letter,Israel,Jerusalem,Hall 6 / A04,drupa2024.2779246,n84hSIeYS4qBr4EmnfF9zA
"Golden Paper (shanghai) Co.,Ltd",China,Shanghai,Hall 4 / D17,drupa2024.2761736,BJswbx7ES0qb71iZ7DTbkA
GoMake Inc.,USA,"Dover, Delaware",Hall 7 / D03,drupa2024.2778631,rBfa5CmYQw2f0bagGcppug
"GOSS GRAPHIC SYSTEMS (CHINA) CO., LTD",China,Shanghai,Hall 15 / C32,drupa2024.2727676,bA5Vx0O7QyaRrT4E5H6ZuA
GP2 Technologies Inc.,USA,"Bow, NH",Hall 14 / D14,drupa2024.2751779,fknlGSLwRkaZeGxr9Ht0oA
GRAFCUT-GRAFMASZ Tomasz Wiak,Poland,Opatow,Hall 6 / A45,drupa2024.2746021,aLgAyaigQCqcN1nXn2o8xw
Grafikontrol S.p.A.,Italy,Milano (MI),Hall 15 / C06,drupa2024.2730803,XHnSpGseQKOxWLaBN3rjOg
Grafitec Limited,United Kingdom of Great Britain and Northern Ireland,"Normanton, Wakefield",Hall 13 / C101,drupa2024.2732142,c3PqlOTOSZmHg16JwJiemA
Graph-Tech USA,USA,"Fort Pierce, FL",Hall 6 / F10,drupa2024.2731811,iryGP8ieRqCHf5yaRMTqRA
Graphic Whizard Inc.,Canada,"Burlington, ON",Hall 6 / B54-02,drupa2024.2732459,D1u0UEtZTcKgwj8SOvZu7w
Grawer Polska Andrzej Wloch,Poland,Poznan,Hall 3 / D31,drupa2024.2711185,y76Gsz2lTluXEqtE6rYGeA
"Grenoble INP - Pagora Graduate school of engineering in paper, printing and biomaterials",France,Saint Martin D'Hères,Hall 7 / G01,drupa2024.2777239,HhQ6lTBOROOO9NfBPzUF7A
Grünig-Interscreen AG,Switzerland,Schwarzenburg,Hall 3 / E64,drupa2024.2710619,fymWRVyEROOmrju0KMgsaA
GT-Solex GmbH,Germany,Nürnberg,Hall 6 / F10,drupa2024.2779183,oAEJdbzIQmicYVchxVxcfg
GTI Graphic Technology Inc.,USA,"Newburgh, NY",Hall 5 / E10,drupa2024.2732218,qMV1U398TsCFgf1Q1vMBJw
GTK Timek Group S.A.,Switzerland,Rivera,Hall 12 / E62,drupa2024.2752288,UTlsde3ITqaRSBsYYJynSw
GUANGDE YUTONG RUBBER PRODUCTS,China,"Guangde, Anhui",Hall 4 / F31,drupa2024.2732814,MsZw5mDjTsaHlv53LN1ZXg
"Guangdong Arojet Inkjet Technology Co., Ltd.",China,"Dongguan, Guangdong",Hall 5 / A23,drupa2024.2779666,Uz1YGg0ORyKr4KBEK6z6zw
"Guangdong Chaoxinke Digital Technology Co., Ltd",China,Huizhou,Hall 13 / B44-1,drupa2024.2731807,ovjRVQcWRfSTDUBOcUELzA
Guangdong Fengchi Printing Machinery Co. Ltd.,China,"Dongguan, Guangdong",Hall 8a / C02,drupa2024.2747844,LOry74dFTu2dfnU2NWji3Q
"Guangdong Hongming Intelligent Joint Stock Co., Ltd.",China,"Dongguan City, Guangdong",Hall 12 / B20,drupa2024.2717826,HzWow3OmTOy0OpHwwBoXOQ
GUANGDONG JULONG PRINTING EQUIPMENT Co.ltd.,Germany,Oberursel,Hall 13 / C102,drupa2024.2774873,ZejvuFZmTaiQLeyGOZ2Big
"Guangdong Juyou Intelligent Equipment Technology Co., Ltd",China,"Dongguan, Guangdong",Hall 12 / B11,drupa2024.2766590,IkNNg3fxQiG3gk2A0Y8GwQ
"Guangdong Lihong Packaging Co., Ltd",China,Shantou,Hall 3 / H02-05,drupa2024.2745395,A5p5lumaR7q67PWaiRDyVw
"GUANGDONG LISHUNYUAN INTELLIGENT AUTOMATION CO.,LTD",China,"Dongguan, Guangdong",Hall 16 / B10-02,drupa2024.2771958,2dF5JtpoTMS7AmyKPYEpkQ
"GUANGDONG PINLONG PRECISION TECHNOLOGY CO., LTD.",China,"Foshan City, Guangdong Province",Hall 13 / B11,drupa2024.2725461,ZN9BYcMCRO2xMik026geBQ
"GUANGDONG SHANHE INDUSTRIAL CO., LTD",China,"Shantou, Guangdong",Hall 14 / B26,drupa2024.2756188,ogxaDFfvSce2bLn71AEjQw
"Guangdong Shengtu Intelligent Equipment Co.,Ltd",China,"Dongguan, Guangdong",Hall 14 / B40,drupa2024.2731938,AWMPZK6rSPOUHVknVfJdWA
"Guangdong Tloong Ink Co., Ltd.",China,Zhaoqing,Hall 3 / H54-2,drupa2024.2777383,oVUln92pTnSrFXsierO3wg
Guangdong Xinzhongrun Holding Group Co. Ltd,China,"Shenzhen, Guangdong",Hall 3 / F41-6,drupa2024.2766250,lw2v2aJiTx21SKPs7YqZtg
"GUANGDONG YOZHO TECHNOLOGY CO., LTD.",China,"Huizhou City, Guangdong",Hall 14 / A21,drupa2024.2771094,JvkiUjGZRq6qDL1ueNiUKg
"Guangdong Zhidesheng Technology Co.,Ltd",China,"Foshan, Guangdong",Hall 6 / C04,drupa2024.2779607,aJerfMs6S1O1fKD2IpD0vw
"Guangzhou Aiifa Electronic Products Co.,Ltd",China,"Foshan, Guangzhou",Hall 11 / D02,drupa2024.2779261,oSgVNPGRSPW7nfv0OMW8kA
"Guangzhou Biaoji Packaging Equipment Co., Ltd.",China,Guangzhou,Hall 13 / B40,drupa2024.2771095,GaZNZ7T4QC6FmPeyQGVHGw
"Guangzhou Changhong Printing Technology Co., Ltd.",China,Guangzhou,Hall 13 / B17,drupa2024.2779893,MtmEIiD3Q8C6yipTrmqUFw
"GUANGZHOU INTERNET WOOD GLUE TRADE CO.,LTD.",China,"Guangzhou, Guangdong",Hall 3 / G23,drupa2024.2753557,63Lw6qYZRMaAlpH1XK6WIg
"Guangzhou Legend Technology Co.,Ltd",China,"Guangzhou, Guangdong",Hall 3 / H96-2,drupa2024.2753374,fYNCwyacS3WJ63UgoZ86NQ
"GUANGZHOU NEWLIFE NEW MATERIAL CO., LTD",China,Guangzhou,Hall 3 / G55,drupa2024.2761218,zruDiDWOQkuOPnKiac84Vg
"Guangzhou Nuocai Digital Products Co., Ltd.",China,Guangzhou,Hall 5 / A03,drupa2024.2732858,S79gMNQOR6ukx82kQ77baw
"Guangzhou Pulisi Technology Co.,Ltd",China,Guangzhou,Hall 8b / A33,drupa2024.2771362,Sw1B2FHmSxazI7MBmTFl5A
"GUANGZHOU SHENGYI INTERNATIONAL TRADING.CO.,LTD",China,Guangzhou,Hall 13 / C62,drupa2024.2772151,hO79ItgPTYO79ybZ80R1sQ
"Guangzhou Xinzhu Adhesive Sticker Materials Co., Ltd.",China,Guangzhou,Hall 14 / A21,drupa2024.2771091,1YsLjo1nQKWzERKM4LLUgw
"GUANGZHOU YITE TECHNOLOGY CO., LTD",China,Guangzhou,Hall 5 / D04,drupa2024.2766591,UkHRO8ryRPa36Z2uclZSeQ
GUK-Falzmaschinen Griesser & Kunzmann GmbH & Co. KG,Germany,Wellendingen,Hall 6 / C31,drupa2024.2721328,r6n01QcaRTeuuaDc945ogQ
Günter Kunststoffmaschinen GmbH,Germany,Zwickau,Hall 13 / B105,drupa2024.2729386,7y7d9vjnQnqyLPOpyNj6Ng
Günther Business Solutions GmbH,Germany,Leverkusen,Hall 7 / F04,drupa2024.2759049,6EJkrxAgSaikOYTDFRwJ7Q
GÜR-IS MAKINA SAN. TIC. LTD. STI,Türkiye,Arnavutköy / Istanbul,Hall 11 / D13,drupa2024.2708005,qb2edg0bTaWla9hjzQdibg
Gustav Göckel Maschinenfabrik GmbH,Germany,Darmstadt,Hall 11 / A14,drupa2024.2721669,8la6MJvqS1qG7ZpxLXES1g
Gutenberg grafische machines BV,Netherlands,Hoofddorp,Hall 13 / B97,drupa2024.2740839,XgufsY5ZQJOiu8thqxKWmg
Gutenberg Stiftung,Germany,Mainz,Hall 14 / C70,drupa2024.2724547,BI4AD0XvRCWw1FNSPTzfmA
GWS Printing Systems BV,Netherlands,Nieuwkuijk,Hall 13 / B71,drupa2024.2774985,Xe47rFnTSj6G9qxzJSNXEQ
Gyromag BV,Netherlands,Apeldoorn,Hall 6 / G03,drupa2024.2758420,7CxJd6ZBRTGENfs2uTXYEg
H+H GmbH & Co. KG,Germany,Bielefeld,Hall 15 / E20,drupa2024.2735552,2aCA46zPQWaDWYC6CpIdhw
H. Roesinger & Partner E.U.R.L. International Trading Company ROEPA,France,Huningue,Hall 13 / A70,drupa2024.2712969,bC1eeFYjQC6gLxcG9rzPOw
H. Schönenberger GmbH,Germany,Deizisau,Hall 11 / F36,drupa2024.2708412,rhJmXI0iRAWI2kYKZF9lEA
Habasit AG,Switzerland,Reinach-Basel,Hall 1 / A20,drupa2024.2751262,v6i14OkDQ9Gl05shCOv7Xg
Hagedorn GmbH,Germany,Bergisch Gladbach,Hall 10 / D41,drupa2024.2729445,rZSmEY9tR5i6wfqOeFyS6w
Hahn Gravure Supllies Christian Hahn,Germany,Mittelstetten,Hall 3 / D91,drupa2024.2771071,AfCh1H4qTvyJvBepmux5Fg
Hahnemühle FineArt GmbH,Germany,Dassel,Hall 16 / F41,drupa2024.2759352,oLckQKWRR4ijpku0tXWGPA
"HAINING JINMAO WARP KNITTING CO., LTD.",China,"Haining, Zhejiang",Hall 3 / F44,drupa2024.2767422,zdG8X6hgSYiSNirfiDMJRg
"Haining Tengda Machinery Co., Ltd.",China,"Haining, Zhejiang",Hall 13 / B42-1,drupa2024.2732750,ID97jVVCTNiwPmTY6xr3VQ
HAMTA INTERNATIONAL GROUP,United Arab Emirates,Dubai,Hall 10 / A26,drupa2024.2752342,WDhHBt2wQASgCPLTPygF4Q
"HANGZHOU CAIDE OFFICE EQUIPMENT CO., LTD.",China,"Hangzhou, Zhejiang",Hall 3 / G57,drupa2024.2764356,w1rk3bEJSCepvh7ucEyuGA
"HANGZHOU DONGCHENG TECHNOLOGY CO., LTD",China,Hangzhou,Hall 13 / C45,drupa2024.2756186,iDvzNrtzRUCY8z398bCwUA
"Hangzhou Hansoar Machinery Co., Ltd.",China,Hangzhou,Hall 3 / F80-2,drupa2024.2768471,ZWWjyw6bRvCUXw1TQzuToQ
"Hangzhou Honghua Digital Technology Stock Co., Ltd.",China,"Hangzhou, Zhejiang",Hall 8a / B07,drupa2024.2733023,TGPpn75LSiOo1oEQepUe8A
"Hangzhou iECHO Science & Technology Co., Ltd",China,"Hangzhou, Zhejiang",Hall 13 / A36,drupa2024.2738515,melzC2GyQ925DqgMYRF7PQ
"Hangzhou Pandway Technology Co.,Ltd",China,"Hangzhou, Zhejiang",Hall 13 / C02-3,drupa2024.2751476,StZPhmINSaKXHsCFFrB5zQ
Hangzhou Pingda Electric & Machinery Co. Ltd.,China,"Hangzhou, Zhejiang",Hall 12 / B83-1,drupa2024.2747842,lPWgdbNZRWaMXEtyCVrT3g
"Hangzhou Sonto Office Supply Co.,Ltd.",China,"Hangzhou, Zhejiang",Hall 13 / C02-2,drupa2024.2752286,gbBX8q8GQE2ObRyFIoe6eQ
HANGZHOU WINNER IMPORT & EXPORT CO. LTD.,China,"Hangzhou, Zhejiang",Hall 5 / A01,drupa2024.2749744,BR27oFZrTbWqXsgGoo8OOA
"Hangzhou Ximax Tech Co.,Ltd",China,Hangzhou,Hall 4 / F33,drupa2024.2766594,0RAWaTxvTAaf4m3uprhOQA
Hangzhou Youngsun Intelligent Equipment Co. Ltd.,China,Hangzhou,Hall 11 / F06,drupa2024.2756979,SRDMUpMrQ2q2rp9kj0Kmqw
Hariram Engineering Chandu Gautam,India,"Surat, Gujarat",Hall 12 / C52,drupa2024.2772864,dZ0Z1Ma4SASUpYQQwdu7nw
Harris & Bruno International SP,USA,"Roseville, CA",Hall 16 / D03,drupa2024.2734679,aCGDxv3GR0KYngFCyxUxwA
Harris & Bruno International SP,USA,"Roseville, CA",Hall 17 / A01-2,drupa2024.2777966,2tQnGG1JSem3ChSvyKvpjg
Hatten Corporation,"Korea, Republic",Goyang City,Hall 10 / A13,drupa2024.2716344,5DxoAlZPTZSoBKDwjVck6A
Hauchler Studio GmbH & Co. KG Private School PRINT-MEDIA-DESIGN,Germany,Biberach,Hall 4 / A44,drupa2024.2779825,WWnQKC2SQdqMlq8PLLUBlQ
Heaford - JM Heaford Limited,United Kingdom of Great Britain and Northern Ireland,"Altrincham, Cheshire",Hall 10 / A40,drupa2024.2730426,27WKEVhzQ7S03mYcRqha8g
"HEBEI JSTAR CARTON MACHINERY CO.,LTD.",China,"Cangzhou, Hebei",Hall 13 / C30-4,drupa2024.2778601,1hi1EcWVRpWr50HduqOPiQ
"HEBEI LE CHENG TECHNOLOGY CO., LTD.",China,Hebei,Hall 3 / F11,drupa2024.2733291,QXNVWL7XTYqSd7GMEiLtrg
"Hebei Weihui Printing Machinery Equipment Manufacturing Co., Ltd.",China,"Langfang, Hebei Province",Hall 1 / A37,drupa2024.2735334,DRlUT3H3SW6VibMPxM7wNA
"Hebei Xinguang Carton Machinery Manufacture Co., Ltd.",China,"Cangzhou, Hebei",Hall 6 / D44,drupa2024.2758268,ftcOG2uSTZSAu1Q7wRY7SQ
"Hebei Yutian Xingye Printing Machinery Co., Ltd.",China,"Tangshan, Heibei",Hall 10 / B02-1,drupa2024.2734177,EhXSc5CeRY6iAaMEUWG89g
HEBI SANDING RUBBER PRODUCT LTD.,China,"Hebi City, Henan",Hall 3 / F30,drupa2024.2761739,j7YJ9fsSS96N1FDGLBSrEw
Heiber + Schröder Maschinenbau GmbH,Germany,Erkrath,Hall 10 / C36,drupa2024.2731131,6PY8bQdgTdyZubq4JBrQiQ
Heidelberger Druckmaschinen AG,Germany,Heidelberg,Hall 1 / C30-1 – C30-5,drupa2024.2734309,e1RdnTYOQkKU4suXLeu5aw
Heidelberger Druckmaschinen AG,Germany,Wiesloch,Hall 3 / B31,drupa2024.2768657,QSyHFW1ESJuu5NZGBt0waQ
Heimann GmbH Graphische Technik und Handel,Germany,Hamm,Hall 15 / C30,drupa2024.2711861,sGBm8xi5SCe3UU8jlNZPtw
Heinrich Steuber GmbH + Co. Partner der Druck- und Medienindustrie,Germany,Mönchengladbach,FG Hall 4 / 4-1,drupa2024.2731814,9if1xLHoRGyaQkBpVLOfzA
Heinz Berger Maschinenfabrik GmbH & Co. KG,Germany,Wuppertal,Hall 11 / A72,drupa2024.2709912,GyUctQxKQ0C0wFtxCdAqxQ
HELGRAMED - the Hellenic Union of Graphic Arts and Media Technology Engineers,Greece,"Vyronas, Athens",Hall 7 / G01,drupa2024.2771484,Qf2zFm6bTzOEVD2AUu1zOA
Heliograph Holding GmbH,Germany,Krailling,Hall 3 / A91,drupa2024.2729002,eAgld7EDSwq7Vzvr6ME1tw
Helios Italquartz S.r.l.,Italy,Cambiago (MI),Hall 3 / G65,drupa2024.2713862,RiAQrk2STsqIXNh4pyakwA
HELL Gravure Systems GmbH & Co. KG,Germany,Kiel,Hall 3 / A91,drupa2024.2752777,jPez23jdQlmcV909NWkyqQ
Henan Foils LLC,Spain,Palma de Mallorca,Hall 3 / H24,drupa2024.2776166,y9Rba4IBQei0xkEti8UXjQ
HENAN FOILS. We are Foil People.,Spain,Palma de Mallorca,Hall 3 / H24,drupa2024.2776166,y9Rba4IBQei0xkEti8UXjQ
"Henan Huida Print-All Technology Co., Lt",China,"Changge, Henan",Hall 4 / B24,drupa2024.2750858,xGWWvx4iSeOWwi1FAkjwPg
"Henan Vodafone Digital Technology Co., Ltd.",China,"Zhengzhou City, Henan",Hall 12 / E70,drupa2024.2754222,n1YCu0WPTSmD4wl1m72A4Q
"Henan Yindu Digital Co., Ltd",China,"Xinxiang, Henan",Hall 13 / A51,drupa2024.2755872,UfeMJpsLSzOcL5QPrbHP5Q
Henkel AG & Co. KGaA,Germany,Düsseldorf,Hall 14 / C61,drupa2024.2758778,2cu6kb42TZCegP0YtGS1JQ
Henkel AG & Co. KGaA,Germany,Düsseldorf,Hall 3 / B31,drupa2024.2775208,eboADpCZQ6ySeOjv8qKPXg
Hermans foil and embossing dies BV,Netherlands,Hoogvliet-Rotterdam,Hall 3 / A71,drupa2024.2729709,6JKd9n7fRQWsAGy9iwlmbw
"Herzpack (Shanghai) Machinery Co., Ltd",China,Shanghai,Hall 13 / C12,drupa2024.2731404,B2gAsFuzQZiUfgL0K6rZsg
HETAL GRAVOTECH PVT LTD,India,Kalol,Hall 3 / F54,drupa2024.2770412,2ixlyq18TYWPGGh3ATY4kQ
Highcon Systems Ltd.,Israel,Yavne,Hall 9 / B24,drupa2024.2725167,FLdFrwQrRyWBfiOjDE8nYg
Hinderer + Mühlich GmbH & Co. KG,Germany,Göppingen,Hall 3 / E71-1,drupa2024.2768296,698v4gnpQQeHYlmzzSJjdA
HL engineering GmbH,Germany,Stockstadt am Main,Hall 15 / E61,drupa2024.2752547,uoSM9U2iQlCLU3ukIbCY3g
HMT Magnet GmbH & Co. KG,Germany,Wiesbaden,Hall 6 / B02,drupa2024.2777476,0LX14GLTSMqk5VVjTVP0mQ
Hochschule Albstadt-Sigmaringen,Germany,Albstadt,Hall 4 / B30,drupa2024.2729954,f3b4Z9OWTzqKnP8xtudWZQ
Hochschule für angewandte Wissenschaften München,Germany,München,Hall 7 / G01,drupa2024.2775763,0IlpKsodSbKRXNNkwlUHtw
Höcker Polytechnik GmbH Absaug- und Entsorgungssysteme,Germany,Hilter am Teutoburger Wald,Hall 16 / A34,drupa2024.2721267,Sosw0AhxSTOpH2o7BhNeAQ
hoenlegroup,Germany,Gilching,Hall 16 / D12,drupa2024.2714741,VHVZT3o1Tx6WGZIrPswKVw
Hohner Maschinenbau GmbH,Germany,Tuttlingen,Hall 15 / E20,drupa2024.2734680,0jj63j13RyON1Ru3jr0aFA
"HOLOLENS TECHNOLOGY CO.,LTD",China,Zhuhai,Hall 3 / H28,drupa2024.2776718,P8j66wc7QrCvu2IjDetq3A
Holostik India Limited,India,New Delhi,Hall 3 / F40,drupa2024.2775985,Th0G8omzR8e8l0QrPqB5qw
Holowelt GmbH,Germany,Düsseldorf,Hall 7a / B10,drupa2024.2732408,HXUJFeRvShS9fi5CDPprRQ
HolwegWeber Group S.A.S.U.,France,Molsheim,Hall 11 / B31,drupa2024.2732398,ogUrkRCTTTa1mVNqA9KElg
HONGKONG JIUHENG PRINTING CO. LTD.,"Hong Kong, China SAR","Kwun Tong, Kowloon",Hall 3 / E05,drupa2024.2752893,Mk3JVfPCTCOjvKNUDiSj1g
Horizon International Inc,Japan,Shiga,Hall 6 / F21 – F21-3,drupa2024.2711860,9wBWRwViSCWjoBOR2CSTRQ
Horizon International Inc,Japan,Shiga,Hall 17 / A01-2,drupa2024.2777567,0LgOgcDwRLCEzcvDwZeQlg
Horst Wendt Maschinenbau GmbH & Co. KG,Germany,Georgsmarienhütte,Hall 15 / A52,drupa2024.2768050,a9K5GlCERByE7D8zAY2miQ
HOTPACK PACKAGING INDUSTRIES L.L.C,United Arab Emirates,Dubai,Hall 6 / A05,drupa2024.2754025,awAJn51VRCiNThpSK0WrsA
HP Deutschland GmbH,Germany,Böblingen,Hall 3 / B31,drupa2024.2768641,ksYyHvkOT8aRUKg8P0dgUA
HP Deutschland GmbH - Accounting Department -,Germany,Böblingen,Hall 17 / A01-1 – A01-9,drupa2024.2739768,ad2q6oiVTpalPZZCjVasHw
HP Inc,Spain,Sant Cugat del Valles,Hall 14 / D60,drupa2024.2779643,EYW2iSJKTcKskd31zKAOAA
HSM GmbH + Co. KG,Germany,Frickingen,Hall 16 / E04,drupa2024.2728932,bSZZkl7UQQaN8CeHtzVIUA
HTM for paper manufacturing and converting Corp.,Egypt,Giza,Hall 4 / A06,drupa2024.2768613,fm5xV1VkS2eIUrMVWaIJOQ
"Huai Ho Tech Co., Ltd.",China,"Bengfu, Anhui",Hall 5 / E01,drupa2024.2751705,SqqjqwXhQD6PV32i61cgeQ
"Huangshan Jinruitai Technology Co., Ltd.",China,"Huangshan, Anhui",Hall 8b / B14,drupa2024.2759898,bxXdRABLQVKO1B3bkwtTaw
Huber GmbH Printing Chemicals,Germany,Troisdorf,Hall 3 / A103,drupa2024.2778216,XK0Qb7HUQ1SDCnOv2c5mzw
hubergroup Deutschland GmbH,Germany,Kirchheim-Heimstetten,Hall 3 / B31,drupa2024.2768643,7iaGtN0XRn2jpsCGEWTVCw
hubergroup Deutschland GmbH,Germany,Kirchheim-Heimstetten,Hall 16 / A31-3,drupa2024.2780252,FDn1hO8vTM2aNrZqBeCXmQ
"Huizhou Ausjetech Co., Ltd.",China,"Huizhou, Guangdong",Hall 6 / B54-01,drupa2024.2732310,ii9SR3sgRKGwmAjsBRUo1A
"Huizhou YIDU Stationery Supplies Co., Ltd.",China,"Huizhou, Guandong",Hall 3 / H02-04,drupa2024.2733118,qbMvDJPsSkCXpeuA6Ah5eA
"HUNAN CHANGYU TEXTILE CO.,LTD",China,"Yiyang, Hunan",Hall 3 / F03-02,drupa2024.2771520,XCGKU6P8RHqd6QIr2mDALA
"HUNAN YINTECH CO., LTD",China,"Xiangtan, Hunan",Hall 5 / C20,drupa2024.2733612,NCwE2mTFSbyuXDSZLFykEQ
"Hunan Zhijian Copier Re-manufacturing Co., Ltd.",China,"Changsha, Hunan",Hall 13 / A33,drupa2024.2775007,0av2P6NkQ9ezF9UruOlZqw
Hunkeler AG,Switzerland,Wikon,Hall 8a / A20,drupa2024.2732625,wl2lkZxzSdyd86C2mW7Q6w
Hunkeler AG,Switzerland,Wikon,Hall 17 / A01-2,drupa2024.2777952,Iw2i6albQVmWhsrgtXiYZw
Hunkeler AG Paper Processing,Switzerland,Wikon,Hall 8a / A20,drupa2024.2732625,wl2lkZxzSdyd86C2mW7Q6w
Hunkeler AG Paper Processing,Switzerland,Wikon,Hall 17 / A01-2,drupa2024.2777952,Iw2i6albQVmWhsrgtXiYZw
Hunkeler Systeme AG,Switzerland,Wikon,Hall 1 / B42,drupa2024.2729905,TZ1PFKpOT7ufBLOgRUcKVw
HX PRODUCTION GROUP LIMITED,"Hong Kong, China SAR",Tuen Mun,Hall 3 / A43,drupa2024.2728055,4u1hEwd0STigK4GEEjBfsg
HXCP,China,"Donguan, Guangdong",Hall 6 / F41,drupa2024.2733122,I4X8mU4vSouFWFTDmBeMnA
Hybrid Software Group,United Kingdom of Great Britain and Northern Ireland,Cambridge,Hall 7a / D03,drupa2024.2711863,qUBJqeCmSnipXaMtYlnSuw
HYBRID SOFTWARE GROUP PLC,Germany,Freiburg,Hall 3 / B31,drupa2024.2768637,p9KyyYEHRUeZgadxP8HGhg
Hylte Paper AB,Sweden,Hyltebruk,Hall 4 / D23,drupa2024.2767910,OqzRUILfSXShuiVBxhOxkg
"Hyunjin Co., Ltd.","Korea, Republic",Siheung-City,Hall 6 / C46,drupa2024.2779376,xYfGWxypTXac13lXIb2G4w
I.M.C. GmbH Marketing für die graphische Industrie,Germany,Mühlheim,Hall 4 / C20,drupa2024.2757818,ca59ahOoQGuFbiYX4MtHCA
I.S.T Italia Sistemi Tecnologici S.p.A.,Italy,Modena,Hall 15 / E60,drupa2024.2717629,R5WCDamsTqCypACBDCn4Qg
IARIGAI e.V.,Germany,Darmstadt,Hall 7 / G01,drupa2024.2777085,tJB7NvXzTnyri0jSotgARA
IBIS Integrated Bindery Systems Ltd.,United Kingdom of Great Britain and Northern Ireland,High Wycombe,Hall 6 / F04,drupa2024.2774518,pcajAevKTFWNWcmCNyAGKA
Icon Global Services Ltd.,United Kingdom of Great Britain and Northern Ireland,Brentford,Hall 13 / B95,drupa2024.2710154,p7yTm0yWSnWKGfDWbf571g
IDEAL,Germany,Balingen,Hall 1 / C11,drupa2024.2732402,ZAHj34N2TMm2iksHRj9Thw
IDEAL / EBA Krug & Priester,Germany,Balingen,Hall 1 / C11,drupa2024.2732402,ZAHj34N2TMm2iksHRj9Thw
ideeGO GmbH,Germany,Lichtenau Bei Chemnitz,Hall 3 / D81-4,drupa2024.2769217,EPijj4SjSlKO5bfC91mKkw
IEN INDUSTRIE Srl,Italy,Fano,Hall 6 / A04,drupa2024.2732525,DP5mCamNQvaRkT1pO7Yzmg
IFS Europe Holding GmbH,Germany,München,Hall 1 / C30-2,drupa2024.2775680,ZliPnAFBS4mzBre6oM565Q
Imaf S.p.A. Industria Materiali Fotochimici,Italy,Peschiera Borromeo (MI),Hall 4 / D11,drupa2024.2731244,mPxj9bHbS665HpKdHWb9KA
Image Gravures (Partnership),India,"Chhatral, Dist. Gandhinagar, Gujarat",Hall 13 / A12,drupa2024.2766260,nvbUC6iUSgKtkL4CNeoxIA
Imaging Solutions AG,Switzerland,Dielsdorf,Hall 6 / A06,drupa2024.2732341,UXGSzgNUT3qkyQNaOx383w
IME Automation,USA,"Hurricane, UT",Hall 17 / A01-2,drupa2024.2777967,kV8Py9WUQJOiZVB8NrjQ9A
"Imetto Intelligent Technology Co., Ltd (Guangzhou)",China,"Guangzhou, Guangdong",Hall 6 / C23,drupa2024.2728993,n9ubZEWSQMCOLTfHiUISzg
IML MACHINERY srl,Italy,Offanengo (CR),Hall 14 / D80,drupa2024.2708870,SniB70jYQ2SvMM3fyOLP2w
Impack DTCI Conception Inc.,Canada,"St. Jacques, QC",Hall 11 / E64,drupa2024.2764191,hNubaVjlTCyWpkPcwKluhA
Imperial Ink Pte Ltd,Singapore,Singapore,Hall 3 / C70,drupa2024.2730095,dJX2k6WMR6WAfJMmfAn6Iw
Impress Precision Tools Pvt. Ltd.,India,Chennai,Hall 3 / C03,drupa2024.2713364,PGbZtnyCS4ODZMxcXnzaJA
IMPULSA Apparatebau Jaeger & Sohn GmbH,Germany,Wiernsheim,Hall 9 / C04,drupa2024.2733645,jdrAMEpvTumEN4SAnPtxSA
IMS TECHNOLOGIES S.p.A.,Italy,Calcinate (BG),Hall 10 / D31,drupa2024.2712318,XP0EP3TsQpmLwSlYoodJWQ
IN-LINE PRINTING SERVICES LTD,Uganda,Kampala,Hall 6 / F46,drupa2024.2779403,hqWO9HwuR3mwvMv3gjKiYA
IN-LOG / GÄMMERLER,Austria,Wien,Hall 16 / E10,drupa2024.2751506,syQFxpfIS3qbl0uOo05xcA
Inabata Europe GmbH,Germany,Dusseldorf,Hall 3 / B03,drupa2024.2758776,l1WNVMTmQwGkS5cSsJZzIg
Indo Global Commercials,United Arab Emirates,Sharjah,Hall 4 / C01,drupa2024.2778654,EnNYodk7Qxe4gJUzNIgPUw
INDUMARSAN S.L.,Spain,Manises,Hall 14 / B51,drupa2024.2717272,6HrCg6hoQYaudnOZG7k4tA
INDUSTRIA DE MAQUINAS MIRUNA LTDA,Brazil,"Cotia, Sao Paulo",Hall 12 / E63,drupa2024.2753428,9WN8frY1SYWG2ST6IFquYw
"INDUSTRIA Y DESARROLLO GAMAX, S.L.",Spain,Ripollet,Hall 6 / B27,drupa2024.2778593,truQyNpGQImLdqwrZrWtEg
Industrial Inkjet Limited,United Kingdom of Great Britain and Northern Ireland,"Swavesey, Cambridgeshire",Hall 8b / A40-1,drupa2024.2778145,CBeIvEAQQH2ZOuFmGQgyRQ
Informa Markets Brasil Ltda.,Brazil,São Paulo,Hall 3 / E34,drupa2024.2777166,kULSc3r5Qb6dElyEDnOQAA
Infowerk,Germany,Radebeul,Hall 9 / C42,drupa2024.2779889,OgcVVc4ATL2EQ3EWAaYsEg
Ing. Fritz Schroeder GmbH & Co. KG,Germany,Barsbüttel,Hall 6 / A33-1 – A33-2,drupa2024.2732819,T7rMDemsQnaufMj7nW67Iw
INK VISION,Israel,Givatayim,Hall 9 / D50,drupa2024.2754735,sQE21TzwSzaiuGmUl8AQ4Q
INKBANK GROUP INC.,China,Shenzhen,Hall 3 / F61,drupa2024.2747845,7M4Rsx8sRjaF3LMSBasfWg
"INKGENIOS PLV, SL FASTER DISPLAYS",Spain,Sabadell,Hall 5 / C01,drupa2024.2731498,MA4pt8C4RgaI8oP7XdDjxw
Inkmaker Asia Sdn. Bhd. IM GROUP,Malaysia,Bandar Baru Bangi,Hall 15 / E52,drupa2024.2778151,N0BjRqw3TwmmC0yFHHS2Pg
Inmaco Solutions B.V.,Netherlands,Hoogeveen,Hall 12 / B13,drupa2024.2768515,wYmCKgoKSK2JJDF1mT2twA
Innovative Card Systems GmbH,Germany,Paderborn,Hall 13 / A61,drupa2024.2715719,p9De9oyDTWKPCfQrI4JbYw
"Innovative Flexotech Pvt. Ltd,",India,Ahmedabad,Hall 3 / D33,drupa2024.2733110,Mw124wBfT8izgUHTx3Ep0A
Innovative Press s.r.l.,Italy,Milano,Hall 9 / B01,drupa2024.2731434,S4vJj2z6Q4O7d8Xe9G89RQ
INOMETA GmbH,Germany,Herford,Hall 15 / F01,drupa2024.2751058,IlwBr3CmRT6LBjasRAlTgA
Inpro Silkscreen Solutions B.V.,Netherlands,Rossum,Hall 3 / E31,drupa2024.2722136,B5pNLFkbRdOeTpbnQGvb9w
Insensiv GmbH,Germany,Bielefeld,Hall 7 / F01,drupa2024.2780088,6wYxTCCTQx6RO6F0Gh2G4g
Instituto de Embalagens Ltda.,Brazil,Barueri,Hall 3 / F33,drupa2024.2777454,odxw1t9zRr2a1ux2RAvkng
Intec Printing Solutions,United Kingdom of Great Britain and Northern Ireland,Poole,Hall 8b / A41-1,drupa2024.2776112,jZDcYVA4Ryi76cVBhqjQCQ
INTEGRAL MATERIAL PTE. LTD.,Singapore,Singapore,Hall 4 / A04,drupa2024.2751023,7S141zCeR6Oj75E1HGTWKQ
Intercheck Ltd.,Israel,Tel Aviv,Hall 6 / E91,drupa2024.2775317,UM7Frh3zQxqKeMul9CiKQg
INTERGRAF aisbl,Belgium,Bruxelles,Hall 4 / F05,drupa2024.2776553,MClvDRNTTDurYeHP9OOmjQ
International Circle of Educational Institues for Graphic Media Technology and Management,Germany,Stuttgart,Hall 7 / G01,drupa2024.2733022,pAABe00XQ0e43dpR1WNFOg
InterRed GmbH,Germany,Siegen,Hall 7 / A04,drupa2024.2776579,C8d5KOiIThyNv88M8s9zbQ
INX International Ink Co.,USA,"Schaumburg, IL",Hall 3 / E83,drupa2024.2770495,CP8K70q4TqSfiIQXpN0aGg
IONTIS Elektrostatik GmbH,Germany,Efringen-Kirchen,Hall 9 / D10,drupa2024.2724727,u1bzb54MRdamv527vAih2A
IPM Müller und Resing GmbH,Germany,Saerbeck,Hall 3 / C71,drupa2024.2777352,pQLpAn3kTCWBfaSFIQTKHA
IQDEMY Swiss Inx SA,Switzerland,Aigle,Hall 10 / A34,drupa2024.2769808,c0NkHOv2Q5mDd1gDTlalzQ
iQIP GmbH & Co. KG,Germany,Hohenschäftlarn,Hall 7 / C07,drupa2024.2778670,YByi31ReTMek53iCwctsHQ
iQIP® JobView,Germany,Hohenschäftlarn,Hall 7 / C07,drupa2024.2778670,YByi31ReTMek53iCwctsHQ
ISCAN Dis Tic. Makina Paz. Ltd. Sti.,Türkiye,Istanbul,Hall 10 / C30,drupa2024.2763591,6hX7QIllRF2Ex90LC6LkVQ
Iscent Oy,Finland,Tampere,Hall 4 / B18,drupa2024.2779484,Web5pjdeRECVLRKHG7exLg
Ishan International Division of Mindpower Finsource Services Pvt. Ltd.,India,"Ahmedabad, Gujarat",Hall 16 / C09,drupa2024.2714267,jbrF9RVuStK9uIlEANXc2g
ISRA VISION GmbH Frankfurter Str. 112 64293 Darmstadt,Germany,Darmstadt,Hall 10 / A28,drupa2024.2716167,SwnSbwWyR6apSU45EU3IHQ
IST INTECH Ltd.,United Kingdom of Great Britain and Northern Ireland,"Banbury, Oxfordshire",Hall 3 / D81-3,drupa2024.2765179,xDNRHWY4SQGiEkgOwSn41Q
IST Metz GmbH & Co. KG,Germany,Nürtingen,Hall 1 / A24 – A24-1,drupa2024.2732399,C8uecvOXTBucAbpEG6XSlA
Itaca S.A.U.,Spain,Pobla Tornesa,Hall 5 / C30,drupa2024.2737243,cvCYCdAjSKSBJEiypRLlCA
Italian Printing Inks srl,Italy,Marcianise (Caserta),Hall 3 / E51,drupa2024.2708473,6qN4ljNvTY25F0XNdKvfkw
Italian Printing Inks srl,Italy,Marcianise (Caserta),Hall 14 / D60,drupa2024.2780301,jsTcc4hjTiGRmtnbxOT7Kg
Italian Trade Agency - ICE,Germany,Berlin,Hall 3 / A23,drupa2024.2779733,vjQGm0ZjRgmUCpg3uWlmtQ
"J-TEC CO., LTD",Japan,TOKYO,Hall 6 / D42,drupa2024.2763142,kFdQiO6lSpuIEHyZNqczMQ
J.B. Machines s.r.l.,Italy,Vigonza,Hall 13 / A103,drupa2024.2752891,SWAXEZL2QimV14eVb9SwVQ
J.M. Voith SE & Co. KG,Germany,Heidenheim,Hall 14 / D60,drupa2024.2780287,lLZPxHJsQASws1GMOdgFbQ
JAG Synchro,Germany,Wedel,Hall 10 / C16,drupa2024.2732363,6z27djwFQeKe06GF1S4MsQ
Jagenberg Converting Solutions GmbH,Germany,Bocholt,Hall 10 / D10,drupa2024.2744570,5dOKRbBzQJ2OsRzGsKMJ5g
Jagenberg Digital Solutions GmbH,Germany,Krefeld,Hall 10 / D10,drupa2024.2744701,l5aL86rwQGW5OrxzmHU1FQ
James Burn International S.A.S,France,L'Aigle,Hall 6 / G05,drupa2024.2710623,5xZdwblCSuSrceuy3kjmsQ
Janssen & Janssen International BV,Netherlands,Belfeld,Hall 1 / A47,drupa2024.2726796,EbH3rhWWSkOh8P3VgQiBgQ
"JCTPRINT MACHINERY CO.,LTD",China,Jinan,Hall 3 / H54-1,drupa2024.2766614,bT0ljqFHSAu6y3aqrLfCvQ
Jelight Company Inc.,USA,"Irvine, CA",Hall 15 / D60,drupa2024.2710632,v9xzc65SSuCuvQVNFfdWcw
JetFx Inc,USA,Mesa AZ,Hall 17 / A01-2,drupa2024.2777577,qQ70pEUFQ02tjgPn9y8lUw
"Jiangmen Huilong Plastics Machinery Co.,Ltd",China,"Jiangmen, Guangdong",Hall 6 / D22,drupa2024.2747858,1wCq362pS2ansLfO8rK12g
Jiangsu Brighting Optoelectronics Technology.Co.，Ltd.,China,"Wuxi, Jiangsu",Hall 3 / G21,drupa2024.2750232,CLTMJijnSx6uY4xciHqn4g
"Jiangsu Ketchview Machinery Technology CO., LTD",China,"Dongtai, Jiangsu",Hall 10 / C04,drupa2024.2731803,u0aHKzkOQOOTT7ElrWqC5A
"Jiangsu Kingwills New Material Co., Ltd.",China,"Nantong, Jiangsu",Hall 3 / G57,drupa2024.2777663,yZZcVZhfQ3eYB2ZQdhCo4A
Jiangsu Kompass Graphics Technologies Lt,China,"Chuzhou, Anhui Province",Hall 4 / D01-2,drupa2024.2730942,4HFovwo4RqCcuD6WxR69HQ
"JIANGSU LANYING PACKING MATERIAL CO.,LTD",China,"Suqian, Jiangsu",Hall 3 / G19,drupa2024.2740588,hFOXkeY8R2GQwxOLc8tw1g
"Jiangsu Lecai Printing Material Co., Ltd",China,"Taizhou City, Jiangsu",Hall 4 / A53,drupa2024.2732892,9JDolFS0TkG45zmn7PUJvg
"Jiangsu Nanjiang Machinery Co., Ltd",China,"Wuxi City, Jiangsu Province",Hall 11 / B61,drupa2024.2737542,Ro21LqaLQfiBjMsA8Vx83A
"Jiangsu Xutian Environmental Protection Machinery Co., Ltd.",China,"Nantong City, Jiangsu",Hall 13 / C16,drupa2024.2733292,gkDxaT4xRBGv2xpB702pcA
"Jiangxi Meiji New Material Technology Co.,Ltd",China,"Ganzhou, Jiangxi",Hall 4 / E02-1,drupa2024.2769258,7TrV7n2VSny0yFUrA05BtA
"Jiangxi Membrane New Material Technology Co.,Ltd.",China,"Fuzhou, Jiangxi",Hall 3 / F95-2,drupa2024.2779461,tcfX7q0oSRijUGwJk4kcBw
"Jiangyin Lida Printing Packaging Machinery Co., Ltd",China,"Jiangyin City, Jiangsu Province",Hall 4 / E06,drupa2024.2766585,DZqsqF46RBeAjhQbhEXcwQ
Jiangyin Unitec International Co. Ltd.,China,"Jiangyin, Jiangsu",Hall 6 / B01-03,drupa2024.2771962,Sb2tXFkrSMae9GMK20qZkg
"JIASHAN HENGFA PACKING MATERIAL CO., LTD.",China,Zhejiang,Hall 4 / E02-2,drupa2024.2771098,MjKQJMncQQKkX6nuxmgxNA
"Jiaxing Huan Qiang Machinery Co., Ltd",China,"Haining, Zhejiang",Hall 13 / C40,drupa2024.2732357,0kDdt2KJT6uEzoAYXJdfaQ
"JIAXING HUAYI IMP AND EXP CO.,LTD.",China,"Jiaxing, Zhejiang",Hall 3 / F95-3,drupa2024.2766612,kvETNgLZQOO8cNKgNGaRVg
"JIAXING YAEN PRINTING MATERIALS CO., LTD",China,"Jiaxing, Zhejaing",Hall 3 / E04,drupa2024.2776578,Ir2gGHxOSZOTzUplSqSAig
"Jinan Tianqi Technical Belts Co., Ltd",China,Jinan,Hall 3 / E41,drupa2024.2726619,nWYnsxJ3SSu76PnCBdCbwA
"Jingou Packaging Machinery Co., Ltd.",China,"Jiangmen, Guangdong Province",Hall 13 / B34,drupa2024.2750860,ejS6XcVDSyuVaoYb37lzKg
JMC-MIXERS Wojciech Szymanski,Poland,Plesna,Hall 12 / E71,drupa2024.2734601,RVdFz4FMRPisgR7YkiRtUw
JMD MACHINERY CORPORATION LIMITED,China,Shenzhen,Hall 6 / D31,drupa2024.2733119,xMBfh2qXRamrJ5ORScBIug
Jofeco GmbH,Germany,Aichtal,Hall 3 / C71,drupa2024.2774944,gh1AjFfJQPeqYE140RFCNA
"JOY PAPER CO., LTD.",Taiwan,Taichung,Hall 4 / E01,drupa2024.2769946,Fzs1A2aCSVOwhYCgrlvIaA
Jura JSP GmbH,Austria,Wien,Hall 6 / A11,drupa2024.2713333,iFXyMCqSSOqKwsAi5pB17w
JURMET Spolka z ograniczona odpowiedzialnoscia Sp.K.,Poland,Lubicz,Hall 11 / D32,drupa2024.2708407,dIkJZjhBQYWmLpJMFADOGQ
Just Normlicht GmbH Vertrieb + Produktion,Germany,Weilheim an der Teck,Hall 9 / D34,drupa2024.2724728,fERbiKuhQ5CDwzJlOJEHkA
K LASER Technology Inc.,Taiwan,Hsinchu,Hall 3 / E97,drupa2024.2743039,tzbXSHbTST6uny3F8ZiW7g
K-Flow Consulting GmbH,Germany,Bünde,Hall 3 / D81-5,drupa2024.2769218,ZMIQJQ68QdCudkDXa0IFxg
"K-LAMI CO., LTD.","Korea, Republic","Pocheon-Si,gyeonggi-do Pocheon-si, Gyeon",Hall 6 / C43,drupa2024.2776582,GU7XzroQQfqeONsJH0qfYQ
K-PRINT (Korea E&Ex Inc./KPA),"Korea, Republic",Seoul,Hall 1 / A59,drupa2024.2731407,tZApG9ojRVqV4kYkiHQsaA
Kahramanmaras Kagit San. Ve Tic. A.s,Türkiye,Kutahya,Hall 3 / H64,drupa2024.2711527,CSqsAa6hR3eAx1tXYUfflg
"Kaigo Co., Ltd.",Taiwan,Taipei,Hall 3 / F35-5,drupa2024.2779516,kCVANSynTKKPS0btVHsVjQ
"Kaigo Co., Ltd.",Taiwan,Taipei,Hall 12 / B80-5,drupa2024.2779561,HnpzBSUTSYaaADDlRnRlUA
KAMA GmbH,Germany,Dresden,Hall 1 / B51,drupa2024.2719551,ZngiffVPQDesMmBwtjZkcQ
Kampf GmbH,Germany,Wiehl,Hall 10 / D10,drupa2024.2744507,TM3iKkVjQLeQz8YD7yPqCA
Kampf LSF GmbH & Co. KG,Germany,Laußig,Hall 10 / D10,drupa2024.2744589,iVhNNV2cRLezvTZRaa0d5A
Kanefusa Corporation,Netherlands,Eindhoven,Hall 10 / D41,drupa2024.2776713,1mqQdZwGSViop994J7GvhA
Kao Corporation,Japan,Tokyo,Hall 5 / A25 – B21,drupa2024.2724726,u0kKrcZJQfSnGzvdkCjYFA
Karl Marbach GmbH & Co. KG,Germany,Heilbronn,Hall 10 / C28,drupa2024.2709231,5kC46gKSTzujs7VKIsbzZg
"Karlville Development, LLC",USA,"Miami, FL",Hall 17 / A01-2,drupa2024.2777574,bFq10Oo2RxKWNFhlpo78ew
"Karlville Development, LLC",USA,"Miami, FL",Hall 12 / C70,drupa2024.2779560,25ZKR12TTYOVUJdDVZRbUw
KARLVILLE SWISS SAGL,Switzerland,Balerna,Hall 17 / A01-2,drupa2024.2777579,Oj6aZN7wReaoHoNdj0n6ng
KARLVILLE SWISS SAGL,Switzerland,Balerna,Hall 17 / A01-2,drupa2024.2777579,Oj6aZN7wReaoHoNdj0n6ng
KAROŃ ZP Sp. z o.o.,Poland,Tomaszow Mazowiecki,Hall 10 / D20,drupa2024.2732146,a9m4hKTETdKsDXn4QNzvhg
KAS Paper Systems Ltd.,United Kingdom of Great Britain and Northern Ireland,"Dunstable, Bedfordshire",Hall 6 / E11,drupa2024.2776882,Nq0o0eH5T5yXSH2tA58KVw
KATUN (E.D.C.) B.V.,Netherlands,Tiel,Hall 5 / A36,drupa2024.2773903,dN9ISWdkQT6E328uJC74BQ
Kavalan,China,Shanghai,Hall 4 / C29,drupa2024.2733100,Oh5M5sHXRQWajRONZImnbg
KAYM BÜYÜKKAYNAKLAR MAK. MÜH. OTOM. İNŞ. ASAN. SAN. TİC. LTD. ŞTİ.,Türkiye,Konya,Hall 1 / A41,drupa2024.2754734,CTY3W9UeRpiSNtowom1fHg
KDX,China,Beijing,Hall 8b / C12,drupa2024.2731412,aUi6FkWVRcqN6jmO8SMOsw
KELENN Technology,France,Igny,Hall 6 / C21,drupa2024.2761280,PIRqmBDCQjKa4WmTOa78dw
"KEMAO MACHINERY Co.,LTD",China,"Guangzhou, Guangdong",Hall 13 / B44-3,drupa2024.2772489,0SovBoPFQBq76siC0TtmLQ
KENTO DIGITAL PRINTING,Spain,Burriana,Hall 5 / A13,drupa2024.2729950,N2uCIMZPSPyZ0d1BMcbjPQ
KG Klaus Paradowski Maschinenhandelsgesellschaft mbH & Co.,Germany,Henstedt-Ulzburg,Hall 13 / B80,drupa2024.2708289,CPqEGYMiRraS3HnmTlFQjw
KGT Kool Graphic Trade B.V.,Netherlands,Schijndel,Hall 13 / B100,drupa2024.2759871,bFudCb4GTXSxEiCcxUchoA
KING SCIENCE LTD,"Hong Kong, China SAR","Lai Chi Kok, Kowloon",Hall 10 / D14,drupa2024.2720692,k06xUGUCRSalQzO6uSgUug
KIPAS KAGIT SANAYI ISLETMELERI A.S,Türkiye,Kahramanmaras,Hall 4 / C11,drupa2024.2731132,rAjN4x83RbqcIsETKGq1Iw
Klingspor Museum Behörde,Germany,Offenbach am Main,Hall 14 / C82,drupa2024.2779007,cYLi0DK3SYudhegZ60oiQA
"KMI (Kwang Myung Ink) Co., Ltd.","Korea, Republic",Busan,Hall 3 / B53,drupa2024.2768371,MCUDjniUTNWHTKCwMeklaw
KMK Printing & Packaging Machinery GmbH,Germany,Wassenberg,Hall 13 / C53,drupa2024.2778373,UJ4XL0KAT66x3zDgIK5IRA
KNF Neuberger GmbH,Germany,Freiburg im Breisgau,Hall 4 / C23,drupa2024.2711864,CQxssrXsS22yZjtceZc8Tg
KOCH Industrieanlagen GmbH,Germany,Dernbach,Hall 1 / C01,drupa2024.2776974,GjlLCzbTRfKY3sNdEJJzOQ
KOCHER+BECK GMBH + CO. ROTATIONSSTANZTECHNIK KG,Germany,Pliezhausen,Hall 1 / A24,drupa2024.2776088,Rjp4VwiESpSMVMrG1PiZWg
Kodak Limited,United Kingdom of Great Britain and Northern Ireland,"Watford, Hertfordshire",Hall 5 / A02-1 – A02-2,drupa2024.2770909,8uZ26ek2RJuhr1NTaU6Jcg
Koehler Group,Germany,Oberkirch,Hall 4 / A20,drupa2024.2732818,vikGVq4HRtOLE2nNRnkAwg
Koehler Paper SE,Germany,Oberkirch,Hall 14 / D60,drupa2024.2779736,SNbuCfLpQjWuXAlnCc0kWQ
Koenig & Bauer AG,Germany,Würzburg,Hall 16 / A31-1 – A31-5,drupa2024.2729364,P97iN29rRCu7PXxS5x2qcg
Koenig & Bauer Durst GmbH,Germany,Würzburg,Hall 16 / A31-1,drupa2024.2777613,ceAcRqf9SjSQ9dr81OH3uQ
Koenig & Bauer Durst GmbH,Germany,Würzburg,Hall 16 / A41-1,drupa2024.2777614,QZjTvEc6TKaAplAYV4FJxQ
Kohli Printing and Converting Machines Private Limited,India,Thane,Hall 15 / F05,drupa2024.2708722,9fI7Kk48SkqGssG7D42yzA
Kohmann GmbH & Co. KG Maschinenbau,Germany,Mettmann,Hall 10 / B09,drupa2024.2728927,nu4BYCKjSOSrdRRA9zQXBw
KOINTEC INC.,"Korea, Republic","Gwangju-si, Gyeonggi-do",Hall 3 / C60,drupa2024.2718358,0rNk2JAeSaWIb2tMkz65bQ
KOLBUS GmbH & Co. KG,Germany,Rahden,Hall 1 / B55,drupa2024.2726623,IEyOH0mtQFqVIP2Ho22Jpw
KOMFI spol. s r.o. Laminating and varnishing machines,Czechia,Lanskroun,Hall 6 / A41,drupa2024.2738439,eIUlKexZT4qbPrdXf8sbgg
KOMORI CORPORATION,Japan,Tokyoto,Hall 14 / D60,drupa2024.2779555,bJhTlHMVQTSFGuxCuufkAA
Komori International Europe BV,Netherlands,Utrecht,Hall 15 / E02,drupa2024.2734171,UIzKb9PkQgGu9tndM3PboA
KOMORI-CHAMBON,France,Orleans,Hall 15 / E02,drupa2024.2779242,Xhw7E40VRaGggpvtc8UZiQ
KOMORI-CHAMBON SAS,France,Orleans,Hall 15 / E02,drupa2024.2779242,Xhw7E40VRaGggpvtc8UZiQ
Kongsberg Precision Cutting Systems BV,Belgium,Gent,Hall 8a / B43,drupa2024.2732221,uF1AXZYYQxaH8NYJuxqt2A
Konica Minolta Business Solutions Europe GmbH,Germany,Langenhagen,Hall 8b / A40-1 – A40-6,drupa2024.2725419,hkfX4x26T0iexfN4ngQtjg
Konica Minolta Sensing Europe B.V.,Netherlands,Nieuwegein,Hall 8b / A40-1,drupa2024.2779741,oLO91FvyRGW7iglyRun3tw
Koninklijke Moorman Karton Weesp BV,Netherlands,Weesp,Hall 3 / B10,drupa2024.2778371,hL8lLDzRQ7CID4d5C5yl5w
Korab International AB,Sweden,Göteborg,Hall 3 / C02,drupa2024.2779230,aacBcrLwR6GYV2HxnIvIUQ
Kornit Digital Europe GmbH,Germany,Düsseldorf,Hall 4 / B35,drupa2024.2776791,s5Qiv8VNS62KteXBrZELkA
Köster GmbH,Germany,Obersulm,Hall 16 / D25,drupa2024.2729215,aSH8l5V2RFW5qsGUaLZSdg
KRAEMER,Germany,Rastede,Hall 3 / E40,drupa2024.2772519,VwMLFkx1ROCz0crZecL1Rg
Krause-Biagosch GmbH,Germany,Bielefeld,Hall 8b / A11,drupa2024.2728933,kCCisCGCSlaarkS4EfyPWg
Krifft & Zipsner GmbH,Germany,Steinebach,Hall 1 / C01,drupa2024.2765124,1oCygQUBQJq1YiKWc6hj4Q
Kris S.r.l.,Italy,Milano (MI),Hall 10 / D24,drupa2024.2722111,DSYiaQIPTXKFVHp8wZc3mw
KRISHNA LAMICOAT PVT LTD,India,Bangalore,Hall 12 / B02,drupa2024.2752892,zkU4vBV6QXCmB80NaQL4sQ
Kruse Srl,Italy,Biella,Hall 3 / E60,drupa2024.2733226,6tQ28a6jTeOpf3rR31rYMA
KSL staubtechnik gmbh,Germany,Lauingen an der Donau,Hall 14 / C22,drupa2024.2709913,nbUYaxoGSA6B4O8vTWNz4Q
Kugler-Womako,Germany,Wedel,Hall 10 / C16,drupa2024.2732363,6z27djwFQeKe06GF1S4MsQ
"KURZ Digital Solutions GmbH & Co,. KG",Germany,Fürth,Hall 3 / E71-1,drupa2024.2768980,dctjNADASCGfoSfZmrLPSw
KURZ LEONHARD Stiftung & Co. KG,Germany,Fürth,Hall 3 / E71-1 – E71-2,drupa2024.2714261,0hSsOpM4SyGCinb0UhRMyg
KURZ LEONHARD Stiftung & Co. KG,Germany,Fürth,Hall 3 / B31,drupa2024.2768644,mEKNbCyGSyqZ4ln5II2n0w
"KYMC - Kuen Yuh Machinery Engineering Co., Ltd.",Taiwan,Taichung,Hall 12 / D60,drupa2024.2732223,3hCO1iOySTilVmO0r8dp0Q
KYOCERA Corporation,Japan,Kyoto,Hall 10 / A11,drupa2024.2758775,xsuuFfSSTn6aO1skjFfhrg
KYOCERA Document Solutions Inc.,Japan,Osaka,Hall 8a / C20,drupa2024.2726361,KcHVEk4HTOGnYlQXOu7aQQ
La Meccanica Fumagalli S.r.l.,Italy,Desio,Hall 11 / A70,drupa2024.2729958,cxxkEQ5xQWy9gCw7Z04Fcg
LAEM IMS - a brand of IMS TECHNOLOGIES,Italy,Calcinate (BG),Hall 10 / D31,drupa2024.2712318,XP0EP3TsQpmLwSlYoodJWQ
"LAIYANG YINTONG PAPERMAKING CO.,LTD",China,"Laiyang, Shandong",Hall 3 / G02-04,drupa2024.2755399,VTGmv350QUGXITkFr4OAQQ
Lambda Technology Gesellschaft für Thermische Prozesse mbH,Germany,Grafing,Hall 3 / D81-7,drupa2024.2765560,KEex5bovSHShN9fZs2ob6Q
LAMI CORPORATION INC.,Japan,Osaka,Hall 6 / C06,drupa2024.2739770,msuz2cTERzukZu3KP9RV7g
Lamichina,China,"Haidian District, Beijing",Hall 6 / G50,drupa2024.2729710,9yhNmADlRQubNeEXUG6rzA
Lamichina Technology Co. Ltd.,China,"Haidian District, Beijing",Hall 6 / G50,drupa2024.2729710,9yhNmADlRQubNeEXUG6rzA
Lamiflex S.p.A.,Italy,Ponte Nossa (BG),Hall 15 / C57,drupa2024.2779017,mcmjLvpKRAu1LuFkFPefEA
Lamina System AB,Sweden,Boras,Hall 12 / A60,drupa2024.2715302,Y2RriCzPREWUoW0b6UwyfA
Landa Corporation Ltd,Israel,Rehovot,Hall 9 / A33-1 – A33-9,drupa2024.2717857,oDLtNkpATFmHupSu6NHJjA
LANG GmbH & Co. KG,Germany,Hüttenberg,Hall 3 / D40,drupa2024.2733115,p2sltE9kTYCnIlReOeVSvQ
"Lanxi Jingda Printing Machinery Co., Ltd",China,"Lanxi, Zhejiang",Hall 6 / D37,drupa2024.2731804,Jf32wKQbS8u2KUr9IiB8DA
LARGOIKO S.L.L.,Spain,Villatuerta,Hall 1 / C13,drupa2024.2774070,DNbbOSGWROqHH454c5PHIQ
laserclean b.v.,Netherlands,Alphen aan den Rijn,Hall 15 / F03,drupa2024.2730983,GouA7X5zT7eJrFl3nj2Gow
LaserEcoClean GmbH & Co. KG,Germany,Frankfurt am Main,Hall 15 / F60,drupa2024.2779019,F4RiC6HDRKGQQeQxvr8kmw
LaserPin S.r.l.,Italy,Cologno Monzese (MI),Hall 11 / F32,drupa2024.2779936,nzThuFgIQQKjwhR6KQPoDw
LasX Europe GmbH,Germany,Chemnitz,Hall 12 / C70,drupa2024.2779258,wMPBUhewRjGMfQYtb87J7Q
Layflat.com AG,Switzerland,Meggen,Hall 17 / A01-2,drupa2024.2777568,QNuo34zgSC2x62gx9yoBFg
Lead Lasers BV,Netherlands,Tilburg,Hall 12 / E51,drupa2024.2726906,FfJHnnu2T9OQCSJFiwo0hQ
Leister Technologies Deutschland GmbH,Germany,Wuppertal,Hall 12 / A54,drupa2024.2778060,CBBzCYs6R1eBLe7l8kXFuQ
LEMO Maschinenbau GmbH,Germany,Niederkassel,Hall 3 / E99,drupa2024.2731942,cDagdidjSCCrJCM4zyymAg
LEMUGROUP,Spain,Ibarra (Gipuzkoa),Hall 11 / B04,drupa2024.2717621,y28qGvVcSNuq91PxN2zErA
Lenze,Germany,Aerzen,Hall 11 / A30,drupa2024.2777348,9uDEekiDTLCJx3FJoay7Eg
Lenze SE,Germany,Aerzen,Hall 11 / A30,drupa2024.2777348,9uDEekiDTLCJx3FJoay7Eg
Leonardus S.r.l.,Italy,Sozzigalli di Soliera (MO),Hall 3 / D06,drupa2024.2708726,DWILzgz7ThyUApGkM8Rccw
LEONHARD KURZ Stiftung & Co. KG,Germany,Fürth,Hall 4 / B30,drupa2024.2773735,787DNh9tQFCNXNwIhzADRg
LEONHARD KURZ Stiftung & Co. KG,Germany,Fürth,Hall 14 / D60,drupa2024.2780122,FxyyJoA8QBaAoqoWvelKLA
Letternart Henrich Weusthoff,Germany,Köln,Hall 6 / F01,drupa2024.2774392,qkvKxhpHQfWvNcvIVzlazQ
"LICHTZEN CO., LTD","Korea, Republic",Gunposi,Hall 13 / C104,drupa2024.2730947,b7Gojp8gRBSSmAnsxyKOJg
Ligum spol. s.r.o.,Czechia,Jablonec nad Nisou,Hall 15 / A50,drupa2024.2778340,sicxtw12Thedrn3dcR75VA
Lijnco B.V.,Netherlands,Groningen,Hall 3 / C71,drupa2024.2776282,6RXZEWSzS3KjBlco0szAkw
Lineomatic,India,"Naroda, Ahmedabad",Hall 11 / A12,drupa2024.2708720,xwy08CdXT0SkU07Ja1s3Kg
Lineomatic India Pvt. Ltd.,India,"Naroda, Ahmedabad",Hall 11 / A12,drupa2024.2708720,xwy08CdXT0SkU07Ja1s3Kg
Linked2Brands Germany GmbH,Germany,Kippenheim,Hall 3 / B31,drupa2024.2768645,IowDFYLEQJyZENMOvjdZ6w
Linyichangrongprintingmachinery Co.，LTD.,China,"Linyi, Zaoyuan",Hall 10 / C02-01,drupa2024.2776305,ZIEKyiskQiurFUJ1zBlH2Q
Lisboa Turismo Ltda.,Brazil,Sao Paulo,North Entrance / 01,drupa2024.2779648,7UDxnOGSRFillw7A7wEI0w
Lithec GmbH,Germany,Miesbach,Hall 16 / F13,drupa2024.2749741,fMUOS485TkK6tRenr1PJbA
liyu Deutschland GmbH,Germany,Krefeld,Hall 8b / B31-1,drupa2024.2767007,kt8cKFyySdaAppWJfdHOqA
locr GmbH,Germany,Braunschweig,Hall 7 / F02,drupa2024.2757475,JsKtiBFyT6aYSc7ikVSHUQ
Lohmann GmbH & Co. KG,Germany,Neuwied,Hall 15 / A11,drupa2024.2732672,TUOxWoZkTQqjmC44rs5mkw
"Long New Industrial Co.,Ltd.",Taiwan,Taichung,Hall 10 / B35,drupa2024.2732884,2WEPkQoDQP2KkHFzPen5GQ
Longford International Ltd.,Canada,"Toronto, ON",Hall 6 / A32,drupa2024.2713353,nMo2mgYrQCyw0JOQih861g
Lotus Holland Industriele Producten BV,Netherlands,Raamsdonksveer,Hall 3 / A01,drupa2024.2729908,iC4Pe6r9TQWftkBfvn9fKw
LPM SRL,Italy,Este,Hall 12 / C50,drupa2024.2779399,y1fJrFmNSO64tvDQx5OpkA
"LR CONVERTING PERIPHERAL PRODUCTS, SL",Spain,Cornella del Terri - Girona,Hall 10 / A24,drupa2024.2732542,ZTnUV9cSR6ePkAGwQSsysw
"LUCKY HUAGUANG GRAPHICS CO.,LTD.",China,"Nanyang, Henan Province",Hall 4 / E30,drupa2024.2752292,g2KEAqwMQ4uyfiguwcr1bw
Lundberg Tech A/S,Denmark,Lille Skensved,Hall 11 / D66,drupa2024.2729957,pJIxiMFXQZiyeA82x5QOAg
Lüscher Technologies AG,Switzerland,Oftringen,Hall 3 / A91,drupa2024.2745835,Ye0tycOPS4qVc9dbE8AeBA
"LUSTER LightTech Co.,LTD",China,Beijing,Hall 12 / A71,drupa2024.2728992,BXFF2dyzSK6PDgZABxol2w
Luxfer Graphic Arts Ltd.,United Kingdom of Great Britain and Northern Ireland,Manchester,Hall 3 / F51,drupa2024.2729956,omGgg9jxTMuELN44Z0hufg
M E X International General Trading LLC,United Arab Emirates,Dubai,Hall 4 / C24,drupa2024.2763686,GU187Rf8QOyCgZilJV8r2w
M.V.M. SRL,Italy,Correggio (RE),Hall 11 / F30,drupa2024.2711538,5mwoB3nOSZqsNr7Sjne4Aw
"Mabeg Machinery (Shanghai) Co., Ltd.",China,"Fengxian, Shanghai",Hall 10 / D01-01,drupa2024.2776124,AGdi4yjbS4KJFYWsAHRiBA
MABEG Systems GmbH,Germany,Mörfelden-Walldorf,Hall 9 / D05,drupa2024.2722089,7lWDX6ADRp6IupMsiusM2w
MACARBOX SLU,Spain,Arroa-Zestoa,Hall 9 / A01,drupa2024.2728306,GaDbwhueTyuRq0wAdBptnA
MACARI SRL,Italy,San Carlo Canavese,Hall 10 / A20,drupa2024.2732540,9ljCZhQ2QMGqA2phtquBOQ
MachinesDirect UK Ltd,United Kingdom of Great Britain and Northern Ireland,Wakefield,Hall 13 / C72,drupa2024.2732138,GdzR86SPTpu9IdBr2cObYw
Madern,Netherlands,Vlaardingen,Hall 10 / B31,drupa2024.2709554,lO2M96EWShiWE4VDzPwY0Q
MAG DATA SPA,Italy,Colorno (PR),Hall 1 / A12,drupa2024.2779401,4jw9qf2AQrGc1khjSBpKiw
Magic Blades Pvt. Ltd.,India,"Una, Himachal Pradesh",Hall 6 / B44,drupa2024.2746020,HLwiBQPpQgm9gaOzy4ORmA
MagPowr,Germany,Kelkheim,Hall 12 / D41,drupa2024.2730963,IZrX6KDKT36WU4XZl6s0qA
MAGRAF OBRT VL. MARINO MAKOVAC,Croatia,Umag,Hall 6 / E07,drupa2024.2779219,e5A9bfMMQACKJeC8WAVWSA
MAH SCHEFFER LLC,USA,"Merrillville, IN",Hall 16 / A44,drupa2024.2779402,nnn1I2drQgGklfuxYi2aPg
MAHALAXMI RUBTECH LIMITED,India,Ahmedabad,Hall 4 / A30,drupa2024.2711183,5xDIl6P2TbaHNIxYVbWB2Q
MAMO,Italy,Rosà,Hall 6 / A54,drupa2024.2728834,LlmxDOclTtGHCwkEPxtqWw
Mankiewicz Gebr. & Co. (GmbH & Co. KG),Germany,Hamburg,Hall 3 / D81-2,drupa2024.2778369,Tuoj1LT6SJKvSaYzlN33cg
manroland Goss web systems GmbH,Germany,Augsburg,Hall 16 / F02,drupa2024.2732773,VYa2QyuhRIiIbPySr5YkKw
manroland Goss web systems GmbH,Germany,Augsburg,Hall 3 / B31,drupa2024.2768654,ATmiPQNsT76nKqLFimDL7w
Manugraph India Ltd.,India,Mumbai,Hall 15 / F57,drupa2024.2728794,DwyDNM0nRl2s7NIxJe622Q
Marabu GmbH & Co. KG,Germany,Tamm,Hall 3 / B81-1,drupa2024.2765178,4g36hVIcRVGunRWL9HQiAQ
MARKHUNTING SRL,Belgium,Enines,Hall 6 / D45,drupa2024.2730722,xUGWjcqaQcWrUsMIVOKSTg
Marmara University/Applied Sciences Department of Printing Technologies,Türkiye,Istanbul,Hall 7 / G01,drupa2024.2776129,ugPOkmZBQEihimYG5lKafQ
MarquipWardUnited,Germany,Wedel,Hall 10 / C16,drupa2024.2732363,6z27djwFQeKe06GF1S4MsQ
Martin Automatic Inc,USA,"Rockford, IL",Hall 11 / D69,drupa2024.2718903,1tw8bwLHTyGfFiYTH67QMw
Martin Miller,Austria,Böhlerwerk,Hall 10 / D38,drupa2024.2725069,LEC4DSMTQv6e3a7ZIhNZqQ
"MARTÍNEZ AYALA, S.A. MA INKS",Spain,Totana (Murcia),Hall 3 / E55,drupa2024.2730717,OrV4jHk5SCSP5WpmdVGNGA
"Maruishi Co., Ltd.",Japan,Fuji Shizuoka,Hall 12 / C41,drupa2024.2708479,625rPPiEQuuNrvbS5VDp4Q
Maschinenfabrik Kaspar Walter GmbH & Co. KG,Germany,Krailling,Hall 3 / A91,drupa2024.2744239,BqNPUFdATiOKinmPC1y7Tw
Masfen Makina Sanayi ve Tic. Ltd. Sti,Türkiye,Istanbul,Hall 12 / A27,drupa2024.2764361,KkJbTR45SXe5pMHryBYZXg
MASSIVIT Incorporated Company,Israel,Lod,Hall 9 / A08,drupa2024.2776792,qEXbpPZtT0iJ8Ef5qTDVTQ
"MASTERWORK GROUP CO., LTD.",China,Tianjin,Hall 1 / B20-1 – B20-2,drupa2024.2730555,z0I6LPRcRFC7u9TRWBMcAQ
Matchmaking,Germany,Düsseldorf,Hall 14 / C50,drupa2024.2779612,hpw5gPuGTAu1mH5lmWvw9Q
Matchmaking,Germany,Düsseldorf,Hall 6 / A17,drupa2024.2779613,NchKdlDMSheFJZsAnuTlrw
Matthews Europe GmbH,Germany,Vreden,Hall 3 / B31,drupa2024.2768648,BKC78u3kSpW4n3yQPBWK2Q
Maxcess,Germany,Kelkheim,Hall 12 / D41,drupa2024.2730963,IZrX6KDKT36WU4XZl6s0qA
MB Bäuerle GmbH,Germany,St. Georgen im Schwarzwald,Hall 6 / C31,drupa2024.2778220,T0bpcZtmSQO39gOij1zJKw
MBO Postpress Solutions GmbH,Germany,Oppenweiler,Hall 15 / E20,drupa2024.2735551,IL8haIwuSuKCqlsyCc5ayg
MCLANTIS GROUP INTERNATIONAL LIMITED,China,"Kunshan, Suzhou, Jiangsu",Hall 4 / D44,drupa2024.2737538,Kh7LIAKkSvSHjjZvuKjTfQ
MCS Inc.,USA,"Gaithersburg, MD",Hall 6 / F05,drupa2024.2778330,3A3ZDLyqRoarakt9D8Udng
MeasureColor,Netherlands,Rijswijk,Hall 7a / B11,drupa2024.2731433,xcjUqR0qQgeRRYT2rkOgGA
Mecanelec SAS,France,Garat,Hall 10 / C29,drupa2024.2779859,zCJUCzcYRoGhL1siy7eCSQ
Meccanotecnica S.p.A.,Italy,Torre De' Roveri (BG),Hall 1 / B21,drupa2024.2732483,qf27wgjPTIqum642yKREfw
Medienhaus Gather GmbH,Germany,Mönchengladbach,Hall 3 / C71,drupa2024.2774515,aZezXPAuTh2rRqCavmfBew
MEESUNG WIRE CO. LTD,"Korea, Republic",Paju,Hall 6 / G48,drupa2024.2732743,qOg9GsFSTUmumZgWx3WZog
MEGABOUND (INDIA) PVT. LTD.,India,Bengaluru,Hall 14 / C11,drupa2024.2731566,LZ1J3JhRR7mk021P0LwDjQ
Mehring GmbH,Germany,Troisdorf,Hall 6 / A50,drupa2024.2732144,a7Chg9Z6QK2U5aloAKFjZw
Mekes Graphic Machinery B.V.,Netherlands,Roosendaal,Hall 13 / B91,drupa2024.2722330,29kgnMdoSxalQHOcHu2xaA
MEL MACEDONIAN PAPER MILLS S.S.A.,Greece,Thessaloniki,Hall 4 / C12,drupa2024.2764359,iUzvUYtfRF6osgqQRFzrHQ
Melzer Maschinenbau GmbH,Germany,Schwelm,Hall 3 / E93,drupa2024.2732141,lRluvwyQRwONtVtRYTzKFQ
Mendel RG-Systems GmbH Stanztechnik und Industrievertretungen,Germany,Wangen,Hall 11 / A30,drupa2024.2712970,IuUPZK8oR6O2jFARdLEvlw
MENICHETTI GLUES & ADHESIVES S.R.L.,Italy,Fucecchio,Hall 14 / A02,drupa2024.2731440,VrDMSyjbSNGj9jClS330uA
Mepco Gulf Commodities DMCC,United Arab Emirates,Dubai,Hall 4 / C21,drupa2024.2729722,HknWl0lbTg2UOIMRxy2TiA
MeRo S.p.A.,Italy,Ponte a Moriano (LU),Hall 11 / A71,drupa2024.2729911,vOqlPg6OQAqqmSFYQXKNnA
Meteor Inkjet Ltd,United Kingdom of Great Britain and Northern Ireland,Cambridge,Hall 7a / D03,drupa2024.2777586,g8etWMrHQeCk2iZcyazBHw
Meteors Chemicals Co.Ltd,Jordan,Amman,Hall 3 / F56,drupa2024.2755874,ttqtN4NdSPaZ6UDD80SK5Q
MGI Digital Technology SA,France,Fresnes,Hall 8b / A40-1,drupa2024.2772695,RU9mudYtTPCSLDmRBHTbvQ
Michael Hörauf Maschinenfabrik GmbH & Co. KG,Germany,Donzdorf,Hall 1 / A60,drupa2024.2728305,9JkRytBxRuGxq7tQVfedrA
Michelman International S.a.r.l.,Luxembourg,Windhof,Hall 5 / D21,drupa2024.2723947,JqDiXj0sTxCItScWqCi6lw
Miller Advanced Technologies LTD,Israel,Jerusalem,Hall 6 / A04,drupa2024.2779246,n84hSIeYS4qBr4EmnfF9zA
Milltex S.p.A.,Italy,Parma,Hall 11 / F35,drupa2024.2731568,6XtibzQEQi28hQE2tO1bJA
Mimaki Europe B.V.,Netherlands,Diemen,Hall 9 / A04,drupa2024.2732798,Bq58wDvmTS2yHz3rs92CdA
mindboost Hochschule der Medien Stuttgart,Germany,Stuttgart,Hall 7 / G01,drupa2024.2775762,SiqiPzg5ShGsmpONCS9TZg
"MING JILEE ENTERPRISE CO., LTD",Taiwan,Tainan City,Hall 14 / C05,drupa2024.2718486,0GiyiO9aTB61Qd4I4f0eyw
Mingbo Anti-forgery Technology (Shenzhen) Co. Ltd.,China,Shenzhen,Hall 3 / G02-1,drupa2024.2741762,myYeyTzwSzSjOmaMqxiryg
Mink Bürsten August Mink GmbH & Co. KG,Germany,Göppingen,Hall 12 / C40,drupa2024.2733707,peJgYCfnSC6UwW22nv8zrg
"Miquel y Costas & Miquel, S.A.",Spain,Barcelona,Hall 4 / D19,drupa2024.2778681,OdgCzxIfQyKZrCR8HEzvAw
Miraclon BVBA,Belgium,Zaventem,Hall 15 / F50,drupa2024.2733225,otmGATTgQnGzPWVXaeDKag
Misr Italia Co.,Egypt,Cairo,Hall 3 / E61,drupa2024.2779108,l3yDKUWuQzyEfwuHPJOEbg
MITWILL TEXTILES EUROPE E.U.R.L.,France,Sausheim,Hall 4 / B30,drupa2024.2773737,W8WlnYznQhaeDU3rYng0ZA
MKW Graphische Maschinen GmbH,Germany,Ulmen,Hall 6 / A03,drupa2024.2730728,lSUR9q9hTZmg8SrfebFHaQ
MM Group,Austria,Wien,Hall 3 / B31,drupa2024.2777180,NYSGWeYnRwWCMGhl6IxpDw
MMC S.r.l.,Italy,Bollate (MI),Hall 4 / E44,drupa2024.2732733,EItMsDULT92jIFO12006wQ
MMR Group/MMR Group PrintSolutions,Poland,Gdynia,Hall 3 / B20,drupa2024.2732792,zAJXuhfDT72s7Dc7cW84tw
Modico GmbH & Co KG,Germany,Kissing,Hall 5 / D10,drupa2024.2771919,1Dw6Z9ytTG2Q8RKZeY8Iqg
MONA EQUIPMENTS Inh. Pawan Kumar Singh,India,"Noida, Uttar Pardesh",Hall 14 / D03,drupa2024.2765209,xYjQXnoTQuOobscVGqipsg
Mondi Paper Sales GmbH,Austria,Wien,Hall 3 / B31,drupa2024.2768647,OVsmk6XPRTiryE8wFOWIqA
Monomatic S.a.s.,France,Strasbourg,Hall 11 / F15,drupa2024.2711403,7Opvb8XwRD6MOkGsZ83e2Q
"MOOKOONGHWA LNB CO.,LTD","Korea, Republic",Chungcheongnam-do,Hall 4 / D05,drupa2024.2769853,b23p3Sm3Q8i85Xu6wn01Ww
Morgana Systems Ltd.,United Kingdom of Great Britain and Northern Ireland,Milton Keynes,Hall 8b / A41-1,drupa2024.2766781,BQtJrG4gSUaJKdF1g4WDqw
Mosca GmbH,Germany,Waldbrunn,Hall 11 / F11,drupa2024.2724292,H1P2zvYoR0STiydBwDtW5g
Mosca GmbH,Germany,Waldbrunn,Hall 14 / D60,drupa2024.2780158,J6nhNFG2QHSxfDVpEuTDEQ
MoviĜo Robotics BV,Netherlands,Haarlem,Hall 17 / A01-2,drupa2024.2777968,h5ExJQl5SbSOJJ71dVbszQ
MPI PAPERS PVT LTD,India,Mumbai,Hall 4 / C17,drupa2024.2732649,OLZ0oVttSm2JpUh7KBC34A
MPRINT Morlock GmbH & Co. KG,Germany,Baiersbronn,Hall 3 / E71-1,drupa2024.2777619,0glZlKwrQv6JlgXVinGaaw
MRL Midlands Ltd,United Kingdom of Great Britain and Northern Ireland,Hinckley,Hall 13 / A41,drupa2024.2729708,6dJFAoEpSfSXvDdjM4tI9A
MTEX Solutions S.A.,Portugal,Porto,Hall 5 / A32,drupa2024.2767022,VYhmkA57S3mEPbchKqvzPQ
Müller Martini AG,Switzerland,Zofingen,Hall 1 / B50-1 – B50-3,drupa2024.2731403,8lX4n25hR6udccI5DQZtyA
Müller Martini AG,Switzerland,Zofingen,Hall 14 / D60,drupa2024.2779879,R737yYLDQTWJpP6FQ3Pfww
Multi-Plot Europe GmbH,Germany,Bad Emstal,Hall 4 / B30,drupa2024.2773744,ZtJ5Az11TYW9hm0ZWWBAyA
Multigraf AG - Print Finishing Systems,Switzerland,Muri (AG),Hall 6 / A22,drupa2024.2732224,QbfAtsfbTs22K3VRAiZgSQ
MultiPress,Belgium,Loppem-Brugge,Hall 7a / C03,drupa2024.2731944,yxEsRiFfQ7G1rjA7OKMlIw
Mutoh Europe NV,Belgium,Oostende,Hall 9 / B10,drupa2024.2736877,oWmXQxI7RDOyKH2PU7bUnw
MYUNGSHIN INDUSTRY CO. LTD,"Korea, Republic",Gyenggi-do,Hall 13 / A03,drupa2024.2726624,AoVUAyEeRT22skB0IkpKKA
NANDYAVART PAPER PLANET FZC,United Arab Emirates,Sharjah,Hall 4 / E46,drupa2024.2752890,qgzHa3hhT3qcEhDwYEXK4w
"Nanhai Textiles Import & Export Co., Ltd",China,"Nanhai, Foshan",Hall 4 / F03,drupa2024.2755835,bdcy0aQSTmCkaz8EHGdJsw
"Nanjing Hanrun Paper Co.,Ltd.",China,Nanjing,Hall 5 / D02,drupa2024.2752301,ampB4X8VSKui22QZlwwImA
"Nanjing Imatec Imaging Co., Ltd.",China,Nanjing,Hall 3 / E21,drupa2024.2750347,31vBy7ClQganGGl0Rogs6Q
"Nanjing Tianshi New Material Technologies Co., Ltd.",China,"Nanjing, Jiangsu",Hall 3 / F13,drupa2024.2779168,60vfJL5ESuGbTRsOVtG8yA
"Nanjing Zono Machine Equipment Co., Ltd.",China,"Nanjing, Jiangsu",Hall 12 / C20,drupa2024.2740586,vUOLEIcmTAW512jnDKBCEg
"NanTong JiaBao Machinery Co., Ltd.",China,Shanghai,Hall 13 / B42-3,drupa2024.2745399,pqycBJ6lQ8iwQ9QP5Pe9PA
"NANTONG SANXIN PLASTICS EQUIPMENT TECHNOLOGY CO., LTD.",China,"Qidong City, Jiangsu",Hall 3 / H02-10,drupa2024.2755401,ykcgHP1sTDq4XIWhaNSgBw
NBG Printographic Machinery Co. Pvt. Ltd,India,Haryana,Hall 12 / A36,drupa2024.2732532,qZ4CvXVlSCesiqcGjJrdYg
NBS AG Nickel Betriebsanlagen + Systeme,Switzerland,Kriens,Hall 15 / E20,drupa2024.2760697,UPxPS8KIRiijyDlqIuMgLA
"NDC HOT MELT ADHESIVE APPLICATION SYSTEM CO., LTD",China,"Quanzhou, Fujian",Hall 3 / F41-13,drupa2024.2728136,sCOd6mPaTdKEgSN6DTOGXg
Neatjet Ltd.,Ireland,Athlone,Hall 3 / D81-6,drupa2024.2765074,MtzHoM9fQZ6fTeilzFBDXQ
NELA,Germany,Lahr/Schwarzwald,Hall 8a / A04,drupa2024.2732052,yP2izSKRS7GptiFn8yHk8g
NEOFOAM LTD.,"Korea, Republic","Gwangju, Gyeonggi-do",Hall 16 / E23,drupa2024.2724729,3ssX6rqWSAmv1fSxk1hdvw
Neolt Asia Pte Ltd,Singapore,Singapore,Hall 7 / D04,drupa2024.2776100,w5h4sh90Q12gSy4pEwGKIA
Neos SpA,Italy,Fiorano Modenese (MO),Hall 9 / B50,drupa2024.2728752,rCK9oJP5Q8uZat5rIVTWgg
Nepata Systems GmbH Vulcan Europe,Germany,Wolnzach,Hall 12 / D86,drupa2024.2732110,ArczMOXlTEuVMjQhfLmpZA
NESSCO INDUSTRIES Partnership Firm,India,Jaipur,Hall 9 / D02,drupa2024.2738054,ucAWUVDjQvuCaTPIMjGH4Q
NESSCO INDUSTRIES PRIVATE LIMITED,India,Jaipur,Hall 13 / A106,drupa2024.2768295,ZmEpRUeXRwWzLvwe8MY96w
NESTRO,Germany,Schkölen,Hall 1 / B61,drupa2024.2708874,cMyPqYKnS2CgWTaYalYFwQ
NESTRO Lufttechnik GmbH,Germany,Schkölen,Hall 1 / B61,drupa2024.2708874,cMyPqYKnS2CgWTaYalYFwQ
Neuenhauser Maschinenbau GmbH Division Vorwald-Spannelemente,Germany,Osnabrück,Hall 16 / D02,drupa2024.2768993,jSuUbLfZSTWYz5FJ9qtZ3A
New C GmbH & Co. KG,Germany,Süsel,Hall 7 / 01,drupa2024.2780074,zUSh7DGTTLO8aIY3rGJBLQ
"NEWFILM (Guangdong) Technology Co.,Ltd",China,"Dongguan, Guangdong",Hall 3 / F41-5,drupa2024.2730979,gJfqBGADQcOcJfwEJ3XmyQ
Newfoil Machines,Netherlands,Waalwijk,Hall 3 / B75,drupa2024.2731167,W7wlaJC3RCaZrTXameIYjQ
Newlong Holland B.V.,Netherlands,Schiphol-Rijk,Hall 11 / B38,drupa2024.2743545,9FhUriK8ReyAiDbpms2LZw
"Newlong Industrial Co., Ltd",Japan,Tokyo,Hall 15 / E61,drupa2024.2778339,PTILoWIOSOKsGfdARAf5Pw
Newtown Packaging Limited,United Kingdom of Great Britain and Northern Ireland,Redditch,Hall 9 / B07,drupa2024.2730965,HxlAeZfGSgqlF06DQoQ6Qw
"Nicely Machinery Development Co., Ltd",Taiwan,Taoyuan City,Hall 12 / E41,drupa2024.2766504,szwfKv2iT7m43Mozw3DUmw
"NICKEL PRINTING MACHINERY CO., LTD.",China,"Guangzhou, Guangdong",Hall 4 / F27,drupa2024.2730833,y2dl6YMQQOGX8F4G3PVWtA
"Nihon Seizuki Kogyo Co., Ltd. (NSK)",Japan,Osaka City,Hall 9 / C40,drupa2024.2732636,eZaUtM7XRPigu0DwXPjucg
Nikka Limited,Japan,Tokyo,Hall 11 / F31,drupa2024.2770414,ZVSyCGbqQriA5FtT6aJqBw
Nikka Research Deutschland GmbH,Germany,Leinfelden-Echterdingen,Hall 11 / F31,drupa2024.2717135,dNMWZqdnRh6G666Gxxr6vA
"Ningbo Ameida CNC Technology Co.,Ltd",China,"Ningbo, Zhejiang",Hall 6 / D48,drupa2024.2777478,Vz0itPLmR6ieHsJ2CbKzww
"NINGBO CREATIVE AUTOMATIC Co., Ltd.",China,"Ningbo, Zhejiang",Hall 10 / B02-2,drupa2024.2734002,ETiVZDpIT1uQ3h6hJjYjUw
NINGBO Jingwei Systemtechnik Ltd.,China,"Ningbo, Zhejian",Hall 6 / D05,drupa2024.2729912,hWAAuuw5SUmo1qTd4G7aGg
"Ningbo Ruking Intelligent Technology Co Co., Ltd.",China,"Ningbo, Zhejiang",Hall 5 / C21,drupa2024.2776717,Ja8G2O5yTAiFPtp1K8jQoQ
"Nippon Kayaku Co., Ltd",Japan,Tokyo,Hall 3 / D75,drupa2024.2758430,PcJBtyTYR06BUpLmeMOesA
Nissan Chemical Corporation,Japan,Tokyo,Hall 3 / C41,drupa2024.2764954,KyCSQOtNT161cXU81eEkvw
Nitta Industries Europe GmbH,Germany,Düsseldorf,Hall 3 / B71,drupa2024.2732734,JXZEZXEFTuexAzoqkEDwrg
Nobelus Europe Ltd,United Kingdom of Great Britain and Northern Ireland,Newmarket,Hall 17 / A01-2,drupa2024.2777571,NwU4fuG9TZK7oEGUyQlCvQ
Nordmeccanica S.p.A.,Italy,Piacenza,Hall 15 / C40,drupa2024.2732039,CclwE6U2SqOzOYdNrh4M9Q
Nordson Deutschland GmbH,Germany,Erkrath,Hall 11 / E51,drupa2024.2761173,ncIraPsxT9WEfdJX0rT89A
Norwix Inc.,USA,"Norwich, CT",Hall 5 / C05,drupa2024.2746975,KmGQeDbyRk6tyh8oU2REUw
NOVACEL TAPES S.R.L.,Italy,Sessa Aurunca,Hall 11 / A31,drupa2024.2724234,MriYqejTSvmxOa2TOEK5Kg
Novomatics GmbH,Germany,Montabaur,Hall 3 / F94,drupa2024.2732053,BMqM7G89RP2vzZAyt0aDbg
Novurania S.p.A.,Italy,Tione di Trento (TN),Hall 4 / D13,drupa2024.2708736,IHwFVapvQXOU4FrOicS3Pw
NSELED Europe srl,Italy,Milano,Hall 9 / B02,drupa2024.2779563,vjHkuLroR2ermm8uSX5HOA
"Nuenka, S.L.",Spain,Barbera del Valles (Barcelona),Hall 9 / C03,drupa2024.2729719,zkpQTSifTEmdZf2SgFd7MQ
Nuko Design (S) Pte Ltd,Singapore,Singapore,Hall 7 / B07,drupa2024.2780000,2NKy263cSti8coGgkghXog
Obility GmbH Business Automation,Germany,Koblenz,Hall 7a / A03,drupa2024.2728058,1cI2PRutQKyQd0NvYmaoYw
Ochsner + Co. AG machinery,Switzerland,Schmerikon,Hall 1 / A11,drupa2024.2732881,PBNHkvYEQU2XXrQNIVqhXQ
OE-A (Organic and Printed Electronics Association) A working group within VDMA,Germany,Frankfurt,Hall 14 / D63,drupa2024.2777329,a97gJolnSkOanyMxpeszWQ
OFRU,Germany,Alzenau,Hall 15 / A15,drupa2024.2720917,FjBZRzYaSPy4McvMNZyC4w
OFRU-Recycling GmbH + Co. KG Solvent Recovery Plants,Germany,Alzenau,Hall 15 / A15,drupa2024.2720917,FjBZRzYaSPy4McvMNZyC4w
OGI Industrias S. L.,Spain,Estella - Navarra,Hall 14 / B20,drupa2024.2732282,ELTi9h1yQP6zgErnv3yNRA
Ohio Gravure Technologies Inc.,USA,"Miamisburg, OH",Hall 3 / A91,drupa2024.2751557,9maFS7yUTKC8j3euJvyw4w
OLBRICH GmbH,Germany,Bocholt,Hall 3 / D57,drupa2024.2779109,ix7AIxcCRtCyjSbxEwkv9w
Omet S.r.l.,Italy,Lecco,Hall 10 / B10,drupa2024.2723729,J5Q2Imk0QveQYhQarraSrQ
OMM Graphic Sdn Bhd,Malaysia,Bandar Puncak Alam,Hall 3 / D63,drupa2024.2708737,My8VKqYmQ4ez73RrPjAZ0w
OneVision Software AG,Germany,Regensburg,Hall 8a / A40,drupa2024.2731179,F70sWDpfS5uQ4a7yg87SFw
"Onyx Graphics, Inc.",USA,"Midvale, UT",Hall 8a / B41-1,drupa2024.2780286,b8kJmyLGQhmIhJh3Gt8FBA
"OPPLIGER, SRL",Italy,Roncadelle (BS),Hall 12 / A04,drupa2024.2779220,oYfpiDmVR3eynzYi15ro0g
opti-color Mess- und Regelanlagen GmbH,Germany,Bad Salzdetfurth,Hall 15 / F64,drupa2024.2716850,3mCPGk7ZTcyFQJyXHR5FVw
Optimus Group Ltd,United Kingdom of Great Britain and Northern Ireland,Surrey,Hall 7a / A13,drupa2024.2743200,pCyOlM25Sie98micZ2S01Q
Opus Sp. z o.o.,Poland,Gliwice,Hall 14 / D02,drupa2024.2720699,pAXtHdXHTL2EaRPZW58Zfw
OQ Chemicals GmbH,Germany,Monheim am Rhein,Hall 3 / C07,drupa2024.2751014,BojulGybSu2RZTMiPEYr1Q
Oxycom BV,Netherlands,Raalte,Hall 12 / B40,drupa2024.2777972,TGq0Pdz6QUCTEUCHcNCRVQ
Özdemir Machinery,Türkiye,Istanbul,Hall 13 / A11,drupa2024.2778263,22C67zzMQAW67vtoYNMYOQ
Pack Vision B.V.,Netherlands,Waalwijk,Hall 3 / B75,drupa2024.2777724,tHh6YmwSSeWzvOAQ5zMetg
PACKAGING MEA - JJ MEDIA FZ LLC,United Arab Emirates,Dubai,Hall 12 / E87,drupa2024.2780211,SPPJPZjNRxWLplUsKeC4OA
"Packers Co., Ltd.","Korea, Republic",Hwaseong-si,Hall 13 / C52,drupa2024.2730421,v4psJYGHTaavCOZrIWwI4g
packQ Web to Pack Software,Germany,Dortmund,Hall 7a / B05,drupa2024.2756963,rofKvUKSQgOraXjWrDv0Gw
PaginaNet GmbH Technologie Zentrum Dortmund,Germany,Dortmund,Hall 7 / C01,drupa2024.2778556,IwG5ldAjQOmP4PXrpYddEw
palamides GmbH,Germany,Renningen,Hall 6 / F22,drupa2024.2733613,JNmVshCfSaO9fN5UzhyUCw
Palm Brokers ApS,Denmark,Holte,Hall 13 / C92,drupa2024.2732804,zzLSZo92Sje4fcF6fCMGdg
PAMARCO Europe Ltd.,United Kingdom of Great Britain and Northern Ireland,"Warrington, Cheshire",Hall 15 / D55,drupa2024.2730096,kZ89iE9oTvKyqk4MD7eZzg
Pantec Schweiz AG,Switzerland,Erlen,Hall 3 / D02,drupa2024.2730832,HTyFLmA5REee2tcge6q12g
Pantone LLC,USA,"Carlstadt, NJ",Hall 8b / A12,drupa2024.2731565,sGjzrmkASQKruVlGCaS9AQ
"Pao Shen Enterprises Co., Ltd.",Taiwan,Changhua,Hall 12 / E15,drupa2024.2721016,r6oSwlpBTVO4mQa0uHiqwQ
Paper Machinery Corporation,USA,"Milwaukee, WI",Hall 13 / A65,drupa2024.2733151,34vkBiUBTnqXEwlslkOubw
Paperfox Fürcht Zoltán e.V.,Hungary,Nagytarcsa,Hall 12 / E91,drupa2024.2708191,mK10irfjSOuKGyCOLAYgSQ
Pasaban S.A.,Spain,Tolosa,Hall 10 / B37,drupa2024.2728934,brqFnoVHRySTC2KA5W0Nbw
Patel Enterprises,India,Mumbai,Hall 15 / C59,drupa2024.2732651,5S8D4vu4TwCSmi3D5BvNhQ
Paul Sauer Walzenfabriken GmbH & Co. KG,Germany,Berlin,Hall 16 / A10,drupa2024.2738131,2uigGPvJT8yYmlMYzkjjug
PCMC,USA,"Green Bay, WI",Hall 16 / D20,drupa2024.2777562,SJnw3pkHRTeJWvaNkyvRsw
PCO Eastgate Sdn. Bhd.,Malaysia,Klang,Hall 9 / D51,drupa2024.2779487,2mKeTMPTTiWVGZGhPdCheg
PEAC Solutions,Germany,Hamburg,Hall 15 / E20,drupa2024.2754989,mb2HJUptT1GhqwAPttoq4g
Peerless Machine & Tool GmbH,Germany,Baesweiler,Hall 11 / F34,drupa2024.2733128,JAitqipkRkWmbbfLXegQng
Pelican Rotoflex PVT. LTD,India,Gujarat,Hall 10 / C03,drupa2024.2711535,LxMjpjKJQCq0Bo57OrCabw
PENTA BOX srl,Romania,Arad,Hall 10 / D28,drupa2024.2708404,lY8nltT0SyKPWcvZ80bxKA
PERET GmbH,Italy,Vahrn,Hall 9 / D30,drupa2024.2729214,3fHEQVjzRwKe3bHnu0d6Gg
Perfect Dot,Germany,Mühlheim,Hall 4 / C20,drupa2024.2757818,ca59ahOoQGuFbiYX4MtHCA
Perfecta Schneidemaschinenwerk GmbH Bautzen,Germany,Bautzen,Hall 17 / A01-2,drupa2024.2777565,8geNQhqLTtm3a6UmWC2gXg
Peroni Ruggero Srl,Italy,Varese,Hall 1 / B11,drupa2024.2731934,AAuQZgrNRrWO2bbzMgW0iw
Personas y Tecnología S.L.,Spain,Onda (Castellon),Hall 5 / C30,drupa2024.2729154,Gu8TuavqS4mciDK38BOhWA
Petratto s.r.l.,Italy,Pianezza,Hall 11 / D41,drupa2024.2732111,MHOQwCyNTBaVpop0swFvIA
Petratto s.r.l.,Italy,Pianezza,Hall 6 / F42,drupa2024.2776879,Ey17y4VPSnGjU5Xi1BZ4xg
Phoenix Xtra Blankets,Germany,Northeim,Hall 4 / C40,drupa2024.2717712,1RtJjxxFQDunOgRkIgj2iA
Photo USA Electronic Graphic Inc.,China,Beijing,Hall 3 / D53,drupa2024.2764355,ZXRCskfPRfWqOmOQy8joww
Picon Ltd.,United Kingdom of Great Britain and Northern Ireland,"Hitchin, Hertfordshire",Hall 6 / B40,drupa2024.2751554,CrJiznEjQDmJnNLgGTtWqQ
"Pingyang Ruihai Machinery Co., Ltd.",China,Wenzhou,Hall 13 / C01-2,drupa2024.2750859,Emt05oKVTbuUPNLzheqomQ
"PIONEER FINE GRINDING MATERIALS CO.,LTD",China,"Shijiazhuang, Hebei",Hall 3 / G02-02,drupa2024.2733135,YppVcrMJSZafZsoRrhVbGg
PIROMATIC GmbH,Germany,Göppingen,Hall 6 / B41,drupa2024.2776959,7YmnexD1QaCyonxoRGTBuw
PITSID Polygraphische innovative Technik Leipzig GmbH,Germany,Leipzig,Hall 16 / F51,drupa2024.2712231,6juDvUYfTDuEqQmO5YXmbw
Pladurex Carpetería SL,Spain,Mataró,Hall 3 / B70,drupa2024.2760935,S814LLuZQIiU9TV6vRy8fg
PLANATOL GmbH,Germany,Rohrdorf,Hall 14 / D65,drupa2024.2732280,BNMHZpG7TCiEmj3uJLwX4g
Plasmatreat GmbH,Germany,Steinhagen,Hall 11 / A32,drupa2024.2724904,WNpyqwROTfeyiS6yKChoKw
Plockmatic Group Ltd.,Sweden,Hägersten,Hall 8b / A41-1 – A41-2,drupa2024.2766251,Kl8dpwEQTIiPjPPkwIcZDA
PMF-GmbH Maschinenfabrikation,Germany,Schweix,Hall 11 / F62,drupa2024.2737653,U0FqKQFWRsGK4EayRcf0Ig
Polar Cutting Technologies GmbH,Germany,Hofheim,Hall 1 / B41,drupa2024.2732896,dPfO1kvgQeKhZavjmJfguw
POLICROM SCREENS SOUTH AMERICA COMÉRCIO IMPORTAÇÃO E EXPORTAÇÃO DE PRODUTOS GRÁFICOS LTDA.,Brazil,Sao Paulo,Hall 3 / E72,drupa2024.2779610,nSHqM3zISUCZUnRZFzEujQ
Polyart,France,Boulogne Billancourt,Hall 4 / E05,drupa2024.2718357,o6UbRjSeTDq4MSmNaYbbXQ
Polymount International BV,Netherlands,Nijkerk,Hall 9 / D40,drupa2024.2721532,rJBHi11BSyels5x43gRbsg
Polywest Kunststofftechnik Saueressig & Partner GmbH & Co. KG,Germany,Ahaus,Hall 16 / A02,drupa2024.2708471,mxOLihMLRACpiVbQ4CNGdg
PONER Sp. z o.o.,Poland,Kepno,Hall 13 / B23,drupa2024.2779700,zvyh3COcSwGw3ulByNFzzA
Popp Maschinenbau GmbH,Germany,Crailsheim,Hall 6 / F24,drupa2024.2767780,pSHEfbjWQ5SF9nOoGUcrwA
POPPART 24 Sp.z.o.o.,Poland,Bielsko-Biała,Hall 6 / C24,drupa2024.2777474,Y8QrMFo8QOCz88xQmFpZow
POWERBIND,Germany,Dorsten,Hall 14 / D20,drupa2024.2732220,q29LNCH6TNupBxgdTebnAQ
PPF Solutions UAB,Lithuania,Vilnius,Hall 3 / B61,drupa2024.2730565,vsnpXts1TlGECOh5HvrdGA
"PPF Stamp, Ltd.",Lithuania,Vilnius,Hall 3 / B52,drupa2024.2730932,CfBKiALdTlmUYmz7UOBDTA
PPL-PostPrint Leipzig GmbH,Germany,Leipzig,Hall 6 / C25,drupa2024.2733134,thM80IY2Rqa8girKhFLTMg
Pratham Technologies Pvt. Ltd.,India,Pune,Hall 6 / D38,drupa2024.2731431,ihcFxladTSSBj8hzIIm5fw
Prati Srl,Italy,Faenza,Hall 16 / A42,drupa2024.2770711,cmJBCPfKT6q4chBpcRy1UA
PrePress digital ­– Softwareentwicklung GmbH,Austria,Lienz,Hall 7a / B22,drupa2024.2779649,nVYkej7CQsGjmsILz5sY4w
Prestotype BV,Netherlands,Zaandam,Hall 13 / A92,drupa2024.2763132,06Tp7P9vTuqPN6EMYsDC2Q
priint Group WERK II Medien- und Informationsges. mbH,Germany,Duisburg,Hall 3 / C71,drupa2024.2774516,ewCJIn4kRDa42uoZgDMFNw
PRIMATECH SRL,Italy,Perugia,Hall 11 / B01,drupa2024.2769947,1VY2zPlxQkuU5dRVXLhVsA
PrimeBlade Sweden AB,Sweden,Sunne,Hall 15 / B16,drupa2024.2764520,JuuWlMRIQlCLNRi33nu3LQ
PRIN-TECH SRL,Italy,Milano,Hall 15 / B10,drupa2024.2731497,w37hybBtSV6mRdo0ZtF0Dg
Print Academy Verband Druck + Medien Nordwest Beratung GmbH,Germany,Lünen,Hall 4 / F05,drupa2024.2779731,hlRnBEbfRPCCVuK3YrLyjg
Print Science Corporation,USA,"Kittery, ME",Hall 7 / F03,drupa2024.2728092,eQTiDndfSOOR2OGqNz2Hvg
"Print Wire, SIA",Latvia,Rīga,Hall 6 / F40,drupa2024.2774546,NZsQTqY7TBeWwuHSUYerfg
Print.com,Germany,Würzburg,Hall 4 / D21,drupa2024.2779033,hTTJJQPXQoawtdettFAiSg
Print.com,Germany,Würzburg,Hall 7a / D04,drupa2024.2779034,31beSUrVTeGrY0fT17eysQ
PrintabLED srl,Italy,Montecchio Emilia,Hall 3 / E42,drupa2024.2732671,94ym75UWSuSO3WEI3HwRcQ
Printbox Sp. z o.o.,Poland,Krakow,Hall 7a / E20,drupa2024.2741761,wKHSPxqHSViSKZcnjBpiLw
PrintConcept Grafische Maschinen GmbH,Germany,Kohlberg,Hall 16 / C07,drupa2024.2753460,9kq9hUgmQ5GGxmMZc1Dp4g
PrintConcept UV-Systeme GmbH,Germany,Kohlberg,Hall 16 / D12,drupa2024.2776123,pqfX22PwQV6xSzI4lot5VQ
Printec,Germany,Northeim,Hall 4 / C40,drupa2024.2717712,1RtJjxxFQDunOgRkIgj2iA
Printer's Parts & Equipment Ltd.,Canada,"Scarborough, ON",Hall 16 / C13,drupa2024.2718439,Cr7e59yFSUWZcOIXhqC07Q
Printer's Parts & Equipment Ltd.,Canada,"Scarborough, ON",Hall 13 / C70,drupa2024.2718441,QXzejsiBSMelknnWFMvKQA
Printess GmbH & Co.KG,Germany,Teupitz,Hall 7 / B05,drupa2024.2757474,0Dpyx9llStqo7jWogGff4A
Printflow s.r.o.,Slovakia,Bratislava,Hall 7a / C02,drupa2024.2732133,ZABXJVatT4StqHmhtPGa8w
PRINTGRAPH FINITO SRL,Italy,Settimo Milanese (MI),Hall 9 / D51,drupa2024.2732820,yrCcBtXfQLG3dJocalrbCw
Printing & Graphic Machinery Ltd.,United Kingdom of Great Britain and Northern Ireland,"Bourne End, Bucks",Hall 13 / A81,drupa2024.2710613,QmxX6i2ERzCo9BjXDXIMTA
PRINTING AND PRINTING EQUIPMENT INDUSTRIES ASSOCIATION OF CHINA,China,Beijing,Hall 12 / C32,drupa2024.2776536,fQwZGYyYSqOl8gbVBD9TwQ
Printplus AG,Switzerland,Kriessern,Hall 9 / D20,drupa2024.2719719,mm6Q7ZbTTqWaJt56u5sC3Q
PrintPromotion GmbH,Germany,Frankfurt am Main,Hall 14 / D60,drupa2024.2722324,m3T8dFHaRoeFyQXh3idZDA
printQ Web to Print Software,Germany,Dortmund,Hall 7a / B05,drupa2024.2756963,rofKvUKSQgOraXjWrDv0Gw
PrintsPaul GmbH & Co KG,Germany,Eschweiler,Hall 11 / A09,drupa2024.2777420,fcIAYqoWTV2iSKKFN57Ggg
PrintVis Europe A/S,Denmark,Odder,Hall 7 / B01,drupa2024.2733097,W2ZYqmDHT8iyJe6G8MdLzA
PrintXpand,India,Ahmedabad,Hall 7a / A21,drupa2024.2759311,BRuJ9gceQom9BNIaJu2bog
Pro Cut Stünkel & Stünkel GbR,Germany,Langenhagen,Hall 6 / G06,drupa2024.2763952,5O3LfptmRbaQfOqdgyLakQ
PRODICONSEIL SARL,France,Ivry-Sur-Seine,Hall 4 / C02,drupa2024.2730718,QeFpoIw5T4KLVDKez7DD2w
"Product Family Stand K, drupa, interpack",Germany,Düsseldorf,Hall 8b / A32-01,drupa2024.2779723,XzGzT4W3RkOleslqUeIi3w
profi-jet GmbH,Germany,Rheine,Hall 6 / F05,drupa2024.2763901,O3Sb19dfRaCV0tIlPrUN3Q
profi-tec GmbH,Germany,Rheine,Hall 6 / F05,drupa2024.2763901,O3Sb19dfRaCV0tIlPrUN3Q
PROMATTEX INTERNATIONAL SAS,France,Neuilly Sur Marne,Hall 4 / C53,drupa2024.2779152,k0R6jBZdTCW3bBEkIBfDQg
Protek Srl,Italy,Collecorvino (PE),Hall 11 / F70,drupa2024.2766538,U7wAZII4T4uzBLBfdOfvUw
Prototype and Production Systems Inc.,USA,"​Brooklyn Center, MN",Hall 8a / C19,drupa2024.2778678,OY2bKAD2TdeLy80cfw30PA
prüfbau Dr.-Ing. H. Dürner GmbH,Germany,Peissenberg/München,Hall 5 / A11,drupa2024.2779619,Jks2tojTQLepfoITZ9O7Tw
Pulse Printing Products Ltd.,United Kingdom of Great Britain and Northern Ireland,Bristol,Hall 3 / D50,drupa2024.2732812,PZp2gxI5Ra2nFEKzG1KILg
Punch and Pin srl,Italy,Busto Arsizio (VA),Hall 3 / C40,drupa2024.2753931,xUO9JUbYTey5K8wTn1Wh4w
Puregreen GmbH,Germany,Ludwigshafen,Hall 4 / E22,drupa2024.2771936,xbgGijheSceEi6qikBdvow
"Qidong City Meixun Machinery Co., Ltd.",China,"Nantong, Jiangsu",Hall 12 / D49,drupa2024.2779668,snIbsgpKTjKhmQCkcPf8jA
"Qingdao Aopack On Demand Packaging Co., LTD",China,"Qingdao, Shandong",Hall 6 / D43,drupa2024.2758128,Ax4xdkkoTZiB9rhLpY1Tfw
Qingdao H.Y Corporation,China,Qingdao,Hall 6 / A23,drupa2024.2731432,wnS2ZYjKRduSd3mumatQYQ
"Qingdao Jingfan Advanced Materials Technology Co., Ltd.",China,"Qingdao, Shandong",Hall 3 / H96,drupa2024.2775871,0fIfMlPYTIeuO9hlXvXccg
"QINGDAO JUSTU PRECISION MACHINERY CO., LTD.",China,Qingdao,Hall 13 / B13,drupa2024.2763774,fwIL9bMuTmug8sDb4fki6g
"Qingdao Kaimei Packaging Material Co., Ltd.",China,Qingdao,Hall 3 / G52,drupa2024.2735327,bM4hZLwvTjyOJPxRi7z1LA
"QINGDAO MEIGUANG INTELLIGENT EQUIPMENT CO., LTD.",China,"Qingdao, Shandong",Hall 4 / F35-02,drupa2024.2771092,1BzJ9dGzQyqjEIleYC9O8Q
"Qingdao SOLNA Electronics Co., Ltd",China,"Qingdao, Shandong",Hall 3 / G54,drupa2024.2735326,gAlomuJLTAeamAaMllKMwQ
QIPC-EAE B.V.,Netherlands,Oosterhout,Hall 16 / A08,drupa2024.2745876,diW2bXNrSjeKpq4CBTNQ5Q
"QTM Automatisierung, Maschinen und Service GmbH",Germany,Schwalmtal,Hall 11 / C54,drupa2024.2777597,ioEbR1lfRtig8TBpddqhJw
"QTM Automatisierung, Maschinen und Service GmbH",Germany,Schwalmtal,Hall 11 / B60,drupa2024.2780225,rMfLvlPrRpqwi8vkJmfp3Q
Quadient Germany GmbH & Co. KG,Germany,München,Hall 6 / F30,drupa2024.2732741,ZCbLuH30R0SwqJKzP6sJkA
Questec,Germany,Wedel,Hall 10 / C16,drupa2024.2732363,6z27djwFQeKe06GF1S4MsQ
R+W Druckmaschinen Service GmbH & Co. KG,Austria,Wien,Hall 9 / D24,drupa2024.2764956,quKqz7gaRvCYpsmgMPrtCw
R.F. Comunicazione srls,Italy,Milano,Hall 3 / C53,drupa2024.2774533,ybEOvdhhTVOfFpQarhCVuA
RADIOR France S.A.S.,France,Louviers Cedex,Hall 4 / A02,drupa2024.2731499,BxnJ87C2QKKslgZTQQdnRA
Radium Lampenwerk GmbH,Germany,Wipperfürth,Hall 16 / D06,drupa2024.2764953,DYlSrNUHRqWx5BEsLugcYA
Radix Software Services Pvt. Ltd. OnPrintShop Web-to-Print Solutions,India,Ahmedabad,Hall 7a / D21,drupa2024.2757788,VG67gowGQxy3ijycS8UB8w
Raw Materials Recycling BVBA,Belgium,Hoboken,Hall 4 / E40,drupa2024.2746669,bsZGobkDRCSJliuOPdFleA
RCY GmbH,Germany,Mannheim,Hall 3 / E20,drupa2024.2777618,zGKGFM3nQ3OE2cILs1GH4g
Re S.p.A. Controlli Industriali,Italy,Bussero (MI),Hall 12 / A45,drupa2024.2710621,7GK4wK82RbGMDsLD9N0zmg
REA Elektronik GmbH,Germany,Mühltal,Hall 3 / D60,drupa2024.2711859,sR9GmcIkRSWI0URUe59qyA
Recmi Industrie SA,France,Cherre,Hall 1 / B01,drupa2024.2733025,tSU8D6YwQGKGWugTQQEWtQ
Reglass H.T. S.r.l.,Italy,Minerbio (BO),Hall 16 / D02,drupa2024.2718041,RBAb6OBHQpmRaSph2RdUtQ
Reinauer HandelsgesmbH,Austria,Wien,Hall 6 / A23,drupa2024.2731727,AsTybatkTruyME72e1txcQ
Reka Klebetechnik GmbH & Co. KG,Germany,Eggenstein-Leopoldshafen,Hall 9 / A02,drupa2024.2708400,OpiHYhtlSP2tn9EWwUujgA
RELOX Technik GmbH,Germany,Bremerhaven,Hall 16 / A30,drupa2024.2731184,5BMpMkjOT9ig0JwiiCqPkQ
Renova S.r.l.,Italy,Sesto San Giovanni (MI),Hall 12 / B43,drupa2024.2731567,JpOw0fR8SCmhzfZtvRTeVw
Reprochem S.r.L.,Italy,Ornago (MI),Hall 3 / D20,drupa2024.2765426,Hluu1lWRSOKewnszvWoNMQ
Reproprint Mat. Rek. Amb. San. ve Tic. Ltd. Sti,Türkiye,Izmir,Hall 14 / C42,drupa2024.2732548,xtaA5OVeSb2lzz3zdj8F9g
Resource Engimech (India) Pvt. Ltd.,India,Baroda,Hall 12 / A07,drupa2024.2721790,EByKFxtSScip0Q5uxzJiKw
REVOMAC MAKINE SANAYI VE TICARET ANONIM SIRKETI,Türkiye,Istanbul,Hall 11 / F55,drupa2024.2733138,G30NAJIvTcWnYIOwhZWwUw
Reymak Makine Sanayi Ve Ticaret A.S.,Türkiye,Yunusemre Manisa,Hall 12 / E80,drupa2024.2733141,eb3xKYSEQ16YKzTzyP42iw
Ricoh Deutschland GmbH,Germany,Hannover,Hall 8a / A21-1,drupa2024.2778599,uYBhTuS1QHGVDjM82v0JvQ
Ricoh Europe PLC,United Kingdom of Great Britain and Northern Ireland,London,Hall 8a / A21-1 – A21-2,drupa2024.2753483,1gT7RyKbS5uV0MkMbKcCdg
RICOMA Europe GmbH,Germany,Rodgau,Hall 13 / B55,drupa2024.2778146,5kmuKj2vSjy1fk4efO5gBQ
RIGO Kft.,Hungary,Martfu,Hall 6 / C05,drupa2024.2732742,3WYYfpViT9iZgoIMnhYwlw
Rilecart Srl,Italy,Alzano Lombardo (BG),Hall 6 / B43,drupa2024.2709910,q0ytt8aHQnSaPK3jLZjtjg
Rinas Gerätetechnik GmbH,Germany,Aftholderberg,Hall 3 / B01,drupa2024.2730554,tZGgVffuTE27IH3g6TnEQA
RISO KAGAKU CORPORATION,Japan,Tokyo,Hall 8a / C41,drupa2024.2730801,Jwc1nIG7RWuRJjOVKg9thA
RK PrintCoat Instruments Ltd.,United Kingdom of Great Britain and Northern Ireland,"Royston, Hertfordshire",Hall 3 / D51,drupa2024.2763138,Z2Zte6DVRCaEdjoerwdqjw
Robatech GmbH,Germany,Bad Camberg,Hall 12 / C10,drupa2024.2708873,Hc4UVVH2S7KjSUH7DYKAAQ
Robert Kraemer GmbH & Co. KG,Germany,Rastede,Hall 3 / E40,drupa2024.2772519,VwMLFkx1ROCz0crZecL1Rg
Roberts Graphics Ltd.,United Kingdom of Great Britain and Northern Ireland,"Wakefield, West Yorkshire",Hall 13 / A97,drupa2024.2727813,hCalfFhJQ5a9CdgJOX13Lw
ROGLER International SA,Luxembourg,Luxemburg,Hall 7a / E02,drupa2024.2712967,8brtxFMjTYC6N5vKa3pxxQ
Rollem Intl.,USA,"Anaheim, CA",Hall 10 / A01,drupa2024.2714326,rz4EX2hHRi2pmW35ENCCxw
Rollin,Germany,Northeim,Hall 4 / C40,drupa2024.2717712,1RtJjxxFQDunOgRkIgj2iA
Ronald Weboffset Pvt Ltd,India,"Faridabad, Haryana",Hall 15 / D56,drupa2024.2732794,7QNMc27qSpqnO8r4DyaUZg
ROSO TRADE LLC,USA,"Miami, FL",Hall 12 / E73,drupa2024.2753114,IGGSNTICTDq22t1ozUZUxA
ROSSINI S.p.A.,Italy,Rescaldina (MI),Hall 16 / C02,drupa2024.2730420,ABYmMe1XSySTax7ATp6sXA
Rotatek Brasil Equipamentos Gráficos Ltd,Brazil,Barueri - SP,Hall 11 / A07,drupa2024.2779488,eSmOO6f0Qp2wtmUu1AcZ5A
Rotoflex AG,Switzerland,Grenchen,Hall 3 / A81,drupa2024.2771369,TM6XlNUZQiygnORMhLoLtw
Rotometrics,Germany,Kelkheim,Hall 12 / D41,drupa2024.2730963,IZrX6KDKT36WU4XZl6s0qA
Rotoswiss Sagl,Switzerland,Lugano,Hall 9 / C02,drupa2024.2727674,Xj9NtqZsRJqdcPojpqFXGQ
ROXCEL Printtec GmbH,Austria,Wien,Hall 9 / D24,drupa2024.2764956,quKqz7gaRvCYpsmgMPrtCw
Roxcel Trading GmbH,Austria,Wien,Hall 9 / D24,drupa2024.2764956,quKqz7gaRvCYpsmgMPrtCw
RTC Kimya Ithalat Ihracat Sanayi Ticaret Sanayi Ltd. Sti,Türkiye,Kocaeli,Hall 14 / D40,drupa2024.2767909,sHyxS8RCTe6MRN8owGMu2w
"Ruian Aoer Printing Packing Machinery Co.,Ltd",China,"Ruian City, Zhejiang Province",Hall 14 / A31,drupa2024.2730976,U5yko9BxRtmwvr1Rj6Pt8A
"Ruian Changhong Printing Machine Co., Ltd.",China,"Ruian, Zhejiang",Hall 1 / A35,drupa2024.2735247,dFL91IZ6S2C4iIGhjMx1IA
"Ruian Chuangbo Machinery Co., Ltd.",China,"Wenzhou, Zhejiang",Hall 13 / B31-03,drupa2024.2779542,vmjiZvD3Sq6OBUcE31OCqA
"RUIAN DAPENG PRINTING MACHINEYR CO.,LTD",China,"Rui'An, Zhejiang",Hall 13 / C14-1,drupa2024.2753558,Bw6mUpL0QyKlFFBqgWJJvA
"Ruian Daqiao Packaging Machinery Co., Ltd",China,"Ruian, Wenzhou, Zhejiang",Hall 10 / B02-3,drupa2024.2734178,5F5YeSUVT8SeUguuJWY2uw
"Ruian E-Dynamic Complete Equipment Co., Ltd.",China,"Ruian City, Zhejiang Province",Hall 13 / C24,drupa2024.2735332,qPldHSakQd64ZEqCq57VKA
"Ruian Great Printing and Packaging Machinery Co., Ltd",China,Ruian,Hall 13 / B38,drupa2024.2738339,zr5GsisZQZyBYcBwugnNBA
"Ruian Hochint Machinery Co., Ltd.",China,Wenzhou,Hall 3 / G29,drupa2024.2735330,IN7YXPx1TDOG8SOoPmIL6Q
"RUIAN KOTEN MACHINERY CO.,LTD",China,"Ruian, Wenzhou",Hall 6 / C49,drupa2024.2771960,ny7muTYDTl6RWe4oInHWDg
Ruian Maoyuan Machine Co. Ltd.,China,"Wenzhou City, Zhejiang Province",Hall 11 / E67,drupa2024.2730975,SgXpxH2FRuySE84SWFlQZw
"RUIAN MINGGUO MACHINERY CO., LTD.",China,"Ruian, Zhejiang",Hall 14 / C34-01,drupa2024.2733290,2HEr9C4BSHGzQ96RVO0ZYA
"Ruian Tiancheng Packing Machinery Co., Ltd.",China,"Wenzhou, Zhejiang",Hall 14 / C34-02,drupa2024.2733147,nxT3wnYhTROCG8fmk0IWkg
"Ruian Xincheng Zhongtai Packaging Machinery Co., Ltd.",China,"Wenzhou, Zhejiang",Hall 1 / A33,drupa2024.2733178,Dk3tuDgITny0MkBrvGUdXQ
RYOBI MHI Graphic Technology Ltd.,Japan,Hiroshima,Hall 16 / E11,drupa2024.2740888,gmaoEgDyQ96eDKkWsLpHVA
"S.S. Packaging Material Co., Ltd",China,Wenzhou,Hall 3 / G51,drupa2024.2735331,rVS756k4RQmothA0C0rURQ
Saati S.p.A.,Italy,Appiano Gentile (CO),Hall 3 / E80-1,drupa2024.2768960,u0BQpR83R76BWQNjwafA1Q
Sahil Graphics,India,Faridabad,Hall 12 / C54,drupa2024.2740838,auibO5jRScOL5eB628cdQA
SAHINLER MUKAVVA VE KAGIT URUNLERI SAN. TIC. A.S.,Türkiye,Istanbul,Hall 4 / F25,drupa2024.2762481,4WDy5k4hTR6vNgvJPQqPAA
Samoa Flowtech GmbH,Germany,Marktheidenfeld,Hall 3 / D61,drupa2024.2738614,kMjMkbGFRlWBHAgqX8BCZw
SAMTACK S.L.,Spain,Esparraguera / BCN,Hall 10 / B15,drupa2024.2777371,wmCmzTcIQd6ewuB7A62dHg
Sandon Global Engraving Technology Ltd,United Kingdom of Great Britain and Northern Ireland,Runcorn,Hall 15 / A12,drupa2024.2746670,3sxI91lvQUa5snK112Fl3w
SANJAN-NEW-PRINTING & HOLOGRAM EMBOSSING INLINE,China,"Foshan, Guangdong",Hall 12 / B83-2,drupa2024.2731809,sgRKR4BiT5S0DmudrSM2XQ
"Sanwa Manufacturing Co., Ltd.",Japan,Hiroshima,Hall 11 / B60,drupa2024.2733127,Qh0ZSunlSKm4szk3S8mjVA
SASG Uv solutions Pvt ltd,India,Faridabad Haryana,Hall 5 / A05,drupa2024.2752290,W70Zf8rERVCzUr6KMdL71A
SATE s.r.l.,Italy,Serravalle Pistoiese,Hall 13 / A19,drupa2024.2780161,HDmzVgcORBmGU6RBdkr30A
SAUERESSIG Group,Germany,Vreden,Hall 3 / D57,drupa2024.2732139,DtpraZ13STOibV9ZA2rFDA
Sava,Germany,Northeim,Hall 4 / C40,drupa2024.2717712,1RtJjxxFQDunOgRkIgj2iA
SBL,Taiwan,New Taipei City,Hall 11 / B02,drupa2024.2731948,Yu3SwVYaRtiGMRcHqJnamQ
"SBL Machinery Co., LTD.",Taiwan,New Taipei City,Hall 11 / B02,drupa2024.2731948,Yu3SwVYaRtiGMRcHqJnamQ
SCANDIE Steel Rules,Austria,Böhlerwerk,Hall 10 / D38,drupa2024.2725069,LEC4DSMTQv6e3a7ZIhNZqQ
Schepers GmbH & Co. KG,Germany,Vreden,Hall 3 / A91,drupa2024.2751019,EoPMEZOsR6OjV6qag5W1Qg
Scheuch LIGNO GmbH,Austria,Mehrnbach,Hall 16 / F43,drupa2024.2766690,3Zp5QRohRIOJfy6RysKi0w
Schmedt GmbH & Co. KG,Germany,Hamburg,Hall 14 / D14,drupa2024.2732147,5ixgS6fnTfykrXNAhqYiwQ
Schneider & Ozga GmbH & Co. KG Maschinen- u. Anlagenbau,Germany,Bindlach,Hall 15 / F61,drupa2024.2730218,F5XnVIgYQoeVhA8Xn4QY9A
Schobertechnologies GmbH,Germany,Eberdingen,Hall 11 / A51,drupa2024.2724266,4HGIZOnVSROg4WdlFwKk8Q
Scodix Ltd.,Israel,Rosh Ha'Ayin,Hall 5 / E11,drupa2024.2708738,CEPZV50URHCU85MlGdBFYQ
Screen GP Europe BV,Netherlands,Aalsmeer,Hall 8a / A03,drupa2024.2728753,bhqBjGyDTMuTt70zC2f3ww
SCS Automaberg SRL,Italy,Brusaporto (BG),Hall 1 / A10,drupa2024.2731428,fejTGfYfRvqDbSeyoXWnJA
SD Srl,Italy,Pesaro,Hall 8b / B11,drupa2024.2752964,fHTyv7MsSRuvsismvELO8w
SDS GmbH,Germany,Frankfurt,Hall 3 / F60,drupa2024.2778118,fIQPoFSmTWyHAOhNy1Q0uA
Sealed Air Verpackungen GmbH,Germany,Alsfeld,Hall 9 / B24,drupa2024.2777475,HCmuNxhcTRyuP8FTzqoPWg
Segbert GmbH & Co. KG,Germany,Ahaus,Hall 15 / A35,drupa2024.2716346,Jwq6VeF1TRiXEtqvCND59Q
SEI Laser,Italy,Curno (BG),Hall 10 / A32,drupa2024.2711181,j3g22V5nQfmYaNQCGUO2FQ
SEI Laser,Italy,Curno (BG),Hall 10 / A32,drupa2024.2711181,j3g22V5nQfmYaNQCGUO2FQ
Seiko Instruments GmbH,Germany,Neu-Isenburg,Hall 5 / C30,drupa2024.2729517,cHUrNBiDSxewUTzwvHkESA
SEISMOTION ZOFIA ROSINSKA,Poland,Zbychowo,Hall 3 / B20,drupa2024.2780303,1rdl9MwDTUWBRckjIsFUVw
Selectra S.r.l.,Italy,Paderno D'Adda (LC),Hall 10 / D30,drupa2024.2708402,vwlpnMENTveZeyc9rVB0qw
"SEOUL D&S CO., LTD.","Korea, Republic",Gyeonggi-do,Hall 6 / D02,drupa2024.2728484,VWw7EABkSEiW1p16kWpXXw
SERI MAKINA VE AMBALAJ SANAYI VE TICARET LIMITED SIRKETI,Türkiye,Istanbul,Hall 6 / D20,drupa2024.2730423,c6nDbsyxQdigzvNYq8ehzg
SERVIFORM,Italy,Caravaggio (BG),Hall 10 / A30,drupa2024.2743197,rPb7iN7TRE2999e6b627NA
SGI Dubai - International Expo Consults,United Arab Emirates,Dubai,Hall 3 / F32,drupa2024.2779164,FsAWsBU1S6i8DjVohaILkg
"Shaanxi Beiren Printing Machinery Co., Ltd",China,"Weinan, Shaanxi",Hall 16 / E14,drupa2024.2732527,tb9EHVjoTpawOA4wKhHsHw
"Shandong Century Machinery Co., Ltd.",China,"Weifang, Shandong",Hall 10 / C01,drupa2024.2733677,XkE6GpB4RFWAps6UhjzQww
"SHANDONG CENTURY PAPER CO.,LTD",China,"Weifang, Shandong",Hall 3 / F41-8,drupa2024.2760717,Rg81zVo9RUGSgh4fOwVJFA
"Shandong Huibaichuan New Materials Co., Ltd.",China,"Jinan, Shandong",Hall 3 / E02-1,drupa2024.2755869,4EEX8X83ReqSwLxm0zBFwg
"Shandong Ruisheng Digital Printing Equipment Co., Ltd.",China,"Linyi, Shangdong",Hall 11 / D02-02,drupa2024.2779222,LRIpX9uwTPieFGxIGTWjig
"Shandong Shunkai Composite Material Co.,",China,"Jining, Shandon",Hall 3 / F91,drupa2024.2737539,9t0OOp4sQpO6oB011LTOjA
SHANGHAI AB AUTOMATION CO LTD,China,Shanghai,Hall 13 / C30-1,drupa2024.2732356,q6kUZIN9SgK2O2z5e8WpAQ
"Shanghai Asianray Industry Development Co., Ltd.",China,Shanghai,Hall 12 / B83-4,drupa2024.2728516,4r1SCgsjTRCw9nmBhDCsiw
"Shanghai Corona Treater Co., Ltd.",China,Shanghai,Hall 13 / A15,drupa2024.2758267,3xiGROwcSpu3eMnhIUGuqQ
Shanghai DaPan Printing Technology Corporation,China,Shanghai,Hall 13 / C02-01,drupa2024.2729611,eIZMTDiETzq36BfRlhsq0g
"Shanghai Eternal Machinery Co., Ltd.",China,Shanghai,Hall 10 / B30-2,drupa2024.2774444,LcZq44UTTVWwTQtJN9HtQw
Shanghai Eureka Machinery Imp. & Exp. Co. Ltd.,China,Shanghai,Hall 16 / A01,drupa2024.2732230,envbleSJSQebRtQGXNfXKg
"Shanghai Fengtai Precision Machinery Manufacturing Co., Ltd.",China,Shanghai,Hall 13 / A45,drupa2024.2732360,f2OL5fi6ShyJmaT1ZB9Viw
"SHANGHAI FLY INTERNATIONAL TRADE CO.,LTD",China,Shanghai,Hall 3 / H22,drupa2024.2771112,DMInsxTeRqSWJNh10LNZ1Q
"SHANGHAI GIORO IMPORT AND EXPORT CO.,LTD",China,Shanghai,Hall 3 / G57,drupa2024.2777664,rqJJ0I04S8aIIyF06NRPiA
SHANGHAI GRANDO CO. LTD.,China,Shanghai,Hall 13 / B20,drupa2024.2755850,amcr9wjBSxWvn48mQnEohw
"Shanghai Minyang Digital Equipment Co.,Ltd",China,Shanghai,Hall 14 / C01,drupa2024.2758130,nFgIWkA5SRuhvXZquP2rwA
"SHANGHAI NEWSTEP INTERNATIONAL CO.,LTD",China,Shanghai,Hall 3 / H02-01,drupa2024.2755400,bLTsM8X8Tqa6KDsGF9HD7A
"Shanghai NingSiWei Printing Equipment Co., Ltd.",China,Shanghai,Hall 3 / H60,drupa2024.2732319,5qgs8nQ9RkqzabjtGs6wZg
SHANGHAI PRINTYOUNG INTERNATIONAL Co. Ltd.,China,Shanghai,Hall 12 / C50,drupa2024.2779510,XeMs0drDQZ6aFO06WlN0iQ
"Shanghai Rocky Adhesives Co., Ltd",China,Shanghai,Hall 14 / D09,drupa2024.2737558,vlZOcp4oQzWDDXfLWddhBA
"Shanghai S.C.T Intelligent Equipment Co., LTD.",China,"Qingpu, Shanghai",Hall 14 / B40-02,drupa2024.2777437,1mUAA4CsQWyhMTq90uCAIQ
"SHANGHAI SHANGZUN MACHINERY CO., LTD",China,Shanghai,Hall 5 / E08,drupa2024.2744251,6du4RnJMQvOWVlxp5YangA
"SHANGHAI SHICHENG PACKAGING MACHINERY CO., LTD.",China,Shanghai City,Hall 12 / D49,drupa2024.2779822,L43xNIxVRyiIMFxxYv1UAA
"Shanghai UPG International Industry & Trade Group Co., Ltd.",China,Shanghai,Hall 10 / B02,drupa2024.2733623,T9zP55wBTOChu3DnKGfsyQ
"Shanghai UPG International Industry & Trade Group Co., Ltd.",China,Shanghai,Hall 5 / C21,drupa2024.2733999,gNlv3Ch9T5GgAscXgkul0w
"Shanghai UPG International Industry & Trade Group Co., Ltd.",China,Shanghai,Hall 4 / E51,drupa2024.2734184,qpFqtN4RTVWVLuL6CdDE0A
"Shanghai Xiaoguo Blade Co., LTD.",China,Shanghai,Hall 13 / B30,drupa2024.2766588,x7QoE4nHQGmq2qETayHblw
"Shanghai Yawa Printing Machinery Co., Ltd.",China,Shanghai,Hall 11 / A62,drupa2024.2731808,ywUJO9AZRqiinSnqJxnXmg
Shanghai Yoco Printing Machinery Co. Ltd,China,Shanghai,Hall 10 / D01,drupa2024.2731405,yXbAQG1SQAuPXdExLn0sIQ
"SHANGHAI YUNCHENG PLATE MAKING Co., Ltd.",China,Shanghai,Hall 3 / H18-2,drupa2024.2766616,LQSvKlbRTzqilZPF74kDMw
"Shanghai Zhongda Wincome CO.,LTD.",China,"Hangzhou, Zhejiang",Hall 3 / F20,drupa2024.2730258,avOFzyDaTmu5328w0tSQZQ
"Shanghai Zijiang Metallization Environmental Protection Material Co., Ltd",China,Shanghai,Hall 3 / G64,drupa2024.2735328,Mnj5gTu3SmWyJGUCArtWGw
Shantou Sinhosun International trade Co. Ltd.,China,Shantou,Hall 14 / C40,drupa2024.2733611,7df2ie8sQmupgD6rHumkfg
"Shanxi SUFENG New Material Technology Co., Ltd",China,"Taiyuan, Shanxi",Hall 3 / F41-10,drupa2024.2779221,3J2zm1w2QTS54UdcGjJLGQ
SHARAN INTERNATIONAL Ks Devanathan,India,Silvassa,Hall 3 / C64,drupa2024.2768454,G0JRUufCQSyI0N3rMJuBgQ
SHEN ZHEN SUNNYSTONE INDUSTRY LIMITIED,China,"Nanshan, Shenzhen",Hall 13 / B44-4,drupa2024.2764898,ZRDXErMAQYSpmh1WHStMRg
"Shenzhen Bright Ink & Coating Co.,Ltd.",China,"Shenzhen, Guangdong",Hall 3 / C61,drupa2024.2750861,QR4L9rdUTpKegZPVG9rRog
"Shenzhen Brotech Graphics Co., Ltd.",China,"Shenzhen, Guangdong",Hall 9 / B20,drupa2024.2733704,UWrGcMzgTemz2oojt7dJBg
"SHENZHEN CBPM-KEXIN BANKING TECHNOLOGY CO.,LTD",China,Shenzhen,Hall 16 / A32,drupa2024.2732539,QpZlcVscT1CYjkkKYZGotw
"Shenzhen De Bao Printing Equipment Co., Ltd.",China,"Shenzhen, Guangdong",Hall 3 / G53,drupa2024.2735248,hbE5RiFdQEWXevRwRJCMXQ
"SHENZHEN HADESHENG PRECISION TECHNOLOGY INC., LTD.",China,"Shenzhen, Guangdo",Hall 6 / B01-02,drupa2024.2777435,py8OTnDVTwOppWQi0tyxrw
"Shenzhen Hanglory Digital Printing Group Co.,Ltd.",China,Shenzhen,Hall 8b / B30,drupa2024.2722160,XVRMilF6TaG4ueJ9wZJ1ug
"Shenzhen Kailicheng Industrial Development Co., Ltd",China,Shenzhen,Hall 3 / G20,drupa2024.2760531,mtdaO1eNRXqqVPR0TcwlNA
"Shenzhen Kingt Technology Co., Ltd",China,"ShenZhen City, Guangdong",Hall 8a / B03,drupa2024.2733676,uyt8GvwfQzG2dYJIV7f9Mg
"SHENZHEN LAMPLIC SCIENCE CO., LTD",China,"Shenzhen, Guangdong",Hall 6 / C04,drupa2024.2732648,6hk11MffSr6Z67Zy62DaEw
"Shenzhen Lantie Book Cloth Co., Ltd.",China,Shenzhen,Hall 3 / F03-01,drupa2024.2771108,Wd2cvIKSR7iQikU2TXIlRg
"Shenzhen Reborn Intelligent Equipment Technology Co., Ltd.",China,"Shenzhen, Guangdong",Hall 5 / E02,drupa2024.2733136,i5qm0E2KS0O59S4G0cKa9A
"Shenzhen Rikong Machinery Co., Ltd.",China,Shenzhen,Hall 3 / G26,drupa2024.2769257,wCTKIGVBQZmRruiNC5w4qA
"Shenzhen Runtianzhi Digital Equipment Co,. LTD.",China,Shenzhen,Hall 8a / B05,drupa2024.2730933,mzSuCgcORVqCx2b0BFrXgQ
"Shenzhen Suntech Digital Equipment Co.,Ltd",China,"Longgang, Shenzhen",Hall 8b / C34,drupa2024.2759656,8sctWlZjQtWRPZcZmmIPKg
"SHENZHEN SUNTHINKS TECHNOLOGY CO.,LTD",China,"Shenzhen, Guangdong",Hall 5 / D11,drupa2024.2731730,MF9cQjA7SyypxzMovVl36A
"Shenzhen Wonder Digital Technology Co., Ltd.",China,"Shenzhen, Guangdong",Hall 5 / D08,drupa2024.2733101,40WJMiScRYei4MCNHABvlg
"Shenzhen ZOLO Packaging Technology Co., Ltd.",China,Shenzhen,Hall 3 / E22,drupa2024.2754736,UzvHgiKDSn2WM0SAuBf9bg
SHM International Co. Ltd.,China,Shanghai,Hall 8b / C19,drupa2024.2779540,m48u6KxqRwKwgVDFgYxduA
SHS-CAS Graphische Maschinen GmbH,Germany,Norderstedt,Hall 13 / B94,drupa2024.2779151,V5nYtUvwTp6X74U7AC369w
SIBRESS Michael Romanowski,Germany,Starnberg,Hall 5 / A38,drupa2024.2775194,bkqp3WIXQtaRbg0h9nFdTQ
Sichuan Fuboo Healthcare Technology Co. Ltd.,China,"Chengdu, Sichuan",Hall 4 / C14,drupa2024.2779236,HvjnBYuPTqepTeMuSZZkpw
"SICHUAN SHEN GONG CARBIDE KNIVES CO.,LTD",China,"Chengdu, Sichuan",Hall 3 / F95-1,drupa2024.2779459,Pui6EAvARa6jGbxp4QNbrQ
SICHUAN XIN KANG YI NEW MATERIAL,China,"Luzhou, Sichuan",Hall 8a / A02,drupa2024.2779148,82oxGfPxQFa4RaOQFIHv3Q
Siemens AG Digital Industries Factory Automation,Germany,Erlangen,Hall 15 / E51,drupa2024.2732226,Fnl9xo4ARHOIkYJwVbPAkg
Sigma Rollers Pvt Ltd,India,New Delhi,Hall 12 / A23,drupa2024.2762480,wEGJzekJSliriKR3ilK7YA
SIGNATURE,"Korea, Republic","Shiheung-si, Gyeonggi-do",Hall 12 / A70,drupa2024.2723051,i9QhnyhIQIq4CmlR0YD6eA
SignTronic AG,Switzerland,Rüthi SG,Hall 3 / E64,drupa2024.2714265,8BCVyXGpQc2SRhgeTR9cDQ
Simco (Nederland) B.V.,Netherlands,Lochem,Hall 11 / C70,drupa2024.2733140,HZkwse0fRGqplp6OQcwtnA
Simec Group S.r.l.,Italy,Olgiate Olona (VA),Hall 16 / C01,drupa2024.2731733,TLL93hIuQkCkiTY4YcNH4g
Sinomech Corporation,China,"Guangzhou, Guangdong",Hall 15 / C03,drupa2024.2733133,dGWArt7dQaCxQx9pF6CI1w
SisTrade Software Consulting S.A.,Portugal,Porto,Hall 7a / A02,drupa2024.2729055,YgqDAjCzQLmOahf56vJozQ
SITECH SPECIALTY CHEMICAL INC.,Taiwan,Taipei,Hall 3 / F35-4,drupa2024.2774398,P7cSDpi9TgmctfeG9Ex5eg
SITEXCO,Spain,Vilablareix (Girona),Hall 15 / D63,drupa2024.2725893,zIAEa4tMQeShwspFTUacrg
Sitma Machinery,Italy,Ivrea (TO),Hall 8a / B41,drupa2024.2709227,YRnGglLGRz6lLPC5wcl0qA
SmartFinish&#8482;,Germany,Chemnitz,Hall 12 / C70,drupa2024.2779258,wMPBUhewRjGMfQYtb87J7Q
Smyth S.r.l.,Italy,Coniolo (AL),Hall 6 / C25,drupa2024.2731943,tOMZrXtESpCn5obzNFr4PA
snoopstarGmbH,Germany,Düsseldorf,Hall 3 / B31,drupa2024.2779842,EfhQkvPbQNmHFoinTI1rAg
Snyder Industries Inc. Stratis Plastic Pallets Tank Holding Corp.,USA,"Lincoln, NE",Hall 16 / A12,drupa2024.2761529,FnFc4diWSWysmKtt6WJB4A
Sodemal N.V.,Belgium,Zaventem,Hall 6 / G46,drupa2024.2730262,uym883IOTwWx4s4rAH7JXA
SOFTAL Corona & Plasma GmbH,Germany,Hamburg,Hall 14 / C33,drupa2024.2708484,AKA2i2zvQmyxdq95evZMww
Solema S.r.l.,Italy,Pedrengo (BG),Hall 1 / B13,drupa2024.2731971,tGNYcaV7RcSRKuhScx2IhA
SOM KAGIT VE KARTON ISLEME SAN TIC AS,Türkiye,Kocaeli,Hall 3 / E63,drupa2024.2749637,jijxe7qSRlCQTYtMXA1NYw
SOMA spol. s r.o.,Czechia,Lanskroun,Hall 15 / A01,drupa2024.2716441,GIc4waJATASzNYgMmZG4jA
SOMTAS CONVERTING EQUIPMENT SOMTAS MAKINA AMBALAJ SANAYI VE TICARET ANONIM SIRKETI,Türkiye,Istanbul,Hall 11 / A38,drupa2024.2724454,yfRnygvtTVyZW3PZzTVz4g
"SOONTOMAX (Taishan) Label Material Co., Ltd.",China,"Taishan, Guangdong",Hall 4 / E04,drupa2024.2731806,vFc7OyJYRr6bmxu4TRpKbQ
SOPRIN GmbH,Germany,Schwentinental,Hall 3 / D100,drupa2024.2776552,GBciaTKGRPSmPUiZkdCvVA
SP Ultraflex Systems Private Limited,India,Thane,Hall 11 / D12,drupa2024.2712968,trQiehWXQimgf46nUc5hpg
Spark Machinery srl,Italy,Perignano (PI),Hall 3 / C40,drupa2024.2747151,9HZy1nXaSfCIxZ8BOpPeQg
Spectraproof®,Germany,Hohenschäftlarn,Hall 7 / C07,drupa2024.2778670,YByi31ReTMek53iCwctsHQ
Spengler Electronic AG,Switzerland,Biel-Benken,Hall 15 / A38,drupa2024.2732134,hq9OHlbbR1KSe0Mr5hORIQ
Sperrholzwerk Schweitzer GmbH,Austria,St. Marienkirchen,Hall 10 / D40,drupa2024.2732745,vYYp06wwTPeMYN4p0n7lcg
Spider-jet srl,Italy,Grassobbio,Hall 12 / D42,drupa2024.2774504,pUBw8tskTL6pFfs8og65cA
SPLASHJET INKJET INK PRIVATE LIMITED,India,"Nagpur, Maharashtra",Hall 3 / E85,drupa2024.2777314,XHwAIJ12SgWIoPZn7cwYEg
spm steuer gmbh & co. kg,Germany,Waldenbuch,Hall 3 / F81,drupa2024.2730556,zVC9fAESSj6PkT2CBu65ew
SPOTON Eco-Ink BV,Netherlands,Aalten,Hall 3 / C71,drupa2024.2779200,hJ6BXHtBRjWVNgqVHoHjxg
SPRINTIS Schenk GmbH & Co. KG,Germany,Würzburg,Hall 6 / B02,drupa2024.2709550,I53WOw5CRGGdXpDurinViA
SPS TechnoScreen GmbH,Germany,Wuppertal,Hall 3 / E81,drupa2024.2726793,EhTcaOvvTLWfnhMZu879GA
Stamfag AG,Switzerland,Einsiedeln,Hall 14 / C15,drupa2024.2726365,cTHtK4ysTbWUGw6wZmvjYQ
Starfoil Technology Netherlands BV,Netherlands,Waalwijk,Hall 3 / B75,drupa2024.2731167,W7wlaJC3RCaZrTXameIYjQ
Steinemann DPE,Switzerland,St. Gallen,Hall 3 / E71-1,drupa2024.2779165,rymYJOzfTPikHGbRItbwDQ
STH WIRE INDUSTRY (M) SDN. BHD.,Malaysia,Melaka,Hall 10 / D34,drupa2024.2720435,VGTSU419T6C9DmE4Lhmacw
STI Group STI - Gustav Stabernack GmbH,Germany,Lauterbach,Hall 3 / B31,drupa2024.2771989,XLdf0NluSSODhhtFbqKiLQ
Sticker Builder,Poland,Kraków,Hall 7 / I01,drupa2024.2780212,rSdr3YLXQjaHS8vnUuPbXA
Stiftung Werkstattmuseum für Druckkunst Leipzig,Germany,Leipzig,Hall 14 / C62,drupa2024.2730725,viAtV8ybSjebTi8dkdhukg
STOMA GmbH Maschinen und Geräte für die grafische Industrie,Germany,Siegburg,Hall 3 / D40,drupa2024.2708284,4M7lO9zzSEC7ohxZW8bjbA
Stora Enso OY,Finland,Helsinki,Hall 14 / D60,drupa2024.2780341,6Zvo2yZNTdi81UDTJh9NaA
Strip Plate Lackierplatten Produktions- und Handels GmbH,Austria,Schrems,Hall 3 / F50,drupa2024.2777417,joMl11vYTmuwgSvzXsNrAg
Struck bending technology,Germany,Haan,Hall 12 / D02,drupa2024.2733139,7XLLx8HkQ6ig0lccOmYTgA
STS INKS LTD.,Bulgaria,Sofia,Hall 5 / E20,drupa2024.2757420,FKbC77sgTv62FmJdFoVDKQ
StudioRIP SRL,Romania,Vistea,Hall 7a / A05,drupa2024.2714840,2U5FM3wFRpOG76yNks4tVA
SUBA SOLUTIONS PVT LTD,India,Chennai,Hall 13 / A60,drupa2024.2733149,Lz3Q73O2T9us2Om9Ipcm7w
Suddha Machineries and Industries Pvt. Ltd.,India,Gandhinagar,Hall 13 / B53,drupa2024.2732748,qIfb6XvbQ9ydqHuIEO2rLA
SüdLeasing GmbH,Germany,Stuttgart,Hall 1 / C30-2,drupa2024.2773637,EsWzoU76QIWZ6gqOmzVVgQ
Sumbel GmbH,Germany,Bremen,Hall 11 / D71,drupa2024.2732795,ZPklWhRIQQyaKFYD1XMvAQ
"SUMEI CHEMICAL CO., LTD",Taiwan,Tao Yuan,Hall 3 / F35-1,drupa2024.2774534,UQiUQIvZS2ycGvSIcWBrmQ
Summa NV,Belgium,Gistel,Hall 8b / C02,drupa2024.2777086,RxxszAQdQ0SjjWyk6LRmwg
"Sun Kang Industrial Co., Ltd",Taiwan,New Taipei City,Hall 11 / E61,drupa2024.2780296,DRC7gyCKTTG82UzQlNgelw
Sun-Ka Sungurlu Kagitcilik San. Tic. A.S,Türkiye,Corum,Hall 4 / D50,drupa2024.2711531,Q912CX9bSTG6PYzCVoYnXA
"Sunflow Technology Co., LTD",Taiwan,Taichung City,Hall 12 / D84,drupa2024.2727257,ab6pRFeISDGUtZuSWalLqw
Sunfung Technology Corporation LTD.,China,Hangzhou,Hall 5 / C07,drupa2024.2732323,30fWeHTqRGS93F7QPg3H7w
"Sunhope packaging machinery (Zhenjiang) Co., Ltd",China,"Zhenjiang, Jiangsu",Hall 6 / D01,drupa2024.2753560,koPvbqnfQQStZkblajdNMQ
SUPER BOND ADHESIVES PVT. LTD.,India,"Thane, Maharashtra",Hall 3 / C51,drupa2024.2768990,C8D5wN0DS0q2elkfIDIvow
"Suqian Gettel Plastic Industry Co., Ltd.",China,"Suqian, Jiangsu",Hall 3 / F01,drupa2024.2732354,nmj8ZyMaTiGDF34IavyUUg
"Suzhou Kingswood Education Technology Co.,Ltd",China,"Suzhou, Jiangsu",Hall 3 / F55,drupa2024.2729151,ehILQ64PS7i6zp9BL0g2xw
"Suzhou Tektronix Co., Ltd",China,"Suzhou, Jiangsu",Hall 5 / C21,drupa2024.2734311,WjEiWtHMTtyZEGxfZpg1uA
Swedev A/B,Sweden,Munkfors,Hall 3 / B74,drupa2024.2732219,7kfNzyicSsy19vyYwywDQw
swissQprint AG,Switzerland,Kriessern,Hall 9 / B04,drupa2024.2713858,gVxivNDbQjqYg6MAwQNGfQ
symphony Smart Factory Framework,Germany,Stuttgart,Hall 7a / C05,drupa2024.2755906,yftZoZqLTDmYgGIOm6jljg
Synaptik Lamination SL,Spain,Girona,Hall 10 / A33,drupa2024.2734470,uy7OyKgESRiD2HQ3UihoIg
SYNCRO GROUP SRL,Italy,Busto Arsizio,Hall 12 / B44,drupa2024.2743433,4TKS6vhRR3u1u3Kzi9VYFQ
SYNERGY EUROPE GROUP S.R.L.,Italy,Galgagnano (LO),Hall 11 / A60,drupa2024.2774517,csPy06a0TjicvZYCi9V8oQ
SYNTRON INDUSTRIES PRIVATE LIMITED,India,Ahmedabad,Hall 3 / E50,drupa2024.2708417,fB4wsV0YRsu69H3HIQREmw
SYSFORM TECHNOLOGY CORP.,China,Guangzhou,Hall 6 / D46,drupa2024.2733123,Uj9E3ElFTTCC1HAcDYpIEw
System GmbH & Co.KG,Germany,Düsseldorf,Hall 16 / E03,drupa2024.2757223,8O3xh4weTNqAiJvu1Z0ruQ
TA Triumph-Adler GmbH,Germany,Hamburg,Hall 8a / C20,drupa2024.2738343,82sncFxDSIGbIjHrVt78rw
"Tacho-P, Co.","Korea, Republic",Daegu,Hall 6 / F48,drupa2024.2732885,JtivADeeRsWtw2QyHjMUIw
Taghleef Industries S.L.U. Derprosa - Ti,Spain,"Alcalá la Real, Jaén",Hall 5 / C02,drupa2024.2732403,jNQsxmHKT5u0qmKLpszdpA
"Taiwan Endurance Co., Ltd,",Taiwan,Taipei,Hall 12 / B80-2,drupa2024.2774425,AI02m3lHRXKUVntxFvKEmA
TAKANO MACHINERY COMPANY,Taiwan,New Taipai,Hall 12 / B80-3,drupa2024.2775215,5QOh9XzQRt2ElKo81PuKZQ
Tambula GmbH,Germany,Bebra,Hall 15 / A52,drupa2024.2732797,3LeoXOTATOOe5vkdmUcCjA
"Tangshan Jiguo Printing Machinery Co., LTD",China,"Tangshan City, Hebei",Hall 13 / A35,drupa2024.2735325,cpU8ae8rQKmzzuP0rKQDgg
"Tangshan Laizhang Import& Export Co.,Ltd",China,Tangshan,Hall 3 / G25,drupa2024.2751817,1GrPbRRkTPaQdFvqkS2NjA
"TANGSHAN UANCHOR AUTOMATION TECHNOLOGY CO., LTD.",China,"Tangshan, Heibei",Hall 10 / C02-3,drupa2024.2734001,HBM9S8H4R6KAZI9rr7VMrg
TANMAK Baski Silindirleri Disli Mak. San. ve Tic. A.S.,Türkiye,Izmir,Hall 3 / D21,drupa2024.2730566,Nd53XW7aTriE5l7y1sU7PQ
Taopix Ltd.,United Kingdom of Great Britain and Northern Ireland,Ponteland,Hall 7a / D31,drupa2024.2732673,yrb1ioGPQVueQbhnClcr4Q
Tapio Measurement Technologies Oy,Finland,Espoo,Hall 13 / B64,drupa2024.2754732,iPjMBo73QJOK9A6cSCkSlQ
Tasowheel Oy,Finland,Tampere,Hall 13 / B64,drupa2024.2780304,Y690ZdEyQOKe04HBeuKVxQ
Tauler Laminating Tech S.L.,Spain,Vilafranca del Penedès (Barcelona),Hall 6 / C43,drupa2024.2727784,xURCb4C9TWGSjaiLzLtApw
TCE MAKINA SAN.TIC.A.Ş.,Türkiye,Konya,Hall 12 / A20,drupa2024.2731729,i07GiDChQF2Ri0eA36Uevg
TCL-Solutions GmbH,Germany,Mülheim,Hall 3 / C71,drupa2024.2777353,djX2lvkCQ62Gr0o0wUIQaQ
TCM SOLUTIONS SAS,France,Trainel,Hall 13 / B101,drupa2024.2729984,nKVRtsBeScOCoiA5kazIQw
"Tec Lighting, Inc.",USA,"Brea, CA",Hall 5 / B33,drupa2024.2747840,AbMlVmr4R6OKsPxQuKbUOw
tec4check GmbH,Germany,Marburg,Hall 7a / B01,drupa2024.2751507,ScjzdjyKQtqkwLL5JpCKmg
"Tech Gold Technology Co., Ltd.",China,Shenzhen,Hall 6 / D35,drupa2024.2731430,qsMn3pYnT2y6Plz9aSHxdA
Tech Sleeves BV.,Netherlands,Alphen Aan Den Rijn,Hall 10 / C10,drupa2024.2779595,Bt7ykNIsRDmgZ9OhmCS57w
Tech-ni-Fold Ltd.,United Kingdom of Great Britain and Northern Ireland,"Lutterworth, Leics",Hall 6 / B08,drupa2024.2773068,H7Y7GnSuTaiGBZZUPP8IFg
TECHKON GmbH,Germany,Königstein,Hall 9 / A03,drupa2024.2721505,HSx4ynaSRwe3MUgWDoCssQ
Technical Association of the Hungarian Paper and Printing Industry,Hungary,Budapest,Hall 6 / C05,drupa2024.2779871,AhyakqnNQpyE24OOZfuLjg
Techniweb S.A.S.,France,Vitry-sur-Seine,Hall 16 / A06,drupa2024.2765503,ZM4HVoV8TneuHVN6bmCi6Q
"Techno Roll Co., Ltd.",Japan,"Izumi City, Osaka",Hall 15 / A30,drupa2024.2755866,Apuw4daKQdCQxdjBHUhuOA
Technomatic Sp. z o.o.,Poland,Czluchow,Hall 16 / C03,drupa2024.2766323,EPSJ0bLRTxuGhq752P1MLA
technotrans,Germany,Sassenberg,Hall 1 / B10,drupa2024.2715720,hdo5EFD6QLyHELXOEZLcMA
technotrans SE,Germany,Sassenberg,Hall 1 / B10,drupa2024.2715720,hdo5EFD6QLyHELXOEZLcMA
Tecnau Srl,Italy,Ivrea (TO),Hall 8a / B41,drupa2024.2709227,YRnGglLGRz6lLPC5wcl0qA
Tecno Converting 2000 s.r.l.,Italy,Negrar (Verona),Hall 13 / C91,drupa2024.2732749,nxeDGbctQJaWimSvB44LYA
Tecnomac S.r.l.,Italy,BORDOLANO (CR),Hall 1 / A12,drupa2024.2731731,9lBGj8fSQt29IGn6kLStrA
TecnoRulli S.r.l. Roller&Sleeve Coverings,Italy,Rastignano (BO),Hall 16 / E21,drupa2024.2759310,ZNftRAilR5usBunxlFLk3Q
TECUMA Systems GmbH,Germany,Osnabrück,Hall 15 / A52,drupa2024.2768300,bj8YDUbfTlye6CmnbWr2wg
TEG TECHNOLGIES RESEARCH AND DEVELOPMENT S.L.,Spain,Vilablareix (Girona),Hall 15 / D63,drupa2024.2725893,zIAEa4tMQeShwspFTUacrg
Teknova Matbaacılık Kimya San. ve Tic. A.Ş.,Türkiye,Istanbul,Hall 4 / B41,drupa2024.2729909,wQ7ffqRtRQiGJZguRpLlxw
Tern Shine Machinery Co. Ltd.,Taiwan,New Taipei City,Hall 12 / B80-1,drupa2024.2774422,yBvKEx2rT9mn7UW3rNUmBg
tesa SE,Germany,Norderstedt,Hall 15 / F21,drupa2024.2731510,cxVW5LUvSSi3nAqYQ9UHyA
tesa SE,Germany,Norderstedt,Hall 14 / D60,drupa2024.2780175,FcmH8opBSdqw3SuuGpRnRg
Tessitura GmbH,Germany,Mönchengladbach,FG Hall 4 / 4-1,drupa2024.2777093,vtWpjkmUQE2vEPqTOus5kQ
TEZ OLUKLU MUKAVVA VE AMBALAJ SAN. TİC. LTD. ŞTİ,Türkiye,Çorum,Hall 4 / B45,drupa2024.2775649,TVEI3pfSSJisI3EcLibEKw
Tharstern Ltd.,United Kingdom of Great Britain and Northern Ireland,Burnley,Hall 7a / B13,drupa2024.2729751,FwMpDWOXS6CnydHFiy39Jw
The Challenge Machinery Company Corp./Inc.,USA,"Norton Shores, MI",Hall 8a / C25,drupa2024.2778087,7I1XSwwdQ5ObWvZh0Wq2Eg
The Cool Tool GmbH,Austria,Mödling,Hall 13 / A105,drupa2024.2770413,wQsq9IhoTmGwEv14dhfiJg
The Cronite Co. Inc.,USA,"Parsippany, NJ",Hall 12 / A02,drupa2024.2756966,lWueJ38LTUa0B5vVhFk3HA
The Flexo Company SAS,France,Paris,Hall 7 / C03,drupa2024.2779686,v6qGXGF1SGqqf79osYDd1A
The Navigator Company L.da/Limitada,Portugal,Setubal,Hall 4 / E27,drupa2024.2732834,4cxgj8LbQXOLTq0aaYOvDQ
The Printers House Pvt. Ltd.,India,New Delhi,Hall 16 / A11,drupa2024.2730981,TFxvT2OASTWLerPjak9CbQ
The Solution Shop,Netherlands,Oisterwijk,Hall 3 / B70,drupa2024.2728754,Z26cDcQhTwur628JXalRNw
THERM-O-TYPE Corporation,USA,"Nokomis, FL",Hall 6 / C07,drupa2024.2779333,8SyiJpGLQ5qMz7hEctq37g
theurer.com GmbH,Germany,Freiberg am Neckar,Hall 9 / D06,drupa2024.2708216,kgniQad8TcGyfCvwpBvtYQ
THIEME GmbH & Co. KG,Germany,Teningen,Hall 3 / B81-4,drupa2024.2769294,ourt7vsVTAG21gSqVHJC5w
"Think Laboratory Co., Ltd.",Japan,"Kashiwa, Chiba",Hall 3 / A31,drupa2024.2732796,UOvtQ1kNRDKeV2CFqdLdkQ
"Tianjin Xingfeng Paper Products Co.,LTD",China,Tianjin,Hall 6 / A15,drupa2024.2753555,vO48GlHGSE2HJP6Eex4xhg
"TianJin YongLiQi Paper Machinery Co.,Ltd",China,Tianjin,Hall 12 / D01,drupa2024.2779929,8YpIgps7RGuFiEryPcqVIA
TIANZHENG CORPORATION Co. Ltd.,China,"Shunde, Foshan",Hall 12 / C83,drupa2024.2737655,JNLJ5DRoQ02T0mqZx5Qsag
Tidland,Germany,Kelkheim,Hall 12 / D41,drupa2024.2730963,IZrX6KDKT36WU4XZl6s0qA
Tigres GmbH,Germany,Marschacht,Hall 12 / D42,drupa2024.2768991,WoXoncoRRwy2d8q7Jo7Q0g
TKM GmbH,Germany,Remscheid,Hall 3 / A51,drupa2024.2708438,rW5S8gE3RDmem2LqnIgVVg
TKM GmbH,Germany,Remscheid,FG Hall 3 / 3-1,drupa2024.2773065,2RCv5dO1QpyiFIQGhp3e0Q
TKM GmbH,Germany,Remscheid,Hall 14 / D60,drupa2024.2780185,c9qIxhHFQU2R7r8IbUGG6Q
TLS Anilox GmbH,Germany,Salzkotten,Hall 15 / D55,drupa2024.2775808,M4eoHCJrTAukKg2DHJzPOg
"Tong Shin Pack Co., Ltd.","Korea, Republic",Seoul,Hall 11 / E57,drupa2024.2713863,IsV3HUc1TN2VhYMilh60PA
Tongadive Ltd.,United Kingdom of Great Britain and Northern Ireland,Maidenhead,Hall 7 / C05,drupa2024.2779202,SBr1jPUjRImMrFeALjnOdg
TONLI PAPER,China,"Yunfu, Guangdong",Hall 4 / E25,drupa2024.2729315,AXyZxUWtQqqz8XQBnMNkTg
TOPPAN SPECIALITY FILMS Private Ltd,India,"District-Nawanshahr, Punjab",Hall 3 / B40,drupa2024.2769890,OQSaicLSTk6Vud2ljqLfOg
TOPPY SRL,Italy,Bazzano (BO),Hall 16 / E22,drupa2024.2715714,Si9xg2H9RmK2TaUigRwe7A
Toray Textiles Central Europe s.r.o. IMPRIMA Graphics Division,Czechia,Prostejov,Hall 3 / C71,drupa2024.2779195,GgzmOOQ3T8CaOUrMPPLxIg
Toronto Metropolitan University School of Graphic Communications Mmgnt.,Canada,"Toronto, ON",Hall 7 / G01,drupa2024.2777379,MAS56cpvRBKzZFMPjip8kA
"Toshiba Tec Corporation, Inkjet Business Group",Japan,"Shinagawa, Tokyo",Hall 5 / B04,drupa2024.2741760,argPa33nRcCR9cXejSxPwA
Tosingraf srl,Italy,Rosà,Hall 6 / A54,drupa2024.2728834,LlmxDOclTtGHCwkEPxtqWw
"Totani corporation CO., LTD",Japan,Kyoto,Hall 6 / C47,drupa2024.2756965,FsfYUrhARdKZPlUYyLS5RA
touchpoint packaging,Germany,Düsseldorf,Hall 3 / B31,drupa2024.2768541,5e2bXeHLSkiHrd3hbveAeg
touchpoint sustainability - VDMA Services GmbH,Germany,Frankfurt,Hall 14 / D60,drupa2024.2722444,2sRUqPdhQNCFQMCSvJkEhg
touchpoint textile,Germany,Düsseldorf,Hall 4 / B30,drupa2024.2728559,KlwOfylNR4uI1yqsmWVTpQ
TOYO INK Europe Specialty Chemicals S.A.,France,Oissel,Hall 8a / C01,drupa2024.2761681,Swgd2H9rSdm4WySgUa0PmQ
"TOYOBO MC CORPORATION CO., LTD",Japan,Osaka,Hall 10 / C10,drupa2024.2780192,prZPCVVIRn2nb5BTGj2Cxw
TRESU A/S,Denmark,Kolding,Hall 10 / B21,drupa2024.2725408,sybhc61CRWmGwNnDJAIa0g
"Trinity Printing Machinery, Inc.",USA,"Tampa, FL",Hall 13 / A62,drupa2024.2764028,1UB56JtgRhqqKDtFDt7X9g
Tritron GmbH,Germany,Battenberg,Hall 3 / E54,drupa2024.2713983,DrVgsiBtT6G3qb3sWbpreQ
Triwill Group,Türkiye,Istanbul,Hall 3 / D43,drupa2024.2770415,E5k1GbUyQZ22U81AzjmlDA
Troika Systems Ltd.,United Kingdom of Great Britain and Northern Ireland,"Highworth, Wilts",Hall 6 / B48,drupa2024.2751555,kiW7zcTaQNWFSOvVv5H9cQ
Trotec Laser GmbH,Austria,Marchtrenk,Hall 12 / E33,drupa2024.2765039,IQx9Ya1SRbmTajgpIbs2nQ
TRUTECH MACHINERY (Partnership),India,Ahmedabad,Hall 11 / F61,drupa2024.2731435,5QaAOyGySDSzYgttOMkqAw
Tunpack Machinery & Paper e.k.,Germany,Bergheim,Hall 12 / B12,drupa2024.2770460,Jb4X2mGiRQGvSjxUCKgL0w
TURAKHIA TEXTILES PVT LTD,India,Mumbai,Hall 4 / B43,drupa2024.2769892,DDwWI7sJSFuYCRmvwixVrA
TURK OLUKLU MUKAVVA VE AMBALAJ SAN. A.S. TURK CORRUGATED CARDBOARD AND PACKAGING INDUSTRY INC,Türkiye,AKYURT/Ankara,Hall 4 / D07,drupa2024.2720013,46FP7vLtQyyzpYDsoXCz1g
Type Directors Club of New York,Germany,Mainz,Hall 6 / C01,drupa2024.2730831,EJlQYhHyRWWiE2atRo55CQ
TYPOCHIMIKI S.A.,Greece,Kapandriti Attikis,Hall 4 / A50,drupa2024.2747027,cWKBLwKvTRq31p9UMOzrfA
"Uchida Yoko Global Co., Ltd.",Japan,Tokyo,Hall 8b / B18,drupa2024.2732504,akmKr84YSqiTJGD4E81dXQ
Uflex Ltd,India,Noida (U.P.),Hall 9 / C30,drupa2024.2751334,fpFjeIp0RhevcStioLcKaw
Ulmex Industrie System GmbH & Co. KG,Germany,Ulm,Hall 15 / C31,drupa2024.2753113,9P07bupWRDuF4InbXLCdlg
Ulmex Industrie System GmbH & Co. KG,Germany,Ulm,FG Hall 15 / 15 FGA.2,drupa2024.2778540,sLs7vt43SNqcDl2W7YUlQw
Ultimate Tech,Canada,"Montreal, QC",Hall 8b / A31,drupa2024.2721330,ODPdQNhbTOCpS7AfgV7YeQ
ULTRA INC,Türkiye,Ankara,Hall 3 / C55,drupa2024.2729303,H71560LZRqCsuj4P2VykUw
ULTRALEN FILM GMBH,Germany,Weil am Rhein,Hall 1 / A12,drupa2024.2779477,lZvlxqNjS4GYVZG5C91f9Q
Unilux Europe GmbH,Germany,Düsseldorf,Hall 12 / B31,drupa2024.2709549,2gTTud10QYKOzkP134XBuQ
United Foils,Netherlands,Waalwijk,Hall 3 / B75,drupa2024.2777724,tHh6YmwSSeWzvOAQ5zMetg
United Transfer Technologies BV,Netherlands,Waalwijk,Hall 3 / B75,drupa2024.2777725,jykd0OFjT62OVXRw6Xyefw
Univacco Technology Inc.,Taiwan,Tainan City,Hall 3 / A33,drupa2024.2727785,e7LNypm8Sj2Dbez3Bny84g
Universal Converting Equipment Ltd.,United Kingdom of Great Britain and Northern Ireland,Ipswich,Hall 15 / D51,drupa2024.2723302,WeR2B4wsRjavgSows87SCA
UNIVERSE,Italy,Torre De' Roveri (BG),Hall 1 / B21,drupa2024.2732483,qf27wgjPTIqum642yKREfw
University of West Attika Graphic Media Research Lab (GRAPHMEDLAB),Greece,"Egaleo, Athens",Hall 7 / G01,drupa2024.2777876,cXoge3woTSCwJlXAihz00A
Ushio Germany GmbH,Germany,Steinhöring,Hall 8a / C27,drupa2024.2752966,gTFcnydITr6HRBoocQa8Bg
Uteco Converting S.p.A.,Italy,Verona,Hall 10 / A02,drupa2024.2722353,vn03jNw9RwKggrm0I8IJ5A
uTraxx GmbH,Germany,Konstanz,Hall 7 / B03,drupa2024.2762546,iXC0PXBMQTiVHZUREHhOTA
uv-technik Speziallampen GmbH,Germany,Ilmenau,Hall 16 / D12,drupa2024.2778129,yfhXpsIVQzu9rxV5rqBooQ
Valco Melton SLR,USA,"Cincinnati, OH",Hall 12 / D70,drupa2024.2729920,nBZ736sgQ7OTiH0Fi9GN6Q
Valiani Srl,Italy,Certaldo (FI),Hall 8b / C02,drupa2024.2749964,5tTbC7qiRlOywNqKxpYCPg
Valloy Inc.,"Korea, Republic",Seoul,Hall 8b / C38,drupa2024.2732051,ObHJQnipQp6r0zv90nOBtA
VAMATCO MÜREKKEP SIYIRMA BIÇAKLARI SAN. VE TICARET A.S.,Türkiye,"Tuzla, Istanbul",Hall 3 / D102,drupa2024.2732518,wuYR2DgIQ3qikWfQJ9FuOw
Van der Wekken Grafische Machines B.V.,Netherlands,Swifterbant,Hall 13 / A91,drupa2024.2772318,A72afsVgTYCVcyoUuIvnrA
Varioprinting Kft.,Hungary,Veszprém,Hall 5 / B24,drupa2024.2779150,d0rGJILQSzy4dOWK1wXQ7g
Varniplate,Italy,Biella,Hall 3 / E60,drupa2024.2733226,6tQ28a6jTeOpf3rR31rYMA
Vatan Makina Imalat San. ve Tic. LTD,Türkiye,Istanbul,Hall 13 / A20,drupa2024.2731724,L4qTa5mASGCwiQdDarWVlQ
Vaude Sport GmbH & Co. KG,Germany,Tettnang,Hall 4 / B30,drupa2024.2746820,LRh3T8W0SjeDN0YGFDEI6w
VDMA Startup-Machine e.V.,Germany,Frankfurt am Main,Hall 14 / D60,drupa2024.2780299,fg8BE9eVQl68ffGdFY9iCA
VE-GE Hassas Kagit ve Yapistirici Bant San. Tic. A.S.,Türkiye,Istanbul,Hall 3 / E01,drupa2024.2754731,LvaglxyoTuSLbg9CNI7Vbw
VEGA s.r.l.,Italy,Paderno Dugnano,Hall 10 / A18,drupa2024.2711866,5AiwAmCKSjegiwvsYVSbbQ
VEGRA GmbH,Germany,Aschau am Inn,Hall 14 / D61,drupa2024.2731941,VElMMgxRRbGzivT2V7vzDw
VENTUMPRINT Ltd.,Ukraine,Kyiv,Hall 7 / A03,drupa2024.2729854,dy2NzplbSNO3TIPYiw5raA
Verband der deutschen Lack- und Druckfarbenindustrie e.V.,Germany,Frankfurt am Main,Hall 3 / E37,drupa2024.2768126,hwEHbhPtSZWzm5zqvLDrVQ
Verband Druck und Medien Bayern e.V.,Germany,Aschheim bei München,Hall 4 / F05,drupa2024.2776503,axeu079aRzKStm1CuoQLWw
Verband Druck und Medien Hessen e. V.,Germany,Frankfurt am Main,Hall 4 / F05,drupa2024.2776012,AVuZw4VjRbOdVvnb1WrlHg
Verband Druck und Medien Mitteldeutschland e.V.,Germany,Leipzig,Hall 4 / F05,drupa2024.2776554,2ecapnLnQYK5oqvvv6DEcg
Verband Druck und Medien Nord-West e.V.,Germany,Lünen,Hall 4 / F05,drupa2024.2776931,j75XHq0bTSCG49sSZuocHw
Versor Engineering Sp. z o.o. Sp. k.,Poland,Bydgoszcz,Hall 10 / A31,drupa2024.2729213,cT92HzTIQVWtlniaIScQFA
VFP Ink Technologies SAS,France,Asnieres Sur Seine,Hall 3 / B81-3,drupa2024.2768423,4g5tFJvQTEK29P3VlhUz1A
VG7 by Vampigroup Srl,Italy,Padova,Hall 7a / C13,drupa2024.2730713,exIANMVjQcaRxgzDhx46Tg
Vianord Engineering SAS,France,Carros,Hall 5 / B06,drupa2024.2780165,XOVgKEYBTi60UlQPPs4nuw
Vimpex Handelsgesellschaft GmbH,Austria,Wien,Hall 4 / C28,drupa2024.2733026,Xx6LutY8S16SUidrdaTV0w
Vinfoil BV,Netherlands,&#8216;s-Hertogenbosch,Hall 16 / B11,drupa2024.2711865,JWj96fJFRvOGtdlfncQ8Og
"Virtual Art Developers, SL",Spain,Alcoy,Hall 7a / C31,drupa2024.2779839,WQmwmmaXSIWwpP0Zdwz8KQ
Vishal Paper Mills Pvt. Ltd.,India,"Malerkotla, Punjab",Hall 4 / B12,drupa2024.2779602,18CyOkAhSuSWYqnbx34eFA
Vits International Inc.,USA,"Blauvelt, NY",Hall 16 / F22,drupa2024.2777315,HXNqDZJ3TZOYs2qpzxzqkA
Vivid Laminating Technologies Ltd.,United Kingdom of Great Britain and Northern Ireland,"Ashby-de-la-Zouch, Leicestershire",Hall 6 / A21,drupa2024.2725892,gaRetZJiSamwMXbY5RwPWQ
Vliesstoff Kasper GmbH,Germany,Mönchengladbach,Hall 3 / D01,drupa2024.2708276,nyzhutjfQqyKqW6Kao6ijA
Vliesstoff Kasper GmbH,Germany,Mönchengladbach,Hall 3 / D01,drupa2024.2708276,nyzhutjfQqyKqW6Kao6ijA
voestalpine Precision Strip GmbH,Austria,Böhlerwerk,Hall 10 / D38,drupa2024.2725069,LEC4DSMTQv6e3a7ZIhNZqQ
"VOLMAS PACKAGING CO.,LTD",China,"Ruian, Wenzhou, Zhejiang",Hall 12 / B83-3,drupa2024.2731801,6ZD3FM9lT56IbEdBehLUYw
VOREY TECHNOLOGY Co. Ltd.,China,Ningbo,Hall 8a / C23,drupa2024.2732544,A7MAAf5ERt6kFzwXdAWvvg
Vulcan,Germany,Northeim,Hall 4 / C40,drupa2024.2717712,1RtJjxxFQDunOgRkIgj2iA
Vulcan Automation Kft.,Hungary,Budaörs,Hall 1 / A21,drupa2024.2778336,rdQ5ymLKTJGR8E96AFbgTg
W+D – Winkler + Dünnebier GmbH,Germany,Neuwied,Hall 16 / C21,drupa2024.2733614,m7lJrncWRL27w83PljyqBg
W. H. Leary Co. Inc.,USA,"Tinley Park, IL",Hall 12 / D11,drupa2024.2709229,nVOQZpELTlemWvUt3mT8BQ
wallPen GmbH,Germany,Wissen,Hall 8b / B35,drupa2024.2779194,hsUPqL8pTzCGWldPwZj75w
WCJ Pilgrim Wire LLC,USA,"York, PA",Hall 14 / D20,drupa2024.2779558,NMSWiSUXTVau8oW9QKygUA
Webcontrol Machinery Corp.,Taiwan,Taichung,Hall 12 / C70,drupa2024.2730712,wf3ylh1BTqeTiC6IaXC7nA
WeiFang Donghang Graphic Technology Inc.,China,"Weifang, Shandong",Hall 12 / B35,drupa2024.2737890,9APnmBeKQTSzwBdvXfPHqQ
WEIFANG HENGCHENGXIANG PRECISION MACHINERY TECHNOLOGY CO.，LTD.,China,Weifang,Hall 6 / G44,drupa2024.2740580,poJ8oIQYTL2cfdqppkZvMQ
WEILBURGER Graphics GmbH,Germany,Gerhardshofen,Hall 1 / A24,drupa2024.2767765,l0M5zxvYQ3i4CtsbVU20IQ
Weitmann & Konrad GmbH & Co. KG,Germany,Leinfelden-Echterdingen,Hall 8a / C40,drupa2024.2720717,L5slkgI8TViq0Ylv6tpyeg
Weitmann & Konrad GmbH & Co. KG,Germany,Leinfelden-Echterdingen,Hall 17 / A01-2,drupa2024.2777960,4zklPnSFT7iAAkIdD7UURw
"Wellmark Packaging (Dongguan) Co., Ltd.",China,"Dongguan, Guangdong",Hall 3 / F92,drupa2024.2769252,bmcrkkeIQmWIlMAIZcKQpQ
Wellprint Inks & Chemicals,India,"Nagpur, Maharashtra",Hall 4 / C03,drupa2024.2779631,I6mxDrdGRKaIEuO37KdQNg
"Wen Chyuan Machinery Co., Ltd.",Taiwan,New Taipei City,Hall 12 / B80-4,drupa2024.2780023,F3WzahBZRiKRyOINO4Pj2g
"WENZHOU ADEWO AUTOMATION EQUIPMENT Co., Ltd.",China,Wenzhou,Hall 13 / C30-3,drupa2024.2745396,jTeSO0SkQru5tKF1DNTC0w
"Wenzhou Feihua Printing Machinery Co.,Ltd",China,"Wenzhou, Zhejiang",Hall 12 / A32,drupa2024.2749421,jduixDxuStWfk2BKlXvsTQ
"WENZHOU FENGMING MACHINERY CO.,LTD.",China,Wenzhou,Hall 13 / A10,drupa2024.2755836,9FRfR409Sj6q1fnn4UV3sg
"Wenzhou Gaoxiang Machinery Co.,Ltd",China,"Ruian, Wenzhou, Zhejiang",Hall 6 / D48-01,drupa2024.2732331,NO7bg2NMTg2AmGNitk1s1A
Wenzhou Guangming Printing Machinery Co. Ltd.,China,Wenzhou,Hall 9 / C20,drupa2024.2732287,U77xAfTiT1KwjUhVi4sWCA
"WENZHOU GUANGYA MACHINERY CO.,LTD.",China,Zhejiang,Hall 11 / D16,drupa2024.2732641,BkYaQjJISZq5KR1TXXlQeg
"Wenzhou Heasn Import & Export Co., Ltd",China,"Wenzhou, Zhejiang",Hall 1 / A44,drupa2024.2733008,En7nRXRhRRecPIgHKpNYlA
"Wenzhou Hengtong Printing & Packaging Machinery Co., Ltd.",China,"Wenzhou, Zhejiang",Hall 11 / D01,drupa2024.2761766,kMNpMp8XT4Wr6j685Y2pjw
"Wenzhou Hongshuo Machinery Co., Ltd.",China,Wenzhou,Hall 3 / G24,drupa2024.2766586,lk3af86dRx6zD7vvkKbfMw
"WENZHOU HONGYING MACHINERY CO.,LTD.",China,"Wenzhou, Zhejiang",Hall 12 / E55,drupa2024.2760718,rrHdXKVOTraUcuGaFpN7Ng
"Wenzhou Hoson Printing Machinery Co., Ltd",China,"Wenzhou, Ouhai",Hall 11 / A41,drupa2024.2731501,OMVjSSEwSHONtjkaiuJH8A
"Wenzhou Jukai Machinery Co.,ltd",China,"Wenzhou City, Zhejiang Province",Hall 11 / F10,drupa2024.2737537,bESZNQbPR9qwTbqpcGM6QQ
"Wenzhou Kalefu Packaging Products Co.,Ltd",China,"Wenzhou, Zhejiang",Hall 3 / F41-12,drupa2024.2734486,u1pG3zGwT3eIpQfRwRaL8g
"WENZHOU KUAIYIDA MACHINERY CO.,LTD",China,Wenzhou,Hall 10 / C02-02,drupa2024.2776304,9iapDSmrSL63NBxl3jGMCQ
"Wenzhou Lisheng Printing And Packaging Machinery Co., Ltd",China,"Wenzhou, Zhejiang",Hall 15 / A04,drupa2024.2750350,6nJD2IMOTNq90WCGTKvwqw
"WENZHOU LONGHUA MACHINERY CO., LTD.",China,Zhejiang,Hall 4 / F27,drupa2024.2777179,DYDKOPTDRtucFg29EZHvsA
"WENZHOU NEWSMART MACHINERY CO., LTD",China,"Wenzhou, Zhejiang",Hall 6 / C02,drupa2024.2747850,qIVnvAuwQpuhhIgLEdEB6w
"Wenzhou Ougu Packing Material Co., Ltd.",China,"Wenzhou, Zhejiang",Hall 3 / E23,drupa2024.2745354,ngxl8R2sSHiSpZxX9rNaKQ
"Wenzhou Qichen Industry & Trade Co., Ltd",China,"Wanquan Town, Zhejiang Province",Hall 13 / A30,drupa2024.2731415,64f7zCqiQ0O9lh6PSDSs8Q
"WENZHOU ROKIN MACHINERY CO.,LTD",China,"Wenzhou, Zhejiang",Hall 13 / B92,drupa2024.2764362,JjVPfbpdR36i10GpT1WrsQ
WENZHOU RUIGUANG MACHINERY CO.LTD.,China,"Wenzhou, Zhejiang",Hall 5 / C21,drupa2024.2776716,9rRslh4STfGGwbMFXLUV5w
"Wenzhou Ruizhi Packing Machinery Co.,Ltd",China,"Wenzhou, Zhejiang",Hall 3 / F06,drupa2024.2766592,1Hf0p5saSMGq2ju3qEm8EA
"Wenzhou Senwei Machinery Co., Ltd.",China,Zhejiang,Hall 13 / C14-2,drupa2024.2755847,GN7qmjy6SvaCRrFD7QWGbA
"Wenzhou Taichang Adhesive Products Co., Ltd.",China,Wenzhou,Hall 3 / F41-9,drupa2024.2731426,4WOhUtvDTx6wHhtcnu6oqg
"Wenzhou Tongying Environmental Protection Technology Co., Ltd.",China,"Wenzhou, Zhejiang",Hall 4 / F37,drupa2024.2769253,3P2NNWGnR7aaEMqowJWexw
"Wenzhou Youbond Machinery Co.,Ltd",China,"Wenzhou, Zhejiang",Hall 8a / A01,drupa2024.2733142,vfqgT41gTqmCrhIYaFOj8Q
"Wenzhou Yuanfa Binding Material Co., Ltd",China,"Wenzhou, Zhejiang",Hall 3 / G27,drupa2024.2735412,EfZczDDOSouHmUmbaTuJGA
"WENZHOU ZHANXIN NEW MATERIALS TECHNOLOGY CO.,LTD",China,Wenzhou,Hall 3 / H18-1,drupa2024.2766615,cONsWtcpQuiJJIx8aMBnDw
WERTEX GMBH,Germany,Seligenstadt,Hall 13 / C60,drupa2024.2767908,Z8iK11MNQlGQfSaTLHVwgw
Westland Gummiwerke GmbH & Co. KG,Germany,Melle,Hall 15 / A50,drupa2024.2731425,2RMPDsFISX6PWHNz4XahBg
"WhatTheyThink Media, LLC",USA,"Saint Paul, MN",Hall 7 / H01,drupa2024.2775806,VWCryTYPQAO0ePyrpV1yKQ
"Whenzhou Gaosheng Machinery Co., Ltd.",China,"Ruian, Wenzhou",Hall 13 / B24,drupa2024.2732349,VFtMOrLhTcOZXD78WYOfLw
White Horse Machinery Ltd.,United Kingdom of Great Britain and Northern Ireland,Harrogate,Hall 13 / A54,drupa2024.2771873,Z8Ft1XwFSZOouzj8xgk6qA
Widasla Technologies (Pty) Ltd,South Africa,Alberton,Hall 13 / B90,drupa2024.2780005,OC2peSOISB6o92xqP8n4Cg
"Widinovations, Lda.",Portugal,Barcelos,Hall 9 / D28,drupa2024.2769641,8yE7uxEvTpKaxKxYTMTsgQ
WillPemcoBielomatik,Germany,Wedel,Hall 10 / C16,drupa2024.2732363,6z27djwFQeKe06GF1S4MsQ
WINDMÖLLER & HÖLSCHER SE & Co. KG,Germany,Lengerich,Hall 15 / A51,drupa2024.2731728,lxfB2euxSAmIquaFw3GkJg
WINDMÖLLER & HÖLSCHER SE & Co. KG,Germany,Lengerich,Hall 14 / D60,drupa2024.2779998,7rY1xwJxSAKngtoiprjaJw
Winkler + Dünnebier POEM Gmbh,Germany,Neuwied,Hall 16 / C21,drupa2024.2778760,nuSjxC5pQ4uDkj2PMND4Hw
WIRmachenDRUCK GmbH,Germany,Backnang,Hall 4 / E21,drupa2024.2766254,8kFZUk8YRyias9ZF32SDtQ
"Wisdom Print Cloud Digltal Technology Co.,Ltd",China,"Dongguan, Guangdong",Hall 5 / C04,drupa2024.2766589,3IU4N0Q7Sf2lzL4ikAlGeQ
Wo Hing,"Hong Kong, China SAR","Kowloon, Hong Kong",Hall 12 / E03,drupa2024.2732813,M3NER6m1RVmeORs7eW2HpA
Wohlenberg Buchbindesysteme GmbH,Germany,Verden (Aller),Hall 15 / E20,drupa2024.2734834,n1niFoWvTzKy3wXBZ5kRkw
World Graphic Machine SRL,Italy,Castelfranco Veneto (TV),Hall 13 / B96,drupa2024.2732012,e1GFSA5oRBW4FXS6RNA46A
Worldly Industrial Co. Ltd.,Taiwan,Taichung,Hall 6 / E17,drupa2024.2723052,Z369J18PTsyCVt3lhKWEtw
WPM Western Printing Machinery Co.,USA,"Schiller Park, IL",Hall 16 / F45,drupa2024.2765505,uo9naeDjRUK5cc6NZLLfOA
WS Print GmbH & Co.KG,Germany,Schnaittach,Hall 16 / F15,drupa2024.2761171,beAJZUoYR9W7ZeRCzOAe6A
"Wuhan Golden Laser Co., Ltd.",China,Wuhan,Hall 13 / A50,drupa2024.2733030,VJTf1xACS0Ge7MsvhCE3Tg
"Wuhan HI-FUSION technology Co., Ltd.",China,Wuhan China,Hall 13 / C01,drupa2024.2774593,CbZPr5muSuSe4u8nxmNkFw
"Wuhan Huagong International Development Co., Ltd",China,Wuhan,Hall 3 / E02,drupa2024.2753559,m9RRSOWRTEmnKTJnaFZ3jQ
"Wuhan UV LEDTek Co., Ltd.",China,"Wuhan City, Hubei Province",Hall 3 / G02-03,drupa2024.2733117,5RIuI1cRSR22TydS11rzkg
"WUHAN YILI ELECTRONICS CO.,LTD",China,"Wuhan, Hubei",Hall 8a / A08,drupa2024.2767419,HGFbH2UPSwaWUYqitAU35g
"WUHU ELEMOTION AUTOMATION TECHNOLOGY CO., LTD.",China,"Wuhu City, Anhui Province",Hall 13 / C21,drupa2024.2770804,9zKEUqHhRk61lpbUUC0ulg
Wui Hing Mould Ltd,"Hong Kong, China SAR","Kowloon, Hong Kong",Hall 12 / E03,drupa2024.2732813,M3NER6m1RVmeORs7eW2HpA
"Wuxi Broad Chemical Technology Co., Ltd.",China,"Yixing, Jiangsu",Hall 3 / G28,drupa2024.2738609,Vz7JmfCdQ8Cwmv7D8j1Ilw
"WUXI PHOENIX ARTIST MATERIALS IMP & EXP CO., LTD.",China,"Wuxi, Jiangsu",Hall 4 / A10,drupa2024.2730957,lSsw6IpYSTecPHZo7qsx0w
www.grawerpolska.de,Poland,Poznan,Hall 3 / D31,drupa2024.2711185,y76Gsz2lTluXEqtE6rYGeA
X-Rite Europe GmbH,Switzerland,Regensdorf,Hall 8b / A12,drupa2024.2732237,J5eiJxduTAeaInxl3xJ24A
X-Rite Incorporated,USA,"Grand Rapids, MI",Hall 3 / B31,drupa2024.2776575,g0YD4xXwRxibTaCPg2B7eQ
Xeikon Manufacturing NV,Belgium,Lier,Hall 11 / A01 – A02,drupa2024.2772317,JWc4mF3qQrCSspmZKMtwrQ
XI AN JMETECH PRINTING TECHNOLOGY CO LTD,China,"Xi'An, Shanxi",Hall 5 / A21,drupa2024.2779667,rg8QmEkATp2toyBNzpHhSA
"Xi'an Aerospace-Huayang Mechanical & Electrical Equipment Co.,Ltd.",China,Shanxi,Hall 15 / C05,drupa2024.2732286,5OUzAi89RvGQ17Q1MLDpTA
"Xiamen Inch Films, Co., Ltd.",China,"Xiamen, Fujian",Hall 3 / F41-14,drupa2024.2728688,FGeuV8ZvRc6y1VSkafFjsw
"XinLi Industrial Co., Ltd.",China,"Chaozhou, Guangdong",Hall 3 / H52,drupa2024.2747847,f5YvkSJQTEuQjkHyhOFCqA
"Xinxiang Haihua Precision Machinery Co., Ltd.",China,"Xinxiang, Henan",Hall 10 / C02-4,drupa2024.2733998,LAQXJk0USS2LlJBPeweEkw
Xitron LLC,USA,"Ann Arbor, MI",Hall 7a / D03,drupa2024.2779553,uyAKoS9SRBuZdnTkHrXyEQ
XMPie Ltd.,Israel,Netanya,Hall 7 / D05,drupa2024.2767689,ZLxxFlm1QRKNXy8PiqBmFg
Xpress Machinery GmbH,Germany,Wetter,Hall 13 / C81,drupa2024.2721106,DuIOPP3hQvq2TEvTWbkBRw
XRD Nano Ltd.,United Kingdom of Great Britain and Northern Ireland,Cambridge,Hall 15 / A33,drupa2024.2708719,3goOCjV9QK29qqqf092ZNA
XSYS Germany GmbH,Germany,Willstaett,Hall 8b / A30,drupa2024.2735012,JWqVAdMrRvmMLifNsSy6zg
"YANCHENG KINGBULL MATERIALS TECHNOLOGY CO.,LTD",China,"Yancheng, Jiangsu",Hall 3 / H02-2,drupa2024.2765180,u3d5XipORA6j9twhftHKWA
Yangzhou ZhongHe TongSheng Packing Material Co. Ltd.,China,"Yangzhou, Jiangsu",Hall 4 / E10,drupa2024.2723053,T3EuMgecSEu7VWvsQ4FPfA
"Yantai Hongqing Packing Material Co., Ltd",China,"Yantai, Shandong Province",Hall 3 / F41-2,drupa2024.2749417,kg3QvBa5Q6C5RH49AWparA
"Yinmei Vacuum Table Technology Co.,Ltd",China,Foshan,Hall 4 / C27,drupa2024.2779110,f6yO26nPQIeLungIyIrCeA
"YITAI PACKAGING-MATERIACCESSORIES KUNSHAN）CO.,LTD",China,Kunshan,Hall 13 / C38,drupa2024.2745400,GWNS1t7ySZetdGLQnw4vLA
"YIWU LINKAGE MACHINERY STOCK CO., LTD.",China,"Yiwu City, Zhejiang",Hall 1 / A39,drupa2024.2738481,IVJYbsdoSNaq8JvjFIHN8w
"Yixing Wangzhe Laminating Film Co., Ltd.",China,"Yixing City, Jiangsu Province",Hall 3 / F41-4,drupa2024.2731413,Vmnbd3uKRISxfjaWN3FmCw
"YUBO GRAVURE TECHNOLOGY CO., LIMITED",China,"Yuncheng, Shanxi",Hall 13 / A14,drupa2024.2755867,z4vprkBaSli9zaIxY9C1Lw
YUL Technologies Inc.,Canada,"Laval, Quebec",Hall 11 / E64,drupa2024.2764029,74rxIrxiQseBQ9tV6iGSpQ
Yupo Europe GmbH,Germany,Düsseldorf,Hall 4 / D51,drupa2024.2774984,gfBn4LYZStmYkCKBMV39HA
YUPO Europe GmbH,Germany,Düsseldorf,Hall 4 / D51,drupa2024.2774984,gfBn4LYZStmYkCKBMV39HA
Yutian Boyu Printing Machinery Co. Ltd.,China,"Yutian Tangshan, Hebei",Hall 8b / C17,drupa2024.2735246,gObRW8i4TqywrGGKir9Dsg
"Yutian Huatai Print Machinery Co., Ltd.",China,"Tangshan, Hebei",Hall 11 / D50,drupa2024.2722332,4hIuzjUNTz21dAYOpWmX6g
"YUTIAN SHENGTIAN PRINTING & PACKING MACHINERY CO., LTD.",China,"Tangshan, Heibei",Hall 10 / C02-6,drupa2024.2734003,nPIUruJZQRCSuvEhpsQE3w
"YUTIAN XINDECHENG PRINTING MACHINERY CO., LTD.",China,"Tangshan, Heibei",Hall 5 / C21,drupa2024.2734179,sFvYRbdVQW2HCHlmxdGZsQ
"YWDS KOREA Co., Ltd.","Korea, Republic","Gimpo-si, Gyeonggi-do",Hall 10 / D12,drupa2024.2773964,kW8f7A3YTk2c1jsCz44ymw
Z-INKS INDIA: COLORS & TECHNOLOGY,India,Valsad,Hall 3 / D52,drupa2024.2752289,wGSNzXaTRPGyv9Db9smvlA
ZALANI PAPERS,India,Mumbai,Hall 4 / C50,drupa2024.2731185,rjntJka1SJepRi6IWmx1fA
Zecher GmbH,Germany,Paderborn,Hall 15 / C31,drupa2024.2710156,8eUEDVGJRHmzokxJAq0vAA
Zecher GmbH,Germany,Paderborn,Hall 3 / B31,drupa2024.2768640,pnbugTG0RDq35DknmPEdnA
Zechini Gra.For Srl.,Italy,Vimodrone,Hall 14 / C02,drupa2024.2730100,vzXE86bzTWaFlXjHNEJRRg
ZEISER GmbH,Germany,Emmingen-Liptingen,Hall 16 / D21,drupa2024.2733157,Ls3rwWfVSZO1OyfZykA4Lg
Zenith Rubber Ltd.,India,New Delhi,Hall 15 / D58,drupa2024.2722466,33z6Sh6RSyOTVeCZb72CFA
Zerand,Germany,Wedel,Hall 10 / C16,drupa2024.2732363,6z27djwFQeKe06GF1S4MsQ
"Zhangjiagang Free Trade Zone Kangde Film Industry Co., Ltd",China,Beijing,Hall 8b / C12,drupa2024.2731412,aUi6FkWVRcqN6jmO8SMOsw
"Zhaojun Technology (SuZhou) Co.,Ltd",China,"Taicang, Jiangsu",Hall 1 / C10,drupa2024.2733287,jEIbO57sSLCjbXaegG71NQ
"ZHEJIANG ALLWELL INTELLIGENT TECHNOLOGY CO.,LTD",China,"Wenzhou, Zhejiang",Hall 11 / D03,drupa2024.2733096,Au6TcjSdTMyZycRYYvwNiQ
"Zhejiang BEVE Thin Film Co., Ltd.",China,"Jinhua, Zhejiang",Hall 3 / G10,drupa2024.2735413,1s5aErYaQmq93310NQzRhQ
"Zhejiang Changhai Packaging Group Co., Ltd",China,"Haining, Zhejiang",Hall 3 / H02-03,drupa2024.2755398,A3j6vziDT4mtMYuMNwXnmA
"Zhejiang Changyu New Materials Co.,Ltd.",China,"Haining City, Zhejiang Province",Hall 3 / G14-4,drupa2024.2749743,Rud0YU4ZReaGnoY2PvQDgA
Zhejiang Chengrudan Coating Material Co.Ltd,China,Haining,Hall 14 / C01,drupa2024.2780028,BEpq5I9xRmO2zVlS6HAGiQ
"Zhejiang Chovyting Machinery Co., Ltd",China,Ruian,Hall 13 / B27,drupa2024.2741137,pBHoKeJtTGqmD4mllKqydg
"ZHEJIANG DAXIANG OFFICE EQUIPMENT CO.,LTD",China,Huzhou City Zhejiang Province,Hall 6 / F47,drupa2024.2752291,Yh5fk2wmRAihnEyR4HEbfQ
"Zhejiang Dayuan Machinery Co., Ltd",China,"Wenzhou, Zhejiang",Hall 12 / C60,drupa2024.2730735,yLlLPtrbTpmUlfj3hWZdrA
"ZHEJIANG DISCOVER MACHINERY MANUFACTURING CO.,LTD.",China,"Pinghu, Zhejiang",Hall 13 / B10,drupa2024.2732890,xjgXFKhzSdylBCUgpBYR8Q
"Zhejiang Fangbang Machinery Co., Ltd.",China,"Ruian City, Zhejiang.",Hall 11 / B71,drupa2024.2732886,CGrYi2hURwS6EO6KSe2fZw
"Zhejiang Feida Machinery Co., Ltd.",China,Zhejiang,Hall 12 / A10,drupa2024.2732233,jV37xyaEQZSH2JNuWXhE5Q
"Zhejiang FHES Technology Co,, Ltd.",China,Zhejiang,Hall 5 / B31,drupa2024.2732867,SFSouP0pTxavsLzZEkXZQw
"zhejiang gaobao machinery Co., Ltd.",China,Wenzhou,Hall 12 / A61,drupa2024.2737654,EYsjtC4fSwCniZzVT3uDtg
"ZHEJIANG GUOHAO MACHINERY CO., LTD.",China,"Wenzhou, Zhejiang",Hall 13 / A30-01,drupa2024.2779716,jev7AXXmQnyVj0WHufTXTA
"Zhejiang Guowei Intelligent Equipment Co., Ltd.",China,"Pingyang, Zhejiang",Hall 12 / C30,drupa2024.2730946,skE7Z3YrRS2ZPDbXib95yA
"Zhejiang Haosheng Printing Machinery Co., Ltd.",China,"Ruian, Zhejiang Province",Hall 11 / B14,drupa2024.2732291,uSZRVZJYQaWMcByleeDC3g
"Zhejiang Hongcai Gilding Materials Co.,Ltd",China,Wenzhou,Hall 3 / G61,drupa2024.2750349,RIpUcHrvQriW3743AV6wYQ
"ZHEJIANG HONGSHENG MACHINERY CO.,LTD",China,"Ruian, Wenzhou, Zhejiang",Hall 10 / C02-5,drupa2024.2734684,4qPU2oAeQ0GkZjokmcv4AA
"Zhejiang Horda Intelligent Equipment Co., Inc.",China,Wenzhou,Hall 11 / B50,drupa2024.2738610,FEL05fRiRDOCjefJXiGXMQ
"Zhejiang Huawei Machinery Co., Ltd",China,"Pingyang County, Wenzhou",Hall 12 / E45,drupa2024.2729712,zdmvrGlhRPmys0J78RkccQ
"Zhejiang Huayue Packing Machinery Co., Ltd.",China,"Ruian, Zhejiang",Hall 12 / B30,drupa2024.2733288,Lx8SbiJ5TgukvcpXiCM9ZQ
"Zhejiang Jianda Machinery Co., Ltd.",China,"Wenzhou, Zhejiang",Hall 13 / A32,drupa2024.2761217,qmgzJN5TQ1CryZfEA17eXA
Zhejiang Jinbao Machinery Co. Ltd.,China,"Wenzhou City, Zhejiang province",Hall 4 / E31,drupa2024.2733626,VYJWxHeVQKOFRnXAQJUu0A
"ZHEJIANG KANGDEXIN MACHINERY CO., LTD.",China,"Huzhou, Zhejiang",Hall 11 / A60,drupa2024.2775192,4EKPditJRey7uaHjMGJ93w
"Zhejiang Konita New Materials Co., Ltd.",China,"Wenzhou, Zhejiang",Hall 4 / E45,drupa2024.2730982,iPTEgoNsQleaMoGJskEV3w
"ZHEJIANG LABO MACHINERY GROUP CO.,LTD",China,Pingyang,Hall 13 / B44-2,drupa2024.2751479,zxwbzLfETXOc1w1OFBk5Mg
"Zhejiang New Debao Machinery Co., Ltd.",China,"Wenzhou, Zhejiang",Hall 14 / C31,drupa2024.2732316,pxwS0GR9Sk6giiWjucJw1g
"ZHEJIANG ROLAM INTELLIGENT TECHNOLOGY CO.,LTD",China,"Pingyang, Zhejiang",Hall 11 / B13,drupa2024.2733143,qyuoEyi6TWe4ZiJTH6iadQ
"Zhejiang Ruida Machinery Co.,Ltd.",China,Rui'An,Hall 6 / C03,drupa2024.2750348,0INcgKD6Rw6zxLNHDhh4PQ
"Zhejiang Saili Intelligent Manufacturing Co.,Ltd",China,"Longgang City, Wenzhou, Zhejiang",Hall 14 / B41,drupa2024.2747843,vHcSp8AgTPGNYgg4aRMcOQ
"ZHEJIANG TIANCEN TECHNOLOGY CO., LTD.",China,"Wenzhou, Zhejiang",Hall 12 / B60,drupa2024.2732739,QRcZfw0gSFyxqYDVrBolUg
"ZHEJIANG TNME PRINTING MATERIAL CO., LTD",China,"Jiashan, Zhejiang",Hall 3 / H50,drupa2024.2756184,i72Q8wXxQ1Ohw2vknmVYng
"ZHEJIANG WEIGANG TECHNOLOGY CO., LTD.",China,"Pingyang, Zhejiang",Hall 4 / D10,drupa2024.2731509,V2QY0GywQQaEOOeZiUyrWA
Zhejiang Xinwei Machinery Co. Ltd.,China,"Ruian, Wenzhou, Zhejiang",Hall 11 / B30,drupa2024.2729610,3M9TUB0rRISJshEG6usLTA
Zhejiang XinXin Packaging Material Co. Ltd.,China,"Wenzhou City, Zhejiang",Hall 3 / F41-7,drupa2024.2738611,v8EWcAlGQ8SxA9iuRT85BA
"Zhejiang Yaojia Machinery Co., Ltd.",China,"Ruian, Zhejiang",Hall 14 / A31,drupa2024.2730967,kbEjjoARQUervkkGWaRc2Q
"ZHEJIANG YISHU PAPER GROUP CO.,LTD",China,Longyou,Hall 4 / D24,drupa2024.2731162,LcXGpJG2QSidiKQJZC89cg
"Zhejiang Yushi Packing Material Co., Ltd.",China,"Wenzhou, Zhejiang",Hall 3 / F80-1,drupa2024.2731406,KxcujqLJQri0lG5CEhUujA
"Zhejiang Zenbo Intelligent Machinery Co.,Ltd.",China,"Ruian City, Zhejiang",Hall 11 / B51,drupa2024.2729149,CCyLjVMLQum1d6dRzfGppA
"Zhejiang Zhengrun Machinery Co., Ltd.",China,"Wenzhou, Zhejiang",Hall 11 / B12,drupa2024.2732929,T3BcZCKXTDuYJPPaAhxJLQ
"Zhejiang Zhongte Machinery Technology Co., Ltd.",China,"Wenzhou, Zhejiang",Hall 12 / A50,drupa2024.2751704,Q4RPZOz8QgiTkKIAHGYLLA
"Zhejiang Zhuxin Machinery Co., Ltd.",China,"Wenzhou, Zhejiang",Hall 4 / F35,drupa2024.2769254,XqJHIkulQhyenxOcNwAtZA
Zhejiang Zihong Intelligent Packaging Eq,China,"Ruian, Zhejiang",Hall 12 / E24,drupa2024.2731414,fPjKGzZwSg2b5ONRY54AqQ
"ZHEN CHANG ADHESIVE (HUIZHOU) INDUSTRIAL CO., LTD",China,"Boluo, Huizhou",Hall 4 / C27,drupa2024.2767420,cdV2evtcRtCfJtF8ioQDaw
"Zhengzhou Hongsam Digital Science and Technology Co., Ltd.",China,Zhengzhou,Hall 8b / C21,drupa2024.2728930,Mm2im4HOSgWZTF9nUtVgHA
"Zhengzhou Perfect Co., Ltd.",China,Zhengzhou,Hall 11 / D01,drupa2024.2779823,IySieArMQfWNEEiLcnlOsg
"ZHONGKE PRECISION MACHINERY (ZHEJIANG) CO.,LTD",China,"Pingyang, Wenzhou",Hall 14 / B30,drupa2024.2733180,dfWuImD7Tzue0kCikgYC2A
"Zhongshan Zhengmao Machinery Equipment Co., Ltd.",China,"Zhongshan, Guangdong",Hall 13 / C44,drupa2024.2760756,RdIesfnZSHmqwvC8C3MJSw
Zhou Tai (HK) Company Limited,"Hong Kong, China SAR",Hongkong,Hall 6 / D49,drupa2024.2754729,s0lthbtJSCm56SRVHJKJUQ
"Zhuhai Colour Spring Digital Technology Co., Ltd",China,Zhuhai,Hall 14 / C01,drupa2024.2780027,uhB98wAtTkmaUHEYxhKImg
ZM-Zilling & Meier Service GmbH,Germany,Willich,Hall 13 / C90,drupa2024.2732284,Kyju641jSjaIU3YUdwtmuw
Zünd Systemtechnik AG,Switzerland,Altstätten,Hall 4 / B30,drupa2024.2728564,6vWvxXh2QiuDRaugGBUDbA
Zünd Systemtechnik AG,Switzerland,Altstätten,Hall 9 / B03,drupa2024.2713859,gblyi7uoTLurx6xmYE4vCA
365bind s. r. o.,Poland,Piaseczno,Hall 6 / D03,drupa2024.2762483,MFMV45gHQ9mFZRltabvlpg
3ES Mega Elektromekanik Mak. Iml. San. Tic. Ltd. Sti,Türkiye,Istanbul,Hall 9 / C06,drupa2024.2731189,sWBLTwLbQTSZ06J0nHSOTA
3M Corp.,USA,"St. Paul, MN",Hall 15 / B11,drupa2024.2734174,aOG4kOfSR3e5DYO88U3vzg
4evergreen alliance Cepi – Confederation of European Paper Industries,Belgium,Brüssel,Hall 3 / B31,drupa2024.2774913,Jdug5kzxQQqEqqK139W41w
4films GmbH,Germany,Essen,Hall 10 / B15,drupa2024.2777345,T7hVDbWDRnqonDtotGIZ4Q
4M Refai S.r.l.,Italy,Busalla (Genova),Hall 12 / C80,drupa2024.2732279,zSIIWM18QdOPsvHd5GihYg
4R Innovation Stephan Lehmke,Germany,Castrop-Rauxel,Hall 3 / C71,drupa2024.2774525,Rvb7nYX7TYaA1dWntjsxNQ
"​​​Jiangsu Fangbang Machinery Co., Ltd.",China,"Suzhou, Jiangsu",Hall 11 / F09,drupa2024.2732637,CzMdnTcEQmiNwPuGMJX7uw
