name,country,city,location,exh,exhSeoId
A+W Software GmbH,Germany,Fernwald,Hall 14 / E59,glasstec2026.3056898,DW6NjrxqQEa7c6Jyig1fDg
A151 S.r.l.,Italy,Cormano (MI),Hall 14 / A37,glasstec2026.3058592,ZNLAZN60R0WOGsnmAFR8vw
ABLE TARGET LIMITED,China,Nanjing,Hall 12 / F15,glasstec2026.3054087,0ZEiBrixTc69BU88W1Ak2A
"Accuramech Industrial Engineering Pvt., Ltd.",India,Pune,Hall 13 / A49,glasstec2026.3081391,We0wGqqGRey3TJKRDi6QtQ
ACMOS CHEMIE KG,Germany,Bremen,Hall 13 / F73,glasstec2026.3050051,PrWpoaZbQkGuFMMrOGiaww
Adelio Lattuada Srl,Italy,Carbonate (CO),Hall 16 / A30,glasstec2026.3063622,5PS7Rn56TG2dNbNPZKOA8A
ADI s.r.l.,Italy,Thiene (VI),Hall 16 / C38,glasstec2026.3055082,8QNPexOST0KYVO2ufk2XuA
AdvaMat Coatings s.r.o.,Czechia,Praha,Hall 11 / G80,glasstec2026.3078695,4Wcag5QZRaOvW76QPhEYIQ
ADVANCED CONTAINER HANDLING S.R.L.,Italy,Parma,Hall 12 / D15,glasstec2026.3077512,SKN0uOW2S2e0fSAogX6O3g
"Advanced Control Solutions, Inc.",USA,"Sylvania, OH",Hall 13 / A02,glasstec2026.3077533,NDtdsYifSx6MQUuFUyglDQ
Advanced Energy Industries GmbH,Germany,Metzingen,Hall 12 / E32,glasstec2026.3050058,qxk82a63TSGj2odGQBU0pg
AEROPE GmbH,Austria,Stockerau,Hall 12 / D41,glasstec2026.3071459,7TGx9w97Q462YdH2klhYSA
"AGC Ceramics Co., Ltd.",Japan,Tokyo,Hall 13 / C13,glasstec2026.3050245,y2iyyv2kTh2sn9NjUSIdug
Agr International Inc.,USA,"Butler, PA",Hall 14 / C40,glasstec2026.3050207,eHJgdQtCQOqjfxglR0ZsaQ
Akar Makina San. ve Tic. A.S.,Türkiye,Eskisehir,Hall 15 / F43,glasstec2026.3050180,HNfUk9e9Q2KYdOV96WS1vw
Akdag Makina Kalip ve Yedek Parca Akdag Moulds and Spare Parts,Türkiye,"Zeytinburnu, Istanbul",Hall 13 / F66,glasstec2026.3062862,O19NfYptRF6KzYwcGwgRDA
AKSHAR GLOBAL,India,"Jamnagar, Gujarat",Hall 11 / E73,glasstec2026.3067400,IiuEPM7ORJSko9mn6X4leQ
ALL GLASS (SUQIAN) LIMITED,China,"Suqian, Jiangsu",Hall 11 / A84-1,glasstec2026.3078523,BA6g1pQ3Tg6qnXUcPjrulw
ALL GLASS Srl,Italy,Traversetolo (PR),Hall 13 / C41,glasstec2026.3050224,NcR78OVvQxKM8cKzL5gTtQ
ALTINGOZ ISIYA DAYANIKLI MALZEME SAN. TIC. A.S,Türkiye,Kocaeli,Hall 13 / F56,glasstec2026.3064248,ACrjBV5DQNqf6wk3jzeXvQ
ALU-PRO Spa,Italy,Noale (VE),Hall 16 / C11,glasstec2026.3061095,5WugnHfXRIOpANgHc6vWnw
AMBEG Dr. J. Dichter GmbH,Germany,Berlin,Hall 14 / G02,glasstec2026.3050035,HBd8Ti7GTw6led7eqr0wVg
AMD OPTICAL SORTING Co. Ltd.,China,"Hefei, Anhui",Hall 12 / D75-1,glasstec2026.3078500,pOupMp6hQHC8Bh5RRpCWzA
Ametek GmbH Solartron Metrology,Germany,Meerbusch,Hall 14 / B24,glasstec2026.3063739,ydt9OMt7TZy0zrIj1b6Pgw
"Anderson Thermal Solutions (Suzhou) Co,.LTD",China,"Suzhou, Jiangsu",Hall 13 / A81,glasstec2026.3050219,SQ3U5RtURuSlJzIGy4oOWw
ANGELIKA PIETSCH,Germany,Alpen,Hall 11 / A06,glasstec2026.3081635,CsgUd398RC2iXJmd0nKO0g
ANGRA Sp. z o.o.,Poland,Kędzierzyn-Koźle,Hall 11 / B80,glasstec2026.3068472,kratip4iROqEpyDE4DFoLg
"ANHUI ANGU HIGH-TECHNOLOGY CO., LTD.",China,"Bengbu City, Anhui Province",Hall 10 / E10,glasstec2026.3054298,gJdz8uCHS4GJDPE1Kv2Sfg
"Anhui Champion Machinery Equipment Technology Co.,Ltd.",China,"Bengbu City, Anhui",Hall 13 / F86,glasstec2026.3055782,V1AGZOKRRkOsoKYUeLAI2w
"Anhui Fuzhiyuan Building Materials Co., Ltd.",China,"Fuyang, Anhui",Hall 11 / A88-2,glasstec2026.3078184,UXDFoaSqSMyXwZRmfaKwAg
"ANHUI JINGLING GLASS MACHINERY CO.,LTD",China,Bengbu,Hall 11 / C84-3,glasstec2026.3078167,7ZZ2QkGDSvewWbFMxCfpbA
"Anhui Jixingyuan Technology Co., Ltd.",China,"Huainan City, Anhui Province",Hall 15 / D63,glasstec2026.3055007,Bsuj9cVfQiiRqrOWk33MWQ
"ANHUI MORNSUN INTERNATIONAL CO., LTD.",China,"Hefei, Anhui",Hall 14 / F48,glasstec2026.3051207,PWDdU8fhSj6zW8sY8ALM6Q
"ANHUI SHUNHANG NEW MATERIAL CO., LTD.",China,"Hefei, Anhui",Hall 10 / G04-9,glasstec2026.3078648,NGmSBnX8SWaeffN6g0TIbQ
"ANHUI SUNDIATEC SCIENCE & TECHNOLOGY CO.,LTD",China,XUANCHENG,Hall 14 / D47,glasstec2026.3062857,Wg631M3fRFqcIjd5vu2ZoA
"Anhui Yaojing New Material Technology Co., Ltd.",China,Chuzhou,Hall 10 / F04-3,glasstec2026.3078166,1UHveiatRna8yDKQS8IT8Q
"ANHUI YINRUI INTELLIGENT TECHNOLOGY CO., LTD.",China,"Bengbu, Anhui Province",Hall 12 / C75,glasstec2026.3052742,zDPQBDZ7SbCtpgf0xwwDvw
Ankara Bronz Alaşımları San.Tic.Ltd.Şti,Türkiye,Ankara,Hall 13 / B82,glasstec2026.3053562,DxqoVNnbQiyKNlZ7gy9Szw
Antares Vision Group dba of Applied Vision Corporation,USA,"Cuyahoga Falls, OH",Hall 14 / A02,glasstec2026.3059243,8K3EkmQOQcCbilCEEg91zg
Antique Mirror S.r.l.,Italy,Sovicille (SI),Hall 10 / C12,glasstec2026.3061555,kPXfGc8sRBOaUS8KG9Fakw
Antonini S.r.l.,Italy,Empoli (FI),Hall 13 / E04,glasstec2026.3063642,lL9Qf4NoSASRnWbQDs6BPg
Arabian German for Exhibition LLC,Egypt,"Cairo, Nasr",Hall 10 / C79,glasstec2026.3083787,4wmwyuA6SD2TNepD0zZS9Q
arcon Flach- und Sicherheitsglas GmbH & Co. KG,Germany,Feuchtwangen,Hall 11 / H54,glasstec2026.3050050,B7dH3MtPRgeEK5qNENOZrA
ARDAKAN Float Glass Co.,"Iran, Islamic Republic",Tehran,Hall 10 / G54,glasstec2026.3080243,wADkoPTURLeCsLnmHcfuaA
Area Impianti S.p.A.,Italy,Albignasego (PD),Hall 13 / C75,glasstec2026.3063249,AueaUQ1xT8mKe1jZ8rLqgQ
ARKEMA France SA,France,Colombes Cedex,Hall 10 / C42,glasstec2026.3050274,UauYNBGwQzSxtnrlNLd2qA
Arla Plast AB,Sweden,Borensberg,Hall 11 / K63,glasstec2026.3058568,sS8f4EozR6qAF2eHnFAcHg
ARTI VETRO SRL,Italy,Puglianello (BN),Hall 12 / G72,glasstec2026.3068896,vb3D5Ne0QmKXgcs1OeelLQ
ARTIFEX Dr. Lohmann GmbH & Co. KG,Germany,Kaltenkirchen,Hall 15 / G56,glasstec2026.3050056,bADjVyNESzatOvAsCA2lfw
Arzuffi PVD srl,Italy,Bernareggio,Hall 12 / D68,glasstec2026.3052704,KKLhL2S6RpSI5TxhrFGLvA
ASEP AUTOMATION D.O.O.,Croatia,Hum Na Sutli,Hall 11 / E24,glasstec2026.3064312,n3lRMRRnTHOz6K4oVk5ykw
Asian Glass magazine Ltd.,United Kingdom of Great Britain and Northern Ireland,London,Hall 10 / K72,glasstec2026.3076179,kVTdbmqSQ4iLQzCgsVHU2w
ASRE-Werkzeugfabrik Arthur Schlieper GmbH & Co. KG,Germany,Remscheid,Hall 10 / E53,glasstec2026.3068111,DIVDlfAxTYWQPXZ8uU80Tw
Atelier Emmanuel Barrois SAS,France,Brioude,Hall 11 / G61,glasstec2026.3074880,VHBqEnAoSzqCfv7HTdA6YA
ATIS s.r.l.,Italy,Mezzolombardo,Hall 16 / C30,glasstec2026.3073587,K2gh6heySEiikkWZ63Boqw
"ATTL Advanced Materials Co., Ltd.",China,Tianjin,Hall 10 / F04-2,glasstec2026.3078168,BxhxspGKRwuINaGDYGOZwg
"Auto-System (TianJin) Automation Technology Co., Ltd.",China,Tianjin,Hall 15 / G38,glasstec2026.3050191,yUVfM5KJRGuf6uaP8BgSkQ
AVACON S.A.,Spain,Llodio (Alava),Hall 13 / A77,glasstec2026.3053561,CP08SirdQDyLExvAY9zUVA
AYDGRUP FLOAT GLASS INDUSTRY CO.,Türkiye,Melikgazi - Kayseri,Hall 10 / H24,glasstec2026.3059225,7rQoCkwVQW2HywtjdON54w
Ayrox S.r.l.,Belgium,Brussels,Hall 12 / D35,glasstec2026.3081401,sEOU3gMjQIi7B2n8JcIzTg
Baka Glass Software BV,Netherlands,Lijnden,Hall 14 / E23,glasstec2026.3050189,GO4zakZvRCaWPK454PMf8Q
"Bando Kiko Co., Ltd.",Japan,Tokushima,Hall 15 / G49,glasstec2026.3050176,TjaTc1jeRNuXGy144e1mcA
Barbaric GmbH,Austria,Linz,Hall 10 / H64,glasstec2026.3074086,Dok61xBsTQiybRbMDa5w2g
BATTELLINO SRL,Italy,Paluzza,Hall 15 / A27,glasstec2026.3054251,G1ZUf59aRE2KABudujmtfA
BBK S.A.,Belgium,Houdeng-Goegnies,Hall 13 / F43,glasstec2026.3053560,ZZFTgrCtS3KurDSy3445mg
BDF INDUSTRIES S.p.A.,Italy,Vicenza,Hall 13 / D43,glasstec2026.3050228,XtFyPP7BS5OPUWXT0w6sFQ
Befard Sp. z o.o.,Poland,Kozy,Hall 10 / H68,glasstec2026.3064094,ysTrUr0JSIuKk6I6H5jLhg
Befort Wetzlar OD GmbH,Germany,Wetzlar,Hall 14 / A14,glasstec2026.3055465,hCKZuVmtRWiw2Mq73S4JHQ
"Beijing Aoptek Scientific Co., Ltd",China,Beijing,Hall 15 / D18,glasstec2026.3064213,B3LJUfLJRa6kSkoMQPuczA
Beijing BOZA Automation Machinery Co. Ltd.,China,Beijing,Hall 15 / C04,glasstec2026.3075308,Ncxl5KkETvW6PB1mB9ChoQ
"Beijing Hanjiang Automatic Glass Machine Equipments Co., Ltd.",China,Beijing,Hall 17 / A04,glasstec2026.3062840,SQS6Ev4YRhaGxWRlRfrR3g
"Beijing Huatai Yinhai International Building Materials Co., Ltd",China,Beijing,Hall 10 / F31,glasstec2026.3054050,ygQOhx8gR4qZkCVM35XFuA
Beijing Jeffoptics Company Limited,China,Beijing,Hall 11 / F80,glasstec2026.3059216,DDOV1gIBQjqXSf6j16bzaQ
"BEIJING MGM GLASS MACHINERY CO.,LTD",China,Beijing,Hall 17 / B24,glasstec2026.3065350,KfNfe2aTRYuRzSRW0ogD7g
"BeiJing Qmark Technology Co.,Ltd",China,Beijing,Hall 12 / E75-1,glasstec2026.3078498,wecuApwASiOlANxeXBJFaA
Bekaert NV,Belgium,Wetteren,Hall 12 / E26,glasstec2026.3058563,KJ36wuEFQqePJ0lzqNLmvg
BELREF S.A.,Belgium,Saint-Ghislain,Hall 13 / D77,glasstec2026.3064103,KjV7mAlsTFO3aIPN9g34aw
"BENGBU MAKEWELL MACHINERY EQUIPMENT CO., LTD.",China,"Bengbu, Anhui",Hall 13 / F04-2,glasstec2026.3078192,wIXF47TmQ3mBxSTn89W7bg
BENGglas B.V.,Netherlands,Goirle,Hall 10 / K54,glasstec2026.3053960,IlkS50odRXWVFT2w8YHm0g
BENTELER Maschinenbau GmbH,Germany,Bielefeld,Hall 14 / A60,glasstec2026.3061105,GKRvjJawRaKonS029TQrXA
"BENXI YUJING GLASS CO.,LTD",China,"Benxi, Liaoning",Hall 10 / A76,glasstec2026.3058582,QhJoZv3nTNWlmJynnbzQFw
Bernard Bonnefond S.A.S.,France,Saint-Étienne,Hall 13 / D66,glasstec2026.3050253,DQjkttcJTsWXc5EcTt5QPw
Best Makina Sanayi ve Tic. A.S.,Türkiye,Kocaeli,Hall 17 / A84,glasstec2026.3050169,3xd49s15SbmWxNf2eGoKcQ
BF Bundesverband Flachglas e.V.,Germany,Troisdorf,Hall 11 / G06,glasstec2026.3073471,5PXmHuwfTpW9sL5PhBGu6w
Biesse S.p.A.,Italy,Pesaro,Hall 16 / B30,glasstec2026.3063618,qRLGi15lSqm2j4rOLV8GoQ
BIESSE TOOLING S.R.L.,Italy,PESARO (PU),Hall 16 / B24,glasstec2026.3063612,kqNhEAJeTqO7WioKHHHrVQ
BISS.ID GmbH,Germany,Wittlich,Hall 11 / G11,glasstec2026.3075637,CunThHMbQ0elFFqZnabfPA
bitec GmbH,Germany,Chemnitz,Hall 10 / K68,glasstec2026.3050044,NdazWJOhTam1tgxcY4K9bA
"Blue Ocean Environmental Technologies Co., Ltd",China,"Jinan, Shandong",Hall 15 / D14,glasstec2026.3054253,uOryOd1VSCuZBcU7bWSzOA
BMR SARL,France,Pelissanne,Hall 13 / A49,glasstec2026.3061103,NarKhrOcSwSLrkN0A2pOtg
BMRC Group s.r.o. Bohemia Machine,Czechia,Praha,Hall 11 / G80,glasstec2026.3078248,k4HhH9NHTduv5BvIu9ODHQ
Bnewable GmbH,Germany,München,Hall 11 / E24,glasstec2026.3078012,KoIAvDGgS52DCZZDveZCFQ
BNT Chemicals GmbH,Germany,Bitterfeld-Wolfen,Hall 13 / B80,glasstec2026.3074260,pt9hQSPLSJaDfrbHfIWkiQ
Bock Energietechnik GmbH,Germany,Floß,Hall 13 / D76,glasstec2026.3058601,vSNkzxIBSEuhqyBJZyiiHg
Bohle AG,Germany,Haan,Hall 10 / D64,glasstec2026.3059227,N30R31shQS2y9i0cHObPoQ
Bottero S.P.A.,Italy,Cuneo,Hall 14 / G23..G24,glasstec2026.3064223,Cjg6QdNoSNOqMoX9Yxt27w
Bovone S.r.l.,Italy,Ovada (AL),Hall 16 / D29,glasstec2026.3063613,deSx36o0SB6cx4N3t1RBug
Brightlands Materials Center,Netherlands,Geleen,Hall 10 / E30,glasstec2026.3061554,5xqmklDQROODDEIWhuIXrQ
BRIGITTE BÖCKMANN-JENNEN,Germany,Alpen,Hall 11 / A06,glasstec2026.3083239,1WgXJNU8STmgwcJTFp2t1g
Briolf Coatings S.A.U.,Spain,Riudellots de Selva,Hall 12 / E05,glasstec2026.3079079,oKErFj97QR2sxL9F6DTM3g
Bucher Automation Tettnang GmbH,Germany,Tettnang,Hall 13 / D69,glasstec2026.3050027,A3RysVoSRaCChUCwAkLpZg
Bühler Leybold Optics (Bühler Alzenau GmbH),Germany,Alzenau in Unterfranken,Hall 12 / D39,glasstec2026.3054959,de905kxWSNGKuZ4QPVeWew
Bundesinnungsverband des Glaserhandwerks,Germany,Hadamar,Hall 10 / D68..D86,glasstec2026.3067667,8Lo4Z7IPQ9a1j0MDUWhlyQ
Bundesverband Glasindustrie e.V.,Germany,Düsseldorf,Hall 11 / H05,glasstec2026.3071475,SIwSiqlsSISbOMA7ViK0bg
BURTEK KAYIŞ MAK.YED.PAR. SAN. VE TİC. A.Ş.,Türkiye,Bursa,Hall 12 / C05,glasstec2026.3066315,JDOAqJ0FSnWxn72PEvPrGQ
"C&D(QINGDAO)CO.,LTD.",China,Qingdao,Hall 11 / A12,glasstec2026.3054061,Jig68D0zTHGM29mImdT4fw
C.M.S. S.p.A.,Italy,Zogno (BG),Hall 16 / A04,glasstec2026.3053563,wNNDiGYMRsWxpLqnbVClsg
Cailabs SAS,France,Rennes,Hall 11 / G14,glasstec2026.3080252,kbmoS0qORiGVnjPHS2rsBw
Cairo Glass Manufacturing Co.,Egypt,10th of Ramadan,Hall 10 / H76,glasstec2026.3066284,wuYx8WwMQVK7vNlkXeQDPQ
Calderys SA,France,Paris,Hall 13 / A65,glasstec2026.3076665,qqfLBGf4TeOpfKFxdIwkbQ
Car-Met S.r.l.,Italy,Cimetta (TV),Hall 13 / B79,glasstec2026.3059257,tUa4XtFKTD61RWWxBCZ0ow
CarbonFutureX Group Ltd,United Kingdom of Great Britain and Northern Ireland,Manchester,Hall 10 / D71,glasstec2026.3070428,7e8nz71bSQawDMKxldURtQ
Carborundum Universal Limited Super Refractories Division,India,"Chennai, Tamil Nadu",Hall 13 / C52,glasstec2026.3063493,bZj0weYGSOaCw8rCOfuPyA
Carl Zeiss Spectroscopy GmbH,Germany,Jena,Hall 14 / D43,glasstec2026.3052940,3yOFAxt6SNuRAtVra9hE0A
CAROLIN ZIBULKA 3D Glassart,Germany,Alpen,Hall 11 / A06,glasstec2026.3082723,75bxnOj6Tc26p4VJvHA9Kg
CelSian Glass & Solar B.V.,Netherlands,Eindhoven,Hall 15 / C05,glasstec2026.3063339,Lci3113KQ7WVg1wWhXHF8w
"Cement, Glass, Ceramics and Soil Products Exporters' Association TurkishGlass",Türkiye,Ankara,Hall 10 / D16,glasstec2026.3053954,GNAETM3sTZOak4TWzSOjNg
Ceramic Colors Wolbring GmbH,Germany,Höhr-Grenzhausen,Hall 12 / A71,glasstec2026.3050031,yHfMW70oSay55zhmHFJpfw
Cerrion AG,Switzerland,Zürich,Hall 14 / A45,glasstec2026.3072352,xGJDGkDsTPW9GSmhEo6gfA
CGS INTERNATIONAL LIMITED,"Hong Kong, China SAR",Hong Kong,Hall 12 / G63,glasstec2026.3055791,mNs5V433Q3KCjtdKkPSqTw
"Champion Glass Machine Co., Ltd.",China,Foshan,Hall 12 / A25,glasstec2026.3054300,xZBSjrvRTNaT7l2rXlaU9w
"CHANGSHU BROTHER GLASS MOULD CO., LTD",China,"Changshu, Jiangsu",Hall 13 / A44,glasstec2026.3050272,J2xKzpS8RMCGNisSkxrrzw
Changshu Eagle(EG) Mould and Accessory Manufacturing Co.Ltd,China,"Changshu, Jiangsu",Hall 12 / D09,glasstec2026.3055911,xeYQavqEQlG6xIwwgbmmQQ
"CHANGSHU JIAHAO MOULD TECHNOLOGY CO., LTD.",China,"Changshu, Jiangsu",Hall 13 / F33,glasstec2026.3054260,bgpdas0bSVSbOTf9Wg2j9Q
"Changshu Jianhua Mould Technology Co., Ltd.",China,"Changshu City, Jiangsu Province",Hall 13 / A16,glasstec2026.3050248,jdZ2wEesRtqhfCvnsyxyYw
Changshu JingGong Mould Manufacturing Co. Ltd,China,"Changshu, Jiangsu",Hall 13 / A79,glasstec2026.3062302,UK8OGrOnTWCnvWflHZb1BA
"Changshu Lege Mould Technology Co., Ltd.",China,"Changshu, Jiangsu",Hall 13 / F74,glasstec2026.3051203,P7rAIoIYTDGRgPwn2Hi6zQ
"Changshu Weiheng Mould Manufacture Co., Ltd.",China,"Changshu City, Jiangsu",Hall 14 / A30,glasstec2026.3053553,u8RedHx1TsGTlzHg65kIgQ
"Changshu Yulong Mould Co.,Ltd",China,"Changshu City, Jiangsu",Hall 13 / F03-3,glasstec2026.3078532,2sMgA8UGQX2a5hUB20TzHg
"ChangZhou Juist Screen Printing Machinery Co., Ltd.",China,"Changzhou, Jiangsu",Hall 11 / A88-10,glasstec2026.3078516,caStqkmPQ5SbXjsFHSPMiQ
"Changzhou Shangbo Glass Equipment Co., Ltd",China,"Changzhou, Jiangsu",Hall 12 / E75-3,glasstec2026.3078658,mbYr0FGWTVOVbX6NKX53YA
"Changzhou Zhongtai Glass Equipment Co., Ltd.",China,"Changzhou, Jiangsu",Hall 17 / A20-2,glasstec2026.3078616,U8B932MtQ5OBXcIkua51FQ
"Chengcheng Tempered Glass Factory Co., Ltd.",China,"Nantong, Jiangsu",Hall 17 / B87-4,glasstec2026.3080155,OC1ftVO4TXCcEk8h1LJN5A
Chengdu Guibao Science and Technology Co. Ltd.,China,"Chengdu, Sichuan",Hall 11 / D05,glasstec2026.3055787,XjBWQeFkSx6javGViTzuNA
China Dalian Kanglida Yaohua Glass Corp,China,"Dalian, Liaoning",Hall 10 / B54,glasstec2026.3055773,kwRg3g5jQl6OAhRPmmjceg
CHINA GWELL Yancheng Jinweier Intelligent Equipment,China,"Yancheng City, Jiangsu Province",Hall 11 / A88-5,glasstec2026.3080140,8ZfhCc8ZSti677Xc6OpALg
"China Liaoning North Machine Co., Ltd.",China,"Shenyang, Liaoning",Hall 11 / D12,glasstec2026.3054981,P3jAQ4NxTPGItEwpjxswpw
"China Triumph International Engineering Co.,Ltd.",China,Shanghai,Hall 10 / K29,glasstec2026.3064424,IYKNlud9RDapZQPANthCxQ
"CHINA WARM EDGE TECHNOLOGY (NANJING) CO.,LTD.",China,Nanjing,Hall 17 / B87-2,glasstec2026.3078189,VBWQSWjQTfG6SrwekfJjrQ
"CHINA YAOHUA GLASS GROUP CO., LTD.",China,Qinhuangdao,Hall 10 / K42,glasstec2026.3080400,2B8hChXYQXqzIlfRXNJGbA
"Chongqing Minxin Industrial Technology Co., Ltd.",China,Chongqing,Hall 15 / D12,glasstec2026.3053555,AZd2zyamRcKCYMTrt2nnwg
"Chongqing Sinro Furnace Industry Co.,Ltd.",China,Chongqing,Hall 13 / E78,glasstec2026.3064944,MhrgYzfbRvap5h4gLGaIuQ
CHOVET SAS,France,Villeurbanne,Hall 13 / B70,glasstec2026.3063645,lH7uVB6JTNqC8LvWG235RQ
Chpolansky SAS,France,Marcoussis,Hall 13 / E15,glasstec2026.3062296,R04mAmnzSWWOQK7gKNqvPw
ChronoFair GmbH,Germany,Schönenberg-Kübelberg,Hall 11 / G13,glasstec2026.3075635,HigiIXRfSpKaFgEy9nekmA
Cimec Oy,Finland,Tampere,Hall 15 / F48,glasstec2026.3063627,wkOYDWnQSOaRMU6qkpFTYw
CIRAYLAR CAM INS. MALZ. SAN. VE TIC. A.S,Türkiye,Konya,Hall 10 / F15,glasstec2026.3059228,ZrLypm3URQi3rTEwVpQsBg
ClimAd Technology B.V.,Netherlands,Eindhoven,Hall 11 / E24,glasstec2026.3064028,IMYEi98mSgu6QaMDx9giuQ
cm.project.ing GmbH,Germany,Jülich,Hall 13 / C31,glasstec2026.3079319,hPSgqicGRWGCyH3FL7Z8ug
COFRAL S.A.,France,Ozoir-la-Ferrière,Hall 13 / C06,glasstec2026.3068862,DAXYOkzTT26ZGW12ZcgJcg
COLOROBBIA S.A.,Spain,Castellón,Hall 12 / B31,glasstec2026.3075197,60yWT2O7QkmwW2hxvtePeQ
CONDAT Lubricants SAS,France,Chasse-Sur-Rhone,Hall 14 / C48,glasstec2026.3058589,IeADzJnNRDiKVYftSWC7kw
Connected Machines,Germany,Frankfurt am Main,Hall 15 / C28,glasstec2026.3077278,WV4J0TsxTXCJikP1Mtu3Qg
"Coolselect Machinery (Tianjin) Co., Ltd",China,Tianjin,Hall 10 / B60,glasstec2026.3052710,AWhh0wJLQhC3NAYoZ8Hkjw
Cooltemper Ltd,United Kingdom of Great Britain and Northern Ireland,Huddersfield,Hall 12 / A45,glasstec2026.3068116,IDOpl6dWQPGS4WufyOgECQ
Coroplast Tape Coroplast Fritz Müller GmbH & Co. KG,Germany,Wuppertal,Hall 10 / E32,glasstec2026.3062935,mtozNv4RRwS6v6uJPzMMFg
Correns Europe GmbH,Germany,Düsseldorf,Hall 14 / G40,glasstec2026.3078096,oqUzMYLzQXCSzf3qYNwgUA
Cortex Glass B.V.,Netherlands,Groningen,Hall 13 / C22,glasstec2026.3062299,F6l73h9WTPu1vGX6iHglEg
Creative Resins Distribution Ltd.,United Kingdom of Great Britain and Northern Ireland,"Sittingbourne, Kent",Hall 10 / B64,glasstec2026.3051028,vM0rWfRAToapfG2oKzXldw
CSI Composite Solutions and Innovations OY,Finland,Halli,Hall 11 / H62,glasstec2026.3052953,lJ5z5CBHQEWu34m6U2C6Ew
Cugher Glass S.r.l.,Italy,Novate Milanese,Hall 16 / A20,glasstec2026.3063534,89qoRcerQW6ji5uQ6xwpAA
CURA Glass bv,Netherlands,Lopik,Hall 10 / A64,glasstec2026.3050655,NnIXU8pXQC6FFWFqaP47pA
Custom Zenith Wheels LLC,USA,"Chino, CA",Hall 10 / D81,glasstec2026.3077681,iyTH9O0ySsyUlO2F7jxMAg
CVGS Pro sp. z o.o.,Poland,Tychy,Hall 10 / A48,glasstec2026.3052944,x6BHoshnR1i1i99rrUXb6Q
Cyncly (FeneTech- A Cyncly Company),USA,"Solon, OH",Hall 14 / E39,glasstec2026.3064227,Mv2e0mV8SkSmZ0HViGzvJg
"Dalian Fulong glass Technology Co., LTD",China,Dalian,Hall 11 / J78,glasstec2026.3054071,cv5FLWNCRaiogTSz0KDnTw
"DASHIQIAO ZHONGJIAN MAGNESIA BRICK CO.,LTD",China,Yingkou,Hall 12 / A44,glasstec2026.3067446,MbtcO6RSQzmjTq3GHd7lMA
"Dashiqiao Zhongyi Magnesia Brick Co.,Ltd",China,"Yingkou, Liaoning Province",Hall 15 / F05,glasstec2026.3054028,IorAfGDyTfOBUHK6Uu69aA
"DATIA INTERNATIONAL INSPECTION TECHNOLOGY CO., Ltd.",China,Shanghai,Hall 14 / F39,glasstec2026.3075861,0VWPjhqORZ6bEkKtm5LwZw
DBInformation S.p.A.,Italy,Assago (MI),Hall 16 / B41,glasstec2026.3069523,wLvaZXrrQ8yi51ucBoHUnQ
DeCoSystem S.r.l.,Italy,Calenzanzo (FI),Hall 12 / C46,glasstec2026.3062940,Fm9oq2mARqGbiw0oj3a5FQ
DEFINE OVERSEAS PVT. LTD.,India,Rajkot,Hall 10 / F59,glasstec2026.3072463,o9xdI0SuQpGrRZMINTDCNg
Deltamax Automazione srl,Italy,Trento,Hall 16 / C30,glasstec2026.3064216,qEyrAaYkT6WTtDE3yms7LQ
DEMAN Europe GmbH,Germany,Bielefeld,Hall 12 / B15,glasstec2026.3075563,QljHeS9zR1SYv35ELQCVnw
Denver S.p.A.,San Marino,Gualdicciolo di San Marino,Hall 16 / B11,glasstec2026.3050174,ldKCGcg6Q1CnAGwU8Vu3hA
"DESHUI CORK HUBEI CO., LTD.",China,Tianmen,Hall 10 / G10-13,glasstec2026.3078197,EGK4xY8zROqUVcEG4EbdVA
DGT Anlagen und Systeme GmbH,Germany,Sauerlach,Hall 17 / D50,glasstec2026.3078046,4CkdwxGCQcurJzpSp4Cx8Q
Diamanfer Ferramentas Tecnicas Ltda.,Brazil,Atibaia,Hall 11 / A78,glasstec2026.3059297,xMnAdfMvQS2CPkKyPRD0fA
Diamas Tools srl,Belgium,La Louvière,Hall 10 / J28,glasstec2026.3059237,rfYm3AvjS1SlEJ7LyflGag
"Diamon-Fusion International, Inc.",USA,"Irvine, CA",Hall 12 / D10,glasstec2026.3067405,nADZCWRASKSa1ZRWU1yJoQ
DIAMOND DRILLS SRL,Italy,Limbiate MB,Hall 15 / D23,glasstec2026.3063246,DbnKsCsnTWmTDxlXbHifkQ
DIAS Infrared GmbH,Germany,Dresden,Hall 14 / C29,glasstec2026.3059256,gJo5JXqpQ9Gr0ZUlOmrbOg
Dias Turnov s.r.o.,Czechia,Turnov,Hall 15 / F37,glasstec2026.3067259,aO1sA3phQLGbX0HjTyQrfg
"DIGITILE SERVICE CERAMIC, S.L.",Spain,Alcroa,Hall 12 / G02,glasstec2026.3076181,OzVf1LX5QqW92iaqfPIQzQ
DK Holdings Ltd.,United Kingdom of Great Britain and Northern Ireland,"Staplehurst, Kent",Hall 11 / B24,glasstec2026.3061559,KmBBJtaMQlaV5zPIy9Hccw
DNP Europa GmbH,Germany,Düsseldorf,Hall 11 / D04,glasstec2026.3063183,wjSecI5mQTO1HOXbSyplnw
DOMINION NovoCOS GmbH,Germany,Mechernich,Hall 13 / A73,glasstec2026.3062303,nH5rI733T6egEs78G99Itw
"Dongguan Huacai Intelligent Technology Co., Ltd.",China,"Dongguan, Guangdong",Hall 11 / C84-4,glasstec2026.3078201,l1Wcr1tES8WJkPF3tI3Kqg
"DONGGUAN YALONG GLASS MACHINERY CO., LTD",China,Dongguan,Hall 10 / F54,glasstec2026.3083803,9iARSkSYSyqV8c8HuaiGvg
DOST CAM A.S.,Türkiye,Çi̇ğli̇/İzmi̇r,Hall 10 / G16,glasstec2026.3066286,Izcd5Hl5QzSHCAD1nbrb4w
"DOW CHEMICAL IBÉRICA, S. L.",Spain,Madrid,Hall 11 / C67,glasstec2026.3055589,ET63Md0fRL6iNCyBlF6k8g
Dr. Günther Inspections GbR,Germany,Meerane,Hall 14 / F14,glasstec2026.3063395,kQ2q5LGuTzqfMavs6Qm2xQ
Dr. Schenk GmbH Industriemesstechnik,Germany,Gräfelfing,Hall 14 / C42,glasstec2026.3066088,4q7hBq09QxSo8Am5BY56VQ
DROP AG,Switzerland,Pfäffikon,Hall 12 / G32-1,glasstec2026.3073592,iJci3AlOSryqlZRetaXJOA
DSF Refractories & Minerals Ltd.,United Kingdom of Great Britain and Northern Ireland,"Buxton, Derbyshire",Hall 13 / A21,glasstec2026.3050258,PIeEAjsZTWepJ4RtStthOg
Duezeta S.r.l.,Italy,Abbiategrasso (MI),Hall 10 / C68,glasstec2026.3068003,R2RfQVA2SXWWXiEL5384SQ
Dura Temp Corp.,USA,"Holland, OH",Hall 13 / A55,glasstec2026.3050263,AGgnJblxSCm7inQeHAzMYw
Dura-Metal (S) Pte Ltd,Singapore,Singapore,Hall 13 / F63,glasstec2026.3080244,AVUbzAJSSjSvjBNJEfrpDw
Dürr CTS GmbH,Germany,Bietigheim-Bissingen,Hall 15 / B37,glasstec2026.3063747,ngWeQaauS5SN0Kui7cX6rw
DVGW Deutscher Verein des Gas- und Wasserfaches e.V.,Germany,Bonn,Hall 11 / R 11K05,glasstec2026.3073814,xgzyY60PQE2LPHrYAxDgtA
DXMAX BRASIL LTDA,Brazil,Caxias do Sul,Hall 11 / F73,glasstec2026.3071161,MC4L4qghRiKfDkXMbiJa6w
"E-PAI Metal Products Co., Ltd.",China,"Foshan, Guangdong",Hall 10 / H28,glasstec2026.3054994,xBWDo7gXQaaokUQUjhIdnQ
E2Pack S.r.l.,Italy,Cuneo,Hall 14 / G23,glasstec2026.3074103,ZkVSh354QSKnQWCG59qAmQ
"EAGLEGLASS (SHANGHAI) TECHNOLOGY CO., LTD",China,Shanghai,Hall 17 / A66,glasstec2026.3064419,LwHcs5hXSMybKc7ScYeilg
Eastman S.A.,Belgium,Ghent,Hall 11 / A48,glasstec2026.3063762,FVkP99KvQyWuAm2ixOthJw
EASY AUTOMATION S.r.l.,Italy,Pomezia (RM),Hall 15 / B35,glasstec2026.3063628,RDsedTsrSDCaVgFyfRPp8w
ECI European Chemical Industries Ltd.,Ireland,"Castleblayney, Co. Monaghan",Hall 17 / D64,glasstec2026.3077513,zKKONpcVS9u2QawvSL6VRg
Eckersley O'Callaghan Ltd,United Kingdom of Great Britain and Northern Ireland,London,Hall 11 / G61,glasstec2026.3082617,IjxKzHS8RkyVQ9rcFPS3AQ
eco in Sp. z o. o.,Poland,Warszawa,Hall 17 / D68,glasstec2026.3050166,gMRpy47yRA2N64MzPHlbSQ
ECOL Ingeniería Industrial SLU,Spain,Guarnizo (Cantabria),Hall 15 / C27,glasstec2026.3056895,2JCpReVcTVmFjpMLAZqf1w
Edgetech Europe GmbH,Germany,Heinsberg,Hall 17 / D67,glasstec2026.3050026,g8V32RJ1SfSh8K2YszvUNw
EFFicient Solutions GmbH,Germany,Düsseldorf,Hall 13 / D84,glasstec2026.3063641,2zzilNb6SMO1Zy8MxMOdRg
"Ego 93, s.r.o.",Czechia,Chrudim,Hall 12 / G71,glasstec2026.3064107,4nU1ucPJQ9SeJPg5vHSviw
Electroglass Ltd.,United Kingdom of Great Britain and Northern Ireland,"Benfleet, Essex",Hall 13 / B38,glasstec2026.3059260,fpq4UQhLSUOxQKHifBY08w
ELENA GRAURE-MANTA,Germany,Alpen,Hall 11 / A06,glasstec2026.3081031,D0gWiPLoTRCljMkWVMS7xg
Elephant srl,Italy,Coriano (RN),Hall 15 / B43,glasstec2026.3063488,oosY4yJpQ9q5fJzn1PCFLw
Eliar Elektronik Sanayi A.Ş.,Türkiye,İstanbul,Hall 15 / D56,glasstec2026.3058585,H8NWlEzISLm8EqMTl6MXyQ
Elimko Elektronik Imalat ve Kontrol Tic. Ltd. Sti.,Türkiye,Ankara,Hall 14 / G61,glasstec2026.3076100,Ys7Q0HehRLyQfkpN0Ie2bQ
Elisa Industriq Germany GmbH,Germany,Chemnitz,Hall 14 / A33,glasstec2026.3065684,9uXnqWL0TgSWM59t16UGZg
ELKA Automation GmbH,Germany,Krefeld,Hall 14 / C11,glasstec2026.3065680,2Dr9KnlvSa6dCfTS5u4cUQ
ELKA Schleif- und Poliermittel GmbH,Germany,Wiedergeltingen,Hall 10 / H67,glasstec2026.3061552,yK4L1GApT7iM1mu1a2vBTw
ELKE MANK GLASKUNST,Germany,Alpen,Hall 11 / A06,glasstec2026.3082123,G9gSEUn6SySHMBVfvxzM4A
Elmet Technologies LLC,USA,"Lewiston, ME",Hall 13 / F79,glasstec2026.3063638,RX5q4KV3RHaw1GPLOcpTwA
EMAR SRL,Italy,Pozzo d´Adda (MI),Hall 15 / B55,glasstec2026.3055769,UBYoRmO2Tm6HgNGK15tHkA
EME GmbH,Germany,Erkelenz,Hall 15 / C44,glasstec2026.3075858,IgVh0RK3TdahwKmND5Dz1w
Emhart Glass S.A.,Switzerland,Steinhausen,Hall 13 / C31,glasstec2026.3066087,6UApadzuTgO756VqWmWK2w
Emirates Float Glass LLC,United Arab Emirates,Abu Dhabi,Hall 10 / F64,glasstec2026.3050700,ywTLR6EQS6e50xwYIxs06Q
EMM Siebdruckmaschinen GmbH & Co.KG,Germany,Brackenheim,Hall 12 / B05,glasstec2026.3077519,0CPs34AkTDyNVMaloV3rVw
Encres Dubuit SA,France,Mitry-Mory,Hall 12 / C65,glasstec2026.3066292,5vl7X2ZXTyWg5qeLvCobfw
EnduroShield - PCT Global Pty Ltd,Australia,"Seven Hills, Nsw",Hall 10 / A60,glasstec2026.3050691,KyRunkwPTVCdpH4X3TKGcA
"Enoble Smart Technology Co.,Ltd.",China,Qingdao,Hall 11 / D06,glasstec2026.3072408,zN3CQH4bRBarTs0xQ4P6kQ
"Entegris, Inc.",USA,"Billerica, MA",Hall 13 / F84,glasstec2026.3067862,afQjf1L2S7eeLiHPlGnV1w
EnviroFALK Prozesswasser-Technik GmbH,Germany,Westerburg,Hall 15 / E24,glasstec2026.3051199,NqzY0QoHQqmWj5FHhb3ScA
Erdem Cam San. Ve Tic.Ltd.Sti.,Türkiye,Gaziantep,Hall 10 / C15,glasstec2026.3075295,iI5NDtbsQVSb7c5EjztljQ
Ergon Meccanica srl,Italy,Dego (SV),Hall 13 / C31,glasstec2026.3079005,2TVegh8aRLChnVdrnQcXvw
Ernst Pennekamp GmbH & Co. OHG,Germany,Ennepetal,Hall 14 / E20,glasstec2026.3064226,CzwZbHIaQFyUiHR6OXPgJQ
ESMA vzw,Belgium,Tielt-Winge,Hall 12 / G32-3,glasstec2026.3073589,hLLK7QJYSySu5JcXbntzVw
Esomatec GmbH,Germany,Mellinghausen,Hall 14 / A20,glasstec2026.3064234,IrwakJUESWyoG3lDHaIR1A
Eule27 AG,Switzerland,Zug,Hall 11 / E24,glasstec2026.3078256,1nYoF1cGT4GOBfkUXtIxAQ
Eurécla SARL,France,Courbevoie,Hall 10 / K32,glasstec2026.3058562,8Zjh06pGR9yGMhiQPc1x3A
EUROMATIC SRL,Italy,Treviglio (BG),Hall 13 / D56,glasstec2026.3050220,arO18p47QMaZRXi7V1sZkg
European Science Communication Institute,Germany,Oldenburg,Hall 15 / G37,glasstec2026.3068866,EJy64PIZRpGpWn44PeFsEA
Eurotherm Germany GmbH,Germany,Limburg,Hall 15 / F64,glasstec2026.3068194,chR5DjQXRJCQLUgGcdc0mA
EuroWindoor AISBL,Belgium,Bruxelles / Belgium,Hall 11 / G06,glasstec2026.3078575,Pg806L7BRyeFXnT13WM0xg
Everlam BV,Belgium,Mechelen,Hall 11 / G48,glasstec2026.3050584,IFVYd4z5RS25uBHekDYw7w
Exergy international s.r.l.,Italy,Olgiate Olona,Hall 15 / D17,glasstec2026.3062863,wqiOs8lpTveJWqekEpKqBQ
Expoglass Inh. Boguslaw Pawlikiewicz,Poland,Nysa,Hall 12 / A72,glasstec2026.3050580,accgjraPSkuP1s15StYLYg
EXXOSQEL GmbH,Germany,Gössenheim,Hall 11 / E12,glasstec2026.3075642,IpT2f6MJQhWWA1IVKtUykQ
Eyonex Glass Technologies GmbH,Germany,Berlin,Hall 11 / E14,glasstec2026.3077154,t6KJeTSLQHuE16PEklqYoA
F.I.C (UK) Limited,United Kingdom of Great Britain and Northern Ireland,"Penzance, Cornwall",Hall 13 / C44,glasstec2026.3075918,7Ogx9v2gShaEs70CYL63zg
Fachgruppe Glasveredler Bundesinnungsverband des Glaserhandwerk,Germany,Hadamar,Hall 10 / D68,glasstec2026.3082672,kJ1DrHL4Rpi8JF9xSiUQVA
FALORNI TECH SRL,Italy,Vinci (FI),Hall 13 / A05,glasstec2026.3052955,0oLcBzzdSiqmVoNUMNOENQ
Famor Engineering S.r.l.,Italy,Rivalta di Torino,Hall 13 / A05,glasstec2026.3050215,uuqQtd5xR7Wv7dZbaI3Wuw
"FANGDING TECHNOLOGY CO.,LTD",China,"Rizhao, Shandong",Hall 12 / G45,glasstec2026.3054305,0tm2stuLS3a6qZtnBSe5xg
FC SRL,Italy,Cavezzo (MO),Hall 10 / D42,glasstec2026.3064133,AHs2cxcGTRunaQ9qGC3beA
Fenzi SpA,Italy,Tribiano (MI),Hall 16 / B12,glasstec2026.3055083,JzCTNrLuRrGtU9FkQzwBwQ
Ferlam Technologies SAS,France,Roubaix,Hall 13 / C08,glasstec2026.3050249,jKsFedWNT1Koqq0JEFavOQ
FERMAC s.r.l.,Italy,Parma,Hall 12 / A31,glasstec2026.3052776,3Y3EzZADT8C0dbnbVMOnVA
"FILTRAGLASS, S.L.",Spain,Figueres,Hall 15 / E06,glasstec2026.3050184,uT8vW3mMQHeugFIzbfxdoA
Fima Olimpia Fonderie S.r.l..,Italy,Barberino Tavarnelle (FI),Hall 13 / A40,glasstec2026.3050268,dddC173iQImOUazOAKQ3Zw
FIMOR SAS,France,Le Mans,Hall 12 / G20-1,glasstec2026.3073598,i8SucOMMRxCKXHHBGFwuKg
Finotech Switzerland AG,Switzerland,Küsnacht / KT. Zürich,Hall 11 / D83,glasstec2026.3067296,T3iWDaoASWqw0BMt4BWcQg
Fives Stein SAS,France,Maisons-Alfort,Hall 13 / C60,glasstec2026.3050247,OJeTKEfSR6OU5SZ0jVu5uA
FlammaTec Germany GmbH,Germany,Cottbus,Hall 15 / G24,glasstec2026.3063625,FJEmsdc4T62d3FYIEZF4bw
"FlammaTec, spol. s r.o.",Czechia,Vsetin,Hall 13 / C44,glasstec2026.3075662,nibNut4uQsqC4HT1vSoRcw
"Flat Glass Group Co.,Ltd.",China,"Jiaxing, Zhejiang",Hall 10 / K53,glasstec2026.3061623,8L4W0uFHSZa0kyrNktqE9w
Flat Glass Solutions Limited,United Kingdom of Great Britain and Northern Ireland,Bury st Edmonds,Hall 12 / E19,glasstec2026.3077914,J8N7uuCaR1CSKZzWnp071w
Flexijet GmbH,Germany,Löhne,Hall 14 / G34,glasstec2026.3065677,UxhsfrzuTCeMUc9nCepg7g
FLOKONTROL INDUSTRIAL AUTOMATION SAN. TIC. KOLL. STI.,Türkiye,Tekirdag,Hall 13 / C70,glasstec2026.3050235,D8tkOkGPTzW9YE5fKu11mQ
Fluidix Applied Materials,USA,"Wheeling, IL",Hall 11 / E24,glasstec2026.3064137,wSxaYtiXQHavWYjbJE1N4A
Folienwerk Wolfen GmbH,Germany,Bitterfeld-Wolfen,Hall 10 / H31,glasstec2026.3077906,6l68EcYuROStOraLNUoiBg
Fonderie Valdelsane S.p.A.,Italy,Monteriggioni (SI),Hall 13 / B05,glasstec2026.3050257,AM7KpkfERQiqFMoCK8OGRg
"FOR G, s.r.o.",Czechia,Duchcov,Hall 15 / F49,glasstec2026.3077520,blvazjdbSi6uhExOTFV9FQ
FOREL S.p.A.,Italy,Vallio di Roncade (TV),Hall 16 / C12..C14,glasstec2026.3063614,Ue7UVaApS1GSjPxzsUQU3w
Forglass Technology Sp. z o.o.,Poland,Krakow,Hall 13 / C16,glasstec2026.3050241,1WHgMPfoSROnbfMF8FIbGg
Forstek d.o.o.,Slovenia,Dol Pri Hrastniku,Hall 13 / F82,glasstec2026.3059261,R2wJejoURp6HoTuvgFsp5w
Fosbel GmbH,Germany,Mönchengladbach,Hall 13 / A33,glasstec2026.3050048,nR9rlmCETHSd8L8CmmbRHQ
"Foshan Addtech Glass Machinery Co.,Ltd.",China,Foshan,Hall 17 / B87-6,glasstec2026.3080134,hXGoArwsSyOLgFoAiZr6aQ
Foshan Bopai Metal Product Ltd.,China,"Foshan, Guangdong",Hall 10 / E29,glasstec2026.3059304,XsK363PgToGTxnTXONM3Ag
"Foshan Debo Intelligent Manufacturing Co., Ltd.",China,Foshan,Hall 17 / A20-4,glasstec2026.3078729,eZUKQS4NRpiYKSfy3GLCHw
"FOSHAN DRAGON GLASS CO., LTD.",China,"Yunfu City, Guangdong",Hall 14 / A11,glasstec2026.3050221,Bnh14H0tTlqL1gaNIxchOg
"FOSHAN E&N HONJIA NEW MATERIAL CO., LTD.",China,"Foshan, Guangdong",Hall 11 / F78,glasstec2026.3078493,21lBthHLSdaQiWvTTGc41A
"Foshan Gaoze Energy-Saving Equipment Co., Ltd.",China,Foshan,Hall 12 / D85-3,glasstec2026.3080161,m7GrlCP6TmWBXwrGmXpH0A
"FOSHAN GLOBAL INDUSTRIAL TECHNOLOGIES CO., LTD.",China,"Foshan City, Guangdong",Hall 15 / D63,glasstec2026.3080858,KzP6MfgtTse4uAGF5IuDxQ
"Foshan Hengzhicheng Metal Products Co., Ltd.",China,"Foshan, Guangdong",Hall 10 / G10-17,glasstec2026.3078652,e4cYXxByTQiJ2QgOTmjujg
"Foshan Huadi Metal Produce Co., Ltd.",China,Foshan,Hall 10 / D37,glasstec2026.3054052,TCOEDLp9S4yunv77a6n1tQ
"Foshan Huagai Import and Export Co., Ltd",China,Foshan,Hall 11 / J51,glasstec2026.3059214,Hv1TwkZkRZSbphozYmH0fg
"Foshan Jinghua Visual Technology Co., Ltd.",China,"Foshan City, Guangdong Province",Hall 14 / A24,glasstec2026.3053639,14dBuqMAQNmJGfszl0gLkA
"Foshan RAMADA Building Materials Co.,Ltd",China,"Foshan, Guangdong",Hall 12 / E75-5,glasstec2026.3078185,yj7VotAAQ8GZOWOiJTJC5Q
"Foshan Sanli Intelligent Equipment Technology Co.,Ltd.",China,"Foshan, Guangdong",Hall 14 / G52,glasstec2026.3067255,yehmthgZRUi3j6g4IshVCA
"FOSHAN SENTAI INTELLIGENT EQUIPMENT CO., LTD.",China,"Foshan, Guandong",Hall 13 / F04-3,glasstec2026.3078194,WldwAjFuR0qP7xF9e9UJaA
"Foshan Singip Intelligent Equipment Co., Ltd.",China,"Lunjiao, Shunde, Foshan, Guangdong",Hall 12 / G55,glasstec2026.3061620,4lVF5NdVT6aEzuNCQXYvsA
"Foshan Techwin Glass Technology Co., Ltd",China,"Foshan, Guangdong",Hall 17 / A12-8,glasstec2026.3078721,qtXJ6kGWQ72RRiaRtak4hg
Frankfurt University of Applied Sciences Fachbereich 1 Architektur-Bauingenieurwesen-Geomatik,Germany,Frankfurt am Main,Hall 11 / G27,glasstec2026.3082623,KMziYTCZR7Ojqv6sH2jsaQ
Fratelli Pezza Srl,Italy,Clusone (BG),Hall 16 / A26,glasstec2026.3063245,vec9YGUvQq2K1an4GQbO6A
Fraunhofer-Institut für Solare Energiesysteme ISE,Germany,Freiburg,Hall 11 / G27,glasstec2026.3082626,ZCJlUZreQmyLqb1eiOxPtA
"FREEDOM CERAMICS SUZHOU CO.,LTD",China,Suzhou,Hall 12 / E01,glasstec2026.3052774,YT2eziMnQmmatJ0z41S2Og
FUCHS LUBRICANTS (UK) plc,United Kingdom of Great Britain and Northern Ireland,"Hanley, Stoke-on-Trent, Staffordshire",Hall 14 / F03,glasstec2026.3064224,0OOaAn1PTq2fztxrnifP7g
"Fujian Meidi Plastic Technology Co.,Ltd.",China,"Quanzhou, Fujian",Hall 10 / D32,glasstec2026.3054049,tFefFZx6SiarilGhRUHS9Q
Füller Glastechnologie Vertriebs-GmbH,Germany,Spiegelau,Hall 15 / E49,glasstec2026.3065674,tojHtr7RTvuBt2QopGapUA
Furnotherm Glass Projects India Pvt. Ltd,India,"Thane (W), Maharashtra",Hall 15 / F06,glasstec2026.3065673,UbFl19iSTMGs4f34UlHpkQ
Fusion Bionic GmbH,Germany,Dresden,Hall 12 / A05,glasstec2026.3077037,TRJwlVF8TX2vAjcDwIqgyg
"Futeng Hebei Energy Conservation Technology Co.,Ltd.",China,"Baoding, Hebei",Hall 11 / G83,glasstec2026.3077515,X71Qdbc0TrO8u44ejEa8ZQ
"Fuzhou New Fortune intelligent Technology Co.,ltd",China,"Fuqing, Fujian",Hall 14 / F62,glasstec2026.3059249,REivN8c6TDmVaZdYynrOvQ
"G1 Automation Co,. Ltd.","Korea, Republic",Gwangju,Hall 15 / B49,glasstec2026.3078444,ZvVNXVXITHOm1gFEmtsJjw
Gabriele Riester Glaskunst e.V.,Germany,Alpen,Hall 11 / A06,glasstec2026.3082724,2YeXPIAqTX6sh0OJO3iKwg
Gallus Ferd. Rüesch AG,Switzerland,St. Gallen,Hall 12 / G32-5,glasstec2026.3073597,87Am2D2RQNSBEAymt4cGKw
"Gaomi Feixuan Machinery Technology Co., Ltd",China,"Weifang, Shandong",Hall 11 / J77,glasstec2026.3061707,tBM24A08Szy8r3qifMtsWA
Gas- und Wärme-Institut Essen e. V.,Germany,Essen,Hall 11 / K05,glasstec2026.3073812,3iyJ658nQMyWL4yH5a4kQg
GDS Technology s.r.o.,Czechia,Valašské Meziříčí,Hall 11 / G80,glasstec2026.3078988,c9UB1VenSpayXv35wd25VQ
GEA Bischoff GmbH,Germany,Essen,Hall 14 / B14,glasstec2026.3050211,TxxL3nWeQramE7Z64ub3bA
Gebr. Willach GmbH,Germany,Ruppichteroth,Hall 10 / K64,glasstec2026.3064092,PpaAgBFWSmWJVzM0FLRaHw
GEHITEK VISION ARTIFICIAL S.L.,Spain,Azpeita,Hall 14 / E52,glasstec2026.3054255,oapi8zUwQdy8OWLcsKvDDg
Gemata SpA,Italy,Trissino (VI),Hall 16 / C34,glasstec2026.3063619,mtkULArnQHGEWIAjLaIn6Q
GEN-IN LLC,USA,"Largo, FL",Hall 14 / B20,glasstec2026.3054548,TZ5bxtkcSJ6DPBnee7VjNA
Genau Manufacturing Company LLP,India,Delhi,Hall 11 / B79,glasstec2026.3066289,qunqESm7SY28Amjqupxh8g
Gestellpool Europe GmbH & Co. KG,Germany,Hannover,Hall 14 / C24,glasstec2026.3076098,SSUpTIwWSROP6fRUBp3ovw
GfE Fremat GmbH,Germany,Brand-Erbisdorf,Hall 12 / A46,glasstec2026.3064130,2nowIlGCTHGabD0KmBMsVg
GFP-Glass Fireproof System Tech GmbH,Germany,Heidelberg,Hall 17 / A23,glasstec2026.3064210,RvBzNFHASNCbbUYmbIKO4A
GGL GLASS SRLS,Italy,Catania,Hall 10 / H71,glasstec2026.3064220,sEVdLkhXQZyHxyEbCBLHAg
Giancarlo Perego SpA,Italy,Trezzano S/N (MI),Hall 13 / E66,glasstec2026.3062297,aDmUtZ2oSgicyAirwSjumA
Giardina Group Srl,Italy,Figino Serenza (CO),Hall 12 / G76,glasstec2026.3074516,WKqyavAGQVKORdibWtIMdQ
GIMAV – Associazione Italiana Fornitori Macchine ed Accessori per la Lavorazione del Vetro,Italy,Milano,Hall 16 / B21,glasstec2026.3073258,9um9s1btT2uX3VmINtVVrQ
GLAAST GmbH,Germany,Bensheim,Hall 11 / D23,glasstec2026.3064242,aJwwq4czTISZqm7iTLIgkg
Glabek Industrial GmbH,Germany,Düsseldorf,Hall 10 / F54,glasstec2026.3063269,qHnyQCp7QhCtQpKZIj4JRw
Glas Marte GmbH,Austria,Bregenz,Hall 11 / G61,glasstec2026.3082637,WRGb82O5S3GcnSYHpNosmg
Glas Trösch Holding AG,Switzerland,Bützberg,Hall 10 / G82,glasstec2026.3083522,u9eYv562SLCHCPcOSHO8Ig
"Glas-Weld Systems, Inc.",USA,"Bend, OR",Hall 10 / D59,glasstec2026.3062931,T689Reg6TRe2lHLg6mz17w
GlasCampus Torgau,Germany,Torgau,Hall 11 / K05,glasstec2026.3076558,YEW0e81dT72gF3H2s5NNOA
Glasfachschule Zwiesel,Germany,Zwiesel,Hall 10 / D85,glasstec2026.3069086,GjsRTW1iRwyEIOimINfntw
Glaskünstlervereinigung NRW e.V.,Germany,Alpen,Hall 11 / A06,glasstec2026.3080963,qagyIL0jSuqXCHi9I5upgw
Glasma AB,Sweden,Emmaboda,Hall 15 / G35,glasstec2026.3068861,w5QByxIOTu6zloZDAzrhoQ
Glasmik d.o.o. more for glass,Slovenia,Šempeter Pri Gorici,Hall 11 / D74,glasstec2026.3052951,xB3epsaDTEC6cpLdLpXbUw
Glass Company S.r.l.,Italy,Pesaro (PU),Hall 16 / C37,glasstec2026.3066089,FIB1TZ6LTyijTLUV7rOXmw
Glass Futures Ltd,United Kingdom of Great Britain and Northern Ireland,St Helens,Hall 11 / G27,glasstec2026.3075019,brhoqHOmQHmLz0raSa1OIw
Glass Futures Ltd,United Kingdom of Great Britain and Northern Ireland,St Helens,Hall 13 / A20,glasstec2026.3056906,bHIzAdpxScqFCLrmIbZVpg
Glass International,United Kingdom of Great Britain and Northern Ireland,"Redhill, Surrey",Hall 13 / C12,glasstec2026.3050236,oQ2Ogj43SSetuXH0W5LqqA
Glass Service s.r.l.,Italy,San Miniato,Hall 13 / E13,glasstec2026.3058596,LYIg8y6sSaOJJ8UpD00hTw
"GLASS SERVICE, a.s.",Czechia,Vsetin,Hall 13 / C44,glasstec2026.3075921,b0xvECIJT9K2s5vPlGlXKA
Glassform.ai S.p.a.,Italy,Rovereto,Hall 14 / F23,glasstec2026.3064239,XTsSU1lGQ0yvC18gEujkrw
glassglobal,Germany,Düsseldorf,Hall 15 / E35,glasstec2026.3068860,NJA59ZlkSOCN7uIUfWl4Pg
GLASSINSPECTOR,Spain,Azpeita,Hall 14 / E52,glasstec2026.3054255,oapi8zUwQdy8OWLcsKvDDg
Glassprinting di Villa Luigi,Italy,Gessate,Hall 11 / H58,glasstec2026.3081034,zxZK5kp4STSq1jhRUZA0OQ
Glasstech Refractory JSC,Türkiye,Istanbul,Hall 12 / E25,glasstec2026.3061570,TcJYbQOgSZyrBmrtLF3tvA
GlasStress Ltd.,Estonia,Tallinn,Hall 14 / E19,glasstec2026.3063492,1UnHhrV3TjijwdhFTOt4qA
Glassworks Hounsell Ltd.,United Kingdom of Great Britain and Northern Ireland,West Midlands,Hall 13 / B86,glasstec2026.3067258,wAU5syORSfCRe4UDJLhYsg
Glaston Finland Oy,Finland,Tampere,Hall 15 / A48,glasstec2026.3063631,bRsDuOmqRX2dH5jZy3dHTA
Glaston Germany GmbH,Germany,Neuhausen,Hall 15 / A48..A49,glasstec2026.3062844,7axaWqHeTPy8sQAughijhw
Glaston Switzerland AG,Switzerland,Bützberg,Hall 15 / A48,glasstec2026.3063632,RxLaRiWnTIKevBCKSHAl1w
Global Combustion Systems Ltd.,United Kingdom of Great Britain and Northern Ireland,Livingston,Hall 13 / F59,glasstec2026.3065681,pB9gMWD5QcuSVHFd1TWXSQ
GLOBAL DEKA MAKİNE A.S.,Türkiye,Ankara,Hall 12 / G76,glasstec2026.3078022,l9b6bPnXSjSuxt70DiQ7XA
Global Tesca Staffing LLC,USA,"Austin, TX",Hall 14 / C43,glasstec2026.3071612,bVePb58CSUuPuw5BNrQDGQ
"Glory Glass Group Co., Limited",China,"Qingdao, Shandong",Hall 11 / B14,glasstec2026.3052778,K9IhaIEEQpC2x1Pe86BD7A
GMV AS,Denmark,Bredsten,Hall 10 / G64,glasstec2026.3050663,wJ2MBRHATYu4aGypdTFGxA
GNC srl Unipersonale,Italy,Pesaro (PU),Hall 15 / D48,glasstec2026.3063340,G7qqLW2eQtS80GISv4qTkg
GoldRays Limited,China,Foshan,Hall 10 / H54,glasstec2026.3054969,dJKxdkALTqmG4akzVvCJ0Q
GPM AUTOMATION SRL,Italy,Mogliano Veneto,Hall 11 / H23,glasstec2026.3075954,obj19YozRSWlryva9VTvrQ
GPM SRL,Belgium,Ghislenghien,Hall 13 / A83,glasstec2026.3063396,GaHmI5PbSZuKu9VwUdcLbg
GRADEL ST Sàrl,Luxembourg,Ellange,Hall 12 / D56,glasstec2026.3063525,FMPJxJ4nTdyyaSipCGyYgw
Grafotec Spray Systems GmbH,Germany,Diedorf,Hall 15 / F35,glasstec2026.3062285,p51Hhr1JTdKIC1bXRAGvcw
Graphoidal Developments Ltd.,United Kingdom of Great Britain and Northern Ireland,"Chesterfield, Derbyshire",Hall 13 / C43,glasstec2026.3072350,xkbqEgJpQoKVDjfoefEvMw
Grenzebach Maschinenbau GmbH,Germany,"Asbach-Bäumenheim, Hamlar",Hall 15 / C43,glasstec2026.3061099,Wh1yvMb5QWeY1pNnsPuMNg
Grincoat Company Limited,Taiwan,Pingtung,Hall 11 / D88-2,glasstec2026.3076448,4QzVceguQa6YjiGvH2vSHw
Grundfos Water Treatment Germany GmbH,Germany,Hamburg,Hall 15 / G27,glasstec2026.3050053,M1xt26TuQyiy4CXM4t488w
Grünig-SignTronic AG,Switzerland,Schwarzenburg,Hall 12 / G32-4,glasstec2026.3074749,vFlEOvvvQ9WGlNOSx310aA
GRUPO CRESPO VIDRIO SL,Spain,Burgos,Hall 15 / D04,glasstec2026.3050185,ewX2DXlVQIelgyyrlsfmYA
GS METAL ANONİM ŞİRKETİ,Türkiye,İstanbul,Hall 10 / A86,glasstec2026.3054524,AkCpOFbKQHq6P2ZLkdSHrw
GS-MR Glass and Stone machinery and robotics UK & Ireland Ltd,United Kingdom of Great Britain and Northern Ireland,Shrewsbury,Hall 14 / B39,glasstec2026.3081967,vaIKjKhnRbmc9csR25Fhog
"GUANGDONG ANKE TECHNOLOGY CO.,LTD",China,Zhongshan,Hall 10 / G10-5,glasstec2026.3078181,stVhT7fLTzijyS8drSL9kQ
GUANGDONG BAINENGBAO TECHNOLOGY Co. Ltd.,China,"Foshan, Guandong",Hall 13 / F04-1,glasstec2026.3078193,9B72PqzwSkCX1c52XHtDVA
"Guangdong BLM Machinery Co.,Ltd",China,"Foshan, Guangdong",Hall 11 / D11,glasstec2026.3054977,6HyXrqzuQmC7mBzKR2BhEA
"GUANGDONG ENKONGS MACHINERY CO., LTD.",China,"Foshan, Guangdong",Hall 14 / A11,glasstec2026.3080204,wwHjPLucTFydsH93MWZceQ
"Guangdong Folga Intelligent Technology Co., Ltd.",China,"Foshan, Guangdong",Hall 11 / C84-1,glasstec2026.3078204,i97YIYhlSt6xgVqb8KbtOg
"GUANGDONG GOLIVE MACHINERY TECHNOLOGY CO., LTD.",China,Foshan,Hall 12 / F09,glasstec2026.3055912,r6JNx88STZKi0fugwfiBzA
"Guangdong Hiseng Glass Machinery Co., Ltd.",China,"Foshan, Guangdong",Hall 12 / E35,glasstec2026.3064482,SXVl9riEQNuTV7JAQkBDPw
Guangdong HuiCheng Vacuum Technology Co. Ltd,China,Dongguan,Hall 11 / A12,glasstec2026.3077786,QpLQg4g7Sj2nbksKtxBNwg
"GUANGDONG JINBO INTELLIGENT EQUIPMENT CO.,LTD.",China,"Foshan, Guangdong",Hall 12 / G31,glasstec2026.3064478,TU92oOlQSTC6RiLtcraRPA
GUANGDONG JUNYA INTELLIGENT EQUIPMENT CO. LTD,China,"Foshan, Guangdong",Hall 15 / D63,glasstec2026.3080859,hKAwe40sQmmf97v2UlVyJw
Guangdong KIN LONG Hardware Products Co. Ltd.,China,"Dongguan, Guangdong",Hall 10 / H30,glasstec2026.3052733,vPaSYqvuTtGkFwvI3a8MvQ
"GUANGDONG OCTOPUS ENTERPRISE CO.,LTD.",China,"Guangzhou, Guangdong",Hall 12 / B01,glasstec2026.3054986,ZJCr5Hb5T2KinjZNm7NtIA
"GUANGDONG SAHARA HARDWARE CO.,LTD",China,"Zhaoqing, Guangdong",Hall 10 / D75,glasstec2026.3052719,XwFY0rbyQHeRplXLCfVM6Q
"GUANGDONG ZHIJIA METAL CO.,LTD",China,"Zhaoqing, Guangdong",Hall 10 / E08,glasstec2026.3061705,pCSTdnyVSDqnP13EDGcrhQ
"GUANGZHOU BROTHERS GLASS TECHNOLOGY CO., LTD",China,"Guangzhou, Guangdong",Hall 11 / G77,glasstec2026.3063182,TCMeD6zFSge4hkhlQa0Zzg
"Guangzhou HuiChi Industrial Development Co., Ltd,",China,Guangzhou,Hall 12 / D05,glasstec2026.3054296,l37qqHI0Qs2pHc8gK4JaBg
"GUANGZHOU LING NAN REFRACTORY CO., LTD.",China,Guangzhou,Hall 12 / A20,glasstec2026.3067408,I2YQ163pSgKBFdoAh1KWEA
GUANGZHOU SUIBO TECHNOLOGY LTD.,China,"Guangzhou, Guangdong",Hall 13 / F03-7,glasstec2026.3078175,ekMV86t4TO62J3rH113Jpg
"Guangzhou Tecture Glass Co.,Ltd",China,"Guangzhou, Guangdong",Hall 11 / A74,glasstec2026.3064489,iv3CYhXKSye2LvCAMR10NA
"Guangzhou Topo Glass Co.,Ltd.",China,"Guangzhou, Guangdong",Hall 10 / G10-1,glasstec2026.3078651,QH8h1T0FQMmCaBTd1hIOXg
Guangzhou Zonda New Material Co Ltd,China,"Guangzhou, Guangdong",Hall 11 / B84-4,glasstec2026.3078722,3GEeyiOzTdWiMXrIzprf3Q
Guardian Europe S.à.r.l,Luxembourg,Bertrange,Hall 10 / A24,glasstec2026.3058495,YD3R4Dx6SDi0xZhn7zpvIA
"Gudetech Co., Ltd",China,Foshan,Hall 15 / C13,glasstec2026.3050194,B8wcKZIfSMWeLPZI4qmbyw
"Gulbrandsen, Inc.",USA,"Orangeburg, SC",Hall 12 / A56,glasstec2026.3064446,RkTB1T1URUW4hQfPXkWTqg
GÜMÜŞ ARSLAN GENEL MAKİNA İMALATI ENERJİ VE ISI SİSTEMLERİ SAN.TİC.LTD.ŞTİ,Türkiye,Bursa,Hall 12 / A02,glasstec2026.3058567,adezmtqeTzardPRwgmGNFQ
GÜNTAŞ TEKNOLOJİK YAPI ENDÜSTRİ AŞ,Türkiye,Istanbul,Hall 10 / F48,glasstec2026.3052707,UKM9LYZlQ6mSB3ofCaQ5Wg
GÜNTHER GmbH Temperaturmesstechnik,Germany,Schwaig,Hall 14 / E02,glasstec2026.3063491,Kdk0DqLCQ7CF0W1U0jY4Dg
"GWFS, s.r.o.",Slovakia,Ilava,Hall 10 / B82,glasstec2026.3059220,BY5h377tQpyiHY63O86ZZA
H.B. Fuller / KÖMMERLING Chemische Fabrik GmbH,Germany,Pirmasens,Hall 17 / D24,glasstec2026.3058543,EV5N9sBATEOvGvl9aAK19Q
Hager Sondermaschinenbau GmbH,Germany,Möttingen,Hall 15 / F56,glasstec2026.3050034,Ab7cUzsIQpys3wwDqwFnWA
"Hai'an Boke Superhard Materials Co., Ltd.",China,Nantong,Hall 12 / D75-6,glasstec2026.3078188,uY0PmHdHQv6fbcLTSO44Kg
"Hainan Holdings Special Glass Technology Co., Ltd.",China,"Haikou, Hainan",Hall 12 / A09,glasstec2026.3081975,XTAKmcL1S8qZKlkrixFYkw
Hamacher Maschinenbau GmbH,Germany,Aachen,Hall 12 / D35,glasstec2026.3082125,o7pvvzWKRB2SPcavYKq3Sg
"Hangzhou Glass Technology Co.,Ltd.",China,Hangzhou,Hall 11 / K77,glasstec2026.3055786,5fQW7izSS9KGp8dkyatTeg
"HANGZHOU JINGGONG MACHINERY CO., LTD.",China,"Hangzhou, Zhejiang",Hall 12 / A35,glasstec2026.3054985,Il2CtU1yTMa8m1FXk4qNvA
"Hangzhou Musi Glass Materials Co.,Ltd",China,"Hangzhou, Zhejiang",Hall 10 / G10-14,glasstec2026.3078499,RErvMqCtQwWdwNYv5Zgbkw
"Hangzhou Yaofei Glass Co., Ltd.",China,"Hangzhou, Zhejiang",Hall 10 / G04-4,glasstec2026.3078506,eXqms3iYRGuFRt33wu8sjA
"Hangzhou Zhijiang Silicone Chemicals Co., Ltd",China,"Hangzhou, Zhejiang",Hall 11 / D83,glasstec2026.3063179,jl9oz8ElRlyHZl91TE09uQ
HappyOps GmbH,Germany,München,Hall 14 / E24,glasstec2026.3065678,WqT4dP6pTCCqo3dxhYs8NA
"HarbisonWalker International,Inc. (HWI)",USA,"Pittsburgh, PA",Hall 13 / A65,glasstec2026.3062850,IfjHmxt0TDaiPZ3wp0sN5w
HAVERKAMP GmbH,Germany,Münster,Hall 10 / H15,glasstec2026.3050049,0Hs9TceiQguRlijoip6eWw
HB Systems KG,Germany,Zeitlofs,Hall 12 / A32,glasstec2026.3075177,0l53W5EgQZGzHA1uAtSWWw
HDT Hochdruck Dosier Technik GmbH,Germany,Bottrop,Hall 17 / D64,glasstec2026.3055079,xf5bQOFBR3mM7yWY6xOBvw
Heavydrive GmbH,Germany,Tapfheim,Hall 10 / G82,glasstec2026.3079956,VswEW8dEQ1GRQy7iVI5FJg
"HEBEI DONGXING GLASS CO., LTD",China,"Shahe, Xingtai, Hebei",Hall 10 / G04-2,glasstec2026.3080141,L9SgV7NMTAuT51jc8ZonIQ
Hebei Haiyang Shunda Energy-saving,China,"Bazhou City, Hebei Province",Hall 10 / G10-10,glasstec2026.3078510,nBmXWdAgTLeRliCNaYkdtA
"Hebei Jade Pure Glass Product Co.,Ltd.",China,"Cangzhou, Hebei",Hall 11 / E74,glasstec2026.3054057,BzmMTPJxQUmi20cZPNwCeA
"Hebei Jianbo Glass Technology Co., Ltd.",China,"Langfang City, Hebei",Hall 11 / D11,glasstec2026.3078576,6ka0pkbKS5G3pDhuhGlLJg
"HEBEI LIANTOU NEW MATERIAL TECHNOLOGY CO.,LTD",China,"Renqiu, Hebei",Hall 10 / F10-1,glasstec2026.3078617,NhaIRsGGQIeOCqHF5aSv0A
"HEBEI LUX COATING TECHNOLOGY CO., LTD.",China,"Xingtai, Hebei",Hall 12 / F10,glasstec2026.3061717,EWRuhzrBSNuQMgFfRd1Ruw
Hebei Rongtai Mould & Technology Co. Ltd,China,"Huanghua, Hebei",Hall 13 / A50,glasstec2026.3062308,7oVcuVC4SyGlVQeRgNY2XQ
"Hebei Xiefei International Trade Co., Ltd",China,"Renqiu City, Hebei Province",Hall 11 / B84-1,glasstec2026.3078529,lX7m9Q74TyK4CQbPwvM38Q
"Hebei Xuankun Refractory Material Technology and Development Co.,Ltd.",China,Shijiazhuang,Hall 12 / D75-8,glasstec2026.3078615,FeXlf9XZRtKOukEBSaOohw
"HeBi Leadus Manufacturing Co., Ltd",China,"Hebi City, Henan Pro.",Hall 17 / C23,glasstec2026.3053552,QWLg2AfwS8yOCyuJf5dNDg
HEGLA boraident GmbH & Co. KG,Germany,Halle,Hall 14 / A62,glasstec2026.3076165,t4WLAP2TR2eXC0l4L40urA
Hegla Fahrzeugbau GmbH&Co.KG,Germany,Satteldorf,Hall 10 / D68,glasstec2026.3080854,fGZaeNewTN2gEF8Bq8CJmQ
HEGLA GmbH & Co. KG,Germany,Beverungen,Hall 14 / A61..E62,glasstec2026.3062292,U3Io7sL0R1SyhzHRtsIGpA
HEGLA RS technology GmbH & Co. KG,Germany,Fürth,Hall 14 / A61,glasstec2026.3078123,AjJ5bZP9SVWX3UgX7TChEg
Hegla-Hanic GmbH,Germany,Bochum,Hall 14 / A62,glasstec2026.3075941,o9oL4NmkSCCuXGwGDaiPhQ
HEIDE KEMPER,Germany,Alpen,Hall 11 / A06,glasstec2026.3081405,RoscBjQpSmCnp1OhN58Gdw
Helantec GmbH,Germany,Bruchsal,Hall 17 / D20,glasstec2026.3063735,VLzrJXmwS3adr118A8DnKQ
Helios Italquartz S.r.l.,Italy,Cambiago (MI),Hall 16 / B39,glasstec2026.3050175,lMjcCJTfTaCCPWS7FURXJg
"Henan Chiefway Fused Cast Refractories Co., Ltd.",China,"Xinmi, Henan Province",Hall 12 / D75-2,glasstec2026.3080137,bESIA4MVRg6mG1K9ZDh7OA
"Henan Glass New Materials Co., Ltd.",China,Mengzhou,Hall 17 / D27,glasstec2026.3054027,rIIHhnMrR7iGx1r9O5NMNQ
"Henan Reftech Industrial Group Co., Ltd.",China,"Xinmi City, Henan",Hall 10 / F10-10,glasstec2026.3078653,GADnyIFYShmhHIrKwVJHmQ
"HENAN SNR REFRACTORY CO., LTD",China,"Zhengzhou, Henan",Hall 13 / F03-1,glasstec2026.3078195,XUW7wKdsR2qJA4cLf2F4dA
"Henan Xinyuan Superhard Material Co.,Ltd",China,"Shangqiu, Henan",Hall 10 / D30,glasstec2026.3052732,No2XMLKnQXiQefHtpln65A
"Henan YuanDongLi Refractory Technology Co., Ltd.",China,"Zhengzhou, Henan",Hall 13 / E81,glasstec2026.3053554,55islHgHShKyWqqct3VuHw
"Henan Yuhua Fused Cast Refractory Co., Ltd.",China,"Zhengzhou, Henan",Hall 12 / E10,glasstec2026.3055901,CRrKhs8hRo6N6eAmqUGw4Q
"Henan Yuke Optical Technology Co., Ltd.",China,"Dengfeng, Henan",Hall 11 / A84-4,glasstec2026.3080132,ATHigXOfQhOa6hiXd1cPoQ
"Henan Zhongyuan Special Refractory Co., Ltd.",China,"Zhengzhou, Henan",Hall 13 / F53,glasstec2026.3056901,toeFKKJBS4WpYo2ll6Tv6g
Heraeus Precious Metals GmbH & Co. KG,Germany,Hanau,Hall 12 / D16,glasstec2026.3050539,XLModLUbTZy0EJJdHLw3Kw
Heye International GmbH,Germany,Obernkirchen,Hall 14 / E03,glasstec2026.3062290,nzZ54cA6S8WZSMUiwWHf3Q
HFT,USA,"McMurray, PA",Hall 13 / F42,glasstec2026.3061108,FJhY7zgJQkm6ZNpwa2RECw
"HI-TECH HARDWARE TECHNOLOGY CO.,LTD",China,Foshan,Hall 10 / K82,glasstec2026.3067406,Okgx4V2cRgyhz5G9splDFg
HighTemp Services GmbH,Germany,Lutherstadt Eisleben,Hall 13 / D55,glasstec2026.3073246,z4BMNdjsR5WNDaSWKkbRrA
Hochschule Luzern Technik & Architektur Kompetenzzentrum Gebäudehülle und Ingenieurbau,Switzerland,Horw,Hall 11 / G27,glasstec2026.3082635,YSCcnkrLRECni7gk2digog
Hoeflon International B.V.,Netherlands,Barneveld,Hall 10 / G86,glasstec2026.3066291,eEHPKINnQQiSL5MCe9WDIg
Hoenle AG,Germany,Gilching,Hall 15 / D24,glasstec2026.3065675,3b8CcciVQU6pJJFoYKhuiw
Holland Manufacturing Corp.,USA,"Dolton, IL",Hall 13 / B78,glasstec2026.3068195,sUrsKNZqS4eG7518NSaFHQ
HORN Glass Industries AG,Germany,Plößberg,Hall 13 / C32,glasstec2026.3058604,61uJ1FYlRky3rXsahvNUlw
Hornos Industriales Pujol S.A.,Spain,Sant Feliu de LLobregat (Barcelona),Hall 11 / K27,glasstec2026.3057377,Jwml1YlZRwGiVWMZxnB6Hw
Hotwork International AG,Switzerland,Egnach,Hall 13 / A74,glasstec2026.3050260,4sHd1wzzRbmFw8e0Ssh5Nw
HOVA Maschinenbau GmbH Individuelle Hebetechnik,Austria,Adlwang,Hall 11 / K47,glasstec2026.3061557,oDskBdJKRX2UHxwSnqHrtA
HSTEC - GLASS SYSTEMS Ltd.,Croatia,Zadar,Hall 13 / E59,glasstec2026.3050238,8OCvoRMyQV2lVZX1Ufa3MQ
"Huachuang Glass Machinery Co.,Ltd",China,Jinan,Hall 17 / B87-5,glasstec2026.3078179,05QF17iFSKmwRUjNebZ2lA
"Huafu(Chengde) Technology Development Co.,Ltd.",China,"Chengde, Hebei",Hall 13 / F20,glasstec2026.3064355,bL0266esRzmulkoCLPLHwg
"Huain Industries Co., Ltd.",Taiwan,New Taipei City,Hall 11 / D88-1,glasstec2026.3076446,skCfY9G4TLaNndV3Ztk6eA
"HUBEI CHUDA INTELLIGENT EQUIPMENT CO., LTD",China,"Jingmen, Hubei",Hall 13 / E79,glasstec2026.3050214,lEnmrqnrSLO7udwqZiJmHg
"HUBEI JUREN MACHINERY CO., LTD.",China,Xiangyang,Hall 10 / F10-9,glasstec2026.3078655,J9ObbuuzQZynXMZIbWGg4g
"HUIZHOU BAOJUN MATERIAL TECHNOLOGY CO.,LTD.",China,"Huizhou, Guangdong",Hall 11 / K57,glasstec2026.3080207,yExluQCeQiig94qEC4fNGA
"Huizhou SuHengYuan Protecting Material Co., Ltd",China,"Huizhou, Guangdong",Hall 10 / F10-3,glasstec2026.3078172,IBgeu2oUSzSHxZbHyCrU0A
"HUMAM INTELLIGENT MACHINE CO., LTD",China,"Yingde, Guangdong",Hall 12 / E09,glasstec2026.3052744,RgKSxAc6QryBNbMxZfYrkA
"HuNan Create E-commerce Co., Ltd.",China,Changsha,Hall 12 / G19,glasstec2026.3054078,gZO6QYRRQlaMWvurDRaBhg
Huntsman BVBA,Belgium,Tienen,Hall 10 / A54,glasstec2026.3064453,psRSCZkwQ12MJDYVNV93VA
Hüttentechnische Vereinigung der Deutschen Glasindustrie e.V. (HVG),Germany,Offenbach,Hall 11 / K05,glasstec2026.3073810,tMFwUrAVTEWBOyKoi1gwig
"Huzhou Xinfu New Materials Co., Ltd.",China,"Hangzhou, Zhejiang",Hall 11 / A88-8,glasstec2026.3078521,RcTfXWvGQoyRLQtpqfIKJA
HyGear BV,Netherlands,Arnhem,Hall 11 / D80,glasstec2026.3062945,zob6Gks6QwafNuRzhkI3mQ
ic-automation GmbH,Germany,Mainz,Hall 14 / G43,glasstec2026.3059255,Pp513QOeSha8V9OV37sIyA
"Icebel, SA",Portugal,Marinha Grande,Hall 13 / C04,glasstec2026.3067288,mnH3Ri4HSkOiqbUJDDz7Rw
Idrotecnica S.r.l.,Italy,Genova,Hall 15 / G28,glasstec2026.3050181,FklT7CgcRSeWaohcNgu9xg
IfG GmbH Ingenieurbüro für Glastechnik,Germany,Waiblingen,Hall 15 / D24,glasstec2026.3062843,E4KAXaZpRbuW7kZEQnDnJg
ift MessTec GmbH,Germany,Rosenheim,Hall 10 / G82,glasstec2026.3081402,X7gL0qqVSqGgNhC3Dgcucw
ift Rosenheim GmbH,Germany,Rosenheim,Hall 10 / G82,glasstec2026.3068036,BBHghV2BSdWlZ7H0d7rWHg
ifw Jena Günter-Köhler-Institut für Fügetechnik und Werkstoffprüfung GmbH,Germany,Jena,Hall 11 / K05,glasstec2026.3073809,tLzPBnyzR9SpervfNK7neg
"IGIS Co., Ltd","Korea, Republic",Gwangju,Hall 15 / D33,glasstec2026.3075752,iRkYq333RB6MAmrOL8SzOg
IGK Isolierglasklebstoffe GmbH,Germany,Hasselroth / Frankfurt,Hall 17 / D84,glasstec2026.3050030,Z2jI0aGqS4Oe1MU9wGWZxw
Ihara Furnace Co. Ltd.,Japan,Osaka,Hall 13 / B83,glasstec2026.3054261,HV2wFCNvQfyCDLviuXtGxA
IHI DALGAKIRAN MAKİNA SAN. VE TİC. A.Ş.,Türkiye,Kocaeli̇,Hall 10 / C16,glasstec2026.3053962,KKGMvPfBQE6AhHMpBhvcJg
ilis gmbh,Germany,Erlangen,Hall 14 / F02,glasstec2026.3050037,CElgFK7HSTqieqxzYAfEZQ
Imaca BV,Netherlands,Middelburg,Hall 13 / E60,glasstec2026.3050230,ftRuZYX5QAOcEXdHyYtGLw
Imagine Optic SA,France,Orsay,Hall 14 / F61,glasstec2026.3078369,PRzdtJloSFmUAMfCi40HlA
IMATTEC SAS Département CREAFIBRES IMATTEC,France,Tourcoing Cedex,Hall 12 / G16,glasstec2026.3063155,ov2uGgheTuqZYCRUbUHVog
IMMMES SRL,Italy,Campagna Lupia (VE),Hall 16 / B23,glasstec2026.3058554,YqjTLGm4Rq2VHhiKWrWnEA
Impianti Novopac S.r.l.,Italy,Alessandria,Hall 13 / D80,glasstec2026.3075307,sJyAODdfTxqktqb00tFZEQ
"IN-NATURE Co., Ltd.","Korea, Republic",Daejeon,Hall 11 / C17,glasstec2026.3075296,Re3JStcISnGNU8uPnXxALQ
INCO INDUSTRIA COLORI SPA,Italy,Pavullo Nel Frignano (MO),Hall 12 / E15,glasstec2026.3051853,dEnBj0WNTkqrHVlfHv4pDg
Industrious Global Technologies S.r.l.,Italy,Cassina de&#8217; Pecchi (Milano),Hall 13 / C55,glasstec2026.3068643,GsbGMVgpRKefKrtYEYpDoA
Inhom-98 Ltd.,Bulgaria,Aksakovo,Hall 13 / A17,glasstec2026.3050254,KnsQHUHmQQ6KVXFJEFmIWA
"Innner Mongolia Easun New Materials Co., Ltd.",China,"Ordos City, Inner Mongolia",Hall 12 / D75-5,glasstec2026.3078205,cu0Toob6QCO8cT8q34ADMg
Innotech Laser GmbH,Germany,Hilden,Hall 11 / G74,glasstec2026.3050055,G1XW3jhpSiyq0Zsz695L0Q
Inspection Systems Ltd,United Kingdom of Great Britain and Northern Ireland,Stockport,Hall 14 / B13,glasstec2026.3054259,Ukw49orPRuC1ru4EpmKcJA
Intco GmbH,Germany,Weiden,Hall 13 / D83,glasstec2026.3063744,JMFeKc7mRLSDR6bvizLlOA
INTEC GMK,Germany,Admannshagen-Bargeshagen,Hall 14 / G47,glasstec2026.3071153,BI1tEAtGQt2vEMM6ucGwaQ
Interglass S.A. de C.V.,Mexico,"Zapopan, Jalisco",Hall 13 / B75,glasstec2026.3059259,D5k0cmk1QNqatyRVklBstQ
Intermetal S.A.,Greece,"Koropi, Attica",Hall 10 / G48,glasstec2026.3078492,D6Z2AsA2RsOf8Mh6y8PRJA
Intermolde Lda.,Portugal,Marinha Grande,Hall 13 / D19,glasstec2026.3066697,CZ8WkewgSJGvJCEwuDyxXA
INTERMOLDE,Portugal,Marinha Grande,Hall 13 / D19,glasstec2026.3066697,CZ8WkewgSJGvJCEwuDyxXA
Interprojekt Engineering GmbH,Germany,Gelsenkirchen,Hall 14 / C11,glasstec2026.3063194,bC2RNc2MT1WP1ni0CVX7Nw
Intin SAS,France,Lyon,Hall 13 / A69,glasstec2026.3052938,2AXswA0ZQma90ssMCCTOoQ
Iocco srl,Italy,Cupello (CH),Hall 14 / A42,glasstec2026.3062294,7SEqlOgVROeE3lzNSPk7QQ
IPROTEC GmbH,Germany,Zwiesel,Hall 13 / A87,glasstec2026.3058602,Ccf3SnB9QtSSDoveR9NMNA
IRIS Inspection Machines SAS,France,Bron,Hall 14 / C20,glasstec2026.3054550,N7GL87PsRCGFjCfq3YnhiQ
IS Engineering GmbH,Germany,Viersen,Hall 14 / A59,glasstec2026.3050039,RzIH09qmR1SYPuyYA8rwPA
ISIMAT GmbH Siebdruckmaschinen,Germany,Ellwangen,Hall 12 / D55,glasstec2026.3080296,ZwKFMuYKRg60ecgA8AsILQ
Isotronic GmbH,Germany,Berlin,Hall 14 / G02,glasstec2026.3067892,BXPooQ6oSOipI2mY82GeQA
ISRA Surface Vision GmbH,Germany,Herten,Hall 15 / D49,glasstec2026.3072740,LpYEszpDS7SK62uGXQZpsA
Italcarrelli S.p.A.,Italy,Chiampo (VI),Hall 15 / F44,glasstec2026.3050179,XSEKdOrzTmmaxC5xjKdLyg
Italian Glass Moulds S.r.L.,Italy,Portogruaro,Hall 13 / F75,glasstec2026.3076879,ZNYOjd7yT5q5CJcI7lJyRg
Italmatic Presse Stampi S.r.l.,Italy,Cassina de' Pecchi (MI),Hall 15 / G36,glasstec2026.3075310,dHPlzOyVRTeokQNmTvTgHQ
Italmole S.r.l.,Italy,Fizzonasco di Pieve Emanuelle (MI),Hall 15 / G48,glasstec2026.3063626,2QPdczTcQKuG6eCzcrt6XA
ITECH SRL,Italy,Onara di Tombolo (Padova),Hall 16 / C44,glasstec2026.3063348,Mu2IFNsZTUa2rPIR8dFRUA
IWG Ingenieurbüro Wagenbauer Glasofenbau GmbH,Germany,Zwiesel,Hall 13 / A87,glasstec2026.3077021,fl02OnAuSlGISkg9hDijAw
J. Schmalz GmbH,Germany,Glatten,Hall 11 / K23,glasstec2026.3059238,y4pUxF6xTUSIcJmh1cgJjQ
JCL Glass Machinery Pte Ltd,Singapore,Singapore,Hall 13 / F65,glasstec2026.3064601,RRCgD4MxRWmyVlcVra1t8Q
"Jeffer Engineering and Technology Co., Ltd.",China,Chongqing,Hall 12 / B09,glasstec2026.3055903,98IFyobqTDuHYvhTRCKHIg
JH GLASS CORPORATION LTD,China,"Zibo, Shandong",Hall 11 / H11,glasstec2026.3052782,lsUMc1ZnT6ay71wcmr3FCg
"JIANGMEN EAST SUN HARDWARE FACTORY Co.,Ltd.",China,"Jiangmen, Guangdong",Hall 11 / J73,glasstec2026.3052779,7tdS3vnASDC1INnTqhOdnQ
"JIANGMEN ZHI YUN TRADING CO., LTD",China,"Jiangmen, Guangdong",Hall 11 / J68,glasstec2026.3054060,iDui9TJKScqdziIh3zqLjw
"Jiangsu Danai New Materials Co., Ltd",China,"Danyang, Jiangsu",Hall 13 / F03-2,glasstec2026.3078174,BEBgbGjBQTuvXXjocEmDFA
"Jiangsu Robotast Automation Equipment Co., Ltd.",China,"Taizhou, Jiangsu",Hall 11 / G83,glasstec2026.3077514,zACZ1LRPRD6BWit956XR7g
"Jiangxi Jinlong New Material Technology Co.,LTD",China,"Ji'An City, Jiangxi Province",Hall 10 / J76,glasstec2026.3052715,MmMYGkrzSSyiS3KVFgyw5Q
"Jiangxi Renba New Materials Co., Ltd",China,Nanchang,Hall 12 / G45,glasstec2026.3078216,j20MiMjSQLWAjHI1drQ7Pw
JIANGXI SHENGMAO PACKAGING MATERIALS CO. LTD,China,"Jiujiang, Jiangxi",Hall 17 / A12-3,glasstec2026.3080153,FCxJDXMPRGSo2imsEO0CFA
"Jiangxi Zhitao Glass Products Co., Ltd",China,"Yichun, Jiangxi",Hall 11 / J79,glasstec2026.3061611,X2SxdS3dRs2S3XiKHIWfgg
"Jiaxing glass and laminating materials Co.,Ltd",China,Jiaxing,Hall 10 / K24,glasstec2026.3055004,6PBRUTMaQmqqjw7J7smGOg
"JINAN DETEK MACHINE CO., LTD.",China,Jinan,Hall 15 / E14,glasstec2026.3056891,I3vusecnQGinmB5206Dxwg
"JINAN GLASINO GLASS TECHNOLOGY CO.,LTD.",China,"Jinan, Shandong",Hall 12 / D75-7,glasstec2026.3078200,H14DWIs1TH2BJCx10NZyng
"JINAN JINGYOU INTELLIGENT MACHINERY CO., LTD",China,"Jinan, Shandong",Hall 17 / B87-7,glasstec2026.3080145,JQF3zeTORwmWLyKHBukHfA
"Jinan Lijiang Automation Equipment Co., Ltd.",China,"Jinan City, Shandong Province",Hall 17 / A83,glasstec2026.3050167,RigZDb7hQAmpbsYBJDKNaQ
"Jinan Weili Machine Co., Ltd",China,"Jinan, Shandong",Hall 17 / D50,glasstec2026.3063610,bIrPkiyNSTa4gGUYDLZYFQ
"JINAN WONDEC MACHINERY CO.,LTD.",China,"Jinan, Shandong",Hall 17 / B66,glasstec2026.3050171,u0YstaY6SZCOLZxSPCWGow
JM CANTY INTERNATIONAL LTD,Ireland,Blanchardstown,Hall 14 / G53,glasstec2026.3065679,9Nf88GGIQKmqzjd5ITlxDg
Johnson Matthey Plc,United Kingdom of Great Britain and Northern Ireland,"Royston, Herts",Hall 11 / D68,glasstec2026.3059218,DUH5KMGKQfW7zHBNRJpXOg
JÖRG HANOWSKI,Germany,Alpen,Hall 11 / A06,glasstec2026.3081636,RRHSNZUITNmcmsw1AZ6ouA
Jotika Software Ltd,United Kingdom of Great Britain and Northern Ireland,Redditch,Hall 14 / A49,glasstec2026.3058548,lMu1joJ4TJuFpXFfSQMFzA
JRS GLASS SRL,Italy,Busca,Hall 16 / B13,glasstec2026.3082036,3Zrv9SfZRAS0mvSr5NhhVg
K-Tec B.V.,Netherlands,Kamperland,Hall 12 / A36,glasstec2026.3053949,Xz20zd9XSB2YdSKEWZu1GA
K2-CO2 S.r.l.,Italy,Padova,Hall 13 / C55,glasstec2026.3063639,rPAut5JVRoeyjR1l8ZcghA
KAESER KOMPRESSOREN SE,Germany,Coburg,Hall 15 / C49,glasstec2026.3050033,XAcBSEUVSACcyFc9kigthg
Kalkan Brush & Industrial Goods Ltd.Co.,Türkiye,"Istanbul, Basaksehir",Hall 12 / D67,glasstec2026.3059293,bij3x5mMQuian2RI4rpB6A
Kammann,Germany,Löhne,Hall 12 / C31,glasstec2026.3050022,Pj2yU5kfS7edOrpjIrUJMg
"Kamroller Ceramics Co., Ltd.",China,"Xuzhou City, Jiangsu",Hall 12 / A62,glasstec2026.3052751,AM8E4VvARMGqiJjOJhmtNA
Kanthal AB,Sweden,Hallstahammar,Hall 13 / F87,glasstec2026.3068863,Z3TRDQxqSdqYsmMTvRi4zQ
"Kaon Polymer and Sealants Co., Ltd.","Korea, Republic","Siheung City, Gyeonggido",Hall 17 / C25,glasstec2026.3064238,azjpmwCtQnaZn39XKec37g
Kaveh Glass AG,"Iran, Islamic Republic",Tehran,Hall 11 / E06,glasstec2026.3066287,kslubj8EQBaTiFnZ4Uvb0A
KDRILLS SRL,Italy,Alfonsine (RA),Hall 15 / B33,glasstec2026.3062284,UIaW0Ld9SrOZo3DTG5uh1w
KERAGLASS S.R.L.,Italy,Baiso (RE),Hall 16 / C13,glasstec2026.3063617,J4erbR3hSEKaSpCtUEFBxQ
KERAGLASS S.R.L.,Italy,Baiso (RE),Hall 16 / B14,glasstec2026.3063616,z9z4vCBwSNePOue4on4gog
"KERAJET, S.A.",Spain,Almazora (Castellon),Hall 12 / D71,glasstec2026.3063256,SOvfJXybStW8ccWDXtifYA
KG Hanseata G.f.Ueberseehandel mbh & Co. Hanseata Vakuumglas Hanseata Flachglas,Germany,Wentorf,Hall 10 / K54,glasstec2026.3081974,gJqJHThSRvGaVsIF63qnhQ
King Construction Hardware Limited,China,"Kaiping, Guangdong",Hall 10 / C76,glasstec2026.3052713,E8wGte1nRZeu2i4YXfFDWQ
"King's Metal Fiber Technologies Co., Ltd.",Taiwan,Taipei City,Hall 12 / C09,glasstec2026.3053952,NvDh2IexRfCQmRk8Sc0Ehg
Kissel + Wolf GmbH KIWO,Germany,Wiesloch,Hall 12 / A71,glasstec2026.3080857,i3er6s20Qz28V5c4pe2XCw
Klöpper Maschinentechnik GmbH & Co. KG,Germany,Dortmund,Hall 15 / D28,glasstec2026.3063486,jvPXUudwSNGwcBDO77uvUg
Koenig & Bauer Kammann GmbH,Germany,Löhne,Hall 12 / C31,glasstec2026.3050022,Pj2yU5kfS7edOrpjIrUJMg
Koenig & Bauer,Germany,Löhne,Hall 12 / C31,glasstec2026.3050022,Pj2yU5kfS7edOrpjIrUJMg
KOLZER SRL,Italy,Cologno Monzese (MI),Hall 12 / B02,glasstec2026.3080675,omMNAd0sTnmnAgko7WeHbQ
KONATIC S.A.S.,France,Vourles,Hall 13 / C15,glasstec2026.3065982,gToOn9t5ScClILYL818kJA
KONTOS BROS PC,Greece,Aspropirgos,Hall 10 / C24,glasstec2026.3059234,AV0IBUKMRUCvTKHMGivMOQ
"KOOLON ADVANCED MATERIAL TECHNOLOGY CO., LTD.",Taiwan,Taoyuan,Hall 12 / G12,glasstec2026.3058547,9L6DcN9yQzWeiUUzL1VkMw
KORBINIAN STÖCKLE glas.kunst,Germany,Alpen,Hall 11 / A06,glasstec2026.3083022,jPh1OY7KSGOwvdmi3pz3XA
KSL staubtechnik gmbh,Germany,Lauingen an der Donau,Hall 15 / D24,glasstec2026.3065676,BIOL4daYSn20rNyHnvmFVw
KTG Engineering Limited,United Kingdom of Great Britain and Northern Ireland,Sheffield,Hall 13 / B56,glasstec2026.3077334,YXvC9uhSQS2zpJl99hRV5Q
KTG Systems Inc,USA,"Wexford, PA",Hall 13 / B56,glasstec2026.3077333,Z4Y9Tgx3RVCfzVG6Pvm14A
"Kuida Polymer Material Technology (Yixing) Co.,Ltd.",China,"Yixing, Jiangsu",Hall 10 / D11,glasstec2026.3056014,AtPSFjheSJuJlgXiBslu3g
Kum Sung Diamond Co. Ltd.,"Korea, Republic",Incheon,Hall 10 / H59,glasstec2026.3054960,GXbkiGI8RaufMaJyNaeWvw
Kuraray Europe GmbH,Germany,Troisdorf,Hall 10 / H48,glasstec2026.3059226,jVuxcM1MQvaN8V2PbOFp1Q
"Kyusyu Nano-tec Optics Co., Ltd.",Japan,"Hayami-Gun, Oita",Hall 11 / C80,glasstec2026.3058569,YFvOfFShSgGYxej986AJQA
L&K Rollen GmbH,Germany,Offenbach,Hall 12 / C53,glasstec2026.3057378,QwiKipU5SNGPgtLUel27hA
Lahti Glass Technology Oy,Finland,Lahti,Hall 15 / F28,glasstec2026.3050183,l7pfGkyrREGSqmBetDmwVg
Land Instruments International Ltd AMETEK,United Kingdom of Great Britain and Northern Ireland,"Dronfield, Derbyshire",Hall 14 / B24,glasstec2026.3078395,UYHCUPvMRC6T6fvjY8so1w
"Langfang Ruibote Technology Development Co., Ltd",China,"Langfang City, Hebei Province",Hall 17 / A12-6,glasstec2026.3078530,E0Vo9XuXTAKDJFA58QaHZg
LAT Maschinen- und Antriebstechnik GmbH & Co. KG,Germany,Gescher,Hall 13 / C84,glasstec2026.3062848,dsPBdG2HRiaoZ7gFYJF0tw
Lattimer Group Limited,United Kingdom of Great Britain and Northern Ireland,"Southport, Merseyside",Hall 13 / E21,glasstec2026.3063646,TDNgxxn4QcOkFOxVhoRkWQ
"Lauer Water-Based New Materials (Foshan) Co.,Ltd.",China,Foshan,Hall 11 / A88-11,glasstec2026.3078518,ufxTNod0QXKTGzpRyXi1xA
Lee Dongmin Glass Art,Germany,Alpen,Hall 11 / A06,glasstec2026.3083023,geC1d6cdR9yJ8Sru9f4ZZw
Leica Geosystems AG,Switzerland,Heerbrugg,Hall 14 / F19,glasstec2026.3064222,StPZenWKQ6qT2VKcmiG9xw
"Lengshuijiang Xinda Refractory Material Manufacturing Co., Ltd.",China,"Lengshuijiang, Hunan",Hall 13 / E83,glasstec2026.3064945,AExN1VMbTR6iJ6ErzVAi9g
LEONHARD KURZ Stiftung & Co. KG,Germany,Fürth,Hall 12 / D55,glasstec2026.3063282,Yq5fZx7WS0uxhb9vIWDtZQ
"LIAONING ALGER BUILDING MATERIAL INDUSTRIAL CO.,LTD",China,"Yingkou, Liaoning Province",Hall 17 / A12-4,glasstec2026.3080135,6uP4E26tQUKz1pCZh9xBeA
"Liaoning Dongdaihe New District Zhongyuan Glass Industry Equipments Co., Ltd.",China,Liaoning,Hall 15 / E58,glasstec2026.3073934,uTLEHFgvSoOrFI3ZQXlJzg
"Liaoning Lewei Science & Technology Development Co., Ltd.",China,"Huludao, Liaoning province",Hall 11 / K11,glasstec2026.3052957,DCW73v5rTee0SBQmq1UieA
"Liaoning Zhongmei High Temperature Co.,Ltd.",China,Yingkou Liaoning,Hall 13 / F03-5,glasstec2026.3078173,zPRHzaG7TUS4wuviyl5r0w
"Liaoning&#160;VIP&#160;Building&#160;Hardware&#160;Co.,&#160;Ltd",China,Liaoning,Hall 15 / D55,glasstec2026.3076436,TWFyAjtDRNqUPZeg0PJNJQ
LiderMAG LTD.,Bulgaria,Targovishte,Hall 12 / B06,glasstec2026.3076697,arHj0fYyQGmP6TB7e1nmrQ
"Lierxun (Luoyang) Import and Expot Co.,L td.",China,"Luoyang, Henan",Hall 17 / B87-1,glasstec2026.3080136,b2njoLK6SZWQLLyCGoQlGw
Life Cycle Engineering,USA,"North Charleston, SC",Hall 14 / A62,glasstec2026.3076093,PwyMPTCbTl2P7pKgFj4c1g
"Lihyann Industrial Co., Ltd.",Taiwan,Taichung,Hall 11 / D88-3,glasstec2026.3076452,GjisC2L4RAGzkrJ7E45ZWQ
LINCO BAXO INDUSTRIE REFRATTARI SPA,Italy,Milano,Hall 13 / F34,glasstec2026.3055087,gZ80iadNQRaDGb9ctHvLGg
LINK COMPANY LIMITED,"Hong Kong, China SAR",Hong Kong,Hall 10 / J82,glasstec2026.3054066,lGWvXadsStG9G1npwLCsAw
"LINYI All-Need Machinery Co.,Ltd",China,"Linyi, Shandong",Hall 17 / A12-5,glasstec2026.3078180,IphXIbQ7TJWNFT5lMVXLaA
LISEC Holding GmbH,Austria,Seitenstetten,Hall 17 / A63..A64,glasstec2026.3063258,2TV8IwoxTB6VAjZcOeqv7A
LITESENTRY LLC,USA,"Burnsville, MN",Hall 14 / E42,glasstec2026.3083025,hCgSwVtkTgmyKFT1VgzUyA
Liva Cam Makine San. ve Tic. Ltd. Şti,Türkiye,Kocaeli̇,Hall 17 / A03,glasstec2026.3064892,RvrzNFgQRy6jdQsLWDIp1Q
Livicon Co. Ltd.,"Korea, Republic","Chungju si, Chungcheongbuk do",Hall 11 / B18,glasstec2026.3075293,PRTq6IAyRC2eEwFmSvcxlw
Lizmontagens Thermal Technologies SA,Portugal,Lisboa,Hall 13 / E87,glasstec2026.3050188,XJBxV4TaTReFqMoVVvzg7g
LLP Stark Alpha,Kazakhstan,Almaty,Hall 17 / C27,glasstec2026.3052956,sqlJRiGfRVq0wtHfCEQpEQ
LOGO-FLEX Klebetechnik GmbH,Germany,Remscheid,Hall 10 / B68,glasstec2026.3058573,znZJfRFMQaaF9OwXGplQDw
"Loire Hardware Co., Ltd.",China,"Foshan, Guangdong",Hall 10 / K48,glasstec2026.3055780,saQ69Da3Rgi4iD5GQRBr0A
Lombarda Macchine S.R.L.,Italy,Castano Primo,Hall 17 / D04,glasstec2026.3055459,RnnrpoRrQTW4KUrzeegmUA
LOXEAL S.r.l.,Italy,Cesano Maderno (MI),Hall 10 / C59,glasstec2026.3055593,fe0gBzTVTFmN0736akiwlw
LUBEN GLASS S.r.l.,Italy,Offanengo (CR),Hall 13 / C05,glasstec2026.3059258,p5R8WJGdSiWuJGW9FNfdrg
Lumeso FlexCo,Austria,Linz,Hall 11 / E24,glasstec2026.3064070,Z2VVBBgVQDuMzSRchgVZRQ
"Luoyang Dayang High-performance Material Co., Ltd.",China,"Luoyang, Henan",Hall 12 / C55,glasstec2026.3054302,TT3Gw04GS72swx2FMHwGEg
"LUOYANG DISAI MECHANICAL EQUIPMENT CO.,LTD",China,Luoyang,Hall 12 / A01,glasstec2026.3081976,8It6vmWpTaCqEAhesG2oqA
"Luoyang Easttec Intelligent Technology Co.,Ltd.",China,"Luoyang, Henan",Hall 12 / C12,glasstec2026.3052775,C0rnnKkYTRSyXp1H9QWwgw
"Luoyang Fuchong Machinery Co.,Ltd.",China,Luoyang,Hall 12 / A26,glasstec2026.3052753,FAUOCb61QQyEH613BNg9zw
"Luoyang Gangxin Glass Technology Co., Ltd.",China,"Luoyang, Henan",Hall 17 / B21,glasstec2026.3050170,mDDI8mbNQQm3iGoz52R36Q
"Luoyang Jingdi Machinery Equipment Co., Ltd.",China,Luoyang,Hall 12 / A38,glasstec2026.3064956,7jJXkCyiQq6mWJKhXOK3DQ
"Luoyang Jinjia Fireproof Glass Co., Ltd",China,"Luoyang, Henan",Hall 10 / G04-7,glasstec2026.3078656,IkvbEmkIS4OUzCqgx2ssFA
Luoyang Landglass Technology Co. Ltd.,China,Luoyang,Hall 12 / G56,glasstec2026.3055908,RTQ5IkeqTKGyDWyvGL6aqA
"LUOYANG LUCKY WIN GLASS CO.,LTD.",China,"Luoyang, Henan",Hall 10 / F10-2,glasstec2026.3078534,7WwDhdQ6TwyEMEgzfWEf9g
"Luoyang Mountain Intelligent Equipment Co., Ltd.",China,"Luoyang, Henan",Hall 10 / E24,glasstec2026.3055783,6fmNupv4SEyUY3JhU4l36Q
"Luoyang North Glass Technology Co., Ltd.",China,"Luoyang, Henan Province",Hall 11 / G27,glasstec2026.3082638,wQZ5kf3nTwuO7Ocb4WTNLA
"Luoyang North Glass Technology Co., Ltd.",China,"Luoyang, Henan Province",Hall 12 / A55,glasstec2026.3054301,EP2WxekeT3igATLgbHfuqg
"Luoyang Shencheng Intelligent Equipment Co., Ltd.",China,"Luoyang City, Henan Province",Hall 12 / E75-7,glasstec2026.3080163,d9qkyIkyQXGAmOHtrtrSEg
"Luoyang Yinjiang Glass Machinery & Tools Co., Ltd.",China,"Luoyang, Henan",Hall 12 / E75-4,glasstec2026.3078182,c2klAz2lReKvyRGEMwu9HA
Lüscher Technologies AG,Switzerland,Oftringen,Hall 12 / D63,glasstec2026.3050579,f7wkJUPvRnufRUlhcslafg
LWN Lufttechnik GmbH,Germany,Wilsdruff,Hall 13 / C43,glasstec2026.3072347,jqHZ3TqURuKw94na5zPaMA
M.L.I. Srl. Mole Lucidanti Italiane,Italy,S. Lazzaro di Savena (BO),Hall 15 / G64,glasstec2026.3058583,cbjaP67bTLaDQ4QzyS1ncg
"MAC GLASTECH&AUTOMATION CO.,LIMITED",China,Beijing,Hall 12 / C01,glasstec2026.3064477,EO4smXi6TSOcVcDh1EDZYQ
MADE SRL,Italy,Noventa di Piave,Hall 15 / E34,glasstec2026.3079933,0rBPEsU8QeyiUQoPpZAWJA
Maffeis Engineering SpA,Italy,Solagna,Hall 14 / G57,glasstec2026.3076101,5A2xmmhMQNO76XdFB7Kcpg
Magneco/Metrel U. K. Ltd.,United Kingdom of Great Britain and Northern Ireland,"Shildon, Co. Durham",Hall 13 / A82,glasstec2026.3050259,5LmZBPG5TMaDll3aXgLhFw
MAKO Srl,Italy,Fontevivo (PR),Hall 13 / B15,glasstec2026.3050256,ow7m9KNVQfq39pHGrfbOLQ
MAKO-IP Sp. z o.o.,Poland,Mstów,Hall 13 / D13,glasstec2026.3050654,QnWm4fJEQC2V7ueGG0B07g
Mappi International Srl,Italy,Cisterna di Latina (LT),Hall 16 / B25,glasstec2026.3063335,tHCZ193QQ5OWbC41BQI2qw
Marabu GmbH & Co. KG,Germany,Tamm,Hall 12 / D25,glasstec2026.3059240,5WgFiM9FR123bXb1kILPMg
Maria Völkel,Germany,Alpen,Hall 11 / A06,glasstec2026.3075624,xZv1KMHmTm2Y9nhjfIxM1w
Maroso S.R.L.,Italy,Pianezze (VI),Hall 15 / E18,glasstec2026.3050186,A9L9WJDRSJOuTV1v59aloQ
Marposs S.p.A.,Italy,Bentivoglio (BO),Hall 14 / F52,glasstec2026.3068858,DtjI1UIVRfy8lGt7KcnjsA
Marrose Abrasives Ltd.,United Kingdom of Great Britain and Northern Ireland,Keighley,Hall 15 / G44,glasstec2026.3050177,wRkV6p5bQAyX9j0jFJuwHw
Marval Srl,Italy,Villa Guardia (CO),Hall 12 / G76,glasstec2026.3079543,KBLxKGvEQj2e7tHrR36iEg
Maschinenbau SCHOLZ GmbH & Co. KG,Germany,Coesfeld,Hall 15 / G06,glasstec2026.3073260,kOx2ru6JTUGVTDCcVRSz8Q
Maschinenfabrik Gustav Eirich GmbH & Co KG,Germany,Hardheim,Hall 15 / E27,glasstec2026.3051198,TomCanTmTdihaGSMdhDQiw
Materion Advanced Materials Germany GmbH,Germany,Alzenau,Hall 12 / F12,glasstec2026.3070426,aNMPdCnARHekvs2E2vYH7A
"Mativ Holdings, Inc.",USA,"Alpharetta, GA",Hall 10 / H82,glasstec2026.3066283,YRwHwJiTQrO5i0Qu9Uf4AQ
Mazzaroppi Engineering SRL,Italy,Aprilia (LT),Hall 15 / E28..E29,glasstec2026.3062289,MU9ieLPQT8GYSMhjBKT7sw
McGill AirClean,USA,"Columbus, OH",Hall 14 / C11,glasstec2026.3064093,R4Dn43owQvOfAr94zmLlaA
MDI Advanced Processing GmbH,Germany,Mainz,Hall 11 / A68,glasstec2026.3062939,pMQyM8QDRlqTpqaEK7n6IQ
MECA GLASS GROUP SAS,France,Bouttencourt,Hall 13 / D05,glasstec2026.3055086,bMJ8Pq0ZS6SNDNXqDCCBVQ
Mectofly srl,Italy,Roteglia di Castellarano,Hall 16 / C13,glasstec2026.3080209,2qMrOu3ZRUCRrgRLJ79n0Q
Medenus Gas-Druckregeltechnik GmbH,Germany,Olpe,Hall 14 / E10,glasstec2026.3055691,7rkNcV5zQlqPNilvVyz76w
"Merkle International, Inc.",USA,"Galena, IL",Hall 13 / A02,glasstec2026.3053559,a7PAOQWOQru1jcDyQeSx6Q
MERSEN France Gennevilliers S.A.S.,France,Gennevilliers,Hall 13 / C76,glasstec2026.3063643,APSF072dT56pdzYjcflvvA
Messe Düsseldorf GmbH,Germany,Düsseldorf,Unsettled / NN,glasstec2026.3048803,SdTFJ5zeTlyetfTIrrDL7g
Messe Düsseldorf GmbH,Germany,Düsseldorf,Unsettled / NN,glasstec2026.3073563,xtk9NSLBROyZ38fuKKWPOA
Messe Düsseldorf GmbH,Germany,Düsseldorf,Hall 10 / A10,glasstec2026.3077799,qguX37sfTRyjbhKcyHrNRA
Messe Düsseldorf GmbH,Germany,Düsseldorf,Hall 16 / C06..D09,glasstec2026.3083562,cht3SPQZRyS7miu3bI4jTw
Messe Düsseldorf GmbH,Germany,Düsseldorf,Hall 11 / F13,glasstec2026.3062904,35oPwQr8T42l6B2KfOawSw
Messersi Packaging S.r.l.,Italy,Barbara (AN),Hall 13 / A59,glasstec2026.3050223,2mZWWz6ARDuWuXXNmAKkjA
METAL-KIMYA SAN. VE TIC. LTD. STI.,Türkiye,Istanbul,Hall 10 / H41,glasstec2026.3064136,eg1VJOsvSRyow61Mn7M5zg
Michael Behrens Studio Behrens,Germany,Alpen,Hall 11 / A06,glasstec2026.3083240,NvZaUROyTr6TJI9aq83Itg
MICHAELA MARIA MOELLER,Germany,Alpen,Hall 11 / A06,glasstec2026.3081403,D0CHg1QcQeKjJ9Bht2x0hw
Michaela Swade,Germany,Alpen,Hall 11 / A06,glasstec2026.3083241,5x3fYL3wTliK021ZR9XmCg
MICRO-EPSILON Messtechnik GmbH & Co. KG,Germany,Ortenburg,Hall 14 / B31,glasstec2026.3050040,AoM69iUHTYSAu1fLnAvVmg
microfab GmbH,Germany,Prutting,Hall 11 / H67,glasstec2026.3076664,gaJiKAHOQtmq9JkceVLf5g
Mistrello S.r.l.,Italy,Ponso (PD),Hall 16 / C41,glasstec2026.3063623,IqtB7BipTaSPDilyTokm6w
Modell- und Formenbau Ekkehart Krahl,Germany,Krauschwitz,Hall 13 / A37,glasstec2026.3063648,yiYChNqlQpmbnWr25UQjrA
Modico GmbH & Co KG,Germany,Kissing,Hall 12 / A15,glasstec2026.3073273,hjatj90iQL26GZFUTWdxAQ
MSK Verpackungs-Systeme GmbH,Germany,Kleve,Hall 13 / C30,glasstec2026.3050029,w7l2bYXTTW6xgL7hq2fmPA
MT Forni Industriali srl,Italy,Marcon (VE),Hall 13 / A13,glasstec2026.3050270,kH18nrsWTCeuaJF8ExysxQ
MU nv,Belgium,Heist op den Berg,Hall 14 / G44,glasstec2026.3052941,REw6I90qSmakcq8xYGqgxg
Mure et Peyrot SAS,France,Bordeaux Cedex,Hall 11 / C79,glasstec2026.3062943,4uJgP1StRO6X8kI530d1Vw
"Nanjing Baisheng Glass Technology Co.,LTD",China,"Nanjing, Jiangsu",Hall 11 / J57,glasstec2026.3054978,7dUBkXD7TmKmDUmYMNmF9A
National Glass Association (NGA),USA,"Vienna, VA",Hall 10 / H69,glasstec2026.3068117,NjLBuDeWQiugJMSF1Rqhmg
Neckmolde Lda.,Portugal,Ortigosa,Hall 13 / D15,glasstec2026.3076167,UTspLPFYS7WNId05PryMnQ
Nedex Kimya Sanayi ve Tic. A.S.,Türkiye,Istanbul,Hall 17 / B68,glasstec2026.3059245,iuxOkOERSYm7vQlk091AgA
Neptun S.r.l.,Italy,Rovello Porro,Hall 16 / B26,glasstec2026.3064215,HzIdqGnrT1SWWVCZ51qZiQ
Neutra Kunststoffbau GmbH,Germany,Petting,Hall 13 / A75,glasstec2026.3063644,lPlkoGbbRVCqcdpCamFA0w
"Nippon Electric Glass Co., Ltd. NEG",Japan,"Otsu, Shiga",Hall 14 / G19,glasstec2026.3062861,t6NcAezGQF6mF7WcQVAScA
"NIPPON MUKI CO., LTD.",Japan,Tokyo,Hall 10 / C54,glasstec2026.3077925,i6uZHJ3SQzu82h8U4lKDig
NIPPON SANSO HOLDINGS Corporation,Japan,Tokyo,Hall 13 / C10,glasstec2026.3064250,1cyGWtjrR1Oq0XJJ27umUw
NIROX s.r.l. Optical Measurement Sensors and Systems,Italy,Mazzano (BS),Hall 14 / A03,glasstec2026.3051375,Tc1sNN9zRoGVg9s0cQe2aA
NOGRID GmbH,Germany,Mainz,Hall 15 / F11,glasstec2026.3055085,adTMWGd2TgmbLrTe7V6Nhg
NOREN STAINLESS STEEL MANUFACTURE,China,"Taizhou City, Jiangsu",Hall 10 / F07,glasstec2026.3055002,gKSxkX2CR3e2h1ZI6rIWEg
NORTHERN GREEK THEOU IKE,Greece,Lagadas,Hall 15 / E31,glasstec2026.3063489,04meBJtvR9aLorqupCKjMg
NOSCO ASIA SDN BHD,Malaysia,Nusajaya,Hall 13 / B84,glasstec2026.3064600,wjOyZpbXSEmNN1zzPsqLig
Novacel S.A.S,France,Déville-Lès-Rouen,Hall 12 / E42,glasstec2026.3064127,GRtYobdgR52XnabUJA1pUA
NOVAXION SAS,France,St-Rémy-de-Provence,Hall 13 / C43,glasstec2026.3072358,aGbjr8CjTFy2ssbkqieekg
Novopac,Italy,Alessandria,Hall 13 / D80,glasstec2026.3075307,sJyAODdfTxqktqb00tFZEQ
Obeikan Glass Company OGC,Saudi Arabia,Riyadh,Hall 11 / C06,glasstec2026.3050582,Uw34v9JZQYOkRWoJzopJJQ
OCEAN MACHINE GMBH,Germany,Dortmund,Hall 10 / K14,glasstec2026.3076481,wkU4ek2bRxiqOwOdvrOCyQ
OCMI-OTG S.p.A.,Italy,Milano,Hall 13 / B12,glasstec2026.3050271,Vdqq8RkTQYedHkZ9ZM38nA
Ofenservice Hennrich Kühl und Dekoröfen,Germany,Solingen,Hall 14 / E47,glasstec2026.3059219,Dhvs2Bl0Sci4NJ4piFR2pQ
OFFICINA MECCANICA SESTESE S.p.A.,Italy,Paruzzaro (NO),Hall 13 / C65,glasstec2026.3050213,pjK6GIsOTVGKSfIEg5tQ2A
Officine Bellucci Srls,Italy,Stroncone (TR),Hall 16 / C32,glasstec2026.3058556,Kq3lWpvpSqi7yZAJVGcjSQ
OGIS GmbH,Germany,Düsseldorf,Hall 15 / E35,glasstec2026.3068860,NJA59ZlkSOCN7uIUfWl4Pg
OL.MI SRL Innovazioni tecnologiche,Italy,Castelnuovo Del Garda (Verona),Hall 10 / C60,glasstec2026.3069889,3QJ5jCDqQ4O86oUAE3PoIQ
Olivotto Glass Technologies S.p.A.,Italy,Avigliana (TO),Hall 13 / A43,glasstec2026.3059483,nNkFY8CnQSGtOGIWDPXPFA
Omco International N.V.,Belgium,Aalter,Hall 13 / D65,glasstec2026.3050252,oogSnPA0Tne3fFQKBPvhkQ
OmniDecor S.r.l,Italy,Mosciano Sant'Angelo (TE),Hall 11 / D24,glasstec2026.3052948,b0fABZk8T02NpjF0FchedA
OMSO S.p.A.,Italy,Reggio Emilia,Hall 12 / D15,glasstec2026.3055588,v56msubqTV2ZI4I1Hrnheg
Optima S.r.l.,Italy,San Giovanni in Persiceto (BO),Hall 16 / C39,glasstec2026.3062283,fm2VRsLbT0uc3UwONWyWLg
Optris GmbH & Co. KG,Germany,Berlin,Hall 14 / F10,glasstec2026.3068193,uiesI4PLRaOgVjYed0enxw
"Ori-Mould Technology (Suzhou) Co., Ltd.",China,"Changshu, Jiangsu",Hall 13 / F39,glasstec2026.3050216,FHxsXOmQQlWKyXzu9VykHw
Orion Laser Tech NV,Belgium,Bekkevoort,Hall 12 / A12,glasstec2026.3068476,9c7ypHO5TMK5gVEbFy3xIw
Orrion Chemicals Orgaform SAS,France,Semoy,Hall 13 / B80,glasstec2026.3078392,WSGjOCP4TqeQ6ixdFYINxw
"PaneraTech, Inc.",USA,"Fairfax, VA",Hall 15 / C63,glasstec2026.3063192,uDelm058S12OUJia5wFINg
PANINI SRL,Italy,Maranello (MO),Hall 15 / G52,glasstec2026.3067864,gohce35eREGSjjsg6NFzeQ
"PANJIN TRUSPACER INSULATING GLASS MATERIAL CO., LTD.",China,Panjin,Hall 17 / B18,glasstec2026.3050168,oMGnKSHvSkudt3To1muhHw
Parkinson-Spencer Refractories Ltd.,United Kingdom of Great Britain and Northern Ireland,Halifax,Hall 13 / A22,glasstec2026.3061109,rjdAohyRQvy6qMMGSA8aUA
Pauli + Sohn GmbH,Germany,Waldbröl,Hall 11 / G62,glasstec2026.3075689,O5kamNhXQWCU9pOUMAcM5g
"PAVIGLASS TECHNOLOGY CO., LTD",China,"Luoyang, Henan",Hall 11 / G83,glasstec2026.3054055,onNY81QuRXScv1jZ6oOpgQ
Pellini S.p.A.,Italy,Codogno (LO),Hall 11 / G27,glasstec2026.3083511,iATCGPmJTPyk0GRJaT4DaQ
Pellini S.p.A.,Italy,Codogno (LO),Hall 11 / C68,glasstec2026.3054958,cDFprfRsQC6rEstFqa95eA
Pemat Mischtechnik GmbH,Germany,Freisbach,Hall 15 / G58,glasstec2026.3058561,2sxntSlvTz2e6DYUPW1L7A
PEMCO International,Italy,Cambiago,Hall 12 / D19,glasstec2026.3058542,vmUbrM8iQLiqASOzvNO2Dg
PEMCO Italy SRL,Italy,Cambiago,Hall 12 / D19,glasstec2026.3058542,vmUbrM8iQLiqASOzvNO2Dg
Pennine Industrial Equipment Ltd,United Kingdom of Great Britain and Northern Ireland,"Huddersfield, West Yorkshire",Hall 13 / C43,glasstec2026.3072346,VsWEXSouQUevuD5RJDVwvw
PERDESAN JALUZİ CAM SANAYİ TİCARET ANONİM ŞİRKETİ,Türkiye,Antalya,Hall 11 / D78,glasstec2026.3063270,jI4o2aJhRLCCgT5HRF1VoA
Peyer Decor AG,Switzerland,Lengnau,Hall 12 / C26,glasstec2026.3052950,j4gbeRqPQPCkW9OhK2AYlA
PHASICS SA,France,Saint Aubin,Hall 14 / A17,glasstec2026.3059482,HhwsLrIVTciP8B6HkqRkTQ
Phoenix Award Committee Zippe Industrieanlagen GmbH,Germany,Wertheim,Hall 16 / D49,glasstec2026.3072351,GHJiJkSGQLSkt8KiR8LqgQ
Pieper GmbH,Germany,Schwerte,Hall 14 / E60,glasstec2026.3054549,7zYcVtTLSoyB5mMRZEwA6A
Pietro Bonaiti Srl,Italy,Lecco,Hall 13 / E65,glasstec2026.3051204,fNJBf3I1TAmelV1f3J30Kg
Pilkington Italia S.p.A.,Italy,Venezia,Hall 10 / K15,glasstec2026.3050698,4Cts74Z3THK0j0UcmrRYJw
PKI Teplotechna Brno spol. s r.o.,Czechia,Brno,Hall 11 / G80,glasstec2026.3078390,qi0trIcmT0ytVeFBZ8lgLg
PLANET CERAMICA PRIVATE LIMITED,India,Hyderabad,Hall 15 / C55,glasstec2026.3074261,zFSVmiZ4Seq6tdTAVUdFYg
Plansee SE,Austria,Reutte,Hall 13 / C56,glasstec2026.3050239,61eJhO26R4mJCYZh0lApxg
Pneumofore S.p.A.,Italy,Rivoli (TO),Hall 13 / A60,glasstec2026.3050262,T7sTwS30QCq6D80qy93x8g
"Poço - Equipamentos Industriais, S.A",Portugal,Leiria,Hall 15 / F36,glasstec2026.3059250,xBkf1vNgSBuWzWspRUxhpA
"Polpur, spol. s r.o.",Czechia,Turnov,Hall 11 / G80,glasstec2026.3078212,BMEQh6E0TnO5LRR5HtZBDA
POMDI - Herramientas de Diamante S.A.,Spain,Meco (Madrid),Hall 15 / D13,glasstec2026.3050182,fk0qG6weSj6rQzKNpOGPtw
PPH Oksan Andrzej Tabala,Poland,Lubartów,Hall 17 / D23,glasstec2026.3063611,XHpf7FQaQyGwShRzyJUXFA
PR Electronics GmbH,Germany,Oberhausen,Hall 14 / E02,glasstec2026.3077324,6QG5CsJUSciWrDG8Lq3d0Q
Pram srl,Italy,Vetto,Hall 15 / E56,glasstec2026.3077178,TYMaC7WgTAmU73ZU2ZRw1A
PRC Laser Technologies BV,Belgium,Oudenaarde,Hall 11 / E24,glasstec2026.3064068,6cxzXFH7QSeI5lCXicpKjQ
Preciosa a.s.,Czechia,Jablonec Nad Nisou,Hall 11 / G80,glasstec2026.3081035,9ayjYjPJQ2CVMADaxfiJTw
Precitec Optronik GmbH,Germany,Neu-Isenburg,Hall 14 / C19,glasstec2026.3054256,OAFLMmhjRCieYKgf0jTUYw
PRINT - ­GLASS PIOTR SYPEK JDG,Poland,Częstochowa,Hall 10 / G60,glasstec2026.3061553,oLxDH1lgRdenpGmeIPjeYg
PRISM JOHNSON Ltd.,India,Dewas,Hall 12 / F06,glasstec2026.3082154,Pc4hh6DLRbidGeVddbOuQQ
Pro-Sight Ltd.,United Kingdom of Great Britain and Northern Ireland,Hoyland,Hall 14 / G03,glasstec2026.3061101,YcS7ybp2SPylJSblX1CL0Q
"PRODIAMONDS HARDWARE CO., LTD",China,"Jiangmen, Guangdong",Hall 11 / A80,glasstec2026.3055788,AJixglWlTRebF5DGLeXigA
Prodim International B.V.,Netherlands,Helmond,Hall 14 / C39,glasstec2026.3050209,tVTqSD4ESouLdpYVv7l5KA
Profilglass S.p.A.,Italy,Bellocchi di Fano (PU),Hall 16 / A40,glasstec2026.3063620,8deS2wuoQYq990F1QCAEfw
Pröll GmbH,Germany,Weißenburg,Hall 12 / G32-2,glasstec2026.3073591,fbSNaI7lT6qPBEcSIGRtuQ
promeos GmbH,Germany,Nürnberg,Hall 10 / H53,glasstec2026.3068475,HX96wQXiSSGUCa5BeBhizg
"PROPORCION 3, S.A.",Spain,Barcelona,Hall 15 / D16,glasstec2026.3051202,JqzvYpQiQbmuHZvkyxehCg
pusula dekoratif imalat. san.tic.ltd.şti.,Türkiye,Istanbul,Hall 10 / H37,glasstec2026.3064450,mbp4M22CTWyZTnzP0US9yg
Putsch GmbH & Co. KG,Germany,Hagen,Hall 13 / B36,glasstec2026.3050054,9XHN4pI8S3uHicpyQzt0rA
PVAG water systems GmbH,Germany,Jülich,Hall 13 / B32,glasstec2026.3075753,9QyNFu6USzGXYlfwWq79qQ
Pyrotek Inc.,Germany,Grevenbroich,Hall 13 / B42,glasstec2026.3058606,dOan57UdSgqJrWy0LyOPTg
"Qingdao Caitian Industrial Materials Co., Ltd.",China,Qingdao,Hall 11 / E83,glasstec2026.3054974,aQ2Nlew0R4CjpOYO3qsMww
"Qingdao Dinganda Machinery Co.,Ltd.",China,"Qingdao, Shandong",Hall 11 / A88-9,glasstec2026.3078524,Ad66IANnQOiqPK1gFlAXYQ
"Qingdao Doterra Glass Co.,Ltd",China,"Qingdao, Shandong",Hall 10 / F04-5,glasstec2026.3078169,PuPZ2ClsSlq2QhpXDy2Yyw
"Qingdao Freddy Glass Co., Ltd.",China,"Qingdao, Shandong",Hall 11 / A88-3,glasstec2026.3078654,xjZysuVaTc2IG8hjZVoAnw
"QINGDAO FULIDA GLASS CO.,LTD",China,Qingdao,Hall 12 / D85-4,glasstec2026.3080162,lL8dSVMFRWue1rx2YEuNTg
"Qingdao Globalstar Glass Co., Ltd.",China,"Qingdao, Shandong",Hall 11 / C12,glasstec2026.3067449,NMGUYBPrSpuEbJgUsmaqGQ
"Qingdao Glorious Future Energy-Saving Glass Co., Ltd.",China,Qingdao,Hall 10 / A82,glasstec2026.3061630,V8ftWZRCQSmWn4D07Pntmw
"Qingdao Haisen Glass Co., Ltd",China,"Qingdao, Shandong",Hall 10 / G10-3,glasstec2026.3078723,qVIBHC2rTrmR8pfbjYnysg
"QINGDAO HEXAD GLASS CO,.LTD.",China,"Qingdao City, Shandong",Hall 10 / B72,glasstec2026.3052729,9YKHjFYITlCHgqXCNnhPzQ
"Qingdao Hongxiang Fanyu Trading Co., Ltd",China,"Qingdao, Shandong",Hall 10 / G10-8,glasstec2026.3078501,LoeHpT9dQ4Ciq4TdZUR5QQ
"Qingdao Jiahua Plastics Co., Ltd.",China,"Qingdao, Shandong",Hall 11 / B12,glasstec2026.3054065,M6dVhueRSdGxHlGEaJZFbA
"Qingdao Jinfer International Co., Ltd.",China,Qingdao,Hall 10 / D10,glasstec2026.3052709,XZpRDlZTSlGdYyOCkxsJQA
"Qingdao Jinjing Co., Ltd.",China,Qingdao,Hall 10 / E37,glasstec2026.3052711,6B9cctDwSMyDT8nOdFWFWQ
"QINGDAO JINUO NEW MATERIALS CO., LTD.",China,"Qingdao, Shandong",Hall 15 / G14,glasstec2026.3063197,3wunLIdZRsevRQaN7e5jRA
"Qingdao Joyo Changshun Trading Co.,Ltd",China,Qingdao,Hall 10 / K12,glasstec2026.3054058,FL3URDGxRZq7Q3da9Ovavw
"QINGDAO KINGDELE GLASS CO., LTD",China,Qingdao,Hall 11 / H74,glasstec2026.3064554,66IRuNOTSMeG6iFyDRaZBg
"QINGDAO KINGSTONE GLASS PRODUCT CO., LTD",China,"Qingdao, Shandong",Hall 11 / J58,glasstec2026.3054082,hCI64favSfabok1OnNlLIg
"Qingdao Lanmo Group Co.,Ltd",China,"Qingdao, Shandong",Hall 11 / A88-7,glasstec2026.3080146,tG8YKZCRSf2rlw1OmlOptA
"Qingdao Lanmo Group Co.,Ltd",China,"Qingdao, Shandong",Hall 10 / G42,glasstec2026.3082124,Ggi4afwPSUqy7pgzE93gMQ
"Qingdao Laurel Glass Technology Co.,Ltd.",China,Qingdao,Hall 11 / F78,glasstec2026.3055785,0vkmtosjRb2j1Zaf30vcPA
"Qingdao Leader Glass Co., Ltd.",China,"Xinlian Tiandi, Qingdao",Hall 10 / G04-5,glasstec2026.3078508,r6vPjrLvRm6iJeuASq0r1A
"QINGDAO NOVAL GLASS CO., LTD",China,Qingdao,Hall 10 / B81,glasstec2026.3067407,pP1kwkm3SgiTsgR6By73qQ
"Qingdao NPA Industry Co., Ltd.",China,Qingdao,Hall 12 / A14,glasstec2026.3061619,wQjxJWX0TQG1hm4VPEz0Gg
"QingDao PMIXERS Machinery Co.,Ltd.",China,"Qingdao, Shandong",Hall 15 / C17,glasstec2026.3053551,c1xQyInORSWo0fRmRFhwLQ
"Qingdao Rise Glass Technology Co., Ltd",China,"Qingdao City, Shandong",Hall 10 / D08,glasstec2026.3052720,Pm34pSZIRfmYwXT6ecwAeQ
"Qingdao Shinerising Glass Co.,Ltd",China,"Qingdao, Shandong",Hall 11 / C14,glasstec2026.3054068,LynIAPtXTKWEern6enZ13w
"Qingdao Sishi New Materials Co.,Ltd.",China,"Qingdao, Shandong",Hall 14 / G60,glasstec2026.3056917,TDtCfAIXT36ZESHLc1rmUg
"Qingdao Tome International Co., Ltd.",China,Qingdao,Hall 10 / K28,glasstec2026.3056022,WNlIyJHATZymu7K2VISy0w
"QINGDAO UNIVERS GLASS CO., LTD.",China,"Qingdao, Shandong",Hall 10 / G10-15,glasstec2026.3078187,wwuM6us6TYuofBQ3VCrf0A
"QINGDAO YUYIN GLASS CO.,LTD.",China,Qingdao,Hall 10 / G53,glasstec2026.3052712,UFkp4fVmSeuqgn9rOyZLgw
Qinhuangdao Glass Industry Research and Design Institute Company Limited,China,"Qinhuangdao, Hebei",Hall 13 / F19,glasstec2026.3064235,6NNrMTokRtCnbXoMvxSg7Q
"Quantum Engineered Products, Inc.",USA,"Saxonburg, PA",Hall 13 / C43,glasstec2026.3072344,fgynj1hnTcWnC5zaTfLLCg
Quartz Business Media Ltd.,United Kingdom of Great Britain and Northern Ireland,"Redhill, Surrey",Hall 13 / C12,glasstec2026.3050236,oQ2Ogj43SSetuXH0W5LqqA
Quattrolifts Europe ApS,Denmark,Odense sv,Hall 11 / C24,glasstec2026.3062942,aQ0r4GJNQu6262XjuKPXKg
"Qun-An Group Co., Ltd.",China,Dongguan,Hall 11 / B77,glasstec2026.3054067,CyepS5yxSSuck2sBpUiPrA
R.B.M. ITALIA srl.,Italy,Baldichieri (AT),Hall 16 / C38,glasstec2026.3058550,1CsaCvgzSvqatPGN9wwXoQ
R.C.N. SOLUTIONS S.r.l.,Italy,Milan,Hall 12 / C45,glasstec2026.3063255,ONBhoUXITMiVOXhvBDYjFw
R.CESTARO Srl,Italy,Torino (TO),Hall 13 / E58,glasstec2026.3050229,5cbXozyLQeGIbzMi6Lsogw
Ramsey Products Corp.,USA,"Belmont, NC",Hall 13 / C43,glasstec2026.3072348,yPW6hA6BSxyPzxw8clR0bg
Rasit Rejwan Toplu,Germany,Alpen,Hall 11 / A06,glasstec2026.3081404,gbJQpR3KRpW1aQG9enBLaA
RBB Brazzi Roberto SRL,Italy,Imola (BO),Hall 16 / D39,glasstec2026.3071478,IfvSbn22QFWhkPNGEGrqlg
RECKMANN GMBH,Germany,Hagen,Hall 14 / C30,glasstec2026.3063737,EBuw89VZQlSsqoDeWOHNRw
REF MINERALS,Latvia,Riga,Hall 13 / C83,glasstec2026.3058600,4tvEl1J1SjyCDL0iQmg6tQ
REFEL S.p.A.,Italy,San Vito al Tagliamento (PN),Hall 13 / B66,glasstec2026.3058605,LR99sipFTCKP6iznLMAJag
Refmon Zrt.,Hungary,Mosonudvar,Hall 13 / A15,glasstec2026.3058608,ZWpLYaJQSjazgQLtjlINoA
REGINA CATENE CALIBRATE SpA,Italy,Cernusco Lombardone (LC),Hall 13 / C78,glasstec2026.3062298,c9jAJQycT9qWwkCUYhWwfg
REGINE ROSTALSKI,Germany,Alpen,Hall 11 / A06,glasstec2026.3081032,6PTWRCiFTmqRQtReC1xDfQ
Renold GmbH Tooth Chain Branch,Germany,Gronau,Hall 13 / B48,glasstec2026.3064240,n6QeIRg7QhuF0hkBm2B6Cw
RESATO WATERJET TECHNOLOGY B.V.,Netherlands,Assen,Hall 11 / J62,glasstec2026.3077518,EOVuY5cKSHWLoc7Su1A4ig
Retorte GmbH Selenium Chemicals & Metals,Germany,Röthenbach a. d. Pegnitz,Hall 15 / D22,glasstec2026.3051201,avOwqhjGRNOjylRB7RO8iw
ReViSalt GmbH,Germany,Freiberg,Hall 11 / F74,glasstec2026.3059224,T4DmgN8XRvOYBxZ3yGLxbw
"REXI Industries Co.,Ltd",China,"Qingdao, Shandong",Hall 10 / E48,glasstec2026.3061625,gH1PEj6FTnCWMPZCSXHZTQ
RICOH Printing Solutions Europe Ltd.,United Kingdom of Great Britain and Northern Ireland,Telford,Hall 12 / G32-6,glasstec2026.3079320,VZMj5BJBRQqLw4Zh2ZLH4w
RIDER GLASS COMPANY LIMITED,China,"Qingdao, Shandong",Hall 10 / F16,glasstec2026.3052714,uAwq3MFST0SfQFacgWgHAQ
Righetti SRL,Italy,Verona,Hall 10 / D24,glasstec2026.3050668,1VX4ojxwSuqg2lZRqXeR8A
RIZALAR ENDÜSTRİYEL VE MİMARİ CAM ALÜMİNYUM MAKİNA SANAYİ TİCARET LİMİTED ŞİRKETİ,Türkiye,Karatay,Hall 10 / D48,glasstec2026.3075901,l2GXJRuXRIy2HRJIIJlS0Q
"Rizhao Huaye Glass Co., Ltd.",China,Rizhao,Hall 10 / E31,glasstec2026.3055784,X6aPUYpDRlOfKXC1zQXpZg
Rjukan Metall Maskin & Profil A/S,Norway,Oslo,Hall 17 / C21,glasstec2026.3050172,K1FOBbJNS3eLmR1hO6XNMg
RMG Messtechnik GmbH,Germany,Butzbach,Hall 14 / D48,glasstec2026.3053557,3JRKExQ7RuOi2X12lxLDww
robeko GmbH & Co. KG,Germany,Mehlingen,Hall 12 / D20,glasstec2026.3073707,x1uqU6jeSRmMHz3oyhJi6w
Robert Bürkle GmbH,Germany,Freudenstadt,Hall 12 / A19,glasstec2026.3055592,80wonLiLTxOC0pZem9GxHQ
Robert Kappel GmbH Vakuumtechnik,Germany,Memmingen,Hall 11 / A62,glasstec2026.3068114,TbtBQtBpTw26vxUDwhT8UQ
Robomech Robotik San. ve Tic. A.S.,Türkiye,Ergene,Hall 14 / B30,glasstec2026.3053556,hgg7INuPSOGi6kbNTKlTOA
ROCHETTE INDUSTIRE SOLUTIONS,France,Villeneuve Les Beziers,Hall 13 / C80,glasstec2026.3071160,26NoDmMrTka4aaj7wu34cg
Roland DG EMEA NV,Belgium,Geel,Hall 12 / G36,glasstec2026.3064129,RBES1rC3QkmR9BZfKd1O5w
ROLLTECH A/S,Denmark,Hjørring,Hall 16 / C11,glasstec2026.3063615,NxYitI0LRSeYxpZ9oqwf1A
RONDOT Group SAS,France,Champagne au Mont D'Or,Hall 13 / C43,glasstec2026.3050240,PHbMLmiSRQCLRfexPiAM7Q
Rondot SASU,France,Champagne au Mont D'Or,Hall 13 / C43,glasstec2026.3081972,yQeioiacRWKQFlMyY6VnaA
Rottler und Rüdiger und Partner GmbH,Germany,Langenzenn,Hall 15 / G43,glasstec2026.3061097,I5nLIKGFSu64oDmhLe7XpA
Rudi Knopp Maschinen GmbH,Germany,Rohrdorf,Hall 10 / G68,glasstec2026.3059222,uKuP03l4RZa66ptKttPgrw
"Ruitai Materials Technology Co., Ltd.",China,Beijing,Hall 13 / F25,glasstec2026.3064949,kkoorGLUTuSd3Btz9RJsqQ
"RUITAO(LUOYANG)INDUSTRIAL EQUIPMENT CO., LTD.",China,Luoyang,Hall 14 / G48,glasstec2026.3078370,ZdvD18AzSiG5QfPhUlisnw
RUREX-STAHL Dr. Otto Kukla GmbH,Germany,Gelsenkirchen,Hall 13 / A34,glasstec2026.3050042,I191FlE9SVyLlMs1KHkBCw
Ruschmann-Engineering GmbH,Germany,Walluf,Hall 14 / F13,glasstec2026.3081774,NFeZunl8TGqjMsooqqKUFA
S.I.G.MA. S.r.l.,Italy,Locate Varesino (CO),Hall 13 / B41,glasstec2026.3050251,RotQSsXHT82NEsm1QacPsw
Saati S.p.A.,Italy,Appiano Gentile (CO),Hall 12 / E39,glasstec2026.3067401,XQp41pc5T0Sl0OgFo3gVJg
SAB Automation GmbH,Austria,Deutschlandsberg,Hall 11 / E24,glasstec2026.3067066,cpUSTjAjSBS3dr1D6y6Mwg
SAFINA a.s.,Czechia,Vestec,Hall 12 / E16,glasstec2026.3050674,OtuxAFUKRgyLu1MHeeDpwA
Saint-Gobain Glass Deutschland GmbH,Germany,Stolberg,Hall 11 / A28,glasstec2026.3063104,sEcNthOJT2WydpAEsyyvwQ
Salt Cam Sanayi Ve Ticaret Ltd. Sti.,Türkiye,Mersin,Hall 10 / B48,glasstec2026.3062944,9XuQWzOZRje2gEQJntVn5Q
"Sans Souci, s.r.o.",Czechia,Praha,Hall 11 / G80,glasstec2026.3078481,b54PipFFQC2wdxwAaWFXwA
SAS CHEMICALS KIMYA SAN ve TIC LTD STI,Türkiye,Istanbul,Hall 17 / D44,glasstec2026.3059244,aXv5mFIMSI2bKUQbN2KWRg
Satinal S.p.a,Italy,Erba (CO),Hall 11 / A54,glasstec2026.3050594,XtAzSM8WQSaTwEqFfYpp6A
SAXONIA Edelmetalle GmbH,Germany,Halsbrücke,Hall 13 / B74,glasstec2026.3050038,lDz5gSqqT0aiWesSJe10aQ
SCALP-05,Estonia,Tallinn,Hall 14 / E19,glasstec2026.3063492,1UnHhrV3TjijwdhFTOt4qA
Scheuch GmbH,Austria,Aurolzmünster,Hall 15 / B41,glasstec2026.3050222,Myj3V0iRQgujdQR97lSVgw
Schiatti Angelo S.r.l.,Italy,Seregno (MB),Hall 16 / A14,glasstec2026.3068859,V4QFAn2kR2iVd3WLMpQvZg
SCHIAVO GLASS MACHINERY S.G.M. SRL,Italy,Robecchetto con Induno,Hall 15 / F27,glasstec2026.3062856,dbLMMikvTwKyJ0cVhpX9ZA
Schlemmer Prozess Systeme GmbH,Germany,Deggendorf,Hall 15 / E63,glasstec2026.3050036,RzPGNEFmTo2oS8Rz4ED0uw
Schloetter Company Ltd.,United Kingdom of Great Britain and Northern Ireland,"Pershore, Worcestershire",Hall 12 / C15,glasstec2026.3055587,lwcJp5DyQcCYXckT84TDjQ
Scholz Autoclaves,Germany,Coesfeld,Hall 15 / G06,glasstec2026.3073260,kOx2ru6JTUGVTDCcVRSz8Q
SCHOTT AG,Germany,Mainz,Hall 11 / A24,glasstec2026.3068473,BMVG1Lh8Tka1YzMPmTltVg
SCHOTT AG,Germany,Mainz,Hall 11 / G27,glasstec2026.3081927,M3NmA4rRTNarIH6LAcMCUQ
Schunk Kohlenstofftechnik GmbH,Germany,Heuchelheim,Hall 13 / B16,glasstec2026.3050045,oSPnIq6VQrWOleL630Y9hQ
SEBOREF MINERALS S.R.O,Czechia,Dolni Rychnov,Hall 13 / C83,glasstec2026.3079937,gBwMsjzFQte5Datm0T55KQ
Secatherm UK Ltd,United Kingdom of Great Britain and Northern Ireland,Batley,Hall 13 / A10,glasstec2026.3065683,4HAn2hDVS3SGeizqBpZ3nw
sedak GmbH & Co. KG,Germany,Gersthofen,Hall 11 / G61,glasstec2026.3073578,1SjxsRsBRFGr4KoihC2yxw
seele GmbH,Germany,Gersthofen,Hall 11 / G61,glasstec2026.3074283,YILUQyfhQZCMjXEZZ5gsKQ
SEEN AG,Switzerland,St. Gallen,Hall 11 / G61,glasstec2026.3075052,EuRHpC8NTtuWQ6lSoRhA0w
Sefar AG,Switzerland,Thal,Hall 12 / A71,glasstec2026.3080855,4lizrV9HSl2d5oImMOvDsw
SEFPRO,France,Le Pontet Cedex,Hall 13 / C44,glasstec2026.3050267,iS0mT3WqRVGRVDmtpyuvHg
Selas Heat Technology Company LLC,USA,"Streetsboro, OH",Hall 13 / A52,glasstec2026.3053661,kFXbIXsRQjyf9IULCBZ6Rg
SELINA AMELIE WEBER,Germany,Alpen,Hall 11 / A06,glasstec2026.3082671,OpDpY2xYT96uzKmgRvPgXA
SEMPER FI GLASS SRL,Romania,Brasov,Hall 15 / C64,glasstec2026.3075309,VAw9l7uqTeWRjzPHcTpL8A
SENTES-BİR METALURJİ KİMYA ENERJİ ÜRETİM VE GERİ DÖNÜŞÜM TEKNOLOJİLERİ SAN. TİC. A.Ş.,Türkiye,Izmir,Hall 13 / A26,glasstec2026.3068864,Og4TnK2pRcuvF2FRE8Az9w
SEPR Societe Europeenne Des Produits Refractaires SAS,France,Le Pontet Cedex,Hall 13 / C44,glasstec2026.3050267,iS0mT3WqRVGRVDmtpyuvHg
"Sequoia(Shanghai)Screen Manufacturing Co.,Ltd",China,"Kunshan, Jiangsu",Hall 12 / D75-4,glasstec2026.3078171,5NmuQqzlSfKVnj2LqnC6eQ
Sertechnik GmbH,Germany,Gerolzhofen,Hall 11 / K67,glasstec2026.3054961,vAPvTsykRyCRX5bUshMiUg
SET Mühendislik Sanayi ve Ticaret Ltd.,Türkiye,Istanbul,Hall 13 / B72,glasstec2026.3062304,Kc893DJoS62Vb6D3pkxMkQ
"SEWOOMETAL CO.,LTD","Korea, Republic",Gimpo-si,Hall 17 / D88,glasstec2026.3061110,Dwbxe5adTGWzig39f2l4DA
"Shahe City Fanyuan Glass Co., Ltd",China,"Shahe, Hebei Province",Hall 10 / G10-4,glasstec2026.3078533,WnRtOHv8TTSTDiOa4hiw1Q
"Shahe Zhuorui Glass Products Co., Ltd.",China,"Shahe, Hebei",Hall 10 / G10-9,glasstec2026.3078513,26dty14kSQWIG7H8yLlQ7w
Shamvik Glasstech Pvt. Ltd.,India,Mumbai,Hall 13 / F16,glasstec2026.3058613,Rnjosl6KRHaEEgZFlEWPCA
"Shandong Aleader Machinery Manufacturing Co., Ltd",China,"Rizhao, Shandong",Hall 11 / B73,glasstec2026.3063173,jLd8fY7FSXyFyHJi8QLs6Q
"SHANDONG EWORLD MACHINE CO.,LTD",China,"Jinan, Shandong",Hall 17 / B87-3,glasstec2026.3078191,qqlcwiHTQvmSrQiP9h5pXw
"SHANDONG FIRST GLASS CO.,LTD",China,"Dezhou, Shandong",Hall 11 / H13,glasstec2026.3061621,gtllreafRG2SBWZqpPyvVw
"Shandong Fulgur International Trade Co., LTD",China,"Jinan, Shandong",Hall 12 / E75-2,glasstec2026.3078178,WVaZSSLeQPqHcBqynbqi2g
"Shandong GHL CNC Machinery Co., Ltd",China,"Jinan, Shandong",Hall 17 / A12-1,glasstec2026.3078190,Uix31YybTDOzGiALmoIErg
"Shandong Hongrui Macromolecular Material Co., Ltd.",China,"Jinan, Pingyin",Hall 17 / B10,glasstec2026.3051197,ALfiyDeiQBKmkEkZ3tqFaw
"SHANDONG HOT NEW MATERIAL Co., Co., LTD.",China,"Jinan, Shandong",Hall 17 / A12-2,glasstec2026.3080130,4HPUNb1HRc6w6QIkBLDoBQ
"SHANDONG JIATENG INDUSTRIAL CO.,LTD",China,"Zibo, Shandong",Hall 13 / F27,glasstec2026.3064353,wsAPm8iBScCwfJ5YT5JT0w
"SHANDONG LEGEND GLASS CO.,LTD.",China,"Shouguang, Shandong",Hall 10 / A72,glasstec2026.3054024,zuTMgbzxQNOzDkSWnPxrGQ
"Shandong Natergy Energy Technology Co., Ltd.",China,"Zibo City, Shandong Province",Hall 17 / B16,glasstec2026.3059303,gGi6ah3aQsm2Jnfq70soNA
"Shandong Qilu Ethylene Chemicals Co.,Ltd",China,"Zibo, Shandong",Hall 10 / F10-5,glasstec2026.3078504,uVrLuBgETT21ZSWS7h2syA
"Shandong Research And Design Institute of Industrial Ceramics Co.,Ltd.",China,"Zibo, Shandong",Hall 12 / C59,glasstec2026.3055914,s8MakITLTEO4ILXEZfKNiA
"SHANDONG SANJIANG SMART EQUIPMENT CO., LTD.",China,Weifang,Hall 14 / G59,glasstec2026.3053642,BnB5sXZdRemvY2iNgiqgoA
"Shandong Truetec Machinery Co., Ltd.",China,"Jinan, Shandong",Hall 15 / A26,glasstec2026.3064894,toBmUSBuSdegMRwOIRDdYw
"SHANDONG WESTERN COAST ADVANCED MATERIALS CO., LTD.",China,"Weifang, Shandong",Hall 12 / G67,glasstec2026.3054286,fejDLleQRYWLez255GwSjw
"SHANDONG XINFANGYUAN POLISHING TECHNOLOGY CO., LTD.",China,"Zibo, Shandong",Hall 11 / F86,glasstec2026.3054989,zjW2nNVXSfeRaToJTYkWPQ
"Shandong Yaohua Glass Co., Ltd.",China,"Jinan, Shandong",Hall 10 / G04-1,glasstec2026.3078505,RvILWEqxTpuw7ogOh7Qp9g
"SHANDONG ZHENGKE AUTOMATION CO.,LTD.",China,"Jinan City, Shandong",Hall 12 / D58,glasstec2026.3052754,MN0VQRckRFKYSxBhmhzunA
"SHANDONG ZIBO SHENZI REFRACTORY MATERIAL CO., LTD",China,"Zibo, Shandong",Hall 12 / G13,glasstec2026.3052756,5AKzvHvJRBiBTUfbUmr4tg
"Shanghai Anyang Electricity-Lights Material Co.,Ltd.",China,Shanghai,Hall 12 / D35,glasstec2026.3083912,wipRUYEPR7uRaPHoqhXRyA
"Shanghai B-Stars Glass Machinery Co.,Ltd",China,Shanghai,Hall 17 / A24,glasstec2026.3056912,td4WO3ZWQUCgf5NCnbjV4w
"SHANGHAI BUILDING MATERIALS(GROUP) CO.,LTD",China,Shanghai,Hall 10 / F04-1,glasstec2026.3078177,akFui0cBTwm7eKu43dbcJw
"Shanghai Functech Co.,Ltd",China,Shanghai,Hall 12 / D01,glasstec2026.3052745,gZA7hn6qSMiZDVLl67qAQw
"Shanghai GOSUN Automation Technology Co., Ltd.",China,Shanghai,Hall 17 / A20-1,glasstec2026.3078650,sWKUzdoNTICvuMPxTyEGKA
"Shanghai Higlass Automaiton Technology Co.,Ltd.",China,Shanghai,Hall 17 / B87-8,glasstec2026.3080133,fylxqg47RkSAm8Xf13hyjQ
"Shanghai Huang Fa Ji Machineries and Moulds Co., Ltd.",China,"Taicang, Jiangsu",Hall 12 / E11,glasstec2026.3052750,n8sdEW6nQ4SwlJlMXV2G2A
"Shanghai Jiehui Furnace New-Tech Co., Ltd",China,Shanghai,Hall 12 / E02,glasstec2026.3063154,6dcRDuv5TW205wRAm8hFNw
"Shanghai Menton New Materials Co., LTD",China,Shanghai,Hall 14 / F48,glasstec2026.3083276,jrvPamDiTr6XVzitsiaJWw
"Shanghai Moben New Material Technology Co., Ltd.",China,Shanghai,Hall 11 / C13,glasstec2026.3054069,kbLTtepESeS8UkxGrngNnA
"Shanghai Pony Technology Co., Ltd.",China,Shanghai,Hall 12 / E06,glasstec2026.3054074,sqNExgtQQYGSkBRAhyX8Pw
"Shanghai Precision Dosing and Weighing System Co., Ltd.",China,Shanghai,Hall 15 / E64,glasstec2026.3050187,ekPAk903Q22MmrMY6NZusg
Shanghai Quanxu Glass Material Co. Ltd.,China,Shanghai,Hall 10 / G10-11,glasstec2026.3080127,dMSgzIlRSoiFcGFpkZFSeA
"Shanghai Refine Machinery Co., Ltd.",China,Shanghai,Hall 12 / F02,glasstec2026.3052746,3oAYSnWAQpeIn0lGrttEkg
"Shanghai Success Technology Trading Co., LID",China,Shanghai,Hall 17 / A20-3,glasstec2026.3078730,oRcUAITXRlCMLp0LHVmw5Q
"SHANGHAI SUNTECH AUTOMATIC EQUIPMENT CO., LTD",China,Shanghai,Hall 12 / C10,glasstec2026.3054308,MgkVGGc0SLaGHM5ASXe7iw
Shanghai Transtar International Inc.,China,Shanghai,Hall 11 / H52,glasstec2026.3054053,AM50SsWzRd28f7Z9tTLPtg
"Shanghai Vueton International Trading Co., Ltd.",China,Shanghai,Hall 11 / B84-2,glasstec2026.3078531,FzJvk9pHRGaOBIbrOMoueA
"Shanghai Zhi He Industrial Co.,Ltd.",China,Shanghai,Hall 10 / C82,glasstec2026.3067435,6R4R9VIuQJmwkRMeLRVbgA
Shengyu International Group Limited,China,"Dalian, Liaoni",Hall 10 / G42,glasstec2026.3052721,cZgocQahRzSHQhBtpJTMZQ
"ShenZhen APG Material Co. Ltd. Co., Ltd.",China,Shenzhen,Hall 12 / A76,glasstec2026.3054968,Agfqy2kGQ2auxJCarm47gw
"SHENZHEN CBPM-KEXIN BANKING TECHNOLOGY CO.,LTD",China,Shenzhen,Hall 14 / F54,glasstec2026.3054026,XF7knQHfTvWGImngLLfK3Q
"SHENZHEN CHNTOP SCREEN PRINTING MACHINERY CO.,LTD",China,Shenzhen,Hall 11 / A88-6,glasstec2026.3078520,leKJvmprTw6lewTjvRpmtw
"SHENZHEN HANDONG GLASS EQUIPMENT MANUFAC TURING CO,LTD",China,Shenzhen,Hall 12 / F11,glasstec2026.3052755,tF15gIo2RZWwHz1oidAWcg
"Shenzhen Jixiangyun Technology Co., Ltd",China,Shenzhen,Hall 11 / D84,glasstec2026.3059302,skm77prXSVSveRYzTkgymw
Sheppee International Ltd.,United Kingdom of Great Britain and Northern Ireland,"Elvington, York",Hall 13 / C43,glasstec2026.3072345,29psgZhJS0WyotpkxZcRJw
"SHIJIAZHUANG OUYUN MACHINERY EQUIPMENT CO.,LTD",China,Shijiazhuang,Hall 10 / G10-18,glasstec2026.3078170,SC6bKsvlSbmObX5NMm5HIw
Siemens AG,Germany,Karlsruhe,Hall 15 / F24,glasstec2026.3062286,BDbU9HI5TwKHpz4E3kyREg
SIMCHENG GmbH,Germany,Eichenau,Hall 10 / A68,glasstec2026.3077162,gQ7sKbF9S3OEqS6WlZHwfA
SIMTECH SRL,Belgium,Froyennes,Hall 13 / C14,glasstec2026.3063251,gbRfF8Y0RRKasgL0n3aNYg
SIMTECH SRL,Belgium,Froyennes,Hall 11 / J67,glasstec2026.3051849,u1idqnP8TiKZfpBc4SjQhQ
Sinosteel Luonai Materials Technology Corporation,China,"Luoyang, Henan",Hall 13 / E75,glasstec2026.3064352,B4tLNtWBQWWS3QxehENCdw
SKC KARBON SANAYI VE TICARET A.S.,Türkiye,Arnavutkoy / Istanbul,Hall 13 / F81,glasstec2026.3063248,nw7cV3xUTeitbiJrTZCuIQ
SKILL GLASS S.R.L.,Italy,Schio (VI),Hall 16 / A38,glasstec2026.3063621,Qb6D196gT86orcCwO77Z7w
"Sklopisek Strelec, a.s.",Czechia,Újezd Pod Troskami,Hall 11 / G80,glasstec2026.3078019,ugsuvkPlRHqLSe2wsJfQ3w
"Sklostroj Turnov CZ, s.r.o.",Czechia,Prepere,Hall 13 / C69,glasstec2026.3050233,G3tsuFBHSBeBw7wSJYzyvg
SKS - Sorg Keramik Service GmbH,Germany,Lohr,Hall 15 / C44,glasstec2026.3075866,GU8oVLdxSkiTvKnNa724Qg
Smart Glazier Software UK Limited,United Kingdom of Great Britain and Northern Ireland,London,Hall 10 / C64,glasstec2026.3062936,DK8lmU87RCe6FN3bOgV73Q
Smart Group ApS,Denmark,Roslev,Hall 10 / F63,glasstec2026.3077027,JAlkSW5UTMGoGn3qEm74bg
Smartlift A/S,Denmark,Nykobing Mors,Hall 11 / A42,glasstec2026.3050703,11mGTmBzSi2UwJDSjQiaKA
Socabelec S.A.,Belgium,Ham-Sur-Sambre,Hall 13 / C15,glasstec2026.3063195,D7UDakzdQRWdTiJTrrAVCA
Softeco Oy,Finland,Helsinki,Hall 12 / D35,glasstec2026.3061574,r7QYTzC5R3CqTliVOUXDDg
SOFTSOLUTION GmbH,Austria,Waidhofen an der Ybbs,Hall 14 / E42,glasstec2026.3052942,Mz0Yp7JGRKqaQH0Ktk1Dxg
Sogelub S.A.,Belgium,Marquain,Hall 14 / C13,glasstec2026.3050208,hNSfvaEjTqSlUIC0Eod86g
Solaflex GmbH,Austria,Götzis,Hall 11 / G73,glasstec2026.3052946,hVt11FMPQPq3fD41B7kdDg
Solanox GmbH,Germany,Grünwald,Hall 10 / D54,glasstec2026.3068474,ElEiYfDBTCW6Oer0EZAx0g
Soleras Advanced Coatings BV,Belgium,Deinze,Hall 12 / E31,glasstec2026.3051848,qOK0Q9spQYCmG8zZ92gG1A
Solskin,Switzerland,Zurich,Hall 11 / E24,glasstec2026.3076621,iVgZ8LQgQ4yFOKhg2IbJOQ
som-software GmbH,Germany,Dülmen,Hall 10 / F61,glasstec2026.3077561,swYw6GlbT9KKPVkMxmCPvA
Somex Innovation Ltd.,Ireland,Ballyvourney,Hall 14 / F39,glasstec2026.3075656,FaKviPhMTeGzqrZoEhNqtw
SONICAM SAS,France,Saint-Symphorien-d'Ozon,Hall 13 / C43,glasstec2026.3072349,R2GB3BvqR6uD1ipO3UNOzQ
Sono-Tek Corporation,USA,"Milton, NY",Hall 16 / C13,glasstec2026.3081033,B6tlO4HTTsmihvDNI6bMgw
SORDIA ADA CAM ISLEME MALZEMELERI TIC. LTD. STI.,Türkiye,Istanbul,Hall 11 / G12,glasstec2026.3063186,wq1RQzT6SMSNaWY1bVkxzg
SORG - Nikolaus Sorg GmbH & Co. KG,Germany,Lohr,Hall 15 / C44,glasstec2026.3058566,YHuCQsjJTcqDEInUsnLUZA
Soudal NV,Belgium,Turnhout,Hall 17 / B88,glasstec2026.3050173,8WsNERCmSLKASud3eTlh9g
"South Glass Technology Co., Ltd.",China,"Foshan City, Guangdong",Hall 12 / G46,glasstec2026.3054987,VAklMlAkRjeBZpb1mIj5AQ
SPANG POWER ELECTRONICS,USA,"Mentor, OH",Hall 13 / A41,glasstec2026.3050237,I52zsIeBTLKY4tssbEtmmg
SPECIAL CERAMICS PRIVATE LIMITED,India,Delhi,Hall 13 / A88,glasstec2026.3058598,PUz78gJ3Qm6IWfbPIb0ukg
Sphinx Glass SAE,Egypt,Cairo,Hall 10 / F42,glasstec2026.3050665,NegU0RhdSpu8Cz22ktlHNA
SPIE Furnace Hot Specialists GmbH,Germany,Lohr,Hall 15 / F63,glasstec2026.3051374,JxhLXEulRNSFUXYwqiPYpQ
SPM Mould Polishing System S.R.L.,Italy,Conegliano (TV),Hall 13 / A08,glasstec2026.3063250,BIM4LSpxT8qKVNkYksIgcw
Spraying Systems Europe BV,Belgium,Deinze,Hall 12 / E20,glasstec2026.3067402,7oxyJt3iTrmj2fmqJbLQ4Q
SPS TechnoScreen GmbH,Germany,Wuppertal,Hall 12 / G20-3,glasstec2026.3073596,SycxCoffQhGlTVZnyEUANg
Sputtering Components Inc.,USA,Owatonna MN,Hall 12 / D20,glasstec2026.3077153,pO4PbyjEQwy4ZZlUmdUUZQ
STA Separatoren-Technik & Anlagenbau GmbH,Germany,Hilzingen,Hall 15 / C56,glasstec2026.3077030,yGW47rxhT9CzPE4pFvDLPw
Staatliches Berufliches Schulzentrum Vilshofen an der Donau Fachschule für Glasbautechnik,Germany,Vilshofen an der Donau,Hall 10 / D68,glasstec2026.3078391,5sFEx6D8TLScmqlN12Txhw
STAR S.r.l.,Italy,Latina,Hall 16 / C43,glasstec2026.3081801,zhRYXzocR8qXpBriyOaZaQ
Stefiglass International SRL,Italy,Pieve San Giacomo (CR),Hall 16 / C40,glasstec2026.3058551,hmtgJ8s9Q8GxSI7ZOUVKxw
Steinbach AG,Germany,Detmold,Hall 12 / C63,glasstec2026.3068115,Ec8QAR9VQtWjFlB3Ilh9sQ
STG Combustion Control GmbH & Co KG,Germany,Cottbus,Hall 15 / F23,glasstec2026.3063624,sp6WhvemQTCwFyIuNcuTZw
STRADA S.r.l.,Italy,Abbiategrasso (MI),Hall 13 / C42,glasstec2026.3055088,MQLPnOhQQnWwpKrNCuZGBQ
Strainoptics,USA,"Burnsville, MN",Hall 14 / E42,glasstec2026.3083024,7qjDuKjJSTiVbh1ZyeQq6w
"STRON TECHNOLOGY CO.,LTD.",China,"Luohe, Henan",Hall 11 / E05,glasstec2026.3059301,LBIzQInXREi8SgVl1s74Wg
"Strutz International, Inc.",USA,"Mars, PA",Hall 12 / E68,glasstec2026.3059294,hQN63J0gQ7OwtGl6lu3GGw
Studio 1 Automazioni Industriali s.r.l.,Italy,Casalgrande (RE),Hall 16 / B40,glasstec2026.3062841,VfuRU1UtRReaCbCt4BNMfA
SULAK Glass Working Machinery s.r.o.,Czechia,Lanskroun,Hall 11 / F68,glasstec2026.3061562,23Lb0bnyQgi3Q7iLb81ONQ
Sun Chemical Ltd.,United Kingdom of Great Britain and Northern Ireland,Sidcup,Hall 12 / G20.2,glasstec2026.3073594,0pWG7EesSIeTl0cjD7S8lg
SUN DESIGN PLUS LIMITED,China,"Heshan, Guangdong",Hall 10 / K23,glasstec2026.3052740,ZhMEaQDfTliq5RnNp0if2A
SunBell S.R.L.,Italy,Rovato (BS),Hall 11 / F67,glasstec2026.3051852,9mosvivmQWyfx0aHWnNedg
"SUNKON INTELLIGENT TECHNOLOGY CO., LTD",China,"Foshan, Guangdong",Hall 12 / C71,glasstec2026.3064947,2pJx30nbSUi0sCVqEfzcxQ
"SUNNY GLASS HARDWARE FACTORY CO.,LTD",China,"Jiangmen, Guangdong",Hall 10 / G10-6,glasstec2026.3078509,4x4ImjKmQD6pqGkdLf48Zg
Sunphade AS,Norway,Oslo,Hall 11 / E24,glasstec2026.3079738,bO1Oq0QjRZOZgRnssOcx6g
"SUQIAN TONGYONG GLASS CO., LTD.",China,"Suqian, Jiangsu",Hall 11 / A84-3,glasstec2026.3078515,BqYF8SOGT1S6Q8a8lG9BmQ
Surventis Surface Treatment GmbH,Germany,Frankfurt am Main,Hall 15 / F55,glasstec2026.3052943,7TLX8UO6SCWsUzhcg3K9Zw
"SUZHOU DONGHAI GLASS MOULD CO.,LTD.",China,"Changshu, Jiangsu",Hall 12 / D75-3,glasstec2026.3080138,7D2ZeKduRCOVDqWcJ2Gxxw
Synerglass-Soft S.A.,Belgium,Sprimont,Hall 14 / A40,glasstec2026.3063490,Xm0nbbilTLu9hgZuTc8B9w
SYNERGX Technologies Inc.,Canada,"Laval, QC",Hall 14 / C60,glasstec2026.3071471,FCS0aSkbQuW3wzwmnAmtNw
SYSTEM CERAMICS SPA,Italy,Fiorano Modenese (MO),Hall 12 / C72,glasstec2026.3050666,W5sZH9p2SVytjLyFyXSzPA
System Digital,Italy,Fiorano Modenese (MO),Hall 12 / C72,glasstec2026.3050666,W5sZH9p2SVytjLyFyXSzPA
System RES Sarl,France,Winnezeele,Hall 14 / F20,glasstec2026.3050205,WDrUV8G9RIWEV5kLJ6VzSw
systron GmbH,Austria,Wolfsbach,Hall 15 / E44,glasstec2026.3054252,G5nw4ZssTiyk2yz3TMp47A
"T&T, Turnov s.r.o.",Czechia,Turnov,Hall 13 / B55,glasstec2026.3050225,iJjd3fRXTqO1kX34oV5Csg
Taiton Hardware Pvt. Ltd.,India,Hyderabad,Hall 10 / K04,glasstec2026.3071723,OEHDzovMQg2OIEHJNrvU2w
Talamoni S.r.l,Italy,Ornavasso (VB),Hall 10 / C63,glasstec2026.3064132,Fs4ImurLQfqtqF1DCjyKrQ
"Target Glass Hardware Factory Co., Ltd.",China,Jiangmen,Hall 10 / E04,glasstec2026.3054054,VGkxatENRYy0Xyw94009uQ
TC Float SRL,Belgium,Bruxelles,Hall 12 / G01,glasstec2026.3050697,WM5gSrZrTO6SBBgUjOmiaA
TECBI SRL,Italy,Milano,Hall 16 / B13,glasstec2026.3082038,wuFEuySbSemeVd4mCr8Azw
Tecglass S.L.,Spain,Lalin,Hall 16 / B12,glasstec2026.3079368,9l5Ra1qsT7unU9lMIHMiBQ
TechArt Makine ve Kalıp San Tic AS,Türkiye,Istanbul,Hall 13 / E84,glasstec2026.3061572,44TjSF1zSG2cjI47FMtvHA
Technical University of Darmstadt Inst. of Structural Mechanics and Design Glass Competence Center,Germany,Darmstadt,Hall 11 / G27,glasstec2026.3082639,J9k6viWyQUqhSfXkTeLnEw
"Technical University of Liberec (TUL) Glassiteca s.r.o., TUL spin-off",Czechia,Liberec 1,Hall 11 / G80,glasstec2026.3078389,pjyJoAKaSOaPW7oqEEH3Gg
Technische Hochschule Deggendorf TAZ Spiegelau Technologie-Anwender-Zentrum,Germany,Spiegelau,Hall 11 / K05,glasstec2026.3073805,Cu1ynNKbRH2L3RLuSffy0A
Technische Universität Ilmenau Fachgebiet Anorganisch-Nichtmetallische Werkstoffe,Germany,Ilmenau,Hall 11 / K05,glasstec2026.3073806,pEqArSizTMm1WLetStuygA
Technoform Glass Insulation GmbH,Germany,Lohfelden,Hall 17 / D21,glasstec2026.3058544,0cCYarJ1RkuwnLJdANEF2w
TECNOCAT 21 SL,Spain,La Selva Del Camp,Hall 10 / C48,glasstec2026.3052706,7oRespeXS42SkqOCzFWh9Q
Tecnosens S.p.A.,Italy,Brescia (BS),Hall 14 / F42,glasstec2026.3058594,qSyQcNzNTvamKjn9CsAg9g
"TECO Toledo Engineering Co., Inc.",USA,"Toledo, OH",Hall 13 / B56,glasstec2026.3077330,9EDEBDrmQ46zlFpFuTJzuA
Tecoglas Limited,United Kingdom of Great Britain and Northern Ireland,Sheffield,Hall 13 / B56,glasstec2026.3054551,KByM0r6GRqWhhCVDpPat0A
Tecsiglass SRL,Italy,Rome,Hall 13 / F32,glasstec2026.3050217,6FtcQLQIR3O3ORu7qj4sog
TEKA Maschinenbau GmbH,Germany,Edenkoben,Hall 15 / E48,glasstec2026.3062842,wwAv5bRRQjaZG1MYLQblTw
TEKA RENK TEKNOLOJILERI SAN. VE TIC. A.S,Türkiye,Istanbul,Hall 12 / C19,glasstec2026.3053950,5mK7ZddyQg2Cpp16fVqsqQ
TEKNIK ELMAS IML.SAN VE TIC.LTD.ŞTI.,Türkiye,Istanbul,Hall 12 / E41,glasstec2026.3064105,hfRDnem9QqKUvb2PWHS5lA
Teknika Makina Kalip San. Tic. Sti.,Türkiye,Istanbul,Hall 14 / E28,glasstec2026.3050212,F55jA6t0TgGSrYJDtQQcGg
Tempsens Instruments GmbH,Germany,Hennef,Hall 14 / B02,glasstec2026.3058591,RQRe8dfURQePcRdEnuS2tQ
TENACHEM SIA,Latvia,Dobele,Hall 17 / B88,glasstec2026.3053088,5DUD6HxhTfq4wZ9auepHaA
"Tengzhou City Yaohai Glass Carving Co.,L td.",China,Tengzhou,Hall 10 / F10-6,glasstec2026.3078202,mx4YNinQSSWtWXPceusyEg
"Tengzhou Fenghua Glass Co., Ltd.",China,"Tengzhou, Shandong",Hall 10 / F10-7,glasstec2026.3078511,bcjiZGccRLWmnpJqKTYn8Q
"Tengzhou Jinjing Glass Co.,Ltd.",China,"Tengzhou Zaozhuang, Shandong",Hall 10 / K50,glasstec2026.3055779,cssxV9NTTCuVP0Ew7mwCMg
"Tengzhou Lucky Clover Glass Product Co., Ltd.",China,Tengzhou,Hall 11 / A88-4,glasstec2026.3080143,WQkTBEm0TEyAo5TOZnt1ag
"TENGZHOU PRIME GLASS CO.,LTD",China,"Tengzhou City, Shandong",Hall 10 / F10-8,glasstec2026.3078507,AEdxXeenQcyue2zah8BbMw
"TENGZHOU YUNBANG TRADING CO.,LTD.",China,Zaozhuang,Hall 10 / D53,glasstec2026.3061628,m1M03G1mSCKx9WwyxuvyEA
"Tenon (Beijing) Equipment Co., Ltd.",China,Beijing,Hall 12 / G40,glasstec2026.3054984,Y3ccE47bRTCG46BZD3S06Q
"Teplotechna-Prima, s.r.o.",Czechia,Teplice,Hall 14 / A23,glasstec2026.3050196,l6nx0A8LRpm0dvJJEaOI7g
TERMECA CHOQUENET SRL,Belgium,Isnes,Hall 12 / G05,glasstec2026.3050695,ZJPc23RXRjG1TztrDM0dXA
TESIR MAKINE SAN. VE TIC. LTD. STI.,Türkiye,Esenyurt/Istanbul,Hall 12 / E45,glasstec2026.3064104,vpfxrkY5T5WP7vhCLrHeIg
TETA KALIP VE DANISMANLIK LTD STI,Türkiye,Istanbul,Hall 13 / E88,glasstec2026.3065682,cfx2PkThSjyFriDkX0Shig
TGT GmbH Lifttechnik für Glas und Fassade,Germany,Emsbüren,Hall 10 / H42,glasstec2026.3050025,CQlfvdIyRsSBF5q3K66WWQ
The All India Glass Manufacturers Federation Ltd. AIGMF,India,New Delhi,Hall 13 / A20,glasstec2026.3050273,nwBnioxFRJCsmem1wNO0Sw
The Lush Material Company Co. Ltd.,China,"Shenzhen, Guangdong",Hall 10 / C80,glasstec2026.3064954,nDeCGY4fRzqWFxPEZDlfoQ
Thermo Tech Furnace and Engineers Pvt Ltd,India,Thane,Hall 15 / C23,glasstec2026.3063629,B0MERaHWST6zdFdP666a6A
Thermoseal Group Ltd.,United Kingdom of Great Britain and Northern Ireland,Birmingham,Hall 16 / B12,glasstec2026.3080862,tOiP8ul0RiOMtLREt2gXUw
THIEME GmbH & Co. KG,Germany,Teningen,Hall 12 / D72,glasstec2026.3068600,QUrHehAKQLiK7gVCvW1SKA
Thimon SAS,France,Mery,Hall 13 / B11,glasstec2026.3056904,9JFNcRibRXedjQet8lwH5g
Tiama SAS,France,Saint-Genis-Laval,Hall 14 / F39,glasstec2026.3063635,HETek1JVSOKGl01EvdVFPA
Tianjin Caida New Materials Technology Co. Ltd.,China,Tianjin,Hall 11 / C11,glasstec2026.3054070,t2njTO7YQqaapJymZEPhvg
"TIANJIN SUNRAY NEW MATERIALS TECHNOLOGY CO., LTD.",China,Tianjin,Hall 10 / K80,glasstec2026.3054997,j7nXmNRESkWBNzQefNjkiw
"Tianjin Window Machinery Co., Ltd.",China,Tianjin,Hall 12 / E19,glasstec2026.3078008,KAIW26AVTeKjq42jJLVRuQ
"Tianjin Xinlihua Color Material Co., Ltd",China,Tianjing,Hall 10 / D38,glasstec2026.3054995,EWvFnZGsTa2KX6tMssozbA
"Tiantai Baizan Plastic Co., Ltd",China,"Tiantai, Zhejiang",Hall 10 / K08,glasstec2026.3054982,ljq9LHMnQaOqWoamXvh5dg
"Tiantai Zhuoyuan New Material Co.,Ltd.",China,"Taizhou, Zhejiang",Hall 14 / F48,glasstec2026.3083800,BaMaIy5oR8mhOO30VDATTg
Tiller bv,Netherlands,Den Haag,Hall 11 / E79,glasstec2026.3061560,2mRbJAHvR0Kr4TFMmSxH8Q
TME Engineering SAS,France,Arques,Hall 13 / F43,glasstec2026.3078697,gvVpuPnHSRm9zTsrylxmTw
TNO,Netherlands,Geleen,Hall 10 / E30,glasstec2026.3061554,5xqmklDQROODDEIWhuIXrQ
Torgauer Maschinenbau GmbH,Germany,Torgau,Hall 15 / G05,glasstec2026.3063630,EumiFdmaQgqem8aTQ7N7tg
"TORRECID, S.A.",Spain,Alcora,Hall 12 / A75,glasstec2026.3053951,VOUpcdJvQy269eVCHZF7uA
TotalEnergies Glass Lubricants Europe GmbH,Germany,Neunkirchen-Seelscheid,Hall 13 / C66,glasstec2026.3052939,qqTt8z4mQnWAz5foJtH0dQ
TPI All Seasons Co Ltd,Thailand,Bangkok,Hall 11 / K79,glasstec2026.3053966,aT9Z82BMRWOVbTIw83GmYQ
TRATERME,United Kingdom of Great Britain and Northern Ireland,Batley,Hall 13 / A10,glasstec2026.3065683,4HAn2hDVS3SGeizqBpZ3nw
"TREND (Shandong) Technology Co.,Ltd.",China,"Dezhou, Shandong",Hall 13 / F15,glasstec2026.3077534,TthxKJQmTnWGzVnvT4bOMQ
TRIULZI CESARE Special Equipments SRL,Italy,Limbiate (MB),Hall 16 / B13,glasstec2026.3064219,8ZvWErJYTWynZ8Wl5pmwtw
TU Bergakademie Freiberg - Institut für Glas und Glastechnologie,Germany,Freiberg,Hall 11 / K05,glasstec2026.3073808,TAfNxfejTxOfkZi4XGvU8g
"TU Dresden, Institut für Baukonstruktion Institut für Baukonstruktion",Germany,Dresden,Hall 11 / G27,glasstec2026.3074999,uYv18cTvRbSO61ZTC7UaaQ
"TU Dresden, Institut für Baukonstruktion Institut für Baukonstruktion",Germany,Dresden,Hall 11 / G68,glasstec2026.3075690,MuOZLYsrSHGeKuLfaALDRA
"Tucheng Glass Technology Co., Ltd.",China,Qinhuangdao,Hall 12 / D06,glasstec2026.3054297,Df7qPDfKQgOIhx4qMf1Ttw
Tuff Temp Corp.,USA,"Quakertown, PA",Hall 13 / A66,glasstec2026.3050261,4apHMA1wRhu6hcMrAT5pVQ
TURKIYE SİSE VE CAM FABRIKALARI A.S,Türkiye,İstanbul,Hall 10 / F24,glasstec2026.3062937,4OfzyiyCQFOnl1UohuAV7A
Turomas S.L.,Spain,Rubielos de Mora,Hall 15 / A13..A23,glasstec2026.3058584,ScN33I5YSoid3ZqJo03mmA
TVT Termoventiltecnica S.r.l.,Italy,Ponzano Veneto (TV),Hall 14 / F58,glasstec2026.3059247,hkiKrolbRICffDBvuKgvgg
TWEVO S.A.,Portugal,Leiria,Hall 14 / G51,glasstec2026.3064246,dCyn9CDjQtK7UKCJoeOVgA
UAS Messtechnik GmbH,Germany,Viechtach,Hall 15 / E05,glasstec2026.3051200,juP4Lk9ESQmr7E3GQvozcA
Umicore AG & Co. KG Platinum Engineered Materials Division Jewelry & Industrial Metals,Germany,Hanau,Hall 11 / G24,glasstec2026.3050537,QiIfs3FAST2aIh1fRLCufw
Ünal Ümit Cam İnsaat Sanayi Ve Tic.Ltd.,Türkiye,Antalya,Hall 10 / C67,glasstec2026.3076638,1Ur6OpKcRNiS9F6RMRTg2Q
Unelko Corp.,USA,"Phoenix, AZ",Hall 11 / J47,glasstec2026.3063184,PJGYPFPOTaKlpRoxP9HSKQ
"Unitex Glass(Chengdu) Co.,Ltd.",China,"Chengdu, Sichuan",Hall 10 / F10-4,glasstec2026.3078512,Ric9r6XqTo6QAQsylGK4Dg
Universal Agencies FZE LLC,United Arab Emirates,Dubai,Hall 12 / A01,glasstec2026.3080754,Exi1yeoKRKOAkiPeXzpdDg
Universität Bayreuth Keylab Glastechnologie,Germany,Bayreuth,Hall 11 / K05,glasstec2026.3073811,K6e9MUr4TSy8w36YoT3Vig
Universität Siegen Lehrstuhl für Tragkonstruktion,Germany,Siegen,Hall 11 / G27,glasstec2026.3076514,QJFUvnx6Qv2FEISSoxnoRQ
University of Turku / OSSE Project,Finland,Turku,Hall 11 / E24,glasstec2026.3076868,7iwdGx46THGDp0j6QVrprw
Upson Maybach Corp.,USA,"Batavia, NY",Hall 10 / K30,glasstec2026.3058571,jMDagNavRxeK3dxszkqXRA
Ushio Germany GmbH,Germany,Steinhöring,Hall 10 / D04,glasstec2026.3061551,Ch9BA5iwTTGz3pg8SUFJrQ
UV TECH MATERIAL LTD.,China,"Guangzhou, Guangdong",Hall 12 / D62,glasstec2026.3054976,bIgLLCPsSoKGkNUADgNWSg
Valoref S.A.S,France,Bollene,Hall 13 / E56,glasstec2026.3058595,fWzbWR8YQ0G7VYF8TQt0XQ
VarroTec B.V.,Netherlands,Uden,Hall 13 / C87,glasstec2026.3050231,MmeK0VJtRnWI1YmFZYH0wQ
VDMA Services GmbH,Germany,Frankfurt am Main,Hall 15 / B27,glasstec2026.3079486,SGDmHsXLRouw2MZopHswqQ
VDMA Services GmbH,Germany,Frankfurt am Main,Hall 15 / C28,glasstec2026.3077278,WV4J0TsxTXCJikP1Mtu3Qg
Verband Fenster + Fassade (VFF) e.V.,Germany,Frankfurt am Main,Hall 11 / G06,glasstec2026.3078396,LK4FgvtDTs6aUZDrqyGesw
Verband Fenster + Fassade (VFF) e.V.,Germany,Frankfurt am Main,Hall 10 / G82,glasstec2026.3081398,5R6OQg7iQBaj2VaSiXUAcQ
Vertech' SAS,France,Chalon Sur Saone,Hall 14 / C31,glasstec2026.3062291,SZC6HtAnQqK49btzMnjh5g
Vesuvius France SA,France,Feignies,Hall 12 / E71,glasstec2026.3058565,Hj6SXjKKTyeFqxZlcHYETg
Vetromac srl,Italy,Cervarese Santa Croce (PD),Hall 16 / C25,glasstec2026.3063188,V1LC3zZQRV6u7eMONIdiMQ
Vetromeccanica SRL,Italy,Parma,Hall 13 / F30,glasstec2026.3050218,xG7rmltZQKO05eCvLCfOaQ
Vetrotech Saint-Gobain,Germany,Würselen,Hall 10 / G82,glasstec2026.3083801,CykdOJhdRfekqrdXNO8RZA
Vibrantz GmbH,Germany,Frankfurt am Main,Hall 12 / C35,glasstec2026.3061573,HTiIQmCeRlq2g1FoKfqF4A
Video Systems Srl,Italy,Codroipo,Hall 14 / C23,glasstec2026.3056899,QExbygLVRAunDEnMdPNlyw
Vidremot S.A.,Spain,Badalona,Hall 14 / E13,glasstec2026.3063193,cMLjgSU8SaCFyA5BtKBR1g
"Vidrimolde, Lda",Portugal,Marinha Grande,Hall 13 / E18,glasstec2026.3066696,px7qpVu6QbiCnAl2ZsDT0A
"VIDROMECANICA, SA",Portugal,Marinha Grande,Hall 13 / C59,glasstec2026.3074087,TR01LkZbTxGjfKh8e1AV5g
Vimec Applied Vision Technology B.V.,Netherlands,Eindhoven,Hall 14 / F39,glasstec2026.3075914,oKOatSIDQeCVlVqSEt377g
Viprotron GmbH,Germany,Pfungstadt,Hall 14 / E43,glasstec2026.3062846,9H1s8KKPQma4AnADZDwGaQ
VIRTUAL REALITY MACHINE TRAINING LIMITED,United Kingdom of Great Britain and Northern Ireland,Pontecraft,Hall 14 / F11,glasstec2026.3053662,QnOfSedlQCynpXN0BIjSsA
"VIRTUE GLASS TECH (QINGDAO) CO.,LTD",China,Qingdao,Hall 10 / G38,glasstec2026.3052724,JgbfZZ8bRlKgPhieqzeYbg
VISMARA OMV di Mauro Vismara,Italy,Macherio,Hall 16 / A12,glasstec2026.3078732,9yJO3rmZTiC00wLWrltarw
VITREALSPECCHI s.r.l.,Italy,Mariano Comense (Co),Hall 11 / H24,glasstec2026.3075868,JY0G76bDT5Cp7WbRnwOZAA
Vitro Architectural Glass,USA,"Cheswick, Pennsylvania",Hall 10 / E42,glasstec2026.3059233,wNRIUJ95TmK1FUSjhyIIrQ
Vitrobudowa Sp. z o.o.,Poland,Piotrkow Trybinalski,Hall 15 / F13,glasstec2026.3076877,LEuur5fYT3mGvdap8VjhOw
"Vitrosep, S.L.",Spain,Figueres,Hall 15 / G21,glasstec2026.3050178,rE6QtXFxRSGepZUpOlqXYQ
Vitrum Technologies GmbH,Germany,Alsdorf,Hall 15 / G31,glasstec2026.3068867,qlyIlCS8SPyHWqyK2mOHow
Vlakglas Recycling Nederland Stichting,Netherlands,Zoetermeer,Hall 14 / E23,glasstec2026.3081030,m7LC2eN5SyiACkE4EynOgQ
VMA GmbH Gesellschaft für visuelle Messtechnik & Automatisierung mbH,Germany,Ilmenau,Hall 14 / C03,glasstec2026.3062858,BZHolIrHQOO6ANJOsXPNNQ
VMV Automation LTD,Bulgaria,Plovdiv,Hall 13 / C15,glasstec2026.3066694,Ta3DZfHXQrmmNOAPtivmUA
VON ARDENNE GmbH,Germany,Dresden,Hall 12 / D45,glasstec2026.3059295,7E310ERnTuKdxqL4VWXXLg
Waldemar Knittel Glasbearbeitungs GmbH,Germany,Bielefeld,Hall 16 / A30,glasstec2026.3077516,XjkbrRNJQr6NLWfZgvOn5Q
WALTEC Maschinen GmbH,Germany,Wilhelmsthal,Hall 13 / E69,glasstec2026.3050024,WD0oxxPYS5y4SsZssOk3iw
Wandres GmbH,Germany,Stegen,Hall 15 / G05,glasstec2026.3077336,bl8CPBG4TIKOzJdD11iWpw
WBT Srl,Italy,Monte Marenzo (LC),Hall 13 / A56,glasstec2026.3064241,hjEJZfaSTOKIUll9Z8seZQ
"WEIFANG CONSURE MACHINERY CO.,LTD.",China,Weifang,Hall 13 / F15,glasstec2026.3064356,WFuxPb4URF2Rr3FduF2blQ
"WELLAND HARDWARE MANUFACTURING CO.,LTD.",China,"Jiangmen, Guangdong",Hall 11 / F84,glasstec2026.3054064,tfC5RyFnQvCOm83ejfBzdA
"Wenzhou Jiangou Technology Co.,Ltd.",China,"Wenzhou, Zhejiang",Hall 17 / B20,glasstec2026.3053640,pw9eoXWASDqYNfXmtJM88w
"Wenzhou Pinge Glass Co.,LTD",China,"Wenzhou, Zhejiang",Hall 11 / B84-3,glasstec2026.3078725,BRaNDsq3RhOgfn96x0JzFg
Wieland Lufttechnik GmbH & Co. KG,Germany,Baiersdorf,Hall 15 / E55,glasstec2026.3050057,ClKeEI71RquGimxgdLYCpQ
Wilfried Grootens,Germany,Alpen,Hall 11 / A06,glasstec2026.3075625,ZU0MTXW4QkSIZBgxCW8vgw
WILHELM VERNIM GLASART,Germany,Alpen,Hall 11 / A06,glasstec2026.3081385,maUMEtk9SWCAlDpcJPxjNw
"Wirekinetics Co., Ltd.",Taiwan,Taipei City,Hall 12 / B25,glasstec2026.3068812,m3DChchWTZep0UlnVzeiaw
Wirth GmbH,Germany,Landsberg,Hall 10 / K85,glasstec2026.3053965,0prpOnevTOOJ0NbEMq0O6A
WOLFGANG NICKEL e.V.,Germany,Alpen,Hall 11 / A06,glasstec2026.3081395,v5IXSEAVTu6UPVXdZa7TRw
WOLFTECH GmbH,Germany,Cham,Hall 17 / D87,glasstec2026.3055466,7nSOwXa6RdGA8IY16zLeoQ
"WUXI ZEVO NEW ENERGY TECH CO.,LTD.",China,Wuxi,Hall 11 / H12,glasstec2026.3061712,ETV5mHmoSp64OV7rwERXqw
"Xi&#8217;an Mers Electric Equipment Co., Ltd",China,Xianyang,Hall 10 / H29,glasstec2026.3054972,YQeM9DGVSXO8uM3twdaPaw
"Xiamen Honglu Tungsten-Molybdenum Industry Co.,Ltd.",China,"Xiamen, Fujian",Hall 10 / K38,glasstec2026.3052717,hhpClBY5TayFW4yvGhotfw
"XIANGYANG OUMAN ENVIRONMENTAL PROTECTION MATERIAL CO., LTD.",China,"Xiangyang, Hube",Hall 17 / D29,glasstec2026.3053641,pTpPJU9lTvG69nPaHuJi7A
"Xinaosi Import and Export Trading (Hebei) Co., Ltd.",China,"Shijiazhuang, Hebei",Hall 10 / G04-6,glasstec2026.3078183,4TddwhsdQmCPA4SgR9owTg
"XINFUXING GLASS INDUSTRIAL GROUP CO.,LTD",China,"Fuzhou City, Fujian",Hall 10 / G04-8,glasstec2026.3078657,S10IZOnORwCcCsvABY7Lpg
XINYI ENERGY SMART (MALAYSIA) SDN BHD,Malaysia,Jasin,Hall 11 / E80,glasstec2026.3058545,TKYGoQwJRsWGpr9hKQzVbw
XPAR Vision B.V.,Netherlands,Groningen,Hall 14 / G18,glasstec2026.3055461,PaYLxkoER56E80Vm8Oy6Ag
YakutGlass A.Ş.,Türkiye,Istanbul,Hall 10 / G32,glasstec2026.3075294,IQMmhmPRQk2lJzbCTN9h0g
"YANGHANG HARDWARE PRODUCTS CO., LTD",China,"Foshan, Guangdong",Hall 10 / G04-3,glasstec2026.3078503,ESuQLxFRTbaF6vf5fQe4lA
"Yantai Sanli Equipment Engineering Co., Ltd.",China,"Yantai City, Shandong Province",Hall 13 / F04-5,glasstec2026.3078198,ikTUnWh7QPqh2NrOyzgVcA
"Yantai Yeqiang Glass Machinery Co., Ltd.",China,"Yantai, Shandong",Hall 13 / B76,glasstec2026.3053550,ADOtWrugQoWbyJLym7V8Wg
"Yanyi International Trade Co., Ltd.",China,"Hengshui, Hebei",Hall 10 / G10-7,glasstec2026.3080142,vfMLmU0kTYuIgMZrqRVTBA
YETEN Combustion & Energy Technologies Ltd. Co,Türkiye,Istanbul,Hall 12 / D31,glasstec2026.3059296,7vvn0fWuS9S3qAzmCQnt2w
"YFWATERJET CO.,LTD.",China,Shanghai,Hall 17 / A12-7,glasstec2026.3078720,okGeXhenTzewZ1pWqc36qw
YGM Makina Mühendislik Dış Tic. Ltd. Şti,Türkiye,Ataşehir,Hall 12 / G35,glasstec2026.3063426,6E9qJH4EQhyAGgXuMD89NQ
Yildiz Cam Sanayi ve Ticaret A.S.,Türkiye,Istanbul,Hall 10 / G24,glasstec2026.3052708,hiKfuTh3TYerlmHJDFH46w
"Yinghui(Dachang)Automation & Technology Co.,Ltd",China,"Langfang, Hebei",Hall 12 / C02,glasstec2026.3052747,83scqBEgQCW6MzmvWRsyjw
"Yingkou Nuanwanjia Technology Development Co., Ltd",China,"Yingkou, Liaoning Province",Hall 17 / A27,glasstec2026.3062918,hMS6TZkyS5WcHMiQEKDpug
"Yingkou Qinghua Group Import and Export Co., Ltd.",China,"Dashiqiao, Liaoning",Hall 13 / F03-6,glasstec2026.3078186,r5RiUcVNRJO9Md6e3s3SdA
YORGLASS ENDÜSTRİYEL CAM SAN. VE TİC A.Ş,Türkiye,Manisa,Hall 10 / A42,glasstec2026.3070427,H2XLw447S2euqfgWUNFAcw
"Yuantu Technology Development Co., Ltd.",China,"Suizhong, Liaoning Province",Hall 11 / A84-2,glasstec2026.3078526,xj3Cb047QQOLnLjeSdTmMg
Yuntong Glass Mech-Electro Technology Co. Ltd.,China,"Qinhuangdao, Hebei",Hall 12 / E19,glasstec2026.3078009,GroIYr6aRBinPteFzXTraw
Zafferani Glas srl,Italy,Genova,Hall 16 / C29,glasstec2026.3063337,V7CqC08ARyGc9OflMeBsFg
Zedtec Limited,United Kingdom of Great Britain and Northern Ireland,Sheffield,Hall 13 / B56,glasstec2026.3077335,EyEnNNwVTGOhrPQsRHyVjg
"Zhangzhou Kibing Glass Co., Ltd.",China,"Zhangzhou, Fujian",Hall 10 / K76,glasstec2026.3071721,uwnmBmckQ72xY0eILx0vdQ
"Zhaoqing Dexin Vacuum Equipment Co., LTD",China,Zhaoqing,Hall 10 / F04-4,glasstec2026.3078165,3ZZTcxivSbu8YAwKrrHGcQ
"Zhaoqing Haidi Hardware Co.,Ltd",China,"Zhaoqing, Guangdong",Hall 11 / E03,glasstec2026.3064443,hF65W0ckQLel4rOk5PWG6Q
"Zhaoqing Huisda Hardware Products Co., Ltd.",China,"Zhaoqing, Guangdong",Hall 10 / C72,glasstec2026.3061622,5Yve4EwXSJ6BfHIrAngBuQ
"ZHAOQING KEQIU EXPORT AND IMPORT CO.,LTD",China,"Zhaoqing City, Guangdong",Hall 11 / G87,glasstec2026.3052958,TTi7xlsESfyi1CvmuCkFXw
"Zhejiang Aomei Plastic Co., Ltd.",China,"Jinhua, Zhejiang",Hall 12 / D85-1,glasstec2026.3078196,OsDiS1Z0TbK3fGjcO1lMjg
ZHEJIANG COLOR PVB CO. LTD.,China,"Tiantai County, Zhejiang",Hall 12 / A80,glasstec2026.3054523,CgBjq1GiR0KLX1pwCu7P5g
"Zhejiang Decent New Material Co., Ltd",China,"Taizhou, Zhejiang",Hall 10 / B76,glasstec2026.3055781,ZIiTpuRyRNafOKNwgoCojQ
"Zhejiang Duoli Plastic Co.,Ltd.",China,"Quzhou, Zhejiang",Hall 10 / C71,glasstec2026.3052738,DGT9RS2CQeGZSXx0RSnsQw
ZHEJIANG HENGYAN INTERNATIONAL TRADE CO. LTD.,China,"Zhuji, Zhejiang",Hall 13 / F04-6,glasstec2026.3078203,lfVL9vfMQf2eueSP8WpoZA
"Zhejiang Holy Laser Technology Co., Ltd.",China,Yiwu,Hall 11 / G83,glasstec2026.3077517,7ryuxHGOSKePTffg6yQTIg
"ZHEJIANG JINGZHAN NEW MATERIAL CO., LTD.",China,"Pujiang, Zhejiang",Hall 10 / G10-16,glasstec2026.3078176,RTRndjyyRLSC2VGR8CV0wg
"ZHEJIANG MODA SOLAR TECHNOLOGY CO.,LTD",China,"Hangzhou, Zhejiang",Hall 10 / K16,glasstec2026.3064958,8VDvyGuuRjSdzoyUNpaGwg
"ZHEJIANG RONGXING NEW MATERIAL TECHNOLOGY CO., LTD.",China,Huzhou,Hall 12 / G45,glasstec2026.3082722,N3maXR1sSoedM9uS2DrOHw
"Zhengzhou Dezhong Refractory Co., Ltd",China,"Xinmi, Henan",Hall 10 / F09,glasstec2026.3061632,dTKeLSI7RWCxxtRqULfkZg
"Zhengzhou Dongfang Ancai Refractory Co., Ltd.",China,"Xinmi City, Henan Province",Hall 12 / E64,glasstec2026.3055905,QxlqH8LNReyi0ziTpQivuA
"Zhengzhou Fangming High Temperature Ceramic New Material Co., Ltd.",China,"Xinmi, Henan Province",Hall 14 / A51,glasstec2026.3056921,Sb0DfFDbSkmOnEPfnRrofA
"Zhengzhou Fasin Refractory Co., Ltd.",China,"Zhengzhou, Henan",Hall 12 / A09,glasstec2026.3067447,GB8EGtotTyy3byP42fPRlQ
"ZHENGZHOU JANSINCERE REFRACTORY CO., LTD",China,"Xinmi, Henan",Hall 12 / E75-6,glasstec2026.3080131,JBP4iwkLQrO3Eyg4BKWU0Q
"ZHENGZHOU JINGHUA TECHNOLOGY CO., LTD.",China,"Xinmi, Henan",Hall 13 / F04-4,glasstec2026.3080139,TmAMEwqTQNa3dA338aOmRA
"ZHENGZHOU JOLOSKY INDUSTRIAL CO., LTD",China,"Zhengzhou City, Henan Province",Hall 11 / K57,glasstec2026.3063180,CTLi7kiySJua109j6BME4A
"Zhengzhou Ruite Diamond Belts Co., Ltd",China,"Zhengzhou, Henan",Hall 11 / H14,glasstec2026.3054072,4iWczmn2QpSvPUTTLnbNUw
"ZHENGZHOU SUNRISE REFRACTORY CO., LTD",China,"Zhengzhou, Henan",Hall 12 / D64,glasstec2026.3055790,4uAZ5hNhRwiOutmClvfS0w
"Zhengzhou Wanheng Refractory Materials Co.,Ltd",China,"Zhengzhou, Henan",Hall 14 / C52,glasstec2026.3050200,oWIRMA31TIqXB0zj8eLuQA
"Zhengzhou Weitong Fused Cast New Materials Technology Co.,Ltd",China,"Xinmi City, Zhengzhou, Henan",Hall 12 / A01,glasstec2026.3081400,U2bWyhoDR9GJvHaI9cEBjQ
"Zhengzhou Xinguangse Refractory Co., Ltd",China,"Xinmi, Zhengzhou",Hall 13 / B60,glasstec2026.3051206,NvVwKItMQqWQQ0diPwC6jQ
"ZHENGZHOU XZK INDUSTRIAL GROUP CO., LTD.",China,"Xinmi City, Zhengzhou, Henan",Hall 13 / F03-4,glasstec2026.3078649,cKWzzDUHTzGLQmAtYStC3Q
"Zhengzhou Yongyi Refractories Co., Ltd.",China,"Zhengzhou, Henan",Hall 14 / F60,glasstec2026.3062295,UmLbi5ooQvWekZ7C0PrWiQ
"Zhengzhou Yuandong Refractory Co., Ltd.",China,"Xinmi, Henan",Hall 12 / E75-8,glasstec2026.3078199,wgFWlisiSMi0ksKrUTqknw
"Zhengzhou Zhongyuan Silande High Technology Co., Ltd.",China,Zhengzhou,Hall 10 / C32,glasstec2026.3058581,7SGmPM19QPOyj3rxig9kaA
Zhongfu New Materials Co. Ltd.,China,"Lengshuijiang, Hunan",Hall 12 / C57,glasstec2026.3061640,oCuMEf8LTJGhqJ5hhBAJBw
"ZHONGLI GLASS CO., LTD.",China,Huzhou,Hall 10 / C38,glasstec2026.3052726,JZnyLD6fRiaaHiIIPig2jw
"Zhongshan Sunny Technology Co., Ltd",China,"Zhongshan, Guangdong",Hall 12 / D85-2,glasstec2026.3078719,jlzx8E14QqCW3IQCgHbBGg
"Zhuhai Gaoren New Material Co., Ltd.",China,Zhuhai,Hall 11 / K73,glasstec2026.3077904,JNNxs1GpQlil3hS8eAn6LA
"Zhuhai Shuifa Singyes New Materials Technology Co., Ltd",China,"Tangjiawan, Zhuhai, Guangdong",Hall 11 / A88-1,glasstec2026.3078528,6rCmVznbS3uSnslP5OyoMA
"ZIBO CHICO INTERNATIONAL CO.,LTD",China,"Zibo, Shandong",Hall 17 / B12,glasstec2026.3058546,YjrrLzurSl2VHOQV3nYSoQ
"Zibo Yumin Base Pledge New Material Co.,Ltd.",China,"Zibo, Shandong",Hall 12 / C61,glasstec2026.3061617,px9FvHVVQoqJ011J7kJFVw
Zippe Industrieanlagen GmbH,Germany,Wertheim,Hall 13 / A31,glasstec2026.3050023,bmGR8ug3RRuGU1PteZ4qVA
"ZIRCAR Refractory Composites, Inc.",USA,"Florida, NY",Hall 12 / F16,glasstec2026.3064102,7QeEX2cZQpWj78dis0lfrg
ZONZINI s.r.l.,Italy,Cerea (VR),Hall 11 / H68,glasstec2026.3050657,7U262JX4Q6y9KYrNaz4ofQ
Zumre Metalurji San. ve Tic. A.S.,Türkiye,Kirklareli,Hall 13 / B13,glasstec2026.3063647,Gvy8tjG8Sz2jTjFc1BuTqg
Zurich Soft Robotics GmbH,Switzerland,Zurich,Hall 11 / E24,glasstec2026.3076621,iVgZ8LQgQ4yFOKhg2IbJOQ
4JET Group,Germany,Alsdorf,Hall 11 / H67,glasstec2026.3055768,w8J7c9u3QXWJVCnFAQIhWw
