name,country,city,location,exh,exhSeoId
A&D Verpackungsmaschinenbau GmbH,Germany,Weissensberg,Hall 15 / D42,interpack2026.3024913,HtPBtqlGQzGJwiyI8exqvw
A+F Automation + Fördertechnik GmbH,Germany,Kirchlengern,Hall 11 / C60,interpack2026.3007952,EgBghn78TXyZwfqYZRZezw
A+V Automation und Verpackungstechnik GmbH,Germany,Schorndorf,Hall 6 / B09,interpack2026.3036981,74qo5tZQT5aakJjm2uCIbw
A-Z Color sp. z o. o. sp. k.,Poland,Ostrołeka,Hall 8a / C12,interpack2026.3006956,l9cYQt35SRWiPkzG2ZtzZQ
A. Hatzopoulos S.A.,Greece,Thessaloniki,Hall 10 / A88,interpack2026.3039574,kNMOr9o6Reyyux0SBOIBlg
A.R.C. AMBALAJ MALZ. IML. SAN. TIC. LTD. STI.,Türkiye,Izmir,Hall 8a / D05,interpack2026.3006673,xwU98lAuRFCHtR0R1zVHkw
A.V.C. Sealing Solutions BV,Netherlands,Almere Haven,Hall 12 / C72,interpack2026.3007076,Sa1fTeMMSrOziyxf25x8Rg
Aasted ApS,Denmark,Farum,Hall 1 / B69,interpack2026.3007085,U1slLZRwQzSKLx3txFJJLw
ABI B.V.,Netherlands,Haarlem,Hall 14 / D04,interpack2026.3007806,l2AW208OQ9aLePBayHh7Cg
ABIEF -Associação Brasileira da Industr. de Embalagens Plásticas Flexíveis,Brazil,São Paulo,North Entrance 1 / N1,interpack2026.3060708,wiohygJCSHKA6u1rOywksw
"AblePackaging CO., LTD",China,Shanghai,Hall 7a / D18,interpack2026.3009848,9X8bLjmiQK2Hyy1clXHSbg
Abrigo S.p.A.,Italy,Diano d'Alba (CN),Hall 3 / B75,interpack2026.3038064,qkKtoVx3TaS9J7FL2EYvdw
"ACE MACHINERY CO., LTD.","Korea, Republic","Siheung-si, Gyeonggi-do",Hall 6 / E09,interpack2026.3065335,trlgEbI2RFW8MaudPxhO5w
"ACE PACK Co., Ltd.","Korea, Republic","Siheung-si, Gyeonggi-do",Hall 8a / C72,interpack2026.3023868,MdyhEwzIQ2qS7MzoslUZfw
ACE PACKAGING Partnership Firm,India,Daman,Hall 8a / F64-6,interpack2026.3071152,jYAAehDBTviJXCnPHRmSCA
Acemal S.A.,Belgium,Nivelles,Hall 4 / B36,interpack2026.3034320,jGD7g6xyTLWCclOpSOz0Pg
ACEMOĞLU GIDA SAN. VE TİC. A.Ş.,Türkiye,Ti̇re / İzmi̇r,"Hall 7, level 1 / E40-1",interpack2026.3058296,UpC2yXlRQF2QcnH5usMjcw
ACG Pam Pharma Technologies Pvt. Ltd.,India,Mumbai,Hall 16 / D57,interpack2026.3032068,CACAZLNxTNmPbQcQcifpSA
ACMA s.p.a.,Italy,Bologna (Bo),Hall 6 / D57,interpack2026.3064607,4mFteuTHQle3qcVrQzLcRg
ACTEGA GmbH,Germany,Wesel,Hall 8a / D59,interpack2026.3034981,Q4OAHhYeS8SnUR9CsGZ9OQ
ACTI PACK SAS,France,Saint-Etienne,Hall 9 / G20..H21,interpack2026.3065777,E2FLFuqrQpOHelaFZMG3Rg
Actionpaq Corporation,USA,"Rogers, AR",Hall 18a / F04,components2026.3041657,McPC7zqXSaebdmXY1amSpA
Activatec International GmbH & Co.KG,Germany,Marienheide,"Hall 7, level 1 / B18",interpack2026.3041425,FvqNgLZ2TOeqVDn4kz6JuA
ADANUS PLASTIK AMBALAJ TOPLAMA AYIRMA GERİDÖNÜŞÜM VE ATIK BERTARAFI İNŞAAT İTH İHR SAN TİC LTD ŞTİ,Türkiye,Adana,"Hall 7, level 1 / C37-2",interpack2026.3058198,V9SNGhFLTBe9CgXGhwJ5WQ
ADBioplastics S.L.,Spain,Paterna - Valencia,Hall 9 / F01,interpack2026.3069495,tma7lAY1Q6O6AOwSobuStQ
Addon Filmtech Pvt Ltd.,India,Surat,Hall 8a / F64-4,interpack2026.3067526,evKBmguoQO6vVk1bPxFc7A
Admix Europe ApS,Denmark,Fredensborg,Hall 3 / C83,interpack2026.3036965,GlXx52fGS72SnlZG05AANA
ads-tec Industrial IT GmbH,Germany,Nürtingen,Hall 16 / D72-8,interpack2026.3038067,wJy6l0gtQc6IwOLouCvN8g
Advanced Packaging Association AISBL,Belgium,Woluwe-Saint-Lambert,Hall 10 / D04,interpack2026.3062457,fTfF3qG0TzesMDdKWZdkLg
AEBRAGA – CCI,Portugal,Braga,North Entrance 1 / N1,interpack2026.3047397,5VEHsTjfS5mvUhNxE3hxcA
Aero Plast Ltd.,India,New Delhi,"Hall 7, level 2 / G20",interpack2026.3020427,KubcomkxRTGEm6d7hwmQzA
AeroFlexx Packaging Company LLC,USA,"West Chester, OH",Hall 8b / E37,interpack2026.3037782,jEmXdJ4uSOePJrOSSCiqCw
AFG S.r.l.,Italy,Fagagna (UD),Hall 10 / B67,interpack2026.3011049,HJm9lc6RQQS8xcZ7E6MTuw
Afher Eurobelt S.A.,Spain,Valladolid,Hall 13 / D03,interpack2026.3022666,fTVSHnmhQe6TY4PiMoiHjQ
"AFINOMAQ - Sociedade Tecnica de Manutencao de Maquinas e Equipamentos, Lda.",Portugal,Sao Juliao do Tojal,Hall 6 / C57,interpack2026.3036210,sCUE0MOGQZmnQzSpyEAO6Q
agathon GmbH,Germany,Essen,Hall 1 / D89,interpack2026.3039651,SeyZHILqToSmX1mTUM58vA
Agriflex S.r.l.,Italy,Forli (FC),Hall 3 / C92,interpack2026.3026802,cT7eh9BwQUeygAgrCXdu9Q
AICON X-RAY GmbH,Germany,Kaiserslautern,Hall 11 / A25,interpack2026.3050689,4KIgMnOBQpizZy8R7nhjrw
AIMPLAS PLASTICS TECHNOLOGY CENTRE,Spain,Paterna (Valencia),Hall 9 / D14,interpack2026.3007981,ZWnOSIskQ6y2oGS5OYr91A
AISA Automation Industrielle S.A.,Switzerland,Vouvry,Hall 8a / C27,interpack2026.3031867,9VhfhG4oSTSDggOzE1B2zQ
Ajit Industries Pvt. Ltd.,India,Delhi,"Hall 7, level 0 / B05",interpack2026.3006910,CWsxQh9bRuSYfGGjOLLGmQ
AK RAMON,Spain,Vilasar de Dalt,Hall 4 / C62,interpack2026.3037814,GccaWGa0Q9Ow3ILrqJYlmw
AKM Cardboard and Plastic Packaging Industry Inc.,Türkiye,Hatay,Hall 10 / B51,interpack2026.3009511,HJXYg0SrTlSPhc5TxUY4CA
Al Fouad Packaging LLC Al Fouad For Trading & Industry,Egypt,10th of Ramadan,Hall 7a / B08,interpack2026.3009839,CAKOCzR0SWikRJKaBnfJyg
Al Salem Conversion Industries Enterprises L.L.C,United Arab Emirates,Ajman,"Hall 7, level 2 / E03",interpack2026.3008557,d7plFRwaRziTqcAbjSAqLg
Al Sharq Flexible Packaging Factories LLC,Saudi Arabia,Riyadh,"Hall 7, level 1 / A12",interpack2026.3031918,YU4oP7MISFK4FMpxYtCQMQ
AL.MA. S.r.l. Packing and Packaging Machinery,Italy,Cadorago (CO),Hall 5 / F02,interpack2026.3032267,wQTzzEirQhiamRICBjOIbQ
Albert Handtmann Maschinenfabrik GmbH & Co. KG,Germany,Biberach a.d. Riss,Hall 5 / B37,interpack2026.3035383,80UCKchSS22XhpgF6PrwVw
Albertina Machinery S.r.o.,Czechia,Praha,Hall 6 / D79,interpack2026.3068523,1Q8v27WpS0S7sRr0ZUpQTQ
ALE SAS,France,Vaulx-Milieu,Hall 8b / G46,interpack2026.3034471,lE9xB8kjQnScjHbECULGrg
Alexanderwerk GmbH,Germany,Remscheid,Hall 16 / A16,interpack2026.3023215,xjz9zIVMR2WObTFxoeDEJQ
Alexandria International for Plastic Industry (Partnership),Egypt,Alexandria,Hall 10 / C90,interpack2026.3018262,0oVI1EA6T32JnUhzdFYhVA
ALFA MACHINE Kourtoglou S.A.,Greece,Argos,Hall 6 / B02,interpack2026.3030692,DIMrhYK4ShGArhwjSdnfOA
ALFRED NOLTE GmbH,Germany,Reinbek,Hall 3 / E54,interpack2026.3073858,5ataOaWpSFS2Sa6CZWcjZA
ALIMEC S.R.L,Italy,Valli del Pasubio (VI),Hall 3 / F36,interpack2026.3014078,YSAphRoPR0Oaz2empblhYA
Aliplast S.p.A.,Italy,Ospedaletto di Istrana (TV),Hall 9 / G25,interpack2026.3037618,9bJ9X56DSDiLw1pMsxkonQ
"ALL PACKING ENTERPRISES CO., LTD.",Taiwan,Taoyuan County,"Hall 7, level 1 / B41-1",interpack2026.3063333,1tXZQvDRTfO4Jq3BUmtpEA
All-Fill International Ltd.,United Kingdom of Great Britain and Northern Ireland,"Sandy, Bedfordshire",Hall 13 / D33,interpack2026.3024295,mpmkyKvPTnSulMe8zaWAXQ
All4Labels Group GmbH,Germany,Witzhave,Hall 9 / H09,interpack2026.3067743,IBt7ds7oTKqpA9s9dVPapg
ALLBOX SA - I. EMMANOUILIDIS AVEE,Greece,Thessaloniki,Hall 8a / D50,interpack2026.3057269,xS4HznivRCijwBaBqAxKNA
ALLICO PACKAGING PTY LTD,Australia,Cottesloe,Hall 15 / C43,interpack2026.3051736,xyr38j4qRCWwvtL9d4ieOg
ALPAK SRL,Italy,Ruffano (LE),Hall 9 / C27,interpack2026.3060556,DhxZA8x9QteHBMAGEvVLag
Alpha-Pack Holdings Limited,"Hong Kong, China SAR",Tsuen Wan,Hall 14 / D18,interpack2026.3047487,AlGm0qhTTUKFEfSA4ifcwA
Alphacath Ltd GaiaPod,United Kingdom of Great Britain and Northern Ireland,"Merseyside, Prenton",Hall 7a / C10,interpack2026.3055352,nmb8YwkMSOGRuz4gKBRXVA
ALPMA Alpenland Maschinenbau GmbH,Germany,Rott a. Inn,Hall 14 / C35,interpack2026.3034477,PrSsrcjUSqedQGKVeDcoPw
ALPY GIDA MAKINA SAN. VE TIC. LTD. STI.,Türkiye,Istanbul,Hall 1 / C07,interpack2026.3007105,24NkO9S7S82jRAIFctCOAw
ALSystems srl,Italy,San Casciano in Val di Pesa (FI),Hall 15 / C03,interpack2026.3012142,HMsopzQ0QHOJmJzBAMWKkg
ALTECH SRL Advanced Labelling Technologies,Italy,Bareggio (MI),Hall 8b / C48,interpack2026.3007390,UoEFk5USTnO3DwhdBRc1Xg
ALUTEC S.R.L.,Italy,Reggio Emilia,Hall 18b / D03,components2026.3039541,qRbDyOLrRzi8BycwD5LmVg
ALWA smartPins GmbH,Germany,Deißlingen,Hall 18a / E24,components2026.3062795,AF4kPw4iTtCi9upxXMQBwA
AM Trading UK Ltd.,United Kingdom of Great Britain and Northern Ireland,London,Hall 8b / E76,interpack2026.3071883,QNwKscO3S2mMfnQBs7MqfA
AMANA PLAST,Egypt,Cairo,"Hall 7, level 2 / D05",interpack2026.3045372,UQiT7u49SZKD1QOp4vG2kQ
Amandus Kahl GmbH & Co. KG,Germany,Reinbek,Hall 3 / E91,interpack2026.3012059,vIwDxCa4TxilXctUxAGziA
AMB Spa,Italy,San Daniele del Friuli (Ud),Hall 9 / C04,interpack2026.3022316,TjlQc9m0SReTEdTh5WKOiQ
AmbaFlex Spiral Conveyors Solutions B.V.,Netherlands,Zwaag,Hall 13 / A63,interpack2026.3006998,5nXRud4wRqSnGzyHulncgQ
AMBALAJ KULUBU MAKINE KALIP PLASTIK SAN. VE TIC. LTD. STI,Türkiye,Tuzla,"Hall 7, level 1 / E05",interpack2026.3008398,3eEHknfxQ3CXTgUyk9hl4g
Amec Envasgraf Packaging Machinery Association,Spain,Barcelona,North Entrance 1 / N1,interpack2026.3036288,F5iNomOeSumBokbymZx31Q
American Extrusion International,USA,"South Beloit, IL",Hall 3 / A74,interpack2026.3037179,vwJKRCwIQ4uAXos7xl0m5A
American Pan,USA,"Urbana, OH",Hall 1 / A12,interpack2026.3075999,n0nhGKwHRkSNM3OVgjfnqg
American Pan,USA,"Urbana, OH",Hall 1 / A12,interpack2026.3075999,n0nhGKwHRkSNM3OVgjfnqg
Ameson USA Packaing Inc.,USA,"Dallas, TX",Hall 10 / C11A,interpack2026.3006936,LAqEYaiMRKWhzweiLL5a6Q
AMF Bakery Systems Europe BV,Netherlands,Gorinchem,Hall 1 / A69,interpack2026.3010912,XzMJJJlFRZSkfFG8jFLCSw
amixon GmbH,Germany,Paderborn,Hall 1 / D18,interpack2026.3007567,NYPGNSe6Tp2genD7RJ4bMg
Ammega Group BV,Netherlands,Heerhugowaard,Hall 1 / B28,interpack2026.3047219,GyCy3Zg2TMmVl1WODNjv3Q
Ammega Italia S.p.A.,Italy,Mathi (TO),Hall 1 / B28,interpack2026.3066613,7t4tPV5USIy9uCtydhCHRQ
Ammeraal Beltech,Netherlands,Heerhugowaard,Hall 1 / B28,interpack2026.3047219,GyCy3Zg2TMmVl1WODNjv3Q
Ampack GmbH,Germany,Königsbrunn,Hall 6 / B29,interpack2026.3038586,awtM9qSrSVm79cq0YoYISA
Ampco Pumps GmbH,Germany,Herxheim,Hall 3 / C76,interpack2026.3040831,Ba1cOEuNSamB3jz0McP5fA
AMUTEC SRL,Italy,Greve in Chianti (FI),Hall 8a / D66,interpack2026.3066053,7ZyrI4xlRWq7cKwvlwaFAA
An Phat Bioplastics JSC,Vietnam,Hai Duong,"Hall 7, level 2 / C30",interpack2026.3007326,D4JlOjksRbSpaSF1bPxrdw
"ANAM AUTO PACKER CO., LTD.","Korea, Republic","Bucheon-Si, Gyeonggi-do",Hall 6 / E09,interpack2026.3065302,32E56bWZRqyWORVBvHXlig
"AND&OR, S.L.U.",Spain,Palomares Del Rio (Sevilla),Hall 13 / D46,interpack2026.3024173,ws1Ph2VlQXWFOVD2pSyWxQ
ANEOLIA SARL,France,Moissy Cramayel,Hall 9 / F16-6,interpack2026.3074994,OHSaxLKFR3aZeAu5sMMAQA
ANFI packaging technologies Co. Ltd.,Türkiye,Sakarya,Hall 13 / A14,interpack2026.3016405,t6oU2RmdRDO0Nbs6Z2Vnkw
"Angelus, a BW Packaging brand",USA,"St. Louis, MO",Hall 6 / C79,interpack2026.3011593,83pzX1c4Q26YFlyAUgCNuA
"ANHUI FUCHS INTERNATIONAL TRADE CO., LTD",China,Hefei,"Hall 7, level 2 / G47-3",interpack2026.3064698,8ORN9tJVQT2vL2nLHJS60g
"Anhui Fulin Environmental Protection Science and Technology Co., Ltd.",China,"Huaibei City, Anhui province",Hall 8b / H40-4,interpack2026.3065789,JWbkB2nXQrKL4bJjznD3iA
"AnHui Hengchang New Material Co., Ltd",China,"Suzhou City, Anhui province","Hall 7, level 2 / D46-6",interpack2026.3064845,c0ybaARaT96uPB9vWhsigA
"AnHui Hoisun Crafts Co., Ltd.",China,Hefei,Hall 8b / H40-5,interpack2026.3067011,gL3zfczFQoG1gG59vFjSfw
"Anhui Jumei Biological Technology Co., Ltd",China,"Wuhu, Anhui","Hall 7, level 2 / G13",interpack2026.3011635,S3erFdRGQdO5BAv8D7V6Vw
"AnHui KaiLai Packaging Co., Ltd.",China,"Bengbu, Anhui",Hall 8a / E31,interpack2026.3007860,xWXxHClHQ4aQQY62ziEW1Q
"Anhui Lenkin Packaging Co., Ltd",China,Anhui,"Hall 7, level 2 / A43-4",interpack2026.3067154,4Yqg8AY0TIqdTiZazRlbng
"ANHUI LESUI NEW MATERIAL CO., LTD",China,"Chuzhou City, Anhui","Hall 7, level 2 / A43-6",interpack2026.3067152,tzG2fnetR2WPlBprXYEaAA
"AnHui REALLY PRECISION TOOLS Co.,Ltd.",China,"Maanshan City, Anhui",Hall 18b / G04,components2026.3045542,Rs5r2e8jTEuBP8j9OgNvog
ANJANI CLOSURES PRIVATE LIMIED,India,Ahmedabad,Hall 8a / F64-7,interpack2026.3067361,4jWy4wHJRfutOnM8rrQqiQ
"ANQING CITY SHUANGLONG PAPER CO., LTD",China,Anqing,"Hall 7, level 2 / A43-2",interpack2026.3067156,mAmjp7v3RaGP7UuFDXUBQg
"ANQING LUSH PAPER INDUSTRY CO., LTD",China,"Anqing, Anhui",Hall 7a / D17,interpack2026.3010424,aeAcQ3E2QIqjO18wcGH4vg
"Anqing Shenghua Paper Packaging Co., Ltd",China,"Anqing, Anhui","Hall 7, level 2 / A38-2",interpack2026.3067130,jVNKVb6kSDGbWjCPpEmZKw
Anqing Zhongrun Packaging Co.;Ltd,China,"Daguan Distrcit, Anqing, Anhui Province",Hall 8b / H40-10,interpack2026.3066076,mJ3meiPVQjKt1RbMZEEd6w
Anritsu Corporation,Japan,"Atsugi, Kanagawa",Hall 11 / B20,interpack2026.3016941,G6bfVb69St2EIYV04642sw
ANRO Firma Poligraficzno-Handlowa Sp.z.o.o.,Poland,Zawiercie,"Hall 7, level 1 / C31",interpack2026.3030802,ZNxn0CdBRSCFOoZCLil74g
Anselmo Impianti Srl,Italy,Bene Vagienna (CN),Hall 3 / D91,interpack2026.3059468,Qa7J1ogFTRGhLkHESHGL1g
Anser Coding Inc,Taiwan,New Taipei City,Hall 8b / C85,interpack2026.3010198,5ZESTbfJRfm3VNI5oSj6Kg
ANTARES VISION S.p.A,Italy,Travagliato (BS),Hall 15 / B19,interpack2026.3039654,HFR2pYB6RIOBQPFthWvCwQ
"Antipoda, Lda",Portugal,Maia,Hall 12 / D57,interpack2026.3009536,zCia6GN3SIuiRWvPCEkbMw
"Antonio Mengibar, S.A.",Spain,Rubí (BARCELONA),Hall 13 / C74,interpack2026.3022330,UniwCWiMQ5q5po2Xxx1ENw
Anytron (Bitek Technology) Inc.,"Korea, Republic",Incheon,Hall 8b / D78,interpack2026.3040748,fb47rByKQb291z9rkHy8Og
APACK Ambalaj Makine Sanayi ve Tic. Ltd. Sti.,Türkiye,Ataşehir - Istanbul,Hall 5 / E04,interpack2026.3007394,vCyvnb8VRGepgJ0cXVlGrQ
"Apex Machinery & Equipment Co., Ltd.",China,Zhuhai,Hall 1 / D79,interpack2026.3024592,rgaxDw6iQumph2ev0yEG0Q
Apex-Desco Machine Company Corp.,USA,"Fort Lauderdale, FL",Hall 8b / E41,interpack2026.3037785,XYP283bhSiuA28kpXwg9uQ
Apinox s.r.l.,Italy,San Fior (TV),Hall 3 / C65,interpack2026.3007147,BTo3FOvYS4S4VgLbpBEF0A
APLIX S.A.,France,Le Cellier,Hall 10 / C39,interpack2026.3033344,IG1f2hRcQSOe0hqLCskFVA
APM - ANGIDIS STAMOS & SON GP,Greece,Thessaloniki,Hall 1 / A16,interpack2026.3019968,qIdBPJ9ASCKVcxf307TMXQ
Apollo Industries (Partnership),India,"Pardi, Gujarat","Hall 7, level 1 / B37",interpack2026.3007302,XOzZZImQRPmokEasNBNbOQ
APP ITALIA Srl Asia Pulp and Paper,Italy,Padova,"Hall 7, level 1 / D18",interpack2026.3018259,M0vlRKnmT9uu8GxsB21xcA
Apparate- & Behältertechnik Heldrungen GmbH,Germany,An Der Schmücke,Hall 3 / F04,interpack2026.3036566,cou9DCMcTRqx9aEzIiRX0w
APS Tech Group GmbH,Germany,Ellwangen (Jagst),Hall 16 / D72-7,interpack2026.3038069,xOPtJHF0Tru6GdR9kyTGcQ
AR-CAN Makina San. ve Tic. A.S.,Türkiye,Cigli - Izmir,Hall 1 / C47,interpack2026.3033022,lEqBUGAUTgWokMJ0gu95fg
Aran Germany GmbH,Germany,Lohne,Hall 10 / D40,interpack2026.3072226,UamAATd3TkiDZlmxOr25hQ
"Aranow Packaging Machinery, S.L.U.",Spain,Polinya - Barcelona,Hall 16 / A54,interpack2026.3034898,uTzKmx2jRQa2FqUJs0pF6g
Arca Etichette S.p.a.,Italy,Marcallo Con Casone (MI),Hall 8b / C38,interpack2026.3007287,kStL4KuZQ7GxZhYIyDkwLg
"Arcil, a BW Packaging brand",USA,"St. Louis, MO",Hall 6 / C79,interpack2026.3011593,83pzX1c4Q26YFlyAUgCNuA
ARCPLAST PLASTIK A.S.,Türkiye,Tuzla/Istanbul,Hall 9 / J24,interpack2026.3033366,i2POfbHiT8yZpyaAEsV1Bw
AREA S.r.l.,Italy,Rodano (MI),Hall 12 / C73,interpack2026.3006811,RRFSqwu6Sye3xTj1W795Tw
Argentina - AAICI / Export.Ar Fundacion Argentina para Promocion de Inversiones y Comercio Internacional,Argentina,Buenos Aires,Hall 6 / A30,interpack2026.3040916,3cRAnudvQtKR0rZyXoW3MA
"ARICODE (CHINA) TECHNOLOGY GROUP CO., LTD",China,"Wuhan, Hubei",Hall 8b / H80-2,interpack2026.3066713,S5eyfN2nSMi7A5qUhkrk5A
Aries Packaging Film SL,Spain,"Pinto, Madrid",Hall 9 / J32,interpack2026.3026410,8I9IHcJSQDiiIficzViUuw
ARIETE LTDA,Brazil,São Paulo,Hall 4 / D25-5,interpack2026.3059469,wsmnhaUdTBC4lIRSdWCboQ
Aristo Flexi Pack Partnership Firm,India,"Ringanwada, Daman",Hall 8a / F65-5,interpack2026.3067349,r6mXARDdRiKJkScTfpbXSw
Armando Alvarez Group S.A.,Spain,Torrelavega,Hall 10 / B43,interpack2026.3031910,sKITGr2lRKmyZkPJ438WTA
Armasan Ambalaj A.S.,Türkiye,Cerkezköy/Tekirdag,Hall 10 / D88,interpack2026.3012092,b2GRqX4XTOe6Q4SOqR7YxA
ARMELL MAKINA AMBALAJ GIDA SANAYI IC VE DIS TIC. LTD. STI.,Türkiye,Izmir,Hall 17 / B56,interpack2026.3009801,dDAoN88CQKC4d69e0vksnw
ARMOS S.A,Greece,Larisa,Hall 8a / F30,interpack2026.3036819,u54lJwg3Tj2U3PLJDnd0jQ
Arnes Ambalaj San. Tic. A.S.,Türkiye,Silivri / Istanbul,Hall 10 / C14,interpack2026.3012561,kFUDq2PEQSixekBKQobEjw
Arodo GmbH,Germany,Buchholz (Westerwald),Hall 12 / D53,interpack2026.3037629,qwoCrbK5SiumVEj7JxZU2w
AROL S.p.A.,Italy,"Canelli, (AT)",Hall 15 / B38,interpack2026.3033080,rrWOtwOLQ4Gh6k62qtFwNw
Aronpak,Italy,Parma,Hall 11 / E65,interpack2026.3006865,HYxXlsZNQGWVGL49ec4HFA
Arotek Group Gıda Makine İç ve Dış Tic. San. Tic. Ltd. Şti,Türkiye,Istanbul,Hall 12 / E81,interpack2026.3024190,nzKKa4tuS26uURkRNCZWrQ
ARP - Automation Robotic Packaging,France,Le Poinconnet,Hall 7a / C28-6,interpack2026.3069408,i5A7LnFRSRa9y0xQ6NuMJA
Array Technologies,USA,"Glastonbur, Ct",Hall 8b / F35,interpack2026.3071658,wCwsanFiQueDFc7r5ipTpA
ARS srl,Italy,Civitella in Val di Chiana (AR),Hall 16 / B10,interpack2026.3021888,IBd1OkJZSCWrTtfN7PncwQ
Arsanmak Makina Imalat San. ve Tic. AS,Türkiye,Istanbul,Hall 12 / D82,interpack2026.3016942,OJTXrifASVandyKBRmCS1g
Artpack Kagit Ambalaj AS,Türkiye,Izmir,Hall 8a / E15,interpack2026.3037425,CmFQMIOzTlqgM2cLJlvbcQ
AS COTON AMBALAJ SANAYİ VE TİCARET A.Ş.,Türkiye,Gazi̇antep,"Hall 7, level 2 / D18-5",interpack2026.3061510,yzgarxFXQBWNWSV0gS2qRQ
ASD Packaging Manufacturers Association/RX Tüyap,Türkiye,Istanbul,North Entrance 1 / N1,interpack2026.3007357,BLAYEYKpTVagFueOr0xrVw
ASHTAVINAYAK Ecopak Limited,India,Mumbai,Hall 9 / F03,interpack2026.3007536,0fsgP0GjTmGPkH2d71PbVQ
Ashworth Belts B.V.,Netherlands,Amsterdam,Hall 13 / C27,interpack2026.3009945,TL7YXDzKSlOItg8g00VxJQ
Asia Package Industry Magazine,Taiwan,New Taipei City,Hall 9 / A17,interpack2026.3007980,eGTJAUjTRB2RW5lmZGp1Tw
Asplastik Ambalaj San. ve Tic. Ltd. Şti.,Türkiye,Arnavutkoy Hadimkoy Istanbul,"Hall 7, level 2 / F03",interpack2026.3071708,Dh4YZJZNRcSePEi7XsjaRA
Assista Industry Ltd.,United Kingdom of Great Britain and Northern Ireland,Cardiff,Hall 9 / F07,interpack2026.3061508,itFtPOyGRJOjqIPvn49R9w
AST,USA,"Tacoma, WA",Hall 15 / A42-4,interpack2026.3075664,oZLDmMGzRb2w5HtDwX88fQ
AST Kunststoffverarbeitung GmbH,Germany,Erndtebrück,Hall 10 / C43,interpack2026.3040584,cTwyFuwERY6xILbX73NtQA
AstroNova GmbH,Germany,Dietzenbach,Hall 8b / D17,interpack2026.3037005,mAqjCBjDRTGD0RJSDcut4Q
ATE PLAST OOD,Bulgaria,Stara Zagora,"Hall 7, level 1 / B21",interpack2026.3006928,2f5u8fSpSDadxKKCDCa3bg
ATEA Ambalaj San. Tic. Ltd. Sti,Türkiye,Balikesir,Hall 9 / H23-5,interpack2026.3056896,kTVGoM21QaWD4R05gcicOA
ATEC Pharmatechnik GmbH,Germany,Sörup,Hall 16 / A55,interpack2026.3007134,We3AMysiRuKGDYniP8OxUw
ATHA MAKINA AS,Türkiye,Izmir,Hall 6 / A73,interpack2026.3016740,uz3d66yMQUGPs37T1TESkQ
Atlanta Stretch S.p.A.,Italy,Poggio Torriana (RN),Hall 13 / A73,interpack2026.3031467,u7eJT8xYTDeaNzFJVzBgqw
Atlantic Zeiser GmbH,Germany,Emmingen-Liptingen,Hall 6 / D57,interpack2026.3066060,985hUkZjQOC5I0tRowqaVg
ATLAS DUNNAGE AMBALAJ SAN. ve TİC. A.Ş.,Türkiye,Merzifon,Hall 9 / H23-1,interpack2026.3056900,DLCgNKf3SmiSUIYFdrrCwA
Atlas Tapes SA,Greece,Atalanti,"Hall 7, level 0 / B04",interpack2026.3038381,hBpXX1A5QDqnTIceMFfsPg
ATP ENGINEERING & PACKAGING S.L.U.,Spain,Barbera del Valles (Barcelona),Hall 13 / B03,interpack2026.3038395,aLR99wbWTu2I39iG27xuJw
ATS Automation Tooling Systems GmbH,Germany,Kirchheim,Hall 15 / C20,interpack2026.3072899,A3X96pAYSgCmrNcGGUbKRQ
ATS Corporation – SuperTrak CONVEYANCE™,Canada,"Cambridge, ON",Hall 15 / C53,interpack2026.3043992,twRak5tdSNyHZBGVKWPXFg
ATS-Tanner GmbH Banderoliersysteme,Germany,Heidelberg,Hall 11 / D60,interpack2026.3017535,evQWeUEyRWuNJrxqs3fX9A
Audion Elektro GmbH,Germany,Kleve,Hall 11 / D44,interpack2026.3038467,IYLhKZHlQo2fNASUOIdSrA
Audion Packaging Machines,Germany,Kleve,Hall 11 / D44,interpack2026.3038467,IYLhKZHlQo2fNASUOIdSrA
Auer GmbH,Germany,Amerang,Hall 9 / A04,interpack2026.3007660,buwAmAHVQ9CMm7nSJkpMiw
AUER Packaging,Germany,Amerang,Hall 9 / A04,interpack2026.3007660,buwAmAHVQ9CMm7nSJkpMiw
Auer Signal GmbH,Austria,Wien,Hall 18b / G15,components2026.3067770,H5Ko1RoAQESSY7ZlaHcVoQ
Augasta GmbH,Germany,Trier,"Hall 7, level 1 / E35",interpack2026.3067497,1S8fHDwjTl27jaZfVTByyw
AUM PAPER PRODUCTS PRIVATE LIMITED,India,Bangalore,Hall 8a / C08,interpack2026.3007544,xkKMWZasQ5KUetGzX9U8qg
Austar Equipment Ltd,"Hong Kong, China SAR",Hong Kong,Hall 16 / C66,interpack2026.3027979,5Orh2cR0ToiPpJsUlGP4Qg
"Autofast Technologies Co.,Ltd",China,"Wenling, Zhejiang",Hall 18b / G05,components2026.3066570,UJ0eqiXuQRS3mTIoFi01jA
AutoLoader B.V.,Netherlands,Raamsdonksveer,Hall 11 / A05,interpack2026.3056873,sIWpOIVVR4qjJyr0MSlT0g
AutomationsRobotic GmbH,Germany,Massing,Hall 15 / B40,interpack2026.3014153,1RM3kRTHTWWK6MLeIBdjOQ
AUTOMATIZACION Y SISTEMAS DE INSPECCION EN LINEA GLOBAL S.L.,Spain,Gijon,Hall 7a / C15,interpack2026.3076094,Kk2fy6N2RXGie9Gi1aXfRQ
autonox Robotics GmbH,Germany,Willstätt,Hall 6 / D58,interpack2026.3036204,Av2Tt2VeS5K2zGj1thOFrg
AUXILIAR CONSERVERA S.A.,Spain,Molina de Segura,Hall 7a / B12,interpack2026.3069418,CRunGRf0T7SVUeYNFArk6A
AVEKO AMBALAJ DIS TICARET LIMITED SIRKETI,Türkiye,Istanbul,"Hall 7, level 1 / C37-7",interpack2026.3058223,uJ8dFE9YTEudPIFLXUlGcQ
AVENTUS GmbH & Co. KG,Germany,Warendorf,Hall 12 / A27,interpack2026.3059642,Hi4mYexcRyKAeL0A3TH5lQ
AVENUE PACK I.K.E.,Greece,"Koropi, Athens",Hall 8a / F14,interpack2026.3033395,sCaxpHrLSdunRkuW32TjPQ
AWEMA AG,Switzerland,Oberneunforn,Hall 4 / A24,interpack2026.3010301,cLyZLoJ3RBG9KrcvXfrOHw
Axomatic S.r.l.,Italy,Settimo Milanese (MI),Hall 15 / A42-6,interpack2026.3069569,k1tRGFRaRvyACCtAcY2a2w
AXOR S.R.L.,Italy,Cento Fraz Xii Morelli,Hall 4 / F27,interpack2026.3007556,7ZTILjFnSICMROl6qnSH8A
Ayfleks Ambalaj Limited Şirketi,Türkiye,Tekirdağ,"Hall 7, level 1 / E40-2",interpack2026.3057272,AttUcvwXQ6G5vJZQSBulyw
AYRTAC MAQUINARIA S.L.,Spain,Calahorra,Hall 5 / A03,interpack2026.3011627,hQZwddIES5SsgmvpNrsDQg
Aytek plastik kalıp ve makina San dış Tic ltd Şti,Türkiye,Istanbul,"Hall 7, level 1 / C07",interpack2026.3006670,RbrGYibCSAKv2Mbv4x0nqQ
AYTEK SOGUTMA IC VE DIS TIC. A.S.,Türkiye,Arnavutkoy/ Istanbul,Hall 1 / A53,interpack2026.3067978,NjuYF6N4RzqqbYrJdTcMWg
AZO GmbH & Co. KG,Germany,Osterburken,Hall 4 / E25,interpack2026.3007694,OAGe92rYSaqDvwphsl7L7g
B & B SILO SYSTEMS SRL,Italy,San Giovanni di Ostellato (FE),Hall 3 / A46,interpack2026.3009995,xA9aSDMnQx2RzTyS44I8Ig
B&B Verpackungstechnik GmbH,Germany,Hopsten,Hall 12 / E47,interpack2026.3007192,Euy0eTqZTcuurh8KoPvRIw
B&R Industrie-Elektronik GmbH,Germany,Friedberg,Hall 6 / E62,interpack2026.3036805,m1YqQyTlSie4YhZj8hDGmA
B&R Moll International Ltd,United Kingdom of Great Britain and Northern Ireland,"Wickford, Essex",Hall 16 / A77,interpack2026.3042764,uRGNoGySR5CfWr2dBWcnuQ
B.L. MEDITERRANEO SRL,Italy,"Minerbio, Bologna",Hall 12 / E79,interpack2026.3033958,aS1NQ4MzRpSbqrylwhXWRw
B.M. Group srl,Italy,Zanè,Hall 18a / E08,components2026.3037757,cZwqdxEnQCSjItpg8ThKxQ
B.MATIC S.R.L.,Italy,Anzola Delll'Emilia,Hall 15 / D33,interpack2026.3065623,5yF7APayQEaEF7JBti1a3Q
Backsaver BV,Netherlands,Boxtel,Hall 5 / E42,interpack2026.3007251,o0TQGKBhSqCi5iziTII6hQ
BAER PLAST SRL,Italy,Villaverla (VI),Hall 10 / E79,interpack2026.3012471,QAcCDeDgRn6OukjuXUm2ww
BAF KONSEPT MUH HIZ SAN VE TIC LTD STI,Türkiye,Eski̇sehi̇r,Hall 1 / B91,interpack2026.3057008,6rpoC3qsRWeRa0rYDGtc5w
Bagla Group,India,New Delhi,"Hall 7, level 0 / A02",interpack2026.3007050,yEJL0W6BQ9m6tFdacJCt5w
BAJLO SRL UNIPERSONALE,Italy,Signa (FI),Hall 12 / C75,interpack2026.3038482,9MTskoqLQIy9HkBWdRYPhA
Bak Ambalaj Sanayi ve Ticaret A.S.,Türkiye,Izmir,Hall 10 / D39,interpack2026.3038377,3XKWtQxITIWphcfiGv7X0Q
Baker Thermal Solutions,USA,"Clayton, NC",Hall 3 / A55,interpack2026.3069941,5Na0GfC8Qh6fuhPvwW7Cnw
BAKON Bakkerijmachines Holland BV,Netherlands,Goes,Hall 4 / C23,interpack2026.3063736,wAO6LZRyQQWaBRguK6SERg
Balluff GmbH,Germany,Neuhausen auf den Fildern,Hall 6 / A74,interpack2026.3036808,bDHKe563RY6IcepZpjX2QQ
Bamatec GmbH,Germany,Sömmerda,Hall 15 / D11,interpack2026.3057263,Rpv5tXvjTvSH5Lhu85Hrdg
Bandall B.V.,Netherlands,De Meern - Utrecht,Hall 5 / C42,interpack2026.3006808,x9xCxn15Tiqz6jOii5dAxw
BANDERA LUIGI COSTRUZIONI MECCANICHE SPA,Italy,Busto Arsizio (VA),Hall 8a / B60,interpack2026.3007813,qeuJ3JsERtSClTmC2G5pZQ
Bang Data Forms Pvt. Ltd.,India,Mumbai,"Hall 7, level 2 / F02",interpack2026.3040556,mlYp4O7rQbar11km1UTsOA
BAOJIALI NEW MATERIAL (GUANGDONG) LTD.,China,"Chaozhou, Guangdong",Hall 8b / E01-5,interpack2026.3064619,PPEobJhqTFO0hNOxPKpcXQ
BARAN-TUR INSAAT IC VE DIS TIC LTD. STI.,Türkiye,"Sehitkamil, Gaziantep","Hall 7, level 2 / E20",interpack2026.3006868,RR6ewZZ5Sk2MF9a3b66gWw
BAREKS PLASTIK FILM EXTRUZYON SAN. VE TIC. A.Ş,Türkiye,Izmir,Hall 10 / B30,interpack2026.3008827,SqppKfL8QsKuVnxsn9PP9Q
BARLETA LTD.,Romania,Bacau,Hall 8a / C14,interpack2026.3068339,9dDPwHC6R3e51dOkEVdeAw
"BARRIER PACK CO.,LTD",China,Tianjin,"Hall 7, level 2 / F38-2",interpack2026.3065950,lB6MetEoQWGftvePzIRNkA
"Barry-Wehmiller Companies, Inc.",USA,"St. Louis, MO",Hall 6 / C79,interpack2026.3011593,83pzX1c4Q26YFlyAUgCNuA
Bartelt Packaging LLC,USA,"Sarasota, FL",Hall 13 / A75,interpack2026.3069878,OZ1LY2jwR2Kl9X9nQR3HEw
Bartom S.r.l.,Italy,San Fior (TV),Hall 3 / E75,interpack2026.3007244,kpq4dG5dRwqrR5QdcI1gTw
BAŞAR TİCARET VE GIDA SANAYİ AŞ,Türkiye,İstanbul Başakşehir,"Hall 7, level 1 / E40-5",interpack2026.3058295,2vzqoKM5T5OWpf3qtOmsFA
BASF SE,Germany,Ludwigshafen am Rhein,Hall 10 / A44,interpack2026.3038388,yWPcWM3TSlKE4UD0Y4Fmng
Battaggion S.p.A.,Italy,Bergamo,Hall 3 / F55,interpack2026.3035439,kYC0eqXBQmyF73fuweKikA
Baumer hhs GmbH,Germany,Krefeld,Hall 18a / E07,components2026.3033043,M39YINagQDO976uHyaOdWQ
Baumer S.r.l.,Italy,Castelfranco Emilia (MO),Hall 14 / C01,interpack2026.3032965,7r7gxyGFRxWuLcAbOGb0Rg
Bausch+Ströbel SE + Co. KG,Germany,Ilshofen,Hall 16 / D15,interpack2026.3035434,YhBjFTlxSNqF4Js4cbDWDA
BCH (Rochdale) Ltd.,United Kingdom of Great Britain and Northern Ireland,"Whitworth, Lancashire",Hall 4 / D45,interpack2026.3007155,QyiXZkgtSBiDaTksNgUClA
BCM Engineering SAS,France,Hesingue,Hall 16 / F78,interpack2026.3024484,Zr0MWcCYQTq9urjmUqFjJw
Beckhoff Automation GmbH & Co. KG,Germany,Verl,Hall 11 / D26,interpack2026.3007475,q4YjpPpcTF2PpTEquL3RBg
BECOMIX A. Berents GmbH & Co. KG Misch- und Verfahrenstechnik,Germany,Stuhr,Hall 15 / D24,interpack2026.3009980,DxfnvIHRRm2GRDZn77wQ2w
BeeTee Packaging Pvt. Ltd.,India,Mumbai,"Hall 7, level 2 / B04",interpack2026.3007541,cVCoXiJcTR65v97MO35kbw
BEFOR SA,France,Saint Clement,Hall 9 / B24,interpack2026.3073624,0rd5E1HsQPep2kRngNdoEw
BEHN + BATES,Germany,Oelde,Hall 12 / A27,interpack2026.3032969,JfB9Qo1JRGWjJhsDfTkgkA
Beijing Hanlin Hangyu Technology Development Inc.,China,Beijing,Hall 15 / E42,interpack2026.3010300,k30pdlMYQ9uO2cMEF3AE7A
"BEIJING YINRICH INTERNATIONAL TRADING CO., LTD.",China,Beijing,Hall 1 / D01,interpack2026.3021884,dzewHYfLRyOuGtpGc1J0xg
Bekum Maschinenfabriken GmbH,Germany,Berlin,Hall 17 / B78,interpack2026.3031508,DIXth0DtT2OwByO85TFmMQ
Bell-Mark Corp.,USA,"Pine Brook, NJ",Hall 8b / G48,interpack2026.3051558,oPidfCYpT5mc0Q2zdf70Xg
Bellini e Meda Srl,Italy,Pozzolengo,Hall 4 / B06,interpack2026.3027973,hEduof7QQMGzfMkLxq2X2w
Belt Technologies Europe Ltd,United Kingdom of Great Britain and Northern Ireland,Newcastle-Upon-Tyne,Hall 4 / C01,interpack2026.3032095,vu5inmVOQkSGPf0uwmHDqA
Bema GmbH,Germany,Issum,Hall 9 / J01A,interpack2026.3049936,HZo4DvGqSUitUyp8U8Cr3Q
Benchmark Automation LLC,USA,Statham,Hall 13 / A75,interpack2026.3074015,RZjcvO2mSBOHsCHK2GCLnw
Benison & Co. Ltd.,Taiwan,Taipei,"Hall 7, level 0 / B21",interpack2026.3014846,LcjLxDiVQOKH9hllxY4Fbw
Beno Plastik Ambalaj ve Kalip San. Tic. As.,Türkiye,Kartal/Istanbul,Hall 10 / C66,interpack2026.3034424,XMJfIwUSQIKqqdHsEIXKOg
BERGAMI PACKAGING SOLUTIONS SRL,Italy,Altedo (BO),Hall 16 / B03,interpack2026.3007833,BWNzbnh4TXKse6Rdr2AklA
BERHALTER Swiss Die-Cutting A Division of BERHALTER AG,Switzerland,Widnau,Hall 11 / D80,interpack2026.3034191,WndBAFgFTtytA5iGWHLGQw
BERICAP Holding GmbH,Germany,Budenheim,Hall 10 / E67,interpack2026.3007657,4siiLc02QkyVLXZpPK9w8g
Berndorf Band GmbH,Austria,Berndorf,Hall 4 / D44,interpack2026.3010303,VtxNvB9aQe6Cjvr5KoxJLA
Bernhardt Packaging & Process SAS,France,Wimille,Hall 7a / B29-2,interpack2026.3063328,vE8AhP9nQl2NraBI0atl1w
Besser Vacuum s.r.l.,Italy,Dignano,Hall 4 / A63,interpack2026.3007377,43hJGWMESeqRTfGeUdpcfQ
BESTCODE,USA,"Fort Worth, TX",Hall 8b / E27,interpack2026.3038553,49VUAhZcTNKx5HhYvVDpqw
Betapak Makine AŞ,Türkiye,Arnavutköy Istanbul,Hall 4 / D27,interpack2026.3012086,zwAiP6yzS9Ou8HG3Hoemzg
Betelgeus Ltd.,Bulgaria,Bozhurishte,Hall 11 / E67,interpack2026.3047426,2iuw3361SiyrBQIAPkmSHQ
betubed packaging GmbH,Germany,Hamburg,"Hall 7, level 1 / D02",interpack2026.3050631,pHyHwMOLQzSF4eWMn8qq5w
BEUMER Group GmbH & Co. KG,Germany,Beckum,Hall 12 / E18,interpack2026.3037642,TpzlU9fQQIuj43E0lRsBSw
BG Pack S.r.l.,Italy,Treviolo (BG),Hall 13 / A03,interpack2026.3066829,kzq4B3oOTU2FKMbEA2c2kw
BGK GmbH Endlosband,Germany,Heidenheim,Hall 18a / C05,components2026.3024297,ie42oKVySIiq2jrG1XrLBg
BHAGWAN PACKAGING INDUSTRIES PVT LTD,India,Daman And Diu,Hall 8a / F65-2,interpack2026.3067218,MD6GDU2NTr2ZFdpQ2PKsXQ
BiBP Sp. z o.o. Bag in Box Poland,Poland,Zator,"Hall 7, level 1 / B29",interpack2026.3037667,3aoLJ7oHRYKCCGVtXfozVA
Bihl + Wiedemann GmbH,Germany,Mannheim,Hall 18b / D02,components2026.3034711,NaY5Kx2TRsWGsUXiUSdhpg
BILSA CELIK PLASTIK AMBALAJ GERI DONUSUM INS. SAN. VE TIC. LTD. STI.,Türkiye,Adana,"Hall 7, level 1 / E40-6",interpack2026.3058872,gZNqEudFSu6k9rqTpOe0SQ
Bilwinco A/S,Denmark,Hjørring,Hall 6 / B08,interpack2026.3068674,0EvAEWA8T8KakpqdhUAYEA
Binny Wads Pvt. Ltd.,India,New Delhi,"Hall 7, level 1 / A42",interpack2026.3011159,VxdWdszzRV6ygHAhKwidrw
Bio4Pack GmbH,Germany,Nordhorn,Hall 9 / F01A,interpack2026.3048035,d2FMaNPAR5qUk95JTclprg
BIOMETiC srl,Italy,Brixen,Hall 6 / E01,interpack2026.3034051,TN59AiP4SWiNH4Xj5Rrfxw
Bionova Solutions Private Limited,India,"Bilimora, Gujarat","Hall 7, level 2 / E02",interpack2026.3011048,LPnXWfTPSUGNPxyqO9mIPw
BIOPAP S.r.l. Società Benefit,Italy,Settimo Milanese (MI),"Hall 7, level 0 / C20",interpack2026.3061512,R3dclRPTR1uYICKxjCE88Q
BIOPAPRO PRIVATE LIMITED,India,Mumbai,"Hall 7, level 2 / B17",interpack2026.3012198,fUuWunRGSyyubriXT55tqQ
Biriz Ambalaj San. ve Tic. A.S.,Türkiye,Gaziantep,Hall 9 / C10,interpack2026.3006969,rH5u9fQETTWsuzDChrvt8w
BIRPET AMBALAJ TIC VE SAN LTD STI,Türkiye,"Esenyurt, Istanbul","Hall 7, level 1 / E01",interpack2026.3006874,sB03SqybTFSn0mf9CxA0Gg
Bismak Vural Makina Gida Hayv. Ve Tic. San. Ltd. Sti,Türkiye,Karaman,Hall 1 / B16,interpack2026.3012395,8mukm3nKRnuZdqYfeNrXxQ
Bizerba SE & Co. KG,Germany,Balingen,Hall 14 / C55,interpack2026.3038392,sayTSq2pTKGbIgIdlxFCyg
BJT Pack GmbH,Germany,Hamburg,Hall 8a / E02,interpack2026.3009767,uf1lgGaLS1ut4JbSd3MEfA
Blisternova S.A.,Argentina,Don Torcuato,Hall 16 / B08,interpack2026.3065379,KUbXOJ2sQYalGiuQ1fimVA
BluePrint Automation B.V.,Netherlands,Woerden,Hall 14 / C40,interpack2026.3007072,a9soeuSoRWKsghydfPJZAg
Bluhm Systeme GmbH,Germany,Rheinbreitbach,Hall 8b / C65,interpack2026.3027852,nCwttayERWOueehamYGcvg
BM Color Mat Mür Ltd,Türkiye,Istanbul,Hall 18a / D03,components2026.3033051,VjJc0cRbSGaRa3l6EWUDBA
BMB International Srl,Italy,Musile di Piave,Hall 5 / E37,interpack2026.3009125,ZxoB4guFSqeG5xld1WEDcw
Boardic Eesti OÜ,Estonia,Pärnumaa,Hall 10 / E54,interpack2026.3037032,dX23pIGKRtmpPbT3ZDSLYw
BOATO PACK S.r.l.,Italy,Staranzano,Hall 13 / D76,interpack2026.3027805,8LuiTJ7ESRG8KDj2M3S3gw
BOCEDI OFFICINA Srl,Italy,Pratissolo di Scandiano (RE),Hall 12 / B15,interpack2026.3007078,rTJMAajoTwCBcR1xsAqQgQ
Bogucki Folie Sp. z o.o. Sk.,Poland,Celestynów,"Hall 7, level 1 / A11",interpack2026.3039554,ELyPjbU8TWWGGSRPLUAbSA
"Boix Maquinaria Spain, S.L.U.",Spain,San Isidro (Alicante),Hall 12 / D54,interpack2026.3027808,9qMh8dnoSuCu90esPw5Egg
"BOLEX (SHENZHEN) ADHESIVE PRODUCTS Co., Ltd.",China,"Shenzhen, Guangdong","Hall 7, level 0 / C01",interpack2026.3010317,ZZgdBOVLR7uBC0QctQS8gw
Bollore SA,France,Quimper Cedex 9,Hall 9 / D20,interpack2026.3007659,1xyMgJ76STSTQOMQ29JHOg
BOLONDI CLEANING HEADS S.N.C.,Italy,Montecchio Emilia -Emilia Reggio Emilia,Hall 18a / E16,components2026.3040073,dXsYowzYQeWgWCHF2u9XcA
Bonals Technologies S.A.U.,Spain,Barcelona,Hall 5 / E36,interpack2026.3032069,c9H28gGVSqGHZhIaRHqqjQ
Bonfiglioli Engineering S.r.l.,Italy,Ferrara,Hall 16 / A13,interpack2026.3007156,3FYx9HXXQNmGi4arprL4vw
Bonicomm Srl,Italy,Basilicanova,Hall 5 / D23,interpack2026.3037769,vGXGLSCeRRmFwaHvF2rwbA
Bonset America Corporation,USA,"Brown Summit, NC",Hall 9 / G35,interpack2026.3075931,JDK2DemaS8a7gr3b2DYrdg
Bordex BV,Netherlands,Apeldoorn,Hall 9 / H22,interpack2026.3027548,qiLtbvBkRhK2D5H7Mvz4DQ
Bosch Rexroth AG,Germany,Lohr am Main,Hall 6 / A42,interpack2026.3038545,mKAqMMPNQqaX4RlYLyPfgg
BOSCO WRAPS LTD,United Kingdom of Great Britain and Northern Ireland,London,Hall 12 / E23,interpack2026.3055015,4QBy0rmDR9Cu4P9ssjpWdA
Bosger SP. z.o.o.,Poland,Warsaw,"Hall 7, level 1 / A28",interpack2026.3038270,BBhCSBXQQmma3mwbNWU43A
BOSTAR ASIA PTE LTD,Singapore,Singapore,Hall 4 / E27,interpack2026.3016644,o9OF00PMT8uOJELrz1gbuw
Bostik SA,France,Puteaux,"Hall 7, level 0 / A03A",interpack2026.3039763,qV87TpkKQQm6tBL6XLwmBg
Boston Conveyor & Automation,Netherlands,Wijchen,Hall 6 / C43,interpack2026.3033511,J7050O45TvKXPkAEfy9Ytg
Boston Dynamics Corp.,USA,"Waltham, MA",Hall 15 / C17,interpack2026.3054774,XDwtyXHFQJ6O14Pto4VpTw
"BOZHOU SULE INTELLIGENT PACKING CO.,LTD.",China,"Changzhou, Jiangsu",Hall 8b / H80-6,interpack2026.3066987,V2Q2ubxTS5qWqfpXlLtwoQ
BP PLASTICS SDN. BHD.,Malaysia,Batu Pahat,Hall 10 / C32A,interpack2026.3006899,Yjv9KUDkTraphrfgikFmTA
Bradman Lake Ltd.,United Kingdom of Great Britain and Northern Ireland,"Beccles, Suffolk",Hall 5 / C22,interpack2026.3007252,mJU97ZuGSBi3eSHEN6ocgA
Brambati S.p.a.,Italy,Codevilla (PV),Hall 3 / A13,interpack2026.3007131,TrveD9HzSuqL18E1lOtYwA
Braskem S.A.,Brazil,São Paulo,Hall 9 / A32,interpack2026.3037770,VbcFtz1nQda8c6suZPLisQ
Brazilian Packaging Association (ABRE),Brazil,Sao Paulo -sp sp,North Entrance 1 / N1,interpack2026.3044625,V2D1n4OTQ0WyUZsE7OMPCg
BREITNER Abfüllanlagen GmbH,Germany,Schwäbisch Hall,Hall 16 / D72-4,interpack2026.3007832,Fwq24bxVS6enO3A5DfPbog
Brevetti Angela Srl,Italy,Arzignano (VI),Hall 15 / C15,interpack2026.3007648,WFipyzQIQjyE1wUq4QiUow
BREVETTI C.E.A. S.p.A.,Italy,Sovizzo (VI),Hall 16 / B58,interpack2026.3007119,SJrcJh8ZRLyr1VdzHyoGuw
BREVETTI GASPARIN S.R.L.,Italy,Marano Vicentino (VI),Hall 13 / A03,interpack2026.3066467,mcenKKtQQ9aB9OFARAg3Uw
Brianpack srl,Italy,Lissone,Hall 8a / D33,interpack2026.3029138,mAkAMfbfSKiWmTql641qvA
"BRIGHTSTONE INNOVATIONS GROUP CO., LIMITED",United Kingdom of Great Britain and Northern Ireland,Cambridge,Hall 7a / C23,interpack2026.3024462,wUOmqmgCSAq6QcWrkwutPQ
BRILLIANT POLYMERS PRIVATE LIMITED,India,"Ambernath, Thane",Hall 8a / F64-1,interpack2026.3067347,pauLjtaDQ8Oqgvk9tgzQ3w
BRONSE MAKINE LTD. STI.,Türkiye,Bursa,Hall 12 / E32,interpack2026.3009565,T72bzcXLRaij9rYWHBAFlg
Brückner Group SE,Germany,Siegsdorf,Hall 8a / C57,interpack2026.3011915,sQcUZFPyTUOE0HfmGQbHzg
Brückner Maschinenbau GmbH,Germany,Siegsdorf,Hall 8a / C57,interpack2026.3016752,3CwVEjOySPyT6MvZUmBmzQ
Brückner Servtec GmbH,Germany,Siegsdorf,Hall 8a / C57,interpack2026.3017467,ftcHRvGbRaOHs9sX98zGcQ
Brunner GmbH,Germany,Altdorf,Hall 8b / G58,interpack2026.3060706,YTJX0jMMRYanoxYOcKrwYA
Brunner-Anliker GmbH,Germany,Waldshut-Tiengen,Hall 3 / D22,interpack2026.3062124,DpKkWaUeToqWtMrchKAj3w
Bruns & King Solutions B.V.,Netherlands,Almelo,"Hall 7, level 1 / D09A",interpack2026.3010186,pUNaiiv7TQevJHp4XCBIYA
BSA Schneider Anlagentechnik GmbH,Germany,Aachen,Hall 1 / B19,interpack2026.3035593,lXycaC3HQlebLXkzMN709Q
BSC Argentina SA,Argentina,Caseros,Hall 6 / A30,interpack2026.3066992,wrjh5eDhTB2axA5733KFEQ
BUBNA POLYSACK INDUSTRIES by Shyam Sunder Bubna,India,Surat,Hall 8a / F64-5,interpack2026.3067355,7lRl3kzbRF2wfRNfQlTJeA
Bucher Automation AG,Germany,Marbach am Neckar,Hall 16 / D72-2,interpack2026.3007150,y0xPszDQSF2kOMixfSQebQ
Buergofol GmbH,Germany,Siegenburg,Hall 10 / C71,interpack2026.3007299,AQ573NO4THutHFOCfbkAHg
Bühler AG,Switzerland,Uzwil,Hall 3 / C46..C47,interpack2026.3007090,CywFXLrGSYuoSPIrebLc2Q
Buhmann Systeme GmbH,Germany,Weiler-Simmerberg,Hall 11 / G39,interpack2026.3008785,kOxenQdMS5WGYs0k9ohhKg
BULL PACKAGING INTERNATIONAL LIMITED,"Hong Kong, China SAR",Hong Kong,"Hall 7, level 2 / G21",interpack2026.3021710,sLkUA0uOQaqjptXgGx10fA
Bundesverband Glasindustrie e.V.,Germany,Düsseldorf,Hall 10 / C60,interpack2026.3039868,VWZzSjBtRauZy3z4bsFFiw
Burford Corp. a Division of the Middleby Corporation,USA,"Maysville, OK",Hall 3 / A47..A55,interpack2026.3032067,QsTDCU8tQOOo0VXE7nVXkw
Busch Vacuum Solutions,Germany,Maulburg,Hall 5 / D05,interpack2026.3007222,upUKSR3fS2GmLD0gykUmNg
BUSINESS FRANCE Agence Comptable - Accounting Department,France,Marseille,Hall 9 / F16-2,interpack2026.3071674,fOuh7GuTQOeg92qfi0sVjw
Business France EPIC,France,Paris,Hall 9 / F16..G23,interpack2026.3037767,fWU8y7qqSFmOmQg1EUuLmA
Business France EPIC,France,Paris,Hall 7a / C28-4,interpack2026.3069419,laKUW7G4QtWOe6Xf9Su86Q
Butler Automatic Inc.,USA,"Middleborough, MA",Hall 11 / G75,interpack2026.3007546,vr0dhaCMQHaHt34ue5iuCA
BUYO Bioplastics Company Limited,Vietnam,Hanoi,Hall 9 / E09,interpack2026.3038122,fwpAp3P8SYWDm5lBC4dzXQ
BUYPOINT TECHNOLOGY Ltd.,"Hong Kong, China SAR",Wanchai,"Hall 7, level 0 / A21A",interpack2026.3012563,iXpk6yIaSgWWZx4jYheO1Q
"BW Packaging, a Barry-Wehmiller Company",USA,"St. Louis, MO",Hall 6 / C79,interpack2026.3011593,83pzX1c4Q26YFlyAUgCNuA
bXperts LLC,USA,"Atlanta, GA",Hall 8b / E34,interpack2026.3036853,GYiqxpE4R8qjO6ncLsazrw
BYS International GmbH,Germany,Duisburg,Hall 8a / B08,interpack2026.3008344,cGUw6D9pSSycVjKGX1aDPQ
C&C group S.r.l.,Italy,Cesena (FC),Hall 12 / E66,interpack2026.3033453,C85eWUTERYqqsajbOlPsbA
C&C group S.r.l.,Italy,Cesena (FC),Hall 12 / E66,interpack2026.3033453,C85eWUTERYqqsajbOlPsbA
C.M.E. Pty. Ltd. Composite Materials Engineering,Australia,Bayswater North,Hall 1 / A70,interpack2026.3032826,FGv0olkoQP22DzSyqpL00Q
cab Produkttechnik GmbH & Co KG,Germany,Karlsruhe,Hall 8b / D08,interpack2026.3006948,XhmWOfbcSZC6a9IwsG1bEg
CABE Process Solutions Ltd,United Kingdom of Great Britain and Northern Ireland,Leicester,Hall 1 / D21,interpack2026.3051734,7LHB6ZvgT8yfxIVimR2zYQ
Cabinplant A/S,Denmark,Haarby,Hall 5 / C02,interpack2026.3034435,ojRk9gIGQ3W9FZgRJKESqQ
Cabka Group GmbH,Germany,Berlin,Hall 10 / A22,interpack2026.3041424,yVnbsaG0QfOtHiMM5xYWSA
Cabrellon S.r.l.,Italy,Longare (VI),Hall 1 / A89,interpack2026.3032087,DkrRkWRyRgO1sRNdEJWxTg
Cabrellon,Italy,Longare (VI),Hall 1 / A89,interpack2026.3032087,DkrRkWRyRgO1sRNdEJWxTg
CADEC AUTOMATIZACIÓN,Argentina,Buenos Aires,Hall 6 / A30,interpack2026.3066995,Mbzsn9b3TKGhSk9s6IZGCA
Cafosa Gum S.A.,Spain,Barcelona,Hall 1 / D69,interpack2026.3036740,14R4V6OaTlG4Q94D3Ft35Q
Caglayan Plastik Ambalaj Ins. Mob. San. ve Tic. A.S.,Türkiye,Konya,"Hall 7, level 1 / B25A",interpack2026.3025648,Osnyo84USqGBxZD8DOEAAg
"CAM packaging machines for pharma, cosmetics, food",Switzerland,Basel,Hall 15 / A02,interpack2026.3008032,KOYNIY6oQKmGd0Lxp1ZPSA
CAM-AMRP,Switzerland,Basel,Hall 15 / A02,interpack2026.3008032,KOYNIY6oQKmGd0Lxp1ZPSA
Cama Group S.p.A.,Italy,Molteno Lecco,Hall 13 / A33,interpack2026.3006926,5AKoszaGQdKncrXJp9CSeg
Cambay Technopack Private Limited,India,Surat,Hall 8a / C04,interpack2026.3007542,6VMjqxfRT8mAw6GlOhjsvA
CAMEC SRL,Italy,Cittadella (PD),Hall 14 / A39,interpack2026.3016641,fMyRCjUKRsmiGT94kw7EeA
Camen Quimica S.A. de C.V.,Mexico,Iztacalco,Hall 9 / J14,interpack2026.3039565,UycJ98PxQUaAF0ZVE57U3g
Camozzi Automation S.p.A.,Italy,Brescia,Hall 16 / D72-14,interpack2026.3036989,ufjRkqIBQ8O8ZkdosStyRg
Campagnolo S.r.l.,Italy,Galliera Veneta,Hall 1 / D90,interpack2026.3055772,G4wRseq5RLWeFVu7vHCFeg
"Cangzhou Eiahe Packing Machinery Co., Ltd.",China,Cangzhou,Hall 6 / E78,interpack2026.3007322,rx86YZqoSdy3vOTwlJPNpA
Caniel industries A.T.G L.T.D,Israel,Kiryat Gat,"Hall 7, level 1 / D21",interpack2026.3038399,NpVkZCBBSFaceG85osut0A
Canyon Europe Ltd.,United Kingdom of Great Britain and Northern Ireland,"Newtownabbey, Northern Ireland",Hall 10 / D89,interpack2026.3037720,nJOLLXPTS2mE7hn1oTTsNA
Caotech B.V.,Netherlands,Wormerveer,Hall 3 / E36,interpack2026.3036555,RcUmMgzeTVyFcDDGYOYKag
CAPA International GmbH,Germany,Wuppertal,Hall 9 / A01,interpack2026.3021090,wTDUwgQXTOW1NCiJSsuScQ
CAPA International,Germany,Wuppertal,Hall 9 / A01,interpack2026.3021090,wTDUwgQXTOW1NCiJSsuScQ
Capmatic Ltd.,Canada,"Montreal, QC",Hall 15 / C24,interpack2026.3007786,vm0P5Y9LR1CC8HNdFlDmZA
CARBIOS SA,France,Clermont-Ferrand,Hall 9 / G23-6,interpack2026.3068586,umy66OjzRayqxrcpuxZdJw
Carcano Antonio S.p.A.,Italy,Mandello del Lario (LC),Hall 9 / E14,interpack2026.3034419,xlKAmJAqT2SU04z9COV8vw
Care 4 Fresh BV,Netherlands,Broek op Langedijk,Hall 7a / B09,interpack2026.3068944,f3hK6UNyRP6FUBgvZwdS5w
Cariba S.r.l.,Italy,Sasso Marconi (BO),Hall 16 / B57,interpack2026.3007120,QGMtMrfVTn2dgfN2N6Ldww
Carl Valentin GmbH,Germany,Villingen-Schwenningen,Hall 8b / D56,interpack2026.3035230,IQwasQ4RTOSYbg8FbfcV5A
Carle&Montanari,Italy,Imola (BO),Hall 4 / E05..F05,interpack2026.3029281,97SALkSbRZu8g57M0LqeLg
CARLO MIGLIAVACCA SRL,Italy,Collecchio,Hall 5 / D23,interpack2026.3037771,M0hOQtlKTnuk9NqSOK3RjA
"Carlos Sousa Indústria, Lda.",Portugal,Arrifana VFR,Hall 10 / A15,interpack2026.3038374,1MgrEfO1SvucBMGFdCIbHg
Carpentier Packaging GmbH,Germany,Schornsheim,Hall 8a / C81,interpack2026.3074712,NfPDATOaQf6I3kvA3foLcw
Carryline A/B,Sweden,Kungälv,Hall 12 / A16,interpack2026.3006812,emEz3BVGSYqORLaBOOt0OQ
CARTOBOL S.A.,Spain,Sant Cugat del Valles,Hall 13 / B84,interpack2026.3007836,yBDouu6kQTml4RWqtrnHTA
Cartonal Italia Spa,Italy,Castelfranco Veneto,Hall 10 / B52,interpack2026.3033740,WEqro5j6SWqNt62BAgJ4cw
"Carugil, S.L.",Spain,Espinardo (Murcia),Hall 4 / E24,interpack2026.3009968,VD1wyL9IRUuyAvLzjoNecw
Casfil - Industria de Plásticos S.A,Portugal,Aves,Hall 9 / J04,interpack2026.3006888,j2E0q1ZbRnOBbWwklmkQPw
Casone S.p.A.,Italy,Noceto (PR),Hall 10 / C15,interpack2026.3036295,MGdUBTgUTYqx64SiFtE40A
CASSEL Messtechnik GmbH,Germany,Dransfeld,Hall 11 / E40,interpack2026.3007081,17PX458JT8uFcrlrYuotgw
CAST AUTOMATION S.L.,Spain,Jerez de la Frontera,Hall 17 / B66,interpack2026.3059640,Fnf5Fv1yRje49n7eZcnhxw
CASTAGNA UNIVEL SPA,Italy,Guardamiglio (LO),Hall 10 / B80,interpack2026.3034598,5CRil8B1SleKw0VKi5lDuQ
"CATERWAYS Co., Ltd.",Cyprus,Nicosia,"Hall 7, level 1 / C38",interpack2026.3015762,53XBUuf8SjelJ5I3MB9P0Q
Caucaspack LLC,Georgia,Rustavi,Hall 9 / H03,interpack2026.3006884,dVYXDGzzQbOXPmrYWVuWFw
Caucasus Paper Products LLC,Georgia,Tbilisi,Hall 8a / F17,interpack2026.3072474,vDvPz8exTtewEAfO94FzRA
Cavanna S.p.a.,Italy,Prato Sesia (Novara),Hall 3 / B74,interpack2026.3007333,BVnrMvXqSs6MQ7RTu9Oxfg
CCL Label GmbH,Austria,Dornbirn,Hall 8a / B30,interpack2026.3006985,r5vGelDoSPuhCogRg5mf3Q
CDA Deutschland GmbH,Germany,Leun,Hall 8b / E17,interpack2026.3035231,ZirkCqzDSNqPGAL9uQQaXQ
CDF Corporation,USA,"Plymouth, MA","Hall 7, level 1 / C28",interpack2026.3030809,OU45YxsLSxW6f1hK9r3Ccw
CDM Sp. z o.o.,Poland,Ksawerów,Hall 10 / C02,interpack2026.3013903,DzQBNu9GTLyrDIvhpYNdNA
CEIA S.p.A.,Italy,Civitella in Val di Chiana (AR),Hall 11 / D59,interpack2026.3007471,rnst2w4kTqW626HzrXMGkw
CEIA,Italy,Civitella in Val di Chiana (AR),Hall 11 / D59,interpack2026.3007471,rnst2w4kTqW626HzrXMGkw
"Cekaform Istanbul Co., Ltd",Türkiye,Tuzla-Istanbul,"Hall 7, level 1 / E46",interpack2026.3039577,Gp08pH41Rpm8E4LCEdDXQg
Cekmez Plastik ve Kagıtcılık Ltd Sti,Türkiye,Adana,"Hall 7, level 1 / C37-1",interpack2026.3058270,KRKhrFycTRi28C4MElB5fA
Cell2Green GmbH,Germany,Bad Doberan,Hall 7a / C10,interpack2026.3065849,VeYF21iQRNq9mGa9pinGZg
Celulosas Vascas SL CV Protection,Spain,Amorebieta,"Hall 7, level 1 / B06A",interpack2026.3027568,lGzs5PVrS0eOk8liZQ0otQ
Cepi S.P.A,Italy,Forli (FC),Hall 3 / E92,interpack2026.3025293,nSGvzalXTTy58VWDIT80Pg
CEREX AG,Switzerland,Burgdorf,Hall 3 / B36,interpack2026.3036565,sa8OHXLdSYiTIYyoDvtaiw
Cerrion AG,Switzerland,Zürich,Hall 18a / G11,components2026.3072331,H1Z2DO1kRAyVo7egozE6BQ
CESELSAN MAKINA SAN. VE TIC. A.S.,Türkiye,"BULANCAK, GIRESUN",Hall 3 / A96,interpack2026.3036597,cv19onlpRAe3qSP9o0RhuA
Cesur Ambalaj Sanayi ve Ticaret A.S.,Türkiye,"Kartal, Istanbul",Hall 10 / B20,interpack2026.3021862,7nGkQI98SRKrhkuHW0GFAQ
CETA Testsysteme GmbH,Germany,Hilden,Hall 18a / G15,components2026.3065740,6ivgewc8SAGeXpGK8vd1sg
Cetec Industrie S.A.,France,Chancelade,Hall 11 / E10,interpack2026.3007205,1bppiaGkTCeJDYnA3jhjhA
Cevikbas Matbaacilik Ve Ambalaj Sanayi A.S.,Türkiye,"Selçuklu, Konya",Hall 10 / D78,interpack2026.3006981,Pf969Q9lSKSDDv6SWAKdZg
CEZ Brand Management Ltd.,Canada,"Oakville, ON",Hall 15 / D13,interpack2026.3039707,7g8reK1wSPmRXSlVZMEz0A
"CFI-2001, S.L. FIBOSA GLOBAL",Spain,Riudellots de la Selva,Hall 4 / D28,interpack2026.3073879,GC4hsWtGRVCCU0le4mVsAA
CFL Industries Sdn. Bhd.,Malaysia,"Simpang Ampat, Penang",Hall 10 / D53,interpack2026.3012473,0ORi6hfWQxq5qOvsSIdSIA
CFT SPA,Italy,Parma,Hall 13 / C34,interpack2026.3031477,KFDcPrHITni1N3PQRzyl8w
CGP Industries SAS CGP Coating Innovation,France,Cebazat,Hall 10 / E97,interpack2026.3033382,DBbrkjMESEi2E6RxpAlZ6w
"CHANGYA NEWMATERIAL TECHNOLOGY CO.,LTD",China,Ningbo,"Hall 7, level 2 / A30",interpack2026.3066951,58MwZHxDRQeVxgbxVGGbYQ
"Changzhou Huituo Technology Co., Ltd.",China,"Changzhou, Jiangsu",Hall 15 / C43,interpack2026.3060995,kVaYpMp3QqmyJY5UMgXKUA
ChangZhou Jerry Packaging Technology Co.Ltd,China,"Changzhou, Jiangsu",Hall 15 / B06,interpack2026.3007211,Kb5qmUgXQm2qpBTBk2x9Ug
"CHANGZHOU NE-TRANS INTERNATIONAL CO., LTD.",China,"Changzhou, Jiangsu",Hall 8b / H80-22,interpack2026.3066371,bN134nOMSo6qq1eDHVfamw
"Chaozhou Ruihong Printing Co., Ltd.",China,"Chaozhou, Guangdong","Hall 7, level 2 / F06",interpack2026.3067606,0uLw5DaLTKSz1uZ1iZWCLQ
"CHAOZHOU YUMENG PACKAGING INDUSTRIAL CO., LTD.",China,Chaozhou,"Hall 7, level 2 / C15",interpack2026.3075935,xln9lMgKSkug3k6DEWUc9A
Chemische Fabrik Budenheim KG,Germany,Budenheim,Hall 9 / C13,interpack2026.3038384,TRu6Iy2aSQyPSRJyzjbe4A
"CHEMPEOPLE CO,. Ltd","Korea, Republic",Suwon,Hall 7a / C02,interpack2026.3065236,5JQNdMa7Qymq2PiJRu5FOw
CHEMProjekt GmbH,Germany,Dresden,Hall 1 / B36,interpack2026.3057187,ONllh3VuRpudILTcYn7SqQ
"CHENGDU SANKE INDUSTRY CO., LTD.",China,Chengdu,Hall 3 / C04,interpack2026.3015578,GG8QT3vWSxqvmkpAJTvlmQ
"Chengdu Shengli Machinery Equipment Co., Ltd",China,"Chengdu, Sichuan",Hall 13 / D45,interpack2026.3065857,rRLjV33jQsOPFyde5eMe0A
Chiorino S.p.A.,Italy,Biella,Hall 4 / A48,interpack2026.3027974,Fp9SHWRnQd6iRiBXU9aoDg
Chiriotti Editori SRL,Italy,Pinerolo (TO),Hall 4 / F02,interpack2026.3013789,Xnr7NoYXQXWEb87YlmwhIA
Chiripal Poly Films Ltd.,India,"Ahmedabad, Gujarat",Hall 9 / G04,interpack2026.3007916,VF123yDGRbqk6uXR5t51Hg
CHOCOTECH GmbH,Germany,Wernigerode,Hall 3 / F04,interpack2026.3010920,7JIklr1cTaqiDbsGygb8OA
"Chongqing ARISE Technology Co., Ltd.",China,Chongqing,Hall 18b / G01,components2026.3067107,Iu4Kg2vxSTyzRYXWlL9mGg
Christ Packing Systems GmbH & Co. KG,Germany,Ottobeuren,Hall 16 / A04,interpack2026.3007101,xCbLfFtZQDCT5rfDnFzuzQ
ChumPower Machinery Corporation,Taiwan,Taichung,Hall 12 / A77-2,interpack2026.3054062,lCQzR6tcR8OrbipGqYR7ZA
"CHUO KAGAKU CO.,LTD",Japan,Tokyo,"Hall 7, level 1 / D02A",interpack2026.3026624,bMlLXzxrTSensz2Bt5Qeqg
Cidiesse Engineering S.r.l.,Italy,Piovene Rocchette (VI),Hall 11 / G44,interpack2026.3023166,fZFqcSnMRASsinVSmoRYTQ
CIM A/S,Denmark,Viby J,Hall 15 / B12,interpack2026.3033659,ATkffjIMQgORWSgBCZEm2Q
Cimbria S.r.l.,Italy,Imola (BO),Hall 3 / F45,interpack2026.3012141,kBedrKKGSMalUWv7LCAEUg
"Cintas Adhesivas Ubis, SA",Spain,Hernani,"Hall 7, level 0 / A04",interpack2026.3025077,70MdJSAwSq2qT2tp50WmJw
CIRCLE EUROPE Co. Ltd.,China,"Hefei, Anhui","Hall 7, level 2 / G47-1",interpack2026.3064609,O4yKVTLBQOKyzoPaBLF6dA
CITRON,Georgia,Samtredia,Hall 8a / F17,interpack2026.3072098,ZZpmUnuMQpiuI5wzqhtQqw
Citronix Inc.,USA,"Arlington, TX",Hall 8b / C35,interpack2026.3008848,4eQ4VpC8QuWbLD6haY0d5A
Citus Kalix SAS,France,Courcouronnes,Hall 6 / D57,interpack2026.3064491,ioWiUFOQQ56lNyZGARq8lQ
"CIXI YANG EN PLASTIC INDUSTRY CO., LTD.",China,"Cixi, Ningbo, Zhejiang","Hall 7, level 2 / A46-2",interpack2026.3067164,UExwvtLQQPO28tLQOiIukQ
Clara Vision SAS,France,Bievres,Hall 18b / F04,components2026.3034516,fXClf9TAQaWMa1F65Atj0w
Claranor SA,France,Avignon,Hall 13 / B76,interpack2026.3036081,AuOUykq0SPG0ACJfVgC6Kw
Clearpack Singapore Pte. Ltd.,Singapore,Singapore,Hall 14 / D51,interpack2026.3038423,SGRUIJVjQGW2vYSrNc6dpg
Clevertech S.p.A.,Italy,Cadelbosco di Sopra (RE),Hall 14 / D39,interpack2026.3007460,lkDrI8PVRreh2GEqp3envw
Clextral S.A.S,France,Firminy,Hall 3 / D75,interpack2026.3009931,fuLuCYjHRNSnB9LAe85wxA
CLK GmbH,Germany,Altenberge,Hall 18a / F15,components2026.3074073,QovgmRllRc2Ayr7t1FNL1A
cm3 engineering srl,Italy,Zanè,Hall 15 / A15,interpack2026.3043990,kU2526WTQlq3fE1EdhPZgQ
CMB Srl,Italy,San Martino di Lupari,Hall 11 / A59,interpack2026.3061945,1ocTskszSPevZTKlqy1gUg
CMC - America Corporation,USA,"Joliet, IL",Hall 1 / A21,interpack2026.3007959,djpF9aRERPShfz6W5GttVw
CMF Plastik Sanayi ve Ticaret Limited Sirketi,Türkiye,Izmir,"Hall 7, level 2 / A34",interpack2026.3014156,W4XIRWy1S1ygr2L8oxFfRw
CMI Industries S.p.A,Italy,Marano Ticino,Hall 13 / A94,interpack2026.3031459,YTkMWPw1S6mLlT8B0HxEYQ
CMP Phar.ma Srl,Italy,Costabissara (VI),Hall 15 / A42-4,interpack2026.3068189,MY5iXLPvTUWA5oaGdgyWVw
CMS Ink Coding & Marking Services sarl,France,Abzac,Hall 8b / C07,interpack2026.3007838,7akmVETQQ0WNAauM4swRYw
Co-Strap / TT Endustriyel Ambalaj Makine San.Tic. A.Ş.,Türkiye,Tekirdag,"Hall 7, level 0 / B20",interpack2026.3025073,UNiwB9OfReS1itwymO5LBQ
CO.ME.T. Srl,Italy,Roddi (CN),Hall 4 / C46,interpack2026.3036560,PsMWb58BTka28A9DQrTZIQ
"COACE CHEMICAL CO.,LTD.",China,Xiamen,Hall 8b / H18-7,interpack2026.3066037,UxRKaZXJSl2zXvXLUnqCqg
Coatex Technology LLC,USA,"Houston, TX",Hall 18a / G17,components2026.3050752,XQhjRldDTmiYdjtYf8b3HA
Cobotx B.V.,Netherlands,Zwolle,Hall 1 / D16,interpack2026.3071664,pGxBUwJ8TDyjApCW6jKXmQ
Codefine International S.A.,Switzerland,La Tour-de-Peilz,Hall 10 / A10,interpack2026.3037150,FC5fsXkXRI65dikS6qABIg
CODEX Ltd.,Hungary,Budakeszi,Hall 8a / E22,interpack2026.3065770,RifzgVERTzCXJWUf99Bduw
Coesia S.p.A.,Germany,Offenbach,Hall 6 / D31..D57,interpack2026.3032853,DSgyHk7sQt2hSEh6gLtYHw
COEXPAN S.A.U.,Spain,Alcala de Henares (Madrid),Hall 10 / E44,interpack2026.3067180,mQdN1ImbRtSM8dhcckqKjw
Coffee Service Sp. z.o.o.,Poland,Warszawa,Hall 10 / D59,interpack2026.3034814,eKmbmzqvTSGl2DeBXTFBwg
Coligroup S.p.A. (Colimatic),Italy,Chiari (BS),Hall 5 / C24,interpack2026.3011598,6Fcd3NwCRGeH4BzNsUHhvA
Colines S.p.A.,Italy,"San Pietro Mosezzo, Nibbia (NO)",Hall 11 / C20,interpack2026.3024150,dOn8i0OYRGadxF2pak5jXw
Collamat AG,Switzerland,Muttenz,Hall 8b / E79,interpack2026.3063934,Pk8ZBZ6nTbmmQBF43fn0Hw
COLOR SERVICE SRL,Italy,Dueville (VI),Hall 3 / B92,interpack2026.3010156,0gP4rprjQiuAuNxwisR11Q
Colorful Packaging Limited,China,"Shenzhen, Guangdong","Hall 7, level 1 / C03",interpack2026.3036792,LDXGB5NaTxSBvVdthga0Bw
Columbus McKinnon Industrial Products GmbH,Germany,Jülich,Hall 12 / E60,interpack2026.3038581,bGTq01DgSOy7k8NpvUH87w
Colussi Ermes Advanced Washing System,Italy,Casarsa Della Delizia (PN),Hall 3 / A55,interpack2026.3069031,FpTbhNhMQCyXpwItNB5HTA
Colussi Ermes S.r.l.,Italy,Casarsa Della Delizia (PN),Hall 3 / A55,interpack2026.3069031,FpTbhNhMQCyXpwItNB5HTA
COMACO s.r.o.,Czechia,Prague 9,Hall 7a / D22,interpack2026.3068166,hi2SUdy6RMqjyszbPMp39g
COMARME S.r.l. a socio unico,Italy,Poggio Torriana (RN),Hall 13 / A73,interpack2026.3061940,ps7TvY3yRSWaK50tg6wVtA
Comecer s.p.a.,Italy,Castel Bolognese (RA),Hall 15 / C20,interpack2026.3073069,3McFRZXfRrKub1leSfEEcw
Comek Srl,Italy,Castiglione delle Stiviere (MN),Hall 14 / A70,interpack2026.3032972,3V35WC5mT1G1mC9BPFW40g
"Comexi Group Industries, S.A.U.",Spain,Riudellots de la Selva -Girona Girona,Hall 8a / F54,interpack2026.3033512,qe3OvvUOSSWbraFkmqG89A
Comi Pak Engineering S.r.l.,Italy,Schio,Hall 11 / A06,interpack2026.3038431,rKpCYTvLSlKlbDRK1FY4mQ
Commercial Syn Bags. Ltd. COMSYN,India,Indore,Hall 10 / C50,interpack2026.3014066,42IP7t5FShGeIp4jc1H3Lw
Con Plax New Pac S.p.a.,Italy,Ciserano (BG),Hall 10 / E12,interpack2026.3058224,X80reKXGRHuglvqODWvgzg
Concetti S.p.A.,Italy,Bastia Umbra (PG),Hall 12 / B10,interpack2026.3007204,rZxeuKpnRTKsbEnRKHSy3Q
Coneco Ambalaj San.ve Tic.A.Ş.,Türkiye,Ergene / Tekirdag,"Hall 7, level 1 / A40",interpack2026.3007361,7dFm3KPsSvmltgVS9mkLTg
Confitech SRL,Italy,Bruino,Hall 1 / C19,interpack2026.3037567,UO7pTaeJQJuJW5cWUsSaDw
Congost Plastic S.A.,Spain,Santa Eulalia de Roncana (Barcelona),Hall 10 / E68,interpack2026.3007499,64vt4ldrTq6HmVqUIc7RcQ
CONSENT FZCO LLC,United Arab Emirates,Dubai,"Hall 7, level 2 / D15",interpack2026.3034088,8uCLFmBTSaGXjnFykQQGBw
Conterra SA,Romania,Focsani,"Hall 7, level 2 / E16",interpack2026.3037146,5apbQmF6RLuQH5T7ywIbew
ControlTech Engineering AG,Switzerland,Liestal,Hall 8b / D31,interpack2026.3064627,cCYRkj6aT7SgsivcvJx5Zg
CONVELINE SYSTEMS PRIVATE LIMITED,India,"Ahmedabad, Gujarat",Hall 18a / C17,components2026.3050659,VUlcLQmbQwa2CVPtbADT3Q
Coonlocken Ltd,Ireland,Cork,Hall 9 / F13,interpack2026.3006912,ylEu4EgtSBGQ9KVLZSVIrw
Coperion Food Equipment LLC - Peerless Shaffer,USA,"Sidney, OH",Hall 4 / C23,interpack2026.3059968,PaStWvj8R12PTYQYPYJvgw
Coperion K-Tron (Switzerland) LLC,Switzerland,Niederlenz,Hall 16 / C41,interpack2026.3061947,kvi0zgISRaW10UqJMlPX3Q
Coperion Process Solutions LLC - Food,USA,"Kansas City, MO",Hall 4 / C23,interpack2026.3049410,vkFsch0ES4q5OZET63Oyhg
Coperion Process Solutions LLC - Health and Nutrition,USA,"Kansas City, MO",Hall 16 / C41,interpack2026.3049405,AZfTQW3HTRqNv73704HBTQ
Coperion UK Ltd Baker Perkins & Kemutec,United Kingdom of Great Britain and Northern Ireland,"Peterborough, Cambridgeshire",Hall 4 / C23,interpack2026.3059231,LCEhJpLRQBK2RlJQ4JjhIA
Coperion UK Ltd Baker Perkins & Kemutec,United Kingdom of Great Britain and Northern Ireland,"Peterborough, Cambridgeshire",Hall 16 / C41,interpack2026.3067769,XfsYJh0rQl2495ZcDuuZlQ
Cor Rijken Verpakkingen B.V.,Netherlands,Lieren (Apeldoorn),Hall 9 / A25,interpack2026.3038100,pT49NwscTjyU7m6cEBIkBQ
Corelax Ltd,United Kingdom of Great Britain and Northern Ireland,Surrey,Hall 8a / C65,interpack2026.3059443,qsvw8G1dSwWBK2UzIaAaXQ
Cosmatic SRL,Italy,Ornago (MB),Hall 15 / A42-6,interpack2026.3072184,KN56rbvFR0mcDtC0vWaGZw
COSMO FILMS Public Ltd. company,India,New Delhi,Hall 9 / B31,interpack2026.3007656,KOWP6EJiRQ6nPwHvbA0WEg
COSMOS TWISTERS PRIVATE LIMITED,India,Mumbai,"Hall 7, level 0 / A19A",interpack2026.3038248,lDlQwaeBQHy3leZpKpEahA
Coster Tecnologie Speciali S.p.A.,Italy,Pero,Hall 13 / D38,interpack2026.3049605,KRK6j0SLR5qaJyLdZg2K1Q
"Countec Co., Ltd.","Korea, Republic","Bucheon, Gyeonggi-do",Hall 16 / A24,interpack2026.3016439,cdW0iODhQMas1JfJHw1KfQ
cp cushion pack GmbH Co. KG Verpackungspolstermaschinen,Germany,Salem,Hall 8b / F13,interpack2026.3012507,ypd37HIqRJiblBwqYkTfEg
CP Italy Srl,Italy,Calderara di Reno,Hall 17 / B58,interpack2026.3007042,4lxTu9KjQgqwyfMZfHXP4Q
CPACK Ltd.,United Kingdom of Great Britain and Northern Ireland,Burnley,Hall 11 / D74-06,interpack2026.3071204,AJeW9qACQFyMqIZiNs35XA
CPM Wolverine Proctor Ltd.,United Kingdom of Great Britain and Northern Ireland,East Kilbride,Hall 17 / B60,interpack2026.3021883,t4QQPp5sRqSQuWimbWgIhQ
CPS Case Packing Systems B.V.,Netherlands,Stramproy,Hall 13 / B33,interpack2026.3038397,fiewa4uZT1mIOEeBQuUdcw
Craemer GmbH,Germany,Herzebrock-Clarholz,Hall 10 / C40,interpack2026.3007911,conh5xlETweqO7JpTj8bmA
Cremer Speciaalmachines B.V.,Netherlands,Lisse,Hall 15 / B24,interpack2026.3027968,YOscqMmFSayamUYiwuRakQ
CRESCENTO PACKAGING SRL,Romania,Bratuleni,Hall 8a / D06,interpack2026.3038267,A77Yh9NQScO6oR5LzMjAfQ
Cristallin S.A.,Belgium,Brussels,"Hall 7, level 1 / A15",interpack2026.3039456,748sVVQzTMq5Mq1tNoOCWg
"Crown New Materials Technology Co., Ltd.",China,"Zhongshan, Guangdong","Hall 7, level 0 / C03",interpack2026.3021713,9SHaqYliQtStiDJ4O2u37g
Crownpack Nigeria Limited,Nigeria,Otta - Ogun State,"Hall 7, level 2 / F30",interpack2026.3017183,EboVVikLQM6XSrHJYVgmEg
CRZ KURUYEMIS MAKINALARI CO. LTD.,Türkiye,Denizli,Hall 3 / A36,interpack2026.3007238,d9XQQBjVR1uMppyxP0afow
CSAOSZ - Hungarian Association of Packaging and Materials Handling,Hungary,Budapest,Hall 8a / E22,interpack2026.3067177,ZPgy8U56QsCxFO5aYwHG2A
CSB-System SE,Germany,Geilenkirchen,Hall 6 / C80,interpack2026.3071656,vrmttVF2RbaBc5XjtCVCrw
CSi Palletising,Netherlands,Wijchen,Hall 6 / C43,interpack2026.3033511,J7050O45TvKXPkAEfy9Ytg
CSW Germany Claudia Sinzger,Germany,Augsburg,Hall 8a / E19,interpack2026.3038385,ntZdnhNnT7m7p9rF4Ab9vg
CT Pack S.r.l.,Italy,Fossalta di Copparo (FE),Hall 14 / C69,interpack2026.3031492,Sg7DwUbdTputSNh6rGbiKQ
"CUBE GEL CO., LTD","Korea, Republic","Gimpo-si, Gyeonggi-do",Hall 15 / C47,interpack2026.3007957,9VthfLw4TVmfBC7FchiPkw
CUBII Industrial Solutions LLC,Egypt,"Dakahlia, Al Mansoura",Hall 4 / C64,interpack2026.3039708,ftBAmqrMSMKsi3kE3PwcDg
CupToYou Ambalaj Limited Şirketi,Türkiye,KapaklıTtekirdağ,"Hall 7, level 1 / E23",interpack2026.3016317,qfStC2nFRWawwsK4epJntQ
CUSINATO GIOVANNI S.r.l.,Italy,San Martino di Lupari (PD),Hall 11 / A59,interpack2026.3038419,4YiDmibORpeKcxfDt2vRxg
CVC Technologies Inc.,Taiwan,Taichung,Hall 16 / D03,interpack2026.3053754,KDOsFTfHTAiZ24BmhGWsAg
Cyklop International GmbH,Germany,Köln,Hall 11 / D23,interpack2026.3007792,VmcH4Xk9QNWPNNeDFMbKzA
Czech Trade Promotion Agency/ CzechTrade Ceska agentura na podporu obchodu,Czechia,Prague 2,Hall 7a / D22..D31,interpack2026.3038555,V5Idj46OQKSyASVRJ3kQdQ
"DA FON ENVIRONMENTAL TECHNOLOGY CO., LTD",Taiwan,Taichung City,"Hall 7, level 1 / B41-6",interpack2026.3064724,Lrg61mmATBqz0SX6mxaRyA
"DAEEUN INDUSTRIAL CO., LTD.","Korea, Republic",Gyeonggi-Do,Hall 6 / E09,interpack2026.3065334,Glc2e1G3QoCNTuPiE44THg
"Dairy Pack, a BW Packaging brand",USA,"St. Louis, MO",Hall 6 / C79,interpack2026.3011593,83pzX1c4Q26YFlyAUgCNuA
"DAJIANG MACHINERY EQUIPMENT CO., LIMITED",China,"Nanjing, Jiangsu",Hall 8b / H79-11,interpack2026.3066062,pvFUWvS1Q5K6G4z3VYZ7Tg
DAKY PACK S.r.l.,Italy,Argelato Bologna,Hall 4 / F36,interpack2026.3069406,HwxvUwVNTA60zD9RmBhwKA
DALPO POLAND GV,Poland,Poznan,"Hall 7, level 0 / A09",interpack2026.3010443,7k4oOVk0S9GKsm0vEqmBzw
Damati Plastics Partnership,India,"Andheri East, Mumbai","Hall 7, level 1 / A21",interpack2026.3017185,u2K1oHmGRTm8S1OsnKPmJw
DAMLACUP AMBALAJ SANAYI VE DIS TICARET ANONIM SIRKETI,Türkiye,Basaksehir/Istanbul,"Hall 7, level 2 / A26",interpack2026.3057688,1lgf5mqkQOmJaXbc9JTt8g
DANIEL CAZIANI CADEC AUTOMATIZACIÓN,Argentina,Buenos Aires,Hall 6 / A30,interpack2026.3066995,Mbzsn9b3TKGhSk9s6IZGCA
Danish Export Association,Denmark,Silkeborg,Hall 4 / E54-5,interpack2026.3066607,WxAIuz0XTYmjsfJdIyqjnw
Dansensor Package Testing Products & Services,Denmark,Ringsted,Hall 5 / F05,interpack2026.3033375,jOGChLPqQtm9gLys1UEG7Q
Dantom Sp. z o.o.,Poland,Poznan,"Hall 7, level 1 / A45",interpack2026.3036128,58NL2B8DTPyF8cReCWVMAg
Dara Pharmaceutical Equipment Maquinaria Industrial Dara SL,Spain,Granollers (Barcelona),Hall 16 / B15,interpack2026.3009929,Xsbhu84aRz6xSBofcW9bzQ
Daxner Bulk Solids Technology - Daxner GmbH,Austria,Wels,Hall 4 / A55,interpack2026.3012549,WXO9VMUOQ0m7OmxYcmVZZQ
"Dayuan Industrial Co., Ltd",China,"Zhongshan, Guangdong",Hall 8b / H41-1,interpack2026.3064957,vOmOnniZTQ2iZf5WU1Xb9Q
"DC Pack Co., Ltd.","Korea, Republic",Gwangju City,Hall 13 / D89,interpack2026.3037248,bVeNRwkwQbWt8EH1cE3YbQ
DCM USIMECA SAS,France,Nanterre Cedex,Hall 8a / B69,interpack2026.3040510,IEOWeBpbRe2WjxUOUGFBRg
"DDSM Co., LTD.","Korea, Republic","Sieung-si, Kyeonggi-Do",Hall 7a / C02,interpack2026.3065178,I9WuuHDbR1iDVLsGD5DrSg
DEC Filling Germany GmbH,Germany,Hainspitz,Hall 15 / D38,interpack2026.3064042,AR4LTBaeQLuz9Ws5bmmbLg
DECAPAC NV,Belgium,Herentals,Hall 10 / A47,interpack2026.3007370,lSAzzk1cT1C8mW4FCNqtGw
Decofilm S.p.A.,Italy,Nerviano (MI),Hall 10 / D49,interpack2026.3038371,gLCIWskzRISRDn1Qrn7uIQ
DEDA GIDA ENERJİ İNŞAAT TAAHHÜT SANAYİ VE DIŞ TİCARET LTD. ŞTİ.,Türkiye,Adana,Hall 8a / C20,interpack2026.3032005,oBg5uQQ3QI25Hdp4jWsHfQ
DEDEM ELEKTRIK TAAHHUT OTOMASYON ELEKTRONIK SANAYI VE TICARET ANONIM SIRKETI,Türkiye,YUNUSEMRE / MANISA,Hall 18a / C23,components2026.3071135,ZtE6ZQGVS0GPy8BT5LKmpg
DELFIN S.R.L.,Italy,Malo (VI),Hall 3 / B04,interpack2026.3037090,YYowLGjnRsmUIv9tkiMsCg
DELFIN SRL,Italy,Settimo Torinese (TO),Hall 15 / E56,interpack2026.3036564,EVK4TvpwSD2PXVEr4g5TwA
DELLA CASA RETI SRL,Italy,Modena,Hall 18b / E01,components2026.3042791,tdCaZluwSACwLsTqzy1f8A
Delta Engineering bv,Belgium,Ophasselt,Hall 14 / D02,interpack2026.3038393,TNA9np20S7Onp4sxxsRKpg
Delver SpA,Italy,Modena,Hall 1 / B90,interpack2026.3034197,d8ExGllYQW287AiyxEty4Q
Dempo International BV,Netherlands,Zwijndrecht,"Hall 7, level 1 / B27",interpack2026.3007445,YS2pFcvVSY2fgUYLWvbcAQ
DENELPACK S.A,Greece,Metamorfosi,Hall 9 / G16,interpack2026.3039502,RCxhP6jCSdyXih32aH6BAw
DENIZ PLASTIK GIDA INS. SAN. TIC. LTD. STI.,Türkiye,Adana,Hall 10 / A02-4,interpack2026.3057276,CthnZ8jQRP26oy8bW1p9Jw
Denizli Ozstar Kuruyemis Makina Sanayi Ve Tic Ltd.,Türkiye,Denizli,Hall 3 / C75,interpack2026.3007224,JV8E05UKSMasYIvjGBxnFg
DEON TAPES INDUSTRIES PRIVATE LIMITED,India,Silvassa,"Hall 7, level 1 / B41-5",interpack2026.3063985,TFJicd49TCyXeXuVIPRVIw
Der Grüne Punkt Holding GmbH & Co. KG,Germany,Köln,Hall 10 / A03,interpack2026.3061768,hEhW1CVBSvCJgfir3q2t4A
Desi Kimya ve Madencilik Ins. Tur. San. ve Tic. A.S.,Türkiye,Kocaeli,"Hall 7, level 1 / C06",interpack2026.3006973,W4xguflORsiXCGL4YqBFTg
DESINMEC INGENIERIA S.A.,Argentina,San Carlos Sud,Hall 6 / A30,interpack2026.3066699,qgsUUm7WQXa1LUdH5kxpbw
DESSIN & CIE SARL,France,Sain Bel,Hall 9 / C11,interpack2026.3036922,fQenmI1ZSfSke8jh3ihxyA
Deutscher Fachverlag GmbH,Germany,Frankfurt am Main,North Entrance B / B,interpack2026.3052525,fr4KFCoESyuelVwyLpoqnA
DEVEX Verfahrenstechnik GmbH,Germany,Warendorf,Hall 3 / E91,interpack2026.3065380,JuWQ7OD0S4C0r7oLR5PnMg
dft technology GmbH,Germany,Neumünster,Hall 5 / A03,interpack2026.3072880,mWpRMgkWQvuXTKSxvXtWCw
DHEDHI TRADERS PAKISTAN,Pakistan,Karachi,Hall 3 / D78,interpack2026.3047095,GvKXKijdQbmEKInJKqNp0w
Dhiman Industries (Regd),India,"Nakodar, Punjab",Hall 3 / C87,interpack2026.3013082,JPi2IilLSkGtFFpW0zcmmQ
Dhwani Polyprints Pvt. Ltd.,India,Mumbai,"Hall 7, level 1 / B42",interpack2026.3008746,7VTvGjCJR0KnpcQsJfHEPw
Di Mauro Group s.p.a.,Italy,Cava De' Tirreni (SA),Hall 10 / C67,interpack2026.3029214,vAvlYcnWS0y8WySWR4xqQA
DIENST Packsystems GmbH,Germany,Wiesbaden,Hall 11 / C01,interpack2026.3024157,Wl3ArJXWSbemG8b6tZk1bw
Dieter Schott GmbH ASCOTT®,Germany,Neukirchen,Hall 1 / B89,interpack2026.3066959,Sk06qw5uTNOPYLX6f4QpnA
DIGI Deutschland GmbH Tochterunternehmen der Teraoka Seiko Group,Germany,Hennef,Hall 14 / A22,interpack2026.3038684,d3PrYANFQ3yxeMvOBs2jdw
Dijkstra Plastics B.V.,Netherlands,Haaksbergen,Hall 10 / A17,interpack2026.3007309,V6JYF7YVRqm8pczjgJrJnQ
Dinnissen BV,Netherlands,Sevenum,Hall 4 / E26,interpack2026.3032074,41fRH828QtuYXxgfDUlKgQ
DIOSNA Dierks & Söhne GmbH,Germany,Osnabrück,Hall 4 / C23,interpack2026.3059232,ZIqnKtLETV6b0rpU2FgR6A
DIOSNA Dierks & Söhne GmbH,Germany,Osnabrück,Hall 16 / C41,interpack2026.3061946,2ZjmznqNSn6dsMdyTfSrCQ
Dipl. Ing. Werner Graf AG,Switzerland,Staad,Hall 18a / E11,components2026.3017988,DcRfS27wT3KQMhSg1wN9Hg
DIPRAN srl,Italy,Modena,Hall 12 / E54,interpack2026.3056446,FDOfzlhmQbiGd2WZKeISdw
Dispensa-Matic Label Dispensers,USA,"Rocky Mount, MO",Hall 8b / E32,interpack2026.3053545,fo1TXLi0QMq3ylaYWmqbXQ
DJM BV,Netherlands,Harderwijk,Hall 8a / E47,interpack2026.3075311,a0AfI8ueTVGlIhy9A9OCSQ
DK PACK AMBALAJ PAZ. SAN TİC. LTD ŞTİ,Türkiye,Sancaktepe,"Hall 7, level 1 / C37-3",interpack2026.3066598,2IXtm0jYSmeLtXLJsRwyGg
DM PACK SRL,Italy,San Vito di Leguzzano,Hall 11 / E01,interpack2026.3032974,6ao2EnryRwen3jb8j7i3bQ
DM Packaging Group s.r.l,Italy,Torino,Hall 11 / A76,interpack2026.3006813,F0aOPhKvRyOmzdjCz91ufQ
DOGA ETIKET VE AMBALAJ SAN TIC A.S.,Türkiye,Istanbul,Hall 8a / B02,interpack2026.3026420,N0UVZqkFSTKeapHrzdIS9w
Doğan Plastik CO. LTD.,Türkiye,Tarsus,Hall 10 / E05,interpack2026.3007652,UnU5OulST56H1ugTWq7PYA
Döinghaus cutting and more GmbH & Co. KG,Germany,Salzkotten,Hall 3 / C19,interpack2026.3007202,vuUXlJylSfOxUFvfjg7s5A
DOJATEC Sondermaschinen GmbH,Germany,Dußlingen,Hall 3 / E74,interpack2026.3007210,XeiNwnyESEuGVKc8CBlF2Q
Dominici Antonio & F.lli Srl Costruzioni Meccaniche,Italy,Perugia,Hall 3 / D92,interpack2026.3037566,wNUsLSOsTcSHINj3AjrZeQ
Domino Printing Sciences PLC,United Kingdom of Great Britain and Northern Ireland,Cambridge,Hall 8b / C41,interpack2026.3007811,Vq0UbpDRRwmi0kjPrciD0w
"DONGGUAN BOCHEN PLASTIC TECHNOLOGY CO., LTD",China,"Dongguan, Guangdong","Hall 7, level 2 / C38-1",interpack2026.3067012,c4HAc8NeSbS6LsHVIxFTQg
"Dongguan Chanfer Intelligent Packing Technology Co., Ltd.",China,"Dongguan, Guangdong",Hall 8b / H46-4,interpack2026.3066985,ROvcAoQhSi2tyClyeVEs2w
"Dongguan Changcheng Cans Co., Ltd.",China,"Dongguan City, Guangdong","Hall 7, level 2 / F04",interpack2026.3008008,9yyIXGOvRgG5cFMhrAiVkQ
"Dongguan Chuyuanhui Packing Material Co., Ltd.",China,"Dongguan, Guangdong","Hall 7, level 2 / G46-2",interpack2026.3065773,qTaWM1gZQ3i7xGHL8Vyo8w
Dongguan City Tedpack Company Limited,China,"Dongguan, Guangdong","Hall 7, level 2 / D43-2",interpack2026.3065781,5EDzRhVFSS6C5jjDfwF8UQ
"Dongguan Encolors Packing Co., Ltd",China,"Dongguan, Guangdong",Hall 7a / D15,interpack2026.3009557,nkUIZ1XGQkiPs6SV2P60EQ
"Dongguan Green Olive Co.,Ltd.",China,Dongguan,"Hall 7, level 2 / A38-3",interpack2026.3067021,1Y3yPhVPSO2biqqZKYs1SQ
"Dongguan Hyseal Co., Ltd.",China,Dongguan,"Hall 7, level 2 / F16..F20",interpack2026.3007332,JjndmLcCR1KNQwlY00D1YQ
DONGGUAN JINCHAOREN NEW MATERIAL TECHNOLOGY CO.， LTD.,China,Dongguan,"Hall 7, level 2 / B38-2",interpack2026.3067005,KfLwRYIUS1mzqnubqGYHTw
"DONGGUAN JINFULIANG PLASTIC TECHNOLOGY CO., LTD",China,"Dongguan City, Guangdong province","Hall 7, level 2 / E44-5",interpack2026.3065783,U7HxAAM7QZ2i2pQnRBb52w
"Dongguan Kaidi Adhesive Technology Co.,Ltd",China,"Dongguan, Guangdong","Hall 7, level 2 / A46-17",interpack2026.3067014,BsbSPyuETnKncxXCMQm6mA
"Dongguan OK Packaging Manufacturing Co.,Ltd.",China,"Dongguan, Guangdong",Hall 8b / H40-7,interpack2026.3068457,K5PUTIyMSt24wI1MFLdaIA
Dongguan Sun Pak Packing Product Ltd.,China,Dongguan,"Hall 7, level 2 / A18",interpack2026.3067854,miXbr2PeQPCxrwCI2clNmw
"DONGGUAN TAIHONG PACKAGING CO., LTD",China,"Dongguan, Guangdong","Hall 7, level 2 / E43-2",interpack2026.3064717,RgF46V4sS9ayYReGaL0Oig
"DongGuan WanHao Package Co.,Ltd.",China,Dongguan,"Hall 7, level 2 / C44-2",interpack2026.3067116,E0tDBZfNRN6vyi3IseOFAQ
"Dongguan Worth-IT Intelligent Equipment Co., Ltd.",China,"Dongguan, Guangdong",Hall 8b / H80-5,interpack2026.3068455,7M5KXPd8QIulPvKxHOsiLA
"Dongguan XingNuo Plastics Com, Ltd",China,Dongguan,"Hall 7, level 2 / A46-16",interpack2026.3067122,CTeqIUALTYK7KNoDe0OyJQ
"Dongguan Xutian Machine Co., Ltd.",China,"Dongguan, Guangdong",Hall 12 / C11,interpack2026.3008215,ry9ApnJcQVuRJj7OopnarA
"Dongguan Yalan packing materials Co.,Ltd",China,Dongguan,"Hall 7, level 2 / F38-3",interpack2026.3065776,9XtzYTmgTIeS4kETvBn4Gw
"Dongguan Zhiteng Plastic Product Co., Ltd.",China,"Dongguan, Guangdong","Hall 7, level 2 / C43-3",interpack2026.3067147,GLLKMfQGSNm1EwQafbk3HA
"DONGSUNG CHEMICAL CO., LTD.","Korea, Republic",Seoul,Hall 7a / C02,interpack2026.3065230,Fk1S0H4KRmWrlFQt16iKFw
"Dongtai Chaoyang Food Machinery Co., Ltd.",China,"Dongtai, Jiangsu",Hall 8b / H79-6,interpack2026.3066052,r6Mw0cXVTbuRhvXTuDNZBg
"Dookoo Intelligent Equipment (Changshu) Co., Ltd.",China,"Changshu City, Jiangsu Province",Hall 11 / B08,interpack2026.3031507,0XY6Hj43T0CREg2nNiySzA
DOPP AUTOMACION SRL,Argentina,Villa Lynch,Hall 6 / A30,interpack2026.3066994,5MSP1lpaR5qMzE1XIJX4KQ
DÖRT PAK AMBALAJ SAN. VE TIC. LTD. STI.,Türkiye,Ankara,"Hall 7, level 1 / C26",interpack2026.3013965,RfcWDDcuRUai0sy3tRnMzg
DOSIMAQ S.L.,Spain,Barbera Del Valles,Hall 13 / D31,interpack2026.3026016,FzAbc0jUTnabiLOn9aF7dA
DOSOMAT,Germany,Wangen im Allgäu,Hall 6 / E57,interpack2026.3038544,ZKxtudKYSfWgb7zYYrpSRA
Dott. Bonapace & C. S.r.l.,Italy,Cusano Milanino (Milano),Hall 15 / A42-4,interpack2026.3068480,UTgdq0oIRmmCKfDdMVj3Lg
Dow Europe GmbH,Switzerland,Horgen,Hall 9 / C24,interpack2026.3042797,zUM0I7nER1ub0arCDxZilQ
DQMATIK SRL,Italy,Comun Nuovo (BG),Hall 14 / A01,interpack2026.3037006,U9iA7j8qSyyM49T1PtWoCw
Dr. Ing. Kaupert GmbH & Co. KG,Germany,Erndtebrück,Hall 3 / C73,interpack2026.3007403,qZ2UhHhjTw6JV229kWL4PA
Dr.-Ing. K. Busch GmbH,Germany,Maulburg,Hall 5 / D05,interpack2026.3007222,upUKSR3fS2GmLD0gykUmNg
Drewmax sp. z o.o.,Poland,Kędzierzyn - Koźle,Hall 12 / C81,interpack2026.3032983,lLi89kIEThyESp5jaQVeMg
DRIAM Anlagenbau GmbH,Germany,Eriskirch,Hall 1 / B47,interpack2026.3013786,mlEVC4ukRaudki0YaVqcZw
DROUVEN-CLE GmbH,Germany,Aachen,Hall 1 / C02,interpack2026.3037641,4nY4U9AfTYaK6yZBmLeScA
DRY-BAG A/S,Denmark,Hedensted,Hall 4 / E54-7,interpack2026.3065261,3ROKI5KeTuWGfurlV2WeNw
DT & G Limited Finn,United Kingdom of Great Britain and Northern Ireland,"Bromborough, Wirral",Hall 1 / C16,interpack2026.3032106,iYs6w24qSjCMJMCyqzNLEA
DÜBÖR Groneweg GmbH & Co. KG,Germany,Bad Salzuflen,Hall 3 / E72,interpack2026.3035767,CpGgHoTyRS6GOLboPatS2g
DUET Sp. z o.o.,Poland,Dębica,"Hall 7, level 1 / A14",interpack2026.3006898,1k845ntbRIeAwmazGI1lvQ
DUETTI PACKAGING SRL,Italy,Galliera Veneta (PD),Hall 11 / D02,interpack2026.3032982,YKYYpfzLRhi3PZ2O8x0wkQ
Dumoulin S.A.,France,Tournan-En-Brie,Hall 1 / B06,interpack2026.3012136,oi3U3KA6Tvuq6hsPKJRZIQ
DUNE SAS,France,Saint-Priest,Hall 7a / C28,interpack2026.3063331,XrpXMAv4QSa1YzpTu3tx5g
Duomo Industria e Comercio de Embalagens Ltda,Brazil,São Bernardo do Campo -sp sp,"Hall 7, level 1 / D07",interpack2026.3069072,AGM4Mh7QSp6tZq7CGe4jOQ
Duravant,USA,"Downers Grove, IL",Hall 6 / B57..B73,interpack2026.3007940,kxKqFIYLT6uHqqBdr5lPww
Durham-Duplex Europe SPRL/ BVBA,Belgium,Brussels,Hall 18a / G20,components2026.3036742,wpFtpzx7RauFJvbsGfPmgg
Dürr CTS GmbH,Germany,Bietigheim-Bissingen,Hall 4 / A36,interpack2026.3014787,0VcSDdp2SRepwsVqOnxqYA
Düsen-Schlick GmbH,Germany,Untersiemau/Coburg,Hall 16 / A72,interpack2026.3055653,2PZipKbrRwKsezWMHJpqvg
Dutchpacks B.V.,Netherlands,Roosendaal,Hall 11 / E74,interpack2026.3043989,DIzZXDKqT8yfwfk2GUeIGg
DYNAFLEX PRIVATE LIMITED,India,Baska,Hall 8a / F65-1,interpack2026.3066363,ymoDe3IBSB6HSUS4ZzqRJg
E+K Sortiersysteme GmbH,Germany,Kirchberg/Jagst,Hall 16 / D72-1,interpack2026.3007521,vf3HIid8QS2lEf3wZrnttg
E-CARE MEDICAL PTE. LTD.,Singapore,Singapore,"Hall 7, level 2 / A06",interpack2026.3064696,1HXEBjQiSReD39za571Geg
E-PACKAGING SRL,Italy,Desio (MB),Hall 8b / C52,interpack2026.3023821,9pzntq60Ts66p8jnp8ecBQ
E-Shrink Packaging Machinery Company Ltd.,"Hong Kong, China SAR","Fotan, Shatin, N.T",Hall 11 / D19,interpack2026.3035831,bG0O74FZScaSdqVLbqDCSQ
E.P.F. ELETTROTECNICA SRL,Italy,Carrù,Hall 6 / E77,interpack2026.3016744,NQw9iDpwSBSF9cHXXTWapQ
"E2M COUTH VISION SYSTEMS, S.L.U.",Spain,Sant Quirze Del Vallès (Barcelona),Hall 15 / C04,interpack2026.3009561,4dooiOTcTAWHts46xPee2Q
E2Pack s.r.l.,Italy,Montecchio,Hall 13 / A18,interpack2026.3057294,LxE9IhrmQtqXmwQSmdwxXw
E80 Spa di gruppo s.p.a.,Italy,Viano (RE),Hall 12 / C47,interpack2026.3008367,YwZT3KSvQKmEfaoy8IUKWA
"Earflap Intelligent Equipment (Jiaxing) Co., Ltd.",China,"Jiaxing, Zhejiang",Hall 15 / E20,interpack2026.3066470,dR8kCITvR6OuUKqPHW0mIQ
EASTANBUL PLASTİK SAN. VE TİC.LTD.ŞTI,Türkiye,Esenyurt Istanbul,"Hall 7, level 1 / B08",interpack2026.3016434,awefITj5TmS7V5jOWFc7Ww
"Easy Green Eco Packaging Co., Ltd.",China,"Foshan, Guangdong",Hall 9 / E11,interpack2026.3010314,VeTj23z4RMWtvtSLPC7M9A
EASY PACK MACHINERY SDN. BHD.,Malaysia,Penang Science Park,Hall 11 / A65,interpack2026.3017536,QafPBn7cSiWTV9Zzu5dKGQ
easy2cool GmbH,Germany,München,Hall 7a / C10,interpack2026.3055387,td0D8BwnQxOnT9Hs6YdZZg
Easysnap Technology S.r.l.,Italy,Bormida (AL),Hall 9 / E28,interpack2026.3016825,fka7YSXlRxegeBySLuhLxA
EasyStrap Packaging GmbH,Germany,Grünwald,Hall 12 / B06,interpack2026.3041395,3TD8rPLnRwOaKhjzkXNdrw
Ebenau BV,Netherlands,Asten,Hall 7a / B23,interpack2026.3069796,A1J7yKYKR8aNpSakLoldjA
Eberhardt GmbH,Germany,Lichtenau,Hall 4 / A19,interpack2026.3008395,PXhI7PqeT2qzDU3Y7CwLOQ
Eberlé Europe SARL,France,Reichstett,Hall 8b / D52,interpack2026.3016755,9HDUhalKT8qs4hYBm7MJEQ
EBS Ink Jet Systeme GmbH,Germany,Nümbrecht,Hall 8b / E56,interpack2026.3035222,MqsLzxfOTlGli4VZzWs2Xg
Eco-plastics in Packaging,United Kingdom of Great Britain and Northern Ireland,"Crawley, West Sussex",North Entrance 1 / N1,interpack2026.3007341,9czCnBlKQN2FFPkueE6VVw
ECOBAG HOLDING SAS,France,Molsheim,Hall 8a / D66,interpack2026.3075902,HhoJcRSxRua8aQyrwfHCbQ
Ecoinno (H.K.) Limited,"Hong Kong, China SAR",Hong Kong,"Hall 7, level 1 / A27",interpack2026.3032030,8UyTak8NQcutAnZHkr98bQ
Ecomec Belgium SA,Belgium,Braine L'Alleud,Hall 1 / B19,interpack2026.3059645,aCiIa1f8SnGODazBC7evUg
ECONO-PAK GmbH,Germany,Flonheim,Hall 11 / F44,interpack2026.3027800,0ibGSCHGReGJzGoFNjSsFw
Ecoocel,Spain,"Pinto, Madrid",Hall 9 / J32,interpack2026.3026410,8I9IHcJSQDiiIficzViUuw
Ecopack S.p.a.,Italy,Piobesi (TO),"Hall 7, level 1 / E13",interpack2026.3008209,rpzGS0RaQ6m7WvN6l9aWLw
Ecoplast Dis Ticaret A.S.,Türkiye,Gaziantep,"Hall 7, level 1 / C25A",interpack2026.3055442,Mkra0N4dS02GWazitQXBJA
Ecourage AS,Norway,Stavanger,Hall 12 / E47,interpack2026.3071210,wY86kMunQ8iGnBKM13V2FA
ECPA European Co-Packers Association,Netherlands,Roosendaal,Hall 7a / B09,interpack2026.3038274,89Fz7Qk0RquvVh7E425lZQ
Edelmann Group - Headquarters Edelmann GmbH,Germany,Heidenheim,Hall 16 / D21,interpack2026.3059197,sdqp97nKQTOGqY9EUZvVlQ
EDGE Industrial Technologies Corporation,USA,"Wilder, KY",Hall 18b / C12,components2026.3038202,O0oS3eikTKuxVIp4iZlUZg
Editrice Zeus SRL,Italy,Seregno (MB),North Entrance 1 / N1,interpack2026.3023855,XxMhe0r8SjyIWRDad0reCg
Effedi Automation srl,Italy,Udine,Hall 16 / A57,interpack2026.3066961,t4XBZqszTV2Hldho3ENolA
"Effytec, S.A. (Eficiencia y Tecnologia, S.A.)",Spain,Barbera del Vallés (Barcelona),Hall 11 / A78,interpack2026.3024152,7EhtAC1ASZOXEIRFRzgrPg
EGEMEN HEDIYELIK ESYA OYUNCAK ZÜCCACIYE ELEKTRONIK GIDA TEKSTIL İNSAAT AMBALAJ MEDIKAL ÜRÜNLER SAN. ve TIC.A.S,Türkiye,Izmir,"Hall 7, level 1 / C24",interpack2026.3068502,YgQE79swQEuLh7dAEVADpA
EGLI AG Process Technology,Switzerland,Bütschwil,Hall 4 / D13,interpack2026.3039129,6mgC0vpwTXGD1l3tQxvzBg
EGYROLL COMPANY,Egypt,"Meghem, Alexandria",Hall 12 / C79,interpack2026.3038519,LEdpy2SIQUyUjaaqgm5Alg
Ehcolo A/S,Denmark,Fövling,Hall 12 / E15,interpack2026.3006814,NnfYtS7VS4SiWjd1mc2SSA
EIDOS Srl,Italy,Chieri (TO),Hall 8b / C49,interpack2026.3066617,xfYgPpcOSSC2PeGMCuwJqw
EIKO INC,India,"Vapi, Valsad, Gujarat","Hall 7, level 2 / F24",interpack2026.3008747,Hzr0PWGDQEqKjo9BZ5r8TQ
Eirich,Germany,Hardheim,Hall 4 / B05,interpack2026.3012548,ptOvCN86SpqW6BKJHl87Hg
Eisele GmbH,Germany,Waiblingen,Hall 16 / D72-8,interpack2026.3037596,rBiqQyL8RmC2IA5Lkra3mw
Ekerler Kağıt Torba ve Poşet Ambalaj Sanayi ve Ticaret A.S,Türkiye,Selcuklu/Konya,"Hall 7, level 2 / B29",interpack2026.3014711,YG4yrK2ySoyvmQM7H2f7kQ
EKO-TECH Sp. z o.o. Sp. k.,Poland,Kalety,"Hall 7, level 0 / B16A",interpack2026.3037614,NDMVBQQ4S6uoktK6sirPtg
EKOPACK KAGIT AMBALAJ SAN VE TIC AS,Türkiye,Istanbul,Hall 9 / G22-2,interpack2026.3056907,vbHTRYa3TOWDakFh80B1Lw
Ektam Makine San. ve Tic. A.S.,Türkiye,Izmir,Hall 13 / D60,interpack2026.3031498,lHfHFXvDRLOwd3wmc48xUg
El Mohandess Print House,Egypt,Cairo,Hall 10 / A07,interpack2026.3032065,4EyvwGhPTLuONv1guZP9hA
ELATECH SRL,Italy,Val Brembilla,Hall 18a / F03,components2026.3050981,6jyHN5gDRE2E3YPTUXdJHg
Elba S.p.A.,Italy,Magnago (MI),Hall 8a / D78,interpack2026.3014123,CkmZA76gQTunGEGFzhKMcQ
Electronics Devices Worldwide Pvt. Ltd.,India,"Mumbai, Andheri (E)",Hall 11 / F52,interpack2026.3007808,qYuAv4BnRlarMwBLOC3tuw
ELEKTROMAG MAKİNA SANAYİ VE TİC. A.Ş.,Türkiye,Çerkezköy,Hall 8a / B14,interpack2026.3035223,9qJfGwqWTi6vH6YWXO9iOQ
Elesa S.p.A.,Italy,Monza (MB),Hall 18a / D11,components2026.3008778,GsOiivTNSeqgsbXwT7FSBA
"elinpack Machinery (HongKong) Co., Ltd","Hong Kong, China SAR",Hongkong,Hall 12 / D10,interpack2026.3064640,FyeXHQKXRgudj7Jxken0QQ
Elmar Industries Inc,USA,"Depew, Buffalo, NY",Hall 5 / C37,interpack2026.3009124,CsWBgp4bRjCZeY6aBstGUQ
Elplast Europe Sp. z.o.o.,Poland,Zory,Hall 10 / C50A,interpack2026.3010436,PqIYaAEdQ52kE9K8eMRErw
Elried Markierungssysteme GmbH,Germany,Oberhaching,Hall 8b / C28,interpack2026.3006949,Y5ULz74oSsitMydCCOrYHw
EMBALCER Lda,Portugal,"Canelas, Vila Nova de Gaia","Hall 7, level 0 / A07",interpack2026.3011596,Dluf9OoVSXWKfqtxrUvFEg
Emballator Group AB,Sweden,Jönköping,Hall 7a / B01,interpack2026.3035678,sRGjC3ACRg2GPclQ9LSvlQ
EMBAQUIM INDUSTRIA E COMERCIO LTDA.,Brazil,Sao Bernardo do Campo,"Hall 7, level 1 / D07",interpack2026.3069075,Noksd1kqTY2xcLRWbnf5hQ
EME Etiketteringsmaskiner Aps,Denmark,Stenloese,Hall 8b / D59,interpack2026.3006943,BkRANVscQky2bMyeh0p0bQ
EMERITO S.L,Spain,Mendavia,Hall 13 / D06,interpack2026.3012882,YySExGnaT4CvbkOcuyGqhw
EMİNOĞLU MAKİNA SAN VE DIŞ TİC. LTD. ŞTİ.,Türkiye,"Esenyurt, Istanbul",Hall 1 / D15,interpack2026.3007157,OtkD5TiTSFGjXv0eHdNxuA
Emka Makine Gida San. Tic. Ltd. Sti.,Türkiye,Istanbul,Hall 8b / G27-01,interpack2026.3058180,4ykR4O6KSLq759ULXSFiWg
Emmbi Big Bags,Germany,Frankfurt,Hall 10 / C11,interpack2026.3033440,qzV5VlT3QBK2OvGu4eZImQ
"Emsur MacDonell, S.A.U.",Spain,Alcalá de Henares,Hall 10 / E44,interpack2026.3067742,KvZHAlcHRUqItV55kZD4aQ
"Enclony Co., Ltd.","Korea, Republic",Seoul,Hall 16 / C72,interpack2026.3036575,qYSfrd3pR926BVn9xNE6dQ
"Encore Packaging, LLC",USA,"Lake Villa, IL",Hall 12 / D76,interpack2026.3006816,eOreTkW7QPOVkl2ocvNuvA
Endoline Machinery Ltd,United Kingdom of Great Britain and Northern Ireland,Biggleswade,Hall 11 / D74-10,interpack2026.3058853,ebTHPv3OQfyQfPZqwJjkBw
Endupack SAS,France,Bosrobert,Hall 10 / C91,interpack2026.3012200,aLanCCwHQwyXgXt4THBfNQ
Enercon Industries Ltd.,United Kingdom of Great Britain and Northern Ireland,"Aylesbury, Buckinghamshire",Hall 13 / D32,interpack2026.3007253,JMMKxkS5RKiPMWuXa2JKWA
Enplater SA,Spain,Torroella de Montgrí,Hall 10 / D52,interpack2026.3006903,9uA5N4qzRYiNJxe2Me6rZQ
ENSAR ELEKTRONIK VE MEKANIK ENDUSTRI A.S,Türkiye,Samandira/ Istanbul,Hall 3 / D32,interpack2026.3037961,rpc99ANgSvirwZvB9tzJLw
"ENVA EXPERTO, S.L.",Spain,Barcelona,Hall 9 / H24,interpack2026.3009864,p3XjZeM7SjuYD113iYencQ
Enviro Group GmbH,Germany,Haiger,Hall 10 / A78,interpack2026.3011223,zzGXJe60TxSpt61rYKSjMw
EP Group - Euro Packaging Ltd,United Kingdom of Great Britain and Northern Ireland,Birmingham,Hall 8a / F21,interpack2026.3037143,46o0pAsnQqOJnyYLRyvzFg
"EPAK (JIANG SU) CO., LTD.",China,"Suzhou, Jiangsu",Hall 7a / D10,interpack2026.3068379,6SB0f2dES0GroH9Vp3zYkQ
EPSON Deutschland GmbH,Germany,Düsseldorf,Hall 8a / D48,interpack2026.3048850,igWOOf3zTly3hXBqD6Ud2A
Erca S.A.S.,France,Les Ulis,Hall 17 / A20-5,interpack2026.3068659,utTziI8CQBOUqHVv1uWI2A
Ercopac srl,Italy,Scandiano,Hall 6 / C02,interpack2026.3074779,6usZ2ZU5QCCBhcnRe2vH8g
ERDA BILIMSEL ARASTIRMA EGITIM HIZMETLERI A.S.,Türkiye,Istanbul,Hall 8b / G59,interpack2026.3008399,V9zyxIkPRTOpEy5XIvYdwA
Erema Engineering Recycling Maschinen und Anlagen GmbH,Austria,"Ansfelden, Linz",Hall 8a / B53,interpack2026.3025111,OAwWksbzQ3yJ17f0jgjjGQ
ErgoPack Deutschland GmbH,Germany,Lauingen a. d. Donau,Hall 12 / D70,interpack2026.3007805,9kigkpUyTzGrDZwlmwUUGg
Erhardt+Leimer GmbH,Germany,Stadtbergen,Hall 12 / A40,interpack2026.3035820,B6qJIa9hRFmFwZ6hSlvFfg
Eriez Magnetics Europe Limited,United Kingdom of Great Britain and Northern Ireland,Caerphilly,Hall 12 / C05,interpack2026.3007807,VCILxsqfRLKtoutkPkLSCA
Erimaki srl,Italy,Solaro (MI),Hall 1 / A26,interpack2026.3007231,ONdLtmNGRQC9cCKIcVQhJw
Eriplast spa,Italy,Bassano del Grappa,Hall 9 / J25,interpack2026.3061507,DdO9f4NJRyGau43FfZxhKw
ERKA AMBALAJ SAN.TIC.A.Ş.,Türkiye,İstanbul,Hall 9 / G22-3,interpack2026.3056931,IYV2jPVHSseDxNr63wxo4A
Erkomat Oy,Finland,Kotka,Hall 11 / E70,interpack2026.3058282,aEvhN5KpRpWe2tx0zVxdmg
Erlinord Automation A/S,Denmark,Vejle,Hall 4 / E54-6,interpack2026.3066956,sHm2TqqoQiarevscVZD6Nw
Ernst REINER GmbH & Co. KG,Germany,Furtwangen,Hall 8b / G39,interpack2026.3016753,VkwMo3vIRzGhfthji8vhAg
ERREBI TECHNOLOGY S.P.A.,Italy,Badia Polesine (RO),Hall 3 / F80,interpack2026.3033604,Kg1V402yQbelmTZrFYwNMA
ERRELLE S.R.L.,Italy,Sala Bolognese,Hall 6 / D57,interpack2026.3071659,yuYTRan5QRaOKX3DdlhZ2w
Erze Ambalaj Ve Plastik San. Tic. A.S.,Türkiye,Izmir,Hall 10 / C13A,interpack2026.3007665,wIr3MjtDRbOPgD0H9G4ZeQ
Erze Plastik Cember San. Tic. A.S.,Türkiye,Izmir,Hall 9 / B35,interpack2026.3007329,geGxFrQ5RHKhXZFDm388NQ
ESCHER MIXERS S.R.L.,Italy,"Malo, Vicenza",Hall 3 / A55,interpack2026.3073360,CyXPr2q0TjKzdET0mBRz5w
Esit Elektronik A.S.,Türkiye,Istanbul,Hall 11 / F75,interpack2026.3016406,UCwEu88oRSe9cZBFfuNHZQ
Eska Ambalaj Sanayi ve Ticaret A.Ş.,Türkiye,Beylikdüzü/ Istanbul,"Hall 7, level 1 / D47",interpack2026.3006869,OX0ccBliRbqmNPr5kU1zeQ
Esko-Graphics BV,Belgium,Gent,Hall 8b / C14,interpack2026.3038543,9q3KTKgoQ42WnRHJYsJy3A
ESPERA-WERKE GmbH,Germany,Duisburg,Hall 5 / B41,interpack2026.3011943,JWbPJfuLTEyS8unKzsNcug
Essegi 2 S.r.l.,Italy,Galliera Veneta (PD),Hall 12 / D07,interpack2026.3037668,7Aa5RVwJT56dblxcY1Yp8Q
Ester Industries Ltd.,India,Gurgaon,"Hall 7, level 1 / C20",interpack2026.3010448,gUpE8LguTue9R1Dv5os9WA
ESTUN Robotics Europe AG,Switzerland,Zug/Baar,Hall 6 / C02,interpack2026.3074780,OiDOpDahTtygNlLYOssmQw
ETAPAK BASKI AMBALAJ SAN VE TIC AS,Türkiye,Cigli (Izmir),Hall 10 / D44A,interpack2026.3025651,T6hJadr2QOunxWoNr1yTWQ
Etimag Etiket Ambalaj San. ve Tic. A.Ş.,Türkiye,Çerkezköy,Hall 8a / B14,interpack2026.3063989,uIAWJQjoTrKbCXcqpt3j0Q
Etipack S.p.A.,Italy,Cinisello Balsamo (MI),Hall 8b / C49,interpack2026.3066070,SAUtoyXQQ8Gn8q0m8ieu8w
Etipack S.p.A.,Italy,Cinisello Balsamo (MI),Hall 16 / B22,interpack2026.3067977,8Z0GvlvySwSyRiEIedx4Mw
ETISAN LABEL Co. Ltd.,Türkiye,Istanbul,Hall 10 / C25,interpack2026.3006967,p3jkaTOhRdyrCkUwWzeSeQ
ETPACK,Italy,Imola (BO),Hall 4 / E05..F05,interpack2026.3029281,97SALkSbRZu8g57M0LqeLg
ETS Andre Zalkin et Cie S.A.,France,Rueil-Malmaison Cedex,Hall 13 / A75,interpack2026.3068832,UmMBdCMKShGJAOBuLNWqIw
ETT Verpackungstechnik GmbH,Germany,Moringen,Hall 11 / G20,interpack2026.3007077,RW3gbXdvSTe3Topxckcemg
EUCHNER GmbH + Co. KG,Germany,Leinfelden-Echterdingen,Hall 16 / D72-8,interpack2026.3036968,OXM9FtI9QAK9vKL4xkobuA
"Eurasia Light Industry Equipment Manufacture Co., Ltd.",China,"Tongxiang, Zhejiang",Hall 13 / D45,interpack2026.3059466,h1CK6MtaQ6SwjOlZUXsJyQ
Eurocartex S.p.A,Italy,Cinto Caomaggiore (VE),Hall 8a / E35,interpack2026.3015609,7TVU3btRQ9m9Kbgv4SGaiw
EUROCEL,Italy,Uboldo (VA),"Hall 7, level 0 / B10",interpack2026.3007369,FzRW4DblSW6380ozP114Zw
Eurofasteners Ltd,United Kingdom of Great Britain and Northern Ireland,Weymouth,Hall 9 / J23,interpack2026.3025072,R0fPeTjPSIGrILEO6MSabw
European Aluminium Foil Association Part of AMS Europe e.V.,Germany,Düsseldorf,Hall 10 / C53,interpack2026.3058225,xGeMcXuPRhiFNVQOFAKUeQ
Europool Srl,Italy,Fidenza (PR),Hall 14 / C73,interpack2026.3006799,K86SwW6fR3Sby7tGvOQAoQ
Euroroll GmbH,Germany,Werne,Hall 18a / F19,components2026.3009874,31G3SeX0QnmI1nclMvOvKQ
Eurosicma S.p.A.,Italy,Vignate (MI),Hall 17 / A20-5,interpack2026.3069570,KZd0IbqFTzqeMIi67N91Ww
EVAL EUROPE NV,Belgium,Zwijndrecht,Hall 9 / B14,interpack2026.3044554,H1UnIA8wRNWzX7rQCPxP7w
EVAL™,Belgium,Zwijndrecht,Hall 9 / B14,interpack2026.3044554,H1UnIA8wRNWzX7rQCPxP7w
"Everchemtech, Co., Ltd.","Korea, Republic","Hwaseong-Si, Gyeonggi-do","Hall 7, level 2 / A32",interpack2026.3039552,4q5jYTgXTO2UhL36wOP8qw
Everfortune Tin Box Co Ltd,"Hong Kong, China SAR",Hong Kong,"Hall 7, level 1 / C10",interpack2026.3008019,rSN8RDa4SwSJU75iDIP3rA
Evergreen Resources,USA,"Naperville, IL",Hall 10 / A13,interpack2026.3006957,uW3l9creTPakjjvFhvIukQ
EVERGREEN&#160;HORIZON&#160;GROUP&#160;PTE.&#160;LTD.,Singapore,Singapore,Hall 7a / B31,interpack2026.3022267,XfAc3EcuTmiQeo9zlfc5fQ
Evolabel AB,Sweden,Mölndal,Hall 8b / C08,interpack2026.3008178,ONonno0CQ6C4q8nkWiUuNA
EVOPAC S.r.l.,Italy,Cesena (FC),Hall 12 / A52,interpack2026.3033230,hB9w6Z2fSqS1KMwADQEGFQ
EVOPAC S.r.l.,Italy,Cesena (FC),Hall 12 / A52,interpack2026.3033230,hB9w6Z2fSqS1KMwADQEGFQ
EVOPACK GmbH,Germany,Ahaus,Hall 7a / C10,interpack2026.3057773,jF2zEAoBQpmWPnNHoWrlvw
Exact Mixing Inc.,USA,"Robesonia, PA",Hall 1 / B70,interpack2026.3008443,4vOtPNoeTiWsAH9a1Hh6Zg
Executive S.r.l.,Italy,Pagazzano (BG),Hall 1 / B48,interpack2026.3025433,QsKlen4rR0ikk81lBuTc3w
EXI GLOBAL GROUP LTD,United Kingdom of Great Britain and Northern Ireland,London,Hall 13 / D45,interpack2026.3035834,9JFHOuKNSm24eMvK4cdJIg
"EXPLAST, spol. s r.o.",Czechia,Brandýs Nad Labem,Hall 7a / D22,interpack2026.3062132,FPobzQ3VTRCVKSWmUCozkg
EXPOENT PACK SL,Spain,Madrid,Hall 9 / F10,interpack2026.3008774,InAOJFkjTcSqU8dcT15tow
Extend Great International Corp. Ltd.,Taiwan,Taichung,Hall 12 / C46,interpack2026.3031468,9x0NAMZZTWqhMkfw7v7uHA
Extrapack AD,Bulgaria,Veliko Tarnovo,"Hall 7, level 1 / C15",interpack2026.3023503,pcqvmGa2QgabmEC7rdBh2Q
Extrufood B.V.,Netherlands,Zwaag,Hall 3 / F74,interpack2026.3029383,ujJgzH9JSK6dqYsFKgVYWw
ExxonMobil Petroleum & Chemical BV,Belgium,Machelen,Hall 10 / B98,interpack2026.3037138,Qnizbz4MRtKEKSLf0dDx9Q
EyeC GmbH,Germany,Hamburg,Hall 11 / D01,interpack2026.3034487,5GoI3AM4QH6g2RMaTfTvBg
F. H. Schule Mühlenbau GmbH,Germany,Reinbek,Hall 3 / E91,interpack2026.3066463,f3Q4mYEHQpKBBTmsn8aOmw
F. Ili Sacchi snc,Italy,Vidigulfo (PV),Hall 1 / C06,interpack2026.3039692,5WwbbGQaTDqkKYo4a8UjsQ
F.A.M.S. SRL Technological packaging solutions,Italy,Sala Bolognese (BO),Hall 11 / D77,interpack2026.3006817,oWvzmT7kRnGnbsAfv9gxqQ
F.B.M. srl,Italy,Legnano (MI),Hall 4 / D36,interpack2026.3034196,11OnxnK6QYmL2KSyfAxKKg
Fabo s.p.a.,Italy,Larciano (PT),"Hall 7, level 0 / A05",interpack2026.3032058,h9FaIzujR2i4xZwqOwktjQ
Fachpressestand MD,Germany,Düsseldorf,North Entrance / A02,interpack2026.3054444,TofP6pr8S8iwGsalAnRbZQ
Fachverband Kartonverpackungen für flüssige Nahrungsmittel e.V. (FKN),Germany,Berlin,Hall 9 / H17,interpack2026.3075102,gjBLdLJJSYKi1XaGP4pPgw
FAM INTERNATIONAL s.r.l.,Italy,Desio (MB),Hall 8b / F17,interpack2026.3033451,J0CRyJn6T5mtzmjcBAlb6w
Famar Tec srl,Italy,Sala Bolognese (BO),Hall 15 / B58,interpack2026.3035436,8etZ3jMgTcyLMZ02wv3RnQ
"FANGDA PACKAGING CO.,LTD. (HEBEI,CHINA)",China,"Shijiazhuang, Hebei",Hall 8b / H80-24,interpack2026.3066381,0ddZ4PzMQreO6M7dfMuaCQ
FANUC Europe Corporation,Luxembourg,Echternach,Hall 16 / C33,interpack2026.3069407,vTahcD3ATbGpV4sn0oTaRA
Faraana For Advanced Paper Industries & Paper Bags,Egypt,Cairo,"Hall 7, level 2 / D33",interpack2026.3040563,7iDZBhykQlW5K8QiDibsFg
Farmo Res S.r.l.,Italy,Cervia (RA),Hall 15 / A30,interpack2026.3007783,T43SEEw8ROKvsEG0gbeslQ
FASA AB,Lithuania,Marijampolė,Hall 6 / C20,interpack2026.3006793,18qKhK4SS0q8AWbZzzBl5w
Fassbender GmbH & Co. KG,Germany,Remscheid,Hall 18a / C04,components2026.3050567,Q6nOsJfSQjippQbFZAxZ2w
FAVA S.P.A.,Italy,Cento (FE),Hall 6 / E27,interpack2026.3037001,ucbEqh78RmmABgiB3swlMA
FAWEMA GmbH,Germany,Engelskirchen,Hall 6 / C31,interpack2026.3006798,aSNay4zcSoCO8GUjZkbIbg
Fazendas Stainless Steel Engineering L.da,Portugal,Ossela -Azeméis Oliveira de Azeméis,Hall 16 / B06,interpack2026.3072858,Pd11iDFyRCWNzu0XVajTFw
FBR-ELPO S.p.A.,Italy,Parma,Hall 13 / C15,interpack2026.3007083,RNr4m6OBQgywaBJkt7YtgA
FDI Quality Import SL,Spain,Valdemoro,Hall 3 / A38,interpack2026.3040071,RiOxK783Rvmxpku0hnztYA
FECOATEC s.l.,Spain,Colmenar Viejo - MADRID,Hall 4 / A26,interpack2026.3007331,34tZOidmSYO5FwPVf8wWRA
Feige FILLING GmbH,Germany,Bad Oldesloe,Hall 12 / A27,interpack2026.3063388,gY8aidi5RWSIGK1m3MYG7A
Felco Medical Supplies Sdn. Bhd.,Malaysia,"Shah Alam, Selangor","Hall 7, level 2 / A30",interpack2026.3058624,3xkfM44kTq63QLYYDW3Wxg
Feldman Systems and Technologies s.r.l.,Italy,"Invorio, Novara",Hall 11 / C52,interpack2026.3006922,gbUmn3stQ9qDte6QL5ROwA
FEMAAG SARL,France,Reux,Hall 7a / C28-2,interpack2026.3065765,Qy3rkCESTba0JaEbycvg2A
FEN IMPIANTI S.R.L.,Italy,Bologna (BO),Hall 3 / D91,interpack2026.3015158,p0H5f8p2S8ek7eMJhQ4jnA
Fereks Deri ve Plastic Mam. San. ve Tic. Ltd. Sti.,Türkiye,"Bagcilar, Istanbul","Hall 7, level 1 / C29",interpack2026.3029641,Wlb17LyGQ0GyUrsDfoTXwA
"FERLO SOLUCIONES DE PROCESO, S.L.U.",Spain,San Adrian,Hall 5 / A03,interpack2026.3066066,A4Ah0qw7TNuV264jJ5cqiw
Ferrari Filling,Italy,Milano,Hall 13 / D75,interpack2026.3057483,H0ocEYVdQXuM1s88JpqmRQ
Ferrum Packaging AG,Switzerland,Schafisheim,Hall 14 / D52,interpack2026.3007851,VRkT8ECXTmKa31w2H1DLBQ
FESTO SE & Co. KG,Germany,Esslingen,Hall 6 / A10,interpack2026.3036984,afhHBAvqTmWEf7K2SrGh0g
Festo,Germany,Esslingen,Hall 6 / A10,interpack2026.3036984,afhHBAvqTmWEf7K2SrGh0g
Fette Compacting GmbH,Germany,Schwarzenbek,Hall 16 / B16,interpack2026.3007094,qMj9ks4RTVOmZVBvCVQ3zQ
Filca Univel Srl,Italy,Crescentino (VC),Hall 10 / B80,interpack2026.3023357,aqiQr5YpRmu0zbrqJUhtig
FİMAKS PLASTİK A.S,Türkiye,Ergene/Tekirdag,Hall 9 / B18,interpack2026.3025966,Za3ubymkQDWcgLcZ7TqCyg
Fimcobase Al Ferdaws Food Industries Materials Co. JSC,Egypt,Alexandria,Hall 1 / D02,interpack2026.3007228,vgP2zi43RAOquC4a3czh7g
"Fine Chemical Manufacturing Co.,Ltd",China,"Guangzhou, Guangdong","Hall 7, level 0 / B18A",interpack2026.3012199,TjuUNjOEQBebwChDY9kTtw
Finn,United Kingdom of Great Britain and Northern Ireland,"Bromborough, Wirral",Hall 1 / C16,interpack2026.3032106,iYs6w24qSjCMJMCyqzNLEA
FIORINI INTERNATIONAL ITALIA S.p.A.,Italy,Trecastelli (AN),Hall 8a / B24,interpack2026.3029139,f6koJrQ3QJ6XDHnvGJLfWQ
"Fipal, S.R.L.",Italy,"Felegara, Parma",Hall 13 / D75,interpack2026.3069045,nzEL7R5kSkiHBBNH8IXSuA
FIRA BARCELONA,Spain,Barcelona,North Entrance 1 / N1,interpack2026.3070506,vT7z7NClTWy6TV0OOySYtw
"FL TÈCNICS ÍNDEX, S.L.",Spain,Macanet de la Selva,Hall 13 / A75,interpack2026.3068827,aDpwA8yHRAy0rVJUMjqZZw
"Flavorpac (Changzhou) Co., Ltd.",China,"Changzhou, Jiangsu","Hall 7, level 2 / D36",interpack2026.3037136,iv7HCzOiRGWazKd5wT8KkA
Flex Films Europa Sp. z o.o.,Poland,Wrzesnia,Hall 10 / D08..D20,interpack2026.3008475,AjbTHxzlQiyZujoTw3rgBg
FlexBlow (UAB Terekas),Lithuania,Kretinga,Hall 13 / D88,interpack2026.3006955,hSCIGwVGQ5CdR6SMKiQ3vQ
Flexible Packaging Europe (FPE) Part of AMS Europe e.V.,Germany,Düsseldorf,Hall 10 / C53,interpack2026.3025079,hMFcavewSJuiGdia2VBiWQ
FLEXKON CONVEYOR AND AUTOMATION SYSTEMS A.S.,Türkiye,"Umraniye, Istanbul",Hall 11 / C51,interpack2026.3007277,KzR1HmYzRz2XxVqinmeSGw
FlexLink Systems GmbH,Germany,Offenbach,Hall 6 / D57,interpack2026.3064671,VOBC1LpwRqqWVV1JeaFf6g
FLIR Systems Trading Belgium BV,Belgium,Brecht,Hall 13 / A60,interpack2026.3073764,unR8bie4RvqTnagICyylgw
Flöter Verpackungs-Service GmbH,Germany,Schwieberdingen,"Hall 7, level 1 / E27",interpack2026.3006978,5rHW28SPQCauqh2GwrxNKQ
Fluid-Bag OY,Finland,Jakobstad,Hall 10 / A14,interpack2026.3039510,ANSjrJKtTGiMu6q0IZhAqg
FLUX SRL,Italy,Romano D'Ezzelino,Hall 4 / D09,interpack2026.3041388,DcLS8KL6Tyqyk4K8zHWjhQ
FLUX-GERÄTE GMBH,Germany,Maulbronn,Hall 12 / E59,interpack2026.3041100,V7WUOB26STKfnRbIEcGIRA
FLUXX® made by SABEU,Germany,Northeim,Hall 10 / E98,interpack2026.3006966,4lPXhLiHRTyEXWKqQDsSLw
FMH Conveyors International Limited,United Kingdom of Great Britain and Northern Ireland,Corby (Northamptonshire),Hall 6 / B73,interpack2026.3055854,GbEXBFVGQBi0uQYoxqI0cg
FMT s.r.l.,Italy,Riccò Fornovo di Taro (PR),Hall 13 / D63,interpack2026.3033082,JYaIm2HYT76x6RFa3wjzDw
"FO SHAN PERFECT TECH ENTERPRISE CO., LTD",China,"Sanshui, Foshan","Hall 7, level 0 / A01A",interpack2026.3012079,0j0KmRtIRim5aApuPkaHyg
Focke & Co. GmbH & Co. KG (Focke Packaging Solutions GmbH),Germany,Barßel,Hall 11 / A56,interpack2026.3020136,OEc8YjjlSWqsVao3ozSACg
FOCKE & CO,Germany,Barßel,Hall 11 / A56,interpack2026.3020136,OEc8YjjlSWqsVao3ozSACg
Foenix Coding Ltd,United Kingdom of Great Britain and Northern Ireland,Lyne,Hall 8b / D75,interpack2026.3032279,L80JX7TZRc6KtEXaZxooRA
Foilmall GmbH,Germany,Willich,Hall 8a / E03,interpack2026.3006975,E696WBsbRxKJ965G31SNmg
Folyoterm Ambalaj Plastik San. Tic. AS,Türkiye,Tekirdag,Hall 10 / D55,interpack2026.3039575,eSrxxhrCQcmRGn243GshjQ
FOMACO AS,Denmark,Koge,Hall 4 / E54-1,interpack2026.3067289,Dt8qogQQTUy4OBSAngolmw
Food Masters Freiberg GmbH,Germany,Freiberg am Neckar,Hall 4 / C36,interpack2026.3008663,he6WrRNST4KjA9ykOvCGyg
Food Processing Equipment S.r.l.,Italy,Parma,Hall 3 / A72,interpack2026.3007111,TlZuyy3QQHiZvbEjCRbHkg
"Foodman Optoelectronic (Zhongshan) Co., Ltd",China,"Zhongshan, Guangdong",Hall 18b / D01,components2026.3057093,DuPKTOGTQ4yVsYpgWVZQow
FOODPAK PLASTİK AMBALAJ SAN. TİC ve LT ŞTİ,Türkiye,Istanbul,Hall 8a / F42,interpack2026.3036298,MLgIPqgpSSeamFwJ5fWeOQ
Forbo Siegling GmbH,Germany,Hannover,Hall 4 / F35,interpack2026.3038018,qvT72mukQyuHPTsIDrN6bA
FORCE LEADER ENTERPRISES CORP.,China,Hefei,"Hall 7, level 2 / C43-4",interpack2026.3066993,UelMVYAPRQ2w9xV1HndbzQ
FORMA MAKINA SAN. A.S.,Türkiye,Istanbul,Hall 3 / C31,interpack2026.3007108,da0nEwSWRCqbjRvFSfROeQ
FormerFab GmbH Dr. Henry Drut,Germany,Freital,Hall 18b / F05,components2026.3008784,E8rUVgsuTMeH5buUw2VtXg
"Formers International, Inc.",USA,"Pasadena, TX",Hall 18b / F17,components2026.3009871,i8tKNIaqT7WizBx3uxrx0w
Formlabs GmbH,Germany,Berlin,Hall 18b / G03,components2026.3067262,IHzlwQ9xR6iHrH0scBPhCw
Fortress Technology (Europe) Ltd.,United Kingdom of Great Britain and Northern Ireland,Banbury,Hall 11 / E30,interpack2026.3006995,Pkiji4m0RQKdI69kyCbwlg
"FOSHAN AOLGE MACHINERY CO., LTD",China,"Foshan, Guangdong",Hall 8b / H80-7,interpack2026.3066988,Yg87OJFsRDGiWc0TxVjEZA
"Foshan Brucepack Packaging Machinery Co., Ltd.",China,"Foshan, Guangdong",Hall 15 / D20-5,interpack2026.3066479,cnOXfPC4Qk23uSmEmFaPHQ
Foshan Choctaek Machinery Mould Limited,China,"Foshan, Guangdong",Hall 8b / F15,interpack2026.3008397,OHP4uGmCSXaJoIwSvc3BWg
"Foshan City Nanhai Harvest Plastic Co., Ltd.",China,"Foshan, Guandong","Hall 7, level 1 / B07",interpack2026.3067223,nnNmEjaqR56q7L493VQC9w
"FOSHAN DXC PACKAGING CO.,LTD",China,"Foshan, Guangdong",Hall 9 / H26,interpack2026.3033291,i7NoSkKsSlibHjRDoBRk9A
"Foshan Fortune Supply Chain Tech Co., Ltd.",China,"Foshan, Guangdong",Hall 15 / D20-3,interpack2026.3066482,baSFIhqPT9GqG2iyOax0sw
"FOSHAN JINTIAN PACKING MACHINERY CO., LTD",China,"Foshan, Guangdong",Hall 8b / H80-13,interpack2026.3066625,v7IRlyfwREOsGDl4vKhwxg
"FOSHAN KENHIGH SMART MACHINERY EQUIPMENT CO.,LTD",China,"Foshan, Guandong",Hall 8b / E01-6,interpack2026.3064669,9bi59CifQBOfwWe7uUwcaw
"Foshan Land Packaging Machinery Co.,Ltd",China,Foshan,Hall 8b / H18-1,interpack2026.3066035,RuWUsyHuTmCqiIlb2FyaWg
"Foshan lKE Technology Co., Ltd.",China,Foshan,Hall 8b / H17-1,interpack2026.3067016,87EdSx6KR9qixRUJWE93ZQ
"FOSHAN POLYVA MATERIALS CO., LTD",China,"Foshan, Guangdong",Hall 15 / B03,interpack2026.3064087,ao2w9fzlQmmoztPSL0e3Pg
"Foshan Shunde Dustrial Machinery Co., Ltd.",China,Foshan,Hall 11 / G56,interpack2026.3011343,YsL9QsNjQA6D91fLdZJVpQ
"Foshan Shunde Topcod Industry Co., Ltd",China,"Foshan City, Guangdong","Hall 7, level 2 / G46-1",interpack2026.3064844,YAiIt4W8SSOHBkatB3J8vQ
"Foshan Soontrue Mechanical Equipment Co., Ltd.",China,"Foshan, Guangdong",Hall 8b / H80-12,interpack2026.3066374,jzlvpI1BSS24V4iEgd7PdA
"FOSHAN WANHE PACKAGING MATERIALS CO.,LTD.",China,"Nanhai, Foshan","Hall 7, level 2 / A38-1",interpack2026.3067000,FQ1uB3UGQ8efQt3OfbvxZw
"FOSHAN WILPAC PACKAGING MACHINERY CO., LTD.",China,"Foshan, Guangdong",Hall 15 / D20-8,interpack2026.3066494,mXtGDV6TQ9CpVtbzlJNumQ
"FOSHAN ZCHONE PACK MACHINERY CO., LTD.",China,"Foshan, Guangdong",Hall 15 / D20-2,interpack2026.3066946,RxxclG6DRGGTYNBlSgyNmw
FPC Corporation,USA,"Wauconda, IL","Hall 7, level 1 / E19",interpack2026.3036790,yWn29pyRQnatO7nAmgeLmQ
FPS Flexible Packaging Solutions,Netherlands,Amstelveen,Hall 10 / E17,interpack2026.3007305,8SlGwb8bThyQ7eEQbpSN8A
FPS Investments B.V.,Netherlands,Amstelveen,Hall 10 / E17,interpack2026.3007305,8SlGwb8bThyQ7eEQbpSN8A
"Frank & Associates Plastic Co., Ltd.",Taiwan,Taoyuan City,Hall 12 / A81-1,interpack2026.3054063,1CBq6SV6R4GflzHMfAL34Q
Frapak Packaging BV,Netherlands,Zeewolde,Hall 10 / B22,interpack2026.3039546,cln10k9JQPWK3drOvFsffQ
Fraunhofer IVV,Germany,Dresden,Hall 4 / C54,interpack2026.3061948,uOzMhz5dQVGpSjFVWGY7Gg
Fraunhofer-Institut für Angewandte Polymerforschung IAP e.V.,Germany,Potsdam,Hall 4 / C54,interpack2026.3068307,Esa5NgTrT6uHzL4U94EY5Q
Fresh-Lock by Presto Products,USA,"Appleton, WI",Hall 10 / B87,interpack2026.3009085,MN5bdm9WSeSV8fcr3VZ37A
Freund Inc.,USA,"Marion, IA",Hall 16 / D71,interpack2026.3007123,BFbYQokmSz6jccitlIaKdA
FRIMAQ,Spain,Lorca,Hall 4 / B35,interpack2026.3054218,Sj0myuK2S0qdHjJiKepJ5Q
FRIMPEKS KIMYA VE ETIKET SAN.TIC. A.S.,Türkiye,Sariyer/Istanbul,"Hall 7, level 1 / D05",interpack2026.3016450,lkoKyPCKSJm85XmYsCSmwg
Frisch Spritzmatic GmbH,Germany,Öllingen,Hall 3 / F94,interpack2026.3007203,T6lVPgDRRHOXKF9F4qFXKQ
Fristam Pumpen KG (GmbH & Co.),Germany,Hamburg,Hall 1 / D47,interpack2026.3014784,WWPNFSRgQjGDqFsC4WXYlQ
FRITSCH Bakery Technologies GmbH & Co. KG,Germany,Markt Einersheim,Hall 5 / A23,interpack2026.3052999,q1TmPocKQ0O28Mqrzi6PXA
Frumak Makina San. Dans. Tic. Ltd. Sti.,Türkiye,Istanbul,Hall 4 / C26,interpack2026.3023383,cLhIFNCYScS2sNdNypj95w
FRUTMAC GMBH,Italy,Nalls,Hall 4 / B06,interpack2026.3051462,vYakz7JqTiWu8VbpWAdfqw
FRYMAKORUMA,Germany,Hameln,Hall 4 / C59,interpack2026.3037982,CqwMdAWwRaOWAjO4IgLvJQ
"FSPG HI-TECH CO.,LTD",China,"Foshan, Guangdong","Hall 7, level 2 / A46-3",interpack2026.3067121,WsuwRIP3Saah2Z7L7d1UbA
FT System S.r.l.,Italy,Alseno (PC),Hall 13 / A48,interpack2026.3033223,6R082cU0QiCIm8kDtnPnbQ
FUCINE FILM SPA,Italy,Fucine di Ossana (Trento),Hall 9 / J25,interpack2026.3038373,9RtmePHUSgutp9Ww16IOmw
"Fuji Machinery Co., Ltd.",Japan,"Kitanagoya, Aichi",Hall 5 / A05,interpack2026.3007250,iLZjr217R5etW5Fld88AQQ
Fuji Seal B.V.,Netherlands,Deurne,Hall 8a / D60,interpack2026.3025110,b3z8DzcgSnO9Qawkv4URUg
"FUJI SHOKO CO.,LTD.",Japan,Toda City,Hall 18a / E01,components2026.3057166,sThcJweCSFawSII0baESHw
"FUJIAN YOUYI ADHESIVE TAPE GROUP CO.,LTD",China,"Fuzhou, Fujian","Hall 7, level 2 / A46-15",interpack2026.3067133,B9eFIml9TSm7OAjrLrqbEA
"Fujiang Nanwang Enviroment Protection Scien-Tech Co., Ltd.",China,"Quanzhou, Fujian",Hall 8a / F06,interpack2026.3012559,cswDAfaMR5i8AA4CA2TXwA
Fujifilm Europe BV,Netherlands,Tilburg,Hall 8a / B66,interpack2026.3038571,2KPyskj7S7OIMRahg4pGGg
"Full More(shanghai)Packaging Machine Co.,Ltd",China,Shanghai,Hall 11 / G30,interpack2026.3006818,zEjLLZ6uQnW16btAEVT6cg
FULL STRAP SRL,Italy,Vigliano Biellese (BI),Hall 10 / E79,interpack2026.3059962,xktoZCoPSNGxLWsygIU4tA
"Furukawa Mfg. Co., Ltd.",Japan,"Mihara-Shi, Hiroshima",Hall 11 / A71,interpack2026.3032979,URwd0pZQSMuxQlENjoADRA
Futamura UK Ltd.,United Kingdom of Great Britain and Northern Ireland,"Wigton, Cumbria",Hall 8a / E16,interpack2026.3036811,x38vY3xrRHqhbxWObGTlQA
FUTERRO FRANCE SAS,France,Reux,Hall 9 / G23-5,interpack2026.3072701,6FkE6VapQWifNiqyzt4vrw
"FUTURE PACK CO., LTD","Korea, Republic",Seoul,Hall 7a / C02,interpack2026.3065172,hxSs6LoFT4GfoRXjSdvtsA
G. Mondini S.p.A.,Italy,Cologne,Hall 5 / F24,interpack2026.3033950,LcBpLq7AQEulOoVrRqSZ4A
G. Webb Automation Ltd.,United Kingdom of Great Britain and Northern Ireland,Worcester,Hall 11 / D74-07,interpack2026.3071205,jsE8mTMcRKW7G6B4CLGHUQ
G.D S.p.a.,Italy,Bologna,Hall 6 / D57,interpack2026.3071995,A9nrmpDGTPSUPoeUW8FQ6Q
G.F. S.p.A.,Italy,Rubbiano (PR),Hall 6 / D57,interpack2026.3063933,fEIodWdmRUqZ5KpMdfwWcQ
Gabler Engineering GmbH,Germany,Malsch,Hall 16 / C41,interpack2026.3063656,epiRzrI5QquRqANKXDCTqw
GABLER Thermoform GmbH & Co. KG,Germany,Lübeck,Hall 8a / C70,interpack2026.3039560,gdqM0VytSbax7ufzlJWozA
GALAXY PACKTECH PVT LTD,India,Greater Noida,Hall 8a / F49,interpack2026.3007843,Qc0elOYHSYuYyL7f7ASRLA
Galloplastik S.r.l.,Italy,Chioggia (Ve),Hall 9 / G18,interpack2026.3006880,xv9KFvtQR6qsOyV5tRKS1g
Gami S.r.l.,Italy,Schio (VI),Hall 4 / B25,interpack2026.3008535,Tjqyid23SFy504Tn0RgL5w
Gamma Wopla NV,Belgium,Mouscron,Hall 10 / D68,interpack2026.3048023,auaVtNNXS52JZwTSJODx8w
Gampack s.r.l.,Italy,Piacenza,Hall 11 / G02,interpack2026.3006833,Z14lJwo6SoGrFI0wc0z7cQ
GANDUS SALDATRICI SRL Socio Unico,Italy,Cornaredo (MI),Hall 11 / G60,interpack2026.3035823,cXzR8RGIRiakrdZXdhesQQ
"Gansu Rapuso Aluminium Co., Ltd",China,Jiayuguan,"Hall 7, level 2 / F04",interpack2026.3072229,jdESX84oSJ6vQoHmUDnDQw
Garant Maschinenhandel GmbH,Germany,Lengerich,Hall 12 / A39,interpack2026.3037645,L35LWyXkSOuDeQGUYqmJzg
GASPOROX AB (publ),Sweden,Lund,Hall 16 / C78,interpack2026.3012133,OhfwLd4JTleqA9IVuzsmgA
Gasti Verpackungsmaschinen GmbH,Germany,Schwäbisch Hall,Hall 17 / A20-5,interpack2026.3068660,AOVOkprNQdS4rbwQ81WX1w
"GBM Green Bay Machinery Co., Inc.",USA,"Green Bay, WI",Hall 8b / E40,interpack2026.3037784,Tq6r1aeLRomo7Vc7gZ38yA
GDM IND COM PLASTICOS LTDA,Brazil,Orleans Orleans - Brasil - Santa Santa C,Hall 9 / F10,interpack2026.3016835,406EzhN9R0uE8SwNmmWIkQ
GEA Food Solutions Germany GmbH,Germany,Biedenkopf Wallau,Hall 6 / C27,interpack2026.3039636,RVREKIhSSny5HvonfPGBpw
Gebr. Becker GmbH,Germany,Wuppertal,Hall 1 / C09,interpack2026.3071979,qXU2e4GWTM2twxGIJK53Xw
Gebr. Ruberg GmbH & Co. KG Maschinenfabrik,Germany,Nieheim,Hall 4 / A45,interpack2026.3015958,o4h9Mvh7TlGlbGSpK2V1dw
Gebrüder Leonhardt GmbH & CO KG Blema Kircheis (BLEMA),Germany,Aue-Badschlema,Hall 8a / B65,interpack2026.3040668,33r6zXD8RoiQ3dSmYde39Q
Gebrüder Lödige Maschinenbau GmbH,Germany,Paderborn,Hall 4 / E06,interpack2026.3009960,ZwAKoGvNSD6kZVp7ih4ZXA
GeconaTEC GmbH,Germany,Berlin,Hall 3 / C79,interpack2026.3010921,PoquzH0wROaXl8DWjrcSyw
Geelen Counterflow,Netherlands,Haelen,Hall 4 / D11,interpack2026.3030818,w6Nt75S4QAy74Y6N2zFz9g
Geelen Counterflow BV,Netherlands,Haelen,Hall 4 / D11,interpack2026.3030818,w6Nt75S4QAy74Y6N2zFz9g
"GELKO CO.,LTD","Korea, Republic",Incheon,Hall 15 / A13,interpack2026.3040854,D28lJTZpQKqRsie5kUXsKA
Gemak Gida Endüstri Makinalari ve Tic. A.Ş.,Türkiye,Sincan - Ankara,Hall 8b / G27-02,interpack2026.3057289,apTXMnbHQbultvq7QQIqAQ
GEMNI FOOD EQUIPMENTS Prof. Pamnani Sunil Dharamdas,India,Secunderabad,Hall 1 / D51,interpack2026.3059906,0Kh0IrjjTXy4vw2S7ZiuRA
GEMÜ Gebr. Müller GmbH & Co. KG,Germany,Ingelfingen,Hall 15 / E58,interpack2026.3007140,Z25wez8YQDWYZImMASzAaQ
Gen Grinders Ambalaj Ürünleri Dış Ticare,Türkiye,Izmir,"Hall 7, level 1 / B40",interpack2026.3024496,Se8x6LxsTjiz80Eq6yviww
Gen Grinders Ambalaj Ürünleri Dış Ticare,Türkiye,Izmir,Hall 7a / B09,interpack2026.3067608,gnLU9Ek2QJKofkVf71Ic9A
"General Packer Co., Ltd.",Japan,Aichi,Hall 11 / C02,interpack2026.3027799,Sdl5zHAPRHyefyTR0Qpriw
GEO PROJECT INDUSTRIES (G.P.I.) S.R.L.,Italy,Galliera Veneta,Hall 11 / D02,interpack2026.3031509,VYmv5yCxQbC53phN1FjOIQ
Georg Hagelschuer GmbH & Co.KG,Germany,Dülmen-Buldern,Hall 5 / D41,interpack2026.3071140,KBWUMz1aQ26IMdnWEN4F6g
GEORGIAN PACKAGING LLC,Georgia,Tbilisi,Hall 8a / C34,interpack2026.3007878,2f5m4L1wS6ibXtz9FYWkzA
Georgii Kobold GmbH & Co. KG,Germany,Horb,Hall 18b / C16,components2026.3066059,1w0NBPisSf6RO3wA0GYVaQ
"Geotegrity Eco Pack (Xiamen) Co.,Ltd.",China,Xiamen,Hall 8a / E37,interpack2026.3010054,kXSD3v5NSCu35eTFGIQSMw
"GEPACK, SA",Portugal,Aveiras de Cima,"Hall 7, level 1 / C46",interpack2026.3007304,DDkXQRv1SsOpvfhjOiDyKw
Gerhard Schubert GmbH Verpackungsmaschinen,Germany,Crailsheim,Hall 14 / D01,interpack2026.3016381,0wxqqEbmQquElHikGcT3Ig
GERNEP (KOSME Germany GmbH),Germany,Barbing,Hall 16 / F03,interpack2026.3016743,gH7GkveXQ8CBgSWFNr1ypQ
Gerstenberg Services A/S,Denmark,Ishøj,Hall 4 / E54-8,interpack2026.3065262,3OJORd7ZTcOq3ZNcWnI9tw
Gerteis Maschinen + Processengineering AG,Switzerland,Jona,Hall 16 / E03,interpack2026.3007162,9S48psorSbOr6xT7eNA8VA
Getriebebau NORD GmbH & Co. KG NORD DRIVESYSTEMS,Germany,Bargteheide,Hall 6 / C28,interpack2026.3008078,e3EcjtgNTk2UOsdbrxlN6A
Geyssel Sondermaschinen GmbH,Germany,Köln,Hall 11 / B06,interpack2026.3016393,XfiEtROXTlGcCJ4lIPFmWg
GG Macchine Srl,Italy,Borgo San Lorenzo (FI),Hall 12 / E26,interpack2026.3012821,aKWSmCdMTbeIWAsDMk4ueA
GHD Georg Hartmann Maschinenbau GmbH,Germany,Delbrück,Hall 3 / A73,interpack2026.3033021,BSN93PqHQUyR4I82jEZNjQ
Ghezzi & Annoni S.r.l.,Italy,Garbagnate Milanese (MI),Hall 8a / B52,interpack2026.3033461,AotIjDygQ1WanGH6GwtETQ
Giemme Thermo Packaging Machinary S.r.l.,Italy,Dalmine,Hall 5 / B19,interpack2026.3067806,Xep1jZKGTieuqCshgqgpcg
Giemme Thermo Packaging Machinery srl,Italy,Dalmine,Hall 5 / B19,interpack2026.3067806,Xep1jZKGTieuqCshgqgpcg
Giesen coffee roasters bv,Netherlands,Ulft,Hall 1 / B33,interpack2026.3041230,dOB3OvJOQt2hFjq8fOTZaQ
Giflor S.r.l.,Italy,Grumolo delle Abbadesse (Vi),"Hall 7, level 1 / E12",interpack2026.3007353,a8ZfYtsTS4Soe9XFayJMBQ
Gimatic Vertrieb GmbH,Germany,Hechingen,Hall 18b / F11,components2026.3047402,n4bGVfBNSjmc3CBsRxufsw
Girisim Makina Ltd. Sti.,Türkiye,Istanbul,Hall 4 / B44,interpack2026.3032086,YRkhaiU4TQGIu3sq6aecqA
Giropes S.L.,Spain,Vilamalla,Hall 11 / E04,interpack2026.3059444,5wA2H2LXT3uvsvvW450fCA
GK Sondermaschinenbau GmbH,Germany,Arnsdorf,Hall 6 / A79,interpack2026.3036200,8tYTpinySyqEFSyAjkco8w
GKD DESICCANTS by Greenkeeper,Spain,Madrid,"Hall 7, level 1 / D10",interpack2026.3025078,xJ7g2ev5RxOL3rIpyQQ6EA
GKS Packaging b.v.,Netherlands,Eindhoven,Hall 5 / C03,interpack2026.3008532,RUF7iI1DQumivhsCvooUCA
Glass GmbH & Co. KG,Germany,Paderborn,Hall 1 / B89,interpack2026.3032078,YKaXKx5VSYi1CUdV5jExbA
Glatt GmbH Process Technology,Germany,Binzen,Hall 16 / C22,interpack2026.3009932,5lHYWkUCQwqvN6TY4cOXDA
Glen Industries Limited,India,Kolkata,"Hall 7, level 2 / F05A",interpack2026.3011952,5Fn5jgVBQbGHyt2MReXmOQ
GlobalVision Inc.,Canada,"Kirkland, QC",Hall 8a / D43,interpack2026.3017014,EYWfrr6lRDqvz3GdBpJYTA
Globe Industries Corporation,Taiwan,Taipei,"Hall 7, level 1 / B41-7",interpack2026.3064003,11KTWYzNRL2MrnSzMM4EsQ
Gluecom Labord SARL,France,Saint-Germain-Lès-Arpajon,Hall 9 / F16-3,interpack2026.3065953,4YRSsGtzToyHTaWK3HORKw
"GMS FEEDING SYSTEMS, SL",Spain,Sabadell (Barcelona),Hall 15 / C59,interpack2026.3027000,HpgCMNCCTGiXXFlHEaCCiw
Gocmen Machine Ind. Ltd. Co.,Türkiye,Karaman,Hall 1 / A85,interpack2026.3023396,0WYSAHJCQEO5vUnr3v4OxQ
Goglio S.p.A.,Italy,Daverio (VA),Hall 11 / E60,interpack2026.3007951,eQuIQ6S0Q4CD0RFTK2WYfg
Goldfuss Automation GmbH,Germany,Balingen,Hall 15 / B24,interpack2026.3039653,s3oyYVDoRsK50FEDuxkWYQ
Goldpack Zlatorog oprema d.o.o.,Slovenia,Hoce,Hall 6 / B27,interpack2026.3034494,5fLNNFKpSNGnYfl9oNobBg
"GOLDSTONE PACKAGING JIAXING CO., LTD",China,"Jiaxing, Zhejiang","Hall 7, level 1 / B03",interpack2026.3008474,Qmp2qMrsQEuChYP5U3meOw
Göncay Plastik Sanayi ve Ticaret A.S.,Türkiye,Tekirdag,Hall 10 / D82,interpack2026.3016836,IUWOo11ZTs2GcIHW57EsCQ
Goodway Technologies Corp.,USA,"Stamford, CT",Hall 18b / D20,components2026.3055754,sZYOBJjSRPaxopBrH719Tg
Gorreri S.r.l.,Italy,Sorbolo Levante di Brescello (RE),Hall 3 / A55,interpack2026.3073357,QHlbyLyVSDWLUemvAAkUFQ
GOSTOL-GOPAN d.o.o Nova Gorica,Slovenia,Nova Gorica,Hall 3 / C72,interpack2026.3058497,pjQVGIOHTMOexMcATlENCg
Gpi De Gouwe B.V.,Netherlands,Gouda,Hall 1 / A82,interpack2026.3036967,aICTG2RcQbeltDuxPegHLA
GR Confectionery Machinery,Chile,Viña Del Mar,Hall 1 / C48,interpack2026.3033661,9z54z14eQIGm1s8WPsEQig
GR Ingenieria Industrial S.A.,Chile,Viña Del Mar,Hall 1 / C48,interpack2026.3033661,9z54z14eQIGm1s8WPsEQig
Graco,Belgium,Maasmechelen,Hall 18b / C03,components2026.3033052,XXCMs4irR2m5SqHdzKlp1A
Graco BVBA,Belgium,Maasmechelen,Hall 7a / B09,interpack2026.3072473,kVPgkWLEQQiStly1yqTl9w
Graco Distribution B.V.B.A.,Belgium,Maasmechelen,Hall 18b / C03,components2026.3033052,XXCMs4irR2m5SqHdzKlp1A
GRAFICAS SALAET S.A.,Spain,Gandesa,Hall 9 / C35,interpack2026.3006930,AOmJtz9YQG27spRcluolcw
GRAFTEK MATBAA VE AMBALAJ SAN.TIC.LTD.ST,Türkiye,Istanbul,Hall 8a / F15,interpack2026.3042794,Z12XX72kTe6hETG3FYfXRQ
Grandi Srl,Italy,Bologna,Hall 11 / G26,interpack2026.3036473,RpCak8iARS6Vveb9pDkuWA
"Graphic Solid Inks, Inc.",USA,"Alpharetta, GA",Hall 8b / F40,interpack2026.3062933,uCEZX5I5SZKcpdBKJBVt7w
GRASSELLI SPA,Italy,Albinea (RE),Hall 6 / C71,interpack2026.3038693,iHnCjFh0T1yJshNTx1CHcg
"Great Silver Pack (ShenZhen) Co.,LTD",China,Shenzhen,"Hall 7, level 2 / A46-20",interpack2026.3067174,XMFT3tzDRnu1d2KtTsuZIg
"Green Packaging Material(Jiangyin) Co., Ltd",China,"Wuxi, Jiangsu","Hall 7, level 2 / A42-1",interpack2026.3067158,gkBoeQmPSPuIpbFXPUnp8w
"GREEN SUSTAINABLE PACKAGING MACHINERY, Corporation",USA,"Aurora, IL",Hall 8b / E31,interpack2026.3056954,XjGdJQ47Rku2bQR7l8M4zA
"Green Valley Technology (Zhuhai) Co., Ltd.",China,"Zhuhai City, Guangdong","Hall 7, level 1 / B25",interpack2026.3066147,KdytSfb7ReaNfAki26QrOQ
Greener Corporation,USA,"Bayville, NJ",Hall 18b / E24,components2026.3040780,9k2bUgYFQhisRdl90LYi8A
Greenkeeper Iberia S.L.,Spain,Madrid,"Hall 7, level 1 / D10",interpack2026.3025078,xJ7g2ev5RxOL3rIpyQQ6EA
Greif Packaging Germany GmbH,Germany,Köln,Hall 10 / B19,interpack2026.3031863,8oZqBNNES5yEjhHwE05J5g
Greiner Packaging International GmbH,Austria,Kremsmünster,Hall 10 / C42,interpack2026.3021863,vUTb1z4FRRaMWg222Eu1Lg
GRIMM Zuführtechnik GmbH & Co. KG,Germany,Spaichingen,Hall 14 / A21,interpack2026.3063131,0DgXDmO5TuWeJcIcBNaKRg
Grip Systems Ltd,United Kingdom of Great Britain and Northern Ireland,Stafford,"Hall 7, level 1 / C48",interpack2026.3034977,Iyswbzx1Q2WQhDB0RkBORQ
Gripwiq ApS,Denmark,Jerup,Hall 4 / E54-4,interpack2026.3072361,GMX7QZVfRAGHwQMqp8Mynw
Groba BV Cheese Processing Equipment,Netherlands,Nederweert,Hall 5 / F19,interpack2026.3007336,VyblBCl7Syy25Sy1CE4z8A
Groeneveld‑BEKA&#160;GmbH,Germany,Pegnitz,Hall 18b / G18,components2026.3051455,v2b8ZJ9iTo2IR9axRchkzA
groku Kunststoffe GmbH,Germany,Schloß Holte-Stukenbrock,Hall 9 / D32..E31,interpack2026.3006934,wYg5dWojTl6VqvwfXFjM0A
Gronemeyer Maschinenfabrik GmbH & Co.,Germany,Höxter,Hall 13 / C89,interpack2026.3033960,SH4UcI8BQTmMU55NTeMVBw
groninger & co. gmbh,Germany,Crailsheim,Hall 16 / B37,interpack2026.3007104,XDQDmMBIRVimeHjWoMub6w
Grossmann Maschinenbau GmbH,Germany,Frankenberg,Hall 3 / F21,interpack2026.3032829,9SOrUKkYQXSmS3SCAjtoWQ
GRUNWALD GMBH,Germany,Wangen im Allgäu,Hall 6 / B01,interpack2026.3014599,4JhCTDZjRaKnH1FlGLQxxw
Grupa Kon-Plast Sp.z o.o.,Poland,Stare Miasto,"Hall 7, level 1 / A16",interpack2026.3039434,vPqdGEwNSgOTML47UiVqQA
Grupo Lantero,Spain,Madrid,Hall 10 / E44,interpack2026.3031904,462DLAyrQJetnUNfE7dwXg
Grupo Vifra,Spain,Roda (LA),Hall 8a / C13,interpack2026.3044795,O5f4Pqq7SXSmT8wDwbVbjA
Gruppo ASA,San Marino,Falciano,Hall 7a / B12,interpack2026.3070089,jSW2VrOlQAS51lKHTpcvlQ
Gruppo Fabbri Vignola S.p.A.,Italy,Vignola (MO),Hall 10 / C71,interpack2026.3071470,AgtlUlINRnaODe4MACyzuw
Gruppo TecnoFerrari S.p.A,Italy,Fiorano Modenese (MO),Hall 6 / C02,interpack2026.3038583,H2jFevSiRoqmulL9pjzEJA
GSR srl,Italy,Calolziocorte,Hall 3 / C60,interpack2026.3010302,D2Dw1S3CRiysR9mhvY1bXA
GUALA DISPENSING S.p.A.,Italy,Alessandria,Hall 9 / D24,interpack2026.3055441,iuOUauZYTKGNHn4a5ySExA
Gualapack S.p.A.,Italy,Castellazzo Bormida (AL),Hall 9 / D24,interpack2026.3012470,Ctx9ICVPRwGQ2ACisiuaYQ
"Guan Yu Machinery Factory Co., Ltd.",Taiwan,Changhua,Hall 4 / D05,interpack2026.3064141,tHmGpfUrROmD9fpD7PkTFw
"Guangdong Chuangxin New Material Technology Co., Ltd",China,"Dongguan, Guangdong","Hall 7, level 2 / E44-6",interpack2026.3065778,068iRKwSSoOpDjA2eJtlMQ
"GUANGDONG DINGLISHENG TECHNOLOGY CO.,LTD",China,"Heshan, Jiangmen, Guangdong","Hall 7, level 2 / A43-1",interpack2026.3066969,37iBHXADROCI00SwpDzEVg
GUANGDONG FEIBIN MACHINERY GROUP CO LTD,China,"Dongguan, Guangdong",Hall 8b / H17-6,interpack2026.3064767,joUo8zn6TOKwbhrvwlA3Cg
Guangdong Fengqi Packaging Co.Ltd,China,"Dongguan, Guangdong","Hall 7, level 2 / B38-5",interpack2026.3066997,9pu54TOdRNOJelf8ZkLvuw
"Guangdong Highdream Intellectualized Machinery Co.,Ltd",China,"Foshan, Guandong",Hall 14 / C70,interpack2026.3009570,y8aBi2EfSjiHSmXqkCrJ3g
GUANGDONG HONGCHUAN UNIVERSE INTELLIGENT Co. Ltd.,China,"Shangtou, Guangdong",Hall 6 / E61,interpack2026.3040529,ZXLx3od1Rjud0Wk4tEpP8w
"GUANGDONG HUIYANG PACKAGING CO., LTD.",China,Chaozhou,"Hall 7, level 1 / B07",interpack2026.3066146,HzktHgeTTbWiQOZ42mA0zA
"GUANGDONG KENWEI INTELLECTUALIZED MACHINERY CO., LTD",China,Zhongshan,Hall 11 / B11,interpack2026.3007845,tb4DqIRxQtGF3XfAQxXb8A
"Guangdong Leva Packaging Equipment Co.,Ltd.",China,"Guangzhou, Guangdong",Hall 15 / D20-1,interpack2026.3066595,cuTSq9SNRdmd1otQnOxZFQ
"GUANGDONG OUDAYA PACKAGING CO.,LTD",China,Shantou,"Hall 7, level 2 / D46-5",interpack2026.3065763,XZxv92aIQXOn4ZMIOn3KCg
"Guangdong Precision Technology Co.,Ltd.",China,Zhongshan,Hall 11 / A77,interpack2026.3065612,taPPgjiiQYCyLPCueBxrvw
Guangdong Ruisoon Intelligent Machine Co. Ltd.,China,"Foshan, Guangdong",Hall 15 / D13,interpack2026.3068673,jCCJsQ5sShea6rfVnFbtJw
"Guangdong Shaoneng Group Luzhou Technology Development Co., Ltd",China,"Shaoguan, Guangdong","Hall 7, level 2 / D35",interpack2026.3013900,vsflwWrYRuaBhqtVRazeZg
"Guangdong Shuangchangsheng Can Making And Packaging Co,.Ltd",China,Jiangmen,"Hall 7, level 2 / D44-3",interpack2026.3066964,dEeZxWMIT7C8ljo2vOA3Dg
"GUANGDONG SHUNDE BOHUI PACKAGING MACHINERY CO., LTD",China,"Foshan, Guangdong",Hall 15 / D20-21,interpack2026.3066490,7JBeBoEmS5q2mJahyYBMkw
"Guangdong Shunde Huaji Machinery Industrial Co., Ltd.",China,"Foshan City, Guangdong",Hall 3 / D76,interpack2026.3024203,KSo1n5x6TLuSTmUDLc8FRA
"GUANGDONG TAICHUAN INTELLIGENT EQUIPMENT CO.,LTD",China,"Foshan, Guandong",Hall 8b / H40-11,interpack2026.3066373,GZd26CeNRhSM9ryfG1Qnfg
"Guangdong TaiWei Packing Products Co. , Ltd.",China,Dongguan,"Hall 7, level 2 / A46-7",interpack2026.3067114,sbZfozPaQjuU82I10lU7GA
"Guangdong Tengen Industrial Group CO.,LTD",China,"Dongguan, Guangdong","Hall 7, level 2 / G47-7",interpack2026.3064729,iz5fMaTnSsiiLreAi0cFZw
"GUANGDONG TOUPACK INTELLIGENT EQUIPMENT CO., LTD.",China,"Zhongshan, Guangdong",Hall 1 / C44,interpack2026.3010304,VvaMM0R0SuqefCRAUff0NA
Guangdong Weiya Printing and Packaging Co. Ltd.,China,Shantou,Hall 8a / F02,interpack2026.3010312,rlo5vielS5KvIKQt5yQvfg
"Guangdong Xintianli Holdings Co., Ltd",China,"Chaozhou, Guangdong","Hall 7, level 2 / F38-1",interpack2026.3065099,8lhLfwMDS9O9okGqcN7iZQ
"Guangdong XTIME Packaging Equipment Co., Ltd",China,"Guangzhou, Guangdong",Hall 15 / D20-14,interpack2026.3066491,i1a9XhbVRD2sXASAv0TTMg
"Guangdong Yuedong Mechanical Industry Co., Ltd.",China,"Shantou, Guangdong",Hall 6 / E16,interpack2026.3011594,ls2qMY2MTpqzKbmhQWckyQ
"GUANGDONG ZHENGYI PACKAGING CO., LTD",China,"Foshan, Guangdong","Hall 7, level 2 / C38-3",interpack2026.3067146,Pl8Fe1Q8QkmgkYkJ7FfGAw
"GUANGDONG ZHONGXING PLASTIC AND PAPER PRINTING CO.,LTD",China,Shantou,"Hall 7, level 2 / A46-18",interpack2026.3067148,gdCiqIb8SXaAgSZtvGpUWA
"Guangxi Fineshine ECO Technology Co., Ltd.",China,"Laibin City, Guangxi province","Hall 7, level 1 / C04",interpack2026.3059958,SnKgAl4MSTmqJJAgIDdN1A
"Guangxi Firstpak Environmental Technology Co., Ltd.",China,"Laibin City, Guangxi","Hall 7, level 1 / A15",interpack2026.3067744,HIWx2TnhR1abarMrdbxh0Q
"GUANGZHOU BIAOJI PACKAGING EQUIPMENT CO., LTD.",China,"Guangzhou, Guangdong","Hall 7, level 2 / C15A",interpack2026.3075936,myapGvQyTpOHPtX7fwvwTw
"Guangzhou COPCO Trading Co., Limited",China,Guangzhou,"Hall 7, level 1 / B02",interpack2026.3006889,X8F5NHcHTYmJUhS7DRXCnQ
"GUANGZHOU DE HONG XI PACKAGING MATERIAL CO.,LTD",China,"Guangzhou, Guangdong","Hall 7, level 0 / A19",interpack2026.3022269,jeHm6Iu4SWKT3KP1dhjF0A
"GUANGZHOU EC-PACK PACKAGING EQUIPMENT CO., LTD.",China,"Guangzhou, Guangdong",Hall 8b / G49,interpack2026.3075903,hGLSmcEcRBmWXV8Vmy1r5w
"GUANGZHOU EC-PACK PACKAGING EQUIPMENT CO., LTD.",China,"Guangzhou, Guangdong",Hall 8b / H18-5,interpack2026.3068672,hcrN0poQTPimcWNaKTiXjQ
"Guangzhou Jiurong Packaging Co.,Ltd",China,Guangzhou,"Hall 7, level 2 / C20",interpack2026.3074717,NCS3VZSqQtup0z0uZzGibw
"Guangzhou Lushan New Materials Co., Ltd.",China,"Guangzhou, Guangdong","Hall 7, level 2 / G47-2",interpack2026.3064846,fW4cuLbvQlyhUWHigg96Cw
"Guangzhou Nanya Pulp Molding Equipment Co., Ltd",China,"Guangzhou, Guangdong",Hall 8b / H80-18,interpack2026.3066990,MIDaulxzQlWicFWN29CKHg
"GUANGZHOU PULISI TECHNOLOGY CO.,LTD.",China,Guangzhou,Hall 8a / D77,interpack2026.3048774,gA7owJWdQC6fIRlSujSkXg
"Guangzhou Shell-Conning Mechanical Equipment Co., Ltd",China,Guangzhou,Hall 8b / H47,interpack2026.3008852,rJMdyYm7SuilDy1emsEFSQ
"Guangzhou Tongchuang Intelligent Packaging Machinery Co.,Ltd",China,"Guangzhou, Guangdong",Hall 8a / E19,interpack2026.3073543,jvwcEJLmQgWiobpwCMdx3g
"Guangzhou Western PACKING Co., Ltd.",China,"Guangzhou, Guangdong",Hall 15 / D20-4,interpack2026.3066483,4YMbCqvvSTK9u8CxH0hZvg
"Guangzhou Yucai Color Printing Co.,Ltd.",China,"Guangzhou, Guangdong","Hall 7, level 2 / A46-14",interpack2026.3067134,XwC492oBSb222W9evH5Uhw
GUILBERT EXPRESS SAS - Express Shrink Wrapping -,France,Croissy-Beaubourg,Hall 9 / F16-5,interpack2026.3073269,QWvKM4azQkGOnGHs8JDkIg
Guill S.A. Construcciones Mecanicas,Spain,Molins de Rei (Barcelona),Hall 14 / A69,interpack2026.3007478,PEzUz2XZRAe3JiwjDIg2ig
GUK-Falzmaschinen GmbH & Co. KG,Germany,Wellendingen,Hall 16 / C71,interpack2026.3012273,CZpDdM6fRWWHUMziQ8NN2g
Gulf Packaging Industries Co.,Saudi Arabia,"Al Qashlah District, Dhahran",Hall 10 / D25,interpack2026.3007327,JQs6V8O4RlauDTZpUgdXGQ
Gum Base Co. S.p.A.,Italy,Lainate,Hall 1 / A29,interpack2026.3008033,Qrqp4TnzRlSTfxrristAaQ
Gumcorp Private Limited,Pakistan,Karachi,Hall 1 / C01,interpack2026.3007209,oIhEuYF5TWKxAo0GA9qhuQ
GUNCAN PLASTIK AMBALAJ SAN.VE TİC.LTD. STI.,Türkiye,Kocaeli,"Hall 7, level 2 / D18-3",interpack2026.3066597,uLcEsQylTXiWEx2kWhBhKQ
"Gungzhou All-bloom Intelligent Equipment Co., Ltd.",China,Guangzhou City,Hall 8b / H40-12,interpack2026.3066068,KD57dcPFTUqqiDTqRSENcQ
Günler Plastik Ambalaj ve Kozmetik Malzemeleri Ltd. Sti,Türkiye,Istanbul,"Hall 7, level 1 / E28",interpack2026.3012078,HkbNwurUTH6ci8BBKq796w
Günter Kunststoffmaschinen GmbH,Germany,Zwickau,Hall 8b / D51,interpack2026.3038567,gxEW3UJIQnmUJVH8UVD67Q
"Gusu Food Processing Machinery Suzhou Co., Ltd.",China,Suzhou,Hall 4 / B13,interpack2026.3025292,fy621fgGSxGuvTEMPVShwQ
Guzzetti S.p.A.,Italy,Turate (CO),Hall 8a / C66,interpack2026.3035227,LtZFT39fTraq7mEtjn6woQ
H. Rand GmbH Palettensicherungssysteme Palletizing Safety Systems,Germany,Neuhofen,Hall 12 / D04,interpack2026.3006848,Pbu5S4QKSQCndwDlH1W93Q
H.B. Fuller Deutschland GmbH,Germany,Lüneburg,"Hall 7, level 0 / B13",interpack2026.3040531,aNmfpIhIRry0cJP4DSdilQ
H5K5 Leak Detection SRL,Argentina,Ciudad de Buenos Aires,Hall 6 / A30,interpack2026.3066704,sYP1jUm4QdiiL6fonzmGeg
Habasit AG,Switzerland,Reinach-Basel,Hall 11 / E02,interpack2026.3035591,NOAQzywnSimLt6sxumI0ug
Hacona Kft. Packaging Machines,Hungary,Budapest,Hall 12 / A22,interpack2026.3006838,usthyJ4lQuWfrjI0aFWw9w
Hacos NV The Chocolate Machine Factory,Belgium,Malle,Hall 1 / B18,interpack2026.3023393,0TdYJ2IaTTavYmQ0GpRGew
Halopack N.V.,Netherlands,Almelo,Hall 9 / A13,interpack2026.3035233,f90AYY3zSX22vEMKJSF4gw
HALSTRAP PRODUCTS,France,Rambervillers,Hall 9 / F16-4,interpack2026.3063327,TnVYccKITrOCtOfC2CZADw
halstrup-walcher GmbH,Germany,Kirchzarten,Hall 18b / D11,components2026.3036553,UgxZ5njCRFmZ7Oh7exkqHQ
"HAMER Packaging Technology, S.L.",Spain,La Granada,Hall 15 / C05,interpack2026.3038017,jrtc61biTri1TS9SPMyzcQ
"HANGZHOU BAODENGDA TIN CO.,;LTD",China,"Hangzhou City, Zhejiang","Hall 7, level 2 / G46-5",interpack2026.3064688,LrhAY4JCQEyGogMdLyUstw
HANGZHOU HENGYI PACK CO LTD,China,"Hangzhou, Zhejiang,","Hall 7, level 2 / B02",interpack2026.3012094,RwCyHu64S5GQCxQkfwjKww
"HANGZHOU JINHANG NEW MATERIALS CO.,LTD",China,Hangzhou,"Hall 7, level 2 / A42-5",interpack2026.3067157,bAU1dVPxQsSxbGeFNNAIVQ
"Hangzhou kechuang Mark Technology Co.,Ltd",China,Hangzhou,Hall 8b / E01-3,interpack2026.3066063,nn8XmgIGTQqPhULqK4BNbA
"Hangzhou Ruixue Intelligent Technology Co., Ltd.",China,"Hangzhou, Zhejiang",Hall 12 / A82,interpack2026.3012095,WEAWUOfQQmu9vCWYzcYxYA
Hangzhou Tomato Environmental Protection Co. Ltd.,China,"Hangzhou, Zhejiang","Hall 7, level 2 / G47-6",interpack2026.3064725,D9KYYblpSHuAvn5f4ltnSA
Hangzhou Xubase Impex Co. Ltd,China,Hangzhou,"Hall 7, level 2 / F27",interpack2026.3051985,EXr0IX5sRF6KHv3G4qL8eA
Hangzhou Youngsun Intelligent Equipment Co. Ltd.,China,Hangzhou,Hall 12 / E14,interpack2026.3061894,d0RSqJbuSVG1yyGYq1rbTw
Hangzhou Youngsun Intelligent Equipment Co. Ltd.,China,Hangzhou,Hall 17 / B73-1..B73-3,interpack2026.3007087,2nHbYTVtSyOZQVVgtbFLsQ
"Hangzhou Zhongya Machinery Co., Ltd.",China,Hangzhou,Hall 6 / E37,interpack2026.3027731,PSiPA5F9QJeUcFqHpbOApw
HANOVA SARL,France,Ruitz,Hall 10 / E18,interpack2026.3037768,OVfjeQIhQ0qFLsZCsj9dlA
Hans Brunner GmbH,Germany,Glonn,Hall 1 / B34,interpack2026.3013084,ZaDbpADjSMC6kCUTgKv4UQ
Hansa Industrie-Mixer GmbH & Co. KG,Germany,Stuhr Heiligenrode,Hall 3 / C74,interpack2026.3015579,M7vI9PQATGOT84zFBB9ihA
Hänsel Processing GmbH,Germany,Hannover,Hall 1 / A47,interpack2026.3013088,mv3cV591TKiWLuznyjRptg
Hansin (Europe) International Trading B.V.,Netherlands,Amsterdam,"Hall 7, level 2 / A25",interpack2026.3007915,fFTyeiPETHqSZsKW545W0Q
"Hanson Pulp Molding Technology Co., LTD",China,"Dongguan, Guangdong",Hall 15 / D20-7,interpack2026.3066941,fuUnwH8XTbyIM7R5Vs7IKQ
HANVAC GmbH,Germany,Grevenbroich,Hall 18b / C20,components2026.3041693,TZDZn6KLRlKjNGeofOFKhw
Hapa AG,Switzerland,Volketswil,Hall 6 / D57,interpack2026.3064483,A8A6wdIXSaCapppMzImtRA
HAPLAST JSC,Vietnam,Hung Yen,"Hall 7, level 2 / E01",interpack2026.3032044,UdyPRFgtRjSlWIcvSRJ9tA
"HARKOM ELECTRIC MACHINE & AUTOMATION CO., LTD.",Türkiye,Konya,Hall 1 / D48,interpack2026.3035832,H6kjQdsCTRmYDkCpszkCVw
"Harland, a BW Packaging brand",USA,"St. Louis, MO",Hall 6 / C79,interpack2026.3011593,83pzX1c4Q26YFlyAUgCNuA
Harman Ambalaj San. Tic. A.Ş,Türkiye,Istanbul,Hall 9 / G22-6,interpack2026.3056922,YBCcYryKRtqY8FyDV8tuOQ
Harro Höfliger Verpackungsmaschinen GmbH,Germany,Allmersbach im Tal,Hall 16 / D21,interpack2026.3026684,RPM8TEXyRfa1jP6XO8BrSQ
HASBORG Rafal Mucha,Poland,Rakszawa,Hall 1 / A25,interpack2026.3032949,sinem88rRtaYhWvdMXdvGg
Hassia Verpackungsmaschinen GmbH,Germany,Ranstadt,Hall 17 / A20-5,interpack2026.3068658,bpN9SxReSI65drvp8yTnEg
Hassia-Redatron GmbH,Germany,Butzbach,Hall 16 / C37,interpack2026.3023216,w0PXJ1KPRfWMFAEdejNbPA
HASTAMAT Verpackungstechnik GmbH + Co. KG,Germany,Lahnau,Hall 14 / C22,interpack2026.3008343,2AMEE2xiSredDnoZiimUAQ
Hauser Maschinen e.K.,Germany,Raguhn-Jeßnitz,Hall 16 / D08,interpack2026.3029279,ZAHoASDaRe6FOSoOQZpsXA
HAVER & BOECKER OHG Drahtweberei und Maschinenfabrik,Germany,Oelde,Hall 12 / A27,interpack2026.3032969,JfB9Qo1JRGWjJhsDfTkgkA
Hayssen,USA,"Clayton, MO",Hall 6 / C79,interpack2026.3074676,vLujKzxBTNyYwoJN5itBpA
"Hayssen, a BW Packaging brand",USA,"St. Louis, MO",Hall 6 / C79,interpack2026.3011593,83pzX1c4Q26YFlyAUgCNuA
HB-Technik GmbH Anlagen- und Maschinenbau,Austria,Schwanenstadt,Hall 3 / E76,interpack2026.3027972,apUarIifT6STx2cFCk37hg
HBTS Packaging System S.r.l.,Italy,Torino,Hall 11 / A76,interpack2026.3075035,9MFJMohqSX2EpUZqr53T0g
HCP Plastene Bulk Pack Limited,India,"Ahmedabad, Gujarat",Hall 10 / D47,interpack2026.3006906,uELp6M9AQ8eDPaPeSkuqFA
HDG Verpackungsmaschinen GmbH,Germany,Lindlar,Hall 6 / C31,interpack2026.3044622,jfI4L5QbRkeb1XSHVyJ2FQ
Healforce Lifescience Sdn Bhd,Malaysia,Shah Alam Selangor,Hall 8a / F01,interpack2026.3072492,ywYyr4qmTyqc4c9Ng6QTtg
Heat and Control Pty. Ltd.,Australia,"Mount Gravatt, QLD",Hall 14 / A56,interpack2026.3006819,p2oWvP33QjS1mX9e7gexwQ
HEAT3 OÜ,Estonia,Tallinn,Hall 9 / E04,interpack2026.3071854,fSQ0WcQiR6mAcBpgi4qSWw
"Hebei Amusen Filter Paper Co.,Ltd",China,"Xinji, Hebei","Hall 7, level 2 / A24",interpack2026.3065947,jirt1fSCSQ2r6UCwYXNE8g
"Hebei LingU Intelligent Equipment Co., Ltd.",China,"Shijiazhuang, Hebei",Hall 8b / H79-7,interpack2026.3064668,GLFSBbKjQVOxQ0zyK33kig
Hebenstreit GmbH,Germany,Mörfelden-Walldorf,Hall 3 / F72,interpack2026.3012270,HlEMgHJxSAe30fAEEdVZaA
HEBERT P. SAS,France,Orgelet,Hall 9 / G23-3,interpack2026.3063321,5Jomf4zTRp2KvgGvGd4YWQ
hebold systems GmbH,Germany,Cuxhaven,Hall 16 / A37,interpack2026.3021885,k4HW7gvBTNyI6LP0eKblMQ
HECHT Technologie GmbH,Germany,Pfaffenhofen an Der Ilm,Hall 4 / E06,interpack2026.3057828,xNiXRaMASnWQZ3Po5sPFAA
"Hefei Hengxin Life Science and Technology Co., Ltd.",China,Hefei,"Hall 7, level 1 / B35",interpack2026.3010315,L31rYvIIT1O08lcn0JQOfw
Heidelberger Druckmaschinen AG,Germany,Wiesloch,Hall 8b / D18,interpack2026.3056260,TcRzjntrQaOBvfEgXA5sIA
Heinen GmbH & Co. KG,Germany,Jade,Hall 3 / E91,interpack2026.3065665,XLsMaj4tT4SMplofzuR2MA
Heino Ilsemann GmbH,Germany,Bremen,Hall 16 / D38,interpack2026.3008305,aR8R7yo8Q2eNAMHwJRgtKw
HEINRICH KIPP WERK GmbH & Co. KG,Germany,Sulz am Neckar,Hall 18a / F01,components2026.3062793,xD7JgoLvRVC26qMppdATHw
heinzelpöls,Austria,Pöls,Hall 8a / B42,interpack2026.3006965,9xet1p43Ql21PScncAirVg
heinzelsales,Austria,Wien,Hall 8a / B42,interpack2026.3064689,hq5944KKSZGbEjhoVrtCzA
heinzelsales Wilfried Heinzel AG,Austria,Wien,Hall 8a / B42,interpack2026.3064689,hq5944KKSZGbEjhoVrtCzA
Heldele Automation GmbH,Germany,Salach,Hall 6 / A42,interpack2026.3059436,1YcK81HGTIm9BtkyRq7NjA
Helix BOPE film,Portugal,Albergaria-a-Velha,Hall 10 / C21,interpack2026.3006987,71CKorpbS7m8wJbvioUwQw
HELLASPACK G.P.,Greece,Lamia,Hall 5 / A38,interpack2026.3025116,BZ6lARTMQRSWXHQ0CsFM3g
Hellopak Sp. z o.o.,Poland,Nowa Iwiczna,Hall 8a / D01,interpack2026.3034421,z9uIZR1RTYSKS11MyBfCcw
"HEMA, a BW Packaging brand",USA,"St. Louis, MO",Hall 6 / C79,interpack2026.3011593,83pzX1c4Q26YFlyAUgCNuA
"HENAN JIANWEI PAPER CO., LTD.",China,"Jiaozuo, Henan","Hall 7, level 2 / A14",interpack2026.3075039,L5THdKeJTEambDy6ttW1dw
"Henan Techuang Biotechnology Co.,Ltd",China,"Hebi, Henan",Hall 8a / F36,interpack2026.3065949,r4japDlaQLixJFCCbbO6Hw
Henckert Engineering GmbH,Germany,Sankt Augustin,Hall 14 / C01,interpack2026.3031486,zdvdsWgtRYmZhXR2iRAGJQ
"Henghe Materials Science & Technology CO., LTD.",China,"Ningbo, Zhejiang","Hall 7, level 2 / A14",interpack2026.3066953,rxWIUVImQOC8FOkoUeV4SA
Henkel AG & Co. KGaA,Germany,Düsseldorf,Hall 10 / D45,interpack2026.3034595,JCThipggQZaelASXaAd6rQ
HEPA Hungarian Export Promotion Agency Nonprofit Pte. Company Limited by Shares,Hungary,Budapest,Hall 8a / E22,interpack2026.3064594,AGQxSmCWSmetfxXGzgpXrg
HepcoMotion Ltd.,Germany,Feucht,Hall 11 / D74-01,interpack2026.3065855,gbysijQIS5ywxuhQXeMCxg
Herbert Schümann Papierverarbeitungswerk GmbH,Germany,Stadtallendorf,Hall 10 / E88,interpack2026.3026622,EdBsAUK5RU6H0kimDjNqtA
HERMA GmbH,Germany,Filderstadt,Hall 8b / C27,interpack2026.3006950,TgvefmBhQM2ac37PjffjuA
HERMA GmbH,Germany,Filderstadt,Hall 8a / D11,interpack2026.3058620,433OnsMtRJycMwN09NRYYA
HERMA GmbH,Germany,Filderstadt,Hall 16 / D72-3,interpack2026.3007149,hgdxpqtdRdyWjz4LhPrlOQ
Hermann Linden GmbH & Co. KG Maschinenfabrik,Germany,Marienheide,Hall 3 / F31,interpack2026.3034932,kgufiHIvSBq42z0YrKDw0A
Hermann Waldner GmbH & Co. KG,Germany,Wangen im Allgäu,Hall 6 / E57,interpack2026.3038544,ZKxtudKYSfWgb7zYYrpSRA
Herrmann AG,Switzerland,Walzenhausen,Hall 7a / C15,interpack2026.3043323,fwApFAVMSAysqyvVWljj1g
Herrmann Ultraschalltechnik GmbH & Co. KG,Germany,Karlsbad,Hall 11 / D73,interpack2026.3006839,TG2oMe58SJqT21BDrqXLug
"Heshan Zhongxing Laminated Packing Co., Ltd.",China,"Jiangmen City, Guangdong","Hall 7, level 2 / A27",interpack2026.3024105,5rtm0eOJSQCicZBeQNYDSw
Hesser Packaging GmbH,Germany,Waiblingen,Hall 16 / D72-10,interpack2026.3064592,CLhBEefpQYKHSpMj3h7UsQ
Heuft Systemtechnik GmbH,Germany,Burgbrohl,Hall 13 / A45,interpack2026.3010473,pIoeNQg6QlGqG818fZPHww
HG METAL ENDÜSTRİYEL MAKİNE İMALAT SAN. ve DIŞ TİC. LTD. ŞTİ.,Türkiye,Esenyurt/İstanbul,Hall 1 / B32,interpack2026.3037272,3eIAjfJ7SLWAtav6LJAwXA
HG Robotics Sp. z o.o Sp.k,Poland,Karczew,Hall 15 / B01,interpack2026.3038199,Tb3bMZDuRBWncwLHoOXyaQ
"HGHY PULP MOLDING PACK CO., LTD.",China,"Guangzhou, Guangdong",Hall 8b / H80-11,interpack2026.3067007,urmaIunQSASm9O0B9pEyFg
HI-PAS PLASTIK ESYA SAN. TIC. LTD. STI,Türkiye,Istanbul,"Hall 7, level 1 / B24",interpack2026.3031909,Hvl70sNISjauFNzbvHf98g
"HIGH Q PACK INDUSTRIES CO.,LTD",Thailand,Songkhla,Hall 10 / D53,interpack2026.3055010,at10Xh4ZQXCAwZx55gsttg
Hildebrand Industry AG,Switzerland,Felben-Wellhausen,Hall 1 / D65,interpack2026.3035654,5GWGy8zWR3Cu2EzoTaErjA
Hipac S.P.A.,Italy,Cazzago San Martino (BS),Hall 10 / D19,interpack2026.3024500,OrjrVCPoRqaFJu9SE6T8XQ
Hiper Cast GmbH,Austria,Hermagor,Hall 9 / E32,interpack2026.3044952,YiDeIiIcTQCFsiwFXPV1Xg
Hipermak Makina Sanayi ve Ticaret A.S.,Türkiye,Izmir,Hall 6 / C26,interpack2026.3007790,BgUTEBHXQVeJUvIfBluYcQ
HIPOMAK MAKİNA SAN.VE TİC A.Ş HIPOMAK PACKAGING,Türkiye,Cigli - Izmi̇r,Hall 13 / D59,interpack2026.3040528,bzqroJXORZmLfUcU37x38Q
Hiroyuki Industries (M) Sdn. Bhd.,Malaysia,Senai,"Hall 7, level 1 / B29A",interpack2026.3037617,isdjUKEsRymd8abMx45BOQ
"HIT OFFICE, s.r.o.",Czechia,Teplice,Hall 7a / D22,interpack2026.3062867,wEk7L39uQn6XGilHdJ25uQ
Hitachi Industrial Equipment Systems Europe GmbH,Germany,Düsseldorf,Hall 8b / D41,interpack2026.3030436,77OVF8ccR7egea5gVl3m7Q
HM Systems A/S,Denmark,Haderslev,Hall 8b / E79,interpack2026.3037774,8xwpQBgoS4y0qsvDpeICjA
HMH Systems AG,Switzerland,Hünenberg,Hall 15 / A17,interpack2026.3007782,hH6mxDA3TIanjKBcREVjbQ
Hochland Natec GmbH,Germany,Heimenkirch,Hall 5 / A01,interpack2026.3007789,spELroDrSLyuT1Lvjn1AKA
HOLDCO 54 SAS,France,Molsheim,Hall 8a / D66,interpack2026.3069348,n15n0RqXQuewfwC9iS0jpQ
HOLWEGWEBER GROUP,France,Molsheim,Hall 8a / D66,interpack2026.3067636,zhfbWUTJTCmPAvxfcIdyzA
Hongda Machinery & Electric Equipment Import & Export GmbH,Germany,Lohmar,Hall 4 / E01,interpack2026.3041650,ITsNiZw4TLuoRRKQv96Kww
HONOR PACKAGING MACHINERY CO. LTD,China,Wenzhou,Hall 7a / B31,interpack2026.3073274,EVK5NxiFSUCYbJ5DDOB6hA
Hoong-A Corporation,"Korea, Republic",Incheon,Hall 16 / B21,interpack2026.3019907,Ar9mT0KDRXG6mmTt8piggw
Hordijk Packaging BV,Netherlands,Delft,Hall 9 / D27,interpack2026.3050634,Ugu3854jT36EP51oApNj5Q
Hosokawa Alpine AG,Germany,Augsburg,Hall 4 / C60,interpack2026.3016915,hJ6oPulmQ5mGxSFil4lQaQ
Hosokawa Micron B.V.,Netherlands,Doetinchem,Hall 4 / C60,interpack2026.3072898,oI52jEgbT3WjvrZGOvRHTQ
HOTPACK PACKAGING INDUSTRIES L.L.C,United Arab Emirates,Dubai,"Hall 7, level 1 / D45",interpack2026.3007662,u6r4oSB9TYGR0g7SQ9ygIw
Hovmand A/S,Denmark,Køge,Hall 11 / A08,interpack2026.3006863,5xvtFgFIShipsAf0kXHG7A
HP Deutschland GmbH Specialty Print & Technology Solutions,Germany,München,Hall 8a / E47,interpack2026.3051301,peZHrY1TSPaSXOR8mD7O5g
HPF Hans P. Friedrich Elektronik GmbH,Germany,Urbach,Hall 16 / F16,interpack2026.3007214,xNyhVNgzQqWQPdRCHUveYQ
HPM Global INC.,"Korea, Republic",Seoul,Hall 8a / E36,interpack2026.3035385,LgNKQ9tzQNCt2hmzt0BtTg
hs-tumbler GmbH,Germany,Quakenbrück,Hall 7a / C10,interpack2026.3064479,W23hd5xdR3e4QrnLYCdKoA
HSA Systems A/S,Denmark,Odense SØ,Hall 8b / C80,interpack2026.3032276,czigsBFxSReCxGY5OGPODg
"Hsiao Sung Non-Oxygen Chemical Co., Ltd.",Taiwan,Taichung,"Hall 7, level 1 / B44-2",interpack2026.3063778,nKQ2t7CbSe6W3vxy7ZQQEQ
HST Packing Machines GmbH & Co KG,Germany,Kressbronn am Bodensee,Hall 14 / A55,interpack2026.3037665,5y8g5UTFQkejhyzJxSupRw
"Hualian Machinery Group Co., Ltd.",China,Wenzhou,Hall 6 / D01,interpack2026.3007320,rtbBXbZnS4ugTu8x5rZKWA
"HuangShan YuanDian New Material Science and Technology CO., LTD",China,"Huangshan, Anhui","Hall 7, level 2 / D44-6",interpack2026.3065098,Ih3ALvP2RwKynzdQErgbdQ
"HUBEI HYF PACKAGING CO., LTD.",China,"Wuhan City, Hubei Province","Hall 7, level 2 / A06",interpack2026.3067818,oCHenPmNTReukZcS0bJVIA
Hugo Beck Maschinenbau GmbH & Co. KG,Germany,Dettingen an der Erms,Hall 11 / A74,interpack2026.3042759,TMzs0DJDSvGlBAaLWdnusg
"HUIZHOU SINOPAPER PRODUCTS CO.,LTD",China,"Huizhou, Guangdong","Hall 7, level 2 / A46-5",interpack2026.3067023,OVtkTPV8S12iR4H4G45L1w
"HUNAN LIDO PACKAGING CO., LTD.",China,"Changsha, Hunan","Hall 7, level 2 / G46-7",interpack2026.3064851,aFH9iVDET3GzeeW0qD0bTw
"HY Yongbo Technology Co., Ltd",China,Heyuan,"Hall 7, level 0 / C25",interpack2026.3010364,qAZehizQQrStH1TPp6sJUw
Hybrid Software NV,Belgium,Merelbeke-Melle,Hall 8a / B54,interpack2026.3035582,LvKj7ByORluE6yV3Pk5kiQ
HYDRO-MEC SPA Clean-Geartech,Italy,Sovizzo,Hall 18b / D05,components2026.3065024,72Fa4QXmRDWeVnYueq3xhQ
Hydrolock SAS,France,Le Bignon,Hall 14 / C01,interpack2026.3059465,dZzEQiRxSKmiaV0L4dNBUQ
Hylte Paper AB,Sweden,Hyltebruk,Hall 8b / C66,interpack2026.3074675,w1DebBCtQxyl58O4gjZGqg
HYTING GmbH,Germany,Wiesbaden,Hall 1 / D61,interpack2026.3071976,WPERT6a9Tc6VGNwngTRwRg
"Hyunjin Co., Ltd.","Korea, Republic",Siheung-City,Hall 7a / C02,interpack2026.3065239,5FLm69JMSGS7cFCrSRtGDA
I.H.S. d.o.o.,Slovenia,Krsko,Hall 13 / C14,interpack2026.3012885,k5m69x8XTsisfCNh9cinpA
I.M.A.R. S.r.l.,Italy,"Albano Laziale, Roma",Hall 1 / B21,interpack2026.3023394,ZlDxu9PjQ7SXRxXl8zx4BQ
IBER AMBALAJ SANAYI VE TICARET A.S.,Türkiye,Turgutlu,Hall 9 / G22-4,interpack2026.3056930,wFYu9YuWQgqB7VWabrYozw
ICA S.p.A.,Italy,Bologna,Hall 5 / B05,interpack2026.3006807,GDERod99Q1ejFhx6mkwhAw
ICAT s.r.l.,Italy,Fossato di Vico,"Hall 7, level 0 / B16",interpack2026.3007052,0PptOfV6TQWEgAaeYdg2rQ
Ice Group Sp. z o.o.,Poland,Rybnik,Hall 4 / A21,interpack2026.3008039,PJeS4MtcTOaJkW0GHC8xUg
Ichemco S.r.l.,Italy,Cuggiono (MI),"Hall 7, level 0 / A20A",interpack2026.3061506,VhMmo8YQRCSHlSmmxYUYIQ
Icimendue S.r.l.,Italy,Marcianise (CE),Hall 10 / D50,interpack2026.3038372,ZbjffAilRPOZIHVtLu0OZA
idealmac srl,Italy,Volpiano,Hall 4 / D30,interpack2026.3023389,eYb6rWV5QbORAv8xSlACnw
IFS PLASTIK SAN. VE TIC A.Ş.,Türkiye,İstanbul,Hall 9 / H23-3,interpack2026.3056913,r5CcSKlPQu2RCFOk3ZTm5A
igus SE & Co. KG,Germany,Köln,Hall 18a / E15,components2026.3008780,k1Es270qQKyiQKTamtgJXA
IK Industrievereinigung Kunststoffverpackungen e.V.,Germany,Bad Homburg,Hall 10 / E22,interpack2026.3043983,uco6ncqcQPeNt96Hvou3LA
IKA-Werke GmbH & Co. KG,Germany,Staufen,Hall 15 / D37,interpack2026.3036572,Ii0aQjsBS5GfZv5qEeldgQ
"IKD Industrial Solutions CO., LTD.",Taiwan,Taoyuan,Hall 12 / A77-4,interpack2026.3066789,NawdScbSSFCzmelBnFBLvA
Ilapak Verpackungsmaschinen GmbH,Germany,Haan,Hall 17 / A20-5,interpack2026.3074869,I3FXzGbpSQmIfxZy16ENgQ
ILLIG packaging solutions GmbH,Germany,Heilbronn,Hall 6 / A60,interpack2026.3036518,xyLE5k6GSBqGEqUUVqUQDA
ILLIG packaging solutions GmbH,Germany,Heilbronn,Hall 6 / A60,interpack2026.3036518,xyLE5k6GSBqGEqUUVqUQDA
ILMA SRL,Italy,Marano Vicentino,Hall 18a / F08,components2026.3041708,5y64XjaqTyygKhvHtJQpkw
ILMAK Makina Sanayi ve Ticaret A.S.,Türkiye,Istanbul,Hall 10 / B02-2,interpack2026.3057277,dNdkEp0dQCaYGrdCQG72mw
ILPRA S.p.A.,Italy,Mortara (PV),Hall 5 / C38,interpack2026.3016332,nCu3vf8KS12R3FABej8DZQ
IMA Industria Macchine Automatiche S.p.A. Unipersonale,Italy,Ozzano Dell'Emilia (BO),Hall 17 / A20-1..A20-8,interpack2026.3032062,2Z4MGfnVQkSIfDLJrqmgpw
IMA SARONG S.r.l.,Italy,Reggiolo,Hall 17 / A20-5,interpack2026.3074388,p6OcTDj9QZ27Pbc77U4pZQ
"IMACO Group, s.r.o",Czechia,Buchlovice,Hall 15 / E41,interpack2026.3036966,ZwfmHBoUTZK2Qq5ObV7n0g
Imao Corporation,Japan,Seki Gifu,Hall 18b / G12,components2026.3055753,xu1Am6n6QuCL1AqhdZLF7Q
IMAR Spain Pack S.L.,Spain,Madrid,Hall 6 / C01,interpack2026.3006796,zlIl6QsxThOCy0uRSVIRzQ
IMBAL STOCK Srl,Italy,Villasanta,Hall 13 / D82,interpack2026.3035828,5bINXDsjQPqeHG7qnPNZIg
Imball S.R.L.,Italy,Sasso Marconi (BO),Hall 14 / B02,interpack2026.3027308,5OpUjAwxTYaRmM6Iq3UeuA
Imballaggi Service Group SRL,Italy,Pomezia,Hall 11 / F29,interpack2026.3033964,vektY6NoTZKwYGJi1cR7qw
IMF S.r.l.,Italy,Occhiobello,Hall 3 / B03,interpack2026.3007152,wCQOdXWXStmpJqJlk1loVw
IMI,United Kingdom of Great Britain and Northern Ireland,"Lichfield, Staffordshire",Hall 18a / E05,components2026.3072996,6haojgMNQLS6mJuLm1u6JQ
Implast Chocolate Moulds Imren Plastik ve Gida San. ve Tic. A.S.,Türkiye,Istanbul,Hall 1 / A49,interpack2026.3037253,mkG2YZ8WSHePADsHlI6qtA
IMS RITTER GmbH,Germany,Rees,Hall 4 / B24,interpack2026.3007146,YjolpsvUTXSq70xkUy4Tvg
IMS TECHNOLOGIES S.p.A.,Italy,Calcinate (BG),Hall 13 / B74,interpack2026.3016403,40TQx41lQo2HNvL4hoALaA
ImTech s.r.l.,Italy,Schio,Hall 4 / B25,interpack2026.3055013,nZ183Lv3TBi89qZ40UHdXA
IN.PACK MACHINERY S.r.l,Italy,"Legnano, MI",Hall 8a / D66,interpack2026.3035229,V24wbNOfQTGJP6699L5mIw
IN2 PRINTING SOLUTIONS S.L.,Spain,Esquiroz,Hall 15 / C13,interpack2026.3007969,P6M3Hd9lRk2wyVUgFQ9D1A
Incomec NV,Belgium,Brakel,Hall 3 / D28,interpack2026.3024483,RafdWdwkSxiig28qOlrT0g
INDAG Maschinenbau GmbH,Germany,Borsfleth,Hall 4 / C44,interpack2026.3016290,fsLoSJd1SUqsBJW0ofwLbA
INDEX-6 Ltd. OOD,Bulgaria,Plovdiv,Hall 13 / B59,interpack2026.3007798,SDMPx79DTHWKcyVACVR0bg
"INDIS Air Co., Ltd.","Korea, Republic","Bucheonsi, Gyeonggido",Hall 10 / E78,interpack2026.3007535,XVjx6831RceApqvBAz5Emw
Industrial Inkjet Ltd,United Kingdom of Great Britain and Northern Ireland,"Swavesey, Cambridgeshire",Hall 8b / H49,interpack2026.3073546,dOqNKPylTjetmNaWI6WsTw
Industrial Physics Ltd.,United Kingdom of Great Britain and Northern Ireland,"Thame, Oxon",Hall 6 / E65,interpack2026.3016333,6tK1fxQaSMqAFPMCQ8Ti7g
"Industrias Tuk, S.A. de C.V.",Mexico,"Apodaca, Nuevo Leon","Hall 7, level 0 / C23",interpack2026.3037766,hQt8OWDsTkGjPa2Fy5eOTg
INEL d.o.o.,Slovenia,Celje,Hall 15 / B60,interpack2026.3037647,IbvcEyY2STSsVngiJAU3hw
"INEMUR - Ingenieria Electromecánica Murciana, S.L.",Spain,Alguazas/Murcia,Hall 14 / D35,interpack2026.3016396,E1VVcDNUT0mqrC5Vr7nXxA
Inexto S.A.,Switzerland,Lausanne,Hall 7a / C15,interpack2026.3066150,ZR01Hcy4SHuyrkR2vmm1Zg
Ing. Punzenberger COPA-DATA GmbH,Austria,Salzburg,Hall 8b / D31,interpack2026.3023846,Dv4IsFMaT4y1OOjDmLAsbw
Ingenieria Plana Alta S.A.,Spain,Castellón de la Plana,Hall 12 / A44,interpack2026.3024168,sZiFm1AzSISQvrReEmcpVQ
Inmaco Solutions B.V.,Netherlands,Hoogeveen,Hall 8b / D77,interpack2026.3038570,fPls3srtQduWNGnU9GTqKQ
Innojet,Germany,Karlsruhe,Hall 16 / D22,interpack2026.3007274,mZvV1w9MQ1G94AALdt9ELg
Innoscentia AB,Sweden,Lund,Hall 7a / C10,interpack2026.3065850,xzWxvtMvQzuulqBsBxpDLQ
Innova Maquinaria Industrial S.L.,Spain,Almassora,Hall 12 / D65,interpack2026.3007949,nQRdwsJISvSogGKYcfp3UA
Innovas Makina Mühendislik ve Danismanli Hiz. San. ve Tic. Ltd. Sti.,Türkiye,Sakarya,Hall 3 / A14,interpack2026.3032096,kmJTLcjpS3uVnc8p1JKDag
InnoVentiv Europe SRL,Belgium,Brussels,Hall 15 / B03,interpack2026.3053947,HwmSO4zrTUWd4q5S6tLBnA
Innovia Films Ltd.,United Kingdom of Great Britain and Northern Ireland,"Wigton, Cumbria",Hall 9 / F04,interpack2026.3006911,qJhlf0ozRdKRZNF4SJO58w
INOCON GmbH,Germany,Rheinbach,Hall 18a / E25,components2026.3041302,5HYXhgOnQYGtYGJzRqBWew
Inovance Technology Deutschland GmbH,Germany,Pleidelsheim,Hall 18b / F12,components2026.3065583,puGtjSCyRzycgswOeP0r4Q
INOX DESIGN KATERIS S.A,Greece,Larissa,Hall 14 / A17,interpack2026.3037666,F01koU1yQR2zLRizVqj4Lw
INPAK Makina San. ve Tic. A.S.,Türkiye,Istanbul,Hall 8a / B80,interpack2026.3008854,L8N98A0OTgWdiefgtfXNug
INPLAC INDUSTRIA DE PLASTICOS S/A,Brazil,Biguacu,"Hall 7, level 1 / D07",interpack2026.3069423,Ypdes2s9TyOtPoK3uV4wcw
Insort GmbH,Austria,Kirchberg an der Raab,Hall 4 / E44,interpack2026.3066957,NF2pigDhTHaah5eApKwryA
Instituto Argentino del Envase Argentine Packaging Institute,Argentina,Buenos Aires,Hall 6 / A30,interpack2026.3067589,Pb9wDpfoTq6be38YDZtybA
Instituto de Embalagens Ltda.,Brazil,Barueri,North Entrance 1 / N1,interpack2026.3053042,73MwBvOXRkiK7Fv97EwQ7Q
INTCO Malaysia Sdn Bhd,Malaysia,"Port Klang, Selangor","Hall 7, level 1 / A37",interpack2026.3015596,bDR2u3POQxSPd6atf5myrg
Intech Srl,Italy,Calvisano,Hall 3 / C25,interpack2026.3013080,6j6QRL8EQuC2NIhd8bpEzw
"INTECHKOREA CO., LTD.","Korea, Republic",Incheon,Hall 6 / E14,interpack2026.3035010,bE4MLpZPRAKvRzDzNfHcwQ
INTEGRAL MATERIAL PTE. LTD.,Singapore,Singapore,Hall 9 / J07,interpack2026.3007972,uLr1FhlfQvmcFE4uehecVA
Inter Plastik Ambalaj ve Gida San. Tic. A.S,Türkiye,Istanbul,Hall 10 / B04,interpack2026.3006877,ElWrmXfCR6eZ4WJx4nqnEw
"Intermac Co., Ltd.","Korea, Republic",Seoul,Hall 7a / C02,interpack2026.3065243,HXlNKQpfTXSiukml9hfFWQ
International Dunnage San. ve Tic. AS,Türkiye,Istanbul,Hall 10 / C32,interpack2026.3016694,GxCxUR9OTVCaBTFnsvjySg
International Engineering Union For Polymer,Egypt,Giza,Hall 10 / C10,interpack2026.3046541,TQX4P0SoQAOOoP2fYRLSfw
International Packaging Association I.P.A.,France,Boury-en-Vexin,Hall 7a / B12,interpack2026.3045079,YQK0GtnlSzC1pNb9JVJqWg
interpack alliance,Germany,Düsseldorf,North Entrance / C05,interpack2026.3054352,ct2hURzkR9mQPRBDtLa47w
interpack CHINA,Germany,Düsseldorf,Hall 8b / H86,interpack2026.3075855,8bSxILXIQguKGO11ASxBFw
INTERPACK SOCIAL MEDIA,Germany,Düsseldorf,North Entrance / C03,interpack2026.3054353,fZnoBw8kSMONXiqPTmYH5w
interpack TV,Germany,Düsseldorf,North Entrance / C02,interpack2026.3054354,UbgtemowQOyDlGisuRA62A
InterSystem AB,Sweden,Ängelholm,Hall 12 / A17,interpack2026.3008786,4lYPKcFfSGeX0I4F7UTP7A
INTERTAN SA,Greece,Chalkida,Hall 9 / B23,interpack2026.3008770,tLYhDDIyQO2HlaTDBdbTPA
INTERTRON DOO,Serbia,Vrsac,Hall 8a / D55,interpack2026.3013908,045nRTrdQimb3VoLa4Srxg
Intopack BV Food Packaging,Netherlands,Oss,Hall 10 / B79,interpack2026.3031965,Nx3uYd4lRwqEeI30QwcAOA
Intralox LLC Europe,Netherlands,Hoofddorp,Hall 13 / C03,interpack2026.3007797,l23qBDZYRSOEdWNcMoWLAQ
INTRAVIS GmbH,Germany,Aachen,Hall 11 / B07,interpack2026.3009573,HJEvzWJ2SDSUTmiDhmKlTQ
"INVpack Ingeniería de Envasado Vertical, S.L.",Spain,"Argentona, Barcelona",Hall 15 / C19,interpack2026.3013788,gXdISEUgSn2UVQJwDu7l3w
INX International Ink Co.,USA,"Schaumburg, IL",Hall 18a / C11,components2026.3042019,GGr125kFSEmH7hADQ5ZEhA
Ioco Packaging UAB,Lithuania,Panevezys,"Hall 7, level 1 / D23",interpack2026.3036016,oy6lpauNRCCc5m9ZLrFpSg
IP Verpackungen GmbH,Germany,Aldenhoven,Hall 10 / E57,interpack2026.3021302,qbO0jV5QSpG0Vi1ab4h2wA
Ipack Ima Srl&#160;,Italy,RHO (MI),Hall 11 / B19,interpack2026.3071627,e99U2RPTQoCHsnPH4sUVvQ
IPCO Process Systems BV,Netherlands,Breda,Hall 3 / D20,interpack2026.3032690,Q4fyO2vjSMKXJtlRfGNlQw
Ipial 2000 S.L.,Spain,Madrid,Hall 3 / F35,interpack2026.3010002,NYqXzmSBToCVy9hGIIcCTQ
IPLA Palletizers,Spain,Castellón de la Plana,Hall 12 / A44,interpack2026.3024168,sZiFm1AzSISQvrReEmcpVQ
ipp Pump Products GmbH,Germany,Bersenbrück,Hall 1 / A75,interpack2026.3037332,x0vEGoGuSYChdKzcwrU3Wg
IPS Srl,Italy,Schio (VI),Hall 5 / D37,interpack2026.3038458,wnkrvgdrQRyqsB2SukKQQw
IPS srl,Italy,Milano,Hall 13 / D75,interpack2026.3057483,H0ocEYVdQXuM1s88JpqmRQ
IRPLAST S.p.A.,Italy,Empoli (FI),Hall 10 / D44,interpack2026.3008208,WdkSFn5tRHuVIGGvhcYm1A
ISAPUR PLASTIK VE AMB. SAN. DIS TIC. LTD. STI.,Türkiye,Kocaeli,Hall 10 / C97,interpack2026.3006909,vTDEIT7BQJyYmSu3dwK4wA
ISBIR SENTETIK DOKUMA SAN AS,Türkiye,Balikesir,Hall 10 / B02-1,interpack2026.3057278,mCJD0MXwTDCcz34p6RjDbQ
Ishida Europe Limited,United Kingdom of Great Britain and Northern Ireland,"Birmingham, West Midlands",Hall 14 / A40,interpack2026.3006820,YBgVXPnyQUKoojiAMrjI5g
Isi Plast SPA,Italy,Correggio,Hall 10 / C28,interpack2026.3065761,LLnK6jFFRv2u40csAwxn7A
ISIKLAR AMBALAJ PAZARLAMA A.S.,Türkiye,Istanbul,Hall 8a / D14,interpack2026.3009563,WjKWBgOsRlSh1LZeNGCnbQ
IslandCare Medgroup Inc.,Philippines,"Kalibo, Aklan","Hall 7, level 2 / A18",interpack2026.3055777,eJ8TfIX0SoaDDCRGWtoK7g
Ispak Esnek Ambalaj Sanayi A.S.,Türkiye,"Tuzla, Istanbul",Hall 9 / E24,interpack2026.3006924,R4qE45pHT26NZ4OEuUU4Zg
IST Metz GmbH & Co. KG,Germany,Nürtingen,Hall 8a / B48,interpack2026.3071668,feupyREzRXyBWYTnHnW9pw
IST METZ GmbH & Co. KG,Germany,Nürtingen,Hall 8a / B48,interpack2026.3071668,feupyREzRXyBWYTnHnW9pw
IST Pumpen und Dosiertechnik GmbH,Germany,Wiehl-Marienhagen,Hall 4 / A23,interpack2026.3036822,kUObblfJTqyhl5gY5wW05Q
IST,Germany,Wiehl-Marienhagen,Hall 4 / A23,interpack2026.3036822,kUObblfJTqyhl5gY5wW05Q
İstanbul Alp Plastik Ltd. Sti.,Türkiye,Esenyurt,"Hall 7, level 1 / D06",interpack2026.3027539,VdluDxA6QbGBLzzS31UWYw
ISTANBUL ALUMINYUM FOLYO AS,Türkiye,Istanbul,Hall 7a / D03,interpack2026.3006984,N83SHuykSGmwamlrZMJw5g
Istanbul Chemicals and Chemical Products Exporters Association IKMIB (Istanbul Kimy. Mad. ve Mam. Ihr. Bir.),Türkiye,Istanbul,Hall 8b / G27-04,interpack2026.3057271,jio8mPnSRtuF1KA0PcnCEA
Istanbul Chemicals and Chemical Products Exporters Association IKMIB (Istanbul Kimy. Mad. ve Mam. Ihr. Bir.),Türkiye,Istanbul,Hall 9 / H23-2,interpack2026.3056889,ptIQUGaWRza5R06y33MVvQ
Istanbul Chemicals and Chemical Products Exporters Association IKMIB (Istanbul Kimy. Mad. ve Mam. Ihr. Bir.),Türkiye,Istanbul,"Hall 7, level 2 / D18-2",interpack2026.3057689,2wNYXlg4S2aGRP2kyArKuw
Istanbul Chemicals and Chemical Products Exporters Association IKMIB (Istanbul Kimy. Mad. ve Mam. Ihr. Bir.),Türkiye,Istanbul,"Hall 7, level 1 / E40-4",interpack2026.3057275,IZd9PgpBTJqUAcH9nBTZDg
Istanbul Chemicals and Chemical Products Exporters Association IKMIB (Istanbul Kimy. Mad. ve Mam. Ihr. Bir.),Türkiye,Istanbul,Hall 10 / A02-2,interpack2026.3057285,HKsJcm7DRHaG8VcUyukJyw
Istituto Italiano Imballaggio,Italy,Milano (MI),North Entrance 1 / N1,interpack2026.3007979,kjdC0HobSny0MGtoSAwHwA
ISTPACK AMBALAJ TEKN. SAN TIC LTD STI,Türkiye,Istanbul,Hall 8a / B36,interpack2026.3009866,edFsxzZfRFiQQEnz9k2Wng
Italdibipack S.p.A.,Italy,Pogliano Milanese (MI),Hall 4 / D23,interpack2026.3038283,xShpv9B4QTKeXOPiMT2w9A
ItaliaImballaggio Kairos Media Group Srl,Italy,Baggiovara (MO),Hall 11 / B19,interpack2026.3068345,69JNpIQ9RIy8zxZRMEhsTg
ITALIANPACK S.p.a.,Italy,Como,Hall 5 / B23,interpack2026.3036274,ouq7vPfoSXek91m9df33UA
Italpack S.r.l.,Italy,Santarcangelo di Romagna (RN),Hall 12 / C65,interpack2026.3016400,n1ZpE0VFTj2jDM6SEEYWeA
Italwork Rolls S.r.l.,Italy,Magenta (MI),Hall 13 / D14,interpack2026.3031506,b0wfuc3URFOvIicedoeSDg
ITATOOLS S.r.l.,Italy,Origgio (VA),Hall 12 / A26,interpack2026.3007082,Oib3FwA3RWKZHiVZWaCecw
Iteca Automatic Lines S.p.A,Italy,Palù,Hall 3 / D57,interpack2026.3024689,kDg7nCC4TvmI6DHOs1nZuA
"ITENE Packaging, Transport & Logistics Research Center",Spain,Paterna (Valencia),Hall 9 / F02,interpack2026.3038552,b29GJMztTkKlcbDZuplq2g
ITIPACK s.r.l.,Italy,Villaverla (VI),Hall 12 / C14,interpack2026.3037671,iYb5UD5MTkad5dw0dPa08Q
ITISTRAP S.r.l.,Italy,Villaverla (VI),Hall 12 / C14,interpack2026.3070795,VthN5ByfT0mPjapTALpwjA
ITOCHU Deutschland GmbH,Germany,Düsseldorf,Hall 9 / G35,interpack2026.3020426,jYz5J1q8QVG1cGgycPE50g
ITP – Industria Termoplastica Pavese Spa,Italy,Bosnasco (PV),Hall 10 / B68,interpack2026.3034594,F9N4MgmxRlidpK7zpJblEQ
IVEK Europe SPRL,Belgium,Ville-Pommeroeul,Hall 16 / A21,interpack2026.3032094,mB934R2MRom6n1PKEKtXiQ
IVICT Europe GmbH,Germany,Düsseldorf,Hall 9 / F11,interpack2026.3045832,410ksYz6RsOOKUZK2EAU0w
iwis antriebssysteme GmbH & Co. KG,Germany,München,Hall 18a / F12,components2026.3024296,LsOhhL1HQ3WwZIt8HWzqJQ
IWK Verpackungstechnik GmbH,Germany,Stutensee,Hall 15 / C20,interpack2026.3039652,TQ6BikG6Q7eeSlS8VUR1Rg
Ixapack Global S.A.S.,France,Mauléon,Hall 14 / D22,interpack2026.3006858,Fs4UlmM2QqGNTV1ZS5vYPQ
J 4 s.r.o.,Czechia,Predmerice Nad Labem,Hall 3 / A06,interpack2026.3026803,tjd6fXjpSPuo5ORkKv5aow
J Pack Srl,Italy,Ponte San Pietro (BG),Hall 5 / F44,interpack2026.3006804,S2dFw3QlQnqOoSGcrnUxGg
J+P Maschinenbau GmbH,Germany,Kreischa,Hall 6 / D04,interpack2026.3032271,5iBbolH2QlC6lAW3QZ0ocw
J-Tron Technologies Zhuhai Inc.,China,"Zhuhai, Guangdong",Hall 15 / D20-12,interpack2026.3066476,sOQAKeAUQPq2HJ0oUHLK0Q
Jaepack Co. Ltd.,"Korea, Republic",Incheon,Hall 13 / D83,interpack2026.3036520,ayKYbBEEQRKJ6GBeR7u2gA
James Pels Ltd.,Israel,Ramat Gan,Hall 7a / C13,interpack2026.3033301,P1eVTaBFSR2dC6zkWtEPGw
Jansen GmbH & Co.KG,Germany,Hennef,Hall 8b / D11,interpack2026.3064614,5oB2NFuXTbePYDJ1EBt2OA
Japan Packaging Institute,Japan,Tokyo,Hall 10 / B03,interpack2026.3054777,nqKjtsZKT4G6qLYnafqaFA
"JAPAN SIMCHENG Co., Ltd.",Japan,Tokyo,Hall 7a / C11,interpack2026.3043322,wYIsTnttSqOJYAS3iX2tZw
Jaw Feng Machinery Co. Ltd.,Taiwan,"Shui Shang Hsiang, Chia Yi County",Hall 5 / D02,interpack2026.3017470,aAP3r3nHT1WgPnYO6ovSZg
JBT Marel,Netherlands,Av Boxmeer,Hall 5 / D38..D44,interpack2026.3038449,xRjOcVHhR5uQgD4owPHPqA
Jekson Vision Pvt. Ltd.,India,"Changodar, Ahmedabad",Hall 15 / C35,interpack2026.3063132,rmYOrVcKRPaXzGDZN8uVrw
Jenton International Ltd.,United Kingdom of Great Britain and Northern Ireland,"Whitchurch, Hampshire",Hall 11 / D74-09,interpack2026.3067215,nYGOTU1hT3mIux0MBF1Odw
JEROS A/S,Denmark,Ringe,Hall 14 / A51,interpack2026.3007793,FnFYARGuTFqsV7BQ3Bn0RQ
"Jia-In Industry Co., Ltd.",Taiwan,Taichung,Hall 12 / A56,interpack2026.3006996,cBuAN4tYTPivrlKUvHFqOw
"JIAJUN LOGISTICS EQUIPMENT (TAICANG)CO., Co., Ltd.",China,"Taicang City, Jiangsu","Hall 7, level 2 / F38-5",interpack2026.3064825,zE4J0FxCT02myIQjs0iwAA
"Jiangmen Hualong Membrane Material Co.,Ltd.",China,"Jiangmen City, Guangdong province","Hall 7, level 2 / E44-3",interpack2026.3065779,QTi8pw04TUacrguHgTPYKA
"Jiangmen Proudly Water-soluble Plastic Co., Ltd.",China,Jiangmen,Hall 9 / C17,interpack2026.3007919,q3v1iJzURQKPgUmWakSUvQ
"Jiangsu Haitel Machinery Co., Ltd.",China,"Dongtai, Jiangsu",Hall 4 / D40,interpack2026.3010023,4ELQYoatTt6xAIgHydTvgA
"Jiangsu Liangwang Technology Co., LTD",China,"Zhangjiagang, Jiangsu",Hall 10 / C02A,interpack2026.3063829,LzL1VUXASd6IN3w869XHSw
"JIANGSU LIBIN ADVANCED MATERIAL TECHNOLOGY CO.,LTD",China,"Dongtai, Jiangsu","Hall 7, level 2 / E43-5",interpack2026.3065771,PyVjbMyDRxmqjVqdqpk8bg
"Jiangsu Newamstar Packaging Machinery Co., Ltd.",China,"Zhangjiagang, Jiangsu",Hall 13 / D26,interpack2026.3010035,yW39X4qJTDC5wfFgHgMFZQ
"Jiangsu Sunkey Packaging High Technology Co., Ltd",China,Wuxi,Hall 8b / E01-2,interpack2026.3066978,wB0zWi3ARPaP9CG66e674g
Jiangsu Taihua Plastic Products Co. Ltd.,China,"Taizhou, Jiangsu",Hall 10 / A09,interpack2026.3040742,KrN4O3KjRoORXrMJDPzrDQ
"JIANGXI YIXING PACKAGING CO., LTD.",China,Ruijin,Hall 8b / H46-5,interpack2026.3066042,y7EBFvFWRV68KC5ZvWxg2g
"JiangXi YuanYe Environmental Technology Co., LTD","Hong Kong, China SAR",Ruijin,"Hall 7, level 2 / E44-7",interpack2026.3065369,YVwRjn3bSU6pLZO8uR90TA
"JIANGYIN ASION WPC NEW MATERIALS CO.,LTD",China,"Jiangyin City, Jiangsu",Hall 8b / H79-5,interpack2026.3065780,ZmPnI04ETEykSoWoYwmbsA
JIANGYIN CHANGJING XINDA PLASTIC FILM CO. LTD.,China,"Jiangyin City, Jiangsu province","Hall 7, level 2 / F48-3",interpack2026.3064699,vFZjycfEQ4y61WHDOPrxVw
"Jiangyin Huitong Packing Machine Co.,Ltd",China,"Jiangyin, Jiangsu",Hall 8b / H01,interpack2026.3066078,jmURzSZTTvyKpSwQTqDNaw
"Jiangyin Kesheng Machinery Co., Ltd",China,"Jiangyin, Jiangsu",Hall 8a / C65,interpack2026.3068352,cMWTh8bTTCGjIuNA0rGKRg
"Jiaxing Huan Qiang Machinery Co., Ltd",China,"Haining, Zhejiang",Hall 15 / D20-22,interpack2026.3066938,uK2utBeSS0qbeAcbsC28SQ
"JIAXING HUAYI IMP AND EXP CO.,LTD.",China,"Jiaxing, Zhejiang","Hall 7, level 2 / F48-1",interpack2026.3065766,gNCqRO2eSx6Ot4zwoqyWUw
"JIAXING LUCKY MOON PACKAGING MATERIAL CO., LTD.",China,"Jiaxing City, Zhejiang Province","Hall 7, level 2 / A06",interpack2026.3067814,GUE9yA7rSoOQGYByrfXbFg
"JIAXING MAINFILL PACKAGING MACHINERY CO., LTD",China,"Jiaxing City, Zhejiang",Hall 8b / H40-3,interpack2026.3066710,kYGe41teQOOaDq0xOLefgQ
"Jih Cheng Machinery Technologies Co., Ltd.",Taiwan,New Taipei City,Hall 15 / C55,interpack2026.3014079,XeGPAYuATuuuu86V7PW22A
"JILIN PROVINCE YUXI INDUSTRIAL & TRADING CO.,LTD.",China,"Changchun, Jilin Province","Hall 7, level 2 / G44-2",interpack2026.3065787,VIIj15wrRSq0O3xiq0EaIw
JIMI Industries Sdn Bhd,Malaysia,Johor Bahru,Hall 8a / F01,interpack2026.3072495,XJeqmuVrQTegywoI6Hadrw
JINAN DARIN MACHINERY CO. LTD,China,Jinan,Hall 8b / H79-4,interpack2026.3064611,XWlzZhaoTC6BjPH8gDKWgQ
JINDAL FILMS EUROPE s.a.r.l.,Luxembourg,Windhof,Hall 9 / F26,interpack2026.3038380,h4FUvPbNQfKz8LBE1ygkIw
Jingli Can Europe GmbH,Switzerland,Lohn-Ammannsegg,Hall 7a / B27,interpack2026.3036943,7VFM5rnZShGbWUtUV47Hcw
Jinhua Allies Pack Co. Ltd.,China,"Jinhua, Zhejiang",Hall 8b / H79-2,interpack2026.3065791,316W6aGFTcSB74hN5VyLGA
Jinjia New Material Technology (Guangdong) Co.Ltd,China,"Guangdong, Shenzhen",Hall 1 / C33,interpack2026.3066952,87MR1eNkSbqqymsSblwzwQ
"Jinjiang Huali Environmental Science & Technology Co.,Ltd",China,"Jinjiang, Fujian",Hall 8a / F16,interpack2026.3009859,47inXhYLQCiRMZ2ekFvsIQ
"JINSUNG TECHTEM CO., LTD.","Korea, Republic",Incheon,Hall 6 / E09,interpack2026.3065333,ZvvhEIOnTFuj5mGCXiWgAg
JLM teknik Aps,Denmark,Hobro,Hall 4 / E54-9,interpack2026.3072414,wKmrGIzuSlesCBBMxfVfQQ
Jokey SE,Germany,Wipperfürth,Hall 9 / A30,interpack2026.3028851,5igENdMQRzeUVYgRfjMN5w
JOMA Packaging d.o.o.,Bosnia and Herzegovina,Kresevo,Hall 9 / C33,interpack2026.3031770,fFHIxUz1QLa7efrcBYLGSQ
jonatura GmbH,Germany,Möhnesee,Hall 9 / A29,interpack2026.3040744,64Bf3g1jSZayHP9heKBNcA
Jonge Poerink Conveyors BV,Netherlands,Borne,Hall 13 / A90,interpack2026.3031510,0ZmCV9NQSzq21DPfKRDgRQ
Jongerius Hanco B.V.,Netherlands,Amersfoort,Hall 14 / C40,interpack2026.3008461,6eEvlEqQRvSjhkydSFIYCA
JOOYEONG P&S CORP.,"Korea, Republic",Gyeongsan-si,Hall 7a / C10,interpack2026.3065199,QYcl4X9yTCedXjeZFVSKtw
Jordan Tinplate Canning & Printing Ind. Owner Mr. Assem Abu Salha,Jordan,Jordan,Hall 7a / B31A,interpack2026.3024208,3vJO2vkTTZ6dn8e07pYo4A
Jorgensen Engineering A/S,Denmark,Odense SO,Hall 4 / D49,interpack2026.3038398,9CWxcFKTTyuPM0zLAoF43A
"Jornen Machinery Co., Ltd.",China,Shanghai,Hall 15 / B21,interpack2026.3010006,BZyo7KFeRUerJwD9Ba96gw
Jospak Oy,Finland,Forssa,Hall 9 / B24,interpack2026.3070784,so0KArAjSuWhTXL5Bcq4jA
JOWAT SE,Germany,Detmold,Hall 10 / E66,interpack2026.3016259,E1xmtIilQZWOvA7vJ9fSNw
"JOY PAPER CO., LTD.",Taiwan,Taichung,Hall 1 / A58-2,interpack2026.3063652,mM2PzUYaSuupsjG8emAnPw
"Juhong Packing Materials Jiangsu Co., Ltd.",China,"Changzhou, Jiangsu",Hall 8b / H79-1,interpack2026.3066044,jCrI4X0LRk2VGcq3XuDerg
KABLONEX SP.Z O.O.,Poland,Chodzież,Hall 10 / C98A,interpack2026.3023344,7QlMJJ34RTSZjtq1vM0PEg
"Kaida Group Co., Ltd FJ",China,"Jinjiang, Quanzhou, Fujian",Hall 10 / A11,interpack2026.3006958,L81QOajhQqu1iOF7S5wv5Q
"Kaigo Co., Ltd.",Taiwan,Taipei,"Hall 7, level 1 / B41..B44",interpack2026.3027523,5ks6K3Y7SbKnOLKXouAa0Q
"Kaigo Co., Ltd.",Taiwan,Taipei,Hall 1 / A58-1..A58-2,interpack2026.3027969,aDORthaVQr6pBa7IgKZ10w
KAJIWARA INCORPORATED,Japan,Tokyo,Hall 3 / D97,interpack2026.3038313,40oFsC7BQJWBrUqoCiENKw
Kamel Plastik Esnek Ambalaj Sanayi Ticaret A.S,Türkiye,Istanbul,Hall 10 / A02-3,interpack2026.3057280,vuj1Qol2TgiagBUvToFI0g
Kandil Glass,Egypt,Ramadan,Hall 10 / D63,interpack2026.3023170,bfSxxplqQNe5juUa4ohlkQ
"KANGHUI NEW MATERIAL TECHNOLOGY CO.,LTD.",China,"Yingkou, Liaoning Province",Hall 10 / D97,interpack2026.3009077,YYaUrvavSM6urcxyQSthRA
Kanpur Plastipack Ltd.,India,"Kanpur, Uttar Pradesh",Hall 10 / B77,interpack2026.3006908,j0oDG9orQFOWqL1TSKxfNQ
Kapadokya Pet Ambalaj Levha Elyaf San Tic Ltd Şti,Türkiye,Tekirdağ,"Hall 7, level 1 / E20",interpack2026.3025641,unh8M4aAROCdLZzVT7wmQA
KAPAG & OPPBOGA,Switzerland,Muhen,Hall 8a / D53,interpack2026.3013944,0EGiQBrPRLScq2AmbtRtwA
"KAPS-ALL Packaging Systems, Inc.",USA,"Riverhead, NY",Hall 16 / B04,interpack2026.3047047,0WIHaJq9Rk2XF272UPgjDw
KAR AMBALAJ ve MATBAACILIK TİC.SAN.A.Ş.,Türkiye,Avcılar/İstanbul,"Hall 7, level 1 / C37-8",interpack2026.3058267,Yyey5GnlTKi3fTYdcVF1dg
KARAFIBER TEKSTIL SANAYI VE TICARET A.S.,Türkiye,Baspinar / Gaziantep,Hall 9 / D05,interpack2026.3017186,L4rBekGJTOqga0DCfsju1w
KARAWIA PACK May Elsayed Abdou Karawya and Her Partner,Egypt,Portsaid,"Hall 7, level 1 / A25",interpack2026.3012096,lBvvgonPSnOdDI8VwWLJ8w
Kardesan Firin Ekipmanlari Endüstriyel Kaplama Gida San. ve Tic. A.Ş.,Türkiye,Istanbul,Hall 3 / D24,interpack2026.3013087,IMyxprACQEK2xa7TMd6uVw
Kargopek Dış Ticaret AŞ,Türkiye,Bağcılar,"Hall 7, level 1 / C37-4",interpack2026.3058618,qd67qOIWSL2EjJvFq3B75g
KARL SCHNELL GmbH & Co. KG,Germany,Winterbach,Hall 4 / D35,interpack2026.3008310,FAxakB8CSxusPxW8CGrjhw
Karlville Converting LLC,USA,"Miami, FL",Hall 8a / F85,interpack2026.3073378,TDIh4msCSgG9lKdjSrTBNQ
KARLVILLE SWISS SAGL,Switzerland,Balerna,Hall 8a / D66,interpack2026.3066056,qTcJp7JIRw6mC27j9ukT8g
karopack GmbH,Germany,Kirchardt,"Hall 7, level 1 / E30",interpack2026.3058851,FZYiYd7qQQaATkwg0IKCHQ
Karpol GmbH,Germany,Büdingen,"Hall 7, level 2 / C20",interpack2026.3056824,4SVXB8WuR5y8JdGbFEyLhw
KARYEV-TEC Sp zoo,Poland,Święta Katarzyna,Hall 3 / C77,interpack2026.3066459,hV5oTdqPTrag3h3Po19kxQ
KASTAMONU PLASTIK SAN. TIC.LTD STI,Türkiye,Beylikdüzü/Istanbul,Hall 10 / B02-3,interpack2026.3057284,atgDUoKzSfaryzZXmfHabw
Kawasaki Robotics GmbH,Germany,Neuss,Hall 6 / C80,interpack2026.3015687,fx2VyPm2Qou2BwL9DHORVA
KAYAPLAS KAYALAR PLASTİK&#160; SAN. VE TİC.A.,Türkiye,Istanbul,Hall 10 / A43,interpack2026.3006871,UkUOSCR5Q8Curac1o5XPtA
Kaypee Polyfab PVT.Ltd.,India,Mehsana,"Hall 7, level 0 / C03A",interpack2026.3035676,WgdmFeWCQtSNYczOgCFD2Q
"Keepackaging Co., Ltd",China,Foshan,Hall 11 / F43,interpack2026.3032980,7sQjPs0qSpKVNLAltFcJ4A
"KELING PLASTIC (ZHEJIANG) CO,LTD.",China,"Jiaxing, Zhejiang","Hall 7, level 0 / A01A",interpack2026.3012472,dsz5ZBlwT76UAB5cdKyaqg
Kenray Forming Ltd.,United Kingdom of Great Britain and Northern Ireland,"Coalville, Leicestershire",Hall 18b / C07,components2026.3033047,eKIueUXaStmBSpviRSFOPw
KERAMIK MAKINA SANAYI VE TICARET A.S.,Türkiye,Gebze - Kocaeli,Hall 12 / E46,interpack2026.3006836,4tHH3C1dQLC33zhEzCcROA
Keskin Teknoloji Makinalari Plc.,Türkiye,"Dösemealti, Antalya",Hall 1 / D19,interpack2026.3069572,ldHpcfOIQIiOmVAyvuvWGQ
"KETAN EUROPA, S.L.",Spain,Barberà Del Vallès,Hall 8b / C01,interpack2026.3070505,sMxSm5njSFOLc9juxjbQkA
Key Technology NV,Belgium,Hasselt,Hall 6 / B73,interpack2026.3070909,ubZdvznrTqqH7FFObIjk4Q
KEYENCE DEUTSCHLAND GmbH,Germany,Frankfurt am Main,Hall 8b / F41,interpack2026.3008849,4Sk8fhv8QTC8DptszY4Ppg
KEYMAC PACKAGING SYSTEMS LTD,United Kingdom of Great Britain and Northern Ireland,Bristol,Hall 4 / E59,interpack2026.3031511,ClkPZVa5RHeyFkYxLsDrsw
"KEYPACK INTELLIGENT TECHNOLOGY CO.,LTD",China,"Jiaxing, Zhejiang",Hall 15 / D20-17,interpack2026.3066485,6CxgOV2ZTNWczWw2rtjXfw
KHS GmbH,Germany,Dortmund,Hall 13 / A31,interpack2026.3007945,nYmw9kZiR8i3NQyRDiUJYA
KIC Co.Ltd,"Korea, Republic",Gimpo-City,Hall 8b / G13,interpack2026.3038703,S7opjb7oR8OrbN8xbhGSqw
KIEFEL GmbH,Germany,Freilassing,Hall 8a / C57,interpack2026.3017468,EhDjQWVsRx2kJUAGCBX9gA
Kikusui Europe srl,Italy,Desio,Hall 16 / D77,interpack2026.3008445,6qyCOF2pQciooBHXoUECsA
Kikusui Tape Company Limited.,Japan,Osaka,"Hall 7, level 0 / B22",interpack2026.3036452,8JChZLAISyWPMUN2EVFo9g
Kilian,Germany,Karlsruhe,Hall 16 / D22,interpack2026.3007274,mZvV1w9MQ1G94AALdt9ELg
KINFINITY PACKAGING & AUTOMATION SDN BHD,Malaysia,Batu Pahat,Hall 8a / F01,interpack2026.3063947,dXZltjxjTvS3ee8RQo1dyw
"KING GARDEN PAPER & PLASTIC PRODUCTS CO., LTD.",China,Lianyungang,"Hall 7, level 2 / G44-1",interpack2026.3065106,X0r4kAAlR5SErNNtKRSwww
KINGNODE AMERICA INC,USA,"Atlanta, GA","Hall 7, level 0 / A07A",interpack2026.3031764,WmDXYGnhTBmEeZ4eHl34Zg
KIPAS KAGIT SANAYI ISLETMELERI A.S,Türkiye,Kahramanmaras,Hall 8a / C56,interpack2026.3032801,CSuQHdKiQ1K8we5E4pgIHw
HEINRICH KIPP WERK,Germany,Sulz am Neckar,Hall 18a / F01,components2026.3062793,xD7JgoLvRVC26qMppdATHw
KIRIKTAS AMBALAJ A.S.,Türkiye,Arnavutkoy /Istanbul,Hall 10 / C03-2,interpack2026.3057281,tPwKOvxAR9eeabrhglJUOg
"KISICO Kirchner, Simon & Co. GmbH",Germany,Oestrich-Winkel,Hall 10 / C98,interpack2026.3008748,1zki370IQmOl6bvEGPx7zw
KIUD Technologies OÜ,Estonia,Tartu,Hall 7a / C10,interpack2026.3071625,qReFqLrKTgSa1aJld5c09Q
KKT KALLERKUNSTSTOFF TECHNIK GMBH,Germany,Kall,Hall 9 / G20..H21,interpack2026.3065939,FmIIoAaFTOGQxtaIM2sp0g
KMG Systems Limited,United Kingdom of Great Britain and Northern Ireland,"Sandy, Bedfordshire",Hall 4 / E53,interpack2026.3007161,FlcVNEukRRehRvnqtD0eHw
KMS Kavurma Mak. San. ve Tic. Ltd. Şti.,Türkiye,Pamukkale Denizli,Hall 3 / F41,interpack2026.3007242,ztBBJxWvSIGzarqaJ86JFw
Knack Packaging Limited,India,"Ghatlodiya, Ahmedabad",Hall 10 / B74,interpack2026.3007534,wpmn3e0fQZW5fIxkmWc00Q
knoell Germany GmbH,Germany,Mannheim,Hall 9 / D12,interpack2026.3053060,4yUDGj7STiKPMi4h2l7dTw
KOALA PACK PLASTİK İTHALAT İHRACAT SANAYİ VE TİCARET LİMİTED ŞİRKETİ,Türkiye,Ankara,"Hall 7, level 2 / D18-4",interpack2026.3058193,go9hSOCzTbGThVLPhn4S3g
KOCH Pac-Systeme GmbH,Germany,Pfalzgrafenweiler,Hall 15 / B24,interpack2026.3027105,Av8l9DKbQOSEceT6euID6Q
Kocher+Beck GmbH + Co. Rotationsstanztechnik KG,Germany,Pliezhausen,Hall 8a / B48,interpack2026.3071464,J38DPHWrTmi4I4fadDVOGQ
Koehler Group,Germany,Oberkirch,Hall 8a / D42,interpack2026.3023938,64WavHSrQ8eK7ribDTNIwg
Koenig & Bauer,Germany,Veitshöchheim,Hall 8b / C02,interpack2026.3038141,gWm71tmYQTOzfW7LCFd0GQ
KOKSAN PET ve Plastik Ambalaj San. Tic. AS,Türkiye,Gaziantep,"Hall 7, level 2 / D04..D10",interpack2026.3016101,cPEl8levTx2Q1jE5fzsGbw
Komp-Act,Switzerland,Renens,Hall 7a / C15,interpack2026.3058297,NibgVtUDQtWvwSLaZ5HdKg
KOMP-ACT SA,Switzerland,Renens,Hall 7a / C15,interpack2026.3058297,NibgVtUDQtWvwSLaZ5HdKg
KOMPOL Sp. z o.o.,Poland,Grodzisk Mazowiecki,"Hall 7, level 1 / D01",interpack2026.3010447,lQMN5fOzQYeAcuu4AeL8oQ
Konica Minolta Inc.,Japan,Tokyo,Hall 8b / H49,interpack2026.3064770,mSrOq56aSYeKueUcyVlHrQ
KonnectPackaging International LLP,India,"Sausar, Madhya Pradesh",Hall 7a / C10,interpack2026.3055309,U4ANy9rFRv2GVaE8oIvXGw
Kopas Verpackungsmaschinen GmbH,Germany,Wettenberg,Hall 5 / F29,interpack2026.3006805,68Fs1wO1SlG569xDhanHWg
Köra-Packmat Maschinenbau GmbH,Germany,Villingendorf,Hall 6 / E59,interpack2026.3039691,cNGPmkVOTQOvuhnSrEPz3Q
Körber Pharma GmbH,Germany,Hamburg,Hall 16 / D37,interpack2026.3008442,xDDH8Q1LTh2yMIo1CGy0xg
Korea E & Ex Inc.,"Korea, Republic",Seoul,Hall 18a / G13,components2026.3071207,nKus7HXVSx6Fnf2J30iLJA
Korea Packaging Machinery Association Association (KPMA),"Korea, Republic","Geumcheon-Gu, Seoul",Hall 6 / E09,interpack2026.3035219,jLgqY9y7SEGFv9NeRaz9kw
Korea Packaging Machinery Association Association (KPMA),"Korea, Republic","Geumcheon-Gu, Seoul",Hall 6 / E09,interpack2026.3065300,XYL5YHl3RRS7kAhE1XZBgQ
Korozo Ambalaj Sanayi ve Ticaret A.S.,Türkiye,Istanbul,Hall 9 / F32,interpack2026.3006892,oNLVn8zWQsGlOpYQ1iMuxg
Korsch AG,Germany,Berlin,Hall 16 / A42,interpack2026.3009926,NWgtl1ceSl2mSLrCh06Kgw
Korthofah BV Kortho Coding & Marking,Netherlands,Katwijk ZH,Hall 8b / E59,interpack2026.3006951,CNVKP2bYQVOexZmqa9NDGA
Kosme Srl Unipersonale,Italy,Roverbella (MN),Hall 16 / F03,interpack2026.3071119,twoxFradS5eKl0advFRxCQ
KPM Analytics,USA,"Westborough, MA",Hall 3 / A32,interpack2026.3039698,15MUs67fQt61mfroHE2RzA
KPPL - Kuloday Plastomers Pvt Ltd,India,"Goregaon (East), Mumbai","Hall 7, level 1 / A35",interpack2026.3007970,1sRidU07QpqqWPWvdmpqvw
KQ Automation GmbH,Germany,Mönchengladbach,Hall 18a / D15,components2026.3049677,QKZG6xOiTqalAnC5aKHGrg
Krafttürk Ambalaj CO. LTD.,Türkiye,Ankara,Hall 8a / F08,interpack2026.3020244,hAouov4mQRKdEBAz4Lo7Ug
Krajcár Csomagolóanyagipari Kft,Hungary,Rábapaty,Hall 8a / E22,interpack2026.3067017,FwFpuWGWSwiYngTkJBMQlg
Kram FC Sp. z o.o.,Poland,Dzierzgon,Hall 5 / D29,interpack2026.3038566,7ALihtFBSKKnt8yfj3EGNA
Kram Sp. z o.o.,Poland,Dzierzgon,Hall 9 / H30,interpack2026.3038068,7HxDlU2wT7W1LeP2uVVesQ
Krämer AG,Switzerland,Bassersdorf,Hall 16 / A29,interpack2026.3019121,Cqp87bdZRoGWE54xzRJlCQ
KRAUS FOLIE Sp z o.o.,Poland,Kalisz,Hall 9 / G10,interpack2026.3036127,D04PqxjwSTqG53bBhYviPw
Kraus Maschinenbau GmbH,Germany,Spaichingen,Hall 15 / D44,interpack2026.3007288,qBbWJlWhQRqjB9tgDUO8Ug
Krause-Biagosch GmbH,Germany,Bielefeld,Hall 3 / E55,interpack2026.3072619,qrq2BbSnQ9W9tOx1wEvq6Q
Kremers Verpackungsmaschinen GmbH & Co. KG,Germany,Kempen,Hall 14 / D36,interpack2026.3027976,Dig4zynLSNWygFOmcMVDkw
Kromel Makina San. ve Tic. A.S.,Türkiye,Arifiye / Sakarya,Hall 13 / D68,interpack2026.3007084,Jsx3gou7TB2gjAXLvaVAMg
Krones AG,Germany,Neutraubling,Hall 13 / B75,interpack2026.3006821,5VtqHmhlQRuBtVNZTrx61w
"KRPA PAPER, a.s.",Czechia,Hostinné,Hall 7a / D31,interpack2026.3062131,SLQkh0mjRyalfrndNuXq5A
Krüger & Salecker Maschinenbau GmbH & Co. KG,Germany,Bad Schwartau,Hall 3 / F96,interpack2026.3037873,cbzvmXCPSQ2Cfh66NAFt7Q
KTC Körner Trading Consulting GmbH,Germany,Gelsenkirchen,Hall 8a / D03,interpack2026.3029821,mTt1EL4ESWG5FfEZamyBag
KUCUKPARMAK MUHENDISLIK SANAYI VE TICARET LIMITED SIRKETI,Türkiye,Gaziantep,Hall 1 / B04,interpack2026.3039701,dYEa5yr9TEu5pQllea79WA
Kuipers Food Processing Machinery BV,Netherlands,Woerden,Hall 3 / F95,interpack2026.3007334,m87B4QWZSd6r1kr67mUvsg
KUKA Deutschland GmbH,Germany,Augsburg,Hall 6 / B74,interpack2026.3010197,zKYXpKM8SueVJNeo5BSavg
KUKO MACHINERY Co. Ltd.,China,"Kunshan, Jiangsu",Hall 11 / C75,interpack2026.3016639,l78V5HH2S0Cztn8VIE6vSg
KULP Makine San. ve Tic. Ltd. Sti.,Türkiye,Istanbul,Hall 11 / G55,interpack2026.3009530,Uro1GYFwQcq37LKVftBC1g
"Kunshan Tsubaki Machinery Co., Ltd.",China,"Kunshan, Suzhou, Jiangsu",Hall 18a / F23,components2026.3065280,8DgMoP4OSNq8wLb6cpOcSg
"Kuo Chang Machinery Co., Ltd.",Taiwan,Taichung City,Hall 4 / D05,interpack2026.3064041,TerRrIedReK5r8FMrE2bgA
KUPAR PUMP,Türkiye,Gaziantep,Hall 1 / B04,interpack2026.3039701,dYEa5yr9TEu5pQllea79WA
KÜTAHYA AMBALAJ SANAYİ VE TİCARET ANONİM ŞİRKETİ,Türkiye,İstanbul,Hall 8a / C03,interpack2026.3031866,KbfpL1zKQoi5b2K8zur8Bw
"Kwang Dah Enterprises Co., Ltd.",Taiwan,New Taipei City,Hall 16 / B77,interpack2026.3029278,0ax0LaHQQJO3n2f3Vz1yAg
KYCZ PTE LTD,Singapore,Singapore,"Hall 7, level 2 / G23",interpack2026.3066960,Fny7GyCLQbSa8Cljt0I7XQ
"KYMC - Kuen Yuh Machinery Engineering Co., Ltd.",Taiwan,Taichung,Hall 12 / A77-7,interpack2026.3053752,Of0Ssav9SruExa6pX0veQg
Kyocera Nixka Inkjet Systems SAS,France,Aubagne,Hall 7a / B29-3,interpack2026.3069065,7qY5UDZqR8S289xLRtfgsA
"KYUNGHAN CO., LTD.","Korea, Republic",Gyeongsan-si,Hall 6 / E09,interpack2026.3065332,MHYAXVYhQAGuO9abS5XdWw
"L AND F Co.,Ltd",Japan,Chiba,Hall 8a / B74,interpack2026.3033800,LAjR7j7dRbebJ4685p4aRg
L.B. Bohle Maschinen und Verfahren GmbH,Germany,Ennigerloh,Hall 16 / B41,interpack2026.3009925,Wrko34wPQpyonCAz59jnGg
L.M. S.p.a.,Italy,Modena (MO),Hall 6 / C77,interpack2026.3012503,qxcsEn4aRWqFEDimUZIn7A
LABELPACK MANUFACTURING S.r.l.,Italy,Brugherio (MB),Hall 8b / G47,interpack2026.3008400,OkgZs1lXTEWfcumpzBErew
Labfon Biotech Equipment INC.,USA,"Henrico, VA","Hall 7, level 1 / C04",interpack2026.3052873,NBkHM3CsT7uzqxUQYnU3Lw
Labthink GmbH,Germany,Neu-Isenburg,Hall 15 / C45,interpack2026.3008299,RWRUb4XKRWmF9KG7X99yug
Lacroix Emballages SA,France,Bois D'Amont,Hall 9 / H34,interpack2026.3009510,NjFr2jbHSUyrw4cYPQN9UA
Lafer Packaging SRL,Italy,Schio (VI),Hall 4 / B26,interpack2026.3032073,D0XJf8wRSDmqsEJkT8mtjw
Lagarde Autoclaves SA,France,Malataverne,Hall 5 / B01,interpack2026.3030435,fgFTSsArQoG73mN53Wd0Pw
Lako Tool and Manufacturing Incorporated,USA,"Perrysburg, OH",Hall 18b / E05,components2026.3034784,Xlkg75uGQZiQm57p4T9Ilg
Lalesse Extrusion B.V.,Netherlands,Woerden,Hall 3 / F95,interpack2026.3024775,HDzrocL7TUW6DLUPmYlEuQ
Lambert Ingenious Automation,Netherlands,Wijchen,Hall 6 / C43,interpack2026.3033511,J7050O45TvKXPkAEfy9Ytg
Lamina System AB,Sweden,Boras,Hall 8a / D84,interpack2026.3064771,WKUB3UaiQ16KDK0D3NlvBg
Lan Handling Technologies B.V.,Netherlands,Berkel-Enschot,Hall 11 / A20,interpack2026.3058183,a21kS2gGQfeTJENX9qmCvg
LANG LASER-System GmbH,Germany,Ummendorf,Hall 8b / D27,interpack2026.3006946,uGNF07FLT72bfHrIPLDRcQ
Langen Packaging Automation,Netherlands,Wijchen,Hall 6 / C43,interpack2026.3033511,J7050O45TvKXPkAEfy9Ytg
Langguth GmbH,Germany,Senden-Bösensell,Hall 8b / E46,interpack2026.3007791,s1rw7vTwSaKVamFf9g7xVg
"LANINVER GSC, S.L.U.",Spain,Madrid,Hall 10 / E44,interpack2026.3031904,462DLAyrQJetnUNfE7dwXg
Lantech.Com Coöperatie U.A.,Netherlands,Malden,Hall 13 / C47,interpack2026.3012884,343MAnKiQAu7Wyj4nnE0Jw
Lapack Plastik Ambalaj ve Enerji Sanayi Ticaret A.S.,Türkiye,Gaziantep,Hall 9 / A36,interpack2026.3067113,aYJb9qnqTx2BdwSiJ8dvzw
Lappas J. Ltd,Greece,Athens,Hall 3 / B13,interpack2026.3024199,FDiiDQ4nRyuzJ7ZEpxhkdg
Lareka Confectionery Equipment BV,Netherlands,Valkenswaard,Hall 3 / D95,interpack2026.3007216,PCJkQA8OQmS6YOHgot80Cg
Larplast Plastik Amb. San. ve Tic. Ltd. Sti.,Türkiye,Istanbul,"Hall 7, level 1 / E40-3",interpack2026.3057273,JS5xwQBVT7Ci0MCbNhVkLQ
Laser S.r.l.,Italy,Santa Maria di Zevio (VR),Hall 3 / B91,interpack2026.3008533,0g4k32ifRoKmgBuYBu7nlA
Latini-Hohberger/ Dhimantec Inc.,USA,"Elgin, IL",Hall 3 / C91,interpack2026.3040839,sJYvNUMWTqy0aTJpOi5Vyg
LAWER S.p.A.,Italy,Cossato (BI),Hall 4 / A59,interpack2026.3007330,pzWvQqQfQV27LjyEQNRwbw
LAXMI ENGINEERING EQUIPMENT (PARTNERSHIP),India,"Ahmedabad, Gujarat",Hall 16 / F68,interpack2026.3008601,Tn8CEc8tTs2SednJT9Bj7Q
LBL PACK SH.P.K.,Albania,Marikaj,"Hall 7, level 1 / B05A",interpack2026.3056890,H3i7oWZkQQe5wXUX9cjxaQ
"LD Packaging(Foshan) Co., Ltd",China,"Foshan City, Guangdong",Hall 10 / A77,interpack2026.3009084,CvwBCbaHThCcJRixl1gkWg
"LEAD TECH (ZHUHAI) ELECTRONIC CO., LTD.",China,"Zhuhai, Guangdong",Hall 8b / C86,interpack2026.3010199,9yFQ6fz0S7uZWHJ5CY3QkQ
Leadmaq Equipamentos Industriais LTDA,Brazil,Curitiba,Hall 4 / D25-2,interpack2026.3063734,v0xdEoZmRNGlT0kbYFxVWw
"Leadtra Packaging (Zhongshan) Co., Ltd",China,"Zhongshan City, Guangdong province","Hall 7, level 2 / G47-8",interpack2026.3065784,kIaui65gSBKEzayqf4eLAQ
Lean Vector SRL,Romania,"Pantelimon, Ilfov",Hall 18a / D01,components2026.3068868,3iqykr64QLaPDs4tBweuNw
LEANTECHNIK AG,Germany,Oberhausen,Hall 18b / G12,components2026.3055475,T7ULBeRwT2qF4FFn1vNZkw
LECTA S.A.,Spain,Barcelona,Hall 8a / D30,interpack2026.3009118,DepADe53TuK5bE70bbPl3Q
"Leepack Co., Ltd.","Korea, Republic",Incheon City,Hall 11 / C26,interpack2026.3010471,VBTD3Nw8Tse25wza6sEDPw
LEIBINGER,Germany,Tuttlingen,Hall 8b / D26,interpack2026.3009127,nw40KDY4Q9mrIMXAaUf8CA
Leister Technologies Deutschland GmbH,Germany,Wuppertal,Hall 18a / C01,components2026.3057466,onOw7Z3YQCOCFc8chng0DA
Leistritz Extrusionstechnik GmbH,Germany,Nürnberg,Hall 3 / F13,interpack2026.3035590,dY1HMEFzSBWQeEliLNGV0w
Lemm,Germany,Mönchengladbach,Hall 11 / C78,interpack2026.3047425,aHl7Ig33Qv2DzyxQCdBKDA
Lemm Maschinenbau GmbH,Germany,Mönchengladbach,Hall 11 / C78,interpack2026.3047425,aHl7Ig33Qv2DzyxQCdBKDA
LEMO Maschinenbau GmbH,Germany,Niederkassel,Hall 8a / B84,interpack2026.3039428,5Gxml90ITQmgAQJ0W54bdQ
Lemu Comaser SL,Spain,Ibarra (Gipuzkoa),Hall 8b / C12,interpack2026.3008179,6bIqYX7vQMKQFywLtHJexw
LemuGroup,Spain,Ibarra (Gipuzkoa),Hall 8b / C12,interpack2026.3008179,6bIqYX7vQMKQFywLtHJexw
"Lenord, Bauer & Co. GmbH",Germany,Oberhausen,Hall 16 / D72-8,interpack2026.3037003,AdwcwAABSYq3su3k4DulMw
Lenze SE,Germany,Aerzen,Hall 6 / D50,interpack2026.3037772,MW9olNS9ROyKEJAQLPJc0g
Leonardo trends s. r. o.,Czechia,Hlohovec,Hall 7a / D22,interpack2026.3062130,etUR6Rv3RrSkXynrNih50A
LEONHARD KURZ Stiftung & Co. KG,Germany,Fürth,Hall 8a / C49,interpack2026.3040557,ooFZOk3ISxCp2lgw4ZF3pg
LEONHARDT,Germany,Dreieich,Hall 5 / D25,interpack2026.3011624,szSRGS2xTBCcVMrsOfp8Pg
LEPL Enterprise Georgia,Georgia,Tbilisi,Hall 8a / F17,interpack2026.3043194,c3aW9aHsS36i50ueCTUkMQ
Letech Machines A/S,Denmark,Slagelse,Hall 4 / E54-3,interpack2026.3071420,Z3PViPzvTcyEZRmwnSIDcw
Leuze electronic GmbH + Co. KG,Germany,Owen,Hall 13 / D73,interpack2026.3007803,NPc6RR5URpGKQJuqla83GQ
Levitronix GmbH,Switzerland,Zürich,Hall 18a / C03,components2026.3065856,zxCdvHgZT8exfSkLKO1eMw
LG Chem Ltd.,"Korea, Republic",Seoul,Hall 9 / C03,interpack2026.3050005,kAKr0X0PT7u0GHXzDhc5Ag
"Liaoning Chunguang Intelligent Equipment Corp., Ltd.",China,"Jinzhou, Liaoning","Hall 7, level 2 / A24",interpack2026.3065997,aU3EIW6dQG63iZZxUVrt8g
Licopharm OHG,Germany,Lichtenfels,Hall 7a / C10,interpack2026.3055291,c02OBT7DTHacnIQKpY3zhg
Lidersan Saglik ve Gida Ürünleri A.S.,Türkiye,Gaziantep,Hall 9 / E01,interpack2026.3014701,O9NZQ2MuQMypaBmzw8kzmA
LIEDER,Germany,Wietze,Hall 6 / A01,interpack2026.3034449,8w4KkhtQQZKg1u9SJzu80A
LIFELINE TECHNOLOGIES,India,"Navi Mumbai, Maharashtra","Hall 7, level 2 / G17",interpack2026.3008338,eLsyKhVzQrqIfuoDvn0Lwg
LIFEX POLYESTER CORDED STRAPPING,Türkiye,Kocaeli,Hall 7a / D29,interpack2026.3035228,XDacg1bkQ0Knzu4TcQdueg
Lift and Lash Pvt Ltd,India,Ahmedabad,"Hall 7, level 2 / E10",interpack2026.3007539,N3dqp1PhT9ye6wy78q4McA
LIFTVRAC SAS,France,Geneston,Hall 4 / A46,interpack2026.3012924,xtdbVLVnSUO6Ol8Qd3XBvA
"Lihyann Industrial Co., Ltd.",Taiwan,Taichung,Hall 12 / A77-6,interpack2026.3053751,9WXOeyXwRVmzsMSJAF8Qbg
LIMITEC Maschinentechnik GmbH,Germany,Beckum,Hall 15 / B46,interpack2026.3007207,rw4X8eDAQ32lVDMH5ZYHkw
Limitech A/S,Denmark,Aabybro,Hall 4 / E54-2,interpack2026.3065263,cH2SV3qyS1G9sAbwvVDCGQ
LINDER GmbH,Germany,Buchholz in Der Nordheide,Hall 10 / A48,interpack2026.3057264,hKZ2b6FpRQa6kO0WlYXFjg
Lindor Products B.V.,Netherlands,Dordrecht,Hall 4 / D26,interpack2026.3039700,wL3aeat6QPmcd9ITxIkdig
LINEPACK SRL,Italy,Fontevivo (PR),Hall 16 / A67,interpack2026.3068186,wDoat4rhRvCWQS7ipitADA
Linpack Technology GmbH,Germany,Düsseldorf,Hall 6 / E02,interpack2026.3064616,u112119mQpukEba6VvWG3Q
Linx Printing Technologies Ltd,United Kingdom of Great Britain and Northern Ireland,"St. Ives, Cambridgeshire",Hall 8b / C59,interpack2026.3038554,GFVhJgxMTOecJ9YuiAm10A
Lipp Mischtechnik GmbH,Germany,Mannheim,Hall 1 / B52,interpack2026.3033391,jFm6AeFmS12aimPygg2GtA
Lithopak Basim Kagit ve Amb. San. A.S.,Türkiye,Büyükcekmece/Istanbul,Hall 10 / C58,interpack2026.3032040,cqB4ObjQTF690CPqI40l6g
Live-Tech S.r.l,Italy,Monticello d'Alba (CN),Hall 3 / B47,interpack2026.3007095,89hDGnt5SGqNl1nPM7M0ZQ
LLC ISPE 'ARIS' Ltd ТОВ МНВП 'Аріс' Лтд,Ukraine,Dergachi,"Hall 7, level 1 / C03A",interpack2026.3036450,KCTVrnZfSMqALcLglssmPA
Loesch Verpackungstechnik GmbH + Co. KG,Germany,Altendorf,Hall 14 / C36,interpack2026.3008317,HsoElmMGRcOGWT5zyy9Xzg
Loftware Inc.,USA,"Portsmouth, NH",Hall 8a / D48,interpack2026.3073083,gZRnJugCSZOfldIcQqxR1Q
Logicon s.r.l.,Italy,Alseno (PC),Hall 13 / C15,interpack2026.3050688,SK4s0AtpRbGRGUGGUPYJ2Q
Logopak Systeme GmbH & Co. KG,Germany,Hartenholm,Hall 8b / C49,interpack2026.3066616,IPqRBTQBQ6CAXXV3Qwsxmw
Lohia Corp Limited,India,"Kanpur, Uttar pradesh",Hall 8a / D83,interpack2026.3038697,bIW5rDNjTkmuWvo9FL41QQ
LOLA SRL,Italy,Ispra,"Hall 7, level 1 / E33",interpack2026.3036443,Swc6fTnjSg6km6FjVtmQpA
Loma Systems a division of ITW Limited,United Kingdom of Great Britain and Northern Ireland,Farnborough,Hall 11 / F73,interpack2026.3038695,kB4eAiTiTJKP5xs1gMqcew
Longford International Ltd.,Canada,"Toronto, ON",Hall 13 / D94,interpack2026.3027316,0oV8HrJNTrelGmMrRLD2dg
Lorenz Pan AG The Specialist in Palletizing,Italy,Bozen-Bolzano,Hall 11 / D55,interpack2026.3012876,4JY6JiNsRDidHcwckQ584A
Lothar A. Wolf Spezialmaschinen-GmbH,Germany,Bad Salzuflen,Hall 3 / F46,interpack2026.3007114,Z2bUEdILSJuF1wZ8D3uSHA
Lotus Packaging Trading Service Production Joint Stock Company,Vietnam,Ho Chi Minh City,"Hall 7, level 2 / D23",interpack2026.3050478,cEU1HtdSTwaDaAPGiF8Kgg
LOWENCO A/S,Denmark,Vamdrup,Hall 16 / F72,interpack2026.3055221,9s01gVKyTf6LAEznfkozdw
LSS - Labelling Systems Scandinavia A/S,Denmark,Randers NV,Hall 16 / B22,interpack2026.3067687,eup9Cty4ToKjlZwOxzSoiQ
LTK Lineartechnik Korb GmbH,Germany,Waiblingen,Hall 16 / D72-8,interpack2026.3037975,jil0Ci7AQKutKPyE1PJoUg
Lundberg Tech A/S,Denmark,Lille Skensved,Hall 4 / B14,interpack2026.3034470,97GJnBWJQvOP0vKIRy3VvQ
"LUYANG TECHNOLOGY CO., LTD",Taiwan,Taichung,Hall 5 / E29,interpack2026.3030689,gkfHs6NTQqee4vKIBEqXbw
M.C. Automations S.r.l.,Italy,Casalecchio di Reno (BO),Hall 1 / B82,interpack2026.3007110,BeharDgiQXKImF0oIrvVTQ
M.C.M. Massa srl,Italy,Pianezza (TO),Hall 3 / A91,interpack2026.3008536,joQWka5TTfOMNqyZtRO5zw
M.C.Z. Automazioni s.r.l.,Italy,S. Martino di Lupari (PD),Hall 11 / C15,interpack2026.3031514,MsHzPyqwTj6gorUC2fbsDg
Maanshan Junfei Machinery Technology Co. Ltd.,China,Nanjing,Hall 18b / G01,components2026.3065981,ocqcxjQBQvmp9cjmeGk0Vg
MAC autoadesivi s.r.l.,Italy,Capraia e Limite (FI),"Hall 7, level 0 / C22",interpack2026.3038252,MHkvSd3ZTIiCKBWbSidYxw
MACCHI SPA,Italy,Venegono Inferiore,Hall 8a / B61,interpack2026.3006896,oojDozOaRQmJ5rosbkZgLQ
MACDUE srl,Italy,Bologna,Hall 11 / E20,interpack2026.3009802,oE8OXPsBT86F2W1iOHtv6A
Machine Builders and Design Inc.,USA,"Shelby, NC",Hall 3 / B85,interpack2026.3034317,OebRoIUFQnGeKiyLrJt7RA
Machinefabriek van Rijn B.V.,Netherlands,Katwijk,Hall 11 / D66,interpack2026.3008495,oMAkuCqUQSGYJSZVtgsZKw
Machinery Exporters' Association Turkish Machinery,Türkiye,Ankara,North Entrance 1 / N1,interpack2026.3023888,Zp2AyAJ3SdKW3r0BACOh0w
Macofar,Germany,Karlsruhe,Hall 16 / D22,interpack2026.3007274,mZvV1w9MQ1G94AALdt9ELg
MACPAC SA,Greece,Athens,Hall 9 / C22,interpack2026.3013891,sTMaVJy9STu2hKATT0nbRg
MACS srl,Italy,Bologna,Hall 4 / F36,interpack2026.3007107,Pn3UGMbcRIO2x0ToiRUzjA
Mad Automation Srl,Italy,Sansepolcro,Hall 14 / D21,interpack2026.3006904,oziswbbUTMqx8skHXFWbIQ
Maderthoner Maschinenbau GmbH,Germany,Dägeling,Hall 6 / A01,interpack2026.3066590,zxKcKNrVTJi8lMx76fR7Mg
Mafdel SAS,France,Saint Georges D'Espéranche,Hall 18b / E23,components2026.3021095,xnWNbA82Sne6biOQr7mlug
MAGNONI RINSER,Italy,Modena (MO),Hall 6 / C77,interpack2026.3012503,qxcsEn4aRWqFEDimUZIn7A
MAHARSHI UDYOG,India,"Ahmedabad, Gujarat",Hall 8b / G17,interpack2026.3008517,gXvrXxBgQx6mCEtIp85oWg
Maharshi Udyog (Partnership),India,"Ahmedabad, Gujarat",Hall 8b / G17,interpack2026.3008517,gXvrXxBgQx6mCEtIp85oWg
"MAHATANEE INDUSTRIAL CO., LTD.",Thailand,Samutsakhon,Hall 8b / E02,interpack2026.3027961,kU7gsxHTQmODeFdFgYkYEw
"Mainpack Industrial Co., Ltd.",Taiwan,Taichung City,Hall 8b / E08,interpack2026.3032278,sTyfYSRIQs6Jp3qKKnt5Ug
MAJA Maschinenfabrik GmbH,Germany,Kehl,Hall 5 / D38,interpack2026.3072160,mfPP7vWESKqhqyrKPLykfw
MAJER,Germany,Aue-Badschlema,Hall 8a / B65,interpack2026.3040668,33r6zXD8RoiQ3dSmYde39Q
MAKO Srl,Italy,Fontevivo (PR),Hall 6 / B45,interpack2026.3074878,b3goEvK1SLScjsRGqwOcyg
MAKREV MAKINA MUH SAN VE TIC AS,Türkiye,Istanbul,Hall 1 / B51,interpack2026.3063806,K0AzQo2BRPSIw2hUsZh3vg
Makro Labelling S.r.l.,Italy,Goito (MN),Hall 13 / B47,interpack2026.3039367,iQ4REGfRTS2YdRnleImXoA
Maksipak Ambalaj San ve Tic A.S.,Türkiye,Beylikduzu/Istanbul,Hall 9 / D10,interpack2026.3038114,8NQUx2DZR0yEODkB05STXQ
MAMATA MACHINERY LTD,India,"Ahmedabad, Gujarat",Hall 8a / C81,interpack2026.3007374,YeVdbDGsTEag9uTYfVnmpg
Manish Packaging PVT. Ltd.,India,Surat,"Hall 7, level 2 / E19",interpack2026.3043196,Vj50BDk0TnCI3yjcLryRig
MANUCOR S.p.A.,Italy,Sessa Aurunca (CE),Hall 10 / B21,interpack2026.3021188,muIPVoHpSxGylH02lnb91w
MANUFACTURING ENTERPRISE BASIS LLC,Ukraine,"Kyiv region, Brovary city",Hall 11 / A21,interpack2026.3022668,0Jck1QRVQFuwdXs8q3fs8Q
"MAQUINARIA CONSERVERA TOMÁS GUILLÉN, S.L",Spain,Lorquí -Murcia Murcia,Hall 1 / A51,interpack2026.3057295,NTwwHe8aTQKCNmJ5Civi0Q
Marchesini Group S.p.A.,Italy,Pianoro (BO),Hall 15 / A42-1..A42-6,interpack2026.3007589,tVspN341QVSGbrE5cNJiNg
MARCO Limited,United Kingdom of Great Britain and Northern Ireland,Kent,Hall 13 / C33,interpack2026.3072292,IMEsiUYTRcWjqDqC0GCxeA
Marcopack S.L.,Spain,Lorqui (Murcia),Hall 8b / E18,interpack2026.3030430,yztZe0gTQ16flzlZJcG0fQ
Marden Edwards Ltd,United Kingdom of Great Britain and Northern Ireland,Wimborne,Hall 11 / D74-04,interpack2026.3068218,Jgw75sW7T7OvGEz83EUhag
Marel Further Processing B.V.,Netherlands,Av Boxmeer,Hall 5 / D38..D44,interpack2026.3038449,xRjOcVHhR5uQgD4owPHPqA
Marel TREIF GmbH,Germany,Oberlahr,Hall 5 / D38,interpack2026.3072159,5pdCbStyTq6YZeq2ZlHIYQ
MARELEC Food Technologies NV,Belgium,Nieuwpoort,Hall 6 / B73,interpack2026.3076037,7e1eXwh8QhymIRKMCYpXhQ
Mariani S.p.A.,Italy,Carré (VI),Hall 11 / F60,interpack2026.3006862,eSbmO02oSXOLyY3z7Os95w
Marin G. & C. S.r.l.,Italy,Noventa Padovana (PD),Hall 13 / B73,interpack2026.3010474,THbjXpqHQcmjQ6XvNOv8bw
Maripak Ambalaj ve Endüstri Mamülleri San. Tic. A.S.,Türkiye,Istanbul,Hall 11 / E44,interpack2026.3016605,SA1GtdPARsC8ZGZLskCFMA
Markem-Imaje GmbH,Germany,Stuttgart,Hall 8b / E47,interpack2026.3013379,WzoYwYlwSdKpLLFibfpR7w
Marlen International Inc.,USA,Riverside MO,Hall 6 / B73,interpack2026.3059876,uqJtrYDZRQaz7TaSiHN13g
Marmara Makina Kalip Muh.ve Mum. San. ve Tic. A.S.,Türkiye,Silivri / İstanbul,Hall 13 / D20,interpack2026.3007809,lFphHr7YSY2ny8JgS4XiCg
MARPATECH CONVEYOR,Italy,Modena (MO),Hall 6 / C77,interpack2026.3012503,qxcsEn4aRWqFEDimUZIn7A
MARSCHALL GMBH & CO. KG,Germany,Porta Westfalica,Hall 8a / D48,interpack2026.3072354,qJi6GVAvQMaUubR0WdJR4g
Märtens Transportbänder GmbH,Germany,Flensburg,Hall 3 / D74,interpack2026.3007201,HuTRZIV1S9eLp39oZ3YWqw
MARTIN SPA,Italy,Provaglio,Hall 18b / D05,components2026.3038402,ePuVOTgORt2ZIwBQ94SwXQ
Martini Srl,Italy,Galliera Veneta (PD),Hall 11 / E55,interpack2026.3034192,ExA2vJ5xQXWrKddmDK5dMA
MARTINI SRL,Italy,Galliera Veneta (PD),Hall 11 / E55,interpack2026.3034192,ExA2vJ5xQXWrKddmDK5dMA
Marubeni International (Europe) GmbH Chemical Group,Germany,Düsseldorf,Hall 7a / C17,interpack2026.3008768,Ku4yTlawRASuBJhLwSwdGQ
Maschinenbau SCHOLZ GmbH & Co. KG,Germany,Coesfeld,Hall 5 / D41,interpack2026.3036234,1uMeMkZKSWqZ96oy2z2PMQ
Maschinenfabrik Gustav Eirich GmbH & Co KG,Germany,Hardheim,Hall 4 / B05,interpack2026.3012548,ptOvCN86SpqW6BKJHl87Hg
Maschinenfabrik Leonhardt GmbH,Germany,Dreieich,Hall 5 / D25,interpack2026.3011624,szSRGS2xTBCcVMrsOfp8Pg
Maschinenfabrik Seydelmann KG,Germany,Stuttgart,Hall 4 / C45,interpack2026.3008531,WsxY1YloQGiSQr348KEmlw
MASCHINPEX Maschinenbau GmbH,Germany,Wangen im Allgäu,Hall 16 / D80,interpack2026.3041794,ZWtSAmdzScOnNbbmtIRpWA
MaschioPack GmbH,Germany,Erkelenz,"Hall 7, level 0 / C14",interpack2026.3068597,pxOewapzQAqfPEUN9mku7Q
Matrix Pack S.A.,Greece,Athens,Hall 9 / F34,interpack2026.3032059,s6vIVAY5ROSONuFOISVE1w
Mattoc Confectionery Engineering Ltd,United Kingdom of Great Britain and Northern Ireland,Alton,Hall 1 / A35,interpack2026.3007230,hhejl3pTSDmnBXXLv3ZRig
Max Schlatterer GmbH & Co. KG,Germany,Herbrechtingen,Hall 18a / E11,components2026.3017532,wKwU883fQLO7NgONH9GupA
MAXSUN POLYSHRINK PRIVATE LIMITED,India,Jetpur,Hall 8b / G18-6,interpack2026.3066362,XFzi7YEfQh2BkgR8L2pLtA
Maya Plastik Amb. San. ve Tic. A.S.,Türkiye,Istanbul,Hall 9 / D33A,interpack2026.3011245,pulcVpEdRCaGvthh6u86Zg
Mazzetti Renato SRL,Italy,Tribiano (MI),Hall 1 / B26,interpack2026.3012138,7Dp3NVSvSgucqmtAAj6Nwg
MBP S.r.l.,Italy,Castiglione Delle Stiviere (MN),Hall 13 / A03,interpack2026.3066838,r5XzJJ0oQ1q1KswvSDsI8A
MC Manufacturing Confectioner,USA,"Princeton, WI",Hall 3 / A26,interpack2026.3039706,BAu5Yf5DTWqcy7Uguy6nlA
MCA Process SASU,France,Quimper,Hall 14 / A23,interpack2026.3006864,u6XBaQynQKef3q13fH6NiA
MEADOW,Sweden,Stockholm,Hall 7a / C10,interpack2026.3055385,dldG1torQbqn1tNuF2cxig
MECAPACK SAS,France,LES HERBIERS,Hall 4 / E36,interpack2026.3024298,JwoZdQYgSHiZKj14Pz7zhA
Mecatherm S.A.S.,France,Barembach,Hall 4 / E50,interpack2026.3007186,Ly9uYOkPTLOMpYf8josozQ
Mechatronica S.C.,Bulgaria,Gabrovo,Hall 8a / C42,interpack2026.3027734,aGQV1fPZRQqubt0KRQd8ag
MEDELPHARM SAS,France,Beynost,Hall 16 / A42,interpack2026.3070877,iETMyLJtT2aGrmclZE8KEg
MEDHAVE SINGAPORE PTE. LTD.,Singapore,Singapore,"Hall 7, level 2 / A14",interpack2026.3058871,qkrbwj30TN6xGSsTKVSAfA
MEDICLOE PLASTIC LLC,USA,"Westminster, CO",Hall 8b / G49,interpack2026.3066520,ceLujxC6RjOObtdO6fPLNg
MEGA PRINT PACK,Türkiye,Istanbul,Hall 8a / F15,interpack2026.3042794,Z12XX72kTe6hETG3FYfXRQ
Megadyne,Italy,Mathi (TO),Hall 1 / B28,interpack2026.3066613,7t4tPV5USIy9uCtydhCHRQ
megapak GmbH,Germany,Hilden,Hall 8a / B52,interpack2026.3067637,6UweFwNwSlWqeESLZqffHw
Megaplast India Pvt. Ltd.,India,Maharashtra,"Hall 7, level 1 / B09",interpack2026.3009514,fOuG8iiyS6eAVF2yRQCjLA
Megaport OOD,Bulgaria,Veliko Tarnovo,"Hall 7, level 1 / A26",interpack2026.3036444,6VlqhIkwRPK828n2GFS1qQ
MEHMET MAKINA SANAYI TICARET A.S.,Türkiye,Konya,Hall 3 / A35,interpack2026.3008529,0xiIxpOTQkK8cZsI2JBtqA
"Meiko Tins Industries Co.,Ltd",China,Dongguan,"Hall 7, level 2 / B38-3",interpack2026.3067019,MkYZVigTQ2So5gZphsictg
MEMAK PLASTIK GIDA MAKINA SAN. TIC. A.S.,Türkiye,Selcuklu Konya,Hall 3 / F54,interpack2026.3010055,e08QMkNdS7OIDWlKmYNI5Q
Mentpack Makina A.S.,Türkiye,Basaksehir / Istanbul,Hall 11 / E77,interpack2026.3026024,fvyaVhvpQs6oPMybLM4BzQ
Mercier Corporation Limited,Taiwan,New Taipei City,Hall 12 / A77-3,interpack2026.3056304,7A5haw4ATwWmTfxXcx3hzQ
MeRo S.p.A.,Italy,Ponte a Moriano (LU),Hall 5 / E03,interpack2026.3036985,bfOFECBQRLSXbeqyBipcSQ
Merz Verpackungsmaschinen GmbH,Germany,Lich,Hall 6 / B80,interpack2026.3006795,C3rvtrBhQWe28RkPyc9oJw
Mespack S.L.,Spain,Santa Perpètua de Mogoda (Barcelona),Hall 6 / B73,interpack2026.3057824,MfP3widmTRWYGm9sH1P8bw
Mespic Srl,Italy,Faenza (RA),Hall 17 / A20-5,interpack2026.3071514,jX1zRrXNTsS1RJ3znmkcoA
Messan Sogutma San. ve Ticaret A.Ş.,Türkiye,Izmir,Hall 3 / B11,interpack2026.3024487,F5NBSKTIQ3SRhzR6wcCZ5w
Messe Düsseldorf China Ltd.,"Hong Kong, China SAR","Wanchai, Hong Kong","Hall 7, level 2 / A37..G47",interpack2026.3007958,Tili5LWXRYOIC6DUFb2iPA
Messe Düsseldorf GmbH,Germany,Düsseldorf,Unsettled / NN,interpack2026.3050675,jXyzxgS7RBGPcoARUgqEjw
Messe Düsseldorf GmbH,Germany,Düsseldorf,Unsettled / NN,components2026.3005668,vXwlnUc3RIawutEeJcQhUw
Messe Düsseldorf GmbH,Germany,Düsseldorf,Unsettled / NN,components2026.3057994,pkai9rxuQNKPVu8dP6eMfw
Messe Düsseldorf GmbH,Germany,Düsseldorf,Unsettled / NN,interpack2026.3005883,NflmrPHNQEuEiRQ0NnOjHA
Messe Düsseldorf North America,USA,"Chicago, IL",Hall 8b / F36,interpack2026.3036980,AMbqzw6uSa2JZgWs4NDg4w
Messe Worldwide Sdn Bhd,Malaysia,Petaling Jaya,Hall 8a / F01,interpack2026.3032810,kiRvwDZJRaG72JQyBbKhtA
Messersi Packaging S.r.l.,Italy,Barbara (AN),Hall 12 / D16,interpack2026.3006886,mtImKRljSW6AVmLPRl5bdA
Meßner Produktions GmbH & Co. KG,Germany,Kalletal,Hall 18a / C20,components2026.3064138,N7Tr5p6nR06RZufHInvjJg
Mesutronic GmbH,Germany,Kirchberg im Wald,Hall 11 / E26,interpack2026.3007481,e1b8xcCXTdqh5sILhXIucQ
MET KAGITCILIK SANAYI VE TICARET A.S.,Türkiye,Istanbul,Hall 10 / D96,interpack2026.3007298,yo1hb9f7RS2nrLcCaNaKTg
"Metal Edge International, Inc.",USA,"North Wales, PA",Hall 8b / E38,interpack2026.3037777,GbPDYkmgREGvNoPxQMqoAA
METE PLASTİK SAN. VE TİC. A.Ş.,Türkiye,"Beylikdüzü, Istanbul",Hall 9 / H23-6,interpack2026.3056932,vnxM2XbqRGSgyoqPgtufeg
Metral S.L.,Spain,Breda,Hall 12 / C22,interpack2026.3016401,H4Y1PJjoScOOhK3ZpK1Zlg
METRAN EUROPE GmbH,Switzerland,Baar,Hall 15 / B08,interpack2026.3055012,ZTT84kX3TMCSqTwzIxYm0A
Metsä Board Corporation PLC,Finland,Espoo,Hall 8a / D49,interpack2026.3008553,OTddY8JbRyqicOzrO74yYw
Metsä Spring OY,Finland,Espoo,Hall 8a / D49,interpack2026.3069073,WjKjKfPxROeMzCBCLXMxVw
Mettler-Toledo Garvens GmbH Mettler-Toledo Product Inspection,Germany,Giesen,Hall 11 / A60,interpack2026.3016399,flJ48NulRsWASVf36q1O6A
meurer Verpackungssysteme GmbH,Germany,Fürstenau,Hall 11 / C40..C44,interpack2026.3037646,n6kUV7mBTWe87pGmYCQIRQ
Mewes GmbH,Germany,Wolfsheim,Hall 15 / E38,interpack2026.3032373,q5sMNKL3SRaeTO6JD6rAbQ
Meypack Verpackungssystemtechnik GmbH,Germany,Nottuln-Appelhülsen,Hall 13 / A47,interpack2026.3007837,4xjSomAFRQOhpiYKhyZUxA
MF Packaging Srl,Italy,Tavullia (PU),Hall 15 / C34,interpack2026.3034899,B0I4fcbpQYCFVQtdqdhP3Q
MFS CHOCOLATE MOULDS,Türkiye,Istanbul,Hall 1 / D07,interpack2026.3007158,51G64IGeT2yCc5LlLw1LJw
MFS Cikolata Kalip San. Ve Dis. Tic. Ltd,Türkiye,Istanbul,Hall 1 / D07,interpack2026.3007158,51G64IGeT2yCc5LlLw1LJw
MG Lavorazione Materie Plastiche SpA,Italy,Quinto Vicenza,Hall 10 / A39,interpack2026.3036293,YRtF8jaPSZKBrhHRYBvVPQ
MG Tech SARL,France,Les Achards,Hall 12 / C35,interpack2026.3068269,twSkxJXJQu60zXXLudzLGw
MG2 S.r.l.,Italy,Pian di Macina di Pianoro (BO),Hall 16 / A58,interpack2026.3007102,Tf9xgPuRTxuTkNicjL1aRA
MGPACK SA,Greece,Athens,Hall 7a / C32A,interpack2026.3039550,CvKpMCMQTZqFZfbf4mceJg
MGS Machine Corp.,USA,"Maple Grove, MN",Hall 6 / D57,interpack2026.3066057,fTRREVH6SvelKMTlYuWcGQ
MIA FOOD TECH SRL,Italy,Verduno (CN),Hall 1 / D36,interpack2026.3039699,mO5r7ywuQUOHyVjz1MOObQ
Michael Hörauf Maschinenfabrik GmbH & Co. KG,Germany,Donzdorf,Hall 8a / D65,interpack2026.3014596,KPZlbBRyQaK7hMRpZkBnXA
MICHAEL PROCOS S.A.,Greece,"Nea Kifisia, Athens",Hall 10 / E53,interpack2026.3033745,D3E9MJJdQaubveiJqdm0wA
Michelman International S.a.r.l.,Luxembourg,Windhof,Hall 8a / B25,interpack2026.3020243,UcEqQIn7RAqsegzrdKrOfA
Micro Pak Ltd.,"Hong Kong, China SAR",Kowloon Hong Kong,"Hall 7, level 2 / G27",interpack2026.3010183,7Q8vvGXdRPmhbFIMSURjbw
MICRON INDUSTRIES PRIVATE LIMITED,India,"Rabale, Navi, Mumbai",Hall 8b / G18-4,interpack2026.3067595,55FWVKPmTz2UxxK81oEdiA
Micronel AG,Switzerland,Tagelswangen,Hall 18b / G06,components2026.3035594,nxJNqen6TmK1kIQRn2tIIQ
Miden Industries Ltd,United Kingdom of Great Britain and Northern Ireland,London,Hall 8a / F50,interpack2026.3054776,fMZrLTs8TcS9VWBbwp33cA
Miele S.p.A.,Italy,Foiano Della Chiana (AR),Hall 11 / D12,interpack2026.3023214,Uwl4tTn4Somcum0JivN3mQ
Mikron Automation,Switzerland,Boudry,Hall 7a / C15,interpack2026.3043325,Vb9W0zIdSDOwMHRB6LXrXA
Mikron Automation,Switzerland,Boudry,Hall 7a / C15,interpack2026.3043325,Vb9W0zIdSDOwMHRB6LXrXA
Mila Papier Sp. z o.o.,Poland,Kostrzyn Nad Odrą,Hall 8a / F38,interpack2026.3010444,s0O4SA4KTx6kPick2L086Q
MILCOM MILPACK s.r.o.,Czechia,Dvůr Králové Nad Labem,Hall 12 / D78,interpack2026.3039644,JRpLEOIOS3qKC8IJwsCBxw
"Mill Powder Tech Co., Ltd.",Taiwan,Tainan City,Hall 1 / A34,interpack2026.3010151,nzPDKENFQvCXefDGCO9LSw
MILLENIUM PACKAGING SOLUTIONS LTD.,India,Greater Noida,Hall 8a / F65-3,interpack2026.3070805,QHNzKnWBSMq4MjLkyxwMiQ
Milliken Europe bv,Belgium,Gent,Hall 10 / C18,interpack2026.3010321,5eGprVNpQCG38RGe9W5nTw
"MIMASA WASHTECH, S.L.U.",Spain,Fornells de la Selva,Hall 5 / A04,interpack2026.3011944,F7IIoL7ZQlqfYb4jFMvZqg
MİMCOR PLASTİK SAN TİC A.Ş,Türkiye,Istanbul,"Hall 7, level 1 / A38",interpack2026.3006940,yFrsREe5QXSKeY6OtxMFJQ
Minebea Intec GmbH,Germany,Hamburg,Hall 11 / G73,interpack2026.3034095,L8WABOFOTCizL0v0miGrog
"MINFENG SPECIAL PAPER CO., LTD.",China,"Jiaxing, Zhejiang","Hall 7, level 2 / G47-9",interpack2026.3065792,7yFPFFmwT7eYyLYVRw0yIQ
"Ming Chang Traffic Parts Manufacturing Co., Ltd.",Taiwan,Pingtung County,Hall 18a / E02,components2026.3067684,V4G6ohS3Qh6ov9nMNovCdw
"MING JILEE ENTERPRISE CO., LTD",Taiwan,Tainan City,Hall 12 / A77-1,interpack2026.3053753,usVZRtZAR2KWlIKaQc6jLQ
"MINIMA Technology Co., Ltd.",Taiwan,Yunlin County,Hall 9 / D09,interpack2026.3032057,UeA3nflsTTaIKfQqg2S8Uw
MINIPACK-TORRE S.P.A,Italy,Dalmine (BG),Hall 5 / B19,interpack2026.3036804,bO0TsujxQIOrdQkmxxHdZQ
Minipack-Torre S.p.A.,Italy,Dalmine (BG),Hall 5 / B19,interpack2026.3036804,bO0TsujxQIOrdQkmxxHdZQ
Minipan S.r.l.,Italy,Massa Lombarda (RA),Hall 3 / B46,interpack2026.3007780,yplQBcEcQM6WNVgIOZeNiw
Mirbey Plastik İnşaat İç ve Dış Ticaret CO. LTD.,Türkiye,Istanbul,Hall 9 / H23-4,interpack2026.3056933,4DrW46oFQ0ueP6KuWbew3g
"Misuzu Koki Co., Ltd.",Japan,Yokkaichi,Hall 3 / A80,interpack2026.3035441,qp9lT93TTayh7C4kjkobOQ
MİTAMAK MAKİNA A.Ş.,Türkiye,Esenyurt,Hall 1 / A23,interpack2026.3040819,A07h7MkgR5igHk0sm76LFg
Mitsubishi Chemical Europe GmbH,Germany,Düsseldorf,Hall 10 / B78,interpack2026.3051991,3N7tyg1sScmUa3gxZuLaKw
"MITTIWAY PACKING MACHINE CO.,LTD",China,"Dongguan, Guangdong",Hall 15 / E22,interpack2026.3066944,sSRWK6JTQiyCPaWLI31oAw
Mixer srl,Italy,Montegalda (VI),Hall 4 / E39,interpack2026.3059644,yvg8zWzWRqKLfgVVv9JOPg
MLT - Micro Laser Technology GmbH,Germany,Kirchheim,Hall 8b / C58,interpack2026.3012504,MbXJTCUaSsqj7UEaE90zvQ
MOBERT S.R.L.,Italy,Legnano,Hall 8a / D66,interpack2026.3066054,eD7tG3twQby6TKJmiey1vA
MOCON Europe A/S,Denmark,Ringsted,Hall 5 / F05,interpack2026.3033375,jOGChLPqQtm9gLys1UEG7Q
MOCON Permeation Products & Services​,Denmark,Ringsted,Hall 5 / F05,interpack2026.3033375,jOGChLPqQtm9gLys1UEG7Q
Modutech Konveyör Bant Sistemleri San. ve Tic. A.Ş.,Türkiye,Turgutlu / Manisa,Hall 12 / D09,interpack2026.3026128,41hQsSJBQEicIGoV39SlHw
Mohrbach Verpackungsmaschinen GmbH,Germany,Höhfröschen,Hall 11 / G50,interpack2026.3012878,3w9YjFWAQm289d1Gz5YvyQ
Molded Fiber Glass Tray Company,USA,"Linesville, PA",Hall 1 / A44,interpack2026.3010031,WUwL0teGRS2tXCbWIRZdeQ
Möllers Packaging Technology GmbH,Germany,Oelde,Hall 12 / D53,interpack2026.3035821,0Z8a14vxRdqTsYFIFD6pYA
MOLTENI,Italy,Bergamo,Hall 3 / F55,interpack2026.3035439,kYC0eqXBQmyF73fuweKikA
MOM Packaging SAS,France,Villepinte Cedex,Hall 15 / E33,interpack2026.3032093,akJIeRdzSKGMgtZqPSKl5Q
Mondial Pack S.r.l.,Italy,Ternate (VA),Hall 11 / C19,interpack2026.3031485,xyWR3RqtTrW6LxLib3iIOw
MONGIN SAS,France,Isle,Hall 18b / E03,components2026.3039531,0Oualk0nQrKSgZK3agbGoA
"Monteiro, Ribas Embalagens Flexíveis, S.A.",Portugal,Porto,Hall 10 / D56,interpack2026.3028338,5ZXe8R1uTu27ocd48p78dg
mopack GmbH,Germany,Dettingen an der Erms,Hall 10 / C53A,interpack2026.3048021,9p7Ef5ZiSGeCLdHRg1MxJg
Morchem S.A.U.,Spain,Les Franqueses del Vallès,Hall 10 / D87,interpack2026.3007306,siRyBRAbR3yQZ10VZtLaxQ
Morcos Egyptian Engineering Co.,Egypt,10th of Ramadan City,Hall 4 / A35,interpack2026.3007116,O7KuI5U8SCel0ROsK8QjkQ
Morrison Enterprises Corp.,Taiwan,Taichung,"Hall 7, level 2 / C23",interpack2026.3015768,4PhpBNhOSLWMo1FSIDYoJg
Mosca GmbH,Germany,Waldbrunn,Hall 11 / D56,interpack2026.3012877,W28b4wGARTSsZGwUlds11g
Motion06 gmbh,Austria,Lengau,Hall 6 / B73,interpack2026.3055853,vJJZPtIQQyGWUAMSslSLXA
Movex S.p.A.,Italy,Castelli Calepio,Hall 12 / D66,interpack2026.3039694,9tTb7TzfQfCwBbeNQ5HF9A
"MOVITEC WRAPPING SYSTEMS, SLU",Spain,Alcoletge,Hall 11 / D56,interpack2026.3075867,PtqnuOVdRGekxkSK0DMeGw
Mpa Technical Devices SRL,Italy,Barberino Tavarnelle (FI),Hall 15 / B52,interpack2026.3007568,yZvsk7DvSzGd9BP88SSZEw
Mpac Group B.V.,Netherlands,Wijchen,Hall 6 / C43,interpack2026.3033511,J7050O45TvKXPkAEfy9Ytg
"MPAK Packaging Co., Ltd.",China,Shantou,"Hall 7, level 1 / B33",interpack2026.3025959,rbNscZYFSJqg41YzkSse2A
"MPE Modern Process Equipment, Inc.",USA,"Chicago, IL",Hall 4 / A39,interpack2026.3040796,6ALfaBBLSKSIm39XZlwPpg
MPS METAL PLASTIK SAN. CEMBER VE PAKETLEME SISTEMLERI IMALAT VE TIC. A.S.,Türkiye,Kocaeli,Hall 7a / D29,interpack2026.3035228,XDacg1bkQ0Knzu4TcQdueg
"MS ROBOTICS CO.,LTD","Korea, Republic","Paju-si, Gyeonggi-do",Hall 11 / C73,interpack2026.3072180,c38Saz57Qe2HBereaKVu5Q
Msagara package Ltd,Morocco,Safi,"Hall 7, level 2 / A24",interpack2026.3059913,mn3vST9tR0yLkg62KVayZQ
MSK Verpackungs-Systeme GmbH,Germany,Kleve,Hall 12 / C52,interpack2026.3009535,1M5y68SNTx62H2Wgtq4iHA
"MSSC, LLC - Marsh Shipping Supply Company",USA,"Collinsville, IL",Hall 8b / E35,interpack2026.3039634,t5S2AB4HQdeT9dz6LC1DPg
mst Tastsian S.A.,Greece,Athens,Hall 9 / E35,interpack2026.3036456,8EuAPYdIS8KyaJ8fJASoog
Mu Jia Automation Technology (Shanghai) Company Limited,China,Shanghai,Hall 8b / H80-9,interpack2026.3066984,Fr8H7NbFSXer1ZT8M7ngiA
Müller DrumTec GmbH,Germany,Rheinfelden,Hall 15 / B16,interpack2026.3007284,OYLrWAV5S9uPJaXW4MKs8Q
MULTIPOND Wägetechnik GmbH,Germany,Waldkraiburg,Hall 6 / E28,interpack2026.3009345,O0CO7pgMQZyeMg3SljlAjg
Multiscan Technologies S.L.,Spain,Cocentaina (Alicante),Hall 6 / B73,interpack2026.3070910,bW4f0DaGQGmwac2TVCwpeQ
MULTITECH PRODUCTS PVT LTD,India,"Pune, Maharashtra","Hall 7, level 0 / A20",interpack2026.3012467,M6rqk4stT7uMRWHSF3bG2Q
MULTITUBES THE NETHERLANDS B.V.,Netherlands,Wormerveer,Hall 10 / D95,interpack2026.3038102,kOEZbP8RSB2SDBbgOYRwaw
MULTIVAC Sepp Haggenmüller SE & Co. KG,Germany,Wolfertschwenden,Hall 5 / A23..A45,interpack2026.3009344,IHf2cMoJTLWKSDELp8fdYA
MULTIVAC Sepp Haggenmüller SE & Co. KG,Germany,Wolfertschwenden,Hall 16 / A38,interpack2026.3008309,kCsaStceRNSVlox9GAxyRA
MultiWeigh GmbH,Germany,Wetzlar,Hall 6 / C10,interpack2026.3025119,3PQzbIryTNWgByauyDUvUA
Muoto,Finland,Espoo,Hall 8a / D49,interpack2026.3069073,WjKjKfPxROeMzCBCLXMxVw
Murrelektronik GmbH,Germany,Oppenweiler,Hall 16 / C42,interpack2026.3056712,qlLftRWORFS3yaS2xbGX7g
"Murzan Europe, Sarl",France,Orly Aerogare Cedex,Hall 3 / F59,interpack2026.3059905,UJSWCbtZQKGLvgW5PCt2Nw
"MYS GROUP CO., LTD.",China,"Shenzhen, Guangdong","Hall 7, level 2 / A46-13",interpack2026.3072227,ktYCd2RgSZ2yFOYKNqZtWw
N&A GmbH,Germany,Mülheim,"Hall 7, level 2 / B06",interpack2026.3037295,JxJIjGEuQGO5T6mBZbyzEg
Nagreeka Indcon Products (P) Ltd,India,Mumbai,"Hall 7, level 2 / C05",interpack2026.3008210,g09gOPjzTACPi6lK8FiFVA
NAHAR POLYFILMS LTD,India,Ludhiana,"Hall 7, level 2 / B28",interpack2026.3016693,visyDUsHS9CenMS7Gx1YgQ
NAMLI PLASTIK SAN. VE TIC. LTD. STI.,Türkiye,Tekirdag,Hall 9 / F27,interpack2026.3010185,4dPZMrGwQtGcdXP7JRbHTQ
NANDYAVART PAPER PLANET FZC,United Arab Emirates,Sharjah,Hall 8a / F34,interpack2026.3037616,IhZZ7Qr3QTywVKBT4pwF6w
"NANJING NEWLVYE INDUSTRIAL CO., LTD.",China,Nanjing,"Hall 7, level 2 / D09",interpack2026.3038469,2stpynRrS8uztcTbuUD7NA
"Nanjing Pengli Technology Co., Ltd.",China,"Nanjing, Jiangsu",Hall 8b / H40-9,interpack2026.3065788,4vfMJtnJQR2whQLQY5MqGg
"Nanjing Zono Machine Equipment Co., Ltd.",China,"Nanjing, Jiangsu",Hall 8a / B83,interpack2026.3033798,CCXvZarNRlyixCuWiy73Hw
"NANOX NNX-TECH – Produção e Comercialização de Produtos Químicos, Unipessoal Lda",Portugal,"Figueira da Foz, Coimbra",Hall 7a / C10,interpack2026.3062823,H6hLiilISqCftfCkjK6beA
NANOX TECHNOLOGY S/A,Brazil,São Carlos,"Hall 7, level 1 / D07",interpack2026.3069409,HyxNMVRTQnGSMoC2dmrqXg
NAR S.p.A.,Italy,Legnaro (PD),"Hall 7, level 0 / B09",interpack2026.3007921,zRCk73FaSzuK77mUADysjw
Natec Network,Germany,Heimenkirch,Hall 5 / A01,interpack2026.3007789,spELroDrSLyuT1Lvjn1AKA
Nath Foils Private Limited,India,Hyderabad,"Hall 7, level 1 / A34",interpack2026.3049227,slmPw2G2SyS3zNoPZ8ZXUw
Natur-Tec,Germany,Krefeld,Hall 9 / E07,interpack2026.3029670,zGNhpbSOTVun7Qvic2xvlw
NatureWorks BV,Netherlands,Naarden,Hall 9 / G03,interpack2026.3035681,uNjfemAkRUm0kvzAmA3BnQ
Navatta Group Food Processing S.r.l.,Italy,Pilastro (PR),Hall 14 / C01,interpack2026.3047374,ieHWaaJHTfOjgooc0MyToA
Nazkaya Ambalaj Sanayi Anonim Sirketi,Türkiye,Istanbul,"Hall 7, level 1 / B05",interpack2026.3038383,3YDbqsdURGCRtDHFWmI86Q
NCI Holdings,Australia,Preston,Hall 7a / B12,interpack2026.3069597,G3KhLQeMScCjsoKgt3c4wQ
Nebig International BV,Netherlands,Opmeer,Hall 10 / A19,interpack2026.3032831,mUnDnff5SvGcRMq7OqN08Q
NEFAMAK MAKINA SAN. TIC. A.S.,Türkiye,Karaman,Hall 4 / C06,interpack2026.3012134,VOJgOd3CQ3qe5Q29PP5YHw
NEHiR Kağıtçılık İthalat İhracat Sanayi ve Ticaret Limited Şirketi,Türkiye,Istanbul,Hall 8a / D02,interpack2026.3057699,d2PoHC5LTVeDFhaSOVFLJQ
Neoceram S.A.,Belgium,Strépy-Bracquegnies,Hall 15 / C33,interpack2026.3032090,Z53gQS8CTJGubAjxUGohFA
Neofol GmbH,Germany,Weinheim,Hall 9 / H26,interpack2026.3021865,hrBiyGkFRGCzraEGkugJmw
Nera Technologies AG,Switzerland,Wil,Hall 3 / E47,interpack2026.3073206,f6Tscu48Qh2VZKPSVLpBWQ
Netpak Ambalaj Sanayi Ticaret A.Ş.,Türkiye,Istanbul,Hall 10 / C03-1,interpack2026.3057279,7zioksAoSxqdOjyx78W2Ww
NETZSCH-Feinmahltechnik GmbH,Germany,Selb,Hall 3 / E54,interpack2026.3033759,7clX1hINS1Gl3BQXs7kw6g
NETZSCH Pumpen & Systeme GmbH,Germany,Waldkraiburg,Hall 3 / E54,interpack2026.3060996,PsObgnaUTlWmFtCHheBHhw
NETZSCH Vakumix GmbH,Germany,Bremen,Hall 16 / C21,interpack2026.3033754,Abjv5y3GSNORs7Elr3xgEg
NETZSCH-Feinmahltechnik GmbH,Germany,Selb,Hall 3 / E54,interpack2026.3033759,7clX1hINS1Gl3BQXs7kw6g
Neuhaus Neotec Maschinen- und Anlagenbau GmbH,Germany,Ganderkesee,Hall 3 / E91,interpack2026.3010919,djDVFuJFQHqixGBjuVf0Jg
NEUHAUS NEOTEC Maschinen- und Anlagenbau GmbH,Germany,Ganderkesee,Hall 3 / E91,interpack2026.3010919,djDVFuJFQHqixGBjuVf0Jg
New Box S.p.A.,Italy,Camisano Vicentino (VI),Hall 9 / G33,interpack2026.3037681,ttLfjBwwStK86Kaoze4knQ
New Era Industries,India,Ludhiana,Hall 3 / C96,interpack2026.3073540,2lh4XXxkQFmbS8kUZcyuCA
New Era Machines Pvt. Ltd.,India,Ludhiana,Hall 3 / C96,interpack2026.3007106,ZtPhUMb2SwSmSGY4tNTWNA
New Plast s.r.l. 1984,Italy,Melpignano,Hall 9 / B26,interpack2026.3050004,2Em28peqSlSZkQbqeyBlYA
NEW PROJECT SRL,Italy,Poggio-Torriana (RN),Hall 3 / E92,interpack2026.3071978,05A1AMT4TWG6j5LCCtSGjg
"NEWERA(GUANGDONG) NEW MATERIAL CO.,LTD",China,"Jiangmen, Guangdong","Hall 7, level 2 / F48-5",interpack2026.3065395,CPK1DIQkQXSQYyMa0jWzag
Newlong Holland B.V.,Netherlands,Schiphol-Rijk,Hall 8a / D79,interpack2026.3034465,nlKAzWxLSSakqNSxRXViag
NewPrint LTD,Georgia,Tbilisi,Hall 8a / F17,interpack2026.3073775,fpCKRNzbRFuUSPu4Y8HX1Q
Newsmith Stainless Ltd.,United Kingdom of Great Britain and Northern Ireland,"Liversedge, West Yorkshire",Hall 4 / B23,interpack2026.3034318,HsFDkWQiR8GdIJNPreaEaQ
NEWTEC BAG SASU,France,Illzach,Hall 12 / A27,interpack2026.3058181,d4CHPMZvTBqxwQTOCVNdTg
Nexes Control Design Engineering SL,Spain,Sant Joan Despí,Hall 6 / B78,interpack2026.3008376,EF7bvirsSGWTxvmVszzv3A
"Nice-Can Manufacturing Co., Ltd",China,"Guangzhou City, Guangdong Province",Hall 7a / D21,interpack2026.3063329,7BgrPqoZSp6Nq2XXnyvOfg
NidaPack Machinery Co. Ltd.,Türkiye,Istanbul,Hall 16 / A71,interpack2026.3007285,AumJzCl0SHyHig8CCGDx3A
"Nietz Electric Co,. Ltd",China,Shanghai,Hall 18b / D01,components2026.3036747,dIhfbPbJTA65SR58cgTXAQ
NIKITA CONTAINERS PRIVATE LIMITED,India,Chennai,"Hall 7, level 2 / F05",interpack2026.3008765,WHe0n5fyRxyLGLAR1hNKfA
NIMA ERRE.TI PACKAGING SRL,Italy,Paderno Dugnano (MI),Hall 16 / A67,interpack2026.3010017,fSqwKa3XQeen3Gs2m4HyRg
Nimco Corporation,USA,"Crystal Lake, IL",Hall 8b / E26,interpack2026.3040084,RFP78iquR6W0JvEj0uPAXA
"NINGBO AIRFIT PNEUMATIC & HYDRAULIC CO., LTD.",China,"Fenghua, Zhejiang",Hall 18a / G19,components2026.3067869,JF2uizm7R9Gaawupuvjcnw
"Ningbo Ascent Paper Products Co.,Ltd",China,"Ningbo, Zhejiang","Hall 7, level 2 / G47-4",interpack2026.3065951,fbiaKNxLQGWx64qfXr7qow
Ningbo D and R Machinery Company Limited,China,Ningbo,Hall 4 / A25,interpack2026.3007145,28FSjkGqSOqEKeyNSUwdzw
"NINGBO EAST SEA INDUSTRIAL CO., LTD.",China,Ningbo,Hall 1 / D25,interpack2026.3007217,UlTbPXBVTiSsXiZLKpV5HA
"Ningbo Glory Machinery Co., Ltd.",China,"Ningbo, Zhejiang",Hall 4 / B41,interpack2026.3012137,4ZMnJblRQ0Ktxas90kMKgg
"NINGBO HAPPYPACK CO.,LTD",China,"Ningbo, Zhejiang","Hall 7, level 2 / F48-6",interpack2026.3065101,5pO9JA09QFGGCyDjgKH99g
"Ningbo Huadong Machinery Co., Ltd.",China,"Ningbo, Zhejiang",Hall 4 / B40,interpack2026.3007144,jdLvXTQkTnSrwVvSY4C0xg
"Ningbo Shining Aluminium Packaging Co., Ltd.",China,Ningbo,Hall 7a / D07,interpack2026.3007364,K03xsEtHTFa1YEZq8lVzPw
Ningbo Youlu Machinery Technology,China,Ningbo,Hall 3 / A04,interpack2026.3077900,A2lxVzhnTEyjkPW7jott6Q
"Ningbo&#160;Hezou&#160;Supply&#160;Chain&#160;Management&#160; Co.,&#160;Ltd",China,"Ningbo, Zhejiang",Hall 7a / B31,interpack2026.3070093,3xHw9IzjRoavhnc5H8mCng
Nipper B.V.,Netherlands,Bergeijk,Hall 12 / E09,interpack2026.3024581,PTZzv8cdTXShT8n0Tr5Njw
NISSEI ASB GmbH,Germany,Düsseldorf,Hall 13 / C31,interpack2026.3036168,4JLZhO2CQaW7IrJp2o23cA
Nitta Industries Europe GmbH,Germany,Düsseldorf,Hall 18a / G12,components2026.3066887,muHIOA5XQWKwgS5hRDATvw
Niverplast BV,Netherlands,Nijverdal,FG Hall 4 / G,interpack2026.3075298,7Lfs8rAmRMeNdSjrI3LmHQ
Niverplast BV,Netherlands,Nijverdal,Hall 4 / C24,interpack2026.3007328,bPP5elTJTpyL1OVIUurWkw
NJM Packaging LLC,Canada,"Montreal, QC",Hall 13 / A75,interpack2026.3068831,GQCX6LGfSBiJfX4sRLh2vw
Noack,Germany,Karlsruhe,Hall 16 / D22,interpack2026.3007274,mZvV1w9MQ1G94AALdt9ELg
NOKTA OTOMASYON MAKINE VE INSAAT SANAYI TIC.A.S.,Türkiye,Istanbul,Hall 4 / E40,interpack2026.3036559,sDCdJn5FR5uLHm35Jdl3jA
"Nongshim Engineering Co.,Ltd","Korea, Republic",Gunpo,Hall 11 / F41,interpack2026.3037652,VG8bmdxYSM6gCAIMxou0dQ
Norden Machinery A/B,Sweden,Kalmar,Hall 6 / D57,interpack2026.3069347,1OKixFmERDCNTuL2Hru9eg
"NORDPAK PACKAGING Co., Ltd.",China,"Nanjing, Jiangsu","Hall 7, level 1 / B07",interpack2026.3028715,IfCBMRorQpKrYgIIJRPaJw
Nordson Deutschland GmbH,Germany,Erkrath,Hall 11 / F26,interpack2026.3006917,BiAcfnlITVe1dnNiaVvZUw
Nordvalls Etikett AB,Sweden,Sjöbo,Hall 8b / C49,interpack2026.3066996,pv00jwXMTMqpUlIIWSOiQQ
Norgren Limited,United Kingdom of Great Britain and Northern Ireland,"Lichfield, Staffordshire",Hall 18a / E05,components2026.3072996,6haojgMNQLS6mJuLm1u6JQ
Norwix Inc.,USA,"Norwich, CT",Hall 8b / E30,interpack2026.3066594,hHKUCkakRWS6lowBUe2WcQ
Novacart S.p.A.,Italy,Garbagnate Monastero (LC),"Hall 7, level 0 / C20",interpack2026.3036299,JUb17NUWT2GPUkphkWaYtg
Novapac Verpackungsmaschinen GmbH,Germany,Wangen im Allgäu,Hall 16 / D78,interpack2026.3041796,3gFBUqs3QdGBYmkGRMz17A
NOVATEX LTD. KRYSTOFILMS CRISTAL PLASTIC / KRYSTALITE,Pakistan,Karachi,"Hall 7, level 2 / B24",interpack2026.3009138,smyrmTvQRkC4VDY23Ygj1Q
Novexx Solutions GmbH,Germany,Eching,Hall 8b / C49,interpack2026.3063935,umzPzNnDTiufyc2JqixUTg
"Now Systems Co., Ltd.","Korea, Republic",Incheon,Hall 6 / E09,interpack2026.3065940,DLhUwHrARSqaZeHER6EePA
NOXON SPA,San Marino,Gualdicciolo,Hall 11 / C11,interpack2026.3007801,KjVD3IkESM6xdnPg7xx9UA
NTIC GmbH,Germany,Krefeld,Hall 9 / E07,interpack2026.3029670,zGNhpbSOTVun7Qvic2xvlw
NUKLEUS SAĞLIK HİZMETLERİ ANONİM ŞİRKETİ,Türkiye,Ali̇aga / Izmi̇r,Hall 8a / F86,interpack2026.3009346,P5f4NAIURduF01oIgW4lQw
Nuova Euromec S.r.l.,Italy,Martinengo (BG),Hall 3 / C03,interpack2026.3007098,HBShUUxuRuiaUMeeBJRNYg
"NUREL, S.A.",Spain,Zaragoza,Hall 9 / E18,interpack2026.3007658,7MQq0a1vSVuhs2i3NLB25w
Nurpet Ambalaj A.S.,Türkiye,Istanbul,"Hall 7, level 1 / C45",interpack2026.3006964,tqQDxInvQj6ELrucF7HGCQ
NVC Packaging Centre,Netherlands,Gouda,North Entrance B / B,interpack2026.3033447,pp7g2vKbQzamyfop60hMBw
nVenia LLC,USA,Wood Dale IL,Hall 6 / B73,interpack2026.3051555,vUkAQHtkRiqISF8XtGwWwA
O'Hara Technologies Inc.,Canada,"Richmond Hill, ON",Hall 16 / E04,interpack2026.3024341,Wr9mYaiuRmKYd3tizNCeFg
O. KLEINER AG Flexible Packaging,Switzerland,Wohlen,Hall 9 / J35..J36,interpack2026.3009078,C7rACjLiQZCg31EAyeLehA
O.M.A.R. S.r.l. Pharmaceutical Blister Solution,Italy,Trezzano S/N Milano,Hall 15 / D29,interpack2026.3032372,urTz8NZgTg6wNL5JvP8JJA
Oben Group,Brazil,Mauá,"Hall 7, level 1 / D07",interpack2026.3069076,IJPgSjGBQCObTr1XvdBcMg
Obermühle Polymertechnik GmbH,Germany,Pößneck,Hall 10 / B91,interpack2026.3007910,moBvcL0cSQq1N1w5RhGglw
OCME s.r.l.,Italy,Parma (PR),Hall 13 / A47,interpack2026.3057262,FSqaDOg1R0yV3722vuyhKA
OEM SERV Hongkong Limited Ltd.,"Hong Kong, China SAR",Tsuen Wan,"Hall 7, level 0 / C10",interpack2026.3006893,GSIg2SHEQROWdNVFGQO9WA
OFFICINA MECCANICA SESTESE S.p.A.,Italy,Paruzzaro (NO),Hall 12 / C77,interpack2026.3031483,pRDDJtXrTXugqHI8KI5WPw
OGNIBENE SPA,Italy,Bologna,Hall 18b / E14,components2026.3038403,sHKjoQbmRcyvFfGNeW2olA
OGUZ OLUKLU MUKAVVA ve AMBALAJ SAN. TIC.,Türkiye,Istanbul,Hall 8a / D35,interpack2026.3031913,78SUwm28TkGDrGHq2KytOw
OK-LAS OKYANUS LASTIK SAN. VE TİC. LTD.,Türkiye,Bursa,Hall 18b / G24,components2026.3066573,jIre8WALSquER1O3X3EKTg
OKA-Spezialmaschinenfabrik GmbH & Co. KG,Germany,Darmstadt,Hall 3 / A55,interpack2026.3069028,WNaE1zCnShaa2jfepwHsuA
OKI EUROPE LIMITED Branch Office Düsseldorf,Germany,Düsseldorf,Hall 8b / G35,interpack2026.3040671,4knSdNaARwm4v48CMbBfkQ
OLCAY AMBALAJ A.Ş,Türkiye,Istanbul,Hall 8a / D22,interpack2026.3033325,JDpALbPNQSq04aVShypcZw
olifan GmbH,Germany,Wuppertal,Hall 10 / A48,interpack2026.3074314,wU6gKxPzQIeWCCfCTEcdBQ
OLUŞUM KARTON KAĞIT VE PLASTİK SANAYİ TİCARET A.Ş,Türkiye,İstanbul Tepeören,Hall 9 / E36,interpack2026.3007363,uHrdDjkVRIWvFfcX6hq4Tw
OMAC - The Organization for Machine Automation and Controls,USA,"Herndon, VA",Hall 6 / A63,interpack2026.3048851,wcVCuUd9QWqCajAmpbvsXA
Omag SpA,Italy,Gradara (PU),Hall 15 / B20,interpack2026.3007117,vQ1yTcBYSSGOKEBhQhViOw
OMAKS AJANS VE MATBAACILIK SAN. VE TİC. LTD. ŞTİ.,Türkiye,Istanbul,Hall 9 / G22-5,interpack2026.3056903,vklaWQNeTt66qt70J6jB2A
Omaks Engineering Machinery Anonim Sirketi,Türkiye,Esenyurt-Istanbul,Hall 4 / E45,interpack2026.3007337,MZMTLEBrSZq1nzR8SR6FTA
OMAS TECNOSISTEMI s.p.a.,Italy,Cerro Maggiore (MI),Hall 17 / A20-5,interpack2026.3071875,Zo4YpJqoTHKQZow7obyVtg
OMMM Operations Management Solutions GmbH,Germany,Leverkusen,Hall 7a / C10,interpack2026.3064218,2jjRqd7MTe60hnW1R677zA
Omniprojekt doo,Serbia,Vrnjacka Banja,Hall 16 / B79,interpack2026.3012550,pmd2WBdqRiqksi9Kbai4Ww
Omori India Pvt. Ltd.,India,"Gujarat, India",Hall 11 / A26,interpack2026.3017534,CjAplZ2YQxWERhcdLkeOpQ
"Omori Machinery Co.,Ltd.",Japan,"Koshigaya, Saitama",Hall 11 / A26,interpack2026.3007794,M8pK9xE6TQGylOR2dLqAxA
Omron Electronics GmbH,Germany,Langenfeld,Hall 16 / D72-11,interpack2026.3036574,OcHpqlW8TROqEqYHJs1IBQ
OMS S.r.l.,Italy,Varedo (MB),Hall 13 / B14,interpack2026.3006999,WBsnbNMoSGmHc7o3a0SwRQ
ÖNCÜMAK MAKINA PLASTIK DIS TIC. LTD. STI,Türkiye,Istanbul,Hall 8b / G27-03,interpack2026.3057481,KdAge2t1R5OkssiKNeehrA
Ongropack Kft,Hungary,Szirmabesenyő,"Hall 7, level 1 / A01",interpack2026.3038576,wi70MdRtS0K88NmbV33v7A
Onur Plastik Amb. Imal. TAAH. Geri Don. Ve Tic. Ltd. STI,Türkiye,Gümüşova - Düzce Düzce,"Hall 7, level 0 / A01",interpack2026.3024211,lAHMNE5cSyKpvLybtGiugg
Onursan Ambalaj Sanayi ve Ticaret Limited Şirketi,Türkiye,"Beylikdüzü, Istanbul",Hall 9 / D08,interpack2026.3006883,HALC3AO7QXO9HkSl48f9ZA
OPAK MAKINE KALIP AMBALAJ OTOMASYON SAN. TIC. LTD. STI.,Türkiye,Istanbul,Hall 5 / C01,interpack2026.3023853,f4Cu72XdTAej6LUgja8CGA
Opal Packaging Opal Ambalaj AS,Türkiye,Sincan Ankara,Hall 9 / F17,interpack2026.3014709,oEJkB1dGSOCBNMTmlVjG0A
Opem S.p.A.,Italy,Parma,Hall 13 / B31,interpack2026.3016940,l7hdVZ2ORVqEV5oEZNGcCQ
Open Date Kennzeichnungssysteme GmbH,Germany,Üttingen,Hall 8b / E16,interpack2026.3036285,xSyNW0wMTturJYzAxZBGnA
Opessi Stefano srl,Italy,Milano,Hall 3 / F03,interpack2026.3036558,SskkQ8EOS7SAh3VFiG8n8w
OPM,Italy,Imola (BO),Hall 4 / E05..F05,interpack2026.3029281,97SALkSbRZu8g57M0LqeLg
Opp Film do Brasil LTDA,Brazil,Mauá,"Hall 7, level 1 / D07",interpack2026.3069076,IJPgSjGBQCObTr1XvdBcMg
Oppboga Bruk AB,Switzerland,Muhen,Hall 8a / D53,interpack2026.3013944,0EGiQBrPRLScq2AmbtRtwA
Optel Group Ltd.,Germany,Ismaning,Hall 16 / F77,interpack2026.3044401,TudKmo4ZQhyVgRRdBPqY6A
Optibelt GmbH,Germany,Höxter,Hall 18b / D13,components2026.3057167,vSay9o9tRkmZCd8cZSwBQw
OPTIMA packaging group GmbH,Germany,Schwäbisch Hall,Hall 16 / F54..F55,interpack2026.3007402,rKvZzsvXQhWH97hVPP0GKw
Optimum nv,Belgium,Hasselt (Kuringen),Hall 5 / D03,interpack2026.3007249,Tr5LUjvSTUuYA5QoO7tiJQ
Optimum Süreç Tasarımı ve Uygulamaları Anonim Şirketi,Türkiye,Sakarya,Hall 13 / D34,interpack2026.3016402,HrV7IatXRiqgSa5bnMh2jQ
Orbit Trading LLC,USA,"Spokane, WA",Hall 10 / C02A,interpack2026.3052808,b0AYkn3OTLyQE0lLX9mrrg
Orego Ambalaj San. Ve Tic. A.S.,Türkiye,Istanbul,Hall 9 / C29,interpack2026.3039511,KcDQYlt0SQm4jf1b9cnuxQ
"Oriental Packing Co., Ltd.",Taiwan,Taichung City,"Hall 7, level 1 / B41-2",interpack2026.3063988,yZSLZ7IoQtGFESpVW1tCaw
Orion Commerce Sdn Bhd,Malaysia,Kuala Lumpur,Hall 8a / F01,interpack2026.3072527,vHn2mCD2SoGtxyfVu2BXEw
ORPA Papír a.s.,Czechia,Lanškroun,Hall 7a / D31,interpack2026.3062128,vtILrCyoSnCKbqG7y5xA6A
"OSAKA REIKEN CO., LTD.",Japan,Higashi-Osaka,Hall 15 / D46,interpack2026.3043991,7TPZ9JqxSXmsL4W8KeiOdg
"OSAKA REIKEN CO., LTD.",Japan,Higashi-Osaka,Hall 15 / D46,interpack2026.3043991,7TPZ9JqxSXmsL4W8KeiOdg
"OSAKA REIKEN CO., LTD.",Japan,Higashi-Osaka,Hall 15 / D46,interpack2026.3043991,7TPZ9JqxSXmsL4W8KeiOdg
Otto Ganter GmbH & Co. KG,Germany,Furtwangen,Hall 18a / F05,components2026.3008781,BTKMeJC1TUSscssk8HPJSA
Otto Ganter GmbH & Co. KG,Germany,Furtwangen,Hall 7a / C05,interpack2026.3007516,rzhKHaLtSKeVWw1Uc8UE6Q
Otto Hofstetter AG,Switzerland,Uznach,Hall 18b / F06,components2026.3016944,8237K0rPTV6WY2JkDc1uJg
Oxipack leak detection BV,Netherlands,Houten,Hall 5 / C43,interpack2026.3006801,fySijFDiSUyFtnqcljbGSg
Oxycom Fresh Air BV,Netherlands,Raalte,Hall 3 / E96,interpack2026.3023391,6OptD859SJuw1IojHsOh1Q
OZAF,Italy,Scarperia (FI),Hall 16 / F30,interpack2026.3040786,LAEqYLhsT2CBUwuwQ2mAdA
ÖZGE PLASTIK AMBALAJ SANAYI A.S.,Türkiye,Istanbul,Hall 9 / E36,interpack2026.3072848,7s998deQSJOh4lcB8yZMNg
Özgül Ambalaj Tekstil Oto. San. ve Tic. Ltd. Sti.,Türkiye,Istanbul,"Hall 7, level 2 / G04",interpack2026.3006894,ZHQCXp70S1O7PJCnEkJn7g
Ozka Makina Otomasyon Sanayi ve Ticaret Limited Sirketi,Türkiye,Basaksehir / Istanbul,Hall 8a / C80,interpack2026.3064819,OQmyGBS0SeutJzSs1pc58A
OZTAS AMBALAJ SANAYI VE TICARET A.S. ve Ticaret A.S.,Türkiye,Çatalca / İstanbul,Hall 9 / G22-7,interpack2026.3056918,ISw6IWTAT02dDHjaIuEedA
P&M Promixer S.L.,Spain,El Papiol,Hall 15 / E29,interpack2026.3008537,CzZCh7OqShK85On7WutVuQ
P.A.C. Robotics GmbH,Germany,Syke,Hall 6 / C80,interpack2026.3067635,8QejADPsT72YNuwUmv2pyg
P.B.L. SPA,Italy,Solignano,Hall 16 / E16,interpack2026.3007148,bckjz9laTu6DxHwvY0JLpw
P.E. Labellers S.P.A.,Italy,Porto Mantovano (MN),Hall 13 / A75,interpack2026.3071213,0yn14zCmQIyg8chc2hXjvg
PAAL,Germany,Schorndorf,Hall 6 / B09,interpack2026.3036981,74qo5tZQT5aakJjm2uCIbw
Pace Packaging LLC,USA,"Fairfield, NJ",Hall 13 / A75,interpack2026.3071196,zWrGluWQQ4qQqpPDJTqL4A
Pack Leader Machinery Inc.,Taiwan,Taichung,Hall 13 / A64,interpack2026.3006823,y0TDrdzzQey2btGA5s2nUQ
Pack Line Ltd. Packaging Machines Industries,Israel,Holon,Hall 11 / G59,interpack2026.3034048,jINlT1djSLGEWarUF4uB0g
PACK SUD,Italy,Imola (BO),Hall 4 / E05..F05,interpack2026.3029281,97SALkSbRZu8g57M0LqeLg
Pack Tec S.A.E.,Egypt,6th of October,Hall 9 / D33,interpack2026.3007439,I2RZKc6PScq5jiRRcoPToA
PACK'R S.A.S,France,Beaucouzé,Hall 13 / C04,interpack2026.3006842,jjMre4GFSUCCv5GkPoSuwQ
Pack-Smart Incorporated,Canada,"Concord, ON",Hall 8b / D18,interpack2026.3074473,J7YHg85STyKrSAyTSssvSQ
Packaging Cockpit GmbH,Austria,Wien,Hall 7a / C10,interpack2026.3071624,okDFjirWSkCbWQ8N8voyqA
Packaging Europe Ltd.,United Kingdom of Great Britain and Northern Ireland,Norwich,Hall 10 / E03,interpack2026.3058956,A9WjVbxrTDG2lbz70JvlZg
packaging journal ella Verlag und Medien GmbH,Germany,Hürth,North Entrance / C02,interpack2026.3069346,xcfF47NiTnuwk6MAHIIVHA
Packaging Valley Germany e.V.,Germany,Schwäbisch Hall,Hall 16 / D72-9,interpack2026.3007115,TLYQdvv6T32lejL2DoBlVw
Packaging Valley Sondershow,Germany,Schwäbisch Hall,Hall 16 / D72-8,interpack2026.3036578,7SSbRGiHSV60O7mR4pLulg
PACKEM UMASREE PVT. LTD.,India,"Ahmedabad, Gujarat","Hall 7, level 2 / B23",interpack2026.3006895,9E31WyzER8OweFqHFj79vQ
"Packers Co., Ltd.","Korea, Republic",Hwaseong-si,Hall 8b / D79,interpack2026.3019908,S4ANHWS8SyWr9qoQRKh8VA
PACKING GROUP Ltd.,Brazil,Tres Rios,"Hall 7, level 1 / D07",interpack2026.3069080,8pMWx4HUTxOHsPAyeFfBng
Packint Chocolate Machines Srl,Italy,Borgo Priolo (PV),Hall 1 / A31,interpack2026.3007177,axdloYoFThmmfQaqDARvOA
PackIntelX UG,Germany,Mainz,Hall 7a / C10,interpack2026.3063117,I0TPl48xQtaAoxeKtB55uw
Packiro GmbH,Germany,Köln,Hall 7a / B09,interpack2026.3064702,US5thYgLQi6QDxAEWKJNFw
Packon Basım A.S.,Türkiye,Istanbul,Hall 8a / E09,interpack2026.3024305,JAp03AJAQrGSyFmjv5DsVA
"Packsis Co., Ltd.","Korea, Republic",Yangju-si,Hall 7a / C02,interpack2026.3065228,mMERLNc7QQuqe8ANx4r9ug
PackSys Global AG,Switzerland,Rüti,Hall 8a / C57,interpack2026.3020245,3e9SFkSVRy6IjFkxpx3pow
Packy Packaging,Türkiye,Ali̇aga / Izmi̇r,Hall 8a / F86,interpack2026.3009346,P5f4NAIURduF01oIgW4lQw
Pacmac Solution Pvt Ltd,India,Gujarat,Hall 16 / F04,interpack2026.3012139,d86aUGsSQpuaIdAzEEwwLQ
Pacovis AG,Switzerland,Stetten,Hall 9 / G15,interpack2026.3038246,RwfXSnePQVaddWYkpjcLzg
"Pacproinc, LLC",USA,"Souderton, PA",Hall 3 / A55,interpack2026.3069405,PczOec3XS3KQ3Nf8fNvOWw
"Pacraft Co., Ltd.",Japan,"Minato-Ku, Tokyo",Hall 11 / A44,interpack2026.3031471,KPBv7I0sRMuMK2lbHyQNVQ
Pada Machinery Company Limited,Türkiye,Istanbul,Hall 12 / E65,interpack2026.3006859,EC1jVMxKTdSlXwEz8Wg68g
Padotec GmbH,Germany,Argenbühl,Hall 1 / D59,interpack2026.3067291,V86GRZeQSfGGo8xdLxYcrQ
Padovani S.r.l.,Italy,Crocetta di Badia Polesine (RO),Hall 1 / B30,interpack2026.3036556,IiJyljtwTNiXBY6w5OEMrg
PAGO,Netherlands,Deurne,Hall 8a / D60,interpack2026.3025110,b3z8DzcgSnO9Qawkv4URUg
Pakona Engineers India Pvt. Ltd.,India,"Mumbai, Maharashtra",Hall 6 / A28,interpack2026.3007393,emWAhTjJTcGMfo0tSxCuNw
Paksan Plastik Ambalaj San. Tic. AS,Türkiye,Kocaeli,"Hall 7, level 2 / G01",interpack2026.3037407,GyjkICvESRiRnQoX93x1HQ
PakTech,USA,"Eugene, OR",Hall 7a / B02,interpack2026.3037291,iUs8zqenTY6jUvzKeKGBMg
PAL PLASTIK AMBALAJ SAN. VE TIC. A.Ş,Türkiye,Istanbul,Hall 7a / C10,interpack2026.3067181,aHs83uLITVy2AlD7VawCAw
PALAMIDIS SA,Greece,Kifisia,Hall 9 / J19,interpack2026.3006879,UJYQT8m7RAiPf5Ucra5mcw
Palcut A/S,Denmark,Holstebro,Hall 10 / C38,interpack2026.3006963,5hipdrVbQwCvCaKaoz06Sw
PALETTEN SERVICE Hamburg AG,Germany,Hamburg,Hall 10 / C74,interpack2026.3032794,p1QvKtEGRW2Hf06MFvMxkg
Pamasol Willi Mäder AG,Switzerland,Pfäffikon,Hall 13 / C75,interpack2026.3006825,r6gXxOwPS1ifEDpzdaRCdQ
PANDORA PLASTIK SAN. VE TIC. A.S.,Türkiye,Tekirdag,"Hall 7, level 1 / B25B",interpack2026.3016137,uFgoA2EkRxiC0b19QwIJDA
PANINI SRL,Italy,Maranello (MO),Hall 1 / D55,interpack2026.3063664,iJXRbWOxR1GbAGgaYPagSA
Pano Cap Europe GmbH,Germany,Kaufbeuren,Hall 10 / D58,interpack2026.3036815,OelMgdFVSTKhePN1NssgNw
PanPac Engineering A/S,Denmark,Pandrup,Hall 12 / E24,interpack2026.3006847,rzhrosIRQCOJYYVHjlquug
Paper Machinery Corporation,USA,"Milwaukee, WI",Hall 8a / B49,interpack2026.3027735,6nlmY6ubRJmfbFKJWKFldg
PaperFoam B.V.,Netherlands,Barneveld,Hall 8a / C22,interpack2026.3041852,rxOw3iHPThKhQNjNMewxLA
Papers Srl,Italy,Castelfranco Veneto (TV),Hall 9 / J01,interpack2026.3007297,QXpytYxdToq8awfPu3lfGQ
Papierfabrik Zerkall (PFZ) GmbH,Germany,Aldenhoven,Hall 10 / E57,interpack2026.3021302,qbO0jV5QSpG0Vi1ab4h2wA
Papírna Aloisov a.s.,Czechia,Vítkov 1,"Hall 7, level 1 / D09",interpack2026.3033373,id59K1iLQmmoOB3pBpKudg
Paptic OY,Finland,Espoo,Hall 9 / B24,interpack2026.3060564,I49pYeyhQ42b43CTOHQMTw
Paramelt B.V.,Netherlands,Heerhugowaard,"Hall 7, level 0 / A02B",interpack2026.3006933,AE1pgiKWRdGopCxcQn3Ghg
PARLE GLOBAL TECHNOLOGIES PVT. LTD,India,Vasai,Hall 16 / D04,interpack2026.3041901,dzq6cNjGQtelskqfeMLOfg
PARNAPLAST IND PLASTICOS LTDA,Brazil,Araucaria -Paraná Paraná,Hall 9 / F10,interpack2026.3017553,3t3qLAqtSWuQypzWCQPELA
PARNAPLAST IND PLASTICOS LTDA,Brazil,Araucaria -Paraná Paraná,"Hall 7, level 1 / D07",interpack2026.3069069,6NCKMB5oSbu5eYtoRBxFMA
PARTENA S.p.A.,Italy,Carpi (MO),Hall 15 / A02,interpack2026.3065258,QFjPzNxVQmOWgFI6zITTqw
PartsPak Ltd.,United Kingdom of Great Britain and Northern Ireland,"Norwich, Norfolk",Hall 18b / C19,components2026.3038460,QvORqUyNRr2N2wmZx3sYcQ
PATEL STRAP PRIVATE LIMITED,India,Bhavnagar,Hall 8b / G26-2,interpack2026.3067219,Ud17bA4FTeC6IJNtLhKmYQ
Pattyn Belgium nv,Belgium,Brugge,Hall 6 / B73,interpack2026.3059439,XzZIsDvxSoivW4al8d67PQ
"Paul Leibinger GmbH & Co. KG Numbering, Marking & Verification Systems",Germany,Tuttlingen,Hall 8b / D26,interpack2026.3009127,nw40KDY4Q9mrIMXAaUf8CA
PAXIOM GROUP INC.,USA,"Las Vegas, NV",Hall 13 / C34,interpack2026.3067576,puEUsiaqS4Cml2bTe2E9Ng
"PAYPER, S.A.",Spain,Bell-lloc d&#8217;Urgell (Lleida),Hall 12 / C06,interpack2026.3006830,p879ZeFFQ0ememTRBk4IlA
PC ITEX,Ukraine,Odessa,"Hall 7, level 1 / C08",interpack2026.3042179,vo3YbrAkRAmzzROqLdjYkw
Pebal s.r.o.,Czechia,Dobrany,"Hall 7, level 1 / D28",interpack2026.3036864,xrT8MLuaR4SrhZkXZj1VYw
Peco InspX LLC,USA,"Burlingame, CA",Hall 11 / D15,interpack2026.3038394,SwAH1jYTSvqrROJKer2mTQ
Peerox GmbH,Germany,Dresden,Hall 7a / C10,interpack2026.3055343,jBeCQIZeToSwR6u7LFkDSw
PEK MAKİNA SAN. ve TİC. A.Ş.,Türkiye,Eskisehir,Hall 3 / B14,interpack2026.3032070,52sOFZMZSriSjGEf9tU0rA
Penn Elcom GmbH,Germany,Emmerich am Rhein,Hall 10 / A35,interpack2026.3032048,iBf5XedGS4G6VBCMHSkzyA
Pentapack NV,Belgium,Kinrooi,Hall 16 / F22,interpack2026.3036577,YkiqoojZQDuovEPf7h4SUw
Pentavac Srl,Italy,Comezzano Cizzago (BS),Hall 6 / A27,interpack2026.3036277,h59yblOyRBGBp3fjYz18tw
Perfinox - Indústria Metalúrgica S.A.,Portugal,Arouca,Hall 4 / B08,interpack2026.3039635,zVWcgZERQvGyL7G6auSpKA
Personas & Tecnologia S.L.,Spain,Onda (Castellon),Hall 8a / F41,interpack2026.3042373,UaAtD8yVTSWvOteUOB9vPQ
pester pac automation GmbH,Germany,Wolfertschwenden,Hall 6 / D61,interpack2026.3035520,94OJz0BWTkOYZ8aVvGRkNQ
PET TECHNOLOGIES Ltd.,Ukraine,Chernihiv,Hall 13 / D05,interpack2026.3063763,Nwq530guRyaNj1qCkqYj9A
PETEK KALIP AMBALAJ MAK. PLASTIK SANAYI TIC. A.S.,Türkiye,Konya,"Hall 7, level 2 / D18-1",interpack2026.3058192,VUsNieCUQsKeaKJyVQOqsw
PETKIM PETROKİMYA HOLDİNG A.Ş,Türkiye,İzmir,Hall 10 / A36,interpack2026.3011856,eVdTHfyVRlWzXI26S5uQpA
Pfeiffer Vacuum+Fab Solutions,Germany,Aßlar,Hall 5 / D05,interpack2026.3057359,KbSl4Ru7QACHReXSU6djDQ
Pfeiffer Vacuum GmbH,Germany,Aßlar,Hall 5 / D05,interpack2026.3057359,KbSl4Ru7QACHReXSU6djDQ
PFM S.P.A. Packaging Machinery,Italy,Torrebelvicino (VI),Hall 13 / A03,interpack2026.3007795,3sNzEv5lR568FKsPDyjhHA
PGR Photonics P.S.A.,Poland,Warszawa,Hall 8b / G40,interpack2026.3016762,OWI40ZfDRGC266yNfQyvYg
Pharma Packaging Systems Ltd.,United Kingdom of Great Britain and Northern Ireland,"Pershore, Worcestershire",Hall 11 / D74-05,interpack2026.3072466,5vYSOgueSdGd3D5yhrpFyg
Pharma Technology S.A.,Belgium,Thines (Nivelles),Hall 16 / C55,interpack2026.3007647,Da5ZYF0iS0GkfxEWIGJmng
Pharmapack Asia Limited,"Hong Kong, China SAR",Hong Kong,Hall 16 / B55,interpack2026.3009937,HI9uMYxDQHKII5N6TDbqKw
Pharmapack Technologies Corporation,China,Guangzhou,Hall 8b / G49,interpack2026.3072385,XbnnpUmoQ8WcvRhUGbDyOw
"Pharmaworks, Inc.",USA,"Odessa, FL",Hall 13 / A75,interpack2026.3068829,klGcw2zvQ7Kr1qS5GHNCWQ
Piab Vakuum GmbH,Germany,Butzbach,Hall 6 / A40,interpack2026.3014118,h2PyylgAQXS34yRWsAg7BQ
PIERREBI INNOVATION S.R.L.,Italy,Imola (BO),Hall 11 / F74,interpack2026.3034041,oGGq2acITZeJp8vGGPWJEA
PIKOPACK ZRT.,Hungary,Füzesabony,Hall 8a / E22,interpack2026.3066968,LjjN0xeLT6yyZld27A7Cng
Pilenpak Ambalaj San. ve Tic. A.S.,Türkiye,Manisa,Hall 10 / A21,interpack2026.3015608,zCTTajniSkO3YHCNdbvtag
Pilz GmbH & Co. KG,Germany,Ostfildern,Hall 18b / C11,components2026.3036112,1N71SWECRsigFkydkZyeVw
Pinco SA,Switzerland,Stabio,Hall 3 / F19,interpack2026.3029284,n8EMuzWqT0m0mo6cd29emA
"Pingyang Litai Machinery Co.,Ltd",China,"Wenzhou, Zhejiang",Hall 1 / C33,interpack2026.3067976,RsFDSNlASMOEJ1A9SyRmtA
PIOVAN FOOD & POWDERS S.R.L.,Italy,Poggio Renatico (FE),Hall 3 / B55,interpack2026.3024995,xApet1QdRi2XgHlvTmIH2g
Pisto Maschinenbau GmbH,Germany,Worms,Hall 1 / A19,interpack2026.3034476,MYFqnMPmScmLfNKiqHZfzw
"PITAMAS INDONUSA, pt",Indonesia,Sidoarjo,"Hall 7, level 0 / B20A",interpack2026.3028698,nfVL4VPjQy2fO0NJts1UJQ
PKB COSMETICS & FRAGRANCE FILLING LINES SAS,France,Angerville,Hall 16 / D16,interpack2026.3012140,HZklhazZR3SRgG0MurUhaQ
PKG s.r.l.,Italy,Poggio Torriana (RN),Hall 11 / G41,interpack2026.3006827,SA7BQmAYTzKHBwN5CbxBZg
PKT Srl,Italy,Castione di Loria (TV),Hall 12 / D23,interpack2026.3007948,9HPvCM1NRYO28ujVQZVgNw
Planar Motor Inc,Canada,Richmond,Hall 6 / C22,interpack2026.3006800,KXTsZ1tgR7Gs4sXqYWRC3A
Plasan Dis Tic. Ltd. Sti.,Türkiye,"BEYLİKDÜZÜ, İSTANBUL",Hall 9 / B10,interpack2026.3033318,ZYZr8yyBRQuClDA9h1yoKg
Plasmix P ltd,India,Bangalore,"Hall 7, level 2 / B15",interpack2026.3007540,3ggo3cKpQ8avB3PKuqYArA
PLAST-BOX S.A. Przetworstwo Tworzyw Sztucznych,Poland,Slupsk,Hall 9 / D18,interpack2026.3036801,2QvyO85kSballkJR3y5QLA
Plastchim-T AD,Bulgaria,Tervel,Hall 10 / B21,interpack2026.3020591,43Y3LlLUQJebjpWYJSFcxA
Plasticband S.A.,Spain,Granollers (Barcelona),Hall 7a / C32,interpack2026.3038505,UTuwaTNATQiyWGM5U5SKnw
Plasticos Escanero S.L.,Spain,Almudevar Huesca,Hall 10 / C79,interpack2026.3008009,p6GN8aGzRA2vueC0jXX7MQ
"Plásticos Futura, Lda",Portugal,Marinha Grande,"Hall 7, level 1 / E31",interpack2026.3023504,eHVVSe67TgWmiC4nhD4XDg
PLASTICOS RETRACTILES sl,Spain,"Torà, Lleida",Hall 9 / H18,interpack2026.3015595,JgTMbGzuR7CG4tZQ9Z8HlA
Plastmoroz sp. z o.o. sp.k.,Poland,Bialogard,"Hall 7, level 1 / A08",interpack2026.3010411,Dqcuxg1SSPKvuX55pFgDfA
Plasto Manufacturing Company (Partnership),India,Bangalore,Hall 8a / F65-4,interpack2026.3069594,6ZukWzmtRO6e8cTKkZiCdQ
Plastotecnica SpA,Italy,Bagnoli di Sopra (PD),Hall 10 / A34,interpack2026.3036296,ZYBh9fhDRmu4tL8YGbFjBA
PLASZOM ZOMER IND PLASTICOS LTDA,Brazil,Orleans Santa,Hall 9 / F10,interpack2026.3017556,6ebsdS6DQpWBVLEekx9vAg
PLÜMAT Maschinenbau Vertriebsgesellschaft mbH,Germany,Espelkamp,Hall 16 / A41,interpack2026.3032076,tIsELdmTQJyNC8LnOY3wrg
PMMI / PACK EXPO,USA,"Herndon, VA",Hall 12 / A66,interpack2026.3006841,aeB8zHqbQLawDYiykgK0Wg
Poli sp. z o.o.,Poland,Inowroclaw,Hall 8a / C02,interpack2026.3024619,MOFprVVkRhu3TRtpCfPOQA
POLİBAK PLASTİK FİLM SANAYİ ve TİCARET A.Ş.,Türkiye,Izmir,Hall 10 / A18,interpack2026.3009562,wtbDAfJ3QhG4zDvSejM8ag
POLICAP Plastic San. Tic. Ltd. Sti.,Türkiye,Esenyurt/Istanbul,Hall 9 / G02,interpack2026.3024304,BKTOSk9PStOgmYhj4oqgXg
Polifilm Ambalaj AS,Türkiye,Istanbul,Hall 9 / H01,interpack2026.3038382,PVCEkLBcRmGZBjLBIj3lNg
POLIMAS MASURA SAN. VE TIC.LTD.STİ,Türkiye,Adana,Hall 8a / D08,interpack2026.3036011,3tQAFU73RmCCGf1zhapU8Q
Polin Ing. & C. S.p.A.,Italy,Verona,Hall 4 / E39,interpack2026.3032066,Boqte8VnRq6WMFFl6zvFVw
Polinas Plastik Sanayii ve Ticaret A.S.,Türkiye,Manisa,Hall 10 / E39A,interpack2026.3037675,0ubTYQgXQJad6k9cwlk2Mw
Polinas Plastik Sanayii ve Ticaret A.S.,Türkiye,Manisa,Hall 10 / E39,interpack2026.3037151,ps6Vc096TCyhRbOjrtFJrg
Polipa Plastik Ambalaj San. ve Tic. A.S.,Türkiye,Istanbul,Hall 10 / A02-1,interpack2026.3057282,AQxorccYTRCgLk0US0CJhg
Polipak Plastik Ambalaj Sanayi Ltd. Sti.,Türkiye,Kocaeli,"Hall 7, level 1 / C37-5",interpack2026.3057274,9vcn4KzeSTi0yvz5ax361w
Polivektris JSC,Lithuania,Jasiunai,Hall 9 / B28,interpack2026.3015767,2jpM3g1bRi6FJFmJbekvWA
"POLIVOUGA - INDÚSTRIA DE PLÁSTICOS, S.A.",Portugal,Albergaria-a-Velha,Hall 10 / C21,interpack2026.3006987,71CKorpbS7m8wJbvioUwQw
Polmar Profil Sp z.o.o.,Poland,Lubliniec,Hall 10 / C12,interpack2026.3027083,JJGhPITbQjivtt8ufKrVTw
"POLO-LTS, s. r. o.",Slovakia,Zilina,Hall 1 / D41,interpack2026.3050619,4nustshaR9W35jdPQhIrzQ
Polpak Sp. z.o.o,Poland,Warsaw,Hall 11 / A07,interpack2026.3036483,7qy7hobDTkqN37Gi2MtpwA
Poly-clip System GmbH & Co. KG,Germany,Hattersheim a.M.,Hall 11 / E19,interpack2026.3041670,6aMJWJiORoyhtFtc1v5VNg
POLYMARS GLOBAL AMBALAJ VE İNŞAAT SANAYİ TİCARET LİMİTED ŞİRKETİ,Türkiye,"Beyli̇kdüzü, İstanbul",Hall 8a / C35,interpack2026.3051652,76dqEzIbTTOABY4x2HwiVA
POLYPLAS,Türkiye,Adana,"Hall 7, level 1 / E40-6",interpack2026.3058872,gZNqEudFSu6k9rqTpOe0SQ
POLYPLEX EUROPA,Türkiye,Corlu /Tekiradag,Hall 9 / B21,interpack2026.3009512,GytRbWBfSM2fEyS3IJmiKg
POLYPLEX EUROPA,Türkiye,Corlu /Tekiradag,Hall 9 / B21,interpack2026.3009512,GytRbWBfSM2fEyS3IJmiKg
Polytype SA,Switzerland,Fribourg,Hall 7a / C15,interpack2026.3047400,GmUhiYxJQeCA1w1iXgNBNA
Pomati Group Srl,Italy,Codogno (LO),Hall 3 / D63,interpack2026.3009971,dOkgPWT2RXuTQQy9Y0YzzA
POPLAST srl,Italy,Castel San Giovanni,Hall 8a / B11,interpack2026.3023854,0AKtKmg0Svm1Hj6hFn9nzQ
"POSIMAT, S.A.",Spain,Barberá del Vallés (Barcelona),Hall 15 / D23,interpack2026.3015142,8VUNy2ZnQzqfSO3WYQE68A
Possehl Identification Solutions,Germany,Lübeck,Hall 16 / B22,interpack2026.3012272,Nht2YWcqRrih2oZcLSpneQ
Possehl Identification Solutions,Germany,Lübeck,Hall 8b / C49,interpack2026.3012058,2OHVbtXzRgi1llpxvai12g
Possehl Mittelstandsbeteiligungen GmbH,Germany,Lübeck,Hall 16 / B22,interpack2026.3012272,Nht2YWcqRrih2oZcLSpneQ
Possehl Mittelstandsbeteiligungen GmbH,Germany,Lübeck,Hall 8b / C49,interpack2026.3012058,2OHVbtXzRgi1llpxvai12g
"POSTEK ELECTRONICS CO., LTD.",China,Shenzhen,Hall 8b / H80-17,interpack2026.3066630,KTKEIeg0SpCXXbz3DlREEw
"Powder Mill Technology Co., Ltd (UK)",United Kingdom of Great Britain and Northern Ireland,Bath,Hall 4 / C27,interpack2026.3066936,xrchIH8yQDWF18o3fduGPg
PPM Technologies,USA,"Newberg, OR",Hall 6 / B57,interpack2026.3076036,O7XO88IiQHirXVxzJlcZPw
Pragati Machinery and Engineering Private Ltd.,India,Navi Mumbai,Hall 3 / A92,interpack2026.3014348,1GdX258EQNC4e4WMtQ7pDw
PRAIM SRL,Italy,Sirone (LC),Hall 9 / G01,interpack2026.3025653,PJtF5CAASt6rzkffxdO8ZA
prb innovation,Italy,Imola (BO),Hall 11 / F74,interpack2026.3034041,oGGq2acITZeJp8vGGPWJEA
PRECI SRL,Italy,Casalecchio di Reno,Hall 6 / B43,interpack2026.3007318,6gWwen8BT8yUbopCp8utiQ
Premier Tech Systems and Automation B.V.,Netherlands,Eersel,Hall 12 / C35,interpack2026.3016398,74eZQA4LR6KllZ5qdh7QOQ
Presto Products Company Fresh-Lock,USA,"Appleton, WI",Hall 10 / B87,interpack2026.3009085,MN5bdm9WSeSV8fcr3VZ37A
prewa Verpackungsmaschinenbau GmbH,Germany,Buseck,Hall 18b / F18,components2026.3057297,segN6mbQRDyJ8pZv4vzQww
prewa Verpackungsmaschinenbau GmbH,Germany,Buseck,Hall 6 / C42,interpack2026.3036207,wAo2zqnHTfKK91Rmd2jsYA
PRIMO Y CIA. S.A. - Packaging Machines,Argentina,San Carlos Centro,Hall 6 / A30,interpack2026.3066709,ROsnVF08Rga57Y6ibvkbsw
PRIMO Y CIA. S.A.,Argentina,San Carlos Centro,Hall 6 / A30,interpack2026.3066709,ROsnVF08Rga57Y6ibvkbsw
PrintCity Initiative c/o Fachverband Medienproduktion e.V.,Germany,Zell,Hall 8a / B48,interpack2026.3039539,iTuEwBWJSxOHnywyduRHwA
PRINTCO SRL,Romania,Iasi,Hall 7a / B09,interpack2026.3074888,CyAngLCeTnmPT2s3xv1Bjg
PRINTPARK OFSET VE AMBALAJ SAN. A.S.,Türkiye,Beylikduzu - Istanbul,"Hall 7, level 0 / B01",interpack2026.3007504,tWTGoswSSz2Sdru7yOw18Q
PrintsPaul GmbH & Co KG,Germany,Eschweiler,Hall 8b / C64,interpack2026.3074575,6XdcWLxgQmGERXT4YZJLeQ
PRISMA INDUSTRIALE S.r.l.,Italy,Fidenza (PR),Hall 14 / B17,interpack2026.3037649,qqyTrVU7QB67Or3ntWca7A
Pro-Pack Plastik Ambalaj ve Makina San. Tic. A.S.,Türkiye,Tekirdag,Hall 9 / H23-7,interpack2026.3056927,QYamQvkaSvu8EGdFdt2gMg
PRO-TECH ITALIA SRL,Italy,Busalla (GE),Hall 11 / F56,interpack2026.3010034,9DFKKEQ2QCO9CjepDFTOHQ
ProAmpac Flexibles GmbH,Germany,Eberdingen,Hall 10 / D21,interpack2026.3006972,WrYTQNKqRnKeBgIwA9RiWg
PROBAT SE,Germany,Emmerich am Rhein,Hall 3 / C32,interpack2026.3007220,hzuqGjU5TTeb0pJXDnXB1A
PROCYS SAS,France,Saint Hilaire de Chaleons,Hall 4 / D50,interpack2026.3022005,lBby9rXcTcSuaTzesj25Fw
"Prodec Equipos de Envasado, S.A.U.",Spain,Castellar del Vallès (Barcelona),Hall 11 / E59,interpack2026.3032971,Jse04xfrThqtHGxkT1Ptog
Prodieco Advanced Engineering Solutions Ltd.,Ireland,Dublin,Hall 16 / C58,interpack2026.3007644,0jQfxuCqTyiMKfeLfPyqrw
PRODITEC SAS,France,Pessac,Hall 16 / C29,interpack2026.3032116,PU5HCFzwSbmnXAxd7KXaYQ
profi-tec GmbH,Germany,Rheine,Hall 8b / F35,interpack2026.3068347,F9xTvCTYTs2G9EHwXeNEyg
PROFILABEL GmbH & Co. KG,Germany,Wehrheim,Hall 8b / D59,interpack2026.3072881,Ec7x1HVgR8a3AU8ykQXSbA
Profol GmbH,Germany,Halfing,Hall 9 / C15,interpack2026.3007922,vN0aJF7VSnGpvpb2WqlqLA
Proform SARL,France,Hangenbieten,Hall 1 / B31,interpack2026.3013472,nP9ctcU4TUCj9zPgTDUUEA
ProMach Integrated Solutions,USA,Greenville,Hall 13 / A75,interpack2026.3068826,L0oXPUaXRYKKn8JskyHkVg
"ProMach, Inc.",USA,"Covington, KY",Hall 13 / A75,interpack2026.3037561,76dqxCV0Qeex2Tj5CYEhmA
PromaPack Srl UCIMA Italian Packaging Machinery Manufacturers Association,Italy,Baggiovara (MO),Hall 11 / B19,interpack2026.3031500,K8KAyKhNQCWVzm0D8xgb0w
Promatic,Germany,Karlsruhe,Hall 16 / D22,interpack2026.3007274,mZvV1w9MQ1G94AALdt9ELg
PROMEC S.r.l.,Italy,Fontevivo (Pr),Hall 13 / A76,interpack2026.3034195,tFh0muzVQ3WmyVoYPzdhaw
Promix Solutions AG,Switzerland,Winterthur,Hall 7a / C15,interpack2026.3043327,bmaWMsKkTwaWoBPLGPaZrw
Propack GmbH Prozess- und Verpackungstechnik,Germany,Wolfertschwenden,Hall 16 / A42,interpack2026.3070006,xuQ04vQlT1mUHXwEpP0dZw
Proseal UK Ltd,United Kingdom of Great Britain and Northern Ireland,"Adlington, Cheshire",Hall 5 / D38,interpack2026.3072157,4thzcu1JQy2ZWlbwSDgu9Q
Prosking Plastic Products Inc.,Taiwan,"Nantou City, Nantou County","Hall 7, level 1 / A41",interpack2026.3036297,JPVAQZ0ISgiJDl5j6GSRBw
Provisur Technologies GmbH,Switzerland,Flawil,Hall 5 / A45,interpack2026.3053544,Znw2CeqbSO6Vq19FjnTOvg
PROXAUT S.R.L.,Italy,Castelfranco Emilia (MO),Hall 3 / A55,interpack2026.3068675,1FfNhTm5RJCv8krQ1ovLgg
ProXES GmbH,Germany,Hameln,Hall 4 / C59,interpack2026.3037982,CqwMdAWwRaOWAjO4IgLvJQ
Pruess GmbH,Germany,Sassenberg,Hall 3 / E91,interpack2026.3075290,XhV9pAUgTDGbU1FJiU5fgw
PSA Zuführtechnik GmbH,Germany,Wolpertshausen,Hall 16 / D10,interpack2026.3024311,M8VC5yMfTm2KaWhEwflXFA
PSG Germany GmbH,Germany,Bersenbrück,Hall 1 / A75,interpack2026.3037332,x0vEGoGuSYChdKzcwrU3Wg
PT Polytech Indo Hausen,Indonesia,Tangerang,"Hall 7, level 2 / F19",interpack2026.3037678,Im2HOBLlTEKYeIqRKVud6Q
PT. Fillomatic Global Industries,Indonesia,"Sidoarjo, East Java",Hall 15 / D58,interpack2026.3043227,g5xHMvqaSk2Ac9B755efpw
PulPac AB,Sweden,Vastra Frolunda,Hall 8b / C53,interpack2026.3036823,tptjyYvOSHqsNx9H47X8HQ
Pulsotronic-Anlagentechnik GmbH,Germany,Niederdorf,Hall 12 / B07,interpack2026.3032975,emucebnNQzq10NBuD8Yc3g
Pumafol Sp.C.,Poland,Koszalin,Hall 10 / E51,interpack2026.3024562,ZqHEHvstQIyjFJuihL48wg
Pureloop GmbH,Austria,Ansfelden,Hall 8a / B53,interpack2026.3048804,vAwEdaGyRAaCJAf75fAmlQ
PurPak Group Ltd,United Kingdom of Great Britain and Northern Ireland,"Norwich, Norfolk",Hall 6 / A09,interpack2026.3010206,MzIhAWZ0So6OYKrS8xSWUg
Pursuit Industries Pvt Ltd,India,Surat,Hall 8b / G18-1,interpack2026.3066619,26tcVbBDQ4C6FR34K22F9Q
PVR Srl,Italy,"Valmadrera, LC",Hall 1 / D31,interpack2026.3049617,bwsoeYgXTDenSMpc5vixFA
PWR BV,Netherlands,De Klomp,Hall 6 / D57,interpack2026.3064484,InUVcqGMQgeyE6l5DMEEbA
QC Conveyors,USA,Batavia OH,Hall 6 / B73,interpack2026.3055852,4WBdpa72QiahyE0HxMGzsQ
Qimarox BV,Netherlands,Harderwijk,Hall 13 / C94,interpack2026.3006854,0tBGfWuuS6GOUEQI20TYzg
"QINGDAO AOHAI RUITAI INDUSTRIAL CO.,LTD",China,Shandong,"Hall 7, level 2 / F48-2",interpack2026.3064842,LAISeIUoSxmP4Xnw7FLZAw
"QINGDAO BAIXI INDUSTRY CO., LTD",China,"Qingdao, Shandong","Hall 7, level 2 / A46-1",interpack2026.3067161,XXyNqVkUTI6HI3vSxOftvQ
"Qingdao Haoyu Packaging Co., Ltd",China,Qingdao City,"Hall 7, level 2 / D43-1",interpack2026.3065786,xWn3uuitQ8Ga00BPG4R9Rw
"Qingdao Huahongxing Plastic Co.,Ltd.",China,"Qingdao, Shandong","Hall 7, level 2 / A46-4",interpack2026.3066974,XgY5p2ADSEqGHCOrrKR8xQ
"Qingdao Jinxucheng International Trade Co.,Ltd",China,"Qingdao, Shandong",Hall 8a / F36,interpack2026.3056769,qqGaY5mTQaeNhR5g0iZykg
"QINGDAO RIZONE PLASTIC PRODUCTS CO.,LTD",China,Qingdao,"Hall 7, level 2 / E15",interpack2026.3010423,8wV9An6YQtmVZOcsgy18wQ
Qingdao Sacpack Intelligent Equipment Co. Ltd.,China,"Qingdao, Shandong",Hall 8b / H17-8,interpack2026.3066367,TQboyMc5TTS68Jo5b9OUCQ
"QINGDAO SONGBEN PACKAGING MACHINERY CO., LTD",China,Qingdao,Hall 6 / E79,interpack2026.3007513,IQaDUCWgThKaoT35qaMWbg
"Qingdao Yilong Packaging Machinery Co., Ltd.",China,"Qingdao, Shandong",Hall 8b / E01-1,interpack2026.3066612,WeHaIZOtTdW5LS3C7oOBZA
"QINGDAO ZHENGDEXIANG INDUSTRY AND TRADE CO.,LTD",China,Qingdao,"Hall 7, level 2 / B37-2",interpack2026.3067136,UhZHiRGdRHeIMudtEdknlA
QIUB PACKAGING S.A.,Spain,Onil (Alicante),Hall 9 / H19,interpack2026.3006932,ds0Bcx0WR9qo1NugnTnHZw
Quality Machines Industria e Comercio de Maquinas Ltda,Brazil,Campinas/Sp,Hall 4 / D25-4,interpack2026.3059643,XuUpdDKsRx2X2DIAKieGDw
QUALITY TOOLS SRL,Italy,Brescia,Hall 14 / A01,interpack2026.3054506,qgD8RSnQS1W78c5BB7LuXw
QualiVision,Switzerland,Horgen,Hall 15 / C39,interpack2026.3044943,M6I9iATMQeeDuHtSaubzYA
QualiVision AG,Switzerland,Horgen,Hall 15 / C39,interpack2026.3044943,M6I9iATMQeeDuHtSaubzYA
Qualyvac Embalagens Ltda,Brazil,Sao Caetano do Sul,"Hall 7, level 1 / D07",interpack2026.3069421,Ad3Zb9AZTSyNHB8me90dKg
"QUANZHOU CHUANGDA MACHINERY MANUFACTURE CO., LTD.",China,"Quanzhou, Fujian",Hall 1 / C31,interpack2026.3060994,9aboCD7KQYKvZKexuvKV5w
"Quick Pack Pacific Co., Ltd.",Thailand,Pathumtani,"Hall 7, level 1 / B28",interpack2026.3016714,urfdxVJ0T4qpl6pHozrkMw
QuinLyte Sustainable Packaging B.V.,Netherlands,Sittard,Hall 7a / B09,interpack2026.3064252,w6SpDWlESgybznrrbWpqgA
QUPAQ A/S,Denmark,Broenderslev,Hall 5 / A42,interpack2026.3030427,om0HljSBS4u56buTIGSsfg
R&D Engineers Partnership,India,Hyderabad,Hall 1 / A30,interpack2026.3012399,bzJWG8fZRuOflS7F29Gpgg
R&D Surgical Ltd.,United Kingdom of Great Britain and Northern Ireland,Coventry West Midlands,"Hall 7, level 1 / A19",interpack2026.3057199,Lf9ReufSTx6piT2NcamP7A
R-Cycle ProData GmbH,Germany,Troisdorf,Hall 7a / C10,interpack2026.3072599,vJy7uJMdSLmoNKn23gcMBg
R. Deckert GmbH & Co. KG,Germany,Schwäbisch Hall,Hall 16 / B38,interpack2026.3007143,PcogJQ6bTLGtrbysPAb69Q
R.A. Jones & Co.,USA,"Covington, KY",Hall 6 / D57,interpack2026.3066385,EsjuoEbWSxarVL3oU6WBuw
R.WEISS Packaging GmbH & Co. KG,Germany,Crailsheim,Hall 16 / D72-13,interpack2026.3007118,eVMbwmwvSmuPpc5lT9uWug
"Radar Process, SL",Spain,"Les Franqueses del Vallès, Barcelona",Hall 1 / B86,interpack2026.3013787,3Ef7FY1KQTu1jzmi3zlw2w
RADPAK Sp. z.o.o.,Poland,Wloclawek,Hall 6 / C30,interpack2026.3038547,xKpkhFanRKiYrLNbN0xBrw
Rajshree Polypack Limited,India,Thane (W),Hall 8a / F64-3,interpack2026.3068943,4D6Qu1sfT7eLWTBFvdVemQ
Räpina Paberivabrik AS,Estonia,Räpina,Hall 8a / F05,interpack2026.3024561,eKJProojSgKTEVQGX9nnyw
RATIONATOR Maschinenbau GmbH,Germany,Hillesheim,Hall 15 / C57,interpack2026.3008031,ajRL2By7QWSXG3rw7wyvlg
Rauber Solucoes Industriais LTDA,Brazil,São Carlos / sc,Hall 4 / D25-3,interpack2026.3063650,o7N9aYVHQEC4wGN8QM7MOA
Ravenwood Packaging Ltd.,United Kingdom of Great Britain and Northern Ireland,Suffolk,Hall 8b / D13,interpack2026.3035220,2x7g5ONBScyp4CiDrxP3QQ
RAVIOLI SPA,Italy,Milano,Hall 18b / F02,components2026.3033056,ZhqRBJ2JTFijaeruYPktlg
"Rayman Detection Co., Ltd.",China,Shanghai,Hall 11 / C77,interpack2026.3009806,2UU8BXxRRC6pjNxpmRsrIQ
Raytec Vision S.p.A.,Italy,Parma (PR),Hall 13 / C33,interpack2026.3039929,Ftt5ZlzlQsS42jCwxpTtvg
RBP Bauer GmbH,Germany,Euskirchen,Hall 15 / A19,interpack2026.3007229,hC6SWDEnREabtyrM1yyHNg
RDM Test Equipment Ltd,United Kingdom of Great Britain and Northern Ireland,"Elsenham, Hertfordshire",Hall 11 / D74-03,interpack2026.3067855,WlU5Hb46TAet6OS7JJGVQw
RE PIETRO srl,Italy,Gaggiano (MI),Hall 1 / D34,interpack2026.3011475,VXLggzE7SFSuOjqa0k9djw
REA Elektronik GmbH,Germany,Mühltal,Hall 8b / C17,interpack2026.3008521,s6Br5Pq2RU2nZ1OipK1uvQ
Reading Bakery Systems,USA,"Robesonia, PA",Hall 1 / B70,interpack2026.3008307,GsA8FV4QTjeF0sLAzfw8hQ
Reading Thermal,USA,"Sinking Spring, PA",Hall 1 / B70,interpack2026.3008444,f2jzABhJTruVA1QnPDsBew
Record S.p.A.,Italy,Garbagnate Monastero (LC),Hall 17 / A20-5,interpack2026.3069571,PtI6E06VRQSUzvwFioDz6Q
Recyda GmbH,Germany,Freiburg,Hall 7a / C10,interpack2026.3055345,3N2VwliYTEK7SHkeMaKywA
REEPACK SRL,Italy,Seriate (BG),Hall 13 / A75,interpack2026.3068828,VrXyjLZhRFal1Ez6KAAztQ
REGINA CATENE CALIBRATE SpA,Italy,Cernusco Lombardone (LC),Hall 13 / D74,interpack2026.3007547,VYGKO64qSEGZExMWo7LPJw
Reisopack S.L.U.,Spain,"Parets del Vallés, Barcelona",Hall 11 / D56,interpack2026.3068825,TdnwwLRRTsa20j3IwEAbMQ
REJVES MACHINERY SRL,Italy,Marmirolo (MN),Hall 15 / A42-6,interpack2026.3068187,sOQXofk5RsWlBV4ISh0n3Q
Relianz Gruppe AG,Switzerland,Bonstetten,Hall 7a / C15,interpack2026.3043328,LU0U9ypGQCu44wfF4a8kyA
Resilux N.V.,Belgium,Wetteren,"Hall 7, level 1 / D24",interpack2026.3065107,4GVujwAITFqZnpK2tT86vQ
RESPACK MANUFACTURING SDN BHD,Malaysia,Sungai Petani,"Hall 7, level 2 / C33",interpack2026.3006875,8ULzWyZFS1qSIlrTt3pcRA
Respack Polyfilm Malaysia Sdn Bhd,Malaysia,Kedah,Hall 8a / F01,interpack2026.3070790,spSbfgvVTtGERzlEMCWuww
"RETAL Baltic Films, UAB",Lithuania,Klaipeda,Hall 10 / C16A,interpack2026.3055446,Q55nQW28SZqzGfudxLYY2g
Reused Remade AB,Sweden,Stockholm,Hall 7a / C10,interpack2026.3066131,Cz9ucDN5TAONWQIfyAwX0w
Revival Papers Mill Pvt Limited,India,Mumbai,"Hall 7, level 2 / G29",interpack2026.3066950,4NfdUD93RGWWNPrfC94HrQ
REVTECH SAS,France,Loriol-sur-Drôme,Hall 1 / A22,interpack2026.3032111,H9gQjZsuTKuDzyJI4PjR6Q
RF MAH Sp. z o.o.,Poland,Wolow,Hall 4 / B07,interpack2026.3007208,HJLQx9GKTAeD2bRhJ8XCGQ
"RGDMAPE, S.L.",Spain,Sevilla,Hall 4 / D60,interpack2026.3007821,2wtiCwJtQMa7AZK1hdn2rw
Rheon Automatic Machinery GmbH,Germany,Düsseldorf,Hall 3 / F92,interpack2026.3037568,0jfTHAWcSka2tApDw0uD6w
Ricciarelli S.p.A.,Italy,Pistoia (PT),Hall 11 / D20,interpack2026.3007074,uVOGfcI9TtqKjABctjaqFw
RICOH Printing Solutions Europe Ltd.,United Kingdom of Great Britain and Northern Ireland,Telford,Hall 8b / G52,interpack2026.3066389,Lir2ztvzR7eau04wF0zeAA
Rieckermann GmbH Machinery & Industrial Solutions,Germany,Hamburg,Hall 13 / A32,interpack2026.3038149,LjdVe3j9RWOJoSYLAaCR2A
RIMMED SHPK,Albania,Tirana,Hall 8a / D13,interpack2026.3041423,DNKkarE3QgW0bGnqZNG6Cw
Rinova S.r.l.,Italy,Pianoro,Hall 15 / A42-1,interpack2026.3069027,zwdpoCsrTKegomOAxbPT0w
Rinsch Edelstahlverarbeitung GmbH,Germany,Kempen,Hall 3 / E47,interpack2026.3034315,Pq4ee9fdT4ClQ8xrDHBL2g
Ripack SAS,France,Le Haillan Cedex,Hall 11 / C47,interpack2026.3010470,oSYUaT1BTROC3Cc7INjC3Q
Risco S.p.A.,Italy,Thiene (VI),Hall 4 / D15,interpack2026.3016329,HuXbCnHpSqKNe0nFugkmXQ
RISO KAGAKU CORPORATION,Japan,Tokyo,Hall 8b / E80,interpack2026.3038562,gfQsZ7V3SuukUri264AD4g
RISO TECHNOLOGIES KK,Japan,"Minato-Ku, Tokyo",Hall 8b / E80,interpack2026.3068125,fxndmApJRbSDzuJ2dOueOQ
Ritab Deutschland GmbH,Germany,Weissach im Tal,Hall 18a / G03,components2026.3058427,zkU713vKQsmJ40wI3HExUQ
RIYO PARAPACK PVT LTD,India,Vapi,"Hall 7, level 2 / G02",interpack2026.3013940,ZHWrvmS8Q3eZLfu9c1RdAw
RN Mark Inc.,Canada,"Richmond Hill, ON",Hall 8b / E14,interpack2026.3011917,TQxcKdEYTJWJOhVyz5Pj7w
Robatech GmbH,Germany,Bad Camberg,Hall 11 / G70,interpack2026.3022329,IqreBPZkQ0iNk8M7ZeY49w
ROBOGEA S.R.L.,Italy,Suzzara (MN),Hall 17 / B72,interpack2026.3068989,rK9trbr1Q8acnaQuSDhozQ
Robopac S.p.A.,San Marino,Gualdicciolo,Hall 13 / A47,interpack2026.3057188,peKEIIdFSGugleRFtn0QjA
Robot Food Technologies Germany GmbH,Germany,Wietze,Hall 6 / A01,interpack2026.3034449,8w4KkhtQQZKg1u9SJzu80A
Robotechmech Solutions Pvt Ltd UpSquare Technologies,India,Ahmedabad,Hall 15 / E43,interpack2026.3053757,XUhQDKIRQe60L3jljAw50Q
Robotek Group S.r.l.,Italy,Sansepolcro,Hall 6 / A75,interpack2026.3027963,YyRkIAlASIylPBgT5u8JhA
Robotronic AG,Switzerland,Winterthur,Hall 15 / B02,interpack2026.3036852,s6RwffBIQxa1XGnJn92QPg
Rockwell Automation GmbH,Germany,Düsseldorf,Hall 6 / C40,interpack2026.3038542,l97k4BkdSVKWYAsxtIQvRg
ROLL SNC DI PINI SERGIO & C. s.n.c.,Italy,Bregnano,Hall 10 / C56A,interpack2026.3056893,qMaCGCb7QTunZCe9RvoMbg
Rolumac Robotics B.V.,Netherlands,Ede,Hall 6 / C44,interpack2026.3036290,WPMALCQRQsm5giXmsCgdcQ
Romaco Holding GmbH,Germany,Karlsruhe,Hall 16 / D22,interpack2026.3007274,mZvV1w9MQ1G94AALdt9ELg
Rommelag Engineering GmbH,Germany,Sulzbach-Laufen,Hall 16 / C57,interpack2026.3043224,lKO9kSpETkCXvZjHR8cXdg
Ronchi Mario S.p.A.,Italy,Gessate (MI),Hall 16 / D55,interpack2026.3007834,gUh0A91STrGjWX3Mn6CVmg
RONDO s.r.l.,Italy,Schio,Hall 3 / E46,interpack2026.3037181,3KYCd0c2RpmZUNsiuzw3Cg
RONO Maschinenbau GmbH,Germany,Selmsdorf,Hall 5 / B02,interpack2026.3040951,16FDJg5URXmW459gsybitg
RonTech AG,Switzerland,Felsberg,Hall 16 / E15,interpack2026.3010030,qRUCdQPZTrCtNXY5t2gSvQ
ROPAK MAKİNE PROSES OTOMASYON SANAYİ VE TİCARET ANONİM ŞİRKETİ,Türkiye,Bursa,Hall 13 / D22,interpack2026.3009572,gmvtFX3sTZaOFCEwpggHfw
Rosinski Packaging Sp. z o.o.,Poland,Bielsko-Biala,Hall 9 / J20,interpack2026.3008556,oDb7mTb1TdicqFyJ69H1Vw
ROSSI INGEGNERIA ALIMENTARE SRL,Italy,Parma,Hall 11 / E65,interpack2026.3006865,HYxXlsZNQGWVGL49ec4HFA
ROTATEK Printing and Packaging Technologies SL.,Spain,Barcelona,Hall 8a / C74,interpack2026.3035386,OPfeBTq5SnSzD4UCTzMVlg
ROTATERM PLASTIK AMBALAJ SAN. VE TİC. LT D. ŞTİ.,Türkiye,"Bahievler, Istanbul","Hall 7, level 1 / A22",interpack2026.3011850,gwfa6aB4QiaEoAlJeOjxYw
roTeg AG Roboter Technologie,Germany,Dortmund,Hall 11 / D25,interpack2026.3036083,sCjTVpEnQ0CrdVtClBlszw
Rotogal del Cav. Angelo Gallio & C. s.n.c.,Italy,San Pietro in Gu,"Hall 7, level 0 / A08",interpack2026.3008558,Bbr0ySG0TwmPR3Ifo6wbJQ
ROTOMAC,Italy,Calcinate (BG),Hall 13 / B74,interpack2026.3016403,40TQx41lQo2HNvL4hoALaA
ROVEMA GmbH,Germany,Fernwald,Hall 12 / C21,interpack2026.3035561,0nfyElsLTsKNCHsuiwVALg
Royal Apollo Group BV,Netherlands,Coevorden,Hall 13 / D64,interpack2026.3039689,t3SeZvy9QJekiqoaXpHSbA
Royal Houdijk B.V.,Netherlands,Vlaardingen,Hall 3 / A19,interpack2026.3033603,bfUYWYMVTGKZH79oTJGEXA
Royal LC Packaging International B.V.,Netherlands,Waddinxveen,Hall 10 / E85,interpack2026.3007914,wn2skUB0QBitTQ6ix1NtDw
Ruberg-Mischtechnik GmbH & Co. KG,Germany,Paderborn,Hall 1 / D18,interpack2026.3010058,hxdVJ3UwQ3OMLACmor5C3w
RUBIN TRADING JSC,Bulgaria,Pleven,Hall 10 / E63,interpack2026.3067354,8UauhUhBQUaPmV82v9wXSg
"RUIAN DAQIAO PACKAGING MACHINERY CO., LTD.",China,"Wenzhou, Zhejiang",Hall 8b / H79-10,interpack2026.3066046,wBPfbuosQLikr9mAiXsz1A
Ruian Jiamei Plastic Industry Co.Ltd.,China,"Ruian Wenzhou, Zhejiang",Hall 8a / F01,interpack2026.3074537,2KI6j8aqTfmMbUVWDKmDtQ
"RUIAN JOYE MACHINERY CO., LTD.",China,"Ruian, Zhejiang",Hall 15 / D20-16,interpack2026.3066481,rCbM1u7UQGyH4pt16sWnrg
"Ruian Mingguo Machinery Co., Ltd.",China,"Ruian, Zhejiang",Hall 8b / H41-2,interpack2026.3066050,4FbYe8dKQpqzrC9zybOvnA
"RUIAN TIANBANG MACHINERY MANUFACTURING CO., LTD.",China,"Ruian, Zhejiang",Hall 8b / H41-4,interpack2026.3066043,YfjZ06NvSSqZLrIj54T1mA
"RUIAN TIANCHENG PACKING MACHINERY CO., LTD.",China,"Wenzhou, Zhejiang",Hall 8b / E01-4,interpack2026.3066045,d27MShxPTv2gRwhce295Mw
"RUIAN XINCHENG ZHONGTAI PACKAGING MACHINERY CO., LTD",China,"Wenzhou, Zhejiang",Hall 8b / H46-1,interpack2026.3066369,UoMdW1QiSqeR85eqWAhbFA
Russell Finex N.V.,Belgium,Mechelen,Hall 3 / D55,interpack2026.3034198,pBuEGX4GQbmVZ0wn713oug
RYCHIGER AG,Switzerland,Steffisburg,Hall 6 / D09,interpack2026.3006794,HgKzB6vORlmgSTmFETM61g
RYNAN Technologies Pte Ltd,Singapore,Singapore,Hall 8b / H55,interpack2026.3006944,CvqzfE0HRX6LJopkFF8g5w
S.A.M. KUCHLER Electronics GmbH,Austria,Klagenfurt am Wörthersee,Hall 5 / B04,interpack2026.3008394,IIaV0oISTpaj6VuOHi1JbA
S.C. SUNIMPROF ROTTAPRINT SRL,Romania,Cluj-Napoca,Hall 8a / E49,interpack2026.3038577,C9ureHOLQoebLdedasMtKg
S2F FLEXICO SAS,France,Hénonville,Hall 10 / C57,interpack2026.3039752,1qT7P2xNToOYzFtSqW1ZPA
SABEU GmbH & Co. KG,Germany,Northeim,Hall 10 / E98,interpack2026.3006966,4lPXhLiHRTyEXWKqQDsSLw
Saccardo Arturo Figli S.r.l.,Italy,Thiene (VI),Hall 5 / C04,interpack2026.3038690,4uyaDPPMT5qB8uIJXRfysA
SACMI Imola S.C.,Italy,Imola (BO),Hall 4 / F06,interpack2026.3029280,VcfZdr6dQOKHiuCzEe15DA
SACMI Packaging & Chocolate S.p.A.,Italy,Imola (BO),Hall 4 / E05..F05,interpack2026.3029281,97SALkSbRZu8g57M0LqeLg
Safepack Industries Ltd.,India,Pune,"Hall 7, level 1 / E37",interpack2026.3017554,YnXWIyEKSM27akDq43On8g
SAIREM SAS,France,Décines-Charpieu,Hall 5 / E01,interpack2026.3038492,XiaL3eFRRC6lmSHlrxeZ7g
SAJ INDUSTRIES Pvt Ltd.,India,Surat,Hall 9 / J15,interpack2026.3032064,eRbldKgfTEuWkia2gmzuRQ
SAKATA INX Corp.,Japan,Osaka,Hall 18a / C11,components2026.3068032,LttsmvBJT0GwfQhUMgoV6g
"Sam Hwan Steel Co., Ltd.","Korea, Republic",Dangjin-Sichungcheongnam-do Dangjin-si,Hall 8b / G76,interpack2026.3034975,jl3XJGOXSTCCbVrvo4NlaQ
SAM Makina Sanayi ve Tic. Ltd. Sti.,Türkiye,Karaman,Hall 1 / A15,interpack2026.3012547,VdsWbCO6TJabOZWkCGDOmQ
SAMUEL MACHINE Co. Ltd.,China,"Xiamen, Fujian",Hall 15 / D20-19,interpack2026.3066947,per19PvcSPSZsmnxk1RIFA
"Samwin Automation Engineer Co., Ltd",China,"Kunshan, Jiangsu",Hall 13 / D04,interpack2026.3006997,fvymtWAgRSeUL6Jl6Orfgg
Samwoo Automation Inc.,"Korea, Republic","Siheung-Si, Gyeonggi-do",Hall 6 / B09..B25,interpack2026.3033363,XR85u8FwRqqW6DxjBiaRrg
SANAT AMBALAJ SANAYİ VE TİCARET A.Ş.,Türkiye,Gaziantep,Hall 9 / D19,interpack2026.3006976,oDMCLIz2TOWAJ81NYPP10g
Sancassiano S.p.A.,Italy,Roddi (CN),Hall 3 / E66,interpack2026.3007560,9mhgw9vbTV6trhvpraBLUw
Sanco Indonesia PT,Indonesia,Jakarta Barat,Hall 1 / C31,interpack2026.3032072,9c3hQh11Q1SkLVcWCmaJag
SANHO MACHINERY CORP.,"Korea, Republic",Seoul,Hall 6 / E09,interpack2026.3065331,dRzRYrZWT8WmzOOiF9NGnA
Sapal SA,Switzerland,Ecublens,Hall 7a / B07,interpack2026.3043335,K1lFPJjxQDG8Zmr0OFLTyg
Sapir Plastics SRL,Italy,San Giorgio su Legnano (MI),Hall 9 / B20,interpack2026.3008377,GDgR9AOWTn68pU2IVbaQjQ
Sappi Europe,Austria,Gratkorn,Hall 8a / B27..B35,interpack2026.3071585,6nDJtM0ZRp2sWRUsNkivnw
SARAY DÖKÜM VE MADENI AKSAM SAN. TUR.A.Ş,Türkiye,Istanbul,"Hall 7, level 2 / C24",interpack2026.3006907,lWVkgVa5Tree37DfuZ2ENg
Saribekir Ambalaj San. ve Tic. A.S.,Türkiye,Istanbul,Hall 7a / B25,interpack2026.3031944,O4u8mfbCSe2QLfuZ7TIyaQ
Saropack AG Folienverpackungsspezialist,Switzerland,Rorschacherberg,Hall 9 / D20,interpack2026.3071670,uaafbcdJRxm6Ppll0Q5hMA
Saropack AG Folienverpackungsspezialist,Switzerland,Rorschacherberg,Hall 9 / G23-4,interpack2026.3071704,UuDbTD2uSgS4LqrDQo1ZuA
Sarp Food Technologies s.r.l.,Italy,Castelfranco Veneto (TV),Hall 5 / D04,interpack2026.3007967,h99RM3DzRTOetjtKPdTtaA
Sarten Ambalaj San. ve Tic. A.S.,Türkiye,"Sisli, Istanbul",Hall 10 / E40,interpack2026.3034416,JUz9IDDmToSp7UpIGaX5iw
SARVODAYA INDUSTRIES Packaging Private Limited Except 4000 Sq. Feet on 1st Floor,India,"Village Karvad, Vapi, Valsad, Gujarat","Hall 7, level 0 / A22",interpack2026.3007538,hW4eYqZJRcCISiOeaXhumA
Satyendra Packaging Ltd,India,Ahmedabad,Hall 10 / C26A,interpack2026.3007543,EffIMcohSaS2itwQnXU19A
Saueressig Vreden GmbH & Co. KG,Germany,Vreden,Hall 8a / E32,interpack2026.3053059,s2EsSUKgSg6CrXtlIOY4Dw
SAVEMA Markalama ve Kod. Mak. San. Ltd. Sti.,Türkiye,"Selçuklu, Konya",Hall 8b / E12,interpack2026.3009128,KuN2xt9yTViLUuQ2r05KEw
Sayers Publishing Group Ltd. The Canmaker,United Kingdom of Great Britain and Northern Ireland,"Crawley, West Sussex",North Entrance 1 / N1,interpack2026.3007341,9czCnBlKQN2FFPkueE6VVw
SB TAPE GROUP SDN BHD,Malaysia,Seri Kembangan,Hall 8a / F01,interpack2026.3067481,BbltXwHAS4m44mnzbPlJaw
SCA Esnek Ambalaj San. Tic. A.S.,Türkiye,İstanbul,"Hall 7, level 0 / B17",interpack2026.3012445,CBmAPax3Qa2vbqWRT39lgw
Scaldopack NV,Belgium,Kortrijk (Marke),Hall 13 / B82,interpack2026.3016424,giSwBvK7SzSFohzFoxi7oQ
SCALIGERA PACKAGING SRL,Italy,Colognola ai Colli (VR),Hall 13 / C63,interpack2026.3006831,BEI0fF5FSlm5ysioP8WGRg
ScanBelt Modular Conveyor Systems A/S,Denmark,Hjørring,Hall 4 / A40,interpack2026.3007642,wBuCOaW6SMau3owsHxAPpQ
Scandivac SIA,Latvia,Marupe,Hall 4 / F26,interpack2026.3008396,rZ73aAC6SdCZ3RzuEsz3ww
Scanfill AB,Sweden,Ystad,Hall 9 / E15,interpack2026.3056929,izXc0O3NRDi8VgK33YvlsA
scanware electronic GmbH,Germany,Bickenbach,Hall 16 / F58,interpack2026.3013083,UsZKrE3ARyGC8kjuv0eh0g
SCE - Silo Construction & Engineering NV,Belgium,Lichtervelde,Hall 4 / F25,interpack2026.3010062,FdnDGDPgSmi6hlGZfAqmPQ
SCG Chemicals AS,Norway,Porsgrunn,Hall 9 / F05,interpack2026.3050003,mPoO4OqLQG2O9x5aKuDSww
Schaaf Technologie GmbH,Germany,Bad Camberg,Hall 3 / D96,interpack2026.3032075,p9s2BX9PRdWYCUHaaImNuw
Schäfer & Flottmann GmbH & Co. KG,Germany,Gevelsberg,Hall 16 / A03,interpack2026.3007122,gnc0SIinTrGmnF8iMiqVew
Schaller Solutions GmbH,Austria,Korneuburg,Hall 1 / A85,interpack2026.3051524,vIRwLky8TxuY3f8dEprW8w
"Schmalz, J. GmbH",Germany,Glatten,Hall 13 / A46,interpack2026.3012883,FVs1UeCRRAObH5h2jztXYw
Schmeing GmbH & Co. KG,Germany,Raesfeld,Hall 18a / D02,components2026.3045540,Js8RWOuKRse2kUmeu8YUEg
Schmucker S.r.l.,Italy,Romans d'Isonzo (GO),Hall 15 / A42-4,interpack2026.3068308,icxatVAzRci0SwaMFRqSJg
Schneider Electric GmbH,Germany,Düsseldorf,Hall 5 / A24,interpack2026.3038451,jOvQDavhTla0yDzuSu3Krw
Schobertechnologies GmbH,Germany,Eberdingen,Hall 8a / F60,interpack2026.3035384,DzgPJLbaT0eUUJnd07q0tA
Scholz Autoclaves,Germany,Coesfeld,Hall 5 / D41,interpack2026.3036234,1uMeMkZKSWqZ96oy2z2PMQ
Schubert Packaging Systems GmbH,Germany,Crailsheim,Hall 14 / D01,interpack2026.3027806,J4f2OgOYQA2pQzgwcjr24A
SCHÜTZ,Germany,Selters (Westerwald),Hall 10 / D22..E34,interpack2026.3006873,FbOAE9UhQwmwyK2g1kb92Q
Schutten Machines BV,Netherlands,Nieuw Vennep,Hall 6 / E74,interpack2026.3006797,aa45xCb2T7KPDo6y9U0UJw
Schüttler Technik GmbH,Germany,Crailsheim,Hall 18b / C04,components2026.3008775,Y9SxZXbiRNyujMxDbSXO0A
SCHÜTZ GmbH & Co. KGaA,Germany,Selters (Westerwald),Hall 10 / D22..E34,interpack2026.3006873,FbOAE9UhQwmwyK2g1kb92Q
Scolari Engineering S.p.A,Italy,Cinisello Balsamo (MI),Hall 1 / B07,interpack2026.3007113,6i2b0jklTKi5FS0M8HXsZg
Scott Automation GmbH,Germany,Kürnbach,Hall 14 / A35,interpack2026.3053756,WkDfiU5uT26UQzJxiF3bVA
Screen GP Europe BV,Netherlands,Aalsmeer,Hall 8a / E50,interpack2026.3039561,Zwc7XEbbR4uUVrGT48GYDg
SEA Vision s.r.l.,Italy,Pavia (PV),Hall 15 / B29,interpack2026.3008306,XEU7tE7WR0WOoHOLYYchYQ
"Seal & Pack Co., Ltd.","Korea, Republic","Icheon-si, Gyeonggi-do",Hall 10 / D81,interpack2026.3008016,QToTjFwOR9Of9UQuovt04A
"Seal King Industrial Co., Ltd.",Taiwan,Tao Yuan,Hall 10 / C04,interpack2026.3029650,NIAhn8gFQ2yECqvRUcbd6A
Sealed Air GmbH,Germany,Norderstedt,Hall 12 / B71,interpack2026.3058954,MLt5e4AMS2eeeyzI2a956Q
Sealpac GmbH,Germany,Oldenburg,Hall 5 / D19,interpack2026.3008177,Bo5GESQFQki0MM9FZxNeiA
Secomak Ltd.,United Kingdom of Great Britain and Northern Ireland,Elstree,Hall 11 / D74-02,interpack2026.3059435,se0VcwKGQ1m05Zp2oE7Q3Q
SECURIKETT Ulrich & Horn GmbH,Austria,Münchendorf,Hall 10 / B53,interpack2026.3007368,7RnyDLRBQLC3Sr5ygxx0ZA
Seda International Packaging Group S.p.A,Italy,Arzano (NA),Hall 10 / A40..B39,interpack2026.3008346,0ZS2XBm7TPudtA3ot3hkBw
See box corporation Corporate Limited,Taiwan,Taoyuan City,"Hall 7, level 1 / B41-4",interpack2026.3064000,4vlsbqiCSjyYkfUYe522Hw
Segbert GmbH & Co. KG,Germany,Ahaus,Hall 11 / F30,interpack2026.3008462,TgirblJyTY6BaTNYCBd8ug
"Sejong Pharmatech Co., Ltd.","Korea, Republic",Incheon,Hall 16 / A22,interpack2026.3022235,v48l89WFSxuHFiCC3VxeYA
SEKEROGLU KIMYA VE PLASTIK SAN. TIC. A.S,Türkiye,Konya,Hall 10 / C56,interpack2026.3007043,oajkfM3hS0ulZ9uyi5C0oQ
Sekisui Chemical GmbH,Germany,Düsseldorf,Hall 9 / C36A,interpack2026.3061769,12psgH92SpSTlo0sxF5cKg
Selectpack GmbH,Germany,München,Hall 7a / D13,interpack2026.3033313,dQAAVG4ZQnSKUXWU8UYblQ
SELEMATIC S.P.A.,Italy,Eboli (SA),Hall 11 / D12,interpack2026.3032117,ZKtsTHhmQGGnQQpu17SVcw
Selene spa,Italy,Lucca,"Hall 7, level 1 / C23",interpack2026.3010445,Zdivt0hXSxqOvYbgjkQSHA
Selig Group PLC,United Kingdom of Great Britain and Northern Ireland,Slough Berkshire,"Hall 7, level 1 / B06",interpack2026.3021861,PtvYxwwoQuuvkjvMGOIqTQ
Selmi S.r.l.,Italy,Bra,Hall 4 / A05,interpack2026.3008527,1jqcoacYRUuCfcAnVOu0uA
SEM PLASTIK SAN VE TIC. A.S.,Türkiye,Istanbul,Hall 10 / A67,interpack2026.3006901,PKf4L2xcRXujikfbcCI8kA
SEM Plastik San. ve Tic. A.S.,Türkiye,Istanbul,Hall 10 / A67,interpack2026.3006901,PKf4L2xcRXujikfbcCI8kA
sema Systemtechnik GmbH,Germany,Bünde,Hall 12 / E53,interpack2026.3049906,1WnNvcPiR9W4VU9kUgxypg
SEMET AMBALAJ SANAYI ANONIM SIRKETI,Türkiye,Karaman,"Hall 7, level 0 / B23",interpack2026.3022315,iVXSXSNKTEKejyHRVG7vxw
Seng Seng Plastic Co. Ltd.,Taiwan,Taipei,"Hall 7, level 1 / B41-8",interpack2026.3063813,UN5vasVYRPqvKhnkkkYLIQ
SENIUS Equipment Aps,Denmark,Tjele,Hall 3 / E35,interpack2026.3032305,e9DiubdfQ2ePwoODWrm74A
Sensum d.o.o.,Slovenia,Ljubljana,Hall 15 / C30,interpack2026.3007165,QvcDWBUySHOxehpynf5Ecw
SENSURE S.r.l.,Italy,Orio al Serio,Hall 3 / A03,interpack2026.3007218,mtdrZ0TyQ9K29FkdIUe8oQ
Sentez Grup Ambalaj A.S.,Türkiye,Dilovasi / Kocaeli,Hall 8a / B01,interpack2026.3039862,HGzodu0VS4Ce2uoQIxa1zA
Senzani Brevetti SpA,Italy,Faenza (RA),Hall 11 / E41,interpack2026.3007073,wfd0kLliRTK5HA7ya9TExg
SEPFIL ENGINEERS INDIA,India,"Gorwa, Gujarat",Hall 8b / G26-1,interpack2026.3066360,tiwJvl1yQFCnIMp23gJ4NA
Sepha Ltd.,United Kingdom of Great Britain and Northern Ireland,"Dundonald, Belfast",Hall 16 / F38,interpack2026.3007335,dCHrmlVnSG2l2KTbchTWSQ
SERA,Türkiye,Manisa,Hall 10 / E39A,interpack2026.3037675,0ubTYQgXQJad6k9cwlk2Mw
Serac Group SAS,France,La Ferté-Bernard,Hall 13 / B63,interpack2026.3032970,3MDsl2MlShCozrnXPIEIpw
SERDAR PLASTIK VE AMBALAJ SAN. A.S.,Türkiye,Istanbul,Hall 9 / J31,interpack2026.3023909,u2s1irnWSsa6tilZPdu9FQ
Serisoft GmbH,Germany,Paderborn,Hall 7a / C10,interpack2026.3062926,9uKZVcmNQtWlNmPGqchhhw
Serpa Packaging Solutions LLC,USA,"Visalia, CA",Hall 13 / A75,interpack2026.3075904,yM3M3Mx2RKWfT3MKQVdmag
SERSAN PLASTIK SAN. VE TIC. A.S.,Türkiye,Arnavutköy/İstanbul,Hall 9 / C14,interpack2026.3006672,U5LHenS9R1qMpw1W2eof5g
Sesotec GmbH,Germany,Schönberg,Hall 11 / D40,interpack2026.3006822,578NxFSFT7qzGLI7DOCmEA
Set Makina San. ve Tic. A.S.,Türkiye,Istanbul,Hall 13 / C73,interpack2026.3009571,qaucjPR1SNuYCSKW3d0J2A
"Seven Castle Enterprise Co., Ltd.",Taiwan,New Taipei County,Hall 4 / D05,interpack2026.3010032,Fj3TlMdyRhWNBx9ywJiWlA
Seven Fluss S.r.l.,Italy,Varallo Pombia (NO),Hall 13 / B45,interpack2026.3037944,8WIHTCayQwGpBDsT3IFaww
SEW-EURODRIVE GmbH & Co. KG,Germany,Bruchsal,Hall 6 / C49,interpack2026.3014122,Xv7l6AuSQvS2qhwj4sc4fQ
SEYHAN AMBALAJ MAK.YEDEK PAR SAN TIC LTD,Türkiye,Istanbul,Hall 6 / A44,interpack2026.3007358,OBXypOoVSj6yzN2mHx6ErQ
SEZERSAN MAT. VE AMB. SAN TIC A.S.,Türkiye,Konya,Hall 9 / G36,interpack2026.3012099,x3MIli8gTvqmnUYSErmhnQ
SGT GROUPE SAS,France,Reze,Hall 9 / G20..H21,interpack2026.3036006,v32NGyfYQvuCtaiDkYrQww
Shako Flexipack Pvt. Ltd.,India,"Mumbai, Maharashtra",Hall 8a / E11,interpack2026.3006968,HihuFkSlSAeqiRgFnWNl1A
Shalam Packaging LTD,United Kingdom of Great Britain and Northern Ireland,"Basildon, Essex",Hall 10 / E06,interpack2026.3038386,iMFQLvnnQY6S0SqlSBlu5A
"SHANDONG ARROW MACHINERY CO.,LTD",China,"Jinan, Shandong",Hall 8b / H17-2,interpack2026.3064961,MS2M58tQTum5NJ4lGCFryg
"SHANDONG BOLI IMPORT AND EXPORT CO.,LTD.",China,"Jinan, Shandong",Hall 7a / D21,interpack2026.3063798,xqJX0PrkQS6Gz5OwksEnnQ
"SHANDONG DMPACK TECH CO., LTD.",China,Jining,Hall 10 / C53A,interpack2026.3055009,PgFiG774SrixgbNSrqqWig
"Shandong Henglian New Materials Co., Ltd",China,"Weifang, Shandong",Hall 8b / H46-3,interpack2026.3066039,3xMxAtdzQuGiVbzKXMS84Q
"SHANDONG HONGHE PLASTICS CO.,LTD",China,"Rizhao, Shandong","Hall 7, level 2 / A14",interpack2026.3074883,qZOp54BUQpuP0rGqHC5iWw
"Shandong Kingson Packing Tech Co., Ltd.",China,"Jining, Shandong","Hall 7, level 0 / C04",interpack2026.3007912,CnnxqJOURLS0qkF6MaSEOA
"Shandong Ruian Biotechnology Co., Ltd.",China,"Jining City, Shandong Province",Hall 8b / H41-5,interpack2026.3066049,pGLh8iNtQd6OLkxk9SjPgw
SHANDONG SLING & STRAP CO.LTD.,China,"Yantai, Shandong","Hall 7, level 2 / D11",interpack2026.3023171,S57vivipQR6NSExqhkQQCQ
"SHANDONG TAIKANG BIODEGRADABLE PACKING MATERIALS CO., LTD.",China,"Jining City, Shandong",Hall 8b / H40-8,interpack2026.3065790,HGRxuwz5Ti2Yt09TwPUvHg
"SHANDONG YAXIN PLASTIC PACKAGING CO.,LTD",China,Linyi,"Hall 7, level 1 / C01",interpack2026.3062127,odvFQl4kSbiVIHJbBCVeEg
"Shandong Youxin Packing Material Co., Ltd",China,Zaozhuang,"Hall 7, level 2 / D46-3",interpack2026.3064848,bnkgaPx3Tg2CNXYR3DYXOg
Shanghai Acepack International Trade Co. LTD,China,Shanghai,Hall 17 / A41,interpack2026.3063657,4sGHCn78S3ifs5YTLwzg8g
Shanghai Acepack International Trade Co. LTD,China,Shanghai,Hall 8b / H18-3,interpack2026.3066058,ymKXq9gcTdynidVHOVLDjA
"Shanghai B&L International Co., Ltd.",China,Shanghai,"Hall 7, level 2 / G46-4",interpack2026.3064727,6qyJBHiwSluQ4ZucZeT4lg
"Shanghai Baixin Material Co., Ltd.",China,Shanghai,"Hall 7, level 2 / A06",interpack2026.3067817,YBBgE5z7Q82Nx7567KL7ag
"Shanghai BHI Instrument Co., Ltd.",China,"Pinghu City, Zhejiang Province",Hall 11 / D07,interpack2026.3007850,pXd07IiESbWvAZnmcTvs5Q
"Shanghai Blopak New Material Co., Ltd",China,Shanghai,"Hall 7, level 1 / A20",interpack2026.3007955,ddqY6z5jToezoORuSWkRPg
"SHANGHAI CHAOSHANG INDUSTRIAL CO.,LTD",China,Shanghai,"Hall 7, level 2 / B38-4",interpack2026.3066989,6d8tLcncQT2vZO213HyssA
"Shanghai Demac Machinery Equipment Co., Ltd.",China,Shanghai,Hall 8b / H79-3,interpack2026.3068355,zEwZXeMJSASpwItZx0oBKw
"Shanghai DiKai Coding Technology Co., Ltd.",China,Shanghai,Hall 8b / G41,interpack2026.3058856,PdlXZgFqRkOcogcza5lcLw
Shanghai Forests Packaging Group Co. Ltd,China,Shanghai,"Hall 7, level 2 / D44-1",interpack2026.3065396,jozhFzMSRLKePWeCdaCzyQ
"Shanghai Grepack Packing Machinery Co., Ltd.",China,Shanghai,Hall 8b / H18-8,interpack2026.3064610,jbFHNo9bRT6gCEYjr8EmUg
"Shanghai Hengyuan Macromolecular Materials Co.,Ltd",China,Shanghai,"Hall 7, level 2 / G46-3",interpack2026.3066999,Akvp2KY8TXerKAKmDnW8RA
"Shanghai Huaqi Industrial Co., Ltd",China,Shanghai,"Hall 7, level 2 / E43-1",interpack2026.3067142,mZxyQgirRsuoY0Lny4LrOQ
"Shanghai Jiuxie Machinery Co., Ltd.",China,Shanghai,Hall 18a / D18,components2026.3042701,SafgOfYuRpSVNT65L2ktDQ
"ShangHai LWT Intelligent Technology Co., Ltd.",China,Shanghai,Hall 8b / H46-7,interpack2026.3066077,ZUfosTrGQK2vqWJRMNS32Q
"SHANGHAI MENGYA PLASTIC INDUSTRY CO.,LTD",China,Shanghai,"Hall 7, level 2 / B15",interpack2026.3070806,hYc6XPz0RtqiOhlElVa7aA
"SHANGHAI MINGHUI TECHNOLOGY DEVELOPMENT CO., LTD.,",China,Shanghai,Hall 18b / G11,components2026.3016947,9O2s9z4fRIe7BuN6zS11jA
"SHANGHAI RADIANT PACK TECHNOLOGY CO., LTD",China,Shanghai,"Hall 7, level 1 / A42",interpack2026.3074986,3uRFtaXMSaypbHd7VI2kCg
"SHANGHAI ROCKY INDUSTRIAL CO.,LTD.",China,Shanghai,"Hall 7, level 2 / A05",interpack2026.3007365,5PYVDvibT2GGPj4mpnDcrg
"Shanghai Rui Mei Packing Material Co., Ltd",China,Shanghai,"Hall 7, level 1 / B43",interpack2026.3014785,YFtRQuv1SvOotors9C1HhA
"Shanghai Ruijijinhong Packing Machinery Co., Ltd.",China,Shanghai,Hall 15 / D20-9,interpack2026.3066940,3g6OMyyLTbGdw4sKolkfzw
"SHANGHAI TANGKE NEW MATERIALS TECHNOLOGY CO.,LTD.",China,Shanghai,"Hall 7, level 2 / A42-2",interpack2026.3067144,UV2UPo7GR62wifi4bIpbBA
"SHANGHAI TOPACK LOGISTICS EQUIPMENT CO., LTD.",China,Shanghai,"Hall 7, level 2 / E43-3",interpack2026.3066963,93JfpjViSVOWVMjM78tVYQ
"Shanghai UPG International Industry & Trade Group Co., Ltd.",China,Shanghai,Hall 8b / G34,interpack2026.3033797,noqLcWZAREa3sETLM7sS7g
"Shanghai Vixdetect Inspection Equipment Co.,Ltd",China,Shanghai,Hall 6 / C46,interpack2026.3007844,NVEoNAYRQWKfQagGgIrhCQ
"Shanghai We Pack Co.,Ltd.",China,Shanghai,"Hall 7, level 2 / B06",interpack2026.3064840,cPPFgk75Ssq12ZbEhmjENQ
Shanghai Yanjie Technology,China,Shanghai,Hall 8b / F07,interpack2026.3035584,20rhUEbOQnyqcIezluXCMQ
"Shanghai Yanjie Technology Co., Ltd",China,Shanghai,Hall 8b / F07,interpack2026.3035584,20rhUEbOQnyqcIezluXCMQ
"SHANGHAI YONGGUAN ADHESIVE PRODUCTS CORP., LTD.",China,Shanghai,"Hall 7, level 0 / B18",interpack2026.3010432,PNjd6HgHSPalzZOqgtzRQQ
"SHANGHAI YUCHANG INDUSTRIAL CO., LIMITED",China,Shanghai,Hall 8b / H17-3,interpack2026.3064670,f9YhHYhjQoO3JXpz47XdrQ
"SHANGHAI YUYIN INTERNATIONAL TRADING CO.,LTD.",China,Shanghai,Hall 8b / H18-9,interpack2026.3067592,gf58NxExT06eiKKGGbHq6g
"Shanghai Zhongda Wincome Co., Ltd.",China,"Hangzhou, Zhejiang","Hall 7, level 1 / B23",interpack2026.3014858,AQ7s2pN9T4SMDSIAiS8y5g
"Shanghai Zhoutai International Trading Co.,Ltd.",China,Shanghai,Hall 8a / C01,interpack2026.3044626,QyqmaRJtSyW3zKCXdqZ7ew
"SHANGHAI ZILI STRAPPING CO., LTD",China,Shanghai,"Hall 7, level 2 / C44-1",interpack2026.3067151,k9Ab8Lb5SMWYsbT380ynvg
"Shantou Dachuan Machines Co., Ltd.",China,"Shantou, Guangdong",Hall 9 / F07,interpack2026.3074504,vP5ikudBR6mGxQPeX5nLNw
"SHANTOU JINMAO COLOR PRINTING CO., LTD.",China,Shantou,"Hall 7, level 1 / A15",interpack2026.3069490,r0rNAlQySaGoPMDvWQYMwg
"SHANTOU LINGHAI PLASTIC PACKING FACTORY CO.,LTD.",China,"Shantou, Guangdong",Hall 8b / H80-23,interpack2026.3067002,frrHfVMNSqKPGcVQHXQjQA
"Shanxi Yuhe Plastic Co., Ltd.",China,"Shuozhou, Shanxi","Hall 7, level 1 / A42",interpack2026.3073985,S6kcdiJeQwaeKQBFH5qqCQ
"SHAOXING HENGYONG PACKAGING PRODUCTS CO., LTD",China,"Shaoxing, Zhejiang","Hall 7, level 2 / A46-9",interpack2026.3067001,3O8tBKODQeunYppRY8KGgQ
"Shaoxing Xiangyu Green Packing Co., Ltd.",China,"Shaoxing, Zhejiang","Hall 7, level 2 / E29",interpack2026.3011165,FJ3xwF8rTEuvKtEFC3jWmQ
SHB GmbH,Germany,Crailsheim,Hall 9 / D04,interpack2026.3007666,5SZqOkGVRqiwZYhAG5akig
"SHENG FON PLASTIC MACHINE CO., LTD.",Taiwan,Chia yi City,Hall 12 / A77-5,interpack2026.3056303,9yfUSWWkTXaOtZvcaGPA9A
"Shengding Pharmaceutical Machinery (Jiaxing) Co., Ltd.",China,"Jiaxing City, Zhejiang",Hall 8a / B08,interpack2026.3075099,ASJ55EiuSHKwN2zSm6s2vw
"Shenyang Rustproof Packaging Material Co., Ltd.",China,Shenyang,"Hall 7, level 1 / B25",interpack2026.3012560,2vUxQjSYSBmQVEEOzGkwDQ
"shenzhen changsheng sign co.,Ltd",China,Shenzhen City,"Hall 7, level 2 / D46-4",interpack2026.3064726,1Xu9ftYuSBSUoJoRgZjVSA
"Shenzhen Gurki Packaging Machine Co., Ltd.",China,"Shenzhen, Guangdong",Hall 11 / A12,interpack2026.3010475,hREjyCXPTN2nTf2hDD4AGQ
"SHENZHEN RUNTIANZHI DIGITAL EQUIPMENT CO., LTD.",China,"Shenzhen, Guangdong",Hall 8b / H80-14,interpack2026.3068354,Ug69oDuwQCi07vQwvVMcfg
"Shenzhen Setinya Packaging Co.,Ltd.",China,Shenzhen,"Hall 7, level 2 / G21",interpack2026.3060562,vHqoPjeUQgShwEVAgghIjA
"Shenzhen Swift Automation Technology Co., Ltd.",China,Shenzhen,Hall 18a / G21,components2026.3074110,xbKVwjmGSDmDpU56XkmYIg
"Shenzhen YiShangMei Technology Co., Ltd",China,"Shenzhen, Guangdong","Hall 7, level 2 / A46-11",interpack2026.3067169,4K7m4YHMTsSNdhI8w4obPA
"Shenzhen YUTO Packaging Technology Co., Ltd.",China,"Shenzhen, Guangdong",Hall 9 / J26,interpack2026.3007324,0L6ZeUECSXaqWRCydT3GfA
"SHENZHEN ZHONGFU PACKAGING TECHNOLOGY CO.,LTD",China,"Shenzhen, Guangdong",Hall 8b / H80-19,interpack2026.3069387,x2OhoZ7lQDKz1V9Up9Jshw
Shick Esteve Cooperative,France,Rians,Hall 4 / C23,interpack2026.3067638,XzjcPOzPQMeshQoGYakPhg
"SHIJIAZHUANG ZHONGCHENG QIHANG PLASTIC INDUSTRY CO.,LTD.",China,Shijiazhuang,"Hall 7, level 2 / A43-5",interpack2026.3067153,s9mjKHMKQuCSYX6h3HL2ew
Shri Maa Polyfabs Ltd.,India,Kolkata,Hall 10 / C73,interpack2026.3041841,DaHMkkqlTAeckcuxgESRhA
Shrinath Flexi Pack Pvt. Ltd.,India,"Hyderabad, Telangana","Hall 7, level 1 / C43",interpack2026.3008005,tL735nR9Qfyu3WVZca1xxQ
Shrinath Rotopack Pvt. Ltd.,India,Hyderabad,Hall 8a / E01,interpack2026.3008366,Ni97zNjxQkiwvpDNF7JyFA
Shuffle-Mix B.V.,Netherlands,Barneveld,Hall 3 / D85,interpack2026.3049615,f1cEl2v8R3ChmrdEwuGEpQ
"Shun-Yi Machinery Engineering Co., Ltd.",Taiwan,New Taipei City,Hall 15 / D03,interpack2026.3030694,zW1BAdFHQMqCmZY8Jq2hJQ
Shuttleworth N.V.,Belgium,Zulte,Hall 13 / A75,interpack2026.3072437,P4cDq42rRQCH6GFRzWmDwA
SIAPI srl a socio unico - sottoposta a direzione e coordinamento di CFT S.p.A.,Italy,San Vendemiano (TV),Hall 13 / C34,interpack2026.3067574,4oiv5DNySMusoPbo1VgjpA
Siat S.p.A.,Italy,Turate (CO),Hall 12 / C53,interpack2026.3037651,JsjKINTZQI6t1Xt61mBwqg
SICA packaging & robotics BV,Netherlands,Amstelveen,Hall 1 / A52,interpack2026.3075271,xSox01AuSdeY0j1hiUIjBg
SICAD S.p.A.,Italy,Uboldo (VA),"Hall 7, level 0 / B10",interpack2026.3007369,FzRW4DblSW6380ozP114Zw
sicht-pack Hagner GmbH,Germany,Dornstetten,Hall 9 / C01,interpack2026.3007664,SAVncn9kSBKOWyELxogL1Q
SICK Vertriebs-GmbH,Germany,Düsseldorf,Hall 11 / G74,interpack2026.3031476,rTlUpkRGSGCc3eA45RSV3A
SIDE Protech s.r.l.,Italy,Loria,Hall 3 / F73,interpack2026.3058204,ja76P4m1R42mcrP6rOV0kw
Sidel S.p.A.,Italy,Parma,Hall 13 / B47,interpack2026.3038396,X68KE4szTjKovnD3oZNx6Q
SIDSAM FORMILAN MACHINES PVT. LTD.,India,Faridabad (Haryana),Hall 11 / F64,interpack2026.3007954,hWk6ehRRQAOwEUJSExXbqw
SIEBECK GmbH,Germany,Eberbach,Hall 13 / D16,interpack2026.3007468,h59lBIEVRgqXaupmLPQkCg
Siebler,Germany,Karlsruhe,Hall 16 / D22,interpack2026.3007274,mZvV1w9MQ1G94AALdt9ELg
Siemens AG,Germany,Erlangen,Hall 6 / D27,interpack2026.3037787,eh1cNPQXRhOIpPfpROFstg
SIEMPHARMA S.R.L.,Italy,Aprilia (LT),Hall 15 / B17,interpack2026.3039655,6ylvK9CDTdCkc06tCe22aw
SIGA Vision,Netherlands,Wijchen,Hall 6 / C43,interpack2026.3033511,J7050O45TvKXPkAEfy9Ytg
Signode System GmbH,Germany,Dinslaken,Hall 12 / E36,interpack2026.3007190,m1bGOwWMT1CD49XzSlfIJQ
SIKO GmbH,Germany,Buchenbach,Hall 12 / A46,interpack2026.3007243,6URGYW7mRcOcVj3xXltlqg
Silfa metal packaging s.r.l.,Italy,Sulbiate (MI),"Hall 7, level 0 / C02",interpack2026.3034411,yEC2cSIRSSm56QC8oe4tlA
Silgan Dispensing Systems Corp.,USA,"Richmond, VA",Hall 10 / A97,interpack2026.3007300,2sjlavrTTT6pWMMwRU2wHA
Silikomart srl,Italy,Pianiga,Hall 4 / F04,interpack2026.3021887,01U2lr2KSiiVK6gAd8npPw
SILVESTRI S.R.L.,Italy,Fontaniva,Hall 3 / D66,interpack2026.3024215,b3Rw8HbYQAyxyNUWPKDNow
Simaco GmbH,Germany,Burgbrohl,Hall 8b / F27,interpack2026.3008289,oP1LWWmDQOClSgO5rjhn6A
Simco (Nederland) B.V.,Netherlands,Lochem,Hall 12 / E75,interpack2026.3034036,QDw3FIQGQkWxopTrpfeeKw
Simplex Chemopack Private Limited,India,Nagpur,Hall 10 / D80,interpack2026.3007371,U1egFTePT8mSPARtEEtW8A
Simsek Ambalaj Sanayi ve Ticaret A.S.,Türkiye,"Cigli, Izmir",Hall 7a / D25,interpack2026.3055437,pWO1Bv7dRFC7VklMAAq9hA
SİMSEK PLASTİK SAN.VE TİC.A.S.,Türkiye,Konya,Hall 10 / C13,interpack2026.3015607,5RdyFSEbQfWc3W9eBRziXg
Sinanli Ambalaj Sanayi ve Dis Ticaret Limited Sirketi,Türkiye,Kocaeli,Hall 9 / G22-1,interpack2026.3056928,8pMwUYF1R6O8OYwg5eb7Jg
SIPA S.p.A.,Italy,Vittorio Veneto (TV),Hall 13 / B64,interpack2026.3024153,9FHvaxBmRgaoECG0MSK6vw
Sipospack Ltd,Hungary,Sóskút,Hall 8a / E22,interpack2026.3067178,tnqkR1wiQXihXUkRJcYcGw
SIPRO Srl,Italy,Verona,Hall 6 / A32,interpack2026.3007479,UItFzyFkTfahVdoCvWLUXg
ŞİRİN PLASTİK SAN. TİC. A.Ş,Türkiye,Bayrampaşa/ İstanbul,"Hall 7, level 1 / C37-6",interpack2026.3058614,OKb4UtZATfigwda2WvWalA
SIRIUS VISION s.r.l.,Italy,Lomazzo (CO),Hall 15 / C09,interpack2026.3050571,fpkcT5orTGiLeAPr7NCEUA
SISTEMAS DE EMBALAJE SORSA S.A.,Spain,Santa Perpetua de Mogoda,Hall 12 / E29,interpack2026.3024580,uZhCQpzuTUallaRGEj0pZg
SIT GROUP S.p.A.,San Marino,Faetano,Hall 10 / A68,interpack2026.3024565,dUyS0adORpKJPslrZxYVNA
SIT S.p.A.,Italy,Cusago (MI),Hall 18a / F03,components2026.3072179,Plx1CQnJSvae0uM87tALdQ
"SK PACK CO., LTD.","Korea, Republic","Gwangju-Si, Gyeonggi-do",Hall 6 / E09,interpack2026.3065348,i7RhX22bRGqV3cbhafRMqQ
SK Simple Konzept GmbH,Germany,Düsseldorf,Hall 7a / D21,interpack2026.3055451,MPXT7gf8QUKnjb1BPlhnMQ
SKIPTER LTD.,Bulgaria,Sofia,Hall 8a / B05,interpack2026.3013947,EJPucZSTRrek3iFZFk2ckQ
"SKY SOFTGEL.CO., LTD","Korea, Republic",Incheon,Hall 15 / B18,interpack2026.3007160,ixncRE3xSjKgAPG4jl6dIw
"SKYCUT TECHNOLOGY CO., LTD.",China,Shenzhen,Hall 15 / D13,interpack2026.3069368,tF8arMf0QMmXyMbXAlRWvg
Sleegers Technique B.V.,Netherlands,Nieuwkuijk,Hall 5 / D38,interpack2026.3072353,HjH4sV4ATbi53rAFCmZUwA
Sleeve Technology BV,Netherlands,Deurne,Hall 13 / B93,interpack2026.3006852,G8r0QfCsRwGZTFvBlS6j4w
Sleever,France,Morangis Cedex,Hall 13 / C46,interpack2026.3007947,ZnvGmS58Tgq0cHhHOMbHZQ
Sleever International SASU,France,Morangis Cedex,Hall 13 / C46,interpack2026.3007947,ZnvGmS58Tgq0cHhHOMbHZQ
"Sleevit, a BW Packaging brand",USA,"St. Louis, MO",Hall 6 / C79,interpack2026.3011593,83pzX1c4Q26YFlyAUgCNuA
SMART CUP - S. KASIMATIS S.A.,Greece,Chania,Hall 10 / C72,interpack2026.3034244,q6TkIIwJRLaBBPg0rGN8IA
Smart Robotics B.V.,Netherlands,Best,Hall 1 / C15,interpack2026.3072754,1WIfXwDnT8CN2bjz9GwJYw
"Smart Wasp Intelligent Technology (Suzhou) Co., Ltd.",China,Suzhou,Hall 12 / A04,interpack2026.3016518,7WqKS4SxTZm7oZwEiPzQuw
"Smart Weigh Packaging Machinery Co.,Ltd",China,"Zhongshan City, Guangdong",Hall 14 / B15,interpack2026.3006828,Fpz9fluPSlWXcpaS2ZQ9fA
SMARTLINK Inc.,"Korea, Republic",Incheon,Hall 15 / C01,interpack2026.3032110,4aI2FNAyTo69JkB0DQNJeg
Smartvac GmbH,Germany,Ibbenbüren,Hall 4 / C25,interpack2026.3074625,pjTLXjc0RBmhoLjduSFQ0g
SMC Deutschland GmbH,Germany,Egelsbach,Hall 12 / A47..A51,interpack2026.3016397,Abl9Um5ATY2v1y4SUSeoOA
SMF Health GmbH,Germany,Benningen am Neckar,Hall 15 / A24,interpack2026.3072739,4Pnpivj4Shiot1QL2Fbrsg
SMI S.p.A.,Italy,San Giovanni Bianco (BG),Hall 13 / B15,interpack2026.3009567,HPbbfvLJTRy4ksEL5VNYNg
SMIPACK S.p.A. Gruppo IVA SMI INDUSTRIES,Italy,San Giovanni Bianco (BG),Hall 13 / B15,interpack2026.3072616,ZInFaKeGQYijEuD9WoOfUg
SN Maschinenbau GmbH,Germany,Wipperfürth,Hall 6 / A61..A62,interpack2026.3011591,1JkFPpyZQQKU2mVfHfaVLw
Snc Nakliye Plastik San. ve Tic. A.Ş,Türkiye,Arifiye/Sakarya,"Hall 7, level 2 / C01",interpack2026.3006977,huo7e56PTsKLJGLghKsoAg
Sneyders NV,Belgium,Herentals,Hall 15 / D19,interpack2026.3007142,mqS0tTbuQd6dLr6sg1UDZw
SNICK AMBALAJE SI CONSUMABILE SRL,Romania,Buzau,"Hall 7, level 1 / A30",interpack2026.3038390,CP7MAR65RCaKAaYlsxf9hQ
so-matec Yilong GmbH,Germany,Schwäbisch Hall,Hall 6 / E70,interpack2026.3007280,N662O5xDSsy7zd3R99VEQw
SO.D.E.M.I SRL,Italy,Brescia,Hall 7a / D01,interpack2026.3043345,4LJd99cFQqyiBH193j81Tg
SOC. COOPERATIVA BILANCIAI CAMPOGALLIANO,Italy,Campogalliano (MO),Hall 11 / D51,interpack2026.3007103,A8Vp7VZOTbK5ZwK1Dwh5bw
Socaps SA,France,Rouen,Hall 7a / C28-5,interpack2026.3063323,jMXlvCgcRbW3Bo9dD7mDag
Societa Base Coop. S.r.l. New & used machines,Italy,Solaro (MI),Hall 4 / A49,interpack2026.3034199,WwtWaNy7S9OGjkgxYOHryA
SOCIETE NOUVELLE PAKEA FRANCE,Germany,Aue-Badschlema,Hall 8a / B65,interpack2026.3040668,33r6zXD8RoiQ3dSmYde39Q
Söhnel Maschinenbau GmbH,Germany,Baltmannsweiler,Hall 16 / B72,interpack2026.3034650,271KyCjITj2dmeF1yJjqMQ
"Sojet Marking Technology (Xiamen) Co., Ltd.",China,Xiamen,Hall 8b / H58,interpack2026.3010200,MRReusJUQMGjtvMDjbLfzg
DEVEX SOLAR GOLD,Germany,Warendorf,Hall 3 / E91,interpack2026.3065380,JuWQ7OD0S4C0r7oLR5PnMg
Solem Ambalaj Tic. Ve San. Ltd. Şti.,Türkiye,Istanbul,Hall 8a / F18,interpack2026.3006882,iniTweAKTdyZNnn9dBjA2g
Sollas Deutschland GmbH,Germany,Korschenbroich,Hall 14 / A74,interpack2026.3007800,UnrKl4I4R8ST71wQn5MpiQ
Sollich KG,Germany,Bad Salzuflen,Hall 3 / F20,interpack2026.3009919,rsGaEwLORdmS39WMWN6iqA
Sollich KG,Germany,Bad Salzuflen,FG Hall 4 / G,interpack2026.3060992,xXTCHTO1SSeiugjrUvExMA
"Somengil, S.A",Portugal,Lisboa,Hall 4 / B28,interpack2026.3049614,1BlMWyodTqedtYCsbufVMw
SOMIC Verpackungsmaschinen GmbH & Co. KG,Germany,Amerang,Hall 14 / A02,interpack2026.3009794,YhiKS6E2SRW9J5ezP4hQYA
Sommetrade,Spain,"SAN ADRIAN, Navarra",Hall 13 / D47,interpack2026.3012879,sVtdenD0QAO1OFKewDa7xQ
SOMTAS CONVERTING EQUIPMENT SOMTAS MAKINA AMBALAJ SANAYI VE TICARET ANONIM SIRKETI,Türkiye,Istanbul,Hall 8a / E60,interpack2026.3024492,IAggDbmBS1GPgkQmVOwixg
Sonic Italia S.r.l.,Italy,Mazzo di Rho (MI),Hall 12 / A07,interpack2026.3027801,FEDSv8XFTNicaNKGUJ6CpQ
Sonoco Consumer Products Europe GmbH,Germany,Hockenheim,Hall 9 / C34..D31,interpack2026.3008776,kigcupAITY2WuSnn4wmbeQ
SORA MACHINE SAN. VE TIC. LTD. STI.,Türkiye,Catalca Istanbul,Hall 15 / C02,interpack2026.3015779,WJck9AXeS1S4dpDJLmTetQ
Soren srl,Italy,Corsico (MI),Hall 4 / C35,interpack2026.3007154,FcfD4xT3RBiUdCDqspWBQQ
Soroplast Ind e Comércio de Artefatos Pl,Brazil,Sorocaba,"Hall 7, level 1 / D07",interpack2026.3069422,YEEBdLxzTruVYh48TB3CYg
SOST srl,Italy,Santorso (VI),Hall 3 / E95,interpack2026.3029285,Z3vNCHD9RhS8m84Usah0xw
Sotemapack s.p.a.,Italy,Anzola Dell'Emilia,Hall 13 / A47,interpack2026.3057482,XERtYY9KQMKlygF1C8lPsw
Soudronic AG,Switzerland,Bergdietikon,Hall 7a / B24,interpack2026.3038379,PNxh3Rs7Qt24wr0mxqnFng
Sowin Group Limited,China,"Wenzhou, Wenzhou, Zhejiang","Hall 7, level 1 / A19",interpack2026.3065793,R5i419dhTU6fdhmHR3RSHg
SP International Industries Private Limited,India,"Prabhadevi West, Mumbai","Hall 7, level 2 / E23",interpack2026.3007974,M03S8avGTiaWjoR5mSzd0A
Spacevac International AB,Sweden,Sollentuna,Hall 18a / G04,components2026.3051461,vpdvfVvtSXyHWJtMYzybEA
SPAN INSPECTION SYSTEMS PVT LTD,India,Gujarat,Hall 15 / C11,interpack2026.3007649,NYSiiADhRCeovumk5ZHkvQ
Specialty Polyfilms (India) PVT. LTD.,India,"Aurangabad, Maharashtra","Hall 7, level 1 / A18",interpack2026.3021860,SqvM2tARQ36DyJTv09NJEQ
"SPEED INTELLIGENT TECHNOLOGY JIANGSU CO.,LTD",China,Nantong,Hall 8b / E85,interpack2026.3006866,MeXvyqboR6uUwTzXCHOOfA
Spice Application Systems Ltd,United Kingdom of Great Britain and Northern Ireland,Didcot,Hall 1 / A48,interpack2026.3010059,jqqfwmrSQECxNNIGNzVrbQ
Spiromatic N.V.,Belgium,Nazareth,Hall 3 / D73,interpack2026.3039658,D92m6m84ROGz5WTARvMc6w
Spitze AB,Sweden,Skottorp,Hall 12 / C17,interpack2026.3031637,kgBmDLToRcyU96GG5r2hEg
Spookfish Innovations B V (EU),Netherlands,Eindhoven,Hall 15 / D57,interpack2026.3008525,3cXluOtoQOOYKPUvwmhCZg
Spooner Vicars Inc.,United Kingdom of Great Britain and Northern Ireland,"Golborne, Wigan",Hall 3 / A55,interpack2026.3070876,1BODhZeDRW27rXwTcC4TQg
SPOTLIGHT Forum,Germany,Düsseldorf,North Entrance B / B,interpack2026.3054351,XaZmJuIxSaOjww2mARZEOw
Sprematec GmbH,Germany,Steinfeld,Hall 1 / A07,interpack2026.3022234,51P5fE1jSDC2cy3jcIJ6ZQ
SPS Italiana Pack Systems S.P.A.,Italy,Bogogno,Hall 13 / A03,interpack2026.3066835,zjANj8L9Q3KFPv9siwf65Q
Squeeze Solution,Finland,Jakobstad,Hall 10 / A14,interpack2026.3039510,ANSjrJKtTGiMu6q0IZhAqg
Squid Ink,USA,"Brooklyn Park, MN",Hall 8b / F26,interpack2026.3037776,OiRmbknqQpaq42vdt8Lc9A
SRF Limited Performance Films & Foil Business,India,Haryana,"Hall 7, level 0 / A17",interpack2026.3047393,cQkwdToJQaK9AKujhKeQDg
Stahl Packaging Coatings Europe GmbH,Germany,Gerhardshofen,Hall 8a / E42,interpack2026.3039758,5eXMONvBRWuDs1p834xr4Q
STAKO GmbH Maschinenbau,Germany,Wolpertshausen,Hall 16 / D72-5,interpack2026.3038063,dNTfaSXrQIqrF9j3utAMew
Stampac GmbH,Germany,Murnau am Staffelsee,Hall 1 / A33,interpack2026.3007936,Z4RDdDinS3GgGM5r4ooqZQ
"STANDPACK CO.,LTD","Korea, Republic",Yongin-si,Hall 7a / C02,interpack2026.3065169,W6nsJ5ezRSuBTLUVeYpKkA
Star Pac India Ltd.,India,"Chennai, Tamil Nadu",Hall 12 / E76,interpack2026.3006846,zRxhRVjfRxS5tjFcFidNTA
STARKAP PLASTIK VE KIMYA SAN. TIC. A.S.,Türkiye,Istanbul,Hall 10 / C03-4,interpack2026.3057283,Cqu5l6zoTFyn7VCZuFM71w
Starkraft,Austria,Pöls,Hall 8a / B42,interpack2026.3006965,9xet1p43Ql21PScncAirVg
Starland Industrial Ltd,"Hong Kong, China SAR",Hong Kong,Hall 4 / A60,interpack2026.3039705,Rebv2UKBQg2fVaVghrWFxA
Starlinger & Co GmbH,Austria,Wien,Hall 11 / F20,interpack2026.3034631,MYAvk6XVRmSzyDYvBMw6bQ
START International,USA,"Addison, TX",Hall 8b / E36,interpack2026.3058852,VbwP0uo5Tg2rD0MhqqlP4A
StartUP Area,Germany,Düsseldorf,Hall 7a / C10,interpack2026.3057658,eJ8nWt14RvGgJUmEZ7iXPg
STATEC BINDER GmbH,Austria,Gleisdorf,Hall 11 / F19,interpack2026.3037648,FThqj9aZTFyld20QHzhGyg
Stäubli Tec-Systems GmbH,Germany,Bayreuth,Hall 15 / C38,interpack2026.3034473,T78NEmPtTryBL1qVvDlalg
STAVIAN HUNG YEN JOINT STOCK COMPANY,Vietnam,Hung Yen,"Hall 7, level 1 / A36",interpack2026.3036789,4eUDt3R0SuqmDgTBHocWDQ
Steinhaus GmbH,Germany,Mülheim an der Ruhr,Hall 3 / A22,interpack2026.3008542,Tmv7Sl3XR4GnqfD6ODyyaQ
STEMMER IMAGING AG,Germany,München,Hall 18b / C23,components2026.3060374,IvBrskXPRcqKGAK64QHz1w
STEPHAN,Germany,Hameln,Hall 4 / C59,interpack2026.3037982,CqwMdAWwRaOWAjO4IgLvJQ
Steriflow SAS,France,Clichy,Hall 5 / F42,interpack2026.3009795,NygnIO9CS6y7yavqlVnlGQ
Steriline S.r.l.,Italy,Como,Hall 16 / F15,interpack2026.3016925,kHkxl7cmSOyuGGts3Vtprw
Steritech SAS,France,Saverne,Hall 5 / C41,interpack2026.3016741,fKqBVEGKQROqNLKynZefOw
Sterivalves srl,Italy,Lucca,Hall 16 / A31,interpack2026.3057068,JGhNKsriS7ecJZ244cxJqw
Stevanato Group spa,Italy,Piombino Dese (PD),Hall 17 / B42,interpack2026.3007121,BeAQ6oojS52Ytie0ifzq8Q
Stoppil S.A.,France,Chanteloup en Brie,Hall 13 / A74,interpack2026.3008787,ay2Ino7NS3mpCAbTkTrNog
Stora Enso Oyj,Finland,Helsinki,Hall 8a / C31,interpack2026.3073576,sgfyAt8zTk239RD0F7RMSQ
Strapack Corporation,Japan,Tokyo,Hall 12 / D29,interpack2026.3007075,3Un0ZaJhTG6oPQDeBTnsYw
Stratasys GmbH,Germany,Rheinmuenster,Hall 8b / D07,interpack2026.3055774,JLjt8KzKQEqJy8S0m2g8Dg
STRIPFOIL Pharma Engineering Limited,United Kingdom of Great Britain and Northern Ireland,Oxford,Hall 16 / E13,interpack2026.3007193,r161pwBBQsSAlQCQ3iJ9Ig
Strubl GmbH & Co. KG,Germany,Wendelstein,Hall 10 / A01,interpack2026.3033386,Ymio3VZlSkmLZ3Uk7CzbVA
Sugden Ltd.,United Kingdom of Great Britain and Northern Ireland,Nelson,Hall 1 / A66,interpack2026.3039704,j66IcGVbR0mSRaDwMBMikA
"SUITPACK CO., LTD.",China,"Foshan, Guangdong",Hall 15 / D20-6,interpack2026.3066480,h3RxVshUThCwm1xsJAbrDw
Sumer Plastik ve Kagit San. Tic. A.S.,Türkiye,"Sultanbeyli, Istanbul",Hall 10 / A87,interpack2026.3026625,P80hGjlbQiyjQyV29JNL8A
"SUN & MOON TECHNOLOGY(SHANGHAI) CO., LTD",China,Shanghai,Hall 15 / B14,interpack2026.3007359,xttc87k5Q8qnvSFUvpD1ZQ
Sun Chemical Group GmbH,Germany,Frankfurt am Main,Hall 7a / B03,interpack2026.3007045,ZaVQ6vSWQXmlEbhj00RszA
SUN TEKNOVATION PVT LTD,India,Gandhinagar,Hall 15 / D01,interpack2026.3009869,7QUZQQ02RYiEvHdtW83DBg
Sunine Technologies Pte Ltd,Singapore,Singapore,Hall 8b / E83,interpack2026.3016761,cZTXEN4YTziM4VofMGo7xw
"Sunrise Material Co., Ltd.",China,"Jiangyin, Jiangsu",Hall 10 / C78,interpack2026.3010180,AVu9DRQ7RpOeY1hPjiSkvw
SUNSHINE (GUANGZHOU) LTD.,China,"Guangzhou, Guangdong",Hall 8b / H46-9,interpack2026.3064608,9H7vVsskQL6EaiGSA2GVAw
Sunvision Tekstil Ambalaj Malzemeleri San ve Tic. AS,Türkiye,Istanbul,Hall 10 / D01,interpack2026.3007918,53xc3FmJQSaKHX7a14Ge8A
"SUOB, S.R.O.",Czechia,Brumov-Bylnice,"Hall 7, level 2 / G26",interpack2026.3058249,IBI1SMprRWWPZLHUxxDlhg
SUPER FILM Ambalaj Sanayi Ve Ticaret A.S,Türkiye,Sehitkamil-Gaziantep,Hall 9 / C02,interpack2026.3008838,maCzAIXqTjCYQvaxPKZAdw
Superdry Europe B.V.,Netherlands,Brielle,"Hall 7, level 1 / E21",interpack2026.3008341,7JNfq4U0SwK5FCtSj7Aeuw
Supervac Maschinenbau GmbH,Austria,Mödling,Hall 5 / E24,interpack2026.3011597,F7Z5U8EXTX2Qq377tTHE6g
Supravis S.A.,Poland,Bydgoszcz,Hall 9 / D23,interpack2026.3058226,6ZMsXK1mQpWGcaGPCa8eFA
"Suqian Gettel Plastic Industry Co., Ltd",China,"Suqian, Jiangsu","Hall 7, level 2 / B38-1",interpack2026.3067013,0EiHsB6gRdOe2VDHygbvyQ
Surgent Polypack Private Limited,India,Rajkot,Hall 8b / G18-3,interpack2026.3067590,994n9RjmQbuatRNEOTXBZA
SURYA GLOBAL FLEXIFILMS PVT LTD,India,"Noida, Uttar Pradesh","Hall 7, level 1 / A07",interpack2026.3040574,1KHgoOg7QN6Qg1LMI2dUug
"Suzhou Best Automation Technology Co., Ltd.",China,"Suzhou City, Jiangsu Province",Hall 8b / H17-4,interpack2026.3066036,auj12jHOQ76TIFt1wT8VGA
"Suzhou Furi Intelligent Equipment Co., Ltd.",China,"Suzhou, Jiangsu",Hall 8b / G07,interpack2026.3020980,F5TJxmEcTVWZ09iYtvNXXA
"Suzhou Jinfeixin New Material Technology Co.,Ltd.",China,"Taicang City, Jiangsu Province","Hall 7, level 2 / A42-3",interpack2026.3067009,d5ycB4TyRyGPAfpq2aMCTw
"Suzhou Lucky Time Pack Material Co., Ltd",China,"Zhangjiagang, Jiangsu","Hall 7, level 2 / A46-10",interpack2026.3066973,AZaAavzSTj22wrmQPGiwug
"SUZHOU QINGXING PACKING TECHNOLOGY CO.,LTD.",China,Suzhou,"Hall 7, level 2 / B43-1",interpack2026.3067123,iz6J98OvTZex9KhUr3m2xw
Svenska Mässan Gothia Towers AB,Sweden,Gothenburg,Hall 12 / A09,interpack2026.3007835,WgW5OBVuSt6VdntKvCtlog
SVP Packing Industry Pvt. Ltd.,India,Mumbai,Hall 8b / G18-5,interpack2026.3066638,UDbryhAYTumuY14bLvg7Ug
SW ADHESIVE TAPE CO. LTD,China,"Qingyuan, Guangdong",Hall 8b / H79-8,interpack2026.3066064,5gDiYAxDTQKAsqVr4yLadQ
SW-PARATUS GmbH,Germany,Halle (Westfalen),Hall 11 / C41,interpack2026.3050021,VDwdIz6yRTC8toKC6cskXQ
Swiss Can AG,Switzerland,Berneck,Hall 7a / B11,interpack2026.3007307,yrANGTmQR82xSNOxMdfIeA
Swiss Pac Pvt Ltd.,India,Vadodara,"Hall 7, level 1 / C17",interpack2026.3007888,pMHVNl2VThqwfkdtjsQ9wA
Switchback Packaging Automation,Netherlands,Wijchen,Hall 6 / C43,interpack2026.3033511,J7050O45TvKXPkAEfy9Ytg
Switzerland Global Enterprise,Switzerland,Zürich,Hall 7a / B07..C15,interpack2026.3007301,D12LMhWDSp2AHKJGirUDUg
Switzerland Global Enterprise,Switzerland,Zürich,Hall 7a / C15,interpack2026.3043354,TXqzD9rLTDaguZiXV1M3ng
Sykell GmbH,Germany,Berlin,Hall 7a / C10,interpack2026.3055347,V1ACB0ETQuKrxf2RCbq2zA
"Symach | Thiele, a BW Packaging brand",USA,"St. Louis, MO",Hall 6 / C79,interpack2026.3011593,83pzX1c4Q26YFlyAUgCNuA
symex GmbH & Co. KG,Germany,Bremerhaven,Hall 15 / C29,interpack2026.3007153,N6TssBUsQ7qUppdrWcK0lQ
Synchropack S.A.,Spain,Montcada i Reixac (Barcelona),Hall 13 / B13,interpack2026.3009867,WiHqBm8PSMuaryBJJqTAeA
SYNCRO GROUP SRL,Italy,Busto Arsizio,Hall 8a / D52,interpack2026.3045002,d7kQ6MaZT6iVDpQAvXE28Q
Syntegon Technology GmbH,Germany,Stuttgart,Hall 6 / A31..B31,interpack2026.3038503,J3i16r7GQ3S0BfOQ1a6H4w
Syntegon Telstar Technologies S.L.U.,Spain,Terrassa,Hall 6 / A57,interpack2026.3071657,GV55wtWeRXupqkllHaTKzw
Systech International Inc.,USA,"Princeton, NJ",Hall 15 / D30,interpack2026.3068180,BtgvSkJlSBOVDknQOrRATA
SYSTEM SQUARE Europe GmbH,Germany,Düsseldorf,Hall 11 / A31,interpack2026.3007195,7GKMbFdaRve250dRL29iHQ
T-TEK,USA,"Montgomery, AL",Hall 6 / B73,interpack2026.3075927,ko5SmZ7rS92Sg0iQCdtU3g
T2 Maschinenbau GmbH,Germany,Hüttenberg,Hall 13 / A16,interpack2026.3034490,6dQnPnFFTHWgr6BJRxokCw
Tableting Solutions,Argentina,Buenos Aires,Hall 16 / B08,interpack2026.3039759,cApM70c2SaOBPgAnd6MTtA
TAC Ambalaj Sanayi ve Ticaret A.S.,Türkiye,Istanbul,"Hall 7, level 0 / A06",interpack2026.3033731,Kdel3WDERUewgSrZcq1bKA
Taghleef Industries LLC,United Arab Emirates,Dubai,Hall 9 / A21,interpack2026.3008010,skMLfrPYSe2ewxttmxHDjw
TagOn GmbH & Co.KG,Germany,Weinstadt,Hall 8b / E52,interpack2026.3044684,HCiiZITqR4OgMQ6iPoQcvg
Taiwan Association of Machinery Industry,Taiwan,Taipei,Hall 1 / A58-1,interpack2026.3065257,vPqJ7C0ATZOHdkGE398bKQ
Taiwan Pulp Molding Co. Ltd. TPM,Taiwan,I-Land,Hall 12 / A81-2,interpack2026.3053755,wwD5aaNMT2ic5vvmbjJ0dg
"Taixing Chuanda Plastic Industry Co.,Ltd",China,Taixing City,Hall 8b / H40-2,interpack2026.3067596,POM3SaDvQZ2Xw7287a1WHQ
"TAIZHOU HULK FOOD MACHINERY CO., LTD.",China,"Taizhou, Zhejiang",Hall 8b / H80-4,interpack2026.3066715,mW3v6We5QkaDwVe7IlIL9A
"Taizhou Weide Packaging Co., Ltd.",China,"Linhai, Zhejiang","Hall 7, level 1 / E03",interpack2026.3040573,OxBSbjHyTVee5jV5RRf4sA
"Talleres Ezquerra Seamers, S.L.",Spain,"SAN ADRIAN, Navarra",Hall 13 / D47,interpack2026.3012879,sVtdenD0QAO1OFKewDa7xQ
Talleres Ramon S.L,Spain,Vilasar de Dalt,Hall 4 / C62,interpack2026.3037814,GccaWGa0Q9Ow3ILrqJYlmw
TALLERES SANCHEZ SRL,Argentina,Buenos Aires,Hall 16 / B08,interpack2026.3039759,cApM70c2SaOBPgAnd6MTtA
TAM MATBAACILIK VE AMBALAJ SAN. TIC. A.S,Türkiye,"Amavutkoy, ISTANBUL",Hall 10 / B32,interpack2026.3031912,yOaDHFIoQCiHkSdhB59EYg
TAM-TAS Makina Sanayi ve Ticaret A.S.,Türkiye,"Basaksehir, Istanbul",Hall 11 / A53,interpack2026.3035825,kpmsD1F2RQqRdvWxhIOIgg
Tamperguard Limited Corporation,Canada,Dorval,"Hall 7, level 1 / C26A",interpack2026.3011636,juLWCVwNQvOXJfoaPmFhHw
Tanis Confectionery BV,Netherlands,Oosterhout Nb,Hall 3 / C20,interpack2026.3007693,Hk2xhJubRkW1VUtm63zVGw
Tanis Food Tec B.V.,Netherlands,Lelystad,Hall 3 / C55,interpack2026.3026683,ON9POK3DQlOIbXql01wsgQ
Tanrikulu Plastik Sanayi ve Ticaret A.S.,Türkiye,Kocaeli,Hall 10 / A58,interpack2026.3025643,RyvKc3qQS6Gy7ieuJT6qSQ
TAPEX EU s.r.o.,Czechia,Pardubice,Hall 7a / D31,interpack2026.3062866,2iHghLoPTe6YQkr2Ty1t8w
"TATONE STATIONERY MFG CO., LTD",China,"Ningbo, Zhejiang","Hall 7, level 2 / C43-5",interpack2026.3067119,RH9VauT0SN6dJCYCHcnzPw
"TAVIL IND, S.A.U.",Spain,Sant Jaume de Llierca - Girona,Hall 14 / C21,interpack2026.3009569,W6RnD356TImSUIwatNbZvQ
TAWI AB,Sweden,Kungsbacka,Hall 12 / E07,interpack2026.3047432,GhUgvGavQta04VA6vsAYfg
TECAIRE - NEOCAFE ENGINEERING S.L.,Spain,Terrassa -Barcelona,Hall 5 / D01,interpack2026.3006802,A9Cermy2RCOVYUFvpKJG4A
Technibag SAS,France,Villefranche-sur-Saone,Hall 9 / G23-4,interpack2026.3063325,sRj8zTZNTSKR3lpHltNaEg
Technica International S.A.R.L.,Lebanon,Bickfaya,Hall 13 / B90,interpack2026.3012881,YQIZotEdS4K1MPqjCpokAQ
Technical Engineering & Tooling Services Ltd.,Ireland,Mullingar,Hall 16 / F28,interpack2026.3034201,dplDpcaCRayAGyEb7NVpbw
Technifol Verpackungsfolien GmbH,Germany,Oer-Erkenschwick,Hall 11 / G41,interpack2026.3031487,GC7UG6LDTPu5AYEdQRIj7A
Technipes S.r.l.,Italy,Santarcangelo di Romagna (RN),Hall 12 / C30,interpack2026.3009564,mLzv3vCLSVeI1YjWXfDimA
TECHNO FOAM D.O.O.,Serbia,Stari Banovci,Hall 12 / A11,interpack2026.3011351,5HOzYc2RSBOLpSu7QSXn8w
Techno Star Makina Imalat Paz. San. ve Tic. LTD.ŞTİ.,Türkiye,Kırşehir,Hall 1 / D10,interpack2026.3071661,eE36LccOQ3WPZWjw1bcchQ
TECHNO-PARTS GmbH Dichtungs- und Kunststofftechnik,Germany,Essen,Hall 7a / C16,interpack2026.3029920,5xmp6mg4RYmizPw8LyiPJg
Technocraft Trading Sp z o.o.,Poland,Lodz,Hall 7a / D08,interpack2026.3035527,Mm6DX1ztSCqs6hjYb31IEQ
Technopac Austria GmbH,Austria,Wilhelmsburg,Hall 10 / D84,interpack2026.3020631,1ScY5pE7RMmV2L66g2NSRw
TechnoPac GmbH,Germany,Rheine,Hall 10 / B20,interpack2026.3036813,R1HvdMBRTMiR74nTXkNABg
Technophar Equipment and Services S.R.L,Romania,"Cornu, Jud prahova",Hall 15 / C51,interpack2026.3033605,0Km5Q0xFQ9qIBVvt7VPQkQ
TECHNOSILOS S.R.L.,Italy,Bertinoro (FC),Hall 4 / A06,interpack2026.3012271,keLOXogOTpqgCPekaJofXw
Teckru Projects B.V.,Netherlands,Enkhuizen,Hall 3 / A20,interpack2026.3035435,bU7aD85CTYWJdM68FL2rCA
TECMA HOLDING SAS (TECMA ARIES),France,Coulommiers,Hall 6 / C59,interpack2026.3030429,fymXBk6cQ7Wa5z1STgavKw
TECNIDEA CIDUE SRL,Italy,San Giovanni Lupatoto (VR),Hall 18a / G05,components2026.3033244,j6YoDKEMQaODiX2Vqgt6WA
TECNIMODERN AUTOMATION SAS,France,Saint Germain Laval,Hall 7a / C28-3,interpack2026.3069417,q4E9HOlYRJu7bnF8yzXOPQ
Tecno 3 Srl,Italy,Corneliano d'Alba (CN),Hall 3 / F91,interpack2026.3032827,ba9BCCNAQPS2cV5fzNw0AQ
Tecno Alimentaria Valenciana S.L,Spain,Aldaia-Valencia,Hall 1 / D33,interpack2026.3027978,h7Rnf6odRHGDOHgdtg3yyA
Tecno Pack SpA,Italy,Schio (VI),Hall 5 / F22,interpack2026.3007259,8EaLFUvVSNSmpKXCu4QAQQ
TECNOCHOC SRL,Italy,Scurzolengo (AT),Hall 1 / A31,interpack2026.3038213,U5ljCMxuQvKM3teToP1voQ
Tecnopack Univel S.r.l.,Italy,Mortara (PV),Hall 10 / B80,interpack2026.3034597,xtj51v5WQrOn7uPeDn0aMA
Tecnopool S.p.A.,Italy,San Giorgio in Bosco (PD),Hall 3 / C72,interpack2026.3011056,tf9tnXzaSq2pFxLxvz7kZA
Tecnovac S.r.l.,Italy,Grassobbio (BG),Hall 5 / F37,interpack2026.3044866,OOBAX464RuaxCeqNPTVDnw
Tecpharm,Germany,Karlsruhe,Hall 16 / D22,interpack2026.3007274,mZvV1w9MQ1G94AALdt9ELg
"TECSELOR, S.L",Spain,Lorca,Hall 4 / B35,interpack2026.3054218,Sj0myuK2S0qdHjJiKepJ5Q
Teda Pack EAD,Bulgaria,Botevgrad,Hall 9 / J10,interpack2026.3019638,iB3Rl28eS3GjQk2w6KyWQw
"TEDELTA, Capping Solutions S.A.U",Spain,Pinto-Madrid,Hall 13 / B04,interpack2026.3006851,sEZIaUsNSnONAJkLqixS5A
TEEPACK Spezialmaschinen GmbH & Co. KG,Germany,Meerbusch,Hall 11 / E56,interpack2026.3038685,AzXpv3T1RaqbH7pYR56p7g
Tegral Materials B.V. a Vinmar Company,Netherlands,Hoofddorp,"Hall 7, level 1 / B01",interpack2026.3065108,Z3H2UHDtSl2IDyZy0EVF1A
Tehnoinform JSC,Latvia,Jūrmala,Hall 8a / E33,interpack2026.3029663,hH0yf1mUQtWDRVyIZRQSBQ
Tekni-Plex Europe NV,Belgium,Erembodegem,"Hall 7, level 1 / C25",interpack2026.3038111,rmkhnX2cRDW61OC6xy7WrQ
TEKNIKA PLAST TEKNIK KALIP PLASTIK SAN. VE. TIC. A.S.,Türkiye,Yunusemre / Manisa,"Hall 7, level 1 / D30",interpack2026.3006971,3kKkCVFYSZyPj6pIKTUoJw
TEKNOPACK PLASTIK A.S.,Türkiye,Gaziantep,Hall 9 / H01A,interpack2026.3006902,qgEskeTPQGK02f3xP8R5LA
TEKNOSIN KODLAMA SISTEMLERI SAN. VE TIC. A.S.,Türkiye,Istanbul,Hall 8b / G51,interpack2026.3038569,7G0pLzwBQF65aqDxwiTjBQ
Tekpak Automation Ltd,Ireland,Wexford,Hall 16 / A15,interpack2026.3007215,Dybxh2XMRO2XP4PAhMjlnQ
Tekser Teknik Seramik TIC. SAN. A.S.,Türkiye,Istanbul,Hall 18a / E23,components2026.3017469,u8tFUqLuRJKcm1UzeH3sqw
Teledyne TapTone,USA,"North Falmouth, MA",Hall 13 / A60,interpack2026.3037670,Q9K25T7hQAW0zJTv1UvUjQ
Teltek AB,Sweden,Örebro,Hall 11 / E40,interpack2026.3055775,JJIgr1umSuyRe9S5O4K3ng
Tema Sinergie SpA,Italy,Faenza (RA),Hall 15 / E23,interpack2026.3019909,vFGYluhuThS28vCXEMorDw
Tenco srl,Italy,Avegno (GE),Hall 13 / B46,interpack2026.3008788,bSZp4FxkSwChXRfCDtEsmQ
"Tendo Co., Ltd.","Korea, Republic","Gyeonggi-do, Namyangju-si",Hall 7a / C02,interpack2026.3065242,aMWaz6wLRrWLT8jf3elcmw
Teradyne Robotics (Germany) GmbH,Germany,München,Hall 6 / A58,interpack2026.3074713,GTOw913GRuufS7xjRoCEXQ
"TERAOKA SEISAKUSHO CO., LTD.",Japan,"Shinagawa-Ku, Tokyo","Hall 7, level 0 / C01A",interpack2026.3038268,78wraWcWSuuw28J8PHTJ2Q
TERLET,Germany,Hameln,Hall 4 / C59,interpack2026.3037982,CqwMdAWwRaOWAjO4IgLvJQ
TERMOKAP PLASTİK ÜRÜNLERİ HIRD GIDA SAN VE TİCARET A.Ş.,Türkiye,"Esenyurt, Istanbul",Hall 8a / D10,interpack2026.3023965,HecdJqYgQXK4IdJkDRo3RA
tesa,Germany,Norderstedt,"Hall 7, level 0 / B08",interpack2026.3032032,yOWp3oq6Q0aPuMJ3Yq6BDA
tesa SE,Germany,Norderstedt,"Hall 7, level 0 / B08",interpack2026.3032032,yOWp3oq6Q0aPuMJ3Yq6BDA
TEUFELBERGER Ges.m.b.H.,Austria,Wels,Hall 9 / C36,interpack2026.3007049,a1H21agOTha3hCm3FCp9Ow
TEX - TECHNICAL CONVERTING PAPER S.A.,Greece,Schimatari,Hall 10 / D57,interpack2026.3036799,D6VoJyzySse3z7hYtSdJNQ
Tex Year Europe Sp. z o.o.,Poland,Gniezno,Hall 9 / H36,interpack2026.3034978,TIMg2wHAQMSoWDG2ODG5Pg
TEXMED INTERNATIONAL LTD,United Kingdom of Great Britain and Northern Ireland,Cambridge,"Hall 7, level 1 / C01",interpack2026.3052881,0PV6Sdw9SGa5Q8SZj6Z6vw
TG PLASTIC TECHNOLOGIES SDN BHD,Malaysia,"Sungai Petani, Kedah",Hall 10 / E43,interpack2026.3006959,16iIsIVQR9WBNhSRpOoQEA
TG-Group BV,Belgium,Verrebroek,Hall 14 / D40,interpack2026.3006850,GsWt6MyMRa6sHwxcdd372Q
TGM-Tecnomachines S.r.l.,Italy,Urgnano (BG),Hall 16 / B78,interpack2026.3007282,s932DlEKQDqfnMzVRnzdKg
The Canmaker,United Kingdom of Great Britain and Northern Ireland,"Crawley, West Sussex",North Entrance 1 / N1,interpack2026.3007341,9czCnBlKQN2FFPkueE6VVw
The Cool Tool GmbH,Austria,Mödling,Hall 18b / G07,components2026.3046806,6QAAQiGxTPuvjdVNvawWpQ
The Navigator Company L.da/Limitada,Portugal,Setubal,Hall 8a / E14,interpack2026.3037302,4J5RZFCzTXaNAavJTpOLIA
The Plastics Export Promotion Council Association,India,"Andheri East, Mumbai",Hall 8a / F64..F65,interpack2026.3016446,sLJhn38HTs2ZJcEnD0c0lg
The Plastics Export Promotion Council Association,India,"Andheri East, Mumbai",Hall 8b / G18-2,interpack2026.3068356,aDlFhmx9T3yp1JAVfwurcw
the Royal NNZ Group bv,Netherlands,Groningen,Hall 10 / D84,interpack2026.3062133,gCPVFNZrQMem2CLbUfVWeQ
The Supreme Industries Ltd,India,Mumbai,Hall 10 / A98,interpack2026.3007342,wRVRlShsSRaIVCksLwaJzA
Theegarten-Pactec GmbH & Co. KG,Germany,Dresden,Hall 1 / B51,interpack2026.3007088,LXfL6XazSliXLmTypzyaPQ
Thermal Transfer Solutions Ltd.,United Kingdom of Great Britain and Northern Ireland,"Redditch, Worcestershire",Hall 8b / G41,interpack2026.3037156,spjfW7J7TEe2viOlehSdjQ
Thermo Fisher Scientific,Italy,Segrate (Milan),Hall 15 / B42,interpack2026.3014805,oRJkWu09RxKCxj7eMkUzog
Thermo Ramsey Italia S.r.l.,Italy,Segrate (Milan),Hall 15 / B42,interpack2026.3014805,oRJkWu09RxKCxj7eMkUzog
Thimon SAS,France,Mery,Hall 9 / F16-1,interpack2026.3065105,uGC1bh1DRKiBpnArGMGp3w
Thimonnier SASU,France,Saint Germain au Mont D'Or,Hall 6 / B79,interpack2026.3036217,DRPWPThuRRm6ZPgRRjbcCw
Thomas Processing IMA North America Inc.,USA,"Leominster, MA",Hall 17 / A20-5,interpack2026.3071513,QMLBhZT9SNqBoB9qJqzPZw
Thrace Plastics Pack S.A.,Greece,"Alimos, (Athens)",Hall 9 / D03,interpack2026.3008773,K9W2EMiETbig114An90Kfw
Thürlings Verpackungsmaschinen GmbH,Germany,Viersen,Hall 5 / F23,interpack2026.3030697,1nn3yl1IQt2DaAA6bp504A
"TIANJIN RUITAI PACKAGING MACHINERY CO., LTD.",China,Tianjin,Hall 8b / G38,interpack2026.3060102,WMnlmFYXRJqKaQ0tICeEsg
"Tianjin Zerpo Supply Co., Ltd.",China,"Jinghai, Tianjin","Hall 7, level 1 / C36",interpack2026.3007438,q8bxlEZrTnWfnr6ww7qtOw
"TIANJIN&#160;GLORY&#160;TANG&#160;NEW&#160;MATERIAL&#160;CO.,&#160;LTD",China,Tianjin,"Hall 7, level 2 / G44-5",interpack2026.3064716,nANINciqTiCmwy8xFXerLQ
Tiber Pack S.p.a.,Italy,Sansepolcro (AR),Hall 14 / C52,interpack2026.3034800,0fayETgIRcuUx0BGE5fnZQ
"TIDIREFI, SLU",Spain,Logrono,Hall 18b / F03,components2026.3039537,D66w45JuSPWt57c1ZIYBrA
TIMIPLAST SA,Greece,Chalkida,"Hall 7, level 1 / C05",interpack2026.3016692,I8RK5gIMTd6E7WCHL8hMxw
"TIN CAP, UAB",Lithuania,Panevezys,Hall 7a / B32,interpack2026.3016451,Ne9dhiU5SoWmZ646uAzpFw
Tinarelli Srl,Italy,Zola Predosa,Hall 11 / A41,interpack2026.3038432,TTXLlvu3SnGXOE0qW5rUKg
TIPA-Corp GmbH,Germany,Nordhorn,Hall 9 / F01A,interpack2026.3048035,d2FMaNPAR5qUk95JTclprg
"Tipack Group Co., Ltd.",China,Chuzhou,Hall 8a / F01,interpack2026.3072845,zyB2vVXzQ5yV7X3sYXeQFw
TIPPER TIE TECHNOPACK GmbH,Germany,Glinde,Hall 5 / D38,interpack2026.3072355,gcVU6jzrSke91beLNPZPfQ
"Tipton, Corp.",Japan,Nagoya,Hall 1 / A14,interpack2026.3040826,oJsR7GSbTLWDDJHUeoplOA
TIRELLI S.r.l.,Italy,Marmirolo (MN),Hall 13 / A93,interpack2026.3033389,gmIkytGdStCsj9K4wfybCw
TITAN Umreifungstechnik GmbH & Co. KG,Germany,Schwelm,Hall 6 / E10,interpack2026.3027726,vB3qtOAyQkyyK1aHFEh7WA
TKM Meyer GmbH,Germany,Bargteheide,Hall 18a / D04,components2026.3036554,mR1Z1N30TWOrr0ijhsAwVQ
TKMATIK sp. z.o.o.,Poland,Gdańsk,Hall 15 / A27,interpack2026.3014789,ZOsEvYTsS52Q67A8niYhMw
TME S.p.A.,Italy,Fidenza (PR),Hall 13 / C45,interpack2026.3007080,xTJeqOQxSUOAlsWT660xEw
TMG Impianti S.p.A.,Italy,San Martino di Lupari (PD),Hall 14 / A18,interpack2026.3007796,uDKhShYrTKKFTWB39tZx8w
"TMI Tecnicas Mecanicas Ilerdenses, S.L.",Spain,Lleida,Hall 12 / A67,interpack2026.3007802,mbi2rFTXTy6g9C8mTksnaA
TNA Solutions Pty. Ltd,Australia,Sydney,Hall 14 / C56..D56,interpack2026.3007943,7uIWLxytTvSwCNKND1PdWg
"Tofflon Science and Technology Group Co., Ltd.",China,Shanghai,Hall 16 / B71,interpack2026.3007096,5AeK2NZkSwerk5bd82NiHQ
Tölke Franz GmbH,Germany,Lohne,Hall 16 / D41,interpack2026.3019120,eJUQXcuHTRuFTC63zoOI1w
TOMRA FOOD (Belgium) NV,Belgium,Leuven,Hall 5 / A41,interpack2026.3023852,CUfKLfLuSBCrDBLhXVHVdw
Tonelli Group S.p.A.,Italy,Collecchio (PR),Hall 3 / D47,interpack2026.3039660,KdIVV6BJQIuDE1Z2cjZhqw
"Tong Shin Pack Co., Ltd.","Korea, Republic",Seoul,Hall 8a / E53,interpack2026.3007994,NShKx9DARXuW2AqobVPjwA
Tontarelli spa,Italy,Castelfidardo,Hall 9 / B04,interpack2026.3068567,qRQdzst2SrGVZ32wm3U84w
Toolco Sp. z o.o.,Poland,Bialystok,Hall 9 / H10,interpack2026.3029644,TAlJv1CsR6C4nNZ7w73j9Q
Top Silo Constructions BV,Netherlands,Aalten,Hall 4 / D07,interpack2026.3041202,JZQT5EcWSwqiVAqe5i1kjw
"Topack Co., Ltd.",Japan,Osaka,Hall 11 / A26,interpack2026.3017533,TCF3pCNrRneoyQRUs8QRaQ
TOPPAN Packaging Czech s.r.o.,Czechia,"Havran, Most",Hall 10 / D44,interpack2026.3064214,M2Lm3nr7ReSKSBSlXVjtMg
TOPPAN SPECIALITY FILMS PVT. LTD.,India,Chandigarh,Hall 10 / D44,interpack2026.3064221,a2Atd9u4TciB2rL731NnuQ
"Toproso Eco-Tech Material Co., Ltd.",China,"Dongguan, Guangdong","Hall 7, level 2 / G46-6",interpack2026.3065772,bdZvy35mTeucC9DEHTtWjw
"TopSorb Technology Co., Ltd.",China,Shanghai,"Hall 7, level 2 / E12",interpack2026.3024495,DHWvLavoRuKVPUQhpey68g
TOPTIER s.p.a.,Italy,Verucchio (RN),Hall 13 / A47,interpack2026.3063797,8spi81owQcu97cTOVFRfpQ
TORIS POLYFAB LLP,India,Tankara,Hall 8a / F64-2,interpack2026.3067220,rJbbELkwR2uUTmt14WXQjg
Torpac Capsules BV,Netherlands,Heerlen,Hall 15 / C14,interpack2026.3008308,0iv8hMqiSPONK64jziEbjA
TorQ Packaging Srl,Italy,Marmirolo -Mantova,Hall 14 / D51,interpack2026.3058345,CPKmKWh9Q6yY8Fk4xRjlAA
TOSA S.P.A.,Italy,Santo Stefano Belbo (CN),Hall 12 / C68,interpack2026.3011345,keSZLQVaQdirh827QBWrsw
Toss GmbH & Co. KG Verpackungssysteme,Germany,Alten-Buseck,Hall 12 / A74,interpack2026.3007946,IT4wPsneRDi266xrTn2R7w
TotalEnergies Corbion bv,Netherlands,Gorinchem,Hall 10 / B58,interpack2026.3035529,uYcSfpzBQXaAhVJp3euurw
"Totani corporation CO., LTD",Japan,Kyoto,Hall 8a / E66,interpack2026.3038556,xOBAWhOBS4GQzHRrg1cz1g
Tournaire SAS,France,Grasse Cedex,Hall 9 / G23-1,interpack2026.3063324,q0G9uTzKRYS51oEGDP3F5Q
"Toyo Machine Manufacturing Co., Ltd.",Japan,"Nagoya, Aichi",Hall 11 / A26,interpack2026.3059213,3D7zTs0GQ5GIfpqgz6eWGQ
TPG - The Packaging Group GmbH,Germany,Lindlar,Hall 6 / C31,interpack2026.3051556,0MdF2PwOTqCdMgI1fkGqCQ
TRAMAX Inc.,"Korea, Republic","Paju-Si, Gyeonggi-Do","Hall 7, level 2 / C02",interpack2026.3054877,9R90DBKcSBCfE6DIyUAQiA
TransiTec Anlagenbau GmbH,Germany,Willich,Hall 3 / F47,interpack2026.3039703,jQbIQyV9Q6SRT1OUSTeQrA
Transitube S.A.S,France,Gennevilliers,Hall 4 / B45,interpack2026.3038065,Nv0QovoNRQOtC3AdJQaryQ
Transnova Ruf Verpackungs- & Palettiertechnik GmbH,Germany,Ansbach,Hall 11 / F39,interpack2026.3007545,SFmQQ5osTTG0wUCB83r9Tw
Transpak Equipment Corp.,Taiwan,Taipei,Hall 12 / B11,interpack2026.3031505,14HfesCbTCit2g59vSIXLw
Transtecno S.r.l.,Italy,Anzola Emilia (BO),Hall 18a / E03,components2026.3033608,rMaWZW6ZTrKJ7KN7T2jmBg
Trapo GmbH,Germany,Gescher,Hall 12 / A65,interpack2026.3034801,VX7BuPGvSzmlvAgOy35Leg
Trefa Continu Aerating Systems B.V.,Netherlands,Angerlo,Hall 4 / D59,interpack2026.3047048,o1axdouBTE2wrTg4Wk7Yew
Treiber Trays GmbH,Germany,Heidelberg,Hall 1 / B01,interpack2026.3034475,NMZWNRc4SS28Z4eysQDBEQ
Trend Kagitcilik Urunleri Ltd.,Türkiye,Ankara,Hall 8b / C68,interpack2026.3053520,WXDGG2QSQmq1rCyntMXZ6Q
Trepko A/S,Denmark,Ballerup,Hall 6 / B28,interpack2026.3033360,VgchjFjEQ7qXrq7jg71Srw
Tri-Sure Germany GmbH,Germany,Köln,Hall 10 / B19,interpack2026.3070801,J5BkxDfzSKeY275tY5vEpA
TRIKNO AG,Switzerland,Felben-Wellhausen,Hall 1 / D30,interpack2026.3036991,v0aDVlpTTCyGyLnFR18WVQ
"TRILLA INDUPLAST IBÉRICA, S.L.",Spain,Alcalá de Hneares (Madrid),"Hall 7, level 1 / D03",interpack2026.3039567,kCJRXlcLSSOsGtNRB0ZazA
TRIMA Triebeser Maschinenbau GmbH,Germany,Zeulenroda-Triebes,Hall 3 / E44,interpack2026.3027971,NifFkhhuReWAEvPns1mjLQ
Trivi S.r.l.,Italy,Galliate (NO),Hall 3 / C54,interpack2026.3029283,8oWy1yuHR1C0SlekB0Bynw
TriVision A/S,Denmark,Odense,Hall 4 / E44,interpack2026.3036990,PIk6CI9MQU6JkyupEhZCDw
Triwill Group,Türkiye,Istanbul,Hall 18a / C22,components2026.3074987,CLcvAfHPSDizqsHvfKdTUQ
"TRM Filter, d.o.o.",Slovenia,Ljubljana-Dobrunje,Hall 15 / C30,interpack2026.3069026,mcOENGf2QRW4G8G0Kr3ogQ
Tronrud Engineering AS,Norway,Honefoss,Hall 13 / D93,interpack2026.3047371,IFMzE4xQTMSjimi7RZqqrw
TRUE PACK IMPEX LLP,India,Vapi,"Hall 7, level 2 / F01",interpack2026.3008769,pcvEmrX3SPmUa3I2T14U4A
"TRUESEAL CO.,LTD","Korea, Republic",Seoul,Hall 6 / E09,interpack2026.3065330,4zBSUPmPRKCl353QQZHhmQ
TRUGUARD,Türkiye,Kocaeli,"Hall 7, level 1 / C06",interpack2026.3006973,W4xguflORsiXCGL4YqBFTg
TRUKING TECHNOLOGY LTD,China,"Changsha, Hunan",Hall 16 / D22,interpack2026.3067979,Lg5gqbKRRy6AXCiJ61JogA
TRUNG DONG CORPORATION,Vietnam,"Bien Hoa, Dong Nai","Hall 7, level 2 / C04",interpack2026.3007367,QcgKdMm6SiueKwKW2zvO8Q
TSC Auto ID Technology EMEA GmbH,Germany,Haar,Hall 8b / C11,interpack2026.3030428,pyWYQuPOR9C0Ce7xHc0IPQ
TSIMIS S.A.,Greece,"Moschato, Athens",Hall 9 / J17,interpack2026.3033392,EkXBuMG2S0KPTr7UlUbrzQ
"Tsubakimoto Kogyo Co., Ltd.",Japan,Tokyo,Hall 11 / A26,interpack2026.3018736,rlJhA57vTgGA70afGxzVBw
"Tsukasa Chemical Industry CO., LTD",Japan,Tokyo,Hall 11 / G29,interpack2026.3016428,k5tlyUs9QvKPmI1pLTNYpw
"Tsukasa Industry Co., Ltd.",Japan,"Handa-City, Aichi",Hall 3 / F75,interpack2026.3029286,ov1IY8ARRUmfhpz97GIxcA
TT Italy S.P.A.,Italy,Codroipo (UD),Hall 3 / B73,interpack2026.3007109,JQHbaHLfTxWO5GOW3ypVOQ
TUBE,Egypt,"Heliopolis, Cairo",Hall 9 / B32,interpack2026.3029822,AsirsfSmQ7irykTolVzq9w
Tubitex S.r.l.,Italy,Barbarano Mossano (VI),Hall 10 / B57,interpack2026.3034397,rTMT10qpRwWGBZPPJz2zWA
Tucker Packaging,Ireland,Cork,Hall 9 / F13,interpack2026.3006912,ylEu4EgtSBGQ9KVLZSVIrw
TUNISIE TAPE Ltd.,Tunisia,Sfax,"Hall 7, level 2 / A02",interpack2026.3036449,nmRYq1xiRK6KTUXqt4746Q
Turan Plastik A.S.,Türkiye,Istanbul,Hall 10 / B31,interpack2026.3006671,keNT7raeRUePJ7997zUmzQ
Turan Plastik Ambalaj Maddeleri ve Gida San Tic. A.S.,Türkiye,Konya,Hall 10 / C07,interpack2026.3006674,SzdWrw6bR5KSggAnXs7qvA
TURKISH MACHINERY-MACHINERY EXPORTERS ASSOCIATION,Türkiye,Ankara,North Entrance 1 / N1,interpack2026.3023888,Zp2AyAJ3SdKW3r0BACOh0w
TÜRKOĞLU KAĞIT KARTON SAN TIC AȘ,Türkiye,Istanbul,Hall 8a / C19,interpack2026.3036914,QTCTmhVIQKKIZFZn4ZMN5A
TÜV Rheinland AG,Germany,Köln,"Hall 7, level 1 / D27",interpack2026.3036860,A55mZ5NIRb6uHkliR8rsvw
TVI ENTWICKLUNG UND PRODUKTION GMBH,Germany,Bruckmühl,Hall 5 / A23,interpack2026.3054342,VK4kP77hTm2ttllBt2zmCg
Tycoplas Sdn Bhd,Malaysia,Selangor Darul Ehsan,"Hall 7, level 1 / C30",interpack2026.3024216,xenaDyILQoi3qMl4X2XD9g
U PAK Industries LLC,United Arab Emirates,Ras al Khaimah,"Hall 7, level 2 / A16",interpack2026.3057691,0oQElt5ATTSqo61fEcLHlg
UBLO SAS,France,La Regrippiere,Hall 7a / B29-1,interpack2026.3063326,XJre5Lk6Q62SM1HA24yvuw
UC KARDESLER INSAAT KERESTECİLİK TİC. AŞ,Türkiye,"Kocaeli, Derince",Hall 8a / B15,interpack2026.3035234,tzewelMFQmmhvMH9RbMjZw
Uçar Sentetik Ambalaj San. ve Tic. Ltd. Şti. Ucar Synthetics and Packaging,Türkiye,Gaziantep,Hall 10 / C01,interpack2026.3034818,d8JCd7nET0ST0chAZaNXpQ
"Uchida Yoko Global Co., Ltd.",Japan,Tokyo,Hall 8a / F59,interpack2026.3036983,ixy33xfgQb2FTaZPhXCrKg
UCIMA,Italy,Baggiovara (MO),Hall 11 / B19,interpack2026.3031500,K8KAyKhNQCWVzm0D8xgb0w
Ucsa Ambalaj San. ve Tic. A.S,Türkiye,Karaman,Hall 10 / C09,interpack2026.3028616,ZAQHbLUkR6eupiPHp06bqA
UGUR PLASTIC CO. LTD.,Türkiye,Istanbul,Hall 10 / E79A,interpack2026.3024499,BWrRJE4fSLS3F8v0jKo5xw
UGUR TENEKE AMBALAJ VE PLASTIK SANAYI AS,Türkiye,Dilovasi Gebze / Kocaeli,Hall 7a / B04,interpack2026.3006878,YWadlO4HSOy9qUYAj0dqMg
Uhlmann Pac-Systeme GmbH & Co. KG,Germany,Laupheim,Hall 15 / B24,interpack2026.3034474,bHSNga2fQUafGhfCMQA13g
ULMA Packaging S. Coop.,Spain,Onati (Guipuzcoa),Hall 14 / C70,interpack2026.3070276,PktwodEfQHa9NvQZJvbkGw
ULMA Packaging S. Coop.,Spain,Onati (Guipuzcoa),Hall 5 / C23,interpack2026.3024299,2ZkTFXbHSS2woaperb0OFQ
ULMA Packaging S. Coop.,Spain,Onati (Guipuzcoa),Hall 16 / C38,interpack2026.3033334,SQIYhIUCQ5Widb9aWRVsiQ
Ultima Media Germany GmbH,Germany,München,North Entrance 1 / N1,interpack2026.3040949,W5EvLw0QSMiH9eqi96MqZg
Umar Makina Sanayi ve Ticaret A.S.,Türkiye,Kocaeli,Hall 7a / D05,interpack2026.3016604,byse8YGqRtewn4Uk6K9xMA
Umbra Packaging S.r.l.,Italy,Petrignano di Assisi (PG),Hall 11 / C74,interpack2026.3024155,M4sCIYVzRcqgr0picfAuXA
Umur Basım Sanayi ve Ticaret A.Ş.,Türkiye,Istanbul,Hall 8a / B20,interpack2026.3039534,XkrckpxMRpifhXk9oGb2cw
ÜNAL SENTETIK DOKUMA. SAN. VE. TIC. A.S,Türkiye,Gaziantep,Hall 9 / E02,interpack2026.3019465,aRNKovlfQ9mpZfc3RE5WcA
Unchained Robotics GmbH,Germany,Paderborn,Hall 11 / E79,interpack2026.3063071,ubDW5oEtTEisWHO4hUI8kg
"Ungar Machinery (Shanghai) Co., Ltd.",China,Shanghai,Hall 8b / H51,interpack2026.3036287,M1LUjDE2TRu6s8dENwKVSQ
Unibloc Hygienic Technologies GER GmbH,Germany,Beckum,Hall 3 / D80,interpack2026.3060990,904W01JNRhGjCOLSiWQhMQ
Unifiller Systems ULC,Canada,"Richmond, BC",Hall 4 / C23,interpack2026.3067686,9WfDccuaRpe9H8qJxv6EAQ
Unilogo Robotics Sp. z o.o.,Poland,Piaseczno,Hall 15 / C41,interpack2026.3033795,shFEwvGOTWCz3mdu9fbRBA
UNIMAC-GHERRI S.r.l.,Italy,Montecchio Emilia (RE),Hall 13 / B94,interpack2026.3033260,uywKMxQfTVOUBd1AjL9rYw
Union Special GmbH,Germany,Möglingen,Hall 11 / G38,interpack2026.3032981,dPXn611cSouRWgAYTWc6vg
"Unionpack (Ruian) Intelligent Technology Co., Ltd",China,"Ruian City, Zhejiang",Hall 13 / D84,interpack2026.3038691,i0DxLrVRSnmKjZy18yGuUw
UNISTA,France,Treize-Septiers,Hall 15 / E57,interpack2026.3038066,fbSweT7vR8aReAb7wamomg
Unitech srl,Italy,Vigevano (PV),Hall 11 / F01,interpack2026.3007079,MpRCrERfRISsoZARNqhKfw
"United Barcode Systems, S.L.",Spain,Vilassar de Mar - Barcelona,Hall 8b / E65,interpack2026.3007839,kQECbwtMTpqtuYcPkoesvg
UNITED CAPS LUXEMBOURG SARL,Luxembourg,Wiltz,Hall 10 / D67,interpack2026.3036459,jeVJYUJ5TsSh7pJjWQwq6A
UNIVERSAL PACK S.r.l.,Italy,San Giovanni in Marignano (RN),Hall 16 / B42,interpack2026.3009923,xqfobH7pTsOPPknNKXGDTA
Uniwrap A/S,Denmark,Viby J,"Hall 7, level 1 / E18",interpack2026.3050633,m41HXtKOSZGYYkixSWpSSA
Unlu Almali Ambalaj Makina San Dis Tic Ltd Sti.,Türkiye,Istanbul,Hall 4 / D54,interpack2026.3007223,eZKE7KJOTzCo0bvcs0Y1Pw
ÜNLÜ PAKETLEME MAKİNA SAN.VE TİC.LTD.ŞTİ,Türkiye,İstanbul,Hall 15 / D07,interpack2026.3006867,BNmmQBnjQNC3KikfWuBYaQ
UPLASS AMBALAJ SAN. VE TIC.A.S.,Türkiye,"Arna, Istanbul",Hall 10 / C03-3,interpack2026.3058290,4VQ6qzTgTr67Lnm2mPKEUw
UPM Specialty Materials,Finland,Helsinki,Hall 8a / F29,interpack2026.3023902,E6Ccep25RVaurlqVqWX58A
URMAK AMBALAJ MAKINALARI PAZ. ITH. IHR. SAN. ve TIC. LTD. STI.,Türkiye,Izmir,"Hall 7, level 0 / A21",interpack2026.3016318,LfTATyNFSNCz5VDWEjmCAA
URSCHEL DEUTSCHLAND GMBH,Germany,Ober-Mörlen,Hall 1 / C34,interpack2026.3037089,xNMMyCS2TMONX4L1WpD5Zg
Üstün Plastik Ambalaj San. ve Tic. A.S.,Türkiye,Istanbul,Hall 9 / F08,interpack2026.3007492,Y9hm29EsSdStKQ5g0hy75Q
Utien Pack Co. Ltd.,China,"Shaoxing, Zhejiang",Hall 4 / E22,interpack2026.3030454,NuM0CPLaSOO5mJI0dnlPUQ
Uzel Plastik Sanayi ve Ticaret A.S.,Türkiye,Kocaeli,Hall 9 / C21,interpack2026.3014038,kdVY0dACQaSJIvOzVr8GUg
UZERMAK GIDA END. MAK. SAN. VE TIC. A.S.,Türkiye,Izmir,Hall 4 / E02,interpack2026.3033390,JDSZppldSP60qatCJXQKTA
V Star Packag (Heshan) Co. Ltd.,China,Heshan,Hall 8b / H40-6,interpack2026.3065782,eTowFtMiQHS0s7aVm7Czxg
V.A.I. S.r.l.,Italy,Castelfranco Veneto (TV),Hall 12 / E72,interpack2026.3034061,wJeyHVCfQoe8q4mLlDJV9A
V2 Engineering Srl,Italy,Zola Predosa (Bo),Hall 15 / A42-6,interpack2026.3068804,6OFLmXZzT9G1m7kWhreBmw
Vacmet India Limited,India,Agra,Hall 9 / H04..J03,interpack2026.3006962,BRKqmI3TRJO9HXhbbKxCeg
Vadias LTD,Bulgaria,Sofia,"Hall 7, level 1 / B27A",interpack2026.3025645,iS4j1yCHRYuI46czeU4OsA
Vaibhav Polyweave LLP,India,Morbi,Hall 8a / F65-6,interpack2026.3067217,JKVMIgSETYuo7LmCb8m65g
Valco Melton Spain SLU,Spain,"Orkoien, Navarra",Hall 14 / C74,interpack2026.3007944,JwdQopl9S9CjXCZZP2gWnw
Valgroup Brasil II Indústria de Embalage Plásticas LTDA,Brazil,Lorena/Sp,Hall 10 / C16,interpack2026.3062429,B5pIHL8cS426AwtZddvxEg
Valmatic S.r.l.,Italy,San Prospero Sulla Secchia (MO),Hall 15 / C37,interpack2026.3029600,XCE8WkZSTACUxqNmt0P8zQ
VALTORTA,Italy,Bergamo,Hall 3 / F55,interpack2026.3035439,kYC0eqXBQmyF73fuweKikA
Vanmak Makine Endustri San. ve Tic. Ltd. Sti.,Türkiye,Istanbul,Hall 1 / A74,interpack2026.3036557,II4YKjE1SwWpd2WAvWOgIA
VARIOFIL INDUSTRIES (Partnership),India,Bhavnagar,"Hall 7, level 2 / B05",interpack2026.3064178,0eb85mCeSD2fOmLccT702Q
VARIOVAC PS SystemPack GmbH,Germany,Zarrentin am Schaalsee,Hall 5 / F46,interpack2026.3036803,QjtTALL2ReGT40EYwtyeeg
VARPE BRASIL - Tecnologia em Inspeção e Pesagem Ltda.,Brazil,Americana -sp sp,Hall 4 / D25-1,interpack2026.3059470,Wb0Rx2vYTKes9ji5oIKCAA
Varpe Control de Peso S.A.,Spain,Barberá Del Vallés -Barcelona Barcelona,Hall 11 / A18,interpack2026.3043993,gLZFf12hTJm1QU1v3ctDPg
VATAN PLASTIK SAN.TIC.A.S.,Türkiye,Istanbul,Hall 9 / H32,interpack2026.3036294,kBaBQLpIS6aWAMzz8ewJHw
Vav Kağıt Ambalaj Sanayi ve Ticaret A.Ş.,Türkiye,"Ergene, Tekirdag","Hall 7, level 1 / C11",interpack2026.3006939,DZRszkGkTjyOVarofe6g1g
VBS Sprl,Belgium,Saintes,Hall 13 / D13,interpack2026.3006855,FJOaKS7yT8ma19UbF7MIaQ
VC999 Verpackungssysteme AG,Switzerland,Herisau,Hall 4 / C40,interpack2026.3033371,5LKRNrLCSh2npWXEbEbhQg
VDL Packaging bv,Netherlands,Eindhoven,Hall 6 / E31,interpack2026.3027733,fAJQwXUqQvWul45ZzuSA7g
VDMA Fachverband Nahrungsmittelmaschinen und Verpackungsmaschinen e.V.,Germany,Frankfurt am Main,Hall 4 / C54,interpack2026.3015677,AzHTP2wFQ6qcMfQr8Q18cw
VDMA Services GmbH,Germany,Frankfurt am Main,Hall 4 / C54,interpack2026.3015572,MPiimoQQRDuUkJf0zfE0yw
VE-GE Hassas Kagit ve Yapistirici Bant San. Tic. A.S.,Türkiye,Istanbul,"Hall 7, level 0 / A23",interpack2026.3006905,ittAAqVkSaazbOaphLmmtg
Vebe Teknik AB,Sweden,Björköby,Hall 12 / E74,interpack2026.3008368,fti4eWATSYSJg5oBTlsRmA
VELEC SYSTEMS SAS,France,Wattrelos,Hall 5 / C36,interpack2026.3006803,rGA87baQSbSJXHOLaD4GJA
VELEO INTERNATIONAL INC,USA,Monterey Park,Hall 3 / A04,interpack2026.3039696,Zdw2blSORlWQDzzIInFOKg
Velox Barchitta Srl,Italy,Senago,Hall 3 / E39,interpack2026.3007136,DVaWLCFOTeK2pBbXbwyDSA
Velteko s.r.o.,Czechia,Vlasim,Hall 6 / C09,interpack2026.3007247,Ssi5gU8MSkGiWvKb2RxqNA
VEMAG Maschinenbau GmbH,Germany,Verden,Hall 4 / C55,interpack2026.3024911,Sj9DRXrKRcGoFRQbr64VMg
Vention GmbH,Germany,Berlin,Hall 6 / A58,interpack2026.3060273,8M1OJCTQRSCKrM3ccAoaKA
Verband Metallverpackungen e.V. VMV,Germany,Düsseldorf,Hall 7a / C19,interpack2026.3049228,MS2G65PfSHytAF6pBygUbw
Verbano Film Srl,Italy,Varallo Pombia,Hall 9 / A01,interpack2026.3006986,tiAX97e9TNebjCU1ohuRNQ
Verbruggen Palletizing Solutions BV,Netherlands,Emmeloord,Hall 11 / C55,interpack2026.3007804,IzhRioKfQ4ChNTHMAm6GaA
Verhoeven Family of Companies BV,Netherlands,Oss,Hall 3 / C36,interpack2026.3012060,jtaoWX4SSoC03s7hbGH8MA
Vervo Makine Otomasyon Sis San. ve Tic. Ltd. Şti.,Türkiye,"Gebze, Kocaeli",Hall 11 / C14,interpack2026.3031513,OzGlS2KqSBeO2Y9KYqLJyQ
VETAS PLASTIK VE AMB. SAN. A.S.,Türkiye,Tekirdag,Hall 10 / A57,interpack2026.3013950,uYgi77kgQ4qy6XdEUrFBKQ
Vetipak BV,Netherlands,Oss,Hall 7a / B09,interpack2026.3067857,Nh9OF7asQRygMYOLARkrug
Vezzadini S.p.A.,Italy,Reggio Emilia,Hall 13 / A04,interpack2026.3026025,DgHZ5RQeRv6roKXCem2VBw
Vibrant Polymers LLP,India,"Chittaurgarh, Rajasthan","Hall 7, level 2 / A23",interpack2026.3006897,LNxwamZ3REWvii3UxHYh6Q
Vibrofloors Germany GmbH,Germany,Schweighofen,Hall 18b / F01,components2026.3069478,gbR4NqPeRtmD7JFc1owX7g
Vibrotech Srl,Italy,Bientina,Hall 15 / A42-6,interpack2026.3068188,8kAJrclaTXmPZ2xJ2RtMMg
Videojet Technologies GmbH,Germany,Limburg an der Lahn,Hall 8b / C14,interpack2026.3050140,DHZJ1qZwQ4qqD8K5Wr3a7Q
Videplast Industria de Embalagens Ltda,Brazil,Videira,"Hall 7, level 1 / D07",interpack2026.3069413,5oMY8g9zT62Q9OStCqmv1A
VIEPA Papadopoulos Pan. SMPC,Greece,Attiki,Hall 13 / D15,interpack2026.3026026,yjPvLwaBRjOO2xnUuZ8LSA
"Viking Masek, a.s.",Czechia,Prague 7,Hall 6 / D74,interpack2026.3008850,bPtyOJUHR9KczOY1maOwcQ
VIKTOR Lacquers s.r.o.,Czechia,Nové Město na Moravě,Hall 7a / D22,interpack2026.3062129,CbvhRFN9S3qFrBgsEbZPlQ
VIMACHEM IKE PC,Greece,Melissia (Athens),Hall 15 / B36,interpack2026.3010152,PGyL8kMGTf2Tn3Tq87ntnQ
Vimco S.r.l.,Italy,Fino Mornasco,Hall 13 / C59,interpack2026.3006861,HfS6kGvkSCaBInbfZpm6NQ
Vimek Bakery Automation s.r.l.,Italy,Cadoneghe,Hall 4 / E39,interpack2026.3059467,PNSFUcANRfyQQle9YspaXw
Vimpex Handelsgesellschaft GmbH,Austria,Wien,Hall 8a / C23,interpack2026.3032830,14I7gAIyS82IjEZzeJejuw
Vioneo,Belgium,Antwerp,Hall 9 / E08,interpack2026.3037674,sQH38jj6RB2THergs8qfOQ
ViscoTec Pumpen- u. Dosiertechnik GmbH,Germany,Töging a. Inn,Hall 15 / E37,interpack2026.3010033,sQhrNLYATVqgJqmaaPtktQ
Vishakha Polyfab Pvt Ltd.,India,"Ahmedabad, Gujarat",Hall 9 / J27,interpack2026.3008555,LkhLHgdJQja2g7aAtq6v4w
VISIODUNE Eco Friendly Packaging,France,Saint-Priest,Hall 7a / C28,interpack2026.3063331,XrpXMAv4QSa1YzpTu3tx5g
VISIOTT TEKNOLOJİ SAN. VE TIC. LTD. STI.,Türkiye,Ankara,Hall 15 / A01,interpack2026.3010160,ub74cUy0SA22LHbOCkywaQ
Visual Components OY,Finland,Espoo,Hall 6 / B74,interpack2026.3064876,YGKvnhMJTnCSb8DeoG69FA
Visval AG,Switzerland,Düdingen,Hall 15 / B04,interpack2026.3015669,KxBvkkxhT82GR1Xtjkew8g
Vizelpas Flexible Films SA,Portugal,Vilarinho Santo Tirso,Hall 10 / D09,interpack2026.3007956,z0fZwSUZQjiNvNiX4Gz1Xw
Vizelpas Flexible films SA,Portugal,Vilarinho Santo Tirso,Hall 10 / D09,interpack2026.3007956,z0fZwSUZQjiNvNiX4Gz1Xw
"VJP Global Co., Ltd.",Thailand,Nakhon Pathom,"Hall 7, level 2 / A01",interpack2026.3044567,RCIFOAsaRg2DMUNuN4a9yw
Vlachos Bros S.A.,Greece,Koropi,Hall 9 / H16,interpack2026.3037609,pNU87KBtR1CmdP7GfzJuNA
"VMECA Co., Ltd.","Korea, Republic",Seoul,Hall 13 / D90,interpack2026.3026018,v9AlPEYyS9W1MK9V9wTBZw
VMI SA,France,Montaigu-Vendée,Hall 4 / C23,interpack2026.3068182,0NJSvg9tTHKWq0qoJjsTTg
VMI SA,France,Montaigu-Vendée,Hall 16 / C41,interpack2026.3060991,s1PHIU61QN6diEZfRCu27A
voestalpine High Performance Metals International GmbH,Austria,Wien,Hall 7a / C01,interpack2026.3038095,dElgKboORACVfGR7Dru5qA
Volanpack Ltd,Hungary,"Budapest, X.",Hall 8a / E22,interpack2026.3065102,0z6GyNv5RUWfBu1zhySrMg
VOLLENDA-WERK GmbH,Germany,Kaltenberg,Hall 12 / C07,interpack2026.3006845,L6Iv3fMXSE6LNckhXnK2uw
VOLPAK S.A.U.,Spain,Santa Perpetua de Mogoda,Hall 6 / D57,interpack2026.3064481,w7ZZouTlTQSgeTtefzGciA
Vomatec International B.V.,Netherlands,Sneek,Hall 4 / A61,interpack2026.3032115,yRkCcLI3SRyoUM924DOTLA
Votech B.V.,Netherlands,Reusel,Hall 6 / B73,interpack2026.3056307,KtptG7bZRLyd7V8Uo90pTg
W. L. Gore & Associates GmbH,Germany,Putzbrunn,Hall 10 / D68A,interpack2026.3053054,5QXjiEfnRdizAiEZmJjgFg
Wachendorff Automation GmbH & Co. KG,Germany,Geisenheim,Hall 18b / D08,components2026.3047407,pehJax1kQTeUwsaHQpnRqg
Wächter Packautomatik GmbH & Co. KG,Germany,Bad Wünnenberg,Hall 14 / B18,interpack2026.3006921,SKZ6UUkvQSGfQNToGHPSHQ
Wahtari GmbH,Germany,Haar,Hall 18a / F11,components2026.3073870,aNWGla8eQg6QMuwZgB0j1Q
WALTERWERK KIEL GmbH & Co. KG,Germany,Kiel,Hall 3 / E73,interpack2026.3012393,YsKhV3ZtR9ydQawLPw7jbA
"WARMPACK PACKING TECHNOLOGY CO., LTD",China,"Jiangyin, Jiangsu","Hall 7, level 2 / D46-1",interpack2026.3065952,XoKCAwdHQuepXw9HltxQwg
"Warsonco intelligent technology (Guangdong ) Co.,ltd",China,"Dongguan, Guangdong",Hall 8b / H18-4,interpack2026.3066149,axIjzedsSa6vyyjkMpQaIw
watttron GmbH,Germany,Freital,Hall 5 / A18,interpack2026.3012880,WNxDEHEfTsmmmlOJYzKgoQ
Webcontrol Machinery Corp.,Taiwan,Taichung,Hall 8a / F85,interpack2026.3038557,Ln4sGgsMRLCkkL6CLUBFfg
Weber Food Technology SE & Co. KG,Germany,Breidenbach,Hall 5 / C19,interpack2026.3035599,gZVvv3MgSkKwf8gvoWEtBw
Weber Marking Systems GmbH,Germany,Rheinbreitbach,Hall 8b / C65,interpack2026.3070503,zs0nR3KbRfCiLm1UsVna9w
WEBER Verpackungen GmbH & Co. KG,Germany,Wickede,Hall 8a / E29,interpack2026.3038261,hC3MKoB6QgC9O2dOKznYrw
Webrapack Verpackungsmaschinen GmbH,Germany,Heidelberg,Hall 11 / F25,interpack2026.3047370,AXVKC6SXSqaqTOXc05hoEw
Weckerle GmbH Bereich Machines,Germany,Weilheim,Hall 15 / C58,interpack2026.3009983,OpkwGV2yRaGrkw0o2xnDWQ
WECO The Science of Optical Sorting,USA,"Woodland, CA",Hall 6 / B73,interpack2026.3076038,pkRpcU4USba80JcTKERgUQ
Weidelco bv,Netherlands,Leeuwarden,Hall 7a / B28,interpack2026.3063283,xVaLtQsuRoyetYrnOlUR1w
"WEIFANG HONGBO PACKAGE CO., LTD.",China,"Weifang, Shandong",Hall 8a / E19,interpack2026.3073095,EGbRId25SYODxtAm8oWcYw
"WEIFANG TAILIN DOMESTIC PRODUCTS CO.,LTD",China,Weifang,"Hall 7, level 2 / A06",interpack2026.3067819,O0sWbI4dRwGgwbKBVddwGQ
WEIGHTPACK SRL Società a Socio Unico,Italy,Goito,Hall 13 / C79,interpack2026.3007799,hlpHR6QwRqeHrEGrappIVQ
Weiler Labeling Systems LLC,USA,"Moorestown, NJ",Hall 13 / A75,interpack2026.3068830,LM5KRFpnTwq1MJNJjSbV2w
Weiss Pharmatechnik GmbH,Germany,Oldenburg,Hall 16 / F12,interpack2026.3010029,HCu5NMDhTfWDxD1SG9XKyQ
Weisshaar GmbH & Co. KG,Germany,Bad Salzuflen,Hall 3 / A54,interpack2026.3015577,9BRj5L0UT5GpEc663kuIMg
"Wenger Manufacturing, Inc.",USA,"Sabetha, KS",Hall 5 / D42,interpack2026.3011476,cQR7wj2tTs66xuyt0pBr7w
Wenzhou Brother Machinery Co. Ltd.,China,Wenzhou,Hall 11 / F11,interpack2026.3031512,lX5RLquKQUihcuB3iz3Y4A
"Wenzhou Dajiang Vacuum Packaging Machinery Co., Ltd.",China,"Wenzhou, Zhejiang",Hall 15 / D20-13,interpack2026.3066493,mhug30feQneK80sRx6YLBA
"Wenzhou Echo Intelligent Packaging Technology Co.,Ltd",China,"Ruian, Zhejiang",Hall 1 / A76,interpack2026.3008311,fbMdQzsVR0yzTvfbgH7yiA
"Wenzhou hongtao packing co.,ltd",China,"Wenzhou, Zhejiang","Hall 7, level 2 / E44-1",interpack2026.3064843,v3M39guaSVWIVvcw0w8I1Q
"WENZHOU JOE MACHINERY CO.,LTD.",China,"Wenzhou, Zhejiang",Hall 8b / H80-15,interpack2026.3067008,Rr9tYoyXTjGrjEQkH9X9Zw
"WENZHOU NEWSMART MACHINERY CO., LTD",China,"Wenzhou, Zhejiang",Hall 8b / H41-3,interpack2026.3066048,MpEZjR4USOC7r7xaU4Qe3A
"Wenzhou Ruida Machinery Co., Ltd.",China,"Ruian, Zhejiang",Hall 15 / D20-11,interpack2026.3066492,IuF0kl2pT0aNYBjeJUBBxQ
"Wenzhou Ruizhi Packing Machinery Co., Ltd",China,"Wenzhou, Zhejiang",Hall 15 / B08,interpack2026.3065260,zSYYIwqWQJm9e7h8OeQx9g
"WENZHOU XIFA INDUSTRIAL CO.,LTD.",China,"Wenzhou, Zhejiang","Hall 7, level 2 / G44-3",interpack2026.3064700,v9uuScEFSa2fChPC9N0SVw
"Wenzhou Zhenda Packing Machine Co., Ltd",China,"Wenzhou, Zhejiang",Hall 18a / G24,components2026.3068013,NvIsuiksRcCdDms6j9DKRg
"Wenzhou Zungwan Intelligent Machine Co., Ltd",China,"Wenzhou, Zhejiang",Hall 7a / C23,interpack2026.3073616,h3LBeyrWTLmR78G3ebYvTw
WEPALL ROBOT EASY TOOLS S.L.,Spain,"Alguazas, Murcia",Hall 14 / D35,interpack2026.3067339,usyLKetaQnqjojQEl4PzRg
WERIT Kunststoffwerke W. Schneider GmbH & Co. KG,Germany,Altenkirchen,Hall 10 / D40,interpack2026.3008348,f15ZDegaRY2ZbxwNAXTv9A
Werner & Pfleiderer Lebensmitteltechnik GmbH,Germany,Dinkelsbühl,Hall 3 / E55,interpack2026.3037383,WJAHYC2DTkCqYiOsTSmGZA
Westland Gummiwerke GmbH & Co. KG,Germany,Melle,Hall 8a / B48,interpack2026.3071463,DNdN04AKR6CpSl2SHiVS4g
Weyhmüller Verpackungstechnik GmbH,Germany,Neu-Ulm,Hall 16 / F55,interpack2026.3074538,3y2u7NPaSEGS0uU7zoRt1g
"WH Packing Co., Ltd.",China,"Huizhou, Guangdong","Hall 7, level 2 / C38-2",interpack2026.3067003,WAyA2pExTWWduwHqhMMPxQ
Wheel Flexible Packaging Pvt Ltd,India,Dadra,"Hall 7, level 1 / D12",interpack2026.3007537,f4QOIzt7Rpye1Imfu2NZwg
WHL GERMANIA LTD,Bulgaria,Varna,Hall 1 / C33,interpack2026.3029382,IOtnFuqnT3OlQplKf9LAWw
"WiAIR CORPORATION CO., LTD.",China,Shanghai,Hall 8a / F12,interpack2026.3007655,HFCdxKwvT1aksVKExNE9rw
Wide Range Srl,Italy,Cusago (MI),Hall 8b / C18,interpack2026.3033510,Xnv0bKyWRVW49S9nMG4ULA
Wiese Förderelemente GmbH,Germany,Burgwedel,Hall 4 / A54,interpack2026.3007163,Wb58pgq9RYCiFDGF3vO6IQ
WILCO AG,Switzerland,Wohlen,Hall 16 / D15,interpack2026.3039754,T0tRuEQmQEakzuCOUT8TuQ
Wilhelm Fischer Spezialmaschinenfabrik GmbH,Germany,Durach,Hall 16 / D72-6,interpack2026.3054475,BOEOzEZcSlCpd4hs6dnKjw
Wilk 2 Sp. z o. o.,Poland,Lublin,"Hall 7, level 1 / A02",interpack2026.3009082,q0E1isSxRX6psIrN4xgr9A
WINDMÖLLER & HÖLSCHER SE & Co. KG,Germany,Lengerich,Hall 12 / A39,interpack2026.3036464,Jb6OC3TrTWCWN6Ol6cczMw
"WINGTAI (ZHONGSHAN) CO., LTD.",China,"Zhongshan, Guangdong",Hall 10 / C02A,interpack2026.3063826,4HKX9dK6RRCvrwiY48ktRw
Winkler und Dünnebier Süßwarenmaschinen GmbH,Germany,Rengsdorf,Hall 1 / B66,interpack2026.3007089,Q1I3Q4fpQXS8zOIfGDXKtw
Winterhoff Picard GmbH,Germany,Remscheid,Hall 18b / E11,components2026.3033059,GvXZxf2PQeuH0RlvI6Qn1w
Wipf AG,Switzerland,Volketswil,Hall 9 / E03,interpack2026.3007880,jXkdRgYNSBuFKTIPa7R3IQ
WIPOTEC GmbH,Germany,Kaiserslautern,Hall 15 / C42,interpack2026.3007092,4pmLsEEnQLOXesnNYOSxXg
Wippermann jr. GmbH,Germany,Hagen,Hall 18b / E17,components2026.3033508,NdVKXFNrT6G0ShPjevXxiw
Wire Belt Company Ltd.,United Kingdom of Great Britain and Northern Ireland,"Sittingbourne, Kent",Hall 1 / B02,interpack2026.3063655,hdYh3g7SQeCnvZs1GRD1PQ
Wire Mesh Belts,United Kingdom of Great Britain and Northern Ireland,Newcastle-Upon-Tyne,Hall 4 / C01,interpack2026.3032095,vu5inmVOQkSGPf0uwmHDqA
Wirebelt Company Osterloh GmbH,Germany,Selmsdorf,Hall 1 / B02,interpack2026.3035776,9IqNzqdcTTagLL4RWttYEw
WIS Kunststoffe GmbH,Germany,Breitungen,Hall 9 / A23,interpack2026.3023901,ujvVUzBtSWKVrGoD3Pgd2g
Wisesorbent Technology LLC,USA,"Marlton, NJ","Hall 7, level 1 / D30A",interpack2026.3006961,1jlEj29bQRG9MmcYaqQ3iA
WITT-Gasetechnik GmbH & Co. KG,Germany,Witten,Hall 5 / F41,interpack2026.3008853,BIQ4sZWNQUuld4tB3upbBw
WM Thermoforming Machines SA,Switzerland,Stabio,Hall 7a / C15,interpack2026.3043357,6icmi64jQF62v0ekvXWWWA
Wolf Verpackungsmaschinen GmbH,Germany,Lich,Hall 6 / C31,interpack2026.3044623,rcgqtI5ER3O80sHrsSbSnA
Woody Associates Inc.,USA,"Red Lion, PA",Hall 1 / A18,interpack2026.3007935,29o2A9EeSK6JnMr1jrpo7Q
WP BakeryGroup,Germany,Dinkelsbühl,Hall 3 / E55,interpack2026.3037383,WJAHYC2DTkCqYiOsTSmGZA
WP Haton,Germany,Dinkelsbühl,Hall 3 / E55,interpack2026.3037383,WJAHYC2DTkCqYiOsTSmGZA
WP Industrial Bakery Technologies,Germany,Dinkelsbühl,Hall 3 / E55,interpack2026.3037383,WJAHYC2DTkCqYiOsTSmGZA
WP Kemper,Germany,Dinkelsbühl,Hall 3 / E55,interpack2026.3037383,WJAHYC2DTkCqYiOsTSmGZA
WP Riehle,Germany,Dinkelsbühl,Hall 3 / E55,interpack2026.3037383,WJAHYC2DTkCqYiOsTSmGZA
WPO - World Packaging Organisation,Austria,Wien,North Entrance 1 / N1,interpack2026.3054357,y7fSJx1xT2GKbWw3iStzVg
"Wu-Hsing Electronics Co., Ltd.",Taiwan,Taichung,Hall 5 / E29,interpack2026.3027730,sinyx8U4QpmsS3e9MmwdwA
"Wuhan Leadjet Science and Technology Development Co., Ltd",China,"Wuhan, Hubei",Hall 8b / G38,interpack2026.3030425,Oe9QoqP9QVKWppZIMWshBg
"Wuhan Rentian Packaging Automation Technology Co., Ltd",China,Wuhan,Hall 11 / E11,interpack2026.3006860,ascGEGj2Rfq1BFEWB7atlg
"Wuhan VZ Information Technology CO.,LTD",China,"Wuhan, Hubei","Hall 7, level 2 / C15B",interpack2026.3075937,MynNSuO2QLG79Iz5BSY0IQ
"Wuhan VZ Information Technology CO.,LTD",China,"Wuhan, Hubei",Hall 8b / H17-7,interpack2026.3066079,xCPDpSAiTjm2yfd9Nt0lQg
"Wuhan Xiantong Technology Co., Ltd.",China,Wuhan,Hall 8b / F11,interpack2026.3006945,xr3NWV5dSh6ysZgiG9gxiw
"WUHU ELEMOTION TECHNOLOGY CO., LTD",China,Anhui Province,Hall 8b / H46-8,interpack2026.3066621,egWuH6k9RNejqxabfjNpLQ
"Wujiang Goodpak Packing Co., Ltd",China,"Suzhou, Jiangsu","Hall 7, level 2 / A18",interpack2026.3063821,Cg6FRT1JTyybAIbdxEi44g
Wulff Entre Ltd.,Finland,Espoo,Hall 9 / B24,interpack2026.3037299,dtFIPw1vTdyuEHkB51sVhg
Wulftec International Inc.,Canada,"Ayer´s Cliff, QC",Hall 6 / B73,interpack2026.3056306,Ak5nLJ5BRDy5EKq0q5AdOw
"WUXI JINGPAI MACHINERY CO., LTD.",China,"Wuxi, Jiangsu",Hall 8a / B08,interpack2026.3073051,UtDonMNRT7adyARZySzlCw
"Wuxi Pacific New Materials Co., Ltd.",China,"Wuxi, Jiangsu","Hall 7, level 1 / C04",interpack2026.3062874,vLu4yDgTSKG1tZVa4D8UcQ
Wymbs Engineering Ltd.,United Kingdom of Great Britain and Northern Ireland,Cheshire,Hall 4 / E60,interpack2026.3007212,E9vA6fgAQGGWU4iwlYwTaA
WZ Packaging Limited,United Kingdom of Great Britain and Northern Ireland,Telford,Hall 10 / B93,interpack2026.3038071,OOqdpAkyRJudsCQoGqschQ
Xavis Co. Ltd. Xavis X-ray,"Korea, Republic",Hwaseong-si,Hall 6 / E09,interpack2026.3065347,XY4gBMNSTl6tdgjscsqcSQ
Xerox Team Jansen,Germany,Hennef,Hall 8b / D11,interpack2026.3064614,5oB2NFuXTbePYDJ1EBt2OA
"Xi'an Aerospace-Huayang Mechanical & Electrical Equipment Co.,Ltd.",China,Shanxi,"Hall 7, level 2 / A06",interpack2026.3071900,MLk57RgCRg6hk1wnGP3fLg
"Xiamen Changsu Industrial Co., Ltd.",China,Xiamen,Hall 9 / J02,interpack2026.3009515,tca7rGaeQA6uofRv5tMmmQ
"Xiamen Hanin Co., Ltd.",China,"Xiamen, Fujian",Hall 8b / H80-10,interpack2026.3066624,FRHAlceCREmyD2Fqd0vpuw
"Xiamen Huli Fengyi Industry Co., Ltd.",China,"Xiamen, Fujian","Hall 7, level 2 / A46-8",interpack2026.3066998,1QTQmloKT06K64sBUEQiQw
"XIAMEN JIAN AN FENG PACKING CO.,LTD.",China,"Xiamen, Fujian",Hall 8b / H80-21,interpack2026.3066632,2tvSDcUWQsmMFTX2zPLWkg
"Xiamen Jufu Plastic Products Co.,Ltd",China,Xiamen,"Hall 7, level 2 / B37-1",interpack2026.3067139,5TyVOGzBQYKErsXZMDGLwA
"Xiamen Longwei Glass Products Co.,Ltd",China,"Xiamen, Fujian","Hall 7, level 2 / A42-4",interpack2026.3067018,pGLGopOPSwSTVco5hN3Qng
"Xiamen Yusheng Packing Machinery Co.,Ltd",China,"Xiamen, Fujian",Hall 12 / E14,interpack2026.3007852,ygsMyYY9S9KWR5msME1Idw
XINGJUNYAO INTELLIGENT PACKAGING TECHNOLOGY,China,"Taizhou, Zhejiang",Hall 3 / A04,interpack2026.3077898,A0YKE3d7RpaQRncXZVbfOA
Xolertic Group,Spain,Castellar del Vallès (Barcelona),Hall 11 / E59,interpack2026.3032971,Jse04xfrThqtHGxkT1Ptog
"XUCHUAN CHEMICAL (SUZHOU) CO.,LTD",China,"Taicang, Jiangsu","Hall 7, level 2 / A14",interpack2026.3073058,O4z3pnESSHmLDShJQT12lQ
Yamato Scale GmbH,Germany,Willich,Hall 14 / A36,interpack2026.3033358,36ws9KZnT8qzWakT5Wc6Zw
Yang Bey Industrial Co. Ltd,Taiwan,Taichung City,Hall 8b / G76,interpack2026.3033450,rKzbcoKeS2SpHmxuXHSsig
"Yantai Bagmart Packaging Co.,Ltd",China,"Yantai, Shandong","Hall 7, level 2 / B37-3",interpack2026.3066979,9Hw09NC2SG6k6W5OnNTA0Q
"Yantai Yongsheng Sealing Technology Co., Ltd.",China,"Yantai City, Shandong",Hall 8b / H41-6,interpack2026.3067006,4clKZOxaS0yJOj6U0ZKlXA
Yasatan Matbaacılık ic kutu ve koliüretim AS,Türkiye,Antalya,Hall 8a / F07,interpack2026.3034401,0HQo0MzYSQ2zNB5VZJFnWQ
Yazpack Ambalaj Sanayi ve Ticaret Limited Şirketi,Türkiye,Istanbul,Hall 8a / F32,interpack2026.3028726,MlyAN7NKQX6LHb1Eu4nxKg
Yeacode (Xiamen) Inkjet Inc.,China,Xiamen,Hall 8b / H59,interpack2026.3058254,vWbYr3RUQdybddJ5O8LoMA
"Yem Chio Co., Ltd.",Taiwan,Taipei,"Hall 7, level 1 / B44-3",interpack2026.3063998,v90TLgM2QeqNRs7yoPLlow
YENİLER ETİKET SANAYI VE TICARET A.S.,Türkiye,Istanbul,Hall 8a / D19,interpack2026.3014039,xjIV7H9pSWOE9CmXIkdeRQ
YESPAC INC.,USA,"Piscataway, NJ",Hall 9 / H03,interpack2026.3065769,NmIP4C1NTaim60xNalmx1g
"YEU CHYUAN INDUSTRIAL CO., LTD.",Taiwan,Chiayi County,"Hall 7, level 1 / B44-1",interpack2026.3063986,xTUWyiR1RfyGgH4x26EFIw
YF Super Sealer Ltd.,Taiwan,Kaohsiung City,Hall 12 / A81-1,interpack2026.3053750,hNcvv4QdQemXiptKI7Bc4g
YGMAK Makina Sanayi ve Tic. Ltd. Sti.,Türkiye,Karaman,Hall 4 / A44,interpack2026.3024486,ggDzFeYRTvaSvNKjAY3Stw
Yi Shen Plastic Corp.,Taiwan,Chang Hua Hsien,"Hall 7, level 1 / B41-3",interpack2026.3064006,CWI28UMBTT2QixwxXATnug
Yılmaz Makina İmalat Sanayi Ve Ticaret LTD ŞİT,Türkiye,Dilovasik Kocaeli,Hall 6 / E76,interpack2026.3038546,8AQqInCIRpahjEezA1wZxQ
YILPAR AMBALAJ SANAYI VE TIC A.Ş,Türkiye,Izmir,"Hall 7, level 1 / D17",interpack2026.3006970,o8jrYRTaTYGTh9rUMQcCDw
"YIWU CHENMO PLASTICS TECHNOLOGY CO.,LTD",China,"Yiwu City, Zhejiang Province","Hall 7, level 2 / A46-6",interpack2026.3066966,u9KGOm3tR4OuNSRTHgi9dw
"Yixing Boya New Material Technology Co., Ltd.",China,"Yixing, Jiangsu","Hall 7, level 2 / A43-3",interpack2026.3067155,C9af07w3Rd2NG0cZkY0BSA
YM PACKAGING GROUP S.L.,Spain,Elche,Hall 11 / A37,interpack2026.3058205,456U5o5BSDiB2u1V8Ebwkw
YM YAVUZ MAKİNA İMALAT İNŞ. İHR. İTH. SAN. ve TİC. LTD.ŞTİ.,Türkiye,"Bayrampasa, Istanbul",Hall 8a / D82,interpack2026.3030785,MSJT6IKWTJy80ZPluBvlOg
"Yolo (Shandong) Trading Co., Ltd.",China,"Qingdao, Shandong","Hall 7, level 2 / C43-1",interpack2026.3067131,pTvFe2VeTJeYLMwvwrqOVA
Yömser Ambalaj San. Tic. Ve Paz. A.S.,Türkiye,Kocaeli,Hall 9 / C31,interpack2026.3018267,srkV1HdgQvap4svUfrNv6g
YONGLI Holland bv,Netherlands,Oudkarspel,Hall 3 / F63,interpack2026.3011349,6vzsCc2sQUOn5K6FgFhrLA
"YOUNG TECH PACK CO.,LTD","Korea, Republic","Gimposi, Gyenggi-Do",Hall 12 / A08,interpack2026.3034467,MlUhsA9qSwyAu6o6R5IPMw
Zaklad Uslug Technicznych Andrzej Urlinski,Poland,Warszawa,Hall 15 / B23,interpack2026.3037714,dd2kqoBvSzmYsVJxi2zn2w
ZALANI PAPER MART (Partnership),India,Mumbai,Hall 8a / F11,interpack2026.3061767,pezTSSLpSUaBWohjRzk7hg
Zambelli Packaging srl,Italy,San Pietro in Casale (BO),Hall 11 / B05,interpack2026.3027309,TJPHOuovSbaB7NZsZTnRiA
ZANASI SRL,Italy,Sassuolo (MO),Hall 8b / C79,interpack2026.3011921,VOjj2xPUSgmomw6UE4LFdw
ZANICHELLI MECCANICA SPA,Italy,Parma,Hall 13 / A75,interpack2026.3068822,KmLiH2HgRoiAKNXmgcsg9w
Zaraplast S.A.,Brazil,São Paulo,"Hall 7, level 1 / D07",interpack2026.3069595,pLB5EDi4SLiQtv4BZRXlHQ
Zastian Europe GmbH,Germany,Frankfurt,Hall 10 / C11,interpack2026.3033440,qzV5VlT3QBK2OvGu4eZImQ
ZDS Zentralfachschule der Deutschen Süßwarenwirtschaft e.V.,Germany,Solingen,Hall 3 / F29,interpack2026.3036570,2DSr8CLLT7uVgUkuVTAmrw
ZEKI SAHIN PASLANMAZ GIDA MAKINELERI A.S,Türkiye,Konya,Hall 3 / C14,interpack2026.3007779,pTRdvHmWR2m2PYLotrI1Jw
Zellstoff Pöls AG/Business Unit Starkraft,Austria,Pöls,Hall 8a / B42,interpack2026.3006965,9xet1p43Ql21PScncAirVg
ZENJET CODING SAS,France,Saint Marcel Les Valence,Hall 8a / E47,interpack2026.3075245,rfHW9O33QMOaVuf44b6reA
Zepf Solutions,USA,"St. Louis, MO",Hall 6 / C79,interpack2026.3011593,83pzX1c4Q26YFlyAUgCNuA
Zeppelin Systems GmbH,Germany,Rödermark,Hall 4 / E35,interpack2026.3032071,Wk1xQsUcSDiEPgBLIMZRNg
ZeroTape®,Germany,Haiger,Hall 10 / A78,interpack2026.3011223,zzGXJe60TxSpt61rYKSjMw
ZFT GROUP DEVELOPMENT PTE.LTD.,Singapore,Singapore,"Hall 7, level 2 / B19",interpack2026.3031908,9S9CYvHKQyGjVwuVxI19qg
ZHAOQING CORAL FOODSTUFF MACHINE CO. LTD,China,"Zhaoqing, Guangdong",Hall 8b / H80-3,interpack2026.3067594,SHpbpt94TKuQziE91r565w
"Zhejaing Leadtop Pharmaceutical Machinery Co.,Ltd.",China,"Ruian, Wenzhou",Hall 8b / H18-6,interpack2026.3066071,DEM95GIcS2KMemzF6PPqtQ
"Zhejiang Allwell Intelligent Technology Co.,Ltd",China,"Wenzhou, Zhejiang",Hall 8b / E75,interpack2026.3048775,cwugJx6PTQOkyt3RTAPmtg
Zhejiang Canaan Technology Limited,China,"Wenzhou, Zhejiang",Hall 16 / A78,interpack2026.3012400,So4NiupxSyGf5coQ3GzZew
"Zhejiang Changhai Packaging Group Co., Ltd",China,"Haining, Zhejiang","Hall 7, level 2 / D09",interpack2026.3066148,9fpf7987SvWjqUzSr17R1A
"ZHEJIANG CHOVYTING MACHINERY CO., LTD",China,Ruian,Hall 8b / H80-20,interpack2026.3068456,i4mZYspkRjGAIhW0YqUSvw
"Zhejiang Discover Machinery Manufacturing Co., Ltd.",China,"Pinghu, Zhejiang",Hall 12 / E23,interpack2026.3063651,Bm8K7BAsQOimO999j0iqGw
"ZHEJIANG DONGFENG PACKING MACHINE CO.,LTD",China,"Wenzhou, Zhejiang",Hall 8b / H40-14,interpack2026.3067597,76wSRUoeQgSsqfIj8woqmg
"ZHEJIANG ETERNAL AUTOMATION SCI-TEC Co., LTD.",China,"Ningbo, Zhejiang",Hall 18a / C12,components2026.3016946,cGuemuOgTKK62BPIKO987g
"Zhejiang Feida Machinery Co., Ltd.",China,"Pingyang, Zhejiang",Hall 8a / F50,interpack2026.3064766,9LEDEbK0Tsm6Kf8Dcfoi6w
"Zhejiang FHES Technology Co,, Ltd.",China,"Ningbo, Zhejiang",Hall 8b / H46-2,interpack2026.3066038,TOITlHKNSEybAwMdiwQxWg
ZHEJIANG FUNUODA INTELLIGENT EQUIPMENT,China,Zhejiang,Hall 1 / D38,interpack2026.3032374,Ns6v4u59QUq0jmaSsYFK7w
"Zhejiang Gaobao machinery Co.,Ltd.",China,Wenzhou City,Hall 8b / H18-2,interpack2026.3067598,qmVDTvdoRsqfBdMNlByAMQ
"Zhejiang guangxing packaging new material co., ltd.",China,"Quzhou, Zhejiang","Hall 7, level 2 / A46-19",interpack2026.3066970,7owSx39bQ7usM5EbIYHZBw
"Zhejiang Haizhou Packing Machine Co., Ltd.",China,"Wenzhou, Zhejiang",Hall 8b / H80-8,interpack2026.3067010,hwXyD0tyQKafaiudvOeuVQ
"ZHEJIANG HANYU MACHINERY CO.,LTD",China,"Ruian, Zhejiang",Hall 15 / B08,interpack2026.3063653,scFaZayYQfCrAV8cUNAoCw
"Zhejiang HOPING Machinery Co., Ltd.",China,"Ruian, Zhejiang",Hall 15 / D20-20,interpack2026.3066937,eYVEZRKQRqeSKplO1Rxpng
"ZHEJIANG JIABEI INTELLIGENT MACHINERY CO., LTD.",China,"Wenzhou, Zhejiang Province",Hall 14 / D36,interpack2026.3068272,cFgdYWaoSmmB3KlNodsKUA
"ZHEJIANG JIADE PACKING MACHINERY CO.,LTD",China,"Wenzhou, Zhejiang",Hall 7a / B31,interpack2026.3073545,Z7aYutmfSvqn0JkgQFXkwA
"ZHEJIANG JIANGNAN PHARMACEUTICAL MACHINERY CO., LTD.",China,"Ruian, Zhejiang",Hall 15 / D20-18,interpack2026.3066945,Ql9hnW9AS8CvAlZOBTrYsg
"Zhejiang Jinhong Intelligent Technology Co., Ltd",China,"Wenling, Zhejiang",Hall 4 / B39,interpack2026.3008544,bIIwBa6kSy6Fbo18Ab8bcA
"ZHEJIANG JIUTENG PACKAGING CO., LTD",China,"Jiashan, Zhejiang","Hall 7, level 2 / D01",interpack2026.3010408,RLQzOEqIRqWC90mFUl1blA
"Zhejiang Kangling Machinery Manufacturing Co.,Ltd.",China,Wenzhou City,Hall 14 / D36,interpack2026.3068271,z26rtXuIQUeJJbwgbDVI7g
Zhejiang Kincess Innovative Materials Co. Ltd.,China,"Shaoxing, Zhejiang",Hall 7a / C09,interpack2026.3006960,pGlcTLc7RgWVd0ngwfrWBA
"Zhejiang Kinlead Innovative Materials Co., Ltd.",China,"Shaoxing, Zhejiang","Hall 7, level 2 / F25",interpack2026.3007950,bOkTXvq5QDGHxTVxBdWVfw
"Zhejiang New Debao Machinery Co., Ltd.",China,"Wenzhou, Zhejiang",Hall 8a / C52,interpack2026.3038568,80wRODtrRt2FIAxed2k4ag
"ZHEJIANG NICE TAPE CO.,LTD",China,Hangzhou,"Hall 7, level 0 / A03",interpack2026.3006872,edZaojjsSemw5g0p1T47fg
"Zhejiang Ounuo Machinery Tech Co.,Ltd",China,Zhejiang,Hall 8a / B74,interpack2026.3068351,WSZnddQwT8yFto1Yj5k0Bg
"Zhejiang Pando EP Technology Co., Ltd.",China,"Haining, Zhejiang","Hall 7, level 2 / D02",interpack2026.3007968,LP8Yvug9QdqUODLu3HfVWQ
"ZHEJIANG QIANLIN PACKAGING TECHNOLOGY CO., LTD",China,"Wenzhou, Zhejiang","Hall 7, level 2 / C43-2",interpack2026.3067020,P58WqSRERJ27phi9sct2zg
"Zhejiang Qunlu New Material Co., Ltd.",China,Jiaxing,"Hall 7, level 2 / E44-2",interpack2026.3065100,ur5b8juUSLOe1TPijnR6Eg
"ZHEJIANG RIGAO MACHINERY CO., LTD.",China,Wenzhou,Hall 15 / B48,interpack2026.3007199,3ZmMcFLAR2q21olDwxCSrQ
"Zhejiang Riverland Eco Technology Co., Ltd.",China,"Lanxi, Jinhua","Hall 7, level 2 / D44-2",interpack2026.3065774,ywQj47y8RfOB1v3eeB6Wvg
"Zhejiang Ruian Hualian Pharmaceutical Machinery Co., Ltd.",China,"Ruian, Zhejiang",Hall 15 / A23,interpack2026.3022237,Ycve9DEYR26rxWECeklHtw
"Zhejiang Ruida Machinery Co.,Ltd.",China,"Rui'An City, Zhejiang Province",Hall 8b / G56,interpack2026.3075926,hKku4YUYQ9KznqgDhKgETQ
"Zhejiang Ruida Machinery Co.,Ltd.",China,"Rui'An City, Zhejiang Province","Hall 7, level 2 / F48-7",interpack2026.3064850,R3k9VmmsTYezVQDBX0d9Zw
"Zhejiang Sanlin New Material Technology Co., Ltd",China,Zhejiang,"Hall 7, level 2 / D46-2",interpack2026.3064849,LuWct4bQSzmKs29npBp3ng
"ZHEJIANG SANLING NEW MATERIAL CO., LTD",China,"Jinhua, Zhejiang","Hall 7, level 2 / A46-12",interpack2026.3067022,zAowPtVdRECEUgFtWaDKxw
"Zhejiang Shenghua Aerosol Machinery Co., Ltd.",China,"Huzhou, Zhejiang Province",Hall 8b / H46-6,interpack2026.3068353,PkLD4rs9R6K0LPE1d0X11g
"Zhejiang Sini Machinery Co., Ltd.",China,"Ruian City, Zhejiang Province",Hall 8b / H59,interpack2026.3009797,UffxOABNSkGHKlR5bRBLSg
"ZHEJIANG VALUE MECHANICAL & ELECTRICAL PRODUCTS CO.,LTD.",China,"Hangzhou, Zhejiang",Hall 18b / G17,components2026.3067799,3kvA26u1QgKoaQuYiqSMYg
"ZHEJIANG WEBTEK TECHNOLOGY CO.,LTD.",China,"Yiwu, Zhejiang",Hall 8a / C83,interpack2026.3022332,hnLk3gJVTimi95KH2l0ToA
"Zhejiang Xinxiang Printing Co., Ltd",China,Wenzhou,Hall 8a / D04,interpack2026.3009560,dxI44jJpSgOjZnW4KGhGXA
Zhejiang Xupack Intelligent Technology Mr. Wen Zhang,China,"Huzhou, Zhejiang",Hall 17 / A55,interpack2026.3019969,S84SVw5TSlyhPO0eeOmHGg
"Zhejiang Yibai Packaging Materials Co., Ltd.",China,"Quzhou, Zhejiang","Hall 7, level 2 / B43-2",interpack2026.3067124,jhQOZREBS8qlKz0cLnUp1g
"ZHEJIANG YUJUN PACKAGING MACHINERY CO., LTD.",China,"Wenzhou, Zhejiang",Hall 15 / D20-10,interpack2026.3066942,ZbficIAETVChQyo6qH9l1g
"ZHEJIANG YX NEW MATERIAL CO.,LTD.",China,"Linhai, Taizhou, Zheijang","Hall 7, level 2 / G47-5",interpack2026.3064728,hNZAgW34Tfulnf7pJ8Zajg
"Zhejiang Zenbo Intelligent Machinery Co.,Ltd.",China,"Wenzhou, Zhejiang",Hall 15 / E21,interpack2026.3068121,bVbzGQLbQcKn91iaPwuRaw
"ZHEJIANG ZHONGCHENG PACKING MATERIAL CO., LTD",China,"Jiashan, Zhejiang","Hall 7, level 1 / A44",interpack2026.3031919,MS58w0jySVKitVBlzNFJbA
"Zhejiang Zhongxin Environmental Protection Technology Group Co.,Ltd",China,"Jinhua, Zhejiang","Hall 7, level 2 / G15",interpack2026.3011969,4l9n8ts0RTerbcoFD0ULRg
"ZHEJIANG ZHUORUI MACHINERY TECHNOLOGY CO.,LTD",China,"Ruian City, Zhejiang province",Hall 8b / H40-13,interpack2026.3066069,rt87doMKR9OCP5QfxyDraw
"ZHENGZHOU VTOPS MACHINERY CO., LTD.",China,"Zhengzhou, Henan",Hall 15 / D20-15,interpack2026.3066484,qweuPlsqTSuOQUVzRyopLQ
"Zhongshan Hisoon Packaging Machinery Co., Ltd.",China,"Zhongshan, Guangdong",Hall 8b / H80-16,interpack2026.3066711,2tDnJPOVTuWcgplLAiNiSA
"ZHONGSHAN WEIGHLIN PACKAGING MACHINERY CO.,LTD.",China,"Zhongshan, Guangdon",Hall 8b / H17-5,interpack2026.3064667,rOpUZH5ySmmUOmtXwdVMvQ
"ZHONGYIN ENVIRONMENTAL PROTECTION TECHNO LOGY (ZHEJIANG) CO., LTD",China,"Huzhou City, Zhejiang","Hall 7, level 2 / D44-5",interpack2026.3065764,VDCmDx7LTAKmUVUfxL4AMA
"Zhuhai Bentsai Electronics Co.,Ltd.",China,"Zhuhai, Guangdong",Hall 8b / H85,interpack2026.3066634,oonM2ZFKT82RcBlg8nvL3g
"Zhuhai Correct Pack Technology Co., Ltd.",China,"Zhuhai, Guangdong",Hall 8b / H80-1,interpack2026.3066622,xveaOLjfQ6O0qDzEfOusOg
"ZHUHAI QBCODE TECHNOLOGY CO., LTD.",China,"Zhuhai, Guangdong",Hall 8b / H40-1,interpack2026.3066065,yGpTjd69QvyaxjsOsxpAxQ
Zilli & Bellini S.r.l.,Italy,Parma,Hall 14 / C01,interpack2026.3033452,OhkYTeDSRcOOCLMUW8o9yA
ZIRVE INTERNATIONAL MAKINA SAN.LTD.STI,Türkiye,Gaziantep,Hall 3 / D64,interpack2026.3007778,Y3VFwpj1QJqvANtmmdMKAw
1 BLOW SAS,France,Boissy-L'aillerie,Hall 13 / A06,interpack2026.3007443,zRIkx9yuTLmxSW5o6xKrKA
1AB Wick-Machinery GmbH,Austria,Wien,Hall 16 / A57,interpack2026.3008637,tHkzEXrYRhOgNtDJaadIKQ
2Lift ApS,Denmark,Slagelse,Hall 15 / B10,interpack2026.3013801,5fJioWqkTv6F9aWEx5yugQ
3P innovation Ltd.,United Kingdom of Great Britain and Northern Ireland,Warwick,Hall 16 / F10,interpack2026.3015778,HgyrZNYDTcSOVhjB0WKwqw
"​​​Jiangsu Fangbang Machinery Co., Ltd.",China,"Suzhou, Jiangsu",Hall 8a / B77,interpack2026.3012097,Pr9GjyF8RuaIhBBhICctjQ
