name,country,city,location,exh,exhSeoId
A&Y Zauntechnik GmbH,Germany,Solingen,Hall 13 / B64,wire2026.3035066,dZkbgoFHTS6cGlQU8GkRJg
"A-TECH CO., LTD.","Korea, Republic","Chilgok-Gun, Gyeongbuk",Hall 16 / H40,wire2026.3045306,R2Tbjp5OTgu6dHK0ntLP7w
A. Appiani Srl,Italy,Manerbio (BS),Hall 11 / D30,wire2026.3044010,XKtIucTfTHSH3lUhLpDfuA
A. Lindemann GmbH,Germany,Dortmund,Hall 6 / H12,tube2026.3040933,MxWGD3JkSYmOQXsIF5lQIg
A.G.R. Filtri Srl,Italy,Sant'Antonino di Susa (TO),Hall 6 / E06,tube2026.3040352,kN6ITBBbQgKfEXtrBL3kVA
A.L.T.A. S.p.A.,Italy,Tradate (BS),Hall 4 / B29,tube2026.3045165,v9CvrJxiRJSGlhsGImE7jw
A.M.I. s.r.l.,Italy,Manerbio (BS),Hall 5 / E28,tube2026.3044611,050em5gITPCtmgYfF5I6ag
A.T.R. S.r.l.,Italy,Orsenigo (CO),Hall 12 / C31,wire2026.3042696,8rXi3N4TRc6DrUCFmEPO4g
Aachener Maschinenbau GmbH,Germany,Alsdorf,Hall 16 / H55,tube2026.3070520,ngiCvZB2TziIgCIyOWeR6Q
Aachener Maschinenbau GmbH,Germany,Alsdorf,Hall 16 / H55,wire2026.3035888,d14AeXKdSJurNRwCFD1ubg
Aaditya Stainless Private Limited,India,Boisar,Hall 1 / D09-2,tube2026.3067327,8kSkJeH8Q9ay5hLHKlFQ3g
AAMOR INOX LIMITED,India,Ghaziabad -Pradesh Uttar Pradesh,Hall 15 / B36,wire2026.3045089,6Ic3LmmxQvq6DQvxxvuy4Q
Aarti Steel International Limited,India,"Ludhiana, Punjab",Hall 15 / G44,wire2026.3041927,yfUZ0r8eQC2bOS58HSoEJA
ABIS International Ltd,United Kingdom of Great Britain and Northern Ireland,London,Hall 13 / B83,wire2026.3062505,nDaojU8fQ3OVfxMGRf2TkQ
Abura Technik GmbH,Germany,Arnstadt,Hall 6 / I37,tube2026.3068871,wYUq1tPLQHW2bJv1CePWkA
Abyssinia Group of Industries,Kenya,Nairobi,Hall 15 / F49,wire2026.3044514,eMeWWRAhRrWngzRWOK7TCQ
"ABZ (SHANGHAI）SMART TECH. CO., LTD",China,Shanghai City,Hall 9 / A78,wire2026.3061379,T6jV6tWQSyKPMNWWe6ON0A
Acciai Speciali Terni S.p.A.,Italy,Terni,Hall 3 / C39,tube2026.3070014,ZPYan7EUSVifQ2EZY3G1aw
Acciai Speciali Zorzetto S.r.l.,Italy,Montecchio Maggiore (VI),Hall 12 / D59,wire2026.3042695,yg4QBhFGTImaCWqFKoWAUA
Acciaierie Bertoli Safau S.p.A.,Italy,"Pozzuolo Del Friuli, Udine",Hall 13 / A20,wire2026.3035085,zZKcKPqcQDqRgGB6la7U9g
ACCIAIERIE DI CALVISANO S.p.A.,Italy,Calvisano (BS),Hall 12 / D16,wire2026.3065564,xuC3nOLDSHy3pHZtAn2x2w
ACCIAIERIE VALBRUNA S.p.A.,Italy,Vicenza,Hall 12 / C60,wire2026.3044847,6yx7Z4kAR8WE7nFYcct8qA
Acciaierie Venete SpA,Italy,Camin (PD),Hall 12 / C44,wire2026.3044513,3Kmm3HLZRtGOOuQEqeW6Fw
Acciaierie Venete SpA,Italy,Camin (PD),Hall 12 / C44,wire2026.3044513,3Kmm3HLZRtGOOuQEqeW6Fw
Acciaitubi S.p.A.,Italy,Lecco,Hall 3 / E17,tube2026.3040705,8MJ58gJMRceVmDinUlwegw
Acciaitubi,Italy,Lecco,Hall 3 / E17,tube2026.3040705,8MJ58gJMRceVmDinUlwegw
Accrete Electromech Private Limited,India,Aurangabad,Hall 1 / A74,tube2026.3037726,kSuRLRR2TXmIQBH9FLOdkw
ACCURL Europe GmbH,Germany,Bad Wörishofen,Hall 6 / A18,tube2026.3067186,aZp9I9koTmms0uwoEY4Yvw
"ACE INDUSTRY CO.,LIMITED",China,Shanghai,Hall 14 / B30-5,wire2026.3065038,E2ap6153RMat7DeuhwpYIA
Acerinox S.A.,Spain,Madrid,Hall 3 / B18,tube2026.3044544,Gtm8EWw7RHysDR0kVllsfg
ACI - Automotive Compounding Industry Ldª / Perplastic Group,Portugal,Guarda,Hall 12 / B62,wire2026.3044598,lkNZHXp3RGKfwSZuc5zz0g
ACIER ALLOYS INDIA PVT. LTD.,India,Mumbai,Hall 15 / B39,wire2026.3040919,OkFCVGXqRyKb92f1V7HkWg
ACIMAF Italian Wire Machinery Manufactures Association,Italy,Milano,Hall 11 / B51,wire2026.3035013,pnU0ZrEMRmWFHMHn3ROflg
ACMMT AB,Sweden,Järfälla,Hall 9 / E40,wire2026.3054996,74CycQb2SX2bfaDVi6NmWQ
ACS®,Germany,Ludwigslust,Hall 6 / E19,tube2026.3036373,eRBv9ZrEQPKc2w8VuxFnoQ
ADAYLAR BAKIR SANAYI VE TICARET ANONIM SIRKETI CO. LTD.,Türkiye,Denizli,Hall 15 / K59,wire2026.3063573,ccvkS9Y8TFGhgzkjpgwo3g
ADC SARL,France,Xertigny,Hall 9 / C04,wire2026.3040555,gjpX8vamTqOP3XwPqX2x1A
ADIGE S.p.A.,Italy,Levico Terme (TN),Hall 5 / J22..J34,tube2026.3045786,O8TZNfAXSVaLT1fvadNnzg
"Advance Intelligent Technology (Shanghai) Co.,Ltd.",China,Shanghai,Hall 13 / B13,wire2026.3058881,0pQWS8ehQ1u78TG9IjjJnQ
"ADVANCED (SU ZHOU) HARD METAL CO.,LTD",China,"Suzhou, Jiangsu",Hall 14 / E22-1,wire2026.3069740,Yv7GHFYuR8OqN3pYG2aF4Q
Advanced OEM Solutions LLC,USA,"West Chester, OH",Hall 6 / B22,tube2026.3039507,1mA2PX7wSJWaOJwJAv1jmQ
ADVARIS Informationssysteme GmbH,Germany,Bruchsal,Hall 9 / B54,wire2026.3036976,FxEBJV5XT1e5KtZCmxFp4Q
ADWANTEK INTERNATIONAL INC.,Canada,"Concord, ON",Hall 13 / B79,wire2026.3045398,qThYxD9DRIauKqluCvUe0A
AEI Machines Associated Engineers & Industrials Pvt Ltd.,India,Ajmer,Hall 11 / D14,wire2026.3039937,G7i2KJ7MTSWJjoMrKHSrJw
Aeroel S.r.l.,Italy,Pradamano (UD),Hall 9 / C33,wire2026.3046132,bijPMDhhRiGM6asPKediww
AESA S.A. AESA Cortaillod,Switzerland,Bevaix,Hall 10 / A38,wire2026.3044509,zXdOtGcERI2Ps8RKXWUn5Q
AFH-Antriebstechnik GmbH,Germany,Krefeld,Hall 11 / E68,wire2026.3033963,TMUdnt6yTEKc7Zu5V2Cnpg
AFLB CORPORATION S.R.L.,Italy,Settimo Torinese,Hall 6 / E31,tube2026.3068319,0eDquT3dRmSmNGA4lThmOg
"AGAPE Industrial, Inc.",USA,"Torrance, CA",Hall 9 / E10-1,wire2026.3059976,amLmvrsuTYqHQGyUXibbnw
AGARWAL FASTNERS PVT. LTD.,India,Mumbai,Hall 13 / C84-3,wire2026.3069585,OPabxQxKT2S6Gy7JoPtOKQ
AGRO Steel Wire GmbH,Germany,Bad Essen,Hall 10 / H27,wire2026.3041130,lTZqmRSAREqCBEqf3dwR7Q
AGST Draht & Biegetechnik GmbH,Germany,Engelskirchen,Hall 12 / C02,wire2026.3034324,7PEURAUbRmCUGKilhbpclA
"AIM, Inc.",USA,"Tampa, FL",Hall 11 / A21,wire2026.3034001,aumoXZCFTQiRDncS57dvBg
Ajex & Turner Wire Technologies Pvt Ltd.,India,New Delhi,Hall 11 / A50,wire2026.3036089,0wT6VfVvQD6pbxyWqe3EzQ
AJMAL STEEL TUBES AND PIPES INDUSTRIES L.L.C,United Arab Emirates,Abu Dhabi,Hall 4 / G29,tube2026.3034133,k4TBmw6mS8emam6mmJCDBg
Akcelik Demir Celik San Tic A.S.,Türkiye,Kocaeli,Hall 12 / C14,wire2026.3037294,fEEBDnm4TJWetuetLS7Sjg
AKKATOGLU DEMIR CELIK SAN.ITH.IHR.VE TIC LTD.STI,Türkiye,Payas,Hall 15 / J58,wire2026.3062521,cPF723YOR7CxDEDt4svXwg
AKMERMER DEMİR ÇELİK TİCARET VE SAN.LTD. ŞTİ.,Türkiye,Ankara,Hall 3 / G53,tube2026.3058400,SuvGRsUhToCUOVlpukp25Q
AKOR MAKİNA İMALATI VE DANIŞMANLIK SANAYİ TİCARET LİMİTED ŞİRKETİ,Türkiye,İstanbul,Hall 17 / A69,wire2026.3060316,IBmhkLEcThyGhro3aLrPgw
AKRIS Group SAS,France,Ambrieres-Les-Vallees,Hall 16 / H54,wire2026.3064675,xDWMINpxR6u8364BIRPHrg
AKWA TECHNIC,Türkiye,Bursa,Hall 17 / D77,wire2026.3046174,CNpYHMC9QQm99SvCwvVreQ
Al Jazeera Steel Products co. SAOG,Oman,Sohar,Hall 3 / G09,tube2026.3061092,UbCQ0craTdueF6rX3zoRmw
Al Khaleej Steel Industries LLC,United Arab Emirates,Abu Dhabi,Hall 15 / D15,wire2026.3052962,hFtZOgk0RMK4o7XrAWtmJQ
Al Rashed Steel Products Manufacturing LLC,Saudi Arabia,Al Khobar,Hall 13 / C88,wire2026.3061288,CfmG8ufwQyCECHijmdF52A
ALBA TASARIM MUHENDISLIK CO. LTD,Türkiye,Bursa,Hall 6 / E03,tube2026.3043583,WMH0gpaHTbShlyb19i5hNA
ALBAYRAK DEMIR CELIK ve LOJISTIK YAPI MALZEMELERI SANAYI TICARET ANONIM SIRKET,Türkiye,Samsun,Hall 15 / D23,wire2026.3034359,jj3fsJkMQ4Ghy19vCKX0TQ
Albromet GmbH,Germany,Geretsried,Hall 5 / F15,tube2026.3037729,THAJSFeaSjuqn4VV0HP2NA
"ALECO ADVANCED TUBE MACHINERY CO., LTD.",China,"Jiaozhou, Qingdao, Shandong","Hall 7, level 0 / D20-2",tube2026.3058467,EjRHAAhETjW5oDoEG483Dw
ALECOSA Aleados del Cobre S.A.,Spain,Valls (Tarragona),Hall 9 / B49,wire2026.3034809,bK4BkyNGQKiKZF1r9W27lQ
Alfa Acciai S.p.A,Italy,Brescia,Hall 12 / C13,wire2026.3042397,ZuWSYzbqSFODuodzuV6BzA
ALFA HALAT LTD STI,Türkiye,Altieylül / BALIKESIR,Hall 15 / H35,wire2026.3046121,W3VM3F3XREy1WcgImsAZSg
Alfred Wertli AG,Switzerland,Winterthur,Hall 11 / G39,wire2026.3045805,R72c5chWQxKErXLKZGx96g
ALICI CELIK SANAYI ANONIM SIRKETI,Türkiye,Tarsus / Mersin,Hall 1 / E66,tube2026.3067521,pfUVddM4Qc2MqATZkM3E4Q
All Steels Trading Ltd.,United Kingdom of Great Britain and Northern Ireland,"Thirsk, North Yorkshire",Hall 4 / A22,tube2026.3035119,7p50dvD4SfGAiup1hCzn3w
Allico International Inc.,USA,"Grand Rapids​, MI",Hall 4 / A40,tube2026.3066141,djGKJCCAQ2ibeaGVbM7riQ
ALLIED GROUP,Italy,Alta Val Tidone (PC),Hall 1 / B59,tube2026.3041577,IT1CU1lcSdqon1RUBrFKxw
Allied International s.r.l.,Italy,Alta Val Tidone (PC),Hall 1 / B59,tube2026.3041577,IT1CU1lcSdqon1RUBrFKxw
Allori Tools srl,Italy,Bologna,Hall 5 / F26,tube2026.3039755,aZW2IkvlQR2du9XlRv2SUw
Alloy Wire International Ltd.,United Kingdom of Great Britain and Northern Ireland,"Brierley Hill, West midlands",Hall 11 / E26,wire2026.3035009,VDYeq7KuRFSt4sJrrTKqNQ
ALLU'S S.p.A.,Italy,Sesto al Reghena (PN),Hall 3 / E37,tube2026.3041198,zKGltIu7TWqjK1pxUbq0Vg
Almetha GmbH,Germany,Kamen,Hall 11 / H68,wire2026.3036218,HwsdAC4SSSa1T8TfqbcBPw
Alois Schmitt GmbH & Co. KG,Germany,Karlsruhe,Hall 1 / A59,tube2026.3050322,sfe4NxHGTryEOidbyIwqiA
ALP VASIFLI ÇELİK SAN. VE TİC. A.Ş.,Türkiye,Kocaeli,Hall 13 / C32,wire2026.3045653,uKfHkzqYQPmJMGPkZy81FQ
"Alphagary, an Orbia business",United Kingdom of Great Britain and Northern Ireland,Leicestershire,Hall 15 / H12,wire2026.3035466,11pOcrOoQF2a9X9hCjH3Aw
ALPOS Metalurgija d.o.o.,Slovenia,Sentjur,Hall 3 / B20,tube2026.3041643,OX3BKfSDSFimynzukm2fCg
Altec S.r.l.,Italy,Brugherio (MI),Hall 11 / A42,wire2026.3045798,hH8DgFEGTPaOZUn7zgEe2A
"AMADA PRESS SYSTEM CO., LTD. MEC Spring-Forming Machine Division",Japan,Saitama,Hall 16 / G01,wire2026.3046911,YeL9rAMITK6q6NzA5tgXnA
Amari Precision Tubes Ltd,United Kingdom of Great Britain and Northern Ireland,Wednesdbury,Hall 1 / F86,tube2026.3070892,CuryEFY0RV2ySOZzcB0Lrg
AMBICA STEELS LIMITED,India,New Delhi,Hall 15 / H21,wire2026.3045619,drnnyz60SIiD8pt5Ve9eUw
Ambrell B. V.,Netherlands,Hengelo OV,Hall 11 / E15,wire2026.3043631,SaIQp8LBRgqLtIDLFgKeIA
American Standard Wire Rope Inc.,USA,"Irvine, CA",Hall 15 / J12,wire2026.3051100,2fHmeANNTcO7y1y5DYSBoA
Amic SARL,France,Bobigny,Hall 10 / H22,wire2026.3033999,RgSsaKNhRUGAvbjrf22OGw
Amici Laser Technology Srl,Italy,Brescia (BS),Hall 6 / G11,tube2026.3058279,VdAq1dcYThKh2Q4yarO0Eg
AMOB - Maquinas Ferramentas S.A.,Portugal,Louro,Hall 5 / A09,tube2026.3034160,ZyNRnZeGSgGvzQozWmfHEw
AMPAC International Inc.,USA,"Fort Wayne, IN",Hall 11 / A02,wire2026.3045713,6QgrNyk9R1OFdPMAq0rZqg
Ampacet Europe SA,Luxembourg,Dudelange,Hall 11 / F02,wire2026.3036959,ioQjoazETlydSfIx9Ydlag
Ampco Metal Deutschland GmbH,Germany,Geretsried,Hall 6 / E11,tube2026.3034540,j5WUbltsTliT8q2UT9LCLg
"An Chiao Molds Co., Ltd.",Taiwan,Kaohsiung,Hall 16 / D22-3,wire2026.3061649,2QkC5FwQRCW8i5bPGozYAQ
Anahita GmbH,Germany,Bielefeld,Hall 6 / B32,tube2026.3045665,xuaZlCdlRVmcp7OrPrTDgg
analyticon instruments gmbh,Germany,Rosbach v.d. Höhe,Hall 6 / D25,tube2026.3058990,prCCBCefSFaFCpPIe0Gsxw
Anbao Qinhuangdao International Corp.,China,Qinhuangdao,Hall 15 / F58,wire2026.3034394,S6TAvS6qTneuwHUQ4VHVrw
Anchmold GmbH,Germany,Hannover,Hall 13 / B83,wire2026.3044447,OO0YqduIQXKXqprU1tXMKw
AND MET METAL A.S.,Türkiye,Istanbul,Hall 15 / D19,wire2026.3041435,NmfNGzyyRxidEtL24v26lw
Andernach & Bleck GmbH & Co. KG,Germany,Hagen,Hall 12 / A55,wire2026.3035450,Feb26jgOQgW5Rin3xP8fQQ
"Anhui Fukai Special Materials Co., Ltd",China,"Xuancheng City, Anhui Province",Hall 14 / C46-2,wire2026.3073733,q0bmgKOARCGtmcBcmRzWDg
"ANHUI HERRMAN MACHINERY TECHNOLOGY CO., LTD.",China,"Hefei, Anhui",Hall 13 / E21,wire2026.3066458,zRN4VRcOTsqObm3Qo3cMRg
"Anhui Juxin Intelligent Manufacturing Technology Co., Ltd.",China,"Tongling, Anhui",Hall 14 / F12-5,wire2026.3065033,80DGExz2SO2hzXxmmIbXJA
"ANHUI KAPUR METAL PRODUCTS TECHNOLOGY CO., LTD.",China,Tianchang,Hall 14 / B12-2,wire2026.3067175,HWNrrvkIS7C7ZITtGEJOPA
"ANHUI KEY-KNOWLEDGE INTERNATIONAL TRADING CO., LTD.",China,"Hefei, Anhui",Hall 14 / A39-5,wire2026.3067165,P3NERCPiSJiRo5wL7KarUQ
"Anhui Mingchu New Materials Co., Ltd",China,"Bengbu, Anhui",Hall 14 / J02-3,wire2026.3065057,jzqXqzpbTOGMCGynr6A9Ww
"ANHUI SAILING HI-TECH METALS CO.,LTD",China,"Xuancheng, Anhui",Hall 6 / J09-1,tube2026.3065851,Waq1nRlrQSyW3njgsGIsbA
"Anhui Yijiayi Technology Co., Ltd.",China,Mingguang,Hall 14 / D12-2,wire2026.3063153,iWzTP0plRxiKgkmw3HBdQw
"Ann-Chain Enterprise Co., Ltd.",Taiwan,Changhua,Hall 16 / D22-4,wire2026.3063377,1f1y2VecSBSaXvQFlliByQ
"Anping County Kaixuan Stainless Steel Products Co., Ltd.",China,"Hengshui City, Hebei","Hall 7, level 0 / G11-3",tube2026.3060176,mBFrYCjCSVid9FKeDWSdCA
"ANPING COUNTY TUOLUN WIRE MESH PRODUCTS CO., LTD.",China,Hengshui,Hall 14 / A12-4,wire2026.3059059,reArZOLvRGOH3IuwEDD4pg
"Anping Cowan Wire Mesh&Machines Co., Ltd",China,"Hengshui, Hebei",Hall 14 / A54-1,wire2026.3065064,bEkUXQCjS3C4GbbIIVVaUA
"Anping Kingdelong Wire Mesh Co.,Ltd",China,"Anping, Hebei",Hall 14 / B62-1,wire2026.3060019,WDQUTipdTveWS5yBIiMc9w
Antriebstechnik Saftig GmbH,Germany,Plaidt,Hall 6 / G12,tube2026.3045669,IyxF7DUQTO6vS07qZL6r5g
ANUP NDT PVT LTD,India,Pune - Maharashtra,Hall 1 / F02-2,tube2026.3065181,RhNj5cnqSxahPV3LJJ8GeQ
APERAM Alloys Imphy SAS,France,Imphy,Hall 11 / E60,wire2026.3038245,bemAGATRRtySkoIDq3N9sQ
API Engineering Ltd,United Kingdom of Great Britain and Northern Ireland,Norwich,Hall 7a / C14,tube2026.3044408,EdXTwsOZTXycI9REQOtUFg
APL Apollo Tubes Company LLC,United Arab Emirates,Umm al Quwain,Hall 4 / C37,tube2026.3041199,V7KsydS5RZm7rlSveXI42A
AQUA CASTING INC,China,Weifang,"Hall 7, level 0 / B26-8",tube2026.3062882,oIfmoyzrTcaQjGyVi8S6AA
AQUENT ADVANCE MATERIAL TECHNOLOGIES PVT LTD,India,Silvassa,Hall 13 / A49,wire2026.3070176,RQTIBhRYT8q9cDJ20wi73Q
ARA MAKİNA İMALAT SAN. VE TİC. LTD. ŞTİ,Türkiye,Kocaeli̇,Hall 11 / D63,wire2026.3059430,N8t7wuvfSXuitjGLLymJzA
Aratubo S.A.U.,Spain,Vitoria,Hall 3 / C04,tube2026.3039753,WDtzSr5KTHqaCG7rTJWMZQ
Araz Mekatronik Makine San. ve Tic. Ltd.,Türkiye,Ankara,Hall 17 / D70,wire2026.3044562,VbPAwecwQSGFUdxUV8X7NQ
ARCELORMITTAL COMMERCIAL SECTIONS S.A.,Luxembourg,Esch sur Alzette,Hall 12 / D32,wire2026.3044441,PD1HNsJCS9uV6XnMUa811w
Arcus Group AG,Switzerland,Baar,Hall 3 / C02,tube2026.3038493,8kPKpFLkQIG2aNMPpAr93g
Argus Media Ltd,United Kingdom of Great Britain and Northern Ireland,London,Hall 6 / A30,tube2026.3053739,WqXdmjutRa2SlKZS2Ic8Ng
ARNAY TUBES INDUSTRIES PRIVATE LIMITED,India,Mumbai,Hall 1 / F02-1,tube2026.3068549,QL7fm4v6STGR4uC33eyhPg
ARROW PIPES AND FITTINGS FZCO,United Arab Emirates,Dubai,Hall 1 / C43,tube2026.3034534,CNGsWBJoSHaX8tzBKy18CQ
Artikul Aziya Kabel JV LLC,Uzbekistan,100155,Hall 13 / C19,wire2026.3072894,bqPSdKlAQheZzpPaePwqJw
ARTOFIL BV,Netherlands,Deurne,Hall 11 / B01,wire2026.3045410,rUhJumoSRj2CzKDNB99vcA
Arvedi AST,Italy,Terni,Hall 3 / C39,tube2026.3070014,ZPYan7EUSVifQ2EZY3G1aw
Arvedi Tubi ACCIAIO S.p.A.,Italy,Cremona,Hall 3 / C39,tube2026.3069394,yrRQEVGdTcWEpaEqqyG7GA
Arvind Anticor Ltd.,India,"Ahmedabad, Gujarat",Hall 7a / E19,tube2026.3044927,Xr3M2paTTmWil0KN59PWjw
Arvind Corrotech Ltd.,India,Ahmedabad,Hall 6 / I12,tube2026.3036344,ojxqJFHPT9itLj2a9eeEZg
ASA-RT S.r.l.,Italy,Turin,Hall 9 / C21,wire2026.3045435,FbYU9Yx9QPegbLiCT9nJjA
Asahi Sunac Corporation,Japan,Owariasahi,Hall 16 / C55,wire2026.3042972,L30uPVH1QMiDVzhUOYONHg
ASB Tubes Pvt Ltd,India,"Mehsana, Ahmedabad",Hall 3 / A37,tube2026.3034177,aykrWPkOSLu6OCeF2AurnA
Ascodunes SAS,France,Leffrinckoucke,Hall 13 / C15,wire2026.3071343,iPwiCswCSnCSMud7El0kVA
Asil Celik San. ve Tic. A.S.,Türkiye,Orhangazi / Bursa,Hall 12 / A14,wire2026.3039808,5O9nu4ZFTHWfRWTeXtZZng
ASLANLI METALURJI VE METAL URUNLERI SAN. A.S,Türkiye,"Pendi̇k-Istanbul, Istanbul",Hall 15 / L50,wire2026.3050568,fXYtNlbERAe86T59LFK1JQ
Asli Makara Endüstriyel Ambalaj Sanayii Ltd. Sti.,Türkiye,"Esenyurt, Istanbul",Hall 15 / A04,wire2026.3045090,lZDlBVhFTUKdYvT8OKqyUg
ASMAG - Anlagenplanung und Sondermaschinenbau GmbH,Austria,Scharnstein,Hall 9 / C06,wire2026.3064082,CDwgH0uSSRCzXTz1KjqkxQ
ASMAG - Anlagenplanung und Sondermaschinenbau GmbH,Austria,Scharnstein,Hall 6 / A01,tube2026.3045522,t6xWizkzQX6lOmo47ztiGA
ASO H&P SRL,Italy,Brescia,Hall 3 / C58,tube2026.3042428,PoHXIyVVR5WXm6UNZku3kA
ASR Met Tech Pvt. Ltd.,India,"Ahmedabad, Gujarat",Hall 3 / G43,tube2026.3057162,UudpjPvrR1yokzKbLoJ8bw
Assomac Machines Ltd.,India,Uttar Pradesh,Hall 9 / A73,wire2026.3040358,qwQtAmwqSZKdLGuAmRD0rQ
AT WIRE GmbH & Co. KG,Germany,Altena,Hall 10 / B46,wire2026.3041696,ESiVsxJPQPmWkS6itjXERg
AT WIRE GmbH & Co. KG,Germany,Altena,Hall 15 / K16,wire2026.3053468,It45YsgUTHKRPxETG3Muxw
ATAKAŞ ÇELİK SANAYİ VE TİCARET A.Ş.,Türkiye,Hatay,Hall 4 / F15,tube2026.3051655,tvXx3FnDSm2PUiEceg1Y6A
ATE Applicazioni Termo Elettroniche S.r.l.,Italy,Brendola (VI),Hall 11 / B76,wire2026.3036796,xYu7OHNvSH6X4KlyBc8QUg
ATG Automations-Technik Gröditz GmbH & Co. KG,Germany,Gröditz,Hall 7a / D017,tube2026.3062375,UwKVfwWzSn6C1AX9Bs3M4g
Atom Kablo San. Ve Tic. A.S.,Türkiye,Istanbul,Hall 13 / C10,wire2026.3058702,GdoeAiMsQ7u3J2PlZS2wXQ
ATOMAT S.P.A.,Italy,Remanzacco (UD),Hall 5 / G19,tube2026.3035464,EVIecqd4Th6hs5Dj46vgYg
August Hildebrandt GmbH,Germany,Schwerin,Hall 12 / E71,wire2026.3044788,mrBvutWlRGupsSAuttTX7A
August Strecker GmbH & Co. KG,Germany,Limburg,Hall 10 / A21,wire2026.3034873,SRqFFvhiS9Ss5rtqYSLkZQ
Aurubis AG,Germany,Hamburg,Hall 12 / C32,wire2026.3045845,7utD9fOnT5q2j8EPfowOZw
AuTech GmbH Automationstechnologie,Germany,Sulzbach-Laufen,Hall 5 / A34,tube2026.3045667,jfm4qShURxGP5tcPl9wRaQ
Automazioni Industriali Capitanio Srl S.B.,Italy,Odolo (BS),Hall 9 / E60,wire2026.3070532,eMXJ04muTGyhqJjBZIaVFw
Avar Kompozit Ürünleri San. Ve. Tic. A.S.,Türkiye,Antalya Konyaalti,Hall 9 / B60,wire2026.3045434,L3I5bmRXQpKaFFbVbXmKyQ
"Aversion Technologies, Inc.",USA,"Annapolis, MD",Hall 9 / F25,wire2026.3033959,IKe5Eeu6Srq2d5B0l3XxXQ
Avient,Luxembourg,Pommerloch,Hall 9 / C77,wire2026.3046074,GWy1ZYlGRru9lP8xkLotSQ
Avon Steel Industries Private Limited,India,Ludhiana Punjab,Hall 1 / D09-1,tube2026.3070015,Qv60w258QWSlUpYOOxNw4w
AVTAR STEEL LIMITED,India,New Delhi,Hall 15 / F40,wire2026.3038304,X9XyW5f5QyuBZngi8u64ig
AW Machinery LLC,USA,"Fairfield, NJ",Hall 9 / E10-2,wire2026.3059977,8c4mQIVyQjOMErl1s3pOtQ
AXITEC B.V.,Netherlands,Moergestel,Hall 13 / E71,wire2026.3046107,oWtF5prwSO6bJtmLBLnngg
Axjo Europe AB,Sweden,Gislaved,Hall 12 / A56,wire2026.3071494,raNy1EAuSuCYeI6p1gq72w
AYES CELIK HASIR VE CIT SANAYI A.S,Türkiye,Istanbul,Hall 15 / F08,wire2026.3035083,sItSyNLWSzqcZak6R9Y89w
AYGUNSAN DEMIR CELIK SAN. TIC. A.S.,Türkiye,Karabük,Hall 13 / D21,wire2026.3040322,ODqSGmlqSsufUCVo6DOCQQ
AYMAK MAKINE Mühendislik Hiz. San. ve Tic. Ltd. Sti.,Türkiye,Tuzla / Instanbul,Hall 11 / H77,wire2026.3035414,ZwBkLfZ7R6GXYRP3F8wqLQ
B&F Metallbautechnik GmbH,Germany,Wildeshausen,Hall 1 / B44,tube2026.3056876,5j4GfgmzRkquQebFVNZ83w
B&P Littleford LLC,USA,"Saginaw, MI",Hall 13 / B84,wire2026.3069041,d1WbOUcGRUGN2J2dLd1I0A
B+B Eisen- und Stahlhandel GmbH,Germany,Unna,Hall 11 / H74,wire2026.3044558,UTvEXLNsRuGYp8lpKKYWzg
B. S. Shakti Steel Pvt. Ltd.,India,"Sampla, Rohtak",Hall 15 / E01,wire2026.3046080,sF201AFOSoO5bXjSkOeApw
Bahra Advance Cable Manufacturing Co,Saudi Arabia,Jeddah,Hall 13 / C10,wire2026.3056762,RE7TykkRTvCxRKNKSASLNg
"Baicheng Fujia Technology Co., Ltd.",China,"Baicheng, Jilin",Hall 13 / C87,wire2026.3045695,M4g8MrtbRaan7QlgTHLtIQ
"Baicheng Miracle Equipment Machinery Co., Ltd.",China,"Baicheng, Jilin",Hall 14 / A46-1,wire2026.3060012,b4bazD2yQQKGX1jHXYAu8w
Baker Hughes Digital Solutions GmbH,Germany,Hürth,Hall 9 / F33,wire2026.3045814,8v82qjZJQICNVhX3nYH8EQ
BAKIROĞLU TESİSAT MALZ.SAN.TİC.LTD.ŞTİ,Türkiye,Kocaeli̇,Hall 4 / G36,tube2026.3039506,152DeSqkQPySui9WOnIwaw
Baku Steel Company CJSC,Azerbaijan,Baku,Hall 1 / F50,tube2026.3047523,kiZwIzURTvyesWNP350fxQ
BALLOFFET S.A.S,France,Lagnieu,Hall 10 / A17,wire2026.3040175,dgV6avieS7y2nEvNHeGamg
BAM AG BAMTEC® Reinforcement Technology,Switzerland,St. Gallen,Hall 17 / A24,wire2026.3070357,zq9zVhmxSTmcxZX2GvQrNg
Bansal Wire Industries Ltd.,India,"Ghaziabad, Uttar Pradesh",Hall 9 / C74,wire2026.3045842,2XZKNoCiR2uPhVXYbI5lEw
"Baoding Mingshuo Electric Co.,Ltd",China,"Dingzhou, Hebei",Hall 6 / H08,tube2026.3064602,KvUsomXzRgGbsBatqT0E0w
"Baoding Sanzheng Electrical Equipment Co., Ltd.",China,"Baoding, Hebei Province",Hall 6 / J24-2,tube2026.3062035,3l49cEpJSbGSNrkyCrmRCw
"BAODING WONDER ELECTRIC EQUIPMENT MANUFACTURING CO., LTD.",China,Baoding,Hall 6 / J13-5,tube2026.3062050,kNwfhMIfRdywyUWhDB84Qg
"BAOFENG STEEL GROUP CO., LTD.",China,"Lishui, Zhejiang",Hall 3 / A09,tube2026.3061290,VHAD9fvyRaSzMNtRGZY4XA
"Baoji Special Steel Titanium Industry Co.,Ltd.",China,"Baoji, Shaanxi",Hall 6 / H35-3,tube2026.3067193,M0Vrox42QFCJNOdHYSwkJg
"Baoji Yesheng Titanium Industry Co., Ltd",China,Baoji,Hall 6 / H35-1,tube2026.3068500,4qQFzNiXRgWvcN47QN7UZA
"BAOJI YONGSHENGTAI TITANJUM INDUSTRY CO.,LTD",China,"Baoji, Shaanxi",Hall 6 / H37-1,tube2026.3072170,pMSy52KYTVShCkzweeuQhQ
Baotou Yihe Rare-earth Aluminum Technology Materials Co.，Ltd.,China,Baotou City，lnner Mongolia,Hall 14 / A04-6,wire2026.3062924,o4tLeVLHQLeJib6tW9Oy6Q
Barcelona Performance Yarns S.L.,Spain,Arenys de Munt,Hall 13 / D24,wire2026.3035471,JUYPCuiHSMGHH3f3Ns7PkQ
Bartell Machinery Systems L.L.C.,USA,"Rome, NY",Hall 11 / B16,wire2026.3044739,YoOZp8tDR3evcM9vFCO0qA
BAŞATLI BORU PROFİL SAN. VE TİC. A.Ş.,Türkiye,KOCAELİ,Hall 3 / G56,tube2026.3058401,SuFtAsFlT9m3veevQDdBIA
Basell Sales & Marketing Company B.V.,Netherlands,Rotterdam,Hall 13 / A57,wire2026.3061189,ZnQHR4DuQ6CumOFM9QcdCw
BASF SE,Germany,Ludwigshafen am Rhein,Hall 9 / C22,wire2026.3035408,ZVsR1Id6SeSp3ZsBjucDng
BASS GmbH,Germany,Niederstetten,Hall 16 / A56,wire2026.3043738,5iviQt98SV6qLQoVEPvR0w
Baudrand New Tech Europe E.U.R.L.,France,Lyon,Hall 16 / C50,wire2026.3044997,ZMjPuqVTRN2jDYcqAp2I5g
Bauhuis Solutions B. V.,Netherlands,Goor,Hall 6 / G19,tube2026.3046966,j5SaBnoJS8SBmKaIRSNkEQ
Baumann S.r.l.,Italy,Cavaion (VR),Hall 6 / H32,tube2026.3045679,ZH6NfpkeSOyrwmvdL0UqrQ
Bavaria Schweisstechnik GmbH,Germany,Unterschleißheim,Hall 6 / F31,tube2026.3047078,QzIsqyXpSfeuD3SXbbbNUQ
"Bazhou Wanxin Industrial and Trading Co., Ltd",China,"Bazhou, Langfang City, Hebei",Hall 6 / J10-2,tube2026.3068073,go4TLdoST0eM79YKKrIKCA
BB Spring Technology S.r.l.,Italy,Turate (CO),Hall 16 / C02,wire2026.3041912,bdUDXMyaRzye1NNIwi2bZw
BCT GROUP S.A.,Greece,Athens,Hall 13 / A09,wire2026.3046127,2eAQeHNWTg6fKUAHK54Ylg
BDS AG Bundesverband Deutscher Stahlhandel,Germany,Düsseldorf,Hall 1 / A59,tube2026.3045400,LQtvXK97QDK3lpicwSy56A
Bedmutha Industries Limited,India,Dhule,Hall 15 / A17,wire2026.3034400,vxnzAWeNSzGe4aRINo5eYw
BEGRA Granulate GmbH & Co. KG,Germany,Homburg,Hall 12 / B59,wire2026.3034524,g08qX7yRRhulftksXgr88Q
Behringer Eisele GmbH,Germany,Weilheim,Hall 6 / E21,tube2026.3045682,KdPKUt3zQQuti4t008ghBw
Behringer GmbH,Germany,Kirchardt,Hall 6 / E21,tube2026.3041934,NR1tunFfR8eS06bJQyuSvQ
"BEIJING HOLLAND CO., LTD.",China,Beijing,Hall 15 / A54,wire2026.3045615,XQoivnMRSju0AbSeBztODw
"BeiJing Jianke Huifeng Science and Technology Co., Ltd.",China,Beijing,Hall 6 / I02-4,tube2026.3065891,vXHjBdwqSf623e17sJEOew
"Beijing Mach Tiancheng Technology Co., Ltd.",China,Beijing,Hall 15 / A53,wire2026.3067627,1bYf097oSrWPuoih5vdIiA
"BEIJING ORIENT PENGSHENG TECH CO., LTD.",China,Beijing,Hall 15 / E08,wire2026.3043813,bCC5aGqsQRu1o9ZjVZQY3Q
Beijing Oriental Import and Export Co. Ltd.,China,Beijing,Hall 14 / B30-4,wire2026.3065036,BAGLePKtRRSnyEUJ6Wegzw
"BEIJING SHOUGANG GITANE NEW MATERIALS CO.,LTD.",China,Beijing,Hall 14 / A55-7,wire2026.3069738,qbHiEolSRki0CQk2IahUSg
"Beijing Tongdaxinming International Trading Co., Ltd.",China,Beijing,Hall 15 / K26,wire2026.3040909,2NFUZOJYQpyHjEriSpvDHA
BEKAERT NV/SA,Belgium,Zwevegem,Hall 13 / A22,wire2026.3035467,bEnad7E0TWiuoMeDA8FKgA
Belgin Madeni Yaglar TIC VE San. A.S.,Türkiye,Gebze/Kocaeli,Hall 5 / F35,tube2026.3039750,IJ119x4tTkChY5lKcmHMzQ
Belmetal Indústria e Comércio Ltda,Brazil,Sorocaba,Hall 9 / B53,wire2026.3044553,PTuocwxEQbi9ipblrgqZxw
BEND and more GmbH,Germany,Geislingen,Hall 6 / E31,tube2026.3061114,dLKkExNBQvWHHFKuPaXetQ
Beneke Wire Company,USA,"Louisville, KY",Hall 10 / H24,wire2026.3034836,T0BHxNh6QDiFbgmbPBLLDA
Bennett Mahler Ltd.,United Kingdom of Great Britain and Northern Ireland,"Redditch, Worcs",Hall 16 / H01,wire2026.3046095,PfgDBj3ASlOdU3jfoNfAcg
BENVIC SAS,France,Chevigny St Sauveur,Hall 11 / E59,wire2026.3043097,zJaXazw0TTauGKXucWlhog
Bepro Blech und Profilstahl Handelsgesellschaft m.b.H. & Co KG,Germany,Gelsenkirchen,Hall 1 / A59,tube2026.3045407,flbs2ZyQTiekSU3V2Y5f5A
Bergandi Machinery Co. Inc.,USA,"Redlands, CA",Hall 9 / C38,wire2026.3044942,HgLOb9ORQTqpMDw4MOJROQ
Berger Gruppe,Germany,Wuppertal,Hall 6 / C09,tube2026.3034834,8VMTRQohTgK2ihR5UzDK9Q
BERKENHOFF GmbH,Germany,Herborn,Hall 13 / D02,wire2026.3052046,JBAGhnKaRTaZUEpphqdrtQ
Besco GmbH,Germany,Krefeld,Hall 1 / F32,tube2026.3051457,nZBwPhtpQmm5zESBY4Qyrg
BetaSistemi Srl,Italy,Cassola (VI),Hall 11 / A41,wire2026.3033971,fpaMPB5KTSGknO4Uv3ONyg
Bewo Cutting Systems B.V.,Netherlands,Waalwijk,Hall 6 / E36,tube2026.3067393,tnjDmKhnRO67VoG1CDB1PA
BeWo Kabel GmbH,Germany,Nagold,Hall 13 / C10,wire2026.3056776,rj6DNq6QT8KsR98UwqApqw
BEYTEL WIRE BEYAZIT TEL SANAYI VE TIC LTD STI,Türkiye,Hatay,Hall 15 / D36,wire2026.3035088,MXomPXbgQsWzVc9HZJBQbw
BGH Edelstahlwerke GmbH,Germany,Freital,Hall 12 / B60,wire2026.3042694,8mCuM2ihSSeCOEyO6YqunA
BHAG DIGITAL FZ-LLC,United Arab Emirates,Dubai,Hall 13 / D03,wire2026.3074842,RdzMEARXRcGn0Gb7RMqqIA
BHARAT WIRE ROPES LTD.,India,Mumbai,Hall 13 / C25,wire2026.3042214,n9rVCcLPQ6SHAeoRwcmDDw
BHH Mikrohuta Sp. z o.o.,Poland,Dabrowa Gornicza,Hall 12 / C60,wire2026.3069450,5qPtNBoLRkWVuXjjbNsgIw
Bhuleshwar Seamless Pvt Ltd,India,Pune,Hall 1 / E36,tube2026.3075040,fWXtD9rTR8mm9X11XQcC1w
BIAGINI PIERO & C. S.R.L.,Italy,Altedo di Malalbergo (B0),Hall 1 / C74,tube2026.3039464,hI8eCKVMQl6Yk4YDEFxQiw
Bianco International Metals Limited,United Kingdom of Great Britain and Northern Ireland,Thirsk,Hall 1 / B73,tube2026.3068066,EUhf32sPQFmTQIeYNC0cZA
BIBUS METALS GmbH,Germany,Essen,Hall 3 / D02,tube2026.3039566,mAD6qAHdQS2cdEDP8BGgnw
Bilwinco A/S,Denmark,Hjørring,Hall 16 / E31,wire2026.3063436,vRVRblISSr626a0YAmkenA
Binde Kulturaustausch GmbH,Germany,Duisburg,Hall 16 / E58,wire2026.3063358,XfiuUVL2T4yICvXVUI0SDg
Birlik Makina San. Tic. Ltd. Sti.,Türkiye,Zonguldak,Hall 6 / C22,tube2026.3044722,q4PE0qtXRIaN1zDrhhIMIA
Blachford Corporation,USA,"Frankfort, IL",Hall 9 / E02,wire2026.3043965,sJGTHq5tTdSUMAiNTVcdfg
BLM S.p.A.,Italy,Cantu (CO),Hall 5 / G22,tube2026.3045787,dQJI98GXRcOtoid4DcOVmA
BMS Birlesik Metal San. ve Tic. A.S.,Türkiye,Istanbul,Hall 12 / E44,wire2026.3041436,Js2DQdxgQNOkLPHdX8sUiw
"BMT Co., Ltd","Korea, Republic",Busan,Hall 1 / E32,tube2026.3063753,4SWvgdcOSN2ng7cJecpi7Q
BNV Piping Products Co. Ltd. Ying Kou,China,"Ying Kou City, Liao Ning Province","Hall 7, level 0 / D26-5",tube2026.3074047,xEQdXrZGR5OsJ7bfTR3Puw
Boehlerit GmbH & Co. KG,Austria,Kapfenberg,Hall 6 / G23,tube2026.3038523,eRni6SQCQUOZakvoCuvKvA
Boffi S.r.l.,Italy,Cinisello Balsamo (MI),Hall 11 / E13,wire2026.3045789,Kui5RkIHSbq1rmjb5e1Z7Q
Bogdany Petrol Kft.,Hungary,Nyirbogdany,Hall 12 / E60,wire2026.3044733,p6lChJnlSXOWgCYReTaCMw
bogimac nv,Belgium,Grimbergen,Hall 9 / E01,wire2026.3045714,9BVeso9ZSoeGm5kanqS9ZQ
Böllinghaus Steel GmbH,Germany,Hilden,Hall 12 / A32,wire2026.3034420,2EkzBGDtS2SUZ56EYMCZtg
"BOMAR, spol. s. r.o.",Czechia,Brno,Hall 6 / E18,tube2026.3046000,DMfFG9U6QB2Pu6AwPd6Myg
Bongard Machines GmbH & Co. KG,Germany,Fröndenberg,Hall 10 / H37,wire2026.3040176,MdcZu2RlSYW3Zr3wZz7DGg
Boockmann Engineering GmbH,Germany,"Bad Bocklet, OT Steinach",Hall 9 / C34,wire2026.3034046,TK5dbG7bSW2PLNycpuFX3w
BoraCEM,"Korea, Republic",Seoul,Hall 15 / K18,wire2026.3045634,IEgtmVLATleA0KV5WZbeGg
Boray Boru ve Profil A.S,Türkiye,Mersin,Hall 3 / G53-3,tube2026.3059229,KNrVqYuBQOKon02IHJsJng
Borki GmbH,Germany,Borken,Hall 9 / A59,wire2026.3042156,cwe1DgS2T4yTRPl9yIlzHw
Borouge International,Austria,Wien,Hall 10 / D72,wire2026.3033980,o9QvCPLiSDqP1Plwmv1w9g
Bors Automation & Tool AB,Sweden,Bor,Hall 5 / A18,tube2026.3035420,9mm3fTQlTlyT3AqhIFl8BA
BORSEN BORU SANAYI VE TICARET A.S.,Türkiye,Ümraniye/Istanbul,Hall 4 / C40,tube2026.3039954,2MZ8KhRoSTK9cZzamgHgrQ
Borubar Sanayi ve Ticaret A.S.,Türkiye,34490,Hall 3 / G02,tube2026.3045422,hrD0AcLnTaWoCXnbOUnMyg
Borusan Birleşik Boru Fabrikaları Sanayi ve Ticaret A.S.,Türkiye,Ataşehir / İstanbul,Hall 3 / D28,tube2026.3039471,Sbhj31bvQZOCYFOd1RU5WA
BOSAL Group N.V.,Belgium,Lummen,Hall 6 / C30,tube2026.3045897,ATLSjJl3R0mpAbUEr6f7JA
BOX DO BRASIL INDUSTRIA METALURGICA LTDA,Brazil,Poá sp,Hall 13 / D31,wire2026.3057565,uJkS85ceSE6K6KyjbIt0ng
Boxy S.p.A.,Italy,Remedello (BS),Hall 10 / C55,wire2026.3034872,41mSwk18RVGlL3KXufO55g
BOZBROS DIS TICARET ANONIM SIRKETI,Türkiye,Denizli,Hall 11 / D15,wire2026.3034369,EdttszDcQluz22Knvjm8Yg
Bozdemir Makina Sanayi ve Ticaret Limited Sirketi,Türkiye,Denizli,Hall 9 / C73,wire2026.3044439,rMsxJ8qhTVOCHANK4n5wyw
BRAUN Maschinenfabrik GmbH,Austria,Vöcklabruck,Hall 10 / D42-02,wire2026.3059455,uNR7xnOCTg2HWuSWLYsnXQ
BRENTECH SRL,Italy,Schio,Hall 5 / E02,tube2026.3068065,IWgfemqfQPCis0Bc0lgtDQ
Bright Steels Limited,United Kingdom of Great Britain and Northern Ireland,"Malton, North Yorkshire",Hall 12 / A64,wire2026.3050422,I4C4w6t8RseQrVZ0TCZQWw
Brightrod Engineering India Pvt. Ltd.,India,Thane,Hall 13 / D77-1,wire2026.3073791,n0hIKJjpSuSMuP6GusaC0g
British Steel Ltd.,United Kingdom of Great Britain and Northern Ireland,Scunthorpe,Hall 12 / A44,wire2026.3045397,Gnj7p0uDSi2g0NICHuvq3g
Brouwer Metaal B.V.,Netherlands,Ede,Hall 17 / A23,wire2026.3035889,D6GQRzQRQimlzA8kDSXvDQ
BRUKER-SPALECK GmbH,Germany,Bocholt,Hall 9 / C13,wire2026.3057456,VFdqDhStSlSIzO3hBHtOBQ
BRUNE GmbH,Germany,Olpe,Hall 16 / C60,wire2026.3046170,JH2ejsdkTJat4rVNHfkG1Q
Brusa & Garboli Srl,Italy,Verbania Fondotoce (VB),Hall 11 / C16,wire2026.3046119,UKSBe6w6SeayuZ8b16zQXg
Brusa & Garboli Srl,Italy,Verbania Fondotoce (VB),Hall 5 / E17,tube2026.3045437,UBOgrLWnREmWr5aT1OZdZg
BS di Bazzani Daniela & C sas,Italy,Cavaria,Hall 5 / E14,tube2026.3054625,C7ECLyaTTviB1wj8PQj1JA
Bugan Mühendislik Otomasyon Makine San. ve Tic. Ltd. Şti.,Türkiye,Adana,Hall 17 / A01,wire2026.3045266,cCLJYnxMQWexCapyXmWPPw
Bulmar Trade EOOD,Bulgaria,Varna,Hall 1 / E39,tube2026.3040640,ML7If6wLRCidprj5wdDeyA
Bültmann GmbH,Germany,Neuenrade,Hall 6 / A15,wire2026.3070809,t54O88T4S7K1mzMmkRiAsQ
Bültmann GmbH,Germany,Neuenrade,Hall 6 / A15,tube2026.3036351,wicGgKpUThqJ5C8YiksYrg
Bumaco B.V.,Netherlands,Alblasserdam,Hall 3 / B22,tube2026.3043343,zho3qOInQXidON5LyPHpcw
BURAG AG,Switzerland,Eschlikon,Hall 6 / B30,tube2026.3045668,RJFaGmizT8ipWqhwCUg2Rw
burster präzisionsmesstechnik gmbh & co. kg.,Germany,Gernsbach,Hall 11 / E04,wire2026.3034958,DcAPZYTMRBiOaPDmu8fCCQ
Buss AG,Switzerland,Pratteln,Hall 9 / E56,wire2026.3056854,XBpMFNI7QG2LiZZ11q36CQ
BUTTING CryoTech,Germany,Wittingen (Knesebeck),Hall 1 / C57,tube2026.3045677,DZr1xioTRpaa9QMitiFQqw
"Butz Fluid Technology(Changzhou)Co., Ltd",China,"Changzhou, Jiangsu",Hall 6 / I37,tube2026.3069777,dQrKFTUOTZmX6kuZEMVB9w
BWE Ltd.,United Kingdom of Great Britain and Northern Ireland,"Ashford, Kent",Hall 11 / E25,wire2026.3039659,WfuQV0E3QqWfLsZwyDQTyA
Bystronic Tube Processing S.p.A.,Italy,Cazzago San Martino,Hall 6 / C26,tube2026.3044186,J2kI6QdYQTeJUsE7Ej6pVA
C.B.C. SRL,Italy,Guastalla (RE),Hall 4 / E30,tube2026.3058264,f4DcyZmaT5Cy6CPfeteQjA
C.D. Wälzholz GmbH & Co. KG,Germany,Hagen,Hall 9 / F26,wire2026.3037661,Txc3LqXLTWaxD7eCfBbv5A
C.M.S. Costruzione Macchine Speciali S.r.l,Italy,Alonte Vicenza,Hall 5 / E07,tube2026.3071232,OHerlD4IT2mpNrWBMUG54g
C2S,France,Roanne,Hall 10 / F59,wire2026.3043908,5WXJLwn1S6uyFmR3DhykqA
CABELTEC S.A.,Switzerland,Echandens,Hall 11 / H02,wire2026.3074588,yZNqOqfvT1WMaBVB8Qpxeg
CABLEMAR,Türkiye,Kartepe-Kocaeli,Hall 9 / F56,wire2026.3034804,XBNA3komS4a7IUx9RY7ljA
CABLES ELECTRICOS BRANDE S.A.C.,Peru,La Victoria,Hall 13 / C09,wire2026.3063127,C3NqHwhmTomhPGtEYqHpZQ
"Cabopol - Polymer Compounds, S.A.",Portugal,Porto de Mós,Hall 12 / A04,wire2026.3045770,wZOXOoDBQKy5PPULAe4ojg
Cabrol - Universal Wires LLC,Oman,Sohar,Hall 11 / H39,wire2026.3063845,QnOWMtAlTgO8twi4LMmFKw
CAGIL MAKINA A.S.,Türkiye,Corum,Hall 6 / G26,tube2026.3043340,SZDVOhTUTnWlTXMxIdwPwg
Cajo Technologies OY,Finland,Kempele,Hall 13 / B80,wire2026.3035453,yiNcttq6RuWu3me3PEKSoA
CALEOTTO S.P.A.,Italy,Lonato del Garda,Hall 12 / D16,wire2026.3064559,EGKYNaxATNazTWRY1rtatw
CALLONI SRL,Italy,Arconate,Hall 15 / A18,wire2026.3045392,FhdmzioOTbq2JANE2LmUXA
Calmec Precision Limited,Canada,"Mississauga, ON",Hall 9 / E20-3,wire2026.3059999,aYVSEmTPQDO9KAZNlcbCWQ
CALVI S.P.A.,Italy,Merate (LC),Hall 13 / B32,wire2026.3036110,0XYaUHipT92GSPOrJyvDhQ
"Camboy steel rope (Thailand) Co.,LTD",Thailand,Phanat Nikhom,Hall 15 / J20,wire2026.3074364,qRLU25K2SnO3Dt5XBb76mg
CAMFART s.r.l.,Italy,Pian Camuno (BS),Hall 16 / G26,wire2026.3036013,JSQkWx87S3ydZHHRxuwjaw
Camu Srl,Italy,Bressanvido (VI),Hall 6 / D11,tube2026.3045657,vBzwuK9CTLqpp97V8tx0og
Can-Eng Furnaces International Ltd.,Canada,"Niagara Falls, ON",Hall 16 / G22,wire2026.3044564,xgQqfFKUQ5KSPf21uP3fKg
Candor Sweden AB,Sweden,Norrköping,Hall 10 / B72,wire2026.3043904,7i2AJEQxTya3dW2hE1OSmQ
"CANGZHOU BEWIN PIPELINE CO.,LTD.",China,"Cangzhou, Hebei","Hall 7, level 0 / D20-1",tube2026.3058417,qTJlDCz3RrGzcsRuSnsFcg
"Cangzhou Beyond Metal Products Co.,Ltd.",China,"Cangzhou, Hebei",Hall 1 / A30,tube2026.3035458,X24BFHP3Qp6ExJAX9NPn9Q
"Cangzhou Co-Win Metal Products Co., Ltd.",China,"Cangzhou, Hebei","Hall 7, level 0 / G04-2",tube2026.3059707,h52TibhwRQuG5VDCf3CjSQ
"Cangzhou Haoxing Hardware Manufacturing Co., Ltd",China,"Cangzhou, Hebei",Hall 1 / A13-1,tube2026.3041118,72VacJmAT0q601x4Ek311g
"Cangzhou Houde Stainless Steel Products Co.,Ltd",China,"Cangzhou, Hebei","Hall 7, level 0 / D03-2",tube2026.3074044,ITF8UqDtTwu6eUzMChnCuw
"CANGZHOU HUAXIN PIPE MANUFACTURING CO., LTD.",China,"Mengcun Hui Autonomous County, Hebei","Hall 7, level 0 / D03-1",tube2026.3065858,vpR9GynRTE2IuqpSimzOSA
CANGZHOU KH FITTINGS CORP.,China,"Cangzhou, Hebei",Hall 1 / F25,tube2026.3045899,ouzEB16yRCuYFIeGHcW0Lg
"Cangzhou Longtaidi Pipe Technology Co., Ltd.",China,"Cangzhou, Hebei",Hall 3 / C14,tube2026.3057165,0FRv3YmKQiCl90cpt39lyQ
"CANGZHOU QUANSHENGFU NEW MATERIALS CO.,LTD",China,"Cangzhou, Hebei","Hall 7, level 0 / G09-1",tube2026.3067324,WD2JISTRTH6eHvGM3n0F5w
"Cangzhou Qunfeng Stainless Steel Products Co., Ltd.",China,"Cangzhou, Hebei",Hall 6 / J23-2,tube2026.3061443,KZnYLY6VSNixj7VByfA6OA
"Cangzhou Shengxiong Stainless Steel Products Co.,Ltd",China,CANGZHOU,Hall 1 / F82,tube2026.3045538,ND5sV55MTmWQGEfri8PyBQ
"CANGZHOU SPIRAL STEEL PIPES GROUP CO.,LTD",China,"Cangzhou, Hebei","Hall 7, level 0 / A28-2",tube2026.3066386,RUhqQgdnR8WK62YmsNAwFw
CANGZHOU XIAMA PIPE FITTINGS MFG Co. Ltd.,China,Cangzhou,Hall 1 / B40,tube2026.3049924,1XI7PqMRTsihUmi3bskHcg
"Cangzhou&#160;Authentic&#160;Pipe-fitting Manufacturing Co.,Ltd",China,"Cangzhou City, Hebei Province",Hall 6 / J16-3,tube2026.3064428,PigiMwQbTtKsHeC5qWhXnA
"CANGZHOU&#160;JUNXI&#160;INTERNATIONAL&#160;TRADE CO.,&#160;LIMITED",China,61000,"Hall 7, level 0 / B26-4",tube2026.3062760,eBJ8YKGrTcqDZnxJL4Zxzg
"Capstone Steel Material Co., Ltd",China,Tianjin,Hall 14 / A55-6,wire2026.3068377,BoLBheadQVO1CpFRh16UMQ
CARL BECHEM GMBH,Germany,Hagen,Hall 10 / E72,wire2026.3034068,GBmzP55KSfqPkUSHKjKpGA
Carl Froh Tubes GmbH,Germany,Sundern,Hall 4 / C10,tube2026.3069395,eAdy5DEMTieRuCTfFEFl0g
Carl Spaeter GmbH,Germany,Oberhausen,Hall 3 / E30,tube2026.3044130,4Nx0oEKbQ3acHVi2b5Ox1w
CARLO BANFI OMSG GROUP,Italy,Villa Cortese,Hall 12 / E47,wire2026.3045618,3qgceRmWQ8iWjqLjmag5XQ
Carlo Salvi S.p.A.,Italy,Garlate (LC),Hall 16 / D02,wire2026.3062456,PGKcslRKS5qRbn73m1HwPw
"Carlos Sousa Indústria, Lda.",Portugal,Arrifana VFR,Hall 6 / D06,tube2026.3038508,h636qFOYT5OxVkkTCxYbng
Cartacci Tube Machinery S.r.l.,Italy,Seriate (BG),Hall 6 / F04,tube2026.3035125,RtZBIfrgSFyplPyIGOSOtQ
CASTELNUOVO ORESTE,Italy,Cesana Brianza (LC),Hall 12 / D33,wire2026.3045617,EsAtRablSLmRQz65ihiK2Q
CB Trafilati Acciai S.p.A. - Steelgroup,Italy,Tezze sul Brenta (VI),Hall 11 / D58,wire2026.3067383,XCMXRVMBQ8O031CFLwkYEw
CBAMBOO Ltd,United Kingdom of Great Britain and Northern Ireland,London,Hall 6 / C27,tube2026.3057812,TEJKu0dGRUKeqBeA28gSFA
CCT inox SpA,Italy,Canegrate,Hall 3 / C10,tube2026.3045806,MvGMMCIWQX2Gz8xnsqrQhA
CEA COSTRUZIONI ELETTROMECCANICHE ANNETTONI S.P.A.,Italy,Lecco,Hall 17 / A15,wire2026.3046125,5Q8CiIGSThGwOSfyn7ZmOg
CEIA S.p.A.,Italy,Civitella in Val di Chiana (AR),Hall 6 / B16,tube2026.3045725,jcEg0G1uQ1insDT72ClpeQ
CEIA S.p.A.,Italy,Civitella in Val di Chiana (AR),Hall 16 / G21,wire2026.3045741,OMw8plTpTDSqpdMa3FzTsQ
CEL-MER STEEL COMPANY Inc.,Türkiye,Kocaeli,Hall 13 / D30,wire2026.3037010,SMu0R5zJSB2D4Ep8XhrEDQ
Celik Halat Ve Tel Sanayii A.S.,Türkiye,Izmit / Kocaeli,Hall 15 / E30,wire2026.3045624,y2GPMHwjRxmzK9OQClj2lA
"CENTERWAY STEEL CO., LTD.",China,Changsha,"Hall 7, level 0 / C27-2",tube2026.3062763,oC57ygstQUOsyjeB0wChHg
"Central Wire Group of Companies Central Wire Industries UK Loos & Co Inc.,",United Kingdom of Great Britain and Northern Ireland,"Rotherham, South Yorkshire",Hall 11 / A22,wire2026.3045414,dOxPqJJzSi6eP8iwiHjLaw
Centravis Sales Germany GmbH,Germany,Essen,Hall 3 / B03,tube2026.3069033,KEThqoLcSfCC4qAlRcVsWw
Centro Siderurgico Industriale srl,Italy,Perugia,Hall 3 / C39,tube2026.3070012,jgVNW0pOSJyKujelafhUnQ
"Centuray Technology Co., Ltd",China,"Changzhou, Jiangsu Province",Hall 13 / D69,wire2026.3059515,sAKTTZEwSBKWzHogS3FGsg
Ceratizit S.A.,Luxembourg,Mamer,Hall 9 / C53,wire2026.3036043,6enhW0EsRbmO1ocdnd3zFw
Cersa MCI SAS,France,Gardanne,Hall 10 / C31,wire2026.3036088,iBxt5LxTSIGqaLFw8S4Y6A
Cesare Galdabini spa,Italy,Cardano al Campo (VA),Hall 9 / A52,wire2026.3045811,jqiTKsC2SVucVO9ojLNFOQ
Ceviz Pres Dokum Sanayi ve Ticaret A.S.,Türkiye,Bayrampasa/Istanbul,Hall 16 / G49,wire2026.3058261,kVbfglDfTmKIqgDXskpqxQ
CGN Advanced Materials Group CO.Ltd.,China,"Taicang City, Jiangsu Province",Hall 13 / E21,wire2026.3066456,IMrqfex3RGWOATxCHITAtw
"CGN Dasheng Electron Accelerator Technology Co., Ltd.",China,"Suzhou City, Jiangsu Province",Hall 13 / E21,wire2026.3066457,DbjJTCVES6CX5P6T9Ixjig
CH INDUSTRY(VIETNAM) CO，LTD,Vietnam,Tay Ninh,Hall 1 / F77,tube2026.3036367,vbZ9fzcgREuf6kWnCUjRxA
"Chairborne Machinery Liaoning Co.,Ltd.",China,"Fushun, Liaoning",Hall 14 / D54-2,wire2026.3069737,kcEkfskBRreyH7mr6TPnwA
Chandan Steel Ltd.,India,Mumbai,Hall 3 / C19,tube2026.3034622,5yDXRo78SRiYNrutMOHBLg
Changbao Oman Oil Pipe Company L.L.C (FZC)LLC,Oman,Sohar,Hall 1 / D25,tube2026.3035418,t5iMCnKLScW4wWOhnclHnw
"CHANGEN PRECISION MECHINERY(CHANGXING) CO.,LTD",China,"Huzhou, Zhejiang",Hall 6 / G01-1,tube2026.3069614,g1r0HIZuThKNRpUDy6CgSw
Changzhou Aibang Machinery & Technology Co. Ltd.,China,"Changzhou City, Jiangsu Province",Hall 14 / H04-4,wire2026.3061450,tTDSz7gSQfufKj0Uw0YEuQ
"CHANGZHOU CABLETEC MACHINERY CO., LTD.",China,"Changzhou, Jiangsu",Hall 14 / F04-1,wire2026.3069095,im14UqTUSU2C0mYTlYVyWQ
"CHANGZHOU CITY LIANYI SPECIAL STAINLESS STEEL TUBE CO., LTD.",China,"Changzhou, Jiangsu","Hall 7, level 0 / E20-4",tube2026.3065864,Jo8EwZzrQYu4yeJQMP0vdA
"Changzhou Hui Ting Machinery Co., Ltd",China,"Changzhou, Jiangsu",Hall 16 / F03,wire2026.3065759,fGxGrn5GSWWAN6eb56OCvQ
Changzhou Jowin Machinery & Electronics Co. Ltd.,China,Chang Zhou,Hall 14 / B12-4,wire2026.3063203,8VhFlbk6SSyoredLwrhCtw
Changzhou Kunbo Electromechanical Technology Co. Ltd.,China,"Changzhou, Jiangsu",Hall 14 / C04-5,wire2026.3058895,d8lkWmnFSfCWnxpVXDJBcQ
"CHANGZHOU LINGHONG TECHNOLOGY CO., LTD",China,"Changzhou, Jiangsu",Hall 6 / J02-4,tube2026.3074650,2wdXafdYQjKwqn81RKWkBQ
"Changzhou Yi Teng Electric Co., Ltd",China,Changzhou,Hall 14 / B04-1,wire2026.3058892,bainfVzDRSODIx0P7GBAHg
"CHANGZHOU ZHILIN PLASTIC CO., LTD.",China,"Changzhou, Jiangsu",Hall 14 / A21-1B,wire2026.3067160,oEATf3YYQ5KH5pPbFX2Uwg
CHARNG GUEY MACHINERY CO. LTD,Taiwan,Tainan City,Hall 16 / F24,wire2026.3044027,p6h3hadnQDamBTTfmDPSeg
Chase Corporation,USA,"Westwood, MA",Hall 9 / E41,wire2026.3034811,1sxH9Y9BRkuU4jq0097jWg
Chemische Fabrik Budenheim KG,Germany,Budenheim,Hall 7a / C10,tube2026.3044600,maaWJ896QceppOATzo7BPg
Chemische Fabrik Wocklum Gebr. Hertin GmbH & Co. KG,Germany,Balve,Hall 9 / C13,wire2026.3067797,X7uNnFLyStaUFVjb3cgMvA
"CHEN TAI FASTENER MACHINE CO., LTD.",Taiwan,Kaohsiung City,Hall 16 / A54,wire2026.3040189,L3yrMkfLQMahXWMz8Y4axQ
"CHENG I DRAWING MACHINERY CO., LTD",Taiwan,Tainan City,Hall 11 / C06-2,wire2026.3053758,BFWa7Uo7QbiBShqpGLLUzQ
"Cheng I Wire Machinery Co., LTD.",Taiwan,Tainan City,Hall 11 / C06-5,wire2026.3054010,Y78akDK1TLiQ8ZMT9rFpxA
"Chengdu Centran Imp. & Exp. Co., Ltd",China,"Chengdu, Sichuan",Hall 9 / E79,wire2026.3035644,cdVcNeBnQsKD14X8ugI6cQ
"CHENGDU GUTE MACHINERY WORKS CO.,LTD.",China,Pengzhou,Hall 17 / D50,wire2026.3068148,IgLxpSP4Rx63x4tYjuBP8g
"Chengdu Yibai Technology Co., Ltd",China,Chengdu,Hall 6 / G17,tube2026.3063280,7ZU4EgvfSOqU2odCEl6tgw
"CHENGDU&#160;LIANSHI&#160;TECHNOLOGY&#160;CO., LTD.",China,"Chengdu, Sichuan",Hall 14 / J02-1B,wire2026.3069104,xJiTO9xMTRq90XJafSyEnw
CHENMING S.S LIMITED,China,Taizhou,Hall 15 / H58,wire2026.3054908,uKTfIF4NSZuyYxFMWwDUNA
chhaperia cable material Pvt Ltd,India,Bangalore Rural,Hall 13 / B51,wire2026.3068971,CrbGsUeCScux7i4MMF7a9Q
"Chi Ning Co., Ltd.",Taiwan,Tainan City,Hall 16 / B31,wire2026.3042155,V29GULZWTjK5zPfjuIA9Cg
"China National Heavy Machinery Research Institute Co., Ltd.",China,"Xi'An, Shaanxi",Hall 6 / F13,tube2026.3065573,ELYYAblNT7etP5bYtCH2pQ
Chr Olesen Polymers GmbH,Germany,Seevetal,Hall 13 / A49,wire2026.3070339,MHvWEgH1RmKl2R2Ojq8m4w
Chr. Höver & Sohn GmbH & Co. KG Edelstahlhammerwerk und Ringwalzwerk LEPPE-EDELSTAHL,Germany,Lindlar,Hall 1 / B70,tube2026.3041676,UWbSc2eRSmSyPS03069HEA
Christian Dunkel GmbH,Germany,Berlin,Hall 5 / H19,tube2026.3034592,odxied8VSkWO5TxWkjwCkw
"Chuangzhan Intelligent Technology (Guangdong) Co., Ltd.",China,"Huizhou, Guangdong",Hall 14 / E04-2,wire2026.3058899,Yi6XM4bJR2u9B3CNRHRbaA
"Chum Yuan Co., Ltd.",Taiwan,New Taipei City,Hall 16 / F53,wire2026.3045311,AJ77XfkXQK6MsgLX94UReA
"CHUN ZU MACHINERY INDUSTRY CO., LTD.",Taiwan,Kaohsiung City,Hall 16 / G55,wire2026.3043747,Cpf49OJkRiqaK54SORzk7Q
Cimolai S.p.A.,Italy,Rome,Hall 3 / D42,tube2026.3036363,fgfvagYQRLOGIpg8y6Bpxw
CINAR BORU PROFIL SAN. VE TIC. A.S.,Türkiye,Akçakoca,Hall 4 / F09,tube2026.3041575,vgZJ5NESQHSK51UlaHcSEg
"CIXI HOTO METALLIC PRODUCT CO.,LTD",China,"Cixi, Ningbo, Zhejiang","Hall 7, level 0 / G04-8",tube2026.3063275,NByjFEBXSIerD66ysh0xiQ
Cladtek Holdings Pte Ltd,Singapore,Singapore,Hall 1 / B26,tube2026.3043344,29AyWeJrQMKgz1eZJWcXKg
Climease S.A.,Switzerland,Viganello,Hall 7a / B17,tube2026.3073772,TSqYmu8IS52VETRbZJ1vAw
Clinton Instrument Company LLC,USA,"Clinton, CT",Hall 9 / E38,wire2026.3033984,5DndreO6TD2E3cWFddwyzg
CM MANZONI Srl Evercompounds SpA,Italy,Fusignano (RA),Hall 13 / C02,wire2026.3045778,oD2KGiVhRMOHQqwGg2FvvA
CMC Poland Sp. z o.o.,Poland,Zawiercie,Hall 12 / D44,wire2026.3041963,dKFmOgXJSKuUfp0EouqU5g
cml international spa,Italy,Piedimonte s.g. (FR),Hall 5 / E23,tube2026.3044721,Tjb09AwHQdC2M456VnBZFQ
CMP Automation Inc.,Canada,"Kitchener, ON",Hall 5 / F22,tube2026.3070419,6nZxa5QARrqqk65HNiZVXA
CMS DEMİR ÇELİK SERA İML.DIŞ TİC.TARIM Ü RN.VE SAN.LTD.ŞTİ.,Türkiye,"Mersin, Akdeniz",Hall 3 / G22,tube2026.3071638,yrGCo5SUQ4S6ExE1F5yOSA
Cogebi A.S.,Czechia,Tabor,Hall 10 / H38,wire2026.3045460,w93DgSPORNyavc7nPvySGQ
Cogeim Europe Srl,Italy,Casorezzo (MI),Hall 11 / D57,wire2026.3045841,1YqyOZlTTOy1jtIKXkFvCg
COGNE ACCIAI SPECIALI S.p.A.,Italy,Aosta,Hall 11 / G22,wire2026.3033978,BQfmZHeRSjSjtvUrNBQdLg
COILTEC Maschinenvertriebs GmbH,Germany,Freudenberg,Hall 6 / F01,tube2026.3045670,gIInAgoqSQO9kfkQyXDpjA
COIM s.r.l.,Italy,Castelcovati (BS),Hall 9 / B25,wire2026.3065279,PJguoisyRnaT7Na5pT0kjQ
Cojafex B.V.,Netherlands,Rotterdam,Hall 4 / E35,tube2026.3068071,7eVYhiHgSGOkpAhUhRrnng
ÇOKYAŞAR HALAT MAKİNA TEL GALVANİZLEME SAN.TİC.A.Ş,Türkiye,Zeytinburnu/İstanbul,Hall 12 / A43,wire2026.3036764,Z0mThReOQUyeELlmAbIRuw
Colakoglu Metalurji A.S.,Türkiye,Beykoz/Istanbul,Hall 4 / F30,tube2026.3044671,3ED3M02CSoW4kTehnQAOHA
COLD SHEET METAL PAD SRL,Italy,Nervesa della Battaglia (TV),Hall 3 / G20,tube2026.3046745,bqf0rEJPT7uS9cKfsxAYVQ
COLLARI s.n.c. di Collari Gian Luca e Valeria,Italy,Castello D'Argile (BO),Hall 11 / C58,wire2026.3045808,nFYbC1vsSBuNXDjpf1WMxw
COMAC Srl,Italy,Villanova D'Asti,Hall 6 / B29,tube2026.3045792,jJY0y6QOQ2Oebv7tiemKRQ
Combilift ULC,Ireland,Monaghan,Hall 6 / G15,tube2026.3058381,eDFVlxI7SxCuWl2BrOEyaw
COMETO SRL,Italy,Annone di Brianza (LC),Hall 9 / C54,wire2026.3038223,O1ApFS63RrquYNzmCcObHQ
Complete Solution Seffle AB,Sweden,Säffle,Hall 15 / L19,wire2026.3042212,yGp8tygiT4iaAlZBlxwm0Q
Conares Metal Supply Ltd,United Arab Emirates,Dubai,Hall 3 / D19,tube2026.3055028,mQdQLjClTS25AQGSiQ5BKA
CONDAT Lubricants SAS,France,Chasse-Sur-Rhone,Hall 10 / A56,wire2026.3045464,7HMbtTuVTrCb6T0EvtbaVg
Condor Compounds GmbH,Germany,Braunschweig,Hall 10 / A30,wire2026.3044512,4OxziKvuTxyaSZUfK5HtiA
Condor Compounds GmbH,Germany,Braunschweig,Hall 10 / A30,wire2026.3044512,4OxziKvuTxyaSZUfK5HtiA
Condoroil Chemical Srl,Italy,Casale Litta (VA),Hall 10 / B48,wire2026.3044180,kpPgkbMbTZmMZaaoqWZqTg
CONDOROIL STAINLESS SRL,Italy,Casale Litta,Hall 5 / E04,tube2026.3044601,6LfC0FOjQpKE8t9EAgSAtA
Conductix Wampfler France S.A.S.,France,Belley,Hall 11 / F67,wire2026.3045459,qIZbfoErTxOsaQZZhHmc5A
CONFAPI LECCO E SONDRIO,Italy,Lecco,Hall 10 / F73,wire2026.3064434,Dvft2HndQaWQD3Gu32nSpw
Confex Technology Ltd.,United Kingdom of Great Britain and Northern Ireland,Poole,Hall 9 / F39,wire2026.3034871,fXEzfCuOT9WstQQ62afahQ
Conflandey Industries SAS,France,"Amoncourt, Port-sur-Saône",Hall 12 / A72,wire2026.3068595,cbPYeEq0QyWKAlx5JfPxWw
Connected Pipeshop Alliance,Germany,Nittendorf,Hall 5 / C02,tube2026.3069766,EEEXvalfRlm03I02Q4mIgw
Conoptica A.S.,Norway,Klaebu,Hall 9 / C39,wire2026.3045430,8dDzsKBMSUi4YccsLRub5w
Continuus-Properzi S.p.A.,Italy,Milano,Hall 11 / F40,wire2026.3044827,CJXTCuxnTQW06knKXnOJtg
Controle Mesure Systemes SAS,France,Sevrey,Hall 6 / B23,tube2026.3034591,YcOmpemJSDySukEt9z5pTw
Controle Mesure Systemes SAS,France,Sevrey,Hall 11 / C01,wire2026.3034957,Lz1gUsJpSbKZUFAFShWvKA
"Coral Technology (Tianjin) Co., Ltd.",China,Tianjin,Hall 14 / C12-2,wire2026.3058909,k6MfVZb4RCuMQXyU2dkYxA
Core Chemicals SAS TWT Group,France,Paris,Hall 15 / J20,wire2026.3067737,dDSqsRDDRU2sSX5NZ9Qy9g
COREMO OCMEA SPA,Italy,Assago (MI),Hall 11 / D69,wire2026.3035451,U2VjUDfGS6uGtJcQV06psQ
Corinth Pipeworks S.A.,Greece,"Maroussi, Athens",Hall 4 / H30,tube2026.3044131,z15XfX0jTkeSEbYNuJprMA
Corning Incorporated,USA,"Corning, NY",Hall 9 / D16-1,wire2026.3059978,mXBpbsI4QMmrh2a4t7I2ng
"CORROSION MATERIALS, Inc.",USA,"Baker, Louisiana",Hall 3 / G24,tube2026.3046204,7nBl0RKoRA2Mq0PS6SdKmw
CORTINOVIS,Italy,Rivara Canavese (TO),Hall 11 / D60,wire2026.3040533,5U0Ahx6QQPyePCls466vKg
Covestro (Netherlands) B.V.,Netherlands,Rd Geleen,Hall 10 / H51,wire2026.3045781,l88G17gcRLWuohc8SesA3g
CRIPPA S.R.L.,Italy,Carugo (CO),Hall 5 / E01..E07,tube2026.3045662,AtK9zAzGTgO4NBnXavXZXw
Cromogenia Units S.A.,Spain,Barcelona,Hall 11 / E73,wire2026.3041897,LM43jrwDSba8ET14eEhtsg
Crosspolimeri S.p.A.,Italy,Sala Baganza (PR),Hall 12 / D31,wire2026.3045631,JQGU26F8Qvion46Y7W65hA
"CS CO., LTD.","Korea, Republic","Yangsan-si, Kyungsangnam-do",Hall 15 / D58,wire2026.3042950,xw1N1PRMSd2lHYmOcxzo9w
CSG Reconditioning & Service GmbH,Germany,Drolshagen,Hall 17 / C01,wire2026.3044459,B1SlBFUpSKWdvbse4IxJbg
CSM MACHINERY srl,Italy,Codognè (TV),Hall 1 / C04,tube2026.3068548,YSSFJFkOQZiVZf2FB9coPg
CSM METALURJİ MAKİNE SANAYİ A.Ş,Türkiye,TEKİRDAĞ,Hall 10 / H41,wire2026.3043630,bl2alsrUTDW6Jgfou2pnsA
CSM Tube Spa,Italy,Cimavilla di Codogne (TV),Hall 1 / C04,tube2026.3045526,Hasu7hgGT3aRVc2VEY249Q
"CSM-TECH.CO.,LTD",China,Shanghai,Hall 6 / H29,tube2026.3068771,fEXjwkcESMyfw44bNcSAEA
"CUNEXT COPPER INDUSTRIES, S.L.",Spain,Córdoba,Hall 10 / D04,wire2026.3037266,v6DuTzdXQ624GzsbusCueQ
D H Bars & Wires Pvt. Ltd. (formerly D.H. Exports),India,Navi Mumbai,Hall 15 / F35,wire2026.3051249,KzyT4EJ3QTS23lrUAHH0KA
D'Amore & Lunardi S.p.A.,Italy,Serravalle Scrivia (AL),Hall 4 / G30,tube2026.3034833,II1ctBi4SECXXkQA40h9Qg
"DAE DONG SHIN GWAN CO., LTD","Korea, Republic",Busan,Hall 1 / F81,tube2026.3045785,GWfA7zlKRuWYJHtMhsMYNA
"Daechun Industrial Co.,Ltd.","Korea, Republic","Gimhae, Gyeongsangnam-do",Hall 1 / F84,tube2026.3044690,LZCPA1EYSfmKVFTTbExT5g
"DAECO Co., Ltd.","Korea, Republic",Siheung,Hall 16 / A07,wire2026.3043234,CvNXPXRzRs2ixwE3Z1fyaw
"DAH-LIAN MACHINE CO.,LTD.",Taiwan,Chang Hwa Hsien,Hall 16 / H25,wire2026.3053469,siUqpgUNQAW5vKDMLUe8yg
"DAHCHING ELECTRIC INDUSTRIAL CO., LTD",Taiwan,Anting District,Hall 16 / B19-6,wire2026.3063368,BA9w00LiRuSSyPiWrS5COw
DAIKO s.r.l.,Italy,Treviso,Hall 12 / A27,wire2026.3073208,oGAS8CLFTLeSBYGeIQ8Tyg
"DALIAN KONFORM TECHNOLOGY CO., LTD.",China,Dalian,Hall 9 / A78,wire2026.3060563,SV5pXhHAQNW4YOW6NOTieA
"DALIAN TOFA CHENGXIN TECHNOLOGY CO., LTD",China,"Dalian, Liaoning",Hall 14 / C38-6,wire2026.3064171,lUg4zxpXQZOZ2aZONkKcMQ
Dalli Makine San. Tic. Ltd. Sti,Türkiye,Adana,Hall 17 / D24,wire2026.3045751,vrlza34aTwyTSzIFlZdlpQ
DANGO & DIENENTHAL Maschinenbau GmbH,Germany,Siegen,Hall 1 / C36,tube2026.3043341,xnNS1qFbTMetmY6IXJciQA
Danieli & C. Officine Meccaniche SpA,Italy,Buttrio (UD),Hall 6 / E14,tube2026.3042837,78RLgKCoSNGREzmhj5NzXA
"Danyang City Kaixin Alloy Material Co., Ltd.",China,"Danyang, Jiangsu",Hall 14 / B46-3,wire2026.3065035,bW7umeDORlqumdIChmlJKw
data M Sheet Metal Solutions GmbH,Germany,Valley,Hall 4 / F11,tube2026.3035425,SICB91A2RKeuExcqBYcIhg
DAVI-PROMAU S.r.l.,Italy,Cesena (FC),Hall 7a / E07,tube2026.3063107,Vq4PftIeRmaIy8keoNlLcw
DAWELL CZ s.r.o.,Czechia,Trebic,Hall 7a / C20,tube2026.3063909,fGpRxZQETPyTfvRLhJyqxg
"DAYE SPECIAL STEEL CO., LTD.",China,Huangshi,Hall 4 / F10,tube2026.3038488,kDSOY05KRvmzIDSZVgsGww
DAYI PLASTIK SAN VE TIC LTD STI,Türkiye,Arnavutkoy / Istanbul,Hall 9 / B40,wire2026.3046076,llidDVtcS8StskaEg6Iqyw
DB ENGINEERING SOLUTIONS LLP,India,New Delhi,Hall 1 / C79,tube2026.3034176,FSHqVljpQoyKUqIj2Nxg3g
DDEV PLASTIKS INDUSTRIES LIMITED,India,Mumbai,Hall 10 / F56,wire2026.3034073,0bHSUu9lQDet2iqB2WdXvQ
Decatel SA,Belgium,Brussels,Hall 10 / A65,wire2026.3067389,fdhmZQPxT6KdKiaQrvogIQ
DECONSTRUCTOR DCS MACHINES S.R.L.,Romania,Brasov,Hall 13 / C31,wire2026.3046115,ZslZEr9MRbSp05wlZ1aPpg
Dee Tee Industries Pvt Ltd.,India,Indore,Hall 5 / J35,tube2026.3041206,Pbs88w4jTFqBT7wo7rqpzQ
Defim Orsogril Spa,Italy,Anzano Del Parco (CO),Hall 12 / D16,wire2026.3065757,Q5MI2QdrT4Ww2vLDTD5I2g
Degisim Celik ve Isıl Işlem Ltd. Sti.,Türkiye,Istanbul,Hall 3 / G53-2,tube2026.3057989,aD6AIW1CQDGDob0NRZFXjQ
DELCORTE SAS,France,Maubeuge,Hall 1 / B71,tube2026.3045610,cscJQMcDTZeBzPX4Hll6Hw
Delesun Inc.,China,Shanghai,Hall 15 / A35,wire2026.3046097,KiGpW8KKRz6HxPYWiDhH5g
"Delta Tecnic, S.A.U",Spain,Sant Celoni (Barcelona),Hall 9 / A22,wire2026.3036479,70I6ilLaSmqhBeTg2cMkfw
"DEM ELECTROTECHNICAL (JIANGSU) CO., LTD",China,"Yixing, Jiangsu",Hall 14 / J02-4,wire2026.3065189,gUHsrMeRS3uZpPs6De64cw
DEM S.p.A.,Italy,Pavia di Udine (UD),Hall 11 / F42,wire2026.3046553,LOm9ID38Q1KMZmOujXtanw
DeMa Tools GmbH,Germany,Sinn,Hall 10 / E78,wire2026.3067149,1LJp6PVGQgyFgrwM9WybEg
Demasteel srl,Italy,Calziocorte,Hall 11 / A18,wire2026.3047229,SS3PjDu3Q6Cpo0W2mFAauw
Demirci Makina San. ve Tic. Ltd. Sti.,Türkiye,Sincan / Ankara,Hall 17 / D03,wire2026.3041400,NBQspqGZTyufYlBRrVNqCQ
Demirsan Soguk Cekme San. ve Tic. A.S.,Türkiye,Kocaeli,Hall 15 / F24,wire2026.3043937,5C9Etcs1QvOiBtPEzpCzQQ
DenglerLang GmbH,Germany,Witten,Hall 5 / E22,tube2026.3045195,u3gfwLR7T1G3PAwjFOt88Q
"Deuk-Young Co.,Ltd.","Korea, Republic","Eumsung-Kun, Choongchungbuk-Do",Hall 10 / B68,wire2026.3044645,H1EWYMPySCq3YHMLsB04Jw
DEVA PLASTIK PVC GRANÜL SAN. VE TIC. LTD. STI.,Türkiye,Tekirdag,Hall 15 / C02,wire2026.3038311,fOCgqnVoTXeuXgRpVp1odw
"DEXIN STEEL TUBE(CHINA) CO., LTD",China,"Wuxi, Jiangsu","Hall 7, level 0 / A01-5",tube2026.3072142,8pSygZS1TxGTrzbnviR2MA
DEXSEN,France,Wittenheim,Hall 9 / B77,wire2026.3045413,1KyzWcTVSJqZ2vNFTEewsA
"Deyang Hongguang Smart Equipment Co., Ltd",China,"Deyang, Sichuan",Hall 14 / B04-5,wire2026.3058920,g6oBsLQyR2udOe09tkUymg
"DEYANG JIECHUANG WIRE & CABLE MACHINERY CO., LTD.",China,"Deyang, Sichuan",Hall 14 / A04-1,wire2026.3058879,mc8b5w8HRwaOS2wisvL8HA
"Deyang Xindonggang Mechanical & Electric Equipment Co., Ltd",China,"Deyang, Sichuan",Hall 14 / C04-2,wire2026.3064779,V9hBAxWTTVWXEo4gK5wj9Q
Dhatec BV,Netherlands,Valkenswaard,Hall 3 / G32,tube2026.3036371,FIzyCKoySWicWBXAE8VAAg
Die Quip Corporation,USA,"Bethel Park, PA",Hall 9 / D06-1,wire2026.3059979,lfD3fuR5T6OYArhQjxPaIA
Diedr. Hesse GmbH & Co. KG,Germany,Altena,Hall 10 / H28,wire2026.3044009,MdVJBRkaQF6c15pwbwXvpA
Diegner & Schade GmbH,Germany,Dorsten,Hall 11 / F26,wire2026.3070366,HOetG7kXTZidBVWRWg5Gag
Diesing Walzwerkstechnik GmbH,Germany,Radevormwald,Hall 7a / C01,tube2026.3038587,M0IivOL7SYS6l4j5PIPlTQ
DIETRONIC SRL,Italy,Sant'Angelo Lodigiano,Hall 6 / D05,tube2026.3045656,6ocM7CzWST2N36KEi67U0Q
DijitalPort Istanbul Dan. Loj. Amb. San. Tic. Ltd. Sti,Türkiye,Istanbul,Hall 9 / C50,wire2026.3035310,6w3gpCUcQTqDEAnSpJziOQ
DILER Demir Celik End. ve Tic. A.S.,Türkiye,Maslak/Istanbul,Hall 12 / E13,wire2026.3044740,ilinw7RDRq6PfRPILeAaKw
Dimac S.r.l.,Italy,Tortona,Hall 16 / E13,wire2026.3034243,aE82uwuvRuKPKjQKXmfl5A
"DINGXI KMT CO., LTD.",China,"Dingxi, Gansu",Hall 14 / B38-1,wire2026.3064078,p95uoyD6TkONmqmDKTzVug
"Dingxiang Beicheng Flange Co.,Ltd.",China,"Xinzhou, Shanxi","Hall 7, level 0 / D20-3",tube2026.3058443,vmgi5GrCR8akYaXkbglGVw
"Dingxiang County Xinkun Flange and Forging Co., Ltd.",China,"Dingxiang County, Shanxi",Hall 6 / J02-3,tube2026.3068560,cGYNsQOESVuQ6vpFfazG4Q
"DINGXIANG RONGXIN MACHINING CO., LTD.",China,"Xinzhou, Shanxi","Hall 7, level 0 / D03-4",tube2026.3072141,lHK5M26hSc6JPrLaIMVERw
"Dingzhou Guanshixin Metal Products Co.,Ltd",China,"Dingzhou City, Hebei Province",Hall 14 / A62-1,wire2026.3066850,wXipOigiQ9KaAqTUADukCA
"Dingzhou Jisen Metal Products Co., Ltd.",China,"Dingzhou, Hebei",Hall 14 / C46-1,wire2026.3065019,9XToi0PxSb2tNRyqzUuDjA
DINSEN IMPEX CORP,China,"Handan, Hebei",Hall 6 / G01-2,tube2026.3069608,ugnqPKjhTn20QS1iZDmQWw
Dipl.-Ing. Fritz Lichthart Betriebsgesellschaft mbH,Germany,Lüdenscheid,Hall 16 / E22,wire2026.3042132,9fxwjPSXQuq6H6HaJlibAw
DISC STEEL DISC Management und Beteiligungs GmbH,Germany,Poing,Hall 4 / H29,tube2026.3056280,xhYfVeCST6ycAYdxVkwqkg
Divine Tubes Pvt. Ltd.,India,Chhatral,Hall 3 / B25,tube2026.3037167,xTh3qedcTv62Pk43SA3O5w
DK JONES LTD. PIPING PRODUCTS,United Kingdom of Great Britain and Northern Ireland,"Bidford on Avon, Warwickshire",Hall 1 / E48,tube2026.3045049,OR7dn4cdT3yF0ZbH7Zkr2w
DLB Oberviechtach GmbH & Co. KG,Germany,Oberviechtach,Hall 10 / H60,wire2026.3068235,GXsxEanpSJey1lhro0x5gQ
"DM PIPING MANUFACTURE CO.,LTD.",China,"Cangzhou, Hebei","Hall 7, level 0 / C27-6",tube2026.3058469,Air3gRjHQzW9w90iiwgvdA
"DMCTECH CO., LTD.","Korea, Republic","Siheung-si, Gyeonggi-do",Hall 4 / C12,tube2026.3035109,VQaTqMkHTCi5Kcsba7p8Kw
DMV GmbH,Germany,Mülheim,Hall 4 / C41,tube2026.3068367,dcPHYO5XTQqO4VPIjb5X5g
DNIPROMETYZ TAS LLC,Ukraine,Dnipro,Hall 15 / K15,wire2026.3036113,z0ffsV0gTICYoxkIWgJDvw
DNIPROSPETSSTAL,Germany,Düsseldorf,Hall 1 / E54,tube2026.3057664,Piq0WNDwQOOO80mvHBol8Q
Domeks Makine A.S.,Türkiye,Cerkezköy/Tekirdag,Hall 10 / A60,wire2026.3034071,WkStoQTPREKvHjQjWTtFPw
"Dongguan City Qingfeng Electrical Machinery Co., Ltd.",China,"Dongguan City, Guangdong Province",Hall 13 / B87,wire2026.3073256,bq6OkMtSRr2SOfjKKx5NlQ
"Dongguan Fuqiang Polymer Material Co., Ltd",China,"Dongguan City, Guangdong Province",Hall 14 / H04-3,wire2026.3066846,nyXR0IMITG6uarB5UIwhRg
DongGuan Hooha Electrical Machinery Company Limited,China,"Dongguan, Guangdong",Hall 14 / B12-3,wire2026.3058923,AdI15PxaS4m9Y4J20xrkIQ
"Dongguan Silver Age New Materials Co., Ltd.",China,"Dongguan, Guangdong",Hall 14 / B62-4,wire2026.3068378,r03F2pF9RQGZRDfHtdbCoA
"Dongguan Tianhui Metal Material Co.,Ltd",China,"Dongguan, Guangdong","Hall 7, level 0 / D01-1",tube2026.3065859,NtGD5PKrR8mzrVkScam57A
Dongguan Wanxin Metal Products Co. Ltd.,China,"Dongguan City, Guangdong",Hall 14 / A12-2,wire2026.3067172,oi8b6TNUQqmOjsRoGtQzzg
"Dongguan Yingxing Metal Surface Treatment Materials Co., Ltd.",China,"Dongguan, Guangdong",Hall 16 / B58,wire2026.3067305,Sgu1qrhUSbCI6Jtq2E319w
"DONGGUAN ZAOGE INTELLIGENT TECHNOLOGY CO., LTD.",China,"Dongguan, Guangdong",Hall 14 / B38-6,wire2026.3064096,K08YOV7RRKyF1aSwNRNVgw
"Dongguan Zhangli Machine Fittings Co., Ltd.",China,"Dongguan City, Guangdong",Hall 14 / B04-2,wire2026.3067159,wwNWdnLDRmGnRHWdRmUfhw
"DONGSEO AUTOTECH CO., LTD.","Korea, Republic",Daegu,Hall 16 / H32,wire2026.3046117,VCkbk2u9SQGtpFI8j7PP5g
"Dongyeunsteel Co., Ltd.","Korea, Republic",Busan,Hall 1 / C76,tube2026.3057652,wmPIFcqeRlOLCswnGvAi5A
Doowon Highsteel Inc.,"Korea, Republic","Gimhae-Si, Gyeongsangnam-do",Hall 3 / E46,tube2026.3064311,sPoP7ORuRpCFpBryCtiK4g
Dorstener Drahtwerke H. W. Brune & Co. GmbH,Germany,Dorsten,Hall 11 / F26,wire2026.3046645,r26tsyujRDupDrdhoym4SA
Dow,Switzerland,Horgen,Hall 9 / A40,wire2026.3045047,3ZcXTPXsT8OtqEMqGxHiVQ
Dragao Abrasivos Lda,Portugal,Pacos de Brandao,Hall 16 / D13,wire2026.3040679,6wrlQB4fSny8nemiaiwBpg
Drahtseilwerk Hemer GmbH & Co. KG,Germany,Hemer,Hall 10 / G56,wire2026.3067674,mrrbELtPT2yBs8lQXx1Cvw
Drahtwerk Elisental W. Erdmann GmbH,Germany,Neuenrade,Hall 11 / E14,wire2026.3036458,0btRzgfTT9iIHVUOqvZn4A
"Drahtwerk Wagener, Stahldrahtwerk Altena GmbH & Co. KG",Germany,Altena,Hall 10 / G56,wire2026.3067677,v4Z3uqZSQzeQyBksDYifng
Drahtwerk Waidhaus GmbH,Germany,Waidhaus,Hall 10 / C80,wire2026.3044592,h1gfPeY1Tlqi7XXwiyq5zg
"Drawing Technology, Inc. (DTI)",USA,"Rockford, IL",Hall 16 / A44,wire2026.3069555,B0R581GOR02Wa0n1RAYijA
DRC (Dae Ryung Corp.),"Korea, Republic",Seoul,Hall 4 / F24,tube2026.3044546,AEvig8uVR4aIwdcX8wpPpw
Drebes GmbH,Germany,Korschenbroich,Hall 4 / G11,tube2026.3034499,Bo0AUIGTSlKccQlnXlVVug
Dreisbach & Jungmann GmbH & Co. KG,Germany,Lüdenscheid,Hall 9 / C13,wire2026.3068217,B3mkLr7DSBOpV1GKO9NTNg
DREISTERN GmbH & Co. KG,Germany,Schopfheim,Hall 6 / A09,tube2026.3043861,oNuaBYgdSmSiJM6A6MoDwg
DRTImpianti Srl | DRT.,Italy,Treviolo,Hall 11 / C57,wire2026.3066748,rXheYz9wQgqVNJLRzIZOqw
"DRUIDS Process Technology, S.L.",Spain,L&#8217;Ametlla del Vallès (Barcelona),Hall 11 / D06,wire2026.3045844,4zrmNM3CSfiCSR41csr6Jg
DSE Test Solutions A/S,Denmark,Horsens,Hall 9 / E53,wire2026.3044511,Ehw6S6eiQ2uP5tvj6TvSRw
DSR Wire Corp.,"Korea, Republic",Seoul,Hall 9 / C42,wire2026.3045077,m7eZ0aJYR4mlLng9JvZgtA
DTM ELEKTROTEKNIK SAN VE TIC A.S-DUMEL,Türkiye,Istanbul,Hall 15 / A12,wire2026.3067227,p9SU93BCRie8BGJBZSOUUw
DTS GmbH,Germany,Kaiserslautern,Hall 16 / F44,wire2026.3068532,g8GLrJTeT4m2P1QscReKqw
Ducab,United Arab Emirates,Dubai,Hall 13 / C10,wire2026.3066275,Q1NghLEhReuZvfWyceMpVA
Ducab Metals Business LLC,United Arab Emirates,Abu Dhabi,Hall 10 / A06,wire2026.3064676,oROKtp1xRpmJ7dhlNCosew
"DUCK MYUNG CO.,LTD DCM","Korea, Republic","Hwaseong-Si, Gyenggi-do",Hall 6 / H18,tube2026.3049679,eByqzwMQRku5Y1mIrQ90Lw
Dura-ID Solutions Ltd.,United Kingdom of Great Britain and Northern Ireland,Tankersley,Hall 11 / E02,wire2026.3040615,md67s8mLR6SttqubfdgU7Q
Dural Makine ve Metal San. Ltd. Sti.,Türkiye,Gungoren/ Istanbul,Hall 5 / A22,tube2026.3045664,BDPnmccYTsC3FTie5P62BA
"DUSCO WIRE CO., LTD.","Korea, Republic","Cheonan-Si, Chungcheongnam-do",Hall 15 / D52,wire2026.3045636,MjE8SAO8Q22tfa39SXgXdg
Dutch Vision Systems GmbH DVS GmbH,Germany,Pritzwalk,Hall 11 / H31,wire2026.3036090,jM9UFfqlRySyiNlLq8OMag
Dutch Vision Systems GmbH DVS GmbH,Germany,Pritzwalk,Hall 5 / E06,tube2026.3036361,vtkxK5NDSUiat0W2BPxMjw
DWK Drahtwerk Köln GmbH,Germany,Köln,Hall 12 / A72,wire2026.3068598,SqNQZQ1YTcK46aW9anRy9w
DWT Handelsgesellschaft für Druckluft-Werkzeug-Technik mbH,Germany,Bottrop,Hall 6 / G08,tube2026.3068070,nEmf7BV4SVOG3dNPe1yGSg
E. W. Menn GmbH & Co. KG,Germany,Hilchenbach,Hall 10 / F40,wire2026.3067981,AAnIFfqtRWukru3utjDzug
E. Ponziani S.p.A.,Italy,Sirone (LC),Hall 10 / H66,wire2026.3042963,KFnTdLgnTPaejXJp8CKXGA
E. W. Menn GmbH & Co. KG,Germany,Hilchenbach,Hall 10 / F40,wire2026.3067981,AAnIFfqtRWukru3utjDzug
E.V.B. S.R.L.,Italy,Calolziocorte (LC),Hall 10 / F73,wire2026.3057666,C1Hje3cjQ8uQMsJCU83raQ
"EAGLE BRAND WIRE ROPES CO., LTD.",China,Jiangyin,Hall 15 / B24,wire2026.3071489,1m6w6m5BSD6DK4PHGhdSTQ
EASTMAC MACHINERY INC.,China,"Hefei, Anhui",Hall 14 / A22-3,wire2026.3059532,Gtt83mDzRPmXVcWnRunrlw
EASYDUR SRL,Italy,Arcisate,Hall 10 / E18,wire2026.3045095,KNFPNa9cQEGOVOtL2a172A
EB.S. Erodierbedarf GmbH,Germany,Wetter,Hall 11 / H42,wire2026.3066499,CZcF55ZlRQuc3kS4s9tNhQ
EBNER Industrieofenbau GmbH,Austria,Leonding,Hall 10 / D42-04,wire2026.3060554,WTkOaNUxQQK184ByucGRfQ
Echjay Forgings Pvt. Ltd.,India,Mumbai,Hall 1 / C67,tube2026.3067671,INLEKXzuQ3yzURRlKJRfGg
ECM Datensysteme GmbH,Germany,Bliedersdorf,Hall 16 / G24,wire2026.3034641,lYDWValTQD2gDjdypJJFSg
eco Metals,Germany,Düsseldorf,Unsettled / NN,wire2026.3057429,waLstFFcSxOm2mi3NvaRmg
"Ecofence Unipessoal, lda",Portugal,Batalha,Hall 15 / L15,wire2026.3068973,oXU8OTIAQ7KwmOq0XlHPBQ
Edelstahlservice GmbH,Germany,Sulz am Neckar,Hall 3 / B49,tube2026.3043859,Lui55IWDRRaCQGb5ynXbnw
EDENTEC INDÚSTRIA E COMÉRCIO LTDA.,Brazil,Sorocaba,Hall 11 / F31,wire2026.3046409,R2fzk0MwRciwK5PxHv1eiQ
EDER Engineering GmbH,Austria,Wien,Hall 10 / C42-01,wire2026.3059457,gBLlNbbCQQONfcq5o9gVbQ
EEW Pipe Production Erndtebrueck GmbH & Co. KG,Germany,Erndtebrück,Hall 3 / A04,tube2026.3040946,0qpq2qz0SzWA54oeUdcTFg
Efece Galvaniz Demir Çelik San. Tic. AŞ.,Türkiye,Izmir,Hall 3 / G50,tube2026.3057809,nFoHF5WZRjyqBx3j0GfiTw
EFFEGIDI International S.p.A.,Italy,Colorno (PR),Hall 10 / B33,wire2026.3043206,c5Xf9kAdQV28WFItBk2eLg
EFFIND S.R.L.,Italy,Fagagna (UD),Hall 3 / E07,tube2026.3054866,Opewhj59TGiwZaEnBc6qAw
EGE CELIK ENDUSTRISI SAN. VE TIC. A.S.,Türkiye,Istanbul,Hall 15 / D20,wire2026.3067357,suQI1hK7RZay4fkbYYaSmg
Eisenbau Krämer GmbH,Germany,Kreuztal-Kredenbach,Hall 3 / D50,tube2026.3046971,ElzuWCyxSOKBQtFDgqKJdA
Eisendraht- und Stahldraht-Vereinigung e. V.,Germany,Düsseldorf,Hall 10 / G56,wire2026.3067781,4Kw4DPfOTS6oJwnhKuCqhA
EJP Maschinen GmbH,Germany,Baesweiler,Hall 9 / A12,wire2026.3034803,V1d3vEUYTGqi5RMKMkLV0Q
EJP WIRE Technology GmbH,Germany,Schwerte,Hall 9 / A12,wire2026.3036613,ugiOBqtXREmS0Uu0f1xM2Q
EKM STEEL REEL Co. Ltd.,Türkiye,Kayseri,Hall 11 / B42,wire2026.3045496,k0WxtDraTJeZgNHloEr4ow
"EKOMOR, s.r.o.",Czechia,Frýdek-Místek,Hall 11 / D79,wire2026.3045098,epX3dCAoRtC3R6WH71PxYw
Ekoscan SAS,France,Saint-Rémy,Hall 6 / H24,tube2026.3034771,0NvsvdCqQW6r88uqwBjwrA
Eksi Dorstener Draht GmbH,Germany,Altena,Hall 11 / F26,wire2026.3070182,h2QFrqcESSmI36GeBDWIqw
EKSTEL d.o.o.,Slovenia,Ajdovscina,Hall 10 / H04,wire2026.3049525,iknhaBB3RamPVOPIfrleow
EL-MET SISTEM Slobodan Zivkovic,Serbia,Mladenovac,Hall 16 / E56,wire2026.3072483,JH5cWb1ZSR65YfqLr8cFaA
ELANTAS Europe S.r.l.,Italy,Ascoli Piceno,Hall 10 / H77,wire2026.3046510,LBvTx2IpST65K2eQatIrpw
ELASKON Sachsen GmbH & Co. KG für Spezialschmierstoffe,Germany,Dresden,Hall 9 / E50,wire2026.3033946,n7S6b1iwTMuH0JwF5sPGfA
ELASKON Sachsen GmbH & Co. KG für Spezialschmierstoffe,Germany,Dresden,Hall 9 / E50,wire2026.3033946,n7S6b1iwTMuH0JwF5sPGfA
ELAV S.r.l.,Italy,Cameri (NO),Hall 10 / H54,wire2026.3036084,vthixH5hSRCpQxrCG7Q49g
Elcas BV,Netherlands,Rotterdam,Hall 1 / A57,tube2026.3071596,7TD4r3X2RPGSwjbJZbQnEQ
Elcowire GmbH,Germany,Hettstedt,Hall 13 / A10,wire2026.3035476,KbckWpDfRA6m4uIv6WzOVg
eldec Induction GmbH,Germany,Dornstetten,Hall 6 / H27,tube2026.3062624,HNPaO9nmT8q0HPVauvPVnQ
Elecrtro Dies & Tools (P) Ltd,India,"Jaipur, Rajasthan",Hall 1 / F02-5,tube2026.3068080,wN6s7uKESvCnxaZ90ozdqg
Elestar S.r.l.,Italy,Leini (TO),Hall 6 / C25,tube2026.3034830,XyJKkvTLTEOUxr1wqnBwtQ
Elg Chromium Plating S.r.l.,Italy,Castelmella (BS),Hall 4 / F12,tube2026.3045569,fNfLGojHTgitoJbwYmKtrw
Elgiloy Specialty Metals LLC,USA,"Sycamore, IL",Hall 9 / E10-3,wire2026.3070041,BlB8sh9JTgW67KZH1yPnHA
ELIND S.p.A.,Italy,Venaria Reale (TO),Hall 6 / G04,tube2026.3037725,j9S5f6QNTtyvfqRbBTn7kg
ELMAKSAN MAKINA SAN. VE DIS TIC. LTD. STI,Türkiye,Istanbul,Hall 6 / E07,tube2026.3042789,mLU9KN6KT06KwH5hLQdnWw
elmarakbysteel corporations LLC,Egypt,Giza,Hall 13 / B77,wire2026.3050153,0tprHfAWQ8WWJDj4jiR15w
Elof transporters,Sweden,Säffle,Hall 15 / L19,wire2026.3042212,yGp8tygiT4iaAlZBlxwm0Q
Elsa Solutions SpA,Italy,Imola,Hall 15 / K11,wire2026.3042231,U57fowrwRte9D1npSSzqiQ
ELSCHUKOM GmbH,Germany,Veilsdorf,Hall 9 / C13,wire2026.3059429,3bqP3WcyR9eykxoPzA6TWw
ELSEWEDY POLYMERS,Egypt,Sharqia,Hall 13 / D50,wire2026.3063128,ISmFAQ9eTnegOjuEAsgOrA
Elsewedy Steel,Egypt,New Cairo,Hall 13 / B20,wire2026.3044183,VW1fHV1JRmSOKBpk2qpzXA
EMA Indutec GmbH,Germany,Meckesheim,Hall 6 / D29,tube2026.3062282,kQ7VmiOaROmBxzKAIqvolA
EMC Distribution Ltd.,Bulgaria,Ruse,Hall 3 / A44,tube2026.3044807,mT5wZoB5RWCTnZ2i957SRQ
Emmebi-DeeTee S.R.L,Italy,Nova Milanese,Hall 5 / J35,tube2026.3073803,29jJq9nITQSHxfDmBZ98Eg
EMMEDI,Italy,Leini (TO),Hall 6 / C13,tube2026.3048576,M36WKd3fTMiqVZwayvVx0g
Empatech Makine Mühendislik İthalat İhracat Sanayi ve Ticaret Ltd. Şti.,Türkiye,Kayseri,Hall 6 / A27,tube2026.3042834,Xi3Yy5yETBu4dH52UltTyA
emuco GmbH & Co. KG,Germany,Köln,Hall 12 / E28,wire2026.3034311,McVkOcqFTaix3c4Vh00yhg
EMVO MÜHENDISLIK MAKINE ELEKTRIK ELEKTRONIK OTOMASYON TICARET LTD. STI.,Türkiye,Kayseri,Hall 13 / B78,wire2026.3045702,QGWsDOriQ22n6ZA8egwnEA
EndoControl GmbH,Germany,Buchholz in Der Nordheide,Hall 6 / A06,tube2026.3043105,UAOlDMfaTSmhEBtCkz2LOw
Engen S.r.l.,Italy,Manzano,Hall 12 / A02,wire2026.3045775,ptMDEbHlS92k8sQ4OCTzUA
ENKOTEC A/S,Denmark,Skanderborg,Hall 16 / C40,wire2026.3045600,43VeJE3aTKeOABvylhA4Ag
ENRX AS,Norway,Skien,Hall 6 / E09,tube2026.3040708,JvyrORahQkiGCVJxRKszrA
"Enshiang Machinery Enterprise Co., Ltd.",Taiwan,Hsinchu County,Hall 11 / C06-5,wire2026.3054020,mS8uc10cSJqxW4epX80CHA
EPCW Limited liability,Egypt,10th of Ramadan,Hall 15 / H28,wire2026.3050160,K2JsF5qGS3m9Cjvo5yA4LQ
Equans BeLux NV,Belgium,Brussels,Hall 3 / B01,tube2026.3034542,Pf0Jl09gRDeZXltrG8fWvA
ER-BAKIR Elektrolitik Bakir Mamulleri AS,Türkiye,Denizli,Hall 10 / C59,wire2026.3045784,jlYY3QgyT5SHW5R4glGhuw
Erbosan Erciyas Boru San.ve Tic A.S.,Türkiye,Kayseri,Hall 4 / H17,tube2026.3036349,X8rVaJHMRHarYkG5s0evsg
Erciyas Celik Boru Sanayi A.S.,Türkiye,Istanbul,Hall 4 / H20,tube2026.3043342,PrgXPdmsSXWAFEf6QyPfoA
Eregli Demir ve Celik Fabrikalari T.A.S. Erdemir,Türkiye,Istanbul,Hall 3 / C49,tube2026.3038649,KOwA0l7mQGOuUE5wmStQOg
Erhard Froehlich Metallwarenfabrik GmbH,Germany,Herzogenaurach,Hall 1 / B21,tube2026.3055692,5L60OezmQMCnTiyfFAvGyA
Erne Fittings GmbH,Austria,Schlins,Hall 1 / B31,tube2026.3071671,zOoKucdqSByNoH6W4pa7ag
Erocarb S.A.,Switzerland,Giez,Hall 10 / C60,wire2026.3039934,owNmFRLFQzqbchi2f9tLQw
ERSA DEMIR CELIK SAN.VE TIC.LTD.STI.,Türkiye,Denizli,Hall 11 / F15,wire2026.3057923,grCwxhuhSoixUMeykHOplg
ERW TECH MAKİNA OTOMASYON SAN. VE TİC. LTD. ŞTİ,Türkiye,Zonguldak,Hall 6 / C14,tube2026.3044617,NqmpIlhOR8q7JTXtKvsQpw
"Esal Rod Alloys, S.A.",Spain,Gozón - Asturias,Hall 10 / A33,wire2026.3045782,fUj3LWEtQVu4T2oM2WQmTw
ESALROD,Spain,Gozón - Asturias,Hall 10 / A33,wire2026.3045782,fUj3LWEtQVu4T2oM2WQmTw
ESH EURO STAHL-Handel GmbH & Co. KG,Germany,Wuppertal,Hall 1 / A59,tube2026.3046056,oVDcjgzTShC96XLFIrs29Q
Essen Steel Industry LLC,United Arab Emirates,Abu Dhabi,Hall 13 / B41,wire2026.3039810,ogyzRHdOT1W1wC7mAmGp7g
estaro GmbH,Germany,Bad Sassendorf,Hall 1 / D80,tube2026.3034518,RkQVT1NLSFKMXNRPjTARzA
Esteves Group S.A.,Spain,Sant Just Desvern (Barcelona),Hall 10 / C72,wire2026.3036203,TKNyByo4Sm6ibED0gh7c7w
Eugen Geyer GmbH Metallhalbzeuge,Germany,Königsbach-Stein,Hall 4 / C26,tube2026.3034671,W2Dt1gj4TgK4a8bduNkBpQ
EUROBEND GmbH,Germany,Stein – Nürnberg,Hall 17 / A60,wire2026.3060340,qY9NW8VESPG2Tji4YP3JRw
Eurobend S.A.,Greece,Aharnes-Athens,Hall 17 / A60,wire2026.3059861,PDYa6EnMR2qyzuwiLxyoww
EURODRAW WIRE EQUIPMENT SRL,Italy,Pogliano Milanese,Hall 11 / A60,wire2026.3034955,0PAi0JObRlWauOsvQYzCQQ
EUROLLS INDUSTRIAL S.P.A.,Italy,Attimis (UD),Hall 11 / D40,wire2026.3036466,od2cQjP2S9CjeJmupVf2KA
Eurolls SpA,Italy,Attimis (UD),Hall 6 / H28,tube2026.3035113,tFR4A1b0TjCrDQ70yVX2sw
Euromaquina S.L.,Spain,Madrid,Hall 6 / E01,tube2026.3045487,Z56xnUfGQb6td8nhztjw2A
European Spring Federation ESF e.V.,Germany,Hagen,Hall 16 / C18,wire2026.3047917,1Gu3wbyXSLS8DEhDxrsgTQ
EUROPIPE GmbH,Germany,45473 Mülheim an der Ruhr,Hall 4 / H42,tube2026.3052886,rws3wVKQRROeNIMrdG4LZQ
Eurorubber Industries srl,Italy,Fontevivo,Hall 13 / B18,wire2026.3061187,lb6JHcsXS1WnZ7JPAsOAgw
EUROTEK S.r.l.,Italy,Lanciano (CH),Hall 11 / F22,wire2026.3045793,PfsteYcJTdypHhhWOkF8Ng
EUROTUBI S.r.l.,Italy,Borgocarbonara (Mantova),Hall 3 / E10,tube2026.3039452,PGKlh1IOTs2flMnEhfCWeg
Eusider S.p.A.,Italy,Costa Masnaga,Hall 3 / B28,tube2026.3034667,QK28swfRQHiFc0JvuSqWaA
EVG Entwicklungs- und Verwertungs- Gesellschaft m.b.H.,Austria,Raaba-Grambach,Hall 17 / B24,wire2026.3034994,Jusnr9FzQrqRHI8sSZznxw
Evident Incorporated,USA,"Waltham, MA",Hall 6 / A29,tube2026.3045201,x63lyScJTbO2GAZauhUJ3A
EVO ROBOTICS SA,Switzerland,Lugano,Hall 6 / A13,tube2026.3057906,YdU1mZTGRYu3BQnOh51OEw
EVT Eiberger Verfahrenstechnik GmbH,Germany,Sternenfels,Hall 1 / C35-4,tube2026.3068057,BDS8BbPARom2XDNm0dEYUQ
EW-Tec Industrieservice & Anlagentechnik GmbH,Germany,Viersen,Hall 9 / F40,wire2026.3069821,PHnE2AROQCSP0kmxGtrmKA
ExactCut s.r.o.,Czechia,Brno,Hall 6 / E18,tube2026.3046603,VZTDAPk6TZGfyNLNUK4B2g
Excon Technology Company,Taiwan,Taoyuan,Hall 16 / B19-2,wire2026.3063371,AOS9a1xqQ2OTXat3hg94sQ
"Exel Fil, S.A.",Spain,Cervera,Hall 11 / A25,wire2026.3033962,x0CZ4SEFQ2i2QPEhTgcVAQ
Expometals.net,Italy,Valmadrera (LC),Hall 9 / B04,wire2026.3048162,NuGAqkuvTCCqeW2UJC8UtQ
EXTRUMATIC®,Germany,Roth,Hall 10 / C04,wire2026.3044019,Bb23D3rlTC6DamcnRJnKaA
Ezeflow Inc.,Canada,"Granby, QC",Hall 1 / E60,tube2026.3044833,RPypnF2cRMaKarqNk7Gl0A
EZM GmbH,Germany,Wetter,Hall 12 / A16,wire2026.3057370,QAxlpbcyQrCn5sRJNvgpzQ
Ezz Steel Co. S.A.E,Egypt,Cairo,Hall 1 / C53,tube2026.3045472,uou7VfHqRwqvKbOC6ah3eg
F. Linster & Co. GmbH,Germany,Aschau a. Inn,Hall 3 / A30,tube2026.3067518,ps3B4ILMROi7r9fZ0TeMsg
F.B.C. YAYINCILIK (KABLOSAN TURKEY) LTD. STI.,Türkiye,Günesli-Bagcilar/Istanbul,Hall 11 / B02,wire2026.3043632,XjI241kiQKmCb5Bq8XI1ow
F.U.L. S.r.l.,Italy,Mariano Comense,Hall 6 / H11,tube2026.3044188,KDGSpRGIRnG4TLAW8fdUVA
Fabricacion Metales Duros S.A.L. FMD CARBIDE,Spain,Basauri,Hall 11 / D16,wire2026.3041678,iol4I9enRF2jSAzr3hcEbQ
FABTECH,USA,"Elgin, IL",Hall 6 / H25,tube2026.3047822,mCzpfCAWQ32MFH8Z2wiuxA
FACCIN S.p.A.,Italy,Visano (BS),Hall 7a / F04,tube2026.3042788,k4WufxuVQk6YXVOZu9GE9w
FAE INC.,Japan,Osaka,Hall 13 / A19,wire2026.3043092,cC4XKLRhSLysHAkjUVX74g
FAINPLAST S.r.l.,Italy,Ascoli Piceno (AP),Hall 9 / C59,wire2026.3036283,oylnpoGcRMim27qS57ng7w
FALCI SPECIAL PROFILES S.R.L.,Italy,Dronero (CN),Hall 12 / E55,wire2026.3045638,3JryUbmaTSKq356tg7YzaQ
"FAPRICELA - INDÚSTRIA D TREFILARIA, SA",Portugal,Ança,Hall 11 / E74,wire2026.3041500,fmhk5PadTiycSYKqvxAEMQ
FAR SpA - Steelgroup,Italy,Villapaiera di Feltre,Hall 11 / D58,wire2026.3067385,VraT9JSaRtO6NEkOAwt3HQ
FARBWERKE HERKULA S.A./AG,Belgium,St. Vith,Hall 11 / B58,wire2026.3036095,XamrpETCQk2f6ZrMYeX8UQ
FARBWERKE HERKULA S.A./AG,Belgium,St. Vith,Hall 11 / B58,wire2026.3036095,XamrpETCQk2f6ZrMYeX8UQ
Farrel Corporation,USA,"Ansonia, CT",Hall 13 / D33,wire2026.3063262,3JMegCv4TPyPAWPP6pckEg
FARREL POMINI®,USA,"Ansonia, CT",Hall 13 / D33,wire2026.3063262,3JMegCv4TPyPAWPP6pckEg
"Fasten Group Imp. & Exp. Co., Ltd.",China,"Jiangyin City, Jiangsu Province",Hall 10 / C77,wire2026.3043633,c8JKtvklTYCmjhx9Z8rBhg
Fastener Technology International,USA,"Akron, OH",Hall 9 / D16-8,wire2026.3059980,njpXegXoQcSJQTLvufP3uA
FASTMATEC 2020 S.L.,Spain,Mont Ras,Hall 16 / A31,wire2026.3045173,Dft5yBMWRgyQccttRVLy3w
FB Rolls s.r.l.,Italy,Cremona,Hall 6 / C15,tube2026.3056005,Bm4XuR1XQSSqPrInL4eHYA
FC INTERNATIONAL CABLES SPA,Italy,Pozzo D'Adda,Hall 13 / B10,wire2026.3057541,WRz9aeR9SiSIAAT1CVhfyg
"FC Photon, S.L.",Spain,Ametlla Del Valles,Hall 11 / H49,wire2026.3046750,tX1IblZjShaF9lJrfG0aag
FD Machinery Corporation,USA,"Solon, OH",Hall 6 / G02,tube2026.3039468,8Th18GGKTbCsbWgYDUV77g
FDK Rohrleitung GmbH,Germany,Eibelstadt,Hall 1 / B37,tube2026.3048586,u0lRCRCGSraQHn3jehBNEw
"FEC Polymer New Materials Co., Ltd.",China,"Jiaxing City, Zhejiang",Hall 14 / H12-5,wire2026.3065056,s9VQgwrJTpyyCcJhoyEdFw
Fehr Lagerlogistik AG,Switzerland,Winterthur,Hall 5 / C35,tube2026.3058726,zu55IrpEQv6O1Wy8cmauMg
Felss Group GmbH,Germany,Königsbach-Stein,Hall 9 / C13,wire2026.3057645,EGi6ggAeRg6RRqLSuYKPqg
Felss Group GmbH,Germany,Königsbach-Stein,Hall 5 / E16,tube2026.3043336,moe6XpUfRpOA9EFs88Kz4Q
"Fenn, LLC",USA,"East Berlin, CT",Hall 9 / E10-5,wire2026.3059981,HyWoipYnQ0WCaALcX28lAQ
Feralpi Siderurgica S.p.A.,Italy,Lonato Del Garda,Hall 12 / D16,wire2026.3045622,ZzwlcXzQSlq094CGP3suoA
FERALPI STAHL,Germany,Riesa,Hall 12 / D16,wire2026.3065561,J8JELxbYQAm2ylZHhxF8aA
Ferpinta - Industria de Tubos de Aco de Fernando Pinho Teixeira SA,Portugal,Carregosa,Hall 3 / B37,tube2026.3035115,BilmN1J6Q7yF8pQWNHdHUQ
FERRIERE NORD S.p.A.,Italy,Osoppo (UD),Hall 12 / B28,wire2026.3036108,eUnieosYQBeQOePo5hWOkA
Ferron Tubes Pvt Ltd,India,Palwal,Hall 3 / G45,tube2026.3034500,KbWH4AShSrK8n3rotYxDYA
Ferros Planes sl,Spain,Martorelles,Hall 3 / B26,tube2026.3045423,fYv6oss0SyeBDX5cVOkRPg
FIB BELGIUM S.A.,Belgium,Tubize,Hall 11 / D61,wire2026.3034956,6xVj5SA2Sim6JWxgZRlAbw
Fibro Metals SRL,Romania,Constanta,Hall 13 / C31,wire2026.3040915,veLKVpOUTQKvcnekY8ToUQ
FibrXL,Italy,Trento,Hall 15 / E24,wire2026.3044442,2RzRWeRTTeOv5wXSDeXBiA
"Fil-Tec, Inc.",USA,"Hagerstown, MD",Hall 9 / E14-1,wire2026.3059982,SPiEsRx9R9u1bmA2IpCwLg
FIMI S.p.a. Fabbrica Impianti Macchine Industriali,Italy,Viganò (LC),Hall 6 / D01,tube2026.3044599,zRWkFXaTSTW8PhACU8ZMDQ
Finn Power,Finland,Härmä,Hall 5 / G01,tube2026.3045661,zgNA9IaTT5uwStxw8vLJRw
FINOW Rohrsysteme GmbH,Germany,Eberswalde,Hall 3 / G05,tube2026.3054240,Pm4A01khTHas4IAtlPnNdA
Finproject S.p.A.,Italy,Morrovalle (MC),Hall 12 / C56,wire2026.3043087,KBy7qaZpR8KHbNdr2uaC3Q
"Firma Handlowo-Usługowa „ANDREW” s.c. Krzysztof Kowalczyk, Sławomir Kowalczyk",Poland,Mszana Dolna,Hall 13 / A60,wire2026.3057578,kivA1YmqSISNPCIrGZNUkA
Fischer Edelstahlrohre GmbH,Germany,Achern,Hall 3 / C20,tube2026.3036372,XGJH01KgT2a1YRz1q2TR5Q
Fisk Alloy Inc.,USA,"Hawthorne, NJ",Hall 9 / E14-3,wire2026.3059983,xqFqcRSsSZaNkVxiVdxz4g
"FIVE STEEL (TIANJIN) TECH CO.,LTD.",China,Tianjin,"Hall 7, level 0 / D03-10",tube2026.3068703,XaQVZSnyTGisPGfHwEpSzg
FIVES OTO S.p.A.,Italy,Boretto (RE),Hall 6 / C11,tube2026.3042833,euFtn2tJT6uQV7sJKIctPw
Flanschenwerk Bebitz GmbH,Germany,Könnern,Hall 11 / D42,wire2026.3070048,6mClG7Z0QWmCYKlaINtRPQ
Flanschenwerk Bebitz GmbH,Germany,Könnern,Hall 11 / D42,tube2026.3070197,CpGPnT0LRceYh30ylnxApA
FLEXOCHEM VENTURES PVT. LTD.,India,Ahmedabad,Hall 13 / C84-4,wire2026.3071342,wivOlzxGToyzrR7ima7dOg
"FLUID TECH PIPING SYSTEMS (TIANJIN) CO.,",China,Tianjin,Hall 13 / E31,wire2026.3074605,lViSL63oQ3yyNdNaKuUuXg
FLUIDOS Y MECANICAS CANTABRIA S.L (FLYMCA),Spain,GUARNIZO,Hall 10 / F78,wire2026.3045419,oK70Q1IaTvaDG2yn8CRiZg
Fluorosmart SAS,France,Anzin,Hall 15 / H17,wire2026.3057574,sXzJ6FJcS1Sdzn6XVZ3SzQ
"Flyro Used Cable Equipment, S.L.",Spain,Guarnizo,Hall 10 / F78,wire2026.3046513,rgiquorzQ86TCLs8UQ9uag
FMA,USA,"Elgin, IL",Hall 6 / H25,tube2026.3047822,mCzpfCAWQ32MFH8Z2wiuxA
FMS Force Measuring Systems AG,Switzerland,Oberglatt,Hall 11 / E32,wire2026.3044008,0Qj7JwaOQjyqCZgpW8Guzw
FNSteel B.V.,Netherlands,Alblasserdam,Hall 12 / A72,wire2026.3071493,weu24Gw0RciapSj5eswhrA
Forplas Plastik San. ve Tic. A.S.,Türkiye,Dilovasi / Kocaeli,Hall 13 / D34,wire2026.3061186,VbuR8tKGR5WR7zvt5xsw9g
FORTRAN STEEL PVT. LTD,India,Mumbai,Hall 13 / C76-1,wire2026.3067431,vJsCiR12T6mXcI1YDJKeZA
Fortuna Federn GmbH,Austria,Pölfing-Brunn,Hall 16 / H17,wire2026.3046030,Kd7IwIUIQX6nNxwYx27JVA
"FOSHAN JIARUI INTELLIGENT EQUIPMENT CO., LTD.",China,Foshan,Hall 6 / I28-2,tube2026.3064156,FCmqkFOsQM6X13Ss6MA5BQ
"Foshan Jopar Machinery Co.,Ltd.",China,"Foshan, Guangdong",Hall 6 / I34,tube2026.3063012,dK08camUSPygeLBbLwwEGQ
Foshan Kirmare Stainless Steel Material Co. Ltd.,China,"Foshan, Guangdong","Hall 7, level 0 / E26-4",tube2026.3066401,iJymBM6VQXSI1Dq6wbfeeQ
"FOSHAN METECH TRADING CO., LTD",China,"Foshan, Guandong",Hall 14 / E12-6,wire2026.3068096,2wZKRAPSRKyWe39ssI86PQ
"FOSHAN RUNTIAN METAL PRODUCTS CO., LTD",China,Foshan City,Hall 6 / H01-1,tube2026.3066338,X6S4sozkSt2oLuCw2aAvnw
"Foshan Vinmay Stainless Steel Co.,ltd",China,Foshan,Hall 3 / B46,tube2026.3061292,wGFgD0EfTxqa7KQlrPOdLQ
"FOSHAN YXH IMPORT & EXPORT CO., LTD",China,"Foshan City, Guangdong Province",Hall 6 / I20,tube2026.3067194,npUQpnBwTtGft3TMZQ2WKA
Fr. und H. Lüling GmbH & Co. KG Stahldrahtwerk,Germany,Altena,Hall 11 / G42,wire2026.3035055,KmKttuXHSW2nAtGUvCjzKQ
FRATELLI ROTTA SRL,Italy,Pescate (LC),Hall 11 / C32,wire2026.3041679,d5z1uXlRTbSRGhjdPkmPJQ
"FRATOM FASTECH Co., Ltd.",Taiwan,Kaohsiung City,Hall 16 / B19-4,wire2026.3061647,RycvkQkZSbmCyNcv50khag
FREKANS MAKINA SAN. VE TIC. A.S.,Türkiye,Merkezefendi-Denizli,Hall 11 / B06..B15,wire2026.3035649,cR5kCWV0TiunhdSus3MmgA
FREUDENBERG PERFORMANCE MATERIALS GMBH & Co. KG,Germany,Weinheim,Hall 13 / D19,wire2026.3052048,4EGQgFGkRQ2Or1GG85qwvw
Friedrich Krollmann GmbH & Co. KG,Germany,Altena,Hall 12 / A39,wire2026.3040890,mZ5V8ZUtTqe8nyGY47rncw
Fritz Finkernagel Drahtwerk GmbH & Co. KG,Germany,Altena,Hall 12 / A31,wire2026.3034330,yK0a4T8HTAiXeKDkJzO2rQ
Fritz Leng Hartmetall-Ziehwerkzeuge Inh. Hans Georg Heppner,Germany,Herborn-Schönbach,Hall 9 / D06-1,wire2026.3060002,7gVRvz1HScGGugxsJRlCKQ
"Froch Enterprise Co., Ltd.",Taiwan,"Tou-Liu City, Yun-Lin",Hall 1 / B03,tube2026.3036770,NTGsSH0MSBCE9Q6R72GxUw
FROMA S.r.l.,Italy,Valmadrera (LC),Hall 17 / A59,wire2026.3045839,bVOk8OuxRvW7BN9THk08Fg
FROMM Verpackungssysteme GmbH & Co. KG,Germany,Wuppertal,Hall 7a / C04,tube2026.3044604,yS92FtdJQ7SXJeIcHsacXg
Frunze Plant PJSC,Ukraine,Kharkov,Hall 15 / G02,wire2026.3071840,VB13LjdXRrqMXG0eQ7Z4Tg
FSP-One S.A.S.,France,Pont de Cheruy Cedex,Hall 10 / B71,wire2026.3043623,pYK8WbDtRomRroYpq7jPXg
FTV Proclad LLC,United Arab Emirates,Dubai,Hall 1 / F48,tube2026.3047334,nqcPk55lQ46z2gdhwhIOGg
"FU-LONG METAL INDUSTRIAL CO., LTD.",Taiwan,Taoyuan,Hall 4 / B16-3,tube2026.3064185,XvQ0NThVTzGuxeh9gylAJQ
FUHR GmbH & Co. KG,Germany,Steinheim,Hall 9 / F40,wire2026.3034808,Xa7QdGqkQmSHwNlSnAthww
FUHR Rolling Mills,Germany,Steinheim,Hall 9 / F40,wire2026.3034808,Xa7QdGqkQmSHwNlSnAthww
"Fujian Guangxin Pipe Technology Co.,Ltd",China,"Ningde, Fujian","Hall 7, level 0 / C21-4",tube2026.3064437,3xH1bBYIRjS62pW92xxuxQ
"FUSHUN SPECIAL STEEL CO., LTD.",China,"Fushun City, Liaoning Province",Hall 4 / B40,tube2026.3057160,lWFP7UCATWed7haHsUHWlg
Future mine industrial Co. Bahra Metals,Saudi Arabia,Jeddah,Hall 12 / B55,wire2026.3048481,HAx7DNTIQOuqqWSLerf3Eg
FZH Engineering GmbH,Germany,Großkampenberg,Hall 6 / G13,tube2026.3057106,dTaw2hCxRB23DtcjmVMUMw
G+M Dorn GmbH Drahttechnologie,Germany,Hagen,Hall 16 / H02,wire2026.3044563,TXKgL8kKQ8KUS2kfh3bCAA
G.B.C. Industrial Tools S.p.A.,Italy,Cazzago San Martino (BS),Hall 6 / C17,tube2026.3036776,r1EQb0onQSqkEWzuns9idg
G.T.C. General Tech Consulting S.r.l.,Italy,Castelvetro Piacentino (PC),Hall 6 / A32,tube2026.3069254,ZSsVirsJQiy6IYJ8sGRP7g
"G.Y.M. CO., LTD.",China,"Foshan, Guangdong",Hall 13 / C26,wire2026.3066435,Z6fCGhC1Rtq3h4nKqk5yAA
Gabarro S.A.U.,Spain,Barcelona,Hall 10 / A42,wire2026.3033982,j5logZbETtyQBU77iY2hnA
GALA THERMO SHRINK,India,Mumbai,Hall 13 / C84-1,wire2026.3069583,gxSlk4B8TXWjaKqrkzYqbA
Galaxie Corporation,USA,"Wayne, MI",Hall 6 / D14,tube2026.3036496,96QNQcDqRDezsK2oaJcsJw
Gallium Equipment Pvt. Ltd.,India,Faridabad,Hall 1 / F15-1,tube2026.3068745,kkzci6IzT0601PUnvUHETA
GALPERTI s.r.l.,Italy,Cortenova (LC),Hall 1 / E46,tube2026.3045900,tb8sOVO7R7C9EcRTAyBNJw
"Gansu Hehong New Material Co., Ltd.",China,Jinchang,Hall 6 / I30,tube2026.3068902,VQI3cfrLT0eanVAOScjcSw
"GANYEAH HOLDING GROUP CO., LTD.",China,"Lishui, Zhejiang","Hall 7, level 0 / C27-8",tube2026.3058421,5rfc5rCIQwypzxepzvoOnA
Garant Metiz Invest PJSC,Ukraine,Dnepr,Hall 16 / A59,wire2026.3044026,OHsfQ0neQEeV0SSwcgBrWQ
Gatti Filtrazioni Lubrificanti s.r.l.,Italy,Bedizzole,Hall 13 / B30,wire2026.3054501,zExlAQOWSU2ddiush3edvA
GEA SRL - FLANGES,Italy,Castelseprio (VA),Hall 3 / E39-1,tube2026.3041462,sKwiSZRAQ4yMj0TDiVPTUw
Geca Tapes,Netherlands,Katwijk,Hall 10 / E77,wire2026.3040480,FNBXtrrDSzm7Ch0xmrBuFA
Geistsaw GmbH,Germany,Frankfurt am Main,Hall 6 / I01-1,tube2026.3067196,BZ8BnisyRuy42iA32XdMyg
"GEM International Co., Ltd.",Taiwan,Kaohsiung,Hall 16 / B19-5,wire2026.3063367,6FNEUagoTuKkq3fPEDX1Yw
GEM S.r.l.,Italy,Robassomero (TO),Hall 17 / A53,wire2026.3038302,2fQg6WaCQ8audDp3fnTADw
General Mechatronics Kft.,Hungary,Budapest,Hall 13 / C21,wire2026.3053689,DiD1z0jRSLa99c0YdtI9vg
General Track,Hungary,Budapest,Hall 13 / C21,wire2026.3053689,DiD1z0jRSLa99c0YdtI9vg
Generica GmbH,Germany,Volkach,Hall 13 / B85,wire2026.3045691,ATtzx69tQS2fyIf5LOUoFg
GEO Reinigungstechnik GmbH,Germany,Ahaus-Ottenstein,Hall 11 / A32,wire2026.3043929,CluOmOiTQF2KU5Dc1jVUhQ
GEPE Technik GmbH,Germany,Gummersbach,Hall 16 / D30,wire2026.3043228,5tlabmYNQxCWo2ZWtHRodQ
German Pipe Works GmbH,Germany,Aschersleben,Hall 4 / E26,tube2026.3062877,TX5t1541T8KUa01bHbramA
Getech B.V.,Netherlands,Westerbork,Hall 4 / C02,tube2026.3045593,4d2Oj7htSiCgCKwnPmdAsA
GF-ELTI S.r.l.,Italy,Sovere,Hall 7a / E03,tube2026.3045436,LNABNr8HSySGZujO66dHPA
GFM GmbH,Austria,Steyr,Hall 4 / G03,tube2026.3048758,GKcgvvsuSdOhuTrsLzJP6Q
GFU - Maschinenbau GmbH Gesellschaft für Umformung und Maschinenbau,Germany,Bitburg,Hall 5 / F32,tube2026.3044603,sepT5uwYSKKEgI660uScFg
GH INDUCTION S.A.U.,Spain,San Antonio de Benagéber,Hall 6 / C13,tube2026.3049416,Q39PUN82RS2gFLtbEB8LMg
Gibbs Interwire,USA,"Plantsville, CT",Hall 9 / E10-3,wire2026.3059994,6EUhi8wmS5mg2kj0Z82fAA
GIMAX S.r.l.,Italy,Sovizzo (VI),Hall 10 / B18,wire2026.3036454,u7lwNUceQLmnL3TDh7uDtw
Ginox Srl,Italy,Caramagna Piemonte (CN),Hall 4 / F02,tube2026.3069602,XZtuBWCFQnOuaKds0ZjVHw
GIORINASTRI SRL,Italy,Travagliato (BS),Hall 6 / B31,tube2026.3067572,d8jHnO35SOOeLiTBJ1YgFw
Giovanni Anceschi S.r.l.,Italy,S.Ilario M.se - Nerviano (MI),Hall 16 / C21,wire2026.3042221,gJoDk3OGQYCQAFmnTvUcYw
GL Control GmbH,Germany,Bad Kreuznach,Hall 6 / H19,tube2026.3039475,qzu4hzXkTRerhJud8lHwcg
GLOBAL SEAMLESS TUBES AND PIPES PVT. LTD,India,Kolkata,Hall 1 / F03,tube2026.3069402,8P2lFhMuS82rn1IoDUn10g
Glorystar Group Inc,USA,"Milpitas, CA",Hall 6 / G18,tube2026.3062779,5RkoNiy7TbOLOmFOftI3iw
GLOSER Srl Marketing & Technology,Italy,Galliate (NO),Hall 9 / A78,wire2026.3063844,8g2Bhoq0RNCTOkyMcqVAAg
GMH Gruppe,Germany,Georgsmarienhütte,Hall 12 / C28,wire2026.3038293,dwExpOGwSpOjDzpaBZUKIw
GMP Slovakia s.r.o.,Slovakia,Pribenik,Hall 10 / H10,wire2026.3036212,mrj70Jd7QZ6KhTNd4d8OwQ
GMS Germany GmbH,Germany,Heilbronn,Hall 17 / D04,wire2026.3045659,3rSHbgJwRKi6MNcX9229nw
GMT Industries Ltd.,India,"Faridabad, Haryana",Hall 7a / C03,tube2026.3034504,dvk7gjphRqis1m01JVCRoA
GMT Pipes & Tubes Pvt. Ltd.,India,Mumbai,Hall 3 / B45,tube2026.3034508,TxllL7nSQIWlA0T0QXRr2g
GMT Robotics ApS,Denmark,Brøndby,Hall 17 / D17,wire2026.3043863,mMtEbnOWQlOfRzjN8hVa4Q
GÖKCÜOGLU MAKINA SAN. VE TIC. A.S.,Türkiye,Izmir,Hall 16 / C57,wire2026.3067251,Tpai02h3StybmbffIlINhQ
"Gold Cup Electric Apparatus Co., Ltd.",China,"Changsha, Hunan",Hall 14 / F22-2,wire2026.3067452,zk40xMaRQ1mXJUMix1QATg
"GOLDEN ASIA INDUSTRIAL CO., LTD.",Taiwan,Changhua,Hall 4 / B16-5,tube2026.3063754,SFiJs0jHRvW2gbPF3kLkjg
"GOLDEN OCEAN FORGING CO., LTD",China,"Taiyuan, Shanxi","Hall 7, level 0 / G29-1",tube2026.3065873,xYT57AfyQVKEG2yFVLGyDQ
Golden Spot Industry Inc.,Taiwan,Taichung City,Hall 17 / A67,wire2026.3033956,6fRLyMHoSYSMoDQPx5TkCw
"Golden Technologies Wire & Cable Equipment Co., Ltd.",China,"Dongguan, Guangdong",Hall 15 / L01,wire2026.3049538,PLltIiLTRw6RZPkrsQamwA
"GONGYI CITY HENGMING METAL PRODUCTS CO.,LTD.",China,"Gongyi City, Henan",Hall 14 / C12-1,wire2026.3058911,xJTMCb5wT2ei5NP9rCxazA
"Gongyi Hengxing Hardware Co., Ltd",China,"Gongyi City, Henan Province",Hall 15 / L22-2,wire2026.3062529,uBHVCHHUQ6SFUFhRxtsdEQ
GONVARRI PRECISION TUBES GONVAUTO ASTURIAS S.L,Spain,Avilés,Hall 3 / C11,tube2026.3034520,YWoAkrDuTfeDZ8FP78oiLA
Good Luck Engineering Co.,India,Ghaziabad,Hall 3 / B57,tube2026.3066515,T9n6A45zTialRSWAeBUDug
Goodluck India Ltd.,India,Ghaziabad,Hall 3 / B57,tube2026.3035336,WanGkM8FRAmjfP2Llq8RXw
Goodluck Industries Limited,India,"Ghaziabad, Uttar Pradesh",Hall 3 / B57,tube2026.3066587,5mHs9xGhQRaAaoQaeJ8Cgw
Goriziane E&C S.p.A.,Italy,Villesse (GO),Hall 4 / A30,tube2026.3043855,jPiBuYM9RGOA9I0ECVkj2g
GOSTAR CORPORATION LIMITED,China,Shanghai,"Hall 7, level 0 / G29-2",tube2026.3065875,75NAcJBZSbuLMPw0eTwhiw
Gotex S.A.,Spain,Lliça Damunt,Hall 15 / A40,wire2026.3057310,UTaxmM46TwCdRUOe29L4lw
Gräbener Maschinentechnik GmbH & Co. KG,Germany,Netphen,Hall 7a / D19,tube2026.3033941,8M2MtSpyQvubpILc36mqwQ
"GRACEFUL INDUSTRIAL CO.,LTD.",China,"Foshan, Guangdong","Hall 7, level 0 / D20-6",tube2026.3058445,qtcHo3PBRIWCBT5KmMzTyA
"Grande-Tek Flow Control Co., Ltd.",China,"Cangzhou, Hebei",Hall 1 / E50,tube2026.3036767,45lwbp8YQIaThzqVTt9fuQ
Grazioli Group,Italy,Carpenedolo (BS),Hall 5 / J19,tube2026.3039958,YUHVuXXISYeJJohSakHSMA
Grazioli Group,Italy,Carpenedolo (BS),Hall 5 / J19,tube2026.3039958,YUHVuXXISYeJJohSakHSMA
Grillo Steel Srl,Italy,Thiene (VI),Hall 3 / A27,tube2026.3036377,8SzqItv5QzumFUBBt6OtmQ
Grimet Srl,Italy,Verona (VR),Hall 3 / A19,tube2026.3038461,zACviuWpS7GOTDP9kc4tXQ
"Gritsil New Material(Changzhou) Co., Ltd",China,Changzhou,Hall 14 / A21-1A,wire2026.3064694,PMumKfA9RteUg77TWq0NbQ
"GSP - High Tech Saws, s.r.o.",Czechia,Zborovice,Hall 1 / A26-2,tube2026.3067429,XNeGeQKFRnSRcxzjh8aV5w
"Gu Dong Saw Industry(Shandong) Co.,Ltd",China,"Tengzhou City, Shandong",Hall 6 / J27-2,tube2026.3065852,L8dVBY3IS82VHc6GMGx0Xg
"Guanbiao Electrical Machinery Co., Ltd.",China,"Dongguan, Guangdong",Hall 14 / B12-5,wire2026.3066833,xEKuUIuZQ5audWWF58G4Vg
"Guang Xi Long Lin Li Tong Cable Technolgy Co., Ltd.",China,"Baise, Guangxi Province",Hall 15 / B54,wire2026.3071486,1pejBXQ5Q4KHgYqu7RwN2Q
"Guangdong Advanced Thermoplastic Polymer Technology Co., Ltd",China,Dongguan,Hall 14 / A04-4,wire2026.3058887,s6uMYrU5S2C9SpUDBwD7MQ
"GUANGDONG CHEMLEAD SCI & TECH GROUP CO., LTD",China,"Yunfu, Guangdong",Hall 14 / A12-6,wire2026.3065043,ceahUiFVRJeXDeJwq7Fthg
"GUANGDONG CHIPENG ELECTRICAL TECHNOLOGY CO.,LTD",China,Foshan,Hall 14 / F12-2,wire2026.3065045,bAt42A9oT7yu7H5vKUGQNA
Guangdong G Clef Bending Technology,China,"Foshan, Guandong",Hall 6 / G27,tube2026.3063281,gL2RUf7qSQijmTX4vf8SQg
"Guangdong Hangao Technology Co., Ltd.",China,"Yunfu City, Guangdong",Hall 6 / H07,tube2026.3062045,g0woSrENQeSaFMRVmPTXJQ
"GUANGDONG QUANQI EQUIPMENT CO.,LTD",China,"Foshan, Guangdong","Hall 7, level 0 / D29-2",tube2026.3066706,sHaEXJ1qTH2gGbWpve9O2A
"Guangdong Siao Intelligent Technology Co., Ltd",China,"Shaoguan, Guangdong",Hall 14 / A55-4,wire2026.3065031,dIj7Mnf9Tb6NKLznCCip6Q
GUANGDONG YANGCHENG STAINLESS STEEL MACHINERY LTD,China,"Foshan, Guangdong",Hall 6 / G01-4,tube2026.3063740,qqQNQoqjQ0O5Vow7Tn0M6w
Guangdong Yashi Machinery Technology Co.Ltd,China,"Dongguan City, Guangdong",Hall 15 / B30,wire2026.3051221,PMuIN5uCQm2sfi8f9kGzQQ
Guangdong Zhongnan Iron & Steel Co.，Ltd,China,"Shaoguan, Guangdong",Hall 14 / A80,wire2026.3072973,qOcPVPe4QUqgjHh6OYsQHg
"GUANGZHOU YUHONG TECHNOLOGY CO.,LTD",China,Guangzhou,Hall 14 / B62-3,wire2026.3069102,mf31cDyiQbCUEHTX9KucLw
GUIDETTI SRL,Italy,Renazzo (FE),Hall 13 / D20,wire2026.3046130,SP4TxKKrQSuVz6cnZ67g8A
"GUILIN LIJIA METALS CO., LTD",China,"Guilin, Guangxi",Hall 1 / C13,tube2026.3067185,c8wjjwXPR7CIK7r2Ulu5lw
"Guilin Wintime Testing Machine Co.,Ltd.",China,Guilin City,Hall 16 / D20-1,wire2026.3060336,HoIUMKBYTDmoDBM4ltYWHg
Günes Tel Cekme SAN ve TIC A.S.,Türkiye,Istanbul,Hall 15 / F02,wire2026.3041581,qC2EX5I4SfK4t7Gix5irOg
Guney Celik Hasir ve Demir Mamulleri San. Tic. A.S.,Türkiye,Saricam Adana,Hall 12 / E66,wire2026.3036068,8a4T4306TO20aH0zYP6zFQ
GUNEY MAKINA SANAYI VE TICARET AS.,Türkiye,Merkezefendi̇,Hall 15 / B23,wire2026.3062519,s4EULyspSWmoJJMgoPHK0g
Gurfil Foil - Film - Tape & Machinery A.S.,Türkiye,Esenyurt / İstanbul,Hall 9 / A74,wire2026.3034805,gI1FWtz6TVaZED7ZaOymdw
Gürgenler Metal Sekillendirme Isleme San. ve Tic A.S.,Türkiye,Ankara,Hall 1 / B36,tube2026.3045643,XIfGwgoURT2iLr3pNPgaiA
GUTMANN ALUMINIUM DRAHT GMBH,Germany,Weißenburg,Hall 10 / B60,wire2026.3038678,uzKXqdgWQdaOkBmDchqRPA
Güven Mühendislik Makina Kimya ve Elektronik A.Ş.,Türkiye,Kayseri,Hall 11 / E06,wire2026.3044018,sgn4T8NZQkahyw8c5Mixzw
"GWOLIAN MACHINERY INDUSTRY CO., LTD.",Taiwan,Kaohsiung City,Hall 15 / B20,wire2026.3069601,DV6VwuYsSFiUdYSKvKfCig
H D WIRE (P) LTD,India,Indore,Hall 13 / D71,wire2026.3069061,jIdbg8vnScKug2OGOKs9zg
H. Butting GmbH & Co. KG,Germany,Wittingen (Knesebeck),Hall 1 / C57,tube2026.3045677,DZr1xioTRpaa9QMitiFQqw
H. Folke Sandelin AB,Sweden,Motala,Hall 10 / D22,wire2026.3048703,in17fAz1Q3SoCkBTZcHsTQ
H. Künne GmbH & Co. KG Stahldrahtwerk,Germany,Hemer,Hall 10 / G56,wire2026.3067653,N8udSc8WRVudvUVzVl3IOw
H.P. Kaysser GmbH + Co. KG Systemlösungen in Metall,Germany,Leutenbach,Hall 6 / C36,tube2026.3045491,pSsaQyXOQ32HwBQTrwJZSA
HAANE welding systems GmbH & Co. KG,Germany,Borken,Hall 6 / F29,tube2026.3045815,L0NcSFTSSzGllZHJkxHhQg
HAEHNE GmbH,Germany,Erkrath,Hall 9 / B22,wire2026.3064449,xFnyXeQTSCqUJYFJezBFoA
HAEUSLER AG Duggingen,Switzerland,Duggingen,Hall 7a / F03,tube2026.3044914,8wmC2VJSQLqKHJkpyUK78A
Haflex Maschinenbau GmbH,Germany,Trier,Hall 7a / F02,tube2026.3044924,AWWEBjqkTXaIhk7f1smfuw
Häfner & Krullmann GmbH Kunststoff-Verarbeitungswerk,Germany,Leopoldshöhe,Hall 9 / A25,wire2026.3033952,2YooLEQDQumnkXJiI5bStQ
Hagane facas e serras industriais ltda,Brazil,Sao Paulo,Hall 7a / C02,tube2026.3072086,EQ4xjgxxQbeoJKGmBcAoCQ
Hagener Feinstahl GmbH,Germany,Hagen,Hall 11 / H42,wire2026.3036282,ty5vv0ImTGCLBCZ0QgrrMg
Haggie Wire & Strand Germiston South Africa,South Africa,Germiston,Hall 13 / B14,wire2026.3046114,ncJgWh77TA6q3yIBPipNWw
Haginger Maschinenbau GmbH & Co. KG,Austria,Gampern,Hall 6 / A26,tube2026.3036354,WvBjzycEThWpUSdvJCoahw
HAH,Germany,Norderstedt,Hall 16 / H21,wire2026.3042969,WuihhpbNQTStlPoWpazWtQ
Haitima Corporation,Taiwan,Taipei,Hall 3 / G41,tube2026.3042217,UDSREprHRpizPiegnDQzlQ
"Haiyan Better Steel Tube Co., Ltd.",China,Jiaxing,"Hall 7, level 0 / A20-2",tube2026.3062026,XD6eRI15QXqI7ftauhDYOQ
Hakusan Inc.,Japan,"Iruma, Saitama",Hall 9 / E36,wire2026.3066206,ipBcZ5xfTLiy657GgTHyfA
Hamex Precision Tools AB,Sweden,Linköping,Hall 10 / F77,wire2026.3041502,KBop0etAQY6mXiaZbhZ0dg
Hammerschmiede Jäckel Essen GmbH,Germany,Essen,Hall 3 / C03,tube2026.3035417,bIGSkhKuTNSXGnEfEQn3Mg
"HAN DUK R-FECO, Inc.","Korea, Republic","Hwaseong-si, Gyeonggi-do",Hall 6 / I03,tube2026.3047524,F5mATe3SRD2RtIS7zL4W3g
"HAN JIE MACHINERY CO., LTD.",Taiwan,Tainan City,Hall 4 / A16,tube2026.3063902,LEf6Dis4TWqLrTiKEsSbvw
"Handan Xinxing Special Steel Pipes Co., Ltd.",China,"Handan City, Hebei Province","Hall 7, level 0 / D26-3",tube2026.3065899,V6QknflGQIejr1tbQUR1rA
Hangzhou Fastener Industry Chamber of Commerce,China,Hangzhou,Hall 16 / F59,wire2026.3064349,p1V5RhP0Q8W4ReyqX5Regw
"Hangzhou Fortes Electronics Co., Ltd.",China,"Hangzhou, Zhejiang",Hall 14 / B38-3,wire2026.3064079,nVDM2pDbR7y61Uoglv4t9Q
"Hangzhou Hirono Tools Co.,Ltd",China,Hangzhou City，Zhejiang,"Hall 7, level 0 / D26-4",tube2026.3062765,qWP4AaGLRfiqpHvaQyPiqg
"Hangzhou JLS Flame.Retardants Chemical Co.,Ltd.",China,"Hangzhou, Zhejiang",Hall 14 / C54-3,wire2026.3067167,ynuWBmN4Ru2yUd99cNE2mg
"Hangzhou Juli Insulation Co., Ltd",China,Hangzhou,Hall 13 / B87,wire2026.3039895,hsM8CZOSQ3iMKOhQZnFB1A
"HANGZHOU MEILIN SPECIAL MATERIAL CO.,LTD",China,Hangzhou City Zhejiang,Hall 14 / C54-4,wire2026.3064049,ctT4yQL6RSqcfG6vQLvIFA
"Hangzhou Sanyuan Cable Co., Ltd.",China,"Hangzhou, Zhejiang",Hall 14 / C54-1,wire2026.3064048,JvQrPRtjRZOfJ7drG1tEKA
"HANGZHOU XINGFA TECHNOLOGY CO.,LTD",China,"Hangzhou, Zhejiang",Hall 14 / A30-1,wire2026.3065040,ydMzFFe4SRq1iLyoCkGBPA
"HANGZHOU XINSHENG PRECISION MACHINERY CO.,LTD.",China,"Hangzhou, Zhejiang",Hall 6 / H37-3,tube2026.3066514,qbDBMNbcQcG8Kezyoa7ntA
"Hangzhou Yitian Technology Co.,Ltd.",China,"Hangzhou, Zhejiang",Hall 14 / J02-2,wire2026.3064692,S6eXnUoSRn2gBUIXJEatAA
"Hanil Machinery Co., Ltd","Korea, Republic","Hwaseong-si, Gyeonggi-do",Hall 9 / E36,wire2026.3066751,nqnQKDwRRK2mwpqnwNnKhQ
Hanwha Solutions Corporation,"Korea, Republic",Seoul,Hall 10 / F04,wire2026.3035082,1coyHUPTSC6fcQGxMohI3w
"Hanyu Cable Materials Co., Ltd.",China,Weihai,Hall 13 / B60,wire2026.3040570,1zHGaeq4RuGntOkrEzreNA
Hariton Machinery Co. Inc.,USA,"Bridgeport, CT",Hall 16 / C29,wire2026.3034242,KXOxepJXQXi8Kycia0SZqA
Harman Bawa Private Limited,India,New Delhi,Hall 15 / A10,wire2026.3046043,PaMaVAwGSzGtVTfUYacQJw
Harms & Wende GmbH & Co. KG,Germany,Hamburg,Hall 16 / A60,wire2026.3045602,Ez7PQtqiRZmw3jjlTxF96Q
Hart b.v.,Netherlands,Nijkerk,Hall 3 / C13,tube2026.3045162,8XAyQdlXQ1SPG57q1McMuQ
HARTER GmbH,Austria,Hornstein,Hall 10 / C42-02,wire2026.3068578,zMlUkARfRDmrMtvHftm8HA
Hartmetall-Werkzeugfabrik Paul Horn GmbH,Germany,Tübingen,Hall 6 / A16,tube2026.3034835,aKogUeRsQPyrdh39mZAtBg
HARVE ACE CONSULTING AND PROJECT MANAGEMENT LLC,United Arab Emirates,Dubai,Hall 6 / E26,tube2026.3062293,ydiz658OQHi6iqZ5tfqr6w
Has Celik ve Halat San Tic A.S.,Türkiye,Kayseri,Hall 15 / B44,wire2026.3045628,Xs8bT50fTuWBCrNCas4pJA
Hascelik San ve Tic A.S.,Türkiye,Cayirova /Kocaeli,Hall 3 / G47,tube2026.3040558,pn3ljYCQSWaUyZWakAGwow
Hascelik San ve Tic A.S.,Türkiye,Cayirova /Kocaeli,Hall 12 / C48,wire2026.3035706,J4JnQ9jXTVSTyS5CqPHweA
Hascor International Group BV,Netherlands,Duiven,Hall 15 / A37,wire2026.3046178,IvH4lCruS8CEsDO8hxT9TA
Hatboru Sanayi ve Ticaret A.S.,Türkiye,Antakya-Hatay,Hall 4 / E36,tube2026.3035204,pTllhtKcQVKq5ycqd3cbyQ
Hatebur Umformmaschinen AG,Switzerland,Reinach BL,Hall 16 / D02,wire2026.3059776,gTBOtoY4SEmUwl6XTsySwA
HAYO ENERJİ ARGE SANAYİ VE TİCARET A.S.,Türkiye,Tekirdağ,Hall 13 / A33,wire2026.3043091,Pwrj9lSZRTSBEpFfU1o2fw
HBchemicals AB,Sweden,Lund,Hall 13 / C61,wire2026.3043088,K0zrCjC7Tju6iuBIEreuSA
HBK POLIMER PLASTIK SAN. VE TIC. A.Ş.,Türkiye,"Kapakli, Tekirdag",Hall 13 / B81,wire2026.3045847,kZG2d4lJTHSioYg7NG9HJA
HDM ÇELİK BORU SANAYİ VE TİCARET A.Ş,Türkiye,Istanbul,Hall 3 / D31,tube2026.3056951,3tfzG998R1CnLF2GRiHl6Q
HDU OHG,Germany,Hagen,Hall 10 / F73,wire2026.3064441,KH6u0AgjRTOy3nPfS2u2mQ
"HEBEI CBIES AUTOMOTIVE PARTS CO.,LTD.",China,"Shijiazhuang, Hebei",Hall 6 / G35-2,tube2026.3066365,plIMtTb7TbWxNEM3XJ1Nrg
"Hebei Cechen New Material Co.,Ltd.",China,Anping,Hall 14 / D22-2,wire2026.3062667,IwA4gb3wSIKjeokXI0aExQ
"HEBEI DAPU MACHINERY CO.,LTD.",China,"Shijiazhuang City, Hebei",Hall 17 / D78,wire2026.3046002,De5x5FrUTnSxxQKX9nnuBw
"Hebei Dongying Wire Drawing Mold Co., Ltd",China,"Hejian City, Hebei Province",Hall 14 / A39-2,wire2026.3060011,wK5CWpd1TH2kYaGmigrBpw
"HEBEI HEXING ELECTRICAL MACHINERY CO., LTD.",China,"Cangzhou, Hebei",Hall 14 / A38-3,wire2026.3064062,dABakT54TpSUCECMNssH2Q
"HEBEI HTK TECHNOLOGY CO.,LTD",China,"Shenzhen, Hebei",Hall 14 / B62-5,wire2026.3069739,rx2Sg1JwQpq9LD7nCZp6TA
"Hebei Huayang Steel Pipe Co.,Ltd.",China,"Cangzhou, Hebei",Hall 1 / F29,tube2026.3036773,NH2T1DZMShi3oMq8Mw1E8Q
"HEBEI HUIKE STEEL PIPES CO.,LTD",China,Cangzhou,"Hall 7, level 0 / D03-11",tube2026.3065575,k4iZz4MDQW6PSEwBMTPsgw
Hebei Jinao Seiki Manufacture Inc.,China,"Baoding City, Hebei",Hall 4 / E01,tube2026.3058709,oSRd37ycQ8q048jAKyDnOA
"Hebei Jiuyuan Pipeline Manufacturing Co., Ltd",China,"Cangzhou, Hebei",Hall 1 / A13-2,tube2026.3074996,9omGkdVlTX6kJGrB2VwK0w
"Hebei Kaiye Machinery Equipment Co.,Ltd.",China,Shijiazhuang,Hall 14 / A54-5,wire2026.3069105,Tr6fL65tRE2dSEEus3jkwQ
"HEBEI KERRY EQUIPMENT CO.,LTD",China,"Cangzhou City, Hebei","Hall 7, level 0 / E20-5",tube2026.3066387,0POxPyaaQSKN4KUBXvxquA
"HEBEI KEYANG FLOW CONTROL TECHNOLOGY CO., LTD.",China,"Cangzhou, Hebei","Hall 7, level 0 / B11-1",tube2026.3058209,uTrvMPNCSxSgEpYN3A2uAw
"HEBEI MINHAI PIPE FITTING CO., LTD.",China,"Cangzhou, Hebei","Hall 7, level 0 / A26-2",tube2026.3064448,5fVJD5m1S8q0eiAbeQ8bnw
"Hebei Ouhao Pipeline Equipment Co., Ltd.",China,"Cangzhou, Hebei",Hall 4 / C01,tube2026.3074487,CYTmIEoPT6mZYataVnQbZA
"Hebei Ouhao Pipeline Equipment Co., Ltd.",China,"Cangzhou, Hebei","Hall 7, level 0 / D26-2",tube2026.3065898,BVi6DvCzTyC4kWxjQ7EZQg
"HEBEI PENGRUN PIPE FITTING MANUFACTURING CO.,LTD",China,"Cangzhou, Hebei","Hall 7, level 0 / D03-1",tube2026.3065866,LkXty8AISPqz7rrR3rHDZA
HEBEI PHOENIX ENTERPRISES CO.LTD,China,"Shijiazhuang, Hebei","Hall 7, level 0 / D03-7",tube2026.3067548,E2C53helRHOqFdHEHx1oAg
"HEBEI QUNKUN METAL PRODUCTS CO.,LTD",China,Shijiazhuang,Hall 14 / D12-1,wire2026.3062485,2S53vVDhRXKlB9CkrHBAyg
"Hebei Rongkuai Machinery Manufacturing Co., Ltd",China,Hengshui,Hall 15 / G46,wire2026.3046756,OOoUTOnlREmsAZGHIdxgeQ
"Hebei Shangheng Pipeline Manufacturing Co., Ltd",China,"Cangzhou, Hebei",Hall 1 / A55,tube2026.3068058,4kxNuNdeRUChyM5dDPm9uQ
"HEBEI SHIZHOU MECHANICAL& ELECTRICAL EQUIPMENT CO.,LTD",China,"Shijiazhuang, Hebei",Hall 6 / J19-03,tube2026.3061440,VhQxjilDSzy4Z371IgFrNw
"HEBEI SUNUA ADVANCED MATERIAL CO.,LTD",China,Shijiazhuang,Hall 15 / F63,wire2026.3066434,xJRzVkq9RY2pD9PO5if4uQ
"HEBEI TOP IMP & EXP CO., LTD.",China,Shijiazhuang,Hall 14 / C38-5,wire2026.3067450,M7Ne4PbPRSq6Do8Q3tW4mw
"HEBEI TUBO MACHINERY CO., LTD.",China,"Shijiazhuang, Hebei",Hall 6 / G20,tube2026.3065144,U6gn7ZD3S5y7okz1wMUong
"HEBEI XINFENG HIGH-PRESSURE FLANGE AND PIPE FITTING CO.,LTD",China,"Cangzhou, Heibei",Hall 1 / C16,tube2026.3036353,WWJE2ObYSnSsqXAb0bVQGw
"HEBEI XINYUE HIGH PRESSURE FLANGE AND PIPE FITTING CO., LTD",China,"Cangzhou, Hebei Province",Hall 4 / A12,tube2026.3066329,PQWrZ3yBTNSDOxl20yHqHQ
HEC-Holland BV,Netherlands,Arnhem,Hall 11 / D52,wire2026.3046512,ARMMkOJXR8KalrboYLbzfA
"HEDA INDUSTRIAL CO., LTD.",China,Shanghai,Hall 14 / D30-1,wire2026.3067453,Gsg9MHxfQaawWxcmrUsc9g
HEDEF HALAT SAPAN VE MAK. SAN. TIC. LTD. STI.,Türkiye,Balikesir,Hall 10 / C78,wire2026.3068004,IzeEdGPISSOcujqXTIcYcA
"Hefei Lasun Communication Co., Ltd.",China,"Hefei, Anhui",Hall 14 / B38-2,wire2026.3064077,6XXySIeTQwSS1MZVOjoQZA
"Hefei Shihua Pipe Fitting Co., Ltd.",China,"Hefei, Anhui","Hall 7, level 0 / A26-1",tube2026.3064439,f7dlscuoQL2z9a3UCa8VBA
HEFEI SMARTER TECHNOLOGY GROUP CORP.,China,"Hefei City, Anhui",Hall 13 / D22,wire2026.3043822,nggHcPSQSIO1eQPBsRw8Pg
"HEFEI TONGDING OPTICAL-ELECTRONICS TECHNOLOGY CO., LTD.",China,"Hefei City, Anhui Province",Hall 14 / A30-5,wire2026.3065039,N2bMdeBxTk2CuB3HF38bEQ
Heimerle + Meule GmbH,Germany,Pforzheim,Hall 1 / C35-1,tube2026.3067670,UGfQUUhKQ1euTl8sJPTYCQ
Heinrich Stamm GmbH Feindrahtwerk,Germany,Iserlohn,Hall 11 / H42,wire2026.3066414,T1TVQkCqRAu7GxpD1dfsgQ
Heinz Berger Maschinenfabrik GmbH & Co. KG,Germany,Wuppertal,Hall 6 / C09,tube2026.3034834,8VMTRQohTgK2ihR5UzDK9Q
Heinz Gothe GmbH & Co. KG,Germany,Mönchengladbach,Hall 3 / D04,tube2026.3046090,RfQZYLR4TqCSxFqzLf2Uug
Heinze & Streng GmbH,Germany,Mengerskirchen,Hall 11 / A37,wire2026.3036457,b86Ivc0DRqKGlH4VDJIO6w
Heitmann Stahlhandel GmbH & Co. KG,Germany,Oberhausen,Hall 3 / F01,tube2026.3036359,TtWuZsCmRzSpD4sU7u7cYg
Heitmann Stahlhandel Rheinland GmbH,Germany,Köln,Hall 1 / A59,tube2026.3046973,KB2N2CmyTo2u1V3TacRulA
"Hejian Adamas Mold Co.,Ltd.",China,"Hejian City, Hebei Province",Hall 14 / C22-4,wire2026.3058906,QCl7MkVvSz22Ka4NIOoyZg
"Hejian Baohong Electrical Machinery Co.,Ltd.",China,"Cangzhou, Hebei",Hall 14 / C22-6,wire2026.3059533,sE69C67IRaec6M5qOhPeLQ
HEJIAN FENGHANG MOULD CO.，LTD.,China,"Hejian, Hebei",Hall 14 / A22-4,wire2026.3058905,ZaOEFusRTJW0iFxQL4EOow
"HEJIAN JINPENG MUJU CO., LTD.",China,"Hejian, Hebei",Hall 14 / A55-3,wire2026.3065030,4Oz80TbhQD6V6FDhKSfASg
"HEJIAN STRAINS OF HARD ALLOY MOULD CO.,LTD",China,"Hejian City,Cangzhou City,Hebei Province",Hall 14 / A39-6,wire2026.3060013,LebC282GT7WodYp2WTMsGA
Helmut Steinfels GmbH & Co. KG,Germany,Norderstedt,Hall 16 / H21,wire2026.3042969,WuihhpbNQTStlPoWpazWtQ
"Henan Gesaige International Co., Ltd.",China,Zhengzhou,Hall 14 / D12-6,wire2026.3058880,1QLMcYSMQVGslVWlRexHMQ
"HENAN HARMONY STEEL CO.,LTD.",China,"Zhengzhou City, Henan Province","Hall 7, level 0 / B20-4",tube2026.3063277,F3EEWjHrRKKMr9pMFcemzw
"HENAN HOHAM CABLE CO.,LTD.",China,Zhengzhou,Hall 14 / C22-5,wire2026.3058919,PwkqqIA9THSA83LnK5ylng
"Henan Mi-Tel Imp. & Exp. Trading Co., Ltd",China,Zhengzhou,Hall 9 / E79,wire2026.3036041,0a5WJsHfSdmlgVBMsUuvfw
"Henan QE Diamond Die Co., Ltd",China,"Zhengzhou City, Henan province",Hall 14 / F04-4,wire2026.3058889,f0D8xzDNTKiEjoMaR2jbhQ
"Henan Zhongyuan Special Steel Equipment Manufacturing Co., Ltd.",China,"Jiyuan, Hehan Province",Hall 7a / C14,tube2026.3071694,kkdvR1y5SWGPNAWtYlAt8Q
"HENGSHUI JINGHUA STEEL PIPE CO.,LTD",China,"Hengshui, Hebei",Hall 1 / A55,tube2026.3046373,wbSFMkvTTYSsPtjGEWf6dA
"Hengyang Hongyuan Pipe Industry Co,. Ltd",China,"Hengyang, Hunan","Hall 7, level 0 / E26-8",tube2026.3061446,e5qg3b7eQnGYXjk21aXexg
Henrich Maschinenfabrik GmbH,Germany,Herborn,Hall 9 / B06,wire2026.3034807,u2nWuktuTReVDKXpOkvNfQ
Herber Engineering AB,Sweden,Värnamo,Hall 6 / E34,tube2026.3035120,mwb1YxU7TwiZqIGD8WKFvg
"Herdon Machinery Ent. Co., Ltd.",Taiwan,New Taipei City,Hall 16 / B29,wire2026.3059792,gabWbcPsT2WJ0Mxma2XmOg
Hergarten GmbH,Germany,Köln,Hall 6 / E20,tube2026.3043645,79ZAlfSmSDyGMOXwDR7b7A
"HEROSLAM, S.A.L.",Spain,Abanto-Zierbena (Bizkaia),Hall 16 / F21,wire2026.3041593,oV52jKDKSnqoCNLBEVhjLw
HERZOG GmbH,Germany,Oldenburg,Hall 10 / H21,wire2026.3038249,bwQgqkheS9mm56RyUphEow
Hexagon AICON ETALON GmbH,Germany,Braunschweig,Hall 5 / E33,tube2026.3041204,HXoO8b1vTsiu4KohHPZqmA
HEXPOL IZMIR POLIMER SAN VE TIC. A.S.,Türkiye,Izmir,Hall 12 / B49,wire2026.3045396,OrBG8fh4QUOwSRn6QgJDWw
"HG Super Hard Tools Co., Ltd.",China,"Zhengzhou, Henan",Hall 14 / E04-1,wire2026.3060769,B6cEPdUsSAeYX3FLa3kLrA
HI-TECH PIPES LTD,India,New Delhi,Hall 1 / D29,tube2026.3044134,HOmVGcAeT7G5SWxqlubJTw
Hieber & Maier GmbH,Germany,Bretzfeld-Schwabbach,Hall 16 / B55,wire2026.3045611,w3wJrpnCQRaYnDeyQkwWmA
High Potential Day,Germany,Düsseldorf,North Entrance / N03,tube2026.3056841,5smHtbIfRR2tyUK5QPUleA
HIGH POTENTIALS 2026,Germany,Düsseldorf,North Entrance / N03,wire2026.3057222,5nrY5T5aQsaUlrg0jNSM3g
"High Precision Tube (Thailand) Co., Ltd.",Thailand,Pluakdaeng,Hall 1 / C77,tube2026.3069397,HMJbc0FYRqeuiudsbkFTsQ
HIGHVOLT Prüftechnik Dresden GmbH,Germany,Dresden,Hall 11 / A26,wire2026.3036220,QChEHhb2TkKY9kiDyzyRLw
Hilco Industrial Acquisitions B.V.,Netherlands,Amsterdam,Hall 7a / B03,tube2026.3048644,FX684sB0S3mhMFotPuh2OA
Hindustan Inox Ltd.,India,Mumbai,Hall 9 / E49,wire2026.3048754,N3YVlBUZTyCln4adBqxyPQ
"Hipo Electrix Science & Technology Co., Ltd.",China,Shanghai,Hall 14 / C12-4,wire2026.3066849,7nlZQDCpRgKMeZM369gDfg
Hirnböck Stabau GmbH,Austria,Elixhausen,Hall 1 / A56-2,tube2026.3059500,5WPZV4HoTPCyTFKg2j79Ww
"Hisen Enterprises Co., Ltd.",Taiwan,Taoyuan,Hall 6 / A31,tube2026.3040349,4e8ogydYTtefJzxJ2a5rVQ
"HiSteel Co., Ltd.","Korea, Republic",Seoul,Hall 3 / A29,tube2026.3046195,1RGqmhIRQeOHm3P9WTtyBw
Hivotec AG,Switzerland,Laufen,Hall 11 / C02,wire2026.3041675,UHF2KujWTki7w2s4uki0cg
"HJ POLYMER CHINA CO.,LTD.",China,"Jiangyin City, Jiangsu",Hall 14 / A22-6,wire2026.3066832,Cw9gPCyKRrqxoCBkcBa5lQ
Hoberg & Driesch GmbH & Co. KG,Germany,Düsseldorf,Hall 4 / H28,tube2026.3036342,PrcbgeNETjaUp4nUOLccjg
"Hohhot Monva Valve Co., Ltd.",China,Hohhot,"Hall 7, level 0 / A11-8",tube2026.3057993,iua0GwxQRFuy0hln9owdLQ
Holifa Fröhling GmbH & Co. KG,Germany,Hagen,Hall 11 / B29,wire2026.3036480,7xyEl6d3QoyV2CAkM3u2HA
Hong Kong Fengshuo Group Limited,"Hong Kong, China SAR",Hong Kong,Hall 15 / B24,wire2026.3035084,Rwsy8L1mRKazDD1aCmItZQ
"HONG KONG LINDA INTERNATIONAL TRADING CO.,LIMITED","Hong Kong, China SAR","Kowloon, Hong kong",Hall 15 / A58,wire2026.3061191,f2DMt345RHWkfnMaFMcOxA
"Hongliang Cable Co., Ltd",China,Xingtai,Hall 13 / E31,wire2026.3072971,86aRbyMjS3OTdfsxe6wtQA
Honsberg Metallsägen GmbH,Germany,Remscheid,Hall 6 / G32,tube2026.3035338,PJnFV2fHTZKZ2S9fuFlCCA
HONTA Inc.,USA,"Branchburg, NJ",Hall 13 / D10,wire2026.3049532,Hs3GbnSDRyCWui0Cz4DIVA
"Horen Industrial Co., Ltd.",Taiwan,Taichung,Hall 4 / B16-2,tube2026.3064391,PawuSGUhTe6h5OhdhOJfwA
Hörle Wire AB,Sweden,Värnamo,Hall 12 / A58,wire2026.3035705,BpL5VgBNQJO5SXYaUFtbrw
HP EXTRUSION SRLS,Italy,Atessa,Hall 11 / B41,wire2026.3035468,hmDYvB2UTC66J1AXbou6GQ
HPW Metallwerk GmbH,Austria,Linz,Hall 10 / C42-03,wire2026.3061372,Fkt5WQf4SVOENjurbIhdnA
HS Automazioni s.r.l.,Italy,Ciriè (TO),Hall 16 / E40,wire2026.3069416,uNmJJ6svR06oIzyVQWmnoQ
HS Umformtechnik GmbH,Germany,Grünsfeld-Paimar,Hall 1 / E62,tube2026.3050110,pacQ0qY9TLKZKCbgI8F3mA
"Huaian Jinxin Transmission Machinery Co., Ltd.",China,"Huaian City, Jiangsu Province",Hall 14 / C22-1,wire2026.3058902,f48EDz4hT82AYEP1dr7HcA
"Huaian Saham Machinery Manufacture Co., Ltd.",China,"Huaian City, Jiangsu",Hall 14 / E12-3,wire2026.3066845,RYpwU6a0RUaL7PM2hhT7nA
"HUANGHUA JUJIN HARDWARE PRODUCTS CO.,LTD",China,"Huanghua, Hebei Province",Hall 16 / H59,wire2026.3059786,DRrflq2EQVqyV9TToTwElw
"Huangshan Chuangxiang Science and Technology Co.,Ltd",China,"Huangshan, Anhui",Hall 14 / J02-6,wire2026.3067555,EYGDwlRmQu2lTd8JpA9h2w
"HUAQI WIRE & CABLE CO.,LTD",China,Beijing,Hall 14 / H12-2,wire2026.3065020,7z6fhT1kSbqo4fNhBw3j6g
"Hubei HRM New Material Co., Ltd.",China,Huangshi City,Hall 6 / I02-2,tube2026.3068744,1yCxXJTHSY2247B0REGAEg
"Hubei Joint Intelligent Technology Co., Ltd.",China,"Jingshan, Hubei",Hall 16 / B20,wire2026.3049167,4LyyjPZWTaqGo7KiQQIGoA
"HUEI SHANG INDUSTRIAL CO., LTD.",Taiwan,Taipei,Hall 16 / A02,wire2026.3045601,Fn3ReayXSlqcu4xpUyZ7Pg
Huesecken Wire GmbH,Germany,Hagen,Hall 12 / A58,wire2026.3038297,XdRgkYdgTni0Su0ssE8B8g
Huestis Industrial Huestis Machine Corp.,USA,"Bristol, RI",Hall 9 / E06-5,wire2026.3059984,aGSnPxMyQHSkWFiQSDy7Lg
"HUIZHOU SATINO PRECISION MOULD CO., LTD",China,"Dongguan, Guangdong",Hall 13 / B87,wire2026.3073790,70IbRvkGRjGUpZaVUy6HVg
"Hunan Great Steel Pipe Co., Ltd.",China,Changsha,"Hall 7, level 0 / B26-3",tube2026.3062883,clZXPOj3SHeVR3MyJna3rA
"Hunan Remica New Material Co., Ltd.",China,"Yueyang, Hunan",Hall 14 / B30-1,wire2026.3067202,9xF1DG09Q1ORcsFReQeYtg
"HUNAN VALIN STEEL CO., LTD",China,"Changsha, Hunan",Hall 1 / F64,tube2026.3063010,eAIW5XyWS6yJF3YyGL2Cyg
"Hunan Yige Special Steel Science Technology Co., Ltd",China,"Yueyang, Hunan","Hall 7, level 0 / D26-7",tube2026.3065877,6TWvzSIJQnGWRbHle75xsQ
HÜR ÇELİK SANAYİ VE DIŞ TİC AŞ.,Türkiye,Kocaeli,Hall 12 / E16,wire2026.3062522,HxDqhJudQYqmkP9TrvpX7A
HUS Ltd,Bulgaria,Plovdiv,Hall 3 / G23,tube2026.3035455,5m7zsz3fSE6otNpBo0xpcQ
HUTA ŁABĘDY S.A.,Poland,Gliwice,Hall 3 / E14,tube2026.3048585,8h3yJbRGSYK6M2aDlv2gAw
HUZHOU YONGXING SPECIAL STAINLESS STEEL CO.，LTD.,China,"Huzhou, Zhejiang Province",Hall 15 / C49,wire2026.3066934,Mh4VkIzJREuuzXtsAoMUXw
HXF Saw Co. LTD,China,"Yichang, Hubei","Hall 7, level 0 / A01-2",tube2026.3065180,GxudXofMQsCO31rIYcAS8g
Hydro Precision Tubing Tønder A/S,Denmark,Tønder,Hall 13 / A12,wire2026.3062278,qeAF9XhUS5WSQnh9829Zug
"Hydrogrand Steel Pipe Co.,Ltd",China,"Changsha, Hunan","Hall 7, level 0 / B11-3",tube2026.3072785,SqnUMDEOQGmlevi3t2bsZA
"HYODONG MACHINE CO., LTD.","Korea, Republic","Hwaseong-si, Gyeonggi-do",Hall 16 / C22,wire2026.3053091,FJBeazbbRXiFkmudlxee3w
HYPERION INDUSTRIES LLC,United Arab Emirates,Ras al Khaima,Hall 10 / A01,wire2026.3068243,qXT76wXfSAyMqzA782AKGw
I.Penkert Metallbearbeitungs-GmbH,Germany,Allersberg,Hall 16 / H48,wire2026.3055143,3AnUrIOXTPikRLg7TBkFeg
iba AG,Germany,Fürth,Hall 7a / F06,tube2026.3068589,tRfdzyrSQKS82ShXmvlTPw
"IBERMETAIS - INDUSTRIA DE TREFILAGEM, SA",Portugal,Freamunde,Hall 11 / E74,wire2026.3074700,aW9tFE9FTKubWPstXF5H8g
ICDAS Celik Enerji Tersane ve Ulasim San. A.S.,Türkiye,Bagcilar / Istanbul,Hall 12 / D28,wire2026.3044181,6qmsqdjsTMaYyZL9LrRbuw
ICMI S.r.l.,Italy,Cisano Bergamasco (BG),Hall 6 / G30,tube2026.3034623,vhMkEFviQVGV3g3W7M5IBA
iDEAL-Werk C.+ E. Jungeblodt GmbH + Co. KG,Germany,Lippstadt,Hall 17 / D47,wire2026.3045172,iLLt2IbUT8C8twl5bgPHKw
IDS GmbH,Germany,Wietmarschen-Lohne,Hall 7a / F10,tube2026.3034525,NaF7siA9SeuPveLVlRQldQ
IFP EUROPE SRL,Italy,Galliera Veneta,Hall 1 / C35-4,tube2026.3073726,os06TX2KTsairHp4dJAGNA
IFP SPA,Italy,Pian Camuno (BS),Hall 11 / A16,wire2026.3044940,Dy0ra7ncQRWGLx2ZYo7v9w
IFW MOULD TEC GMBH,Austria,Micheldorf,Hall 1 / A56-1,tube2026.3059796,CQFSiq1ySDac5A3P3rU05g
iiM GmbH measurement + engineering,Germany,Suhl,Hall 9 / C49,wire2026.3034028,rWLxcoXfStGwpAJ13bRBiA
Ikra Makina San. ve Tic. A.S.,Türkiye,Istanbul,Hall 13 / C34,wire2026.3039809,pWsbKlyXQhSzWfE96hEkvQ
"ILJIN STEEL co., Ltd","Korea, Republic",Seoul,Hall 1 / C33,tube2026.3067547,bKVNuQ3xQsKVGovCrn2MnQ
Ilta Inox S.p.A.,Italy,Robecco D'Oglio (CR),Hall 3 / C39,tube2026.3044688,tOpxJEhCQGGUthZ47F7jTQ
Imanpack Automation Srl,Italy,Schio,Hall 16 / C43,wire2026.3045616,6N65JzOKQK6CQNC4BBpTqw
imess Optische Mess- und Prüfanlagen GmbH,Germany,Witten,Hall 16 / G43,wire2026.3044814,f9E46VyUQ7K3vBYO3wlnYw
iMetal Group Co. Ltd.,China,"Yanshan, Hebei","Hall 7, level 0 / A28-3",tube2026.3069604,tdgndoTUQZOGNn7XNJDI3Q
IMS Messsysteme GmbH,Germany,Heiligenhaus,Hall 7a / E16,tube2026.3034593,U7gc70u8TxKGoLXs1cU4qw
Indore Composite Pvt Ltd,India,Mumbai,Hall 11 / F21,wire2026.3040583,mBtE0RoLQGmLYV2IerI5vg
Induction srl,Italy,Poirino (TO),Hall 6 / B28,tube2026.3036346,E5cL9JO3RZiSt6timlfZKw
Induction srl,Italy,Poirino (TO),Hall 9 / B02,wire2026.3036040,2zk3NHPKR9qrZaAyPLWXwQ
Inductotherm Group Ltd.,United Kingdom of Great Britain and Northern Ireland,"Basingstoke, Hampshire",Hall 6 / C23,tube2026.3044410,vF49GFBwS4izKAGU01EjMg
Inductotherm Heating & Welding Ltd.,United Kingdom of Great Britain and Northern Ireland,"Basingstoke, Hampshire",Hall 9 / A50,wire2026.3043960,hbxrhl7zR7O6NSrdiGBPVg
Induflex N.V.,Belgium,Gent,Hall 10 / B77,wire2026.3045411,r0vTQ7gaQ9qs9qc2FS92KQ
Indusma SRL,Belgium,Hombourg,Hall 9 / B33,wire2026.3040912,aPL5TVRKQn6j8gwtPWOrAw
Industrial Equipment and Solutions of FL LLC,USA,"Ormond Beach, FL",Hall 9 / D16-5,wire2026.3047056,NKIBLGhYS12KhmAfRV7bsg
Industrial Inspection Systems Ltd,Canada,Barrie,Hall 6 / B25,tube2026.3034590,NqGu1wyuSvyVFbanmegx6Q
Industrial Manufacturing Machines s.r.l.,Italy,Nichelino (TO),Hall 5 / H17,tube2026.3043646,YxJefOePTqyOiOwOUg2xrw
Industrial Steel Group Sp.z.o.o.,Poland,Radomsko,Hall 1 / A73,tube2026.3063291,TnZOpOWcSaCv6orGMYgJvw
"Industrias Ponsa, SA",Spain,Manresa,Hall 6 / A35,tube2026.3049413,4A3BlTKVTIyV0UxtvvcAKA
Industrieofenbau Bader & Scheffer GmbH,Germany,Denkendorf,Hall 1 / A35,tube2026.3068647,4MyLUTirS7C2lw1AQ7bQkA
Infinix Precision Corp.,Taiwan,Tainan City,Hall 16 / B57,wire2026.3043894,toUt3wjDSlq3dnKYAaG3jQ
"INFO-GEL, LLC",USA,"Charlotte, NC",Hall 9 / A34,wire2026.3035315,P5kNq0sYTkqDg7Vh68CUDg
Infrarentals B.V.,Netherlands,Meerkerk,Hall 4 / E26,tube2026.3045567,sBRZqDooSCuIfJH17cahGg
INGENIA GmbH,Austria,Linz,Hall 6 / A01,tube2026.3065183,Ocg6wbfxSK6kyeMMDT3PoA
Ingramatic Division SACMA Limbiate S.p.A.,Italy,Castelnuovo Scrivia (AL),Hall 16 / E40,wire2026.3069554,AXMJq030RdC5auKfzeiHpg
"Innerspec Technologies Europe, S.L.",Spain,Loeches,Hall 6 / I14,tube2026.3045287,EKytuU5MSO2f5Qbx2DXHAA
InnoVites B.V.,Netherlands,Ede,Hall 11 / B52,wire2026.3035014,vx3wT5CmRuCu0PVu7vrQKg
Inosym Ltd.,New Zealand,Wanaka,Hall 13 / B69,wire2026.3040897,p1ZTq7ToSO6JrFACbLLX9w
INOX LAGHI srl,Italy,Solbiate Arno (VA),Hall 3 / E34,tube2026.3042609,0fB847PwSGKSobLQgGAagQ
"Inoxidables de Rabade, S.A.",Spain,Outeiro de Rei,Hall 3 / D33,tube2026.3045790,RfZVcAtxQtifNylEQolEnA
Inoxium Tubi Pipes Industry LLC,United Arab Emirates,Umm Al Quawain,Hall 1 / A03,tube2026.3034537,WZxczfAOTSy9582CMpai3Q
Inserlec SAS,France,Blyes,Hall 13 / A29,wire2026.3046036,Ja5hRbwZTCycMZoYxBEhTQ
InspecTech Limited,Canada,"Toronto, ON",Hall 6 / F33,tube2026.3042022,85XcBtBMRaGATdSogzPtfA
Institut Dr. Foerster GmbH & Co. KG,Germany,Reutlingen,Hall 9 / C25..C26,wire2026.3033951,J8YUk64qTXGmTZrtPSIUTg
Institut für Umformtechnik der mittelständischen Wirtschaft GmbH,Germany,Lüdenscheid,Hall 16 / G24,wire2026.3068315,DbbHPJYpSayImDgwAddcyA
İntercab Kablo San. ve Dış Tic. Ltd Şti.,Türkiye,Istanbul,Hall 13 / E21,wire2026.3046049,78js2i7oQ56Fr595HLV9iw
Intercom Group Ltd.,Bulgaria,Varna,Hall 3 / E03,tube2026.3036345,4D7T5MsuSwqQTSPVmzNSVg
Intercontinental Technology Limited,Bangladesh,Chittagong,Hall 1 / F86,tube2026.3072652,Ykynz5IFQmWVlLMLd8IsEA
International Industries Ltd.,Pakistan,Karachi,Hall 4 / B44,tube2026.3043572,6dUwvK8US2a20RpGDVUJww
International Metal Service Nord GmbH,Germany,Düsseldorf,Hall 3 / C45,tube2026.3043330,anwUrquRQCaa62VT0PtSoQ
International Tube Association e.V.,Germany,Köln,Hall 1 / C05,tube2026.3045163,wi6pQUOURRGKENwdCpyjYg
Interpipe Europe SA,Switzerland,Paradiso,Hall 4 / C19,tube2026.3034515,eTNgUtwaSeKg7rRfjgasbw
Intertubi S.p.A.,Italy,Brescia,Hall 1 / C32,tube2026.3037724,zl6GqzotTIezdlpb9RIwqQ
Intra B.V.,Netherlands,Bunschoten-Spakenburg,Hall 4 / E26,tube2026.3034478,b9DIb7FTRbG3vleogMtWQw
Invimec Srl,Italy,Sovizzo (VI),Hall 11 / G30,wire2026.3035016,Zw613wiKSwWIq0eHmVV9dQ
IP Automation Inc.,USA,"Carol Stream, IL",Hall 16 / D57,wire2026.3043911,YNgHg1IlRGCXFgTrvvC5bw
IPG Photonics GmbH & Co. KG,Germany,Burbach,Hall 6 / G09,tube2026.3045674,inMTgjvzSySN9MnTVqyX8Q
"Iraeta Energy Equipment Co., Ltd.",China,"Jinan City, Shandong",Hall 1 / F34,tube2026.3038462,t0bpOzDdQiyZnr6SSyw0rw
IRC spa,Italy,Cortemaggiore (PC),Hall 1 / A31,tube2026.3034128,Cgh5d4uQQCSCLBF2UdAcZw
Isabellenhütte Heusler GmbH & Co. KG,Germany,Dillenburg,Hall 11 / B31,wire2026.3046575,2GWPNbgLS2G6DSfdLGcF0A
"ISEND, S.A. - ' Ingeniería y Sistemas de Ensayos No Destructivos, S.A.'",Spain,Boecillo (Valladolid),Hall 6 / A02,tube2026.3034511,QklNt7TJTSeiIYo4porycQ
ISIS CARBIDE TOOLS S.A.S.,France,Neyron,Hall 9 / B39,wire2026.3040185,uNtAEmodRhuyrus7fNuy6Q
Ispadue S.p.A. Profilmec Group,Italy,Sesto al Reghena (PN),Hall 3 / A20,tube2026.3034180,F2HGGPRHTy6ldonFV3zXRg
iT Engineering Manufacturing Solutions GmbH,Germany,Pliezhausen,Hall 16 / H27,wire2026.3045003,k0jRTDZ9TcKSgAzsJ4yUjA
ITA SpA Industria Trafilati Acciai - Steelgroup,Italy,Calolziocorte,Hall 11 / D58,wire2026.3045809,QZlLg6qQTBSICT5ZkTHCSQ
ITAL SRL,Italy,Busto Arsizio (VA),Hall 13 / A79,wire2026.3057545,selNwytXSbKC0UpCQE4e7Q
Itaya Europe GmbH,Germany,Fürth,Hall 16 / C01,wire2026.3045816,WxUYsqnbQPqQ5EucWSxWNw
Itco Industries Ltd.,India,Bangalore,Hall 9 / E55,wire2026.3041498,ePtneOdWSXakzuLaEvYPgg
"ITEC Co., Ltd.",China,Shanghai,Hall 14 / C30-5,wire2026.3068097,KqdVzHB9QKOf9I6hhypgPQ
ITG Induktionsanlagen GmbH,Germany,Hirschhorn,Hall 4 / E35,tube2026.3041907,MRbsfpnCSBeW144eDPnOxQ
ITIPACK s.r.l.,Italy,Villaverla (VI),Hall 6 / E12,tube2026.3045207,S412xhz4TeyeObvEXmt53Q
"ITO-SIN (DEYANG)WIRE AND CABLE EQUIPMENT CO., LTD",China,"Deyang, Sichuan",Hall 13 / D12,wire2026.3044854,ZKiEIVpoTOGrXBEsh2QHig
IVA / ESSEX S.A.S.,France,Meyzieu Cedex,Hall 10 / B04,wire2026.3035459,IkNeoTe2S2qrXkEWflu2NA
IVR SRL FURNACES AND AUTOMATIONS,Italy,San Fior (TV),Hall 9 / C40,wire2026.3035405,nzsz7OE2QcebvZwiR836tg
"Iwata Saw Mfg. Co., Ltd.",Japan,Iwata,Hall 6 / F27,tube2026.3035473,Sh3HXjpgSXK0m2lnrcGrIw
IWCEA France & pays francophones,France,St. Michel-sur-Meurthe,Hall 10 / A18,wire2026.3065756,ZKlImOaTQ8eH4ws2WkSw2g
IWMA Ltd.,United Kingdom of Great Britain and Northern Ireland,"Lichfield, Staffordshire",Hall 11 / D22,wire2026.3034953,nBRSY7BVTgOUJ7UxlKk6mg
Izostal S.A.,Poland,Kolonowskie,Hall 3 / G30,tube2026.3036772,FX1YgUhGQhqO7sz82spRzw
"J STEEL (SHANGHAI) CO., LTD",China,Shanghai,"Hall 7, level 0 / B11-4",tube2026.3059407,m8DjzPNNTE2gtBtzgru6mg
J V ENGINEERING AND CONVEYORS PVT. LTD,India,"Faridabd, Haryana",Hall 13 / C80-1,wire2026.3070341,wPJ2n4KeStCRe5dS4uwIhA
J. G. Dahmen GmbH & Co. KG,Germany,Iserlohn,Hall 11 / H26,wire2026.3044549,qkS4NXjcR5OPxhwoTN6QCA
Jabitherm Rohrsysteme AG,Germany,Troisdorf,Hall 1 / B42,tube2026.3067503,C9t8lDbaQnidhp1BishPYA
Jäckel + Co Edelstahl Metalltechnik GmbH,Germany,Schöneck,Hall 3 / C03,tube2026.3034675,m6C0sk1mTDqnvysRe2DCrw
JACQUET SA,France,Saint-Priest,Hall 3 / A58,tube2026.3042699,yZlWRYGNSkmVgqeamq0T3w
Jadeela steel Industries,Egypt,Zayed City,Hall 13 / A88,wire2026.3043102,W0SpIAzVSZWOUIzuUKpWqw
Jai Auto Pvt. Ltd.,India,Ghaziabad,Hall 1 / B20,tube2026.3046969,9styr2ZkRWGUzCY4HA5zfA
Jailaxmi Casting and Alloys Pvt Ltd,India,"Aurangabad, Maharashtra",Hall 15 / H22,wire2026.3036101,cu2PzyAjTnu8Ykq9XYeWYQ
JAROS INDUSTRIES PVT. LTD,India,Vapi/Gujarat,Hall 7a / E13,tube2026.3048478,sd2kzPycTZKasEr1Qfw4UQ
Jay Jagdamba Ltd.,India,"Kharghar, Navi Mumbai",Hall 1 / F45,tube2026.3045235,SyODwts6TaiuGnPqScTltw
"JC COM CO.,LTD","Korea, Republic",Yangsan City,Hall 13 / C51,wire2026.3045404,tXXLoY7hTSGOxqIpfqKqqQ
"Jern Yao Enterprises Co., Ltd.",Taiwan,Tainan,Hall 16 / E21-1,wire2026.3063384,dPdgnIc0RLy7UAvnOQ4m7g
Jetclean GmbH Industrielle Rohrreinigungssysteme,Germany,Duisburg,Hall 5 / G34,tube2026.3039478,2GWHSnsMR1GhbZdgsnoGQA
JETCLEAN,Germany,Duisburg,Hall 5 / G34,tube2026.3039478,2GWHSnsMR1GhbZdgsnoGQA
"JI LI DENG FASTENERS CO., LTD.",Taiwan,Kaohsiung City,Hall 16 / D22-1,wire2026.3063373,zAz47KmAQHCmhUaZLfU4ZA
"JIA JIUN STEEL CO.,LTD",Taiwan,"Taibao, Chiayi",Hall 11 / C06-3,wire2026.3054011,s4aOGhivRJaQ0lGt4jZgnQ
"Jianglong Cable Industry Co., Ltd.",China,Tianjin,Hall 13 / D14,wire2026.3041068,DczwA7FFQMeitrsmNUo0fw
Jiangmen Eurofix GmbH,Germany,Schmitten,Hall 4 / C43,tube2026.3053737,jIHgBvABTqW1uRBzRMA34g
Jiangsu Belzer Precision Ropes Co. Ltd.,China,"Yancheng, Jiangsu",Hall 14 / B54-4,wire2026.3064065,Z4g3YJwLSUK3xYKIly90yA
"Jiangsu DMIS Optoelectronic Communication Co.,Ltd.",China,Yancheng,Hall 14 / A22-5,wire2026.3058918,7abuvWL6Qq2J6asJ7WmbDg
"JIANGSU FNC WIRE & CABLE CO., LTD",China,"Jiangyin, Jiangsu",Hall 14 / F12-1,wire2026.3065037,7SOlgdQmRKaIDDbVcSM2rQ
"Jiangsu Gangyue Metal Technology Co., Ltd",China,Wuxi,Hall 6 / H35-2,tube2026.3067191,8ZGczGalTk2dR5hJs9FSJw
"Jiangsu Genlian Technology Co. , Ltd.",China,"Jiangyin, Jiangsu",Hall 14 / A03-2,wire2026.3066852,ddBuWaSeRDiyz0vKt9tphw
"Jiangsu Geron Special Steel Wire Co.,LTD",China,"Nantong, Jiangsu",Hall 14 / C30-1,wire2026.3067558,o4XHRHu1Ta2OXzpFLlh5Dw
"Jiangsu Greenshine Supcon Tech Co.,Ltd.",China,"Zhangjiagang, Jiangsu",Hall 15 / B54,wire2026.3071483,cyyRHqW8QNe7vPXa2J6dAw
"Jiangsu Handing Cable Machinery Co.,Ltd.",China,"Changzhou, Jiangsu",Hall 13 / E24,wire2026.3042018,lSbViIDqSCmLh8aPW230hw
"JIANGSU HERO WAY ROLLING CO., LTD.",China,"Changzhou, Jiangsu",Hall 6 / I16,tube2026.3037733,Td7KPlndRXOjGAioS6jGUg
"Jiangsu Hetuo Aluminum Wire Co.,Ltd.",China,"Lianyungang City, Jiangsu Province",Hall 14 / G12-4,wire2026.3065058,KX13nct3Rai4qnkv94VnIQ
"JIANGSU HONGBAO HIGH-PRECISE PIPE & TUBE CO., LTD.",China,"Zhangjiagang, Jiangsu",Hall 3 / A39,tube2026.3061090,PhihoXZ2T5ittWmsI35fxg
"JIANGSU HUAWANG ADVANCED MATERIALS CO.,LTD.",China,"Changzhou, Jiangsu",Hall 14 / B46-2,wire2026.3069480,ujuHWxHnRCCZB5LjEqCdjw
"Jiangsu Jiacheng Technology Co., Ltd.",China,"Jiangsu, Zhangjiagang",Hall 13 / D76,wire2026.3065298,dPRmaU79Q3GbWQSKwAg0LQ
"JIANGSU JIATENG NEW MATERIAL CO., LTD.",China,"Taizhou, Jiangsu",Hall 13 / E75,wire2026.3063567,Gz1SaNxlRAK6aFzBvPgfbQ
"Jiangsu Jingwei Cable Co.,Ltd.",China,"Yixing, Jiangsu",Hall 15 / B54,wire2026.3071490,83KTjeGATA61sLbFJnndsA
"JIANGSU JUDD PIPELINE INDUSTRY CO., LTD.",China,"Yancheng, Jiangsu","Hall 7, level 0 / B20-1",tube2026.3059713,aow8b5QDRiulKMdaIHGWMA
"JIANGSU JUXIN PETROLEUM STEEL PIPE CO., LTD.",China,"Yangzhou, Jiangsu","Hall 7, level 0 / E26-1",tube2026.3066398,oA21M8goSzuJXWwtXWdmRA
"Jiangsu Kemaite Technology Development Co., Ltd.",China,"Wuxi, Jiangsu",Hall 12 / E32,wire2026.3034308,fsro8q6gT6W4pU9AsznIsA
"Jiangsu Lanqier New Material Technology Co., Ltd.",China,"Jiangyin, Jiangsu",Hall 14 / D04-1,wire2026.3065062,3qC1ltl3Toiu8nBFQLmL8w
Jiangsu Liduo Duoli New Material Tech,China,"Changzhou, Jiangsu",Hall 14 / A21-5,wire2026.3066847,XjYXRk0qQeOjCmJ30iqTaw
"Jiangsu Listrong Mechanical & Electrical Co., Ltd.",China,"Dongtai, Jiangsu",Hall 14 / B04-4,wire2026.3058886,vxEW1KKNRA6ym7fTh9MvSw
"JIANGSU LIWAN PRECISION TUBE MANUFACTURING CO., LTD",China,"Zhangjiagang, Jiangsu",Hall 4 / A12,tube2026.3066330,BPyftfd5TYqmmWRAPQt0zw
"Jiangsu Nanyang Machinery Manufacturing Co.,Ltd",China,"Yangzhou, Jiangsu",Hall 6 / H20,tube2026.3065161,L7NOAej5TLqX03SOPcFbgA
"JIANGSU NETDA WIRE&#160;PRODUCTS&#160;CO., LTD",China,"Nantong, Jiangsu",Hall 15 / C54,wire2026.3039806,2K7Nv17JRJaVIO17LZzSYw
"Jiangsu New Heyi Machinery Co., Ltd",China,"Wuxi, Jiangsu",Hall 1 / A37,tube2026.3075164,kOzdzbLhRoGEnwBicbztyA
"JIANGSU NEW VICTOR INDUSTRIAL CO., LTD",China,"Suzhou, Jiangsu",Hall 6 / H13,tube2026.3062034,K86IBKe1S5m2jlHFzQzTIQ
"Jiangsu Ninesky Optoelectronics Technology Co., Ltd.",China,"Taixing, Jiangsu",Hall 15 / A49,wire2026.3041433,29NUEIibTIKad0Hc9152rQ
"JIANGSU POWFAC TECHNOLOGY CO., LTD.",China,"Zhangjiagang, Jiangsu",Hall 13 / C10,wire2026.3062455,EKtPyHTmTFqY3Im5xJ0ZNw
JIANGSU QUNYE ELECTRICAL CO LTD,China,"Yangzhou City, Jiangsu Province",Hall 13 / B69,wire2026.3064656,uWf7Dz16SwKXqbzlcnGSyA
"JIANGSU RELIABLE INDUSTRY CO., LTD",China,"Changzhou, Jiangsu",Hall 11 / F52,wire2026.3072220,8XSscprGSy2JBTYHtsY0Tw
"JIANGSU RUIJIN SLING CO.,LTD.",China,"Xinghua, Jiangsu",Hall 14 / H12-1,wire2026.3069097,DW9hazH4ScadIOQRbksL8Q
"Jiangsu Shengpo New Materials Technology Co., Ltd",China,Changshu,Hall 6 / G35-1,tube2026.3064186,JzAVRdSbTVuuIOJXxIkQ5g
"JIANGSU SHENYUAN GROUP CO.,LTD.",China,Taizhou,Hall 15 / H50,wire2026.3066466,7DeQLD4ZTfO6UjCrIekC5A
"JIANGSU SUXUN NEW MATERIAL CO., LTD.",China,"Suqian, Jiangsu",Hall 14 / A39-4,wire2026.3067451,jJZ3VjwvRumgC2LcNuqAtA
"Jiangsu Taibo Import & Export Co.,Ltd.",China,"Zhangjiagang, Jiangsu",Hall 15 / B24,wire2026.3071488,Oe9gR4blSh2MiyYK6BEz7w
"Jiangsu Tiangong Tools New Materials Co., Ltd.",China,"Danyang, Jiangsu",Hall 16 / H60,wire2026.3063122,dStUxAKmRpWLwr4lPWNdHw
Jiangsu Tonglian Polytron Technologies Inc,China,"Suzhou, Jiangsu",Hall 1 / B23,tube2026.3074362,hEndPqMsRWuaG8iX1XiNbA
"Jiangsu Wujin Stainless Steel Pipe Group Co., Ltd.",China,"Changzhou, Jiangsu Province",Hall 3 / A43,tube2026.3040707,pGea8BT8QqC0QMiebyLeYw
"Jiangsu Xingrong High-tech Co., LTD",China,"Changzhou City, Jiangsu Province,",Hall 6 / J02-2,tube2026.3065171,LIx2eRmeT7ibWuCJDyM3fw
"JIANGSU XINGTONG NEW MATERIAL TECHNOLOGY CO., LTD",China,Nantong,Hall 14 / C46-4,wire2026.3064781,TNi2vYu1RdOjppnjB7vqLw
"JIANGSU YASHENG METAL PRODUCTS CO.,LTD",China,"Xinghua, Jingsu",Hall 15 / E52,wire2026.3067553,EcIVGpPETyecS9WRng4wtw
"JIANGSU YESSJET PRECISE MACHINERY CO., LTD.",China,"Wuxi City, Jiangsu Province",Hall 14 / C30-6,wire2026.3065044,zd5NBCmeSTyiDJTOQYdxAA
"Jiangsu Yingjie Optical Cable Technology Co., Ltd.",China,"Nantong, Jiangsu",Hall 14 / C04-4,wire2026.3058896,zJckttMORRy8Mr1tYSkErw
"Jiangsu Yinhuan Precision Steel Tube Co., Ltd.",China,"Yixing, Jiangsu","Hall 7, level 0 / D29-4",tube2026.3068558,umc2XTzgSz6DMcq3g3SZQw
"Jiangsu Yonggang Group Co., Ltd.",China,"Zhangjiagang, Jiangsu",Hall 16 / E58,wire2026.3067922,ARfSKbQiTOGytxooD5jZSg
"Jiangsu Yonggao Wire Co., Ltd.",China,"Nantong City, Jiangsu",Hall 15 / C54,wire2026.3038296,swHBnDZDQK2w7RzC02lGcQ
"Jiangsu Yongteli Machinery Co.,Ltd.",China,"Huai'An, Jiangsu",Hall 6 / J27-1,tube2026.3065854,jj419e8rQtSarYqbPGhA4A
"Jiangxi Xinchang Industrial Manufacturing Co., Ltd",China,"Pingxiang City, Jiangxi province",Hall 15 / H19,wire2026.3066218,1ZyqTTB2RvuSFPeQiRcTSg
"Jiangyin Ausight Metals Co., Ltd.",China,"Jiangyin, Jiangsu",Hall 14 / C46-3,wire2026.3065060,zVXrjUEZQIiq8wda0i6qtg
JIANGYIN DONGSHENG FLANGE CO.LTD,China,"Jiangyin, Jiangsu","Hall 7, level 0 / D03-6",tube2026.3065138,sDHmIiHbQZilIJERVcYe4A
"JIANGYIN KEYU ELECTRIC CO.,LTD",China,"Jiangyin, Jiangsu Province",Hall 14 / E04-4B,wire2026.3058932,MSQ55InfSJ24d6DEh6OeOQ
"JIANGYIN LINGDA MACHINE MANUFACTURE CO., LTD.",China,"Jiangyin City, Jiangsu Province",Hall 14 / G12-3,wire2026.3068094,pldmUb10QDGOREpDCkaFGA
"JIANGYIN LITI METAL TECHNOLOGY MANUFACTURING CO., LTD.",China,"Wuxi, Jiangsu","Hall 7, level 0 / G29-3",tube2026.3065879,0NZyJ2wlQoKAJ1dqVUiZdQ
"JIANGYIN LONG RUN FLANGE CO., LTD.",China,"Jiangyin, Jiangsu",Hall 1 / B15,tube2026.3067668,DXWVwFrOSEKz19F2zvd6iA
"JIANGYIN ORANGE STEEL PRODUCTS CO., LTD.",China,"Jiangyin, Wuxi, Jiangsu Province",Hall 14 / B46-1,wire2026.3064693,L1bPGkSkRGqpoNoqDYkanw
"Jiangyin Sanlian Machinery Manufacture Co.,Ltd",China,"Jiangyin, Jiangsu Province",Hall 14 / B22-3,wire2026.3058924,Lt8fhvSFSZyMfnVOIR9yog
"Jiangyin Senmax Stainless Materials Co., Ltd.",China,"Jiangyin, Jiangsu",Hall 14 / B04-3,wire2026.3067163,AqYF0FusR8K2sshEbITEmw
"Jiangyin Senphus Electrical Material Co.,Ltd",China,Jiangyin,Hall 14 / B22-2,wire2026.3058916,kuyVcA2LSjSLeji1rbT1ZQ
"JIANGYIN SOUTH STAINLESS STEEL PIPES CO.,LTD",China,"Jiangyin, Wuxi, Jiangsu Province",Hall 6 / H37-2,tube2026.3072819,KW4W8RYGSea5ZZMK9sojKw
"Jiangyin Success Electromechanical Co.,Ltd",China,"Jiangyin City, Jiangsu",Hall 14 / A22-2,wire2026.3061449,gcUmKpWRQYKC7qdrcJyYrg
"Jiangyin Summit Metal Technology Co., Ltd.",China,"Jiangyin City, Jiangsu",Hall 1 / F88,tube2026.3045453,nLPZHoc6TxuBaeHLhlIb1g
"Jiangyin Tianning Metal Pipe Fitting Co., Ltd.",China,"Jiangyin, Jiangsu",Hall 1 / F46,tube2026.3053274,zSnjokUmSNGbmUCsOhG1jQ
Jiangyin Tianrun Information and Technology Company Limited,China,Jiangyin,Hall 14 / E04-4A,wire2026.3060294,rrlZWEj3TfGjdY00ZEJm4w
"Jiangyin Topwill Flange Fitting Co., Ltd",China,"Jiangyin, Jiangsu",Hall 1 / F83,tube2026.3043860,lEy8dzGAQ92aABcbVrcpqA
"Jiangyin Uplus Flange Manufacturing Co., Ltd.",China,"Jiangyin City, Jiangsu Province",Hall 1 / F18,tube2026.3039956,OiHYYPJ4TR2o0lMo19K2sw
"JIANGYIN YOUMALE TECHNOLOGY CO.,LTD",China,Jiangyin,Hall 14 / G12-1,wire2026.3067456,VcKZZ4ULRKWEYJEyH0EfJA
"JIANGYIN ZHENGYUAN FLANGE CO.,LTD",China,"Jiangyin, Jiangsu","Hall 7, level 0 / A11-6",tube2026.3066335,m4t9LfZqTme4Bbo9tRrEUw
"JIANLONG BEIMAN SPECIAL STEEL CO.,LTD",China,"Qiqihaer, Heilongjiang",Hall 4 / H05,tube2026.3062881,glwUVisHSQGvBA8ZitrmbA
"Jiaoyang Welding Industries Hebei Co., Ltd",China,"Hengshui, Hebei",Hall 17 / A80,wire2026.3040940,upKngKYfSA2bnVnUdYc9rQ
Jiashan Zhongji Rigging CO.LTD,China,"Jiashan, Zhejiang",Hall 14 / A55-5,wire2026.3068283,I9rRQHkkTHumYxcgxFGeOQ
Jiatai Laser Group (Europe ) Ltd.,Bulgaria,Plovdiv,Hall 6 / E23,tube2026.3056272,8oYtnAltQFan1GdOEcfFzQ
"Jiaxing Eternal Electronic Co., Ltd.",China,"Jiaxing City, Zhejiang Province",Hall 15 / H50,wire2026.3046382,NTt20lx2TX2H5ErBm0jgXQ
"Jiaxing Lanqi Trade Co., Ltd",China,"Jiaxing City, Zhejiang","Hall 7, level 0 / B11-8",tube2026.3062058,Hj0HzAEWRASJxmm6edpijw
"Jiaxing MT Stainless Steel Co., Ltd.",China,"Jiaxing, Zhejiang",Hall 1 / E39,tube2026.3062778,nY03ohZCTbiKD15EYSd59g
"Jinan Bodor CNC Machine Co., Ltd",China,"Jinan, Shandong",Hall 6 / A07,tube2026.3055484,y5qznAKdSqC6qaDndgJJbg
"Jinan Jinpin Roller Mould Co., Ltd.",China,Jinan City,Hall 3 / G36,tube2026.3063471,SX9zwLk0TIqCxbGIcKrmAA
"Jinan Jinqiang Laser CNC Equipment Co., Ltd.",China,"Jinan City, Shandong",Hall 6 / G21,tube2026.3035428,R37Dvsi3TmaS0e25QUyyhw
"JINAN XIN JIYUAN SPECIAL SECTION TUBE CO., LTD",China,"Jinan, Shandong","Hall 7, level 0 / B20-2",tube2026.3059710,qlycA2WiQGOmX0fMi2GNBQ
Jindal SAW Ltd.,India,New Delhi,Hall 3 / E04,tube2026.3046001,27SGTx0KSbSIpXRVVSqyTQ
Jindal Steel Limited,India,Gurugram,Hall 13 / D81-2,wire2026.3072650,L6HeqrE5QEaloNEfjoOYAg
"Jingjiang Zhaotong Technology Co., Ltd.",China,Jingjiang City,Hall 14 / B54-3,wire2026.3067176,u1y53SN0RNeh9taPF4HtCg
JINGNING JINWEN TUBE CO LTD.,China,"Lishui, Zhejiang",Hall 6 / J13-1,tube2026.3062060,dwKG89uBS8eX6djqmxMXtQ
"JINHUA YONGHE FLUOROCHEMICAL CO.,LTD.",China,"Jinhua, Zhejiang",Hall 14 / D04-6,wire2026.3062925,Hcr6SVNnRsWR5nAChJXO7g
"JINING LONG STEEL WIRE ROPE CO., LTD.",China,"Jining, Shandong",Hall 15 / L22-3,wire2026.3062507,qluGKHQqRHqQOlb5RkbHGg
JINNO AUTOMATION INC.,Taiwan,Tainan,Hall 11 / C06-5,wire2026.3053946,S4rmBk7pS1GjoRPi6cBEVA
"Jinyang Technology Co., Ltd.","Korea, Republic","Chilgok-Gun, Gyeongsangbuk",Hall 13 / B52,wire2026.3041438,U6oITAIgQi20BYSj14SPXA
"Jinyi Intelligent Equipment (Shanghai) Co., Ltd.",China,Shanghai,Hall 6 / J19-1,tube2026.3066707,JLi3XNlSSzCJVBpEIemXHw
"JinZhiLing Intelligent Equipment (Huai'an) Co., Ltd.",China,"Huaian, Jiangsu",Hall 14 / F12-6,wire2026.3065354,eqeD9H7ZRe6pyJhHUTJPnw
"Jiugang Metal Products Co.,Ltd",China,"Jinan, Shandong",Hall 6 / I01-2,tube2026.3065918,cMCclrC6TxKRfxiO1p5eww
JLC Electromet Pvt. Ltd.,India,"Jaipur, Rajasthan",Hall 12 / C71,wire2026.3034321,VZQWcOQURjif2AFpKbaJew
JN TOZATO JR,Brazil,Serra,Hall 6 / D12,tube2026.3036506,FRzGF7pjRTidX52kx8h6UQ
JNB STEEL INDUSTRIES PVT. LTD.,India,"Hisar, Haryana",Hall 15 / E40,wire2026.3069587,FiQl3ojKQMCInXZ2CuWDFg
Joachim Uhing GmbH & Co. KG,Germany,Flintbek,Hall 11 / A40,wire2026.3042964,7Keuj87CTRifjxjanOE7tA
Joh. Pengg AG,Austria,Thörl,Hall 10 / D42-01,wire2026.3068573,RV1Sljo3Qz6EVFNFtDQrVA
Jörg Neu GmbH Maschinenbau & Handel,Germany,Grünstadt,Hall 5 / A30,tube2026.3034545,aKP3kUS0RxWMJy21u3b0Mw
Josef Hölscher GmbH & Co.KG,Germany,Schöppingen,Hall 10 / A78,wire2026.3049526,5sfYvxL9RKuDEvddp3EDmg
Jouhsen-bündgens Maschinenbau GmbH,Germany,Stolberg (Rhld.),Hall 11 / F51,wire2026.3043985,PoypVNB6Q4SvJ9E1VlLvbg
JTL INDUSTRIES LIMITED,India,"Sas Nagar, Punjab",Hall 1 / D14,tube2026.3070423,vrIzB5oKSzWHXfuKF3626w
"JUAN GILI, S.L.",Spain,Montgat,Hall 13 / A61,wire2026.3035023,6oSlAsuFQeCwS8u0WJLgRg
"JuJing Plastic Industry Co., Ltd.",China,"Wenzhou City, Zhejiang",Hall 6 / J16-2,tube2026.3064253,PiBhaA0OTN6omiCXhNwOZw
JULIA UTENSILI SRL,Italy,Tarcento (UD),Hall 6 / D03,tube2026.3045206,RgmyETK3SGqTbRftA6aqsQ
JUN-EN Enterprise Corporation,Taiwan,Kaohsiung City,Hall 11 / C06-6,wire2026.3054012,n9OjvRcKTeaDY8RE7tKOkQ
JUTEC Biegesysteme GmbH & Co. KG,Germany,Limburg,Hall 5 / I18,tube2026.3035111,MxKbymciSWSn4l0HBpYEqQ
Juwelier Betzler Ulrike Betzler-Hüttemeister,Germany,Altena,Hall 12 / A48,wire2026.3068972,hzlVo8XXQWqJ8AmMQNdBtw
JV 'TECHNO CABLE GROUP' LLC,Uzbekistan,Tashkent Region,Hall 13 / C19,wire2026.3073136,YSC1YYJ7SX2Oy9Mcybjaow
JV LLC ProCab,Uzbekistan,Tashkent,Hall 13 / B11,wire2026.3058934,lh7OaHCoTqunwMzRMfG82w
JV LLC SHARQ TUBES,Uzbekistan,Chirchik,Hall 1 / E76,tube2026.3073132,09FtUZwPSeedHBPU4MSEbA
"JVO - J. Ventura de Oliveira, Lda",Portugal,Sesimbra,Hall 17 / A63,wire2026.3064346,cQCOBMGMTja46P50nOBTlw
Jyoti Steel Industries Mr. Pankaj Chadha,India,Mumbai,Hall 15 / B03,wire2026.3046052,mGoeNSQCT1uT8wYtDQPMbQ
K industries - MAG machines GmbH,Austria,Deutschlandsberg,Hall 10 / C42-07,wire2026.3063204,9yCMO4fWS0iepDOA9sUSQA
"K. TICHO INDUSTRIES CO., LTD.",Taiwan,Kaohsiung,Hall 16 / B19-1,wire2026.3063372,v8Kh68YPQOuB0nfhhLkQxg
K.D. Industries Inc.,United Arab Emirates,Dubai,Hall 4 / C31,tube2026.3036493,z1GQgVU9QdCvVLuWD1dI1g
K.R. Pfiffner GmbH - Witzig & Frank,Germany,Offenburg,Hall 6 / H15,tube2026.3057180,qw7sEDpRRjCSKXrPNbzLIg
Kabeltrommel GmbH & Co. KG,Germany,Troisdorf,Hall 12 / A56,wire2026.3041582,6VhbGFFdQ3uN4CwJ1ZC1nw
Kablomar Kablo Hammaddeleri San. Ve Tic. Ltd. Sti.,Türkiye,Kartepe-Kocaeli,Hall 9 / F56,wire2026.3034804,XBNA3komS4a7IUx9RY7ljA
Kabmak Mühendislik Ve Makina Sanayi Ticaret Ltd. Sti.,Türkiye,Tuzla/Istanbul,Hall 11 / B60,wire2026.3034951,hh5k6Ea4RA2PxENvlhdOmQ
KADIMI Tool Manufacturing Company P.LTD.,India,Gurgaon,Hall 16 / C44,wire2026.3035762,lHYtzmsnS12huSf9vgB9LA
"Kaigo Co., Ltd.",Taiwan,Taipei,Hall 16 / B19-7,wire2026.3067538,fgfCzREkTcu5zOt1xWyjuA
"KaiKong Automation Equipment (Tianjin) Co., Ltd.",China,Tianjin,Hall 6 / I22,tube2026.3066314,KXCbxf3iTNCu0tYZbD9yeQ
Kairos Industrial Company (Shanghai) Ltd,China,Shanghai,Hall 14 / A21-2,wire2026.3060018,7GOdd1BYQY60QYbKsWby1w
Kalibre Boru Sanayi ve Ticaret A.S.,Türkiye,Izmit / Kocaeli,Hall 3 / C40,tube2026.3038615,wNufF9qPSHKuKEAdAcYzBw
Kalmark Integrated Systems Ltd.,Canada,"Brantford, ON",Hall 9 / E06-6,wire2026.3060001,rDnpJjdaR6aREm0SOSmCrw
Kalpatech Engineers & Industries Limited,India,"Nashik, Maharashtra",Hall 13 / C66-1,wire2026.3072651,8Bm1Yw4bTQaRn0pQ4thqog
KAMARIDIS GLOBALWIRE GROUP,Greece,Thebes,Hall 9 / A58,wire2026.3044765,um7a8I5tSoKlngcdy1s7bw
KAMATECH Srl,Italy,Dubino (So),Hall 16 / E02,wire2026.3043895,xej4c793ROS3txaQqkz2pw
Kämpfer Würz Umformtechnik GmbH,Germany,Driedorf,Hall 12 / A47,wire2026.3045642,qUevIMxeR3CLGTlq5yRT4g
Kampmann do Brasil Ltda. ORDEP SAW BLADE,Brazil,"Nova Lima, MG",Hall 6 / E13,tube2026.3067975,Woe9sTidSbKRIXu3HHrGWw
Kampmann GmbH,Germany,Hamm,Hall 6 / A19,tube2026.3035426,6o5o29ruRHK4Fz91FeELug
Kanefusa Europe B.V.,Netherlands,Eindhoven,Hall 6 / C05,tube2026.3044616,2ZROJiicSLONJV2L6pJSng
"Kansai Pipe Industries, Ltd.",Japan,Osaka,Hall 1 / D28,tube2026.3064183,bKh3hB17TkG3jxT3gqC8MA
KAPTAN DEMIR CELIK END VE TIC A.S,Türkiye,Istanbul,Hall 15 / D44,wire2026.3034319,UU2UnTZ3Q9a84fR3fqyWnw
KARDEMIR DIS TICARET A.S.,Türkiye,Denizli,Hall 13 / B29,wire2026.3043811,6UiKTftjSAyNVCab8obyJA
KARDEMIR KARABUK IRON STEEL INDUSTRY TRADE & CO INC.,Türkiye,"Merkez, Karabuk",Hall 12 / C72,wire2026.3037301,sX0VgRYIToO8Wxcmb9R5Ag
KAREL TEL SANAYI A.S.,Türkiye,Denizli,Hall 13 / A30,wire2026.3066384,u0TdHmbcR4SFOYhuuH9JHA
KARL DEUTSCH Prüf- und Messgerätebau GmbH + Co KG,Germany,Wuppertal,Hall 6 / A03,tube2026.3035098,27lgLa3xTemKdkA4rfzh5A
Kaustik Europe B.V.,Netherlands,Rotterdam,Hall 13 / C40,wire2026.3034528,Q5qt53w1T8ieeE4SGDZAyQ
Kayseri Metal Center San. Tic. A.S. KMC Steel Service Center,Türkiye,Izmir,Hall 3 / E47,tube2026.3043329,Qzj5nA6nROaGEacUOi5rSA
"KEBEI LASER CO., LTD.",China,"Wuhan, Hubei",Hall 6 / I04-2,tube2026.3071429,i1kV3VZkTraEVAf0pvByiA
KEI Industries Ltd.,India,New Delhi,Hall 11 / F25,wire2026.3038679,rtBsAajvRpOgA4IQF4zZRg
KEMPER GMBH,Germany,Vreden,Hall 1 / A27,tube2026.3072105,20BrDKcgTuOHbt0iFi3uHA
"KENIC ELECTRIC MANUFACTURING CO.,LTD.","Hong Kong, China SAR","Kwun Tong, Kowloon",Hall 13 / D13,wire2026.3045438,Tzuu27OsTr2TTzaXHcKNpw
KERPEN DATACOM GmbH,Germany,Stolberg,Hall 13 / B68,wire2026.3057569,Y4AVN4L5RZiS8jqwsHCT0Q
"KEY RATE INTERNATIONAL Co., LTD.",Taiwan,Taipei,Hall 15 / B30,wire2026.3043812,tCoklSuYTkOO3QQKnNBgGw
KEYENCE DEUTSCHLAND GmbH,Germany,Frankfurt am Main,Hall 6 / D27,tube2026.3064970,aYWxUpj9Rq2xLYwg8VgTRw
KFS Metal Makina San. Tic. A.S.,Türkiye,İzmit,Hall 3 / G51-2,tube2026.3058766,KhFAkp2MT6m8eqd74RZakQ
KHK Steel Industries LLC Mfrs of Stainless Steel Wire&Bright Bars,United Arab Emirates,"Umm al Quwain, Uae",Hall 15 / D15,wire2026.3049524,ubQ9a4OiSyu6hwQiTXpdWA
KIESELSTEIN International GmbH,Germany,Chemnitz,Hall 10 / H18,wire2026.3044939,8O7bqltAR5mPVeiNAZw6TQ
"Kingwin Precision Co., Ltd.",Taiwan,Kaohsiung,Hall 16 / C59,wire2026.3040274,75O3f7PcRomlFhfCP0CP3g
Kinkelder B.V.,Netherlands,Zevenaar,Hall 6 / C38,tube2026.3036025,z0HgNFvnQCCbO8Jewc5RWw
"Kinrei Machinery Co., Ltd.",Japan,"Oshu City, Iwate",Hall 11 / A37,wire2026.3045088,YBxw8QBxQ8GyntTA4FWmBw
Kisaan Die Tech (Pvt) Ltd.,India,Ghaziabad (U.P),Hall 1 / A44,tube2026.3047405,3o5plpqpT7OPtmwz1dBwjA
Kistner Anlagenbau GmbH,Germany,Unna,Hall 11 / D49,wire2026.3049540,R3BTwEXUTKWCpq5WMQ7mVw
"KISTRON Co., Ltd.","Korea, Republic",Ansan-City,Hall 9 / B26,wire2026.3066746,vpkpr6pTRMufZv5cTuuMwg
Klaus Böhm Elektronik GmbH,Germany,Reutlingen,Hall 10 / F22,wire2026.3067866,4FBMpMo4RIKgblAPs7r9Rw
KLJ Plasticizers Ltd.,India,New Delhi,Hall 15 / D40,wire2026.3041886,WleI4ykCSaKQ9JiDRQg7qw
Klüber Lubrication GmbH,Germany,Schwelm,Hall 9 / F42,wire2026.3034337,gpeHsU2gQyC7y1a9GbfbYg
Knitpro International PARTNERSHIP FIRM,India,Noida,Hall 1 / F14-3,tube2026.3066402,p31VeQMsQf68gp119anHsA
KOCABEY MAKINA SAN. TİC. LTD. ŞTİ.,Türkiye,Adana,Hall 17 / B46,wire2026.3034995,1ZSUWirYQh2CWWOQjC8ddA
Kocaer Celik Sanayi ve Ticaret A.S.,Türkiye,Izmir,Hall 13 / C30,wire2026.3044741,I1NjjAUTTQqtpCZRudJ8Vw
Kodiak Chemical,USA,"Cincinnati, OH",Hall 9 / E06-4,wire2026.3068839,4ZbcqyEHQIq3wSzyCx6bDQ
Koenig & Bauer Coding GmbH,Germany,Veitshöchheim,Hall 15 / D02,wire2026.3041440,t6Qq3NjVRJawnM2C7yUNrg
Koerner Chemieanlagenbau Ges.m.b.H.,Austria,Wies,Hall 1 / A56-4,tube2026.3059405,VhWaQhe3TCCdl4GzZrisyg
Köşkerler Çelik Halat ve Mak.San. Tic. A.Ş,Türkiye,Kocaeli,Hall 15 / A01,wire2026.3034327,ZQJh92MsQYeazRT4n1CNSg
Komax SASU,France,Wittenheim,Hall 9 / B77,wire2026.3045413,1KyzWcTVSJqZ2vNFTEewsA
KONAK DEMIR CELIK SAN. TIC. LTD. STI.,Türkiye,Aksaray,Hall 15 / H38,wire2026.3064307,I67SNtoKRXCtTsEyGr1OYQ
KONER SRL,Italy,Milano,Hall 11 / A56,wire2026.3071143,aNyGrNYvQPGabAcXmJ8FNQ
"KONFU Enterprise Co., Ltd.",Taiwan,Taipei,Hall 16 / G39,wire2026.3047765,Od5Ea7RHR7ahtni5sM0WuA
KOS Ltd.,"Korea, Republic","Gyeongsan, Gyeongsang buk do",Hall 9 / B26,wire2026.3044809,IawQtLcmR8m0fAz6LemuFw
Koskerler Celik Halat ve Mak. San. Tic. A.S.,Türkiye,Kocaeli,Hall 15 / A01,wire2026.3034327,ZQJh92MsQYeazRT4n1CNSg
Kosmat Etiket ve Matbaacilik Ambalaj San. ve Tic. Ltd. Sti.,Türkiye,"Kemalpasa, Izmir",Hall 15 / C04,wire2026.3036951,Zh9T1E1sS2are04mmBsSsg
Kremo-Werke Hermanns GmbH & Co. KG,Germany,Krefeld,Hall 1 / F90,tube2026.3064881,EEiE5jywRVGkybkRUrgNpQ
KRENN GmbH & Co. KG,Germany,Neusäß,Hall 10 / G66,wire2026.3035306,IdoYINyoRey4fVUKTs8ipw
Krollmann,Germany,Altena,Hall 12 / A39,wire2026.3040890,mZ5V8ZUtTqe8nyGY47rncw
KROMAN ÇELIK SANAYII A.S.,Türkiye,Kocaeli,Hall 12 / C03,wire2026.3043086,yK3SJL02TdWuFgBBpGN9qw
"KRS Jiangsu Kangrui New Material Technology Co., Ltd.",China,Jiangyin Jiangsu Ghian,Hall 15 / A63,wire2026.3045409,NRyc3QmWR46LsdXSi5iKEw
"KTM Tech Co., Ltd.","Korea, Republic",Incheon,Hall 6 / H03,tube2026.3045759,Dz7O9VoQTzSW3XBSIj8JYw
KÜHNE + VOGEL Prozessautomatisierung Antriebstechnik GmbH,Germany,Roth,Hall 10 / C04,wire2026.3044019,Bb23D3rlTC6DamcnRJnKaA
"Kunshan Fuchuan Electrical and Mechanical Co.,Ltd",China,"Kunshang, Jiangsu",Hall 14 / H04-1,wire2026.3064780,M8lz2UDtQMq3B1prFtIUsQ
Kurre Spezialmaschinenbau GmbH,Germany,Saterland,Hall 10 / C18,wire2026.3043909,RMflGc2PSx2KIJ4QrPuWbw
Kurre Spezialmaschinenbau GmbH,Germany,Saterland,Hall 10 / C18,wire2026.3043909,RMflGc2PSx2KIJ4QrPuWbw
"Kusakabe Electric & Machinery Co., Ltd.",Japan,Kobe,Hall 7a / F13,tube2026.3044602,FKpt7imNS9iiBWfxUHycag
Kwan Hing Holdings Ltd.,"Hong Kong, China SAR",Kwai Chung,Hall 3 / G03,tube2026.3043568,E11XNNFBQnKlVrPkaPWZqw
"Kwang Sung Steel Pipe Co., Ltd","Korea, Republic","Seosan-si, Chungcheongnam-do",Hall 4 / B14,tube2026.3045783,DLWNOFEZTxaV0cpN6TVuHg
"Kyoung Dong Machinery Co.,Ltd.","Korea, Republic",Daegu,Hall 6 / I32,tube2026.3045523,OXQsgLHnSaqxTLmY7KNHyQ
L.B.SIDERTECH SRL,Italy,Vedano al Lambro ( mb ),Hall 6 / H17,tube2026.3064966,IP4APureTuCJTAnKII0lGg
La Farga YourCopperSolutions S.A.,Spain,Les Masies de Voltregà,Hall 12 / C47,wire2026.3036461,bJtC0395SDabr7Nql9wgDQ
Labotek A/S,Denmark,Frederikssund,Hall 9 / E33,wire2026.3045812,3Z8xMbquQpSWIieBk14xTg
Lacroix + Kress GmbH,Germany,Bramsche,Hall 10 / B04,wire2026.3036086,w8IdmPxURHef7fkt94NzZw
Lalbaba Engineering Limited,India,Kolkata,Hall 3 / A24,tube2026.3036027,MBHt5SIRRjq1BJz0r8edqQ
Lamifil nv,Belgium,Hemiksem,Hall 10 / A47,wire2026.3034821,6v35ROmuRfiDBoIU0s3mXg
Lämneå Bruk AB,Sweden,Ljusfallshammar,Hall 9 / A06..A07,wire2026.3034812,U4asbitOTG63adL2OMJ3gg
LANDGRAF S.r.l.,Italy,Legnano (MI),Hall 9 / A26,wire2026.3042160,DoHIeF0tSwqkOAGr71s01w
"LANGFANG DINGYANG FLANGE PIPE FITTING CO.,LTD.",China,Langfang,"Hall 7, level 0 / G20-1",tube2026.3058415,ujSqnj9uShS8VMrJG2FBkw
Lanpec Technologies Limited,China,Lanzhou,Hall 6 / J10-3,tube2026.3071924,KdyxVbmSRBGfRcpm7UI7Mw
Lanya Chemical Europe GmbH,Germany,Düsseldorf,Hall 14 / D22-4,wire2026.3058915,xQV8NyxBQ4i6W6O9LvHNHQ
LAP Measurement Technology GmbH,Germany,Lüneburg,Hall 6 / D10,tube2026.3047942,VRUefmeARCCZMriSL69kqw
Larikka Ltd.,Finland,Vantaa,Hall 1 / B49,tube2026.3044672,oMYWkVbjRRuG0LNMXAu0Tw
Laser Power & Infra Ltd.,India,Kolkata,Hall 13 / D77-5,wire2026.3066424,8hQh1JEaSpKtfQemMixgQw
Laxcon Steels Limited,India,Ahmedabad,Hall 15 / D10,wire2026.3034344,ZRA7jJlqThWm39HaGw99Fg
Lazzari Officine Meccaniche Impianti Industriali S.p.A.,Italy,Ponte San Pietro (BG),Hall 7a / F01,tube2026.3039453,olONnwOTT7OKvu73ZDswmw
LBI oil free GmbH,Germany,Frankenthal,Hall 5 / F15,tube2026.3036768,5SrCUR4fTKKmlL5CJzvKYg
Lebronze alloys SAS,France,Suippes,Hall 15 / F07,wire2026.3034346,0Deuh0RmTumcI5LAWqEoYw
Lech-Stahlwerke GmbH,Germany,Meitingen,Hall 12 / D48,wire2026.3044846,kcuoT8oXT2OgKYTATghUIg
LEIBINGER,Germany,Tuttlingen,Hall 9 / F55,wire2026.3034018,jorTrKMhQxK2Uj1zpSefiA
LENNERTS & PARTNER GmbH,Germany,Coburg,Hall 17 / D44,wire2026.3040211,x57PPtUiStigLVEldwilhQ
Lenzing Plastics GmbH & Co KG,Austria,Lenzing,Hall 10 / C42-04,wire2026.3068366,eAlXKIssTxixOcDE8BsMsQ
Lessmann GmbH The German Brush Company,Germany,Oettingen,Hall 6 / F02,tube2026.3037722,VPZCE7g4SUqwvk4Xlvg0fw
Leyer & Kiwus Ultraschall- u. Lasertechnik GmbH,Germany,Aachen,Hall 10 / E78,wire2026.3046084,TdZgFxgKQdCG5U8LZ9SNjw
"Lianfa Stainless Steel Pipes & Valves PIPES & VALVES (QINGYUN) CO.,LTD.",China,"Dezhou, Qingyun, Shandong","Hall 7, level 0 / B26-5",tube2026.3059775,CPfxn2xnR4WBe25nMhoAZQ
"LIAONING CHUNSA INTERNATIONAL TRADE CO., LTD",China,"Shenyang City, Liaoning Province",Hall 14 / A54-3,wire2026.3067162,IPJXwZlsRzixC5uI5wgooA
"Liaoning Xinfeng Industrial Co., Ltd.",China,"Yingkou, Liaoning",Hall 6 / G37-3,tube2026.3065872,z3gCQKvuQdi3I9Mfk5MD1Q
LIFELINE TECHNOLOGIES,India,"Navi Mumbai, Maharashtra",Hall 15 / H39,wire2026.3057559,Wsky9LWDRTODJMmmU8Ny4A
LILLBACKA POWERCO OY,Finland,Härmä,Hall 5 / G01,tube2026.3045661,zgNA9IaTT5uwStxw8vLJRw
LIMAB GmbH,Germany,Bad Gandersheim,Hall 6 / E10,tube2026.3045766,0Wxa1A7nT6ezS3uokVVXSQ
Lincoln Electric GmbH Uhrhan & Schwill Schweißtechnik,Germany,Essen,Hall 7a / E12,tube2026.3041913,YEiVFXBBSAmskX3io1VYxQ
Lindemann & Störmer GmbH & Co. KG,Germany,Arnsberg,Hall 12 / B56,wire2026.3041646,2oBMtHlBQUW7ca5wZfqWlQ
Lindor Products B.V.,Netherlands,Dordrecht,Hall 15 / H53,wire2026.3046046,ZEJgLUeVTquh47l3PFp18w
LINETEC MAKİNE SANAYİ VE TİCARET LİMİTED,Türkiye,Tuzla / Istanbul,Hall 15 / J54,wire2026.3066488,4IZm3NCCQiGjBJy3BYk73Q
Linsinger Maschinenbau Ges.m.b.H.,Austria,Steyrermühl,Hall 7a / F03,tube2026.3049402,jPi0onLUQIWDkqEkZcJd6g
"LINT TOP CABLE TECHNOLOGY CO., LTD.",China,"Xuzhou City, Jiangsu",Hall 13 / A81,wire2026.3062511,ZkWdu3zeRtmvOr8cfjBmlw
"Linzhou Fengbao Pipe Industry Co.,Ltd",China,"Linzhou, Henan",Hall 4 / A12,tube2026.3057290,GeYYzxXzSkaKCVaWClcLHA
"Little Falls Alloys, Inc.",USA,"Paterson, NJ",Hall 9 / D16-3,wire2026.3064044,WVK8GuKuTUijgI5s5UYueg
"Liyang Tiansheng Insulating Materials Co.,Ltd.",China,"Liyang, Jiangsu",Hall 14 / C54-5,wire2026.3073304,bshjdBEfQiyaZcBdooeIvQ
"LIZHENG INTERNATIONAL CO.,LTD",China,Jinan,"Hall 7, level 0 / D03-3",tube2026.3068606,y3S9gIQGSuWAac8eaFSzlQ
LLC 'Angren Pipe Plant',Uzbekistan,Angren,Hall 1 / E76,tube2026.3073134,aF4xTTw8Q8iVOovvtB6uaA
LLC Metal Processing Technology,Uzbekistan,Tashkent,Hall 1 / E76,tube2026.3073133,hLWponOPTc604EfeE93TVA
LOECO Galvanizing GmbH,Germany,Mülheim,Hall 6 / F33,tube2026.3072783,oLaOERfVSiW4jGGyezhfbA
Loeser GmbH,Germany,Speyer,Hall 6 / A08,tube2026.3035123,ajq71cZNQxOvAWVSFWCL9A
LOI Thermprocess GmbH,Germany,Duisburg,Hall 10 / A59,wire2026.3045788,2dW7h1YbRNiwOby2EDjBBg
LOI Thermprocess GmbH,Germany,Duisburg,Hall 10 / A59,tube2026.3070548,MpxDTuNXSSmdyLtHMGDDzw
"Longda Steel Group Co., Ltd.",China,"Lishui City, Zhejiang",Hall 6 / J34-2,tube2026.3062024,Tfw0E7hEQAiVSnT8bsDxyQ
"Longshan Pipe Solutions Co., Ltd.",China,"Jiangyin City, Jiangsu",Hall 3 / A39,tube2026.3037169,9YfP1Fe4RZCVMow1j7VPdw
"LongVision (Shanghai) Cable Materials Co., Ltd.",China,Shanghai,Hall 13 / E15,wire2026.3035569,J7E8pdtXTIyGIyxrdwTJDw
Lorenzon & C. S.r.l.,Italy,Bollate (MI),Hall 6 / I11,tube2026.3046212,xFaxr0KxTTGCSbwKqFIskw
Loroch GmbH,Germany,Mörlenbach,Hall 6 / A28,tube2026.3042153,c24W6LZ7Q7eVBYgjLIVbmg
LOYPOS Corporation Limited,"Korea, Republic",Seoul,Hall 10 / H65,wire2026.3067801,0zRbEnpnSXCjFU8fVF1Tug
LST Linster Stainless Trading GmbH,Germany,Hilden,Hall 3 / A30,tube2026.3046196,HOBBHWHhS4eM4cK4vzHzDw
LSV Lech-Stahl Veredelung GmbH,Germany,Landsberg am Lech,Hall 12 / D48,wire2026.3045091,lsEl7o47TkeXH3Hb80sbiA
lubrimetal s.p.a.,Italy,Vercurago (LC),Hall 10 / G60,wire2026.3045418,EIAfn8iZSo6GHPvLP2fQEQ
Lucchini FA.RO.,Italy,Brescia,Hall 3 / C30,tube2026.3058356,NEIGZxydQOKf9p8fDO05Cw
LUKAS Anlagenbau GmbH,Germany,Vohenstrauß,Hall 12 / B32,wire2026.3045649,RF5CChcwRE2oNL7Q1ibLaw
Lumpi-Berndorf Draht- und Seilwerk GmbH,Austria,Linz,Hall 10 / D52-01,wire2026.3060674,Xm62KvJwRbuRJMLOBseu2w
Lumturi Long-Products s. r. o.,Slovakia,Senec,Hall 3 / E38,tube2026.3044905,9QgUKgCsR5KvbKKxf68otw
"LUOYANG IWH INDUCTION HEATING EQUIPMENT CO.,LTD",China,"Luoyang, Henan",Hall 6 / G37-2,tube2026.3066372,enAy0UIyROOaiacGG0bHYw
luoyang xianheng spring machinery Co.Ltd.,China,"Luoyang, Henan",Hall 14 / A55-8,wire2026.3067557,5dpsQM75TauEmIlWF801Mg
LUOYANG ZHONGCHAO NEW MATERIAL SHARES CO LTD,China,"Luoyang City, Henan Province",Hall 14 / F04-2,wire2026.3066853,R3xILbzsQXOrr2lq9BcdBg
Lyondellbasell,Netherlands,Rotterdam,Hall 13 / A57,wire2026.3061189,ZnQHR4DuQ6CumOFM9QcdCw
LYS POLYCHEM MUHENDİSLİK PLASTİKLERİ SANAYİ ANONİM ŞİRKETİ,Türkiye,Teki̇rdag,Hall 13 / B70,wire2026.3066294,QH78rcf1QISerjPfTYLnPA
"M & M Industries Co., Ltd.",China,Beijing,Hall 15 / C50,wire2026.3045389,JW2Hep4uRxm7qO8HU95l8Q
M + E Macchine + Engineering S.r.l.,Italy,Dervio (LC),Hall 10 / H55,wire2026.3037655,iPxOjq15RM2Y9MnKOkJxFQ
M. Frohn GmbH,Germany,Hemer,Hall 16 / A37,wire2026.3045962,Gj5WcwyvRVC7rVXoxhlePg
M.E.P.,Italy,Reana Del Rojale (UD),Hall 17 / B18,wire2026.3045752,of81tCRcQvy7m08pQdarhQ
M.T.C. Bamieh S.R.L.,Italy,Cassola (VI),Hall 6 / D11,tube2026.3046210,xgsjU68YS6mTxY6z65pidA
M.T.S. Srl,Italy,Provaglio d'Iseo (BS),Hall 5 / A36,tube2026.3068904,m77giikVROuUCnPOucpBTA
M.V.M. SRL,Italy,Correggio (RE),Hall 6 / D07,tube2026.3045385,n14ADKH2R8yRfM8ppjM7mA
MAAG Germany GmbH,Germany,Großostheim,Hall 9 / A41,wire2026.3047436,H8ZtmH5NSe2kXrb8scyCUA
Machine & Controls (Partnership),India,"Navi Mumbai, Maharashtra",Hall 13 / E19,wire2026.3046242,pFbZ3GIGQh2E71JMwdIxyA
Mackma Srl,Italy,Piedimonte San Germano,Hall 5 / I19,tube2026.3045671,gOGoX0MESVy4RcRwoXbWuw
Macro Bars and Wires (India) Pvt. Ltd.,India,Mumbai,Hall 11 / D73,wire2026.3043676,6UTWWBR8TaqqplPoRunNJw
Madem S.A.,Brazil,Garibaldi - RS,Hall 11 / G26,wire2026.3042157,HwTGfKCVRTeX61o2MKwGzA
Magnetic Analysis Corporation,USA,"Elmsford, NY",Hall 7a / F19,tube2026.3035465,Ycnsq2QkSkqsH0h4uXRVSw
Magnetic Analysis Corporation,USA,"Elmsford, NY",Hall 15 / E39,wire2026.3036131,zuABkrnkReyZXfQzwY4lQA
MAHARASHTRA SEAMLESS LIMITED,India,"Gurgaon, Haryana",Hall 1 / D09-3,tube2026.3072250,k1AqfkyVSlK9SqIuhcgrkQ
Mahler GmbH,Germany,Plochingen,Hall 6 / D22,tube2026.3062380,05CSruL4SZOR8cr17Teysg
Maillefer Extrusion Oy,Finland,Vantaa,Hall 10 / C22,wire2026.3045709,1YykTO91SAOcT45UsEEB6A
MAINCOR Rohrsysteme GmbH & Co. KG,Germany,Knetzgau,Hall 1 / C35-2,tube2026.3055233,9agl3fTyRduKz6opwMkyYg
Mair Research S.p.A.,Italy,Schio (VI),Hall 6 / E16,tube2026.3044986,hxOT1bj6QlSgZHLveYwQWA
Mair Research S.p.A.,Italy,Schio (VI),Hall 6 / E16,tube2026.3044986,hxOT1bj6QlSgZHLveYwQWA
MAIRON GALATI SA,Romania,Galati,Hall 4 / A26,tube2026.3040081,I3QeYpAKTJm1HCPWozRJMw
MAKSTEEL INOX PVT. LTD.,India,Vadodara,Hall 15 / J02,wire2026.3050763,PzyS2kjiTzKHUIav6x8tnQ
MALI Ges.m.b.H.,Austria,Liezen,Hall 10 / C42-06,wire2026.3061541,ypm0zs57RuaXfyOmbjXjyQ
MAN INDUSTRIES,India,Mumbai,Hall 4 / C11,tube2026.3053231,KBjWm20uRsm5tBFUYgp7TA
MANASSERO & C. s.r.l.,Italy,Torino,Hall 16 / B56,wire2026.3034241,m0iDBtu3TpubY0qDTf8aPQ
Manentimacchine S.r.l.,Italy,Gussago (BS),Hall 16 / A02,wire2026.3047086,LX9yvfjgTWCYWHieLBpr2Q
MANFISA WIRE S.L.,Spain,"Irurzun, Navarra",Hall 11 / B21,wire2026.3038239,I68ghGXcTlyoTgqQZWDiUw
Mangalam Alloys Limited,India,"Gandhinagar, Gujarat",Hall 15 / A44,wire2026.3057543,BnhPsftHTZWd3jtxnFWiSQ
MANGALAM WORLDWIDE LIMITED,India,"Navrangpura, Ahmedabad",Hall 3 / G16,tube2026.3037728,B04BtHaMTMOyZkSGJKPxCA
Mangalchand Tubes PVT. LTD.,India,"Jaipur, Rajasthan",Hall 13 / D77-2,wire2026.3066419,CwrFC6NsShyKJ9oTEIR56Q
Mannesmann Grossrohr GmbH,Germany,Salzgitter,Hall 4 / H42,tube2026.3064228,H0p75HcPRt64sZgmysO0qQ
Mannesmann Line Pipe GmbH,Germany,Siegen,Hall 4 / H42,tube2026.3064187,2oQbIr7vScyc2rs8EkcnJQ
Mannesmann Precision Tubes GmbH,Germany,Mülheim an der Ruhr,Hall 4 / H42,tube2026.3064438,DtdpvOYNRdGfmfD1VzO5qQ
Manuli Hydraulics France SAS,France,Le Bignon,Hall 5 / E26,tube2026.3047940,yRS7LrQLS2epoDcYW37rzw
MARCEGAGLIA,Italy,Gazoldo Degli Ippoliti (MN),Hall 3 / D30,tube2026.3035106,GgY2vHZ5TBaTh2faOScq0g
MARCEGAGLIA,Italy,Gazoldo Degli Ippoliti (MN),Hall 12 / B31,wire2026.3039805,S2ZhqNU4QP2q5JqinmPI1Q
MARCEGAGLIA,Italy,Gazoldo Degli Ippoliti (MN),Hall 3 / D30,tube2026.3035106,GgY2vHZ5TBaTh2faOScq0g
MARCEGAGLIA,Italy,Gazoldo Degli Ippoliti (MN),Hall 12 / B31,wire2026.3039805,S2ZhqNU4QP2q5JqinmPI1Q
Mario Frigerio S.p.A.,Italy,Molteno (LC),Hall 11 / F60,wire2026.3035302,upaXDp8sQeqMGGoxbFQcFQ
MARKATOR Manfred Borries GmbH,Germany,Ludwigsburg,Hall 6 / A37,tube2026.3034770,S25DZo1RTvGLv13ER4kFuA
MARPOSS GmbH,Germany,Weinstadt,Hall 9 / C33,wire2026.3045493,UjUfi2WsSqu7nEjHQPoXUg
Marposs Monitoring Solutions GmbH,Germany,Egestorf,Hall 16 / A18,wire2026.3041117,UYZWekB7QhyVk0SEdQdS8Q
MARUTI INOX (INDIA) PVT. LTD.,India,Mehsana,Hall 15 / L11,wire2026.3046123,SCwpJY7zTZmQesZjd3sPJQ
Maschinenbau Bardowick GmbH,Germany,Bardowick,Hall 12 / B15,wire2026.3038298,ggWlLcgOQBKQt0JbJBxiew
Maschinenfabrik Bock GmbH & Co. KG,Germany,Lüdenscheid,Hall 10 / A34,wire2026.3035410,ZSe1Pl1WT6iQiqmX6cOaAw
Maschinenfabrik Bock GmbH & Co. KG,Germany,Lüdenscheid,Hall 10 / A34,wire2026.3035410,ZSe1Pl1WT6iQiqmX6cOaAw
Maschinenfabrik NIEHOFF GmbH & Co. KG,Germany,Schwabach,Hall 10 / D22,wire2026.3035305,zuNL2DtURf2i9xH9gsH8Lw
Mashtronics D.O.O,Serbia,Mladenovac,Hall 17 / B08,wire2026.3045745,4smxgZE5SamIaTPWQjreyA
Master Fluid Solutions WDG GmbH,Germany,Düsseldorf,Hall 6 / C12,tube2026.3038464,UeZTf3BBQIyR949MO4YpTA
Matay Otomotiv incorporated company,Türkiye,Bursa,Hall 1 / C10-1,tube2026.3069401,SR7SfG5XQUa44xh7H7Ykuw
"Mathiasen Machinery, Inc.",USA,"East Haddam, CT",Hall 12 / A62,wire2026.3034350,JbZ4DVqJQVO1eHwnAILPtQ
Matter S.r.l.,Italy,Bibbiano (RE),Hall 5 / C35,tube2026.3045753,peVV3k0iRLW8Pr4YmRHjbg
"MAW YOW IMPLEMENT INDUSTRIAL CO., LTD.",Taiwan,Kaohsiung City,Hall 16 / D22-6,wire2026.3063374,N2npi7EyR0KlnR1BU1BY7g
Max Süss GmbH,Germany,Sehmatal OT Cranzahl,Hall 11 / H55,wire2026.3040179,LhOPCCYARsixb7i0E07qrg
Max W. Claas GmbH & Co. KG,Germany,Altena,Hall 12 / A48,wire2026.3038300,2wjBQD6JQtC6wrSNHNIKFQ
Maxim Tubes Company Pvt. Ltd.,India,"Chhatral, Gandhinagar, Gujarat",Hall 3 / A28,tube2026.3034175,1Id4DxQmS6yOerMhw1ZmTA
"Maxvalue Industries Co., Ltd.",China,Dalian,Hall 1 / F47,tube2026.3039957,HX6ailFETxK3EfqZNewlNQ
"MAYSKY TRADING CO.,LIMITED",China,"Foshan, Guangdong","Hall 7, level 0 / C27-7",tube2026.3058812,PnNKoqc4TzixVXKdvKKBEw
Mazlum Mangtay Boru Sondajcilik Insaat Tarim Urunleri Sanayi ve Ticaret A.S.,Türkiye,Adana,Hall 4 / C18,tube2026.3045673,5Eufv2zDRoSF37mirqrjsQ
Mazzoleni Trafilerie Bergamasche S.p.A.,Italy,Bergamo (BG),Hall 10 / B31,wire2026.3034827,sL1rMZDGTjmsR3nTbJA4GA
mbk Maschinenbau GmbH,Germany,Kißlegg,Hall 17 / C60,wire2026.3044272,uqNuckaKR6i5eiV7u5s9ig
"MBNS - International, spol. s. r. o.",Czechia,Brno,Hall 1 / A26-3,tube2026.3063748,ULEh5ARUSMG1ACoz6TRvBQ
Me.a.l. srl,Italy,Annone di Brianza,Hall 11 / D77,wire2026.3044647,lYFTU9BGRqeakSCG4Tri8w
meapforni srl,Italy,Fontanafredda (PN),Hall 15 / B50,wire2026.3068877,6loFDTjiSUS2zHCd8n2vnA
meapforni srl,Italy,Fontanafredda (PN),Hall 15 / B50,tube2026.3070554,5aHV3KHuR7SCojhuAQVjSQ
Meba Steel & Industrial Supplies Trade GmbH,Germany,Essen,Hall 4 / F25,tube2026.3034679,2lZUxAtIQkOHP5PotIPZjg
MEC,Japan,Saitama,Hall 16 / G01,wire2026.3046911,YeL9rAMITK6q6NzA5tgXnA
MEC,Japan,Saitama,Hall 16 / G01,wire2026.3046911,YeL9rAMITK6q6NzA5tgXnA
Medek & Schörner GmbH,Austria,Grossebersdorf,Hall 10 / C52-01,wire2026.3064425,0VmvF6H5QsaitG0Kdz2fcA
Medical cable Tec GmbH,Germany,Aßlar,Hall 12 / A16,wire2026.3046209,Q2yY6hNkSGqt1DcHETVafw
MEDISAN INSAAT VE TESISAT MALZ. SAN. VE TIC.LTD.STI,Türkiye,Istanbul,Hall 1 / A71,tube2026.3038479,g0BeJ4ZpQlG87Ki4kEazpA
"MEETALL CABLE CO., LTD.",China,"Changzhou, Jiangsu",Hall 14 / A38-4,wire2026.3064063,13CudjPKSuOI2Ckovelirg
Meever SP BV,Netherlands,Meerkerk,Hall 4 / E26,tube2026.3059499,dvgzRNvsQaunSPsJT0ADBA
"MEGA COMPOUND CO., LTD",China,"Suzhou, Jiangsu",Hall 14 / D46-2,wire2026.3063152,kQTmhcvTTXiuH8OboG5cgA
Mega Elektro l Kabel LLC,Uzbekistan,Tashkent,Hall 13 / C19,wire2026.3072893,msiksjztQzuHfveONH8TKg
MEGA METAL SAN. VE TİC. A.Ş.,Türkiye,Beşiktaş İstanbul,Hall 10 / A70,wire2026.3035447,FZOZy3VaQQm27mvm2XrqdA
MEGA METAL SAN. VE TİC. A.Ş.,Türkiye,Beşiktaş İstanbul,Hall 10 / A70,wire2026.3035447,FZOZy3VaQQm27mvm2XrqdA
MEGA PIPES PRIVATE LIMITED,India,Mumbai,Hall 1 / F35,tube2026.3035415,rGPmi6VmS9CoT1aa4f61Kw
Meide Group Co. Ltd.,China,"Jinan, Shandong",Hall 1 / D21,tube2026.3041420,REZC6KWDRiSFytnshW3jbQ
Meisenbach GmbH,Germany,Bamberg,Hall 9 / C13,wire2026.3067685,s4zseIxPRW2szID13Cpw4w
MEKOSAN BORU VE PROFİLPAKETLEME MAK. SAN. TIC. LTD. STI.,Türkiye,Kayseri,Hall 6 / C18,tube2026.3044605,g8RRsMR7Qd25oJ6DgupbRg
Mekosan Mak. Ins. Elek. Otomasyon San. Tic. Ltd. Sti.,Türkiye,Kayseri,Hall 11 / F06,wire2026.3044555,KGS3RF79SL2sD3hJI9Sa8w
Melos GmbH,Germany,Melle,Hall 12 / E03,wire2026.3044742,bsuOif7FTaK2Hk9wsh83Zg
"Menam Stainless Wire Public Co., Ltd.",Thailand,Samutprakam,Hall 15 / B11,wire2026.3047118,iMerC7rVQzabe83nOEAShQ
Mert Celik Metal Ürünleri Sanayi ve Ticaret Anonim Sirketi,Türkiye,Kemalpasa/ Izmir,Hall 15 / B02,wire2026.3063574,GmAqlG5xSqOWCoyskpPJ2Q
MESH AG,Switzerland,Birr,Hall 17 / B76,wire2026.3071562,3K5ftRe3TvSBELpZQjDRNw
Messe Düsseldorf China Ltd.,"Hong Kong, China SAR","Wanchai, Hong Kong",Hall 6 / C16..J34-4,tube2026.3044921,Zen29adRTJmsCwGJiZLn2w
Messe Düsseldorf China Ltd.,"Hong Kong, China SAR","Wanchai, Hong Kong","Hall 7, level 0 / A01-1..G29-3",tube2026.3044545,J7NAhgc4QfqDN4OiXVkS5A
Messe Düsseldorf China Ltd.,"Hong Kong, China SAR","Wanchai, Hong Kong",Hall 14 / C62,wire2026.3057785,sZYJ5PN8S2qtEieCCUTVQQ
Messe Düsseldorf China Ltd.,"Hong Kong, China SAR","Wanchai, Hong Kong",Hall 13 / A68,wire2026.3064776,HfxXY7jgRbWnxhEZOUYlTw
Messe Düsseldorf GmbH,Germany,Düsseldorf,Unsettled / NN,wire2026.3050672,mTzLn716SrepngcTdI4pkw
Messe Düsseldorf GmbH,Germany,Düsseldorf,Unsettled / NN,wire2026.3032841,cOGS8S1WTvKekyV0OY6wwA
Messe Düsseldorf GmbH,Germany,Düsseldorf,Unsettled / NN,tube2026.3050673,kcHSLaiNTNqWygoGpOu8lw
Messe Düsseldorf GmbH,Germany,Düsseldorf,Unsettled / NN,tube2026.3033154,NgS9NWxzT1K6849zrrY1xw
Messe Düsseldorf GmbH,Germany,Düsseldorf,North Entrance / N05,tube2026.3070962,A9uxgtvnT82VzTdBd1PzmA
Messe Düsseldorf GmbH! Servicecenter G2-ISC - Testauftrag -,Germany,Düsseldorf,Hall 9 / Z99,wire2026.3074476,gd3viTjnS7CyXIDQDgWxWw
Messe Düsseldorf India Pvt. Ltd.,India,Mumbai,Hall 13 / D77-4,wire2026.3074753,GiXua8XxReuhoTU1exP4zw
Messe Düsseldorf India Pvt. Ltd.,India,Mumbai,Hall 13 / C66-1..D81-3,wire2026.3046085,jZykAafmSl6g7k55arjU8Q
Messe Düsseldorf North America,USA,"Chicago, IL",Hall 9 / F06-2,wire2026.3059986,ERSvpYnGSRaad0G0fBps7g
METAL ALLOYS CORPORATION,India,Jamnagar,Hall 3 / E01,tube2026.3036341,NxDfG30CTICh1o748OsOTA
Metal At Tel Ve Tel Urunleri Tic. Ltd. Sti.,Türkiye,Dortyol / Hatay,Hall 15 / L23,wire2026.3057182,5EVXcSFPTteRuXAiVYdHdQ
Metal Link Inc.,"Korea, Republic","Anyang City, Kyeonggi-Do",Hall 9 / E78,wire2026.3038240,45NOoW6ASyeaeZESgTwIBQ
"METAL TRADE COMAX, a.s",Czechia,Velvary,Hall 1 / B45,tube2026.3036374,WlgcVPW0R52O24gQ5NyI1g
METALCORTEN S.L.,Spain,"Galdakao, Bizkaia",Hall 3 / G13,tube2026.3035108,GXUNaNtdTrqM1S1fodZvjA
Metalfar Prodotti Industriali S.p.A.,Italy,Cesana Brianza (LC),Hall 1 / C14,tube2026.3034543,ZEzmiTTcTfuu0MnX5jftCg
Metalfar Prodotti Industriali S.p.A.,Italy,Cesana Brianza (LC),Hall 1 / C14,tube2026.3034543,ZEzmiTTcTfuu0MnX5jftCg
Metalfar Prodotti Industriali S.p.A.,Italy,Cesana Brianza (LC),Hall 1 / C14,tube2026.3034543,ZEzmiTTcTfuu0MnX5jftCg
Metalflow ALLIANCE Saudi Arabia 2027,Germany,Düsseldorf,North Entrance / N02,wire2026.3068178,0Nw66NcoQxq5I4KfgiFrKA
Metalltechnik Menges GmbH,Germany,Gau-Algesheim,Hall 4 / H02,tube2026.3045233,AgpW3lSUT6Clzyojq7CRBA
Metallurgica Alta Brianza S.p.A. - Steelgroup,Italy,Lecco,Hall 11 / D58,wire2026.3067642,DFvKtFOmRam4QBsZys71Hw
Metallwerk Sundern Otto Brumberg GmbH & Co.,Germany,Sundern,Hall 3 / F11,tube2026.3045236,7ZfeMDMISG6tIJ0FB1Qgfg
METALOPROMET DOOEL,North Macedonia,Strumica,Hall 1 / E56,tube2026.3037731,D8RevyYpSsGrFJ9GefJsvQ
Metalube Group Ltd.,United Kingdom of Great Britain and Northern Ireland,"Irlam, Manchester",Hall 11 / B25,wire2026.3041048,ydnEVpY3QYmktKUpfPHWEg
Metamorphosis Engitech India Pvt. Ltd. (Meta Engitech),India,Pune,Hall 3 / D40,tube2026.3035361,tKOVtGrrQ4CqIevxXX9TKQ
METAPEX METAL SANAYİ VE TİCARET ANONİM ŞİRKETİ,Türkiye,Çerkezköy Teki̇rdağ,Hall 15 / K16,wire2026.3072532,SRn6uxpDQc2UjJsFzVgcIw
Metavan Reels NV,Belgium,Wielsbeke,Hall 15 / L02,wire2026.3035255,BH2MGsKgQbaI6VflN1GNJw
METE VASIFLI CELIK A.S.,Türkiye,Istanbul,Hall 12 / C63,wire2026.3046018,uniQAaBARUCEqlKiXRPc0g
METINVEST TRAMETAL S.p.A,Italy,Genova,Hall 3 / B07,tube2026.3044177,nYz8iL90TJKmhvKhAvxkYQ
Metronor Messsysteme GmbH,Germany,Unterschleissheim,Hall 5 / C29,tube2026.3058380,05KnqQYSQnWe70gtosmAAw
METSOL LLC,Uzbekistan,Ohangaron,Hall 13 / C19,wire2026.3072895,VU4t1q1BSAanX27YrXIYHw
Mexichem Specialty Compounds Ltd.,United Kingdom of Great Britain and Northern Ireland,Leicestershire,Hall 15 / H12,wire2026.3035466,11pOcrOoQF2a9X9hCjH3Aw
Mezon Stainless Steel FZCO,United Arab Emirates,Dubai,Hall 1 / C43,tube2026.3034832,E0wzrrJxQoOosxDGGppCAg
MFL Group,Italy,Molteno (LC),Hall 11 / F60,wire2026.3035302,upaXDp8sQeqMGGoxbFQcFQ
MFO S.A.,Poland,Sochaczew,Hall 1 / E37,tube2026.3034124,EAK4pLlDTpahzOJIjz4sGg
"MGS Manufacturing, Inc. (The MGS Group - MGS-Hall-Northampton)",USA,"Rome, NY",Hall 9 / E06-3,wire2026.3059985,QTvhTEYeQsCBZM8GlAx5kQ
Miba Automation Systems GmbH,Austria,Ohlsdorf,Hall 7a / F03,tube2026.3063907,7MXhkgvAR9i2vdbDRlNMXQ
Micas Simulations Limited,United Kingdom of Great Britain and Northern Ireland,Oxford,Hall 16 / H23,wire2026.3036547,IirwxhDzRWmnzuyCJTuhrQ
Microdia S.A.,Switzerland,Yverdon-Les-Bains,Hall 11 / D25,wire2026.3039935,7k3jOefRQ8Sn9cKZ5GLsdw
MicroStep Europa GmbH,Germany,Bad Wörishofen,Hall 6 / A18,tube2026.3056849,kV37V9VtS0CMh2lWasA6wA
Microstudio Srl,Italy,Besnate (VA),Hall 16 / E01,wire2026.3044812,6N59O648T4OrLEQ1CkQ0HA
MICROTOOLS SRL,Italy,Bologna,Hall 5 / F26,tube2026.3039460,KPL5VSTcTg6sTn2PX3XftA
MIKRO DIAMOND TOOLS,Spain,Sant Cugat del Valles,Hall 9 / B66,wire2026.3070043,4DOt6M6nTuqzRboRdNgfvQ
mikron bps profil ve boru sanayi ltd sti,Türkiye,Kayseri,Hall 3 / G51-3,tube2026.3057808,hvf85B9sSBakKiH5Onm7Dg
Mikron Makine Elektrostatik Ekip. Temizlik San.ve Dış Tic.Ltd.Şti.,Türkiye,Istanbul,Hall 9 / A63,wire2026.3041499,B5yX6QThQqa7Or2kf8nERA
Mikrotek Machines Ltd.,India,"Bangalore, Karnataka",Hall 9 / B66,wire2026.3045412,QLKc6t88QI2pGtbsCUdhow
Milani Srl,Italy,Presezzo (BG),Hall 17 / A47,wire2026.3045817,hvjiw7PcQJGidA0mwQOHdA
Mineon Handel GmbH,Germany,Neuss,Hall 1 / B01,tube2026.3046005,9B1KYONFRbyPv8I4qHkiXA
"Mingda Wire & Cable Group Co., Ltd.",China,"Ningjin, Hebei Province",Hall 13 / E31,wire2026.3066432,oKeFSNDARlWgRSMNtCF0Xw
Mitsubishi Chemical Europe GmbH,Germany,Düsseldorf,Hall 13 / D57,wire2026.3072649,jy2nwrc4SOWGOE3LZo191A
Mixer S.p.A.,Italy,Villa Prati di Bagnacavallo (RA),Hall 12 / E72,wire2026.3036106,UGWfXBcgTzOb2UJb73g04g
MKK METAL SECTIONS PVT LTD,India,Chennai,Hall 4 / B25,tube2026.3035433,zggBkem5SlGe7SjnksG6zw
MMZ Onur Boru Profil Üretim San ve Tic. A.S.,Türkiye,Istanbul,Hall 4 / F36,tube2026.3044832,lw0ywGcpSmW59MLMexSaqQ
mobitec Kottmann & Berger GmbH,Germany,Birenbach,Hall 5 / F22,tube2026.3049678,CvKRqI4bSDahCGa6eACgoA
MODERCROMO S.r.l.,Italy,Bussero,Hall 3 / G49,tube2026.3067565,Q8bPhsk8RHi2sS7vr81qNg
Mole Abrasivi Ermoli S.r.l.,Italy,Malnate (VA),Hall 16 / G25,wire2026.3045746,utP54m4VQsifEIHB0KFXDQ
MONTANWERKE BRIXLEGG AG,Austria,Brixlegg,Hall 15 / J10,wire2026.3054355,pB5q41I0Thy2WXy5NM4bwg
MORAVIA STEEL a.s.,Czechia,Trinec,Hall 3 / C01,tube2026.3033933,chpHL0YwQZiDM0b2MxTEYg
MORAVIA STEEL a.s.,Czechia,Trinec,Hall 13 / A32,wire2026.3034301,g3KVxhJvTGeLDHB8xfhQkA
Moravia Steel Deutschland GmbH,Germany,Kürten-Herweg,Hall 3 / C01,tube2026.3035326,MqmIFomlQ3a3fAMtFWcxxg
Moravia Steel Deutschland GmbH,Germany,Kürten-Herweg,Hall 9 / B34,wire2026.3035446,58ajaADGTcORd7d2s5KFKQ
Moravia Steel Deutschland GmbH,Germany,Kürten-Herweg,Hall 13 / A32,wire2026.3035449,wpviDJkdTD6cXsc8rKi3nQ
Moreschi S.r.l.,Italy,Vilminore di Scalve,Hall 6 / C34,tube2026.3044917,2ABq25AySWGlHloiYmVpkA
Morgans Plant Machinery Ltd.,United Kingdom of Great Britain and Northern Ireland,Radstock,Hall 1 / B75,tube2026.3056850,6wwE5VyuScKTaJY8mbSDwg
Mori Machinery Corporation,Japan,Akaiwa,Hall 7a / C09,tube2026.3064209,075BVgfJQvqu2Hq01hSABQ
"Morn New Energy Systems (Jiangsu) Co., Ltd.",China,"Yangzhou, Jiangsu",Hall 14 / B38-5,wire2026.3064170,WrVdPsxTQlaoEZgWRcrp5g
Mount Joy Wire Corporation,USA,"Mount Joy, PA",Hall 11 / F26,wire2026.3070365,VUddY3YwQqmCWHIK5yGDDw
Mouton Rivom SAS,France,Gevrey-Chambertin,Hall 10 / G55,wire2026.3045417,lkiF1jnKSwOJYMHd0xxfCw
MPG Mendener Präzisionsrohr GmbH,Germany,Menden,Hall 1 / D26,tube2026.3044133,ydp722fTRV6cs4XTfiLDiQ
ms con-cept GmbH,Germany,Lübeck,Hall 4 / E43,tube2026.3058765,iN9KYXN5StCvHHYOi86dfg
MSG Solutions GmbH,Germany,Schmallenberg,Hall 6 / C02,tube2026.3064415,vnkmp9pZSaCMabzIie84cw
MSM di M.Manenti,Italy,Brescia,Hall 16 / D14,wire2026.3046118,7tazYGMvRteM9EL5IzXrjQ
"MSV SYSTEMS CZ, s.r.o.",Czechia,Liberec,Hall 5 / J01,tube2026.3045694,9ZTyky2MRKWSbd92unHvKA
MTT Extrusion Expertise GmbH,Austria,Wien,Hall 10 / C42-05,wire2026.3059799,UQpQcLoeQK2Zs6BxxWakyQ
Mubea Präzisionsstahlrohr AG,Switzerland,Arbon,Hall 4 / G07,tube2026.3038485,DfUeBhUeT9yfaYY8y1KQiA
MUGAFIL S.A.,Spain,Vitoria,Hall 11 / A09,wire2026.3041077,sQRFSNnKTy29rJxJnddqOQ
Mukand Ltd.,India,Thane,Hall 15 / H44,wire2026.3035068,qENaIBoUTkSwbIhEHbHg3w
Murel Demir Çelik ve Ticaret A.Ş.,Türkiye,"Üsküdar, Istanbul",Hall 15 / J44,wire2026.3062524,LvEKR1GfRCK6kjhFFWkAHQ
Muzzi Srl Unipersonale,Italy,Pietracuta di San Leo (RN),Hall 16 / G26,wire2026.3042967,ZXbN0h7FRLWg0rgYmFEkpQ
MV Super Alloys Private Limited,India,Mumbai,Hall 1 / F14-4,tube2026.3068082,4zyOvj5WTsOmUkoNLdVQYg
MW METAL INDUSTRY LIMITED,China,"Foshan, Guangdong",Hall 1 / B74,tube2026.3039756,s3t61cVMSjuZZJHeRF6jkQ
Naber & Wissmann GmbH,Germany,Hagen,Hall 10 / A37,wire2026.3034949,TRigEV4ST4KXKvnlxkbcRA
Nabertherm GmbH,Germany,Lilienthal,Hall 16 / G23,wire2026.3034548,NeGd3P7PTzOyCD2XHKUFCg
Nakashimada,Japan,Fukuoka,Hall 16 / C39,wire2026.3041399,ty3cwggtSByowjR77IMDCw
"Nakashimada Engineering Works, Ltd.",Japan,Fukuoka,Hall 16 / C39,wire2026.3041399,ty3cwggtSByowjR77IMDCw
"Nakata Mfg. Co., Ltd.",Japan,Osaka,Hall 4 / G05,tube2026.3045524,sGUB3EJzTCCIRoB1BcMYNg
NALIKA INDUSTRIES PVT LTD,India,Pune,Hall 1 / F14-2,tube2026.3069615,opUMDisNRbqwmFJNjtsN7w
"Nanjing BKN Automation System Co.,Ltd.",China,Nanjing,"Hall 7, level 0 / B20-5",tube2026.3059489,q0mbqyvwSmimwWi8uy0n9A
"NANJING CAPATUE CHEMICAL CO., LTD (Organofunctional Silane,Formulated Silane,Titanate Coupling Agent）",China,"Nanjing, Jiangsu Province",Hall 14 / D04-3,wire2026.3058928,SrJktVaWSvOwtBMTYrQ8iw
"NANJING VOLLEY METAL MATERIALS CO., LTD.",China,"Nanjing, Jiangsu",Hall 14 / A38-1,wire2026.3064060,JEfAgZJZTWKnNztxAh7A4Q
Nano Dies Pty Ltd,Australia,Point Frederick,Hall 13 / C53,wire2026.3057581,5s2oFFbKQNiuX874ymOCYw
"Nantong Dejin Chang Optoelectronic Technology Co., Ltd.",China,"Rugao City, Jiangsu",Hall 14 / B54-2,wire2026.3072496,TX2wyAH6S6Oj9ZaUBPrbnQ
"Nantong Geron Precision Intelligent Manufacturing Co., Ltd.",China,"Nantong, Jiangsu",Hall 13 / A75,wire2026.3062512,pGZkolVyT9SdyDP3UL0NiQ
"NANTONG GUANGMING STEEL WIRE PRODUCTS CO., LTD.",China,"Nantong City, Jiangsu Province",Hall 14 / H12-4,wire2026.3069096,DZ5FlzbuTPiMEZK7J1GdbA
"NANTONG HONGYANG CONDUCTOR TECHNOLOGY CO.,LTD.",China,"Nantong, Jiangsu",Hall 14 / C12-3,wire2026.3067166,vKpc6YuGRYegfRh2QwDUmQ
"NANTONG LILI AUTOPARTS CO.,LTD",China,"Nantong City, Jiangsu",Hall 14 / A62-3,wire2026.3072637,yFV26rKYQnqoZmFe06Osng
"NANTONG RELIATT MACHINERY CO., LTD.",China,"Nantong, Jiangsu",Hall 6 / J19-2,tube2026.3063007,GXsf9ULbSSGmHkyuImEdiw
"Nantong SIBER Communication Co.,Ltd",China,"Haimen, Jiangsu",Hall 15 / H31,wire2026.3043944,HKMVQ5olSBugZkUnT8Alug
"Nantong Yaolong Metal Manufacturing Co.,Ltd",China,"Nantong, Jiangsu","Hall 7, level 0 / D20-4",tube2026.3058611,6tH2564tRv6FHcmR9sRcOA
NAPPOO HI COMMAND N.K. Nirmal,India,Ahmedabad,Hall 15 / H11,wire2026.3035069,RMWnsS8YSn61LcUZCydNuw
NARWAL EXPORTS,India,Yamuna Nagar,Hall 12 / E02,wire2026.3034314,2vkq4e0dTxKkk9FCev1tnQ
"NATIONAL MACHINERY EXCHANGE, INC.",USA,"Newark, NJ",Hall 6 / F11,tube2026.3037171,N4lEKTACRfSTg6LVPp32lg
National Machinery LLC,USA,"Tiffin, OH",Hall 16 / A44,wire2026.3044610,FLSDR6c9TfGO2HqwxmgcJQ
Naumann Stahl GmbH & Co. KG,Germany,Neuss,Hall 1 / A59,tube2026.3045406,EsWpNylNQFuMh5n43OgPpA
NAVANK CABLE BV,Netherlands,Leidschendam,Hall 13 / B51,wire2026.3036760,xESTqIRxRKqSBokGgBcZdA
NB FITTINGS CONECT SRL,Romania,Posta Calnau,Hall 3 / B48,tube2026.3059381,vfjWlWALS3uuYRjyAAT3Tw
NBG Systems GmbH,Austria,Gmünd,Hall 10 / D42-06,wire2026.3060375,flbRZi0zT9WyjaxDsejjxQ
"NCS TESTING TECHNOLOGY CO., LTD.",China,Beijing,Hall 6 / J02-1,tube2026.3069446,y1TdpAPsRd6Wd588SLpETg
NDT Automation GmbH,Germany,Berlin,Hall 6 / I06,tube2026.3047320,AW5UWMVFR6Sp0Oglyx94AQ
NDT Technologies Inc.,Canada,"Montreal, QC",Hall 6 / D23,tube2026.3037170,IRbw6kliTDaEVmNPUsu8ag
NEARYZ RESOURCES LIMITED,China,Beijing,Hall 16 / A31,wire2026.3064757,zaXFhsxYRJqGi1Dlatq2Ow
NEDSCHROEF HERENTALS NV,Belgium,Herentals,Hall 16 / A22,wire2026.3044711,rxmFojHWQHqJnTckOyIMLg
NET BORU SANAYI VE DIS TICARET ANONIM SIRKETI,Türkiye,Istanbul,Hall 3 / G28,tube2026.3059490,pieqY6dqQMmfJRkmvd9suA
"Neturen Co., Ltd.",Japan,Tokyo,Hall 15 / L42,wire2026.3043207,6S1Rgw5JSl28CwEyrsrpYA
netzwerkdraht e.V.,Germany,Iserlohn,Hall 9 / C13,wire2026.3067682,PO1i85ImTRGlddy1oMuGXA
Neuhäuser Präzisionswerkzeuge GmbH,Germany,Prüm,Hall 6 / I18,tube2026.3043103,nqoV4kWGRxmRI3GOCt8oKw
Nevatia Steel & Alloys Pvt. Ltd.,India,Mumbai,Hall 11 / F74,wire2026.3036791,8uV0n7b0RqidYCyNLoRJfw
New Champs Tech srl,Italy,Baranzate (MI),Hall 9 / A36,wire2026.3073723,4K9CdCu5SCm9up0UjwrfUA
New Spool Srl,Italy,Predaia (TN),Hall 13 / D72,wire2026.3040618,RpMBZIbgRK2PnrdViEyACA
New-Form Tools Ltd.,Canada,"Stratford, ON",Hall 6 / D20,tube2026.3045769,Vyg2AIoxTzqlt57Ytrorpg
Newtech S.r.l.,Italy,Galliate (NO),Hall 9 / A78,wire2026.3040173,lRi5tYBLRISW6lrwYzF9hQ
"NewTopp Machinery (Jiangxi) Co., Ltd.",China,"Ji'An, Jiangxi",Hall 15 / E36,wire2026.3072499,R3csCWGvTSK4CM01mfoVYw
NHV Corporation,Japan,Kyoto,Hall 13 / C81,wire2026.3046128,CqJtewksROOcxsDxZk6aEA
Nibro BV,Netherlands,Oisterwijk,Hall 1 / C25,tube2026.3039505,CSyPdbtpRwmKXAodAvxVTg
"NICEMACH CO.,LTD","Korea, Republic",Daegu,Hall 6 / E02,tube2026.3062496,24xH5rXSQhG54DZBvuoGXw
NICHE ALUMINYUM Sanayi ve Ticaret A.S.,Türkiye,Istanbul,Hall 13 / A76,wire2026.3046129,HOcUvM4uR5O4pWkdlPtLOw
NIK MAKINA SANAYI TIC. A.S.,Türkiye,Bursa,Hall 17 / D77,wire2026.3046174,CNpYHMC9QQm99SvCwvVreQ
NIK TUBE AND FITTINGS PRIVATE LIMITED,India,Bhavnagar,Hall 1 / B40,tube2026.3047945,sYNcJxOGQDKjIkbHlc4ZfA
Nikel Paslanmaz Çelik San. Ve Tic. A.Ş.,Türkiye,Istanbul,Hall 4 / H37,tube2026.3045424,fNqZ5y2gSkSvhP42rI9rtQ
NIMET srl,Romania,"Lazuri, Comisani, Dambovita",Hall 3 / E57,tube2026.3034169,2lPsQqZ3RqazPir5M9p1yQ
"Ningbo Dingyan Metal Products Co.,Ltd.",China,"Cixi, Zhejiang",Hall 16 / D20-2,wire2026.3060337,WMnUNAH2S7OJBMSCSpD8kQ
"Ningbo Kaite Machinery Co., Ltd.",China,"Ninghai, Ningbo, Zhejiang",Hall 14 / B30-3,wire2026.3066844,Xna264YNSxu14uCAWtIBmw
"NINGBO MINGPIN METAL PRODUCTS CO., LTD",China,"Cixi, Zhejiang",Hall 14 / B54-1,wire2026.3064046,hKqtfPL2TbyqrZRVLHqaqg
"NIPPON SEISEN CO.,LTD.",Japan,Osaka,Hall 15 / A24,wire2026.3045390,KwvllXc9SbmWsGjgNYdE4Q
Nippon Steel Corporation,Japan,Tokyo,Hall 3 / D55,tube2026.3066033,zLllBRmjQwaUsYi44TvKHg
NIRAS AS,Norway,Bø in Telemark,Hall 4 / E35,tube2026.3070422,wjLINEPES1yMsfcxPUYdvQ
Nirmal Overseas Private Limited,India,Haryana,Hall 7a / F15,tube2026.3044612,S9B2fl7DRHW6FhkRey4orQ
NIRMAL Wires (P) Ltd.,India,Kolkata,Hall 13 / D35,wire2026.3034310,IF92WzvoS1GahCgfaRHidA
Niro Wenden GmbH,Germany,Wenden,Hall 3 / C47,tube2026.3068060,eEVwuj7qRWq0J45abCsqAw
NiRo-Technik GmbH,Germany,Hückelhoven,Hall 3 / G38,tube2026.3036775,tKJfHXpFSlq1jujGSkJsZA
nLine GmbH,Germany,Haar,Hall 11 / D53,wire2026.3045476,dj4P3ICYTzWZ7bmgqxH9Dw
Noksel Celik Boru Sanayi A.S.,Türkiye,Ankara / Övceler,Hall 4 / E19,tube2026.3046968,dr59XXYxRyCmBQw3Vye3gQ
Noord Nederlandse Draadindustrie B.V.,Netherlands,Dokkum,Hall 10 / C47,wire2026.3041293,F4wbv00vQwmJEkwPyLlr2w
"NOORI T & C CO.,LTD.","Korea, Republic",Gyeonggi-do,Hall 6 / H26,tube2026.3045698,69pMabU9T5aOq2FLgoVDJg
Nordinkraft AG,Germany,Remchingen,Hall 6 / E24,tube2026.3050843,iPsGE1qKSaSS330cM0Ez4g
NORDWEST Handel AG,Germany,Dortmund,Hall 1 / A59,tube2026.3045403,xZ4toGpKRTSCNIHfc4Wmfw
Norm Tooling,Türkiye,Izmir,Hall 16 / D43,wire2026.3044231,8S7ELWAyRziMgIxSe36XJA
NORM TOOLING,Türkiye,Izmir,Hall 16 / D43,wire2026.3044231,8S7ELWAyRziMgIxSe36XJA
Norma (India) Limited,India,Ghaziabad,Hall 1 / F58,tube2026.3034673,MeDtx2WXQ36fkfCiCL7QJA
NOTA - Precision Engineering Company Stanislaw Szymczyk,Poland,Lublin,Hall 11 / G28,wire2026.3065707,MCe3rq6ySveK6snSTBGF9w
NOVA S.r.l.,Italy,Correzzana (MB),Hall 11 / A71,wire2026.3045799,hQYulQfsRu2tEqJobXcdHg
Novametal S.A.,Switzerland,Rancate,Hall 11 / H22,wire2026.3035003,Z6c0QKoBTUSPPnMK217l3g
NOVASTILMEC S.p.A,Italy,Garbagnate Monastero (LC),Hall 4 / H08,tube2026.3045795,K9NFhtvESLC5JpBTlsHGrQ
"NS Máquinas Industriais, Lda",Portugal,"S. Pedro da Cova, Gondomar",Hall 5 / G16,tube2026.3036771,QSGRITJMSI6GkVQFMrFbxw
NTB Hitech Ceramics Pvt. Ltd.,India,Pune,Hall 13 / C82-7,wire2026.3070340,Ats2xSemTHexNRgCYN07jQ
Nu-Tech Precision Metals Inc,Canada,"Arnprior, ON",Hall 3 / A01,tube2026.3060566,cQixsRzvTLaOBlblgabvng
Numalliance SAS,France,St. Michel-sur-Meurthe,Hall 5 / C18,tube2026.3046091,dUjALRevTLObTyadpLVB9Q
Numalliance SAS,France,St. Michel-sur-Meurthe,Hall 10 / A18,wire2026.3046094,E0zgD2o3RWCnO9IeCdBr7g
Nuova C.M.M. srl,Italy,Tezze Sul Brenta (Vicenza),Hall 6 / G31,tube2026.3062558,L479kT8QSpGBUta38B2JAg
NUOVA HPT Srl,Italy,Gaggiano (MI),Hall 3 / A02-1,tube2026.3045889,jFUcgqEESIqm3dYfBEmjQQ
Nuova Sima S.r.l.,Italy,Genga (AN),Hall 12 / E48,wire2026.3039811,d11s2mu1QnKvMsbUkTLnxA
Nuova Tecno Tau s.r.l.,Italy,Cigliano (VC),Hall 11 / H25,wire2026.3034067,idbo2ItHSwGRlnSGvMwJAw
NURTEL TEL SANAYI AS,Türkiye,Istanbul,Hall 15 / K39,wire2026.3036997,VcKhPPHqR5y3F0eV8jtNew
NXT GmbH,Germany,Heinsberg,Hall 15 / J09,wire2026.3036133,WxyW3yNCRKWLKFxdiG0rqw
NYROSTEN Korrosionsschutzmittel GmbH & Co. KG,Germany,Geldern,Hall 9 / A59,wire2026.3054388,2IqxppD3SBCDSBhwZ2nkgQ
NYROSTEN Korrosionsschutzmittel,Germany,Geldern,Hall 9 / A59,wire2026.3054388,2IqxppD3SBCDSBhwZ2nkgQ
O.M.A. S.r.l.,Italy,Vimercate (MB),Hall 10 / A41,wire2026.3042158,8FEg0qgWQWWT4JlP7ob3Eg
O.M.G. Officine Menon Guglielmo SRL,Italy,Cassola,Hall 5 / E34,tube2026.3041570,3S4t6ssdQWipmPK9dpOfNQ
O.M.R. S.p.A.,Italy,Borgonovo Val Tidone (PC),Hall 1 / C31,tube2026.3067666,6R1QTQCSRrG02fDKTIvtDw
O.M.R. S.r.l.,Italy,Torre de Roveri (BG),Hall 10 / H78,wire2026.3045420,W6eOFTS4SzOkMO9cpNr4RQ
O.M.SA. srl,Italy,Besana Brianza (MI),Hall 17 / B04,wire2026.3045609,u5ovF9b0Rwm0oZ9T8BpAmg
"Oak-trees,Inc.",Japan,Koshigaya,Hall 13 / D11,wire2026.3058939,rKe0vUMARyqPe45Ll2ozpg
Oba Paslanmaz Metal ve Petrol A.Ş.,Türkiye,"Esenyurt, Istanbul",Hall 1 / F49,tube2026.3034498,SRADN7ldQNi8Qcyaw3m1gg
OCN,Austria,Scharnstein,Hall 9 / C06,wire2026.3064082,CDwgH0uSSRCzXTz1KjqkxQ
OCN,Austria,Scharnstein,Hall 6 / A01,tube2026.3045522,t6xWizkzQX6lOmo47ztiGA
OCS Optical Control Systems GmbH,Germany,Witten,Hall 10 / H32,wire2026.3040976,vjNHYXjdQFqGiEGd2ozojA
OCSA SPA,Italy,Crocetta del Montello (TV),Hall 3 / E37,tube2026.3041046,wTU6afsVSSCVCJ5Rl0qtCA
"OEG Gesellschaft für Optik, Elektronik & Gerätetechnik mbH",Germany,Frankfurt (Oder),Hall 13 / A43,wire2026.3044747,HJptfpirQaCMeOSbHMnyCQ
Officine Ambrogio Melesi & C. S.r.l.,Italy,Cortenova (LC),Hall 1 / A76,tube2026.3045253,Oepek9BGSgGkUK6hZRdUXA
OFFICINE MECCANICHE BARNI SPA,Italy,Morbegno (SO),Hall 7a / B16,tube2026.3045573,jG1W5ZbmTkyWgzAn7w5YLQ
Officine Meccaniche San Giorgio S.p.A.,Italy,Villa Cortese,Hall 12 / E47,wire2026.3045618,3qgceRmWQ8iWjqLjmag5XQ
OFFICINE MECCANICHE SAN GIORGIO SPA,Italy,Villa Cortese,Hall 12 / E47,wire2026.3045618,3qgceRmWQ8iWjqLjmag5XQ
Officine MTM SpA,Italy,Spinea (VE),Hall 6 / C03,tube2026.3045209,ZeaCgih3TKKANKjIeGQnyA
Officine Nicola Galperti & Figlio S.p.a.,Italy,Gera Lario,Hall 3 / E50,tube2026.3042607,8W51qqhBQ5CskFdSw9h5SA
OFFICINE RASERA SRL,Italy,Crocetta Del Montello (TV),Hall 16 / G29,wire2026.3039267,iEBKFGzCSweGdynp8fFw4A
Officine Santafede S.R.L.,Italy,Cortabbio di Primaluna (LC),Hall 1 / C46,tube2026.3040080,HHP3NzJQSAyJyu3ueMeTvQ
OFR TELECOM PVT. LTD.,India,Bhiwadi,Hall 13 / D77-6,wire2026.3067630,Ov3AkqmVRqqw5glrINOfFg
Olanska Sp. z o.o.,Poland,Szczecin,Hall 13 / B24,wire2026.3047141,KhkAXZhXQBWZTPeRzFBuOg
Olimpia 80 S.r.l.,Italy,Borgonovo V.T. (PC),Hall 5 / C21,tube2026.3034769,ZPvaLqsUQieiECsoNC0kCg
OLIMPIA INOX SRL,Italy,Borgonovo v.t. (PC),Hall 3 / D35,tube2026.3034831,SIzaWus4SDmw0QnFmeiEdw
OMAS S.r.l.,Italy,Airuno (LC),Hall 12 / A59,wire2026.3046241,S7YHRrfQSWyYFqKqlh2EsA
OMCD TEK HUB SpA DIAMIL Division,Italy,Anzola D'Ossola (VB),Hall 6 / B20,tube2026.3037730,5tPqAzbwT6efCZemtXXdtA
OMCG ITALIA S.r.l.,Italy,Valmadrera (LC),Hall 17 / D71,wire2026.3049539,jOvuwgs8RLSReiqqAMLGTQ
OMD Officina Meccanica Domaso S.p.A.,Italy,Domaso (CO),Hall 10 / F17,wire2026.3034813,8n4cSGGKRpmJZO4C44wazQ
OMNI-X CZ s.r.o.,Czechia,Brno,Hall 5 / F28,tube2026.3045686,czDinM0pRpyFWc8QBJmueQ
ÖMÜR ÇELIK A.S.,Türkiye,Istanbul,Hall 12 / C16,wire2026.3043089,1qdM2FPTSRWmk92LTuTBTA
OPTICOM GRAPHITE SRL,Italy,Romano D'Ezzelino (VI),Hall 15 / A31,wire2026.3050164,JoqWlfHHTCSMtJQqKGcbkQ
Orbitalum Tools GmbH An ITW Company,Germany,Singen,Hall 6 / B21,tube2026.3056274,Pjao6l6PT8u5mAbovdfKPw
Orbitec GmbH,Germany,Seligenstadt,Hall 6 / G29,tube2026.3035099,T5I6RAVuRfeTtR4AMiQCqA
ORI Martin s.p.a.,Italy,Brescia,Hall 12 / B16,wire2026.3045416,HKKUtuw1QxeoOgXWIgiv1w
ORT ITALIA SINCE 1964 SRL,Italy,Ticengo (CR),Hall 16 / F50,wire2026.3037840,nutLQ2JRSDmNqvIZWRt52A
OS Cargo Logistics GmbH,Germany,Ratingen,Hall 3 / F57,tube2026.3068063,b25jExjpSNGE1QQ2zw0IpQ
OS Forgings Co. Ltd.,China,Wenzhou,Hall 3 / F57,tube2026.3068706,yvzUUq81QASkBS5FTL5gbg
OSAKA FORMING & CO LTD,Japan,Osaka,Hall 4 / B16-4,tube2026.3068899,ucBoRPoQTWyG19BgXteiqA
Osborn Metals SAS,France,Longueville,Hall 1 / D24,tube2026.3047279,KbtpTBV0TTmNgYwXdsTfcg
OSCAM SRL,Italy,Torino,Hall 17 / D54,wire2026.3045826,PYrfOi9oTaG5vXF0npuWuA
OSCAR PG Ltd,Ukraine,Nikopol,Hall 4 / B38,tube2026.3054108,dA1mUYCxSBK0uMERwEO1AA
OSMETALL Steel Solutions GmbH,Germany,Ratingen,Hall 3 / F57,tube2026.3044689,sbSClLXqQ1CAZRgZ9bdpyA
Otomec S.r.l.,Italy,Olginate (LC),Hall 11 / B26,wire2026.3044826,jCfQJeTvRXeerd02Zwv1CA
Otto Bihler Maschinenfabrik GmbH & Co. KG,Germany,Halblech,Hall 10 / E59,wire2026.3041128,kFJmJNAUS9WUV5aA1ei5eA
Otto Brenscheidt GmbH & Co. KG Spezialfabrik für galvanisierte Drähte und Bänder,Germany,Sundern,Hall 9 / C13,wire2026.3059431,dY5tdppmTAG6vrc5SziTBQ
Outokumpu Oyj,Finland,Helsinki,Hall 3 / E20,tube2026.3036379,m3MNsudESEmBxTB7mEMo5w
Ovako AB,Sweden,Stockholm,Hall 13 / B22,wire2026.3036109,IVfD8pGcQF2SjuCkltVq2A
OWT GmbH & Co. KG Orbital und Sonderschweißtechnik,Germany,Mülheim-Kärlich,Hall 6 / G08,tube2026.3034174,fhHSTpbfQUibKOneErXIjg
Özkan Demir Celik Sanayi AS,Türkiye,Izmir,Hall 13 / B40,wire2026.3040907,2i9qtPxjSBmllrC99tZBzg
Ozyasar Tel ve Galvanizleme San. A.S.,Türkiye,Zeytinburnu/İstanbul,Hall 13 / D49,wire2026.3036954,jXlzCuNlTYOvFhIf4sdryA
P&C S.r.l.,Italy,Castellanza (VA),Hall 11 / B41,wire2026.3067643,F7LsaJh7TYqJXDkRcdV2Fw
P.E.I.-POINT SRL,Italy,"Limena, Padova",Hall 17 / B78,wire2026.3036135,j0251dFKSRubzO6JYvaU1A
P.K. Jeppesen A/S,Denmark,Naestved,Hall 11 / D33,wire2026.3034076,bEDMeciZSweAilFBe4Xqzg
"Pacific Roller Die Company, Inc.",USA,"Hayward, CA",Hall 6 / G26,tube2026.3043104,cpY6YanmSiKwYwMrzGM2tg
Padana Tubi & Profilati Acciaio S.p.A.,Italy,Guastalla (RE),Hall 3 / C27,tube2026.3036343,ZBsXN1MTRqG0NtUXChDF9g
PADANAPLAST,Italy,Morrovalle (MC),Hall 12 / C56,wire2026.3043087,KBy7qaZpR8KHbNdr2uaC3Q
Paganoni (division of Mario Nava S.p.A.),Italy,Bosisio Parini (LC),Hall 10 / C71,wire2026.3044122,unmAelQWTZa3IF5py6a2gA
Paleta Trans Drew Sp.z.o.o./s.z.o.o.,Poland,Debno,Hall 13 / A60,wire2026.3062513,8WjQ0Qh9RKyz8O3RyLxYFw
"Pamica Electric Material (Hubei) Co., Ltd.",China,"Xianning, Hubei",Hall 15 / F06,wire2026.3044789,KHgoB5xmRXGSyQ9DYbdpoA
Pan Chemicals S.p.A.,Italy,Rogno (BG),Hall 9 / B05,wire2026.3035406,YG2xDZvYTXqKC4gFm9Tbkw
"Pan-Pioneer Co., Ltd.",Taiwan,Taoyuan,Hall 13 / C78,wire2026.3057542,K6nmuTLxRkCKROaEW5ccZQ
Pantech Stainless & Alloy Industries Sdn Bhd,Malaysia,"Pasir Gudang, Johor",Hall 4 / F27,tube2026.3035202,yQHup29BTdy65bdHUqjfaA
"Panyu Chu Kong Steel Pipe (Zhuhai) Co., Ltd.",China,"Zhuhai, Guangdong",Hall 1 / A01,tube2026.3043333,IAxEyYWHT5aJ166nDxGhnA
Paramount Die Company,USA,"Abingdon, MD",Hall 10 / C37,wire2026.3034816,6GWKkFCZT0KojIEdC38kUg
PARNET SA,France,Orgelet,Hall 15 / E51,wire2026.3036469,PSEConMVTqapY8KL5uEc2A
PARTH DIAMOND DIE WORKS Vishnubhai Jhaveri,India,Surat,Hall 13 / C82-1,wire2026.3072528,w2RdT7rIQqqjrkj6m6Yu6w
Parth Equipment Ltd.,India,Ahmedabad,Hall 7a / E15,tube2026.3047941,Ed9z00uNTAahoU7brFMvGA
PASSER Group AS,Norway,Sandefjord,Hall 13 / D16,wire2026.3046124,i3HDZw5USXGt3274pVhHVg
PATECH METAL CO. LTD.,Türkiye,Bursa,Hall 6 / E03,tube2026.3043334,90zPC96eT5aEPw2q7EFZIQ
Patels Airflow Limited (Tube Division),India,"Ahmedabad, Gujarat",Hall 1 / F24,tube2026.3042478,ge6UaCWDT4Ot5iJ7ixIexg
"Paul Leibinger GmbH & Co. KG Numbering, Marking & Verification Systems",Germany,Tuttlingen,Hall 9 / F55,wire2026.3034018,jorTrKMhQxK2Uj1zpSefiA
PDS Profil Dilme sac Makinalari san. ve dis Tic A.S.,Türkiye,Istanbul,Hall 6 / G22,tube2026.3045794,A3Op3qRiQgKHOP0PlvahKQ
PEAKKONG SINGAPORE PTE LTD,Singapore,Singapore,Hall 1 / F37,tube2026.3035463,QfAuMvYcQ9mRmvxE76SLGA
Pedax GmbH,Germany,Bitburg,Hall 17 / D48,wire2026.3045732,xzCMhUPBSTm8MwpISoguKg
Peddington Lubricants & Coatings Pvt Ltd,India,Mumbai,Hall 15 / A05,wire2026.3036076,sRcPnjkYRemIbMGnITUd6w
PEKUtech GmbH,Germany,Buchholz in der Nordheide,Hall 9 / A37,wire2026.3034810,vSFHCU23TTmk9qExmHCDUA
"PENGYE HOLDING GROUP CO., LTD",China,Lishui,"Hall 7, level 0 / D29-1",tube2026.3065870,nHcCGevbRIaxwddUzuSfyQ
"Penta Laser (WUHAN) Co.,Ltd",China,"Wuhan, Hubei",Hall 6 / G16,tube2026.3048577,rh6msutMQxmqLpe0xiZD2w
Pentre Group Ltd. - Hearl Heaton,United Kingdom of Great Britain and Northern Ireland,"Leigh, Lancashire",Hall 9 / E25,wire2026.3044510,cKVd7wRYQTGhksOJkv9ebw
PEOPLES STEEL MILLS LTD.,Pakistan,Karachi,Hall 4 / G02,tube2026.3065915,DCHeX7AWSZGBGeSACATEjA
PESTOCHEM GROUP INC,Marshall Islands,Majuro,Hall 13 / A78,wire2026.3060038,KbcT7O22RG2oqGjyg2lG8w
Peter Fuchs Technology Group AG,Switzerland,Andelfingen,Hall 1 / B56,tube2026.3044129,baBzkloXShaLaeAsY1xbvg
Peter Holzrichter GmbH,Germany,Wuppertal,Hall 3 / E30,tube2026.3051704,aQf6jCMhRhGyyV2IfXgkSQ
Peter Holzrichter GmbH,Germany,Wuppertal,Hall 3 / E30,wire2026.3070808,JZaqWRc9SCSn1OeNcrdl3w
Peter Khu Sondermaschinenbau GmbH,Austria,Hagenbrunn-Industriegebiet,Hall 10 / C52-02,wire2026.3070040,PDXvyMP1TjyP7g5djYB56A
Peter Vossen GmbH,Germany,Düren,Hall 3 / D11,tube2026.3045594,yq5NY52rTe66MTZAmfVOFQ
Peterseim GmbH & Co. KG Metallwerke,Germany,Olpe,Hall 4 / C24,tube2026.3067414,7suiJjukQzeOfeiGZDR6pQ
Petig AG,Germany,Grevenbroich,Hall 11 / H29,wire2026.3044719,TRol3L1nShCiKBjfcTQhEQ
PFF B.V.,Netherlands,Klundert,Hall 3 / E50,tube2026.3035118,bvjS0l7GQQu9Td2Rv6CWEw
PGI Nonwovens BV - EUHQ Geca Tapes,Netherlands,Katwijk,Hall 10 / E77,wire2026.3040480,FNBXtrrDSzm7Ch0xmrBuFA
Phoenix d.o.o.,Croatia,Orahovica,Hall 16 / H17,wire2026.3045614,oQYI6VqXSdaOhVBxTwxpgg
"PIECSA Proveedora de Equipos y Consumibles de Mexico y Latino America, S.A. de C.V.",Mexico,"Apodaca, Nuevo Leon",Hall 6 / F30,tube2026.3036365,SoXgYsOYSpWtXZsffc4lVQ
PIETROBIN SRL,Italy,San Vendemiano,Hall 15 / K03,wire2026.3063716,6QvNq8C1QhaE8dTRBGeAgA
Pinghu Amazing International Trading Company Limited,China,"Pinghu, Zhejiang","Hall 7, level 0 / D01-3",tube2026.3071891,YQADDZoHTlKGAkMiPCmEuQ
"Pinnacle Precision Industry (Thailand) Co., Ltd.",Thailand,Chonburi,Hall 1 / F57,tube2026.3057158,roD8MxKqSVG4wtmv9oFJJQ
"Pioneer Machinery Co., Ltd.",Taiwan,New Taipei City,Hall 11 / F52,wire2026.3034960,ejy30jt8Q1CQaAW4IetKaA
PIPE BENDING SYSTEMS GmbH & Co. KG,Germany,Lennestadt,Hall 5 / C04,tube2026.3046089,dYlHvWCWQMOF5AcOtasSEg
PIPE TECH d.o.o.,Slovenia,Ptuj,Hall 6 / I13,tube2026.3066636,7tlvkKGcSN2R70HToM6eFw
PipeCloud OY,Finland,Espoo,Hall 6 / D18,tube2026.3050639,eaQR8Vy2SWigMQC4HKcLiw
PipeTools,Germany,Bottrop,Hall 6 / G08,tube2026.3068070,nEmf7BV4SVOG3dNPe1yGSg
Pipex Deutschland GmbH,Germany,München,Hall 3 / D18,tube2026.3062021,SQ5sVkx1T4SJnlCFEMW5Xg
PIPEX ITALIA SPA,Italy,Milano (MI),Hall 3 / D18,tube2026.3061408,mZvYxi6mRg2H6aqCvyuNZg
"PITCO, LLC",USA,"Houston, TX",Hall 7a / F19,tube2026.3067325,TZMr5sLYRuuEurFiKNW3vQ
Pittini Group,Italy,Osoppo (UD),Hall 12 / B28,wire2026.3036108,eUnieosYQBeQOePo5hWOkA
PJSC Stalkanat,Ukraine,Odessa,Hall 13 / B75,wire2026.3035036,BVXsupGgSf28nlcXZM1NYw
PKS GmbH,Germany,Mettmann,Hall 12 / A64,wire2026.3050139,6aGa2alRRkeL2J5oAQ0SyA
Plasmait GmbH,Austria,Lannach,Hall 10 / D52-03,wire2026.3062921,gqbZSEKjSdubVjTmKq65iQ
PLASTICOLOR,Germany,Gräfelfing,Hall 9 / A42,wire2026.3035461,voVeXLu2QY27te4px6ipKQ
Platestahl Umformtechnik GmbH,Germany,Lüdenscheid,Hall 3 / E11,tube2026.3036364,u6XdqgVhSJ2Icgymp9Jllw
Platestahl Umformtechnik GmbH,Germany,Lüdenscheid,Hall 11 / H51,wire2026.3036091,K22vo1v8RI6IP6S6hsB9MA
Plusmak Makina Sanayi ve Ticaret Limited Sirketi,Türkiye,Denizli,Hall 13 / E29,wire2026.3050413,tJEXX2PGQba4YoJxRGfJ3Q
"Plymouth Rubber Europa, S.A.U.",Spain,Pontevedra,Hall 13 / D17,wire2026.3058938,gwyb91waQ32tkb5JtT2pQA
"PMEA SOLAR SYSTEMS PRIVATE LIMITED SURVEY NO.325,326,327, NEAR HANUMAN, TEKRI, BHUJ--MUNDRA, VILLAGE-BERAJA,",India,Mundra,Hall 1 / D13-2,tube2026.3068707,9LW7KJ9aTROwmYthtVhjtQ
POLDI STEEL s.r.o.,Czechia,Prague,Hall 4 / A34,tube2026.3056032,lpFfsPtFQ2KGah2qkKJtBA
POLESTAR STAINLESS LLP,India,Ahmedabad,Hall 13 / C82-8,wire2026.3066421,FypCySuCQ9iOo5eGVd4P9A
Polymer-Service PSG GmbH,Germany,Seevetal-Beckedorf,Hall 13 / B72,wire2026.3059591,XHoeKuiMQaCSWqdamNhFnA
Polyplast Müller GmbH & Co. KG,Germany,Straelen,Hall 10 / B30,wire2026.3057454,zDarogalQ3KEdE9ZUVifdg
POLYSOUDE Deutschland GmbH,Germany,Dußlingen,Hall 5 / C02,tube2026.3047215,QLhPklktQ26okXz0zbwHEQ
Polytec GmbH,Germany,Waldbronn,Hall 7a / E14,tube2026.3044913,S4u6FXBaQfqWHvfhRzo1bg
POLYTEC SPA,Italy,Costa Volpino (BG),Hall 7a / C17,tube2026.3045200,Hxo3umEHRFGcbQgUzQ1NrA
Polytekno Kimya ve Teknoloji San. ve Tic Ltd. Sti,Türkiye,Istanbul,Hall 13 / A82-1,wire2026.3067433,9TnMhmSORh6JRJpDXlFM8Q
POLYTRON Kunststofftechnik GmbH & Co. KG,Germany,Bergisch Gladbach,Hall 7a / D017,tube2026.3062880,ZOHFo98AQpChHooDVMmDJQ
Pöppelmann GmbH & Co. KG Kunststoff-Werkzeugbau,Germany,Lohne (Oldenburg),Hall 4 / F28,tube2026.3036362,4oA5arxRR0yHDTkBKnUYcA
"Portas Euro Rapid, S.L.",Spain,Vilamalla (GI),Hall 1 / C52,tube2026.3035112,GLSQR12EQwmcRnblAyYVkg
Pourtier,France,Roanne,Hall 10 / F59,wire2026.3043908,5WXJLwn1S6uyFmR3DhykqA
POWER SAW INC.,"Korea, Republic","Bucheon-si, Gyeonggi-do",Hall 6 / C07,tube2026.3036498,D6nDYh5fSgSYurvhlb5gug
Pozitif Boru,Türkiye,Ankara,Hall 1 / C10-2,tube2026.3066406,Kaf6MhfATYOWz6jy5upgLg
PP Rolling Mills Mfg. Co. Pvt. Ltd.,India,"Faridabad, Haryana",Hall 6 / G14,tube2026.3039757,WeGfM8TkQDK4JkDTnQAuYQ
PRAGMA SRL,Italy,Fontevivo,Hall 7a / B02,tube2026.3057900,EDky1rd3SLexaZa4t5jlZw
PRATECH Mühendislik ve Makine San. Tic. Ltd. Sti.,Türkiye,Sancaktepe/ Istanbul,Hall 9 / C41,wire2026.3044440,1q5X7k5sQqKWVk20Z7r5oA
PRATIK WIRE AND CABLE MACHINES PVT. LTD.,India,Vadodara,Hall 13 / D77-3,wire2026.3071341,SbE8gRoQSNOw5unv4YD6yg
Pratto S.A.,Greece,Schimatari,Hall 17 / D61,wire2026.3045652,OV8x3YijSmGeYhZisurr6g
Precision Bright Steel Industries Partnership Firm,India,Chennai,Hall 13 / C82-4,wire2026.3067229,xk5H8aCkRWyfI231LQSTyQ
PREMIER INDUSTRIAL CORPORATION LTD.,India,Mumbai,Hall 13 / C76-3,wire2026.3071841,zmeiDsWvS1mQH45zUcHs4A
Preminox Ltd,United Kingdom of Great Britain and Northern Ireland,Tamworth,Hall 3 / G48,tube2026.3042719,Jkh3NS1gQCC80DPlHvVvdQ
Premix Oy,Finland,Rajamäki,Hall 13 / A57,wire2026.3064351,x57ROdp7TZmAD9LeIdCFsw
PRESEZZI Extrusion Group S.p.A.,Italy,Vimercate (MI),Hall 9 / B25,wire2026.3036046,jDFb4F7yRTusPlrcn4AJeg
PRESIDER S.P.A.,Italy,Borgaro Torinese (TO),Hall 12 / D16,wire2026.3064350,pzMFgJ2FSNObPJcW3qqkmQ
Pressta-Eisele GmbH,Germany,Bullay,Hall 6 / E28,tube2026.3069396,RoETomLrQkGZQKBoNvR47g
Pressure Welding Machines (PWM) Ltd.,United Kingdom of Great Britain and Northern Ireland,"Bethersden, Kent",Hall 9 / B41,wire2026.3035407,iXc9Nq3iTuyj3gQnOIW5wQ
"Prestar, s.r.o.",Czechia,Opava,Hall 1 / A26-4,tube2026.3064162,SbGGp8ogQWy0h3dF5InRCA
PRIMEHEAT FURNACES PRIVATE LIMITED,India,Mumbai,Hall 1 / F02-4,tube2026.3069400,IUTchnszSyGCbXbzO6Ci1w
"Primera Precision Co., Ltd.",Taiwan,Taoyuan,Hall 16 / C19,wire2026.3043745,LGCdD7n1Tg2fAVnDivoNjQ
Primetec Sp. z o.o.,Poland,Czechowice-Dziedzice,Hall 5 / F16,tube2026.3045884,feJbgOhSTduV6G7rOgCKow
PRIMO METAL SANAYI VE TICARET A.S.,Türkiye,Istanbul,Hall 15 / A20,wire2026.3035707,ddfHhJnrSZCfsOwOWXNa2Q
Profilmec S.p.A.,Italy,Torino (TO),Hall 3 / A20,tube2026.3070016,mbgNpny6SCqf5BJEMAordA
Profiroll Technologies GmbH,Germany,Bad Düben,Hall 16 / C47,wire2026.3035885,xGEymJCOShmKujc6VChwXg
Progress Maschinen & Automation AG,Italy,Brixen (BZ),Hall 17 / A24,wire2026.3044458,WYrDY25hTFuZFxTx2vUlJQ
PROGRESS PRECISION ROLLING,Poland,Tuczępy,Hall 15 / D43,wire2026.3047138,9uaeR5JZQwS9JNtD4z5rqw
Proinvest Group SRL,Romania,Pascani,Hall 3 / D56,tube2026.3044542,3sBcIx00TYGwItAsQgeHOg
Promills S.r.l.,Italy,Udine,Hall 13 / A05,wire2026.3045621,jrfyaLPYTUuDqMj1sMKNFw
Promostar S.r.l.,Italy,Buia (UD),Hall 17 / B18,wire2026.3048440,J9BjetXTSDqiwNFOAiSAFw
"PROSTAR WUXI INTERNATIONAL TRADE CO.,LTD",China,"Wuxi, Jiangsu",Hall 14 / B46-6,wire2026.3064782,VLgjzmypTreaUttdvOLeng
Proteco Srl,Italy,Quaregna Cerreto,Hall 9 / C21,wire2026.3049481,kjN7L4XeSXCbcL5pYHS8Uw
PROTOMAC EXTRUSION PRIVATE LIMITED,India,Faridabad,Hall 15 / A13,wire2026.3068879,JaNN67hsTrSTiaAioodomg
Proton Otomasyon Elektrik Makine Ins. Taah. San. ve Tic. Ltd. Sti.,Türkiye,Denizli,Hall 13 / A72,wire2026.3037330,jQXep6n3RGmBlkscANw9Ig
Proton Products Europe NV,Belgium,Merchtem,Hall 11 / A78,wire2026.3036087,1cfZYGLoS3mLIz6GTuegVw
Proton,Belgium,Merchtem,Hall 11 / A78,wire2026.3036087,1cfZYGLoS3mLIz6GTuegVw
ProXIV s.r.o.,Czechia,Kladno,Hall 13 / E30,wire2026.3046102,Wr6CbUl0TS68WM5m1N7H7Q
PS Costruzioni Meccaniche S.r.l.,Italy,Agrate Brianza (MB),Hall 10 / B23,wire2026.3034950,EpERINxNSbqKGwvCrbtb4A
PT Business Network (PTE) LTD,Singapore,Singapore,Hall 10 / B55,wire2026.3035314,Rv9RKXQnTMuKKE1OInHvQg
Pt. WIJAYA FITTINGS MFG. INDONESIA,Indonesia,Indonesia,Hall 1 / D01,tube2026.3045672,vBUBNtbbS5qpwH6bLPcfoQ
PTG Hi-Life Tools SPS International Ltd.,Ireland,"Shannon, Co. Clare",Hall 16 / E39,wire2026.3044473,r39qvsOVSPuq0wrlM14A7g
Puretronics India Private Limited,India,Mumbai,Hall 13 / A74,wire2026.3039814,v4PciDwRQUiTbBvn7XTwSw
PWT Limited,New Zealand,Auckland,Hall 15 / L29,wire2026.3045627,fHaTu4GZTrqLXZIfLE1tJQ
Pyromaitre Inc.,Canada,"Lévis, QC",Hall 16 / A28,wire2026.3064040,iQ29aVaYR8WvnYDVnvHoIA
Q-TECH SRL,Italy,Flero (BS),Hall 6 / H14,tube2026.3056990,dvHnau7FQeK2MsWzJTzRpg
Q8OILS,Belgium,Antwerpen,Hall 11 / D21,wire2026.3047437,zVpdHjyiS7etD1eYr1OJug
Q8Oils,Belgium,Antwerpen,Hall 11 / D21,tube2026.3070558,A6hrwYm4REykev6V6su04Q
Q8Oils,Belgium,Antwerpen,Hall 11 / D21,wire2026.3047437,zVpdHjyiS7etD1eYr1OJug
QASS GmbH,Germany,Wetter,Hall 6 / F03,tube2026.3056848,N7awABIaTVujF6CAYXkqKA
QED Wire Lines Inc.,Canada,"Vaudreuil Dorion, QC",Hall 12 / B48,wire2026.3045391,ug6vRdkjR82SpsNf5Wiiww
"QILI HOLDING GROUP CO., LTD.",China,"Wenzhou, Zhejiang","Hall 7, level 0 / G04-6",tube2026.3059714,d24SW1VXSLGWHSel3atuGQ
"QINGDAO LOLO PIPELINE CO.,LTD",China,"Qingdao, Shandong","Hall 7, level 0 / A01-3",tube2026.3068897,r8vJ1d8eSUC5iYdoZYwK0w
Qingdao Pengfeng New Material Technology Co. Ltd.,China,Qingdao,Hall 14 / D54-3,wire2026.3068285,Q92LcWxFT3mBrqUho6riJA
"QINGYUN STAR FITTINGS CO.,LTD",China,"Dezhou City, Shandong Province","Hall 7, level 0 / G04-10",tube2026.3059718,xPgwIaMZTXWn4YCdyNY79A
"QINHUANGDAO TAIDY FLEX-TECH CO., LTD",China,"Qinhuangdao, Hebei",Hall 6 / J24-1,tube2026.3067190,W0DkcB3xQMuhXLMwhS6Q4g
QUAKER HOUGHTON SALES BV,Netherlands,Uithoorn,Hall 9 / C03,wire2026.3040918,U8GsflfXSHyrED7UMhS0Qw
QUAKER HOUGHTON SALES BV,Netherlands,Uithoorn,Hall 4 / H41,tube2026.3042180,h4kMCaiGSqiIaeE2EfkFAA
Quick-Set AB,Sweden,Bredaryd,Hall 5 / A18,tube2026.3035206,r1VqTR3YTre3Wik5kdWIgw
R&WTech s.r.l.,Italy,San Lazzaro di Savena,Hall 17 / D52,wire2026.3046213,tzvmoEc5TxuoLzxLPbWB3g
R. L. Steels & Energy Ltd.,India,"Aurangabad, Maharashtra",Hall 15 / C12,wire2026.3041574,az1PB5KnTaaUTB8Mk8WVRw
R.T.P. Paganoni S.r.l.,Italy,Cesana Brianza (LC),Hall 11 / B22,wire2026.3043907,joZpBDCuS2Oh2Z2qiQiOeA
Raajratna Germany GmbH,Germany,Bergisch Gladbach,Hall 12 / D60,wire2026.3041647,OKIc7eWaR52N5PqgIVBarA
RAD-CON Inc.,USA,"Lakewood, OH",Hall 9 / D06-3,wire2026.3059987,FfQpZwLeSaOkUQh5CwEX6Q
RADIANT INDUSTRIES,India,"Ludhiana, Punjab",Hall 13 / C70-2,wire2026.3067430,YneuNzrpSWKsIBOit3yYcA
Radyne,United Kingdom of Great Britain and Northern Ireland,"Basingstoke, Hampshire",Hall 9 / A50,wire2026.3043960,hbxrhl7zR7O6NSrdiGBPVg
RAHUL WIRE PARTNERSHIP FIRM,India,Bhiwadi,Hall 13 / D81-1,wire2026.3071339,KyLs2K5cSbmxCMo0MUzLpA
"Rainbow Rubber & Plastics, Inc.",USA,"Reading, PA",Hall 9 / E20-1,wire2026.3059989,6EtXHEAHQaih9WEwmOMivg
RALC Italia S.r.l.,Italy,San Giorgio di Nogaro (UD),Hall 6 / A39,tube2026.3034760,DJdjKRRySCOLjpiphZyUiQ
Rapid Engineering Co. Pvt. Ltd.,India,Noida,Hall 17 / B01,wire2026.3046083,J6fbY7EWQCOIkvbc6mjaCA
Ratanakar Wire Private Limited,India,"Pithampur, Madhya Pradesh",Hall 15 / A43,wire2026.3059124,ZSC36BW3RSO9f1SwEPDTpQ
Ratnadeep Metal & Tubes Limited,India,Gujarat,Hall 3 / A17,tube2026.3040948,86i1A2v4SNekVs556YA1bA
Ratnamani Metals & Tubes Limited,India,Ahmedabad,Hall 4 / F04,tube2026.3053315,BMhIGrNpRV6MJwC7rRT3hQ
RATTUNDE AG,Germany,Ludwigslust,Hall 6 / E19,tube2026.3036373,eRBv9ZrEQPKc2w8VuxFnoQ
Rautomead Limited,United Kingdom of Great Britain and Northern Ireland,Dundee,Hall 10 / B56,wire2026.3044745,TuuX0XabSw21J0x0KaYDkA
RAVNI Technologies SAS,France,Roche la Molière,Hall 10 / D18,wire2026.3033976,aQ8tKxK3QXu0fg2luF5lwA
RAVNI Technologies SAS,France,Roche la Molière,Hall 5 / B35,tube2026.3034118,iEju4LZESAyrO2PYYSDQKA
Raynar,"Korea, Republic",Daejeon,Hall 6 / C20,tube2026.3048574,NmuCb47xRKqQJJunW69K2g
Raytron International Co Ltd,"Hong Kong, China SAR",Kowloon,Hall 13 / C83,wire2026.3051101,YbSQfhwVQESe7gKlFV5WIA
RCIcast,Türkiye,Denizli,Hall 13 / A72,wire2026.3037330,jQXep6n3RGmBlkscANw9Ig
Re-Bo Reber GmbH Spezialfabrik für Metallkreissägeblätter,Germany,Bopfingen,Hall 6 / A25,tube2026.3036505,j9hJzqF9R1aqpuD1fv8dnQ
REA Elektronik GmbH,Germany,Mühltal,Hall 6 / D09,tube2026.3045386,CYxK1C8lSSK2luH7bhvnfg
Reber Systematic GmbH + Co. KG,Germany,Reutlingen,Hall 10 / H60,wire2026.3044025,hJFwn8mMTw228eDqENbdMA
REDEX S.A.S,France,Ferrières-en-Gâtinais,Hall 10 / D60,wire2026.3043246,LNAIeVrPQdy4vEjgRL2lSg
REDIES s.r.l.,Italy,Giussano (MB),Hall 9 / B17,wire2026.3046656,2GcMkSk4Rg66uKgn4ekebQ
Redimo GmbH,Germany,Willich,Hall 16 / H43,wire2026.3048571,4s7xlhBPROSBxpzmFuIDpg
"REELEX Packaging Solutions, Inc.",USA,"Patterson, NY",Hall 9 / F06-1,wire2026.3059988,1aabOL0uSZm16JkvyfnCqw
Reichenbach Equipamentos Indústria e Comércio Ltda.,Brazil,Carapicuíba - São Paulo,Hall 11 / C40,wire2026.3038323,q0zbysmgQqqULVFFNMzJzQ
REIKA GmbH,Germany,Hemer,Hall 6 / A01,tube2026.3063908,7WStjAKpSJeNFlFfst9d2A
Reimann Industrietechnik GmbH,Germany,Passau,Hall 13 / A25,wire2026.3035019,EQgD9SlNRgaqpX4EIZkIpg
Reinforcing Steel Europe B.V.,Netherlands,Almelo,Hall 11 / A74,wire2026.3044941,sjhjoFYGTim8tX0uB6GTcA
Remi Claeys Aluminium NV,Belgium,Lichtervelde,Hall 3 / D49,tube2026.3044539,I6ckkyutQVmMnXMc8qkAlQ
Remsa Italia S.r.l.,Italy,Costa Masnaga,Hall 4 / B23,tube2026.3067772,PKu34g5nQMuADX0Z4oL1ag
Renova S.r.l.,Italy,Sesto San Giovanni (MI),Hall 15 / L56,wire2026.3034417,8RlXg3TXT7G4ctsEI5WfKA
"RENQIU BORUI HARD MATERIAL CO.,LTD.",China,"Renqiu, Hebei",Hall 14 / A12-5,wire2026.3058904,ZdhQPX0qS2iTjD3h3GuZxw
"RENQIU RUIMING CABLE DRUM CO., LTD.",China,"Renqiu, Hebei",Hall 14 / F22-1,wire2026.3065032,gQ8q14RoS3m9QCIWFPxJxQ
REPSOL,Spain,Madrid,Hall 13 / A52,wire2026.3044850,OFdZO5BASnGNnuazFvZ5VA
RESY,Germany,Reutlingen,Hall 10 / H60,wire2026.3044025,hJFwn8mMTw228eDqENbdMA
rff Rohr Flansch Fitting Handels GmbH,Germany,Stuhr,Hall 1 / B57,tube2026.3043858,q2CC8mPQQLWnfLwm4RLuEA
"RichardsApex, Inc.",USA,"Philadelphia, PA",Hall 9 / F06-5,wire2026.3059990,EShjcYpbSDeaWswoER6bxw
Ridgway Machines Ltd.,United Kingdom of Great Britain and Northern Ireland,Leicester,Hall 11 / G04,wire2026.3045807,yPUGuqVWSJKInGnSxfeETQ
RIGHI ELETTROSERVIZI SPA,Italy,Bora di Mercato Saraceno (FC),Hall 11 / G49,wire2026.3046505,Mv8KHgMeQ3yzmmovnTgnDw
Rimjhim Ispat Ltd.,India,Kanpur,Hall 11 / G21,wire2026.3043896,MeVWBzOfSguzNOPjSLsBIg
RiTeBo GmbH,Germany,"Hemer, Deilinghofen",Hall 9 / C13,wire2026.3057270,p71rQzanRKet20k47gmn6Q
Riva Stahl GmbH,Germany,Hennigsdorf,Hall 13 / A02,wire2026.3036121,YMmF6WCZQN2vP7YNR3C7vg
Riveco GeneralSider S.p.A.,Italy,Chieti Scalo,Hall 4 / C36,tube2026.3035360,TU1rSdD9TBmUN8J7H6Yd3Q
RIVIT S.p.A.SB,Italy,Caltrano (VI),Hall 1 / E35,tube2026.3036026,9czh51VkSTuuVQ55oOk4RQ
RKB Europe SA,Switzerland,Balerna,Hall 16 / F26,wire2026.3038165,pyqDBIxHQ7WZ4rAl8Xx1Lw
RM Rolling and Automation GmbH,Germany,Karlsbad,Hall 16 / F26,wire2026.3071138,QAYP80FnTQWl4MoVXjrEWA
Roblon A/S,Denmark,Frederikshavn,Hall 9 / E42,wire2026.3034050,MTqQ9fYsRBqVWFK14Drhyg
"Rockford Manufacturing Group, Inc.",USA,"South Beloit, IL",Hall 16 / G40,wire2026.3045747,9fCJ4KGXSSuxla3W88ojGw
Rocklinizer Vertretung Europa Hans-Georg Feldhaus,Germany,Marienfeld,Hall 5 / J10,tube2026.3074510,z10SO1SVQ3m5RzCaeJ5XYA
Rodacciai S.p.A.,Italy,Bosisio Parini Lecco (LC),Hall 11 / B40,wire2026.3039273,LrsRgaFLTkWC4FEgo41jqQ
RODER Engineering AG,Switzerland,Münsingen,Hall 9 / C13,wire2026.3057665,bs1JWlwXSRaxLfigJo9GSA
Roeslau Wire GmbH & Co. KG,Germany,Röslau,Hall 10 / G56,wire2026.3067675,LYVC1VzDSmGkD1lNPhSiCg
Rohmann GmbH Wirbelstrom-Prüfgeräte und -Systeme,Germany,Frankenthal,Hall 16 / H49,wire2026.3037841,6K9k6g0gQ8ORAcSsqPTm0w
Rohrbogen AG,Switzerland,Pratteln,Hall 3 / A57,tube2026.3044570,T3ZevKy5QJSgGpSYtwb0Pw
ROLF SCHLICHT GmbH,Germany,Reinfeld,Hall 12 / B47,wire2026.3036761,rQ4yBb7wQWyx9kGUA5dwBw
"RoMin Stainless Steel Co., Ltd",China,"Taizhou, Jiangsu",Hall 14 / F12-3,wire2026.3068093,tiAqpNqbTR6LLsXdAL0Fvw
Ronconi SpA,Italy,Opera (MI),Hall 3 / B12,tube2026.3042608,lEnuQsdjRYeUZiYBeM9yow
Ronmas GmbH,Germany,Essen,Hall 6 / C21,tube2026.3045756,bjEPm0WxQ3qvLDh3iGr9gw
Rosendahl Nextrom GmbH,Austria,Pischelsdorf,Hall 9 / A60,wire2026.3034367,MoVSbSE5SlWxXqlpbs7fgg
Rosendahl Nextrom,Austria,Pischelsdorf,Hall 9 / A60,wire2026.3034367,MoVSbSE5SlWxXqlpbs7fgg
Rosenxt Group,Germany,Wietmarschen-Lohne,Hall 7a / F10,tube2026.3034525,NaF7siA9SeuPveLVlRQldQ
Rossi GmbH,Germany,Dreieich,Hall 6 / B18,tube2026.3054703,wPPDk0BbRNqbs9leYM49bw
Rossi S.p.A.,Italy,Modena (Mo),Hall 6 / B18,tube2026.3054794,tPow2qMQSEKvuH85diX1gg
"Rost Group & Technology Co., Ltd",Taiwan,Taipei,Hall 16 / H44,wire2026.3045742,fuLGPA72QmeK1nF0nrGsng
Roteq Machinery Inc.,Canada,"Concord, ON",Hall 9 / B21,wire2026.3040857,oA032ClJQNGrZdSgw9s0Cg
Route Pipe Works Pvt Ltd,India,"Jalna, Maharashtra",Hall 1 / D13-1,tube2026.3068069,kZ1JNoe1SRye3s8QTvND0A
ROXOR Abrasives B.V.,Netherlands,Best,Hall 16 / F32,wire2026.3045301,qqcBeJccRxyazNGZeZRznQ
"Royal Range International Trading Co., Ltd.",China,"Jiangyin, Jiangsu",Hall 14 / D04-4,wire2026.3058921,9z7wVgP7Qh2pJOiEZWYBqQ
Royle Systems Group LLC,USA,"Teterboro, NJ",Hall 9 / F06-3,wire2026.3059991,jyOH6JJDR8iXQF1OGP98qQ
RSA cutting technologies GmbH,Germany,Schwerte,Hall 6 / E28,tube2026.3045688,rzwSJxO4TxakqQ9q9wLivw
RSA TESISAT MALZ.SAN.VE TIC.A.S,Türkiye,Istanbul,Hall 1 / B19,tube2026.3045152,fJrOCPUMQx6hGlLVwDMwWw
RSD Technik GmbH,Germany,Efringen-Kirchen,Hall 10 / H72,wire2026.3040534,Lenh3kTuTAC0vYt4KzX4wA
RSTEEL Fabrica de Tubos Metalicos SA,Portugal,Lousado,Hall 3 / C38,tube2026.3045768,vOJcSCXTTEqMT4aXjjzL9Q
rt steel s.r.o.,Czechia,Chomutov,Hall 3 / A23,tube2026.3044540,Zfnv69e6QzSBwkVFmCpzKA
Ruby Mica Co. Ltd.,India,"Giridih, Jharkhand",Hall 9 / E54,wire2026.3046072,YjZKwo6mTziHbAa639yWyg
Rudi Knopp Maschinen GmbH,Germany,Rohrdorf,Hall 6 / A23,tube2026.3043101,jErrbMegSzS7n2uXxcO0kw
Rudolf Rafflenbeul Stahlwarenfabrik GmbH & Co. KG,Germany,Hagen,Hall 13 / A21,wire2026.3036111,2VM5BYAuRrqb0NtVri1o0g
Ruihan Precision Technology (Jiangsu) Co,China,Nantong,Hall 14 / B54-6,wire2026.3066831,uXCNkmH5TmKUuz3GO3C1GQ
S Plus Tube Tech (Partnership Firm),India,Gandhinagar,Hall 3 / E44,tube2026.3064432,mpTQuIFfQSmw23X5SFe0ug
S+P Samson GmbH,Germany,Kissing,Hall 12 / B61,wire2026.3034361,qIkfdLW8RCGIFRMjZ8FP5g
S.F.E. GROUP,France,Etoile Sur Rhone,Hall 6 / E30,tube2026.3066628,2UqjR7JBQRGvzqJLGxvTaw
S.I.C. srl - Steel Italian Consultants,Italy,Agrate Brianza (MB),Hall 1 / E54,tube2026.3073727,IDIpABqIQP6iXdh2nNYpfw
Saar-Hartmetall und Werkzeuge GmbH,Germany,Püttlingen,Hall 6 / B03,tube2026.3039509,992AAKSlR0SnVGqRJsJzfg
Saarstahl AG,Germany,Völklingen,Hall 12 / A72,wire2026.3044092,9DF95nABQM6TAK5ZTTPpag
Saarstahl Precision Bright Steel GmbH ehemals Saar Blankstahl GmbH,Germany,Homburg,Hall 12 / A72,wire2026.3054796,HBZNvkDoSCioOhjP1YUFDg
Saarstahl Precision Welding GmbH ehemals Schweißdraht Luisenthal GmbH,Germany,Völklingen,Hall 12 / A72,wire2026.3054795,y6jWMnaKTk2u7Jq3p6rgVQ
Saarstahl Precision Wire GmbH ehemals Drahtwerk St. Ingbert GmbH,Germany,Sankt Ingbert,Hall 12 / A72,wire2026.3054797,q6yifgY2SEyl35lsC0XJjQ
Sachsenröder GmbH & Co. KG,Germany,Wuppertal,Hall 10 / A77,wire2026.3040858,ZgPUIzJGTdaE4zAIrSZ37A
Sacma Limbiate S.p.A.,Italy,Limbiate (MB),Hall 16 / E40..E44,wire2026.3044999,GncAc8wMSRy0Qpx2bVLNHg
"SACO AEI Polymers, Inc.",USA,"Sheboygan, WI",Hall 12 / A11,wire2026.3042697,YAjumt33Tm65AWAKBfXbEA
SADEVINOX SAS,France,Annecy Frankreich,Hall 11 / E30,wire2026.3035413,vI3ejLRKSDKaPKT8MUbLsQ
SAET S.p.A.,Italy,Leini (TO),Hall 6 / C13,tube2026.3048576,M36WKd3fTMiqVZwayvVx0g
SAGLAM METAL SAN ve TIC AS,Türkiye,Kocaeli,Hall 17 / D34,wire2026.3045000,2yiCWkbJQ5GXoyRrLQmgnw
Sağlamlar Punta Kaynak Otomasyon Makina San. ve Tic. Ltd. Şti.,Türkiye,Ni̇lüfer/ Bursa,Hall 17 / D62,wire2026.3041401,ENona3KgTwKsWt6H5xcWuA
SAHINLER Metal Sanayi Ve Ticaret A.S.,Türkiye,"Orhanli, Tuzla",Hall 15 / D24,wire2026.3045633,fCerHI5wTFKVc3gbHS8IKA
Saint-Gobain IndustrieKeramik Rödental GmbH,Germany,Rödental,Hall 15 / A02,wire2026.3035056,jciBYRYqT2auVr6iza8u1w
SAIZAR Strapping Machines S.L.,Spain,Belaunza,Hall 6 / C19,tube2026.3037168,GX8iezgVQD23RxnQq6mZRw
SAIZAR Strapping Machines S.L.,Spain,Belaunza,Hall 11 / H73,wire2026.3037011,eZ6yQ0beRRahS66frgC9jw
Sakamura Machine Co. Ltd.,Japan,Kyoto,Hall 16 / G44,wire2026.3045965,0jTEQmyMSiyXj3xaDnnPew
Salzgitter AG,Germany,Salzgitter,Hall 4 / H42,tube2026.3034181,VumZaxauTnCLgxatV3Jp8Q
Salzgitter Mannesmann Grobblech GmbH Rohrbiegewerk,Germany,Mülheim an Der Ruhr,Hall 4 / H42,tube2026.3064229,vrkAVKZ5SzO5VrkbH6xBYQ
Salzgitter Mannesmann Handel GmbH,Germany,Mülheim an der Ruhr,Hall 4 / H42,tube2026.3064230,qjKssuaES4aMYsAXT1uYBQ
"SAM WO POLISHING MATERIALS (H.K.) CO., LTD","Hong Kong, China SAR",Hongkong,Hall 1 / B39,tube2026.3035462,GzS8g2vzTf6sJYo8ozVjnQ
"SAMCO TECHNOLOGY CO., LIMITED",China,"Lishui, Zhejiang",Hall 14 / B62-6,wire2026.3069736,4b4LRHwZTAeRsrBhAcGxjw
SAMHWA STEEL S.A.,Luxembourg,Bettembourg,Hall 9 / B26,wire2026.3044958,i2ZojJ2wSgeu0aqsMtiNCg
SAMP S.r.l.,Italy,Bologna,Hall 9 / C60,wire2026.3034806,d8Fs86HSTnW77R58OUQy5w
SAN EKI LTD.,Japan,"Hadano, Kanagawa",Hall 3 / A41,tube2026.3051214,SbedfujMR0m7l5xagSRuQA
SAN SHING FASTECH CORP.,Taiwan,Tainan City,Hall 16 / E21-3,wire2026.3063382,rpzyO4xASQ2zOpySWUJLIA
"San-Yung Electric Heat Machine Co., Ltd.",Taiwan,Chang Hua Hsien,Hall 16 / A14,wire2026.3063366,lYEsmnnuS1OrZJznNOGfpg
SANKIN Corporation,Japan,Osaka,Hall 1 / E79,tube2026.3065160,PQqFUZBFTCC8f5jlsV4niA
"Sankyo & Co., Ltd.",Japan,Tokyo,Hall 3 / A47,tube2026.3040351,QnPvB42nSlaSCFYbcSsfrA
"Sanmei Works Co., Ltd.",Japan,"Kasugai-City, Aichi-Pref",Hall 16 / C39,wire2026.3041596,3PQ1g7N5TtmBSqIuLCnGCw
SAR YAYINCILIK MEDYA VE TURIZM SAN.TİC.LTD.ŞTİ (KABLO TEL DÜNYASI),Türkiye,Esenyurt/ İSTANBUL,Hall 11 / G02,wire2026.3044557,jcwQfULoSJqp7gpH89Wqaw
SARKUYSAN Elektrolitik Bakir Sanayi ve Ticaret A.S.,Türkiye,Darica / Kocaeli,Hall 10 / H73,wire2026.3034823,F3Pn949nSEa3TR222LCXdQ
SARL ATOM METAL,Algeria,Oran,Hall 15 / L15,wire2026.3034329,nOnWubUBSXCD6jWxOsjQrw
SARMAKINA Sanayi ve Ticaret A.S.,Türkiye,Kocaeli,Hall 10 / F74,wire2026.3034819,CP24RwEKSRq8JKENPjEQGQ
Sarvasv Machinery & Equipments Pvt. Ltd.,India,Rajasthan,Hall 9 / F78,wire2026.3044437,znboZ5zXTtqUKgx1LeSXNg
SAS Aperam Alloys Rescal,France,Epone,Hall 11 / E60,wire2026.3071434,GHDtiBUVRMCo7UHnEXnSvA
SAS Engineering and Planning Srl,Italy,Suello (LC),Hall 9 / E60..F60,wire2026.3036793,SFLWcF60SECeyPM1mYeWXA
Sassenscheidt & Co. GmbH,Germany,Nachrodt-Wiblingwerde,Hall 11 / H42,wire2026.3066498,CoDV5zCCSCioPgWc1W1tyA
SC SENAL-COM SRL,Romania,Bacau,Hall 1 / F26,tube2026.3047522,rSum5hC3TXm44Anf9uTYUA
Scandinavian Cable Service Oy,Finland,Pornainen,Hall 13 / E15,wire2026.3045640,PxaNxoDdRyGBM3LqDqqqcQ
Scheffer Krantechnik GmbH,Germany,Sassenberg,Hall 1 / A59,tube2026.3045402,ZJSVCcyXRzqP0XYxfvaltg
Schlatter Industries AG,Switzerland,Schlieren,Hall 17 / A04,wire2026.3038674,HFz6XqPPSIe2v95rND2SDQ
Schmale Maschinenbau GmbH,Germany,Altena,Hall 9 / C13,wire2026.3069059,QHq2r1H6R6KcYEzNlK430A
Schmidt & Co GmbH,Germany,Waldkraiburg,Hall 9 / B22,wire2026.3044593,ggvuqLRpTIS2yaTrmpRl7A
Schmidt Maschinenbau GmbH,Germany,Gummersbach,Hall 11 / A59,wire2026.3034952,fbYN4rVHSkGsesYFb7QNdA
EISEN SCHMITT,Germany,Karlsruhe,Hall 1 / A59,tube2026.3050322,sfe4NxHGTryEOidbyIwqiA
Schmitz Industrievertretungen oHG,Germany,Erftstadt,Hall 11 / H55,wire2026.3040524,QItAz3JyRdOXUTmnu8OIoA
Schnell S.p.A.,Italy,Colli al Metauro (PU),Hall 17 / A46,wire2026.3044560,M0LsggXuQ5CNSQo9NEzKQg
Schoeller Werk GmbH & Co. KG,Germany,Hellenthal,Hall 3 / D47,tube2026.3045348,jCcujxMNTcK9TTN9vwbaIA
"Schuesheng Technology Company,Ltd.",China,"Chengdu, Sichuan",Hall 14 / A46-3,wire2026.3059535,e9mKV2NtTq20I23xZDWT3g
Schwarze-Robitec GmbH & Co. KG,Germany,Köln,Hall 5 / E31,tube2026.3048884,GKyH4n4PTV2ZJ2BIrBC3cw
Scleros SpA,Italy,Anzola D'Ossola (VB),Hall 11 / H60,wire2026.3036977,prhudEcaStKbiEh3I19aTw
Scoda Tubes Ltd.,India,"Rajpur, Kadi",Hall 3 / G06,tube2026.3042023,DPyZJLdnRiy3JCiLnKdzsQ
Scorta S.r.l.,Italy,Lazzate (MI),Hall 16 / C21,wire2026.3042971,F8hixSB9QzGktpqkWXIIhg
SCR Technologies,USA,"Carrollton, GA",Hall 9 / A05,wire2026.3045810,HepCuwTyQGqouRIKBb7OXQ
"Screate DALA Technology Co.,Ltd",China,Chengdu,Hall 15 / E02,wire2026.3036107,XOdG38jrSmivUwwgxAqGWg
"SEA Enterprises, a.s.",Czechia,Chomutov,Hall 1 / A12,tube2026.3063761,BQW1eS1pTTafBsv3n87gLw
"SeAH CO.,LTD","Korea, Republic",Seoul,Hall 3 / D17,tube2026.3045763,ZuIXXDHtQpyN3Gx9asN4Bg
SEAUD SRL,Italy,Remanzacco,Hall 15 / H03,wire2026.3052062,ivaRT2mIQzSm9xJWz5crhw
Sebir S.A.,Spain,Castellbisbal (Barcelona),Hall 10 / B37,wire2026.3036798,7mvOeEleThuEWJzFfoVuog
"Sechang Steel Company Co., Ltd.","Korea, Republic",Jeongeup City,Hall 1 / A25,tube2026.3053050,woVy5ffbQkKzLwfhf8OW2Q
Seeberger GmbH + Co. KG,Germany,Schalksmühle,Hall 4 / C15,tube2026.3034767,LyJZDOd0TaCSscc5xv6jbA
SEFA-steel GmbH,Germany,Düsseldorf,Hall 1 / E54,tube2026.3057664,Piq0WNDwQOOO80mvHBol8Q
"SEIND Intelligent Equipment Co., Ltd.",China,Zhejiang,Hall 7a / E09,tube2026.3057813,hqTSasKmTSmw0r5FmC50QA
Selmers B.V.,Netherlands,Beverwijk,Hall 4 / G28,tube2026.3036350,iVT78VNTQWibf0uM4QN4HQ
Senger GmbH,Germany,Schwarzenbach,Hall 6 / E31,tube2026.3067328,HhoqaHGDRRKu1gtxQym02w
Sensac Yassi Metal San. ve Tic. A.S.,Türkiye,Kocaeli,Hall 12 / E56,wire2026.3035089,fo6bTJYtQ5eJlQyCXFUHzA
Sensoptic S.A.,Switzerland,Losone,Hall 12 / A21,wire2026.3063129,FOIH4oQBSuOl4BAAwvXRFQ
SERMOCOL LDA,Portugal,Travassô,Hall 16 / A05,wire2026.3068610,upwtHCXEQdyjnqxPeV5PPA
SETIC POURTIER SAS,France,Roanne,Hall 10 / F59,wire2026.3043908,5WXJLwn1S6uyFmR3DhykqA
SEUTHE GmbH,Germany,Hemer,Hall 6 / A01,tube2026.3066461,49Qjbku0Q524CtWmKweIcQ
Seval Kablo Aydinlatma Cihazlari Ithalat Ihracat Sanayi ve Ticaret A.S,Türkiye,Denizli,Hall 13 / C10,wire2026.3069627,VBSS4PQARmOVfqAZJWN6tA
SevenHeaven AI Ltd,Finland,Ylivieska,Hall 4 / C44,tube2026.3059408,KXV3g09KT6WxlPLjYp1Yig
SEZERSAN MAT. VE AMB. SAN TIC A.S.,Türkiye,Konya,Hall 15 / D30,wire2026.3044450,XODr6FBJSKy5Vhf2l0cvxw
SGN STEEL GmbH,Hungary,Abony,Hall 1 / C20,tube2026.3036774,SuRcEkJLTy6HySk4QaWihA
SGN-STEEL Kft,Hungary,Abony,Hall 1 / C20,tube2026.3036774,SuRcEkJLTy6HySk4QaWihA
"SHAANXI METALONG INDUSTRIALS Co., Ltd.",China,"Xian, Shaanxi Province",Hall 14 / C38-2,wire2026.3064098,yvmA9ILySEivwXngBBlgjg
Shakti Forge Industries Pvt Ltd,India,Rajkot,Hall 1 / A39,tube2026.3036369,8xLZq0EsRB2wPprQzlMDag
Shakun Polymers Private Limited,India,"Vadodara, Gujarat",Hall 15 / H12,wire2026.3070143,4FcYh7RNSt2L6Gb2cDRSmw
Shalco Industries Pvt. Ltd.,India,Mumbai,Hall 4 / H12,tube2026.3034761,1Y73va2fQuC1ViXEJecgpg
"Shandong Aiguo Forging Co., Ltd",China,"Jinan, Shandong","Hall 7, level 0 / A29-2",tube2026.3064457,Ar4Lv4hjRqu0G64QaRei4w
"Shandong Chengde Forging Co.,Ltd",China,"Jinan, Shandong","Hall 7, level 0 / B26-7",tube2026.3069403,t7kXclJPTEKMlgSyUjwQPA
"Shandong Chief Fluoride New Materials Co., Ltd.",China,"Zibo, Shandong",Hall 14 / A21-4,wire2026.3063198,2fhY3jRKQ1eDjNUG77KLXA
"Shandong Feihong Engineering Machinery Co., Ltd.",China,"Jining, Shandong",Hall 14 / A38-5,wire2026.3064064,aPTH9XLyQnWxwZmDsO8h3Q
Shandong Gold-Star Spring Co Ltd.,China,Zibo,Hall 16 / C14,wire2026.3044271,FLPPY3eGSxCZXGPOdNbvRw
"Shandong Haichuan Intelligent Equipment Technology Co., Ltd",China,"Weifang City, Shandong Province",Hall 6 / J15-1,tube2026.3067560,CMv4mDE2RaubljXR7cDzYA
"Shandong Herong Metal Products Co.,Ltd",China,"Rizhao, Shandong",Hall 1 / F53,tube2026.3045582,ElbHnNJlTqOlpYjDaIPUrA
"Shandong Hongmin Metal Forming Tech Co., Ltd.",China,"Jinan, Shandong Province",Hall 6 / J13-3,tube2026.3063717,D0oRUO17Tf2I9GMJd4072Q
"SHANDONG HUAMEI PRECISION CASTING CO., LTD.",China,"Linyi, Shandong","Hall 7, level 0 / A01-1",tube2026.3065165,2J7B9ACWSxCSr5yYd0wz8A
"SHANDONG JIGANG SECTION CO., LTD.",China,"Jinan, Shandong","Hall 7, level 0 / G09-2",tube2026.3061091,cUC5RnmMT2qtVpp4sCEBKQ
"Shandong Jingwei Steel Cord Co., Ltd.",China,Weifang,Hall 14 / A54-4,wire2026.3064047,wrsSfFA4SWCoV44IX1RF0w
"SHANDONG LIAOCHENG ZGL METAL MANUFACTURING CO., LTD.",China,"Liaocheng, Shandong Province",Hall 6 / I04-1,tube2026.3068960,IgzN8CzGTZCjTEQ3ZVV4lQ
"SHANDONG MINGLIAN NEW MATERIAL CO., LTD",China,"Weifang, Shandong",Hall 14 / C38-3,wire2026.3064101,zXPQN2QIQVGMBA9mwm0u4A
"Shandong Panjin Steel Pipe Manufacturing Co.,Ltd",China,"Shouguang, Weifang, Shandong",Hall 6 / J33-2,tube2026.3072784,oG2vxOGtQWylwTkt88KeAg
"SHANDONG TIANPING STEEL CO., LTD.",China,"Liaocheng, Shandong",Hall 6 / J16-1,tube2026.3066377,4e2FSj1zR4iRK70bBP1JqA
"SHANDONG XINHEYUAN HEAT TRANSFERRING TECHNOLOGY CO., LTD.",China,"Taian, Shandong",Hall 6 / J20-2,tube2026.3064232,nBVWJNNxQZKTXFBkEjZoOw
"Shandong Yuhua Composite Materials Co.,Ltd.",China,"Heze, Shandong",Hall 14 / A03-7,wire2026.3064784,SYb2gmA9TCaaZAtYtcdICw
"Shandong Zhongli Steel Pipe Co.,Ltd.",China,Liaocheng,Hall 6 / J13-4,tube2026.3062777,HyJgdWakQUGo4cZDG2Ih1w
"Shandong Zhongnuo Wangda New Energy Equipment Co., Ltd",China,"Jinan, Shandong","Hall 7, level 0 / A26-3",tube2026.3065868,qB1DeWgjQFutyJWnC4kp6A
"SHANDONG ZOUPING JIANHUA INDUSTRY CO., LTD",China,"Binzhou City, Shandong Province","Hall 7, level 0 / A29-1",tube2026.3064454,dHTXfXIzRHioCNMKz9ZeKw
"Shanghai Ali-mama Steel Trading Co.,Ltd.",China,Shanghai,Hall 14 / D22-3,wire2026.3058877,aXL2C17kSFGeF5pJ6eJSCQ
"SHANGHAI BOZHONG METAL GROUP CO.,LTD",China,Shanghai,"Hall 7, level 0 / G11-1",tube2026.3060622,0HIiZdp7QQmFRdQ2HQNNHw
SHANGHAI C&N INDUSTRIAL GROUP LIMITED (HONGCHENG),China,Shanghai,Hall 3 / A02,tube2026.3041396,Fa5rLCyETKyulOs7Y7MpTw
"Shanghai Chuanli Industrial Co., Ltd",China,Shanghai,Hall 6 / J15-2,tube2026.3064236,XWisIwotQjGsVN3f3apTUQ
"Shanghai Dehong New Materials CO.,LTD",China,Shanghai,Hall 14 / D04-2,wire2026.3058891,7A73eJmdR8aqfBXzxHJtOA
"Shanghai Dielec Electrotechnics Co, Ltd",China,Shanghai,Hall 14 / E12-4,wire2026.3068095,vQmmPt3qRRqnpdXAFIxykQ
"Shanghai Eraum Alloy Materials Co., Ltd.",China,Shanghai,Hall 6 / I36,tube2026.3063743,ReUaFeZNS06gj01u9MDlcQ
"Shanghai Geili Precision Dies Co., Ltd",China,Shanghai,Hall 14 / A04-2,wire2026.3062482,4eJidFf4RCGLrTP1Bu0aDg
"Shanghai Gengyun Industrial Co., Ltd.",China,Shanghai,Hall 13 / E10,wire2026.3064831,63zXIK69RXG3H77lZ7c8jg
"SHANGHAI GUANXIN FORGING CO.,LTD.",China,Shanghai,Hall 1 / B22,tube2026.3036356,GfsQWxpRTAKIMefbl1Fkow
Shanghai Honghui Optics Communication Tech.Corp,China,Shanghai,Hall 15 / A50,wire2026.3050561,gBjWAqf7TcKg7rxeoTdGUQ
"Shanghai Hongli Metal Forming Technology Co., Ltd",China,Shanghai,Hall 16 / G60,wire2026.3061317,b8mKpjKDSgy2srmv3NA3cA
"Shanghai Hoyo Industries Co., Ltd.",China,Shanghai,Hall 6 / H09,tube2026.3064456,ledZKFkUTfOJEdoAi13iKQ
"Shanghai Jiafang Steel Pipe Group Taicang Co., Ltd",China,"Taicang City, Jiangsu Province","Hall 7, level 0 / G26-1",tube2026.3064459,4zFKzkBcTMSlOooQbk1xeg
"Shanghai Jinchang International Trade Co., Ltd.",China,Shanghai,"Hall 7, level 0 / E20-1",tube2026.3065929,SU0fXMa8QNKq6Mjgqmyeaw
"Shanghai Jinglin Packaging Machinery Co., Ltd.",China,Shanghai,Hall 6 / H01-2,tube2026.3066337,6AkEkVOET1OCEa96ZDhQrA
Shanghai Kabler International Trade Co. Ltd.,China,Shanghai,Hall 14 / C04-6,wire2026.3058931,2J124M7DROCcZtCflktYCg
"Shanghai Kaibo special materials Co., Ltd.",China,Shanghai,Hall 14 / A03-4,wire2026.3058708,o6VF8ZkzSUqbjSRvA2QSGw
"Shanghai Kechen Wire & Cable Machinery Co., Ltd.",China,Shanghai,Hall 15 / B43,wire2026.3040914,SRONlQjETVOWfrXcb5PR8w
Shanghai Mingheng Pipe Fittings Machinery Co. Ltd.,China,Shanghai,Hall 6 / I28-1,tube2026.3062776,n1bdCxzGRXe8ApcdFZ4qXw
"Shanghai MYM Material Co., LTD.",China,Shanghai,Hall 14 / G12-5,wire2026.3067559,Svu2gFCPRpeO4CjxzEwf7w
Shanghai National of Testing and Inspection for Electric Cable and Wire Co. Ltd.,China,Shanghai,Hall 14 / D46-4,wire2026.3069098,uhtnGq52TampAr8rP5fjDQ
"Shanghai Qi Pang Industrial Co.,LTD.",China,Shanghai,Hall 14 / D30-2,wire2026.3069094,RDz7dIYpTuy7PGs4iRVz9g
"Shanghai Resources Industrial & Trading Co., Limited",China,Shanghai,Hall 13 / A82-1,wire2026.3069900,NieFS0J0QYCtdTnANLDdqg
"SHANGHAI ROCKTA TECHNOLOGY CO.,LTD.",China,Shanghai,Hall 14 / E04-3,wire2026.3065059,zQuogSMMRTS2u4HkGkJ5Dw
"Shanghai Shineworld Engineering Co., Ltd",China,Shanghai,Hall 14 / A03-1,wire2026.3064777,ARr6tSQbTq6HndicB2XtXQ
"Shanghai Singcheer Intelligent Technolog Co., Ltd.",China,Shanghai,Hall 13 / E20,wire2026.3059514,aP7bMb6uQVyiTb78GiZDvQ
"Shanghai Toko Technology Co., Ltd.",China,Shanghai,"Hall 7, level 0 / B11-2",tube2026.3058020,b1A98NqVRFSdWdM4jnsyvg
"Shanghai Yajue Machinery Manufacturing Co.,Ltd.",China,Shanghai,Hall 9 / F39,wire2026.3068843,GcmeYLDdRaGcODGFNU6AIw
"Shanghai Yupin Communication Technology Co., Ltd.",China,Shanghai,Hall 14 / A30-4,wire2026.3066840,AnIwULwpRfqqQB3iWtyQ0A
"Shangqiu Shengruida Electric Technology Co., Ltd.",China,Shangqiu,Hall 14 / C38-4,wire2026.3064176,fCqn5WILT3OzuPamCqMsdQ
"SHANXI ANBAO FORGING CO., LTD.",China,"Dingxiang, Shanxi",Hall 1 / B74,tube2026.3067183,0PooQo1XRAKcWCJApWSwMA
"SHANXI BAOFAN HEAVY INDUSTRY GROUP CO.,LTD",China,"Xinzhou, Shanxi",Hall 4 / E03,tube2026.3074081,grhXLXWNSG6rojawrDo8Ng
"SHANXI BAOLONGDA FORGING CO.,LTD",China,"Xinzhou, Shanxi","Hall 7, level 0 / A01-6",tube2026.3065167,eHTC0286Rlamd7rBbsjB9w
"Shanxi Donghuang Wind Power Flange Manufacturing Co.,Ltd.",China,"Xinzhou, Shanxi","Hall 7, level 0 / G20-3",tube2026.3063502,Ioi8t7yjQhCaPW1eLyWgPA
"Shanxi Guanli Flange Co.,Ltd",China,"Xinzhou, Shanxi",Hall 1 / D06,tube2026.3066323,nO6iHon8T3WVd6sLL7D7Jw
"SHANXI HAINA HIGH-TECH PRECISE MACHINERY CO.,LTD",China,Taiyuan,Hall 6 / J10-1,tube2026.3066408,F9iHmVOzQce4ihF4FsPgDA
"SHANXI HONGKAI FORGING CO.,LTD.",China,"Xinzhou, Shanxi",Hall 6 / J34-3,tube2026.3062028,dX3crHy5TC2aMp5Y4qdurA
"SHANXI HUASHUO FLANGE CO., LTD.",China,Xinzhou,"Hall 7, level 0 / C27-4",tube2026.3062775,RjwDKxbmSwuR4iW2BMbeqw
"SHANXI JINDINGTAI METALS CO., LTD.",China,"Xinzhou, Shanxi",Hall 6 / H35-5,tube2026.3070010,ySw39x9ST76aaTyQAJQZ6Q
"Shanxi Mindeo Metal Co., Ltd.",China,"Taiyuan, Shanxi","Hall 7, level 0 / C21-3",tube2026.3064436,iAeDDuGrRSaZAQb32jjKLg
"Shanxi Oufang Technology Co., Ltd",China,Taiyuan,Hall 6 / J13-2,tube2026.3062062,TrXzjR8BQOaP9BdHRarTKQ
"SHANXI SENMING FLANGE MANUFACTURE CO.,LTD.",China,"Xinzhou City, Shanxi P.R","Hall 7, level 0 / C27-1",tube2026.3058446,XEyf20ihSaeCaUuCYg6uiQ
"Shanxi Xinshunda Flange Manufacturing Co.,Ltd.",China,"Dingxiang, Shanxi","Hall 7, level 0 / E26-7",tube2026.3068496,dU9yoFTZSQu17GoYWWjB7w
"SHANXI YUCI BROAD WIRE PRODUCTS CO., LTD.",China,"Jinzhong, Shanxi",Hall 14 / B22-1,wire2026.3058883,eXrTYkCjTWuNqfm7P0RQlw
"Shanxi Yuxin Casting & Forging Co., Ltd.",China,"Dingxiang County, Shanxi",Hall 1 / D20-1,tube2026.3041112,Jpk09xbBT1eAGK5hw6DDYA
"Shanxi Zhixuan Intelligent Equipment Co.,Ltd.",China,Taiyuan,Hall 13 / A62,wire2026.3062517,OV6T4O4DRqSSHLrgWdgPuw
"Shen Yang Online Pipe Fittings Co., Ltd.",China,Shen Yang,Hall 1 / A10,tube2026.3062770,dXdSxjZHRmS1sqk2N28NkA
"SHENG CHYEAN ENTERPRISE CO., LTD.",Taiwan,Changhua,Hall 15 / L59,wire2026.3042017,8gy5Ng8uTyqJxSjSvf4egw
"Shengbang New Materials Co., Ltd",China,"Lianyungang, Jiangsu",Hall 14 / C04-3,wire2026.3064778,LgZYxxBZQ0OMBhXKOz5txA
"ShenKang Wire Mesh Products Co., Ltd.",China,"Hengshui City, Hebei",Hall 14 / A55-1,wire2026.3068092,VFKB0PCLTvyG2pC31iW3ew
"SHENYANG CONTOR MECHANICAL & ELECTRICAL EQUIPMENT CO.,LTD",China,"Shenyang, Liaoning",Hall 6 / I08,tube2026.3066376,SFPzLTdzSKaPrFSkerfFQg
"Shenyang Deshun High Alloy Material Co., LTD.",China,Shenyang,Hall 6 / H35-4,tube2026.3068509,ubXORc11SYWrpbbStVRUEw
"Shenyang Jinggong Cable Material Co., Ltd.",China,Shengyang City,Hall 13 / E51,wire2026.3044734,0Pp8W2q5TIKSeGV8EVrh0g
"Shenyang Tianrong Cable Materials Co., Ltd.",China,"Shenyang, Liaoning",Hall 13 / A87,wire2026.3040903,Q50oSoAWQW2R2Td2freMzg
"Shenyang Uniwel Machinery Co., Ltd.",China,Shenyang,Hall 1 / E44,tube2026.3036348,d0ANT3uVSq2GoaoTEWYPNA
"SHIJIAZHUANG AOGANG MACHINERY CO., Ltd.",China,Shijiazhuang,Hall 6 / G06-2,tube2026.3071467,znybsWYaSRGHJtoSULfXHw
"SHIJIAZHUANG FOREVER MACHINERY CO.,LTD",China,Shijiazhuang,Hall 6 / G07,tube2026.3066390,9HAYGkfETl6EpM6HWPPm3g
"Shijiazhuang Great Wall Welded Pipe Equipment Co., Ltd.",China,"Shijiazhuang, Hebei",Hall 6 / G01-3,tube2026.3063746,uS6TNtSuRZWEyV8sweyksg
"SHIJIAZHUANG PATH CHEMISTRY CO., LTD",China,"Shiijiazhuang, Hebei",Hall 14 / A54-2,wire2026.3067455,dxeL3dnkTkil1K2ah2PR5A
"Shijiazhuang SATLE Machinery Manufacture Co,.Ltd",China,"Shijiazhuang, Hebei",Hall 15 / E56,wire2026.3063572,PpehzrPNTZi4JkwL4Oi8bg
"Shijiazhuang Teneng Electrical & Mechanical Equipment Co., Ltd.",China,Shijiazhuang,Hall 6 / I22,tube2026.3057306,T2PrIAkMTRunEfVQkGX0TA
"Shijiazhuang Tengdi Machinery Trading Co., Ltd",China,"Shijiazhuang City, Hebei",Hall 6 / H05,tube2026.3062037,ZqkXtthITHmqQYMDRQ3kJw
"Shijiazhuang Zhongtai Pipe Technology Development Co., Ltd",China,"Shijiazhuang, Hebei",Hall 6 / H30,tube2026.3066392,ej7VIEFwSA67458cl2WIxw
SHINYUAN TECHNOLOGIES LIMITED,China,Chengdu,Hall 14 / G12-6,wire2026.3065042,U2spP1UeQlmGxeWnWTanDg
"Shuan Hwa Industrial Co., Ltd.",Taiwan,Tainan,Hall 4 / B16-4,tube2026.3065184,JbiWWPySRlOP73XNvkMh1A
SHUBHLAXMI METALS AND TUBES PVT LTD,India,Mumbai,Hall 3 / A49,tube2026.3038529,RPIiN4kcQTuXmlbqjM0imw
Shyam SEL and Power Limited Shyam Metalics,India,Kolkata,Hall 13 / C68,wire2026.3066422,f6TkUT6UTeiKwq0TXyq4bw
"Shyh Hwa Stainless Steel Tube Co., Ltd",Taiwan,Kaohsiung City,Hall 4 / B16-4,tube2026.3066332,HkbtPxC6RaOlehWRIj8mmA
"SIC Co.,Ltd.","Korea, Republic",Gimhae-si,Hall 7a / B18,tube2026.3044409,6LWAuUahTYyTzda81t14pg
"Sichuan Jiuxun Technology Co., Ltd.",China,"Deyang City, Sichuan Province",Hall 14 / D30-3,wire2026.3067173,WVIdU1CORICePdyePZlOYA
"Sichuan Wanshengtong Industrial Co., Ltd",China,Shuangliu,"Hall 7, level 0 / G26-2",tube2026.3068501,Zl3iqunsTjC2dtKOLh7jnA
Sicme Italiaimpianti MC s.r.l.,Italy,Druento (TO),Hall 15 / J05,wire2026.3072340,L70Bv9I5Qj2zBomRfaVbiA
SICOTREM SARL,Morocco,Casablanca,Hall 13 / B73,wire2026.3045780,9nxrkIPETHSOBc1zM7ppJQ
SICTRA,Italy,Rivara Canavese (TO),Hall 11 / D60,wire2026.3040533,5U0Ahx6QQPyePCls466vKg
siddhi technoshrink private limited,India,"Daman, Dadra, Nagar Haveli, Daman Diu",Hall 13 / C82-5,wire2026.3067226,doRGkSG5Q7CFAk0oYyIDBA
Sidenor Deutschland GmbH,Germany,Düsseldorf,Hall 12 / A71,wire2026.3035704,Q7Wz5TTbSC6dus02FAOrqQ
Sideralba S.p.A.,Italy,Acerra (NA),Hall 3 / E39,tube2026.3045473,32jUsjRPTaqm5HiJrAuU4g
Sidergamma s.r.l.,Italy,Zugliano (Vicenza),Hall 3 / B29,tube2026.3044725,EuLyNQTgR2OiZXOskRauyQ
Siderinox S.p.A.,Italy,Morimondo (MI),Hall 3 / A48,tube2026.3045171,DQ3ggZwcSuSTAkmup0ryXg
Siderpighi S.p.A. Con Socio Unico,Italy,Pontenure (PC),Hall 3 / E18,tube2026.3035424,QqdZj5oBQNKzE8ADQQivXg
Siderurgica Tocchet srl,Italy,Montereale Valcellina (PN),Hall 3 / C42,tube2026.3041578,4VxAaCD8THeiCgtE1eDYMA
Siekmann GmbH & Co.KG,Germany,Bünde,Hall 1 / C75,tube2026.3059766,jI2y0dCcQOG0aIcmYtyWxA
SIF srl,Italy,Stezzano (BG),Hall 9 / C78,wire2026.3045477,909sCw21QNqU42TwfXF0ZQ
SIJ Acroni d.o.o.,Slovenia,Jesenice,Hall 3 / C47,tube2026.3046566,0hbz0YxITPKXtdmwVKIbTg
SIJ METAL RAVNE d.o.o.,Slovenia,Ravne na Koroškem,Hall 13 / A71,wire2026.3050155,6hMMJsCvTSi9Pt95v2J5TA
sij niro wenden,Germany,Wenden,Hall 3 / C47,tube2026.3068060,eEVwuj7qRWq0J45abCsqAw
Sijin Intelligent Forming Machinery Co. Ltd.,China,"Ningbo, Zhejiang",Hall 16 / B39,wire2026.3038676,ccsFNrw3SieKVvMonq3N2Q
SIKORA GmbH,Germany,Bremen,Hall 9 / A41,wire2026.3045707,45lMySDDSC6nvNLy566CtA
"Silver Alloy Co., Ltd.",Japan,"Kasai City, Hyogo",Hall 16 / F22,wire2026.3036549,88bnFfw0QhaofzStp1OTqg
Simat Srl,Italy,Fagagna (UD),Hall 5 / G22,tube2026.3069782,rIwCih4BSP65ZeqYHOzEyg
SIMCO,Taiwan,New Taipei,Hall 16 / A01,wire2026.3045322,K3zXKfvFRXONwbTI4bI87g
Simec S.r.l.,Italy,Schio (VI),Hall 5 / E02,tube2026.3045886,wN6kYjylSPWOj8ia1ffq4A
SIMPACKS LLC,USA,"Fairfield, NJ",Hall 9 / D16-2,wire2026.3059992,wlcC4SlFS3yMM80bcBKKiA
Simplex Rapid S.r.l.,Italy,S. Giuliano Milanese (MI),Hall 16 / E18,wire2026.3035761,AOzsxyi6S8WKqZByjW4NGg
"SINO ERLI INDUSTRIAL AND TRADING CO., LTD",China,"Dalian, Liaoning",Hall 14 / F12-4,wire2026.3065034,fLcxaJzWSlaseW7UZX68lg
"SINO METAL TRADING (WUHAN) CO.,LTD",China,Wuhan,Hall 14 / B54-5,wire2026.3074269,kLqOoKDxRTWGGCV3ItT8NA
SINOAUDE Intelligent Industry Ltd.,China,"Futian District, Shenzhen",Hall 6 / C21,tube2026.3069764,JW38qk36S3Cwsz9QYn3gew
"SINOCHEM PLASTICS CO., LTD.",China,Beijing,Hall 13 / E39,wire2026.3067457,myOXoiOYR22x9HaIlJIXbw
"Sinomach Diamond (Henan) Co., Ltd.",China,Zhenzhou,Hall 14 / D22-1,wire2026.3058908,BX60YpvGRqOgSspBET23AQ
Sinp Special Steel Group LTD,China,"Longquan, Zhejang",Hall 4 / A39,tube2026.3058986,V4tX7eO7TUueaCwHTGfXAw
Sipcon Technologies Pvt Ltd,India,Saha,Hall 13 / E61,wire2026.3034396,agTDt1pRQIyMvlRlXMDngQ
Siri Wire Co.,USA,"Danielson, CT",Hall 11 / H42,wire2026.3066854,2JBa2WZ6SMut6mZSOmU2Lg
SIRIO Wire S.r.l.,Italy,Varedo (MB),Hall 10 / H55,wire2026.3065013,ipx6LccnSFmzp9S6AM6cdg
SISTEM MAKINA SAN. VE TIC. A.S.,Türkiye,Bahcelievler,Hall 15 / E31,wire2026.3040917,V5Vny3C5SgyYWhU4olr7Hg
SIT S.p.A. Società Italiana Tecnospazzole,Italy,Casalecchio di Reno (BO),Hall 5 / C01,tube2026.3045879,z6HId37aSv21GawiH3kkWw
SITINDUSTRIE MARINE S.A.S.,France,Marseille,Hall 3 / C48,tube2026.3036360,n7TuHKEdQouZjpJir9Xnlg
Skaltek AB,Sweden,Kungsängen,Hall 11 / A06,wire2026.3047143,1NSXCHc6QMOfSSiZHfLIfg
SKET Verseilmaschinenbau GmbH,Germany,Magdeburg,Hall 10 / G18,wire2026.3035312,uyyV1U5wTGaNR8bob258FA
Skyline Industries (P) Limited,India,Indore,Hall 13 / C76-4,wire2026.3069584,CANeL5K9QxCT0sGg7fDfLQ
SL-Piping GmbH,Germany,Hilden,Hall 3 / A30,tube2026.3067520,oUb7e3crSQKN10QyruENJw
Slickers Technology GmbH & Co. KG,Germany,Geldern,Hall 6 / G24,tube2026.3061463,XJQ0DClRR6egxLpeXSuvzg
SMACO (M) SDN. BHD.,Malaysia,Shah Alam,Hall 6 / G28,tube2026.3043582,V80bn48AQAeHNpdysYFxlQ
SMARKTEC - Igorle S.L.,Spain,Irun,Hall 6 / I10,tube2026.3045660,sAvmMdPJRoCVJVTADuKYgQ
SMARKTEC,Spain,Irun,Hall 6 / I10,tube2026.3045660,sAvmMdPJRoCVJVTADuKYgQ
SMART MACHINERY srl,Italy,Tortona,Hall 16 / A44,wire2026.3067820,yiccPE7kQ7S6cF4lOdKtig
SME,USA,"Elgin, IL",Hall 6 / H25,tube2026.3047822,mCzpfCAWQ32MFH8Z2wiuxA
SMEETS n.v.,Belgium,Sint-Pieters-Leeuw,Hall 10 / H65,wire2026.3035409,JDJYuY9mStGuWtDMdeqwgQ
SMF Sert Metal Kalip Sanayi ve Tic. A.S.,Türkiye,Istanbul,Hall 16 / B22,wire2026.3045333,TcJKuQd9QqeorzRCepXv2w
SMI,Italy,Alonte Vicenza,Hall 5 / E07,tube2026.3071232,OHerlD4IT2mpNrWBMUG54g
SMS group GmbH,Germany,Mönchengladbach,Hall 7a / B06,tube2026.3042413,iopwH0Q2QA6ZoXZzg02ZvQ
SNEHAM TAPING SOLUTIONS PRIVATE LIMITED,India,"Belgaum, Karnataka",Hall 11 / H39,wire2026.3035578,LU6ISFx8TMemPDax6ptaHg
SNTN SAS,France,Neaufles-Auvergny,Hall 11 / H38,wire2026.3043905,Swaj7rmPSd2VcdL4eOMSFg
Societa Metallurgica Minotti SAS Metalminotti group,Italy,Varedo (MB),Hall 17 / B02,wire2026.3036194,41cfKneiQUWRtkFKGP3dAw
"SOCITREL – Sociedade Industrial de Trefilaria, S.A.",Portugal,"São Romão do Coronado, Trofa",Hall 13 / A17,wire2026.3050152,SY8VUvCfQlebuJrjsrv8Jw
"Soco Machinery Co., Ltd.",Taiwan,Taichung,Hall 5 / A33,tube2026.3047068,cb3p2Z6yTQOjClfblF32Ew
SOFRATEST SAS,France,Sevrey,Hall 6 / B23,tube2026.3060178,bhHqTsqXSGK9q8742ZO73Q
Soling-Impact SL,Spain,Sentmenat,Hall 16 / E47,wire2026.3042227,91g803ZwSGicUKaNb69DwA
SOLMAT SRL,Italy,Tavernerio,Hall 6 / A33,tube2026.3046504,BioVfs41QFO5MUup45Il4A
Sommer Maschinenbau GmbH,Germany,Elz,Hall 5 / J10,tube2026.3045204,ZMP96Iv8QJOTMu7eOXyfPg
SOMO Produzione s.p.a.,Italy,Cornaredo (MI),Hall 5 / J21,tube2026.3044926,iYDQlzOyS9KrJreoQ5y24w
"Songhai Flange Manufacturing Co.,LTD",China,Wenzhou City,"Hall 7, level 0 / G04-5",tube2026.3059403,12NrqbPZRpeOGqGUzVxfRw
"SONHA SSP VIETNAM SOLE MEMBER Co., Ltd.",Vietnam,Hanoi,Hall 4 / E05,tube2026.3035132,eU7hIoukTISTrCENMckxzA
Sonne Stahl GmbH,Germany,Saarbrücken,Hall 13 / D09,wire2026.3066855,oplauqMbRFmh6tFgLvfsqA
South African Wire Association,South Africa,Randf,Hall 11 / H75,wire2026.3055135,2njy3yjuRASLOYwWqINoMQ
South Fence Machinery Ltd,New Zealand,"Hornby, Christchurch",Hall 17 / A63,wire2026.3043891,6DZjCQYuTc2goQgys5wEVA
Southern PC Steel Sdn Bhd,Malaysia,Shah Alam,Hall 14 / B22-6,wire2026.3069735,4JILBLhsQIqJ56POl7r6CA
"Southwire Company, LLC",USA,"Carrollton, GA",Hall 9 / A05,wire2026.3045810,HepCuwTyQGqouRIKBb7OXQ
Soybas Demir Çelik Sanayi ve Ticaret A.Ş,Türkiye,Kocaeli,Hall 3 / G51-1,tube2026.3059927,si58UZH9RUm5o1VjXz5FtQ
SPAZZOLPLASTICA,Italy,San Zenone Degli Ezzelini (TV),Hall 11 / E16,wire2026.3036225,Fb7EkoHeS8Si0xfSXyBYkg
SPEMECCANICA S.R.L,Italy,Ossona,Hall 10 / B18,wire2026.3041501,N8RPCu2ATViCLDLJdmFQRg
Spirka Schnellflechter GmbH,Germany,Berlin,Hall 9 / B06,wire2026.3046086,nQ1B7vZKQgCaJNhKSjWiAA
SPORTELLI.TECH Giuseppe Sportelli,Italy,Bassano Del Grappa,Hall 6 / E31,tube2026.3069769,bzHjcCQMRWKuRukfmRsmRA
Spotti Sergio Coil Processing Srl,Italy,San Polo di Torrile,Hall 6 / E17,tube2026.3045887,TDpWAs04QbSG1wg2Pt44xQ
"Sprout Tooling Co., Ltd.",China,"Jiaxing City, Zhejiang",Hall 16 / F60,wire2026.3059787,Zjcu6st4RWakctRpewlRTQ
"SST Forming Roll, Inc.",USA,"Buffalo Grove, IL",Hall 5 / H16,tube2026.3040356,nLDvH754RQmwfA5TroyZOw
Stahl- und Drahtwerk Röslau GmbH,Germany,Röslau,Hall 10 / G56,wire2026.3067679,XzYPp7yoT4Wq3bZr9CFKmQ
Stahlrump GmbH & Co. KG,Germany,Iserlohn,Hall 11 / A77,wire2026.3040855,t3JnGvnaRoykIfHiVTeZjQ
Stahlwerk Annahütte Max Aicher GmbH & Co. KG,Germany,Hammerau,Hall 12 / D48,wire2026.3046055,SxJSiOCZTSeTA7ciw707dA
Staku-Anlagenbau GmbH,Germany,Lich,Hall 9 / C80,wire2026.3041695,pHDmE0naT0quUBVwJzFXYA
Staku-Anlagenbau GmbH,Germany,Lich,Hall 9 / C80,wire2026.3041695,pHDmE0naT0quUBVwJzFXYA
Stal Impex Sp. z o.o.,Poland,Krosno,Hall 3 / G29,tube2026.3034527,loAATEm1S6uPv6dze994sg
Standard-Metallwerke GmbH,Germany,Werl,Hall 4 / C10,tube2026.3044178,5bUhrEzwQzy4fJzqdOdtbA
STAPPERT Deutschland GmbH,Germany,Düsseldorf,Hall 3 / A50,tube2026.3042720,Y2O6YTuDQoygqFS53EItnA
"STAR MATERIALS CO., LTD.",China,"Suzhou, Jiangsu",Hall 14 / C22-2,wire2026.3058878,KzWtXDaXRuGpk4yUsA9gCQ
STAR TECHNOLOGY SRL,Italy,Provaglio D'Iseo,Hall 5 / A36,tube2026.3067695,kpBYlDh1TFGl7ujoGeHxGQ
STARFIT China Ltd.,"Hong Kong, China SAR",Hong Kong,Hall 3 / A34,tube2026.3043339,HQgTDSepQeuOjgtdTLN0Ew
Stargroup.tech srl,Italy,Provaglio D'Iseo bs,Hall 5 / A36,tube2026.3049747,7FOg1REoTeeS4TOkgYnhGw
STARGUM Stankiewicz Spółka jawna,Poland,Stargard,Hall 13 / C50,wire2026.3036465,aFJ2VmGpSMGo3IwGp0uZgw
STARK S.p.A.,Italy,Trivignano Udinese (UD),Hall 6 / E04,tube2026.3045387,fg5x3A0pQVq1IPylrbolZA
STAROFIT Klose GmbH & Co. KG,Germany,Ganderkesee,Hall 1 / C75,tube2026.3045014,dNkrIbzURWqm0DX7AhfYgw
STARPLAS KİMYA SANAYİ VE TİCARET A.Ş.,Türkiye,"Istanbul, Umraniye",Hall 13 / D32,wire2026.3058936,mMU2NgNjTjCYj9sxuK9xuA
"STECO CO.,LTD.","Korea, Republic","Yangsan-si, Gyeongsangnam-do,",Hall 13 / C67,wire2026.3045613,rvF9veMfQba1Z8QZBEaZGw
Steel Motion Srl,Italy,Vignola (MO),Hall 12 / A02,wire2026.3057372,N1uzPBH8SW6zn8axAZWUMA
Steelcom Fittings Srl,Italy,Ostiglia (MN),Hall 3 / B17,tube2026.3045151,DN2aorD0RXSEKt3LbCiOZw
Steeltrade Srl,Italy,Rottofreno (PC),Hall 1 / C01,tube2026.3034140,IwHF0u9JRQmYtUVRgNXpKQ
Stegra Boden AB,Sweden,Boden,Hall 1 / C26,tube2026.3062835,Lxr4zxDyTsKjetbKaXAcbw
Steinnagel Inh. Ronald Gwozdz,Germany,Geseke,Hall 11 / F77,wire2026.3035412,r2GNiOh5SYCFBbaPHPvFQg
steintex GmbH,Germany,Wermelskirchen,Hall 10 / D22,wire2026.3036800,BSJOTRAsTGa8VIhOX7v6qA
STEP TECHNO SOLUTIONS LLP,India,Ahmedabad,Hall 1 / F15-2,tube2026.3064393,YeB1OjsDRlGgtbVEM0za7Q
Steuler Anlagenbau GmbH & Co. KG,Germany,Höhr-Grenzhausen,Hall 9 / B55,wire2026.3042966,NVHSOPzhR7CN2v4pRBFwWw
STEULER-KCH GmbH,Germany,Siershahn,Hall 1 / B42,tube2026.3057293,pDtSvjAJTeuPH3cG2ZrSXg
STILMA S.p.A.,Italy,Modena,Hall 13 / A50,wire2026.3034341,H0le2mvNRoWf8XEdjRs5LQ
STIR COMPOUNDS SRL,Italy,Barletta,Hall 15 / L14,wire2026.3036468,m5kM1ltWQCOFSy8LuqyWDQ
STOPA Anlagenbau GmbH,Germany,Achern-Gamshurst,Hall 5 / C20,tube2026.3054480,cGsJPtysQaOMx4E9iwZ1Kw
STRECKER,Germany,Limburg,Hall 10 / A21,wire2026.3034873,SRqFFvhiS9Ss5rtqYSLkZQ
STRECON A/S,Denmark,Sønderborg,Hall 16 / H48,wire2026.3068201,Po8j7Tf0RGOFkJvCi3OHAA
Streicher Maschinenbau GmbH,Germany,Kressbronn am Bodensee,Hall 16 / A43,wire2026.3047140,t9PZiYs9RkC9h7akt3MPQw
"Strojírny Milenov, spol. s r.o.",Czechia,Drahotuse,Hall 3 / G17,tube2026.3038498,7OACCv7FTYuxjq6HdH3waA
"Struxa Intelligent Technology Co., Ltd.",China,"Dongguan, Guangdong",Hall 14 / J02-1A,wire2026.3069734,nB5H6XklS3eIEsCySPELag
Subec AB,Sweden,Nacka,Hall 9 / B73,wire2026.3045094,lJZ7Ru0AR4GdhN25KSH5HA
Sudhir Enterprise Partnership,India,Mumbai,Hall 13 / A80,wire2026.3035090,Xz4BfI5nSLmztkr1bfLIeQ
"SUHIL Co., Ltd.","Korea, Republic",Kimcheon,Hall 15 / B15,wire2026.3046037,pzCoayQQRfiCXHc7u2lCgQ
SUL CORTE IMPORTADORA DE FERRAMENTAS LTDA,Brazil,Caxias do Sul,Hall 6 / C10,tube2026.3044614,5IfxER0eRxepBv1sUtiVqQ
"SUMEC INTERNATIONAL TECHNOLOGY CO.,LTD",China,"Nanjing, Jiangsu",Hall 1 / A34,tube2026.3071466,c5sjtz5oRcmESwIBWYWkqw
ŠUMER D.O.O.,Slovenia,Ljubecna,Hall 16 / G04,wire2026.3063359,OUm9oaTxSHKkwr0hmTSEeQ
SÜMERLİ TEL ÇEKME TİC. A.Ş,Türkiye,Kayseri̇,Hall 11 / E29,wire2026.3059427,OS5k7MAXSX6lSxthjLFK7w
Sun Mark Stainless Pvt. Ltd.,India,Ahmedabad,Hall 3 / E40,tube2026.3035474,FjdyYiqWRTudobWIqufp9A
SUNARC STEEL PVT LTD,India,Ahmedabad,Hall 13 / C84-5,wire2026.3072530,12wR4NWGTAGiYl4wcFGB6Q
Suncity Metals & Tubes Private Limited,India,Mundra,Hall 3 / B47,tube2026.3035429,FBBSefzsRqS16WbQdaARLw
Sund Birsta AB,Sweden,Sundsvall,Hall 13 / A86,wire2026.3047123,4DJbtkGEQUO5xKdmYE3Y0Q
"Sungmin Instruments CO.,LTD","Korea, Republic","Hwaseong-si, Gyeonggi-do",Hall 15 / A09,wire2026.3057533,7mgQ56XWTw2X6Q3PtMWuWw
Sungshin Electric Furnace Co. Ltd. SEF KOREA,"Korea, Republic",Chungnam,Hall 16 / H28,wire2026.3036715,zFYrPKQHSqGYS3Ej9zqQAQ
"Sunwen Industry Wuxi Co., Ltd.",China,"Wuxi, Jiangsu","Hall 7, level 0 / E26-2",tube2026.3066399,UOR9KpuoQG634xW9mqOehQ
"SunYo S&T Co., Ltd.",China,"Wuxi, Jiangsu Province",Hall 7a / E11,tube2026.3035728,tZI4eOjpRcq96TLx0wNH6w
SUPERINDIA COMPOSITES PRIVATE LIMITED,India,Goa,Hall 13 / E53,wire2026.3050361,kLcUVvtiQgiyudpwkno5Pw
Supermac Industries (India) Ltd.,India,Haryana,Hall 10 / C41,wire2026.3044428,jmiDELRrR6qPt8WQbuZ3rw
"Supreme Superabrasives Co., Ltd.",China,Zhengzhou,Hall 16 / F55,wire2026.3040937,e3wMdwXKRlGCUFsU6kWN0w
Surface Engineering S.r.l.,Italy,Magenta (MI),Hall 5 / F20,tube2026.3038526,trFOcJKyTvKVOSmeBss37w
Surya Roshni Limited,India,"Anjar, Gujarat",Hall 4 / E16,tube2026.3054100,zRkjGd9IQOeG4Km5VA9RQw
"SUYANG CO.,LTD",China,Taizhou,Hall 14 / B30-2,wire2026.3066830,hQe65k8ATU2y4wn4MvCW9g
"Suzhou Donghong Wire & Cable Machinery Co., Ltd",China,"Dongtai, Jiangsu",Hall 14 / D04-5,wire2026.3058888,I5kAWBQ9QFSfpsJGSPwQsw
"Suzhou Listrong Imp & Exp Co., Ltd.",China,"Suzhou, Jiangsu Province",Hall 14 / A30-3,wire2026.3065022,xxE0lBm5QCCiTWs37vR19g
"Suzhou STRD LASER TECH. CO.,LTD.",China,"Changshu, Jiangsu",Hall 15 / B54,wire2026.3071487,NmMmZqoXRtGdOkq8FOooHQ
"SUZHOU YATEWOSI TECHNOLOGY Co., Ltd.",China,"Suzhou City, Jiangsu",Hall 14 / A62-2,wire2026.3074577,J8xlA8zORZmdIb6wsPBVyQ
Suzuki Garphyttan AB,Sweden,Garphyttan,Hall 12 / D71..D72,wire2026.3036115,NUZDmfvURrG7nrieiYDu4g
SVR AUTO PRIVATE LTD,India,Bhiwadi Rajasthan,Hall 13 / C66-2,wire2026.3070342,QNOG1I6sQTG2NZhoE7u8cQ
SVR Sever Makine Sanayi ve Ticaret A.S.,Türkiye,Burhani̇ye,Hall 11 / D66,wire2026.3057922,SFlFWoAQQMGfrEt2YvljLw
SW Wil Werkzeug-und Maschinehandel AG,Switzerland,Bronschhofen,Hall 6 / A19,tube2026.3042133,lZkRVYRaTbCvrU3tCVJJ2A
SWAN WIRE ENGINEERING,China,Shanghai,Hall 14 / C54-6,wire2026.3070241,2ge1FXq2REyllAG2cLQiiQ
Swanenberg Buizen BV,Netherlands,Schaijk,Hall 4 / A29,tube2026.3035416,5zQdqa7cTvyO8aPod9xBtQ
Swaraj Technocrafts Pvt. Ltd.,India,"Pithampur, Madhya Pradesh",Hall 12 / A60,wire2026.3043095,fTYlmbMcTwKTRY29PinW7g
SWASTIK FURNACES PVT LTD,India,"Wagle Estate, Thane (w)",Hall 1 / F14-1,tube2026.3069398,DwAt8Mz2ShKR57fnqpgLUg
Swiss Steel Group,Switzerland,Emmenbrücke,Hall 12 / A28,wire2026.3042215,mr4gz6MzQ9WS5TQvt6m8rw
SynEnergy SRL,Belgium,Bolland,Hall 10 / A65,wire2026.3066298,BvY5d2DdSjaoyY4gfacfdA
Synergychem Pte. Ltd.,Singapore,Singapore,Hall 13 / A84,wire2026.3057577,gtotHHEbQGK3X2slzrGkYg
Systematic Industries Pvt. Ltd.,India,Mumbai,Hall 9 / A77,wire2026.3038434,kSF9l8kYRfOhPhohbcC8Pg
SZ Wire Die S.L.,Spain,Odena,Hall 15 / B10,wire2026.3035086,A3tNQC5fTXuB75t7YJaRIQ
T-Drill Oy,Finland,Laihia,Hall 5 / A01,tube2026.3035362,DfUTAzsCRsm65Je2g5ZZMw
T. Fukase & Company. Ltd.,Japan,Chiba,Hall 9 / E36,wire2026.3045475,6bMKBK7YTTeTjGdBFClKJQ
T.A.L. S.P.A. TUBI ACCIAIO LOMBARDA Con Socio Unico,Italy,Fiorenzuola d'Arda (PC),Hall 3 / E18,tube2026.3035127,iBdbx462SOGn15cYXfKNiA
T.M.I. srl Trafileria Ferro Acciaio,Italy,Lecco,Hall 11 / C57,wire2026.3040859,v2mk9zRVSgujttIgKkCwTw
"Taelim Industrial Co., Ltd.","Korea, Republic","Changwon, Gyongsangnam-Do",Hall 1 / C48,tube2026.3064237,KQN7QkONStCtjZ9iipYCTQ
Taicang Wanyi Macromolecule Material Co. Ltd.,China,"Taicang, Jiangsu",Hall 14 / D12-5,wire2026.3058913,68tFtazGTHytxPAGqywwaw
"Taier Heavy Industry Co., Ltd",China,"Ma&#8217;anshan, Anhui","Hall 7, level 0 / D01-2",tube2026.3068072,iEKPJ97SQpacru6HznKExQ
"TAIWAN JINSHUNHAO ABRASIVES CO., LTD.",Taiwan,Kaohsiung,Hall 1 / F85,tube2026.3042959,8kJgDkxtRPegCxZmBzviGw
Taiwan Simco Company,Taiwan,New Taipei,Hall 16 / A01,wire2026.3045322,K3zXKfvFRXONwbTI4bI87g
"TAIWAN TUNGSTEN CARBIDE CO., LTD.",Taiwan,Kaohsiung,Hall 16 / D22-2,wire2026.3063381,MSfnRYbLR7O7KyFQtk3hQg
"TAIYUAN HUAXINCHENG M&E EQUIPMENT CO.,LTD",China,"Taiyuan, Shanxi",Hall 6 / G05,tube2026.3065349,PNlUKbUIS2KKyx7gNV6oSQ
Taiyuan Qinghong Intelligent Equipment Co. Ltd,China,"Taiyuan, Shanxi",Hall 6 / J34-1,tube2026.3063279,9TToFZ6zTze0iMhFlsZNPQ
"Taiyuan Sichen Machinery Equipment Co.,Ltd",China,Taiyuan,Hall 6 / J09-3,tube2026.3066331,zN8n0AtWRFaVwgCGpenfyw
"Taiyuan Tongze Intelligence Engineering Co.,Ltd.",China,"Taiyuan, Shanxi",Hall 6 / G06-1,tube2026.3071444,l0nrshi4TL6TS5tAu4g2Bg
"TAIYUAN ZONGHENG HEAVY SCIENCE AND TECHNOLOGY CO.,LTD.",China,"Taiyuan, Shanxi",Hall 6 / E25,tube2026.3063504,U9kPWPjYT5WHkr50a7jfvA
"TAIZHOU CITY YUANSHENG STAINLESS STEEL PRODUCTS CO.,LTD",China,"Xinghua, Jiangsu",Hall 14 / A03-6,wire2026.3058894,OqnFBPLBSSaGpJtU40C6qg
"Taizhou Join Sen Special Steel Product Co., Ltd",China,"Taizhou, Jiangsu","Hall 7, level 0 / D01-4",tube2026.3068078,1c5gD0prTGmHSkZ7YtFRnQ
TAKIMSAN DISLI KESICI TAKIMLARI MAK. YED PARCA SAN.TIC.LTD.STI,Türkiye,Istanbul,Hall 13 / D70,wire2026.3052070,bbP4mfeJS3m0k6qP5nubSw
Talleres Saspi S.A.,Spain,Azkoitia,Hall 16 / E57,wire2026.3034993,dM7dhMtCSg69HjxiEl0cXQ
"TANGSHAN XINGBANG PIPELINE ENGINEERING EQUIPMENT CO.,LTD.",China,Tangshan,Hall 6 / J12-1,tube2026.3069391,e7Ien7i8SG6AUJkUZc5m8Q
TapeFormers LTD,United Kingdom of Great Britain and Northern Ireland,"Mountsorrel, Leicestershire",Hall 11 / C22,wire2026.3035012,4EzbXPBWRQmywogtQnSP1Q
Taprath Elastomers LLP,India,Mumbai,Hall 13 / C70-1,wire2026.3066420,56iImN2uRBiadc96V90KWA
TARTAK ZĘBOWO Mateusz Nowak sp.k.,Poland,Zębowo,Hall 11 / F77,wire2026.3034954,yt27KjBvQnuOx90xVmi0xQ
Tasta Armatura Sp. z o.o.,Poland,Stalowa Wola,Hall 1 / C23,tube2026.3048480,zeaue1u1TD6gIv1qeUbirQ
TATMETAL ÇELIK SANAYI VE TICARET A.S.,Türkiye,Ataşehir - Istanbul,Hall 3 / D12,tube2026.3036769,IjdMk4T4TYiNQ6MX4SQ6Tg
Taviller Hidrolik Mil Boru İmalat Sanayi ve Ticaret A.Ş.,Türkiye,Aydın,Hall 3 / C54,tube2026.3037166,ZoO2iIshQdiiPSu1UgQ7KA
"Tayho Advanced Materials Group Co., Ltd.",China,"Yantai, Shandong",Hall 13 / D74,wire2026.3066427,TGEagnYuQraYiIHIYUeIQg
Taylor-Winfield Technologies Inc.,USA,"Youngstown, OH",Hall 6 / B26,tube2026.3067263,7OvSMFLHTBeq37SBztSlKg
Taymer International Inc.,Canada,"Markham, ON",Hall 9 / D06-2,wire2026.3060000,dE9GCCkIR4yMa73q2W4tLw
TCS MACHINERY & SERVICES SRL,Italy,Rivara Canavese (TO),Hall 11 / D60,wire2026.3040533,5U0Ahx6QQPyePCls466vKg
TDV SAS,France,Plombières-Les-Bains,Hall 11 / H22,wire2026.3071981,gTQFwhjTSzGlAnQ56Oo07A
TECALEMIT TUBES SAS,France,Charost,Hall 1 / D24,tube2026.3064461,WIv1TwVqSuGvdnyrEeaNyQ
Techgarden LLP,Kazakhstan,Almaty,Hall 1 / C77,tube2026.3064399,EfomgoJFQgybsWgnK1QNzA
Technic GmbH,Germany,Pforzheim,Hall 15 / B14,wire2026.3046113,7VdSngyPTPKIwpAfz97pJQ
TECHNIT SRL,Italy,Legnano (MI),Hall 10 / G04,wire2026.3035708,edFlxbt7QjWVKhubiTfVbQ
Techno Ferum d.o.o,Serbia,Kanjiza,Hall 16 / C30,wire2026.3045605,34xYUOZJTKG8cNb8VVz69w
Technofour (Partnership),India,Pune,Hall 6 / H17,tube2026.3045999,1NXSsSrwQEKiu3KbwniAAA
TECHNOLINE MAKINA MÜHENDISLIK SANAYI VE TICARET LIMITED SIRKETI,Türkiye,Sancaktepe/Istanbul,Hall 15 / J50,wire2026.3062526,ovFhlmhJRui2d6dMMiDsqQ
TECHNOMAC S.A.,Greece,Sindos,Hall 17 / D18,wire2026.3044709,lZQJwYW7S46JSmgGuwbNRw
TECNA S.p.A.,Italy,Castel San Pietro Terme (BO),Hall 17 / B54,wire2026.3045767,zGcpEJ5jSFmThhtZQw92ag
Tecnar Automation Ltee,Canada,"Saint-Bruno, QC",Hall 7a / C16,tube2026.3034157,W7CbJgwjSpaGSh5Az8KhVA
TECNI-PLASPER SLU,Spain,La Roca Del Vallès,Hall 15 / A23,wire2026.3038315,MvX2ILGqQvOelTf9LIl8yA
TECNICA TRE S.R.L.,Italy,Bassano Del Grappa (VI),Hall 3 / E39-2,tube2026.3045150,L3jY0y8iRaiHb6iY4af0tA
Tecno Impianti S.r.l.,Italy,Valgreghentino (LC),Hall 16 / E43,wire2026.3045305,x7EJoGG2SyG378aqGR7arA
TECNO LIFT S.R.L.,Italy,Castelnuovo Scrivia (AL),Hall 16 / E40,wire2026.3069552,sAHI1LJKQnudzi1WQz6TTg
TECNOFAR S.p.a.,Italy,Gordona,Hall 3 / D01,tube2026.3045161,hu2fgmTATFuHBXFvENHdkA
Tecnofil S.A.,Peru,Lima,Hall 12 / C04,wire2026.3036470,SFUQDPRjSAS5X1a5i5aCHw
Tecnofil Srl,Italy,Gottolengo (BS),Hall 12 / C13,wire2026.3045650,ztHAxT49TQG6Ytbh8BBuNA
TECNOLOGIE INDUSTRIALI S.R.L.,Italy,Fornovo San Giovanni,Hall 13 / C22,wire2026.3041584,l3U26ulbTA6KLyUFXvv8tg
Tecnospir s.r.l.,Italy,Pedrengo (BG),Hall 15 / B01,wire2026.3043817,ebhX0z98SnOeJUHsgTumuw
Tecnotubi S.p.A.,Italy,Alfianello (BS),Hall 3 / C37,tube2026.3035124,U8Y0HwsIRIKZj2JV6Np91g
TECNOVO S.r.l.,Italy,Milano,Hall 11 / A56,wire2026.3035008,pUYlWrLhQyiHAFEzKP7JeQ
TECTUBI RACCORDI S.P.A.,Italy,Podenzano (PC),Hall 1 / B59,tube2026.3041642,Qd6RZOrOSYiaR9mpViy1gA
TECVIL SARL,France,Neuve Eglise,Hall 17 / D30,wire2026.3045840,3bYwgSrMRMelMMJE6Pcp4g
TEKBOR CELIK BORU SAN. TIC. LTD. STI.,Türkiye,Bismil/Diyarbakir,Hall 4 / F13,tube2026.3058593,IcnScmdaSFGilHYsPxaKMA
TEKIN BORU SANAYI VE TICARET A.S.,Türkiye,Hatay,Hall 4 / H06,tube2026.3037727,zpItxEZmQR6Lr8Y3ZljjmQ
Tekmak Global Makine San. ve Tic. A.S.,Türkiye,Kocaeli,Hall 6 / F06,tube2026.3070246,zBcl2B2MQTGXYEd6H3w42Q
Teknor Apex Company,USA,"Pawtucket, RI",Hall 9 / E06-1,wire2026.3059993,Bt6Gez0USwWwWqtS11rCGw
Teknospool Srl,Italy,San Zenone Degli Ezzelini (TV),Hall 11 / E16,wire2026.3036225,Fb7EkoHeS8Si0xfSXyBYkg
TEKNOVALS A.S.,Türkiye,Istanbul,Hall 16 / G50,wire2026.3045304,Ac2lCQ8tQJah6pb7dBKy4g
TELCİMAKS MAKİNA ITHALAT IHRACAT SANAYI TICARET LIMITED SIRKETI,Türkiye,Konya,Hall 17 / B60,wire2026.3035129,PpKyMp7MSKW2wLc9Xw1h9g
Tenaris Connection BV,Netherlands,Amsterdam,Hall 4 / F21,tube2026.3046200,JLa0SKLdTLy3GBfNkraecQ
Tenglong Stainless Steel Industry GmbH,Germany,Wetter (Ruhr),Hall 15 / K03,wire2026.3063273,GKaLyXBXQ6W5aOHtG7tCNw
Tenova SPA Italimpianti,Italy,Genova,Hall 10 / A59,tube2026.3070552,YLUvKcLVRgidgokf9fv8VA
Tenova SPA Italimpianti,Italy,Genova,Hall 10 / A59,wire2026.3070364,EANQynhpTguXCzENqBCkNg
Tensometric Messtechnik GmbH,Germany,Wuppertal,Hall 9 / F49,wire2026.3045415,rdJk8I9tQQ2q2lHvwEiJBA
Tensor Machinery Ltd.,Canada,"Lachine - Montreal, QC",Hall 9 / D16-6,wire2026.3068019,ehmDqMbKR7uEkpaA3jilVA
TERMOMACCHINE s.r.l.,Italy,Rivalta (TO),Hall 6 / H10,tube2026.3044613,BDJo9Hc1TCmBBpRXfV5Hyw
"TESPOWER ELECTRICAL (NANJING) CO., LTD",China,Nanjing,Hall 14 / J02-5,wire2026.3068282,TDVctfGbSzKzkJE9DNBSAg
TESTMACH INTECH LLP,India,Vapi,Hall 13 / C76-2,wire2026.3072529,TMEiZOxYSImvZY03YYVADg
TETAN GmbH,Austria,St. Konrad,Hall 10 / D42-08,wire2026.3068731,TqJWv1VVQCeY9lbB1l5opQ
TETAN GmbH,Austria,St. Konrad,Hall 6 / A04,tube2026.3044750,E104l1mwRMKcq4u6up61BQ
Teudeloff GmbH & Co. KG,Germany,Pfaffenhofen,Hall 16 / C56,wire2026.3044584,wzwkMIxsT6umqqoW87rx4g
Texera Srl,Italy,Busto Arsizio,Hall 9 / A54,wire2026.3045813,TOabQrw6Rpyx2qddBiGl6g
TeZet Technik AG,Switzerland,Döttingen,Hall 5 / C05,tube2026.3037732,89NHz6m1R76YhhHSCAb16A
"Thai Benkan Co., Ltd.",Thailand,Samutprakarn,Hall 1 / F79,tube2026.3035110,xdxAPQGVQ5K43cc020y7XA
Thai-German Products Public Company Limited,Thailand,"Klongtoey, Bangkok",Hall 4 / B34,tube2026.3054508,ke4NNcnzQZaM0Ux0nEZpZA
The Arab Company for Special Steel ARCOSTEEL Corp. Part of ASHRYSteel Group,Egypt,Giza,Hall 13 / B50,wire2026.3048477,NWkhSI75Ssu7pnnbYsgYZw
The Institute of Spring Technology Ltd.,United Kingdom of Great Britain and Northern Ireland,Sheffield,Hall 16 / F01,wire2026.3034558,Bm5U8T19Q62lA32kQsEr9A
THE Machines Yvonand SA,Switzerland,Yvonand,Hall 6 / E15,tube2026.3064974,AUri3YKUTGijw9l4lzU3ow
THELEICO Schleiftechnik GmbH & Co. KG,Germany,Meschede,Hall 16 / H41,wire2026.3037624,k8feAI4HS9GEQK8iy0vPqA
THERM PROCESS ENGINEERING PVT LTD,India,Mumbai Maharashtra,Hall 13 / C80-3,wire2026.3071340,pf8Q9r7URZSBUuTD49lEmw
Thermatool,United Kingdom of Great Britain and Northern Ireland,"Basingstoke, Hampshire",Hall 6 / C23,tube2026.3044410,vF49GFBwS4izKAGU01EjMg
Thermo Fisher Scientific GmbH,Germany,München,Hall 1 / B38,tube2026.3068646,ZTyvBtKRTPCSTgT592TUtQ
Thermoplastics Engineering Corp.,USA,"Leominster, MA",Hall 9 / E10-6,wire2026.3060983,o36O34KnQAyfDPryIg7gaQ
Thiel & Hoche GmbH & Co. KG Rohre - Profile - Komponenten,Germany,Erkrath,FG Hall 1 / G1,tube2026.3055027,kQcM0imfSuuSjtzTl9mRZA
Thomas Rohde Biegetechnologie GmbH,Germany,Pliezhausen,Hall 5 / I17,tube2026.3054544,PNHcAczJS7qgkppQfL1EJg
thyssenkrupp Schulte GmbH,Germany,Essen,Hall 3 / C28,tube2026.3062878,xj58KSVNRaKA55gVxfD4QA
thyssenkrupp Steel Europe AG,Germany,Duisburg,Hall 3 / C28,tube2026.3063749,POCmHGnqTCOxLHQjO8umEA
"TIANCHANG LANGHUI WIRE DRAWING DIES CO., LTD.",China,"Tianchang, Anhui",Hall 14 / B62-2,wire2026.3069103,4Vwv8eH1SeKQYxKwg3oGGQ
TianChang RedStar Wire Drawing Die Factory,China,"Tian Chang, Chuzhou, Anhui",Hall 14 / G12-2,wire2026.3066842,XenMDXqJQlSyxipZVkDEZA
"Tianchang Tianjie Metalware Co.,Ltd",China,Tianchang,Hall 14 / A46-6,wire2026.3060021,oqJrWv3eQ9GWgfrf1x6U5w
"TIANCHENG METAL MATERIAL(TIANJIN) CO.,LTD.",China,Tianjin,"Hall 7, level 0 / G20-2",tube2026.3058447,KiJMXkViRn2wNdkm2dowxA
"Tianhuan Cable Group Co., Ltd.",China,"Xingtai, Hebei",Hall 14 / A62-6,wire2026.3065278,eGkCVzxWRJWnKEmG9QCMsg
"TIANJIN BAOLAI INTERNATIONAL TRADE CO., LTD.",China,Tianjin,"Hall 7, level 0 / A01-4",tube2026.3068901,12AMldiQQWeQEvKKIbqQzQ
"TIANJIN BEST STEEL TRADE CO., LTD.",China,Tianjin,"Hall 7, level 0 / D03-8",tube2026.3068900,SIQBE6hiTxWbSlwPs9InPQ
Tianjin Diamond Innovation Co.Ltd,China,Tianjin,Hall 14 / A39-3,wire2026.3060014,1PZ4yXZNTjOJiRnwkBUatg
Tianjin Huayuan Times Metal Products Co. Ltd.,China,Tianjin,Hall 15 / D64,wire2026.3040323,h2jBvTlcRnSkcKXwauadGQ
"TIANJIN HUILITONG INDUSTRIAL CO.,LTD",China,Tianjin,"Hall 7, level 0 / D03-9",tube2026.3069603,O944OSeVRiCmKpFi7zJauw
"TIANJIN JINGHAI YICHENG METAL PRODUCTS CO., LTD",China,Tianjin,Hall 14 / A46-5,wire2026.3060020,4RDLNjXMS1yteWzpVwKgNA
"TIANJIN KAICHUANDA METAL PRODUCT CO., LTD",China,Tianjin,Hall 14 / A54-6,wire2026.3060017,hvydgWzPQTuo44PDwBJlSA
"TIANJIN LEFIN INDUSTRIAL CO.,LTD.",China,Tianjin,Hall 3 / G46,tube2026.3068528,RxyzxkgiSXSuBPU0cuHPYA
"Tianjin TheOne Metal Products Co.,Ltd.",China,Tianjin,Hall 16 / F61,wire2026.3061407,4kFFPZI2RZuFro7M1Yr4tA
"TIANJIN TIANGANG SPECIAL PETROLEUM PIPE MANUFACTURE CO.,LTD",China,Tianjin,"Hall 7, level 0 / E20-2",tube2026.3066393,bU5FwYmPQHqcE06Q9sOpiA
"Tianjin Tianlan Electrical Machinery Co., Ltd.",China,Tianjin,Hall 15 / A53,wire2026.3045620,QwMhKjuzRZOASWQqh7r5Pg
"Tianjin United Steel Pipe Co., Ltd",China,Tianjin,Hall 1 / A55,tube2026.3067187,pDKzEfC8QB6KK3E7aIunVQ
TIANJIN XINYUE STEEL GROUP.,China,Tianjin,"Hall 7, level 0 / G15-2",tube2026.3058444,kpHVp4lFTD2BAvLjrzhVhg
Tianjin Youfa Steel Pipe Group Co. Ltd.,China,Tianjin,Hall 1 / B75,tube2026.3072188,jpFqMXSzT82SxCr5uF6wAw
"Tianjin Youfa Steel Pipe Group CO.,LTD, Hebei Haiqianwei Steel Pipe-LSAW mill, Huludao Steel Pipe-ERW mill.",China,Huludao,Hall 3 / G44,tube2026.3068061,dwoueA7CQGedrp3blfbadA
"Tianjin Yuantai Derun International Trade Co., Ltd.",China,Tianjin,"Hall 7, level 0 / G15-1",tube2026.3063009,l0vJCIZ3TB2lqbEpMYmKFw
"Tianjin Yuantai Derun Pipe Manufacturing Group Co.,Ltd.",China,Tianjin,Hall 1 / A21,tube2026.3036508,q1jUZfFjQBW4o2ZmV8hFnw
"TIANJIN ZHAOHONG METAL PRODUCT CO., LTD.",China,Tianjin,Hall 15 / F64,wire2026.3066437,dk4GlBmET8aJtBQ4tsRdAw
"TIANJIN&#160;WINWIN&#160;METAL&#160;TECHNOLOGY&#160;CO.,&#160;LTD",China,Tianjin,Hall 6 / J09-2,tube2026.3066334,mx3ElKaCQ62Z9de5FQNcjw
TIB Chemicals AG PROTEGOL Coating Systems,Germany,Mannheim,Hall 4 / C30,tube2026.3038478,YhQfpMsiTF6McKMGlLdBWg
"Tien Chen Diamond Industry Co., Ltd.",Taiwan,Taoyuan,Hall 11 / C06-5,wire2026.3053759,26UnD5R2Seajo2KGqSWIcg
Tillos S.A.,Greece,Egaleo,Hall 17 / D12,wire2026.3045604,kpeqDRJUT7mERodG7RhBnQ
"TIPRO INTERNATIONAL CO., LTD",China,"Xi'An, Shanxi",Hall 14 / A12-1,wire2026.3066848,36j70syTSO6c7WQ75O0WuQ
TIS s.r.l.,Italy,Valmadrera (LC),Hall 3 / C17,tube2026.3038474,S3VEsxBASe6ptNgm2tIRCg
TJK Intelligent Equipment Manufacturing TIANJIN CO LTD,China,Tianjin,Hall 17 / B72,wire2026.3035576,lP8PzsrnSfuqimbeOTceyQ
tk accelis GmbH,Germany,Essen,Hall 3 / C28,tube2026.3045160,Wo2TQrWhRL2ZqnRqLtQuUQ
tk accelis Trading GmbH,Germany,Essen,Hall 3 / C28,tube2026.3062879,gNgOL6QzSDWPyO0zuwSkUA
Tolsa S.A.,Spain,Madrid,Hall 15 / B12,wire2026.3036439,VwKqfZeOSYisU5JNAd1uig
Tom-Ferr Zrt.,Hungary,Budapest,Hall 3 / D18,tube2026.3062378,cSBc129BRlyukzezfdvmdw
"Tongling Chuangwei Technology Co., Ltd.",China,"Tongling, Anhui",Hall 14 / A38-2,wire2026.3064061,C13MZmLKRcqHQ0wNEkAIAg
"TONGLING XINGANG PLASTIC PRODUCTS CO.,LTD",China,"Tongling, Anhui",Hall 14 / C04-1,wire2026.3059536,aUVEJ6SHSWeDB6qOa9snFg
"TOOLCLUB MACHINERY TECHNOLOGY CO.,LTD.",China,"Yichang, Hubei",Hall 6 / J01-3,tube2026.3072818,2LNtOo9SQSSF1D8aMsg2rQ
TOP TAPES TT Okroglica,Slovenia,Volčja Draga,Hall 11 / B50,wire2026.3034074,xvUEvfHdQ0SoQ6bLwWytaQ
Toscelik Profil ve Sac Endüstrisi A.S.,Türkiye,Sariseki / Iskenderun,Hall 3 / D20,tube2026.3045680,rnHnrN6rS3m73jye0vYFLQ
Tosyali Filmasin ve Insaat Demir Üretim Sanayi A.S,Türkiye,Osmaniye,Hall 12 / B44,wire2026.3045703,itFaDgh5SkmX0JvKGSP4BA
"Toyo Millennium Co., Ltd.",Thailand,Klong Toey,Hall 1 / B41,tube2026.3041580,JDuZJ40CTMuLF4mhO1Czmw
TRA.SMA S.p.a.,Italy,Moncalieri (TO),Hall 11 / A29,wire2026.3045712,TMHqcM9VTdmgAknBipdDrg
Trafileria A. Mauri e Figli S.p.A.,Italy,Cesana Brianza (LC),Hall 10 / H42,wire2026.3034726,j7qF5e1lTn6rD2eBCErYxA
Trafileria Ceruti spa,Italy,Corbetta,Hall 4 / H01,tube2026.3057254,ifSarqpVTV21fVHQP5hAWg
TRAFILERIA GEROSA SRL,Italy,Annone Brianza,Hall 11 / D77,wire2026.3044646,DEdUIRn5Ray71eh3eQpOkg
Trafileria Lecchese srl,Italy,Olginate (LC),Hall 11 / A18,wire2026.3045796,UcHD7VJOQVKFtqb3WA27Hg
Trafilerie di Valgreghentino S.p.A.,Italy,Valgreghentino (Lecco),Hall 10 / F73,wire2026.3057667,Mse6L3TJTYuVLPzLHWbdlA
Trafilix S.p.A.,Italy,Esine (BS),Hall 11 / G40,wire2026.3036281,Waa9JwzOSL68twnD9ZU6GA
TRAFILSPEC ITS S.p.A.,Italy,Castelmarte (CO),Hall 11 / G25,wire2026.3043906,CjTmf4EpQjGjoK3J2pPfvg
TrafiTech S.r.l.,Italy,San Colombano al Lambro,Hall 9 / E26,wire2026.3068090,QinkXfNfRmu0F9NXuZo5Lw
Tramev S.r.l.,Italy,Cesana Brianza (LC),Hall 11 / D77,wire2026.3044586,VBla85zxRT2Pgfzkp7h8jQ
transco Drehautomaten GmbH,Germany,Füssen,Hall 16 / H22,wire2026.3033961,vK1avMQ3SAOg041dohJ1Sg
Transfluid Maschinenbau GmbH,Germany,Schmallenberg,Hall 5 / E32,tube2026.3044185,4DLSraiQSEe4hIRuDhot6w
"Transformaciones Metalurgicas, S.A.U Transmesa",Spain,"Arenys de Mar, Barcelona",Hall 3 / D18,tube2026.3067329,MErHbBYuRlW8vbIUG0Ad7g
Transformaciones y Estudios Metalurgicos SL (TEMSA),Spain,Cervello,Hall 16 / A55,wire2026.3045743,qJxAoEIETUqFvYIkF5XIbg
Transworld Engineering Ltd,United Kingdom of Great Britain and Northern Ireland,Cradley Heath (Birmingham),Hall 16 / E17,wire2026.3046020,5EcCqZhmRX29RQ6YH02uGQ
Traxit Wire Lubrication,Germany,Schwelm,Hall 9 / F42,wire2026.3034337,gpeHsU2gQyC7y1a9GbfbYg
TREFILADOS DE NAVARRA S.A. (TREFINASA),Spain,Uharte-Arakil,Hall 11 / B21,wire2026.3073081,CMjIPwR3SD2CBjbVlpxM4w
"Tremefil-Izaguirre, S.A.",Spain,Usurbil,Hall 12 / D66,wire2026.3038295,9OwR7tYdTiOY17tufEo60A
"Tri Star Metals, LLC",USA,"Freeport, IL",Hall 11 / H42,wire2026.3066505,MsJ9XyAWTmiqsuCcg20wuQ
Trinca Technology Srl,Italy,Lurate Caccivio (CO),Hall 10 / A69,wire2026.3039933,fmkD6MMHRAGhpf0gY3K7PQ
"Trinecké zelezárny, a.s.",Czechia,"Staré Mesto, Trinec",Hall 3 / C01,tube2026.3035323,gqUdJZPVQmmcwRrpjI7MPw
"Trinecké zelezárny, a.s.",Czechia,"Staré Mesto, Trinec",Hall 13 / A32,wire2026.3040920,PIRrrh1xRUCTmdZTB71GmA
Tritonvalves Future Tech Pvt Ltd,India,"Myosre, Karnataka",Hall 1 / F02-3,tube2026.3071231,yU1bWCSGSwy3LYA0h526hw
"TRITREG - Trinec, s.r.o.",Czechia,Trinec,Hall 11 / H74,wire2026.3042432,V0UH4ZVpSQanzenusWQkOw
Troester GmbH & CO. KG,Germany,Hannover,Hall 10 / F60,wire2026.3040569,hJiLrh3gQiC8tzngs0iAzw
TROESTER GmbH & Co. KG,Germany,Hannover,Hall 10 / F60,wire2026.3040569,hJiLrh3gQiC8tzngs0iAzw
Tru-Cut Saw Inc.,USA,"Brunswick, OH",Hall 6 / D04,tube2026.3034172,sdVpS4I3QL2h23JDYyMEgA
TRUMPF Werkzeugmaschinen SE + Co. KG,Germany,Ditzingen,Hall 5 / A32,tube2026.3048475,HYFneLFNQjmd63S1WUjSdA
TRUVA PIRINC ÜRÜNLERI METAL SANAYI TICARET LIMITED SIRKETI,Türkiye,Istanbul,Hall 15 / C03,wire2026.3063575,AyqnxSvATy25FZkjbXeO1w
TS Steel Trade GmbH,Germany,Walldorf,Hall 12 / E51,wire2026.3040520,iwhPCkhGTCurfGk4EPFcfg
TS Steel Trade GmbH,Germany,Walldorf,Hall 12 / E51,tube2026.3070555,i4LRkoSUS5Gy1X29zV0JIA
"TSIN YING METAL INDUSTRIAL CO.,LTD",Taiwan,New Taipei,Hall 16 / B19-8,wire2026.3063369,I0t3OEBSQRWXiIRYwvFaVA
Tsingland international limited,"Hong Kong, China SAR",Hongkong,Hall 14 / G04-1,wire2026.3066841,EV4sA8CmQ7ChgsJHjmLlag
"Tsingshan Steel Pipe Co., Ltd.",China,"Wenzhou, Zhejiang",Hall 3 / C57,tube2026.3035422,ahVXAZTyRLyQMpsG99IwHA
"TSM Technology Co., Ltd",China,"Xi'An, Shaanxi",Hall 6 / J23-1,tube2026.3066328,Ogp9u5csQSSONkWtwDpikw
"TU Chemnitz, Fakultät Maschinenbau Professur Umformtechnik",Germany,Chemnitz,Hall 7a / D017,tube2026.3047585,54Yuej7aSUuIsKJ2Oor7kg
Tubacex S.A.,Spain,Llodio-Álava,Hall 3 / A18,tube2026.3045013,5zqDzEZVQsmbpGNHIgKqYg
Tube China 2026,Germany,Düsseldorf,North Entrance / N02,tube2026.3056843,PGMOiOlUSX6hHF2b67gBtQ
Tube Eurasia 2027,Germany,Düsseldorf,North Entrance / N02,tube2026.3056842,TTOTOKNzSSeRe1qIHHw6nw
Tube Forum,Germany,Düsseldorf,Hall 1 / A47,tube2026.3056847,tSdFkM8wR560x7tSHqTxEg
Tube India 2026,Germany,Düsseldorf,North Entrance / N02,tube2026.3056844,CLnVlxdITRC96UiCiNRcsQ
Tube Mexico 2027,Germany,Düsseldorf,North Entrance / N02,tube2026.3056839,xcmSXlvNTDyLV219KKMixw
Tube Middle East Africa 2027,Germany,Düsseldorf,North Entrance / N02,tube2026.3056837,swOrlqijRSurHnrZaHkKbA
Tube Products of India A Division of Tube Investments of India Public Ltd. Company,India,Chennai,Hall 3 / A10,tube2026.3045585,Wp9THayQTWmm0IbMA2s43A
Tube Southeast Asia 2027,Germany,Düsseldorf,North Entrance / N02,tube2026.3056827,MGwTrqGuTcG0pUDOi7woQQ
TubeFormTec GmbH,Germany,Karlsbad-Langensteinbach,Hall 5 / E15,tube2026.3068869,ApCeo5b2QieqS0PUqkEUTw
Tubifaber SpA,Italy,Loria (TV),Hall 6 / A33,tube2026.3067537,v2e9zJ7LSX6wAN6wjXzcMQ
Tubificio Lombardo S.r.l.,Italy,S. Nicolo Po (MN),Hall 3 / G42,tube2026.3036504,O080ePt9Q02UQC24V8CPfg
TUBOS REUNIDOS S.A.,Spain,"Amurrio, Álava",Hall 4 / E15,tube2026.3039457,7xlvNpUFTNeJJmnBNhdFwg
Tuboscope A Division of NOV Inc.,USA,"Houston, TX",Hall 4 / G12,tube2026.3039639,ANoNJPl5QkiheZrabK4XbA
"Tumay Makina Montaj Demir celik Sanayi Ticaret Ltd., Sti.",Türkiye,Hatay / Iskenderun,Hall 6 / B24,tube2026.3043146,JPIij1adTZqgUHz4qfEGyg
TURA Tasarim ve Muhendislik Ltd. Sti.,Türkiye,Ankara,Hall 11 / E63,wire2026.3057925,zttLMuf5TkuDKsADvQM5FQ
Tural Erdeniz Mak. San. ve Tic. Ltd. Şti,Türkiye,Istanbul,Hall 15 / B04,wire2026.3062520,VIFCvgerTUuk2rAFp6leJg
TURKEL FUARCILIK A.S,Türkiye,Istanbul,Hall 1 / C10,tube2026.3070418,liqwgqC5SciTDbp8pD4Usg
TURKISH STEEL EXPORTERS' ASSOCIATION,Türkiye,İstanbul,Hall 4 / B20,tube2026.3046010,eZE5JAApSzmUdaIzI83j8w
"TÜV Rheinland (Shanghai) Co., Ltd.",China,Shanghai,Hall 14 / D46-3,wire2026.3067171,QrsOBCiIS3eK2XI8E2a6Aw
TVARMETAL s.r.o.,Czechia,Vysoké Mýto,Hall 1 / A26-1,tube2026.3063764,Rf8aXJYzRAKLiCgcrbCrzw
Ugivis S.A.S,France,Belley,Hall 12 / C60,wire2026.3045612,mvA7CD1LTTSmvQHOMqIQog
Joachim Uhing GmbH & Co. KG,Germany,Flintbek,Hall 11 / A40,wire2026.3042964,7Keuj87CTRifjxjanOE7tA
UKF Stainless Ltd.,United Kingdom of Great Britain and Northern Ireland,"Bromsgrove, Worcestershire",Hall 3 / G39,tube2026.3034510,7oyzAKuSStCdadcC32gnaA
UL Solutions,Germany,Krefeld,Hall 13 / C17,wire2026.3069897,UMAxSSrlSZOWThHoFAvZ7w
Ulbrich of Austria GmbH,Austria,Müllendorf,Hall 10 / D42-03,wire2026.3062920,qc4kYoxbRBqxPVImQREfjw
Ulma Forja S. Coop. Ulma Forged Solutions,Spain,Onati,Hall 1 / C70,tube2026.3045757,q71WalAgTHmtwX18zk0qXQ
Ultimate Automation Ltd.,United Kingdom of Great Britain and Northern Ireland,"Partridge Green, West Sussex",Hall 12 / B72,wire2026.3035469,113addgORCSJQ5LkXTho9g
Ultra Clean Technologies Corp.,USA,"Bridgeton, NJ",Hall 4 / E11,tube2026.3040947,rorrSnaDT2K7ZyPyksr5lA
"UltraFlex Power Technologies, Inc.",USA,"Ronkonkoma, NY",Hall 6 / E08,tube2026.3035117,pWv3lqt1RyecxSvLvufxGQ
Umang Boards Ltd.,India,"Jaipur, Rajasthan",Hall 13 / C82-3,wire2026.3067228,TfEqrrdDSiKdndEgbus1GQ
Unggul Prakarsa Prisma - Eska Corp PT,Indonesia,Jakarta Barat,Hall 3 / D13,tube2026.3062603,QASHsSGGThGvJfwk6ApdaA
Uniflex-Hydraulik GmbH,Germany,Karben,Hall 6 / A34,tube2026.3034506,IkgGsrgdQWmMum86trlHlQ
Uniflow LLC,USA,Richmond,Hall 9 / E41,wire2026.3068695,UN527ZqtTzaaVktPYegESQ
UNIGEL Ltd.,United Kingdom of Great Britain and Northern Ireland,Eastbourne,Hall 9 / B50,wire2026.3044644,OxDRaftjS7ylQZr1oRjFxg
Unison Limited,United Kingdom of Great Britain and Northern Ireland,Scarborough,Hall 6 / B27,tube2026.3045208,3VAMg38FQnKi47MKziJ7OA
"UNISTRONG INDUSTRIAL CO., LTD",Taiwan,Tainan,Hall 11 / C06-2,wire2026.3054009,YdZT0KRXTiK45Y0ALfUxvQ
United Cast Bar Ltd.,United Kingdom of Great Britain and Northern Ireland,"Chesterfield, Derbyshire",Hall 1 / A57,tube2026.3041576,rD2kURYeRrOVfOrvkymYYg
United Pipeline Products bv UNI-COUPLING HEGAWA,Netherlands,Sint-Oedenrode,Hall 1 / F40,tube2026.3035359,tarjtlYjRbmqvVzlrVVSUQ
"UNITED STEEL INDUSTRY CO., LTD",China,"Changsha, Hunan","Hall 7, level 0 / C21-5",tube2026.3064444,cDwRP9z0TXOKOEANaPqrrg
Unitek Maschinenbau- und Handels GmbH,Austria,Wien,Hall 10 / D42-05,wire2026.3060201,Z9fC3GCYTvSAWuqgdwVdiw
Universal Controls Group LLC,USA,"Perrysburg, OH",Hall 6 / C14,tube2026.3045771,gTYgDfKCTDalwNLbD0DCbg
Universal Tube and Pipe Industries FZE,United Arab Emirates,Dubai,Hall 3 / D58,tube2026.3041910,yuql3psyTwaHWIbtDJ06NA
UNIWELD Maschinenbau GmbH & Co. KG,Germany,Burbach,Hall 7a / F17,tube2026.3045658,VwPMSzMiSi2wwCWFIMPfJw
UPCAST OY,Finland,Pori,Hall 9 / C06,wire2026.3039271,AP9Kl2VFQ1qSNV5bX7z8cQ
UPCAST OY,Finland,Pori,Hall 6 / A01,tube2026.3065136,8hM5mv97T421R56YdRCbbw
Uranie International SAS,France,Lacroix-Saint-Ouen Cedex,Hall 3 / B04,tube2026.3036370,iOLNzIJrSBihbFvMr0N90A
Urban Steel Expo 2027,Germany,Düsseldorf,North Entrance / N04,tube2026.3056846,l16hm0EnTcybRkFAEtEYGA
USE 2027,Germany,Düsseldorf,North Entrance / N04,wire2026.3068390,kOQEtt5WRIGCr2u9VtCGDg
USLU CSM DEMIR CELIK AS,Türkiye,Izmir,Hall 6 / E22,tube2026.3065990,jXIph4bPSKyrRwmJyw7bmQ
Usta Civata Makina Sanayi ve Tic.Ltd.Şti,Türkiye,İstanbul,Hall 16 / G28,wire2026.3061154,08lhNdY5TRWuHXHjwOybCQ
"UTA AUTO INDUSTRIAL CO., LTD",Taiwan,Taichung,Hall 16 / H56,wire2026.3044030,YMfmzcN6QOSI3YSYfQyDpQ
UTEM-TT LLC,Ukraine,Bucha,Hall 1 / F87,tube2026.3041201,80KR7JHWQPuoSGeKMT9ncg
UTVA SILOSI a.d. Kovin,Serbia,Kovin,Hall 4 / F29,tube2026.3035363,ruL0BN1aT6262aWRyP9PJw
Uyar Çelik Endüstrisi San.Tic. A.S.,Türkiye,Istanbul,Hall 4 / G24,tube2026.3045170,ey15ReZFRoaU3Ah9IaU7uQ
UYAR INTERNATIONAL TRADING GmbH,Germany,Düsseldorf,Hall 4 / G24,tube2026.3072377,YvPvBnKCRWeSyaOmWFyMBQ
Uygar Makina San. ve Tic. Ltd. Sti.,Türkiye,Denizli,Hall 10 / F18,wire2026.3038324,TbMgIC9ETjK9ZoeMVtEQDA
Uzeltexsanoat Association,Uzbekistan,Tashkent,Hall 13 / C19,wire2026.3062253,3vWozrDwSkqKb1AiiukbMQ
Uzeltexsanoat Association,Uzbekistan,Tashkent,Hall 1 / E76,tube2026.3055982,Xzwl6LqmTk6n2uJnQzxhIw
VAIBHAV FITTING INDIA PVT LTD,India,Umbergoan,Hall 3 / F10,tube2026.3044904,ZpWf4VLxQLOjYiRFVxzCXA
"Válcovny trub Chomutov, a.s.",Czechia,Veselí Nad Moravou,Hall 1 / A26-5,tube2026.3063500,YH6AyzR3RoqMxWck2MHs7Q
Vallourec Tubes France,France,Meudon,Hall 1 / D24,tube2026.3061285,2umuLN7jRpSFe1o9GGEq0Q
VALVE WORLD EXPO 2026,Germany,Düsseldorf,Hall 1 / C35-3,tube2026.3072781,09POJFjKQ6KJaJKeqexDNA
VALVITALIA SPA,Italy,Milano,Hall 3 / A02-2,tube2026.3048583,nSaSj4dnTKe2ND79DvuOdw
VALVOROBICA INDUSTRIALE SPA,Italy,Zanica,Hall 1 / D23,tube2026.3044179,OqOApEkURJesrzgfKrfiAA
"VAN RON INDUSTRIAL CO.,LTD",China,"Yuyao, Zhejiang","Hall 7, level 0 / A11-7",tube2026.3058023,tbChK0V8RiirgozkCJzzTw
vapic GmbH,Germany,Neubulach,Hall 6 / H16,tube2026.3051744,GFsiJ2fkStuNqTcso9u4kA
VARO s.r.l.,Italy,Valmadrera (LC),Hall 17 / D71,wire2026.3041116,q1LcpNRsTjSggQ8oB64xpA
Vassena Filiere Srl,Italy,"Malgrate, LC",Hall 10 / E78,wire2026.3068580,mluxCafATbKyd7IxoJDydA
VATMAK Vatan Makina Sanayi ve Ticaret Limited Sirketi,Türkiye,Merkezefendi̇/ Denizli,Hall 13 / C49,wire2026.3045819,WPqIvYKHS12q5rfb6taH4g
VDE Prüf- und Zertifizierungsinstitut GmbH,Germany,Offenbach am Main,Hall 13 / B59,wire2026.3045639,7Ea35WfHQQucyxjTpufqIg
VDKM German Wire and Cable Machine Manufacturers Association e.V.,Germany,Hagen,Hall 11 / A05,wire2026.3046554,317A2taKQP6M6cAmgQPzOQ
VDM Metals International GmbH,Germany,Werdohl,Hall 3 / B18,tube2026.3045164,5Qw3xde3QaGDoDqKCI2SSQ
Vega Engineering Corporation,Taiwan,Changhua,Hall 4 / B15-1,tube2026.3063721,B23F0kcPRbmyHejYFXqFvA
Venus Pipes and Tubes Ltd.,India,Dhaneti-Kutch,Hall 3 / A03,tube2026.3036347,vB0VjlYzR6GPkuqnPKogQw
Venus wire industries private limited,India,Mumbai,Hall 9 / E34,wire2026.3040784,ADlwmSqxRbqSC6Qf9UYwzw
VERGO ENERJİ SİSTEMLERİ A.Ş,Türkiye,Manisa,Hall 4 / C20,tube2026.3066695,uISLXJftS7Gy24XBGwt6PA
VERPLASTIC SPA,Italy,Verolavecchia,Hall 15 / L28,wire2026.3057376,fpmjXBcCRfOzPDhr9javgw
Verschleisstechnik Kämpfer GmbH,Germany,Herborn,Hall 10 / A55,wire2026.3035411,7G1h6f74SMG0RgMEGaniDA
Versowood Oy,Finland,Riihimäki,Hall 13 / A51,wire2026.3044596,cVBNVufMSjOf1xMxh0Muig
Vertigo Forming Solutions Ltd. Co.,Taiwan,Taichung City,Hall 16 / E21-2,wire2026.3063370,LdcYyViLRDuoEmXRxhwnvQ
VI.PA. S.r.l.,Italy,Ancarano (TE),Hall 12 / E12,wire2026.3035028,BqMhSjrBRfWn7filoGQ0kQ
Vibiplast s.r.l.,Italy,Castano Primo,Hall 15 / A27,wire2026.3043212,6T9ej18BRnKCoV11zl79KQ
Videx Machine Engineering Ltd.,Israel,Yahud,Hall 16 / E26,wire2026.3045744,FP9YYBBpRnucLcMoNug2fQ
Viera Seamless Pvt Ltd,India,Nagpur,Hall 4 / C05,tube2026.3050112,vtpQTVvnSrSkScURWgKgvQ
"Vietnam Hongyue Stainless Steel Wire Rope Co.,Ltd",Vietnam,Hung Yen,Hall 15 / F43,wire2026.3050150,RJ9kWebdSJ6SNkdVGg3gvg
Vikas Spool Private Limited,India,Jhajjar,Hall 13 / E61,wire2026.3044929,QxyTYpcLTKKAbrlahGQH2w
VİMSA BORU SAN. VE TİC. A.Ş.,Türkiye,Şanliurfa,Hall 4 / E14,tube2026.3060035,VhCzDasAS8GqG6twg5z5oA
Vincenz Wiederholt GmbH,Germany,Holzwickede,Hall 3 / A38,tube2026.3040934,OusBPO91TqC7SCIiawMQtw
VINCO Vizcaina de Industria y Comercio SL,Spain,"Larrabetzu, Bizkaia",Hall 10 / F48,wire2026.3035648,vBcR5j5dTL2QcKslcVx5rw
"VINLONG STAINLESS STEEL (VIETNAM) CO., LTD",Vietnam,Tien Giang Province,Hall 1 / C19,tube2026.3039449,AjruhSwBRw2XhP0bKh5Vng
"VINTECH PIPE FITTINGS (VIETNAM) CO., LTD",Vietnam,"Tan Phuoc District, Tien Giang Province",Hall 1 / C19,tube2026.3068557,9CTXuxRzT3mm4vZr2Tci3g
"VINTO INDUSTRIAL CO.,LTD",China,"Zhaoqing, Guangdong","Hall 7, level 0 / G04-3",tube2026.3059708,A2ACJOOJR0CwpVxPSVZ3MA
VIOLI MACCHINE SRL,Italy,Monte San Savino (AR),Hall 6 / A11,tube2026.3040353,NVssQvdMSguidUvPJ51VzA
Viraj Profiles PVT LTD.,India,Mumbai,Hall 11 / D42,wire2026.3034060,lRh3PtoVTMez7JLtwKZBLA
Virgilio Cena & Figli S.p.A.,Italy,Brescia,Hall 1 / C40,tube2026.3045827,ycy8igCKQjyM9bfneoupQw
Vishal Pipes Limited,India,New Delhi,Hall 3 / F06,tube2026.3040703,7VexNbEvQA2kAxQ80COkqg
Vision Engineering Ltd.,Germany,Emmering,Hall 16 / B48,wire2026.3065628,AwhbgJBBSPGXwDOMLSCteA
VIVIDH WIRES LIMITED,India,Greater Noida,Hall 15 / B19,wire2026.3047142,MtfwPTxiQcqjJ7o5I2exkg
VIVIRAD SA,France,Ittenheim,Hall 15 / H01,wire2026.3045651,dhduPEKISM65qEi4UDJtqQ
VLB Group,Portugal,"Mouquim, V. N. Famalicão",Hall 5 / G09,tube2026.3034544,vP6nk8PER5OFB7YUYhBVvQ
VLB TEC SA,Portugal,"Mouquim, V. N. Famalicão",Hall 5 / G09,tube2026.3034544,vP6nk8PER5OFB7YUYhBVvQ
VÖDKM/AWCMA - Verband Österreichischer Draht- und Kabelmaschinen-Hersteller,Austria,Wien,Hall 10 / C42-01,wire2026.3059800,k6LjPvMGTvGA41UyAQ2E7A
voestalpine Rotec GmbH,Austria,Krieglach,Hall 3 / D48,tube2026.3034179,0LCiuqELSj694l4kBfodGg
voestalpine Tubulars GmbH & Co KG,Austria,Kindberg-Aumühl,Hall 3 / D48,tube2026.3034829,v1puJ23rQvG7HVoruH9LbA
voestalpine Wire Rod Austria GmbH,Austria,St. Peter-Freienstein,Hall 10 / D52-02,wire2026.3066271,nWhttnq4QRKh9Kk9b89q2g
"Voge Composites, LLC",USA,"Hiram, GA",Hall 11 / E67,wire2026.3041434,8JJpKw6PRSCleXVf4PM9Gw
Volme Draht GmbH,Germany,Hagen,Hall 13 / A21,wire2026.3034313,lQGZiIKpS8m2Jims241f4A
vom Hagen & Funke GmbH,Germany,Sprockhövel,Hall 10 / B42,wire2026.3034370,mYA46WLPQ0SzZ3j9CFXM7A
vom Hagen & Funke GmbH,Germany,Sprockhövel,Hall 10 / B42,wire2026.3034370,mYA46WLPQ0SzZ3j9CFXM7A
Voortman Steel Machinery BV,Netherlands,Rijssen,Hall 7a / F01,tube2026.3040350,xdbBpjZVTFuTSe6EyLUksg
Voß Edelstahlhandel GmbH & Co. KG,Germany,Neu Wulmstorf,Hall 1 / A59,tube2026.3045405,AUwFIK0ZT7ucGzI5smFWhQ
Vovk d.o.o.,Slovenia,Grosuplje,Hall 1 / F28,tube2026.3069108,Xj2tizBmRdiMHiA2wVJLHg
VOX OTOMASYON MAKİNE MÜHENDİSLİK LİMİTED,Türkiye,Hacieyüplü -Deni̇zli̇,Hall 12 / E20,wire2026.3062518,PuAR6WjVTIuKsIJgDIxl0Q
VUHZ a.s.,Czechia,Dobra,Hall 10 / B51,wire2026.3046509,T3EZ12SoQ8SeBf7kISlLcg
W.T.M. S.r.l.,Italy,Padova,Hall 11 / D78,wire2026.3034077,cbaMIpbtSnSyGJujMwHWWw
WAFIOS AG,Germany,Reutlingen,Hall 10 / F22,wire2026.3044642,3Rh9FBOQRcCVFXyGFLoLxA
WAFIOS AG,Germany,Reutlingen,Hall 10 / F40,wire2026.3044643,Zu3Y8OSMQcmrQ6xMuhaUWQ
WAFIOS AG,Germany,Reutlingen,Hall 5 / A21,tube2026.3044749,YRBcVbWASL6fJRilN2AvYQ
WAFIOS Tube Automation GmbH,Germany,Apolda,Hall 5 / A21,tube2026.3068068,Ew0jSkHyTgOvHyy4clreqw
WAFIOS Umformtechnik GmbH,Germany,Wuppertal,Hall 10 / F40,wire2026.3067980,5lIOPfzLQLiM2JhBg9dk3Q
Wagner-Tech-Textil GmbH,Germany,Ibbenbüren,Hall 9 / B27,wire2026.3072799,Yw9zk6xzSqSO6ZBouS3QOQ
Wahtari GmbH,Germany,Haar,Hall 11 / D53,wire2026.3040355,nR95tgK1SOSo1rZtffQUXg
WALCOWNIE OSTROWIECKIE WOST S.A.,Poland,Ostrowiec Swietokrzyski,Hall 4 / B30,tube2026.3057163,lxBcLHh3Tw6IKqV39qdknw
Wallram GrindTec GmbH,Germany,Herborn,Hall 12 / A15,wire2026.3064181,LlwF5IHHRceK3wKQSStiXQ
WALSIN LIHWA CORP.,Taiwan,Taiwan,Hall 11 / G22,wire2026.3071857,aOzkZ19kQOu91HG70oQomw
Walson Woodburn Wire Die Pvt. Ltd.,India,Surat,Hall 9 / C14,wire2026.3043961,g2VUCJGYSHyVsXUv54fQoA
"Wanhua Chemical Group Co.,Ltd",China,"Yantai, Shandong",Hall 13 / A82,wire2026.3063565,PWbbagAJSAemg3IoPTfHHw
Wardwell Braiding Co.,USA,"Central Falls, RI",Hall 9 / B06,wire2026.3046077,gkzr17arSHy56KO3CZBa4w
Waygate Technologies,Germany,Hürth,Hall 9 / F33,wire2026.3045814,8v82qjZJQICNVhX3nYH8EQ
Waygate Technologies,Germany,Hürth,Hall 9 / F33,wire2026.3045814,8v82qjZJQICNVhX3nYH8EQ
wbr Rohr- und Bauelemente GmbH,Germany,Ölbronn-Dürrn,Hall 4 / A41,tube2026.3045697,jGxnidVRRWG8GJOJEkLzEA
WCISA - Wire and Cable Industry Suppliers Association,USA,"Akron, OH",Hall 9 / D16-8,wire2026.3059995,cifqb0EIT8GDa4Ayk1gjug
WCJ Pilgrim Wire LLC,USA,"York, PA",Hall 11 / F26,wire2026.3070180,5IJOEAmxQBm4X4Ro90PHnQ
WDI Westfälische Drahtindustrie GmbH,Germany,Hamm,Hall 10 / E04,wire2026.3042962,bifTBi4rSjaHR4pKDqMGWw
WEB INDUSTRIES International Holding Company SAS,France,Saint-Philbert-de-Grand-Lieu,Hall 13 / C79,wire2026.3063274,9vpXg0KkQ2iIY8jsb4vNcg
Weber & Schaer GmbH & Co. KG,Germany,Hamburg,Hall 13 / B72,wire2026.3070343,Ag0m0eJQSuCjQoACynEYGQ
Webster and Horsfall Ltd,United Kingdom of Great Britain and Northern Ireland,Birmingham,Hall 13 / C46,wire2026.3036467,zri0Wid2Rk60ZJDaq0JNHw
Wecotech AG,Switzerland,Gähwil,Hall 5 / J13,tube2026.3034150,BiQKhOKRRWO2auZMI5ro4w
Wecubex Rohrtechnik GmbH,Germany,Burgbernheim,Hall 4 / H33,tube2026.3048885,omjIroWcT46QMpCVwEncXg
"WEDO NEW MATERIAL TECHNOLOGIES CO., LTD.",China,Zhuzhou,Hall 14 / G22-1,wire2026.3064080,7dFSXNljQIap1fWhvZdkbQ
"Weifang Wanfeng New Materials Technology CO., LTD",China,"Weifang City, Shandong Provinz",Hall 14 / A46-2,wire2026.3060770,rifPyjwzS6Ku78fMIVqQLg
Weighpack B.V.,Netherlands,Den Haag,Hall 16 / E52,wire2026.3071318,bepVZDpuQGGfNWWPxHdhLw
"Weihai Hongda Cable Material Co.,Ltd.",China,Weihai,Hall 14 / G04-2,wire2026.3058922,7CxsgSjKTxmthMAguD3zAg
"Weilly Diamond Industrial Co., Ltd.",Taiwan,Taoyuan City,Hall 11 / C06-4,wire2026.3054008,Sd2UOtXxSsK9FIyHKtYScg
Weinmann Aach AG,Germany,Dornstetten,Hall 1 / A59,tube2026.3045401,9JV3YQQeRuCrdnT7nZVNhA
Welspun Specialty Solutions Limited,India,Mumbai,Hall 4 / H27,tube2026.3067905,VeXp3gQDSmCLtxHmERystA
"WENZHOU GAOXINTE ELECTRIC CO., LTD.",China,"Wenzhou, Zhejiang",Hall 6 / I02-6,tube2026.3066290,QKU0HsnERjm0qdxUHd7dEQ
"WENZHOU GUANCO TECHNOLOGY CO.,LTD",China,"Wenzhou, Zhejiang","Hall 7, level 0 / G04-7",tube2026.3059797,GdemvUUURLuaBrW7JAkn7A
"Wenzhou Guole Stainless Steel Pipe Industry Co., Ltd",China,"Wenzhou, Zhejiang",Hall 6 / J33-1,tube2026.3064421,o45cfGfsRFK16908a9QmpA
"WENZHOU HUASHANG STEEL CO., LTD.",China,Wenzhou,Hall 6 / J28-1,tube2026.3068497,bVF5WynTSrOlFHUS5HNztA
"WENZHOU JIANGNAN STEEL PIPE MANUFACTURING CO., LTD",China,"Wenzhou, Zhejiang","Hall 7, level 0 / A28-1",tube2026.3064463,3WzlijStQ9eAKBBuCkwnHQ
"Wenzhou Joneng Valves Co., Ltd",China,"Wenzhou, Zhejiang","Hall 7, level 0 / G04-9",tube2026.3059717,iNDNPCp7TWeduemCBHPwLg
"WENZHOU L.EULER VALVE MACHINERY CO.,LTD.",China,"Wenzhou, Zhejiang","Hall 7, level 0 / C27-5",tube2026.3058772,9P6UobDNQ4q1AjZjwWMqZA
"WENZHOU OUTEBAO PIPE FITTING CO.,LTD",China,Wenzhou,Hall 1 / F54,tube2026.3035460,9ldljJA2R8mhTDqMxUT9mw
"Wenzhou TianYue Fluid Equipment Co., Ltd",China,"Wenzhou, Zhejiang","Hall 7, level 0 / C21-1",tube2026.3064254,ZIPF6tQ5RPKvCQZ9rz194Q
"WENZHOU ZITI INTERNATIONAL TRADE CO.,LTD",China,Wenzhou Zhejiang,"Hall 7, level 0 / D26-6",tube2026.3058021,SVfaYk7HQgaQUtuWWPw9iQ
"WENZHOUSHI OULIFA FLUID EQUIPMENT CO., LTD",China,"Wenzhou, Zhejiang","Hall 7, level 0 / A29-3",tube2026.3064458,57s1Hj0dTyu4emIFj4S5LQ
"WESTERN TITANIUM TECHNOLOGIES CO., LTD.",China,"Xi&#8217;an, Shaanxi","Hall 7, level 0 / A28-4",tube2026.3066382,TrMgNOi6QUasRVOAXRjuYg
WICSE Web Trading Service Srl,Belgium,Herstal,Hall 10 / A65,wire2026.3038238,L8VhBx8YQL2kOzaDBoEplg
WIKUS - Sägenfabrik Wilhelm H. Kullmann GmbH & Co. KG,Germany,Spangenberg,Hall 1 / A59,tube2026.3045586,qLEnQAmHS8ar44EYgvVk4g
Wilhelm Schulz GmbH,Germany,Krefeld,Hall 4 / G14,tube2026.3053547,420y3jUjTDynL5QqDsiAeA
Win Win Srl,Italy,Inverigo (CO),Hall 11 / G31,wire2026.3046071,h8BkOH7PQEOvSGKeYoCAuQ
Windak OU,Estonia,"Peetri, Harjumaa",Hall 10 / A22,wire2026.3033965,qkf9XojnSiW66o9BN0lNUg
Windora Materials LLC,China,"Shenyang, Liaoning",Hall 14 / D38-2,wire2026.3064174,MbFtNwZZQpyCMCHMYLzPuA
WINLIN STAINLESS STEEL COMPANY LTD,China,"Foshan, Guandong","Hall 7, level 0 / B26-6",tube2026.3062373,iMhY89KEQsyebLdqIPFgQA
"Winner Stainless Steel Tube Co., Ltd.",China,"Guangzhou, Guangdong",Hall 3 / G21,tube2026.3045167,95E2Ic1cRCWfrxcZSDfnSQ
"WINTEC (FOSHAN) INDUSTRIAL CO., LTD.",China,Foshan,Hall 1 / A37,tube2026.3036357,x990orOPSkqmR1cznAVAmw
WIRE & CABLE FORUM,Germany,Düsseldorf,Hall 13 / C52,wire2026.3057221,z9NmsGCfSHeW3V8O3Toj5Q
Wire & Cable Technology International,USA,"Akron, OH",Hall 9 / D16-8,wire2026.3059996,hiU9KpoiShyQ0iZ5oBnAjA
Wire & Plastic Machinery Corp.,USA,"Bristol, CT",Hall 9 / E20-8,wire2026.3059997,g2NO5a2ORnGF21EChoubcQ
"Wire Association International, Inc.",USA,"Madison, CT",Hall 11 / D26,wire2026.3047525,cxbAv424Re6mQewgVvA2yA
WIRE CHINA 2026,Germany,Düsseldorf,North Entrance / N02,wire2026.3057231,CXTKDN4hQuuondSLHM4Bdg
WIRE EURASIA 2027,Germany,Düsseldorf,North Entrance / N02,wire2026.3057230,AQTKKFlLTxmMYJMAPNJtGQ
Wire Forming Technology International,USA,"Akron, OH",Hall 9 / D16-8,wire2026.3059998,ooxMt9I0SX26zDQcS3Bb1Q
WIRE INDIA 2026,Germany,Düsseldorf,North Entrance / N02,wire2026.3057229,dL5g0vk7SgaAs71K0vkpOw
WIRE LAB Company,USA,"Cleveland, OH",Hall 11 / D51,wire2026.3041049,ukNPyhG1QN67OeO8BuwPIA
WIRE MEXICO 2027,Germany,Düsseldorf,North Entrance / N02,wire2026.3057228,FtRV7WAuS2WF17qrKrjeyw
WIRE MIDDLE EAST AFRICA 2027,Germany,Düsseldorf,North Entrance / N02,wire2026.3057225,USusQ31dTUaQC9QfUtKQYw
WIRE SOUTHEAST ASIA 2027,Germany,Düsseldorf,North Entrance / N02,wire2026.3057227,72SOfnnUR5W3kSAQqj6M9g
WIRE TECHNOLOGIES S.L.,Spain,Barbera Del Valles,Hall 11 / C74,wire2026.3045843,TtlfHbyOR12swEXe6nqhng
WIRE WORLD WIDE,Germany,Düsseldorf,North Entrance / N02,wire2026.3057223,yEfQkAC1QRmvAAvO4bE43w
WIREX FZE,United Arab Emirates,Dubai,Hall 13 / B49,wire2026.3044857,3TlL9RUHR2i6eU8iDSCBpw
Wirtschaftskammer Österreich Außenwirtschaft Austria Advantage Austria,Austria,Wien,Hall 1 / A56-3,tube2026.3059497,Y4ChSmFiRVykQRthZSuuyw
Wirtschaftskammer Österreich Außenwirtschaft Austria Advantage Austria,Austria,Wien,Hall 10 / D42-08,wire2026.3059456,UnbhIrTIQfuCrg5ET4FTMg
WITECH,Spain,Barbera Del Valles,Hall 11 / C74,wire2026.3045843,TtlfHbyOR12swEXe6nqhng
Witechs B.V.,Netherlands,Hengelo,Hall 11 / D74,wire2026.3043094,pR7XbBpRSWitAyYXiBLKrg
WITELS-ALBERT GmbH,Germany,Berlin,Hall 9 / E39,wire2026.3043673,tMmj8zdzQpimvnszuryToA
WITTE HiTEMP GMBH,Germany,Rastede,Hall 4 / G09,tube2026.3035329,mhpv5z6WTeC3HfhLhzm0LA
WITTE STEEL + FLANGE SYSTEMS GMBH,Germany,Rastede,Hall 4 / G09,tube2026.3035327,n5eMktToRkqxTpxYVcjA6g
Witte Tube + Pipe Systems GmbH,Germany,Rastede,Hall 4 / G09,tube2026.3034538,ugDM6B0uTwmOTHGSjUQdfg
WJH Werkzeugtechnik GmbH,Germany,Meerbusch,Hall 16 / H29,wire2026.3034547,9DxbxlTESTKboVCBHFwQaQ
WMU Wärmebehandlungsanlagen für Industrie & Umwelttechnik GmbH,Germany,Bönen,Hall 6 / C09,tube2026.3064967,2McDwI7CSDq5iB0snFa2lg
Wöhler Brush Tech GmbH,Germany,Bad Wünnenberg,Hall 15 / H02,wire2026.3042246,uViNEsO6TZqzkqXfR39o9Q
Wöhler Technische Bürsten GmbH,Germany,Bad Wünnenberg,Hall 7a / F16,tube2026.3070807,TwEShSMRSVKtQOuS1bqrsg
WOLCO Sp. z o.o.,Poland,Lublin,Hall 11 / G28,wire2026.3034355,T0ClQx2CT1q4pjfsHSeEHw
Wolverine Tube Europe B.V.,Netherlands,Apeldoorn,Hall 1 / C13,tube2026.3043337,vnc6y8OPQfK0O35a8pEJNA
"Wong Steel International Co.,Ltd",China,Beijing,Hall 14 / A62-5,wire2026.3072384,1EAEmFvLS6iW8sQVMvnsLg
WORK ZONE,Germany,Düsseldorf,Hall 16 / E28,wire2026.3073203,oofQGcmGRYSeqVNbbvQgZw
World of Cables,Germany,Düsseldorf,Hall 13 / C10,wire2026.3056645,U4mnCXfeRpKpiSkP1SeVaA
Worldwide Stand,Germany,Düsseldorf,North Entrance / N02,tube2026.3056845,nxvuNDrrSaacpyjDtvmX7A
WORLES S.L.,Spain,Barcelona,Hall 16 / D19,wire2026.3034549,W0Mzj2NzQ8WsJAZqmrQp2g
WOYWOD Kunststoffmaschinen GmbH & Co. Vertriebs-KG,Germany,Gräfelfing,Hall 9 / A42,wire2026.3035461,voVeXLu2QY27te4px6ipKQ
WRAZIDŁO Sp. z o.o.,Poland,Sumina,Hall 6 / A14,tube2026.3062287,CQE3TzdWQAGcP2qsxlt5NA
"WSD – Werkzeuge, Schrauben, Drehteile GmbH",Germany,Gotha,Hall 16 / A44,wire2026.3064347,716QkvRzQSWtniBRz1Dmeg
"Wu Xi Jan Machinery Manufacture Co., Ltd",China,"Wuxi, Jiangsu",Hall 14 / A21-3,wire2026.3065021,1kZAr4LQQlS75DGKOb5smw
"Wuhan Golden Laser Co.,Ltd.",China,Wuhan,Hall 6 / C16,tube2026.3067323,ArQFZc8tSraf7t9FjtcnSw
Wuppermann Austria GmbH,Austria,Judenburg,Hall 3 / D38,tube2026.3041377,3WduIeyPQsuXVMDargzThQ
Wuppermann Metalltechnik GmbH,Austria,Altmünster,Hall 3 / D38,tube2026.3042134,exT4RBFURAyBSEe2ofJ7UQ
Wuppermann Polska sp. z o.o.,Poland,Malomice,Hall 3 / D38,tube2026.3041914,oh1SUujsRkqDHnuVTq7VNQ
"WUXI BEIERXIN AUTOMATION TECHNOLOGY CO.,LTD",China,Wuxi,Hall 14 / E12-5,wire2026.3069100,zjJqnSgsRqexUv3BS0mo6w
"Wuxi Chinawye International Co.,Ltd.",China,Jiangyin,Hall 14 / B22-5,wire2026.3061800,XQaGqq02TP6OENDrrGfEWQ
"Wuxi City Strong Steel Rope Co.,Ltd.",China,Jiangyin City,Hall 14 / A30-2,wire2026.3068091,LDGdWJxfRPmF5zwsmxRAfw
"WUXI COAGENT INTERNATIONAL TRADE CO.,LTD",China,"Wuxi, Jiangsu","Hall 7, level 0 / B11-7",tube2026.3058875,rVgJmZtKS7q04AY3sxvKwg
"Wuxi DLS Machinery Co., Ltd.",China,"Wuxi, Jiangsu","Hall 7, level 0 / B26-1",tube2026.3063725,bKkyaC3eRTGQBzb9GGBgig
"WUXI HUAYOU SPECIAL STEEL CO.,LTD.",China,"Wuxi City, Jiangsu Province",Hall 1 / C77,tube2026.3074572,7dar24uqQMqZBlucy9eAYA
"WUXI HUIJIN INTERNATIONAL TRADE CO.,LTD",China,"Wuxi, Jiangsu",Hall 1 / A37,tube2026.3062884,IdBhelyAQbGEjq4g6ZXi0Q
"WUXI JIANGNAN HIGH PRECISION COLD DRAWN PIPE CO., LTD.",China,"Wuxi City, Jiangus Province",Hall 4 / H29,tube2026.3067665,pRRElQxeTYe453T8XE6iDA
"WUXI JUYI TONGCHUANG TECHNOLOGY CO.,LTD.",China,"Wuxi, Jiangsu",Hall 10 / B55,wire2026.3035647,jZi64DeUTmurHAmKy2Ne8w
"Wuxi Kangsida Mechanical Electric Appliance Co.,Ltd.",China,"Wuxi City, Jiangsu Province",Hall 14 / A55-2,wire2026.3065029,4iJXGImcRje6HloKMWuIRw
"WUXI KRENO INDUSTRY CO.,LTD",China,"Wuxi City, Jiangsu Province",Hall 14 / A03-5,wire2026.3060303,DACL3P24S2STXBs5V9sFRA
"Wuxi Qiuhe Technology Co., Ltd.",China,"Wuxi, Jiangsu",Hall 6 / I02-1,tube2026.3068499,wEnmgmrpQFKGog2B5RWVsg
"Wuxi Ronniewell Machinery Equipment Co., Ltd.",China,Wuxi,Hall 6 / J12-2,tube2026.3069392,gSbmee9cRbyMGCkC88cRrQ
"Wuxi Sima-meida Electro-Technical Co., Ltd.",China,"Wuxi, Jiangsu",Hall 14 / G04-3,wire2026.3058925,jsrs09AZQ2uaTJH1f2HBZw
Wuxi Sunan Electrotechnical Machinery Co. Ltd.,China,"Wuxi, Jiangsu",Hall 14 / H22-1,wire2026.3072923,zuYoUaoVRUG0HjQJJBv5jg
"Wuxi Sunlit Science & Technology Co., Ltd.",China,"Wuxi, Jiangsu",Hall 14 / C38-1,wire2026.3064097,AoBBSOYfTzmOp2wvDvEUpQ
"WUXI TIANCHEN COLD-DRAWN STEEL CO.,LTD.",China,Wuxi,Hall 15 / F57,wire2026.3066430,uoHrgNC5RDGpuVBBP1jMDQ
"WUXI TIANYUE CUTTING TOOLS CO.,LTD.",China,Wuxi,Hall 6 / H01-3,tube2026.3063720,jwJRDEvMRumLupZ0GnEAhw
"Wuxi Xinke Metallurgical Equipment Co., Ltd.",China,"Wuxi, Jiangsu",Hall 15 / C54,wire2026.3041439,Ob7wc1ieSe2vEtbXbJzGsg
"Wuxi Xinrun Industrial Furnace Co.,Ltd",China,Wuxi,Hall 14 / C30-3,wire2026.3065061,CrDzXHJnTzG9kbrwzQxXtA
"Wuxi Zhongben Special Section Tube CO., LTD",China,"Wuxi, Jiangsu",Hall 6 / H30,tube2026.3072163,fFmBP3hqTOeN0FiRfgnCRQ
"WuxiHengtai Cable Machinery Manufacturer Co.,Ltd",China,Wuxi,Hall 13 / D31,wire2026.3062502,FNST2oG1QIelPtE2aj9BdA
"XI'AN GANGYAN SPECIAL ALLOY CO., LTD.",China,Xi'An,Hall 14 / E22-2,wire2026.3067556,al8kWT2WRLCrsijIYAqkdA
"XIAN RAINA INDUSTRY CO., LTD.",China,"Xi'an, Shaanxi","Hall 7, level 0 / G04-1",tube2026.3061089,wXzWYMKRT5e7VeyydPEdvg
"XIANGGONG FLANGE MANUFACTURING CO.,LTD",China,"Wenzhou, Zhejiang",Hall 6 / I02-5,tube2026.3067200,5vZuanhsQSK4SBxEh0oCNg
"XILONG CABLE CO.,LTD.",China,"Xingtai, Hebei",Hall 13 / E31,wire2026.3066431,BO8eqlyUTlKSEYBCRDICrw
XINDA EUROPE DIS TICARET LIMITED SIRKETI,Türkiye,Denizli,Hall 13 / D51,wire2026.3046109,k9duBstQTuSHv4my1GtHaw
xingsheng machinery technology Co. Ltd.,China,"Wenzhou, Zhejiang","Hall 7, level 0 / E26-3",tube2026.3061294,waNoDC0iQvCSr5HbPehK9Q
"XINGTAI IRON AND STEEL CORP., LTD",China,"Xingtai, Habei",Hall 16 / A31,wire2026.3065516,e3y37FLcSjG2Mn7RNFtRHA
"Xingtai Longjia Electronic Equipment Technology Co., Ltd.",China,"Xingtai, Hebei",Hall 14 / C30-2,wire2026.3065041,H3f3IW2zSuarJMtaFNqF3w
"XINJI AOSEN SPECIAL STEEL GROUP CO., LTD",China,Xinjixinji,Hall 15 / L43,wire2026.3065063,xhxCLZ6HT0CnjJEtbBquqg
"Xinyu Tianheng Jingxian Technology Co., Ltd.",China,"Xinyu, Jiangxi",Hall 16 / F05,wire2026.3067150,Dc0eqKUNRMKB89pVwLvrdQ
"Xiong Huo Machinery Manufacturing Co.,Ltd",China,Changzhou,Hall 6 / J12-3,tube2026.3069805,GwbAoBVQREGYSEAGUAgSMA
Xiris Automation GmbH,Germany,Ratingen,Hall 6 / H22,tube2026.3035481,Az8pok62QUa3YmKeD1gjFQ
"XUYI TITAN & MATERIAL CO., LTD",China,"Zhangjiagang, Suzhou","Hall 7, level 0 / G04-4",tube2026.3060552,3TsjDmOETG2d0f3lLkRTiQ
"YA SIH Technology Co., Ltd.",Taiwan,New Taipei City,Hall 16 / D22-5,wire2026.3063375,5rxCw4x6SIOmE5McxEFcVg
YAGMURA AJANS MAK. MOB. SAN VE TIC. LT. STI,Türkiye,Kayseri,Hall 13 / C57,wire2026.3045393,P9cHfTnKQZStEcdnouqZmQ
YALÇIN BORU,Türkiye,Çankaya Ankara,Hall 4 / E04,tube2026.3045898,vrrlWZAgRnaUwNiFkTu9QQ
Yamazaki Mazak Italia S.R.L European Laser Headquarters Department,Italy,"Cerro Maggiore, Milano",Hall 5 / C17,tube2026.3048474,oTMwRQIwTtmqY8JyTlrCcg
Yametas Yassi Metal Mamulleri San.Ve. Tic. A.S.,Türkiye,Istanbul,Hall 4 / C27,tube2026.3035339,gYbLacAESaOvNKcclNWbqw
"Yancheng Yanhuang Automation Equipment Co., Ltd.",China,"Yancheng, Jiangsu",Hall 16 / G59,wire2026.3063535,xGQa4XLxQ6uwLrBOcv2ZxQ
"YANGZHOU CHENGDE STEEL PIPE CO.,LTD CHENGDE GROUP",China,"Yangzhou, Jiangsu",Hall 1 / F25,tube2026.3074319,m8kLLQBTRKKjkFNVOAd8cQ
"Yangzhou Havet Machinery Co., Ltd.",China,Yangzhou,Hall 14 / F04-3,wire2026.3066836,nSh2QVo4TR2htkgqCzBdZg
"Yangzhou Mozite Technology Co., Ltd",China,"Yangzhou, Jiangsu",Hall 14 / C54-2,wire2026.3073428,sgkeQsXURrWfdXQAZGY3eQ
"Yangzhou Tengfei Electric Cable and Appliance Materials Co., Ltd",China,"Yangzhou, Jiangsu Province",Hall 14 / C30-4,wire2026.3067170,690nyFQBSAGQffZgms9UeA
"YANTAI FISEND BIMETAL CO.,LTD. Co., Ltd.",China,"Yantai, Shandong",Hall 14 / B22-4,wire2026.3058912,BdZzwfn5QK224x4Zj7TtKA
"Yantai FR Flame Retardant Science & Technology Co.,Ltd",China,Yantai,Hall 15 / J20,wire2026.3074751,JtEQOPWMQgWEJHWM65Mx0Q
"YANTAI SHENDA PIPING CO., LTD",China,"Yantai, Shandong","Hall 7, level 0 / A26-4",tube2026.3064451,9uDBRgH6RfyoznPWSdCZiw
Yap Kimya San. ve Tic. A.S.,Türkiye,Kocaeli,Hall 13 / A39,wire2026.3068615,MgRMjU3HQ3ekiFcvJ5fKrw
Yash Packaging PARTNERSHIP FIRM,India,Vapi,Hall 13 / C84-2,wire2026.3069586,2MGT7pHKRiecgq09jrrN5Q
"Yaxing Wire and Cable Co., Ltd.",China,"Wuhan, Hubei",Hall 15 / F63,wire2026.3066429,9uDTRk0URfmxujOety0TlA
"YCP Co., Ltd.","Korea, Republic",Busan,Hall 1 / C59,tube2026.3060092,zzTbuuH2TE2UyGy9zKpgOw
Ye Fong Aluminium Industrial Ltd.,Taiwan,Taoyuan,Hall 15 / L39,wire2026.3045626,n8f3sb30RgiRWmKILkdDYQ
"YEE YOUNG INDUSTRIAL CO., LTD.",Taiwan,Changhua County,Hall 4 / B16-1,tube2026.3065177,LgNTi56mQJykTHHXUmqGVA
yeşilyayla orman ürünleri san ve tic ltd şti,Türkiye,Burdur,Hall 13 / A66,wire2026.3036114,OIUTGM0lRduqkvFTXNqmsQ
Yesilyurt Demir Celik Endustri ve Liman Isletmeleri A.S.,Türkiye,Tekkeköy,Hall 15 / E20,wire2026.3062525,GzRuXYC4QlGn36gkiSYWVA
"YESWIN MACHINERY CO., LTD.",Taiwan,Tainan City,Hall 16 / A25,wire2026.3039962,P0ApcOi8TrmJC8cTiu1mIg
YHM SPRINGTECH MACHINERY CO.,Taiwan,Changhua,Hall 16 / B02,wire2026.3042131,3dNPtOe1SY6vCwS5rTqNcw
"YICHANG GEILI DIAMOND INDUSTRIAL CO.,LTD",China,"Yichang, Hubei",Hall 14 / A04-3,wire2026.3062481,KkTqgh1uTHmdi6tPTsYUJA
"YIH SHEN MACHINERY CO., LTD.",Taiwan,Taichung City,Hall 11 / C06-1,wire2026.3053760,GWxFeXZcRNeUazlNDELOEg
Yıldız Demir Celik Sanayi Anonim Şirketi,Türkiye,İzmit Kocaeli,Hall 4 / A37,tube2026.3035480,ymVMRqyQQJK3KRS95iiGOw
Ying Han Technology Sp.z o.o. YLM Group,Poland,Konotopa,Hall 5 / G20,tube2026.3043922,GX9FCNiaRHiTYAEoSIPmsQ
"Yingtan Zhengwang Technology Co., Ltd.",China,"Yingtan, Jiangxi",Hall 14 / B12-6,wire2026.3058926,XVegTSupS4OGJfjxGsKXBg
YOGIJI DIGI LTD.,India,"Faridabad, Haryana",Hall 4 / B26,tube2026.3045890,faBsfpS4TnyQJkhDLyH85A
YOLBULAN METAL SAN. VE TİC. A.S.,Türkiye,Istanbul,Hall 15 / K49,wire2026.3062528,thI5tZyAQaaROufpLQYy0w
Yongfeng Industrial Technology Co. Ltd.,China,"Weifang, Shandong","Hall 7, level 0 / B11-5",tube2026.3063276,ppgNehQTSHmebswESxSa4A
"Yongli Sanyang Cable Technology Co., Ltd",China,"Xingtai, Hebei",Hall 13 / E31,wire2026.3072972,nq6IkoavTOKIGhG1pj5mOw
"Yongyi Wire Dies Co., Ltd.",China,"Dongguan, Guangdong",Hall 14 / B12-1,wire2026.3058927,0VLmD2bpQ3Ka3gGUplyfSQ
"YTS Guangde (Hangzhou) Electronic Technology Co., Ltd.",China,"Hangzhou, Zhejiang",Hall 14 / H04-2,wire2026.3058929,ZgXZHeyCRpmF2qGo983bAw
YUANG HSIAN Metal Industrial Corp.,Taiwan,Chang Hua,Hall 15 / B29,wire2026.3036471,x7C6oP3mSZqz8VZEfxMmLg
Yücel Boru ve Profil Endüstrisi A.Ş.,Türkiye,Istanbul,Hall 3 / E28,tube2026.3042975,d4G7XSPzTYm2QSocAh46qw
"YUEYANG AOYUAN TELECOMMUNICATION MATERIALS CO.,LTD",China,"Yueyang, Hunan Province",Hall 14 / A39-1,wire2026.3060016,TTdV5n35RYqUuHWotocC5w
YUHUAN TIANLI COPPER CO. LTD.,China,"Yuhuan, Zhejiang",Hall 16 / B60,wire2026.3060342,JZwaA7EGTzyFexmEvuop6g
Yukselen Celik A.S.,Türkiye,Istanbul,Hall 4 / G42,tube2026.3033926,tlcRNswxQoupsfrZv3qtgw
YUKSELEN CELIK - RISING STAHL GmbH,Türkiye,Istanbul,Hall 4 / G42,tube2026.3033926,tlcRNswxQoupsfrZv3qtgw
"YULCHON CO., LTD.","Korea, Republic",Shiheungsi,Hall 3 / A15,tube2026.3035200,9d7h5JoZSzCvpzczAr1qOQ
"Yuntao Piping Group Co.,Ltd.",China,"Cangzhou, Hebei",Hall 6 / J01-1,tube2026.3071431,LSr0uTsGRSW3APw9emxBRw
Yunus Kendir Demir Çelik San ve Tic Aş,Türkiye,Osmaniye,Hall 15 / K21,wire2026.3044443,UmNhpPDFR5yaIntZbXETbg
Zami SC,Italy,Omegna (VB),Hall 9 / C01,wire2026.3043622,S3B9pakTTTqIsjUYN6SxyQ
"ZANTAN (SHANGHAI) TECHNOLOGY CO., LTD",China,Shanghai,Hall 15 / L22-1,wire2026.3062510,iZOQ61orSkmSMAtKnjkrJg
ZCC Europe GmbH,Germany,Düsseldorf,Hall 15 / H32,wire2026.3036136,FX6N9PwLQ1y6SlgSqBv3yQ
ZDB Dratovna a.s.,Czechia,Bohumin,Hall 9 / B34,wire2026.3035022,F1ufrFxJQ5SYehE65jtMNg
Zeleziarne Podbrezová a.s.,Slovakia,Podbrezová,Hall 3 / D18,tube2026.3035240,5uZFNf6FQPesy22PqDwXNg
Zeller+Gmelin GmbH & Co. KG,Germany,Eislingen/Fils,Hall 9 / A19,wire2026.3041397,fFtPjRScRkOqtgoS8n4DrQ
Zetamec srl,Italy,Romano D'Ezzelino,Hall 1 / A40,tube2026.3045349,F7flwInyQMSXwqGhtS1EIg
Zeus Techno Inc.,"Korea, Republic",Daegu,Hall 16 / A40,wire2026.3045608,YUKziHNqSlWZMmoCJastAg
"ZHANG QIU ZHEN YU FORGING CO.,LTD",China,"Zhangqiu, Shandong,","Hall 7, level 0 / B11-6",tube2026.3063278,1QBpnK3qReez9YZbNOVjEw
Zhangjiagang City Zhangyun Machinery Man,China,Zhangjiagang,"Hall 7, level 0 / A11-5",tube2026.3062023,D4YDLHqjSNSaAM35myy7HQ
Zhangjiagang Guangda Special Material Co. Ltd.,China,"Suzhou, Jiangsu","Hall 7, level 0 / A11-4",tube2026.3058208,rusxC87IR3ee2La0ukHKMA
"ZHANGJIAGANG HENGLI MACHINERY CO.,LTD",China,"Zhangjiagang, Jiangsu",Hall 6 / G37-1,tube2026.3064231,lON8nat8R7mC8LRCpFsyhg
"Zhangjiagang Huari Flange Co., Ltd.",China,"Zhangjiagang, Jiangsu",Hall 1 / F19,tube2026.3036366,ZpRenP1bQHmXE2PisAgwAQ
"Zhangjiagang Poly Intelligent Equipment Co.,Ltd.",China,"Zhangjiagang, Jiangsu",Hall 14 / B04-6,wire2026.3064785,clMrPzjiRI6b5EdNGm1n2Q
"Zhangjiagang Saint Machinery Co., Ltd.",China,"Zhangjiagang City, Jiangsu Province",Hall 6 / J20-1,tube2026.3064233,13o2e58WS1CYYxHhiqhMwQ
"Zhangjiagang SanFeng Machinery & Electric Development Co., Ltd.",China,"Zhangjiagang City, Jiangsu Province",Hall 13 / B24,wire2026.3072531,WbvLhaZ3SvS9eVmLNNnZIg
"ZHANGJIAGANG SHENGDINGYUAN PIPE-MAKING CO., LTD.",China,"Zhangjiagang, Jiangsu","Hall 7, level 0 / C27-3",tube2026.3058468,y8hoezlBS9OcrZ47i93TnQ
Zhangjiagang ZhongYue Metallurgy Equipment Technology Co. Ltd,China,Zhangjiagang,Hall 6 / I24,tube2026.3036358,nnxIeQI4QXakQ2l3jBhGRw
"Zhejiang Baichuan Conductor Technology Co.,Ltd.",China,"Pujiang, Zhejiang",Hall 14 / H12-6,wire2026.3071500,8T8wFOvPS7qjy9EcZGnOUw
"ZHEJIANG BEWELL STEEL INDUSTRY CO.,LTD",China,"Wenzhou, Zhejiang",Hall 6 / I02-3,tube2026.3066333,0i5TEzXFRse7BL62NEUooA
"ZHEJIANG BOSHENG STEEL GROUP CO.,LTD.",China,"Lishui, Zhejiang",Hall 6 / J28-2,tube2026.3061442,4mx8F8RpTry3BP95pUoIYA
"Zhejiang Changxing Heliang Intelligent Equipment Co., Ltd.",China,"Huzhou, Zhejiang",Hall 6 / J28-3,tube2026.3061444,X3lgItoXSAGY0t4ylg6ArQ
"ZHEJIANG CHENGLI PIPE INDUSTRY CO., LTD",China,"Wenzhou, Zhejiang","Hall 7, level 0 / G11-4",tube2026.3060103,l7wTmYJMTsqxJP0u26eWbA
"ZHEJIANG DAYE FLANGE CO.,LTD",China,Wenzhou,"Hall 7, level 0 / G11-2",tube2026.3060175,wEBGNSGWTme30QZ1lESNXg
"Zhejiang Dewei Stainless Steel Piping Co., Ltd.",China,"Jiaxing, Zhejiang",Hall 4 / F01,tube2026.3057164,tNYAefaxRNmM4sT154vaAQ
"Zhejiang Dingxin Steel Tube Manufacturing Co., Ltd.",China,"Jiaxing, Zhejiang","Hall 7, level 0 / D26-1",tube2026.3065896,OMGSDeD3RTSwoxkPa7xg3A
"ZHEJIANG DONGFENG REFRIGERATION COMPONENTS. CO.,LTD.",China,"Dongyang, Zhejiang","Hall 7, level 0 / D20-5",tube2026.3058710,g3rrdouhTzOcbBvNShko3w
"ZHEJIANG EASTAR TUBE CO., LTD.",China,"Haiyan, Zhejiang","Hall 7, level 0 / E26-6",tube2026.3066364,5WsGxRG0QHmv2igbgA9UjQ
"ZHEJIANG GEM-CHUN PRECISION INDUSTRY CO., LTD.",China,"Jiaxing, Zhejiang",Hall 15 / L59,wire2026.3066465,UMp68AmmR0meQqf5cgcTfw
"ZHEJIANG GOOD FITTINGS CO.,LTD.",China,"Wenzhou, Zhejiang Province",Hall 1 / F41,tube2026.3036339,ICz0OdokQyOQ8Og2N3xqfg
ZHEJIANG GUANMING POWER TRANSMISSION MATERIAL CORP.,China,"Shaoxing City, Zhejiang",Hall 14 / D46-1,wire2026.3064177,yGTKRSJEQUqsuZ1k6PLhww
"ZHEJIANG GUOBANG STEEL CO.,LTD",China,"Lishui, Zhejiang","Hall 7, level 0 / A29-4",tube2026.3065887,R0BHhHI3QBaaltIqIlQetQ
"ZHEJIANG HARBOR TECHNOLOGY CO.,LTD",China,"Hangzhou, Zhejiang",Hall 14 / E12-1,wire2026.3067454,0n0JAEgoSTiDFcKUy5n3QA
"Zhejiang Java Specialty Chemicals Co.,Ltd",China,"Shaoxing, Zhejiang",Hall 14 / G22-2,wire2026.3065190,JoH7SPgYTYCXx4IC7OunrA
"Zhejiang Jinchang Spring Co.,Ltd.",China,"Shaoxing&#160;City, Zhejiang",Hall 14 / H22-2,wire2026.3067168,bxdCiNGGQe2otNm20jVKdA
"Zhejiang JIULI Hi-tech Metals Co., Ltd.",China,"Huzhou, Zhejiang",Hall 3 / D50,tube2026.3037723,sKU2sU94RnqZE72zdLifzg
"Zhejiang JIULI Hi-tech Metals Co., Ltd.",China,"Huzhou, Zhejiang",Hall 15 / A30,wire2026.3045699,WLDBNOkuT0mLhbsZOIjgvg
"ZHEJIANG JNDIA PIPELINE INDUSTRY CO.,LTD",China,"Wenzhou, Zhejiang","Hall 7, level 0 / B20-3",tube2026.3059715,Zkcrx7qAQqWfHbZR1TiuHw
"Zhejiang Kaicheng Mica Material CO.,LTD",China,"Shaoxing, Zhejiang",Hall 14 / A62-4,wire2026.3072908,q61ORY6LTYiYIpoasiCbwg
ZHEJIANG KANGLONG STEEL CO.LTD,China,"Wenzhou City, Zhejiang","Hall 7, level 0 / A11-1",tube2026.3066517,gJrVUQltQMqPJKJZoZCpOw
"Zhejiang Kangxin Steel Pipe CO.,LTD",China,Lishui,"Hall 7, level 0 / B26-2",tube2026.3062764,LmqhZS2tSjS9ZbjVXPIUWg
"ZHEJIANG LEADTEK FLUID TECHNOLOGY CO., LTD.",China,"Quzhou City, Zhejiang","Hall 7, level 0 / A20-1",tube2026.3066378,SdwN1n7PTRqE998pQQp8rg
"ZheJiang MingHe Steel Pipe Co., Ltd.",China,"Huzhou, Zhejiang Province",Hall 4 / A40,tube2026.3068709,YZSzaxMxRza4fVVonTFweQ
"Zhejiang Omnipotent Spring Machine Co.,Ltd",China,"Shengzhou, Zhejiang",Hall 16 / A19,wire2026.3038673,UvPtdvUtQsuYAgJw6OxBVQ
"ZHEJIANG PENGSON IMPORT&EXPORT CO., LTD.",China,Hangzhou,Hall 14 / C12-5,wire2026.3058885,YNk7HJ8fR62l2dhKnvbJ6A
"Zhejiang Rongtai Electric Material Co., Ltd.",China,"Jiaxing, Zhejiang",Hall 14 / E12-2,wire2026.3066843,7UaVcze0SyC238qt7fik7A
"ZHEJIANG SHUANGYIN SCIENCE AND TECHNOLOGY CO.,LTD.",China,"Huzhou, Zhejiang",Hall 15 / D57,wire2026.3046211,C1F0ENF1RLiZDlki3qdhdA
"ZHEJIANG SINOTUBE HEAVY INDUSTRIES CO., LTD.",China,"Lishui, Zhejiang",Hall 6 / J01-2,tube2026.3074037,xwSEU6LDTRqBshW4Rij44Q
"Zhejiang Stellar Global CO., LTD",China,Wenzhou,Hall 14 / H12-3,wire2026.3069101,Fd3kALI6SmedPDRSAmq6IA
"ZHEJIANG TAIHU YUANDA NEW MATERIAL CORP., LTD",China,"Huzhou, Zhejiang",Hall 14 / D38-1,wire2026.3064173,pm27kzscTKqTj2tZX8a8MQ
"ZHEJIANG TENGLONG STAINLESS STEEL INDUSTRY CO., LTD.",China,"Ningbo, Zhejiang",Hall 16 / E60,wire2026.3041121,OvtEdpsdQXKhWAHrVz7Njg
"Zhejiang Wanma Macromolecule Material Group Co., Ltd",China,"Hangzhou City, Zhejiang Province",Hall 13 / E49,wire2026.3063564,mfDR90SUT3GyPKwzbJgyiQ
"ZHEJIANG WANSHENG YUNHE STEEL CABLE CO.,LTD.",China,"Hangzhou, Zhejiang",Hall 14 / C12-6,wire2026.3059534,8vB6lFRERW6fkbepOVSlqg
"ZHEJIANG WELDO PIPING SOLUTION CO.,LTD",China,Wenzhou,"Hall 7, level 0 / A11-3",tube2026.3063723,5yOe8tikQJK8OHdXe8oiFA
"Zhejiang Xintongda Special Steel Manufacturing Co., Ltd.",China,"Lishui, Zhejiang Province",Hall 4 / C08,tube2026.3057161,vD8E5MbOTmqTK9tUIzYlxw
"ZHEJIANG YIHENG STEEL TUBE MANUFACTURING CO., LTD.",China,Lishui,Hall 6 / J34-4,tube2026.3067197,w3mrX6OrTjW31R0NNmHhyw
"Zhejiang Yinlong Stainless Steel Co., Ltd.",China,"Longquan, Zhejiang",Hall 4 / C01,tube2026.3041114,3NVPa7wwR2iZhASRNTRqIQ
"Zhejiang Yizhou Machinery Technology Co., Ltd.",China,"Zhejiang, Jiaxing",Hall 14 / A22-1,wire2026.3061799,AYVwLdjuR8S2dfjDcPlUmg
"ZHEJIANG YONGSHANG SPECIAL MATERIAL CO., LTD.",China,"Lishui, Zhejiang",Hall 1 / D20-2,tube2026.3074997,uji9VhICQmOgQWQDCg7p9g
"Zhejiang Zhiguang Precision Tools Co.,Ltd",China,Jiaxing,Hall 6 / G03,tube2026.3036355,IglnKc8SQbClkuWRj3lR1g
"Zhejiang Zhitong Pipe Valve Technology Co., Ltd.",China,"Wenzhou, Zhejiang","Hall 7, level 0 / E20-3",tube2026.3065901,HoV4DvLpQsKYwwXhKv5uSw
"ZHEJIANG ZHONGDA ADVANCED MATERIAL CO., LTD.",China,"Jiaxing, Zhejiang",Hall 1 / A13-3,tube2026.3074995,VhXDqwhTQYq5QBfxQ0CmoQ
"Zhejiang Zhongyi Pipe Co., Ltd.",China,"Quzhou City, Zhejiang province","Hall 7, level 0 / D29-3",tube2026.3067322,q3XoHFgGT3ekhweMm0j9yw
"Zhencheng Steel Co., Ltd.",China,"Wuxi, Jiangsu","Hall 7, level 0 / C21-2",tube2026.3064431,56KfUaYQTxOJifgikZsgdw
"Zhengzhou KOPY Packing Equipment Co., Ltd.",China,Zhengzhou,Hall 14 / E04-5,wire2026.3058930,3mUnNNtRSh6Z11nlydNtgA
"ZHENGZHOU LEMEI IMPORT AND EXPORT TRADE CO., LTD.",China,"Zhengzhou, Henan",Hall 14 / D12-4,wire2026.3058900,sIDZeMLYSpWu08q8FxrLYg
"ZHONGQI (THAILAND) CO.,LTD.",Thailand,Samutsakorn,"Hall 7, level 0 / D03-5",tube2026.3068546,VT99f3dhSaulTOtFMTtKrQ
"ZHONGSHUN HENGHUI(BINZHOU) NEW MATERIALS CO.,LTD",China,"Binzhou, Shandong",Hall 14 / A03-3,wire2026.3058897,UXqLMnQsTx6KVjNvvE56oQ
"Zhoushan Kangda Machinery Co., Ltd.",China,Zhoushan,Hall 14 / D54-1,wire2026.3069099,BvNG1xZRT4a9ghNqDTCEXg
"ZHUZHOU STAR SPARE PARTS CO.,LTD",China,"Zhuzhou, Hunan",Hall 14 / A46-4,wire2026.3060015,KGPsHzMbSPuuJckWQ8XNTg
"ZHUZHOU UKO PRECISION CARBIDE CO., LTD.",China,"Zhuzhou, Hunan",Hall 14 / D12-3,wire2026.3058884,QHatTTjRRjKzaJXuqKvqzw
"ZHUZHOU XW SUPERHARD MATERIAL CO.,LTD",China,"Zhuzhou City, Hunan",Hall 15 / F39,wire2026.3066439,OCAqaod3R6aHQpyE42ZcsA
ZM Tubes SA,Switzerland,Aigle,Hall 3 / D51,tube2026.3042799,HHNR7SMUTXG0wxeEo6EthQ
Zollern GmbH & Co. KG,Germany,Sigmaringendorf,Hall 12 / B17,wire2026.3040319,1JI7o1QFSXCn5yZObYsMfQ
ZORROTZ LEGAZAPI S.L.L.,Spain,Legazpi,Hall 6 / H33,tube2026.3045764,DlcLQj3WT6yXiyh80zYBwg
ZSK Stickmaschinen GmbH,Germany,Krefeld,Hall 15 / K19,wire2026.3046126,jrdhBQSuTt6joJqtxT6EaA
ZT S.R.L.,Italy,Schio (VI),Hall 11 / F39,wire2026.3045797,9JZ1e9rcSD2uiMFJKoe1Sw
Zumbach Electronic AG,Switzerland,Orpund,Hall 11 / D41,wire2026.3044713,7izc6o2TRyGzMLXV7IwaZA
Zumbach Electronic AG,Switzerland,Orpund,Hall 5 / J12,tube2026.3044723,XPOgxEOLSVug6Zqwy6FFfQ
ZWEZ-Chemie GmbH,Germany,Lindlar,Hall 9 / C13,wire2026.3068198,cynzBJc6Toilx7BDHFtGyQ
ZWEZ-Chemie GmbH,Germany,Lindlar,Hall 16 / B30,wire2026.3044565,b7P67lpuQDeRKIdJBKGsSg
2beC GmbH,Germany,Steinau an Der Straße,Hall 6 / D24,tube2026.3062379,Ng9cu53hQ1WC0urCxlLxZw
2M-Tech GmbH,Austria,Wien,Hall 10 / C52-03,wire2026.3068572,Vq9JYuksQASd8RxazjN1Jw
3defacto GmbH,Germany,Rieste,Hall 6 / A10,tube2026.3057299,Xe3ZAxtmQhi1wflXx7sYag
3R solutions GmbH,Germany,Hamm,Hall 5 / A12,tube2026.3038466,qpBIAyhURjOkeLldNuol9w
3View.Com Inc,"Korea, Republic","Seongnam-City, Kyeongi",Hall 16 / E21-1,wire2026.3063383,Pjmgo6xnQ2SaEARFfQxXMA
40 Factory s.r.l.,Italy,Piacenza,Hall 11 / F60,wire2026.3070539,aNqOvW53QouxhkxlWw7xbg
