gjepc_exhibitor_id,name,origin_flag,country_or_origin,flag_basis,section,hall,stall,city_as_listed
EXH1854,7R JEWELS,INDIAN-DOMESTIC (default — unconfirmed against a company registry),India (assumed),Default classification: not listed under a GJEPC 'International *' section and city field (if present) is an Indian city; no foreign signal found. Not independently verified.,plain_gold,Hall Pavillion,JIO-J 18g,MUMBAI
EXH3,A GEMAWAT & SONS,INDIAN-DOMESTIC (default — unconfirmed against a company registry),India (assumed),Default classification: not listed under a GJEPC 'International *' section and city field (if present) is an Indian city; no foreign signal found. Not independently verified.,plain_gold,Hall 2,2G 161,MUMBAI
EXH1188,A.B. GEMS,INDIAN-DOMESTIC (default — unconfirmed against a company registry),India (assumed),Default classification: not listed under a GJEPC 'International *' section and city field (if present) is an Indian city; no foreign signal found. Not independently verified.,loose_stones_color_stones,Hall LOTUS,JIO-AM 51a,MUMBAI
EXH907,AADEY JEWELS,INDIAN-DOMESTIC (default — unconfirmed against a company registry),India (assumed),Default classification: not listed under a GJEPC 'International *' section and city field (if present) is an Indian city; no foreign signal found. Not independently verified.,plain_gold,Hall 4,4T 506B,AHMEDABAD
EXH911,AADEY JEWELS PRIVATE LIMITED,INDIAN-DOMESTIC (default — unconfirmed against a company registry),India (assumed),Default classification: not listed under a GJEPC 'International *' section and city field (if present) is an Indian city; no foreign signal found. Not independently verified.,the_select_club,Hall JASMINE,Club-AA 8d,AHMEDABAD
EXH1707,AADISH GOLD LLP,INDIAN-DOMESTIC (default — unconfirmed against a company registry),India (assumed),Default classification: not listed under a GJEPC 'International *' section and city field (if present) is an Indian city; no foreign signal found. Not independently verified.,plain_gold,Hall 6,6A 004,MUMBAI
EXH750,AADYA CREATIONS,INDIAN-DOMESTIC (default — unconfirmed against a company registry),India (assumed),Default classification: not listed under a GJEPC 'International *' section and city field (if present) is an Indian city; no foreign signal found. Not independently verified.,diamond_colorstone,Hall 4,4R 463A,MUMBAI
EXH2004,AARYA GOLD,INDIAN-DOMESTIC (default — unconfirmed against a company registry),India (assumed),Default classification: not listed under a GJEPC 'International *' section and city field (if present) is an Indian city; no foreign signal found. Not independently verified.,plain_gold,Hall 4,4S 492E,MUMBAI
EXH1300,AARYA24KT INDIA PVT.LTD,INDIAN-DOMESTIC (default — unconfirmed against a company registry),India (assumed),Default classification: not listed under a GJEPC 'International *' section and city field (if present) is an Indian city; no foreign signal found. Not independently verified.,silver_jewellery_artifacts,Hall Pavillion,JIO-Q 29b,MUMBAI
EXH1692,AASHI JEWELS,INDIAN-DOMESTIC (default — unconfirmed against a company registry),India (assumed),Default classification: not listed under a GJEPC 'International *' section and city field (if present) is an Indian city; no foreign signal found. Not independently verified.,diamond_colorstone,Hall 6,6P 103C,SURAT
EXH1850,AASHIRWAD JEWELLERS,INDIAN-DOMESTIC (default — unconfirmed against a company registry),India (assumed),Default classification: not listed under a GJEPC 'International *' section and city field (if present) is an Indian city; no foreign signal found. Not independently verified.,plain_gold,Hall Pavillion,JIO-H 15h,DAVANAGERE
EXH724,AB JEWELS PRIVATE LIMITED,INDIAN-DOMESTIC (default — unconfirmed against a company registry),India (assumed),Default classification: not listed under a GJEPC 'International *' section and city field (if present) is an Indian city; no foreign signal found. Not independently verified.,plain_gold,Hall 3,3L 339,KOLKATA
EXH735,ABDHI JEWELS PRIVATE LIMITED,INDIAN-DOMESTIC (default — unconfirmed against a company registry),India (assumed),Default classification: not listed under a GJEPC 'International *' section and city field (if present) is an Indian city; no foreign signal found. Not independently verified.,plain_gold,Hall 6,6D 036C,AHMEDABAD
EXH1614,ACHAL JEWELS  PRIVATE LIMITED,INDIAN-DOMESTIC (default — unconfirmed against a company registry),India (assumed),Default classification: not listed under a GJEPC 'International *' section and city field (if present) is an Indian city; no foreign signal found. Not independently verified.,the_select_club,Hall JASMINE,Club-AE 27a,JAIPUR
EXH1735,ACLASS DIAMOND LLP,INDIAN-DOMESTIC (default — unconfirmed against a company registry),India (assumed),Default classification: not listed under a GJEPC 'International *' section and city field (if present) is an Indian city; no foreign signal found. Not independently verified.,diamond_colorstone,Hall 4,4R 460A,CHENNAI
EXH95,ACME INFOVISION SYSTEMS PVT. LTD.,INDIAN-DOMESTIC (default — unconfirmed against a company registry),India (assumed),Default classification: not listed under a GJEPC 'International *' section and city field (if present) is an Indian city; no foreign signal found. Not independently verified.,allied,Hall Aurum,AU 045,SATARA
EXH89,ACZET PVT. LTD.,INDIAN-DOMESTIC (default — unconfirmed against a company registry),India (assumed),Default classification: not listed under a GJEPC 'International *' section and city field (if present) is an Indian city; no foreign signal found. Not independently verified.,machinery,Hall 5,5U 574B,MUMBAI
EXH572,ADASTRA JEWELRY PVT. LTD,INDIAN-DOMESTIC (default — unconfirmed against a company registry),India (assumed),Default classification: not listed under a GJEPC 'International *' section and city field (if present) is an Indian city; no foreign signal found. Not independently verified.,diamond_colorstone,Hall 6,6R 125C,MUMBAI
EXH302,ADITYA FINDINGS PVT. LTD.,INDIAN-DOMESTIC (default — unconfirmed against a company registry),India (assumed),Default classification: not listed under a GJEPC 'International *' section and city field (if present) is an Indian city; no foreign signal found. Not independently verified.,plain_gold,Hall 3,3N 380G,MUMBAI
EXH113,AGKEM IMPEX PRIVATE LIMITED,INDIAN-DOMESTIC (default — unconfirmed against a company registry),India (assumed),Default classification: not listed under a GJEPC 'International *' section and city field (if present) is an Indian city; no foreign signal found. Not independently verified.,machinery,Hall 5,5V 614,DELHI
EXH1880,AIRAVATA HERITAGE JEWELLERY,INDIAN-DOMESTIC (default — unconfirmed against a company registry),India (assumed),Default classification: not listed under a GJEPC 'International *' section and city field (if present) is an Indian city; no foreign signal found. Not independently verified.,plain_gold,Hall Pavillion,JIO-J 15n,BENGALURU
EXH665,AKASH GEMS,INDIAN-DOMESTIC (default — unconfirmed against a company registry),India (assumed),Default classification: not listed under a GJEPC 'International *' section and city field (if present) is an Indian city; no foreign signal found. Not independently verified.,loose_stones_color_stones,Hall LOTUS,JIO-AL 49a,JAIPUR
EXH1426,AKASH JEWELS (INDIA) PRIVATE LIMITED,INDIAN-DOMESTIC (default — unconfirmed against a company registry),India (assumed),Default classification: not listed under a GJEPC 'International *' section and city field (if present) is an Indian city; no foreign signal found. Not independently verified.,plain_gold,Hall 6,6C 024A,MUMBAI
EXH254,AKS JEWELS PVT. LTD.,INDIAN-DOMESTIC (default — unconfirmed against a company registry),India (assumed),Default classification: not listed under a GJEPC 'International *' section and city field (if present) is an Indian city; no foreign signal found. Not independently verified.,diamond_colorstone,Hall 3,3P 411B,MUMBAI
EXH633,ALANKAR INTERNATIONAL PVT. LTD,INDIAN-DOMESTIC (default — unconfirmed against a company registry),India (assumed),Default classification: not listed under a GJEPC 'International *' section and city field (if present) is an Indian city; no foreign signal found. Not independently verified.,plain_gold,Hall 6,6C 021A,MUMBAI
EXH252,ALLANZA JEWELS PRIVATE LIMITED,INDIAN-DOMESTIC (default — unconfirmed against a company registry),India (assumed),Default classification: not listed under a GJEPC 'International *' section and city field (if present) is an Indian city; no foreign signal found. Not independently verified.,diamond_colorstone,Hall 3,3Q 445,MUMBAI
EXH1329,ALLWIN JEWELLERS PRIVATE LIMITED,INDIAN-DOMESTIC (default — unconfirmed against a company registry),India (assumed),Default classification: not listed under a GJEPC 'International *' section and city field (if present) is an Indian city; no foreign signal found. Not independently verified.,plain_gold,Hall 6,6A 015C,MUMBAI
EXH73,ALPHA ERP SOLUTIONS PRIVATE LIMITED,INDIAN-DOMESTIC (default — unconfirmed against a company registry),India (assumed),Default classification: not listed under a GJEPC 'International *' section and city field (if present) is an Indian city; no foreign signal found. Not independently verified.,machinery,Hall 5,5U 576B,AHMEDABAD
EXH247,ALPHA KOSMIK DESIGNS LLP,INDIAN-DOMESTIC (default — unconfirmed against a company registry),India (assumed),Default classification: not listed under a GJEPC 'International *' section and city field (if present) is an Indian city; no foreign signal found. Not independently verified.,plain_gold,Hall 2,2G 179,THRISSUR
EXH1365,AMBAJI JEWELLERS PVT LTD,INDIAN-DOMESTIC (default — unconfirmed against a company registry),India (assumed),Default classification: not listed under a GJEPC 'International *' section and city field (if present) is an Indian city; no foreign signal found. Not independently verified.,plain_gold,Hall Pavillion,JIO-N 23m,HYDERABAD
EXH1150,AMULYA JEWELS,INDIAN-DOMESTIC (default — unconfirmed against a company registry),India (assumed),Default classification: not listed under a GJEPC 'International *' section and city field (if present) is an Indian city; no foreign signal found. Not independently verified.,diamond_colorstone,Hall 3,3Q 447,SURAT
EXH923,AMY JEWELLERY DESIGNERS,INDIAN-DOMESTIC (default — unconfirmed against a company registry),India (assumed),Default classification: not listed under a GJEPC 'International *' section and city field (if present) is an Indian city; no foreign signal found. Not independently verified.,plain_gold,Hall Pavillion,JIO-D 6r,COCHIN
EXH456,ANJA JEWELS PVT. LTD.,INDIAN-DOMESTIC (default — unconfirmed against a company registry),India (assumed),Default classification: not listed under a GJEPC 'International *' section and city field (if present) is an Indian city; no foreign signal found. Not independently verified.,plain_gold,Hall 3,3N 379A,MUMBAI
EXH70,ANKITST JEWEL TOOLS PRIVATE LIMITED,INDIAN-DOMESTIC (default — unconfirmed against a company registry),India (assumed),Default classification: not listed under a GJEPC 'International *' section and city field (if present) is an Indian city; no foreign signal found. Not independently verified.,machinery,Hall 5,5V 577C,MUMBAI
EXH1057,ANMOL JEWELLERS,INDIAN-DOMESTIC (default — unconfirmed against a company registry),India (assumed),Default classification: not listed under a GJEPC 'International *' section and city field (if present) is an Indian city; no foreign signal found. Not independently verified.,plain_gold,Hall 6,6A 007,BENGALURU
EXH552,ANMOL SWARN INDIA PVT  LTD.,INDIAN-DOMESTIC (default — unconfirmed against a company registry),India (assumed),Default classification: not listed under a GJEPC 'International *' section and city field (if present) is an Indian city; no foreign signal found. Not independently verified.,plain_gold,Hall 4,4S 487B,BENGALURU
EXH980,ANOOTHI JEWELS LLP,INDIAN-DOMESTIC (default — unconfirmed against a company registry),India (assumed),Default classification: not listed under a GJEPC 'International *' section and city field (if present) is an Indian city; no foreign signal found. Not independently verified.,plain_gold,Hall Pavillion,JIO-M 23g,MUMBAI
EXH515,ANSH JEWELS,INDIAN-DOMESTIC (default — unconfirmed against a company registry),India (assumed),Default classification: not listed under a GJEPC 'International *' section and city field (if present) is an Indian city; no foreign signal found. Not independently verified.,loose_stones_color_stones,Hall LOTUS,JIO-AN 52a,JAIPUR
EXH74,AONE DIAMOND AIDS,INDIAN-DOMESTIC (default — unconfirmed against a company registry),India (assumed),Default classification: not listed under a GJEPC 'International *' section and city field (if present) is an Indian city; no foreign signal found. Not independently verified.,machinery,Hall 5,5U 539,MUMBAI
EXH1766,APARAJITAA JEWEL,INDIAN-DOMESTIC (default — unconfirmed against a company registry),India (assumed),Default classification: not listed under a GJEPC 'International *' section and city field (if present) is an Indian city; no foreign signal found. Not independently verified.,plain_gold,Hall Pavillion,JIO-F 10g,CHENNAI
EXH334,AQUA JEWELLERS,INDIAN-DOMESTIC (default — unconfirmed against a company registry),India (assumed),Default classification: not listed under a GJEPC 'International *' section and city field (if present) is an Indian city; no foreign signal found. Not independently verified.,the_select_club,Hall JASMINE,Club-AA 3a,MUMBAI
EXH527,ARADHANA JEWELLERS PRIVATE LIMITED,INDIAN-DOMESTIC (default — unconfirmed against a company registry),India (assumed),Default classification: not listed under a GJEPC 'International *' section and city field (if present) is an Indian city; no foreign signal found. Not independently verified.,plain_gold,Hall 6,6H 057A,MUMBAI
EXH1683,ARAV JEWELS,INDIAN-DOMESTIC (default — unconfirmed against a company registry),India (assumed),Default classification: not listed under a GJEPC 'International *' section and city field (if present) is an Indian city; no foreign signal found. Not independently verified.,diamond_colorstone,Hall 6,6Q 102D,HYDERABAD
EXH143,ARIANNA JEWELS,INDIAN-DOMESTIC (default — unconfirmed against a company registry),India (assumed),Default classification: not listed under a GJEPC 'International *' section and city field (if present) is an Indian city; no foreign signal found. Not independently verified.,diamond_colorstone,Hall 4,4S 470F,SURAT
EXH698,ARIHA DIAMOND JEWELLERY P. LTD,INDIAN-DOMESTIC (default — unconfirmed against a company registry),India (assumed),Default classification: not listed under a GJEPC 'International *' section and city field (if present) is an Indian city; no foreign signal found. Not independently verified.,diamond_colorstone,Hall 4,4R 480B,MUMBAI
EXH1975,ARIHANT DIAMONDS,INDIAN-DOMESTIC (default — unconfirmed against a company registry),India (assumed),Default classification: not listed under a GJEPC 'International *' section and city field (if present) is an Indian city; no foreign signal found. Not independently verified.,diamond_colorstone,Hall 4,4R 465,COIMBATORE
EXH1851,ARIHANT JEWEL CRAFT,INDIAN-DOMESTIC (default — unconfirmed against a company registry),India (assumed),Default classification: not listed under a GJEPC 'International *' section and city field (if present) is an Indian city; no foreign signal found. Not independently verified.,plain_gold,Hall Pavillion,JIO-H 15b,BENGALURU
EXH58,ARIHANT MAXSELL TECHNOLOGIES PVT LTD,INDIAN-DOMESTIC (default — unconfirmed against a company registry),India (assumed),Default classification: not listed under a GJEPC 'International *' section and city field (if present) is an Indian city; no foreign signal found. Not independently verified.,machinery,Hall 5,5V 581C,CHENNAI
EXH164,ARITZA GOLD PRIVATE LIMITED,INDIAN-DOMESTIC (default — unconfirmed against a company registry),India (assumed),Default classification: not listed under a GJEPC 'International *' section and city field (if present) is an Indian city; no foreign signal found. Not independently verified.,plain_gold,Hall Pavillion,JIO-J 15p,CHENNAI
EXH757,ARSHIA JEWELLERS,INDIAN-DOMESTIC (default — unconfirmed against a company registry),India (assumed),Default classification: not listed under a GJEPC 'International *' section and city field (if present) is an Indian city; no foreign signal found. Not independently verified.,diamond_colorstone,Hall 3,3Q 442,JAIPUR
EXH802,ARTS N JEWELS,INDIAN-DOMESTIC (default — unconfirmed against a company registry),India (assumed),Default classification: not listed under a GJEPC 'International *' section and city field (if present) is an Indian city; no foreign signal found. Not independently verified.,plain_gold,Hall 2,2J 273D,MUMBAI
EXH753,ARYA GOLD,INDIAN-DOMESTIC (default — unconfirmed against a company registry),India (assumed),Default classification: not listed under a GJEPC 'International *' section and city field (if present) is an Indian city; no foreign signal found. Not independently verified.,plain_gold,Hall 4,4T 483C,MUMBAI
EXH1232,ASHAPURI GOLD ORNAMENT LIMITED,INDIAN-DOMESTIC (default — unconfirmed against a company registry),India (assumed),Default classification: not listed under a GJEPC 'International *' section and city field (if present) is an Indian city; no foreign signal found. Not independently verified.,plain_gold,Hall 6,6D 028A,SURAT
EXH402,ASHLYN CHEMUNNOOR INSTRUMENTS  PVT LTD,INDIAN-DOMESTIC (default — unconfirmed against a company registry),India (assumed),Default classification: not listed under a GJEPC 'International *' section and city field (if present) is an Indian city; no foreign signal found. Not independently verified.,machinery,Hall 5,5U 550,THRISSUR
EXH651,ASHOK JEWELLERS,INDIAN-DOMESTIC (default — unconfirmed against a company registry),India (assumed),Default classification: not listed under a GJEPC 'International *' section and city field (if present) is an Indian city; no foreign signal found. Not independently verified.,silver_jewellery_artifacts,Hall Pavillion,JIO-V 39d,BENGALURU
EXH158,ASHTALAXMI JEWELS,INDIAN-DOMESTIC (default — unconfirmed against a company registry),India (assumed),Default classification: not listed under a GJEPC 'International *' section and city field (if present) is an Indian city; no foreign signal found. Not independently verified.,plain_gold,Hall Pavillion,JIO-D 5j,BENGALURU
EXH1540,ASTMANGAL CHAINS PVT LTD,INDIAN-DOMESTIC (default — unconfirmed against a company registry),India (assumed),Default classification: not listed under a GJEPC 'International *' section and city field (if present) is an Indian city; no foreign signal found. Not independently verified.,plain_gold,Hall 4,4T 505B,AHMEDABAD
EXH1538,ASTMANGAL ORNAMENTS PRIVATE LIMITED,INDIAN-DOMESTIC (default — unconfirmed against a company registry),India (assumed),Default classification: not listed under a GJEPC 'International *' section and city field (if present) is an Indian city; no foreign signal found. Not independently verified.,plain_gold,Hall Pavillion,JIO-J 18h,AHMEDABAD
EXH1903,ATMIYA JEWELS,INDIAN-DOMESTIC (default — unconfirmed against a company registry),India (assumed),Default classification: not listed under a GJEPC 'International *' section and city field (if present) is an Indian city; no foreign signal found. Not independently verified.,diamond_colorstone,Hall 2,2J 257B,BHAVNAGAR
EXH1261,ATUL JEWELLERS,INDIAN-DOMESTIC (default — unconfirmed against a company registry),India (assumed),Default classification: not listed under a GJEPC 'International *' section and city field (if present) is an Indian city; no foreign signal found. Not independently verified.,diamond_colorstone,Hall 3,3P 403D,NEW DELHI
EXH167,AUM SWARNMANDIR JEWEL CREATION,INDIAN-DOMESTIC (default — unconfirmed against a company registry),India (assumed),Default classification: not listed under a GJEPC 'International *' section and city field (if present) is an Indian city; no foreign signal found. Not independently verified.,plain_gold,Hall Pavillion,JIO-G 11j,BENGALURU
EXH748,AURA JEWELS PRIVATE LIMITED,INDIAN-DOMESTIC (default — unconfirmed against a company registry),India (assumed),Default classification: not listed under a GJEPC 'International *' section and city field (if present) is an Indian city; no foreign signal found. Not independently verified.,diamond_colorstone,Hall 4,4R 457A,MUMBAI
EXH266,AVIRA GOLD LIMITED,INDIAN-DOMESTIC (default — unconfirmed against a company registry),India (assumed),Default classification: not listed under a GJEPC 'International *' section and city field (if present) is an Indian city; no foreign signal found. Not independently verified.,plain_gold,Hall 3,3M 363B,RAJKOT
EXH1069,AVSAR GOLD,INDIAN-DOMESTIC (default — unconfirmed against a company registry),India (assumed),Default classification: not listed under a GJEPC 'International *' section and city field (if present) is an Indian city; no foreign signal found. Not independently verified.,plain_gold,Hall Pavillion,JIO-P 27g,RAJKOT
EXH972,AVYAANA JEWELS PRIVATE LIMITED,INDIAN-DOMESTIC (default — unconfirmed against a company registry),India (assumed),Default classification: not listed under a GJEPC 'International *' section and city field (if present) is an Indian city; no foreign signal found. Not independently verified.,plain_gold,Hall Pavillion,JIO-A 1e,BENGALURU
EXH159,BAANGANGA DIAMOND PRIVATE LIMITED,INDIAN-DOMESTIC (default — unconfirmed against a company registry),India (assumed),Default classification: not listed under a GJEPC 'International *' section and city field (if present) is an Indian city; no foreign signal found. Not independently verified.,diamond_colorstone,Hall 4,4R 454A,MUMBAI
EXH523,BAANGANGA GOLD & DIAMOND (I) LIMITED,INDIAN-DOMESTIC (default — unconfirmed against a company registry),India (assumed),Default classification: not listed under a GJEPC 'International *' section and city field (if present) is an Indian city; no foreign signal found. Not independently verified.,plain_gold,Hall 2,2K 268A,MUMBAI
EXH829,BACHUBHAI ZAVERI,INDIAN-DOMESTIC (default — unconfirmed against a company registry),India (assumed),Default classification: not listed under a GJEPC 'International *' section and city field (if present) is an Indian city; no foreign signal found. Not independently verified.,plain_gold,Hall 3,3L 370B,AHMEDABAD
EXH1264,BANSI JEWELLERS PRIVATE LIMITED,INDIAN-DOMESTIC (default — unconfirmed against a company registry),India (assumed),Default classification: not listed under a GJEPC 'International *' section and city field (if present) is an Indian city; no foreign signal found. Not independently verified.,the_select_club,Hall JASMINE,Club-AF 31a,RAJKOT
EXH903,BANSIDHAR JEWELLERS,INDIAN-DOMESTIC (default — unconfirmed against a company registry),India (assumed),Default classification: not listed under a GJEPC 'International *' section and city field (if present) is an Indian city; no foreign signal found. Not independently verified.,plain_gold,Hall 6,6R 130A,RAJKOT
EXH1427,BEERA JEWELLERS,INDIAN-DOMESTIC (default — unconfirmed against a company registry),India (assumed),Default classification: not listed under a GJEPC 'International *' section and city field (if present) is an Indian city; no foreign signal found. Not independently verified.,plain_gold,Hall 4,4S 490E,NEW DELHI
EXH1228,BHAGWAT SHANTI JEWELLERS PVT LTD,INDIAN-DOMESTIC (default — unconfirmed against a company registry),India (assumed),Default classification: not listed under a GJEPC 'International *' section and city field (if present) is an Indian city; no foreign signal found. Not independently verified.,diamond_colorstone,Hall 6,6L 086B,HYDERABAD
EXH1216,BHAGWATI JEWELS,INDIAN-DOMESTIC (default — unconfirmed against a company registry),India (assumed),Default classification: not listed under a GJEPC 'International *' section and city field (if present) is an Indian city; no foreign signal found. Not independently verified.,plain_gold,Hall 2,2K 311,SURAT
EXH342,BHAIRAV GOLD PVT LTD,INDIAN-DOMESTIC (default — unconfirmed against a company registry),India (assumed),Default classification: not listed under a GJEPC 'International *' section and city field (if present) is an Indian city; no foreign signal found. Not independently verified.,plain_gold,Hall 2,2F 139,MUMBAI
EXH760,BHINDI JEWELLERS PRIVATE LIMITED,INDIAN-DOMESTIC (default — unconfirmed against a company registry),India (assumed),Default classification: not listed under a GJEPC 'International *' section and city field (if present) is an Indian city; no foreign signal found. Not independently verified.,the_select_club,Hall JASMINE,Club-AA 8a,JUNAGADH
EXH1544,BIJOUX ARGENT PVT LTD,INDIAN-DOMESTIC (default — unconfirmed against a company registry),India (assumed),Default classification: not listed under a GJEPC 'International *' section and city field (if present) is an Indian city; no foreign signal found. Not independently verified.,silver_jewellery_artifacts,Hall Pavillion,JIO-T 36a,MUMBAI
EXH8,BIKANERI JEWELS LLP,INDIAN-DOMESTIC (default — unconfirmed against a company registry),India (assumed),Default classification: not listed under a GJEPC 'International *' section and city field (if present) is an Indian city; no foreign signal found. Not independently verified.,diamond_colorstone,Hall 2,2J 254A,MUMBAI
EXH1020,BINNYS JEWELLERY PVT LTD,INDIAN-DOMESTIC (default — unconfirmed against a company registry),India (assumed),Default classification: not listed under a GJEPC 'International *' section and city field (if present) is an Indian city; no foreign signal found. Not independently verified.,diamond_colorstone,Hall 4,4R 457B,MUMBAI
EXH1999,BLAZE DIAMONDS,INDIAN-DOMESTIC (default — unconfirmed against a company registry),India (assumed),Default classification: not listed under a GJEPC 'International *' section and city field (if present) is an Indian city; no foreign signal found. Not independently verified.,diamond_colorstone,Hall 6,6Q 104H,BENGALURU
EXH717,BLINGGG,INDIAN-DOMESTIC (default — unconfirmed against a company registry),India (assumed),Default classification: not listed under a GJEPC 'International *' section and city field (if present) is an Indian city; no foreign signal found. Not independently verified.,loose_stones_color_stones,Hall JASMINE,JIO-AJ 44k,MUMBAI
EXH1576,BLUE GEMS & JEWELS PRIVATE LIMITED,INDIAN-DOMESTIC (default — unconfirmed against a company registry),India (assumed),Default classification: not listed under a GJEPC 'International *' section and city field (if present) is an Indian city; no foreign signal found. Not independently verified.,diamond_colorstone,Hall 4,4S 472B,MUMBAI
EXH1389,BONITAS JEWELS PVT.L TD.,INDIAN-DOMESTIC (default — unconfirmed against a company registry),India (assumed),Default classification: not listed under a GJEPC 'International *' section and city field (if present) is an Indian city; no foreign signal found. Not independently verified.,diamond_colorstone,Hall 3,3P 393A,BENGALURU
EXH455,CARAT COUTURE FINE JEWELLERY LLP,INDIAN-DOMESTIC (default — unconfirmed against a company registry),India (assumed),Default classification: not listed under a GJEPC 'International *' section and city field (if present) is an Indian city; no foreign signal found. Not independently verified.,the_select_club,Hall JASMINE,Club-AC 15c,NEW DELHI
EXH1759,CARATREE DIAMONDS LLP,INDIAN-DOMESTIC (default — unconfirmed against a company registry),India (assumed),Default classification: not listed under a GJEPC 'International *' section and city field (if present) is an Indian city; no foreign signal found. Not independently verified.,diamond_colorstone,Hall 6,6M 092C,MALAPPURAM
EXH53,CASCADE STAR INDIA PVT. LTD.,INDIAN-DOMESTIC (default — unconfirmed against a company registry),India (assumed),Default classification: not listed under a GJEPC 'International *' section and city field (if present) is an Indian city; no foreign signal found. Not independently verified.,machinery,Hall 5,5U 579B,MUMBAI
EXH220,CELAVO,INDIAN-DOMESTIC (default — unconfirmed against a company registry),India (assumed),Default classification: not listed under a GJEPC 'International *' section and city field (if present) is an Indian city; no foreign signal found. Not independently verified.,lgd_jewellery,Hall Pavillion,JIO-Z 47a,SURAT
EXH1972,CELEBRATION GEMS AND JEWELLERY,INDIAN-DOMESTIC (default — unconfirmed against a company registry),India (assumed),Default classification: not listed under a GJEPC 'International *' section and city field (if present) is an Indian city; no foreign signal found. Not independently verified.,diamond_colorstone,Hall 6,6N 097C,JAIPUR
EXH1585,CHAIN EXPERTS AND JE WELLERS PVT.LTD,INDIAN-DOMESTIC (default — unconfirmed against a company registry),India (assumed),Default classification: not listed under a GJEPC 'International *' section and city field (if present) is an Indian city; no foreign signal found. Not independently verified.,plain_gold,Hall 4,4T 511A,MUMBAI
EXH551,CHAIN N CHAINS JEWELS LTD.,INDIAN-DOMESTIC (default — unconfirmed against a company registry),India (assumed),Default classification: not listed under a GJEPC 'International *' section and city field (if present) is an Indian city; no foreign signal found. Not independently verified.,plain_gold,Hall 6,6H 059,MUMBAI
EXH1885,CHAINS CORNER JEWELLERY (I) PV T.LTD.,INDIAN-DOMESTIC (default — unconfirmed against a company registry),India (assumed),Default classification: not listed under a GJEPC 'International *' section and city field (if present) is an Indian city; no foreign signal found. Not independently verified.,plain_gold,Hall 3,3M 384D,MUMBAI
EXH1811,CHARBHUJA JEWELS,INDIAN-DOMESTIC (default — unconfirmed against a company registry),India (assumed),Default classification: not listed under a GJEPC 'International *' section and city field (if present) is an Indian city; no foreign signal found. Not independently verified.,plain_gold,Hall 2,2J 271B,AHMEDABAD
EXH1419,CHINTAMANI GOLD,INDIAN-DOMESTIC (default — unconfirmed against a company registry),India (assumed),Default classification: not listed under a GJEPC 'International *' section and city field (if present) is an Indian city; no foreign signal found. Not independently verified.,plain_gold,Hall 4,4T 489F,HYDERABAD
EXH1738,CHORARIA JEWELS,INDIAN-DOMESTIC (default — unconfirmed against a company registry),India (assumed),Default classification: not listed under a GJEPC 'International *' section and city field (if present) is an Indian city; no foreign signal found. Not independently verified.,diamond_colorstone,Hall 3,3Q 403F,JAIPUR
EXH1547,CHUNOBA GOLD PVT. LTD.,INDIAN-DOMESTIC (default — unconfirmed against a company registry),India (assumed),Default classification: not listed under a GJEPC 'International *' section and city field (if present) is an Indian city; no foreign signal found. Not independently verified.,diamond_colorstone,Hall 3,3Q 422,MUMBAI
EXH858,CIYAZA INDUSTRIES LIMITED,INDIAN-DOMESTIC (default — unconfirmed against a company registry),India (assumed),Default classification: not listed under a GJEPC 'International *' section and city field (if present) is an Indian city; no foreign signal found. Not independently verified.,plain_gold,Hall Pavillion,JIO-H 15i,SURAT
EXH1839,CLASSIC ORNAMENTS PVT. LTD.,INDIAN-DOMESTIC (default — unconfirmed against a company registry),India (assumed),Default classification: not listed under a GJEPC 'International *' section and city field (if present) is an Indian city; no foreign signal found. Not independently verified.,plain_gold,Hall 4,4T 482A,MUMBAI
EXH1950,CREATIVE GOLD LLP,INDIAN-DOMESTIC (default — unconfirmed against a company registry),India (assumed),Default classification: not listed under a GJEPC 'International *' section and city field (if present) is an Indian city; no foreign signal found. Not independently verified.,plain_gold,Hall 6,6H 053,MUMBAI
EXH1445,CREATIVE JEWEL LLP,INDIAN-DOMESTIC (default — unconfirmed against a company registry),India (assumed),Default classification: not listed under a GJEPC 'International *' section and city field (if present) is an Indian city; no foreign signal found. Not independently verified.,plain_gold,Hall 4,4T 501D,MUMBAI
EXH761,D SOFT INFOTECH PVT LTD,INDIAN-DOMESTIC (default — unconfirmed against a company registry),India (assumed),Default classification: not listed under a GJEPC 'International *' section and city field (if present) is an Indian city; no foreign signal found. Not independently verified.,allied,Hall Aurum,AU 024B,RAJKOT
EXH795,D. T. JEWELLERS,INDIAN-DOMESTIC (default — unconfirmed against a company registry),India (assumed),Default classification: not listed under a GJEPC 'International *' section and city field (if present) is an Indian city; no foreign signal found. Not independently verified.,plain_gold,Hall Pavillion,JIO-C 4r,SURAT
EXH1250,D.N. JEWELS,INDIAN-DOMESTIC (default — unconfirmed against a company registry),India (assumed),Default classification: not listed under a GJEPC 'International *' section and city field (if present) is an Indian city; no foreign signal found. Not independently verified.,diamond_colorstone,Hall 3,3Q 406F,SURAT
EXH859,DAGINA JEWELLERS,INDIAN-DOMESTIC (default — unconfirmed against a company registry),India (assumed),Default classification: not listed under a GJEPC 'International *' section and city field (if present) is an Indian city; no foreign signal found. Not independently verified.,plain_gold,Hall 3,3L 373C,MUMBAI
EXH850,DANTARA DIAMONDS LLP,INDIAN-DOMESTIC (default — unconfirmed against a company registry),India (assumed),Default classification: not listed under a GJEPC 'International *' section and city field (if present) is an Indian city; no foreign signal found. Not independently verified.,diamond_colorstone,Hall 4,4S 473G,MUMBAI
EXH365,DANTARA JEWELLERS,INDIAN-DOMESTIC (default — unconfirmed against a company registry),India (assumed),Default classification: not listed under a GJEPC 'International *' section and city field (if present) is an Indian city; no foreign signal found. Not independently verified.,plain_gold,Hall 6,6B 022B,MUMBAI
EXH4,DAZZLE DIAMONDS,INDIAN-DOMESTIC (default — unconfirmed against a company registry),India (assumed),Default classification: not listed under a GJEPC 'International *' section and city field (if present) is an Indian city; no foreign signal found. Not independently verified.,plain_gold,Hall 2,2J 276,MUMBAI
EXH1806,DEEPA JEWELLERS LIMITED,INDIAN-DOMESTIC (default — unconfirmed against a company registry),India (assumed),Default classification: not listed under a GJEPC 'International *' section and city field (if present) is an Indian city; no foreign signal found. Not independently verified.,plain_gold,Hall 2,2G 185,HYDERABAD
EXH746,DESHNA CREATIONS,INDIAN-DOMESTIC (default — unconfirmed against a company registry),India (assumed),Default classification: not listed under a GJEPC 'International *' section and city field (if present) is an Indian city; no foreign signal found. Not independently verified.,diamond_colorstone,Hall 4,4R 472C,MUMBAI
EXH720,DEV DIAMOND,INDIAN-DOMESTIC (default — unconfirmed against a company registry),India (assumed),Default classification: not listed under a GJEPC 'International *' section and city field (if present) is an Indian city; no foreign signal found. Not independently verified.,diamond_colorstone,Hall 6,6R 126F,MUMBAI
EXH1802,DEVANSH CREATION PRIVATE LIMITED,INDIAN-DOMESTIC (default — unconfirmed against a company registry),India (assumed),Default classification: not listed under a GJEPC 'International *' section and city field (if present) is an Indian city; no foreign signal found. Not independently verified.,plain_gold,Hall 2,2G 190,KOLKATA
EXH1327,DEVI JEWELLERS,INDIAN-DOMESTIC (default — unconfirmed against a company registry),India (assumed),Default classification: not listed under a GJEPC 'International *' section and city field (if present) is an Indian city; no foreign signal found. Not independently verified.,diamond_colorstone,Hall 2,2H 251B,HYDERABAD
EXH1185,DEW DIAMONDS PRIVATE LIMITED,INDIAN-DOMESTIC (default — unconfirmed against a company registry),India (assumed),Default classification: not listed under a GJEPC 'International *' section and city field (if present) is an Indian city; no foreign signal found. Not independently verified.,diamond_colorstone,Hall 2,2H 258C,THRISSUR
EXH1191,DHANAKSH JEWELS LLP,INDIAN-DOMESTIC (default — unconfirmed against a company registry),India (assumed),Default classification: not listed under a GJEPC 'International *' section and city field (if present) is an Indian city; no foreign signal found. Not independently verified.,plain_gold,Hall 6,6A 038,MUMBAI
EXH1516,"DHANLAKSHMI JEWELLERS,",INDIAN-DOMESTIC (default — unconfirmed against a company registry),India (assumed),Default classification: not listed under a GJEPC 'International *' section and city field (if present) is an Indian city; no foreign signal found. Not independently verified.,plain_gold,Hall Pavillion,JIO-A 1a,MUMBAI
EXH1061,DHANRUPJI DEVAJI CO,INDIAN-DOMESTIC (default — unconfirmed against a company registry),India (assumed),Default classification: not listed under a GJEPC 'International *' section and city field (if present) is an Indian city; no foreign signal found. Not independently verified.,the_select_club,Hall JASMINE,Club-AB 11d,MUMBAI
EXH1230,DHARMESH JEWELLERS PVT. LTD.,INDIAN-DOMESTIC (default — unconfirmed against a company registry),India (assumed),Default classification: not listed under a GJEPC 'International *' section and city field (if present) is an Indian city; no foreign signal found. Not independently verified.,plain_gold,Hall 3,3M 370A,MUMBAI
EXH425,DHC GEM LAB AND INSTITUTE PVT LTD,INDIAN-DOMESTIC (default — unconfirmed against a company registry),India (assumed),Default classification: not listed under a GJEPC 'International *' section and city field (if present) is an Indian city; no foreign signal found. Not independently verified.,lab_edu,Hall Pavillion,JIO-E 8g,THRISSUR
EXH792,DHEE SIGNATURE JEWELLERY,INDIAN-DOMESTIC (default — unconfirmed against a company registry),India (assumed),Default classification: not listed under a GJEPC 'International *' section and city field (if present) is an Indian city; no foreign signal found. Not independently verified.,plain_gold,Hall 6,6R 130C,MUMBAI
EXH1530,DIA JEWEL,INDIAN-DOMESTIC (default — unconfirmed against a company registry),India (assumed),Default classification: not listed under a GJEPC 'International *' section and city field (if present) is an Indian city; no foreign signal found. Not independently verified.,diamond_colorstone,Hall 3,3Q 436,MUMBAI
EXH1900,DIAGLITER PRIVATE LIMITED,INDIAN-DOMESTIC (default — unconfirmed against a company registry),India (assumed),Default classification: not listed under a GJEPC 'International *' section and city field (if present) is an Indian city; no foreign signal found. Not independently verified.,lgd_jewellery,Hall Pavillion,JIO-Z 47b,MUMBAI
EXH560,DIAJE,INDIAN-DOMESTIC (default — unconfirmed against a company registry),India (assumed),Default classification: not listed under a GJEPC 'International *' section and city field (if present) is an Indian city; no foreign signal found. Not independently verified.,silver_jewellery_artifacts,Hall Pavillion,JIO-T 36f,MUMBAI
EXH2027,DIAMOND CREATION,INDIAN-DOMESTIC (default — unconfirmed against a company registry),India (assumed),Default classification: not listed under a GJEPC 'International *' section and city field (if present) is an Indian city; no foreign signal found. Not independently verified.,plain_gold,Hall Pavillion,JIO-B 1m,MUMBAI
EXH1196,DIAMOND CREATIONS PRIVATE LIMITED,INDIAN-DOMESTIC (default — unconfirmed against a company registry),India (assumed),Default classification: not listed under a GJEPC 'International *' section and city field (if present) is an Indian city; no foreign signal found. Not independently verified.,diamond_colorstone,Hall 3,3P 407B,CHENNAI
EXH1280,DILIPS JEWEL HOUSE,INDIAN-DOMESTIC (default — unconfirmed against a company registry),India (assumed),Default classification: not listed under a GJEPC 'International *' section and city field (if present) is an Indian city; no foreign signal found. Not independently verified.,diamond_colorstone,Hall 6,6K 078C,SECUNDERABAD
EXH1121,DIYAMA JEWELS,INDIAN-DOMESTIC (default — unconfirmed against a company registry),India (assumed),Default classification: not listed under a GJEPC 'International *' section and city field (if present) is an Indian city; no foreign signal found. Not independently verified.,lgd_jewellery,Hall Pavillion,JIO-Z 46f,HYDERABAD
EXH129,DOIT INDUSTRIES LIMITED,INDIAN-DOMESTIC (default — unconfirmed against a company registry),India (assumed),Default classification: not listed under a GJEPC 'International *' section and city field (if present) is an Indian city; no foreign signal found. Not independently verified.,machinery,Hall 5,5V 582,MUMBAI
EXH48,DT EXPORTS,INDIAN-DOMESTIC (default — unconfirmed against a company registry),India (assumed),Default classification: not listed under a GJEPC 'International *' section and city field (if present) is an Indian city; no foreign signal found. Not independently verified.,allied,Hall Aurum,AU 019D,NEW DELHI
EXH1226,E- DESIGNS,INDIAN-DOMESTIC (default — unconfirmed against a company registry),India (assumed),Default classification: not listed under a GJEPC 'International *' section and city field (if present) is an Indian city; no foreign signal found. Not independently verified.,silver_jewellery_artifacts,Hall Pavillion,JIO-S 32e,MUMBAI
EXH1621,EARTH STONE INC,INDIAN-DOMESTIC (default — unconfirmed against a company registry),India (assumed),Default classification: not listed under a GJEPC 'International *' section and city field (if present) is an Indian city; no foreign signal found. Not independently verified.,loose_stones_color_stones,Hall JASMINE,JIO-AK 45n,JAIPUR
EXH578,EFFULGENT JEWELLERY LLP,INDIAN-DOMESTIC (default — unconfirmed against a company registry),India (assumed),Default classification: not listed under a GJEPC 'International *' section and city field (if present) is an Indian city; no foreign signal found. Not independently verified.,diamond_colorstone,Hall 4,4R 463D,MUMBAI
EXH1189,EKTA DIAMOND LLP,INDIAN-DOMESTIC (default — unconfirmed against a company registry),India (assumed),Default classification: not listed under a GJEPC 'International *' section and city field (if present) is an Indian city; no foreign signal found. Not independently verified.,diamond_colorstone,Hall 6,6N 098D,MUMBAI
EXH1368,EKTA GEMS AND JEWELS,INDIAN-DOMESTIC (default — unconfirmed against a company registry),India (assumed),Default classification: not listed under a GJEPC 'International *' section and city field (if present) is an Indian city; no foreign signal found. Not independently verified.,loose_stones_color_stones,Hall LOTUS,JIO-AM 51c,BENGALURU
EXH1770,ELIVA JEWELS LLP,INDIAN-DOMESTIC (default — unconfirmed against a company registry),India (assumed),Default classification: not listed under a GJEPC 'International *' section and city field (if present) is an Indian city; no foreign signal found. Not independently verified.,lgd_jewellery,Hall Pavillion,JIO-Y 46d,SURAT
EXH344,EMERALD JEWEL INDUSTRY INDIA  LIMITED,INDIAN-DOMESTIC (default — unconfirmed against a company registry),India (assumed),Default classification: not listed under a GJEPC 'International *' section and city field (if present) is an Indian city; no foreign signal found. Not independently verified.,plain_gold,Hall 6,6H 058,COIMBATORE
EXH216,ENDORA INTERIORS,INDIAN-DOMESTIC (default — unconfirmed against a company registry),India (assumed),Default classification: not listed under a GJEPC 'International *' section and city field (if present) is an Indian city; no foreign signal found. Not independently verified.,allied,Hall Aurum,AU 026,THRISSUR
EXH738,EON JEWELLERY PVT LTD,INDIAN-DOMESTIC (default — unconfirmed against a company registry),India (assumed),Default classification: not listed under a GJEPC 'International *' section and city field (if present) is an Indian city; no foreign signal found. Not independently verified.,diamond_colorstone,Hall 4,4R 455A,MUMBAI
EXH1643,FILO DIAMONDS LLP,INDIAN-DOMESTIC (default — unconfirmed against a company registry),India (assumed),Default classification: not listed under a GJEPC 'International *' section and city field (if present) is an Indian city; no foreign signal found. Not independently verified.,diamond_colorstone,Hall 4,4R 452B,MUMBAI
EXH729,FINE COLOUR GEMS PRIVATE LIMITED,INDIAN-DOMESTIC (default — unconfirmed against a company registry),India (assumed),Default classification: not listed under a GJEPC 'International *' section and city field (if present) is an Indian city; no foreign signal found. Not independently verified.,loose_stones_color_stones,Hall JASMINE,JIO-AG 41a,JAIPUR
EXH655,FISCHER MEASUREMENT TECHNOLOGIES (INDIA) PVT LTD,INDIAN-DOMESTIC (default — unconfirmed against a company registry),India (assumed),Default classification: not listed under a GJEPC 'International *' section and city field (if present) is an Indian city; no foreign signal found. Not independently verified.,machinery,Hall 5,5V 574C,PUNE
EXH1409,FOREVER JEWELS,INDIAN-DOMESTIC (default — unconfirmed against a company registry),India (assumed),Default classification: not listed under a GJEPC 'International *' section and city field (if present) is an Indian city; no foreign signal found. Not independently verified.,diamond_colorstone,Hall 4,4S 472G,MUMBAI
EXH1964,FUSION JEWELS INDIA,INDIAN-DOMESTIC (default — unconfirmed against a company registry),India (assumed),Default classification: not listed under a GJEPC 'International *' section and city field (if present) is an Indian city; no foreign signal found. Not independently verified.,plain_gold,Hall 2,2G 182,BENGALURU
EXH1702,G.P. JEWELLERS,INDIAN-DOMESTIC (default — unconfirmed against a company registry),India (assumed),Default classification: not listed under a GJEPC 'International *' section and city field (if present) is an Indian city; no foreign signal found. Not independently verified.,plain_gold,Hall 2,2G 175,MUMBAI
EXH811,GALAXY DIAMONDS,INDIAN-DOMESTIC (default — unconfirmed against a company registry),India (assumed),Default classification: not listed under a GJEPC 'International *' section and city field (if present) is an Indian city; no foreign signal found. Not independently verified.,diamond_colorstone,Hall 6,6L 081,THRISSUR
EXH1905,GANESH GOLD,INDIAN-DOMESTIC (default — unconfirmed against a company registry),India (assumed),Default classification: not listed under a GJEPC 'International *' section and city field (if present) is an Indian city; no foreign signal found. Not independently verified.,plain_gold,Hall Pavillion,JIO-L 22e,BENGALURU
EXH568,GANGA JAMUNA JEWELLERS,INDIAN-DOMESTIC (default — unconfirmed against a company registry),India (assumed),Default classification: not listed under a GJEPC 'International *' section and city field (if present) is an Indian city; no foreign signal found. Not independently verified.,plain_gold,Hall 3,3M 383B,AHMEDABAD
EXH140,GATISOFTTECH,INDIAN-DOMESTIC (default — unconfirmed against a company registry),India (assumed),Default classification: not listed under a GJEPC 'International *' section and city field (if present) is an Indian city; no foreign signal found. Not independently verified.,allied,Hall Aurum,AU 024A,SURAT
EXH2030,GEMCRAFT,INDIAN-DOMESTIC (default — unconfirmed against a company registry),India (assumed),Default classification: not listed under a GJEPC 'International *' section and city field (if present) is an Indian city; no foreign signal found. Not independently verified.,the_select_club,Hall JASMINE,Club-AG 36a,MUMBAI
EXH507,GEMMECO,INDIAN-DOMESTIC (default — unconfirmed against a company registry),India (assumed),Default classification: not listed under a GJEPC 'International *' section and city field (if present) is an Indian city; no foreign signal found. Not independently verified.,loose_stones_color_stones,Hall JASMINE,JIO-AK 46g,JAIPUR
EXH297,GESSWEIN TRADING PVT. LTD.,INDIAN-DOMESTIC (default — unconfirmed against a company registry),India (assumed),Default classification: not listed under a GJEPC 'International *' section and city field (if present) is an Indian city; no foreign signal found. Not independently verified.,machinery,Hall 5,5V 595,MUMBAI
EXH747,GITA JEWELS,INDIAN-DOMESTIC (default — unconfirmed against a company registry),India (assumed),Default classification: not listed under a GJEPC 'International *' section and city field (if present) is an Indian city; no foreign signal found. Not independently verified.,silver_jewellery_artifacts,Hall Pavillion,JIO-V 40c,JAIPUR
EXH265,GOKUL DIVAY JEWELLERS,INDIAN-DOMESTIC (default — unconfirmed against a company registry),India (assumed),Default classification: not listed under a GJEPC 'International *' section and city field (if present) is an Indian city; no foreign signal found. Not independently verified.,loose_stones_color_stones,Hall JASMINE,JIO-AH 44e,JAIPUR
EXH880,GOKUL GEMS AND JEWELS PVT LTD,INDIAN-DOMESTIC (default — unconfirmed against a company registry),India (assumed),Default classification: not listed under a GJEPC 'International *' section and city field (if present) is an Indian city; no foreign signal found. Not independently verified.,plain_gold,Hall Pavillion,JIO-B 1p,HYDERABAD
EXH1654,GOLD STRINGS JEWELLERY PRIVATE LIMITED,INDIAN-DOMESTIC (default — unconfirmed against a company registry),India (assumed),Default classification: not listed under a GJEPC 'International *' section and city field (if present) is an Indian city; no foreign signal found. Not independently verified.,the_select_club,Hall JASMINE,Club-AC 16d,HYDERABAD
EXH794,GOLDEN CARAT PRIVATE LIMITED,INDIAN-DOMESTIC (default — unconfirmed against a company registry),India (assumed),Default classification: not listed under a GJEPC 'International *' section and city field (if present) is an Indian city; no foreign signal found. Not independently verified.,diamond_colorstone,Hall 3,3Q 395,SURAT
EXH666,GOLDEN RAY CHAINS & JEWELLERY LLP,INDIAN-DOMESTIC (default — unconfirmed against a company registry),India (assumed),Default classification: not listed under a GJEPC 'International *' section and city field (if present) is an Indian city; no foreign signal found. Not independently verified.,plain_gold,Hall 4,4T 512A,MUMBAI
EXH1527,GOLDIE JEWELS LLP,INDIAN-DOMESTIC (default — unconfirmed against a company registry),India (assumed),Default classification: not listed under a GJEPC 'International *' section and city field (if present) is an Indian city; no foreign signal found. Not independently verified.,plain_gold,Hall Pavillion,JIO-D 7h,SURAT
EXH1372,GOMTI JEWELS LLP,INDIAN-DOMESTIC (default — unconfirmed against a company registry),India (assumed),Default classification: not listed under a GJEPC 'International *' section and city field (if present) is an Indian city; no foreign signal found. Not independently verified.,diamond_colorstone,Hall 2,2H 200,JAIPUR
EXH363,GOTI EXPORTS PRIVATE LIMITED,INDIAN-DOMESTIC (default — unconfirmed against a company registry),India (assumed),Default classification: not listed under a GJEPC 'International *' section and city field (if present) is an Indian city; no foreign signal found. Not independently verified.,loose_stones_diamonds,Hall Pavillion,JIO-J 17a,THANE
EXH1439,GOVINDJI GLOBAL PRIVATE LIMITED,INDIAN-DOMESTIC (default — unconfirmed against a company registry),India (assumed),Default classification: not listed under a GJEPC 'International *' section and city field (if present) is an Indian city; no foreign signal found. Not independently verified.,plain_gold,Hall Pavillion,JIO-D 7c,SURAT
EXH845,GUNJAN JEWELS PVT. LTD.,INDIAN-DOMESTIC (default — unconfirmed against a company registry),India (assumed),Default classification: not listed under a GJEPC 'International *' section and city field (if present) is an Indian city; no foreign signal found. Not independently verified.,plain_gold,Hall 4,4T 510,MUMBAI
EXH1758,H.M.T. ORNAMENT,INDIAN-DOMESTIC (default — unconfirmed against a company registry),India (assumed),Default classification: not listed under a GJEPC 'International *' section and city field (if present) is an Indian city; no foreign signal found. Not independently verified.,plain_gold,Hall 6,6R 128C,MUMBAI
EXH886,HARI GEMS,INDIAN-DOMESTIC (default — unconfirmed against a company registry),India (assumed),Default classification: not listed under a GJEPC 'International *' section and city field (if present) is an Indian city; no foreign signal found. Not independently verified.,loose_stones_color_stones,Hall LOTUS,JIO-AM 51b,MUMBAI
EXH1309,HARI OM JEWELLERS,INDIAN-DOMESTIC (default — unconfirmed against a company registry),India (assumed),Default classification: not listed under a GJEPC 'International *' section and city field (if present) is an Indian city; no foreign signal found. Not independently verified.,plain_gold,Hall Pavillion,JIO-D 5p,MUMBAI
EXH885,HARSH CREATIONS INDIA,INDIAN-DOMESTIC (default — unconfirmed against a company registry),India (assumed),Default classification: not listed under a GJEPC 'International *' section and city field (if present) is an Indian city; no foreign signal found. Not independently verified.,plain_gold,Hall 3,3L 363G,MUMBAI
EXH1298,HARSH GOLD PRIVATE LIMITED,INDIAN-DOMESTIC (default — unconfirmed against a company registry),India (assumed),Default classification: not listed under a GJEPC 'International *' section and city field (if present) is an Indian city; no foreign signal found. Not independently verified.,plain_gold,Hall 3,3M 363H,MUMBAI
EXH808,HARSH JEWELLERS,INDIAN-DOMESTIC (default — unconfirmed against a company registry),India (assumed),Default classification: not listed under a GJEPC 'International *' section and city field (if present) is an Indian city; no foreign signal found. Not independently verified.,diamond_colorstone,Hall 2,2H 231,HYDERABAD
EXH564,HARSH PRECIOUS METALS P. LTD,INDIAN-DOMESTIC (default — unconfirmed against a company registry),India (assumed),Default classification: not listed under a GJEPC 'International *' section and city field (if present) is an Indian city; no foreign signal found. Not independently verified.,plain_gold,Hall 3,3M 380C,MUMBAI
EXH822,HDJ JEWEL PRIVATE LIMITED,INDIAN-DOMESTIC (default — unconfirmed against a company registry),India (assumed),Default classification: not listed under a GJEPC 'International *' section and city field (if present) is an Indian city; no foreign signal found. Not independently verified.,plain_gold,Hall Pavillion,JIO-K 19b,MUMBAI
EXH775,HEEDARIO GEMS AND JEWELS,INDIAN-DOMESTIC (default — unconfirmed against a company registry),India (assumed),Default classification: not listed under a GJEPC 'International *' section and city field (if present) is an Indian city; no foreign signal found. Not independently verified.,the_select_club,Hall JASMINE,Club-AG 40f,MUMBAI
EXH142,HEENA GEMS,INDIAN-DOMESTIC (default — unconfirmed against a company registry),India (assumed),Default classification: not listed under a GJEPC 'International *' section and city field (if present) is an Indian city; no foreign signal found. Not independently verified.,diamond_colorstone,Hall 4,4S 478D,MUMBAI
EXH1931,HEM FINE JEWELS LLP,INDIAN-DOMESTIC (default — unconfirmed against a company registry),India (assumed),Default classification: not listed under a GJEPC 'International *' section and city field (if present) is an Indian city; no foreign signal found. Not independently verified.,diamond_colorstone,Hall 6,6M 089A,MUMBAI
EXH67,HEMNAV VENTURES PRIVATE LIMITED,INDIAN-DOMESTIC (default — unconfirmed against a company registry),India (assumed),Default classification: not listed under a GJEPC 'International *' section and city field (if present) is an Indian city; no foreign signal found. Not independently verified.,machinery,Hall 5,5V 610,MUMBAI
EXH1148,HEMRATNA JEWELLERS,INDIAN-DOMESTIC (default — unconfirmed against a company registry),India (assumed),Default classification: not listed under a GJEPC 'International *' section and city field (if present) is an Indian city; no foreign signal found. Not independently verified.,plain_gold,Hall 2,2K 274F,SURAT
EXH295,HEMU SILVER PRIVATE LIMITED,INDIAN-DOMESTIC (default — unconfirmed against a company registry),India (assumed),Default classification: not listed under a GJEPC 'International *' section and city field (if present) is an Indian city; no foreign signal found. Not independently verified.,silver_jewellery_artifacts,Hall Pavillion,JIO-W 39n,AHMEDABAD
EXH1617,HIMANI DIAMOND,INDIAN-DOMESTIC (default — unconfirmed against a company registry),India (assumed),Default classification: not listed under a GJEPC 'International *' section and city field (if present) is an Indian city; no foreign signal found. Not independently verified.,diamond_colorstone,Hall 3,3Q 439,AHMEDABAD
EXH97,HINGLAJ MANUFACTURING,INDIAN-DOMESTIC (default — unconfirmed against a company registry),India (assumed),Default classification: not listed under a GJEPC 'International *' section and city field (if present) is an Indian city; no foreign signal found. Not independently verified.,machinery,Hall Aurum,AU 055,SURAT
EXH1689,HIRANYA INDIA JEWEL PRIVATE LIMITED,INDIAN-DOMESTIC (default — unconfirmed against a company registry),India (assumed),Default classification: not listed under a GJEPC 'International *' section and city field (if present) is an Indian city; no foreign signal found. Not independently verified.,plain_gold,Hall 2,2K 272D,KOLKATA
EXH1028,HOUSE OF SPARSH PVT LTD,INDIAN-DOMESTIC (default — unconfirmed against a company registry),India (assumed),Default classification: not listed under a GJEPC 'International *' section and city field (if present) is an Indian city; no foreign signal found. Not independently verified.,the_select_club,Hall JASMINE,Club-AD 20b,MUMBAI
EXH584,HRD DIAMOND INSTITUT E PVT LTD,INDIAN-DOMESTIC (default — unconfirmed against a company registry),India (assumed),Default classification: not listed under a GJEPC 'International *' section and city field (if present) is an Indian city; no foreign signal found. Not independently verified.,lab_edu,Hall 6,6P 101B,MUMBAI
EXH996,HREENKAR JEWELLERS,INDIAN-DOMESTIC (default — unconfirmed against a company registry),India (assumed),Default classification: not listed under a GJEPC 'International *' section and city field (if present) is an Indian city; no foreign signal found. Not independently verified.,plain_gold,Hall 4,4T 488D,MUMBAI
EXH1768,HRHK CORALS LLP,INDIAN-DOMESTIC (default — unconfirmed against a company registry),India (assumed),Default classification: not listed under a GJEPC 'International *' section and city field (if present) is an Indian city; no foreign signal found. Not independently verified.,loose_stones_color_stones,Hall JASMINE,JIO-AH 43a,JAIPUR
EXH2021,HUNAR GOLD,INDIAN-DOMESTIC (default — unconfirmed against a company registry),India (assumed),Default classification: not listed under a GJEPC 'International *' section and city field (if present) is an Indian city; no foreign signal found. Not independently verified.,plain_gold,Hall 2,2G 180,BENGALURU
EXH1385,HVK JEWELS PVT. LTD.,INDIAN-DOMESTIC (default — unconfirmed against a company registry),India (assumed),Default classification: not listed under a GJEPC 'International *' section and city field (if present) is an Indian city; no foreign signal found. Not independently verified.,lgd_jewellery,Hall Pavillion,JIO-Y 46c,MUMBAI
EXH1403,HVK JEWELS PVT. LTD.,INDIAN-DOMESTIC (default — unconfirmed against a company registry),India (assumed),Default classification: not listed under a GJEPC 'International *' section and city field (if present) is an Indian city; no foreign signal found. Not independently verified.,diamond_colorstone,Hall 3,3N 392C,MUMBAI
EXH1044,IGNITE INDUCTION LLP,INDIAN-DOMESTIC (default — unconfirmed against a company registry),India (assumed),Default classification: not listed under a GJEPC 'International *' section and city field (if present) is an Indian city; no foreign signal found. Not independently verified.,machinery,Hall 5,5U 534,RAJKOT
EXH481,ILLUSION SOLITAIRE DIAMOND JEWELLERY LLP,INDIAN-DOMESTIC (default — unconfirmed against a company registry),India (assumed),Default classification: not listed under a GJEPC 'International *' section and city field (if present) is an Indian city; no foreign signal found. Not independently verified.,diamond_colorstone,Hall 4,4R 474D,MUMBAI
EXH1993,INDERLAL BALMUKAND,INDIAN-DOMESTIC (default — unconfirmed against a company registry),India (assumed),Default classification: not listed under a GJEPC 'International *' section and city field (if present) is an Indian city; no foreign signal found. Not independently verified.,diamond_colorstone,Hall 3,3Q 413,HYDERABAD
EXH1166,INDERLAL BALMUKAND GEMS & JEWELS,INDIAN-DOMESTIC (default — unconfirmed against a company registry),India (assumed),Default classification: not listed under a GJEPC 'International *' section and city field (if present) is an Indian city; no foreign signal found. Not independently verified.,diamond_colorstone,Hall 2,2H 223,HYDERABAD
EXH771,INSTA LAXMI PRIVATE LIMITED,INDIAN-DOMESTIC (default — unconfirmed against a company registry),India (assumed),Default classification: not listed under a GJEPC 'International *' section and city field (if present) is an Indian city; no foreign signal found. Not independently verified.,allied,Hall Aurum,AU 016,THANE
EXH25,IRYS (INDIA) R&D PRIVATE LIMITED,INDIAN-DOMESTIC (default — unconfirmed against a company registry),India (assumed),Default classification: not listed under a GJEPC 'International *' section and city field (if present) is an Indian city; no foreign signal found. Not independently verified.,allied,Hall Aurum,AU 037,PUNE
EXH1983,J . T . JEWELLERS,INDIAN-DOMESTIC (default — unconfirmed against a company registry),India (assumed),Default classification: not listed under a GJEPC 'International *' section and city field (if present) is an Indian city; no foreign signal found. Not independently verified.,plain_gold,Hall Pavillion,JIO-H 14i,MUMBAI
EXH426,J J J JEWELLERS PVT LTD,INDIAN-DOMESTIC (default — unconfirmed against a company registry),India (assumed),Default classification: not listed under a GJEPC 'International *' section and city field (if present) is an Indian city; no foreign signal found. Not independently verified.,plain_gold,Hall 4,4T 492G,BENGALURU
EXH32,J R LABELWALA AND CO,INDIAN-DOMESTIC (default — unconfirmed against a company registry),India (assumed),Default classification: not listed under a GJEPC 'International *' section and city field (if present) is an Indian city; no foreign signal found. Not independently verified.,allied,Hall Aurum,AU 024C,MUMBAI
EXH1105,J V BANGLES PVT.LTD,INDIAN-DOMESTIC (default — unconfirmed against a company registry),India (assumed),Default classification: not listed under a GJEPC 'International *' section and city field (if present) is an Indian city; no foreign signal found. Not independently verified.,plain_gold,Hall 6,6D 036B,MUMBAI
EXH790,J.P. ENTERPRISE,INDIAN-DOMESTIC (default — unconfirmed against a company registry),India (assumed),Default classification: not listed under a GJEPC 'International *' section and city field (if present) is an Indian city; no foreign signal found. Not independently verified.,plain_gold,Hall 6,6R 129D,MUMBAI
EXH1641,J.P. EXPORTS,INDIAN-DOMESTIC (default — unconfirmed against a company registry),India (assumed),Default classification: not listed under a GJEPC 'International *' section and city field (if present) is an Indian city; no foreign signal found. Not independently verified.,plain_gold,Hall 4,4S 485B,RAJKOT
EXH1295,J.P.GOLD,INDIAN-DOMESTIC (default — unconfirmed against a company registry),India (assumed),Default classification: not listed under a GJEPC 'International *' section and city field (if present) is an Indian city; no foreign signal found. Not independently verified.,plain_gold,Hall 3,3L 358B,MUMBAI
EXH1021,JAI GULAB DEV JEWELLERS,INDIAN-DOMESTIC (default — unconfirmed against a company registry),India (assumed),Default classification: not listed under a GJEPC 'International *' section and city field (if present) is an Indian city; no foreign signal found. Not independently verified.,plain_gold,Hall 6,6C 021B,CHENNAI
EXH1408,JAIPUR RATNA MANUFACTURING PVT. LTD.,INDIAN-DOMESTIC (default — unconfirmed against a company registry),India (assumed),Default classification: not listed under a GJEPC 'International *' section and city field (if present) is an Indian city; no foreign signal found. Not independently verified.,the_select_club,Hall JASMINE,Club-AD 24a,JAIPUR
EXH1071,JALPA MACHINERY AND ALLIED LLP,INDIAN-DOMESTIC (default — unconfirmed against a company registry),India (assumed),Default classification: not listed under a GJEPC 'International *' section and city field (if present) is an Indian city; no foreign signal found. Not independently verified.,machinery,Hall 5,5V 567B,AHMEDABAD
EXH1534,JARNAS JEWELS,INDIAN-DOMESTIC (default — unconfirmed against a company registry),India (assumed),Default classification: not listed under a GJEPC 'International *' section and city field (if present) is an Indian city; no foreign signal found. Not independently verified.,diamond_colorstone,Hall 3,3Q 415E,CHENNAI
EXH1750,JASANI INDIA PRIVATE LIMITED,INDIAN-DOMESTIC (default — unconfirmed against a company registry),India (assumed),Default classification: not listed under a GJEPC 'International *' section and city field (if present) is an Indian city; no foreign signal found. Not independently verified.,diamond_colorstone,Hall 4,4R 454B,MUMBAI
EXH468,JAYSHANKAR GEMS,INDIAN-DOMESTIC (default — unconfirmed against a company registry),India (assumed),Default classification: not listed under a GJEPC 'International *' section and city field (if present) is an Indian city; no foreign signal found. Not independently verified.,diamond_colorstone,Hall 2,2H 236,MUMBAI
EXH1586,JENISHA JEWELS ARTS PVT. LTD.,INDIAN-DOMESTIC (default — unconfirmed against a company registry),India (assumed),Default classification: not listed under a GJEPC 'International *' section and city field (if present) is an Indian city; no foreign signal found. Not independently verified.,plain_gold,Hall 4,4S 469,MUMBAI
EXH638,JEWEL HOUSE,INDIAN-DOMESTIC (default — unconfirmed against a company registry),India (assumed),Default classification: not listed under a GJEPC 'International *' section and city field (if present) is an Indian city; no foreign signal found. Not independently verified.,diamond_colorstone,Hall 6,6J 063B,MUMBAI
EXH1648,JEWEL PARK,INDIAN-DOMESTIC (default — unconfirmed against a company registry),India (assumed),Default classification: not listed under a GJEPC 'International *' section and city field (if present) is an Indian city; no foreign signal found. Not independently verified.,plain_gold,Hall 4,4T 501B,NELLORE
EXH336,JEWELEX INDIA PVT. LTD.,INDIAN-DOMESTIC (default — unconfirmed against a company registry),India (assumed),Default classification: not listed under a GJEPC 'International *' section and city field (if present) is an Indian city; no foreign signal found. Not independently verified.,diamond_colorstone,Hall 6,6J 062,MUMBAI
EXH199,JEWELS  BY SEPHORA LLP,INDIAN-DOMESTIC (default — unconfirmed against a company registry),India (assumed),Default classification: not listed under a GJEPC 'International *' section and city field (if present) is an Indian city; no foreign signal found. Not independently verified.,the_select_club,Hall JASMINE,Club-AF 35d,JAIPUR
EXH1449,JEWELS BY SOLANKI,INDIAN-DOMESTIC (default — unconfirmed against a company registry),India (assumed),Default classification: not listed under a GJEPC 'International *' section and city field (if present) is an Indian city; no foreign signal found. Not independently verified.,plain_gold,Hall 6,6C 022A,MUMBAI
EXH618,JEWELSMITH,INDIAN-DOMESTIC (default — unconfirmed against a company registry),India (assumed),Default classification: not listed under a GJEPC 'International *' section and city field (if present) is an Indian city; no foreign signal found. Not independently verified.,plain_gold,Hall 2,2J 264C,MUMBAI
EXH884,JHALAK JEWELS PRIVATE LIMITED,INDIAN-DOMESTIC (default — unconfirmed against a company registry),India (assumed),Default classification: not listed under a GJEPC 'International *' section and city field (if present) is an Indian city; no foreign signal found. Not independently verified.,diamond_colorstone,Hall 2,2J 246D,MUMBAI
EXH1519,JIAMI JEWELLERY PRIVATE LIMITED,INDIAN-DOMESTIC (default — unconfirmed against a company registry),India (assumed),Default classification: not listed under a GJEPC 'International *' section and city field (if present) is an Indian city; no foreign signal found. Not independently verified.,silver_jewellery_artifacts,Hall Pavillion,JIO-T 34i,MUMBAI
EXH648,JIGNA CREATIONS,INDIAN-DOMESTIC (default — unconfirmed against a company registry),India (assumed),Default classification: not listed under a GJEPC 'International *' section and city field (if present) is an Indian city; no foreign signal found. Not independently verified.,diamond_colorstone,Hall 4,4R 462E,MUMBAI
EXH358,JKS JEWELS PVT LTD,INDIAN-DOMESTIC (default — unconfirmed against a company registry),India (assumed),Default classification: not listed under a GJEPC 'International *' section and city field (if present) is an Indian city; no foreign signal found. Not independently verified.,plain_gold,Hall 6,6C 027B,KOLKATA
EXH1789,JOHRISONS JEWELLERS PVT LTD,INDIAN-DOMESTIC (default — unconfirmed against a company registry),India (assumed),Default classification: not listed under a GJEPC 'International *' section and city field (if present) is an Indian city; no foreign signal found. Not independently verified.,plain_gold,Hall 2,2K 270F,AHMEDABAD
EXH1745,JS JEWELOM PRIVATE LIMITED,INDIAN-DOMESTIC (default — unconfirmed against a company registry),India (assumed),Default classification: not listed under a GJEPC 'International *' section and city field (if present) is an Indian city; no foreign signal found. Not independently verified.,plain_gold,Hall 3,3L 341,COIMBATORE
EXH1675,KALASH GOLD AND ORNAMENTS PVT LTD,INDIAN-DOMESTIC (default — unconfirmed against a company registry),India (assumed),Default classification: not listed under a GJEPC 'International *' section and city field (if present) is an Indian city; no foreign signal found. Not independently verified.,plain_gold,Hall 2,2J 263B,MUMBAI
EXH415,KAMAKHYA JEWELS LIMITED,INDIAN-DOMESTIC (default — unconfirmed against a company registry),India (assumed),Default classification: not listed under a GJEPC 'International *' section and city field (if present) is an Indian city; no foreign signal found. Not independently verified.,diamond_colorstone,Hall 2,2J 255C,MUMBAI
EXH2010,KANAKRATNA EXIM PVT.LTD.,INDIAN-DOMESTIC (default — unconfirmed against a company registry),India (assumed),Default classification: not listed under a GJEPC 'International *' section and city field (if present) is an Indian city; no foreign signal found. Not independently verified.,plain_gold,Hall 3,3M 372A,MUMBAI
EXH289,KANCHAN ANTIQUE GOLD JEWELLERY LLP,INDIAN-DOMESTIC (default — unconfirmed against a company registry),India (assumed),Default classification: not listed under a GJEPC 'International *' section and city field (if present) is an Indian city; no foreign signal found. Not independently verified.,plain_gold,Hall 4,4T 483A,MUMBAI
EXH1800,KANGANAM,INDIAN-DOMESTIC (default — unconfirmed against a company registry),India (assumed),Default classification: not listed under a GJEPC 'International *' section and city field (if present) is an Indian city; no foreign signal found. Not independently verified.,plain_gold,Hall Pavillion,JIO-L 22b,MUMBAI
EXH925,KARAT 24 PROJECTS,INDIAN-DOMESTIC (default — unconfirmed against a company registry),India (assumed),Default classification: not listed under a GJEPC 'International *' section and city field (if present) is an Indian city; no foreign signal found. Not independently verified.,machinery,Hall 5,5U 567D,VAPI
EXH1933,KARNI JEWELLERS,INDIAN-DOMESTIC (default — unconfirmed against a company registry),India (assumed),Default classification: not listed under a GJEPC 'International *' section and city field (if present) is an Indian city; no foreign signal found. Not independently verified.,diamond_colorstone,Hall 6,6L 087B,HYDERABAD
EXH151,KEDIA JEWELS,INDIAN-DOMESTIC (default — unconfirmed against a company registry),India (assumed),Default classification: not listed under a GJEPC 'International *' section and city field (if present) is an Indian city; no foreign signal found. Not independently verified.,diamond_colorstone,Hall 6,6Q 108A,JAIPUR
EXH373,KENSTAR,INDIAN-DOMESTIC (default — unconfirmed against a company registry),India (assumed),Default classification: not listed under a GJEPC 'International *' section and city field (if present) is an Indian city; no foreign signal found. Not independently verified.,plain_gold,Hall Pavillion,JIO-C 5f,AHMEDABAD
EXH473,KESHAVLAL F GANDHI JEWELLERS,INDIAN-DOMESTIC (default — unconfirmed against a company registry),India (assumed),Default classification: not listed under a GJEPC 'International *' section and city field (if present) is an Indian city; no foreign signal found. Not independently verified.,loose_stones_color_stones,Hall LOTUS,JIO-AS 59h,MUMBAI
EXH190,KHUSHALI JEWELS (P) LIMITED,INDIAN-DOMESTIC (default — unconfirmed against a company registry),India (assumed),Default classification: not listed under a GJEPC 'International *' section and city field (if present) is an Indian city; no foreign signal found. Not independently verified.,plain_gold,Hall 6,6D 027A,MUMBAI
EXH1014,KHUSHBOO NOVELTIES,INDIAN-DOMESTIC (default — unconfirmed against a company registry),India (assumed),Default classification: not listed under a GJEPC 'International *' section and city field (if present) is an Indian city; no foreign signal found. Not independently verified.,allied,Hall Aurum,AU 019A,AHMEDABAD
EXH208,KIFS FINSTOCK LIMITED,INDIAN-DOMESTIC (default — unconfirmed against a company registry),India (assumed),Default classification: not listed under a GJEPC 'International *' section and city field (if present) is an Indian city; no foreign signal found. Not independently verified.,plain_gold,Hall Pavillion,JIO-C 4n,AHMEDABAD
EXH165,KIRAN JEWELS INDIA,INDIAN-DOMESTIC (default — unconfirmed against a company registry),India (assumed),Default classification: not listed under a GJEPC 'International *' section and city field (if present) is an Indian city; no foreign signal found. Not independently verified.,diamond_colorstone,Hall 4,4R 481B,MUMBAI
EXH2023,KJ S FEATHER TOUCH JEWELLERY PVT LTD,INDIAN-DOMESTIC (default — unconfirmed against a company registry),India (assumed),Default classification: not listed under a GJEPC 'International *' section and city field (if present) is an Indian city; no foreign signal found. Not independently verified.,plain_gold,Hall Pavillion,JIO-P 26i,CHENNAI
EXH1225,KLASSIC MOUNTS,INDIAN-DOMESTIC (default — unconfirmed against a company registry),India (assumed),Default classification: not listed under a GJEPC 'International *' section and city field (if present) is an Indian city; no foreign signal found. Not independently verified.,diamond_colorstone,Hall 3,3Q 406B,MUMBAI
EXH1602,KRIPA JEWELLERS,INDIAN-DOMESTIC (default — unconfirmed against a company registry),India (assumed),Default classification: not listed under a GJEPC 'International *' section and city field (if present) is an Indian city; no foreign signal found. Not independently verified.,plain_gold,Hall 3,3L 336,MUMBAI
EXH389,KROWN JEWELS,INDIAN-DOMESTIC (default — unconfirmed against a company registry),India (assumed),Default classification: not listed under a GJEPC 'International *' section and city field (if present) is an Indian city; no foreign signal found. Not independently verified.,plain_gold,Hall 2,2J 261B,MUMBAI
EXH617,L STAR,INDIAN-DOMESTIC (default — unconfirmed against a company registry),India (assumed),Default classification: not listed under a GJEPC 'International *' section and city field (if present) is an Indian city; no foreign signal found. Not independently verified.,the_select_club,Hall JASMINE,Club-AF 30b,MUMBAI
EXH194,L. GOPAL & SONS JEWELLERS,INDIAN-DOMESTIC (default — unconfirmed against a company registry),India (assumed),Default classification: not listed under a GJEPC 'International *' section and city field (if present) is an Indian city; no foreign signal found. Not independently verified.,plain_gold,Hall 3,3M 377D,KOLKATA
EXH694,LADIWALA ENTERPRISES,INDIAN-DOMESTIC (default — unconfirmed against a company registry),India (assumed),Default classification: not listed under a GJEPC 'International *' section and city field (if present) is an Indian city; no foreign signal found. Not independently verified.,plain_gold,Hall 2,2K 263A,JAIPUR
EXH1736,LAKHTARWALA JEWELLERS PVT LTD,INDIAN-DOMESTIC (default — unconfirmed against a company registry),India (assumed),Default classification: not listed under a GJEPC 'International *' section and city field (if present) is an Indian city; no foreign signal found. Not independently verified.,plain_gold,Hall 4,4T 485A,AHMEDABAD
EXH1812,LALITH JEWELLERS,INDIAN-DOMESTIC (default — unconfirmed against a company registry),India (assumed),Default classification: not listed under a GJEPC 'International *' section and city field (if present) is an Indian city; no foreign signal found. Not independently verified.,plain_gold,Hall 4,4T 493G,HYDERABAD
EXH392,LAXMI GOLD,INDIAN-DOMESTIC (default — unconfirmed against a company registry),India (assumed),Default classification: not listed under a GJEPC 'International *' section and city field (if present) is an Indian city; no foreign signal found. Not independently verified.,plain_gold,Hall Pavillion,JIO-E 10e,MUMBAI
EXH276,LAXMI IMPERIAL PVT LTD,INDIAN-DOMESTIC (default — unconfirmed against a company registry),India (assumed),Default classification: not listed under a GJEPC 'International *' section and city field (if present) is an Indian city; no foreign signal found. Not independently verified.,diamond_colorstone,Hall 6,6K 073A,BENGALURU
EXH1415,LAXMI JEWELLERS,INDIAN-DOMESTIC (default — unconfirmed against a company registry),India (assumed),Default classification: not listed under a GJEPC 'International *' section and city field (if present) is an Indian city; no foreign signal found. Not independently verified.,diamond_colorstone,Hall 6,6Q 105A,JAIPUR
EXH269,LAXMI JEWELLERY CHENNAI   PVT LTD,INDIAN-DOMESTIC (default — unconfirmed against a company registry),India (assumed),Default classification: not listed under a GJEPC 'International *' section and city field (if present) is an Indian city; no foreign signal found. Not independently verified.,plain_gold,Hall 6,6D 029A,CHENNAI
EXH361,LAXMI JEWELLERY EXPORT   PVT. LTD.,INDIAN-DOMESTIC (default — unconfirmed against a company registry),India (assumed),Default classification: not listed under a GJEPC 'International *' section and city field (if present) is an Indian city; no foreign signal found. Not independently verified.,diamond_colorstone,Hall 6,6J 061,AHMEDABAD
EXH1077,LEELA GOLD,INDIAN-DOMESTIC (default — unconfirmed against a company registry),India (assumed),Default classification: not listed under a GJEPC 'International *' section and city field (if present) is an Indian city; no foreign signal found. Not independently verified.,diamond_colorstone,Hall 4,4R 462C,HYDERABAD
EXH1775,LEO SILVER ART PRIVATE LIMITED,INDIAN-DOMESTIC (default — unconfirmed against a company registry),India (assumed),Default classification: not listed under a GJEPC 'International *' section and city field (if present) is an Indian city; no foreign signal found. Not independently verified.,silver_jewellery_artifacts,Hall Pavillion,JIO-R 29i,MUMBAI
EXH635,LILI STAR JEWELLERY,INDIAN-DOMESTIC (default — unconfirmed against a company registry),India (assumed),Default classification: not listed under a GJEPC 'International *' section and city field (if present) is an Indian city; no foreign signal found. Not independently verified.,diamond_colorstone,Hall 3,3Q 440,MUMBAI
EXH395,LOTUS JEWELLERY CREATION PRIVATE LIMITED,INDIAN-DOMESTIC (default — unconfirmed against a company registry),India (assumed),Default classification: not listed under a GJEPC 'International *' section and city field (if present) is an Indian city; no foreign signal found. Not independently verified.,plain_gold,Hall 6,6B 016A,RAJKOT
EXH1798,LOVE GOLD,INDIAN-DOMESTIC (default — unconfirmed against a company registry),India (assumed),Default classification: not listed under a GJEPC 'International *' section and city field (if present) is an Indian city; no foreign signal found. Not independently verified.,plain_gold,Hall 2,2K 264E,MUMBAI
EXH24,LOYAL STRING INTERNATIONAL PVT LTD,INDIAN-DOMESTIC (default — unconfirmed against a company registry),India (assumed),Default classification: not listed under a GJEPC 'International *' section and city field (if present) is an Indian city; no foreign signal found. Not independently verified.,allied,Hall Aurum,AU 043,PUNE
EXH997,LUCKY JEWELLERY,INDIAN-DOMESTIC (default — unconfirmed against a company registry),India (assumed),Default classification: not listed under a GJEPC 'International *' section and city field (if present) is an Indian city; no foreign signal found. Not independently verified.,diamond_colorstone,Hall 2,2J 249D,MUMBAI
EXH170,M B DESIGNS PVT LTD,INDIAN-DOMESTIC (default — unconfirmed against a company registry),India (assumed),Default classification: not listed under a GJEPC 'International *' section and city field (if present) is an Indian city; no foreign signal found. Not independently verified.,silver_jewellery_artifacts,Hall Pavillion,JIO-W 41c,MUMBAI
EXH315,M G,INDIAN-DOMESTIC (default — unconfirmed against a company registry),India (assumed),Default classification: not listed under a GJEPC 'International *' section and city field (if present) is an Indian city; no foreign signal found. Not independently verified.,loose_stones_color_stones,Hall JASMINE,JIO-AH 43c,JAIPUR
EXH1411,M K GOLD,INDIAN-DOMESTIC (default — unconfirmed against a company registry),India (assumed),Default classification: not listed under a GJEPC 'International *' section and city field (if present) is an Indian city; no foreign signal found. Not independently verified.,plain_gold,Hall Pavillion,JIO-G 14G,MUMBAI
EXH1207,M L PITLIYA JEWELLERS,INDIAN-DOMESTIC (default — unconfirmed against a company registry),India (assumed),Default classification: not listed under a GJEPC 'International *' section and city field (if present) is an Indian city; no foreign signal found. Not independently verified.,loose_stones_color_stones,Hall JASMINE,JIO-AK 46l,JAIPUR
EXH64,M M I SOFTWARES PRIVATE LIMITED,INDIAN-DOMESTIC (default — unconfirmed against a company registry),India (assumed),Default classification: not listed under a GJEPC 'International *' section and city field (if present) is an Indian city; no foreign signal found. Not independently verified.,allied,Hall Aurum,AU 021,MATHURA
EXH896,M S KUNDAN CREATION,INDIAN-DOMESTIC (default — unconfirmed against a company registry),India (assumed),Default classification: not listed under a GJEPC 'International *' section and city field (if present) is an Indian city; no foreign signal found. Not independently verified.,plain_gold,Hall 3,3P 389,AMRITSAR
EXH366,M. M. CORPORATION,INDIAN-DOMESTIC (default — unconfirmed against a company registry),India (assumed),Default classification: not listed under a GJEPC 'International *' section and city field (if present) is an Indian city; no foreign signal found. Not independently verified.,plain_gold,Hall Pavillion,JIO-N 23j,BENGALURU
EXH1455,M. MEHTA SONS,INDIAN-DOMESTIC (default — unconfirmed against a company registry),India (assumed),Default classification: not listed under a GJEPC 'International *' section and city field (if present) is an Indian city; no foreign signal found. Not independently verified.,plain_gold,Hall 2,2J 260B,MUMBAI
EXH80,M. SAKSHI INTERNATIONAL,INDIAN-DOMESTIC (default — unconfirmed against a company registry),India (assumed),Default classification: not listed under a GJEPC 'International *' section and city field (if present) is an Indian city; no foreign signal found. Not independently verified.,machinery,Hall 5,5U 581B,MUMBAI
EXH1858,M.R.GOLD PRIVATE LIMITED,INDIAN-DOMESTIC (default — unconfirmed against a company registry),India (assumed),Default classification: not listed under a GJEPC 'International *' section and city field (if present) is an Indian city; no foreign signal found. Not independently verified.,plain_gold,Hall 6,6E 035A,MUMBAI
EXH1334,M.U. JEWELLERS PVT. LTD,INDIAN-DOMESTIC (default — unconfirmed against a company registry),India (assumed),Default classification: not listed under a GJEPC 'International *' section and city field (if present) is an Indian city; no foreign signal found. Not independently verified.,plain_gold,Hall 2,2J 272C,MUMBAI
EXH470,MAA BRIJESHWARI JEWELLERS,INDIAN-DOMESTIC (default — unconfirmed against a company registry),India (assumed),Default classification: not listed under a GJEPC 'International *' section and city field (if present) is an Indian city; no foreign signal found. Not independently verified.,plain_gold,Hall Pavillion,JIO-F 10j,MEERUT
EXH1352,MAA GOLD,INDIAN-DOMESTIC (default — unconfirmed against a company registry),India (assumed),Default classification: not listed under a GJEPC 'International *' section and city field (if present) is an Indian city; no foreign signal found. Not independently verified.,plain_gold,Hall 6,6C 023A,MUMBAI
EXH1684,MAA SATTI JEWELS PRIVATE LIMITED,INDIAN-DOMESTIC (default — unconfirmed against a company registry),India (assumed),Default classification: not listed under a GJEPC 'International *' section and city field (if present) is an Indian city; no foreign signal found. Not independently verified.,the_select_club,Hall JASMINE,Club-AG 34c,JAIPUR
EXH222,MAGICO PACKAGING PRIVATE LTD,INDIAN-DOMESTIC (default — unconfirmed against a company registry),India (assumed),Default classification: not listed under a GJEPC 'International *' section and city field (if present) is an Indian city; no foreign signal found. Not independently verified.,allied,Hall Aurum,AU 020B,MUMBAI
EXH1776,MAHAKALI CRAFT,INDIAN-DOMESTIC (default — unconfirmed against a company registry),India (assumed),Default classification: not listed under a GJEPC 'International *' section and city field (if present) is an Indian city; no foreign signal found. Not independently verified.,plain_gold,Hall 2,2G 164,MUMBAI
EXH447,MAHARAJA CHAINS,INDIAN-DOMESTIC (default — unconfirmed against a company registry),India (assumed),Default classification: not listed under a GJEPC 'International *' section and city field (if present) is an Indian city; no foreign signal found. Not independently verified.,plain_gold,Hall 3,3L 334,MUMBAI
EXH1678,MAHAVEER JEWELS,INDIAN-DOMESTIC (default — unconfirmed against a company registry),India (assumed),Default classification: not listed under a GJEPC 'International *' section and city field (if present) is an Indian city; no foreign signal found. Not independently verified.,plain_gold,Hall Pavillion,JIO-K 19d,BENGALURU
EXH1936,MAHAVIR JEWELLERS NX LLP,INDIAN-DOMESTIC (default — unconfirmed against a company registry),India (assumed),Default classification: not listed under a GJEPC 'International *' section and city field (if present) is an Indian city; no foreign signal found. Not independently verified.,plain_gold,Hall Pavillion,JIO-H 15g,MUMBAI
EXH1190,MAHEK GOLD,INDIAN-DOMESTIC (default — unconfirmed against a company registry),India (assumed),Default classification: not listed under a GJEPC 'International *' section and city field (if present) is an Indian city; no foreign signal found. Not independently verified.,plain_gold,Hall 3,3M 367A,MUMBAI
EXH1524,MALLINATH JEWELLERS,INDIAN-DOMESTIC (default — unconfirmed against a company registry),India (assumed),Default classification: not listed under a GJEPC 'International *' section and city field (if present) is an Indian city; no foreign signal found. Not independently verified.,plain_gold,Hall Pavillion,JIO-C 4s,SURAT
EXH842,MANAK JEWELLERS PVT. LTD.,INDIAN-DOMESTIC (default — unconfirmed against a company registry),India (assumed),Default classification: not listed under a GJEPC 'International *' section and city field (if present) is an Indian city; no foreign signal found. Not independently verified.,plain_gold,Hall 4,4T 512B,MUMBAI
EXH355,MANAPPURAM JEWELLERS LIMITED,INDIAN-DOMESTIC (default — unconfirmed against a company registry),India (assumed),Default classification: not listed under a GJEPC 'International *' section and city field (if present) is an Indian city; no foreign signal found. Not independently verified.,plain_gold,Hall 3,3L 371B,THRISSUR
EXH1116,MANGALDEEP CHAINS,INDIAN-DOMESTIC (default — unconfirmed against a company registry),India (assumed),Default classification: not listed under a GJEPC 'International *' section and city field (if present) is an Indian city; no foreign signal found. Not independently verified.,plain_gold,Hall 3,3L 365E,BENGALURU
EXH535,MANGALMANI JEWELLERS LIMITED,INDIAN-DOMESTIC (default — unconfirmed against a company registry),India (assumed),Default classification: not listed under a GJEPC 'International *' section and city field (if present) is an Indian city; no foreign signal found. Not independently verified.,plain_gold,Hall 3,3M 368A,MUMBAI
EXH1297,MANI JEWEL,INDIAN-DOMESTIC (default — unconfirmed against a company registry),India (assumed),Default classification: not listed under a GJEPC 'International *' section and city field (if present) is an Indian city; no foreign signal found. Not independently verified.,diamond_colorstone,Hall 4,4R 453B,MUMBAI
EXH1371,MANIRATNA CHAINS LLP,INDIAN-DOMESTIC (default — unconfirmed against a company registry),India (assumed),Default classification: not listed under a GJEPC 'International *' section and city field (if present) is an Indian city; no foreign signal found. Not independently verified.,plain_gold,Hall 3,3M 362,MUMBAI
EXH549,MANISH BHINDI JEWELS,INDIAN-DOMESTIC (default — unconfirmed against a company registry),India (assumed),Default classification: not listed under a GJEPC 'International *' section and city field (if present) is an Indian city; no foreign signal found. Not independently verified.,the_select_club,Hall JASMINE,Club-AB 11a,RAJKOT
EXH1396,MANJALLY JEWELLERS,INDIAN-DOMESTIC (default — unconfirmed against a company registry),India (assumed),Default classification: not listed under a GJEPC 'International *' section and city field (if present) is an Indian city; no foreign signal found. Not independently verified.,plain_gold,Hall Pavillion,JIO-D 6p,THRISSUR
EXH1238,MANMOHAN EXPORTS,INDIAN-DOMESTIC (default — unconfirmed against a company registry),India (assumed),Default classification: not listed under a GJEPC 'International *' section and city field (if present) is an Indian city; no foreign signal found. Not independently verified.,silver_jewellery_artifacts,Hall Pavillion,JIO-S 33b,JAIPUR
EXH1883,MANN CHAINS,INDIAN-DOMESTIC (default — unconfirmed against a company registry),India (assumed),Default classification: not listed under a GJEPC 'International *' section and city field (if present) is an Indian city; no foreign signal found. Not independently verified.,plain_gold,Hall Pavillion,JIO-M 22n,MUMBAI
EXH81,MANOHAR LAL AND SONS,INDIAN-DOMESTIC (default — unconfirmed against a company registry),India (assumed),Default classification: not listed under a GJEPC 'International *' section and city field (if present) is an Indian city; no foreign signal found. Not independently verified.,allied,Hall Aurum,AU 027,JAIPUR
EXH10,MANTHANS GEM LEGACY LLP,INDIAN-DOMESTIC (default — unconfirmed against a company registry),India (assumed),Default classification: not listed under a GJEPC 'International *' section and city field (if present) is an Indian city; no foreign signal found. Not independently verified.,loose_stones_color_stones,Hall JASMINE,JIO-AK 46j,HYDERABAD
EXH2016,MANYATA JEWELLERS,INDIAN-DOMESTIC (default — unconfirmed against a company registry),India (assumed),Default classification: not listed under a GJEPC 'International *' section and city field (if present) is an Indian city; no foreign signal found. Not independently verified.,plain_gold,Hall 2,2K 270B,BENGALURU
EXH161,MARUTI DIAMONDS,INDIAN-DOMESTIC (default — unconfirmed against a company registry),India (assumed),Default classification: not listed under a GJEPC 'International *' section and city field (if present) is an Indian city; no foreign signal found. Not independently verified.,loose_stones_diamonds,Hall Pavillion,JIO-K 20c,MUMBAI
EXH778,MASTER CHAINS N JEWELS LIMITED,INDIAN-DOMESTIC (default — unconfirmed against a company registry),India (assumed),Default classification: not listed under a GJEPC 'International *' section and city field (if present) is an Indian city; no foreign signal found. Not independently verified.,plain_gold,Hall 2,2K 267,MUMBAI
EXH1578,MATRA SMURTI JEWELS PRIVATE LIMITED,INDIAN-DOMESTIC (default — unconfirmed against a company registry),India (assumed),Default classification: not listed under a GJEPC 'International *' section and city field (if present) is an Indian city; no foreign signal found. Not independently verified.,plain_gold,Hall Pavillion,JIO-G 11k,MUMBAI
EXH259,MATUSHREE GOLD LLP,INDIAN-DOMESTIC (default — unconfirmed against a company registry),India (assumed),Default classification: not listed under a GJEPC 'International *' section and city field (if present) is an Indian city; no foreign signal found. Not independently verified.,plain_gold,Hall 6,6B 024B,BENGALURU
EXH563,MAX POWER INDUCTION,INDIAN-DOMESTIC (default — unconfirmed against a company registry),India (assumed),Default classification: not listed under a GJEPC 'International *' section and city field (if present) is an Indian city; no foreign signal found. Not independently verified.,machinery,Hall 5,5U 532,RAJKOT
EXH1398,MAYFAIR CREATIONS,INDIAN-DOMESTIC (default — unconfirmed against a company registry),India (assumed),Default classification: not listed under a GJEPC 'International *' section and city field (if present) is an Indian city; no foreign signal found. Not independently verified.,diamond_colorstone,Hall 2,2H 247C,MUMBAI
EXH391,MD GOLD,INDIAN-DOMESTIC (default — unconfirmed against a company registry),India (assumed),Default classification: not listed under a GJEPC 'International *' section and city field (if present) is an Indian city; no foreign signal found. Not independently verified.,plain_gold,Hall 2,2G 191,MUMBAI
EXH1804,MEENAKSHI JEWELLERS,INDIAN-DOMESTIC (default — unconfirmed against a company registry),India (assumed),Default classification: not listed under a GJEPC 'International *' section and city field (if present) is an Indian city; no foreign signal found. Not independently verified.,diamond_colorstone,Hall 6,6K 071B,HYDERABAD
EXH345,MEHTA ART JEWELLERS,INDIAN-DOMESTIC (default — unconfirmed against a company registry),India (assumed),Default classification: not listed under a GJEPC 'International *' section and city field (if present) is an Indian city; no foreign signal found. Not independently verified.,plain_gold,Hall 2,2K 264A,MUMBAI
EXH2001,MEHTA GOLD PVT. LTD.,INDIAN-DOMESTIC (default — unconfirmed against a company registry),India (assumed),Default classification: not listed under a GJEPC 'International *' section and city field (if present) is an Indian city; no foreign signal found. Not independently verified.,plain_gold,Hall 6,6G 048A,BENGALURU
EXH1814,MERRY GOLD,INDIAN-DOMESTIC (default — unconfirmed against a company registry),India (assumed),Default classification: not listed under a GJEPC 'International *' section and city field (if present) is an Indian city; no foreign signal found. Not independently verified.,plain_gold,Hall Pavillion,JIO-J 15m,MUMBAI
EXH1267,MERU DIAMOND (I) PVT.LTD,INDIAN-DOMESTIC (default — unconfirmed against a company registry),India (assumed),Default classification: not listed under a GJEPC 'International *' section and city field (if present) is an Indian city; no foreign signal found. Not independently verified.,diamond_colorstone,Hall 2,2H 227,MUMBAI
EXH663,MI & MY JEWELS LLP,INDIAN-DOMESTIC (default — unconfirmed against a company registry),India (assumed),Default classification: not listed under a GJEPC 'International *' section and city field (if present) is an Indian city; no foreign signal found. Not independently verified.,loose_stones_diamonds,Hall Pavillion,JIO-L 20k,MUMBAI
EXH60,MICROMAC INDUSTRIES PRIVATE LIMITED,INDIAN-DOMESTIC (default — unconfirmed against a company registry),India (assumed),Default classification: not listed under a GJEPC 'International *' section and city field (if present) is an Indian city; no foreign signal found. Not independently verified.,machinery,Hall 5,5U 575C,DELHI
EXH368,MIDAMAS JEWELS LLP,INDIAN-DOMESTIC (default — unconfirmed against a company registry),India (assumed),Default classification: not listed under a GJEPC 'International *' section and city field (if present) is an Indian city; no foreign signal found. Not independently verified.,lgd_jewellery,Hall Pavillion,JIO-Y 43j,SURAT
EXH1151,MIDAS DIAMONDS PVT. LTD.,INDIAN-DOMESTIC (default — unconfirmed against a company registry),India (assumed),Default classification: not listed under a GJEPC 'International *' section and city field (if present) is an Indian city; no foreign signal found. Not independently verified.,diamond_colorstone,Hall 4,4R 478B,MUMBAI
EXH943,MILANA KREATIONS,INDIAN-DOMESTIC (default — unconfirmed against a company registry),India (assumed),Default classification: not listed under a GJEPC 'International *' section and city field (if present) is an Indian city; no foreign signal found. Not independently verified.,diamond_colorstone,Hall 4,4S 476D,MUMBAI
EXH243,MILLENIA TECHNOLOGIES (I) PVT LTD,INDIAN-DOMESTIC (default — unconfirmed against a company registry),India (assumed),Default classification: not listed under a GJEPC 'International *' section and city field (if present) is an Indian city; no foreign signal found. Not independently verified.,machinery,Hall 5,5V 578A,MUMBAI
EXH1026,MINALAXMI EXIM,INDIAN-DOMESTIC (default — unconfirmed against a company registry),India (assumed),Default classification: not listed under a GJEPC 'International *' section and city field (if present) is an Indian city; no foreign signal found. Not independently verified.,plain_gold,Hall Pavillion,JIO-P 26n,MUMBAI
EXH1825,MIRA GEMS,INDIAN-DOMESTIC (default — unconfirmed against a company registry),India (assumed),Default classification: not listed under a GJEPC 'International *' section and city field (if present) is an Indian city; no foreign signal found. Not independently verified.,lgd_diamond,Hall Pavillion,JIO-Z 48b,MUMBAI
EXH1597,MITHALI GOLD,INDIAN-DOMESTIC (default — unconfirmed against a company registry),India (assumed),Default classification: not listed under a GJEPC 'International *' section and city field (if present) is an Indian city; no foreign signal found. Not independently verified.,plain_gold,Hall 2,2J 265B,MUMBAI
EXH937,MITTAL PEARLS AND JEWELLERY,INDIAN-DOMESTIC (default — unconfirmed against a company registry),India (assumed),Default classification: not listed under a GJEPC 'International *' section and city field (if present) is an Indian city; no foreign signal found. Not independently verified.,diamond_colorstone,Hall 6,6Q 103H,HYDERABAD
EXH1797,MJR SILVER PVT LTD,INDIAN-DOMESTIC (default — unconfirmed against a company registry),India (assumed),Default classification: not listed under a GJEPC 'International *' section and city field (if present) is an Indian city; no foreign signal found. Not independently verified.,silver_jewellery_artifacts,Hall Pavillion,JIO-Q 29a,BENGALURU
EXH1857,MODERN JEWELS PVT LTD,INDIAN-DOMESTIC (default — unconfirmed against a company registry),India (assumed),Default classification: not listed under a GJEPC 'International *' section and city field (if present) is an Indian city; no foreign signal found. Not independently verified.,diamond_colorstone,Hall 6,6J 063A,AHMEDABAD
EXH982,MOHAN LAL NARAYAN DAS JEWELLERS,INDIAN-DOMESTIC (default — unconfirmed against a company registry),India (assumed),Default classification: not listed under a GJEPC 'International *' section and city field (if present) is an Indian city; no foreign signal found. Not independently verified.,the_select_club,Hall JASMINE,Club-AG 34b,BIKANER
EXH1453,MOMAI ART PRIVATE LIMITED,INDIAN-DOMESTIC (default — unconfirmed against a company registry),India (assumed),Default classification: not listed under a GJEPC 'International *' section and city field (if present) is an Indian city; no foreign signal found. Not independently verified.,plain_gold,Hall 3,3L 353,MUMBAI
EXH906,MOMAI JEWELLERS LLP,INDIAN-DOMESTIC (default — unconfirmed against a company registry),India (assumed),Default classification: not listed under a GJEPC 'International *' section and city field (if present) is an Indian city; no foreign signal found. Not independently verified.,diamond_colorstone,Hall 6,6M 091A,MUMBAI
EXH434,MOON EXPORTS,INDIAN-DOMESTIC (default — unconfirmed against a company registry),India (assumed),Default classification: not listed under a GJEPC 'International *' section and city field (if present) is an Indian city; no foreign signal found. Not independently verified.,diamond_colorstone,Hall 2,2H 255B,MUMBAI
EXH1428,MRK GOLD LLP,INDIAN-DOMESTIC (default — unconfirmed against a company registry),India (assumed),Default classification: not listed under a GJEPC 'International *' section and city field (if present) is an Indian city; no foreign signal found. Not independently verified.,plain_gold,Hall 2,2J 244,BENGALURU
EXH1728,MRK JEWELS PRIVATE LIMITED,INDIAN-DOMESTIC (default — unconfirmed against a company registry),India (assumed),Default classification: not listed under a GJEPC 'International *' section and city field (if present) is an Indian city; no foreign signal found. Not independently verified.,diamond_colorstone,Hall 6,6P 100C,JAIPUR
EXH606,MUKESH & BROTHERS JEWELLERS,INDIAN-DOMESTIC (default — unconfirmed against a company registry),India (assumed),Default classification: not listed under a GJEPC 'International *' section and city field (if present) is an Indian city; no foreign signal found. Not independently verified.,plain_gold,Hall 4,4T 490G,CHENNAI
EXH490,MUKESH ART JEWELLERS,INDIAN-DOMESTIC (default — unconfirmed against a company registry),India (assumed),Default classification: not listed under a GJEPC 'International *' section and city field (if present) is an Indian city; no foreign signal found. Not independently verified.,plain_gold,Hall Pavillion,JIO-D 5h,MUMBAI
EXH1035,MUKTI GOLD PVT. LTD,INDIAN-DOMESTIC (default — unconfirmed against a company registry),India (assumed),Default classification: not listed under a GJEPC 'International *' section and city field (if present) is an Indian city; no foreign signal found. Not independently verified.,plain_gold,Hall 4,4S 482B,MUMBAI
EXH673,MUNNII GOLD,INDIAN-DOMESTIC (default — unconfirmed against a company registry),India (assumed),Default classification: not listed under a GJEPC 'International *' section and city field (if present) is an Indian city; no foreign signal found. Not independently verified.,plain_gold,Hall 2,2G 183,MUMBAI
EXH404,MUNOT ORNAMENTS ANNEX PRIVATE LIMITED,INDIAN-DOMESTIC (default — unconfirmed against a company registry),India (assumed),Default classification: not listed under a GJEPC 'International *' section and city field (if present) is an Indian city; no foreign signal found. Not independently verified.,plain_gold,Hall 6,6E 039,MUMBAI
EXH2008,MUSKAAN GOLD,INDIAN-DOMESTIC (default — unconfirmed against a company registry),India (assumed),Default classification: not listed under a GJEPC 'International *' section and city field (if present) is an Indian city; no foreign signal found. Not independently verified.,plain_gold,Hall 4,4T 504B,MUMBAI
EXH349,MV GOLD PRIVATE LIMITED,INDIAN-DOMESTIC (default — unconfirmed against a company registry),India (assumed),Default classification: not listed under a GJEPC 'International *' section and city field (if present) is an Indian city; no foreign signal found. Not independently verified.,plain_gold,Hall 6,6B 015A,MUMBAI
EXH360,MY CHAINS,INDIAN-DOMESTIC (default — unconfirmed against a company registry),India (assumed),Default classification: not listed under a GJEPC 'International *' section and city field (if present) is an Indian city; no foreign signal found. Not independently verified.,plain_gold,Hall 3,3N 379C,MUMBAI
EXH1179,N K JEWELS,INDIAN-DOMESTIC (default — unconfirmed against a company registry),India (assumed),Default classification: not listed under a GJEPC 'International *' section and city field (if present) is an Indian city; no foreign signal found. Not independently verified.,diamond_colorstone,Hall 4,4R 464,SURAT
EXH1488,N M KAREL & SONS PRIVATE LIMITED,INDIAN-DOMESTIC (default — unconfirmed against a company registry),India (assumed),Default classification: not listed under a GJEPC 'International *' section and city field (if present) is an Indian city; no foreign signal found. Not independently verified.,plain_gold,Hall 3,3M 377A,NEW DELHI
EXH718,NAHAR DIAMOND,INDIAN-DOMESTIC (default — unconfirmed against a company registry),India (assumed),Default classification: not listed under a GJEPC 'International *' section and city field (if present) is an Indian city; no foreign signal found. Not independently verified.,diamond_colorstone,Hall 3,3P 412C,BENGALURU
EXH1370,NAICE JEWELS PVT. LTD.,INDIAN-DOMESTIC (default — unconfirmed against a company registry),India (assumed),Default classification: not listed under a GJEPC 'International *' section and city field (if present) is an Indian city; no foreign signal found. Not independently verified.,diamond_colorstone,Hall 4,4S 475A,MUMBAI
EXH1332,NAKODA GOLD JVM LIMITED,INDIAN-DOMESTIC (default — unconfirmed against a company registry),India (assumed),Default classification: not listed under a GJEPC 'International *' section and city field (if present) is an Indian city; no foreign signal found. Not independently verified.,plain_gold,Hall 2,2G 149,SURAT
EXH182,NAKODA ORNAMENTS PRIVATE LIMITED,INDIAN-DOMESTIC (default — unconfirmed against a company registry),India (assumed),Default classification: not listed under a GJEPC 'International *' section and city field (if present) is an Indian city; no foreign signal found. Not independently verified.,plain_gold,Hall Pavillion,JIO-H 14p,AHMEDABAD
EXH755,NANESH DIAMONDS PRIVATE LIMITED,INDIAN-DOMESTIC (default — unconfirmed against a company registry),India (assumed),Default classification: not listed under a GJEPC 'International *' section and city field (if present) is an Indian city; no foreign signal found. Not independently verified.,diamond_colorstone,Hall 6,6L 088C,CHENNAI
EXH561,NARAYAN GEMS,INDIAN-DOMESTIC (default — unconfirmed against a company registry),India (assumed),Default classification: not listed under a GJEPC 'International *' section and city field (if present) is an Indian city; no foreign signal found. Not independently verified.,loose_stones_color_stones,Hall JASMINE,JIO-AH 44d,MUMBAI
EXH356,NATHI LAL ASHOK KUMAR,INDIAN-DOMESTIC (default — unconfirmed against a company registry),India (assumed),Default classification: not listed under a GJEPC 'International *' section and city field (if present) is an Indian city; no foreign signal found. Not independently verified.,plain_gold,Hall Pavillion,JIO-D 5m,DELHI
EXH644,NAVBHARAT CARBON CO. (BOMBAY),INDIAN-DOMESTIC (default — unconfirmed against a company registry),India (assumed),Default classification: not listed under a GJEPC 'International *' section and city field (if present) is an Indian city; no foreign signal found. Not independently verified.,machinery,Hall 5,5U 580B,MUMBAI
EXH314,NAVKAR GOLD PALACE LLP,INDIAN-DOMESTIC (default — unconfirmed against a company registry),India (assumed),Default classification: not listed under a GJEPC 'International *' section and city field (if present) is an Indian city; no foreign signal found. Not independently verified.,plain_gold,Hall 2,2K 270E,CHENNAI
EXH172,NAVPAD GOLD,INDIAN-DOMESTIC (default — unconfirmed against a company registry),India (assumed),Default classification: not listed under a GJEPC 'International *' section and city field (if present) is an Indian city; no foreign signal found. Not independently verified.,diamond_colorstone,Hall 6,6H 056,AHMEDABAD
EXH936,NAVRITHI JEWELS PVT LTD,INDIAN-DOMESTIC (default — unconfirmed against a company registry),India (assumed),Default classification: not listed under a GJEPC 'International *' section and city field (if present) is an Indian city; no foreign signal found. Not independently verified.,diamond_colorstone,Hall 3,3Q 409B,MUMBAI
EXH1508,NEETI JEWELLS LLP,INDIAN-DOMESTIC (default — unconfirmed against a company registry),India (assumed),Default classification: not listed under a GJEPC 'International *' section and city field (if present) is an Indian city; no foreign signal found. Not independently verified.,diamond_colorstone,Hall 4,4R 473F,SURAT
EXH1757,NELKT CREATION,INDIAN-DOMESTIC (default — unconfirmed against a company registry),India (assumed),Default classification: not listed under a GJEPC 'International *' section and city field (if present) is an Indian city; no foreign signal found. Not independently verified.,silver_jewellery_artifacts,Hall Pavillion,JIO-T 34n,MUMBAI
EXH1015,NEO DIAMONDS,INDIAN-DOMESTIC (default — unconfirmed against a company registry),India (assumed),Default classification: not listed under a GJEPC 'International *' section and city field (if present) is an Indian city; no foreign signal found. Not independently verified.,diamond_colorstone,Hall 6,6L 090A,MUMBAI
EXH290,NEXARO JEWELS PRIVATE LIMITED,INDIAN-DOMESTIC (default — unconfirmed against a company registry),India (assumed),Default classification: not listed under a GJEPC 'International *' section and city field (if present) is an Indian city; no foreign signal found. Not independently verified.,plain_gold,Hall 4,4T 509A,RAJKOT
EXH383,NICE DIAMONDS (INDIA) PVT. LTD,INDIAN-DOMESTIC (default — unconfirmed against a company registry),India (assumed),Default classification: not listed under a GJEPC 'International *' section and city field (if present) is an Indian city; no foreign signal found. Not independently verified.,diamond_colorstone,Hall 4,4R 476C,MUMBAI
EXH393,NIRVAAN JEWELS,INDIAN-DOMESTIC (default — unconfirmed against a company registry),India (assumed),Default classification: not listed under a GJEPC 'International *' section and city field (if present) is an Indian city; no foreign signal found. Not independently verified.,plain_gold,Hall Pavillion,JIO-K 19e,MUMBAI
EXH626,NITYAS GEMS AND JEWELLERY LIMITED,INDIAN-DOMESTIC (default — unconfirmed against a company registry),India (assumed),Default classification: not listed under a GJEPC 'International *' section and city field (if present) is an Indian city; no foreign signal found. Not independently verified.,lgd_jewellery,Hall Pavillion,JIO-X 43b,SURAT
EXH801,OM AUTOMATION,INDIAN-DOMESTIC (default — unconfirmed against a company registry),India (assumed),Default classification: not listed under a GJEPC 'International *' section and city field (if present) is an Indian city; no foreign signal found. Not independently verified.,machinery,Hall 5,5U 562,RAJKOT
EXH610,OM DIAMONDS,INDIAN-DOMESTIC (default — unconfirmed against a company registry),India (assumed),Default classification: not listed under a GJEPC 'International *' section and city field (if present) is an Indian city; no foreign signal found. Not independently verified.,diamond_colorstone,Hall 6,6M 087A,MUMBAI
EXH677,OM SAI MACHINE TOOLS,INDIAN-DOMESTIC (default — unconfirmed against a company registry),India (assumed),Default classification: not listed under a GJEPC 'International *' section and city field (if present) is an Indian city; no foreign signal found. Not independently verified.,machinery,Hall 5,5V 623,AGRA
EXH1929,OMKAR JEWELS,INDIAN-DOMESTIC (default — unconfirmed against a company registry),India (assumed),Default classification: not listed under a GJEPC 'International *' section and city field (if present) is an Indian city; no foreign signal found. Not independently verified.,diamond_colorstone,Hall 2,2H 245E,SURAT
EXH486,OPH JEWELLER,INDIAN-DOMESTIC (default — unconfirmed against a company registry),India (assumed),Default classification: not listed under a GJEPC 'International *' section and city field (if present) is an Indian city; no foreign signal found. Not independently verified.,the_select_club,Hall JASMINE,Club-AC 12b,NEW DELHI
EXH114,ORNAWARE FINESSE PRIVATE LIMITED,INDIAN-DOMESTIC (default — unconfirmed against a company registry),India (assumed),Default classification: not listed under a GJEPC 'International *' section and city field (if present) is an Indian city; no foreign signal found. Not independently verified.,allied,Hall Aurum,AU 002,KOLKATA
EXH823,ORO PRECIOUS METALS PRIVATE LIMITED,INDIAN-DOMESTIC (default — unconfirmed against a company registry),India (assumed),Default classification: not listed under a GJEPC 'International *' section and city field (if present) is an Indian city; no foreign signal found. Not independently verified.,plain_gold,Hall 4,4S 483B,MUMBAI
EXH1359,OSTWAL JEWELS PRIVATE LIMITED,INDIAN-DOMESTIC (default — unconfirmed against a company registry),India (assumed),Default classification: not listed under a GJEPC 'International *' section and city field (if present) is an Indian city; no foreign signal found. Not independently verified.,diamond_colorstone,Hall 3,3Q 427B,CHENNAI
EXH964,P AND S CHEMITECH,INDIAN-DOMESTIC (default — unconfirmed against a company registry),India (assumed),Default classification: not listed under a GJEPC 'International *' section and city field (if present) is an Indian city; no foreign signal found. Not independently verified.,machinery,Hall 5,5V 567A,BENGALURU
EXH574,P D SONI JEWELS PRIVATE LIMITED,INDIAN-DOMESTIC (default — unconfirmed against a company registry),India (assumed),Default classification: not listed under a GJEPC 'International *' section and city field (if present) is an Indian city; no foreign signal found. Not independently verified.,plain_gold,Hall 3,3M 376D,AHMEDABAD
EXH186,P K TRADERS,INDIAN-DOMESTIC (default — unconfirmed against a company registry),India (assumed),Default classification: not listed under a GJEPC 'International *' section and city field (if present) is an Indian city; no foreign signal found. Not independently verified.,allied,Hall Aurum,AU 020A,COCHIN
EXH1299,P&S GALVASOLS,INDIAN-DOMESTIC (default — unconfirmed against a company registry),India (assumed),Default classification: not listed under a GJEPC 'International *' section and city field (if present) is an Indian city; no foreign signal found. Not independently verified.,plain_gold,Hall 3,3L 363E,BENGALURU
EXH820,P. K. JEWELLERS PVT. LTD.,INDIAN-DOMESTIC (default — unconfirmed against a company registry),India (assumed),Default classification: not listed under a GJEPC 'International *' section and city field (if present) is an Indian city; no foreign signal found. Not independently verified.,plain_gold,Hall Pavillion,JIO-E 7l,MUMBAI
EXH710,P. MANGATRAM JEWELLERS PVT LTD,INDIAN-DOMESTIC (default — unconfirmed against a company registry),India (assumed),Default classification: not listed under a GJEPC 'International *' section and city field (if present) is an Indian city; no foreign signal found. Not independently verified.,diamond_colorstone,Hall 4,4R 476B,HYDERABAD
EXH1732,P.R. JEWELLERS,INDIAN-DOMESTIC (default — unconfirmed against a company registry),India (assumed),Default classification: not listed under a GJEPC 'International *' section and city field (if present) is an Indian city; no foreign signal found. Not independently verified.,plain_gold,Hall 3,3L 329,MUMBAI
EXH650,PACIO PREMIUM PRIVATE LIMITED,INDIAN-DOMESTIC (default — unconfirmed against a company registry),India (assumed),Default classification: not listed under a GJEPC 'International *' section and city field (if present) is an Indian city; no foreign signal found. Not independently verified.,allied,Hall Aurum,AU 023A,THRISSUR
EXH1279,PADMAVATI CHAINS AND JEWELS PRIVATE LIMITED,INDIAN-DOMESTIC (default — unconfirmed against a company registry),India (assumed),Default classification: not listed under a GJEPC 'International *' section and city field (if present) is an Indian city; no foreign signal found. Not independently verified.,plain_gold,Hall 6,6D 029D,MUMBAI
EXH1193,PADMAWATI GEMS AND JEWELLERY LLP,INDIAN-DOMESTIC (default — unconfirmed against a company registry),India (assumed),Default classification: not listed under a GJEPC 'International *' section and city field (if present) is an Indian city; no foreign signal found. Not independently verified.,diamond_colorstone,Hall 3,3Q 403B,BENGALURU
EXH1971,PADMINI JEWELS,INDIAN-DOMESTIC (default — unconfirmed against a company registry),India (assumed),Default classification: not listed under a GJEPC 'International *' section and city field (if present) is an Indian city; no foreign signal found. Not independently verified.,diamond_colorstone,Hall 6,6P 105B,AHMEDABAD
EXH2003,PAHINI JEWELLERY PRIVATE LIMITED,INDIAN-DOMESTIC (default — unconfirmed against a company registry),India (assumed),Default classification: not listed under a GJEPC 'International *' section and city field (if present) is an Indian city; no foreign signal found. Not independently verified.,plain_gold,Hall 6,6A 015B,AHMEDABAD
EXH1835,PALAK JEWELLERS PVT. LTD.,INDIAN-DOMESTIC (default — unconfirmed against a company registry),India (assumed),Default classification: not listed under a GJEPC 'International *' section and city field (if present) is an Indian city; no foreign signal found. Not independently verified.,plain_gold,Hall 2,2K 266,MUMBAI
EXH1460,PALM JEWELS LTD.,INDIAN-DOMESTIC (default — unconfirmed against a company registry),India (assumed),Default classification: not listed under a GJEPC 'International *' section and city field (if present) is an Indian city; no foreign signal found. Not independently verified.,plain_gold,Hall Pavillion,JIO-A 1h,AHMEDABAD
EXH1565,PANI GOLD,INDIAN-DOMESTIC (default — unconfirmed against a company registry),India (assumed),Default classification: not listed under a GJEPC 'International *' section and city field (if present) is an Indian city; no foreign signal found. Not independently verified.,plain_gold,Hall 3,3L 349,MUMBAI
EXH384,PARAMPARA THE JEWELS,INDIAN-DOMESTIC (default — unconfirmed against a company registry),India (assumed),Default classification: not listed under a GJEPC 'International *' section and city field (if present) is an Indian city; no foreign signal found. Not independently verified.,diamond_colorstone,Hall 2,2H 211,JAIPUR
EXH147,PARSHNATH BOXES,INDIAN-DOMESTIC (default — unconfirmed against a company registry),India (assumed),Default classification: not listed under a GJEPC 'International *' section and city field (if present) is an Indian city; no foreign signal found. Not independently verified.,allied,Hall Aurum,AU 023H,DELHI
EXH1251,PARTH ORNAMENTS PVT. LTD.,INDIAN-DOMESTIC (default — unconfirmed against a company registry),India (assumed),Default classification: not listed under a GJEPC 'International *' section and city field (if present) is an Indian city; no foreign signal found. Not independently verified.,plain_gold,Hall 6,6H 057B,SURAT
EXH1730,PARV GOLD,INDIAN-DOMESTIC (default — unconfirmed against a company registry),India (assumed),Default classification: not listed under a GJEPC 'International *' section and city field (if present) is an Indian city; no foreign signal found. Not independently verified.,plain_gold,Hall Pavillion,JIO-M 23e,MUMBAI
EXH1611,PAYAL GOLD PVT. LTD.,INDIAN-DOMESTIC (default — unconfirmed against a company registry),India (assumed),Default classification: not listed under a GJEPC 'International *' section and city field (if present) is an Indian city; no foreign signal found. Not independently verified.,plain_gold,Hall 6,6E 033A,MUMBAI
EXH16,PLUTUS JEWELS,INDIAN-DOMESTIC (default — unconfirmed against a company registry),India (assumed),Default classification: not listed under a GJEPC 'International *' section and city field (if present) is an Indian city; no foreign signal found. Not independently verified.,plain_gold,Hall Pavillion,JIO-C 4l,SURAT
EXH786,PM JEWELEX PRIVATE LIMITED,INDIAN-DOMESTIC (default — unconfirmed against a company registry),India (assumed),Default classification: not listed under a GJEPC 'International *' section and city field (if present) is an Indian city; no foreign signal found. Not independently verified.,diamond_colorstone,Hall 3,3Q 419,AHMEDABAD
EXH1210,PNR MAHALAKSHMI JEWELLERY PVT LTD,INDIAN-DOMESTIC (default — unconfirmed against a company registry),India (assumed),Default classification: not listed under a GJEPC 'International *' section and city field (if present) is an Indian city; no foreign signal found. Not independently verified.,plain_gold,Hall Pavillion,JIO-F 10h,COIMBATORE
EXH1607,POOJA GOLD AND ORNAMENTS PRIVATE LIMITED,INDIAN-DOMESTIC (default — unconfirmed against a company registry),India (assumed),Default classification: not listed under a GJEPC 'International *' section and city field (if present) is an Indian city; no foreign signal found. Not independently verified.,plain_gold,Hall 2,2J 269B,MUMBAI
EXH1784,PP ABHAY JEWELLERS PVT LTD,INDIAN-DOMESTIC (default — unconfirmed against a company registry),India (assumed),Default classification: not listed under a GJEPC 'International *' section and city field (if present) is an Indian city; no foreign signal found. Not independently verified.,plain_gold,Hall 2,2K 290,RAIPUR
EXH249,PRAGATI GOLD PVT LTD.,INDIAN-DOMESTIC (default — unconfirmed against a company registry),India (assumed),Default classification: not listed under a GJEPC 'International *' section and city field (if present) is an Indian city; no foreign signal found. Not independently verified.,plain_gold,Hall 3,3L 351,MUMBAI
EXH1526,PRAGYA JEWELS PRIVATE LIMITED,INDIAN-DOMESTIC (default — unconfirmed against a company registry),India (assumed),Default classification: not listed under a GJEPC 'International *' section and city field (if present) is an Indian city; no foreign signal found. Not independently verified.,the_select_club,Hall JASMINE,Club-AG 31c,MUMBAI
EXH1698,PRAKASH JEWELLERY MART PVT LTD,INDIAN-DOMESTIC (default — unconfirmed against a company registry),India (assumed),Default classification: not listed under a GJEPC 'International *' section and city field (if present) is an Indian city; no foreign signal found. Not independently verified.,plain_gold,Hall Pavillion,JIO-N 26a,CHENNAI
EXH1518,PRAVIN MOTIWALA,INDIAN-DOMESTIC (default — unconfirmed against a company registry),India (assumed),Default classification: not listed under a GJEPC 'International *' section and city field (if present) is an Indian city; no foreign signal found. Not independently verified.,plain_gold,Hall 3,3L 331,MUMBAI
EXH835,PRECIOUS GEMS & JEWELLERY,INDIAN-DOMESTIC (default — unconfirmed against a company registry),India (assumed),Default classification: not listed under a GJEPC 'International *' section and city field (if present) is an Indian city; no foreign signal found. Not independently verified.,diamond_colorstone,Hall 3,3P 390E,MUMBAI
EXH989,PRECISE PIERCING PRODUCTS INDIA LLP,INDIAN-DOMESTIC (default — unconfirmed against a company registry),India (assumed),Default classification: not listed under a GJEPC 'International *' section and city field (if present) is an Indian city; no foreign signal found. Not independently verified.,machinery,Hall 5,5V 621,BENGALURU
EXH1399,PRIDE GOLD,INDIAN-DOMESTIC (default — unconfirmed against a company registry),India (assumed),Default classification: not listed under a GJEPC 'International *' section and city field (if present) is an Indian city; no foreign signal found. Not independently verified.,plain_gold,Hall Pavillion,JIO-L 22a,MUMBAI
EXH1126,PRIORITY JEWELS LIMITED,INDIAN-DOMESTIC (default — unconfirmed against a company registry),India (assumed),Default classification: not listed under a GJEPC 'International *' section and city field (if present) is an Indian city; no foreign signal found. Not independently verified.,diamond_colorstone,Hall 4,4S 479A,MUMBAI
EXH1739,PRISM ENTERPRISES PVT. LTD.,INDIAN-DOMESTIC (default — unconfirmed against a company registry),India (assumed),Default classification: not listed under a GJEPC 'International *' section and city field (if present) is an Indian city; no foreign signal found. Not independently verified.,diamond_colorstone,Hall 4,4S 477A,MUMBAI
EXH654,PURPLE JEWELS PRIVATE LIMITED,INDIAN-DOMESTIC (default — unconfirmed against a company registry),India (assumed),Default classification: not listed under a GJEPC 'International *' section and city field (if present) is an Indian city; no foreign signal found. Not independently verified.,plain_gold,Hall 2,2K 295,BENGALURU
EXH810,PUSHPA JEWELLERS  LIMITED,INDIAN-DOMESTIC (default — unconfirmed against a company registry),India (assumed),Default classification: not listed under a GJEPC 'International *' section and city field (if present) is an Indian city; no foreign signal found. Not independently verified.,plain_gold,Hall 3,3L 377C,KOLKATA
EXH367,QUBE STAR LLP,INDIAN-DOMESTIC (default — unconfirmed against a company registry),India (assumed),Default classification: not listed under a GJEPC 'International *' section and city field (if present) is an Indian city; no foreign signal found. Not independently verified.,lgd_jewellery,Hall Pavillion,JIO-Y 46b,SURAT
EXH904,R B JEWELS AND GOLD LLP,INDIAN-DOMESTIC (default — unconfirmed against a company registry),India (assumed),Default classification: not listed under a GJEPC 'International *' section and city field (if present) is an Indian city; no foreign signal found. Not independently verified.,plain_gold,Hall 3,3L 340,MUMBAI
EXH1165,R B ORNAMENT,INDIAN-DOMESTIC (default — unconfirmed against a company registry),India (assumed),Default classification: not listed under a GJEPC 'International *' section and city field (if present) is an Indian city; no foreign signal found. Not independently verified.,plain_gold,Hall 3,3M 376E,AHMEDABAD
EXH620,R K BRACELETS PRIVATE LIMITED,INDIAN-DOMESTIC (default — unconfirmed against a company registry),India (assumed),Default classification: not listed under a GJEPC 'International *' section and city field (if present) is an Indian city; no foreign signal found. Not independently verified.,plain_gold,Hall 2,2K 277,MUMBAI
EXH318,R K R GOLD PRIVATE LIMITED,INDIAN-DOMESTIC (default — unconfirmed against a company registry),India (assumed),Default classification: not listed under a GJEPC 'International *' section and city field (if present) is an Indian city; no foreign signal found. Not independently verified.,plain_gold,Hall 6,6E 036A,COIMBATORE
EXH487,R KOTHARI JEWELLERS PRIVATE LIMITED,INDIAN-DOMESTIC (default — unconfirmed against a company registry),India (assumed),Default classification: not listed under a GJEPC 'International *' section and city field (if present) is an Indian city; no foreign signal found. Not independently verified.,plain_gold,Hall Pavillion,JIO-E 7j,MUMBAI
EXH1038,R R JEWELLERS,INDIAN-DOMESTIC (default — unconfirmed against a company registry),India (assumed),Default classification: not listed under a GJEPC 'International *' section and city field (if present) is an Indian city; no foreign signal found. Not independently verified.,plain_gold,Hall 3,3N 378A,RAJKOT
EXH1495,R V ORNAMENTS,INDIAN-DOMESTIC (default — unconfirmed against a company registry),India (assumed),Default classification: not listed under a GJEPC 'International *' section and city field (if present) is an Indian city; no foreign signal found. Not independently verified.,plain_gold,Hall 6,6D 035B,RAJKOT
EXH1492,R. C. JAIN,INDIAN-DOMESTIC (default — unconfirmed against a company registry),India (assumed),Default classification: not listed under a GJEPC 'International *' section and city field (if present) is an Indian city; no foreign signal found. Not independently verified.,plain_gold,Hall Pavillion,JIO-C 4p,MUMBAI
EXH1639,R.B. JEWELLERS,INDIAN-DOMESTIC (default — unconfirmed against a company registry),India (assumed),Default classification: not listed under a GJEPC 'International *' section and city field (if present) is an Indian city; no foreign signal found. Not independently verified.,plain_gold,Hall 4,4T 488A,MUMBAI
EXH1013,R.P. ORNAMENTS,INDIAN-DOMESTIC (default — unconfirmed against a company registry),India (assumed),Default classification: not listed under a GJEPC 'International *' section and city field (if present) is an Indian city; no foreign signal found. Not independently verified.,plain_gold,Hall 4,4S 488C,RAJKOT
EXH1499,R.V.J.ENTERPRISES PVT LTD,INDIAN-DOMESTIC (default — unconfirmed against a company registry),India (assumed),Default classification: not listed under a GJEPC 'International *' section and city field (if present) is an Indian city; no foreign signal found. Not independently verified.,diamond_colorstone,Hall 6,6M 088D,HYDERABAD
EXH1819,RADHEY SHYAM JEWELLERS PRIVATE LIMITED,INDIAN-DOMESTIC (default — unconfirmed against a company registry),India (assumed),Default classification: not listed under a GJEPC 'International *' section and city field (if present) is an Indian city; no foreign signal found. Not independently verified.,diamond_colorstone,Hall 4,4R 475C,DELHI
EXH1957,RADIANT JEWELS,INDIAN-DOMESTIC (default — unconfirmed against a company registry),India (assumed),Default classification: not listed under a GJEPC 'International *' section and city field (if present) is an Indian city; no foreign signal found. Not independently verified.,diamond_colorstone,Hall 6,6R 126B,MUMBAI
EXH1170,RAJ DIAMONDS,INDIAN-DOMESTIC (default — unconfirmed against a company registry),India (assumed),Default classification: not listed under a GJEPC 'International *' section and city field (if present) is an Indian city; no foreign signal found. Not independently verified.,diamond_colorstone,Hall 3,3N 396,MUMBAI
EXH1055,RAJ GOLD,INDIAN-DOMESTIC (default — unconfirmed against a company registry),India (assumed),Default classification: not listed under a GJEPC 'International *' section and city field (if present) is an Indian city; no foreign signal found. Not independently verified.,plain_gold,Hall Pavillion,JIO-B 1l,MUMBAI
EXH1746,RAJ JEWELLERS,INDIAN-DOMESTIC (default — unconfirmed against a company registry),India (assumed),Default classification: not listed under a GJEPC 'International *' section and city field (if present) is an Indian city; no foreign signal found. Not independently verified.,the_select_club,Hall JASMINE,Club-AF 26b,JAIPUR
EXH719,RAJ ORNAMENTS,INDIAN-DOMESTIC (default — unconfirmed against a company registry),India (assumed),Default classification: not listed under a GJEPC 'International *' section and city field (if present) is an Indian city; no foreign signal found. Not independently verified.,plain_gold,Hall Pavillion,JIO-K 19c,RAJKOT
EXH1887,RAJDHANI OVERSEAS,INDIAN-DOMESTIC (default — unconfirmed against a company registry),India (assumed),Default classification: not listed under a GJEPC 'International *' section and city field (if present) is an Indian city; no foreign signal found. Not independently verified.,silver_jewellery_artifacts,Hall Pavillion,JIO-T 33f,JAIPUR
EXH1386,RAJENDRA JEWELLERNX PVT LTD,INDIAN-DOMESTIC (default — unconfirmed against a company registry),India (assumed),Default classification: not listed under a GJEPC 'International *' section and city field (if present) is an Indian city; no foreign signal found. Not independently verified.,plain_gold,Hall 3,3L 364B,MUMBAI
EXH918,RAJENDRA JEWELLERS,INDIAN-DOMESTIC (default — unconfirmed against a company registry),India (assumed),Default classification: not listed under a GJEPC 'International *' section and city field (if present) is an Indian city; no foreign signal found. Not independently verified.,plain_gold,Hall 4,4T 502B,CHENNAI
EXH120,RAJESH INDIA MANUFACTURING PVT LTD,INDIAN-DOMESTIC (default — unconfirmed against a company registry),India (assumed),Default classification: not listed under a GJEPC 'International *' section and city field (if present) is an Indian city; no foreign signal found. Not independently verified.,machinery,Hall 5,5U 563,MUMBAI
EXH1831,RAJLAXMI JEWELLERS,INDIAN-DOMESTIC (default — unconfirmed against a company registry),India (assumed),Default classification: not listed under a GJEPC 'International *' section and city field (if present) is an Indian city; no foreign signal found. Not independently verified.,plain_gold,Hall Pavillion,JIO-G 14c,MUMBAI
EXH910,RAJSHREE GEMS AND JEWELS,INDIAN-DOMESTIC (default — unconfirmed against a company registry),India (assumed),Default classification: not listed under a GJEPC 'International *' section and city field (if present) is an Indian city; no foreign signal found. Not independently verified.,plain_gold,Hall Pavillion,JIO-C 5e,AHMEDABAD
EXH1632,RAKSHIKA JEWELS LLP,INDIAN-DOMESTIC (default — unconfirmed against a company registry),India (assumed),Default classification: not listed under a GJEPC 'International *' section and city field (if present) is an Indian city; no foreign signal found. Not independently verified.,plain_gold,Hall 2,2F 142,BENGALURU
EXH1463,RAMBALRAAM CHAINSS PRIVATE LIMITED,INDIAN-DOMESTIC (default — unconfirmed against a company registry),India (assumed),Default classification: not listed under a GJEPC 'International *' section and city field (if present) is an Indian city; no foreign signal found. Not independently verified.,silver_jewellery_artifacts,Hall Pavillion,JIO-Q 27n,AGRA
EXH1481,RAMESH CHAND JEWELLERS,INDIAN-DOMESTIC (default — unconfirmed against a company registry),India (assumed),Default classification: not listed under a GJEPC 'International *' section and city field (if present) is an Indian city; no foreign signal found. Not independently verified.,diamond_colorstone,Hall 2,2H 246E,HYDERABAD
EXH1192,RAMESHCHAND & SONS J EWELLERS,INDIAN-DOMESTIC (default — unconfirmed against a company registry),India (assumed),Default classification: not listed under a GJEPC 'International *' section and city field (if present) is an Indian city; no foreign signal found. Not independently verified.,diamond_colorstone,Hall 6,6M 088A,HYDERABAD
EXH1089,RAMNIKLAL & SONS,INDIAN-DOMESTIC (default — unconfirmed against a company registry),India (assumed),Default classification: not listed under a GJEPC 'International *' section and city field (if present) is an Indian city; no foreign signal found. Not independently verified.,plain_gold,Hall 4,4T 487A,AHMEDABAD
EXH576,RANSA ALLOYS PRIVATE LIMITED,INDIAN-DOMESTIC (default — unconfirmed against a company registry),India (assumed),Default classification: not listed under a GJEPC 'International *' section and city field (if present) is an Indian city; no foreign signal found. Not independently verified.,machinery,Hall 5,5U 570E,MUMBAI
EXH508,RASI JEWEL TECH,INDIAN-DOMESTIC (default — unconfirmed against a company registry),India (assumed),Default classification: not listed under a GJEPC 'International *' section and city field (if present) is an Indian city; no foreign signal found. Not independently verified.,plain_gold,Hall Pavillion,JIO-N 26b,COIMBATORE
EXH1703,RATAN JEWELLERS & SONS,INDIAN-DOMESTIC (default — unconfirmed against a company registry),India (assumed),Default classification: not listed under a GJEPC 'International *' section and city field (if present) is an Indian city; no foreign signal found. Not independently verified.,loose_stones_color_stones,Hall LOTUS,JIO-AR 59a,JAIPUR
EXH1438,RATANSHINE JEWELS PVT LTD,INDIAN-DOMESTIC (default — unconfirmed against a company registry),India (assumed),Default classification: not listed under a GJEPC 'International *' section and city field (if present) is an Indian city; no foreign signal found. Not independently verified.,plain_gold,Hall 2,2G 189,MUMBAI
EXH272,RATHOD JEWELLERY MFG. PVT. LTD.,INDIAN-DOMESTIC (default — unconfirmed against a company registry),India (assumed),Default classification: not listed under a GJEPC 'International *' section and city field (if present) is an Indian city; no foreign signal found. Not independently verified.,plain_gold,Hall 3,3M 383C,KOLHAPUR
EXH805,RATNA DESIGN PRIVATE LIMITED,INDIAN-DOMESTIC (default — unconfirmed against a company registry),India (assumed),Default classification: not listed under a GJEPC 'International *' section and city field (if present) is an Indian city; no foreign signal found. Not independently verified.,diamond_colorstone,Hall 4,4S 471B,SURAT
EXH779,RATNALIFE CREATION LLP,INDIAN-DOMESTIC (default — unconfirmed against a company registry),India (assumed),Default classification: not listed under a GJEPC 'International *' section and city field (if present) is an Indian city; no foreign signal found. Not independently verified.,plain_gold,Hall 4,4S 489E,RAJKOT
EXH2022,RE JEWELS PVT. LTD.,INDIAN-DOMESTIC (default — unconfirmed against a company registry),India (assumed),Default classification: not listed under a GJEPC 'International *' section and city field (if present) is an Indian city; no foreign signal found. Not independently verified.,diamond_colorstone,Hall 4,4R 459A,MUMBAI
EXH1545,REGENT GOLD,INDIAN-DOMESTIC (default — unconfirmed against a company registry),India (assumed),Default classification: not listed under a GJEPC 'International *' section and city field (if present) is an Indian city; no foreign signal found. Not independently verified.,plain_gold,Hall 6,6R 131B,MUMBAI
EXH1059,RIDDHI SIDDHI JEWELLERS,INDIAN-DOMESTIC (default — unconfirmed against a company registry),India (assumed),Default classification: not listed under a GJEPC 'International *' section and city field (if present) is an Indian city; no foreign signal found. Not independently verified.,plain_gold,Hall Pavillion,JIO-B 4f,MUMBAI
EXH1996,RISHAB JEWELS,INDIAN-DOMESTIC (default — unconfirmed against a company registry),India (assumed),Default classification: not listed under a GJEPC 'International *' section and city field (if present) is an Indian city; no foreign signal found. Not independently verified.,diamond_colorstone,Hall 6,6N 093D,MUMBAI
EXH423,RITESH GOLD LIMITED,INDIAN-DOMESTIC (default — unconfirmed against a company registry),India (assumed),Default classification: not listed under a GJEPC 'International *' section and city field (if present) is an Indian city; no foreign signal found. Not independently verified.,plain_gold,Hall 6,6B 022C,MUMBAI
EXH1414,RITIKA CHAINS AND JEWELS PRIVATE LIMITED,INDIAN-DOMESTIC (default — unconfirmed against a company registry),India (assumed),Default classification: not listed under a GJEPC 'International *' section and city field (if present) is an Indian city; no foreign signal found. Not independently verified.,plain_gold,Hall 3,3L 335,MUMBAI
EXH1397,RIVERSTONE JEWELS LLP,INDIAN-DOMESTIC (default — unconfirmed against a company registry),India (assumed),Default classification: not listed under a GJEPC 'International *' section and city field (if present) is an Indian city; no foreign signal found. Not independently verified.,diamond_colorstone,Hall 2,2J 253A,MUMBAI
EXH839,RJS JEWELLERS,INDIAN-DOMESTIC (default — unconfirmed against a company registry),India (assumed),Default classification: not listed under a GJEPC 'International *' section and city field (if present) is an Indian city; no foreign signal found. Not independently verified.,diamond_colorstone,Hall 6,6M 086G,JAIPUR
EXH1108,ROMIL JEWELRY PRIVATE LIMITED,INDIAN-DOMESTIC (default — unconfirmed against a company registry),India (assumed),Default classification: not listed under a GJEPC 'International *' section and city field (if present) is an Indian city; no foreign signal found. Not independently verified.,diamond_colorstone,Hall 4,4R 453A,MUMBAI
EXH1562,ROSE GOLD JEWELS LLP,INDIAN-DOMESTIC (default — unconfirmed against a company registry),India (assumed),Default classification: not listed under a GJEPC 'International *' section and city field (if present) is an Indian city; no foreign signal found. Not independently verified.,plain_gold,Hall 2,2F 126,MUMBAI
EXH1845,ROSE JEWELS INDIA PVT. LTD.,INDIAN-DOMESTIC (default — unconfirmed against a company registry),India (assumed),Default classification: not listed under a GJEPC 'International *' section and city field (if present) is an Indian city; no foreign signal found. Not independently verified.,plain_gold,Hall 2,2F 133,MUMBAI
EXH118,ROSHAN MACHINE TOOLS,INDIAN-DOMESTIC (default — unconfirmed against a company registry),India (assumed),Default classification: not listed under a GJEPC 'International *' section and city field (if present) is an Indian city; no foreign signal found. Not independently verified.,machinery,Hall 5,5U 569E,AGRA
EXH1242,ROYAL 925 STERLING SILVER JEWELLERY,INDIAN-DOMESTIC (default — unconfirmed against a company registry),India (assumed),Default classification: not listed under a GJEPC 'International *' section and city field (if present) is an Indian city; no foreign signal found. Not independently verified.,silver_jewellery_artifacts,Hall Pavillion,JIO-R 32a,MUMBAI
EXH1154,ROYAL CHAIN LIMITED,INDIAN-DOMESTIC (default — unconfirmed against a company registry),India (assumed),Default classification: not listed under a GJEPC 'International *' section and city field (if present) is an Indian city; no foreign signal found. Not independently verified.,plain_gold,Hall 3,3N 381,MUMBAI
EXH1374,ROYAL GOLD,INDIAN-DOMESTIC (default — unconfirmed against a company registry),India (assumed),Default classification: not listed under a GJEPC 'International *' section and city field (if present) is an Indian city; no foreign signal found. Not independently verified.,diamond_colorstone,Hall 6,6P 099F,HYDERABAD
EXH1096,RTSHAH JEWELLERS PRIVATE LIMITED,INDIAN-DOMESTIC (default — unconfirmed against a company registry),India (assumed),Default classification: not listed under a GJEPC 'International *' section and city field (if present) is an Indian city; no foreign signal found. Not independently verified.,plain_gold,Hall Pavillion,JIO-N 23k,PUNE
EXH547,RUCHI EXPORTS,INDIAN-DOMESTIC (default — unconfirmed against a company registry),India (assumed),Default classification: not listed under a GJEPC 'International *' section and city field (if present) is an Indian city; no foreign signal found. Not independently verified.,loose_stones_diamonds,Hall Pavillion,JIO-F 9k,SURAT
EXH301,RUMI JEWELS,INDIAN-DOMESTIC (default — unconfirmed against a company registry),India (assumed),Default classification: not listed under a GJEPC 'International *' section and city field (if present) is an Indian city; no foreign signal found. Not independently verified.,diamond_colorstone,Hall 2,2H 230,MUMBAI
EXH946,RUSHABH DIAMONDS,INDIAN-DOMESTIC (default — unconfirmed against a company registry),India (assumed),Default classification: not listed under a GJEPC 'International *' section and city field (if present) is an Indian city; no foreign signal found. Not independently verified.,diamond_colorstone,Hall 4,4S 474A,MUMBAI
EXH218,RUSHABHVINITLABDHIJEWELS PVT LTD,INDIAN-DOMESTIC (default — unconfirmed against a company registry),India (assumed),Default classification: not listed under a GJEPC 'International *' section and city field (if present) is an Indian city; no foreign signal found. Not independently verified.,plain_gold,Hall 2,2F 132,SURAT
EXH1346,RVJ JEWELLERS PRIVATE LIMITED,INDIAN-DOMESTIC (default — unconfirmed against a company registry),India (assumed),Default classification: not listed under a GJEPC 'International *' section and city field (if present) is an Indian city; no foreign signal found. Not independently verified.,the_select_club,Hall JASMINE,Club-AF 26c,JAIPUR
EXH1713,S K JEWELS,INDIAN-DOMESTIC (default — unconfirmed against a company registry),India (assumed),Default classification: not listed under a GJEPC 'International *' section and city field (if present) is an Indian city; no foreign signal found. Not independently verified.,plain_gold,Hall 2,2K 294,BENGALURU
EXH687,S M GOLD,INDIAN-DOMESTIC (default — unconfirmed against a company registry),India (assumed),Default classification: not listed under a GJEPC 'International *' section and city field (if present) is an Indian city; no foreign signal found. Not independently verified.,plain_gold,Hall Pavillion,JIO-G 11q,SURAT
EXH1037,S R JEWELS,INDIAN-DOMESTIC (default — unconfirmed against a company registry),India (assumed),Default classification: not listed under a GJEPC 'International *' section and city field (if present) is an Indian city; no foreign signal found. Not independently verified.,plain_gold,Hall Pavillion,JIO-C 6e,MUMBAI
EXH1515,S. M. GOLD LIMITED,INDIAN-DOMESTIC (default — unconfirmed against a company registry),India (assumed),Default classification: not listed under a GJEPC 'International *' section and city field (if present) is an Indian city; no foreign signal found. Not independently verified.,plain_gold,Hall 2,2K 262C,AHMEDABAD
EXH1049,S. P. ULTRASONIC,INDIAN-DOMESTIC (default — unconfirmed against a company registry),India (assumed),Default classification: not listed under a GJEPC 'International *' section and city field (if present) is an Indian city; no foreign signal found. Not independently verified.,machinery,Hall 5,5V 576D,MUMBAI
EXH668,S. VINODKUMAR DIAMONDS PVT.LTD,INDIAN-DOMESTIC (default — unconfirmed against a company registry),India (assumed),Default classification: not listed under a GJEPC 'International *' section and city field (if present) is an Indian city; no foreign signal found. Not independently verified.,diamond_colorstone,Hall 6,6K 070A,MUMBAI
EXH1106,S.R ORNAMENTS,INDIAN-DOMESTIC (default — unconfirmed against a company registry),India (assumed),Default classification: not listed under a GJEPC 'International *' section and city field (if present) is an Indian city; no foreign signal found. Not independently verified.,plain_gold,Hall 2,2F 129,MUMBAI
EXH1369,S.R. GOLD JEWELHUB PRIVATE LIMITED,INDIAN-DOMESTIC (default — unconfirmed against a company registry),India (assumed),Default classification: not listed under a GJEPC 'International *' section and city field (if present) is an Indian city; no foreign signal found. Not independently verified.,plain_gold,Hall Pavillion,JIO-L 19m,MUMBAI
EXH86,S.R. MEHTA & SONS,INDIAN-DOMESTIC (default — unconfirmed against a company registry),India (assumed),Default classification: not listed under a GJEPC 'International *' section and city field (if present) is an Indian city; no foreign signal found. Not independently verified.,machinery,Hall 5,5V 577A,MUMBAI
EXH1901,S.S. BROTHERS,INDIAN-DOMESTIC (default — unconfirmed against a company registry),India (assumed),Default classification: not listed under a GJEPC 'International *' section and city field (if present) is an Indian city; no foreign signal found. Not independently verified.,loose_stones_color_stones,Hall JASMINE,JIO-AK 45h,JAIPUR
EXH814,S.S. JEWELLERY,INDIAN-DOMESTIC (default — unconfirmed against a company registry),India (assumed),Default classification: not listed under a GJEPC 'International *' section and city field (if present) is an Indian city; no foreign signal found. Not independently verified.,plain_gold,Hall 4,4S 493D,MUMBAI
EXH1660,S.S.CHAINS JEWELLERY  PRIVATE LIMITED,INDIAN-DOMESTIC (default — unconfirmed against a company registry),India (assumed),Default classification: not listed under a GJEPC 'International *' section and city field (if present) is an Indian city; no foreign signal found. Not independently verified.,plain_gold,Hall 3,3L 347,MUMBAI
EXH1131,SAAJ CREATION PRIVATE LIMITED,INDIAN-DOMESTIC (default — unconfirmed against a company registry),India (assumed),Default classification: not listed under a GJEPC 'International *' section and city field (if present) is an Indian city; no foreign signal found. Not independently verified.,plain_gold,Hall Pavillion,JIO-B 4b,KOLKATA
EXH382,SAANCHI GOLD PVT. LTD.,INDIAN-DOMESTIC (default — unconfirmed against a company registry),India (assumed),Default classification: not listed under a GJEPC 'International *' section and city field (if present) is an Indian city; no foreign signal found. Not independently verified.,plain_gold,Hall 3,3N 383A,MUMBAI
EXH136,SACHI,INDIAN-DOMESTIC (default — unconfirmed against a company registry),India (assumed),Default classification: not listed under a GJEPC 'International *' section and city field (if present) is an Indian city; no foreign signal found. Not independently verified.,machinery,Hall 5,5U 556,JAIPUR
EXH1007,SADHANA GOLD,INDIAN-DOMESTIC (default — unconfirmed against a company registry),India (assumed),Default classification: not listed under a GJEPC 'International *' section and city field (if present) is an Indian city; no foreign signal found. Not independently verified.,plain_gold,Hall 4,4T 507B,MUMBAI
EXH1861,SAHAJANAND JEWELS,INDIAN-DOMESTIC (default — unconfirmed against a company registry),India (assumed),Default classification: not listed under a GJEPC 'International *' section and city field (if present) is an Indian city; no foreign signal found. Not independently verified.,silver_jewellery_artifacts,Hall Pavillion,JIO-W 42b,SURAT
EXH900,SAHELI JEWELLERY,INDIAN-DOMESTIC (default — unconfirmed against a company registry),India (assumed),Default classification: not listed under a GJEPC 'International *' section and city field (if present) is an Indian city; no foreign signal found. Not independently verified.,plain_gold,Hall 6,6A 008,MUMBAI
EXH1925,SAKARIYA JEWELLERS,INDIAN-DOMESTIC (default — unconfirmed against a company registry),India (assumed),Default classification: not listed under a GJEPC 'International *' section and city field (if present) is an Indian city; no foreign signal found. Not independently verified.,plain_gold,Hall 4,4T 487D,MUMBAI
EXH1420,SAMARTH JEWELLERY CREATIONS PVT LTD,INDIAN-DOMESTIC (default — unconfirmed against a company registry),India (assumed),Default classification: not listed under a GJEPC 'International *' section and city field (if present) is an Indian city; no foreign signal found. Not independently verified.,diamond_colorstone,Hall 6,6K 080,AHMEDABAD
EXH1354,SAMBAV DIAMOND LLP,INDIAN-DOMESTIC (default — unconfirmed against a company registry),India (assumed),Default classification: not listed under a GJEPC 'International *' section and city field (if present) is an Indian city; no foreign signal found. Not independently verified.,diamond_colorstone,Hall 2,2J 248D,BENGALURU
EXH1459,SAMRUDDHI JEWELCRAFT PRIVATE LIMITED,INDIAN-DOMESTIC (default — unconfirmed against a company registry),India (assumed),Default classification: not listed under a GJEPC 'International *' section and city field (if present) is an Indian city; no foreign signal found. Not independently verified.,plain_gold,Hall 4,4T 492A,MUMBAI
EXH337,SAMSAA,INDIAN-DOMESTIC (default — unconfirmed against a company registry),India (assumed),Default classification: not listed under a GJEPC 'International *' section and city field (if present) is an Indian city; no foreign signal found. Not independently verified.,diamond_colorstone,Hall 2,2H 204,MUMBAI
EXH27,SAMTA JEWELS INDIA PRIVATE LIMITED,INDIAN-DOMESTIC (default — unconfirmed against a company registry),India (assumed),Default classification: not listed under a GJEPC 'International *' section and city field (if present) is an Indian city; no foreign signal found. Not independently verified.,plain_gold,Hall 2,2F 143,MUMBAI
EXH675,SANGAM CHAINS AND GOLD LLP,INDIAN-DOMESTIC (default — unconfirmed against a company registry),India (assumed),Default classification: not listed under a GJEPC 'International *' section and city field (if present) is an Indian city; no foreign signal found. Not independently verified.,plain_gold,Hall 6,6E 040B,MUMBAI
EXH628,SANGAM FINE JEWELLERY,INDIAN-DOMESTIC (default — unconfirmed against a company registry),India (assumed),Default classification: not listed under a GJEPC 'International *' section and city field (if present) is an Indian city; no foreign signal found. Not independently verified.,plain_gold,Hall 4,4T 508A,MUMBAI
EXH505,SANGAM HOUSE OF JEWELS LLP,INDIAN-DOMESTIC (default — unconfirmed against a company registry),India (assumed),Default classification: not listed under a GJEPC 'International *' section and city field (if present) is an Indian city; no foreign signal found. Not independently verified.,plain_gold,Hall 4,4T 508C,MUMBAI
EXH602,SANGEETA BOOCHRA JAIPUR,INDIAN-DOMESTIC (default — unconfirmed against a company registry),India (assumed),Default classification: not listed under a GJEPC 'International *' section and city field (if present) is an Indian city; no foreign signal found. Not independently verified.,silver_jewellery_artifacts,Hall Pavillion,JIO-R 29e,JAIPUR
EXH770,SANJAY KUMAR BAVISHI AND SON,INDIAN-DOMESTIC (default — unconfirmed against a company registry),India (assumed),Default classification: not listed under a GJEPC 'International *' section and city field (if present) is an Indian city; no foreign signal found. Not independently verified.,diamond_colorstone,Hall 2,2H 232,KOLKATA
EXH459,SANKALP CREATIONS PRIVATE LIMITED,INDIAN-DOMESTIC (default — unconfirmed against a company registry),India (assumed),Default classification: not listed under a GJEPC 'International *' section and city field (if present) is an Indian city; no foreign signal found. Not independently verified.,plain_gold,Hall 3,3M 373B,BENGALURU
EXH851,SAP JEWELS LLP,INDIAN-DOMESTIC (default — unconfirmed against a company registry),India (assumed),Default classification: not listed under a GJEPC 'International *' section and city field (if present) is an Indian city; no foreign signal found. Not independently verified.,plain_gold,Hall Pavillion,JIO-A 1f,HYDERABAD
EXH251,SARAFF SOLITAIRES,INDIAN-DOMESTIC (default — unconfirmed against a company registry),India (assumed),Default classification: not listed under a GJEPC 'International *' section and city field (if present) is an Indian city; no foreign signal found. Not independently verified.,lgd_jewellery,Hall Pavillion,JIO-Z 46h,MUMBAI
EXH277,SARTO ELECTRO EQUIPMENT PVT.LT D.,INDIAN-DOMESTIC (default — unconfirmed against a company registry),India (assumed),Default classification: not listed under a GJEPC 'International *' section and city field (if present) is an Indian city; no foreign signal found. Not independently verified.,machinery,Hall 5,5U 565,MUMBAI
EXH245,SCULPTORIS INNOVATION PVT LTD,INDIAN-DOMESTIC (default — unconfirmed against a company registry),India (assumed),Default classification: not listed under a GJEPC 'International *' section and city field (if present) is an Indian city; no foreign signal found. Not independently verified.,machinery,Hall 5,5U 571E,SURAT
EXH685,SERAKI GOLD LLP,INDIAN-DOMESTIC (default — unconfirmed against a company registry),India (assumed),Default classification: not listed under a GJEPC 'International *' section and city field (if present) is an Indian city; no foreign signal found. Not independently verified.,plain_gold,Hall 2,2G 181,MUMBAI
EXH1194,SESMAL JEWELLERS,INDIAN-DOMESTIC (default — unconfirmed against a company registry),India (assumed),Default classification: not listed under a GJEPC 'International *' section and city field (if present) is an Indian city; no foreign signal found. Not independently verified.,plain_gold,Hall Pavillion,JIO-E 10b,MUMBAI
EXH1355,SETS JEWELLERY PVT. LTD.,INDIAN-DOMESTIC (default — unconfirmed against a company registry),India (assumed),Default classification: not listed under a GJEPC 'International *' section and city field (if present) is an Indian city; no foreign signal found. Not independently verified.,plain_gold,Hall 2,2F 140,MUMBAI
EXH432,SHAKTI GOLD,INDIAN-DOMESTIC (default — unconfirmed against a company registry),India (assumed),Default classification: not listed under a GJEPC 'International *' section and city field (if present) is an Indian city; no foreign signal found. Not independently verified.,plain_gold,Hall 3,3L 375A,MUMBAI
EXH1045,SHANKESH JEWELLERS LIMITED,INDIAN-DOMESTIC (default — unconfirmed against a company registry),India (assumed),Default classification: not listed under a GJEPC 'International *' section and city field (if present) is an Indian city; no foreign signal found. Not independently verified.,plain_gold,Hall 6,6D 031,MUMBAI
EXH1558,SHANTI GOLD INTERNATIONAL LIMITED,INDIAN-DOMESTIC (default — unconfirmed against a company registry),India (assumed),Default classification: not listed under a GJEPC 'International *' section and city field (if present) is an Indian city; no foreign signal found. Not independently verified.,plain_gold,Hall 4,4T 486A,MUMBAI
EXH191,SHANTI JEWELLERS PRIVATE LIMITED,INDIAN-DOMESTIC (default — unconfirmed against a company registry),India (assumed),Default classification: not listed under a GJEPC 'International *' section and city field (if present) is an Indian city; no foreign signal found. Not independently verified.,plain_gold,Hall 3,3L 374B,MUMBAI
EXH99,SHAPET INDUCTION PVT LTD,INDIAN-DOMESTIC (default — unconfirmed against a company registry),India (assumed),Default classification: not listed under a GJEPC 'International *' section and city field (if present) is an Indian city; no foreign signal found. Not independently verified.,machinery,Hall 5,5U 575B,RAJKOT
EXH1034,SHASHVAT JEWELS PRIVATE    LIMITED,INDIAN-DOMESTIC (default — unconfirmed against a company registry),India (assumed),Default classification: not listed under a GJEPC 'International *' section and city field (if present) is an Indian city; no foreign signal found. Not independently verified.,lgd_jewellery,Hall Pavillion,JIO-W 42a,SURAT
EXH656,SHASHWAT ATELIERR LLP,INDIAN-DOMESTIC (default — unconfirmed against a company registry),India (assumed),Default classification: not listed under a GJEPC 'International *' section and city field (if present) is an Indian city; no foreign signal found. Not independently verified.,diamond_colorstone,Hall 2,2H 258B,MUMBAI SUBURBAN
EXH429,SHASHWAT ORNAMENTS PRIVATE LIMITED,INDIAN-DOMESTIC (default — unconfirmed against a company registry),India (assumed),Default classification: not listed under a GJEPC 'International *' section and city field (if present) is an Indian city; no foreign signal found. Not independently verified.,diamond_colorstone,Hall 2,2J 250A,MUMBAI
EXH671,SHEAURA JEWELS,INDIAN-DOMESTIC (default — unconfirmed against a company registry),India (assumed),Default classification: not listed under a GJEPC 'International *' section and city field (if present) is an Indian city; no foreign signal found. Not independently verified.,diamond_colorstone,Hall 4,4S 471G,MUMBAI
EXH631,SHEETAL GOLD,INDIAN-DOMESTIC (default — unconfirmed against a company registry),India (assumed),Default classification: not listed under a GJEPC 'International *' section and city field (if present) is an Indian city; no foreign signal found. Not independently verified.,plain_gold,Hall Pavillion,JIO-G 14b,MUMBAI
EXH193,SHILPA DIAMONDS PVT. LTD.,INDIAN-DOMESTIC (default — unconfirmed against a company registry),India (assumed),Default classification: not listed under a GJEPC 'International *' section and city field (if present) is an Indian city; no foreign signal found. Not independently verified.,diamond_colorstone,Hall 6,6M 086A,MUMBAI
EXH625,SHILPI JEWELS,INDIAN-DOMESTIC (default — unconfirmed against a company registry),India (assumed),Default classification: not listed under a GJEPC 'International *' section and city field (if present) is an Indian city; no foreign signal found. Not independently verified.,plain_gold,Hall 3,3M 371A,MUMBAI
EXH777,SHINE GOLD,INDIAN-DOMESTIC (default — unconfirmed against a company registry),India (assumed),Default classification: not listed under a GJEPC 'International *' section and city field (if present) is an Indian city; no foreign signal found. Not independently verified.,plain_gold,Hall 4,4S 492D,MUMBAI
EXH679,SHINE JEWELS,INDIAN-DOMESTIC (default — unconfirmed against a company registry),India (assumed),Default classification: not listed under a GJEPC 'International *' section and city field (if present) is an Indian city; no foreign signal found. Not independently verified.,plain_gold,Hall 2,2G 148,MUMBAI
EXH713,SHINESHILPI JEWELLERS PVT.LTD,INDIAN-DOMESTIC (default — unconfirmed against a company registry),India (assumed),Default classification: not listed under a GJEPC 'International *' section and city field (if present) is an Indian city; no foreign signal found. Not independently verified.,plain_gold,Hall 3,3M 369A,MUMBAI
EXH661,SHINESTONE DIAM LLP,INDIAN-DOMESTIC (default — unconfirmed against a company registry),India (assumed),Default classification: not listed under a GJEPC 'International *' section and city field (if present) is an Indian city; no foreign signal found. Not independently verified.,loose_stones_diamonds,Hall Pavillion,JIO-J 16i,MUMBAI
EXH703,SHRADDHA CHAINS PRIVATE LIMITED,INDIAN-DOMESTIC (default — unconfirmed against a company registry),India (assumed),Default classification: not listed under a GJEPC 'International *' section and city field (if present) is an Indian city; no foreign signal found. Not independently verified.,plain_gold,Hall Pavillion,JIO-E 7p,SURAT
EXH1710,SHRADDHA JEWELLERS,INDIAN-DOMESTIC (default — unconfirmed against a company registry),India (assumed),Default classification: not listed under a GJEPC 'International *' section and city field (if present) is an Indian city; no foreign signal found. Not independently verified.,plain_gold,Hall 6,6G 049A,MUMBAI
EXH1807,SHREE ARIHANT CREATION,INDIAN-DOMESTIC (default — unconfirmed against a company registry),India (assumed),Default classification: not listed under a GJEPC 'International *' section and city field (if present) is an Indian city; no foreign signal found. Not independently verified.,plain_gold,Hall Pavillion,JIO-K 18l,MUMBAI
EXH591,SHREE BALAJI CHAIN & JEWELS,INDIAN-DOMESTIC (default — unconfirmed against a company registry),India (assumed),Default classification: not listed under a GJEPC 'International *' section and city field (if present) is an Indian city; no foreign signal found. Not independently verified.,plain_gold,Hall 3,3L 365C,MUMBAI
EXH878,SHREE BHOMIYA GEMS,INDIAN-DOMESTIC (default — unconfirmed against a company registry),India (assumed),Default classification: not listed under a GJEPC 'International *' section and city field (if present) is an Indian city; no foreign signal found. Not independently verified.,diamond_colorstone,Hall 2,2J 255A,MUMBAI
EXH970,SHREE FINE JEWELS PVT. LTD.,INDIAN-DOMESTIC (default — unconfirmed against a company registry),India (assumed),Default classification: not listed under a GJEPC 'International *' section and city field (if present) is an Indian city; no foreign signal found. Not independently verified.,plain_gold,Hall 2,2K 274A,MUMBAI
EXH1140,SHREE GURU GOLD PRIVATE LIMITED,INDIAN-DOMESTIC (default — unconfirmed against a company registry),India (assumed),Default classification: not listed under a GJEPC 'International *' section and city field (if present) is an Indian city; no foreign signal found. Not independently verified.,plain_gold,Hall Pavillion,JIO-D 6n,PUNE
EXH534,SHREE I JEWELLERS,INDIAN-DOMESTIC (default — unconfirmed against a company registry),India (assumed),Default classification: not listed under a GJEPC 'International *' section and city field (if present) is an Indian city; no foreign signal found. Not independently verified.,plain_gold,Hall 2,2K 302,CHENNAI
EXH1240,SHREE JI GOLD CREATOR LLP,INDIAN-DOMESTIC (default — unconfirmed against a company registry),India (assumed),Default classification: not listed under a GJEPC 'International *' section and city field (if present) is an Indian city; no foreign signal found. Not independently verified.,plain_gold,Hall 3,3L 354,COIMBATORE
EXH762,SHREE JI JEWELLERY MANUFACTURERS PVT LTD,INDIAN-DOMESTIC (default — unconfirmed against a company registry),India (assumed),Default classification: not listed under a GJEPC 'International *' section and city field (if present) is an Indian city; no foreign signal found. Not independently verified.,plain_gold,Hall 6,6A 018B,HYDERABAD
EXH1401,SHREE JOYERIA,INDIAN-DOMESTIC (default — unconfirmed against a company registry),India (assumed),Default classification: not listed under a GJEPC 'International *' section and city field (if present) is an Indian city; no foreign signal found. Not independently verified.,the_select_club,Hall JASMINE,Club-AA 6a,AHMEDABAD
EXH226,SHREE KALPTARU JEWELS  (I) P.LT,INDIAN-DOMESTIC (default — unconfirmed against a company registry),India (assumed),Default classification: not listed under a GJEPC 'International *' section and city field (if present) is an Indian city; no foreign signal found. Not independently verified.,plain_gold,Hall 4,4T 507A,MUMBAI
EXH1988,SHREE NAKODA JEWELS,INDIAN-DOMESTIC (default — unconfirmed against a company registry),India (assumed),Default classification: not listed under a GJEPC 'International *' section and city field (if present) is an Indian city; no foreign signal found. Not independently verified.,plain_gold,Hall 2,2G 170,MUMBAI
EXH1169,SHREE NATH JEWELS,INDIAN-DOMESTIC (default — unconfirmed against a company registry),India (assumed),Default classification: not listed under a GJEPC 'International *' section and city field (if present) is an Indian city; no foreign signal found. Not independently verified.,plain_gold,Hall Pavillion,JIO-G 14a,JAIPUR
EXH632,SHREE OMKAR JEWELLER S (P) LTD,INDIAN-DOMESTIC (default — unconfirmed against a company registry),India (assumed),Default classification: not listed under a GJEPC 'International *' section and city field (if present) is an Indian city; no foreign signal found. Not independently verified.,diamond_colorstone,Hall 3,3P 404D,HYDERABAD
EXH153,SHREE PARAM GEMS AND JEWELLERY LLP,INDIAN-DOMESTIC (default — unconfirmed against a company registry),India (assumed),Default classification: not listed under a GJEPC 'International *' section and city field (if present) is an Indian city; no foreign signal found. Not independently verified.,plain_gold,Hall Pavillion,JIO-E 10f,AHMEDABAD
EXH235,SHREE RAGHAV EXPORTS,INDIAN-DOMESTIC (default — unconfirmed against a company registry),India (assumed),Default classification: not listed under a GJEPC 'International *' section and city field (if present) is an Indian city; no foreign signal found. Not independently verified.,loose_stones_color_stones,Hall JASMINE,JIO-AG 39c,JAIPUR
EXH611,SHREE TULJA BHAVANI JEWELLERS PVT LTD,INDIAN-DOMESTIC (default — unconfirmed against a company registry),India (assumed),Default classification: not listed under a GJEPC 'International *' section and city field (if present) is an Indian city; no foreign signal found. Not independently verified.,diamond_colorstone,Hall 6,6L 078F,HYDERABAD
EXH88,SHREE VAGHESHWARI ROLLING WORKS AND MANUFACTURING,INDIAN-DOMESTIC (default — unconfirmed against a company registry),India (assumed),Default classification: not listed under a GJEPC 'International *' section and city field (if present) is an Indian city; no foreign signal found. Not independently verified.,machinery,Hall 5,5V 572G,SURAT
EXH1135,SHREEJEE JEWELLERS PVT.LTD.,INDIAN-DOMESTIC (default — unconfirmed against a company registry),India (assumed),Default classification: not listed under a GJEPC 'International *' section and city field (if present) is an Indian city; no foreign signal found. Not independently verified.,the_select_club,Hall JASMINE,Club-AF 34d,KOLKATA
EXH1081,SHRI AKSHAR GOLD ORNAMENTS LTD,INDIAN-DOMESTIC (default — unconfirmed against a company registry),India (assumed),Default classification: not listed under a GJEPC 'International *' section and city field (if present) is an Indian city; no foreign signal found. Not independently verified.,plain_gold,Hall 3,3L 374D,JUNAGADH
EXH1691,SHRI KRISHNA JEWELS,INDIAN-DOMESTIC (default — unconfirmed against a company registry),India (assumed),Default classification: not listed under a GJEPC 'International *' section and city field (if present) is an Indian city; no foreign signal found. Not independently verified.,silver_jewellery_artifacts,Hall Pavillion,JIO-T 35b,RAJKOT
EXH1680,SHRI RISHABH JEWELLERS,INDIAN-DOMESTIC (default — unconfirmed against a company registry),India (assumed),Default classification: not listed under a GJEPC 'International *' section and city field (if present) is an Indian city; no foreign signal found. Not independently verified.,plain_gold,Hall 2,2K 305,MUMBAI
EXH155,SHRI VARAH JEWELS,INDIAN-DOMESTIC (default — unconfirmed against a company registry),India (assumed),Default classification: not listed under a GJEPC 'International *' section and city field (if present) is an Indian city; no foreign signal found. Not independently verified.,plain_gold,Hall 3,3L 364E,MUMBAI
EXH516,SHRIMAL GEMS,INDIAN-DOMESTIC (default — unconfirmed against a company registry),India (assumed),Default classification: not listed under a GJEPC 'International *' section and city field (if present) is an Indian city; no foreign signal found. Not independently verified.,diamond_colorstone,Hall 6,6Q 117,JAIPUR
EXH1199,SHRINGAR HOUSE OF MANGALSUTRA LIMITED,INDIAN-DOMESTIC (default — unconfirmed against a company registry),India (assumed),Default classification: not listed under a GJEPC 'International *' section and city field (if present) is an Indian city; no foreign signal found. Not independently verified.,plain_gold,Hall 6,6H 060,MUMBAI
EXH1899,SHUBH ART JEWELLERS,INDIAN-DOMESTIC (default — unconfirmed against a company registry),India (assumed),Default classification: not listed under a GJEPC 'International *' section and city field (if present) is an Indian city; no foreign signal found. Not independently verified.,plain_gold,Hall 4,4T 502A,AHMEDABAD
EXH1932,SHUBH DIAMONDS,INDIAN-DOMESTIC (default — unconfirmed against a company registry),India (assumed),Default classification: not listed under a GJEPC 'International *' section and city field (if present) is an Indian city; no foreign signal found. Not independently verified.,diamond_colorstone,Hall 4,4R 461A,MUMBAI
EXH1921,SHUBH JEWELLERY (AURA) PRIVATE LIMITED,INDIAN-DOMESTIC (default — unconfirmed against a company registry),India (assumed),Default classification: not listed under a GJEPC 'International *' section and city field (if present) is an Indian city; no foreign signal found. Not independently verified.,plain_gold,Hall 4,4T 485D,MUMBAI
EXH1036,SHUBH ORNAMENTS LIMITED,INDIAN-DOMESTIC (default — unconfirmed against a company registry),India (assumed),Default classification: not listed under a GJEPC 'International *' section and city field (if present) is an Indian city; no foreign signal found. Not independently verified.,plain_gold,Hall 6,6F 050,MUMBAI
EXH343,SIDDHI JEWELS,INDIAN-DOMESTIC (default — unconfirmed against a company registry),India (assumed),Default classification: not listed under a GJEPC 'International *' section and city field (if present) is an Indian city; no foreign signal found. Not independently verified.,diamond_colorstone,Hall 2,2H 253B,MUMBAI
EXH1890,SILETTA GOLD,INDIAN-DOMESTIC (default — unconfirmed against a company registry),India (assumed),Default classification: not listed under a GJEPC 'International *' section and city field (if present) is an Indian city; no foreign signal found. Not independently verified.,plain_gold,Hall Pavillion,JIO-P 27e,MUMBAI
EXH409,SILVER SOURCE,INDIAN-DOMESTIC (default — unconfirmed against a company registry),India (assumed),Default classification: not listed under a GJEPC 'International *' section and city field (if present) is an Indian city; no foreign signal found. Not independently verified.,silver_jewellery_artifacts,Hall Pavillion,JIO-S 34g,JAIPUR
EXH1048,SINDHAV INDUSTRIES,INDIAN-DOMESTIC (default — unconfirmed against a company registry),India (assumed),Default classification: not listed under a GJEPC 'International *' section and city field (if present) is an Indian city; no foreign signal found. Not independently verified.,machinery,Hall 5,5U 533,RAJKOT
EXH374,SIONIQ TECH PRIVATE LIMITED,INDIAN-DOMESTIC (default — unconfirmed against a company registry),India (assumed),Default classification: not listed under a GJEPC 'International *' section and city field (if present) is an Indian city; no foreign signal found. Not independently verified.,machinery,Hall Aurum,AU 032,HYDERABAD
EXH1513,SIROYA CHAMPALAL UTTAMCHAND,INDIAN-DOMESTIC (default — unconfirmed against a company registry),India (assumed),Default classification: not listed under a GJEPC 'International *' section and city field (if present) is an Indian city; no foreign signal found. Not independently verified.,plain_gold,Hall 6,6F 049C,MUMBAI
EXH1041,SITARA JEWELS,INDIAN-DOMESTIC (default — unconfirmed against a company registry),India (assumed),Default classification: not listed under a GJEPC 'International *' section and city field (if present) is an Indian city; no foreign signal found. Not independently verified.,plain_gold,Hall Pavillion,JIO-E 7n,MUMBAI
EXH1995,SIYA ORO JEWELS,INDIAN-DOMESTIC (default — unconfirmed against a company registry),India (assumed),Default classification: not listed under a GJEPC 'International *' section and city field (if present) is an Indian city; no foreign signal found. Not independently verified.,diamond_colorstone,Hall 6,6Q 108D,MUMBAI
EXH1823,SIYONA NX,INDIAN-DOMESTIC (default — unconfirmed against a company registry),India (assumed),Default classification: not listed under a GJEPC 'International *' section and city field (if present) is an Indian city; no foreign signal found. Not independently verified.,silver_jewellery_artifacts,Hall Pavillion,JIO-U 35j,MUMBAI
EXH1803,SK JEWELLERS PRIVATE LIMITED,INDIAN-DOMESTIC (default — unconfirmed against a company registry),India (assumed),Default classification: not listed under a GJEPC 'International *' section and city field (if present) is an Indian city; no foreign signal found. Not independently verified.,plain_gold,Hall 6,6F 041A,MUMBAI
EXH998,SKY CHAINS & JEWELLERY PVT. LTD.,INDIAN-DOMESTIC (default — unconfirmed against a company registry),India (assumed),Default classification: not listed under a GJEPC 'International *' section and city field (if present) is an Indian city; no foreign signal found. Not independently verified.,plain_gold,Hall 4,4T 511B,MUMBAI
EXH1666,SKY GEMS,INDIAN-DOMESTIC (default — unconfirmed against a company registry),India (assumed),Default classification: not listed under a GJEPC 'International *' section and city field (if present) is an Indian city; no foreign signal found. Not independently verified.,loose_stones_color_stones,Hall JASMINE,JIO-AG 41b,MUMBAI
EXH1815,SKY GOLD AND DIAMONDS LIMITED,INDIAN-DOMESTIC (default — unconfirmed against a company registry),India (assumed),Default classification: not listed under a GJEPC 'International *' section and city field (if present) is an Indian city; no foreign signal found. Not independently verified.,plain_gold,Hall 4,4T 506A,MUMBAI
EXH169,SMR JEWELS LIMITED,INDIAN-DOMESTIC (default — unconfirmed against a company registry),India (assumed),Default classification: not listed under a GJEPC 'International *' section and city field (if present) is an Indian city; no foreign signal found. Not independently verified.,diamond_colorstone,Hall 3,3P 403C,AHMEDABAD
EXH922,SOJ INDUSTRIES PRIVATE LIMITED,INDIAN-DOMESTIC (default — unconfirmed against a company registry),India (assumed),Default classification: not listed under a GJEPC 'International *' section and city field (if present) is an Indian city; no foreign signal found. Not independently verified.,silver_jewellery_artifacts,Hall Pavillion,JIO-S 31p,HYDERABAD
EXH1961,SOLANKI JEWELS,INDIAN-DOMESTIC (default — unconfirmed against a company registry),India (assumed),Default classification: not listed under a GJEPC 'International *' section and city field (if present) is an Indian city; no foreign signal found. Not independently verified.,plain_gold,Hall 6,6F 040A,MUMBAI
EXH1987,SOLARIS JEWELS,INDIAN-DOMESTIC (default — unconfirmed against a company registry),India (assumed),Default classification: not listed under a GJEPC 'International *' section and city field (if present) is an Indian city; no foreign signal found. Not independently verified.,lgd_jewellery,Hall Pavillion,JIO-Y 43g,SURAT
EXH379,SOLITAA DIAMONDS,INDIAN-DOMESTIC (default — unconfirmed against a company registry),India (assumed),Default classification: not listed under a GJEPC 'International *' section and city field (if present) is an Indian city; no foreign signal found. Not independently verified.,diamond_colorstone,Hall 6,6K 076C,MUMBAI
EXH1122,SONI NANALAL BECHARDAS  JEWELLERS PVT. LTD.,INDIAN-DOMESTIC (default — unconfirmed against a company registry),India (assumed),Default classification: not listed under a GJEPC 'International *' section and city field (if present) is an Indian city; no foreign signal found. Not independently verified.,plain_gold,Hall 6,6E 034A,AHMEDABAD
EXH716,SONI SHAILESH NANALAL JEWELLERS PVT. LTD.,INDIAN-DOMESTIC (default — unconfirmed against a company registry),India (assumed),Default classification: not listed under a GJEPC 'International *' section and city field (if present) is an Indian city; no foreign signal found. Not independently verified.,diamond_colorstone,Hall 3,3Q 401A,AHMEDABAD
EXH1556,SORA JEWELS,INDIAN-DOMESTIC (default — unconfirmed against a company registry),India (assumed),Default classification: not listed under a GJEPC 'International *' section and city field (if present) is an Indian city; no foreign signal found. Not independently verified.,plain_gold,Hall Pavillion,JIO-L 19i,MUMBAI
EXH430,SOVAN JEWELLERS,INDIAN-DOMESTIC (default — unconfirmed against a company registry),India (assumed),Default classification: not listed under a GJEPC 'International *' section and city field (if present) is an Indian city; no foreign signal found. Not independently verified.,plain_gold,Hall 3,3M 388,BENGALURU
EXH882,SPARKLE DIAM PVT. LTD.,INDIAN-DOMESTIC (default — unconfirmed against a company registry),India (assumed),Default classification: not listed under a GJEPC 'International *' section and city field (if present) is an Indian city; no foreign signal found. Not independently verified.,diamond_colorstone,Hall 2,2J 251A,MUMBAI
EXH653,SPARKLING GOLD PRIVATE LIMITED,INDIAN-DOMESTIC (default — unconfirmed against a company registry),India (assumed),Default classification: not listed under a GJEPC 'International *' section and city field (if present) is an Indian city; no foreign signal found. Not independently verified.,plain_gold,Hall 6,6E 034B,MUMBAI
EXH1353,SRI DURGA GEMS & JEWELLERS,INDIAN-DOMESTIC (default — unconfirmed against a company registry),India (assumed),Default classification: not listed under a GJEPC 'International *' section and city field (if present) is an Indian city; no foreign signal found. Not independently verified.,diamond_colorstone,Hall 6,6N 095F,HYDERABAD
EXH2026,SRI MARUTI JEWELLERS,INDIAN-DOMESTIC (default — unconfirmed against a company registry),India (assumed),Default classification: not listed under a GJEPC 'International *' section and city field (if present) is an Indian city; no foreign signal found. Not independently verified.,diamond_colorstone,Hall 6,6M 094C,SECUNDERABAD
EXH385,SRI PADMARAJ JEWELLERS,INDIAN-DOMESTIC (default — unconfirmed against a company registry),India (assumed),Default classification: not listed under a GJEPC 'International *' section and city field (if present) is an Indian city; no foreign signal found. Not independently verified.,plain_gold,Hall 6,6A 017C,COIMBATORE
EXH1560,SRI SHUBHAM JEWELLERS,INDIAN-DOMESTIC (default — unconfirmed against a company registry),India (assumed),Default classification: not listed under a GJEPC 'International *' section and city field (if present) is an Indian city; no foreign signal found. Not independently verified.,plain_gold,Hall Pavillion,JIO-B 1n,HYDERABAD
EXH188,SRI VENKATESHWARA JEWELLERS,INDIAN-DOMESTIC (default — unconfirmed against a company registry),India (assumed),Default classification: not listed under a GJEPC 'International *' section and city field (if present) is an Indian city; no foreign signal found. Not independently verified.,plain_gold,Hall 2,2K 273B,CHENNAI
EXH1097,SRS JEWELKON INDIA PVT LTD,INDIAN-DOMESTIC (default — unconfirmed against a company registry),India (assumed),Default classification: not listed under a GJEPC 'International *' section and city field (if present) is an Indian city; no foreign signal found. Not independently verified.,machinery,Hall 5,5U 564,MUMBAI
EXH1820,SRUJAN JEWELLERS INDIA PRIVATE LIMITED,INDIAN-DOMESTIC (default — unconfirmed against a company registry),India (assumed),Default classification: not listed under a GJEPC 'International *' section and city field (if present) is an Indian city; no foreign signal found. Not independently verified.,diamond_colorstone,Hall 6,6Q 102A,HYDERABAD
EXH1769,SSVAR LLP,INDIAN-DOMESTIC (default — unconfirmed against a company registry),India (assumed),Default classification: not listed under a GJEPC 'International *' section and city field (if present) is an Indian city; no foreign signal found. Not independently verified.,the_select_club,Hall JASMINE,Club-AA 1b,BENGALURU
EXH422,STAR JEWELS,INDIAN-DOMESTIC (default — unconfirmed against a company registry),India (assumed),Default classification: not listed under a GJEPC 'International *' section and city field (if present) is an Indian city; no foreign signal found. Not independently verified.,plain_gold,Hall 3,3M 380D,MUMBAI
EXH1951,STELLAR CREATIONS,INDIAN-DOMESTIC (default — unconfirmed against a company registry),India (assumed),Default classification: not listed under a GJEPC 'International *' section and city field (if present) is an Indian city; no foreign signal found. Not independently verified.,plain_gold,Hall Pavillion,JIO-F 10l,ALUVA
EXH783,STRIBRNY CREATIONS LLP,INDIAN-DOMESTIC (default — unconfirmed against a company registry),India (assumed),Default classification: not listed under a GJEPC 'International *' section and city field (if present) is an Indian city; no foreign signal found. Not independently verified.,silver_jewellery_artifacts,Hall Pavillion,JIO-R 30m,KOLKATA
EXH999,STUTI JEWELS LLP,INDIAN-DOMESTIC (default — unconfirmed against a company registry),India (assumed),Default classification: not listed under a GJEPC 'International *' section and city field (if present) is an Indian city; no foreign signal found. Not independently verified.,plain_gold,Hall 4,4T 493A,MUMBAI
EXH1554,SUJATA GOLD,INDIAN-DOMESTIC (default — unconfirmed against a company registry),India (assumed),Default classification: not listed under a GJEPC 'International *' section and city field (if present) is an Indian city; no foreign signal found. Not independently verified.,plain_gold,Hall Pavillion,JIO-J 15l,MUMBAI
EXH1430,SUKHRAJ JEWELS PVT. LTD.,INDIAN-DOMESTIC (default — unconfirmed against a company registry),India (assumed),Default classification: not listed under a GJEPC 'International *' section and city field (if present) is an Indian city; no foreign signal found. Not independently verified.,silver_jewellery_artifacts,Hall Pavillion,JIO-T 35a,JAIPUR
EXH312,SUN DIAM,INDIAN-DOMESTIC (default — unconfirmed against a company registry),India (assumed),Default classification: not listed under a GJEPC 'International *' section and city field (if present) is an Indian city; no foreign signal found. Not independently verified.,loose_stones_diamonds,Hall Pavillion,JIO-F 12c,MUMBAI
EXH798,SUN GOLD,INDIAN-DOMESTIC (default — unconfirmed against a company registry),India (assumed),Default classification: not listed under a GJEPC 'International *' section and city field (if present) is an Indian city; no foreign signal found. Not independently verified.,plain_gold,Hall 2,2G 160,MUMBAI
EXH1984,SUNDARAM CHAINS PVT. LTD.,INDIAN-DOMESTIC (default — unconfirmed against a company registry),India (assumed),Default classification: not listed under a GJEPC 'International *' section and city field (if present) is an Indian city; no foreign signal found. Not independently verified.,plain_gold,Hall 6,6F 044,MUMBAI
EXH148,SUNDEEP JEWELLERS,INDIAN-DOMESTIC (default — unconfirmed against a company registry),India (assumed),Default classification: not listed under a GJEPC 'International *' section and city field (if present) is an Indian city; no foreign signal found. Not independently verified.,plain_gold,Hall 3,3L 371C,BENGALURU
EXH1985,SUNIL GOLD INDIA LIMITED,INDIAN-DOMESTIC (default — unconfirmed against a company registry),India (assumed),Default classification: not listed under a GJEPC 'International *' section and city field (if present) is an Indian city; no foreign signal found. Not independently verified.,plain_gold,Hall 3,3M 366A,MUMBAI
EXH1467,SUNRISE AURO & DIAMOND PRIVATE LIMITED,INDIAN-DOMESTIC (default — unconfirmed against a company registry),India (assumed),Default classification: not listed under a GJEPC 'International *' section and city field (if present) is an Indian city; no foreign signal found. Not independently verified.,plain_gold,Hall 4,4S 498,MUMBAI
EXH1653,SUNRISE JEWELS,INDIAN-DOMESTIC (default — unconfirmed against a company registry),India (assumed),Default classification: not listed under a GJEPC 'International *' section and city field (if present) is an Indian city; no foreign signal found. Not independently verified.,loose_stones_color_stones,Hall JASMINE,JIO-AG 41e,JAIPUR
EXH711,SUPERGEMS JEWELLERY MFG. PVT. LTD.,INDIAN-DOMESTIC (default — unconfirmed against a company registry),India (assumed),Default classification: not listed under a GJEPC 'International *' section and city field (if present) is an Indian city; no foreign signal found. Not independently verified.,diamond_colorstone,Hall 3,3P 408C,MUMBAI
EXH1902,SURANA ENSEMBLE PRIVATE LIMITED,INDIAN-DOMESTIC (default — unconfirmed against a company registry),India (assumed),Default classification: not listed under a GJEPC 'International *' section and city field (if present) is an Indian city; no foreign signal found. Not independently verified.,the_select_club,Hall JASMINE,Club-AG 32b,BENGALURU
EXH586,SURESH GARG GEMS LLP,INDIAN-DOMESTIC (default — unconfirmed against a company registry),India (assumed),Default classification: not listed under a GJEPC 'International *' section and city field (if present) is an Indian city; no foreign signal found. Not independently verified.,loose_stones_color_stones,Hall LOTUS,JIO-AM 50c,JAIPUR
EXH1697,SUVARNAJYOTI CREATIONS LLP,INDIAN-DOMESTIC (default — unconfirmed against a company registry),India (assumed),Default classification: not listed under a GJEPC 'International *' section and city field (if present) is an Indian city; no foreign signal found. Not independently verified.,diamond_colorstone,Hall 3,3Q 408D,RAJKOT
EXH1555,SUVIDHI ORNA PRIVATE LIMITED,INDIAN-DOMESTIC (default — unconfirmed against a company registry),India (assumed),Default classification: not listed under a GJEPC 'International *' section and city field (if present) is an Indian city; no foreign signal found. Not independently verified.,plain_gold,Hall Pavillion,JIO-G 14h,AHMEDABAD
EXH1873,SWARN DEEP,INDIAN-DOMESTIC (default — unconfirmed against a company registry),India (assumed),Default classification: not listed under a GJEPC 'International *' section and city field (if present) is an Indian city; no foreign signal found. Not independently verified.,plain_gold,Hall Pavillion,JIO-M 23b,BENGALURU
EXH1129,SWARN JEWELS,INDIAN-DOMESTIC (default — unconfirmed against a company registry),India (assumed),Default classification: not listed under a GJEPC 'International *' section and city field (if present) is an Indian city; no foreign signal found. Not independently verified.,plain_gold,Hall Pavillion,JIO-L 22f,MUMBAI
EXH1943,SWARN SHREE CHAIN,INDIAN-DOMESTIC (default — unconfirmed against a company registry),India (assumed),Default classification: not listed under a GJEPC 'International *' section and city field (if present) is an Indian city; no foreign signal found. Not independently verified.,plain_gold,Hall 6,6B 018C,MUMBAI
EXH1941,SWARN VILLA,INDIAN-DOMESTIC (default — unconfirmed against a company registry),India (assumed),Default classification: not listed under a GJEPC 'International *' section and city field (if present) is an Indian city; no foreign signal found. Not independently verified.,plain_gold,Hall Pavillion,JIO-C 6g,MUMBAI
EXH1341,SWARNA SHILPI,INDIAN-DOMESTIC (default — unconfirmed against a company registry),India (assumed),Default classification: not listed under a GJEPC 'International *' section and city field (if present) is an Indian city; no foreign signal found. Not independently verified.,plain_gold,Hall Pavillion,JIO-C 6a,MUMBAI
EXH704,SWARNSARITA JEWELS INDIA LIMITED,INDIAN-DOMESTIC (default — unconfirmed against a company registry),India (assumed),Default classification: not listed under a GJEPC 'International *' section and city field (if present) is an Indian city; no foreign signal found. Not independently verified.,plain_gold,Hall 6,6F 042A,MUMBAI
EXH1920,SWARNSHILP CHAINS & JEWELLERS PVT. LTD.,INDIAN-DOMESTIC (default — unconfirmed against a company registry),India (assumed),Default classification: not listed under a GJEPC 'International *' section and city field (if present) is an Indian city; no foreign signal found. Not independently verified.,plain_gold,Hall 3,3N 382B,MUMBAI
EXH1918,SWAROOP JEWELLERS,INDIAN-DOMESTIC (default — unconfirmed against a company registry),India (assumed),Default classification: not listed under a GJEPC 'International *' section and city field (if present) is an Indian city; no foreign signal found. Not independently verified.,diamond_colorstone,Hall 6,6P 102B,HYDERABAD
EXH1291,SWASTIK GOLDCORP PRIVATE LIMITED,INDIAN-DOMESTIC (default — unconfirmed against a company registry),India (assumed),Default classification: not listed under a GJEPC 'International *' section and city field (if present) is an Indian city; no foreign signal found. Not independently verified.,plain_gold,Hall 3,3M 376A,RAJKOT
EXH221,SWASTIK JEWELS,INDIAN-DOMESTIC (default — unconfirmed against a company registry),India (assumed),Default classification: not listed under a GJEPC 'International *' section and city field (if present) is an Indian city; no foreign signal found. Not independently verified.,plain_gold,Hall Pavillion,JIO-F 11f,MUMBAI
EXH1376,SWASTIK JEWELS,INDIAN-DOMESTIC (default — unconfirmed against a company registry),India (assumed),Default classification: not listed under a GJEPC 'International *' section and city field (if present) is an Indian city; no foreign signal found. Not independently verified.,the_select_club,Hall JASMINE,Club-AG 35c,JAIPUR
EXH948,TAHI JEWELS,INDIAN-DOMESTIC (default — unconfirmed against a company registry),India (assumed),Default classification: not listed under a GJEPC 'International *' section and city field (if present) is an Indian city; no foreign signal found. Not independently verified.,diamond_colorstone,Hall 6,6L 078H,MUMBAI
EXH446,TAHILRAM TIRTHDAS JEWELLERS,INDIAN-DOMESTIC (default — unconfirmed against a company registry),India (assumed),Default classification: not listed under a GJEPC 'International *' section and city field (if present) is an Indian city; no foreign signal found. Not independently verified.,loose_stones_color_stones,Hall LOTUS,JIO-AP 55a,MUMBAI
EXH1919,TANVI EXPORTS INDIA LIMITED,INDIAN-DOMESTIC (default — unconfirmed against a company registry),India (assumed),Default classification: not listed under a GJEPC 'International *' section and city field (if present) is an Indian city; no foreign signal found. Not independently verified.,plain_gold,Hall 6,6G 045,RAJKOT
EXH1176,TANVI SILVER INDIA PRIVATE LIMITED,INDIAN-DOMESTIC (default — unconfirmed against a company registry),India (assumed),Default classification: not listed under a GJEPC 'International *' section and city field (if present) is an Indian city; no foreign signal found. Not independently verified.,silver_jewellery_artifacts,Hall Pavillion,JIO-U 37b,RAJKOT
EXH1767,TATVAM GOLD LLP,INDIAN-DOMESTIC (default — unconfirmed against a company registry),India (assumed),Default classification: not listed under a GJEPC 'International *' section and city field (if present) is an Indian city; no foreign signal found. Not independently verified.,plain_gold,Hall Pavillion,JIO-C 5g,SURAT
EXH5,TEJ JEWELS PRIVATE LIMITED,INDIAN-DOMESTIC (default — unconfirmed against a company registry),India (assumed),Default classification: not listed under a GJEPC 'International *' section and city field (if present) is an Indian city; no foreign signal found. Not independently verified.,diamond_colorstone,Hall 2,2J 254E,AHMEDABAD
EXH1065,TEN X DIAMONDS SPOT,INDIAN-DOMESTIC (default — unconfirmed against a company registry),India (assumed),Default classification: not listed under a GJEPC 'International *' section and city field (if present) is an Indian city; no foreign signal found. Not independently verified.,diamond_colorstone,Hall 6,6Q 124,MADURAI
EXH924,TG JEWELS,INDIAN-DOMESTIC (default — unconfirmed against a company registry),India (assumed),Default classification: not listed under a GJEPC 'International *' section and city field (if present) is an Indian city; no foreign signal found. Not independently verified.,plain_gold,Hall 2,2K 297,KOLHAPUR
EXH1938,THASHNA JEWELLERY,INDIAN-DOMESTIC (default — unconfirmed against a company registry),India (assumed),Default classification: not listed under a GJEPC 'International *' section and city field (if present) is an Indian city; no foreign signal found. Not independently verified.,plain_gold,Hall Pavillion,JIO-J 18a,COIMBATORE
EXH1636,THATHI JEWELS,INDIAN-DOMESTIC (default — unconfirmed against a company registry),India (assumed),Default classification: not listed under a GJEPC 'International *' section and city field (if present) is an Indian city; no foreign signal found. Not independently verified.,plain_gold,Hall 6,6A 005,MUMBAI
EXH1466,THE LALIT GEMS CO.,INDIAN-DOMESTIC (default — unconfirmed against a company registry),India (assumed),Default classification: not listed under a GJEPC 'International *' section and city field (if present) is an Indian city; no foreign signal found. Not independently verified.,diamond_colorstone,Hall 2,2H 237,MUMBAI
EXH1629,TINASHE CREATION,INDIAN-DOMESTIC (default — unconfirmed against a company registry),India (assumed),Default classification: not listed under a GJEPC 'International *' section and city field (if present) is an Indian city; no foreign signal found. Not independently verified.,plain_gold,Hall 2,2K 292,MUMBAI
EXH94,TIRTH GOLD PRIVATE LIMITED,INDIAN-DOMESTIC (default — unconfirmed against a company registry),India (assumed),Default classification: not listed under a GJEPC 'International *' section and city field (if present) is an Indian city; no foreign signal found. Not independently verified.,plain_gold,Hall 6,6E 040C,SURAT
EXH2025,TIRUPATI GEMS & JEWELS,INDIAN-DOMESTIC (default — unconfirmed against a company registry),India (assumed),Default classification: not listed under a GJEPC 'International *' section and city field (if present) is an Indian city; no foreign signal found. Not independently verified.,silver_jewellery_artifacts,Hall Pavillion,JIO-V 38l,JAIPUR
EXH203,TRADEMARK JEWELS,INDIAN-DOMESTIC (default — unconfirmed against a company registry),India (assumed),Default classification: not listed under a GJEPC 'International *' section and city field (if present) is an Indian city; no foreign signal found. Not independently verified.,plain_gold,Hall 2,2G 144,MUMBAI
EXH978,TRADITIONS,INDIAN-DOMESTIC (default — unconfirmed against a company registry),India (assumed),Default classification: not listed under a GJEPC 'International *' section and city field (if present) is an Indian city; no foreign signal found. Not independently verified.,plain_gold,Hall 6,6A 037,KOLKATA
EXH1168,TRIDENT JEWELS PVT LTD,INDIAN-DOMESTIC (default — unconfirmed against a company registry),India (assumed),Default classification: not listed under a GJEPC 'International *' section and city field (if present) is an Indian city; no foreign signal found. Not independently verified.,plain_gold,Hall 6,6E 032,MUMBAI
EXH488,TRUE CASTE JEWELLERY,INDIAN-DOMESTIC (default — unconfirmed against a company registry),India (assumed),Default classification: not listed under a GJEPC 'International *' section and city field (if present) is an Indian city; no foreign signal found. Not independently verified.,plain_gold,Hall 2,2F 141,MUMBAI
EXH1904,TRUE GEMS,INDIAN-DOMESTIC (default — unconfirmed against a company registry),India (assumed),Default classification: not listed under a GJEPC 'International *' section and city field (if present) is an Indian city; no foreign signal found. Not independently verified.,loose_stones_color_stones,Hall LOTUS,JIO-AP 55d,JAIPUR
EXH104,UDAY JEWELLERY INDUSTRIES   LIMITED,INDIAN-DOMESTIC (default — unconfirmed against a company registry),India (assumed),Default classification: not listed under a GJEPC 'International *' section and city field (if present) is an Indian city; no foreign signal found. Not independently verified.,diamond_colorstone,Hall 6,6J 064A,HYDERABAD
EXH1446,UMANG JEWELS,INDIAN-DOMESTIC (default — unconfirmed against a company registry),India (assumed),Default classification: not listed under a GJEPC 'International *' section and city field (if present) is an Indian city; no foreign signal found. Not independently verified.,lgd_jewellery,Hall Pavillion,JIO-X 43c,MUMBAI
EXH1373,UNI DESIGN ELITE JEWELLERY PVT LTD,INDIAN-DOMESTIC (default — unconfirmed against a company registry),India (assumed),Default classification: not listed under a GJEPC 'International *' section and city field (if present) is an Indian city; no foreign signal found. Not independently verified.,diamond_colorstone,Hall 4,4R 479B,MUMBAI
EXH1979,UNIJEWELS INDIA PRIVATE LIMITED,INDIAN-DOMESTIC (default — unconfirmed against a company registry),India (assumed),Default classification: not listed under a GJEPC 'International *' section and city field (if present) is an Indian city; no foreign signal found. Not independently verified.,loose_stones_color_stones,Hall LOTUS,JIO-AS 59f,JAIPUR
EXH1772,UNIQUE CHAINS AND JEWELS LIMITED,INDIAN-DOMESTIC (default — unconfirmed against a company registry),India (assumed),Default classification: not listed under a GJEPC 'International *' section and city field (if present) is an Indian city; no foreign signal found. Not independently verified.,plain_gold,Hall 3,3M 374A,MUMBAI
EXH580,UNITOUCH CREATIONS LLP,INDIAN-DOMESTIC (default — unconfirmed against a company registry),India (assumed),Default classification: not listed under a GJEPC 'International *' section and city field (if present) is an Indian city; no foreign signal found. Not independently verified.,plain_gold,Hall 2,2K 287,MUMBAI
EXH1780,UTSSAV CZ GOLD JEWELS LTD,INDIAN-DOMESTIC (default — unconfirmed against a company registry),India (assumed),Default classification: not listed under a GJEPC 'International *' section and city field (if present) is an Indian city; no foreign signal found. Not independently verified.,plain_gold,Hall 4,4T 486D,MUMBAI
EXH2020,V U CHAINS,INDIAN-DOMESTIC (default — unconfirmed against a company registry),India (assumed),Default classification: not listed under a GJEPC 'International *' section and city field (if present) is an Indian city; no foreign signal found. Not independently verified.,plain_gold,Hall 6,6R 128B,MUMBAI
EXH1211,V-CHAINS JEWELLERY PRIVATE LIMITED,INDIAN-DOMESTIC (default — unconfirmed against a company registry),India (assumed),Default classification: not listed under a GJEPC 'International *' section and city field (if present) is an Indian city; no foreign signal found. Not independently verified.,plain_gold,Hall 2,2K 262A,MUMBAI
EXH206,V.K. JEWELLERS,INDIAN-DOMESTIC (default — unconfirmed against a company registry),India (assumed),Default classification: not listed under a GJEPC 'International *' section and city field (if present) is an Indian city; no foreign signal found. Not independently verified.,the_select_club,Hall JASMINE,Club-AB 6c,DELHI
EXH646,V.K.JEWELS,INDIAN-DOMESTIC (default — unconfirmed against a company registry),India (assumed),Default classification: not listed under a GJEPC 'International *' section and city field (if present) is an Indian city; no foreign signal found. Not independently verified.,plain_gold,Hall 6,6C 027C,MUMBAI
EXH1063,VAGONI TRADE LINK,INDIAN-DOMESTIC (default — unconfirmed against a company registry),India (assumed),Default classification: not listed under a GJEPC 'International *' section and city field (if present) is an Indian city; no foreign signal found. Not independently verified.,plain_gold,Hall Pavillion,JIO-E 7q,MUMBAI
EXH1634,VAIBHAV CREATIONS PVT. LTD.,INDIAN-DOMESTIC (default — unconfirmed against a company registry),India (assumed),Default classification: not listed under a GJEPC 'International *' section and city field (if present) is an Indian city; no foreign signal found. Not independently verified.,plain_gold,Hall Pavillion,JIO-K 19f,MUMBAI
EXH509,VAISHNAVI GEMS & JEWELS,INDIAN-DOMESTIC (default — unconfirmed against a company registry),India (assumed),Default classification: not listed under a GJEPC 'International *' section and city field (if present) is an Indian city; no foreign signal found. Not independently verified.,diamond_colorstone,Hall 6,6M 091B,HYDERABAD
EXH525,VAJRA,INDIAN-DOMESTIC (default — unconfirmed against a company registry),India (assumed),Default classification: not listed under a GJEPC 'International *' section and city field (if present) is an Indian city; no foreign signal found. Not independently verified.,plain_gold,Hall Pavillion,JIO-M 23a,BENGALURU
EXH1174,VALDARIA IMPEX PVT. LTD.,INDIAN-DOMESTIC (default — unconfirmed against a company registry),India (assumed),Default classification: not listed under a GJEPC 'International *' section and city field (if present) is an Indian city; no foreign signal found. Not independently verified.,diamond_colorstone,Hall 3,3P 415B,MUMBAI
EXH957,VALENTINE JADAU,INDIAN-DOMESTIC (default — unconfirmed against a company registry),India (assumed),Default classification: not listed under a GJEPC 'International *' section and city field (if present) is an Indian city; no foreign signal found. Not independently verified.,the_select_club,Hall JASMINE,Club-AF 33a,JAIPUR
EXH806,VAMA JEWELS,INDIAN-DOMESTIC (default — unconfirmed against a company registry),India (assumed),Default classification: not listed under a GJEPC 'International *' section and city field (if present) is an Indian city; no foreign signal found. Not independently verified.,plain_gold,Hall 2,2K 320,MUMBAI
EXH1615,VARAKRUPA JEWELLERS,INDIAN-DOMESTIC (default — unconfirmed against a company registry),India (assumed),Default classification: not listed under a GJEPC 'International *' section and city field (if present) is an Indian city; no foreign signal found. Not independently verified.,plain_gold,Hall 6,6A 003,BENGALURU
EXH1197,VARDHMAN JEWELS TECH PVT LTD,INDIAN-DOMESTIC (default — unconfirmed against a company registry),India (assumed),Default classification: not listed under a GJEPC 'International *' section and city field (if present) is an Indian city; no foreign signal found. Not independently verified.,plain_gold,Hall Pavillion,JIO-G 14f,MUMBAI
EXH1305,VARNICA JEWELS LLP,INDIAN-DOMESTIC (default — unconfirmed against a company registry),India (assumed),Default classification: not listed under a GJEPC 'International *' section and city field (if present) is an Indian city; no foreign signal found. Not independently verified.,plain_gold,Hall 2,2F 136,MUMBAI
EXH597,VASUPATI JEWELLERS INDIA PVT.  LTD.,INDIAN-DOMESTIC (default — unconfirmed against a company registry),India (assumed),Default classification: not listed under a GJEPC 'International *' section and city field (if present) is an Indian city; no foreign signal found. Not independently verified.,plain_gold,Hall 2,2K 265A,MUMBAI
EXH1085,VEE J JEWELS,INDIAN-DOMESTIC (default — unconfirmed against a company registry),India (assumed),Default classification: not listed under a GJEPC 'International *' section and city field (if present) is an Indian city; no foreign signal found. Not independently verified.,plain_gold,Hall Pavillion,JIO-M 23d,MUMBAI
EXH1278,VEEKAY DIAMANTS,INDIAN-DOMESTIC (default — unconfirmed against a company registry),India (assumed),Default classification: not listed under a GJEPC 'International *' section and city field (if present) is an Indian city; no foreign signal found. Not independently verified.,diamond_colorstone,Hall 4,4R 478C,MUMBAI
EXH853,VEER JEWELLERS PRIVATE LIMITED,INDIAN-DOMESTIC (default — unconfirmed against a company registry),India (assumed),Default classification: not listed under a GJEPC 'International *' section and city field (if present) is an Indian city; no foreign signal found. Not independently verified.,plain_gold,Hall 2,2J 274C,MUMBAI
EXH428,VELI BELI PRIVATE LIMITED,INDIAN-DOMESTIC (default — unconfirmed against a company registry),India (assumed),Default classification: not listed under a GJEPC 'International *' section and city field (if present) is an Indian city; no foreign signal found. Not independently verified.,plain_gold,Hall Pavillion,JIO-C 4k,SURAT
EXH1074,VENKATESH JEWELLERS,INDIAN-DOMESTIC (default — unconfirmed against a company registry),India (assumed),Default classification: not listed under a GJEPC 'International *' section and city field (if present) is an Indian city; no foreign signal found. Not independently verified.,plain_gold,Hall 2,2G 155,MUMBAI
EXH1338,VERO STELLA JEWELS LLP,INDIAN-DOMESTIC (default — unconfirmed against a company registry),India (assumed),Default classification: not listed under a GJEPC 'International *' section and city field (if present) is an Indian city; no foreign signal found. Not independently verified.,diamond_colorstone,Hall 4,4R 455B,MUMBAI
EXH662,VESARA JEWELS PVT LTD,INDIAN-DOMESTIC (default — unconfirmed against a company registry),India (assumed),Default classification: not listed under a GJEPC 'International *' section and city field (if present) is an Indian city; no foreign signal found. Not independently verified.,plain_gold,Hall Pavillion,JIO-H 14m,BENGALURU
EXH649,VIJAY JEWELLERS,INDIAN-DOMESTIC (default — unconfirmed against a company registry),India (assumed),Default classification: not listed under a GJEPC 'International *' section and city field (if present) is an Indian city; no foreign signal found. Not independently verified.,plain_gold,Hall Pavillion,JIO-F 11b,MUMBAI
EXH1456,VIJAYKUMAR ABASAHEB BHOSALE,INDIAN-DOMESTIC (default — unconfirmed against a company registry),India (assumed),Default classification: not listed under a GJEPC 'International *' section and city field (if present) is an Indian city; no foreign signal found. Not independently verified.,plain_gold,Hall Pavillion,JIO-H 15e,KOLHAPUR
EXH1205,VIJAYRAJ JEWELLERS,INDIAN-DOMESTIC (default — unconfirmed against a company registry),India (assumed),Default classification: not listed under a GJEPC 'International *' section and city field (if present) is an Indian city; no foreign signal found. Not independently verified.,plain_gold,Hall 3,3L 337,MUMBAI
EXH1114,VIKRAM MEHTA DESIGN STUDIO PVT LTD,INDIAN-DOMESTIC (default — unconfirmed against a company registry),India (assumed),Default classification: not listed under a GJEPC 'International *' section and city field (if present) is an Indian city; no foreign signal found. Not independently verified.,the_select_club,Hall JASMINE,Club-AC 16a,BENGALURU
EXH902,VINATI JEWELLERS PRIVATE LIMITED,INDIAN-DOMESTIC (default — unconfirmed against a company registry),India (assumed),Default classification: not listed under a GJEPC 'International *' section and city field (if present) is an Indian city; no foreign signal found. Not independently verified.,plain_gold,Hall 6,6D 030A,HYDERABAD
EXH772,VINAYAK SILVER,INDIAN-DOMESTIC (default — unconfirmed against a company registry),India (assumed),Default classification: not listed under a GJEPC 'International *' section and city field (if present) is an Indian city; no foreign signal found. Not independently verified.,silver_jewellery_artifacts,Hall Pavillion,JIO-X 44e,AHMEDABAD
EXH2006,VIPS JEWELLERY,INDIAN-DOMESTIC (default — unconfirmed against a company registry),India (assumed),Default classification: not listed under a GJEPC 'International *' section and city field (if present) is an Indian city; no foreign signal found. Not independently verified.,plain_gold,Hall Pavillion,JIO-F 11c,MUMBAI
EXH1382,VIPUL JEWELLERS,INDIAN-DOMESTIC (default — unconfirmed against a company registry),India (assumed),Default classification: not listed under a GJEPC 'International *' section and city field (if present) is an Indian city; no foreign signal found. Not independently verified.,plain_gold,Hall Pavillion,JIO-D 7b,MUMBAI
EXH1973,VIRAASAT JEWELS PVT. LTD.,INDIAN-DOMESTIC (default — unconfirmed against a company registry),India (assumed),Default classification: not listed under a GJEPC 'International *' section and city field (if present) is an Indian city; no foreign signal found. Not independently verified.,the_select_club,Hall JASMINE,Club-AD 20c,JAIPUR
EXH959,VITHRAAG JEWELS,INDIAN-DOMESTIC (default — unconfirmed against a company registry),India (assumed),Default classification: not listed under a GJEPC 'International *' section and city field (if present) is an Indian city; no foreign signal found. Not independently verified.,plain_gold,Hall 6,6C 020A,CHENNAI
EXH146,VK JEWELS PRIVATE LIMITED,INDIAN-DOMESTIC (default — unconfirmed against a company registry),India (assumed),Default classification: not listed under a GJEPC 'International *' section and city field (if present) is an Indian city; no foreign signal found. Not independently verified.,plain_gold,Hall 4,4S 486B,RAJKOT
EXH1113,VL SHUBH CREATION PRIVALTE LIMITED,INDIAN-DOMESTIC (default — unconfirmed against a company registry),India (assumed),Default classification: not listed under a GJEPC 'International *' section and city field (if present) is an Indian city; no foreign signal found. Not independently verified.,plain_gold,Hall Pavillion,JIO-E 7k,MUMBAI
EXH213,VRUSHABH ORNAMENTS,INDIAN-DOMESTIC (default — unconfirmed against a company registry),India (assumed),Default classification: not listed under a GJEPC 'International *' section and city field (if present) is an Indian city; no foreign signal found. Not independently verified.,silver_jewellery_artifacts,Hall Pavillion,JIO-V 39f,AHMEDABAD
EXH1450,VS JEWELLERY WHOLESALER GLOBAL PVT. LTD,INDIAN-DOMESTIC (default — unconfirmed against a company registry),India (assumed),Default classification: not listed under a GJEPC 'International *' section and city field (if present) is an Indian city; no foreign signal found. Not independently verified.,plain_gold,Hall 6,6F 051,HYDERABAD
EXH1243,VV SILVER PALACE PRIVATE LIMITED,INDIAN-DOMESTIC (default — unconfirmed against a company registry),India (assumed),Default classification: not listed under a GJEPC 'International *' section and city field (if present) is an Indian city; no foreign signal found. Not independently verified.,silver_jewellery_artifacts,Hall Pavillion,JIO-T 36c,NEW DELHI
EXH55,WESTERN EQUIPMENTS AND ALLIED PVT LTD,INDIAN-DOMESTIC (default — unconfirmed against a company registry),India (assumed),Default classification: not listed under a GJEPC 'International *' section and city field (if present) is an Indian city; no foreign signal found. Not independently verified.,machinery,Hall 5,5U 578B,MUMBAI
EXH865,WHITE LOTUS JEWELLERY,INDIAN-DOMESTIC (default — unconfirmed against a company registry),India (assumed),Default classification: not listed under a GJEPC 'International *' section and city field (if present) is an Indian city; no foreign signal found. Not independently verified.,diamond_colorstone,Hall 6,6M 095D,JAIPUR
EXH1,WORLDWIDE GEM EXPORTS,INDIAN-DOMESTIC (default — unconfirmed against a company registry),India (assumed),Default classification: not listed under a GJEPC 'International *' section and city field (if present) is an Indian city; no foreign signal found. Not independently verified.,loose_stones_color_stones,Hall LOTUS,JIO-AR 56h,MUMBAI
EXH1595,YASHODA JAGDISH & SONS,INDIAN-DOMESTIC (default — unconfirmed against a company registry),India (assumed),Default classification: not listed under a GJEPC 'International *' section and city field (if present) is an Indian city; no foreign signal found. Not independently verified.,plain_gold,Hall 2,2G 172,MUMBAI
EXH211,YASONI GOLDIAM PVT LTD,INDIAN-DOMESTIC (default — unconfirmed against a company registry),India (assumed),Default classification: not listed under a GJEPC 'International *' section and city field (if present) is an Indian city; no foreign signal found. Not independently verified.,plain_gold,Hall 2,2G 158,MUMBAI
EXH1752,YESHWIN ENTERPRISES LLP,INDIAN-DOMESTIC (default — unconfirmed against a company registry),India (assumed),Default classification: not listed under a GJEPC 'International *' section and city field (if present) is an Indian city; no foreign signal found. Not independently verified.,silver_jewellery_artifacts,Hall Pavillion,JIO-R 31b,JAIPUR
EXH1528,ZAMBAD INDUSTRIES PRIVATE LIMITED,INDIAN-DOMESTIC (default — unconfirmed against a company registry),India (assumed),Default classification: not listed under a GJEPC 'International *' section and city field (if present) is an Indian city; no foreign signal found. Not independently verified.,plain_gold,Hall Pavillion,JIO-H 14q,AKOLA
EXH966,ZAVERAT,INDIAN-DOMESTIC (default — unconfirmed against a company registry),India (assumed),Default classification: not listed under a GJEPC 'International *' section and city field (if present) is an Indian city; no foreign signal found. Not independently verified.,plain_gold,Hall 2,2K 280,RAJKOT
EXH1915,ZAYNA EXPORTS,INDIAN-DOMESTIC (default — unconfirmed against a company registry),India (assumed),Default classification: not listed under a GJEPC 'International *' section and city field (if present) is an Indian city; no foreign signal found. Not independently verified.,the_select_club,Hall JASMINE,Club-AE 26a,AMRITSAR
EXH1816,ZEST CORPORATION,INDIAN-DOMESTIC (default — unconfirmed against a company registry),India (assumed),Default classification: not listed under a GJEPC 'International *' section and city field (if present) is an Indian city; no foreign signal found. Not independently verified.,diamond_colorstone,Hall 4,4R 452A,MUMBAI
EXH1102,ZITHARA TECHNOLOGIES PVT LTD,INDIAN-DOMESTIC (default — unconfirmed against a company registry),India (assumed),Default classification: not listed under a GJEPC 'International *' section and city field (if present) is an Indian city; no foreign signal found. Not independently verified.,allied,Hall Aurum,AU 023F,HYDERABAD
EXH2103,AMOGH JEWELS PVT LTD,INDIAN-DOMESTIC (default — unconfirmed against a company registry),India (assumed),Default classification: not listed under a GJEPC 'International *' section and city field (if present) is an Indian city; no foreign signal found. Not independently verified.,plain_gold,Hall Pavillion,JIO-E 10a,BENGALURU
EXH2121,CORAL GOLD,INDIAN-DOMESTIC (default — unconfirmed against a company registry),India (assumed),Default classification: not listed under a GJEPC 'International *' section and city field (if present) is an Indian city; no foreign signal found. Not independently verified.,plain_gold,Hall Pavillion,JIO-C 6f,SURAT
EXH2096,GIA INDIA LABORATORY PVT. LTD.,INDIAN-DOMESTIC (default — unconfirmed against a company registry),India (assumed),Default classification: not listed under a GJEPC 'International *' section and city field (if present) is an Indian city; no foreign signal found. Not independently verified.,lab_edu,Hall 6,6K 071A,MUMBAI
EXH2107,GOLDEN TOUCH ARTWARE  PVT. LTD.,INDIAN-DOMESTIC (default — unconfirmed against a company registry),India (assumed),Default classification: not listed under a GJEPC 'International *' section and city field (if present) is an Indian city; no foreign signal found. Not independently verified.,silver_jewellery_artifacts,Hall Pavillion,JIO-X 42k,DELHI
EXH2101,JKGOLD CHEMICALS PRIVATE LIMITED,INDIAN-DOMESTIC (default — unconfirmed against a company registry),India (assumed),Default classification: not listed under a GJEPC 'International *' section and city field (if present) is an Indian city; no foreign signal found. Not independently verified.,machinery,Hall 5,5U 526,MUMBAI
EXH2123,KAASHVI JEWELS,INDIAN-DOMESTIC (default — unconfirmed against a company registry),India (assumed),Default classification: not listed under a GJEPC 'International *' section and city field (if present) is an Indian city; no foreign signal found. Not independently verified.,plain_gold,Hall Pavillion,Jio-B 4A,MUMBAI
EXH2106,KISHORE MOTIWALA,INDIAN-DOMESTIC (default — unconfirmed against a company registry),India (assumed),Default classification: not listed under a GJEPC 'International *' section and city field (if present) is an Indian city; no foreign signal found. Not independently verified.,loose_stones_color_stones,Hall LOTUS,JIO-AM 48i,JAIPUR
EXH2105,RII SIGNATURE JOOLRY,INDIAN-DOMESTIC (default — unconfirmed against a company registry),India (assumed),Default classification: not listed under a GJEPC 'International *' section and city field (if present) is an Indian city; no foreign signal found. Not independently verified.,plain_gold,Hall Pavillion,JIO-K 18q,MUMBAI
EXH2111,SHAKTI ENTERPRISE,INDIAN-DOMESTIC (default — unconfirmed against a company registry),India (assumed),Default classification: not listed under a GJEPC 'International *' section and city field (if present) is an Indian city; no foreign signal found. Not independently verified.,allied,Hall 5,5V 572A,MUMBAI
EXH2095,SHANTINATH PEARLS,INDIAN-DOMESTIC (default — unconfirmed against a company registry),India (assumed),Default classification: not listed under a GJEPC 'International *' section and city field (if present) is an Indian city; no foreign signal found. Not independently verified.,loose_stones_color_stones,Hall LOTUS,JIO-AM 48h,MUMBAI
EXH2110,SHREE RAJ JEWELLERS,INDIAN-DOMESTIC (default — unconfirmed against a company registry),India (assumed),Default classification: not listed under a GJEPC 'International *' section and city field (if present) is an Indian city; no foreign signal found. Not independently verified.,diamond_colorstone,Hall 3,3Q 404A,SECUNDERABAD
EXH2170,THYOHAR DIAMONDS LLP,INDIAN-DOMESTIC (default — unconfirmed against a company registry),India (assumed),Default classification: not listed under a GJEPC 'International *' section and city field (if present) is an Indian city; no foreign signal found. Not independently verified.,diamond_colorstone,Hall 6,6P 098G,THRISSUR
EXH2113,V CHAINS JEWELLERY PRIVATE LIMITED,INDIAN-DOMESTIC (default — unconfirmed against a company registry),India (assumed),Default classification: not listed under a GJEPC 'International *' section and city field (if present) is an Indian city; no foreign signal found. Not independently verified.,plain_gold,Hall 2,2K 262A,MUMBAI
EXH1557,1UNIQUE JEWELS PRIVATE LIMITED,INDIAN-DOMESTIC (default — unconfirmed against a company registry),India (assumed),Default classification: not listed under a GJEPC 'International *' section and city field (if present) is an Indian city; no foreign signal found. Not independently verified.,the_select_club,Hall JASMINE,Club-AD 21c,MUMBAI
EXH933,4CS,INDIAN-DOMESTIC (default — unconfirmed against a company registry),India (assumed),Default classification: not listed under a GJEPC 'International *' section and city field (if present) is an Indian city; no foreign signal found. Not independently verified.,diamond_colorstone,Hall 3,3Q 404F,MUMBAI
EXH1012,A & A GOLD,INDIAN-DOMESTIC (default — unconfirmed against a company registry),India (assumed),Default classification: not listed under a GJEPC 'International *' section and city field (if present) is an Indian city; no foreign signal found. Not independently verified.,plain_gold,Hall 2,2K 271A,MUMBAI
EXH706,A G JEWELS PRIVATE LIMITED,INDIAN-DOMESTIC (default — unconfirmed against a company registry),India (assumed),Default classification: not listed under a GJEPC 'International *' section and city field (if present) is an Indian city; no foreign signal found. Not independently verified.,diamond_colorstone,Hall 6,6R 125E,JAIPUR
EXH847,A R JEWEL,INDIAN-DOMESTIC (default — unconfirmed against a company registry),India (assumed),Default classification: not listed under a GJEPC 'International *' section and city field (if present) is an Indian city; no foreign signal found. Not independently verified.,diamond_colorstone,Hall 6,6Q 116,SURAT
EXH676,A. MAHENDRA JEWELLERS,INDIAN-DOMESTIC (default — unconfirmed against a company registry),India (assumed),Default classification: not listed under a GJEPC 'International *' section and city field (if present) is an Indian city; no foreign signal found. Not independently verified.,plain_gold,Hall 4,4S 485C,MUMBAI
EXH1974,A.B. GOLD,INDIAN-DOMESTIC (default — unconfirmed against a company registry),India (assumed),Default classification: not listed under a GJEPC 'International *' section and city field (if present) is an Indian city; no foreign signal found. Not independently verified.,plain_gold,Hall 2,2K 317,MUMBAI
EXH462,A.D.JEWELLERS,INDIAN-DOMESTIC (default — unconfirmed against a company registry),India (assumed),Default classification: not listed under a GJEPC 'International *' section and city field (if present) is an Indian city; no foreign signal found. Not independently verified.,plain_gold,Hall Pavillion,JIO-M 22k,MUMBAI
EXH1785,A.J. MEHTA & CO.  LLP,INDIAN-DOMESTIC (default — unconfirmed against a company registry),India (assumed),Default classification: not listed under a GJEPC 'International *' section and city field (if present) is an Indian city; no foreign signal found. Not independently verified.,loose_stones_diamonds,Hall Pavillion,JIO-H 13g,MUMBAI
EXH1498,A.S. GEMS EXPORT,INDIAN-DOMESTIC (default — unconfirmed against a company registry),India (assumed),Default classification: not listed under a GJEPC 'International *' section and city field (if present) is an Indian city; no foreign signal found. Not independently verified.,loose_stones_color_stones,Hall LOTUS,JIO-AR 56e,JAIPUR
EXH1583,AADITYA DIAMGOLD PVT.LTD.,INDIAN-DOMESTIC (default — unconfirmed against a company registry),India (assumed),Default classification: not listed under a GJEPC 'International *' section and city field (if present) is an Indian city; no foreign signal found. Not independently verified.,diamond_colorstone,Hall 3,3N 397A,AHMEDABAD
EXH150,AAHAV FINE JEWELS,INDIAN-DOMESTIC (default — unconfirmed against a company registry),India (assumed),Default classification: not listed under a GJEPC 'International *' section and city field (if present) is an Indian city; no foreign signal found. Not independently verified.,diamond_colorstone,Hall 6,6M 089D,MUMBAI
EXH1613,AAKAR JEWELLS,INDIAN-DOMESTIC (default — unconfirmed against a company registry),India (assumed),Default classification: not listed under a GJEPC 'International *' section and city field (if present) is an Indian city; no foreign signal found. Not independently verified.,plain_gold,Hall Pavillion,JIO-J 15r,MUMBAI
EXH887,AANGI CREATION,INDIAN-DOMESTIC (default — unconfirmed against a company registry),India (assumed),Default classification: not listed under a GJEPC 'International *' section and city field (if present) is an Indian city; no foreign signal found. Not independently verified.,diamond_colorstone,Hall 4,4R 471D,AHMEDABAD
EXH1701,AANGI GEMS,INDIAN-DOMESTIC (default — unconfirmed against a company registry),India (assumed),Default classification: not listed under a GJEPC 'International *' section and city field (if present) is an Indian city; no foreign signal found. Not independently verified.,diamond_colorstone,Hall 6,6P 104D,MUMBAI
EXH504,AARADHYA JEWELLERY,INDIAN-DOMESTIC (default — unconfirmed against a company registry),India (assumed),Default classification: not listed under a GJEPC 'International *' section and city field (if present) is an Indian city; no foreign signal found. Not independently verified.,diamond_colorstone,Hall 4,4R 461E,SURAT
EXH691,AARNA JEWELS,INDIAN-DOMESTIC (default — unconfirmed against a company registry),India (assumed),Default classification: not listed under a GJEPC 'International *' section and city field (if present) is an Indian city; no foreign signal found. Not independently verified.,diamond_colorstone,Hall 3,3P 414B,MUMBAI
EXH715,AARNA JEWELS,INDIAN-DOMESTIC (default — unconfirmed against a company registry),India (assumed),Default classification: not listed under a GJEPC 'International *' section and city field (if present) is an Indian city; no foreign signal found. Not independently verified.,diamond_colorstone,Hall 6,6Q 110,JAIPUR
EXH749,AAROH JEWELS,INDIAN-DOMESTIC (default — unconfirmed against a company registry),India (assumed),Default classification: not listed under a GJEPC 'International *' section and city field (if present) is an Indian city; no foreign signal found. Not independently verified.,the_select_club,Hall JASMINE,Club-AC 19c,MUMBAI
EXH1512,AAROHI JEWELS,INDIAN-DOMESTIC (default — unconfirmed against a company registry),India (assumed),Default classification: not listed under a GJEPC 'International *' section and city field (if present) is an Indian city; no foreign signal found. Not independently verified.,plain_gold,Hall 2,2G 169,MUMBAI
EXH1818,AARPEE BANGLES,INDIAN-DOMESTIC (default — unconfirmed against a company registry),India (assumed),Default classification: not listed under a GJEPC 'International *' section and city field (if present) is an Indian city; no foreign signal found. Not independently verified.,plain_gold,Hall 4,4S 490C,MUMBAI
EXH2051,AASHI FACETS HK LIMITED,FOREIGN,"Hong Kong SAR, China","GJEPC exhibitor-list Section field = 'International Jewellery' (organizer-assigned foreign/international pavilion category, distinct from domestic sections like plain_gold/diamond_colorstone/silver_jewellery_artifacts); City field = 'HONG KONG' -> country inferred",International Jewellery,Hall Pavillion,JIO-P 28c,HONG KONG
EXH1886,AASHNA DIAMOND,INDIAN-DOMESTIC (default — unconfirmed against a company registry),India (assumed),Default classification: not listed under a GJEPC 'International *' section and city field (if present) is an Indian city; no foreign signal found. Not independently verified.,loose_stones_diamonds,Hall Pavillion,JIO-H 13e,MUMBAI
EXH888,AASTHA DIAMONDS,INDIAN-DOMESTIC (default — unconfirmed against a company registry),India (assumed),Default classification: not listed under a GJEPC 'International *' section and city field (if present) is an Indian city; no foreign signal found. Not independently verified.,diamond_colorstone,Hall 2,2H 246B,MUMBAI
EXH954,AAYU JEWELS LLP,INDIAN-DOMESTIC (default — unconfirmed against a company registry),India (assumed),Default classification: not listed under a GJEPC 'International *' section and city field (if present) is an Indian city; no foreign signal found. Not independently verified.,lgd_jewellery,Hall Pavillion,JIO-Z 46g,MUMBAI
EXH1387,ABANS JEWELS PVT. LTD.,INDIAN-DOMESTIC (default — unconfirmed against a company registry),India (assumed),Default classification: not listed under a GJEPC 'International *' section and city field (if present) is an Indian city; no foreign signal found. Not independently verified.,diamond_colorstone,Hall 3,3Q 406E,MUMBAI
EXH480,ABHAY NAVINCHANDRA,INDIAN-DOMESTIC (default — unconfirmed against a company registry),India (assumed),Default classification: not listed under a GJEPC 'International *' section and city field (if present) is an Indian city; no foreign signal found. Not independently verified.,the_select_club,Hall JASMINE,Club-AE 26d,MUMBAI
EXH2104,ABHAY PEARLS,INDIAN-DOMESTIC (default — unconfirmed against a company registry),India (assumed),Default classification: not listed under a GJEPC 'International *' section and city field (if present) is an Indian city; no foreign signal found. Not independently verified.,loose_stones_color_stones,Hall LOTUS,JIO-AM 48g,HYDERABAD
EXH1005,ACEPETAL JEWELS,INDIAN-DOMESTIC (default — unconfirmed against a company registry),India (assumed),Default classification: not listed under a GJEPC 'International *' section and city field (if present) is an Indian city; no foreign signal found. Not independently verified.,machinery,Hall 5,5U 560,MUMBAI
EXH14,ACHAL GOLD LLP,INDIAN-DOMESTIC (default — unconfirmed against a company registry),India (assumed),Default classification: not listed under a GJEPC 'International *' section and city field (if present) is an Indian city; no foreign signal found. Not independently verified.,diamond_colorstone,Hall 3,3N 398B,AHMEDABAD
EXH727,ACPL EXPORTS PRIVATE LIMITED,INDIAN-DOMESTIC (default — unconfirmed against a company registry),India (assumed),Default classification: not listed under a GJEPC 'International *' section and city field (if present) is an Indian city; no foreign signal found. Not independently verified.,silver_jewellery_artifacts,Hall Pavillion,JIO-U 38a,NEW DELHI
EXH697,ACTION GOLD,INDIAN-DOMESTIC (default — unconfirmed against a company registry),India (assumed),Default classification: not listed under a GJEPC 'International *' section and city field (if present) is an Indian city; no foreign signal found. Not independently verified.,plain_gold,Hall 2,2K 260A,MUMBAI
EXH1874,ADA JEWELS,INDIAN-DOMESTIC (default — unconfirmed against a company registry),India (assumed),Default classification: not listed under a GJEPC 'International *' section and city field (if present) is an Indian city; no foreign signal found. Not independently verified.,diamond_colorstone,Hall 2,2H 205,JAIPUR
EXH1923,ADANI & CO,INDIAN-DOMESTIC (default — unconfirmed against a company registry),India (assumed),Default classification: not listed under a GJEPC 'International *' section and city field (if present) is an Indian city; no foreign signal found. Not independently verified.,plain_gold,Hall 2,2J 273E,MUMBAI
EXH1718,ADHIRAJ IMPEX,INDIAN-DOMESTIC (default — unconfirmed against a company registry),India (assumed),Default classification: not listed under a GJEPC 'International *' section and city field (if present) is an Indian city; no foreign signal found. Not independently verified.,loose_stones_color_stones,Hall JASMINE,JIO-AJ 43h,JAIPUR
EXH1633,ADITYA GEMS,INDIAN-DOMESTIC (default — unconfirmed against a company registry),India (assumed),Default classification: not listed under a GJEPC 'International *' section and city field (if present) is an Indian city; no foreign signal found. Not independently verified.,loose_stones_color_stones,Hall LOTUS,JIO-AL 47b,JAIPUR
EXH237,ADITYA JEWELS INDIA LLP,INDIAN-DOMESTIC (default — unconfirmed against a company registry),India (assumed),Default classification: not listed under a GJEPC 'International *' section and city field (if present) is an Indian city; no foreign signal found. Not independently verified.,plain_gold,Hall 2,2K 282,HYDERABAD
EXH347,ADVIKA CREATION,INDIAN-DOMESTIC (default — unconfirmed against a company registry),India (assumed),Default classification: not listed under a GJEPC 'International *' section and city field (if present) is an Indian city; no foreign signal found. Not independently verified.,diamond_colorstone,Hall 2,2H 214,JAIPUR
EXH2014,ADVIT JEWELS LIMITED,INDIAN-DOMESTIC (default — unconfirmed against a company registry),India (assumed),Default classification: not listed under a GJEPC 'International *' section and city field (if present) is an Indian city; no foreign signal found. Not independently verified.,the_select_club,Hall JASMINE,Club-AF 27b,JAIPUR
EXH2092,AFRA INTERNATIONAL FZC,FOREIGN,United Arab Emirates,"GJEPC exhibitor-list Section field = 'International Machinery' (organizer-assigned foreign/international pavilion category, distinct from domestic sections like plain_gold/diamond_colorstone/silver_jewellery_artifacts); City field = 'SHARJAH' -> country inferred",International Machinery,Hall 5,5U 520,SHARJAH
EXH682,AGARWAL & CO,INDIAN-DOMESTIC (default — unconfirmed against a company registry),India (assumed),Default classification: not listed under a GJEPC 'International *' section and city field (if present) is an Indian city; no foreign signal found. Not independently verified.,diamond_colorstone,Hall 3,3N 390D,JAIPUR
EXH1548,AGCOLOR LLP,INDIAN-DOMESTIC (default — unconfirmed against a company registry),India (assumed),Default classification: not listed under a GJEPC 'International *' section and city field (if present) is an Indian city; no foreign signal found. Not independently verified.,the_select_club,Hall JASMINE,Club-AG 38a,JAIPUR
EXH57,AGILE MACHINERIES PVT LTD,INDIAN-DOMESTIC (default — unconfirmed against a company registry),India (assumed),Default classification: not listed under a GJEPC 'International *' section and city field (if present) is an Indian city; no foreign signal found. Not independently verified.,machinery,Hall 5,5V 602,GANDHINAGAR
EXH1394,AHELI JEWELLERY,INDIAN-DOMESTIC (default — unconfirmed against a company registry),India (assumed),Default classification: not listed under a GJEPC 'International *' section and city field (if present) is an Indian city; no foreign signal found. Not independently verified.,plain_gold,Hall 6,6A 013,MUMBAI
EXH173,AI DIAMOND,INDIAN-DOMESTIC (default — unconfirmed against a company registry),India (assumed),Default classification: not listed under a GJEPC 'International *' section and city field (if present) is an Indian city; no foreign signal found. Not independently verified.,loose_stones_diamonds,Hall Pavillion,JIO-E 9f,MUMBAI
EXH856,AJAHARA JEWELS,INDIAN-DOMESTIC (default — unconfirmed against a company registry),India (assumed),Default classification: not listed under a GJEPC 'International *' section and city field (if present) is an Indian city; no foreign signal found. Not independently verified.,plain_gold,Hall Pavillion,JIO-F 10i,MUMBAI
EXH1344,AKSHAR JEWEL,INDIAN-DOMESTIC (default — unconfirmed against a company registry),India (assumed),Default classification: not listed under a GJEPC 'International *' section and city field (if present) is an Indian city; no foreign signal found. Not independently verified.,diamond_colorstone,Hall 6,6J 069C,SURAT
EXH1722,AKSHAY GEMS,INDIAN-DOMESTIC (default — unconfirmed against a company registry),India (assumed),Default classification: not listed under a GJEPC 'International *' section and city field (if present) is an Indian city; no foreign signal found. Not independently verified.,silver_jewellery_artifacts,Hall Pavillion,JIO-T 35c,JAIPUR
EXH2149,ALL INDIA GEM AND JEWELLERY DOMESTIC COUNCIL (GJC),INDIAN-DOMESTIC (default — unconfirmed against a company registry),India (assumed),Default classification: not listed under a GJEPC 'International *' section and city field (if present) is an Indian city; no foreign signal found. Not independently verified.,plain_gold,Hall 3,3L 377E,MUMBAI
EXH1928,ALLIED GEMS CORPORATION,INDIAN-DOMESTIC (default — unconfirmed against a company registry),India (assumed),Default classification: not listed under a GJEPC 'International *' section and city field (if present) is an Indian city; no foreign signal found. Not independently verified.,loose_stones_color_stones,Hall JASMINE,JIO-AH 41p,JAIPUR
EXH1472,ALLURE PEARLS AND JEWELS,INDIAN-DOMESTIC (default — unconfirmed against a company registry),India (assumed),Default classification: not listed under a GJEPC 'International *' section and city field (if present) is an Indian city; no foreign signal found. Not independently verified.,silver_jewellery_artifacts,Hall Pavillion,JIO-R 31g,MUMBAI
EXH995,ALPSTAR FINE JEWELRY,INDIAN-DOMESTIC (default — unconfirmed against a company registry),India (assumed),Default classification: not listed under a GJEPC 'International *' section and city field (if present) is an Indian city; no foreign signal found. Not independently verified.,plain_gold,Hall 3,3L 375B,SURAT
EXH1263,ALUX DIAMOND AND JEWELS,INDIAN-DOMESTIC (default — unconfirmed against a company registry),India (assumed),Default classification: not listed under a GJEPC 'International *' section and city field (if present) is an Indian city; no foreign signal found. Not independently verified.,diamond_colorstone,Hall 2,2J 245H,MUMBAI
EXH984,AM PROTOTYPING LABS PVT LTD,INDIAN-DOMESTIC (default — unconfirmed against a company registry),India (assumed),Default classification: not listed under a GJEPC 'International *' section and city field (if present) is an Indian city; no foreign signal found. Not independently verified.,machinery,Hall Aurum,AU 056,MUMBAI
EXH782,AMAIRA JEWELS,INDIAN-DOMESTIC (default — unconfirmed against a company registry),India (assumed),Default classification: not listed under a GJEPC 'International *' section and city field (if present) is an Indian city; no foreign signal found. Not independently verified.,diamond_colorstone,Hall 2,2H 249B,JAIPUR
EXH1647,AMAN ORNAMENTS,INDIAN-DOMESTIC (default — unconfirmed against a company registry),India (assumed),Default classification: not listed under a GJEPC 'International *' section and city field (if present) is an Indian city; no foreign signal found. Not independently verified.,silver_jewellery_artifacts,Hall Pavillion,JIO-W 41b,RAJKOT
EXH65,AMAR MACHINE TOOLS,INDIAN-DOMESTIC (default — unconfirmed against a company registry),India (assumed),Default classification: not listed under a GJEPC 'International *' section and city field (if present) is an Indian city; no foreign signal found. Not independently verified.,machinery,Hall 5,5U 571D,AGRA
EXH981,AMARI DESIGNER JEWELLERY,INDIAN-DOMESTIC (default — unconfirmed against a company registry),India (assumed),Default classification: not listed under a GJEPC 'International *' section and city field (if present) is an Indian city; no foreign signal found. Not independently verified.,silver_jewellery_artifacts,Hall Pavillion,JIO-S 31n,HYDERABAD
EXH971,AMARKOSH JEWELS LLP,INDIAN-DOMESTIC (default — unconfirmed against a company registry),India (assumed),Default classification: not listed under a GJEPC 'International *' section and city field (if present) is an Indian city; no foreign signal found. Not independently verified.,diamond_colorstone,Hall 6,6P 103E,MUMBAI
EXH643,AMBICA CAST,INDIAN-DOMESTIC (default — unconfirmed against a company registry),India (assumed),Default classification: not listed under a GJEPC 'International *' section and city field (if present) is an Indian city; no foreign signal found. Not independently verified.,plain_gold,Hall 3,3L 365D,MUMBAI
EXH1589,AMBICA JEWELLERS,INDIAN-DOMESTIC (default — unconfirmed against a company registry),India (assumed),Default classification: not listed under a GJEPC 'International *' section and city field (if present) is an Indian city; no foreign signal found. Not independently verified.,silver_jewellery_artifacts,Hall Pavillion,JIO-W 42e,MUMBAI
EXH1262,AMIT GOLD,INDIAN-DOMESTIC (default — unconfirmed against a company registry),India (assumed),Default classification: not listed under a GJEPC 'International *' section and city field (if present) is an Indian city; no foreign signal found. Not independently verified.,plain_gold,Hall 2,2K 322,MUMBAI
EXH139,AMIT INDUSTRIES,INDIAN-DOMESTIC (default — unconfirmed against a company registry),India (assumed),Default classification: not listed under a GJEPC 'International *' section and city field (if present) is an Indian city; no foreign signal found. Not independently verified.,machinery,Hall 5,5U 545,RAJKOT
EXH542,AMORE JEWELS PVT.LTD.,INDIAN-DOMESTIC (default — unconfirmed against a company registry),India (assumed),Default classification: not listed under a GJEPC 'International *' section and city field (if present) is an Indian city; no foreign signal found. Not independently verified.,diamond_colorstone,Hall 4,4R 458B,MUMBAI
EXH1788,AMRIT GOLD JEWELLERS INDIA PRIVATE LIMITED,INDIAN-DOMESTIC (default — unconfirmed against a company registry),India (assumed),Default classification: not listed under a GJEPC 'International *' section and city field (if present) is an Indian city; no foreign signal found. Not independently verified.,plain_gold,Hall 4,4T 501C,MUMBAI
EXH1335,AMYRAH CREATIONS PRIVATE LIMITED,INDIAN-DOMESTIC (default — unconfirmed against a company registry),India (assumed),Default classification: not listed under a GJEPC 'International *' section and city field (if present) is an Indian city; no foreign signal found. Not independently verified.,silver_jewellery_artifacts,Hall Pavillion,JIO-W 40g,MUMBAI
EXH815,ANAN JEWELS INDIA LLP,INDIAN-DOMESTIC (default — unconfirmed against a company registry),India (assumed),Default classification: not listed under a GJEPC 'International *' section and city field (if present) is an Indian city; no foreign signal found. Not independently verified.,the_select_club,Hall JASMINE,Club-AE 29a,MUMBAI
EXH369,ANAND DARSHAN SILVERS,INDIAN-DOMESTIC (default — unconfirmed against a company registry),India (assumed),Default classification: not listed under a GJEPC 'International *' section and city field (if present) is an Indian city; no foreign signal found. Not independently verified.,silver_jewellery_artifacts,Hall Pavillion,JIO-W 39h,MUMBAI
EXH178,ANAND PACKAGING,INDIAN-DOMESTIC (default — unconfirmed against a company registry),India (assumed),Default classification: not listed under a GJEPC 'International *' section and city field (if present) is an Indian city; no foreign signal found. Not independently verified.,allied,Hall Aurum,AU 024D,NEW DELHI
EXH857,ANAND SHAH JEWELS LLP,INDIAN-DOMESTIC (default — unconfirmed against a company registry),India (assumed),Default classification: not listed under a GJEPC 'International *' section and city field (if present) is an Indian city; no foreign signal found. Not independently verified.,the_select_club,Hall JASMINE,Club-AA 7d,MUMBAI
EXH236,ANANT JEWELS AND TECHNOLOGIES,INDIAN-DOMESTIC (default — unconfirmed against a company registry),India (assumed),Default classification: not listed under a GJEPC 'International *' section and city field (if present) is an Indian city; no foreign signal found. Not independently verified.,machinery,Hall 5,5U 548,MUMBAI
EXH71,ANANT LAXMI DIEMAKERS,INDIAN-DOMESTIC (default — unconfirmed against a company registry),India (assumed),Default classification: not listed under a GJEPC 'International *' section and city field (if present) is an Indian city; no foreign signal found. Not independently verified.,machinery,Hall 5,5V 572B,THANE
EXH540,ANANTAM JEWELS PRIVATE  LIMITED,INDIAN-DOMESTIC (default — unconfirmed against a company registry),India (assumed),Default classification: not listed under a GJEPC 'International *' section and city field (if present) is an Indian city; no foreign signal found. Not independently verified.,plain_gold,Hall 2,2K 264D,MUMBAI
EXH1596,ANGEL JEWELS LLP,INDIAN-DOMESTIC (default — unconfirmed against a company registry),India (assumed),Default classification: not listed under a GJEPC 'International *' section and city field (if present) is an Indian city; no foreign signal found. Not independently verified.,the_select_club,Hall JASMINE,Club-AD 25a,MUMBAI
EXH868,ANIKA JEWELS LLP,INDIAN-DOMESTIC (default — unconfirmed against a company registry),India (assumed),Default classification: not listed under a GJEPC 'International *' section and city field (if present) is an Indian city; no foreign signal found. Not independently verified.,plain_gold,Hall 2,2J 273C,MUMBAI
EXH2161,ANJALI LABTECH LIMITED,INDIAN-DOMESTIC (default — unconfirmed against a company registry),India (assumed),Default classification: not listed under a GJEPC 'International *' section and city field (if present) is an Indian city; no foreign signal found. Not independently verified.,lgd_diamond,Hall Pavillion,JIO-Y 45BC,SURAT
EXH942,ANKIT GEMS PVT. LTD.,INDIAN-DOMESTIC (default — unconfirmed against a company registry),India (assumed),Default classification: not listed under a GJEPC 'International *' section and city field (if present) is an Indian city; no foreign signal found. Not independently verified.,loose_stones_diamonds,Hall Pavillion,JIO-L 21e,MUMBAI
EXH1296,ANKIT MALPANI,INDIAN-DOMESTIC (default — unconfirmed against a company registry),India (assumed),Default classification: not listed under a GJEPC 'International *' section and city field (if present) is an Indian city; no foreign signal found. Not independently verified.,diamond_colorstone,Hall 6,6P 098F,JAIPUR
EXH2024,ANM JEWELLERYLINE,INDIAN-DOMESTIC (default — unconfirmed against a company registry),India (assumed),Default classification: not listed under a GJEPC 'International *' section and city field (if present) is an Indian city; no foreign signal found. Not independently verified.,silver_jewellery_artifacts,Hall Pavillion,JIO-R 30n,NEW DELHI
EXH693,ANMOL DIAMONDS,INDIAN-DOMESTIC (default — unconfirmed against a company registry),India (assumed),Default classification: not listed under a GJEPC 'International *' section and city field (if present) is an Indian city; no foreign signal found. Not independently verified.,diamond_colorstone,Hall 3,3Q 414A,MUMBAI
EXH840,ANMOL JEWELLERS,INDIAN-DOMESTIC (default — unconfirmed against a company registry),India (assumed),Default classification: not listed under a GJEPC 'International *' section and city field (if present) is an Indian city; no foreign signal found. Not independently verified.,plain_gold,Hall 4,4T 509B,HYDERABAD
EXH1638,ANMOL JEWELLERS,INDIAN-DOMESTIC (default — unconfirmed against a company registry),India (assumed),Default classification: not listed under a GJEPC 'International *' section and city field (if present) is an Indian city; no foreign signal found. Not independently verified.,silver_jewellery_artifacts,Hall Pavillion,JIO-Q 30f,BENGALURU
EXH787,ANNORAA CREATIONS,INDIAN-DOMESTIC (default — unconfirmed against a company registry),India (assumed),Default classification: not listed under a GJEPC 'International *' section and city field (if present) is an Indian city; no foreign signal found. Not independently verified.,plain_gold,Hall 6,6R 129A,MUMBAI
EXH1304,ANOKHA JEWELS PRIVATE LIMITED,INDIAN-DOMESTIC (default — unconfirmed against a company registry),India (assumed),Default classification: not listed under a GJEPC 'International *' section and city field (if present) is an Indian city; no foreign signal found. Not independently verified.,the_select_club,Hall JASMINE,Club-AF 35a,KOLKATA
EXH1361,ANOKHI JEWELS,INDIAN-DOMESTIC (default — unconfirmed against a company registry),India (assumed),Default classification: not listed under a GJEPC 'International *' section and city field (if present) is an Indian city; no foreign signal found. Not independently verified.,plain_gold,Hall 3,3L 370C,MUMBAI
EXH1421,ANSAA JEWELLERS (P) LTD.,INDIAN-DOMESTIC (default — unconfirmed against a company registry),India (assumed),Default classification: not listed under a GJEPC 'International *' section and city field (if present) is an Indian city; no foreign signal found. Not independently verified.,the_select_club,Hall JASMINE,Club-AA 1a,MUMBAI
EXH1311,ANSUL EXPORTS,INDIAN-DOMESTIC (default — unconfirmed against a company registry),India (assumed),Default classification: not listed under a GJEPC 'International *' section and city field (if present) is an Indian city; no foreign signal found. Not independently verified.,silver_jewellery_artifacts,Hall Pavillion,JIO-R 30r,DELHI
EXH1608,ANVEYA JEWELS LLP,INDIAN-DOMESTIC (default — unconfirmed against a company registry),India (assumed),Default classification: not listed under a GJEPC 'International *' section and city field (if present) is an Indian city; no foreign signal found. Not independently verified.,diamond_colorstone,Hall 3,3Q 412D,MUMBAI
EXH2069,AP GEMS HK,FOREIGN,"Hong Kong SAR, China","GJEPC exhibitor-list Section field = 'International Loose' (organizer-assigned foreign/international pavilion category, distinct from domestic sections like plain_gold/diamond_colorstone/silver_jewellery_artifacts); City field = 'KOWLOON' -> country inferred",International Loose,Hall LOTUS,JIO-AQ 54f,KOWLOON
EXH1695,APOORVA JEWELS,INDIAN-DOMESTIC (default — unconfirmed against a company registry),India (assumed),Default classification: not listed under a GJEPC 'International *' section and city field (if present) is an Indian city; no foreign signal found. Not independently verified.,loose_stones_color_stones,Hall LOTUS,JIO-AR 59c,JAIPUR
EXH2089,APPLE GREEN DIAMOND INC,FOREIGN,Japan,"GJEPC exhibitor-list Section field = 'International Jewellery' (organizer-assigned foreign/international pavilion category, distinct from domestic sections like plain_gold/diamond_colorstone/silver_jewellery_artifacts); City field = 'OSAKA' -> country inferred",International Jewellery,Hall Pavillion,JIO-Q 28k,OSAKA
EXH1091,APX INTERNATIONAL,INDIAN-DOMESTIC (default — unconfirmed against a company registry),India (assumed),Default classification: not listed under a GJEPC 'International *' section and city field (if present) is an Indian city; no foreign signal found. Not independently verified.,machinery,Hall 5,5U 570F,MUMBAI
EXH421,ARHAM CHAINS,INDIAN-DOMESTIC (default — unconfirmed against a company registry),India (assumed),Default classification: not listed under a GJEPC 'International *' section and city field (if present) is an Indian city; no foreign signal found. Not independently verified.,plain_gold,Hall Pavillion,JIO-F 11a,MUMBAI
EXH1384,ARHAM GEMS & JEWELS,INDIAN-DOMESTIC (default — unconfirmed against a company registry),India (assumed),Default classification: not listed under a GJEPC 'International *' section and city field (if present) is an Indian city; no foreign signal found. Not independently verified.,loose_stones_color_stones,Hall JASMINE,JIO-AH 41n,JAIPUR
EXH1805,ARHAM INTERNATIONAL GEMS,INDIAN-DOMESTIC (default — unconfirmed against a company registry),India (assumed),Default classification: not listed under a GJEPC 'International *' section and city field (if present) is an Indian city; no foreign signal found. Not independently verified.,loose_stones_color_stones,Hall JASMINE,JIO-AK 46i,JAIPUR
EXH320,ARHAM JEWELLERS,INDIAN-DOMESTIC (default — unconfirmed against a company registry),India (assumed),Default classification: not listed under a GJEPC 'International *' section and city field (if present) is an Indian city; no foreign signal found. Not independently verified.,plain_gold,Hall 3,3L 350,KOLKATA
EXH1404,ARHAM JEWELLERS,INDIAN-DOMESTIC (default — unconfirmed against a company registry),India (assumed),Default classification: not listed under a GJEPC 'International *' section and city field (if present) is an Indian city; no foreign signal found. Not independently verified.,plain_gold,Hall 3,3N 380F,MUMBAI
EXH465,ARIHANT DIAMOND INSTITUTE,INDIAN-DOMESTIC (default — unconfirmed against a company registry),India (assumed),Default classification: not listed under a GJEPC 'International *' section and city field (if present) is an Indian city; no foreign signal found. Not independently verified.,lab_edu,Hall 6,6Q 101E,SURAT
EXH1018,ARIHANT ENTERPRISE,INDIAN-DOMESTIC (default — unconfirmed against a company registry),India (assumed),Default classification: not listed under a GJEPC 'International *' section and city field (if present) is an Indian city; no foreign signal found. Not independently verified.,machinery,Hall 5,5V 620,MUMBAI
EXH1024,ARIHANT GEMS,INDIAN-DOMESTIC (default — unconfirmed against a company registry),India (assumed),Default classification: not listed under a GJEPC 'International *' section and city field (if present) is an Indian city; no foreign signal found. Not independently verified.,loose_stones_color_stones,Hall LOTUS,JIO-AP 52e,JAIPUR
EXH709,ARIHANT GEMS N JEWELS,INDIAN-DOMESTIC (default — unconfirmed against a company registry),India (assumed),Default classification: not listed under a GJEPC 'International *' section and city field (if present) is an Indian city; no foreign signal found. Not independently verified.,plain_gold,Hall 2,2G 174,MUMBAI
EXH436,ARIHANT JEWELLERS,INDIAN-DOMESTIC (default — unconfirmed against a company registry),India (assumed),Default classification: not listed under a GJEPC 'International *' section and city field (if present) is an Indian city; no foreign signal found. Not independently verified.,plain_gold,Hall 3,3M 373F,COIMBATORE
EXH1954,ARIHANT JEWELLERS,INDIAN-DOMESTIC (default — unconfirmed against a company registry),India (assumed),Default classification: not listed under a GJEPC 'International *' section and city field (if present) is an Indian city; no foreign signal found. Not independently verified.,plain_gold,Hall 3,3L 356,MUMBAI
EXH1840,ARJIV EXPORTS,INDIAN-DOMESTIC (default — unconfirmed against a company registry),India (assumed),Default classification: not listed under a GJEPC 'International *' section and city field (if present) is an Indian city; no foreign signal found. Not independently verified.,loose_stones_diamonds,Hall Pavillion,JIO-J 16f,MUMBAI
EXH2002,ARKAJ DIAM,INDIAN-DOMESTIC (default — unconfirmed against a company registry),India (assumed),Default classification: not listed under a GJEPC 'International *' section and city field (if present) is an Indian city; no foreign signal found. Not independently verified.,loose_stones_diamonds,Hall Pavillion,JIO-K 20e,SURAT
EXH1561,ARMAS JEWELS LLP,INDIAN-DOMESTIC (default — unconfirmed against a company registry),India (assumed),Default classification: not listed under a GJEPC 'International *' section and city field (if present) is an Indian city; no foreign signal found. Not independently verified.,plain_gold,Hall 4,4S 491C,SURAT
EXH130,ARTISTRY INC.,INDIAN-DOMESTIC (default — unconfirmed against a company registry),India (assumed),Default classification: not listed under a GJEPC 'International *' section and city field (if present) is an Indian city; no foreign signal found. Not independently verified.,allied,Hall Aurum,AU 023E,MUMBAI
EXH1229,ARYA GOLD,INDIAN-DOMESTIC (default — unconfirmed against a company registry),India (assumed),Default classification: not listed under a GJEPC 'International *' section and city field (if present) is an Indian city; no foreign signal found. Not independently verified.,plain_gold,Hall 3,3M 380E,MUMBAI
EXH1218,ARZISH GOLDCRAFT PRIVATE LIMITED,INDIAN-DOMESTIC (default — unconfirmed against a company registry),India (assumed),Default classification: not listed under a GJEPC 'International *' section and city field (if present) is an Indian city; no foreign signal found. Not independently verified.,plain_gold,Hall Pavillion,JIO-B 1q,AHMEDABAD
EXH969,ASHA & COMPANY,INDIAN-DOMESTIC (default — unconfirmed against a company registry),India (assumed),Default classification: not listed under a GJEPC 'International *' section and city field (if present) is an Indian city; no foreign signal found. Not independently verified.,machinery,Hall 5,5U 566,AGRA
EXH268,ASHA ENTERPRISES,INDIAN-DOMESTIC (default — unconfirmed against a company registry),India (assumed),Default classification: not listed under a GJEPC 'International *' section and city field (if present) is an Indian city; no foreign signal found. Not independently verified.,loose_stones_diamonds,Hall Pavillion,JIO-K 17h,JAIPUR
EXH1642,ASHIRA JEWELS,INDIAN-DOMESTIC (default — unconfirmed against a company registry),India (assumed),Default classification: not listed under a GJEPC 'International *' section and city field (if present) is an Indian city; no foreign signal found. Not independently verified.,lgd_jewellery,Hall Pavillion,JIO-Z 47e,MUMBAI
EXH1870,ASHOK DIAMONDS,INDIAN-DOMESTIC (default — unconfirmed against a company registry),India (assumed),Default classification: not listed under a GJEPC 'International *' section and city field (if present) is an Indian city; no foreign signal found. Not independently verified.,diamond_colorstone,Hall 2,2H 210,BENGALURU
EXH2019,ASHOK JEWELLERS,INDIAN-DOMESTIC (default — unconfirmed against a company registry),India (assumed),Default classification: not listed under a GJEPC 'International *' section and city field (if present) is an Indian city; no foreign signal found. Not independently verified.,loose_stones_color_stones,Hall JASMINE,JIO-AH 44g,JAIPUR
EXH2074,ASHOK JEWELS,FOREIGN,Turkey,"GJEPC exhibitor-list Section field = 'International Jewellery' (organizer-assigned foreign/international pavilion category, distinct from domestic sections like plain_gold/diamond_colorstone/silver_jewellery_artifacts); City field = 'TURKEY' -> country inferred",International Jewellery,Hall 6,6B 019D,TURKEY
EXH496,ASIAN LASER,INDIAN-DOMESTIC (default — unconfirmed against a company registry),India (assumed),Default classification: not listed under a GJEPC 'International *' section and city field (if present) is an Indian city; no foreign signal found. Not independently verified.,machinery,Hall 5,5U 573B,MUMBAI
EXH1670,ASTHA JEWELS & ORNAMENTS LIMITED,INDIAN-DOMESTIC (default — unconfirmed against a company registry),India (assumed),Default classification: not listed under a GJEPC 'International *' section and city field (if present) is an Indian city; no foreign signal found. Not independently verified.,diamond_colorstone,Hall 3,3Q 412B,THANE
EXH565,AT PLUS JEWELLERS PVT. LTD.,INDIAN-DOMESTIC (default — unconfirmed against a company registry),India (assumed),Default classification: not listed under a GJEPC 'International *' section and city field (if present) is an Indian city; no foreign signal found. Not independently verified.,plain_gold,Hall 4,4S 486C,KOLKATA
EXH1917,ATHARV JEWELS,INDIAN-DOMESTIC (default — unconfirmed against a company registry),India (assumed),Default classification: not listed under a GJEPC 'International *' section and city field (if present) is an Indian city; no foreign signal found. Not independently verified.,diamond_colorstone,Hall 6,6L 086C,JAIPUR
EXH2048,ATLIHAN KALIP KUYUMCULUK MAKINA SAN TIC,FOREIGN,"Turkey (inferred from Turkish-language company name — ""Kuyumculuk""=jewelry, ""Sanayi Ticaret""=industry & trade — not from city/legal-suffix field)",GJEPC Section = International Machinery; country inferred from Turkish-language wording in company name (city field blank in source),International Machinery,Hall 5,5V 588,
EXH128,ATULYEA CHAINS,INDIAN-DOMESTIC (default — unconfirmed against a company registry),India (assumed),Default classification: not listed under a GJEPC 'International *' section and city field (if present) is an Indian city; no foreign signal found. Not independently verified.,machinery,Hall 5,5V 626,GHAZIABAD
EXH532,AUGMONT ENTERPRISES PVT. LTD.,INDIAN-DOMESTIC (default — unconfirmed against a company registry),India (assumed),Default classification: not listed under a GJEPC 'International *' section and city field (if present) is an Indian city; no foreign signal found. Not independently verified.,lgd_diamond,Hall Pavillion,JIO-Z 45h,MUMBAI
EXH500,AURA CREATIONS,INDIAN-DOMESTIC (default — unconfirmed against a company registry),India (assumed),Default classification: not listed under a GJEPC 'International *' section and city field (if present) is an Indian city; no foreign signal found. Not independently verified.,diamond_colorstone,Hall 3,3P 406C,MUMBAI
EXH1356,AURAA DIAMONDS,INDIAN-DOMESTIC (default — unconfirmed against a company registry),India (assumed),Default classification: not listed under a GJEPC 'International *' section and city field (if present) is an Indian city; no foreign signal found. Not independently verified.,diamond_colorstone,Hall 4,4S 474G,MUMBAI
EXH189,AURO DIAM EXPORTS PRIVATE LIMITED,INDIAN-DOMESTIC (default — unconfirmed against a company registry),India (assumed),Default classification: not listed under a GJEPC 'International *' section and city field (if present) is an Indian city; no foreign signal found. Not independently verified.,diamond_colorstone,Hall 2,2H 245D,AHMEDABAD
EXH613,AUSPERA INDIA PVT LTD,INDIAN-DOMESTIC (default — unconfirmed against a company registry),India (assumed),Default classification: not listed under a GJEPC 'International *' section and city field (if present) is an Indian city; no foreign signal found. Not independently verified.,silver_jewellery_artifacts,Hall Pavillion,JIO-T 34l,CHENNAI
EXH2143,AUTOWAY NINGBO SMART HOME CO LTD,FOREIGN,China,"GJEPC exhibitor-list Section field = 'International Machinery' (organizer-assigned foreign/international pavilion category, distinct from domestic sections like plain_gold/diamond_colorstone/silver_jewellery_artifacts); City field = 'NINGBO' -> country inferred",International Machinery,Hall 5,5U 519,NINGBO
EXH1184,AV DIAMONDZ,INDIAN-DOMESTIC (default — unconfirmed against a company registry),India (assumed),Default classification: not listed under a GJEPC 'International *' section and city field (if present) is an Indian city; no foreign signal found. Not independently verified.,diamond_colorstone,Hall 4,4R 461C,MUMBAI
EXH1550,AVANI CREATION,INDIAN-DOMESTIC (default — unconfirmed against a company registry),India (assumed),Default classification: not listed under a GJEPC 'International *' section and city field (if present) is an Indian city; no foreign signal found. Not independently verified.,diamond_colorstone,Hall 6,6L 082,MUMBAI
EXH919,AVD GLITTER JEWELS LIMITED,INDIAN-DOMESTIC (default — unconfirmed against a company registry),India (assumed),Default classification: not listed under a GJEPC 'International *' section and city field (if present) is an Indian city; no foreign signal found. Not independently verified.,diamond_colorstone,Hall 3,3P 401B,MUMBAI
EXH977,AVI DESIGNER DIAMOND,INDIAN-DOMESTIC (default — unconfirmed against a company registry),India (assumed),Default classification: not listed under a GJEPC 'International *' section and city field (if present) is an Indian city; no foreign signal found. Not independently verified.,diamond_colorstone,Hall 2,2H 217,MUMBAI
EXH1566,AVIOR DIAMONDS LLP,INDIAN-DOMESTIC (default — unconfirmed against a company registry),India (assumed),Default classification: not listed under a GJEPC 'International *' section and city field (if present) is an Indian city; no foreign signal found. Not independently verified.,diamond_colorstone,Hall 3,3Q 409E,MUMBAI
EXH1751,AVIRA STAR JEWEL LLP,INDIAN-DOMESTIC (default — unconfirmed against a company registry),India (assumed),Default classification: not listed under a GJEPC 'International *' section and city field (if present) is an Indian city; no foreign signal found. Not independently verified.,diamond_colorstone,Hall 6,6Q 105E,SURAT
EXH763,AVNI JEWELS,INDIAN-DOMESTIC (default — unconfirmed against a company registry),India (assumed),Default classification: not listed under a GJEPC 'International *' section and city field (if present) is an Indian city; no foreign signal found. Not independently verified.,diamond_colorstone,Hall 3,3Q 402A,SURAT
EXH1493,AVNIP JEWEL PRIVATE LIMITED,INDIAN-DOMESTIC (default — unconfirmed against a company registry),India (assumed),Default classification: not listed under a GJEPC 'International *' section and city field (if present) is an Indian city; no foreign signal found. Not independently verified.,silver_jewellery_artifacts,Hall Pavillion,JIO-T 36e,JAIPUR
EXH1286,AVP STAR PRIVATE LIMITED,INDIAN-DOMESTIC (default — unconfirmed against a company registry),India (assumed),Default classification: not listed under a GJEPC 'International *' section and city field (if present) is an Indian city; no foreign signal found. Not independently verified.,lgd_diamond,Hall Pavillion,JIO-Z 48d,SURAT
EXH550,AWESOME SPARKLERS,INDIAN-DOMESTIC (default — unconfirmed against a company registry),India (assumed),Default classification: not listed under a GJEPC 'International *' section and city field (if present) is an Indian city; no foreign signal found. Not independently verified.,the_select_club,Hall JASMINE,Club-AA 2b,SURAT
EXH1623,A` STAR JEWELLERY,INDIAN-DOMESTIC (default — unconfirmed against a company registry),India (assumed),Default classification: not listed under a GJEPC 'International *' section and city field (if present) is an Indian city; no foreign signal found. Not independently verified.,diamond_colorstone,Hall 4,4S 481A,MUMBAI
EXH152,B DIAMOND AND GOLD JEWELLERY PRIVATE L,INDIAN-DOMESTIC (default — unconfirmed against a company registry),India (assumed),Default classification: not listed under a GJEPC 'International *' section and city field (if present) is an Indian city; no foreign signal found. Not independently verified.,diamond_colorstone,Hall 2,2J 254B,MUMBAI
EXH1033,B G PLATINUM,INDIAN-DOMESTIC (default — unconfirmed against a company registry),India (assumed),Default classification: not listed under a GJEPC 'International *' section and city field (if present) is an Indian city; no foreign signal found. Not independently verified.,plain_gold,Hall 2,2K 269D,MUMBAI
EXH1319,B M SULTANIA AND SONS,INDIAN-DOMESTIC (default — unconfirmed against a company registry),India (assumed),Default classification: not listed under a GJEPC 'International *' section and city field (if present) is an Indian city; no foreign signal found. Not independently verified.,silver_jewellery_artifacts,Hall Pavillion,JIO-W 42f,DELHI
EXH556,B. D. JEWELLS,INDIAN-DOMESTIC (default — unconfirmed against a company registry),India (assumed),Default classification: not listed under a GJEPC 'International *' section and city field (if present) is an Indian city; no foreign signal found. Not independently verified.,loose_stones_color_stones,Hall JASMINE,JIO-AJ 46e,JAIPUR
EXH1050,B. SETHIA & SONS (JEWELLERS),INDIAN-DOMESTIC (default — unconfirmed against a company registry),India (assumed),Default classification: not listed under a GJEPC 'International *' section and city field (if present) is an Indian city; no foreign signal found. Not independently verified.,diamond_colorstone,Hall 6,6Q 114,MUMBAI
EXH1600,B. SONS,INDIAN-DOMESTIC (default — unconfirmed against a company registry),India (assumed),Default classification: not listed under a GJEPC 'International *' section and city field (if present) is an Indian city; no foreign signal found. Not independently verified.,diamond_colorstone,Hall 4,4S 472H,MUMBAI
EXH705,B.C. JAIN JEWELLERS (VIVEK)   PVT. LTD.,INDIAN-DOMESTIC (default — unconfirmed against a company registry),India (assumed),Default classification: not listed under a GJEPC 'International *' section and city field (if present) is an Indian city; no foreign signal found. Not independently verified.,the_select_club,Hall JASMINE,Club-AG 37e,KOLKATA
EXH2112,B.C. JAIN JEWELLERS PVT. LTD.,INDIAN-DOMESTIC (default — unconfirmed against a company registry),India (assumed),Default classification: not listed under a GJEPC 'International *' section and city field (if present) is an Indian city; no foreign signal found. Not independently verified.,diamond_colorstone,Hall 6,6L 076A,KOLKATA
EXH992,B.D. BANGLES,INDIAN-DOMESTIC (default — unconfirmed against a company registry),India (assumed),Default classification: not listed under a GJEPC 'International *' section and city field (if present) is an Indian city; no foreign signal found. Not independently verified.,plain_gold,Hall 3,3M 364F,MUMBAI
EXH846,B.N. JEWELLERS INDIA PVT. LTD.,INDIAN-DOMESTIC (default — unconfirmed against a company registry),India (assumed),Default classification: not listed under a GJEPC 'International *' section and city field (if present) is an Indian city; no foreign signal found. Not independently verified.,diamond_colorstone,Hall 3,3P 410B,MUMBAI
EXH1375,B.S.K. INTERNATIONAL PVT. LTD.,INDIAN-DOMESTIC (default — unconfirmed against a company registry),India (assumed),Default classification: not listed under a GJEPC 'International *' section and city field (if present) is an Indian city; no foreign signal found. Not independently verified.,diamond_colorstone,Hall 3,3Q 405E,KOLKATA
EXH570,BADHALIA GEMS & JEWELLERY,INDIAN-DOMESTIC (default — unconfirmed against a company registry),India (assumed),Default classification: not listed under a GJEPC 'International *' section and city field (if present) is an Indian city; no foreign signal found. Not independently verified.,loose_stones_color_stones,Hall JASMINE,JIO-AK 45i,JAIPUR
EXH544,BAHETI GEMS & JEWELS PVT. LTD.,INDIAN-DOMESTIC (default — unconfirmed against a company registry),India (assumed),Default classification: not listed under a GJEPC 'International *' section and city field (if present) is an Indian city; no foreign signal found. Not independently verified.,the_select_club,Hall JASMINE,Club-AF 28b,JAIPUR
EXH1128,BAID TRADING CORPORATION,INDIAN-DOMESTIC (default — unconfirmed against a company registry),India (assumed),Default classification: not listed under a GJEPC 'International *' section and city field (if present) is an Indian city; no foreign signal found. Not independently verified.,loose_stones_color_stones,Hall LOTUS,JIO-AL 47a,JAIPUR
EXH1259,BALAJI GEMS,INDIAN-DOMESTIC (default — unconfirmed against a company registry),India (assumed),Default classification: not listed under a GJEPC 'International *' section and city field (if present) is an Indian city; no foreign signal found. Not independently verified.,loose_stones_color_stones,Hall JASMINE,JIO-AH 41m,MUMBAI
EXH1145,BALAJI SILVERCRAFTS,INDIAN-DOMESTIC (default — unconfirmed against a company registry),India (assumed),Default classification: not listed under a GJEPC 'International *' section and city field (if present) is an Indian city; no foreign signal found. Not independently verified.,diamond_colorstone,Hall 3,3P 399F,JAIPUR
EXH1351,BALKRISHNA JEWEL LLP,INDIAN-DOMESTIC (default — unconfirmed against a company registry),India (assumed),Default classification: not listed under a GJEPC 'International *' section and city field (if present) is an Indian city; no foreign signal found. Not independently verified.,silver_jewellery_artifacts,Hall Pavillion,JIO-Y 44i,SURAT
EXH502,BANETHI EXPORTS,INDIAN-DOMESTIC (default — unconfirmed against a company registry),India (assumed),Default classification: not listed under a GJEPC 'International *' section and city field (if present) is an Indian city; no foreign signal found. Not independently verified.,loose_stones_color_stones,Hall LOTUS,JIO-AS 60b,JAIPUR
EXH1253,BAPALAL KESHAVLAL,INDIAN-DOMESTIC (default — unconfirmed against a company registry),India (assumed),Default classification: not listed under a GJEPC 'International *' section and city field (if present) is an Indian city; no foreign signal found. Not independently verified.,diamond_colorstone,Hall 6,6L 089B,MUMBAI
EXH519,BASRA,INDIAN-DOMESTIC (default — unconfirmed against a company registry),India (assumed),Default classification: not listed under a GJEPC 'International *' section and city field (if present) is an Indian city; no foreign signal found. Not independently verified.,diamond_colorstone,Hall 6,6R 124E,JAIPUR
EXH241,BEAUTIFUL JEWEL,INDIAN-DOMESTIC (default — unconfirmed against a company registry),India (assumed),Default classification: not listed under a GJEPC 'International *' section and city field (if present) is an Indian city; no foreign signal found. Not independently verified.,diamond_colorstone,Hall 3,3Q 405A,SURAT
EXH862,BEAUTY GEMS & JEWELLERY,INDIAN-DOMESTIC (default — unconfirmed against a company registry),India (assumed),Default classification: not listed under a GJEPC 'International *' section and city field (if present) is an Indian city; no foreign signal found. Not independently verified.,the_select_club,Hall JASMINE,Club-AC 12c,JAIPUR
EXH588,BERRY GEMS GALLERY,INDIAN-DOMESTIC (default — unconfirmed against a company registry),India (assumed),Default classification: not listed under a GJEPC 'International *' section and city field (if present) is an Indian city; no foreign signal found. Not independently verified.,loose_stones_color_stones,Hall LOTUS,JIO-AQ 56d,JAIPUR
EXH1158,BHAGWATI IMPEX,INDIAN-DOMESTIC (default — unconfirmed against a company registry),India (assumed),Default classification: not listed under a GJEPC 'International *' section and city field (if present) is an Indian city; no foreign signal found. Not independently verified.,silver_jewellery_artifacts,Hall Pavillion,JIO-T 33g,THANE
EXH1464,BHAGWATI JEWELLERS DILIP ZAVERI,INDIAN-DOMESTIC (default — unconfirmed against a company registry),India (assumed),Default classification: not listed under a GJEPC 'International *' section and city field (if present) is an Indian city; no foreign signal found. Not independently verified.,plain_gold,Hall 3,3L 371D,AHMEDABAD
EXH601,BHAGWATI JEWELS,INDIAN-DOMESTIC (default — unconfirmed against a company registry),India (assumed),Default classification: not listed under a GJEPC 'International *' section and city field (if present) is an Indian city; no foreign signal found. Not independently verified.,diamond_colorstone,Hall 6,6R 126A,SURAT
EXH1454,BHAIRAV GOLD,INDIAN-DOMESTIC (default — unconfirmed against a company registry),India (assumed),Default classification: not listed under a GJEPC 'International *' section and city field (if present) is an Indian city; no foreign signal found. Not independently verified.,plain_gold,Hall 3,3L 372B,MUMBAI
EXH745,BHAIRAV SILVER MART,INDIAN-DOMESTIC (default — unconfirmed against a company registry),India (assumed),Default classification: not listed under a GJEPC 'International *' section and city field (if present) is an Indian city; no foreign signal found. Not independently verified.,silver_jewellery_artifacts,Hall Pavillion,JIO-V 38h,MUMBAI
EXH18,BHAKTI JEWELS PRIVATE LIMITED,INDIAN-DOMESTIC (default — unconfirmed against a company registry),India (assumed),Default classification: not listed under a GJEPC 'International *' section and city field (if present) is an Indian city; no foreign signal found. Not independently verified.,diamond_colorstone,Hall 3,3Q 427A,AHMEDABAD
EXH287,BHARAT MACHINE TOOLS,INDIAN-DOMESTIC (default — unconfirmed against a company registry),India (assumed),Default classification: not listed under a GJEPC 'International *' section and city field (if present) is an Indian city; no foreign signal found. Not independently verified.,machinery,Hall 5,5V 607,RAJKOT
EXH740,BHARAT TRADERS,INDIAN-DOMESTIC (default — unconfirmed against a company registry),India (assumed),Default classification: not listed under a GJEPC 'International *' section and city field (if present) is an Indian city; no foreign signal found. Not independently verified.,silver_jewellery_artifacts,Hall Pavillion,JIO-X 41g,MUMBAI
EXH863,BHARATI JEWELLERS,INDIAN-DOMESTIC (default — unconfirmed against a company registry),India (assumed),Default classification: not listed under a GJEPC 'International *' section and city field (if present) is an Indian city; no foreign signal found. Not independently verified.,plain_gold,Hall 6,6B 017D,MUMBAI
EXH947,BHAVESH GOLD,INDIAN-DOMESTIC (default — unconfirmed against a company registry),India (assumed),Default classification: not listed under a GJEPC 'International *' section and city field (if present) is an Indian city; no foreign signal found. Not independently verified.,plain_gold,Hall 2,2G 157,MUMBAI
EXH1953,BHAVIKA JEWELLERS,INDIAN-DOMESTIC (default — unconfirmed against a company registry),India (assumed),Default classification: not listed under a GJEPC 'International *' section and city field (if present) is an Indian city; no foreign signal found. Not independently verified.,plain_gold,Hall 4,4S 497,MUMBAI
EXH1043,BHAVYA GEMS AND JEWELS,INDIAN-DOMESTIC (default — unconfirmed against a company registry),India (assumed),Default classification: not listed under a GJEPC 'International *' section and city field (if present) is an Indian city; no foreign signal found. Not independently verified.,diamond_colorstone,Hall 6,6N 097E,JAIPUR
EXH414,BHAWANI GOLD PVT. LTD.,INDIAN-DOMESTIC (default — unconfirmed against a company registry),India (assumed),Default classification: not listed under a GJEPC 'International *' section and city field (if present) is an Indian city; no foreign signal found. Not independently verified.,plain_gold,Hall 2,2F 130,MUMBAI
EXH477,BHAWANI JEWELLERS,INDIAN-DOMESTIC (default — unconfirmed against a company registry),India (assumed),Default classification: not listed under a GJEPC 'International *' section and city field (if present) is an Indian city; no foreign signal found. Not independently verified.,silver_jewellery_artifacts,Hall Pavillion,JIO-U 36i,MUMBAI
EXH1281,BHINDI MANUFACTURERS,INDIAN-DOMESTIC (default — unconfirmed against a company registry),India (assumed),Default classification: not listed under a GJEPC 'International *' section and city field (if present) is an Indian city; no foreign signal found. Not independently verified.,plain_gold,Hall 3,3N 378D,RAJKOT
EXH472,BIHARILAL HOLARAM,INDIAN-DOMESTIC (default — unconfirmed against a company registry),India (assumed),Default classification: not listed under a GJEPC 'International *' section and city field (if present) is an Indian city; no foreign signal found. Not independently verified.,loose_stones_color_stones,Hall LOTUS,JIO-AM 49d,JAIPUR
EXH1167,BILALA JEWELLERS,INDIAN-DOMESTIC (default — unconfirmed against a company registry),India (assumed),Default classification: not listed under a GJEPC 'International *' section and city field (if present) is an Indian city; no foreign signal found. Not independently verified.,loose_stones_color_stones,Hall JASMINE,JIO-AH 42l,JAIPUR
EXH1551,BIRDICHAND GANDHI JEWELS,INDIAN-DOMESTIC (default — unconfirmed against a company registry),India (assumed),Default classification: not listed under a GJEPC 'International *' section and city field (if present) is an Indian city; no foreign signal found. Not independently verified.,diamond_colorstone,Hall 6,6P 104E,HYDERABAD
EXH401,BISHWANATH GEMS AND JEWELS PRIVATE LIMITED,INDIAN-DOMESTIC (default — unconfirmed against a company registry),India (assumed),Default classification: not listed under a GJEPC 'International *' section and city field (if present) is an Indian city; no foreign signal found. Not independently verified.,diamond_colorstone,Hall 2,2H 193,DELHI
EXH1110,BLISS GEMS & MINERALS,INDIAN-DOMESTIC (default — unconfirmed against a company registry),India (assumed),Default classification: not listed under a GJEPC 'International *' section and city field (if present) is an Indian city; no foreign signal found. Not independently verified.,loose_stones_color_stones,Hall JASMINE,JIO-AJ 46a,JAIPUR
EXH1669,BLOSSOM JEWELS LLP,INDIAN-DOMESTIC (default — unconfirmed against a company registry),India (assumed),Default classification: not listed under a GJEPC 'International *' section and city field (if present) is an Indian city; no foreign signal found. Not independently verified.,diamond_colorstone,Hall 4,4R 470D,MUMBAI
EXH46,BLUESTONE TECH LABS PVT LTD,INDIAN-DOMESTIC (default — unconfirmed against a company registry),India (assumed),Default classification: not listed under a GJEPC 'International *' section and city field (if present) is an Indian city; no foreign signal found. Not independently verified.,allied,Hall Aurum,AU 028,MUMBAI
EXH84,BOSON PACKAGING,INDIAN-DOMESTIC (default — unconfirmed against a company registry),India (assumed),Default classification: not listed under a GJEPC 'International *' section and city field (if present) is an Indian city; no foreign signal found. Not independently verified.,allied,Hall Aurum,AU 040,COIMBATORE
EXH134,BOXSHIN DISPLAY AND PACKING PVT. LTD.,INDIAN-DOMESTIC (default — unconfirmed against a company registry),India (assumed),Default classification: not listed under a GJEPC 'International *' section and city field (if present) is an Indian city; no foreign signal found. Not independently verified.,allied,Hall Aurum,AU 008,DELHI
EXH1783,BRAHAMMAND JEWELS,INDIAN-DOMESTIC (default — unconfirmed against a company registry),India (assumed),Default classification: not listed under a GJEPC 'International *' section and city field (if present) is an Indian city; no foreign signal found. Not independently verified.,plain_gold,Hall Pavillion,JIO-P 26m,MUMBAI
EXH68,BRAND KETTLE PROJECTS LIMITED,INDIAN-DOMESTIC (default — unconfirmed against a company registry),India (assumed),Default classification: not listed under a GJEPC 'International *' section and city field (if present) is an Indian city; no foreign signal found. Not independently verified.,allied,Hall Aurum,AU 011,FARIDABAD
EXH1317,BRB ART & JEWELS PVT. LTD.,INDIAN-DOMESTIC (default — unconfirmed against a company registry),India (assumed),Default classification: not listed under a GJEPC 'International *' section and city field (if present) is an Indian city; no foreign signal found. Not independently verified.,silver_jewellery_artifacts,Hall Pavillion,JIO-S 32h,UDAIPUR
EXH1652,BRIANA JEWELS,INDIAN-DOMESTIC (default — unconfirmed against a company registry),India (assumed),Default classification: not listed under a GJEPC 'International *' section and city field (if present) is an Indian city; no foreign signal found. Not independently verified.,diamond_colorstone,Hall 2,2J 250B,MUMBAI
EXH1163,BRIJWASI GEMS,INDIAN-DOMESTIC (default — unconfirmed against a company registry),India (assumed),Default classification: not listed under a GJEPC 'International *' section and city field (if present) is an Indian city; no foreign signal found. Not independently verified.,silver_jewellery_artifacts,Hall Pavillion,JIO-Q 30a,JAIPUR
EXH2040,BRILLIANT DIAMOND DMCC,FOREIGN,United Arab Emirates,"GJEPC exhibitor-list Section field = 'International Jewellery' (organizer-assigned foreign/international pavilion category, distinct from domestic sections like plain_gold/diamond_colorstone/silver_jewellery_artifacts); City field = 'DUBAI' -> country inferred",International Jewellery,Hall 6,6B 020B,DUBAI
EXH1052,C.M. GOLD,INDIAN-DOMESTIC (default — unconfirmed against a company registry),India (assumed),Default classification: not listed under a GJEPC 'International *' section and city field (if present) is an Indian city; no foreign signal found. Not independently verified.,plain_gold,Hall 3,3L 368C,MUMBAI
EXH183,C6 JEWELS PRIVATE LIMITED,INDIAN-DOMESTIC (default — unconfirmed against a company registry),India (assumed),Default classification: not listed under a GJEPC 'International *' section and city field (if present) is an Indian city; no foreign signal found. Not independently verified.,diamond_colorstone,Hall 4,4S 471H,MUMBAI
EXH1441,C6 LABGROWN DIAMONDS LLP,INDIAN-DOMESTIC (default — unconfirmed against a company registry),India (assumed),Default classification: not listed under a GJEPC 'International *' section and city field (if present) is an Indian city; no foreign signal found. Not independently verified.,lgd_diamond,Hall Pavillion,JIO-Z 48c,SURAT
EXH1209,CAARA JEWELS PVT LTD,INDIAN-DOMESTIC (default — unconfirmed against a company registry),India (assumed),Default classification: not listed under a GJEPC 'International *' section and city field (if present) is an Indian city; no foreign signal found. Not independently verified.,diamond_colorstone,Hall 3,3P 402C,MUMBAI
EXH162,CAST TECH INTERNATIONAL,INDIAN-DOMESTIC (default — unconfirmed against a company registry),India (assumed),Default classification: not listed under a GJEPC 'International *' section and city field (if present) is an Indian city; no foreign signal found. Not independently verified.,machinery,Hall 5,5U 531,VADODARA
EXH2158,CATAWIKI,FOREIGN,Netherlands,"City field = 'AMSTERDAM' in exhibitor-list City column, though Section field is domestic-style ('diamond_colorstone') — flagged by city alone, not by section; City field = 'AMSTERDAM' -> country inferred",diamond_colorstone,Hall 4,4T 512D,AMSTERDAM
EXH1651,CHAINSKART,INDIAN-DOMESTIC (default — unconfirmed against a company registry),India (assumed),Default classification: not listed under a GJEPC 'International *' section and city field (if present) is an Indian city; no foreign signal found. Not independently verified.,plain_gold,Hall 2,2J 273F,MUMBAI
EXH23,CHAMAN TOOLS STORE,INDIAN-DOMESTIC (default — unconfirmed against a company registry),India (assumed),Default classification: not listed under a GJEPC 'International *' section and city field (if present) is an Indian city; no foreign signal found. Not independently verified.,machinery,Hall Aurum,AU 054,JALANDHAR
EXH641,CHAMPION SCALES,INDIAN-DOMESTIC (default — unconfirmed against a company registry),India (assumed),Default classification: not listed under a GJEPC 'International *' section and city field (if present) is an Indian city; no foreign signal found. Not independently verified.,machinery,Hall 5,5U 568D,VASAI-VIRAR
EXH439,CHANDAN AGENCIES,INDIAN-DOMESTIC (default — unconfirmed against a company registry),India (assumed),Default classification: not listed under a GJEPC 'International *' section and city field (if present) is an Indian city; no foreign signal found. Not independently verified.,allied,Hall Aurum,AU 018,MUMBAI
EXH2120,CHANDIKA PEARLS,INDIAN-DOMESTIC (default — unconfirmed against a company registry),India (assumed),Default classification: not listed under a GJEPC 'International *' section and city field (if present) is an Indian city; no foreign signal found. Not independently verified.,loose_stones_color_stones,Hall LOTUS,JIO-AL 47d,JAIPUR
EXH122,CHHABRA AGENCIES,INDIAN-DOMESTIC (default — unconfirmed against a company registry),India (assumed),Default classification: not listed under a GJEPC 'International *' section and city field (if present) is an Indian city; no foreign signal found. Not independently verified.,allied,Hall Aurum,AU 029,NEW DELHI
EXH951,CHHANDA JEWELLERS,INDIAN-DOMESTIC (default — unconfirmed against a company registry),India (assumed),Default classification: not listed under a GJEPC 'International *' section and city field (if present) is an Indian city; no foreign signal found. Not independently verified.,diamond_colorstone,Hall 4,4S 471A,SINGUR
EXH1879,CHOKSHI VACHHARAJ MAKANJI & COMPANY,INDIAN-DOMESTIC (default — unconfirmed against a company registry),India (assumed),Default classification: not listed under a GJEPC 'International *' section and city field (if present) is an Indian city; no foreign signal found. Not independently verified.,diamond_colorstone,Hall 6,6K 075A,JUNAGADH
EXH510,Choksi Heraeus Pvt. Ltd.,INDIAN-DOMESTIC (default — unconfirmed against a company registry),India (assumed),Default classification: not listed under a GJEPC 'International *' section and city field (if present) is an Indian city; no foreign signal found. Not independently verified.,machinery,Hall 5,5V 569B,UDAIPUR
EXH1366,CHOUDHARY TRADERS,INDIAN-DOMESTIC (default — unconfirmed against a company registry),India (assumed),Default classification: not listed under a GJEPC 'International *' section and city field (if present) is an Indian city; no foreign signal found. Not independently verified.,silver_jewellery_artifacts,Hall Pavillion,JIO-X 42m,MUMBAI
EXH1349,CIARA JEWELS,INDIAN-DOMESTIC (default — unconfirmed against a company registry),India (assumed),Default classification: not listed under a GJEPC 'International *' section and city field (if present) is an Indian city; no foreign signal found. Not independently verified.,plain_gold,Hall Pavillion,JIO-H 14l,MUMBAI
EXH2140,CIEMMEO  S.R.L.,FOREIGN,Italy (inferred from S.R.L./S.p.A. Italian legal-entity suffix in name; city field blank in source),"GJEPC exhibitor-list Section field = 'International Machinery' (organizer-assigned foreign/international pavilion category, distinct from domestic sections like plain_gold/diamond_colorstone/silver_jewellery_artifacts); City field blank in source; country inferred from Italian legal-entity suffix (S.R.L./S.p.A.) in company name",International Machinery,Hall 5,5V 583R,
EXH870,CLOSET QUEEN,INDIAN-DOMESTIC (default — unconfirmed against a company registry),India (assumed),Default classification: not listed under a GJEPC 'International *' section and city field (if present) is an Indian city; no foreign signal found. Not independently verified.,diamond_colorstone,Hall 6,6P 104C,SURAT
EXH1133,CLUSTER JEWELLERY LIMITED,INDIAN-DOMESTIC (default — unconfirmed against a company registry),India (assumed),Default classification: not listed under a GJEPC 'International *' section and city field (if present) is an Indian city; no foreign signal found. Not independently verified.,plain_gold,Hall 6,6A 016B,AHMEDABAD
EXH457,COLOUR JEWELS,INDIAN-DOMESTIC (default — unconfirmed against a company registry),India (assumed),Default classification: not listed under a GJEPC 'International *' section and city field (if present) is an Indian city; no foreign signal found. Not independently verified.,diamond_colorstone,Hall 4,4S 474B,JAIPUR
EXH2058,"COLOUR STONE IMPEX CO., LTD",FOREIGN,Thailand,"GJEPC exhibitor-list Section field = 'International Loose' (organizer-assigned foreign/international pavilion category, distinct from domestic sections like plain_gold/diamond_colorstone/silver_jewellery_artifacts); City field = 'BANGKOK' -> country inferred",International Loose,Hall LOTUS,JIO-AP 54c,BANGKOK
EXH905,COLOURFUL GEMS,INDIAN-DOMESTIC (default — unconfirmed against a company registry),India (assumed),Default classification: not listed under a GJEPC 'International *' section and city field (if present) is an Indian city; no foreign signal found. Not independently verified.,loose_stones_color_stones,Hall JASMINE,JIO-AK 45l,JAIPUR
EXH2068,"Cosmos Trading Company, Japan",FOREIGN,Japan,"GJEPC exhibitor-list Section field = 'International Jewellery' (organizer-assigned foreign/international pavilion category, distinct from domestic sections like plain_gold/diamond_colorstone/silver_jewellery_artifacts); City field = 'KOFU, YAMANASHI' -> country inferred",International Jewellery,Hall Pavillion,JIO-P 28d,"KOFU, YAMANASHI"
EXH323,CREATIVE TECHNOLOGIES,INDIAN-DOMESTIC (default — unconfirmed against a company registry),India (assumed),Default classification: not listed under a GJEPC 'International *' section and city field (if present) is an Indian city; no foreign signal found. Not independently verified.,lgd_diamond,Hall Pavillion,JIO-Y 45b,SURAT
EXH893,CRIMSON EXPORT,INDIAN-DOMESTIC (default — unconfirmed against a company registry),India (assumed),Default classification: not listed under a GJEPC 'International *' section and city field (if present) is an Indian city; no foreign signal found. Not independently verified.,loose_stones_color_stones,Hall JASMINE,JIO-AG 37c,JAIPUR
EXH1580,CROSS JEWEL,INDIAN-DOMESTIC (default — unconfirmed against a company registry),India (assumed),Default classification: not listed under a GJEPC 'International *' section and city field (if present) is an Indian city; no foreign signal found. Not independently verified.,plain_gold,Hall 4,4T 503A,MUMBAI
EXH2052,"CROSSFOR CO., LTD",FOREIGN,Japan,"GJEPC exhibitor-list Section field = 'International Jewellery' (organizer-assigned foreign/international pavilion category, distinct from domestic sections like plain_gold/diamond_colorstone/silver_jewellery_artifacts); City field = 'KOFU CITY' -> country inferred",International Jewellery,Hall Pavillion,JIO-Q 28g,KOFU CITY
EXH599,CUT N CABS,INDIAN-DOMESTIC (default — unconfirmed against a company registry),India (assumed),Default classification: not listed under a GJEPC 'International *' section and city field (if present) is an Indian city; no foreign signal found. Not independently verified.,loose_stones_color_stones,Hall JASMINE,JIO-AG 41g,JAIPUR
EXH348,CZAR DIAMONDS,INDIAN-DOMESTIC (default — unconfirmed against a company registry),India (assumed),Default classification: not listed under a GJEPC 'International *' section and city field (if present) is an Indian city; no foreign signal found. Not independently verified.,diamond_colorstone,Hall 2,2H 257F,MUMBAI
EXH1507,D P JEWELS,INDIAN-DOMESTIC (default — unconfirmed against a company registry),India (assumed),Default classification: not listed under a GJEPC 'International *' section and city field (if present) is an Indian city; no foreign signal found. Not independently verified.,plain_gold,Hall 6,6C 028B,AHMEDABAD
EXH1178,D YNE JEWELLERY,INDIAN-DOMESTIC (default — unconfirmed against a company registry),India (assumed),Default classification: not listed under a GJEPC 'International *' section and city field (if present) is an Indian city; no foreign signal found. Not independently verified.,the_select_club,Hall JASMINE,Club-AA 4b,MUMBAI
EXH66,D-MAX,INDIAN-DOMESTIC (default — unconfirmed against a company registry),India (assumed),Default classification: not listed under a GJEPC 'International *' section and city field (if present) is an Indian city; no foreign signal found. Not independently verified.,machinery,Hall 5,5V 598,THANE
EXH1510,D-ORNIVAA,INDIAN-DOMESTIC (default — unconfirmed against a company registry),India (assumed),Default classification: not listed under a GJEPC 'International *' section and city field (if present) is an Indian city; no foreign signal found. Not independently verified.,diamond_colorstone,Hall 2,2J 245B,SURAT
EXH2011,D. NAVINCHANDRA EXPORTS PVT. L TD.,INDIAN-DOMESTIC (default — unconfirmed against a company registry),India (assumed),Default classification: not listed under a GJEPC 'International *' section and city field (if present) is an Indian city; no foreign signal found. Not independently verified.,loose_stones_diamonds,Hall Pavillion,JIO-H 16c,MUMBAI
EXH493,D. RAJ DIAMONDS,INDIAN-DOMESTIC (default — unconfirmed against a company registry),India (assumed),Default classification: not listed under a GJEPC 'International *' section and city field (if present) is an Indian city; no foreign signal found. Not independently verified.,loose_stones_diamonds,Hall Pavillion,JIO-E 9b,MUMBAI
EXH1416,D.M. JEWELS,INDIAN-DOMESTIC (default — unconfirmed against a company registry),India (assumed),Default classification: not listed under a GJEPC 'International *' section and city field (if present) is an Indian city; no foreign signal found. Not independently verified.,plain_gold,Hall 3,3M 384C,MUMBAI
EXH562,D.P. DESIGNS PVT. LTD.,INDIAN-DOMESTIC (default — unconfirmed against a company registry),India (assumed),Default classification: not listed under a GJEPC 'International *' section and city field (if present) is an Indian city; no foreign signal found. Not independently verified.,diamond_colorstone,Hall 6,6M 093B,MUMBAI
EXH1593,DAIWIK JEWELS,INDIAN-DOMESTIC (default — unconfirmed against a company registry),India (assumed),Default classification: not listed under a GJEPC 'International *' section and city field (if present) is an Indian city; no foreign signal found. Not independently verified.,diamond_colorstone,Hall 2,2H 209,MUMBAI
EXH40,DAMARA GOLD PVT. LTD.,INDIAN-DOMESTIC (default — unconfirmed against a company registry),India (assumed),Default classification: not listed under a GJEPC 'International *' section and city field (if present) is an Indian city; no foreign signal found. Not independently verified.,plain_gold,Hall 3,3L 376C,MUMBAI
EXH983,DARPAN,INDIAN-DOMESTIC (default — unconfirmed against a company registry),India (assumed),Default classification: not listed under a GJEPC 'International *' section and city field (if present) is an Indian city; no foreign signal found. Not independently verified.,diamond_colorstone,Hall 6,6Q 119,JAIPUR
EXH280,DARPAN JEWELS PVT. LTD.,INDIAN-DOMESTIC (default — unconfirmed against a company registry),India (assumed),Default classification: not listed under a GJEPC 'International *' section and city field (if present) is an Indian city; no foreign signal found. Not independently verified.,plain_gold,Hall Pavillion,JIO-L 22d,AHMEDABAD
EXH75,DARSHAN JEWEL TOOLS PVT. LTD.,INDIAN-DOMESTIC (default — unconfirmed against a company registry),India (assumed),Default classification: not listed under a GJEPC 'International *' section and city field (if present) is an Indian city; no foreign signal found. Not independently verified.,machinery,Hall 5,5V 573D,MUMBAI
EXH1436,DASHRATH GOLD ART PRIVATE LIMITED,INDIAN-DOMESTIC (default — unconfirmed against a company registry),India (assumed),Default classification: not listed under a GJEPC 'International *' section and city field (if present) is an Indian city; no foreign signal found. Not independently verified.,plain_gold,Hall Pavillion,JIO-Q 27i,RAJKOT
EXH233,DASHRATH SILVER ART PRIVATE  LIMITED,INDIAN-DOMESTIC (default — unconfirmed against a company registry),India (assumed),Default classification: not listed under a GJEPC 'International *' section and city field (if present) is an Indian city; no foreign signal found. Not independently verified.,silver_jewellery_artifacts,Hall Pavillion,JIO-Q 30h,RAJKOT
EXH105,DASS TECHNOLOGIES,INDIAN-DOMESTIC (default — unconfirmed against a company registry),India (assumed),Default classification: not listed under a GJEPC 'International *' section and city field (if present) is an Indian city; no foreign signal found. Not independently verified.,machinery,Hall 5,5V 596,SURAT
EXH754,DASSANI BROTHERS,INDIAN-DOMESTIC (default — unconfirmed against a company registry),India (assumed),Default classification: not listed under a GJEPC 'International *' section and city field (if present) is an Indian city; no foreign signal found. Not independently verified.,the_select_club,Hall JASMINE,Club-AD 23a,MUMBAI
EXH288,DATACARE SOFTTECH,INDIAN-DOMESTIC (default — unconfirmed against a company registry),India (assumed),Default classification: not listed under a GJEPC 'International *' section and city field (if present) is an Indian city; no foreign signal found. Not independently verified.,allied,Hall Aurum,AU 044,AHMEDABAD
EXH916,DAZZLING JEWELS,INDIAN-DOMESTIC (default — unconfirmed against a company registry),India (assumed),Default classification: not listed under a GJEPC 'International *' section and city field (if present) is an Indian city; no foreign signal found. Not independently verified.,diamond_colorstone,Hall 3,3Q 415F,SURAT
EXH2094,DE BEERS INDIA PRIVATE LIMITED,INDIAN-DOMESTIC (default — unconfirmed against a company registry),India (assumed),Default classification: not listed under a GJEPC 'International *' section and city field (if present) is an Indian city; no foreign signal found. Not independently verified.,diamond_colorstone,Hall Pavillion,JIO-D 8e,MUMBAI
EXH2160,DE BEERS INDIA PRIVATE LIMITED,INDIAN-DOMESTIC (default — unconfirmed against a company registry),India (assumed),Default classification: not listed under a GJEPC 'International *' section and city field (if present) is an Indian city; no foreign signal found. Not independently verified.,diamond_colorstone,Hall 4,4T 512F,MUMBAI
EXH554,DE SUPER DIAMOND INDIA LLP,INDIAN-DOMESTIC (default — unconfirmed against a company registry),India (assumed),Default classification: not listed under a GJEPC 'International *' section and city field (if present) is an Indian city; no foreign signal found. Not independently verified.,diamond_colorstone,Hall 3,3Q 450B,MUMBAI
EXH1935,DECENT IMPEX,INDIAN-DOMESTIC (default — unconfirmed against a company registry),India (assumed),Default classification: not listed under a GJEPC 'International *' section and city field (if present) is an Indian city; no foreign signal found. Not independently verified.,loose_stones_diamonds,Hall Pavillion,JIO-M 21g,MUMBAI
EXH1424,DECENT LAB GROWN DIAMOND PRIVATE LIMITED,INDIAN-DOMESTIC (default — unconfirmed against a company registry),India (assumed),Default classification: not listed under a GJEPC 'International *' section and city field (if present) is an Indian city; no foreign signal found. Not independently verified.,lgd_diamond,Hall Pavillion,JIO-Z 45f,SURAT
EXH1285,DEE BEE JEWELLERS,INDIAN-DOMESTIC (default — unconfirmed against a company registry),India (assumed),Default classification: not listed under a GJEPC 'International *' section and city field (if present) is an Indian city; no foreign signal found. Not independently verified.,diamond_colorstone,Hall 6,6Q 108B,KOLKATA
EXH898,DEEJAY,INDIAN-DOMESTIC (default — unconfirmed against a company registry),India (assumed),Default classification: not listed under a GJEPC 'International *' section and city field (if present) is an Indian city; no foreign signal found. Not independently verified.,diamond_colorstone,Hall 4,4R 460B,MUMBAI
EXH308,DEEPA JEWELLERS,INDIAN-DOMESTIC (default — unconfirmed against a company registry),India (assumed),Default classification: not listed under a GJEPC 'International *' section and city field (if present) is an Indian city; no foreign signal found. Not independently verified.,diamond_colorstone,Hall 3,3N 399D,HYDERABAD
EXH2028,DEEPAK JEWELLERS,INDIAN-DOMESTIC (default — unconfirmed against a company registry),India (assumed),Default classification: not listed under a GJEPC 'International *' section and city field (if present) is an Indian city; no foreign signal found. Not independently verified.,the_select_club,Hall JASMINE,Club-AG 37a,JAIPUR
EXH458,DEEVISH JEWELS PRIVATE LIMITED,INDIAN-DOMESTIC (default — unconfirmed against a company registry),India (assumed),Default classification: not listed under a GJEPC 'International *' section and city field (if present) is an Indian city; no foreign signal found. Not independently verified.,diamond_colorstone,Hall 6,6R 124B,SURAT
EXH950,DEREWALA  INDUSTRIES LTD.,INDIAN-DOMESTIC (default — unconfirmed against a company registry),India (assumed),Default classification: not listed under a GJEPC 'International *' section and city field (if present) is an Indian city; no foreign signal found. Not independently verified.,plain_gold,Hall 6,6G 047B,JAIPUR
EXH1252,DESIGN CREATION GLOBAL PRIVATE LIMITED,INDIAN-DOMESTIC (default — unconfirmed against a company registry),India (assumed),Default classification: not listed under a GJEPC 'International *' section and city field (if present) is an Indian city; no foreign signal found. Not independently verified.,diamond_colorstone,Hall 6,6M 092D,SURAT
EXH1581,DESIGNER JEWELS,INDIAN-DOMESTIC (default — unconfirmed against a company registry),India (assumed),Default classification: not listed under a GJEPC 'International *' section and city field (if present) is an Indian city; no foreign signal found. Not independently verified.,plain_gold,Hall 3,3M 373A,MUMBAI
EXH250,DESIRE JEWELS,INDIAN-DOMESTIC (default — unconfirmed against a company registry),India (assumed),Default classification: not listed under a GJEPC 'International *' section and city field (if present) is an Indian city; no foreign signal found. Not independently verified.,diamond_colorstone,Hall 3,3Q 411D,MUMBAI
EXH1333,DEVPRIYA CREATION,INDIAN-DOMESTIC (default — unconfirmed against a company registry),India (assumed),Default classification: not listed under a GJEPC 'International *' section and city field (if present) is an Indian city; no foreign signal found. Not independently verified.,silver_jewellery_artifacts,Hall Pavillion,JIO-Q 30b,AHMEDABAD
EXH1056,DFINE JEWELLERY,INDIAN-DOMESTIC (default — unconfirmed against a company registry),India (assumed),Default classification: not listed under a GJEPC 'International *' section and city field (if present) is an Indian city; no foreign signal found. Not independently verified.,diamond_colorstone,Hall 4,4R 471E,SURAT
EXH1256,DHANDIA GEMS CORPORATION,INDIAN-DOMESTIC (default — unconfirmed against a company registry),India (assumed),Default classification: not listed under a GJEPC 'International *' section and city field (if present) is an Indian city; no foreign signal found. Not independently verified.,loose_stones_color_stones,Hall JASMINE,JIO-AJ 44m,JAIPUR
EXH1066,DHANI JEWELS PRIVATE LIMITED,INDIAN-DOMESTIC (default — unconfirmed against a company registry),India (assumed),Default classification: not listed under a GJEPC 'International *' section and city field (if present) is an Indian city; no foreign signal found. Not independently verified.,diamond_colorstone,Hall 2,2H 254C,SURAT
EXH476,DHANLAXMI JEWELLERS,INDIAN-DOMESTIC (default — unconfirmed against a company registry),India (assumed),Default classification: not listed under a GJEPC 'International *' section and city field (if present) is an Indian city; no foreign signal found. Not independently verified.,plain_gold,Hall Pavillion,JIO-J 18c,HYDERABAD
EXH284,DHANRESHA GOLD,INDIAN-DOMESTIC (default — unconfirmed against a company registry),India (assumed),Default classification: not listed under a GJEPC 'International *' section and city field (if present) is an Indian city; no foreign signal found. Not independently verified.,plain_gold,Hall 2,2K 273A,MUMBAI
EXH637,DHARMA JEWELS,INDIAN-DOMESTIC (default — unconfirmed against a company registry),India (assumed),Default classification: not listed under a GJEPC 'International *' section and city field (if present) is an Indian city; no foreign signal found. Not independently verified.,diamond_colorstone,Hall 3,3P 391E,SURAT
EXH1198,DHARMANANDAN DIAMONDS PVT. LTD,INDIAN-DOMESTIC (default — unconfirmed against a company registry),India (assumed),Default classification: not listed under a GJEPC 'International *' section and city field (if present) is an Indian city; no foreign signal found. Not independently verified.,loose_stones_diamonds,Hall Pavillion,JIO-F 12a,MUMBAI
EXH952,DHEEMAN DIAMONDS,INDIAN-DOMESTIC (default — unconfirmed against a company registry),India (assumed),Default classification: not listed under a GJEPC 'International *' section and city field (if present) is an Indian city; no foreign signal found. Not independently verified.,diamond_colorstone,Hall 2,2H 250C,MUMBAI
EXH627,DHOLAKIA TECHNOLOGIES LLP,INDIAN-DOMESTIC (default — unconfirmed against a company registry),India (assumed),Default classification: not listed under a GJEPC 'International *' section and city field (if present) is an Indian city; no foreign signal found. Not independently verified.,lgd_diamond,Hall Pavillion,JIO-X 44f,SURAT
EXH1272,DHRISHA JEWELS PRIVATE LIMITED,INDIAN-DOMESTIC (default — unconfirmed against a company registry),India (assumed),Default classification: not listed under a GJEPC 'International *' section and city field (if present) is an Indian city; no foreign signal found. Not independently verified.,diamond_colorstone,Hall 3,3P 406D,MUMBAI
EXH1143,DHRUV DIAMONDS,INDIAN-DOMESTIC (default — unconfirmed against a company registry),India (assumed),Default classification: not listed under a GJEPC 'International *' section and city field (if present) is an Indian city; no foreign signal found. Not independently verified.,diamond_colorstone,Hall 6,6Q 123,KOLKATA
EXH1173,DHYAAN SIDDHI ORNAMENTS,INDIAN-DOMESTIC (default — unconfirmed against a company registry),India (assumed),Default classification: not listed under a GJEPC 'International *' section and city field (if present) is an Indian city; no foreign signal found. Not independently verified.,silver_jewellery_artifacts,Hall Pavillion,JIO-X 44c,BENGALURU
EXH396,DIA-M-ART,INDIAN-DOMESTIC (default — unconfirmed against a company registry),India (assumed),Default classification: not listed under a GJEPC 'International *' section and city field (if present) is an Indian city; no foreign signal found. Not independently verified.,diamond_colorstone,Hall 6,6N 094A,JAIPUR
EXH945,DIAGOLD,INDIAN-DOMESTIC (default — unconfirmed against a company registry),India (assumed),Default classification: not listed under a GJEPC 'International *' section and city field (if present) is an Indian city; no foreign signal found. Not independently verified.,the_select_club,Hall JASMINE,Club-AD 17c,JAIPUR
EXH1202,DIALTIN JEWELS PRIVATE LIMITED,INDIAN-DOMESTIC (default — unconfirmed against a company registry),India (assumed),Default classification: not listed under a GJEPC 'International *' section and city field (if present) is an Indian city; no foreign signal found. Not independently verified.,diamond_colorstone,Hall 6,6P 097A,SURAT
EXH799,DIAMOND AND GEM LABORATORIES  OF AMERICA. PVT. LTD,INDIAN-DOMESTIC (default — unconfirmed against a company registry),India (assumed),Default classification: not listed under a GJEPC 'International *' section and city field (if present) is an Indian city; no foreign signal found. Not independently verified.,lab_edu,Hall 6,6Q 101F,MUMBAI
EXH1487,DIAMOND INDIA LTD.,INDIAN-DOMESTIC (default — unconfirmed against a company registry),India (assumed),Default classification: not listed under a GJEPC 'International *' section and city field (if present) is an Indian city; no foreign signal found. Not independently verified.,plain_gold,Hall 6,6E 035C,MUMBAI
EXH163,DIAMOND TREASURE,INDIAN-DOMESTIC (default — unconfirmed against a company registry),India (assumed),Default classification: not listed under a GJEPC 'International *' section and city field (if present) is an Indian city; no foreign signal found. Not independently verified.,diamond_colorstone,Hall 3,3N 399C,MUMBAI
EXH176,DIAMONDS ON CALL INDIA LLP,INDIAN-DOMESTIC (default — unconfirmed against a company registry),India (assumed),Default classification: not listed under a GJEPC 'International *' section and city field (if present) is an Indian city; no foreign signal found. Not independently verified.,lab_edu,Hall Pavillion,JIO-E 8h,SURAT
EXH764,DIAMTECH RESEARCH CENTRE PVT LTD,INDIAN-DOMESTIC (default — unconfirmed against a company registry),India (assumed),Default classification: not listed under a GJEPC 'International *' section and city field (if present) is an Indian city; no foreign signal found. Not independently verified.,machinery,Hall 5,5U 572F,SURAT
EXH1747,DIANIL JEWELS,INDIAN-DOMESTIC (default — unconfirmed against a company registry),India (assumed),Default classification: not listed under a GJEPC 'International *' section and city field (if present) is an Indian city; no foreign signal found. Not independently verified.,lgd_diamond,Hall Pavillion,JIO-Z 45g,SURAT
EXH1572,DIARA JEWELS,INDIAN-DOMESTIC (default — unconfirmed against a company registry),India (assumed),Default classification: not listed under a GJEPC 'International *' section and city field (if present) is an Indian city; no foreign signal found. Not independently verified.,diamond_colorstone,Hall 4,4S 472A,MUMBAI
EXH264,DIARAH JEWELS PRIVATE LIMITED,INDIAN-DOMESTIC (default — unconfirmed against a company registry),India (assumed),Default classification: not listed under a GJEPC 'International *' section and city field (if present) is an Indian city; no foreign signal found. Not independently verified.,the_select_club,Hall JASMINE,Club-AA 5b,MUMBAI
EXH435,DIMEXON DIAMONDS  LTD.,INDIAN-DOMESTIC (default — unconfirmed against a company registry),India (assumed),Default classification: not listed under a GJEPC 'International *' section and city field (if present) is an Indian city; no foreign signal found. Not independently verified.,loose_stones_diamonds,Hall Pavillion,JIO-J 17f,MUMBAI
EXH1233,DIMPEX MANUFACTURING CO,INDIAN-DOMESTIC (default — unconfirmed against a company registry),India (assumed),Default classification: not listed under a GJEPC 'International *' section and city field (if present) is an Indian city; no foreign signal found. Not independently verified.,diamond_colorstone,Hall 6,6M 087D,MUMBAI
EXH1700,DIORO,INDIAN-DOMESTIC (default — unconfirmed against a company registry),India (assumed),Default classification: not listed under a GJEPC 'International *' section and city field (if present) is an Indian city; no foreign signal found. Not independently verified.,diamond_colorstone,Hall 2,2H 235,MUMBAI
EXH1482,DIPTI AMISHA,INDIAN-DOMESTIC (default — unconfirmed against a company registry),India (assumed),Default classification: not listed under a GJEPC 'International *' section and city field (if present) is an Indian city; no foreign signal found. Not independently verified.,the_select_club,Hall JASMINE,Club-AC 14c,MUMBAI
EXH2072,DISTRIBUZIONE GEMME SRL,FOREIGN,Italy,"GJEPC exhibitor-list Section field = 'International Loose' (organizer-assigned foreign/international pavilion category, distinct from domestic sections like plain_gold/diamond_colorstone/silver_jewellery_artifacts); City field = 'VICENZA' -> country inferred",International Loose,Hall LOTUS,JIO-AR 57g,VICENZA
EXH512,DITI JEWELS,INDIAN-DOMESTIC (default — unconfirmed against a company registry),India (assumed),Default classification: not listed under a GJEPC 'International *' section and city field (if present) is an Indian city; no foreign signal found. Not independently verified.,diamond_colorstone,Hall 3,3Q 437,HYDERABAD
EXH1204,DIVA CLASSIC JEWELS AND GEMS PRIVATE LIMITED,INDIAN-DOMESTIC (default — unconfirmed against a company registry),India (assumed),Default classification: not listed under a GJEPC 'International *' section and city field (if present) is an Indian city; no foreign signal found. Not independently verified.,diamond_colorstone,Hall 3,3Q 405B,DELHI
EXH1139,DIVAS JEWELS,INDIAN-DOMESTIC (default — unconfirmed against a company registry),India (assumed),Default classification: not listed under a GJEPC 'International *' section and city field (if present) is an Indian city; no foreign signal found. Not independently verified.,diamond_colorstone,Hall 3,3P 391A,SURAT
EXH1109,DIVIJA JEWELS,INDIAN-DOMESTIC (default — unconfirmed against a company registry),India (assumed),Default classification: not listed under a GJEPC 'International *' section and city field (if present) is an Indian city; no foreign signal found. Not independently verified.,plain_gold,Hall Pavillion,JIO-C 5b,SECUNDERABAD
EXH2076,DIVINE GEMS CEATION CO. LTD,FOREIGN,Thailand,"GJEPC exhibitor-list Section field = 'International Loose' (organizer-assigned foreign/international pavilion category, distinct from domestic sections like plain_gold/diamond_colorstone/silver_jewellery_artifacts); City field = 'BANGKOK' -> country inferred",International Loose,Hall LOTUS,JIO-AQ 57c,BANGKOK
EXH1637,DIVINE JEWELS,INDIAN-DOMESTIC (default — unconfirmed against a company registry),India (assumed),Default classification: not listed under a GJEPC 'International *' section and city field (if present) is an Indian city; no foreign signal found. Not independently verified.,silver_jewellery_artifacts,Hall Pavillion,JIO-Q 29d,JAIPUR
EXH1023,DIVINE ORNAMENTS PVT. LTD.,INDIAN-DOMESTIC (default — unconfirmed against a company registry),India (assumed),Default classification: not listed under a GJEPC 'International *' section and city field (if present) is an Indian city; no foreign signal found. Not independently verified.,diamond_colorstone,Hall 6,6L 086D,JAIPUR
EXH1336,DIVINE STAR,INDIAN-DOMESTIC (default — unconfirmed against a company registry),India (assumed),Default classification: not listed under a GJEPC 'International *' section and city field (if present) is an Indian city; no foreign signal found. Not independently verified.,diamond_colorstone,Hall 4,4R 474C,MUMBAI
EXH1273,DIVYA JEWELS,INDIAN-DOMESTIC (default — unconfirmed against a company registry),India (assumed),Default classification: not listed under a GJEPC 'International *' section and city field (if present) is an Indian city; no foreign signal found. Not independently verified.,diamond_colorstone,Hall 3,3Q 429,KOLKATA
EXH82,DM INVENT PRIVATE LIMITED,INDIAN-DOMESTIC (default — unconfirmed against a company registry),India (assumed),Default classification: not listed under a GJEPC 'International *' section and city field (if present) is an Indian city; no foreign signal found. Not independently verified.,allied,Hall Aurum,AU 042,NAVI MUMBAI
EXH1093,DOCTOR DIAM PRIVATE LIMITED,INDIAN-DOMESTIC (default — unconfirmed against a company registry),India (assumed),Default classification: not listed under a GJEPC 'International *' section and city field (if present) is an Indian city; no foreign signal found. Not independently verified.,loose_stones_diamonds,Hall Pavillion,JIO-F 9h,SURAT
EXH1786,DR JEWELS,INDIAN-DOMESTIC (default — unconfirmed against a company registry),India (assumed),Default classification: not listed under a GJEPC 'International *' section and city field (if present) is an Indian city; no foreign signal found. Not independently verified.,diamond_colorstone,Hall 4,4R 471C,MUMBAI
EXH1153,DREAMS BANGLES,INDIAN-DOMESTIC (default — unconfirmed against a company registry),India (assumed),Default classification: not listed under a GJEPC 'International *' section and city field (if present) is an Indian city; no foreign signal found. Not independently verified.,plain_gold,Hall 2,2F 135,MUMBAI
EXH744,DURGA CHAIN,INDIAN-DOMESTIC (default — unconfirmed against a company registry),India (assumed),Default classification: not listed under a GJEPC 'International *' section and city field (if present) is an Indian city; no foreign signal found. Not independently verified.,plain_gold,Hall 2,2K 278,MUMBAI
EXH733,DUSAD & COMPANY,INDIAN-DOMESTIC (default — unconfirmed against a company registry),India (assumed),Default classification: not listed under a GJEPC 'International *' section and city field (if present) is an Indian city; no foreign signal found. Not independently verified.,loose_stones_color_stones,Hall JASMINE,JIO-AG 42a,JAIPUR
EXH1363,DYNAMIC DIAMOND PRIVATE LIMITED,INDIAN-DOMESTIC (default — unconfirmed against a company registry),India (assumed),Default classification: not listed under a GJEPC 'International *' section and city field (if present) is an Indian city; no foreign signal found. Not independently verified.,loose_stones_color_stones,Hall JASMINE,JIO-AK 46i,AHMEDABAD
EXH2013,DZIRE BANGLES,INDIAN-DOMESTIC (default — unconfirmed against a company registry),India (assumed),Default classification: not listed under a GJEPC 'International *' section and city field (if present) is an Indian city; no foreign signal found. Not independently verified.,plain_gold,Hall 4,4S 492F,MUMBAI
EXH92,EAGLE ENGITECH,INDIAN-DOMESTIC (default — unconfirmed against a company registry),India (assumed),Default classification: not listed under a GJEPC 'International *' section and city field (if present) is an Indian city; no foreign signal found. Not independently verified.,machinery,Hall 5,5U 573C,RAJKOT
EXH2155,EBAY,INDIAN-DOMESTIC (default — unconfirmed against a company registry),India (assumed),Default classification: not listed under a GJEPC 'International *' section and city field (if present) is an Indian city; no foreign signal found. Not independently verified.,diamond_colorstone,Hall 4,4T 512C,MUMBAI
EXH759,ECO LIGHT DIAMOND,INDIAN-DOMESTIC (default — unconfirmed against a company registry),India (assumed),Default classification: not listed under a GJEPC 'International *' section and city field (if present) is an Indian city; no foreign signal found. Not independently verified.,lgd_diamond,Hall Pavillion,JIO-Z 45e,MUMBAI
EXH231,EKAIVA JEWELS,INDIAN-DOMESTIC (default — unconfirmed against a company registry),India (assumed),Default classification: not listed under a GJEPC 'International *' section and city field (if present) is an Indian city; no foreign signal found. Not independently verified.,diamond_colorstone,Hall 6,6Q 113,SURAT
EXH1082,ELA 18 DESIGNER JOOLRY,INDIAN-DOMESTIC (default — unconfirmed against a company registry),India (assumed),Default classification: not listed under a GJEPC 'International *' section and city field (if present) is an Indian city; no foreign signal found. Not independently verified.,plain_gold,Hall 2,2K 306,MUMBAI
EXH518,ELA DESIGNER JOOLRY,INDIAN-DOMESTIC (default — unconfirmed against a company registry),India (assumed),Default classification: not listed under a GJEPC 'International *' section and city field (if present) is an Indian city; no foreign signal found. Not independently verified.,plain_gold,Hall 3,3L 333,MUMBAI
EXH2169,ELANZIA EXPERIENCE CENTRE,INDIAN-DOMESTIC (default — unconfirmed against a company registry),India (assumed),Default classification: not listed under a GJEPC 'International *' section and city field (if present) is an Indian city; no foreign signal found. Not independently verified.,plain_gold,Hall JASMINE,ROOM 301,MUMBAI
EXH1136,ELEGANCE CREATION,INDIAN-DOMESTIC (default — unconfirmed against a company registry),India (assumed),Default classification: not listed under a GJEPC 'International *' section and city field (if present) is an Indian city; no foreign signal found. Not independently verified.,diamond_colorstone,Hall 6,6N 091C,MUMBAI
EXH20,ELVEE JEWELS PRIVATE LIMITED,INDIAN-DOMESTIC (default — unconfirmed against a company registry),India (assumed),Default classification: not listed under a GJEPC 'International *' section and city field (if present) is an Indian city; no foreign signal found. Not independently verified.,diamond_colorstone,Hall 6,6K 075B,SURAT
EXH2084,EMERALD JEWELLERS DMCC,FOREIGN,United Arab Emirates,"GJEPC exhibitor-list Section field = 'International Jewellery' (organizer-assigned foreign/international pavilion category, distinct from domestic sections like plain_gold/diamond_colorstone/silver_jewellery_artifacts); City field = 'DUBAI' -> country inferred",International Jewellery,Hall 6,6B 019A,DUBAI
EXH2057,Emerald Mines Co LTD(Thailand),FOREIGN,Thailand,"GJEPC exhibitor-list Section field = 'International Loose' (organizer-assigned foreign/international pavilion category, distinct from domestic sections like plain_gold/diamond_colorstone/silver_jewellery_artifacts); City field = 'BANGKOK' -> country inferred",International Loose,Hall LOTUS,JIO-AN 53a,BANGKOK
EXH1301,EMPRIYAL,INDIAN-DOMESTIC (default — unconfirmed against a company registry),India (assumed),Default classification: not listed under a GJEPC 'International *' section and city field (if present) is an Indian city; no foreign signal found. Not independently verified.,the_select_club,Hall JASMINE,Club-AA 9a,JAIPUR
EXH1741,ENDLESS DIAMOND,INDIAN-DOMESTIC (default — unconfirmed against a company registry),India (assumed),Default classification: not listed under a GJEPC 'International *' section and city field (if present) is an Indian city; no foreign signal found. Not independently verified.,diamond_colorstone,Hall 2,2H 238,AHMEDABAD
EXH702,ENSHINE,INDIAN-DOMESTIC (default — unconfirmed against a company registry),India (assumed),Default classification: not listed under a GJEPC 'International *' section and city field (if present) is an Indian city; no foreign signal found. Not independently verified.,the_select_club,Hall JASMINE,Club-AB 9c,SURAT
EXH1841,ENTER GOLD,INDIAN-DOMESTIC (default — unconfirmed against a company registry),India (assumed),Default classification: not listed under a GJEPC 'International *' section and city field (if present) is an Indian city; no foreign signal found. Not independently verified.,plain_gold,Hall 2,2K 285,MUMBAI
EXH2041,Era Mounting Jewellery,FOREIGN,Turkey,"GJEPC exhibitor-list Section field = 'International Jewellery' (organizer-assigned foreign/international pavilion category, distinct from domestic sections like plain_gold/diamond_colorstone/silver_jewellery_artifacts); City field = 'ISTANBUL' -> country inferred",International Jewellery,Hall Pavillion,JIO-Q 28h,ISTANBUL
EXH537,ETERNA INDUSTRIES,INDIAN-DOMESTIC (default — unconfirmed against a company registry),India (assumed),Default classification: not listed under a GJEPC 'International *' section and city field (if present) is an Indian city; no foreign signal found. Not independently verified.,machinery,Hall 5,5U 572D,AGRA
EXH109,EUROMET ALLOYS PVT LTD,INDIAN-DOMESTIC (default — unconfirmed against a company registry),India (assumed),Default classification: not listed under a GJEPC 'International *' section and city field (if present) is an Indian city; no foreign signal found. Not independently verified.,machinery,Hall 5,5V 571B,MUMBAI
EXH111,EUROTECNICHE INDIA PVT LTD,INDIAN-DOMESTIC (default — unconfirmed against a company registry),India (assumed),Default classification: not listed under a GJEPC 'International *' section and city field (if present) is an Indian city; no foreign signal found. Not independently verified.,machinery,Hall 5,5U 546,MUMBAI
EXH441,EXQUISITE COLOR KRAFT PVT. LTD,INDIAN-DOMESTIC (default — unconfirmed against a company registry),India (assumed),Default classification: not listed under a GJEPC 'International *' section and city field (if present) is an Indian city; no foreign signal found. Not independently verified.,the_select_club,Hall JASMINE,Club-AG 39d,JAIPUR
EXH204,EZARA JEWELS,INDIAN-DOMESTIC (default — unconfirmed against a company registry),India (assumed),Default classification: not listed under a GJEPC 'International *' section and city field (if present) is an Indian city; no foreign signal found. Not independently verified.,diamond_colorstone,Hall 3,3Q 402D,SURAT
EXH2130,FAIMOND  S.R.L.,FOREIGN,Italy (inferred from S.R.L./S.p.A. Italian legal-entity suffix in name; city field blank in source),"GJEPC exhibitor-list Section field = 'International Machinery' (organizer-assigned foreign/international pavilion category, distinct from domestic sections like plain_gold/diamond_colorstone/silver_jewellery_artifacts); City field blank in source; country inferred from Italian legal-entity suffix (S.R.L./S.p.A.) in company name",International Machinery,Hall 5,5U 583G,
EXH506,FANCY DIAMONDS INDIA PRIVATE L IMITED,INDIAN-DOMESTIC (default — unconfirmed against a company registry),India (assumed),Default classification: not listed under a GJEPC 'International *' section and city field (if present) is an Indian city; no foreign signal found. Not independently verified.,diamond_colorstone,Hall 2,2J 259A,MUMBAI
EXH1740,FANCY FOREVER LLP,INDIAN-DOMESTIC (default — unconfirmed against a company registry),India (assumed),Default classification: not listed under a GJEPC 'International *' section and city field (if present) is an Indian city; no foreign signal found. Not independently verified.,loose_stones_diamonds,Hall Pavillion,JIO-K 20d,MUMBAI
EXH2137,FASTI INDUSTRIALE S.R.L.,FOREIGN,Italy (inferred from S.R.L./S.p.A. Italian legal-entity suffix in name; city field blank in source),"GJEPC exhibitor-list Section field = 'International Machinery' (organizer-assigned foreign/international pavilion category, distinct from domestic sections like plain_gold/diamond_colorstone/silver_jewellery_artifacts); City field blank in source; country inferred from Italian legal-entity suffix (S.R.L./S.p.A.) in company name",International Machinery,Hall 5,5V 583N,
EXH240,FINE CREATION,INDIAN-DOMESTIC (default — unconfirmed against a company registry),India (assumed),Default classification: not listed under a GJEPC 'International *' section and city field (if present) is an Indian city; no foreign signal found. Not independently verified.,diamond_colorstone,Hall 4,4R 461D,MUMBAI
EXH921,FINE RHODIUM,INDIAN-DOMESTIC (default — unconfirmed against a company registry),India (assumed),Default classification: not listed under a GJEPC 'International *' section and city field (if present) is an Indian city; no foreign signal found. Not independently verified.,machinery,Hall Aurum,AU 049,MUMBAI
EXH2148,FINESTAR JEWELLERY AND DIAMONDS PVT. LTD.,INDIAN-DOMESTIC (default — unconfirmed against a company registry),India (assumed),Default classification: not listed under a GJEPC 'International *' section and city field (if present) is an Indian city; no foreign signal found. Not independently verified.,loose_stones_diamonds,Hall Pavillion,JIO-M 24c,MUMBAI
EXH2075,FINJA JEWELLERY DMCC,FOREIGN,United Arab Emirates,"GJEPC exhibitor-list Section field = 'International Jewellery' (organizer-assigned foreign/international pavilion category, distinct from domestic sections like plain_gold/diamond_colorstone/silver_jewellery_artifacts); City field = 'UAE' -> country inferred",International Jewellery,Hall Pavillion,JIO-N 25a,UAE
EXH837,FIONAA GOLD PRIVATE LIMITED,INDIAN-DOMESTIC (default — unconfirmed against a company registry),India (assumed),Default classification: not listed under a GJEPC 'International *' section and city field (if present) is an Indian city; no foreign signal found. Not independently verified.,plain_gold,Hall 4,4T 491A,MUMBAI
EXH522,FIRST DIVINITY DIAMONDS PVT LTD,INDIAN-DOMESTIC (default — unconfirmed against a company registry),India (assumed),Default classification: not listed under a GJEPC 'International *' section and city field (if present) is an Indian city; no foreign signal found. Not independently verified.,diamond_colorstone,Hall 6,6Q 105F,MUMBAI
EXH994,FIVE FINGER HANDICRAFTS PVT LTD,INDIAN-DOMESTIC (default — unconfirmed against a company registry),India (assumed),Default classification: not listed under a GJEPC 'International *' section and city field (if present) is an Indian city; no foreign signal found. Not independently verified.,silver_jewellery_artifacts,Hall Pavillion,JIO-X 41h,KOLKATA
EXH352,FLAVIA JEWELLERY,INDIAN-DOMESTIC (default — unconfirmed against a company registry),India (assumed),Default classification: not listed under a GJEPC 'International *' section and city field (if present) is an Indian city; no foreign signal found. Not independently verified.,plain_gold,Hall 2,2K 284,MUMBAI
EXH1245,FLORA JEWELS PVT LTD,INDIAN-DOMESTIC (default — unconfirmed against a company registry),India (assumed),Default classification: not listed under a GJEPC 'International *' section and city field (if present) is an Indian city; no foreign signal found. Not independently verified.,diamond_colorstone,Hall 6,6N 096B,SURAT
EXH230,FOREVER SILVER,INDIAN-DOMESTIC (default — unconfirmed against a company registry),India (assumed),Default classification: not listed under a GJEPC 'International *' section and city field (if present) is an Indian city; no foreign signal found. Not independently verified.,silver_jewellery_artifacts,Hall Pavillion,JIO-T 34j,AHMEDABAD
EXH1364,FOURSQUARE DIAMONDS,INDIAN-DOMESTIC (default — unconfirmed against a company registry),India (assumed),Default classification: not listed under a GJEPC 'International *' section and city field (if present) is an Indian city; no foreign signal found. Not independently verified.,diamond_colorstone,Hall 6,6R 127C,CENTRAL DELHI
EXH1104,G B AUTOMATION,INDIAN-DOMESTIC (default — unconfirmed against a company registry),India (assumed),Default classification: not listed under a GJEPC 'International *' section and city field (if present) is an Indian city; no foreign signal found. Not independently verified.,machinery,Hall 5,5U 570C,AHMEDABAD
EXH1644,G P SILVERS,INDIAN-DOMESTIC (default — unconfirmed against a company registry),India (assumed),Default classification: not listed under a GJEPC 'International *' section and city field (if present) is an Indian city; no foreign signal found. Not independently verified.,silver_jewellery_artifacts,Hall Pavillion,JIO-S 34e,MUMBAI
EXH1817,G VEE ORNA PRIVATE LIMITED,INDIAN-DOMESTIC (default — unconfirmed against a company registry),India (assumed),Default classification: not listed under a GJEPC 'International *' section and city field (if present) is an Indian city; no foreign signal found. Not independently verified.,plain_gold,Hall Pavillion,JIO-D 6q,RAJKOT
EXH279,G.M. GOLD PVT. LTD.,INDIAN-DOMESTIC (default — unconfirmed against a company registry),India (assumed),Default classification: not listed under a GJEPC 'International *' section and city field (if present) is an Indian city; no foreign signal found. Not independently verified.,plain_gold,Hall 3,3L 377B,MUMBAI
EXH1448,G.M. JEWELLERS,INDIAN-DOMESTIC (default — unconfirmed against a company registry),India (assumed),Default classification: not listed under a GJEPC 'International *' section and city field (if present) is an Indian city; no foreign signal found. Not independently verified.,plain_gold,Hall 2,2K 279,KOLKATA
EXH2059,GALLORINI ALLOYS SRL,FOREIGN,Italy (Arezzo province — inferred from SRL legal suffix + goldsmith-district city),"GJEPC exhibitor-list Section field = 'International Machinery' (organizer-assigned foreign/international pavilion category, distinct from domestic sections like plain_gold/diamond_colorstone/silver_jewellery_artifacts); City field = 'AR' -> country inferred",International Machinery,Hall 5,5U 515,AR
EXH1224,GANAPATI JEWELLERS CRAFTS PVT. LTD.,INDIAN-DOMESTIC (default — unconfirmed against a company registry),India (assumed),Default classification: not listed under a GJEPC 'International *' section and city field (if present) is an Indian city; no foreign signal found. Not independently verified.,loose_stones_color_stones,Hall JASMINE,JIO-AG 38c,JAIPUR
EXH2078,"Gandhi Enterprises Co., Ltd.",FOREIGN,Thailand,"GJEPC exhibitor-list Section field = 'International Loose' (organizer-assigned foreign/international pavilion category, distinct from domestic sections like plain_gold/diamond_colorstone/silver_jewellery_artifacts); City field = 'BANGKOK' -> country inferred",International Loose,Hall LOTUS,JIO-AN 50f,BANGKOK
EXH1605,GANESH DIAMONDS,INDIAN-DOMESTIC (default — unconfirmed against a company registry),India (assumed),Default classification: not listed under a GJEPC 'International *' section and city field (if present) is an Indian city; no foreign signal found. Not independently verified.,diamond_colorstone,Hall 3,3Q 411A,BENGALURU
EXH311,GANESH JEWELLERY (INDIA) PVT. LTD.,INDIAN-DOMESTIC (default — unconfirmed against a company registry),India (assumed),Default classification: not listed under a GJEPC 'International *' section and city field (if present) is an Indian city; no foreign signal found. Not independently verified.,loose_stones_color_stones,Hall LOTUS,JIO-AS 60e,MUMBAI
EXH1098,GARG ELECTROHEAT,INDIAN-DOMESTIC (default — unconfirmed against a company registry),India (assumed),Default classification: not listed under a GJEPC 'International *' section and city field (if present) is an Indian city; no foreign signal found. Not independently verified.,machinery,Hall 5,5U 569D,MUMBAI
EXH1721,GAUTAM JEWELLERS,INDIAN-DOMESTIC (default — unconfirmed against a company registry),India (assumed),Default classification: not listed under a GJEPC 'International *' section and city field (if present) is an Indian city; no foreign signal found. Not independently verified.,plain_gold,Hall Pavillion,JIO-G 11n,MUMBAI
EXH1982,GAYATRI CORPORATION,INDIAN-DOMESTIC (default — unconfirmed against a company registry),India (assumed),Default classification: not listed under a GJEPC 'International *' section and city field (if present) is an Indian city; no foreign signal found. Not independently verified.,diamond_colorstone,Hall 6,6P 096F,MUMBAI
EXH405,GDK JEWELS PRIVATE LIMITED,INDIAN-DOMESTIC (default — unconfirmed against a company registry),India (assumed),Default classification: not listed under a GJEPC 'International *' section and city field (if present) is an Indian city; no foreign signal found. Not independently verified.,the_select_club,Hall JASMINE,Club-AB 9b,NEW DELHI
EXH1916,GEE ESS EMM JEWELLERS PRIVATE LIMITED,INDIAN-DOMESTIC (default — unconfirmed against a company registry),India (assumed),Default classification: not listed under a GJEPC 'International *' section and city field (if present) is an Indian city; no foreign signal found. Not independently verified.,plain_gold,Hall 2,2K 299,CHENNAI
EXH1203,GEETA SHYAM JEWELLERS PRIVATE LIMITED,INDIAN-DOMESTIC (default — unconfirmed against a company registry),India (assumed),Default classification: not listed under a GJEPC 'International *' section and city field (if present) is an Indian city; no foreign signal found. Not independently verified.,the_select_club,Hall JASMINE,Club-AA 10a,JAIPUR
EXH1681,GEHNA JEWELLERS PVT. LTD.,INDIAN-DOMESTIC (default — unconfirmed against a company registry),India (assumed),Default classification: not listed under a GJEPC 'International *' section and city field (if present) is an Indian city; no foreign signal found. Not independently verified.,the_select_club,Hall JASMINE,Club-AC 18a,MUMBAI
EXH657,GEM CRAFTS ENTERPRISES PVT. LTD.,INDIAN-DOMESTIC (default — unconfirmed against a company registry),India (assumed),Default classification: not listed under a GJEPC 'International *' section and city field (if present) is an Indian city; no foreign signal found. Not independently verified.,diamond_colorstone,Hall 6,6P 102C,JAIPUR
EXH1609,GEM CROWN INTERNATIONAL PRIVATE LIMITED,INDIAN-DOMESTIC (default — unconfirmed against a company registry),India (assumed),Default classification: not listed under a GJEPC 'International *' section and city field (if present) is an Indian city; no foreign signal found. Not independently verified.,loose_stones_color_stones,Hall JASMINE,JIO-AH 42g,JAIPUR
EXH2054,GEM EXPERIENCE DMCC,FOREIGN,United Arab Emirates,"GJEPC exhibitor-list Section field = 'International Jewellery' (organizer-assigned foreign/international pavilion category, distinct from domestic sections like plain_gold/diamond_colorstone/silver_jewellery_artifacts); City field = 'DUBAI' -> country inferred",International Jewellery,Hall Pavillion,JIO-N 24d,DUBAI
EXH1543,GEM GALLERY,INDIAN-DOMESTIC (default — unconfirmed against a company registry),India (assumed),Default classification: not listed under a GJEPC 'International *' section and city field (if present) is an Indian city; no foreign signal found. Not independently verified.,diamond_colorstone,Hall 6,6L 078A,JAIPUR
EXH1324,GEM IMPEX,INDIAN-DOMESTIC (default — unconfirmed against a company registry),India (assumed),Default classification: not listed under a GJEPC 'International *' section and city field (if present) is an Indian city; no foreign signal found. Not independently verified.,diamond_colorstone,Hall 3,3Q 406A,MUMBAI
EXH1620,GEM INDIA EXPORTS,INDIAN-DOMESTIC (default — unconfirmed against a company registry),India (assumed),Default classification: not listed under a GJEPC 'International *' section and city field (if present) is an Indian city; no foreign signal found. Not independently verified.,loose_stones_color_stones,Hall JASMINE,JIO-AH 44a,JAIPUR
EXH1665,GEM PARADISE,INDIAN-DOMESTIC (default — unconfirmed against a company registry),India (assumed),Default classification: not listed under a GJEPC 'International *' section and city field (if present) is an Indian city; no foreign signal found. Not independently verified.,loose_stones_color_stones,Hall JASMINE,JIO-AJ 43k,MUMBAI
EXH1891,GEM PLAZA  PRIVATE LIMITED,INDIAN-DOMESTIC (default — unconfirmed against a company registry),India (assumed),Default classification: not listed under a GJEPC 'International *' section and city field (if present) is an Indian city; no foreign signal found. Not independently verified.,the_select_club,Hall JASMINE,Club-AF 31d,JAIPUR
EXH1574,GEM STAR,INDIAN-DOMESTIC (default — unconfirmed against a company registry),India (assumed),Default classification: not listed under a GJEPC 'International *' section and city field (if present) is an Indian city; no foreign signal found. Not independently verified.,loose_stones_color_stones,Hall LOTUS,JIO-AM 50e,JAIPUR
EXH940,GEMART,INDIAN-DOMESTIC (default — unconfirmed against a company registry),India (assumed),Default classification: not listed under a GJEPC 'International *' section and city field (if present) is an Indian city; no foreign signal found. Not independently verified.,diamond_colorstone,Hall 6,6L 086E,DELHI
EXH184,GEMMOLOGICAL INSTITUTE OF INDIA,INDIAN-DOMESTIC (default — unconfirmed against a company registry),India (assumed),Default classification: not listed under a GJEPC 'International *' section and city field (if present) is an Indian city; no foreign signal found. Not independently verified.,lab_edu,Hall 6,6P 101C,MUMBAI
EXH1622,GEMOLOGICAL SCIENCE  INTERNATIONAL PVT.LTD,INDIAN-DOMESTIC (default — unconfirmed against a company registry),India (assumed),Default classification: not listed under a GJEPC 'International *' section and city field (if present) is an Indian city; no foreign signal found. Not independently verified.,lab_edu,Hall 6,6N 100A,MUMBAI
EXH2060,GEMPEDIA THAI,FOREIGN,Thailand,"GJEPC exhibitor-list Section field = 'International Loose' (organizer-assigned foreign/international pavilion category, distinct from domestic sections like plain_gold/diamond_colorstone/silver_jewellery_artifacts); City field = 'BANGKOK' -> country inferred",International Loose,Hall LOTUS,JIO-AP 53f,BANGKOK
EXH1862,GEMS & JEWELS,INDIAN-DOMESTIC (default — unconfirmed against a company registry),India (assumed),Default classification: not listed under a GJEPC 'International *' section and city field (if present) is an Indian city; no foreign signal found. Not independently verified.,loose_stones_color_stones,Hall LOTUS,JIO-AQ 56a,JAIPUR
EXH1429,GEMS & JEWELS PALACE,INDIAN-DOMESTIC (default — unconfirmed against a company registry),India (assumed),Default classification: not listed under a GJEPC 'International *' section and city field (if present) is an Indian city; no foreign signal found. Not independently verified.,the_select_club,Hall JASMINE,Club-AD 21a,JODHPUR
EXH102,GEMS & MINERALS PARK,INDIAN-DOMESTIC (default — unconfirmed against a company registry),India (assumed),Default classification: not listed under a GJEPC 'International *' section and city field (if present) is an Indian city; no foreign signal found. Not independently verified.,loose_stones_color_stones,Hall LOTUS,JIO-AN 52c,JAIPUR
EXH1383,GEMS (INDIA),INDIAN-DOMESTIC (default — unconfirmed against a company registry),India (assumed),Default classification: not listed under a GJEPC 'International *' section and city field (if present) is an Indian city; no foreign signal found. Not independently verified.,silver_jewellery_artifacts,Hall Pavillion,JIO-R 29f,KOLKATA
EXH619,GEMS KITE,INDIAN-DOMESTIC (default — unconfirmed against a company registry),India (assumed),Default classification: not listed under a GJEPC 'International *' section and city field (if present) is an Indian city; no foreign signal found. Not independently verified.,loose_stones_color_stones,Hall JASMINE,JIO-AJ 44h,JAIPUR
EXH642,GEMS PARK,INDIAN-DOMESTIC (default — unconfirmed against a company registry),India (assumed),Default classification: not listed under a GJEPC 'International *' section and city field (if present) is an Indian city; no foreign signal found. Not independently verified.,loose_stones_color_stones,Hall JASMINE,JIO-AG 42f,JAIPUR
EXH2085,GEMSTIQUE COMPANY LIMITED,FOREIGN,Thailand,"GJEPC exhibitor-list Section field = 'International Loose' (organizer-assigned foreign/international pavilion category, distinct from domestic sections like plain_gold/diamond_colorstone/silver_jewellery_artifacts); City field = 'BANGKOK' -> country inferred",International Loose,Hall LOTUS,JIO-AP 54d,BANGKOK
EXH1914,GHANSHYAM GEMS,INDIAN-DOMESTIC (default — unconfirmed against a company registry),India (assumed),Default classification: not listed under a GJEPC 'International *' section and city field (if present) is an Indian city; no foreign signal found. Not independently verified.,loose_stones_color_stones,Hall JASMINE,JIO-AJ 45d,MUMBAI
EXH1960,GHATIWALA JEWELLERS,INDIAN-DOMESTIC (default — unconfirmed against a company registry),India (assumed),Default classification: not listed under a GJEPC 'International *' section and city field (if present) is an Indian city; no foreign signal found. Not independently verified.,the_select_club,Hall JASMINE,Club-AC 11b,JAIPUR
EXH2162,GI CRAFT PAVILION,FOREIGN,"Unknown — foreign per GJEPC International-section flag only; no city, legal-suffix, or name-language signal found to infer a specific country",GJEPC Section = International Jewellery (organizer-assigned foreign pavilion category); no other origin signal available — lowest-confidence entry in this set,International Jewellery,Hall Pavillion,JIO-P 28a,
EXH1998,GIE GOLD CREATIONS PVT. LTD.,INDIAN-DOMESTIC (default — unconfirmed against a company registry),India (assumed),Default classification: not listed under a GJEPC 'International *' section and city field (if present) is an Indian city; no foreign signal found. Not independently verified.,the_select_club,Hall JASMINE,Club-AC 17d,JAIPUR
EXH1553,GIOIELLI PREZIOSI,INDIAN-DOMESTIC (default — unconfirmed against a company registry),India (assumed),Default classification: not listed under a GJEPC 'International *' section and city field (if present) is an Indian city; no foreign signal found. Not independently verified.,silver_jewellery_artifacts,Hall Pavillion,JIO-R 31d,JAIPUR
EXH1031,GITANJALI ENTERPRISES,INDIAN-DOMESTIC (default — unconfirmed against a company registry),India (assumed),Default classification: not listed under a GJEPC 'International *' section and city field (if present) is an Indian city; no foreign signal found. Not independently verified.,loose_stones_color_stones,Hall JASMINE,JIO-AJ 46f,JAIPUR
EXH2132,GIUSTI TECH SRL,FOREIGN,Italy (inferred from S.R.L./S.p.A. Italian legal-entity suffix in name; city field blank in source),"GJEPC exhibitor-list Section field = 'International Machinery' (organizer-assigned foreign/international pavilion category, distinct from domestic sections like plain_gold/diamond_colorstone/silver_jewellery_artifacts); City field blank in source; country inferred from Italian legal-entity suffix (S.R.L./S.p.A.) in company name",International Machinery,Hall 5,5U 583I,
EXH2168,GJEPC MEMBERSHIP,INDIAN-DOMESTIC (default — unconfirmed against a company registry),India (assumed),Default classification: not listed under a GJEPC 'International *' section and city field (if present) is an Indian city; no foreign signal found. Not independently verified.,silver_jewellery_artifacts,Hall Pavillion,JIO-S 32i,MUMBAI
EXH1847,GK CHUDIWALAS LLP,INDIAN-DOMESTIC (default — unconfirmed against a company registry),India (assumed),Default classification: not listed under a GJEPC 'International *' section and city field (if present) is an Indian city; no foreign signal found. Not independently verified.,the_select_club,Hall JASMINE,Club-AG 36d,JAIPUR
EXH1177,GLITIANI,INDIAN-DOMESTIC (default — unconfirmed against a company registry),India (assumed),Default classification: not listed under a GJEPC 'International *' section and city field (if present) is an Indian city; no foreign signal found. Not independently verified.,silver_jewellery_artifacts,Hall Pavillion,JIO-Q 27m,BENGALURU
EXH528,GLOBAL TECHNOLOGIES,INDIAN-DOMESTIC (default — unconfirmed against a company registry),India (assumed),Default classification: not listed under a GJEPC 'International *' section and city field (if present) is an Indian city; no foreign signal found. Not independently verified.,machinery,Hall 5,5U 568E,BENGALURU
EXH201,GLORIOUS JEWELLERY (INDIA) PVT . LTD.,INDIAN-DOMESTIC (default — unconfirmed against a company registry),India (assumed),Default classification: not listed under a GJEPC 'International *' section and city field (if present) is an Indian city; no foreign signal found. Not independently verified.,the_select_club,Hall JASMINE,Club-AG 39a,JAIPUR
EXH1749,GLORY JEWELS PRIVATE LIMITED,INDIAN-DOMESTIC (default — unconfirmed against a company registry),India (assumed),Default classification: not listed under a GJEPC 'International *' section and city field (if present) is an Indian city; no foreign signal found. Not independently verified.,diamond_colorstone,Hall 3,3Q 410A,SURAT
EXH630,GLOW STAR,INDIAN-DOMESTIC (default — unconfirmed against a company registry),India (assumed),Default classification: not listed under a GJEPC 'International *' section and city field (if present) is an Indian city; no foreign signal found. Not independently verified.,diamond_colorstone,Hall 6,6R 124A,MUMBAI
EXH225,GNS JEWELLERY,INDIAN-DOMESTIC (default — unconfirmed against a company registry),India (assumed),Default classification: not listed under a GJEPC 'International *' section and city field (if present) is an Indian city; no foreign signal found. Not independently verified.,diamond_colorstone,Hall 6,6J 069B,SURAT
EXH2154,GODREJ & BOYCE MFG CO LTD,INDIAN-DOMESTIC (default — unconfirmed against a company registry),India (assumed),Default classification: not listed under a GJEPC 'International *' section and city field (if present) is an Indian city; no foreign signal found. Not independently verified.,diamond_colorstone,Hall 3,3N 378F,
EXH832,GOEL JEWELLERS,INDIAN-DOMESTIC (default — unconfirmed against a company registry),India (assumed),Default classification: not listed under a GJEPC 'International *' section and city field (if present) is an Indian city; no foreign signal found. Not independently verified.,diamond_colorstone,Hall 3,3Q 428,HYDERABAD
EXH714,GOLANK DIAMONDS,INDIAN-DOMESTIC (default — unconfirmed against a company registry),India (assumed),Default classification: not listed under a GJEPC 'International *' section and city field (if present) is an Indian city; no foreign signal found. Not independently verified.,diamond_colorstone,Hall 6,6L 088B,MUMBAI
EXH988,GOLD ARTISM,INDIAN-DOMESTIC (default — unconfirmed against a company registry),India (assumed),Default classification: not listed under a GJEPC 'International *' section and city field (if present) is an Indian city; no foreign signal found. Not independently verified.,plain_gold,Hall 6,6A 014,MUMBAI
EXH1149,GOLD MINE,INDIAN-DOMESTIC (default — unconfirmed against a company registry),India (assumed),Default classification: not listed under a GJEPC 'International *' section and city field (if present) is an Indian city; no foreign signal found. Not independently verified.,plain_gold,Hall Pavillion,JIO-N 23l,MUMBAI
EXH2091,GOLD POINT JEWELLERY LLC,FOREIGN,United Arab Emirates,"GJEPC exhibitor-list Section field = 'International Jewellery' (organizer-assigned foreign/international pavilion category, distinct from domestic sections like plain_gold/diamond_colorstone/silver_jewellery_artifacts); City field = 'UAE' -> country inferred",International Jewellery,Hall 6,6B 019C,UAE
EXH326,GOLD SIDE PRODUCTION,INDIAN-DOMESTIC (default — unconfirmed against a company registry),India (assumed),Default classification: not listed under a GJEPC 'International *' section and city field (if present) is an Indian city; no foreign signal found. Not independently verified.,machinery,Hall 5,5V 601,RAJKOT
EXH517,GOLD STAR ELITE JEWELS PRIVATE LIMITED,INDIAN-DOMESTIC (default — unconfirmed against a company registry),India (assumed),Default classification: not listed under a GJEPC 'International *' section and city field (if present) is an Indian city; no foreign signal found. Not independently verified.,diamond_colorstone,Hall 2,2J 252,MUMBAI
EXH2087,Golden Stone (Thailand) Co. Ltd,FOREIGN,Thailand,"GJEPC exhibitor-list Section field = 'International Loose' (organizer-assigned foreign/international pavilion category, distinct from domestic sections like plain_gold/diamond_colorstone/silver_jewellery_artifacts); City field = 'BANGKOK' -> country inferred",International Loose,Hall LOTUS,JIO-AQ 57a,BANGKOK
EXH1756,GOLDTHEME GEMS PRIVATE LIMITED,INDIAN-DOMESTIC (default — unconfirmed against a company registry),India (assumed),Default classification: not listed under a GJEPC 'International *' section and city field (if present) is an Indian city; no foreign signal found. Not independently verified.,diamond_colorstone,Hall 6,6L 087C,JAIPUR
EXH622,GOLECHA S JEWELS,INDIAN-DOMESTIC (default — unconfirmed against a company registry),India (assumed),Default classification: not listed under a GJEPC 'International *' section and city field (if present) is an Indian city; no foreign signal found. Not independently verified.,the_select_club,Hall JASMINE,Club-AG 38d,JAIPUR
EXH1520,GOMES GEMS,INDIAN-DOMESTIC (default — unconfirmed against a company registry),India (assumed),Default classification: not listed under a GJEPC 'International *' section and city field (if present) is an Indian city; no foreign signal found. Not independently verified.,loose_stones_color_stones,Hall JASMINE,JIO-AG 40d,JAIPUR
EXH37,GOODWIN REFRACTORY SERVICES INDIA PVT LTD,INDIAN-DOMESTIC (default — unconfirmed against a company registry),India (assumed),Default classification: not listed under a GJEPC 'International *' section and city field (if present) is an Indian city; no foreign signal found. Not independently verified.,machinery,Hall 5,5V 625,CHENNAI
EXH963,GOPALAM GEMS & JEWELLERY,INDIAN-DOMESTIC (default — unconfirmed against a company registry),India (assumed),Default classification: not listed under a GJEPC 'International *' section and city field (if present) is an Indian city; no foreign signal found. Not independently verified.,silver_jewellery_artifacts,Hall Pavillion,JIO-T 35d,JAIPUR
EXH855,GORDHANDAS NANDKISHORE JEWELLERS,INDIAN-DOMESTIC (default — unconfirmed against a company registry),India (assumed),Default classification: not listed under a GJEPC 'International *' section and city field (if present) is an Indian city; no foreign signal found. Not independently verified.,plain_gold,Hall 2,2K 300,JAIPUR
EXH1878,GOSI JEWELS INDIA,INDIAN-DOMESTIC (default — unconfirmed against a company registry),India (assumed),Default classification: not listed under a GJEPC 'International *' section and city field (if present) is an Indian city; no foreign signal found. Not independently verified.,diamond_colorstone,Hall 3,3N 390B,JAIPUR
EXH1060,GOURAV GEMS,INDIAN-DOMESTIC (default — unconfirmed against a company registry),India (assumed),Default classification: not listed under a GJEPC 'International *' section and city field (if present) is an Indian city; no foreign signal found. Not independently verified.,silver_jewellery_artifacts,Hall Pavillion,JIO-R 30l,JAIPUR
EXH1726,GOYAL ART JEWELLERS,INDIAN-DOMESTIC (default — unconfirmed against a company registry),India (assumed),Default classification: not listed under a GJEPC 'International *' section and city field (if present) is an Indian city; no foreign signal found. Not independently verified.,loose_stones_color_stones,Hall LOTUS,JIO-AM 51d,MUMBAI
EXH712,GOYAL BROTHERS,INDIAN-DOMESTIC (default — unconfirmed against a company registry),India (assumed),Default classification: not listed under a GJEPC 'International *' section and city field (if present) is an Indian city; no foreign signal found. Not independently verified.,silver_jewellery_artifacts,Hall Pavillion,JIO-V 39e,MUMBAI
EXH913,GREEN BELL,INDIAN-DOMESTIC (default — unconfirmed against a company registry),India (assumed),Default classification: not listed under a GJEPC 'International *' section and city field (if present) is an Indian city; no foreign signal found. Not independently verified.,loose_stones_color_stones,Hall LOTUS,JIO-AN 52d,JAIPUR
EXH1505,GREEN GROW DIAM,INDIAN-DOMESTIC (default — unconfirmed against a company registry),India (assumed),Default classification: not listed under a GJEPC 'International *' section and city field (if present) is an Indian city; no foreign signal found. Not independently verified.,lgd_diamond,Hall Pavillion,JIO-Z 48a,SURAT
EXH1907,GREEN INTERNATIONAL,INDIAN-DOMESTIC (default — unconfirmed against a company registry),India (assumed),Default classification: not listed under a GJEPC 'International *' section and city field (if present) is an Indian city; no foreign signal found. Not independently verified.,loose_stones_color_stones,Hall LOTUS,JIO-AN 51h,JAIPUR
EXH261,GREENLAB DIAMONDS LLP,INDIAN-DOMESTIC (default — unconfirmed against a company registry),India (assumed),Default classification: not listed under a GJEPC 'International *' section and city field (if present) is an Indian city; no foreign signal found. Not independently verified.,lgd_diamond,Hall Pavillion,JIO-Z 48f,SURAT
EXH256,GREENLAB JEWELS PRIVATE LIMITED,INDIAN-DOMESTIC (default — unconfirmed against a company registry),India (assumed),Default classification: not listed under a GJEPC 'International *' section and city field (if present) is an Indian city; no foreign signal found. Not independently verified.,lgd_jewellery,Hall Pavillion,JIO-X 43a,SURAT
EXH1896,GURJAR GEMS PVT. LTD.,INDIAN-DOMESTIC (default — unconfirmed against a company registry),India (assumed),Default classification: not listed under a GJEPC 'International *' section and city field (if present) is an Indian city; no foreign signal found. Not independently verified.,diamond_colorstone,Hall 4,4S 475D,MUMBAI
EXH1271,GURU KRIPA DESIGN STUDIO PVT LTD,INDIAN-DOMESTIC (default — unconfirmed against a company registry),India (assumed),Default classification: not listed under a GJEPC 'International *' section and city field (if present) is an Indian city; no foreign signal found. Not independently verified.,the_select_club,Hall JASMINE,Club-AF 29b,JAIPUR
EXH1073,GURUKRUPA EXPORT PRIVATE LIMITED,INDIAN-DOMESTIC (default — unconfirmed against a company registry),India (assumed),Default classification: not listed under a GJEPC 'International *' section and city field (if present) is an Indian city; no foreign signal found. Not independently verified.,diamond_colorstone,Hall 2,2J 256A,SURAT
EXH1832,GYS JEWELS PVT LTD,INDIAN-DOMESTIC (default — unconfirmed against a company registry),India (assumed),Default classification: not listed under a GJEPC 'International *' section and city field (if present) is an Indian city; no foreign signal found. Not independently verified.,plain_gold,Hall 2,2G 168,MUMBAI
EXH44,H G & SONS,INDIAN-DOMESTIC (default — unconfirmed against a company registry),India (assumed),Default classification: not listed under a GJEPC 'International *' section and city field (if present) is an Indian city; no foreign signal found. Not independently verified.,plain_gold,Hall 3,3M 376B,RAJKOT
EXH484,H. G.JEWELS,INDIAN-DOMESTIC (default — unconfirmed against a company registry),India (assumed),Default classification: not listed under a GJEPC 'International *' section and city field (if present) is an Indian city; no foreign signal found. Not independently verified.,plain_gold,Hall 2,2K 273G,AHMEDABAD
EXH960,H.K. INDUSTRIES,INDIAN-DOMESTIC (default — unconfirmed against a company registry),India (assumed),Default classification: not listed under a GJEPC 'International *' section and city field (if present) is an Indian city; no foreign signal found. Not independently verified.,machinery,Hall 5,5V 571A,AHMEDABAD
EXH1345,H.K. JEWELS PVT. LTD.,INDIAN-DOMESTIC (default — unconfirmed against a company registry),India (assumed),Default classification: not listed under a GJEPC 'International *' section and city field (if present) is an Indian city; no foreign signal found. Not independently verified.,diamond_colorstone,Hall 6,6L 077A,MUMBAI
EXH411,H.K. MALVI INDUSTRIES,INDIAN-DOMESTIC (default — unconfirmed against a company registry),India (assumed),Default classification: not listed under a GJEPC 'International *' section and city field (if present) is an Indian city; no foreign signal found. Not independently verified.,machinery,Hall 5,5V 619,AHMEDABAD
EXH198,H.P.SILVER,INDIAN-DOMESTIC (default — unconfirmed against a company registry),India (assumed),Default classification: not listed under a GJEPC 'International *' section and city field (if present) is an Indian city; no foreign signal found. Not independently verified.,silver_jewellery_artifacts,Hall Pavillion,JIO-X 42l,MUMBAI
EXH867,HAPPY GOLD,INDIAN-DOMESTIC (default — unconfirmed against a company registry),India (assumed),Default classification: not listed under a GJEPC 'International *' section and city field (if present) is an Indian city; no foreign signal found. Not independently verified.,plain_gold,Hall 3,3L 352,MUMBAI
EXH1877,HARDIK ZAVERI JEWELLERS,INDIAN-DOMESTIC (default — unconfirmed against a company registry),India (assumed),Default classification: not listed under a GJEPC 'International *' section and city field (if present) is an Indian city; no foreign signal found. Not independently verified.,plain_gold,Hall 3,3L 328,MUMBAI
EXH934,HARESH AND SONS,INDIAN-DOMESTIC (default — unconfirmed against a company registry),India (assumed),Default classification: not listed under a GJEPC 'International *' section and city field (if present) is an Indian city; no foreign signal found. Not independently verified.,plain_gold,Hall 2,2K 314,MUMBAI
EXH1598,HARI DARSHAN EXPORTS PVT. LTD.,INDIAN-DOMESTIC (default — unconfirmed against a company registry),India (assumed),Default classification: not listed under a GJEPC 'International *' section and city field (if present) is an Indian city; no foreign signal found. Not independently verified.,loose_stones_diamonds,Hall Pavillion,JIO-J 17e,MUMBAI
EXH79,HARI KIRPA JEWELS,INDIAN-DOMESTIC (default — unconfirmed against a company registry),India (assumed),Default classification: not listed under a GJEPC 'International *' section and city field (if present) is an Indian city; no foreign signal found. Not independently verified.,allied,Hall Aurum,AU 022,NEW DELHI
EXH828,HARI KRISHNA EXPORTS PVT. LTD.,INDIAN-DOMESTIC (default — unconfirmed against a company registry),India (assumed),Default classification: not listed under a GJEPC 'International *' section and city field (if present) is an Indian city; no foreign signal found. Not independently verified.,diamond_colorstone,Hall 6,6K 072,MUMBAI
EXH1625,HARIKRISHNA GEMS,INDIAN-DOMESTIC (default — unconfirmed against a company registry),India (assumed),Default classification: not listed under a GJEPC 'International *' section and city field (if present) is an Indian city; no foreign signal found. Not independently verified.,loose_stones_color_stones,Hall JASMINE,JIO-AJ 46d,MUMBAI
EXH112,HARIOM INDUSTRIES,INDIAN-DOMESTIC (default — unconfirmed against a company registry),India (assumed),Default classification: not listed under a GJEPC 'International *' section and city field (if present) is an Indian city; no foreign signal found. Not independently verified.,machinery,Hall 5,5U 568C,AHMEDABAD
EXH2124,HARITHA AUTOMATION PVT. LTD,INDIAN-DOMESTIC (default — unconfirmed against a company registry),India (assumed),Default classification: not listed under a GJEPC 'International *' section and city field (if present) is an Indian city; no foreign signal found. Not independently verified.,machinery,Hall 5,5V 597,CHENNAI
EXH364,HARITSONS DESIGNS PVT. LTD.,INDIAN-DOMESTIC (default — unconfirmed against a company registry),India (assumed),Default classification: not listed under a GJEPC 'International *' section and city field (if present) is an Indian city; no foreign signal found. Not independently verified.,the_select_club,Hall JASMINE,Club-AD 17b,JAIPUR
EXH437,HARITSONS EARTHGEMS PRIVATE LIMITED,INDIAN-DOMESTIC (default — unconfirmed against a company registry),India (assumed),Default classification: not listed under a GJEPC 'International *' section and city field (if present) is an Indian city; no foreign signal found. Not independently verified.,silver_jewellery_artifacts,Hall Pavillion,JIO-S 34d,JAIPUR
EXH660,HARSH GEMS,INDIAN-DOMESTIC (default — unconfirmed against a company registry),India (assumed),Default classification: not listed under a GJEPC 'International *' section and city field (if present) is an Indian city; no foreign signal found. Not independently verified.,diamond_colorstone,Hall 6,6Q 120,MUMBAI
EXH1343,HARSH ZWLS,INDIAN-DOMESTIC (default — unconfirmed against a company registry),India (assumed),Default classification: not listed under a GJEPC 'International *' section and city field (if present) is an Indian city; no foreign signal found. Not independently verified.,loose_stones_color_stones,Hall JASMINE,JIO-AJ 45e,JAIPUR
EXH2047,Harshad Trading Co LLC,FOREIGN,United Arab Emirates,"GJEPC exhibitor-list Section field = 'International Machinery' (organizer-assigned foreign/international pavilion category, distinct from domestic sections like plain_gold/diamond_colorstone/silver_jewellery_artifacts); City field = 'DUBAI' -> country inferred",International Machinery,Hall 5,5V 584,DUBAI
EXH1083,HARSHDA AUTOMATION INDUSTRIES,INDIAN-DOMESTIC (default — unconfirmed against a company registry),India (assumed),Default classification: not listed under a GJEPC 'International *' section and city field (if present) is an Indian city; no foreign signal found. Not independently verified.,machinery,Hall Aurum,AU 050,MUMBAI
EXH684,HARSHIT JEWELLERS,INDIAN-DOMESTIC (default — unconfirmed against a company registry),India (assumed),Default classification: not listed under a GJEPC 'International *' section and city field (if present) is an Indian city; no foreign signal found. Not independently verified.,silver_jewellery_artifacts,Hall Pavillion,JIO-X 41e,MUMBAI
EXH1888,HARSHWARDHAN GEMS PVT. LTD.,INDIAN-DOMESTIC (default — unconfirmed against a company registry),India (assumed),Default classification: not listed under a GJEPC 'International *' section and city field (if present) is an Indian city; no foreign signal found. Not independently verified.,diamond_colorstone,Hall 3,3Q 424,KOLKATA
EXH375,HASMUKH JEWELLERS,INDIAN-DOMESTIC (default — unconfirmed against a company registry),India (assumed),Default classification: not listed under a GJEPC 'International *' section and city field (if present) is an Indian city; no foreign signal found. Not independently verified.,diamond_colorstone,Hall 6,6Q 115,MUMBAI
EXH275,HASMUKH PAREKH JEWELLERS,INDIAN-DOMESTIC (default — unconfirmed against a company registry),India (assumed),Default classification: not listed under a GJEPC 'International *' section and city field (if present) is an Indian city; no foreign signal found. Not independently verified.,plain_gold,Hall 6,6D 030B,KOLKATA
EXH1949,HEENA IMPEX,INDIAN-DOMESTIC (default — unconfirmed against a company registry),India (assumed),Default classification: not listed under a GJEPC 'International *' section and city field (if present) is an Indian city; no foreign signal found. Not independently verified.,loose_stones_diamonds,Hall Pavillion,JIO-M 21i,SURAT
EXH1477,HEERA JEWELS AND GEMS PRIVATE LIMITED,INDIAN-DOMESTIC (default — unconfirmed against a company registry),India (assumed),Default classification: not listed under a GJEPC 'International *' section and city field (if present) is an Indian city; no foreign signal found. Not independently verified.,plain_gold,Hall 3,3M 365A,DELHI
EXH262,HEMA GOLD JEWELLERY,INDIAN-DOMESTIC (default — unconfirmed against a company registry),India (assumed),Default classification: not listed under a GJEPC 'International *' section and city field (if present) is an Indian city; no foreign signal found. Not independently verified.,plain_gold,Hall 2,2J 270D,MUMBAI
EXH700,HEMRATNA JEWELLERS,INDIAN-DOMESTIC (default — unconfirmed against a company registry),India (assumed),Default classification: not listed under a GJEPC 'International *' section and city field (if present) is an Indian city; no foreign signal found. Not independently verified.,plain_gold,Hall 3,3L 373D,MUMBAI
EXH1417,HIRA IMPEX,INDIAN-DOMESTIC (default — unconfirmed against a company registry),India (assumed),Default classification: not listed under a GJEPC 'International *' section and city field (if present) is an Indian city; no foreign signal found. Not independently verified.,silver_jewellery_artifacts,Hall Pavillion,JIO-U 37d,MUMBAI
EXH1310,HISSARIA DIAMONDS,INDIAN-DOMESTIC (default — unconfirmed against a company registry),India (assumed),Default classification: not listed under a GJEPC 'International *' section and city field (if present) is an Indian city; no foreign signal found. Not independently verified.,the_select_club,Hall JASMINE,Club-AB 15a,NEW DELHI
EXH1761,HITESH JEWELLERS,INDIAN-DOMESTIC (default — unconfirmed against a company registry),India (assumed),Default classification: not listed under a GJEPC 'International *' section and city field (if present) is an Indian city; no foreign signal found. Not independently verified.,plain_gold,Hall 6,6C 023C,MUMBAI
EXH1976,HMV GEMS,INDIAN-DOMESTIC (default — unconfirmed against a company registry),India (assumed),Default classification: not listed under a GJEPC 'International *' section and city field (if present) is an Indian city; no foreign signal found. Not independently verified.,loose_stones_color_stones,Hall JASMINE,JIO-AH 41i,JAIPUR
EXH575,HOCONN JEWEL LLP,INDIAN-DOMESTIC (default — unconfirmed against a company registry),India (assumed),Default classification: not listed under a GJEPC 'International *' section and city field (if present) is an Indian city; no foreign signal found. Not independently verified.,diamond_colorstone,Hall 6,6Q 103J,SURAT
EXH1115,HOUSE OF POLKI,INDIAN-DOMESTIC (default — unconfirmed against a company registry),India (assumed),Default classification: not listed under a GJEPC 'International *' section and city field (if present) is an Indian city; no foreign signal found. Not independently verified.,diamond_colorstone,Hall 3,3N 400C,JAIPUR
EXH2146,HRD DIAMOND INSTITUT E PVT LTD,INDIAN-DOMESTIC (default — unconfirmed against a company registry),India (assumed),Default classification: not listed under a GJEPC 'International *' section and city field (if present) is an Indian city; no foreign signal found. Not independently verified.,lab_edu,Hall Pavillion,JIO-E 8f,MUMBAI
EXH1945,HRDK JEWEL CRAFT LIMITED,INDIAN-DOMESTIC (default — unconfirmed against a company registry),India (assumed),Default classification: not listed under a GJEPC 'International *' section and city field (if present) is an Indian city; no foreign signal found. Not independently verified.,plain_gold,Hall 2,2K 291,JODHPUR
EXH2153,IAGES- INDIAN ASSOCIATION FOR GOLD EXCELLENCE AND STANDARDS,INDIAN-DOMESTIC (default — unconfirmed against a company registry),India (assumed),Default classification: not listed under a GJEPC 'International *' section and city field (if present) is an Indian city; no foreign signal found. Not independently verified.,diamond_colorstone,Hall 3,3N 378G,MUMBAI
EXH1810,IGL GEMSTONES PVT. LTD.,INDIAN-DOMESTIC (default — unconfirmed against a company registry),India (assumed),Default classification: not listed under a GJEPC 'International *' section and city field (if present) is an Indian city; no foreign signal found. Not independently verified.,lab_edu,Hall Pavillion,JIO-D 8c,MUMBAI
EXH1058,IIG INSTITUTE OF GEM AND JEWELRY PRIVATE LIMITED,INDIAN-DOMESTIC (default — unconfirmed against a company registry),India (assumed),Default classification: not listed under a GJEPC 'International *' section and city field (if present) is an Indian city; no foreign signal found. Not independently verified.,lab_edu,Hall Pavillion,JIO-D 8b,MUMBAI SUBURBAN
EXH1503,ILA CREATION PVT LTD,INDIAN-DOMESTIC (default — unconfirmed against a company registry),India (assumed),Default classification: not listed under a GJEPC 'International *' section and city field (if present) is an Indian city; no foreign signal found. Not independently verified.,plain_gold,Hall Pavillion,JIO-F 11h,AHMEDABAD
EXH2156,INDIAN INSTITUTE OF GEMS & JEWELLERY (IIGJ),INDIAN-DOMESTIC (default — unconfirmed against a company registry),India (assumed),Default classification: not listed under a GJEPC 'International *' section and city field (if present) is an Indian city; no foreign signal found. Not independently verified.,diamond_colorstone,Hall 2,2J 259D,
EXH1476,INDIANA JEWEL,INDIAN-DOMESTIC (default — unconfirmed against a company registry),India (assumed),Default classification: not listed under a GJEPC 'International *' section and city field (if present) is an Indian city; no foreign signal found. Not independently verified.,plain_gold,Hall Pavillion,JIO-L 22g,SURAT
EXH340,INDIANIA JEWELLERY COMPANY   PVT LTD,INDIAN-DOMESTIC (default — unconfirmed against a company registry),India (assumed),Default classification: not listed under a GJEPC 'International *' section and city field (if present) is an Indian city; no foreign signal found. Not independently verified.,the_select_club,Hall JASMINE,Club-AA 10d,COIMBATORE
EXH607,INDIGO PRINTS,INDIAN-DOMESTIC (default — unconfirmed against a company registry),India (assumed),Default classification: not listed under a GJEPC 'International *' section and city field (if present) is an Indian city; no foreign signal found. Not independently verified.,silver_jewellery_artifacts,Hall Pavillion,JIO-X 44d,NEW DELHI
EXH616,INDIGO PRINTS PVT. LTD.,INDIAN-DOMESTIC (default — unconfirmed against a company registry),India (assumed),Default classification: not listed under a GJEPC 'International *' section and city field (if present) is an Indian city; no foreign signal found. Not independently verified.,allied,Hall Aurum,AU 001,NEW DELHI
EXH2157,INDRA-DE BEERS INDIA PRIVATE LIMITED,INDIAN-DOMESTIC (default — unconfirmed against a company registry),India (assumed),Default classification: not listed under a GJEPC 'International *' section and city field (if present) is an Indian city; no foreign signal found. Not independently verified.,diamond_colorstone,Hall 4,4R 481E,
EXH2166,INDRA-DE BEERS INDIA PRIVATE LIMITED,INDIAN-DOMESTIC (default — unconfirmed against a company registry),India (assumed),Default classification: not listed under a GJEPC 'International *' section and city field (if present) is an Indian city; no foreign signal found. Not independently verified.,silver_jewellery_artifacts,Hall Pavillion,JIO-R 29j,
EXH1522,INTERGEM EXPORTS,INDIAN-DOMESTIC (default — unconfirmed against a company registry),India (assumed),Default classification: not listed under a GJEPC 'International *' section and city field (if present) is an Indian city; no foreign signal found. Not independently verified.,the_select_club,Hall JASMINE,Club-AC 17a,JAIPUR
EXH2098,INTERNATIONAL GEMMOLOGICAL INSTITUTE (INDIA) LIMITED,INDIAN-DOMESTIC (default — unconfirmed against a company registry),India (assumed),Default classification: not listed under a GJEPC 'International *' section and city field (if present) is an Indian city; no foreign signal found. Not independently verified.,loose_stones_color_stones,Hall 6,6Q 101A,MUMBAI
EXH2100,INTERNATIONAL GEMMOLOGICAL INSTITUTE (INDIA) LIMITED,INDIAN-DOMESTIC (default — unconfirmed against a company registry),India (assumed),Default classification: not listed under a GJEPC 'International *' section and city field (if present) is an Indian city; no foreign signal found. Not independently verified.,lab_edu,Hall Pavillion,JIO-D 8a,MUMBAI
EXH838,INTRIGUITY,INDIAN-DOMESTIC (default — unconfirmed against a company registry),India (assumed),Default classification: not listed under a GJEPC 'International *' section and city field (if present) is an Indian city; no foreign signal found. Not independently verified.,machinery,Hall Aurum,AU 053,MUMBAI
EXH2133,INVIMEC SRL,FOREIGN,Italy (inferred from S.R.L./S.p.A. Italian legal-entity suffix in name; city field blank in source),"GJEPC exhibitor-list Section field = 'International Machinery' (organizer-assigned foreign/international pavilion category, distinct from domestic sections like plain_gold/diamond_colorstone/silver_jewellery_artifacts); City field blank in source; country inferred from Italian legal-entity suffix (S.R.L./S.p.A.) in company name",International Machinery,Hall 5,5U 583J,
EXH117,INVIZIO SOLUTIONS LLP,INDIAN-DOMESTIC (default — unconfirmed against a company registry),India (assumed),Default classification: not listed under a GJEPC 'International *' section and city field (if present) is an Indian city; no foreign signal found. Not independently verified.,allied,Hall Aurum,AU 004,MUMBAI
EXH34,IQTEK SOFTWARE LTD,INDIAN-DOMESTIC (default — unconfirmed against a company registry),India (assumed),Default classification: not listed under a GJEPC 'International *' section and city field (if present) is an Indian city; no foreign signal found. Not independently verified.,allied,Hall Aurum,AU 013,NAVI MUMBAI
EXH701,IRA CORPORATION,INDIAN-DOMESTIC (default — unconfirmed against a company registry),India (assumed),Default classification: not listed under a GJEPC 'International *' section and city field (if present) is an Indian city; no foreign signal found. Not independently verified.,machinery,Hall 5,5U 571C,MUMBAI
EXH1824,IRA JEWELS,INDIAN-DOMESTIC (default — unconfirmed against a company registry),India (assumed),Default classification: not listed under a GJEPC 'International *' section and city field (if present) is an Indian city; no foreign signal found. Not independently verified.,silver_jewellery_artifacts,Hall Pavillion,JIO-U 37a,MUMBAI
EXH629,ISHA GEMS,INDIAN-DOMESTIC (default — unconfirmed against a company registry),India (assumed),Default classification: not listed under a GJEPC 'International *' section and city field (if present) is an Indian city; no foreign signal found. Not independently verified.,diamond_colorstone,Hall 2,2H 247B,JAIPUR
EXH449,ISHI INDIA JEWELS,INDIAN-DOMESTIC (default — unconfirmed against a company registry),India (assumed),Default classification: not listed under a GJEPC 'International *' section and city field (if present) is an Indian city; no foreign signal found. Not independently verified.,diamond_colorstone,Hall 2,2H 245C,HYDERABAD
EXH2070,ISHTARA JEWELS L.L.C,FOREIGN,United Arab Emirates,"GJEPC exhibitor-list Section field = 'International Jewellery' (organizer-assigned foreign/international pavilion category, distinct from domestic sections like plain_gold/diamond_colorstone/silver_jewellery_artifacts); City field = 'DUBAI' -> country inferred",International Jewellery,Hall Pavillion,JIO-M 24b,DUBAI
EXH2128,ITALFIMET SRL,FOREIGN,Italy (inferred from S.R.L./S.p.A. Italian legal-entity suffix in name; city field blank in source),"GJEPC exhibitor-list Section field = 'International Machinery' (organizer-assigned foreign/international pavilion category, distinct from domestic sections like plain_gold/diamond_colorstone/silver_jewellery_artifacts); City field blank in source; country inferred from Italian legal-entity suffix (S.R.L./S.p.A.) in company name",International Machinery,Hall 5,5U 583E,
EXH2126,ITALIAN TRADE AGENCY,FOREIGN,"Italy (national trade promotion agency, name self-identifies)","GJEPC exhibitor-list Section field = 'International Machinery' (organizer-assigned foreign/international pavilion category, distinct from domestic sections like plain_gold/diamond_colorstone/silver_jewellery_artifacts); Company name self-identifies as Italy's national trade promotion agency",International Machinery,Hall 5,5U 522,
EXH2142,ITALIMPIANTI ORAFI SPA,FOREIGN,Italy,"GJEPC exhibitor-list Section field = 'International Machinery' (organizer-assigned foreign/international pavilion category, distinct from domestic sections like plain_gold/diamond_colorstone/silver_jewellery_artifacts); City field = 'ITALY' -> country inferred",International Machinery,Hall 5,5U 524,ITALY
EXH1533,J K JEWELS,INDIAN-DOMESTIC (default — unconfirmed against a company registry),India (assumed),Default classification: not listed under a GJEPC 'International *' section and city field (if present) is an Indian city; no foreign signal found. Not independently verified.,plain_gold,Hall 4,4T 493F,MUMBAI
EXH1478,JAANVI JEWELS,INDIAN-DOMESTIC (default — unconfirmed against a company registry),India (assumed),Default classification: not listed under a GJEPC 'International *' section and city field (if present) is an Indian city; no foreign signal found. Not independently verified.,plain_gold,Hall 3,3M 384B,MUMBAI
EXH1471,JAGDAMBA JEWELS EMPORIUM PRIVATE LIMITED,INDIAN-DOMESTIC (default — unconfirmed against a company registry),India (assumed),Default classification: not listed under a GJEPC 'International *' section and city field (if present) is an Indian city; no foreign signal found. Not independently verified.,plain_gold,Hall Pavillion,JIO-L 19p,KOLKATA
EXH521,JAIN DIA MOUNTS PRIVATE LIMITED,INDIAN-DOMESTIC (default — unconfirmed against a company registry),India (assumed),Default classification: not listed under a GJEPC 'International *' section and city field (if present) is an Indian city; no foreign signal found. Not independently verified.,diamond_colorstone,Hall 6,6K 068,NEW DELHI
EXH1763,JAINA DIAMOND AND GOLD PVT LTD,INDIAN-DOMESTIC (default — unconfirmed against a company registry),India (assumed),Default classification: not listed under a GJEPC 'International *' section and city field (if present) is an Indian city; no foreign signal found. Not independently verified.,lgd_jewellery,Hall Pavillion,JIO-Y 43i,GWALIOR
EXH1003,JAINAM CHAINS,INDIAN-DOMESTIC (default — unconfirmed against a company registry),India (assumed),Default classification: not listed under a GJEPC 'International *' section and city field (if present) is an Indian city; no foreign signal found. Not independently verified.,plain_gold,Hall Pavillion,JIO-A 1c,MUMBAI
EXH1147,JAIPUR EMPORIUM INTERNATIONAL,INDIAN-DOMESTIC (default — unconfirmed against a company registry),India (assumed),Default classification: not listed under a GJEPC 'International *' section and city field (if present) is an Indian city; no foreign signal found. Not independently verified.,diamond_colorstone,Hall 2,2H 225,JAIPUR
EXH1330,JAIPUR EMPORIUM JEWELLERS,INDIAN-DOMESTIC (default — unconfirmed against a company registry),India (assumed),Default classification: not listed under a GJEPC 'International *' section and city field (if present) is an Indian city; no foreign signal found. Not independently verified.,diamond_colorstone,Hall 2,2H 199,JAIPUR
EXH1016,JAIPUR JEWELLERY SHOW,INDIAN-DOMESTIC (default — unconfirmed against a company registry),India (assumed),Default classification: not listed under a GJEPC 'International *' section and city field (if present) is an Indian city; no foreign signal found. Not independently verified.,allied,Hall Aurum,AU 039,JAIPUR
EXH538,JALAN JEWELLERS PVT. LTD.,INDIAN-DOMESTIC (default — unconfirmed against a company registry),India (assumed),Default classification: not listed under a GJEPC 'International *' section and city field (if present) is an Indian city; no foreign signal found. Not independently verified.,diamond_colorstone,Hall 6,6J 067,KOLKATA
EXH1001,JANVI GEMS,INDIAN-DOMESTIC (default — unconfirmed against a company registry),India (assumed),Default classification: not listed under a GJEPC 'International *' section and city field (if present) is an Indian city; no foreign signal found. Not independently verified.,diamond_colorstone,Hall 6,6K 078B,SURAT
EXH1853,JASH DIAJEWELS PVT.LTD,INDIAN-DOMESTIC (default — unconfirmed against a company registry),India (assumed),Default classification: not listed under a GJEPC 'International *' section and city field (if present) is an Indian city; no foreign signal found. Not independently verified.,diamond_colorstone,Hall 4,4R 472D,MUMBAI
EXH1889,JATIN GEMS,INDIAN-DOMESTIC (default — unconfirmed against a company registry),India (assumed),Default classification: not listed under a GJEPC 'International *' section and city field (if present) is an Indian city; no foreign signal found. Not independently verified.,the_select_club,Hall JASMINE,Club-AB 13d,JAIPUR
EXH1302,JAYANTILAL JEWELLERS,INDIAN-DOMESTIC (default — unconfirmed against a company registry),India (assumed),Default classification: not listed under a GJEPC 'International *' section and city field (if present) is an Indian city; no foreign signal found. Not independently verified.,plain_gold,Hall 3,3M 379B,MUMBAI
EXH1564,JENISHA JEWELS PVT. LTD.,INDIAN-DOMESTIC (default — unconfirmed against a company registry),India (assumed),Default classification: not listed under a GJEPC 'International *' section and city field (if present) is an Indian city; no foreign signal found. Not independently verified.,plain_gold,Hall Pavillion,JIO-N 26d,MUMBAI
EXH526,JET GEMS LLP,INDIAN-DOMESTIC (default — unconfirmed against a company registry),India (assumed),Default classification: not listed under a GJEPC 'International *' section and city field (if present) is an Indian city; no foreign signal found. Not independently verified.,diamond_colorstone,Hall 3,3N 400B,MUMBAI
EXH1491,JEVAR ORNAMENTS,INDIAN-DOMESTIC (default — unconfirmed against a company registry),India (assumed),Default classification: not listed under a GJEPC 'International *' section and city field (if present) is an Indian city; no foreign signal found. Not independently verified.,plain_gold,Hall Pavillion,JIO-J 18d,MUMBAI
EXH1388,JEWEL & CHAINZ,INDIAN-DOMESTIC (default — unconfirmed against a company registry),India (assumed),Default classification: not listed under a GJEPC 'International *' section and city field (if present) is an Indian city; no foreign signal found. Not independently verified.,plain_gold,Hall Pavillion,JIO-M 22j,MUMBAI
EXH1570,JEWEL CAST,INDIAN-DOMESTIC (default — unconfirmed against a company registry),India (assumed),Default classification: not listed under a GJEPC 'International *' section and city field (if present) is an Indian city; no foreign signal found. Not independently verified.,plain_gold,Hall Pavillion,JIO-D 5l,MUMBAI
EXH807,JEWEL DARSHAN,INDIAN-DOMESTIC (default — unconfirmed against a company registry),India (assumed),Default classification: not listed under a GJEPC 'International *' section and city field (if present) is an Indian city; no foreign signal found. Not independently verified.,plain_gold,Hall Pavillion,JIO-C 4q,MUMBAI
EXH587,JEWEL GOLDI (INDIA),INDIAN-DOMESTIC (default — unconfirmed against a company registry),India (assumed),Default classification: not listed under a GJEPC 'International *' section and city field (if present) is an Indian city; no foreign signal found. Not independently verified.,diamond_colorstone,Hall 3,3N 400D,MUMBAI
EXH2063,JEWEL HUB,FOREIGN,"Hong Kong SAR, China","GJEPC exhibitor-list Section field = 'International Loose' (organizer-assigned foreign/international pavilion category, distinct from domestic sections like plain_gold/diamond_colorstone/silver_jewellery_artifacts); City field = 'HONG KONG' -> country inferred",International Loose,Hall LOTUS,JIO-AP 53e,HONG KONG
EXH1744,JEWEL N DESIGN,INDIAN-DOMESTIC (default — unconfirmed against a company registry),India (assumed),Default classification: not listed under a GJEPC 'International *' section and city field (if present) is an Indian city; no foreign signal found. Not independently verified.,plain_gold,Hall Pavillion,JIO-H 15f,MUMBAI
EXH683,JEWEL PARADISE,INDIAN-DOMESTIC (default — unconfirmed against a company registry),India (assumed),Default classification: not listed under a GJEPC 'International *' section and city field (if present) is an Indian city; no foreign signal found. Not independently verified.,diamond_colorstone,Hall 2,2H 254D,JAIPUR
EXH474,JEWEL SAGA,INDIAN-DOMESTIC (default — unconfirmed against a company registry),India (assumed),Default classification: not listed under a GJEPC 'International *' section and city field (if present) is an Indian city; no foreign signal found. Not independently verified.,diamond_colorstone,Hall 6,6M 086H,JAIPUR
EXH841,JEWEL TRADING,INDIAN-DOMESTIC (default — unconfirmed against a company registry),India (assumed),Default classification: not listed under a GJEPC 'International *' section and city field (if present) is an Indian city; no foreign signal found. Not independently verified.,silver_jewellery_artifacts,Hall Pavillion,JIO-U 38e,MUMBAI
EXH1164,JEWELLERY BY SURANAS,INDIAN-DOMESTIC (default — unconfirmed against a company registry),India (assumed),Default classification: not listed under a GJEPC 'International *' section and city field (if present) is an Indian city; no foreign signal found. Not independently verified.,the_select_club,Hall JASMINE,Club-AA 7a,JAIPUR
EXH1881,JEWELS N JOOLRY,INDIAN-DOMESTIC (default — unconfirmed against a company registry),India (assumed),Default classification: not listed under a GJEPC 'International *' section and city field (if present) is an Indian city; no foreign signal found. Not independently verified.,plain_gold,Hall 6,6A 010,MUMBAI
EXH1275,JEWELS OF RAJPUTAANA,INDIAN-DOMESTIC (default — unconfirmed against a company registry),India (assumed),Default classification: not listed under a GJEPC 'International *' section and city field (if present) is an Indian city; no foreign signal found. Not independently verified.,the_select_club,Hall JASMINE,Club-AB 14d,DELHI
EXH780,JEWELSBY SPARK PRIVATE LIMITED,INDIAN-DOMESTIC (default — unconfirmed against a company registry),India (assumed),Default classification: not listed under a GJEPC 'International *' section and city field (if present) is an Indian city; no foreign signal found. Not independently verified.,diamond_colorstone,Hall 6,6P 097F,JAIPUR
EXH1222,JEWELSFREYA,INDIAN-DOMESTIC (default — unconfirmed against a company registry),India (assumed),Default classification: not listed under a GJEPC 'International *' section and city field (if present) is an Indian city; no foreign signal found. Not independently verified.,diamond_colorstone,Hall 3,3Q 415A,SURAT
EXH1080,JEWELTECH,INDIAN-DOMESTIC (default — unconfirmed against a company registry),India (assumed),Default classification: not listed under a GJEPC 'International *' section and city field (if present) is an Indian city; no foreign signal found. Not independently verified.,machinery,Hall 5,5V 617,AHMEDABAD
EXH54,JEWELTECH INTERNATIONAL,INDIAN-DOMESTIC (default — unconfirmed against a company registry),India (assumed),Default classification: not listed under a GJEPC 'International *' section and city field (if present) is an Indian city; no foreign signal found. Not independently verified.,machinery,Hall 5,5V 616,MUMBAI
EXH309,JFC CREATIONS,INDIAN-DOMESTIC (default — unconfirmed against a company registry),India (assumed),Default classification: not listed under a GJEPC 'International *' section and city field (if present) is an Indian city; no foreign signal found. Not independently verified.,silver_jewellery_artifacts,Hall Pavillion,JIO-R 31e,KOLKATA
EXH1339,JH AND RH CHUDIWALA,INDIAN-DOMESTIC (default — unconfirmed against a company registry),India (assumed),Default classification: not listed under a GJEPC 'International *' section and city field (if present) is an Indian city; no foreign signal found. Not independently verified.,plain_gold,Hall Pavillion,JIO-C 6c,AHMEDABAD
EXH2015,JHALANI JEWELLERS,INDIAN-DOMESTIC (default — unconfirmed against a company registry),India (assumed),Default classification: not listed under a GJEPC 'International *' section and city field (if present) is an Indian city; no foreign signal found. Not independently verified.,plain_gold,Hall 2,2G 151,JAIPUR
EXH294,JIA DIAMONDS,INDIAN-DOMESTIC (default — unconfirmed against a company registry),India (assumed),Default classification: not listed under a GJEPC 'International *' section and city field (if present) is an Indian city; no foreign signal found. Not independently verified.,diamond_colorstone,Hall 2,2J 259C,CHANDIGARH
EXH928,JINAYA JEWEL CAST LLP,INDIAN-DOMESTIC (default — unconfirmed against a company registry),India (assumed),Default classification: not listed under a GJEPC 'International *' section and city field (if present) is an Indian city; no foreign signal found. Not independently verified.,plain_gold,Hall 2,2K 286,MUMBAI
EXH2071,JINEE JEWELS LIMITED,FOREIGN,"Hong Kong SAR, China","GJEPC exhibitor-list Section field = 'International Jewellery' (organizer-assigned foreign/international pavilion category, distinct from domestic sections like plain_gold/diamond_colorstone/silver_jewellery_artifacts); City field = 'HONG KONG' -> country inferred",International Jewellery,Hall Pavillion,JIO-N 25b,HONG KONG
EXH1022,JINEET GEMS,INDIAN-DOMESTIC (default — unconfirmed against a company registry),India (assumed),Default classification: not listed under a GJEPC 'International *' section and city field (if present) is an Indian city; no foreign signal found. Not independently verified.,loose_stones_color_stones,Hall LOTUS,JIO-AQ 55g,MUMBAI
EXH1871,JINESHWAR JEWELS,INDIAN-DOMESTIC (default — unconfirmed against a company registry),India (assumed),Default classification: not listed under a GJEPC 'International *' section and city field (if present) is an Indian city; no foreign signal found. Not independently verified.,plain_gold,Hall 4,4T 490A,AHMEDABAD
EXH658,JINKUSHAL JEWELLERS,INDIAN-DOMESTIC (default — unconfirmed against a company registry),India (assumed),Default classification: not listed under a GJEPC 'International *' section and city field (if present) is an Indian city; no foreign signal found. Not independently verified.,plain_gold,Hall 4,4T 500D,RAIPUR
EXH1479,JODHANI BROTHERS,INDIAN-DOMESTIC (default — unconfirmed against a company registry),India (assumed),Default classification: not listed under a GJEPC 'International *' section and city field (if present) is an Indian city; no foreign signal found. Not independently verified.,loose_stones_diamonds,Hall Pavillion,JIO-J 17d,MUMBAI
EXH43,JOHARI GEMS & TOOLS,INDIAN-DOMESTIC (default — unconfirmed against a company registry),India (assumed),Default classification: not listed under a GJEPC 'International *' section and city field (if present) is an Indian city; no foreign signal found. Not independently verified.,machinery,Hall 5,5V 575A,JAIPUR
EXH466,JPGEMS PRIVATE LIMITED,INDIAN-DOMESTIC (default — unconfirmed against a company registry),India (assumed),Default classification: not listed under a GJEPC 'International *' section and city field (if present) is an Indian city; no foreign signal found. Not independently verified.,the_select_club,Hall JASMINE,Club-AC 13b,MUMBAI
EXH1219,JS DIAMOND,INDIAN-DOMESTIC (default — unconfirmed against a company registry),India (assumed),Default classification: not listed under a GJEPC 'International *' section and city field (if present) is an Indian city; no foreign signal found. Not independently verified.,loose_stones_diamonds,Hall Pavillion,JIO-F 12b,SURAT
EXH2079,JTR | JEWELLERY TECHNOLOGY RESEARCH,FOREIGN,Turkey,"GJEPC exhibitor-list Section field = 'International Jewellery' (organizer-assigned foreign/international pavilion category, distinct from domestic sections like plain_gold/diamond_colorstone/silver_jewellery_artifacts); City field = 'ISTANBUL' -> country inferred",International Jewellery,Hall Pavillion,JIO-Q 28j,ISTANBUL
EXH1095,JUNAGADH JEWELLERY PVT. LTD.,INDIAN-DOMESTIC (default — unconfirmed against a company registry),India (assumed),Default classification: not listed under a GJEPC 'International *' section and city field (if present) is an Indian city; no foreign signal found. Not independently verified.,diamond_colorstone,Hall 2,2H 259B,AHMEDABAD
EXH2118,JUST PEARLS & JEWELS,INDIAN-DOMESTIC (default — unconfirmed against a company registry),India (assumed),Default classification: not listed under a GJEPC 'International *' section and city field (if present) is an Indian city; no foreign signal found. Not independently verified.,loose_stones_color_stones,Hall LOTUS,JIO-AL 47f,MUMBAI
EXH1313,K C JEWELLERS,INDIAN-DOMESTIC (default — unconfirmed against a company registry),India (assumed),Default classification: not listed under a GJEPC 'International *' section and city field (if present) is an Indian city; no foreign signal found. Not independently verified.,plain_gold,Hall Pavillion,JIO-M 22l,DELHI
EXH1328,K P SANGHVI INTERNATIONAL   PVT. LTD.,INDIAN-DOMESTIC (default — unconfirmed against a company registry),India (assumed),Default classification: not listed under a GJEPC 'International *' section and city field (if present) is an Indian city; no foreign signal found. Not independently verified.,the_select_club,Hall JASMINE,Club-AF 34a,MUMBAI
EXH321,K TECH ENTERPRISES,INDIAN-DOMESTIC (default — unconfirmed against a company registry),India (assumed),Default classification: not listed under a GJEPC 'International *' section and city field (if present) is an Indian city; no foreign signal found. Not independently verified.,machinery,Hall 5,5V 570A,MUMBAI
EXH45,K-JHIL SCIENTIFIC PVT LTD,INDIAN-DOMESTIC (default — unconfirmed against a company registry),India (assumed),Default classification: not listed under a GJEPC 'International *' section and city field (if present) is an Indian city; no foreign signal found. Not independently verified.,machinery,Hall 5,5V 571G,VAPI
EXH909,K. MADHU JEWELLERS PVT. LTD.,INDIAN-DOMESTIC (default — unconfirmed against a company registry),India (assumed),Default classification: not listed under a GJEPC 'International *' section and city field (if present) is an Indian city; no foreign signal found. Not independently verified.,plain_gold,Hall 6,6R 130B,MUMBAI
EXH1123,K. RAJ ORNAMENTS,INDIAN-DOMESTIC (default — unconfirmed against a company registry),India (assumed),Default classification: not listed under a GJEPC 'International *' section and city field (if present) is an Indian city; no foreign signal found. Not independently verified.,plain_gold,Hall Pavillion,JIO-C 5c,MUMBAI
EXH1966,K.C. CRAFT,INDIAN-DOMESTIC (default — unconfirmed against a company registry),India (assumed),Default classification: not listed under a GJEPC 'International *' section and city field (if present) is an Indian city; no foreign signal found. Not independently verified.,plain_gold,Hall 3,3M 378C,THANE
EXH1062,K.G. GEMS,INDIAN-DOMESTIC (default — unconfirmed against a company registry),India (assumed),Default classification: not listed under a GJEPC 'International *' section and city field (if present) is an Indian city; no foreign signal found. Not independently verified.,loose_stones_color_stones,Hall JASMINE,JIO-AJ 44i,JAIPUR
EXH1132,K.G.K. CREATIONS (INDIA) PVT.  LTD.,INDIAN-DOMESTIC (default — unconfirmed against a company registry),India (assumed),Default classification: not listed under a GJEPC 'International *' section and city field (if present) is an Indian city; no foreign signal found. Not independently verified.,diamond_colorstone,Hall 4,4S 480A,MUMBAI
EXH1214,K.J. GEMS,INDIAN-DOMESTIC (default — unconfirmed against a company registry),India (assumed),Default classification: not listed under a GJEPC 'International *' section and city field (if present) is an Indian city; no foreign signal found. Not independently verified.,diamond_colorstone,Hall 3,3Q 431A,JAIPUR
EXH1590,K.K. GEMS TRADING COMPANY,INDIAN-DOMESTIC (default — unconfirmed against a company registry),India (assumed),Default classification: not listed under a GJEPC 'International *' section and city field (if present) is an Indian city; no foreign signal found. Not independently verified.,loose_stones_color_stones,Hall JASMINE,JIO-AG 36b,JAIPUR
EXH451,K.K.SILVER,INDIAN-DOMESTIC (default — unconfirmed against a company registry),India (assumed),Default classification: not listed under a GJEPC 'International *' section and city field (if present) is an Indian city; no foreign signal found. Not independently verified.,silver_jewellery_artifacts,Hall Pavillion,JIO-V 40a,JAIPUR
EXH681,K.TUSHAR DIAM,INDIAN-DOMESTIC (default — unconfirmed against a company registry),India (assumed),Default classification: not listed under a GJEPC 'International *' section and city field (if present) is an Indian city; no foreign signal found. Not independently verified.,loose_stones_diamonds,Hall Pavillion,JIO-L 21d,SURAT
EXH1868,K.V. JEWELLERS,INDIAN-DOMESTIC (default — unconfirmed against a company registry),India (assumed),Default classification: not listed under a GJEPC 'International *' section and city field (if present) is an Indian city; no foreign signal found. Not independently verified.,plain_gold,Hall Pavillion,JIO-P 27a,MUMBAI
EXH1860,KAILASHNATH & CO,INDIAN-DOMESTIC (default — unconfirmed against a company registry),India (assumed),Default classification: not listed under a GJEPC 'International *' section and city field (if present) is an Indian city; no foreign signal found. Not independently verified.,diamond_colorstone,Hall 6,6P 103B,HYDERABAD
EXH609,KAKADIAM LLP,INDIAN-DOMESTIC (default — unconfirmed against a company registry),India (assumed),Default classification: not listed under a GJEPC 'International *' section and city field (if present) is an Indian city; no foreign signal found. Not independently verified.,diamond_colorstone,Hall 6,6R 125D,SURAT
EXH785,KALAVARNI JEWELS PRIVATE LIMITED,INDIAN-DOMESTIC (default — unconfirmed against a company registry),India (assumed),Default classification: not listed under a GJEPC 'International *' section and city field (if present) is an Indian city; no foreign signal found. Not independently verified.,diamond_colorstone,Hall 6,6P 103D,AHMEDABAD
EXH2164,KALAVATHI JEWELLERSS,INDIAN-DOMESTIC (default — unconfirmed against a company registry),India (assumed),Default classification: not listed under a GJEPC 'International *' section and city field (if present) is an Indian city; no foreign signal found. Not independently verified.,diamond_colorstone,Hall 6,6P 098A,HYDERABAD
EXH976,KALINGA JEWELLERS,INDIAN-DOMESTIC (default — unconfirmed against a company registry),India (assumed),Default classification: not listed under a GJEPC 'International *' section and city field (if present) is an Indian city; no foreign signal found. Not independently verified.,plain_gold,Hall 6,6G 048B,MUMBAI
EXH1183,KALISTA CARAT,INDIAN-DOMESTIC (default — unconfirmed against a company registry),India (assumed),Default classification: not listed under a GJEPC 'International *' section and city field (if present) is an Indian city; no foreign signal found. Not independently verified.,diamond_colorstone,Hall 6,6K 079,SURAT
EXH1079,KALISTA JEWELS (I) PRIVATE LIMITED,INDIAN-DOMESTIC (default — unconfirmed against a company registry),India (assumed),Default classification: not listed under a GJEPC 'International *' section and city field (if present) is an Indian city; no foreign signal found. Not independently verified.,diamond_colorstone,Hall 3,3P 391D,MUMBAI
EXH303,KAMA JEWELRY PRIVATE LIMITED,INDIAN-DOMESTIC (default — unconfirmed against a company registry),India (assumed),Default classification: not listed under a GJEPC 'International *' section and city field (if present) is an Indian city; no foreign signal found. Not independently verified.,diamond_colorstone,Hall 4,4S 477B,MUMBAI
EXH1312,KAMAL NARNOLI JEWELWORKS PRIVATE LIMITED,INDIAN-DOMESTIC (default — unconfirmed against a company registry),India (assumed),Default classification: not listed under a GJEPC 'International *' section and city field (if present) is an Indian city; no foreign signal found. Not independently verified.,plain_gold,Hall 2,2J 271C,KOLKATA
EXH1407,KAMLA GOLD,INDIAN-DOMESTIC (default — unconfirmed against a company registry),India (assumed),Default classification: not listed under a GJEPC 'International *' section and city field (if present) is an Indian city; no foreign signal found. Not independently verified.,plain_gold,Hall 4,4T 489A,MUMBAI
EXH2,KANAK GEM & JEWELRY,INDIAN-DOMESTIC (default — unconfirmed against a company registry),India (assumed),Default classification: not listed under a GJEPC 'International *' section and city field (if present) is an Indian city; no foreign signal found. Not independently verified.,silver_jewellery_artifacts,Hall Pavillion,JIO-U 35h,JAIPUR
EXH1412,KANAK JEWELS,INDIAN-DOMESTIC (default — unconfirmed against a company registry),India (assumed),Default classification: not listed under a GJEPC 'International *' section and city field (if present) is an Indian city; no foreign signal found. Not independently verified.,plain_gold,Hall 4,4S 491B,MUMBAI
EXH979,KANCHANS,INDIAN-DOMESTIC (default — unconfirmed against a company registry),India (assumed),Default classification: not listed under a GJEPC 'International *' section and city field (if present) is an Indian city; no foreign signal found. Not independently verified.,silver_jewellery_artifacts,Hall Pavillion,JIO-U 35k,PUNE
EXH1347,KANTHILAL AND SONS,INDIAN-DOMESTIC (default — unconfirmed against a company registry),India (assumed),Default classification: not listed under a GJEPC 'International *' section and city field (if present) is an Indian city; no foreign signal found. Not independently verified.,plain_gold,Hall Pavillion,JIO-B 4g,CHENNAI
EXH917,KANTILAL CHHOTALAL,INDIAN-DOMESTIC (default — unconfirmed against a company registry),India (assumed),Default classification: not listed under a GJEPC 'International *' section and city field (if present) is an Indian city; no foreign signal found. Not independently verified.,loose_stones_diamonds,Hall Pavillion,JIO-G 13d,MUMBAI
EXH722,KANYSNA JEWELS LLP,INDIAN-DOMESTIC (default — unconfirmed against a company registry),India (assumed),Default classification: not listed under a GJEPC 'International *' section and city field (if present) is an Indian city; no foreign signal found. Not independently verified.,diamond_colorstone,Hall 6,6Q 111,MUMBAI
EXH690,KAPOOR CHAINS,INDIAN-DOMESTIC (default — unconfirmed against a company registry),India (assumed),Default classification: not listed under a GJEPC 'International *' section and city field (if present) is an Indian city; no foreign signal found. Not independently verified.,plain_gold,Hall 2,2F 127,MUMBAI
EXH1146,KAPU GEMS LLP,INDIAN-DOMESTIC (default — unconfirmed against a company registry),India (assumed),Default classification: not listed under a GJEPC 'International *' section and city field (if present) is an Indian city; no foreign signal found. Not independently verified.,loose_stones_diamonds,Hall Pavillion,JIO-J 16j,MUMBAI
EXH1068,KARAN MARKING SYSTEMS PVT. LTD,INDIAN-DOMESTIC (default — unconfirmed against a company registry),India (assumed),Default classification: not listed under a GJEPC 'International *' section and city field (if present) is an Indian city; no foreign signal found. Not independently verified.,machinery,Hall 5,5V 569H,MUMBAI
EXH1054,KARATGAUGE,INDIAN-DOMESTIC (default — unconfirmed against a company registry),India (assumed),Default classification: not listed under a GJEPC 'International *' section and city field (if present) is an Indian city; no foreign signal found. Not independently verified.,machinery,Hall 5,5V 622,ERNAKULAM
EXH212,KARNISH JEWELS,INDIAN-DOMESTIC (default — unconfirmed against a company registry),India (assumed),Default classification: not listed under a GJEPC 'International *' section and city field (if present) is an Indian city; no foreign signal found. Not independently verified.,diamond_colorstone,Hall 4,4R 462A,SURAT
EXH1171,KASVI GOLD,INDIAN-DOMESTIC (default — unconfirmed against a company registry),India (assumed),Default classification: not listed under a GJEPC 'International *' section and city field (if present) is an Indian city; no foreign signal found. Not independently verified.,plain_gold,Hall 3,3L 342,MUMBAI
EXH1064,KATARIA JEWELLERY INSURANCE CONSULTANCY,INDIAN-DOMESTIC (default — unconfirmed against a company registry),India (assumed),Default classification: not listed under a GJEPC 'International *' section and city field (if present) is an Indian city; no foreign signal found. Not independently verified.,allied,Hall Aurum,AU 047,MUMBAI
EXH499,KATTAS GEMS & JEWELS,INDIAN-DOMESTIC (default — unconfirmed against a company registry),India (assumed),Default classification: not listed under a GJEPC 'International *' section and city field (if present) is an Indian city; no foreign signal found. Not independently verified.,silver_jewellery_artifacts,Hall Pavillion,JIO-T 34k,JAIPUR
EXH1367,KATYAYANI JEWELS PRIVATE LIMITED,INDIAN-DOMESTIC (default — unconfirmed against a company registry),India (assumed),Default classification: not listed under a GJEPC 'International *' section and city field (if present) is an Indian city; no foreign signal found. Not independently verified.,plain_gold,Hall 2,2G 187,NEW DELHI
EXH283,KAVAN JEWELS,INDIAN-DOMESTIC (default — unconfirmed against a company registry),India (assumed),Default classification: not listed under a GJEPC 'International *' section and city field (if present) is an Indian city; no foreign signal found. Not independently verified.,diamond_colorstone,Hall 2,2H 257E,MUMBAI
EXH1208,KD COINCRAFT,INDIAN-DOMESTIC (default — unconfirmed against a company registry),India (assumed),Default classification: not listed under a GJEPC 'International *' section and city field (if present) is an Indian city; no foreign signal found. Not independently verified.,silver_jewellery_artifacts,Hall Pavillion,JIO-U 35i,RAIPUR
EXH1087,KEEVA DIAMOND,INDIAN-DOMESTIC (default — unconfirmed against a company registry),India (assumed),Default classification: not listed under a GJEPC 'International *' section and city field (if present) is an Indian city; no foreign signal found. Not independently verified.,loose_stones_diamonds,Hall Pavillion,JIO-G 13b,MUMBAI
EXH171,KEEVA JEWELS LLP,INDIAN-DOMESTIC (default — unconfirmed against a company registry),India (assumed),Default classification: not listed under a GJEPC 'International *' section and city field (if present) is an Indian city; no foreign signal found. Not independently verified.,lgd_jewellery,Hall Pavillion,JIO-Z 46e,SURAT
EXH35,KELKAR DYNAMICS LLP,INDIAN-DOMESTIC (default — unconfirmed against a company registry),India (assumed),Default classification: not listed under a GJEPC 'International *' section and city field (if present) is an Indian city; no foreign signal found. Not independently verified.,machinery,Hall 5,5U 535,NASHIK
EXH1506,KENVI JEWELS LTD.,INDIAN-DOMESTIC (default — unconfirmed against a company registry),India (assumed),Default classification: not listed under a GJEPC 'International *' section and city field (if present) is an Indian city; no foreign signal found. Not independently verified.,plain_gold,Hall 2,2G 152,AHMEDABAD
EXH1532,KESHAVLAL DALPATBHAI ZAVERI & CO,INDIAN-DOMESTIC (default — unconfirmed against a company registry),India (assumed),Default classification: not listed under a GJEPC 'International *' section and city field (if present) is an Indian city; no foreign signal found. Not independently verified.,diamond_colorstone,Hall 6,6N 092A,MUMBAI
EXH13,KETAN GOLD,INDIAN-DOMESTIC (default — unconfirmed against a company registry),India (assumed),Default classification: not listed under a GJEPC 'International *' section and city field (if present) is an Indian city; no foreign signal found. Not independently verified.,plain_gold,Hall Pavillion,JIO-M 22m,MUMBAI
EXH2017,KGK DIAMONDS (I) PVT. LTD,INDIAN-DOMESTIC (default — unconfirmed against a company registry),India (assumed),Default classification: not listed under a GJEPC 'International *' section and city field (if present) is an Indian city; no foreign signal found. Not independently verified.,loose_stones_diamonds,Hall Pavillion,JIO-H 16a,MUMBAI
EXH1594,KHAJANCHI JEWELLERS,INDIAN-DOMESTIC (default — unconfirmed against a company registry),India (assumed),Default classification: not listed under a GJEPC 'International *' section and city field (if present) is an Indian city; no foreign signal found. Not independently verified.,diamond_colorstone,Hall 6,6R 126C,BIKANER
EXH1008,KHAMBATI JEWELLERY TOOLS,INDIAN-DOMESTIC (default — unconfirmed against a company registry),India (assumed),Default classification: not listed under a GJEPC 'International *' section and city field (if present) is an Indian city; no foreign signal found. Not independently verified.,machinery,Hall 5,5U 572C,MUMBAI
EXH412,KHANDELWAL GEMS AND JEWELLERS,INDIAN-DOMESTIC (default — unconfirmed against a company registry),India (assumed),Default classification: not listed under a GJEPC 'International *' section and city field (if present) is an Indian city; no foreign signal found. Not independently verified.,diamond_colorstone,Hall 3,3Q 403E,KANPUR
EXH1406,KHATER JEWELLERS,INDIAN-DOMESTIC (default — unconfirmed against a company registry),India (assumed),Default classification: not listed under a GJEPC 'International *' section and city field (if present) is an Indian city; no foreign signal found. Not independently verified.,diamond_colorstone,Hall 3,3N 399B,KOLKATA
EXH1603,KHATORIA GEM HOUSE,INDIAN-DOMESTIC (default — unconfirmed against a company registry),India (assumed),Default classification: not listed under a GJEPC 'International *' section and city field (if present) is an Indian city; no foreign signal found. Not independently verified.,loose_stones_color_stones,Hall JASMINE,JIO-AK 45j,JAIPUR
EXH1142,KIA DIAMONDS,INDIAN-DOMESTIC (default — unconfirmed against a company registry),India (assumed),Default classification: not listed under a GJEPC 'International *' section and city field (if present) is an Indian city; no foreign signal found. Not independently verified.,diamond_colorstone,Hall 2,2J 258AB,MUMBAI
EXH1774,KIK JEWELLS PVT. LTD.,INDIAN-DOMESTIC (default — unconfirmed against a company registry),India (assumed),Default classification: not listed under a GJEPC 'International *' section and city field (if present) is an Indian city; no foreign signal found. Not independently verified.,plain_gold,Hall 6,6R 129B,KOLKATA
EXH797,KINU BABA JEWELLERY (INDIA) PVT. LTD.,INDIAN-DOMESTIC (default — unconfirmed against a company registry),India (assumed),Default classification: not listed under a GJEPC 'International *' section and city field (if present) is an Indian city; no foreign signal found. Not independently verified.,the_select_club,Hall JASMINE,Club-AC 11c,JAIPUR
EXH1592,KIRA DIAM LLP,INDIAN-DOMESTIC (default — unconfirmed against a company registry),India (assumed),Default classification: not listed under a GJEPC 'International *' section and city field (if present) is an Indian city; no foreign signal found. Not independently verified.,lgd_jewellery,Hall Pavillion,JIO-Y 46a,MUMBAI
EXH634,KIRAN GEMS,INDIAN-DOMESTIC (default — unconfirmed against a company registry),India (assumed),Default classification: not listed under a GJEPC 'International *' section and city field (if present) is an Indian city; no foreign signal found. Not independently verified.,loose_stones_color_stones,Hall JASMINE,JIO-AG 37d,JAIPUR
EXH1137,KIYAASH,INDIAN-DOMESTIC (default — unconfirmed against a company registry),India (assumed),Default classification: not listed under a GJEPC 'International *' section and city field (if present) is an Indian city; no foreign signal found. Not independently verified.,diamond_colorstone,Hall 3,3Q 426,SURAT
EXH1468,KK ORNAMENTS,INDIAN-DOMESTIC (default — unconfirmed against a company registry),India (assumed),Default classification: not listed under a GJEPC 'International *' section and city field (if present) is an Indian city; no foreign signal found. Not independently verified.,plain_gold,Hall 2,2K 264B,HYDERABAD
EXH285,KKM GOLD,INDIAN-DOMESTIC (default — unconfirmed against a company registry),India (assumed),Default classification: not listed under a GJEPC 'International *' section and city field (if present) is an Indian city; no foreign signal found. Not independently verified.,plain_gold,Hall Pavillion,JIO-C 4m,NEW DELHI
EXH875,KLIORO FINE JEWELLERY PRIVATE LIMITED,INDIAN-DOMESTIC (default — unconfirmed against a company registry),India (assumed),Default classification: not listed under a GJEPC 'International *' section and city field (if present) is an Indian city; no foreign signal found. Not independently verified.,diamond_colorstone,Hall 2,2H 228,PUNE
EXH731,KOSHA FINE JEWELS LIMITED,INDIAN-DOMESTIC (default — unconfirmed against a company registry),India (assumed),Default classification: not listed under a GJEPC 'International *' section and city field (if present) is an Indian city; no foreign signal found. Not independently verified.,the_select_club,Hall JASMINE,Club-AF 30c,MUMBAI
EXH1693,KP SANGHVI JEWELS PVT. LTD,INDIAN-DOMESTIC (default — unconfirmed against a company registry),India (assumed),Default classification: not listed under a GJEPC 'International *' section and city field (if present) is an Indian city; no foreign signal found. Not independently verified.,diamond_colorstone,Hall 4,4R 451,MUMBAI
EXH1579,KRIM DIAMONDS,INDIAN-DOMESTIC (default — unconfirmed against a company registry),India (assumed),Default classification: not listed under a GJEPC 'International *' section and city field (if present) is an Indian city; no foreign signal found. Not independently verified.,diamond_colorstone,Hall 2,2H 207,MUMBAI
EXH1575,KRISHNA BANGLES,INDIAN-DOMESTIC (default — unconfirmed against a company registry),India (assumed),Default classification: not listed under a GJEPC 'International *' section and city field (if present) is an Indian city; no foreign signal found. Not independently verified.,plain_gold,Hall 2,2J 260C,MUMBAI
EXH608,KRISHNA ENTERPRISE,INDIAN-DOMESTIC (default — unconfirmed against a company registry),India (assumed),Default classification: not listed under a GJEPC 'International *' section and city field (if present) is an Indian city; no foreign signal found. Not independently verified.,machinery,Hall 5,5U 576C,MUMBAI
EXH1451,KRISHNA GOLD,INDIAN-DOMESTIC (default — unconfirmed against a company registry),India (assumed),Default classification: not listed under a GJEPC 'International *' section and city field (if present) is an Indian city; no foreign signal found. Not independently verified.,plain_gold,Hall Pavillion,JIO-J 18f,MUMBAI
EXH961,KRISHNAM,INDIAN-DOMESTIC (default — unconfirmed against a company registry),India (assumed),Default classification: not listed under a GJEPC 'International *' section and city field (if present) is an Indian city; no foreign signal found. Not independently verified.,silver_jewellery_artifacts,Hall Pavillion,JIO-V 37f,JAIPUR
EXH1650,KRISHNAM DIAMOND AND JEWELLERS   PVT. LTD.,INDIAN-DOMESTIC (default — unconfirmed against a company registry),India (assumed),Default classification: not listed under a GJEPC 'International *' section and city field (if present) is an Indian city; no foreign signal found. Not independently verified.,diamond_colorstone,Hall 2,2H 216,JAIPUR
EXH1337,KRYSTHAL JEWELS,INDIAN-DOMESTIC (default — unconfirmed against a company registry),India (assumed),Default classification: not listed under a GJEPC 'International *' section and city field (if present) is an Indian city; no foreign signal found. Not independently verified.,diamond_colorstone,Hall 6,6R 127A,MUMBAI
EXH205,KSM  FINE JEWELS,INDIAN-DOMESTIC (default — unconfirmed against a company registry),India (assumed),Default classification: not listed under a GJEPC 'International *' section and city field (if present) is an Indian city; no foreign signal found. Not independently verified.,the_select_club,Hall JASMINE,Club-AE 25b,JAIPUR
EXH242,KULTHIAA JEWEL PRIVATE LIMITED,INDIAN-DOMESTIC (default — unconfirmed against a company registry),India (assumed),Default classification: not listed under a GJEPC 'International *' section and city field (if present) is an Indian city; no foreign signal found. Not independently verified.,diamond_colorstone,Hall 6,6N 094D,KOLKATA
EXH871,KUNDAN & ZEYA LIMITED,INDIAN-DOMESTIC (default — unconfirmed against a company registry),India (assumed),Default classification: not listed under a GJEPC 'International *' section and city field (if present) is an Indian city; no foreign signal found. Not independently verified.,plain_gold,Hall 2,2G 166,DELHI
EXH573,KUNDAN JEWELLERS,INDIAN-DOMESTIC (default — unconfirmed against a company registry),India (assumed),Default classification: not listed under a GJEPC 'International *' section and city field (if present) is an Indian city; no foreign signal found. Not independently verified.,plain_gold,Hall Pavillion,JIO-J 18b,MUMBAI
EXH244,KUSHAL GEMS,INDIAN-DOMESTIC (default — unconfirmed against a company registry),India (assumed),Default classification: not listed under a GJEPC 'International *' section and city field (if present) is an Indian city; no foreign signal found. Not independently verified.,loose_stones_color_stones,Hall LOTUS,JIO-AQ 55e,JAIPUR
EXH1997,L. JAVERCHAND JEWELLERS PVT. LTD.,INDIAN-DOMESTIC (default — unconfirmed against a company registry),India (assumed),Default classification: not listed under a GJEPC 'International *' section and city field (if present) is an Indian city; no foreign signal found. Not independently verified.,plain_gold,Hall Pavillion,JIO-D 7g,MUMBAI
EXH1846,L.K. JEWELS,INDIAN-DOMESTIC (default — unconfirmed against a company registry),India (assumed),Default classification: not listed under a GJEPC 'International *' section and city field (if present) is an Indian city; no foreign signal found. Not independently verified.,plain_gold,Hall 2,2F 138,MUMBAI
EXH1234,L.M. LIFESTYLE INDIA PVT. LTD.,INDIAN-DOMESTIC (default — unconfirmed against a company registry),India (assumed),Default classification: not listed under a GJEPC 'International *' section and city field (if present) is an Indian city; no foreign signal found. Not independently verified.,silver_jewellery_artifacts,Hall Pavillion,JIO-T 33e,MUMBAI
EXH1213,LABDHI  DIAMOND,INDIAN-DOMESTIC (default — unconfirmed against a company registry),India (assumed),Default classification: not listed under a GJEPC 'International *' section and city field (if present) is an Indian city; no foreign signal found. Not independently verified.,diamond_colorstone,Hall 6,6H 065,MUMBAI
EXH408,LABDHI JEWELS,INDIAN-DOMESTIC (default — unconfirmed against a company registry),India (assumed),Default classification: not listed under a GJEPC 'International *' section and city field (if present) is an Indian city; no foreign signal found. Not independently verified.,plain_gold,Hall 3,3L 363D,MUMBAI
EXH1725,LAKSHMI GEMS AND JEWELLERS,INDIAN-DOMESTIC (default — unconfirmed against a company registry),India (assumed),Default classification: not listed under a GJEPC 'International *' section and city field (if present) is an Indian city; no foreign signal found. Not independently verified.,plain_gold,Hall Pavillion,JIO-N 26c,HYDERABAD
EXH920,LAL GEMS,INDIAN-DOMESTIC (default — unconfirmed against a company registry),India (assumed),Default classification: not listed under a GJEPC 'International *' section and city field (if present) is an Indian city; no foreign signal found. Not independently verified.,loose_stones_color_stones,Hall JASMINE,JIO-AJ 45g,MUMBAI
EXH47,LASERTECH INTERNATIONAL,INDIAN-DOMESTIC (default — unconfirmed against a company registry),India (assumed),Default classification: not listed under a GJEPC 'International *' section and city field (if present) is an Indian city; no foreign signal found. Not independently verified.,machinery,Hall 5,5V 608,MUMBAI
EXH1422,LASHKARI ARTS,INDIAN-DOMESTIC (default — unconfirmed against a company registry),India (assumed),Default classification: not listed under a GJEPC 'International *' section and city field (if present) is an Indian city; no foreign signal found. Not independently verified.,diamond_colorstone,Hall 6,6P 104B,JAIPUR
EXH536,LAXMI DIA JEWEL PVT. LTD.,INDIAN-DOMESTIC (default — unconfirmed against a company registry),India (assumed),Default classification: not listed under a GJEPC 'International *' section and city field (if present) is an Indian city; no foreign signal found. Not independently verified.,diamond_colorstone,Hall 3,3Q 394,MUMBAI
EXH1959,LEELAZ JEWELS LLP,INDIAN-DOMESTIC (default — unconfirmed against a company registry),India (assumed),Default classification: not listed under a GJEPC 'International *' section and city field (if present) is an Indian city; no foreign signal found. Not independently verified.,plain_gold,Hall Pavillion,JIO-N 26g,MUMBAI
EXH546,LOKHESHH JEWELLERS,INDIAN-DOMESTIC (default — unconfirmed against a company registry),India (assumed),Default classification: not listed under a GJEPC 'International *' section and city field (if present) is an Indian city; no foreign signal found. Not independently verified.,plain_gold,Hall Pavillion,JIO-B 4h,HYDERABAD
EXH2138,LORENZATO S.R.L.,FOREIGN,Italy (inferred from S.R.L./S.p.A. Italian legal-entity suffix in name; city field blank in source),"GJEPC exhibitor-list Section field = 'International Machinery' (organizer-assigned foreign/international pavilion category, distinct from domestic sections like plain_gold/diamond_colorstone/silver_jewellery_artifacts); City field blank in source; country inferred from Italian legal-entity suffix (S.R.L./S.p.A.) in company name",International Machinery,Hall 5,5V 583P,
EXH483,LOTUS GEM IMPEX,INDIAN-DOMESTIC (default — unconfirmed against a company registry),India (assumed),Default classification: not listed under a GJEPC 'International *' section and city field (if present) is an Indian city; no foreign signal found. Not independently verified.,loose_stones_color_stones,Hall JASMINE,JIO-AJ 45f,JAIPUR
EXH2064,LOTUS GEMS HK,FOREIGN,"Hong Kong SAR, China","GJEPC exhibitor-list Section field = 'International Loose' (organizer-assigned foreign/international pavilion category, distinct from domestic sections like plain_gold/diamond_colorstone/silver_jewellery_artifacts); City field = 'KOWLOON' -> country inferred",International Loose,Hall LOTUS,JIO-AP 54a,KOWLOON
EXH123,LOTUS IMPEX,INDIAN-DOMESTIC (default — unconfirmed against a company registry),India (assumed),Default classification: not listed under a GJEPC 'International *' section and city field (if present) is an Indian city; no foreign signal found. Not independently verified.,machinery,Hall Aurum,AU 033,MUMBAI
EXH85,LUCKY TRADERS,INDIAN-DOMESTIC (default — unconfirmed against a company registry),India (assumed),Default classification: not listed under a GJEPC 'International *' section and city field (if present) is an Indian city; no foreign signal found. Not independently verified.,machinery,Hall 5,5V 579A,MUMBAI
EXH281,LURBA LUXURRY PRIVATE LIMITED,INDIAN-DOMESTIC (default — unconfirmed against a company registry),India (assumed),Default classification: not listed under a GJEPC 'International *' section and city field (if present) is an Indian city; no foreign signal found. Not independently verified.,diamond_colorstone,Hall 6,6K 076B,SURAT
EXH2046,LUSTRELLA,FOREIGN,"Hong Kong SAR, China","GJEPC exhibitor-list Section field = 'International Loose' (organizer-assigned foreign/international pavilion category, distinct from domestic sections like plain_gold/diamond_colorstone/silver_jewellery_artifacts); City field = 'HONGKONG' -> country inferred",International Loose,Hall LOTUS,JIO-AN 53c,HONGKONG
EXH174,LUXE RADIANT LLP,INDIAN-DOMESTIC (default — unconfirmed against a company registry),India (assumed),Default classification: not listed under a GJEPC 'International *' section and city field (if present) is an Indian city; no foreign signal found. Not independently verified.,silver_jewellery_artifacts,Hall Pavillion,JIO-X 41f,JAIPUR
EXH585,LVS MACHINE TOOLS,INDIAN-DOMESTIC (default — unconfirmed against a company registry),India (assumed),Default classification: not listed under a GJEPC 'International *' section and city field (if present) is an Indian city; no foreign signal found. Not independently verified.,machinery,Hall 5,5V 603,JAMNAGAR
EXH1511,M L KANHAIYALAL JEWELS,INDIAN-DOMESTIC (default — unconfirmed against a company registry),India (assumed),Default classification: not listed under a GJEPC 'International *' section and city field (if present) is an Indian city; no foreign signal found. Not independently verified.,plain_gold,Hall 6,6C 026,MUMBAI
EXH2009,M M JEWELLERIES,INDIAN-DOMESTIC (default — unconfirmed against a company registry),India (assumed),Default classification: not listed under a GJEPC 'International *' section and city field (if present) is an Indian city; no foreign signal found. Not independently verified.,plain_gold,Hall 2,2G 188,MUMBAI
EXH1649,M S DIAAGEM,INDIAN-DOMESTIC (default — unconfirmed against a company registry),India (assumed),Default classification: not listed under a GJEPC 'International *' section and city field (if present) is an Indian city; no foreign signal found. Not independently verified.,diamond_colorstone,Hall 4,4R 470B,CHENNAI
EXH874,M S GOLD,INDIAN-DOMESTIC (default — unconfirmed against a company registry),India (assumed),Default classification: not listed under a GJEPC 'International *' section and city field (if present) is an Indian city; no foreign signal found. Not independently verified.,plain_gold,Hall 3,3L 367C,MUMBAI
EXH1130,M-TAGS,INDIAN-DOMESTIC (default — unconfirmed against a company registry),India (assumed),Default classification: not listed under a GJEPC 'International *' section and city field (if present) is an Indian city; no foreign signal found. Not independently verified.,allied,Hall Aurum,AU 041,MUMBAI
EXH1331,M. SASHI BADALIA & SONS PVT. LTD.,INDIAN-DOMESTIC (default — unconfirmed against a company registry),India (assumed),Default classification: not listed under a GJEPC 'International *' section and city field (if present) is an Indian city; no foreign signal found. Not independently verified.,loose_stones_diamonds,Hall Pavillion,JIO-E 9a,KOLKATA
EXH1989,M.A. JEWELLERS,INDIAN-DOMESTIC (default — unconfirmed against a company registry),India (assumed),Default classification: not listed under a GJEPC 'International *' section and city field (if present) is an Indian city; no foreign signal found. Not independently verified.,plain_gold,Hall 4,4T 489G,MUMBAI
EXH1027,M.B. EXPORTS,INDIAN-DOMESTIC (default — unconfirmed against a company registry),India (assumed),Default classification: not listed under a GJEPC 'International *' section and city field (if present) is an Indian city; no foreign signal found. Not independently verified.,loose_stones_color_stones,Hall JASMINE,JIO-AG 41f,JAIPUR
EXH1838,M.H. KARBAWALA & CO.,INDIAN-DOMESTIC (default — unconfirmed against a company registry),India (assumed),Default classification: not listed under a GJEPC 'International *' section and city field (if present) is an Indian city; no foreign signal found. Not independently verified.,plain_gold,Hall 3,3L 343,MUMBAI
EXH728,M.J. & SONS JEWELLERS,INDIAN-DOMESTIC (default — unconfirmed against a company registry),India (assumed),Default classification: not listed under a GJEPC 'International *' section and city field (if present) is an Indian city; no foreign signal found. Not independently verified.,plain_gold,Hall 2,2K 298,MUMBAI
EXH1308,M.K. JEWELLERS,INDIAN-DOMESTIC (default — unconfirmed against a company registry),India (assumed),Default classification: not listed under a GJEPC 'International *' section and city field (if present) is an Indian city; no foreign signal found. Not independently verified.,diamond_colorstone,Hall 6,6Q 121,JAIPUR
EXH1830,M.M. JEWELS,INDIAN-DOMESTIC (default — unconfirmed against a company registry),India (assumed),Default classification: not listed under a GJEPC 'International *' section and city field (if present) is an Indian city; no foreign signal found. Not independently verified.,plain_gold,Hall Pavillion,JIO-P 27b,AHMEDABAD
EXH419,M.M.K. ENTERPRISES,INDIAN-DOMESTIC (default — unconfirmed against a company registry),India (assumed),Default classification: not listed under a GJEPC 'International *' section and city field (if present) is an Indian city; no foreign signal found. Not independently verified.,diamond_colorstone,Hall 6,6R 125G,MUMBAI
EXH1859,M.R.PARMAR,INDIAN-DOMESTIC (default — unconfirmed against a company registry),India (assumed),Default classification: not listed under a GJEPC 'International *' section and city field (if present) is an Indian city; no foreign signal found. Not independently verified.,plain_gold,Hall 6,6B 018A,RAJKOT
EXH2114,M.S. TRADERS,INDIAN-DOMESTIC (default — unconfirmed against a company registry),India (assumed),Default classification: not listed under a GJEPC 'International *' section and city field (if present) is an Indian city; no foreign signal found. Not independently verified.,loose_stones_color_stones,Hall LOTUS,JIO-AL 48d,MUMBAI
EXH1584,MAA JEWELS,INDIAN-DOMESTIC (default — unconfirmed against a company registry),India (assumed),Default classification: not listed under a GJEPC 'International *' section and city field (if present) is an Indian city; no foreign signal found. Not independently verified.,silver_jewellery_artifacts,Hall Pavillion,JIO-V 38k,MUMBAI
EXH1967,MAAN JEWELS,INDIAN-DOMESTIC (default — unconfirmed against a company registry),India (assumed),Default classification: not listed under a GJEPC 'International *' section and city field (if present) is an Indian city; no foreign signal found. Not independently verified.,plain_gold,Hall 6,6B 024C,MUMBAI
EXH1393,MAASILVER HUB INDIA PVT LTD,INDIAN-DOMESTIC (default — unconfirmed against a company registry),India (assumed),Default classification: not listed under a GJEPC 'International *' section and city field (if present) is an Indian city; no foreign signal found. Not independently verified.,silver_jewellery_artifacts,Hall Pavillion,JIO-T 33h,MUMBAI
EXH215,MADHUSHREE NOVELTIES,INDIAN-DOMESTIC (default — unconfirmed against a company registry),India (assumed),Default classification: not listed under a GJEPC 'International *' section and city field (if present) is an Indian city; no foreign signal found. Not independently verified.,allied,Hall Aurum,AU 023G,KOLKATA
EXH98,MAGNIC TECHNOLOGIES PVT LTD,INDIAN-DOMESTIC (default — unconfirmed against a company registry),India (assumed),Default classification: not listed under a GJEPC 'International *' section and city field (if present) is an Indian city; no foreign signal found. Not independently verified.,machinery,Hall 5,5U 537,COIMBATORE
EXH1221,MAGNIFIC GEMS,INDIAN-DOMESTIC (default — unconfirmed against a company registry),India (assumed),Default classification: not listed under a GJEPC 'International *' section and city field (if present) is an Indian city; no foreign signal found. Not independently verified.,loose_stones_color_stones,Hall LOTUS,JIO-AN 51e,JAIPUR
EXH559,MAGS GEMS,INDIAN-DOMESTIC (default — unconfirmed against a company registry),India (assumed),Default classification: not listed under a GJEPC 'International *' section and city field (if present) is an Indian city; no foreign signal found. Not independently verified.,silver_jewellery_artifacts,Hall Pavillion,JIO-V 37h,JAIPUR
EXH6,MAHAK ENTERPRISES,INDIAN-DOMESTIC (default — unconfirmed against a company registry),India (assumed),Default classification: not listed under a GJEPC 'International *' section and city field (if present) is an Indian city; no foreign signal found. Not independently verified.,loose_stones_color_stones,Hall LOTUS,JIO-AM 50b,JAIPUR
EXH328,MAHAKALI SILVER AND GOLD PVT.LTD,INDIAN-DOMESTIC (default — unconfirmed against a company registry),India (assumed),Default classification: not listed under a GJEPC 'International *' section and city field (if present) is an Indian city; no foreign signal found. Not independently verified.,silver_jewellery_artifacts,Hall Pavillion,JIO-Q 30d,KOLHAPUR
EXH371,MAHALAXMI TRADERS,INDIAN-DOMESTIC (default — unconfirmed against a company registry),India (assumed),Default classification: not listed under a GJEPC 'International *' section and city field (if present) is an Indian city; no foreign signal found. Not independently verified.,silver_jewellery_artifacts,Hall Pavillion,JIO-W 42h,MUMBAI
EXH1172,MAHASHILA JEWELLERY PRIVATE LIMITED,INDIAN-DOMESTIC (default — unconfirmed against a company registry),India (assumed),Default classification: not listed under a GJEPC 'International *' section and city field (if present) is an Indian city; no foreign signal found. Not independently verified.,plain_gold,Hall 2,2J 269C,MUMBAI
EXH124,MAHAVIR PRODUCTS,INDIAN-DOMESTIC (default — unconfirmed against a company registry),India (assumed),Default classification: not listed under a GJEPC 'International *' section and city field (if present) is an Indian city; no foreign signal found. Not independently verified.,allied,Hall Aurum,AU 025,MUMBAI
EXH734,MAHAYOGI SILVERS,INDIAN-DOMESTIC (default — unconfirmed against a company registry),India (assumed),Default classification: not listed under a GJEPC 'International *' section and city field (if present) is an Indian city; no foreign signal found. Not independently verified.,silver_jewellery_artifacts,Hall Pavillion,JIO-S 34f,JAIPUR
EXH1293,MAHEK ENTERPRISES,INDIAN-DOMESTIC (default — unconfirmed against a company registry),India (assumed),Default classification: not listed under a GJEPC 'International *' section and city field (if present) is an Indian city; no foreign signal found. Not independently verified.,silver_jewellery_artifacts,Hall Pavillion,JIO-Q 30c,MUMBAI
EXH973,MAHENDRA BROTHERS EXPORTS PVT. LTD.,INDIAN-DOMESTIC (default — unconfirmed against a company registry),India (assumed),Default classification: not listed under a GJEPC 'International *' section and city field (if present) is an Indian city; no foreign signal found. Not independently verified.,loose_stones_diamonds,Hall Pavillion,JIO-G 13a,MUMBAI
EXH196,MAHESH CHAND JAIN & SONS  SARRAF PVT. LTD.,INDIAN-DOMESTIC (default — unconfirmed against a company registry),India (assumed),Default classification: not listed under a GJEPC 'International *' section and city field (if present) is an Indian city; no foreign signal found. Not independently verified.,plain_gold,Hall 2,2J 274D,DELHI
EXH821,MAHI JEWELS,INDIAN-DOMESTIC (default — unconfirmed against a company registry),India (assumed),Default classification: not listed under a GJEPC 'International *' section and city field (if present) is an Indian city; no foreign signal found. Not independently verified.,plain_gold,Hall 2,2G 162,MUMBAI
EXH1413,MAITY GOLD,INDIAN-DOMESTIC (default — unconfirmed against a company registry),India (assumed),Default classification: not listed under a GJEPC 'International *' section and city field (if present) is an Indian city; no foreign signal found. Not independently verified.,plain_gold,Hall Pavillion,JIO-F 11d,MUMBAI
EXH1444,MAJESTIC GEMS,INDIAN-DOMESTIC (default — unconfirmed against a company registry),India (assumed),Default classification: not listed under a GJEPC 'International *' section and city field (if present) is an Indian city; no foreign signal found. Not independently verified.,loose_stones_color_stones,Hall JASMINE,JIO-AJ 45b,JAIPUR
EXH767,MAK GOLD,INDIAN-DOMESTIC (default — unconfirmed against a company registry),India (assumed),Default classification: not listed under a GJEPC 'International *' section and city field (if present) is an Indian city; no foreign signal found. Not independently verified.,machinery,Hall 5,5U 555,MUMBAI
EXH1127,MAKE3D.IN,INDIAN-DOMESTIC (default — unconfirmed against a company registry),India (assumed),Default classification: not listed under a GJEPC 'International *' section and city field (if present) is an Indian city; no foreign signal found. Not independently verified.,machinery,Hall 5,5U 570D,SURAT
EXH52,MALIK INDUSTRIES,INDIAN-DOMESTIC (default — unconfirmed against a company registry),India (assumed),Default classification: not listed under a GJEPC 'International *' section and city field (if present) is an Indian city; no foreign signal found. Not independently verified.,allied,Hall Aurum,AU 023D,MUMBAI
EXH1934,MAMRAJ MUSSADILAL JEWELLERS,INDIAN-DOMESTIC (default — unconfirmed against a company registry),India (assumed),Default classification: not listed under a GJEPC 'International *' section and city field (if present) is an Indian city; no foreign signal found. Not independently verified.,the_select_club,Hall JASMINE,Club-AE 24b,HYDERABAD
EXH461,MANGAL GEMS,INDIAN-DOMESTIC (default — unconfirmed against a company registry),India (assumed),Default classification: not listed under a GJEPC 'International *' section and city field (if present) is an Indian city; no foreign signal found. Not independently verified.,loose_stones_color_stones,Hall JASMINE,JIO-AG 41h,JAIPUR
EXH1794,MANGALAM GEMS,INDIAN-DOMESTIC (default — unconfirmed against a company registry),India (assumed),Default classification: not listed under a GJEPC 'International *' section and city field (if present) is an Indian city; no foreign signal found. Not independently verified.,loose_stones_color_stones,Hall JASMINE,JIO-AH 44f,JAIPUR
EXH1716,MANGALSUTRAM,INDIAN-DOMESTIC (default — unconfirmed against a company registry),India (assumed),Default classification: not listed under a GJEPC 'International *' section and city field (if present) is an Indian city; no foreign signal found. Not independently verified.,plain_gold,Hall 2,2F 131,MUMBAI
EXH1849,MANIBHADRA CHAIN,INDIAN-DOMESTIC (default — unconfirmed against a company registry),India (assumed),Default classification: not listed under a GJEPC 'International *' section and city field (if present) is an Indian city; no foreign signal found. Not independently verified.,plain_gold,Hall Pavillion,JIO-H 14k,MUMBAI
EXH399,MANIBHADRA JEWELLERS,INDIAN-DOMESTIC (default — unconfirmed against a company registry),India (assumed),Default classification: not listed under a GJEPC 'International *' section and city field (if present) is an Indian city; no foreign signal found. Not independently verified.,plain_gold,Hall 4,4T 490F,MUMBAI
EXH899,MANIHAR GEMS CREATION  PRIVATE LTD,INDIAN-DOMESTIC (default — unconfirmed against a company registry),India (assumed),Default classification: not listed under a GJEPC 'International *' section and city field (if present) is an Indian city; no foreign signal found. Not independently verified.,diamond_colorstone,Hall 3,3Q 421,KOLKATA
EXH1200,MANIKA GOLD PVT. LTD.,INDIAN-DOMESTIC (default — unconfirmed against a company registry),India (assumed),Default classification: not listed under a GJEPC 'International *' section and city field (if present) is an Indian city; no foreign signal found. Not independently verified.,plain_gold,Hall 4,4T 491D,MUMBAI
EXH892,MANIL JEWELLERS,INDIAN-DOMESTIC (default — unconfirmed against a company registry),India (assumed),Default classification: not listed under a GJEPC 'International *' section and city field (if present) is an Indian city; no foreign signal found. Not independently verified.,plain_gold,Hall 3,3L 360,MUMBAI
EXH1181,MANIRATANA EXPORTS,INDIAN-DOMESTIC (default — unconfirmed against a company registry),India (assumed),Default classification: not listed under a GJEPC 'International *' section and city field (if present) is an Indian city; no foreign signal found. Not independently verified.,loose_stones_color_stones,Hall JASMINE,JIO-AK 45m,JAIPUR
EXH1486,MANISH JEWELLERS PVT. LTD.,INDIAN-DOMESTIC (default — unconfirmed against a company registry),India (assumed),Default classification: not listed under a GJEPC 'International *' section and city field (if present) is an Indian city; no foreign signal found. Not independently verified.,plain_gold,Hall 3,3M 364A,MUMBAI
EXH1390,MANJUSHA JEWELS INDUSTRY INDIA PVT. LTD.,INDIAN-DOMESTIC (default — unconfirmed against a company registry),India (assumed),Default classification: not listed under a GJEPC 'International *' section and city field (if present) is an Indian city; no foreign signal found. Not independently verified.,plain_gold,Hall Pavillion,JIO-K 18j,DELHI
EXH482,MANN SILVER,INDIAN-DOMESTIC (default — unconfirmed against a company registry),India (assumed),Default classification: not listed under a GJEPC 'International *' section and city field (if present) is an Indian city; no foreign signal found. Not independently verified.,silver_jewellery_artifacts,Hall Pavillion,JIO-W 39i,MUMBAI
EXH329,MANOJ ORNAMENTS PVT. LTD.,INDIAN-DOMESTIC (default — unconfirmed against a company registry),India (assumed),Default classification: not listed under a GJEPC 'International *' section and city field (if present) is an Indian city; no foreign signal found. Not independently verified.,the_select_club,Hall JASMINE,Club-AD 25d,MUMBAI
EXH514,MANOKAMANA JEWELS,INDIAN-DOMESTIC (default — unconfirmed against a company registry),India (assumed),Default classification: not listed under a GJEPC 'International *' section and city field (if present) is an Indian city; no foreign signal found. Not independently verified.,diamond_colorstone,Hall 2,2H 206,HYDERABAD
EXH768,MANSI LAB GROWN DIAMONDS,INDIAN-DOMESTIC (default — unconfirmed against a company registry),India (assumed),Default classification: not listed under a GJEPC 'International *' section and city field (if present) is an Indian city; no foreign signal found. Not independently verified.,lgd_jewellery,Hall Pavillion,JIO-X 43d,SURAT
EXH816,MANSUKH JEWELS,INDIAN-DOMESTIC (default — unconfirmed against a company registry),India (assumed),Default classification: not listed under a GJEPC 'International *' section and city field (if present) is an Indian city; no foreign signal found. Not independently verified.,lgd_jewellery,Hall Pavillion,JIO-Z 47d,SURAT
EXH1462,MANSUKHBHAI SAVJIBHAI DHANDHUKIYA,INDIAN-DOMESTIC (default — unconfirmed against a company registry),India (assumed),Default classification: not listed under a GJEPC 'International *' section and city field (if present) is an Indian city; no foreign signal found. Not independently verified.,silver_jewellery_artifacts,Hall Pavillion,JIO-V 40e,RAJKOT
EXH1496,MANUBHAI JEWELLERS,INDIAN-DOMESTIC (default — unconfirmed against a company registry),India (assumed),Default classification: not listed under a GJEPC 'International *' section and city field (if present) is an Indian city; no foreign signal found. Not independently verified.,plain_gold,Hall 4,4S 499,MUMBAI
EXH557,MANUBHAI ZAVERI ORNAMENTS PVT. LTD.,INDIAN-DOMESTIC (default — unconfirmed against a company registry),India (assumed),Default classification: not listed under a GJEPC 'International *' section and city field (if present) is an Indian city; no foreign signal found. Not independently verified.,diamond_colorstone,Hall 6,6K 074B,AHMEDABAD
EXH2043,MARAKI JEWELLERY CO.LLC,FOREIGN,United Arab Emirates,"GJEPC exhibitor-list Section field = 'International Jewellery' (organizer-assigned foreign/international pavilion category, distinct from domestic sections like plain_gold/diamond_colorstone/silver_jewellery_artifacts); City field = 'DUBAI' -> country inferred",International Jewellery,Hall Pavillion,JIO-P 28b,DUBAI
EXH438,MARQUISE JEWELS PRIVATE LIMITED,INDIAN-DOMESTIC (default — unconfirmed against a company registry),India (assumed),Default classification: not listed under a GJEPC 'International *' section and city field (if present) is an Indian city; no foreign signal found. Not independently verified.,the_select_club,Hall JASMINE,Club-AG 40a,HYDERABAD
EXH831,MARS DIA JEWELS LLP,INDIAN-DOMESTIC (default — unconfirmed against a company registry),India (assumed),Default classification: not listed under a GJEPC 'International *' section and city field (if present) is an Indian city; no foreign signal found. Not independently verified.,diamond_colorstone,Hall 3,3N 391C,MUMBAI
EXH612,MARVY JEWELS,INDIAN-DOMESTIC (default — unconfirmed against a company registry),India (assumed),Default classification: not listed under a GJEPC 'International *' section and city field (if present) is an Indian city; no foreign signal found. Not independently verified.,silver_jewellery_artifacts,Hall Pavillion,JIO-V 39g,JAIPUR
EXH2088,MASTERIX SRL,FOREIGN,Italy,"GJEPC exhibitor-list Section field = 'International Machinery' (organizer-assigned foreign/international pavilion category, distinct from domestic sections like plain_gold/diamond_colorstone/silver_jewellery_artifacts); City field = 'ITALY' -> country inferred",International Machinery,Hall 5,5V 592,ITALY
EXH2139,MATTEO GOLD SRL,FOREIGN,Italy (inferred from S.R.L./S.p.A. Italian legal-entity suffix in name; city field blank in source),"GJEPC exhibitor-list Section field = 'International Machinery' (organizer-assigned foreign/international pavilion category, distinct from domestic sections like plain_gold/diamond_colorstone/silver_jewellery_artifacts); City field blank in source; country inferred from Italian legal-entity suffix (S.R.L./S.p.A.) in company name",International Machinery,Hall 5,5V 583Q,
EXH732,MAYA JEWELLERY PACKAGING & DISPLAY,INDIAN-DOMESTIC (default — unconfirmed against a company registry),India (assumed),Default classification: not listed under a GJEPC 'International *' section and city field (if present) is an Indian city; no foreign signal found. Not independently verified.,allied,Hall Aurum,AU 023B,DELHI
EXH1848,MAYA JEWELS,INDIAN-DOMESTIC (default — unconfirmed against a company registry),India (assumed),Default classification: not listed under a GJEPC 'International *' section and city field (if present) is an Indian city; no foreign signal found. Not independently verified.,plain_gold,Hall Pavillion,JIO-K 19g,MUMBAI
EXH29,MECEKA GRAPHITE PVT LTD,INDIAN-DOMESTIC (default — unconfirmed against a company registry),India (assumed),Default classification: not listed under a GJEPC 'International *' section and city field (if present) is an Indian city; no foreign signal found. Not independently verified.,machinery,Hall Aurum,AU 035,MUMBAI
EXH667,MEENA JEWELLERS,INDIAN-DOMESTIC (default — unconfirmed against a company registry),India (assumed),Default classification: not listed under a GJEPC 'International *' section and city field (if present) is an Indian city; no foreign signal found. Not independently verified.,silver_jewellery_artifacts,Hall Pavillion,JIO-V 39a,MUMBAI
EXH1425,MEERA GEMS,INDIAN-DOMESTIC (default — unconfirmed against a company registry),India (assumed),Default classification: not listed under a GJEPC 'International *' section and city field (if present) is an Indian city; no foreign signal found. Not independently verified.,loose_stones_diamonds,Hall Pavillion,JIO-J 17c,SURAT
EXH621,MEET GOLD,INDIAN-DOMESTIC (default — unconfirmed against a company registry),India (assumed),Default classification: not listed under a GJEPC 'International *' section and city field (if present) is an Indian city; no foreign signal found. Not independently verified.,plain_gold,Hall 2,2K 272E,MUMBAI
EXH1833,MEET JEWELS LLP,INDIAN-DOMESTIC (default — unconfirmed against a company registry),India (assumed),Default classification: not listed under a GJEPC 'International *' section and city field (if present) is an Indian city; no foreign signal found. Not independently verified.,plain_gold,Hall 2,2K 315,MUMBAI
EXH137,MEGANET INFOTECH PVT. LTD.,INDIAN-DOMESTIC (default — unconfirmed against a company registry),India (assumed),Default classification: not listed under a GJEPC 'International *' section and city field (if present) is an Indian city; no foreign signal found. Not independently verified.,allied,Hall Aurum,AU 010,MUMBAI
EXH1791,MEGHA JEWELS,INDIAN-DOMESTIC (default — unconfirmed against a company registry),India (assumed),Default classification: not listed under a GJEPC 'International *' section and city field (if present) is an Indian city; no foreign signal found. Not independently verified.,diamond_colorstone,Hall 6,6P 097G,MUMBAI
EXH160,MEHTA & SONS,INDIAN-DOMESTIC (default — unconfirmed against a company registry),India (assumed),Default classification: not listed under a GJEPC 'International *' section and city field (if present) is an Indian city; no foreign signal found. Not independently verified.,diamond_colorstone,Hall 4,4S 478A,MUMBAI
EXH1801,MEHTA JEWELLERS,INDIAN-DOMESTIC (default — unconfirmed against a company registry),India (assumed),Default classification: not listed under a GJEPC 'International *' section and city field (if present) is an Indian city; no foreign signal found. Not independently verified.,diamond_colorstone,Hall 3,3P 405C,MUMBAI
EXH1322,MEHTA VENTURES,INDIAN-DOMESTIC (default — unconfirmed against a company registry),India (assumed),Default classification: not listed under a GJEPC 'International *' section and city field (if present) is an Indian city; no foreign signal found. Not independently verified.,silver_jewellery_artifacts,Hall Pavillion,JIO-W 40j,BENGALURU
EXH2167,MEPZ SPECIAL ECONOMIC ZONE - GOVT OF INDIA,INDIAN-DOMESTIC (default — unconfirmed against a company registry),India (assumed),Default classification: not listed under a GJEPC 'International *' section and city field (if present) is an Indian city; no foreign signal found. Not independently verified.,diamond_colorstone,Hall 3,3Q 401D,CHENNAI
EXH498,MERRIGOLD JEWELLERS,INDIAN-DOMESTIC (default — unconfirmed against a company registry),India (assumed),Default classification: not listed under a GJEPC 'International *' section and city field (if present) is an Indian city; no foreign signal found. Not independently verified.,diamond_colorstone,Hall 6,6R 125A,AMRITSAR
EXH463,MERULIYA JEWELS,INDIAN-DOMESTIC (default — unconfirmed against a company registry),India (assumed),Default classification: not listed under a GJEPC 'International *' section and city field (if present) is an Indian city; no foreign signal found. Not independently verified.,diamond_colorstone,Hall 3,3P 399A,SURAT
EXH708,MESMERIZE INTERNATIONAL,INDIAN-DOMESTIC (default — unconfirmed against a company registry),India (assumed),Default classification: not listed under a GJEPC 'International *' section and city field (if present) is an Indian city; no foreign signal found. Not independently verified.,silver_jewellery_artifacts,Hall Pavillion,JIO-V 40d,MUMBAI
EXH503,META JEWEL KRAFTS (INDIA) PVT. LTD.,INDIAN-DOMESTIC (default — unconfirmed against a company registry),India (assumed),Default classification: not listed under a GJEPC 'International *' section and city field (if present) is an Indian city; no foreign signal found. Not independently verified.,silver_jewellery_artifacts,Hall Pavillion,JIO-Q 29c,JAIPUR
EXH119,METRO ELECTRIC COMPANY,INDIAN-DOMESTIC (default — unconfirmed against a company registry),India (assumed),Default classification: not listed under a GJEPC 'International *' section and city field (if present) is an Indian city; no foreign signal found. Not independently verified.,machinery,Hall 5,5U 551,RAJKOT
EXH581,MEVANAGAR SALES PRIVATE LIMITED,INDIAN-DOMESTIC (default — unconfirmed against a company registry),India (assumed),Default classification: not listed under a GJEPC 'International *' section and city field (if present) is an Indian city; no foreign signal found. Not independently verified.,silver_jewellery_artifacts,Hall Pavillion,JIO-W 39l,MUMBAI
EXH1306,MEZZARIA JEWELS PVT LTD,INDIAN-DOMESTIC (default — unconfirmed against a company registry),India (assumed),Default classification: not listed under a GJEPC 'International *' section and city field (if present) is an Indian city; no foreign signal found. Not independently verified.,diamond_colorstone,Hall 3,3Q 430,SURAT
EXH453,MG SONS JEWELLERS PRIVATE LIMITED,INDIAN-DOMESTIC (default — unconfirmed against a company registry),India (assumed),Default classification: not listed under a GJEPC 'International *' section and city field (if present) is an Indian city; no foreign signal found. Not independently verified.,plain_gold,Hall 2,2G 156,NEW DELHI
EXH90,MICROTECH INSTRUMENTS CORPORATION,INDIAN-DOMESTIC (default — unconfirmed against a company registry),India (assumed),Default classification: not listed under a GJEPC 'International *' section and city field (if present) is an Indian city; no foreign signal found. Not independently verified.,machinery,Hall 5,5U 571F,MUMBAI
EXH1567,MIDAS TOUCH INTERNATIONAL PVT. LTD.,INDIAN-DOMESTIC (default — unconfirmed against a company registry),India (assumed),Default classification: not listed under a GJEPC 'International *' section and city field (if present) is an Indian city; no foreign signal found. Not independently verified.,diamond_colorstone,Hall 3,3Q 404E,AMRITSAR
EXH180,MILAN JEWELS,INDIAN-DOMESTIC (default — unconfirmed against a company registry),India (assumed),Default classification: not listed under a GJEPC 'International *' section and city field (if present) is an Indian city; no foreign signal found. Not independently verified.,plain_gold,Hall 6,6A 009,RAJKOT
EXH36,MILANO ENTERPRISES,INDIAN-DOMESTIC (default — unconfirmed against a company registry),India (assumed),Default classification: not listed under a GJEPC 'International *' section and city field (if present) is an Indian city; no foreign signal found. Not independently verified.,machinery,Hall 5,5V 570B,MUMBAI
EXH1864,MINAL PALACE,INDIAN-DOMESTIC (default — unconfirmed against a company registry),India (assumed),Default classification: not listed under a GJEPC 'International *' section and city field (if present) is an Indian city; no foreign signal found. Not independently verified.,plain_gold,Hall 2,2G 159,MUMBAI
EXH475,MINERALS AND JEWELS,INDIAN-DOMESTIC (default — unconfirmed against a company registry),India (assumed),Default classification: not listed under a GJEPC 'International *' section and city field (if present) is an Indian city; no foreign signal found. Not independently verified.,loose_stones_color_stones,Hall JASMINE,JIO-AG 42d,MUMBAI
EXH1742,MIRAJ GEMS,INDIAN-DOMESTIC (default — unconfirmed against a company registry),India (assumed),Default classification: not listed under a GJEPC 'International *' section and city field (if present) is an Indian city; no foreign signal found. Not independently verified.,loose_stones_diamonds,Hall Pavillion,JIO-G 13c,SURAT
EXH217,MITAL JEWELS,INDIAN-DOMESTIC (default — unconfirmed against a company registry),India (assumed),Default classification: not listed under a GJEPC 'International *' section and city field (if present) is an Indian city; no foreign signal found. Not independently verified.,diamond_colorstone,Hall 4,4R 470C,SURAT
EXH2018,MITAL MFG. CO.,INDIAN-DOMESTIC (default — unconfirmed against a company registry),India (assumed),Default classification: not listed under a GJEPC 'International *' section and city field (if present) is an Indian city; no foreign signal found. Not independently verified.,loose_stones_diamonds,Hall Pavillion,JIO-K 17j,MUMBAI
EXH636,MITRA ORNAMENTS,INDIAN-DOMESTIC (default — unconfirmed against a company registry),India (assumed),Default classification: not listed under a GJEPC 'International *' section and city field (if present) is an Indian city; no foreign signal found. Not independently verified.,plain_gold,Hall Pavillion,JIO-C 4j,SURAT
EXH1977,MIVAA SILVER,INDIAN-DOMESTIC (default — unconfirmed against a company registry),India (assumed),Default classification: not listed under a GJEPC 'International *' section and city field (if present) is an Indian city; no foreign signal found. Not independently verified.,silver_jewellery_artifacts,Hall Pavillion,JIO-W 39k,MUMBAI
EXH1685,MK EXPORTS,INDIAN-DOMESTIC (default — unconfirmed against a company registry),India (assumed),Default classification: not listed under a GJEPC 'International *' section and city field (if present) is an Indian city; no foreign signal found. Not independently verified.,the_select_club,Hall JASMINE,Club-AA 5a,CENTRAL DELHI
EXH388,MODERN CHAIN MACHINES,INDIAN-DOMESTIC (default — unconfirmed against a company registry),India (assumed),Default classification: not listed under a GJEPC 'International *' section and city field (if present) is an Indian city; no foreign signal found. Not independently verified.,machinery,Hall 5,5V 570H,AGRA
EXH670,MODERN IMPEX,INDIAN-DOMESTIC (default — unconfirmed against a company registry),India (assumed),Default classification: not listed under a GJEPC 'International *' section and city field (if present) is an Indian city; no foreign signal found. Not independently verified.,plain_gold,Hall 3,3N 382A,MUMBAI
EXH168,MODI CREATIONS,INDIAN-DOMESTIC (default — unconfirmed against a company registry),India (assumed),Default classification: not listed under a GJEPC 'International *' section and city field (if present) is an Indian city; no foreign signal found. Not independently verified.,diamond_colorstone,Hall 2,2H 234,JAIPUR
EXH1809,MODI EXPORT HOUSE,INDIAN-DOMESTIC (default — unconfirmed against a company registry),India (assumed),Default classification: not listed under a GJEPC 'International *' section and city field (if present) is an Indian city; no foreign signal found. Not independently verified.,the_select_club,Hall JASMINE,Club-AC 13c,JAIPUR
EXH533,MODI ORNAMENTS,INDIAN-DOMESTIC (default — unconfirmed against a company registry),India (assumed),Default classification: not listed under a GJEPC 'International *' section and city field (if present) is an Indian city; no foreign signal found. Not independently verified.,plain_gold,Hall 6,6A 006,HYDERABAD
EXH400,MOHAR DIAMONDS PVT. LTD.,INDIAN-DOMESTIC (default — unconfirmed against a company registry),India (assumed),Default classification: not listed under a GJEPC 'International *' section and city field (if present) is an Indian city; no foreign signal found. Not independently verified.,diamond_colorstone,Hall 6,6R 126G,THANE
EXH1217,MOHAR GEMS AND JEWELS LLP,INDIAN-DOMESTIC (default — unconfirmed against a company registry),India (assumed),Default classification: not listed under a GJEPC 'International *' section and city field (if present) is an Indian city; no foreign signal found. Not independently verified.,diamond_colorstone,Hall 6,6P 105D,MUMBAI
EXH692,MOHE JEWELS,INDIAN-DOMESTIC (default — unconfirmed against a company registry),India (assumed),Default classification: not listed under a GJEPC 'International *' section and city field (if present) is an Indian city; no foreign signal found. Not independently verified.,diamond_colorstone,Hall 4,4S 473A,MUMBAI
EXH891,MOHIT DIAMONDS PVT. LTD,INDIAN-DOMESTIC (default — unconfirmed against a company registry),India (assumed),Default classification: not listed under a GJEPC 'International *' section and city field (if present) is an Indian city; no foreign signal found. Not independently verified.,loose_stones_diamonds,Hall Pavillion,JIO-H 16d,MUMBAI
EXH179,MOKSH ORNAMENTS LTD,INDIAN-DOMESTIC (default — unconfirmed against a company registry),India (assumed),Default classification: not listed under a GJEPC 'International *' section and city field (if present) is an Indian city; no foreign signal found. Not independently verified.,plain_gold,Hall 2,2J 274E,MUMBAI
EXH1051,MOON MACHINERY MART,INDIAN-DOMESTIC (default — unconfirmed against a company registry),India (assumed),Default classification: not listed under a GJEPC 'International *' section and city field (if present) is an Indian city; no foreign signal found. Not independently verified.,machinery,Hall 5,5V 627,MUMBAI
EXH2117,MOONLIGHT PEARLS MUMBAI LLP,INDIAN-DOMESTIC (default — unconfirmed against a company registry),India (assumed),Default classification: not listed under a GJEPC 'International *' section and city field (if present) is an Indian city; no foreign signal found. Not independently verified.,loose_stones_color_stones,Hall LOTUS,JIO-AL 48b,MUMBAI
EXH1539,MOR GOLD JEWELLERS PVT LTD,INDIAN-DOMESTIC (default — unconfirmed against a company registry),India (assumed),Default classification: not listed under a GJEPC 'International *' section and city field (if present) is an Indian city; no foreign signal found. Not independently verified.,plain_gold,Hall Pavillion,JIO-M 22i,MUMBAI
EXH826,MTJ WORLD INDIA PVT LTD,INDIAN-DOMESTIC (default — unconfirmed against a company registry),India (assumed),Default classification: not listed under a GJEPC 'International *' section and city field (if present) is an Indian city; no foreign signal found. Not independently verified.,diamond_colorstone,Hall 3,3Q 410C,SURAT
EXH403,MUGAL ARTS & GEMS,INDIAN-DOMESTIC (default — unconfirmed against a company registry),India (assumed),Default classification: not listed under a GJEPC 'International *' section and city field (if present) is an Indian city; no foreign signal found. Not independently verified.,loose_stones_color_stones,Hall LOTUS,JIO-AS 59e,JAIPUR
EXH2147,MUKTI GOLD PVT. LTD,INDIAN-DOMESTIC (default — unconfirmed against a company registry),India (assumed),Default classification: not listed under a GJEPC 'International *' section and city field (if present) is an Indian city; no foreign signal found. Not independently verified.,lgd_diamond,Hall Pavillion,JIO-Y 45a,MUMBAI
EXH784,MULCHAND R. SHAH,INDIAN-DOMESTIC (default — unconfirmed against a company registry),India (assumed),Default classification: not listed under a GJEPC 'International *' section and city field (if present) is an Indian city; no foreign signal found. Not independently verified.,plain_gold,Hall 6,6F 043A,MUMBAI
EXH864,MURARI EXPORTS,INDIAN-DOMESTIC (default — unconfirmed against a company registry),India (assumed),Default classification: not listed under a GJEPC 'International *' section and city field (if present) is an Indian city; no foreign signal found. Not independently verified.,diamond_colorstone,Hall 6,6K 073B,HYDERABAD
EXH1009,MUTHAJI & SONS,INDIAN-DOMESTIC (default — unconfirmed against a company registry),India (assumed),Default classification: not listed under a GJEPC 'International *' section and city field (if present) is an Indian city; no foreign signal found. Not independently verified.,plain_gold,Hall 4,4T 489B,MUMBAI
EXH246,MY DIAMONDS,INDIAN-DOMESTIC (default — unconfirmed against a company registry),India (assumed),Default classification: not listed under a GJEPC 'International *' section and city field (if present) is an Indian city; no foreign signal found. Not independently verified.,loose_stones_diamonds,Hall Pavillion,JIO-E 9e,MUMBAI
EXH192,MY ZAVERI BAZAAR PRIVATE LIMITED,INDIAN-DOMESTIC (default — unconfirmed against a company registry),India (assumed),Default classification: not listed under a GJEPC 'International *' section and city field (if present) is an Indian city; no foreign signal found. Not independently verified.,plain_gold,Hall 6,6F 052,CHENNAI
EXH1699,MYRA THE DIAMOND STUDIO,INDIAN-DOMESTIC (default — unconfirmed against a company registry),India (assumed),Default classification: not listed under a GJEPC 'International *' section and city field (if present) is an Indian city; no foreign signal found. Not independently verified.,diamond_colorstone,Hall 6,6R 124D,MUMBAI
EXH1483,MYSTIQUE JEWELS,INDIAN-DOMESTIC (default — unconfirmed against a company registry),India (assumed),Default classification: not listed under a GJEPC 'International *' section and city field (if present) is an Indian city; no foreign signal found. Not independently verified.,diamond_colorstone,Hall 2,2J 245A,MUMBAI
EXH78,N JEWELLERY TECHNIQUES PVT LTD,INDIAN-DOMESTIC (default — unconfirmed against a company registry),India (assumed),Default classification: not listed under a GJEPC 'International *' section and city field (if present) is an Indian city; no foreign signal found. Not independently verified.,machinery,Hall 5,5U 529,MUMBAI
EXH1577,N R GOLD & JEWELS LLP,INDIAN-DOMESTIC (default — unconfirmed against a company registry),India (assumed),Default classification: not listed under a GJEPC 'International *' section and city field (if present) is an Indian city; no foreign signal found. Not independently verified.,plain_gold,Hall 4,4S 493E,MUMBAI
EXH1855,N. J. ARTS,INDIAN-DOMESTIC (default — unconfirmed against a company registry),India (assumed),Default classification: not listed under a GJEPC 'International *' section and city field (if present) is an Indian city; no foreign signal found. Not independently verified.,plain_gold,Hall 3,3M 363A,RAJKOT
EXH132,N. K. INDUSTRIES,INDIAN-DOMESTIC (default — unconfirmed against a company registry),India (assumed),Default classification: not listed under a GJEPC 'International *' section and city field (if present) is an Indian city; no foreign signal found. Not independently verified.,machinery,Hall 5,5U 572E,AHMEDABAD
EXH1822,N.K. IMPEX,INDIAN-DOMESTIC (default — unconfirmed against a company registry),India (assumed),Default classification: not listed under a GJEPC 'International *' section and city field (if present) is an Indian city; no foreign signal found. Not independently verified.,loose_stones_color_stones,Hall LOTUS,JIO-AP 52f,JAIPUR
EXH598,NAKODA JEWELS,INDIAN-DOMESTIC (default — unconfirmed against a company registry),India (assumed),Default classification: not listed under a GJEPC 'International *' section and city field (if present) is an Indian city; no foreign signal found. Not independently verified.,plain_gold,Hall Pavillion,JIO-M 23f,MUMBAI
EXH1529,NAKODA JEWELS,INDIAN-DOMESTIC (default — unconfirmed against a company registry),India (assumed),Default classification: not listed under a GJEPC 'International *' section and city field (if present) is an Indian city; no foreign signal found. Not independently verified.,plain_gold,Hall 3,3L 367D,MUMBAI
EXH1677,NAKSHATRA CREATIONS,INDIAN-DOMESTIC (default — unconfirmed against a company registry),India (assumed),Default classification: not listed under a GJEPC 'International *' section and city field (if present) is an Indian city; no foreign signal found. Not independently verified.,plain_gold,Hall Pavillion,JIO-Q 27h,MUMBAI
EXH1667,NAKSHATRA GEMS,INDIAN-DOMESTIC (default — unconfirmed against a company registry),India (assumed),Default classification: not listed under a GJEPC 'International *' section and city field (if present) is an Indian city; no foreign signal found. Not independently verified.,loose_stones_color_stones,Hall JASMINE,JIO-AJ 45a,JAIPUR
EXH836,NAKSHATRA JEWELLERY,INDIAN-DOMESTIC (default — unconfirmed against a company registry),India (assumed),Default classification: not listed under a GJEPC 'International *' section and city field (if present) is an Indian city; no foreign signal found. Not independently verified.,plain_gold,Hall 6,6R 130D,MUMBAI
EXH1484,NAKSHITA JEWELLERS,INDIAN-DOMESTIC (default — unconfirmed against a company registry),India (assumed),Default classification: not listed under a GJEPC 'International *' section and city field (if present) is an Indian city; no foreign signal found. Not independently verified.,silver_jewellery_artifacts,Hall Pavillion,JIO-R 31h,JAIPUR
EXH1283,NAMO SILVER,INDIAN-DOMESTIC (default — unconfirmed against a company registry),India (assumed),Default classification: not listed under a GJEPC 'International *' section and city field (if present) is an Indian city; no foreign signal found. Not independently verified.,silver_jewellery_artifacts,Hall Pavillion,JIO-U 36g,MUMBAI
EXH543,NAMOHARIHANT CZ JEWELLERS,INDIAN-DOMESTIC (default — unconfirmed against a company registry),India (assumed),Default classification: not listed under a GJEPC 'International *' section and city field (if present) is an Indian city; no foreign signal found. Not independently verified.,plain_gold,Hall 3,3M 385,MUMBAI
EXH298,NAMOSHREE GOLD LLP,INDIAN-DOMESTIC (default — unconfirmed against a company registry),India (assumed),Default classification: not listed under a GJEPC 'International *' section and city field (if present) is an Indian city; no foreign signal found. Not independently verified.,plain_gold,Hall Pavillion,JIO-K 18m,HYDERABAD
EXH1141,NAROLA DIAMONDS PRIVATE LIMITED,INDIAN-DOMESTIC (default — unconfirmed against a company registry),India (assumed),Default classification: not listed under a GJEPC 'International *' section and city field (if present) is an Indian city; no foreign signal found. Not independently verified.,loose_stones_diamonds,Hall Pavillion,JIO-G 12e,MUMBAI
EXH890,NARTAN JEWELLERS,INDIAN-DOMESTIC (default — unconfirmed against a company registry),India (assumed),Default classification: not listed under a GJEPC 'International *' section and city field (if present) is an Indian city; no foreign signal found. Not independently verified.,silver_jewellery_artifacts,Hall Pavillion,JIO-W 40h,JAIPUR
EXH1992,NATIONAL FACETS,INDIAN-DOMESTIC (default — unconfirmed against a company registry),India (assumed),Default classification: not listed under a GJEPC 'International *' section and city field (if present) is an Indian city; no foreign signal found. Not independently verified.,loose_stones_color_stones,Hall LOTUS,JIO-AQ 55h,JAIPUR
EXH2012,NAVAM SUNIL JEWELLERS PVT LTD,INDIAN-DOMESTIC (default — unconfirmed against a company registry),India (assumed),Default classification: not listed under a GJEPC 'International *' section and city field (if present) is an Indian city; no foreign signal found. Not independently verified.,plain_gold,Hall 2,2F 134,MUMBAI
EXH26,NAVBHARAT JEWELLERY TOOLS,INDIAN-DOMESTIC (default — unconfirmed against a company registry),India (assumed),Default classification: not listed under a GJEPC 'International *' section and city field (if present) is an Indian city; no foreign signal found. Not independently verified.,machinery,Hall 5,5V 609,THANE
EXH1258,NAVKAR STERLING SILVER,INDIAN-DOMESTIC (default — unconfirmed against a company registry),India (assumed),Default classification: not listed under a GJEPC 'International *' section and city field (if present) is an Indian city; no foreign signal found. Not independently verified.,silver_jewellery_artifacts,Hall Pavillion,JIO-S 33a,BENGALURU
EXH766,NAVPUSHPA JEWELLERS,INDIAN-DOMESTIC (default — unconfirmed against a company registry),India (assumed),Default classification: not listed under a GJEPC 'International *' section and city field (if present) is an Indian city; no foreign signal found. Not independently verified.,diamond_colorstone,Hall 3,3Q 434,MUMBAI
EXH1307,NAVRATAN GEMS,INDIAN-DOMESTIC (default — unconfirmed against a company registry),India (assumed),Default classification: not listed under a GJEPC 'International *' section and city field (if present) is an Indian city; no foreign signal found. Not independently verified.,loose_stones_color_stones,Hall JASMINE,JIO-AH 43e,JAIPUR
EXH765,NAVRATNA GEMS,INDIAN-DOMESTIC (default — unconfirmed against a company registry),India (assumed),Default classification: not listed under a GJEPC 'International *' section and city field (if present) is an Indian city; no foreign signal found. Not independently verified.,loose_stones_color_stones,Hall LOTUS,JIO-AN 51f,MUMBAI
EXH1241,NAVYA GEMS AND JEWELS,INDIAN-DOMESTIC (default — unconfirmed against a company registry),India (assumed),Default classification: not listed under a GJEPC 'International *' section and city field (if present) is an Indian city; no foreign signal found. Not independently verified.,diamond_colorstone,Hall 6,6M 092B,HYDERABAD
EXH1084,NBN EXPORTS,INDIAN-DOMESTIC (default — unconfirmed against a company registry),India (assumed),Default classification: not listed under a GJEPC 'International *' section and city field (if present) is an Indian city; no foreign signal found. Not independently verified.,loose_stones_color_stones,Hall LOTUS,JIO-AM 50d,JAIPUR
EXH2036,NEER IMPEX,INDIAN-DOMESTIC (default — unconfirmed against a company registry),India (assumed),Default classification: not listed under a GJEPC 'International *' section and city field (if present) is an Indian city; no foreign signal found. Not independently verified.,loose_stones_diamonds,Hall Pavillion,JIO-J 17b,MUMBAI
EXH912,NEETTI ATELIIER PVT LTD,INDIAN-DOMESTIC (default — unconfirmed against a company registry),India (assumed),Default classification: not listed under a GJEPC 'International *' section and city field (if present) is an Indian city; no foreign signal found. Not independently verified.,the_select_club,Hall JASMINE,Club-AB 10c,MUMBAI
EXH72,NEO INSTRUMENT CO,INDIAN-DOMESTIC (default — unconfirmed against a company registry),India (assumed),Default classification: not listed under a GJEPC 'International *' section and city field (if present) is an Indian city; no foreign signal found. Not independently verified.,machinery,Hall 5,5V 612,NEW DELHI
EXH274,NEPTUNE GOLD,INDIAN-DOMESTIC (default — unconfirmed against a company registry),India (assumed),Default classification: not listed under a GJEPC 'International *' section and city field (if present) is an Indian city; no foreign signal found. Not independently verified.,plain_gold,Hall 6,6B 020C,MUMBAI
EXH1314,NEW BOMBAY JEWELLERS LLP,INDIAN-DOMESTIC (default — unconfirmed against a company registry),India (assumed),Default classification: not listed under a GJEPC 'International *' section and city field (if present) is an Indian city; no foreign signal found. Not independently verified.,plain_gold,Hall 6,6C 029C,MUMBAI
EXH769,NIBHA GEMS,INDIAN-DOMESTIC (default — unconfirmed against a company registry),India (assumed),Default classification: not listed under a GJEPC 'International *' section and city field (if present) is an Indian city; no foreign signal found. Not independently verified.,diamond_colorstone,Hall 6,6Q 112,MUMBAI
EXH776,NICE GOLD PVT. LTD.,INDIAN-DOMESTIC (default — unconfirmed against a company registry),India (assumed),Default classification: not listed under a GJEPC 'International *' section and city field (if present) is an Indian city; no foreign signal found. Not independently verified.,plain_gold,Hall 2,2G 153,MUMBAI
EXH1962,NICETRENDS JEWELS (I) PVT.LTD.,INDIAN-DOMESTIC (default — unconfirmed against a company registry),India (assumed),Default classification: not listed under a GJEPC 'International *' section and city field (if present) is an Indian city; no foreign signal found. Not independently verified.,diamond_colorstone,Hall 2,2H 219,MUMBAI
EXH804,NICKUNJ EXIMP ENTP  P.LTD.,INDIAN-DOMESTIC (default — unconfirmed against a company registry),India (assumed),Default classification: not listed under a GJEPC 'International *' section and city field (if present) is an Indian city; no foreign signal found. Not independently verified.,machinery,Hall 5,5V 600,MUMBAI
EXH270,NIHAR JEWELS,INDIAN-DOMESTIC (default — unconfirmed against a company registry),India (assumed),Default classification: not listed under a GJEPC 'International *' section and city field (if present) is an Indian city; no foreign signal found. Not independently verified.,diamond_colorstone,Hall 6,6L 078G,JAIPUR
EXH316,NIKHIL ENTERPRISES,INDIAN-DOMESTIC (default — unconfirmed against a company registry),India (assumed),Default classification: not listed under a GJEPC 'International *' section and city field (if present) is an Indian city; no foreign signal found. Not independently verified.,diamond_colorstone,Hall 2,2H 248B,JAIPUR
EXH739,NIKHIL JEWELLERS,INDIAN-DOMESTIC (default — unconfirmed against a company registry),India (assumed),Default classification: not listed under a GJEPC 'International *' section and city field (if present) is an Indian city; no foreign signal found. Not independently verified.,plain_gold,Hall Pavillion,JIO-G 14e,AHMEDABAD
EXH22,NIMBUS SYSTEMS PVT. LTD,INDIAN-DOMESTIC (default — unconfirmed against a company registry),India (assumed),Default classification: not listed under a GJEPC 'International *' section and city field (if present) is an Indian city; no foreign signal found. Not independently verified.,allied,Hall Aurum,AU 031,KOLKATA
EXH444,NIMESH GEMS,INDIAN-DOMESTIC (default — unconfirmed against a company registry),India (assumed),Default classification: not listed under a GJEPC 'International *' section and city field (if present) is an Indian city; no foreign signal found. Not independently verified.,the_select_club,Hall JASMINE,Club-AC 19a,MUMBAI
EXH2042,NIMISHA JEWELLERS LLC,FOREIGN,United States,"GJEPC exhibitor-list Section field = 'International Jewellery' (organizer-assigned foreign/international pavilion category, distinct from domestic sections like plain_gold/diamond_colorstone/silver_jewellery_artifacts); City field = 'US' -> country inferred",International Jewellery,Hall Pavillion,JIO-M 21k,US
EXH478,NINE JEWELLERY,INDIAN-DOMESTIC (default — unconfirmed against a company registry),India (assumed),Default classification: not listed under a GJEPC 'International *' section and city field (if present) is an Indian city; no foreign signal found. Not independently verified.,the_select_club,Hall JASMINE,Club-AE 30a,JAIPUR
EXH346,NINE SIL JEWELLERY,INDIAN-DOMESTIC (default — unconfirmed against a company registry),India (assumed),Default classification: not listed under a GJEPC 'International *' section and city field (if present) is an Indian city; no foreign signal found. Not independently verified.,silver_jewellery_artifacts,Hall Pavillion,JIO-S 34a,MUMBAI
EXH467,NIRMAL JEWELLERS,INDIAN-DOMESTIC (default — unconfirmed against a company registry),India (assumed),Default classification: not listed under a GJEPC 'International *' section and city field (if present) is an Indian city; no foreign signal found. Not independently verified.,plain_gold,Hall 3,3L 361,MUMBAI
EXH1843,NITMAN GOLD EXPORTS LLP,INDIAN-DOMESTIC (default — unconfirmed against a company registry),India (assumed),Default classification: not listed under a GJEPC 'International *' section and city field (if present) is an Indian city; no foreign signal found. Not independently verified.,plain_gold,Hall Pavillion,JIO-N 23i,RAJKOT
EXH1571,NITMAN SILVER EXPORTS LLP,INDIAN-DOMESTIC (default — unconfirmed against a company registry),India (assumed),Default classification: not listed under a GJEPC 'International *' section and city field (if present) is an Indian city; no foreign signal found. Not independently verified.,silver_jewellery_artifacts,Hall Pavillion,JIO-R 30i,RAJKOT
EXH417,NOLKHA BROTHERS PRIVATE LIMITED,INDIAN-DOMESTIC (default — unconfirmed against a company registry),India (assumed),Default classification: not listed under a GJEPC 'International *' section and city field (if present) is an Indian city; no foreign signal found. Not independently verified.,the_select_club,Hall JASMINE,Club-AB 14a,JAIPUR
EXH707,NR JEWELS,INDIAN-DOMESTIC (default — unconfirmed against a company registry),India (assumed),Default classification: not listed under a GJEPC 'International *' section and city field (if present) is an Indian city; no foreign signal found. Not independently verified.,diamond_colorstone,Hall 2,2H 248C,MUMBAI
EXH967,NUCLEUS ANALYTICS PRIVATE   LIMITED,INDIAN-DOMESTIC (default — unconfirmed against a company registry),India (assumed),Default classification: not listed under a GJEPC 'International *' section and city field (if present) is an Indian city; no foreign signal found. Not independently verified.,machinery,Hall 5,5V 568G,BENGALURU
EXH1315,OJASVI JEWELS,INDIAN-DOMESTIC (default — unconfirmed against a company registry),India (assumed),Default classification: not listed under a GJEPC 'International *' section and city field (if present) is an Indian city; no foreign signal found. Not independently verified.,diamond_colorstone,Hall 4,4S 473B,MEERUT
EXH386,OLIVER JEWELS,INDIAN-DOMESTIC (default — unconfirmed against a company registry),India (assumed),Default classification: not listed under a GJEPC 'International *' section and city field (if present) is an Indian city; no foreign signal found. Not independently verified.,plain_gold,Hall Pavillion,JIO-G 11m,AHMEDABAD
EXH116,OM ENTERPRISES,INDIAN-DOMESTIC (default — unconfirmed against a company registry),India (assumed),Default classification: not listed under a GJEPC 'International *' section and city field (if present) is an Indian city; no foreign signal found. Not independently verified.,machinery,Hall Aurum,AU 051,MUMBAI
EXH219,OM GANESH JEWELLERS PVT. LTD.,INDIAN-DOMESTIC (default — unconfirmed against a company registry),India (assumed),Default classification: not listed under a GJEPC 'International *' section and city field (if present) is an Indian city; no foreign signal found. Not independently verified.,plain_gold,Hall 4,4S 487C,MUMBAI
EXH1433,OM JEWELS,INDIAN-DOMESTIC (default — unconfirmed against a company registry),India (assumed),Default classification: not listed under a GJEPC 'International *' section and city field (if present) is an Indian city; no foreign signal found. Not independently verified.,silver_jewellery_artifacts,Hall Pavillion,JIO-Y 44k,MUMBAI
EXH325,OM JEWELS LUXURY PRIVATE LIMITED,INDIAN-DOMESTIC (default — unconfirmed against a company registry),India (assumed),Default classification: not listed under a GJEPC 'International *' section and city field (if present) is an Indian city; no foreign signal found. Not independently verified.,diamond_colorstone,Hall 4,4R 463F,SURAT
EXH1743,OMARSONS & COMPANY,INDIAN-DOMESTIC (default — unconfirmed against a company registry),India (assumed),Default classification: not listed under a GJEPC 'International *' section and city field (if present) is an Indian city; no foreign signal found. Not independently verified.,diamond_colorstone,Hall 6,6Q 103I,MUMBAI
EXH2067,OMBI SRL,FOREIGN,Italy,"GJEPC exhibitor-list Section field = 'International Machinery' (organizer-assigned foreign/international pavilion category, distinct from domestic sections like plain_gold/diamond_colorstone/silver_jewellery_artifacts); City field = 'STRAMBINO' -> country inferred",International Machinery,Hall 5,5U 516,STRAMBINO
EXH1047,OMKALASH JEWELS,INDIAN-DOMESTIC (default — unconfirmed against a company registry),India (assumed),Default classification: not listed under a GJEPC 'International *' section and city field (if present) is an Indian city; no foreign signal found. Not independently verified.,plain_gold,Hall Pavillion,JIO-D 6k,MUMBAI
EXH2031,OMKAR MINT PRIVATE LIMITED,INDIAN-DOMESTIC (default — unconfirmed against a company registry),India (assumed),Default classification: not listed under a GJEPC 'International *' section and city field (if present) is an Indian city; no foreign signal found. Not independently verified.,silver_jewellery_artifacts,Hall Pavillion,JIO-W 41d,SECUNDERABAD
EXH1086,OP JEWELLERS,INDIAN-DOMESTIC (default — unconfirmed against a company registry),India (assumed),Default classification: not listed under a GJEPC 'International *' section and city field (if present) is an Indian city; no foreign signal found. Not independently verified.,plain_gold,Hall 3,3N 384A,JAIPUR
EXH2129,OPTICOM GRAPHITE S.R.L.,FOREIGN,Italy (inferred from S.R.L./S.p.A. Italian legal-entity suffix in name; city field blank in source),"GJEPC exhibitor-list Section field = 'International Machinery' (organizer-assigned foreign/international pavilion category, distinct from domestic sections like plain_gold/diamond_colorstone/silver_jewellery_artifacts); City field blank in source; country inferred from Italian legal-entity suffix (S.R.L./S.p.A.) in company name",International Machinery,Hall 5,5U 583F,
EXH138,ORAIL SERVICES,INDIAN-DOMESTIC (default — unconfirmed against a company registry),India (assumed),Default classification: not listed under a GJEPC 'International *' section and city field (if present) is an Indian city; no foreign signal found. Not independently verified.,allied,Hall Aurum,AU 020D,SURAT
EXH1599,ORIENTAL GEMCO PVT. LTD.,INDIAN-DOMESTIC (default — unconfirmed against a company registry),India (assumed),Default classification: not listed under a GJEPC 'International *' section and city field (if present) is an Indian city; no foreign signal found. Not independently verified.,the_select_club,Hall JASMINE,Club-AB 8c,JAIPUR
EXH1724,ORIGINAL GEMS,INDIAN-DOMESTIC (default — unconfirmed against a company registry),India (assumed),Default classification: not listed under a GJEPC 'International *' section and city field (if present) is an Indian city; no foreign signal found. Not independently verified.,loose_stones_color_stones,Hall JASMINE,JIO-AJ 44j,JAIPUR
EXH993,ORNA JEWELS,INDIAN-DOMESTIC (default — unconfirmed against a company registry),India (assumed),Default classification: not listed under a GJEPC 'International *' section and city field (if present) is an Indian city; no foreign signal found. Not independently verified.,plain_gold,Hall 3,3L 330,AHMEDABAD
EXH1604,ORNAMENT CREATIONS,INDIAN-DOMESTIC (default — unconfirmed against a company registry),India (assumed),Default classification: not listed under a GJEPC 'International *' section and city field (if present) is an Indian city; no foreign signal found. Not independently verified.,silver_jewellery_artifacts,Hall Pavillion,JIO-U 37c,MUMBAI
EXH2136,ORO FRANCO DI FRANCO YURI,FOREIGN,"Italy (low confidence — inferred only from Italian-language name pattern: ""Oro""=gold, ""di Franco Yuri"" personal-name format typical of Italian sole-proprietor goldsmiths; not confirmed against city or legal-suffix field)",GJEPC Section = International Machinery; country is a low-confidence guess from Italian-language naming pattern only (city field blank in source) — treat as unconfirmed,International Machinery,Hall 5,5V 583M,
EXH156,ORO JEWELS,INDIAN-DOMESTIC (default — unconfirmed against a company registry),India (assumed),Default classification: not listed under a GJEPC 'International *' section and city field (if present) is an Indian city; no foreign signal found. Not independently verified.,lgd_jewellery,Hall Pavillion,JIO-X 42p,HYDERABAD
EXH133,OROMAC,INDIAN-DOMESTIC (default — unconfirmed against a company registry),India (assumed),Default classification: not listed under a GJEPC 'International *' section and city field (if present) is an Indian city; no foreign signal found. Not independently verified.,machinery,Hall 5,5U 552,MUMBAI
EXH2141,OROSTUDIO ITALY S.R.L. UNIPERSONALE,FOREIGN,Italy (inferred from S.R.L./S.p.A. Italian legal-entity suffix in name; city field blank in source),"GJEPC exhibitor-list Section field = 'International Machinery' (organizer-assigned foreign/international pavilion category, distinct from domestic sections like plain_gold/diamond_colorstone/silver_jewellery_artifacts); City field blank in source; country inferred from Italian legal-entity suffix (S.R.L./S.p.A.) in company name",International Machinery,Hall 5,5V 583S,
EXH2049,Orotig S.p.A,FOREIGN,Italy,"GJEPC exhibitor-list Section field = 'International Machinery' (organizer-assigned foreign/international pavilion category, distinct from domestic sections like plain_gold/diamond_colorstone/silver_jewellery_artifacts); City field = 'VERONA' -> country inferred",International Machinery,Hall 5,5U 517,VERONA
EXH1753,ORVI LIFE STYLE PVT. LTD.,INDIAN-DOMESTIC (default — unconfirmed against a company registry),India (assumed),Default classification: not listed under a GJEPC 'International *' section and city field (if present) is an Indian city; no foreign signal found. Not independently verified.,plain_gold,Hall 2,2G 176,MUMBAI
EXH464,P HIRANI EXPORTS LLP,INDIAN-DOMESTIC (default — unconfirmed against a company registry),India (assumed),Default classification: not listed under a GJEPC 'International *' section and city field (if present) is an Indian city; no foreign signal found. Not independently verified.,the_select_club,Hall JASMINE,Club-AC 20a,MUMBAI
EXH1381,P. B. JADIA,INDIAN-DOMESTIC (default — unconfirmed against a company registry),India (assumed),Default classification: not listed under a GJEPC 'International *' section and city field (if present) is an Indian city; no foreign signal found. Not independently verified.,plain_gold,Hall Pavillion,JIO-H 14r,RAJKOT
EXH751,P. K. GEMS,INDIAN-DOMESTIC (default — unconfirmed against a company registry),India (assumed),Default classification: not listed under a GJEPC 'International *' section and city field (if present) is an Indian city; no foreign signal found. Not independently verified.,loose_stones_color_stones,Hall LOTUS,JIO-AQ 55f,NAVI MUMBAI
EXH1969,P. P. GOLD,INDIAN-DOMESTIC (default — unconfirmed against a company registry),India (assumed),Default classification: not listed under a GJEPC 'International *' section and city field (if present) is an Indian city; no foreign signal found. Not independently verified.,plain_gold,Hall Pavillion,JIO-J 18e,MUMBAI
EXH1076,P. R. & SONS,INDIAN-DOMESTIC (default — unconfirmed against a company registry),India (assumed),Default classification: not listed under a GJEPC 'International *' section and city field (if present) is an Indian city; no foreign signal found. Not independently verified.,diamond_colorstone,Hall 3,3Q 443,JAIPUR
EXH803,P.C. TOTUKA & SONS,INDIAN-DOMESTIC (default — unconfirmed against a company registry),India (assumed),Default classification: not listed under a GJEPC 'International *' section and city field (if present) is an Indian city; no foreign signal found. Not independently verified.,the_select_club,Hall JASMINE,Club-AG 35b,JAIPUR
EXH2115,P.N. JHAVERI,INDIAN-DOMESTIC (default — unconfirmed against a company registry),India (assumed),Default classification: not listed under a GJEPC 'International *' section and city field (if present) is an Indian city; no foreign signal found. Not independently verified.,loose_stones_color_stones,Hall LOTUS,JIO-AM 48,MUMBAI
EXH743,P.P. JAIN & COMPANY,INDIAN-DOMESTIC (default — unconfirmed against a company registry),India (assumed),Default classification: not listed under a GJEPC 'International *' section and city field (if present) is an Indian city; no foreign signal found. Not independently verified.,loose_stones_diamonds,Hall Pavillion,JIO-K 20a,MUMBAI
EXH539,PACIDEA,INDIAN-DOMESTIC (default — unconfirmed against a company registry),India (assumed),Default classification: not listed under a GJEPC 'International *' section and city field (if present) is an Indian city; no foreign signal found. Not independently verified.,allied,Hall Aurum,AU 007,KOLKATA
EXH38,PACKZILLA PRIVATE LIMITED,INDIAN-DOMESTIC (default — unconfirmed against a company registry),India (assumed),Default classification: not listed under a GJEPC 'International *' section and city field (if present) is an Indian city; no foreign signal found. Not independently verified.,allied,Hall Aurum,AU 030,KOLKATA
EXH1274,PADMAVATI EXPORTS,INDIAN-DOMESTIC (default — unconfirmed against a company registry),India (assumed),Default classification: not listed under a GJEPC 'International *' section and city field (if present) is an Indian city; no foreign signal found. Not independently verified.,loose_stones_diamonds,Hall Pavillion,JIO-K 17k,MUMBAI
EXH1930,PADMAVATI JEWELLERS PVT. LTD.,INDIAN-DOMESTIC (default — unconfirmed against a company registry),India (assumed),Default classification: not listed under a GJEPC 'International *' section and city field (if present) is an Indian city; no foreign signal found. Not independently verified.,plain_gold,Hall Pavillion,JIO-C 6d,MUMBAI
EXH579,PALADIYA BROTHERS,INDIAN-DOMESTIC (default — unconfirmed against a company registry),India (assumed),Default classification: not listed under a GJEPC 'International *' section and city field (if present) is an Indian city; no foreign signal found. Not independently verified.,loose_stones_diamonds,Hall Pavillion,JIO-F 9i,MUMBAI
EXH1866,PALAK JEWELS,INDIAN-DOMESTIC (default — unconfirmed against a company registry),India (assumed),Default classification: not listed under a GJEPC 'International *' section and city field (if present) is an Indian city; no foreign signal found. Not independently verified.,diamond_colorstone,Hall 3,3Q 403A,SURAT
EXH1447,PALM ORNA PVT LTD,INDIAN-DOMESTIC (default — unconfirmed against a company registry),India (assumed),Default classification: not listed under a GJEPC 'International *' section and city field (if present) is an Indian city; no foreign signal found. Not independently verified.,silver_jewellery_artifacts,Hall Pavillion,JIO-V 37e,AHMEDABAD
EXH1474,PALSANI JEWELLERS PVT. LTD.,INDIAN-DOMESTIC (default — unconfirmed against a company registry),India (assumed),Default classification: not listed under a GJEPC 'International *' section and city field (if present) is an Indian city; no foreign signal found. Not independently verified.,diamond_colorstone,Hall 6,6N 100B,KOLKATA
EXH1392,PANKAJ ARTS,INDIAN-DOMESTIC (default — unconfirmed against a company registry),India (assumed),Default classification: not listed under a GJEPC 'International *' section and city field (if present) is an Indian city; no foreign signal found. Not independently verified.,silver_jewellery_artifacts,Hall Pavillion,JIO-W 42d,JAIPUR
EXH1582,PANKAJ ORNAMENTS,INDIAN-DOMESTIC (default — unconfirmed against a company registry),India (assumed),Default classification: not listed under a GJEPC 'International *' section and city field (if present) is an Indian city; no foreign signal found. Not independently verified.,plain_gold,Hall 2,2J 270C,MUMBAI
EXH239,PANSY JEWELS,INDIAN-DOMESTIC (default — unconfirmed against a company registry),India (assumed),Default classification: not listed under a GJEPC 'International *' section and city field (if present) is an Indian city; no foreign signal found. Not independently verified.,diamond_colorstone,Hall 3,3Q 409A,SURAT
EXH141,PAPPU ENGINEERING WORKS,INDIAN-DOMESTIC (default — unconfirmed against a company registry),India (assumed),Default classification: not listed under a GJEPC 'International *' section and city field (if present) is an Indian city; no foreign signal found. Not independently verified.,machinery,Hall 5,5V 611,MUMBAI
EXH1965,PARAS CHAINS PRIVATE LIMITED,INDIAN-DOMESTIC (default — unconfirmed against a company registry),India (assumed),Default classification: not listed under a GJEPC 'International *' section and city field (if present) is an Indian city; no foreign signal found. Not independently verified.,plain_gold,Hall 2,2K 261A,MUMBAI
EXH577,PARAS GOTTAM & COMPANY,INDIAN-DOMESTIC (default — unconfirmed against a company registry),India (assumed),Default classification: not listed under a GJEPC 'International *' section and city field (if present) is an Indian city; no foreign signal found. Not independently verified.,loose_stones_color_stones,Hall LOTUS,JIO-AP 52h,JAIPUR
EXH1588,PARAS JEWELLERS,INDIAN-DOMESTIC (default — unconfirmed against a company registry),India (assumed),Default classification: not listed under a GJEPC 'International *' section and city field (if present) is an Indian city; no foreign signal found. Not independently verified.,plain_gold,Hall 2,2J 275,MUMBAI
EXH2056,PARAS PEARLS CO LTD,FOREIGN,Japan,"GJEPC exhibitor-list Section field = 'International Loose' (organizer-assigned foreign/international pavilion category, distinct from domestic sections like plain_gold/diamond_colorstone/silver_jewellery_artifacts); City field = 'KOBE' -> country inferred",International Loose,Hall LOTUS,JIO-AR 57e,KOBE
EXH61,PARESH TOOLS,INDIAN-DOMESTIC (default — unconfirmed against a company registry),India (assumed),Default classification: not listed under a GJEPC 'International *' section and city field (if present) is an Indian city; no foreign signal found. Not independently verified.,machinery,Hall 5,5U 540,MUMBAI
EXH908,PARINA INTERNATIONAL,INDIAN-DOMESTIC (default — unconfirmed against a company registry),India (assumed),Default classification: not listed under a GJEPC 'International *' section and city field (if present) is an Indian city; no foreign signal found. Not independently verified.,diamond_colorstone,Hall 6,6N 093A,JAIPUR
EXH1719,PARTH FINE JEWELS PRIVATE LIMITED,INDIAN-DOMESTIC (default — unconfirmed against a company registry),India (assumed),Default classification: not listed under a GJEPC 'International *' section and city field (if present) is an Indian city; no foreign signal found. Not independently verified.,diamond_colorstone,Hall 4,4R 475B,MUMBAI
EXH1662,PATEL GEMS AND JEWELLRY,INDIAN-DOMESTIC (default — unconfirmed against a company registry),India (assumed),Default classification: not listed under a GJEPC 'International *' section and city field (if present) is an Indian city; no foreign signal found. Not independently verified.,loose_stones_color_stones,Hall LOTUS,JIO-AQ 56b,GIRGAON
EXH443,PAWAN & COMPANY,INDIAN-DOMESTIC (default — unconfirmed against a company registry),India (assumed),Default classification: not listed under a GJEPC 'International *' section and city field (if present) is an Indian city; no foreign signal found. Not independently verified.,silver_jewellery_artifacts,Hall Pavillion,JIO-R 32c,JAIPUR
EXH1276,PDM JEWELS PRIVATE LIMITED,INDIAN-DOMESTIC (default — unconfirmed against a company registry),India (assumed),Default classification: not listed under a GJEPC 'International *' section and city field (if present) is an Indian city; no foreign signal found. Not independently verified.,plain_gold,Hall 4,4S 493C,RAJKOT
EXH935,PEACEMOON TRADERS,INDIAN-DOMESTIC (default — unconfirmed against a company registry),India (assumed),Default classification: not listed under a GJEPC 'International *' section and city field (if present) is an Indian city; no foreign signal found. Not independently verified.,the_select_club,Hall JASMINE,Club-AD 16c,MUMBAI
EXH1813,PEEYAR MANUFACTURERS,INDIAN-DOMESTIC (default — unconfirmed against a company registry),India (assumed),Default classification: not listed under a GJEPC 'International *' section and city field (if present) is an Indian city; no foreign signal found. Not independently verified.,plain_gold,Hall 6,6E 033B,MUMBAI
EXH33,PIERCING SYSTEMS INDIA PVT.  LTD.,INDIAN-DOMESTIC (default — unconfirmed against a company registry),India (assumed),Default classification: not listed under a GJEPC 'International *' section and city field (if present) is an Indian city; no foreign signal found. Not independently verified.,allied,Hall Aurum,AU 020E,MUMBAI
EXH2145,PIERCING SYSTEMS INDIA PVT.  LTD.,INDIAN-DOMESTIC (default — unconfirmed against a company registry),India (assumed),Default classification: not listed under a GJEPC 'International *' section and city field (if present) is an Indian city; no foreign signal found. Not independently verified.,machinery,Hall 5,5U 577B,MUMBAI
EXH2082,PINO ALIPRANDINI SA,FOREIGN,Switzerland,"GJEPC exhibitor-list Section field = 'International Machinery' (organizer-assigned foreign/international pavilion category, distinct from domestic sections like plain_gold/diamond_colorstone/silver_jewellery_artifacts); City field = 'PLAN-LES-OUATES' -> country inferred",International Machinery,Hall 5,5U 583B,PLAN-LES-OUATES
EXH1111,PLATA ZONE,INDIAN-DOMESTIC (default — unconfirmed against a company registry),India (assumed),Default classification: not listed under a GJEPC 'International *' section and city field (if present) is an Indian city; no foreign signal found. Not independently verified.,silver_jewellery_artifacts,Hall Pavillion,JIO-V 39b,CHENNAI
EXH448,PLATINUM GUILD INDIA PVT. LTD.,INDIAN-DOMESTIC (default — unconfirmed against a company registry),India (assumed),Default classification: not listed under a GJEPC 'International *' section and city field (if present) is an Indian city; no foreign signal found. Not independently verified.,plain_gold,Hall 3,3L 369B,MUMBAI
EXH1628,PLUTO JEWELS,INDIAN-DOMESTIC (default — unconfirmed against a company registry),India (assumed),Default classification: not listed under a GJEPC 'International *' section and city field (if present) is an Indian city; no foreign signal found. Not independently verified.,diamond_colorstone,Hall 4,4R 472E,MUMBAI
EXH1282,PMS JEWELS,INDIAN-DOMESTIC (default — unconfirmed against a company registry),India (assumed),Default classification: not listed under a GJEPC 'International *' section and city field (if present) is an Indian city; no foreign signal found. Not independently verified.,plain_gold,Hall Pavillion,JIO-C 5d,AHMEDABAD
EXH1618,PODDAR JEWELLERS,INDIAN-DOMESTIC (default — unconfirmed against a company registry),India (assumed),Default classification: not listed under a GJEPC 'International *' section and city field (if present) is an Indian city; no foreign signal found. Not independently verified.,diamond_colorstone,Hall 2,2H 226,KOLKATA
EXH1255,POOJA JEWELLS,INDIAN-DOMESTIC (default — unconfirmed against a company registry),India (assumed),Default classification: not listed under a GJEPC 'International *' section and city field (if present) is an Indian city; no foreign signal found. Not independently verified.,loose_stones_color_stones,Hall JASMINE,JIO-AH 43b,JAIPUR
EXH1836,POOJA OPTICAL INDUSTRIES,INDIAN-DOMESTIC (default — unconfirmed against a company registry),India (assumed),Default classification: not listed under a GJEPC 'International *' section and city field (if present) is an Indian city; no foreign signal found. Not independently verified.,plain_gold,Hall 2,2K 271D,MUMBAI
EXH1103,PORWAL PALACE,INDIAN-DOMESTIC (default — unconfirmed against a company registry),India (assumed),Default classification: not listed under a GJEPC 'International *' section and city field (if present) is an Indian city; no foreign signal found. Not independently verified.,plain_gold,Hall 2,2K 273H,NELLORE
EXH195,PR JEWELS,INDIAN-DOMESTIC (default — unconfirmed against a company registry),India (assumed),Default classification: not listed under a GJEPC 'International *' section and city field (if present) is an Indian city; no foreign signal found. Not independently verified.,diamond_colorstone,Hall 2,2H 257D,SURAT
EXH2038,PRAGYA JEWELS,INDIAN-DOMESTIC (default — unconfirmed against a company registry),India (assumed),Default classification: not listed under a GJEPC 'International *' section and city field (if present) is an Indian city; no foreign signal found. Not independently verified.,silver_jewellery_artifacts,Hall Pavillion,JIO-X 44a,BENGALURU
EXH736,PRATAP JEWELS,INDIAN-DOMESTIC (default — unconfirmed against a company registry),India (assumed),Default classification: not listed under a GJEPC 'International *' section and city field (if present) is an Indian city; no foreign signal found. Not independently verified.,plain_gold,Hall 3,3L 338,MUMBAI
EXH827,PRATHAM GEMS AND JEWELLERY PVT LTD,INDIAN-DOMESTIC (default — unconfirmed against a company registry),India (assumed),Default classification: not listed under a GJEPC 'International *' section and city field (if present) is an Indian city; no foreign signal found. Not independently verified.,silver_jewellery_artifacts,Hall Pavillion,JIO-S 34c,MUMBAI
EXH166,PRAVEEN JEWELLERS,INDIAN-DOMESTIC (default — unconfirmed against a company registry),India (assumed),Default classification: not listed under a GJEPC 'International *' section and city field (if present) is an Indian city; no foreign signal found. Not independently verified.,diamond_colorstone,Hall 6,6Q 104A,JAIPUR
EXH1269,PRAVEEN JEWELS PVT. LTD.,INDIAN-DOMESTIC (default — unconfirmed against a company registry),India (assumed),Default classification: not listed under a GJEPC 'International *' section and city field (if present) is an Indian city; no foreign signal found. Not independently verified.,plain_gold,Hall 3,3L 324,MUMBAI
EXH987,PRAVIN ORNAMENTS,INDIAN-DOMESTIC (default — unconfirmed against a company registry),India (assumed),Default classification: not listed under a GJEPC 'International *' section and city field (if present) is an Indian city; no foreign signal found. Not independently verified.,silver_jewellery_artifacts,Hall Pavillion,JIO-T 36d,KOLHAPUR
EXH986,PRAVIN ORNAMENTS PRIVATE LIMITED,INDIAN-DOMESTIC (default — unconfirmed against a company registry),India (assumed),Default classification: not listed under a GJEPC 'International *' section and city field (if present) is an Indian city; no foreign signal found. Not independently verified.,plain_gold,Hall 3,3L 344,KOLHAPUR
EXH1659,PRAYOSHA JEWELS,INDIAN-DOMESTIC (default — unconfirmed against a company registry),India (assumed),Default classification: not listed under a GJEPC 'International *' section and city field (if present) is an Indian city; no foreign signal found. Not independently verified.,diamond_colorstone,Hall 4,4R 463C,SURAT
EXH41,PRECIOUS ALLOYS PVT. LTD.,INDIAN-DOMESTIC (default — unconfirmed against a company registry),India (assumed),Default classification: not listed under a GJEPC 'International *' section and city field (if present) is an Indian city; no foreign signal found. Not independently verified.,machinery,Hall Aurum,AU 048,MUMBAI
EXH2081,PRECIOUS COLOUR THAI CO LTD,FOREIGN,Thailand,"GJEPC exhibitor-list Section field = 'International Loose' (organizer-assigned foreign/international pavilion category, distinct from domestic sections like plain_gold/diamond_colorstone/silver_jewellery_artifacts); City field = 'BANGKOK' -> country inferred",International Loose,Hall LOTUS,JIO-AP 54b,BANGKOK
EXH752,PREMVATI DIAMOND JEWELLERY,INDIAN-DOMESTIC (default — unconfirmed against a company registry),India (assumed),Default classification: not listed under a GJEPC 'International *' section and city field (if present) is an Indian city; no foreign signal found. Not independently verified.,diamond_colorstone,Hall 2,2H 249C,SURAT
EXH501,PREST DIAMANT CORPORATION,INDIAN-DOMESTIC (default — unconfirmed against a company registry),India (assumed),Default classification: not listed under a GJEPC 'International *' section and city field (if present) is an Indian city; no foreign signal found. Not independently verified.,diamond_colorstone,Hall 2,2H 212,MUMBAI
EXH407,PRIMESTAR GEMS & JEWELS PVT.  LTD.,INDIAN-DOMESTIC (default — unconfirmed against a company registry),India (assumed),Default classification: not listed under a GJEPC 'International *' section and city field (if present) is an Indian city; no foreign signal found. Not independently verified.,the_select_club,Hall JASMINE,Club-AA 6d,JAIPUR
EXH1573,PRISM INTERNATIONAL,INDIAN-DOMESTIC (default — unconfirmed against a company registry),India (assumed),Default classification: not listed under a GJEPC 'International *' section and city field (if present) is an Indian city; no foreign signal found. Not independently verified.,diamond_colorstone,Hall 3,3Q 435,MUMBAI
EXH1894,PRIVAA JEWELS,INDIAN-DOMESTIC (default — unconfirmed against a company registry),India (assumed),Default classification: not listed under a GJEPC 'International *' section and city field (if present) is an Indian city; no foreign signal found. Not independently verified.,diamond_colorstone,Hall 4,4R 473D,SURAT
EXH28,PROFESSIONAL ENGINEERING WORKS,INDIAN-DOMESTIC (default — unconfirmed against a company registry),India (assumed),Default classification: not listed under a GJEPC 'International *' section and city field (if present) is an Indian city; no foreign signal found. Not independently verified.,machinery,Hall 5,5V 604,MUMBAI
EXH83,PROGOLD INDIA,INDIAN-DOMESTIC (default — unconfirmed against a company registry),India (assumed),Default classification: not listed under a GJEPC 'International *' section and city field (if present) is an Indian city; no foreign signal found. Not independently verified.,machinery,Hall 5,5U 554,MUMBAI
EXH624,PROMISE JEWELS PVT LTD,INDIAN-DOMESTIC (default — unconfirmed against a company registry),India (assumed),Default classification: not listed under a GJEPC 'International *' section and city field (if present) is an Indian city; no foreign signal found. Not independently verified.,diamond_colorstone,Hall 3,3Q 405F,SURAT
EXH2062,PROSOURCE GLOBAL PTE LTD,FOREIGN,Singapore,"GJEPC exhibitor-list Section field = 'International Jewellery' (organizer-assigned foreign/international pavilion category, distinct from domestic sections like plain_gold/diamond_colorstone/silver_jewellery_artifacts); City field = 'SINGAPORE' -> country inferred",International Jewellery,Hall Pavillion,JIO-L 21a,SINGAPORE
EXH1963,PT 950 WORLD OF PLATINUM,INDIAN-DOMESTIC (default — unconfirmed against a company registry),India (assumed),Default classification: not listed under a GJEPC 'International *' section and city field (if present) is an Indian city; no foreign signal found. Not independently verified.,diamond_colorstone,Hall 2,2H 239,MUMBAI
EXH529,PUKHRAJ KUNDANMAL SHAH,INDIAN-DOMESTIC (default — unconfirmed against a company registry),India (assumed),Default classification: not listed under a GJEPC 'International *' section and city field (if present) is an Indian city; no foreign signal found. Not independently verified.,plain_gold,Hall 4,4S 492C,JODHPUR
EXH1715,PUNAM GEMS,INDIAN-DOMESTIC (default — unconfirmed against a company registry),India (assumed),Default classification: not listed under a GJEPC 'International *' section and city field (if present) is an Indian city; no foreign signal found. Not independently verified.,loose_stones_color_stones,Hall JASMINE,JIO-AH 42h,MUMBAI
EXH1289,PUNAMIYA & SONS JEWELLERS AND DIAMONDS,INDIAN-DOMESTIC (default — unconfirmed against a company registry),India (assumed),Default classification: not listed under a GJEPC 'International *' section and city field (if present) is an Indian city; no foreign signal found. Not independently verified.,plain_gold,Hall 6,6D 028C,MUMBAI
EXH317,PUNCHMUKHI DIAMOND JEWELLERY  PRIVATE LIMITED,INDIAN-DOMESTIC (default — unconfirmed against a company registry),India (assumed),Default classification: not listed under a GJEPC 'International *' section and city field (if present) is an Indian city; no foreign signal found. Not independently verified.,diamond_colorstone,Hall 4,4R 472F,SURAT
EXH406,PUNGALIA TRADING CORPORATION,INDIAN-DOMESTIC (default — unconfirmed against a company registry),India (assumed),Default classification: not listed under a GJEPC 'International *' section and city field (if present) is an Indian city; no foreign signal found. Not independently verified.,loose_stones_color_stones,Hall JASMINE,JIO-AJ 44l,JAIPUR
EXH1380,PUNISHA GEMS,INDIAN-DOMESTIC (default — unconfirmed against a company registry),India (assumed),Default classification: not listed under a GJEPC 'International *' section and city field (if present) is an Indian city; no foreign signal found. Not independently verified.,loose_stones_color_stones,Hall LOTUS,JIO-AN 51g,JAIPUR
EXH1497,PURE PLATINUM JEWELLERY  PVT. LTD.,INDIAN-DOMESTIC (default — unconfirmed against a company registry),India (assumed),Default classification: not listed under a GJEPC 'International *' section and city field (if present) is an Indian city; no foreign signal found. Not independently verified.,diamond_colorstone,Hall 3,3P 409C,MUMBAI
EXH566,PURPLE,INDIAN-DOMESTIC (default — unconfirmed against a company registry),India (assumed),Default classification: not listed under a GJEPC 'International *' section and city field (if present) is an Indian city; no foreign signal found. Not independently verified.,silver_jewellery_artifacts,Hall Pavillion,JIO-X 44b,BENGALURU
EXH1734,PURPLE DIAMONDS,INDIAN-DOMESTIC (default — unconfirmed against a company registry),India (assumed),Default classification: not listed under a GJEPC 'International *' section and city field (if present) is an Indian city; no foreign signal found. Not independently verified.,diamond_colorstone,Hall 3,3P 390A,MUMBAI
EXH1452,PURVI GEMS & JEWELLERY INDIA PVT.LTD.,INDIAN-DOMESTIC (default — unconfirmed against a company registry),India (assumed),Default classification: not listed under a GJEPC 'International *' section and city field (if present) is an Indian city; no foreign signal found. Not independently verified.,diamond_colorstone,Hall 2,2H 215,MUMBAI
EXH1011,PUSHPA GOLD PVT.LTD.,INDIAN-DOMESTIC (default — unconfirmed against a company registry),India (assumed),Default classification: not listed under a GJEPC 'International *' section and city field (if present) is an Indian city; no foreign signal found. Not independently verified.,plain_gold,Hall 2,2K 301,MUMBAI
EXH901,PUSHPAK JEWELLERS,INDIAN-DOMESTIC (default — unconfirmed against a company registry),India (assumed),Default classification: not listed under a GJEPC 'International *' section and city field (if present) is an Indian city; no foreign signal found. Not independently verified.,plain_gold,Hall 6,6B 025,AHMEDABAD
EXH59,QUALITY BOX EMPORIUM,INDIAN-DOMESTIC (default — unconfirmed against a company registry),India (assumed),Default classification: not listed under a GJEPC 'International *' section and city field (if present) is an Indian city; no foreign signal found. Not independently verified.,allied,Hall Aurum,AU 023C,MATHURA
EXH224,QUALITY BOX HOUSE,INDIAN-DOMESTIC (default — unconfirmed against a company registry),India (assumed),Default classification: not listed under a GJEPC 'International *' section and city field (if present) is an Indian city; no foreign signal found. Not independently verified.,allied,Hall Aurum,AU 009,KOLKATA
EXH1101,QUANTUM EQUIPMENT CO.PVT. LTD.,INDIAN-DOMESTIC (default — unconfirmed against a company registry),India (assumed),Default classification: not listed under a GJEPC 'International *' section and city field (if present) is an Indian city; no foreign signal found. Not independently verified.,machinery,Hall 5,5V 570G,MUMBAI
EXH2159,QuickSell (DoubleTick) - AI Enabled WhatsApp Commerce,INDIAN-DOMESTIC (default — unconfirmed against a company registry),India (assumed),Default classification: not listed under a GJEPC 'International *' section and city field (if present) is an Indian city; no foreign signal found. Not independently verified.,diamond_colorstone,Hall 4,4T 512E,MUMBAI
EXH310,R D KAREL JEWELLERS PVT LTD,INDIAN-DOMESTIC (default — unconfirmed against a company registry),India (assumed),Default classification: not listed under a GJEPC 'International *' section and city field (if present) is an Indian city; no foreign signal found. Not independently verified.,plain_gold,Hall 2,2J 243,KOLKATA
EXH1112,R K SONI AND SONS,INDIAN-DOMESTIC (default — unconfirmed against a company registry),India (assumed),Default classification: not listed under a GJEPC 'International *' section and city field (if present) is an Indian city; no foreign signal found. Not independently verified.,plain_gold,Hall Pavillion,JIO-D 6i,AHMEDABAD
EXH956,R R FOREVER JEWELLERY  PVT. LTD.,INDIAN-DOMESTIC (default — unconfirmed against a company registry),India (assumed),Default classification: not listed under a GJEPC 'International *' section and city field (if present) is an Indian city; no foreign signal found. Not independently verified.,diamond_colorstone,Hall 2,2H 241,JAIPUR
EXH127,R R IMPEX ELITE INDIA PRIVATE LIMITED,INDIAN-DOMESTIC (default — unconfirmed against a company registry),India (assumed),Default classification: not listed under a GJEPC 'International *' section and city field (if present) is an Indian city; no foreign signal found. Not independently verified.,machinery,Hall 5,5U 547,MUMBAI
EXH187,R S GOLD,INDIAN-DOMESTIC (default — unconfirmed against a company registry),India (assumed),Default classification: not listed under a GJEPC 'International *' section and city field (if present) is an Indian city; no foreign signal found. Not independently verified.,plain_gold,Hall 3,3L 366E,MUMBAI
EXH737,R. SONS JEWELLERS,INDIAN-DOMESTIC (default — unconfirmed against a company registry),India (assumed),Default classification: not listed under a GJEPC 'International *' section and city field (if present) is an Indian city; no foreign signal found. Not independently verified.,plain_gold,Hall Pavillion,JIO-D 7d,MUMBAI
EXH511,R.B. CHAINS,INDIAN-DOMESTIC (default — unconfirmed against a company registry),India (assumed),Default classification: not listed under a GJEPC 'International *' section and city field (if present) is an Indian city; no foreign signal found. Not independently verified.,silver_jewellery_artifacts,Hall Pavillion,JIO-Q 27q,AGRA
EXH1244,R.K. GEMS,INDIAN-DOMESTIC (default — unconfirmed against a company registry),India (assumed),Default classification: not listed under a GJEPC 'International *' section and city field (if present) is an Indian city; no foreign signal found. Not independently verified.,loose_stones_color_stones,Hall JASMINE,JIO-AH 42k,JAIPUR
EXH1120,R.K. INTERNATIONALS,INDIAN-DOMESTIC (default — unconfirmed against a company registry),India (assumed),Default classification: not listed under a GJEPC 'International *' section and city field (if present) is an Indian city; no foreign signal found. Not independently verified.,diamond_colorstone,Hall 6,6K 069D,JAIPUR
EXH791,R.N. GEMS,INDIAN-DOMESTIC (default — unconfirmed against a company registry),India (assumed),Default classification: not listed under a GJEPC 'International *' section and city field (if present) is an Indian city; no foreign signal found. Not independently verified.,diamond_colorstone,Hall 3,3P 401C,MUMBAI
EXH990,R.P. JEWELLERS,INDIAN-DOMESTIC (default — unconfirmed against a company registry),India (assumed),Default classification: not listed under a GJEPC 'International *' section and city field (if present) is an Indian city; no foreign signal found. Not independently verified.,diamond_colorstone,Hall 6,6K 078E,JAIPUR
EXH2090,R.R. STONES TRADING COMPANY LIMITED,FOREIGN,Thailand,"GJEPC exhibitor-list Section field = 'International Loose' (organizer-assigned foreign/international pavilion category, distinct from domestic sections like plain_gold/diamond_colorstone/silver_jewellery_artifacts); City field = 'BANGKOK' -> country inferred",International Loose,Hall LOTUS,JIO-AQ 57d,BANGKOK
EXH1867,R.R.GOLD,INDIAN-DOMESTIC (default — unconfirmed against a company registry),India (assumed),Default classification: not listed under a GJEPC 'International *' section and city field (if present) is an Indian city; no foreign signal found. Not independently verified.,plain_gold,Hall Pavillion,JIO-K 18k,MUMBAI
EXH817,R.S. DIAMONDS PVT. LTD.,INDIAN-DOMESTIC (default — unconfirmed against a company registry),India (assumed),Default classification: not listed under a GJEPC 'International *' section and city field (if present) is an Indian city; no foreign signal found. Not independently verified.,diamond_colorstone,Hall 2,2J 247D,MUMBAI
EXH372,R.S. JEWELS,INDIAN-DOMESTIC (default — unconfirmed against a company registry),India (assumed),Default classification: not listed under a GJEPC 'International *' section and city field (if present) is an Indian city; no foreign signal found. Not independently verified.,plain_gold,Hall Pavillion,JIO-D 7f,MUMBAI
EXH387,R.S.JEWELS,INDIAN-DOMESTIC (default — unconfirmed against a company registry),India (assumed),Default classification: not listed under a GJEPC 'International *' section and city field (if present) is an Indian city; no foreign signal found. Not independently verified.,plain_gold,Hall 2,2K 272B,MUMBAI
EXH1231,RACHANA ENTERPRISES,INDIAN-DOMESTIC (default — unconfirmed against a company registry),India (assumed),Default classification: not listed under a GJEPC 'International *' section and city field (if present) is an Indian city; no foreign signal found. Not independently verified.,silver_jewellery_artifacts,Hall Pavillion,JIO-S 32g,JAIPUR
EXH1956,RADHA GEMS,INDIAN-DOMESTIC (default — unconfirmed against a company registry),India (assumed),Default classification: not listed under a GJEPC 'International *' section and city field (if present) is an Indian city; no foreign signal found. Not independently verified.,diamond_colorstone,Hall 4,4R 463B,MUMBAI
EXH1821,RADHAKRISHNA JEWELLERS,INDIAN-DOMESTIC (default — unconfirmed against a company registry),India (assumed),Default classification: not listed under a GJEPC 'International *' section and city field (if present) is an Indian city; no foreign signal found. Not independently verified.,plain_gold,Hall Pavillion,JIO-G 14d,RAJKOT
EXH7,RADHARANI GOLD PRIVATE LIMITED,INDIAN-DOMESTIC (default — unconfirmed against a company registry),India (assumed),Default classification: not listed under a GJEPC 'International *' section and city field (if present) is an Indian city; no foreign signal found. Not independently verified.,plain_gold,Hall 4,4T 504A,NEW DELHI
EXH332,RADHE DIAM GEMS AND JEWELLERY,INDIAN-DOMESTIC (default — unconfirmed against a company registry),India (assumed),Default classification: not listed under a GJEPC 'International *' section and city field (if present) is an Indian city; no foreign signal found. Not independently verified.,diamond_colorstone,Hall 6,6R 127B,MUMBAI
EXH410,RADHE KRISHNA GEMS & JEWELLERY,INDIAN-DOMESTIC (default — unconfirmed against a company registry),India (assumed),Default classification: not listed under a GJEPC 'International *' section and city field (if present) is an Indian city; no foreign signal found. Not independently verified.,plain_gold,Hall Pavillion,JIO-L 19j,AHMEDABAD
EXH1591,RADHIKA JEWELSCRAFT PVT. LTD.,INDIAN-DOMESTIC (default — unconfirmed against a company registry),India (assumed),Default classification: not listed under a GJEPC 'International *' section and city field (if present) is an Indian city; no foreign signal found. Not independently verified.,the_select_club,Hall JASMINE,Club-AB 10b,JAIPUR
EXH1717,RAERO INTERNATIONAL CZ  JEWELLERY,INDIAN-DOMESTIC (default — unconfirmed against a company registry),India (assumed),Default classification: not listed under a GJEPC 'International *' section and city field (if present) is an Indian city; no foreign signal found. Not independently verified.,plain_gold,Hall 2,2K 309,MUMBAI
EXH327,RAHUL GEMSTONES PVT LTD,INDIAN-DOMESTIC (default — unconfirmed against a company registry),India (assumed),Default classification: not listed under a GJEPC 'International *' section and city field (if present) is an Indian city; no foreign signal found. Not independently verified.,loose_stones_color_stones,Hall JASMINE,JIO-AH 44b,JAIPUR
EXH723,RAINBOW STONES,INDIAN-DOMESTIC (default — unconfirmed against a company registry),India (assumed),Default classification: not listed under a GJEPC 'International *' section and city field (if present) is an Indian city; no foreign signal found. Not independently verified.,loose_stones_color_stones,Hall JASMINE,JIO-AJ 43g,JAIPUR
EXH1029,RAJ ELECTRIC WORKS(MUMBAI),INDIAN-DOMESTIC (default — unconfirmed against a company registry),India (assumed),Default classification: not listed under a GJEPC 'International *' section and city field (if present) is an Indian city; no foreign signal found. Not independently verified.,machinery,Hall 5,5U 557,MUMBAI
EXH1206,RAJ GEMS,INDIAN-DOMESTIC (default — unconfirmed against a company registry),India (assumed),Default classification: not listed under a GJEPC 'International *' section and city field (if present) is an Indian city; no foreign signal found. Not independently verified.,loose_stones_color_stones,Hall JASMINE,JIO-AG 42b,JAIPUR
EXH897,RAJ GEMS N JEWELS,INDIAN-DOMESTIC (default — unconfirmed against a company registry),India (assumed),Default classification: not listed under a GJEPC 'International *' section and city field (if present) is an Indian city; no foreign signal found. Not independently verified.,plain_gold,Hall 4,4T 500A,MUMBAI
EXH1986,RAJ GOLD,INDIAN-DOMESTIC (default — unconfirmed against a company registry),India (assumed),Default classification: not listed under a GJEPC 'International *' section and city field (if present) is an Indian city; no foreign signal found. Not independently verified.,plain_gold,Hall 6,6B 023B,SURAT
EXH854,RAJ HANS JEWELLERS AND SONS,INDIAN-DOMESTIC (default — unconfirmed against a company registry),India (assumed),Default classification: not listed under a GJEPC 'International *' section and city field (if present) is an Indian city; no foreign signal found. Not independently verified.,silver_jewellery_artifacts,Hall Pavillion,JIO-R 31a,JODHPUR
EXH955,RAJ JEWELLERS,INDIAN-DOMESTIC (default — unconfirmed against a company registry),India (assumed),Default classification: not listed under a GJEPC 'International *' section and city field (if present) is an Indian city; no foreign signal found. Not independently verified.,plain_gold,Hall 4,4T 484A,MUMBAI
EXH852,RAJARAM JEWELS,INDIAN-DOMESTIC (default — unconfirmed against a company registry),India (assumed),Default classification: not listed under a GJEPC 'International *' section and city field (if present) is an Indian city; no foreign signal found. Not independently verified.,diamond_colorstone,Hall 6,6M 094B,HYDERABAD
EXH1563,RAJASTHAN SILVER HOUSE,INDIAN-DOMESTIC (default — unconfirmed against a company registry),India (assumed),Default classification: not listed under a GJEPC 'International *' section and city field (if present) is an Indian city; no foreign signal found. Not independently verified.,silver_jewellery_artifacts,Hall Pavillion,JIO-U 38b,JAIPUR
EXH938,RAJATMANI,INDIAN-DOMESTIC (default — unconfirmed against a company registry),India (assumed),Default classification: not listed under a GJEPC 'International *' section and city field (if present) is an Indian city; no foreign signal found. Not independently verified.,silver_jewellery_artifacts,Hall Pavillion,JIO-V 38i,JAIPUR
EXH1552,RAJENDER GEMS,INDIAN-DOMESTIC (default — unconfirmed against a company registry),India (assumed),Default classification: not listed under a GJEPC 'International *' section and city field (if present) is an Indian city; no foreign signal found. Not independently verified.,loose_stones_color_stones,Hall LOTUS,JIO-AL 49b,JAIPUR
EXH108,RAJESH ENTERPRISES,INDIAN-DOMESTIC (default — unconfirmed against a company registry),India (assumed),Default classification: not listed under a GJEPC 'International *' section and city field (if present) is an Indian city; no foreign signal found. Not independently verified.,machinery,Hall 5,5V 575D,MUMBAI
EXH695,RAJGURU GOLD,INDIAN-DOMESTIC (default — unconfirmed against a company registry),India (assumed),Default classification: not listed under a GJEPC 'International *' section and city field (if present) is an Indian city; no foreign signal found. Not independently verified.,plain_gold,Hall Pavillion,JIO-A 1d,MUMBAI
EXH1247,RAJGURU GOLD PRIVATE LIMITED,INDIAN-DOMESTIC (default — unconfirmed against a company registry),India (assumed),Default classification: not listed under a GJEPC 'International *' section and city field (if present) is an Indian city; no foreign signal found. Not independently verified.,plain_gold,Hall Pavillion,JIO-G 11i,MUMBAI
EXH1303,RAJMANI JEWELS & CO.,INDIAN-DOMESTIC (default — unconfirmed against a company registry),India (assumed),Default classification: not listed under a GJEPC 'International *' section and city field (if present) is an Indian city; no foreign signal found. Not independently verified.,diamond_colorstone,Hall 6,6R 125B,NEW DELHI
EXH915,RAJSHREE GEMS AND JEWELS PVT LTD,INDIAN-DOMESTIC (default — unconfirmed against a company registry),India (assumed),Default classification: not listed under a GJEPC 'International *' section and city field (if present) is an Indian city; no foreign signal found. Not independently verified.,plain_gold,Hall 3,3L 367B,AHMEDABAD
EXH1159,RAJSHREE JEWELLERS,INDIAN-DOMESTIC (default — unconfirmed against a company registry),India (assumed),Default classification: not listed under a GJEPC 'International *' section and city field (if present) is an Indian city; no foreign signal found. Not independently verified.,diamond_colorstone,Hall 4,4S 495,HYDERABAD
EXH1348,RAJWADA JEWELS OF JAIPUR,INDIAN-DOMESTIC (default — unconfirmed against a company registry),India (assumed),Default classification: not listed under a GJEPC 'International *' section and city field (if present) is an Indian city; no foreign signal found. Not independently verified.,diamond_colorstone,Hall 6,6Q 118,JAIPUR
EXH953,RAJYASH JEWELLERS PVT. LTD.,INDIAN-DOMESTIC (default — unconfirmed against a company registry),India (assumed),Default classification: not listed under a GJEPC 'International *' section and city field (if present) is an Indian city; no foreign signal found. Not independently verified.,plain_gold,Hall 4,4T 492H,MUMBAI
EXH1663,RAKYAN GEMS,INDIAN-DOMESTIC (default — unconfirmed against a company registry),India (assumed),Default classification: not listed under a GJEPC 'International *' section and city field (if present) is an Indian city; no foreign signal found. Not independently verified.,the_select_club,Hall JASMINE,Club-AC 14b,JAIPUR
EXH2065,RAMADAN KUYUMCULUK SANAYI VE TICARET LTD STI,FOREIGN,Turkey,"GJEPC exhibitor-list Section field = 'International Jewellery' (organizer-assigned foreign/international pavilion category, distinct from domestic sections like plain_gold/diamond_colorstone/silver_jewellery_artifacts); City field = 'ISTANBUL' -> country inferred",International Jewellery,Hall Pavillion,JIO-Q 28i,ISTANBUL
EXH949,RAMANA JEVAR EQUIPMENTS  & SUPPLIES,INDIAN-DOMESTIC (default — unconfirmed against a company registry),India (assumed),Default classification: not listed under a GJEPC 'International *' section and city field (if present) is an Indian city; no foreign signal found. Not independently verified.,machinery,Hall 5,5U 558,MUMBAI
EXH1909,RAMAVTAR JEWELLERS PVT. LTD.,INDIAN-DOMESTIC (default — unconfirmed against a company registry),India (assumed),Default classification: not listed under a GJEPC 'International *' section and city field (if present) is an Indian city; no foreign signal found. Not independently verified.,loose_stones_color_stones,Hall LOTUS,JIO-AR 59b,NEW DELHI
EXH1032,RAMNARAIN & COMPANY,INDIAN-DOMESTIC (default — unconfirmed against a company registry),India (assumed),Default classification: not listed under a GJEPC 'International *' section and city field (if present) is an Indian city; no foreign signal found. Not independently verified.,loose_stones_color_stones,Hall JASMINE,JIO-AG 40e,MUMBAI
EXH100,RAMNARAYAN & COMPANY,INDIAN-DOMESTIC (default — unconfirmed against a company registry),India (assumed),Default classification: not listed under a GJEPC 'International *' section and city field (if present) is an Indian city; no foreign signal found. Not independently verified.,loose_stones_color_stones,Hall LOTUS,JIO-AR 56f,JAIPUR
EXH1863,RANIWALA JEWELLERS PVT. LTD.,INDIAN-DOMESTIC (default — unconfirmed against a company registry),India (assumed),Default classification: not listed under a GJEPC 'International *' section and city field (if present) is an Indian city; no foreign signal found. Not independently verified.,the_select_club,Hall JASMINE,Club-AE 21b,JAIPUR
EXH1265,RANK INTERNATIONAL,INDIAN-DOMESTIC (default — unconfirmed against a company registry),India (assumed),Default classification: not listed under a GJEPC 'International *' section and city field (if present) is an Indian city; no foreign signal found. Not independently verified.,plain_gold,Hall 3,3M 380B,MUMBAI
EXH1970,RANKA TRADERS,INDIAN-DOMESTIC (default — unconfirmed against a company registry),India (assumed),Default classification: not listed under a GJEPC 'International *' section and city field (if present) is an Indian city; no foreign signal found. Not independently verified.,silver_jewellery_artifacts,Hall Pavillion,JIO-R 30j,MUMBAI
EXH968,RAPAPORT INDIA PVT. LTD.,INDIAN-DOMESTIC (default — unconfirmed against a company registry),India (assumed),Default classification: not listed under a GJEPC 'International *' section and city field (if present) is an Indian city; no foreign signal found. Not independently verified.,lab_edu,Hall 6,6P 101D,MUMBAI
EXH257,RARE ELEMENT TRADING LLP,INDIAN-DOMESTIC (default — unconfirmed against a company registry),India (assumed),Default classification: not listed under a GJEPC 'International *' section and city field (if present) is an Indian city; no foreign signal found. Not independently verified.,lgd_jewellery,Hall Pavillion,JIO-X 43f,SURAT
EXH1432,RARE GEMS & JEWELLERY CO. PVT. LTD.,INDIAN-DOMESTIC (default — unconfirmed against a company registry),India (assumed),Default classification: not listed under a GJEPC 'International *' section and city field (if present) is an Indian city; no foreign signal found. Not independently verified.,loose_stones_color_stones,Hall JASMINE,JIO-AG 40c,JAIPUR
EXH1489,RASHMINBHAI SHANTILAL ZINZUWADIA PVT LTD,INDIAN-DOMESTIC (default — unconfirmed against a company registry),India (assumed),Default classification: not listed under a GJEPC 'International *' section and city field (if present) is an Indian city; no foreign signal found. Not independently verified.,diamond_colorstone,Hall 3,3P 400A,AHMEDABAD
EXH1922,RATANCAST JEWELS PRIVATE LIMITED,INDIAN-DOMESTIC (default — unconfirmed against a company registry),India (assumed),Default classification: not listed under a GJEPC 'International *' section and city field (if present) is an Indian city; no foreign signal found. Not independently verified.,plain_gold,Hall 2,2G 173,MUMBAI
EXH1671,RATI JEWELS,INDIAN-DOMESTIC (default — unconfirmed against a company registry),India (assumed),Default classification: not listed under a GJEPC 'International *' section and city field (if present) is an Indian city; no foreign signal found. Not independently verified.,plain_gold,Hall Pavillion,JIO-E 10d,MUMBAI
EXH1257,RATILAL NAJABHAI,INDIAN-DOMESTIC (default — unconfirmed against a company registry),India (assumed),Default classification: not listed under a GJEPC 'International *' section and city field (if present) is an Indian city; no foreign signal found. Not independently verified.,plain_gold,Hall 3,3L 364C,RAJKOT
EXH881,RATNA SHILP,INDIAN-DOMESTIC (default — unconfirmed against a company registry),India (assumed),Default classification: not listed under a GJEPC 'International *' section and city field (if present) is an Indian city; no foreign signal found. Not independently verified.,plain_gold,Hall 2,2K 260D,MUMBAI
EXH678,RATNAM JEWELLERY,INDIAN-DOMESTIC (default — unconfirmed against a company registry),India (assumed),Default classification: not listed under a GJEPC 'International *' section and city field (if present) is an Indian city; no foreign signal found. Not independently verified.,plain_gold,Hall Pavillion,JIO-B 4d,MUMBAI
EXH1754,RATNAMANI JEWELLERS,INDIAN-DOMESTIC (default — unconfirmed against a company registry),India (assumed),Default classification: not listed under a GJEPC 'International *' section and city field (if present) is an Indian city; no foreign signal found. Not independently verified.,plain_gold,Hall 3,3M 373E,MUMBAI
EXH1201,RATNAWALI,INDIAN-DOMESTIC (default — unconfirmed against a company registry),India (assumed),Default classification: not listed under a GJEPC 'International *' section and city field (if present) is an Indian city; no foreign signal found. Not independently verified.,loose_stones_color_stones,Hall JASMINE,JIO-AJ 46b,JAIPUR
EXH181,RAVI MALVIYA INDUSTRIES PRIVATE LIMITED,INDIAN-DOMESTIC (default — unconfirmed against a company registry),India (assumed),Default classification: not listed under a GJEPC 'International *' section and city field (if present) is an Indian city; no foreign signal found. Not independently verified.,machinery,Hall 5,5U 541,AHMEDABAD
EXH985,RAWAT JEWELS,INDIAN-DOMESTIC (default — unconfirmed against a company registry),India (assumed),Default classification: not listed under a GJEPC 'International *' section and city field (if present) is an Indian city; no foreign signal found. Not independently verified.,the_select_club,Hall JASMINE,Club-AD 16b,JAIPUR
EXH1443,RAYAN DESIGN,INDIAN-DOMESTIC (default — unconfirmed against a company registry),India (assumed),Default classification: not listed under a GJEPC 'International *' section and city field (if present) is an Indian city; no foreign signal found. Not independently verified.,plain_gold,Hall 2,2G 165,SURAT
EXH460,RBZ JEWELLERS LIMITED,INDIAN-DOMESTIC (default — unconfirmed against a company registry),India (assumed),Default classification: not listed under a GJEPC 'International *' section and city field (if present) is an Indian city; no foreign signal found. Not independently verified.,diamond_colorstone,Hall 3,3N 398A,AHMEDABAD
EXH445,RD FINE JEWELS,INDIAN-DOMESTIC (default — unconfirmed against a company registry),India (assumed),Default classification: not listed under a GJEPC 'International *' section and city field (if present) is an Indian city; no foreign signal found. Not independently verified.,diamond_colorstone,Hall 4,4R 459B,AHMEDABAD
2152,REAL GEMS HK LTD,FOREIGN,"Hong Kong SAR, China (inferred from ""HK"" in company name; city field blank in source)","GJEPC Section = International Loose; country inferred from ""HK"" abbreviation in company name (city field blank in source)",International Loose,Hall LOTUS,JIO-AQ 54g,
EXH1799,REAL JEWELS,INDIAN-DOMESTIC (default — unconfirmed against a company registry),India (assumed),Default classification: not listed under a GJEPC 'International *' section and city field (if present) is an Indian city; no foreign signal found. Not independently verified.,plain_gold,Hall 4,4T 492B,MUMBAI
EXH291,REAL MANGALSUTRA,INDIAN-DOMESTIC (default — unconfirmed against a company registry),India (assumed),Default classification: not listed under a GJEPC 'International *' section and city field (if present) is an Indian city; no foreign signal found. Not independently verified.,plain_gold,Hall Pavillion,JIO-F 10k,MUMBAI
EXH2116,REAL PEARLS (BUNTY MOTIWALA),INDIAN-DOMESTIC (default — unconfirmed against a company registry),India (assumed),Default classification: not listed under a GJEPC 'International *' section and city field (if present) is an Indian city; no foreign signal found. Not independently verified.,loose_stones_color_stones,Hall LOTUS,JIO-AL 47h,JAIPUR
EXH2032,RED EXIM DIAMOND LLP,INDIAN-DOMESTIC (default — unconfirmed against a company registry),India (assumed),Default classification: not listed under a GJEPC 'International *' section and city field (if present) is an Indian city; no foreign signal found. Not independently verified.,loose_stones_diamonds,Hall Pavillion,JIO-F 9l,MUMBAI
EXH431,REEVAZZ,INDIAN-DOMESTIC (default — unconfirmed against a company registry),India (assumed),Default classification: not listed under a GJEPC 'International *' section and city field (if present) is an Indian city; no foreign signal found. Not independently verified.,plain_gold,Hall Pavillion,JIO-B 1j,MUMBAI
EXH42,REINVENT CARBON PVT LTD,INDIAN-DOMESTIC (default — unconfirmed against a company registry),India (assumed),Default classification: not listed under a GJEPC 'International *' section and city field (if present) is an Indian city; no foreign signal found. Not independently verified.,machinery,Hall 5,5U 569F,MUMBAI
EXH2163,REONA JEWELS,INDIAN-DOMESTIC (default — unconfirmed against a company registry),India (assumed),Default classification: not listed under a GJEPC 'International *' section and city field (if present) is an Indian city; no foreign signal found. Not independently verified.,diamond_colorstone,Hall 3,3Q 409CD,MUMBAI
EXH63,RETAIL JEWELLER INDIA,INDIAN-DOMESTIC (default — unconfirmed against a company registry),India (assumed),Default classification: not listed under a GJEPC 'International *' section and city field (if present) is an Indian city; no foreign signal found. Not independently verified.,allied,Hall Aurum,AU 038,MUMBAI
EXH2066,REVA GEMS & JEWELS LIMITED,FOREIGN,"Hong Kong SAR, China","GJEPC exhibitor-list Section field = 'International Jewellery' (organizer-assigned foreign/international pavilion category, distinct from domestic sections like plain_gold/diamond_colorstone/silver_jewellery_artifacts); City field = 'KOWLOON' -> country inferred",International Jewellery,Hall Pavillion,JIO-M 24a,KOWLOON
EXH833,REVAZ,INDIAN-DOMESTIC (default — unconfirmed against a company registry),India (assumed),Default classification: not listed under a GJEPC 'International *' section and city field (if present) is an Indian city; no foreign signal found. Not independently verified.,diamond_colorstone,Hall 3,3Q 425,BENGALURU
EXH726,REYONA JEWELS PRIVATE LIMITED,INDIAN-DOMESTIC (default — unconfirmed against a company registry),India (assumed),Default classification: not listed under a GJEPC 'International *' section and city field (if present) is an Indian city; no foreign signal found. Not independently verified.,diamond_colorstone,Hall 4,4R 470E,MUMBAI
EXH2080,RG CRYSTALS LTD.,FOREIGN,Thailand,"GJEPC exhibitor-list Section field = 'International Loose' (organizer-assigned foreign/international pavilion category, distinct from domestic sections like plain_gold/diamond_colorstone/silver_jewellery_artifacts); City field = 'THAILAND' -> country inferred",International Loose,Hall LOTUS,JIO-AQ 57b,THAILAND
EXH914,RGS CREATION,INDIAN-DOMESTIC (default — unconfirmed against a company registry),India (assumed),Default classification: not listed under a GJEPC 'International *' section and city field (if present) is an Indian city; no foreign signal found. Not independently verified.,loose_stones_color_stones,Hall LOTUS,JIO-AP 55c,JAIPUR
EXH2127,RIACETECH  S.R.L.,FOREIGN,Italy (inferred from S.R.L./S.p.A. Italian legal-entity suffix in name; city field blank in source),"GJEPC exhibitor-list Section field = 'International Machinery' (organizer-assigned foreign/international pavilion category, distinct from domestic sections like plain_gold/diamond_colorstone/silver_jewellery_artifacts); City field blank in source; country inferred from Italian legal-entity suffix (S.R.L./S.p.A.) in company name",International Machinery,Hall 5,5U 583D,
EXH1601,RIDDHI GOLD,INDIAN-DOMESTIC (default — unconfirmed against a company registry),India (assumed),Default classification: not listed under a GJEPC 'International *' section and city field (if present) is an Indian city; no foreign signal found. Not independently verified.,plain_gold,Hall Pavillion,JIO-N 26f,MUMBAI
EXH50,RIDDHI HEATRON INTERNATIONAL PVT LTD,INDIAN-DOMESTIC (default — unconfirmed against a company registry),India (assumed),Default classification: not listed under a GJEPC 'International *' section and city field (if present) is an Indian city; no foreign signal found. Not independently verified.,machinery,Hall 5,5U 528,SURAT
EXH304,RIDDHI JEWEL,INDIAN-DOMESTIC (default — unconfirmed against a company registry),India (assumed),Default classification: not listed under a GJEPC 'International *' section and city field (if present) is an Indian city; no foreign signal found. Not independently verified.,silver_jewellery_artifacts,Hall Pavillion,JIO-Q 30g,JAIPUR
EXH381,RIDDHIMA CHAIN AND JEWELLERY,INDIAN-DOMESTIC (default — unconfirmed against a company registry),India (assumed),Default classification: not listed under a GJEPC 'International *' section and city field (if present) is an Indian city; no foreign signal found. Not independently verified.,plain_gold,Hall Pavillion,JIO-P 27d,CENTRAL DELHI
EXH1779,RIDHI SIDHI GEMS,INDIAN-DOMESTIC (default — unconfirmed against a company registry),India (assumed),Default classification: not listed under a GJEPC 'International *' section and city field (if present) is an Indian city; no foreign signal found. Not independently verified.,loose_stones_color_stones,Hall JASMINE,JIO-AK 45k,JAIPUR
EXH292,RIDHI SIDHI GEMS & JEWELLERY,INDIAN-DOMESTIC (default — unconfirmed against a company registry),India (assumed),Default classification: not listed under a GJEPC 'International *' section and city field (if present) is an Indian city; no foreign signal found. Not independently verified.,silver_jewellery_artifacts,Hall Pavillion,JIO-S 32f,JAIPUR
EXH1981,RINKLE IMPEX,INDIAN-DOMESTIC (default — unconfirmed against a company registry),India (assumed),Default classification: not listed under a GJEPC 'International *' section and city field (if present) is an Indian city; no foreign signal found. Not independently verified.,diamond_colorstone,Hall 6,6N 097B,MUMBAI
EXH175,RIO GOLD,INDIAN-DOMESTIC (default — unconfirmed against a company registry),India (assumed),Default classification: not listed under a GJEPC 'International *' section and city field (if present) is an Indian city; no foreign signal found. Not independently verified.,plain_gold,Hall Pavillion,JIO-Q 27j,MUMBAI
EXH2053,RIOSTAR (HK) LTD,FOREIGN,"Hong Kong SAR, China","GJEPC exhibitor-list Section field = 'International Jewellery' (organizer-assigned foreign/international pavilion category, distinct from domestic sections like plain_gold/diamond_colorstone/silver_jewellery_artifacts); City field = 'T.S.T,KOWLOON' -> country inferred",International Jewellery,Hall Pavillion,JIO-P 28e,"T.S.T,KOWLOON"
EXH377,RISHAB JEWELS,INDIAN-DOMESTIC (default — unconfirmed against a company registry),India (assumed),Default classification: not listed under a GJEPC 'International *' section and city field (if present) is an Indian city; no foreign signal found. Not independently verified.,diamond_colorstone,Hall 2,2J 250D,MUMBAI
EXH788,RISHABH ABUSHAN PVT. LTD.,INDIAN-DOMESTIC (default — unconfirmed against a company registry),India (assumed),Default classification: not listed under a GJEPC 'International *' section and city field (if present) is an Indian city; no foreign signal found. Not independently verified.,plain_gold,Hall 6,6G 046B,KOLKATA
EXH1490,RISHABH JEWELLERS,INDIAN-DOMESTIC (default — unconfirmed against a company registry),India (assumed),Default classification: not listed under a GJEPC 'International *' section and city field (if present) is an Indian city; no foreign signal found. Not independently verified.,plain_gold,Hall Pavillion,JIO-M 22h,MUMBAI
EXH1284,RISHITH JEWELLERS PRIVATE LIMITED,INDIAN-DOMESTIC (default — unconfirmed against a company registry),India (assumed),Default classification: not listed under a GJEPC 'International *' section and city field (if present) is an Indian city; no foreign signal found. Not independently verified.,plain_gold,Hall 2,2G 145,HYDERABAD
EXH1254,RITU GEMS PRIVATE LIMITED,INDIAN-DOMESTIC (default — unconfirmed against a company registry),India (assumed),Default classification: not listed under a GJEPC 'International *' section and city field (if present) is an Indian city; no foreign signal found. Not independently verified.,loose_stones_color_stones,Hall LOTUS,JIO-AL 47c,JAIPUR
EXH1892,RIVERA GEMS N JEWELS,INDIAN-DOMESTIC (default — unconfirmed against a company registry),India (assumed),Default classification: not listed under a GJEPC 'International *' section and city field (if present) is an Indian city; no foreign signal found. Not independently verified.,plain_gold,Hall Pavillion,JIO-D 7a,MUMBAI
EXH2037,RIYA GEMS,INDIAN-DOMESTIC (default — unconfirmed against a company registry),India (assumed),Default classification: not listed under a GJEPC 'International *' section and city field (if present) is an Indian city; no foreign signal found. Not independently verified.,loose_stones_color_stones,Hall JASMINE,JIO-AG 37b,JAIPUR
EXH1626,RM PRECIOUS JEWELRY INDIA LIMITED,INDIAN-DOMESTIC (default — unconfirmed against a company registry),India (assumed),Default classification: not listed under a GJEPC 'International *' section and city field (if present) is an Indian city; no foreign signal found. Not independently verified.,plain_gold,Hall Pavillion,JIO-D 5i,RAJKOT
EXH1144,RMC GEMS INDIA LIMITED,INDIAN-DOMESTIC (default — unconfirmed against a company registry),India (assumed),Default classification: not listed under a GJEPC 'International *' section and city field (if present) is an Indian city; no foreign signal found. Not independently verified.,loose_stones_color_stones,Hall LOTUS,JIO-AM 50a,JAIPUR
EXH2134,ROBERTO GIANDESIN SRL,FOREIGN,Italy (inferred from S.R.L./S.p.A. Italian legal-entity suffix in name; city field blank in source),"GJEPC exhibitor-list Section field = 'International Machinery' (organizer-assigned foreign/international pavilion category, distinct from domestic sections like plain_gold/diamond_colorstone/silver_jewellery_artifacts); City field blank in source; country inferred from Italian legal-entity suffix (S.R.L./S.p.A.) in company name",International Machinery,Hall 5,5V 583K,
EXH834,ROHIT GOLD,INDIAN-DOMESTIC (default — unconfirmed against a company registry),India (assumed),Default classification: not listed under a GJEPC 'International *' section and city field (if present) is an Indian city; no foreign signal found. Not independently verified.,plain_gold,Hall Pavillion,JIO-K 18p,MUMBAI
EXH1748,ROOMY EXPORTS,INDIAN-DOMESTIC (default — unconfirmed against a company registry),India (assumed),Default classification: not listed under a GJEPC 'International *' section and city field (if present) is an Indian city; no foreign signal found. Not independently verified.,lgd_diamond,Hall Pavillion,JIO-Y 44g,MUMBAI
EXH1723,ROOPSHREE JEWELLERS PRIVATE  LIMITED,INDIAN-DOMESTIC (default — unconfirmed against a company registry),India (assumed),Default classification: not listed under a GJEPC 'International *' section and city field (if present) is an Indian city; no foreign signal found. Not independently verified.,plain_gold,Hall 4,4T 500C,KOLKATA
EXH1792,ROSE GOLD,INDIAN-DOMESTIC (default — unconfirmed against a company registry),India (assumed),Default classification: not listed under a GJEPC 'International *' section and city field (if present) is an Indian city; no foreign signal found. Not independently verified.,plain_gold,Hall 3,3L 325,MUMBAI
EXH1362,ROSE JEWELLERS,INDIAN-DOMESTIC (default — unconfirmed against a company registry),India (assumed),Default classification: not listed under a GJEPC 'International *' section and city field (if present) is an Indian city; no foreign signal found. Not independently verified.,plain_gold,Hall 6,6B 017A,MUMBAI
EXH378,ROSETTA DIAMOND JEWELLERY PVT LTD,INDIAN-DOMESTIC (default — unconfirmed against a company registry),India (assumed),Default classification: not listed under a GJEPC 'International *' section and city field (if present) is an Indian city; no foreign signal found. Not independently verified.,diamond_colorstone,Hall 6,6N 096C,SURAT
EXH380,ROSETTE CREATIONS PRIVATE LIMITED,INDIAN-DOMESTIC (default — unconfirmed against a company registry),India (assumed),Default classification: not listed under a GJEPC 'International *' section and city field (if present) is an Indian city; no foreign signal found. Not independently verified.,diamond_colorstone,Hall 6,6N 092E,JAIPUR
EXH1535,ROSY BLUE (INDIA) PVT. LTD,INDIAN-DOMESTIC (default — unconfirmed against a company registry),India (assumed),Default classification: not listed under a GJEPC 'International *' section and city field (if present) is an Indian city; no foreign signal found. Not independently verified.,diamond_colorstone,Hall 4,4R 458A,MUMBAI
EXH2109,ROYAL ANGEL PEARL GEM JEWELS LLP,INDIAN-DOMESTIC (default — unconfirmed against a company registry),India (assumed),Default classification: not listed under a GJEPC 'International *' section and city field (if present) is an Indian city; no foreign signal found. Not independently verified.,loose_stones_color_stones,Hall LOTUS,JIO-AL 48a,JAIPUR
EXH1006,ROYAL HEM,INDIAN-DOMESTIC (default — unconfirmed against a company registry),India (assumed),Default classification: not listed under a GJEPC 'International *' section and city field (if present) is an Indian city; no foreign signal found. Not independently verified.,plain_gold,Hall 2,2K 319,MUMBAI
EXH958,ROYAL ITALIAN JEWELLERY PVT. L TD.,INDIAN-DOMESTIC (default — unconfirmed against a company registry),India (assumed),Default classification: not listed under a GJEPC 'International *' section and city field (if present) is an Indian city; no foreign signal found. Not independently verified.,silver_jewellery_artifacts,Hall Pavillion,JIO-R 32b,MUMBAI
EXH1405,RRJ ENTERPRISE,INDIAN-DOMESTIC (default — unconfirmed against a company registry),India (assumed),Default classification: not listed under a GJEPC 'International *' section and city field (if present) is an Indian city; no foreign signal found. Not independently verified.,plain_gold,Hall 6,6H 055,MUMBAI
EXH442,RT INTERNATIONAL,INDIAN-DOMESTIC (default — unconfirmed against a company registry),India (assumed),Default classification: not listed under a GJEPC 'International *' section and city field (if present) is an Indian city; no foreign signal found. Not independently verified.,machinery,Hall 5,5U 553,JAIPUR
EXH76,RTECH INDIA,INDIAN-DOMESTIC (default — unconfirmed against a company registry),India (assumed),Default classification: not listed under a GJEPC 'International *' section and city field (if present) is an Indian city; no foreign signal found. Not independently verified.,machinery,Hall 5,5V 580A,MUMBAI
EXH1017,RUBBY GOLD,INDIAN-DOMESTIC (default — unconfirmed against a company registry),India (assumed),Default classification: not listed under a GJEPC 'International *' section and city field (if present) is an Indian city; no foreign signal found. Not independently verified.,plain_gold,Hall 3,3L 327,MUMBAI
EXH1619,RUBIA JEWELS,INDIAN-DOMESTIC (default — unconfirmed against a company registry),India (assumed),Default classification: not listed under a GJEPC 'International *' section and city field (if present) is an Indian city; no foreign signal found. Not independently verified.,plain_gold,Hall 2,2H 242,SURAT
EXH524,RUBY SOURCE,INDIAN-DOMESTIC (default — unconfirmed against a company registry),India (assumed),Default classification: not listed under a GJEPC 'International *' section and city field (if present) is an Indian city; no foreign signal found. Not independently verified.,loose_stones_color_stones,Hall JASMINE,JIO-AJ 45c,JAIPUR
EXH9,RUCHITA JEWELS,INDIAN-DOMESTIC (default — unconfirmed against a company registry),India (assumed),Default classification: not listed under a GJEPC 'International *' section and city field (if present) is an Indian city; no foreign signal found. Not independently verified.,plain_gold,Hall 3,3L 357,MUMBAI
EXH1075,RUDRA JEWELS,INDIAN-DOMESTIC (default — unconfirmed against a company registry),India (assumed),Default classification: not listed under a GJEPC 'International *' section and city field (if present) is an Indian city; no foreign signal found. Not independently verified.,plain_gold,Hall 3,3L 326,MUMBAI
EXH273,RUSHABH JEWELS,INDIAN-DOMESTIC (default — unconfirmed against a company registry),India (assumed),Default classification: not listed under a GJEPC 'International *' section and city field (if present) is an Indian city; no foreign signal found. Not independently verified.,plain_gold,Hall 6,6A 001,AHMEDABAD
EXH1672,RUSHABH JEWELS,INDIAN-DOMESTIC (default — unconfirmed against a company registry),India (assumed),Default classification: not listed under a GJEPC 'International *' section and city field (if present) is an Indian city; no foreign signal found. Not independently verified.,silver_jewellery_artifacts,Hall Pavillion,JIO-T 34m,BENGALURU
EXH103,S D GEMS,INDIAN-DOMESTIC (default — unconfirmed against a company registry),India (assumed),Default classification: not listed under a GJEPC 'International *' section and city field (if present) is an Indian city; no foreign signal found. Not independently verified.,loose_stones_color_stones,Hall JASMINE,JIO-AK 46k,JAIPUR
EXH1277,S K JORA JEWELLERS,INDIAN-DOMESTIC (default — unconfirmed against a company registry),India (assumed),Default classification: not listed under a GJEPC 'International *' section and city field (if present) is an Indian city; no foreign signal found. Not independently verified.,plain_gold,Hall 2,2G 154,NEW DELHI
EXH789,S K SETH JEWELLERS,INDIAN-DOMESTIC (default — unconfirmed against a company registry),India (assumed),Default classification: not listed under a GJEPC 'International *' section and city field (if present) is an Indian city; no foreign signal found. Not independently verified.,plain_gold,Hall 6,6C 022D,MUMBAI
EXH1294,S P GOLD,INDIAN-DOMESTIC (default — unconfirmed against a company registry),India (assumed),Default classification: not listed under a GJEPC 'International *' section and city field (if present) is an Indian city; no foreign signal found. Not independently verified.,diamond_colorstone,Hall 2,2H 218,HYDERABAD
EXH1720,S PADMAVATI EXPORTS,INDIAN-DOMESTIC (default — unconfirmed against a company registry),India (assumed),Default classification: not listed under a GJEPC 'International *' section and city field (if present) is an Indian city; no foreign signal found. Not independently verified.,loose_stones_diamonds,Hall Pavillion,JIO-E 9d,MUMBAI
EXH1119,S R JEWELLERS,INDIAN-DOMESTIC (default — unconfirmed against a company registry),India (assumed),Default classification: not listed under a GJEPC 'International *' section and city field (if present) is an Indian city; no foreign signal found. Not independently verified.,diamond_colorstone,Hall 2,2J 258A,NEW DELHI
EXH1239,S RAGHAV JEWELS PRIVATE LIMITED,INDIAN-DOMESTIC (default — unconfirmed against a company registry),India (assumed),Default classification: not listed under a GJEPC 'International *' section and city field (if present) is an Indian city; no foreign signal found. Not independently verified.,plain_gold,Hall 6,6H 054,RAJKOT
EXH879,S SAGAR ENTERPRISE,INDIAN-DOMESTIC (default — unconfirmed against a company registry),India (assumed),Default classification: not listed under a GJEPC 'International *' section and city field (if present) is an Indian city; no foreign signal found. Not independently verified.,diamond_colorstone,Hall 3,3Q 407A,MUMBAI
EXH812,S V JEWELLERS,INDIAN-DOMESTIC (default — unconfirmed against a company registry),India (assumed),Default classification: not listed under a GJEPC 'International *' section and city field (if present) is an Indian city; no foreign signal found. Not independently verified.,silver_jewellery_artifacts,Hall Pavillion,JIO-R 31c,BENGALURU
EXH1501,S. B. GOLD,INDIAN-DOMESTIC (default — unconfirmed against a company registry),India (assumed),Default classification: not listed under a GJEPC 'International *' section and city field (if present) is an Indian city; no foreign signal found. Not independently verified.,plain_gold,Hall Pavillion,JIO-E 7m,MUMBAI
EXH1708,S. G. KAREL & SONS JEWELLERS PVT. LTD.,INDIAN-DOMESTIC (default — unconfirmed against a company registry),India (assumed),Default classification: not listed under a GJEPC 'International *' section and city field (if present) is an Indian city; no foreign signal found. Not independently verified.,plain_gold,Hall Pavillion,JIO-B 4c,KOLKATA
EXH1656,S. JINDAL GEMS INDIA LLP,INDIAN-DOMESTIC (default — unconfirmed against a company registry),India (assumed),Default classification: not listed under a GJEPC 'International *' section and city field (if present) is an Indian city; no foreign signal found. Not independently verified.,loose_stones_color_stones,Hall JASMINE,JIO-AG 36c,JAIPUR
EXH2099,S. JITENDRA & COMPANY,INDIAN-DOMESTIC (default — unconfirmed against a company registry),India (assumed),Default classification: not listed under a GJEPC 'International *' section and city field (if present) is an Indian city; no foreign signal found. Not independently verified.,loose_stones_color_stones,Hall LOTUS,JIO-AL 48e,MUMBAI
EXH416,S. P. GEMS,INDIAN-DOMESTIC (default — unconfirmed against a company registry),India (assumed),Default classification: not listed under a GJEPC 'International *' section and city field (if present) is an Indian city; no foreign signal found. Not independently verified.,loose_stones_color_stones,Hall JASMINE,JIO-AH 42j,JAIPUR
EXH238,S.A. JEWELS,INDIAN-DOMESTIC (default — unconfirmed against a company registry),India (assumed),Default classification: not listed under a GJEPC 'International *' section and city field (if present) is an Indian city; no foreign signal found. Not independently verified.,plain_gold,Hall 4,4T 503B,MUMBAI
EXH1704,S.G. CREATIONS,INDIAN-DOMESTIC (default — unconfirmed against a company registry),India (assumed),Default classification: not listed under a GJEPC 'International *' section and city field (if present) is an Indian city; no foreign signal found. Not independently verified.,silver_jewellery_artifacts,Hall Pavillion,JIO-R 29h,JAIPUR
EXH1696,S.K. CHAINS PVT. LTD.,INDIAN-DOMESTIC (default — unconfirmed against a company registry),India (assumed),Default classification: not listed under a GJEPC 'International *' section and city field (if present) is an Indian city; no foreign signal found. Not independently verified.,plain_gold,Hall Pavillion,JIO-B 4e,KOLKATA
EXH1458,S.K. ENTERPRISES,INDIAN-DOMESTIC (default — unconfirmed against a company registry),India (assumed),Default classification: not listed under a GJEPC 'International *' section and city field (if present) is an Indian city; no foreign signal found. Not independently verified.,loose_stones_color_stones,Hall LOTUS,JIO-AN 50g,JAIPUR
EXH590,S.K. SETH CO. JEWELLERS,INDIAN-DOMESTIC (default — unconfirmed against a company registry),India (assumed),Default classification: not listed under a GJEPC 'International *' section and city field (if present) is an Indian city; no foreign signal found. Not independently verified.,the_select_club,Hall JASMINE,Club-AA 4a,MUMBAI
EXH1480,S.MAHENDRAKUMAR DEVICHAND,INDIAN-DOMESTIC (default — unconfirmed against a company registry),India (assumed),Default classification: not listed under a GJEPC 'International *' section and city field (if present) is an Indian city; no foreign signal found. Not independently verified.,plain_gold,Hall 4,4S 489C,MUMBAI
EXH1640,S.P. JEWELLERS,INDIAN-DOMESTIC (default — unconfirmed against a company registry),India (assumed),Default classification: not listed under a GJEPC 'International *' section and city field (if present) is an Indian city; no foreign signal found. Not independently verified.,plain_gold,Hall 4,4T 502C,MUMBAI
EXH872,S.P.SHAH & SONS JEWELLERS,INDIAN-DOMESTIC (default — unconfirmed against a company registry),India (assumed),Default classification: not listed under a GJEPC 'International *' section and city field (if present) is an Indian city; no foreign signal found. Not independently verified.,plain_gold,Hall 4,4T 502E,MUMBAI
EXH1978,S.R. JEWELS,INDIAN-DOMESTIC (default — unconfirmed against a company registry),India (assumed),Default classification: not listed under a GJEPC 'International *' section and city field (if present) is an Indian city; no foreign signal found. Not independently verified.,diamond_colorstone,Hall 2,2H 229,MUMBAI
EXH253,S.S. ENTERPRISES,INDIAN-DOMESTIC (default — unconfirmed against a company registry),India (assumed),Default classification: not listed under a GJEPC 'International *' section and city field (if present) is an Indian city; no foreign signal found. Not independently verified.,loose_stones_color_stones,Hall LOTUS,JIO-AS 60d,JAIPUR
EXH248,S.S. GEMS JEWELLERY,INDIAN-DOMESTIC (default — unconfirmed against a company registry),India (assumed),Default classification: not listed under a GJEPC 'International *' section and city field (if present) is an Indian city; no foreign signal found. Not independently verified.,plain_gold,Hall 6,6A 002,MUMBAI
EXH1796,S.S. PLATINUM,INDIAN-DOMESTIC (default — unconfirmed against a company registry),India (assumed),Default classification: not listed under a GJEPC 'International *' section and city field (if present) is an Indian city; no foreign signal found. Not independently verified.,plain_gold,Hall 3,3Q 417,MUMBAI
EXH1627,S.V. EXPORTS,INDIAN-DOMESTIC (default — unconfirmed against a company registry),India (assumed),Default classification: not listed under a GJEPC 'International *' section and city field (if present) is an Indian city; no foreign signal found. Not independently verified.,loose_stones_diamonds,Hall Pavillion,JIO-J 16h,MUMBAI
EXH1897,SAAZ JEWELS,INDIAN-DOMESTIC (default — unconfirmed against a company registry),India (assumed),Default classification: not listed under a GJEPC 'International *' section and city field (if present) is an Indian city; no foreign signal found. Not independently verified.,plain_gold,Hall 6,6F 049B,MUMBAI
EXH1711,SACHHIYAY GOLD,INDIAN-DOMESTIC (default — unconfirmed against a company registry),India (assumed),Default classification: not listed under a GJEPC 'International *' section and city field (if present) is an Indian city; no foreign signal found. Not independently verified.,plain_gold,Hall Pavillion,JIO-J 15k,MUMBAI
EXH2108,SADGURU JEWELLERS,INDIAN-DOMESTIC (default — unconfirmed against a company registry),India (assumed),Default classification: not listed under a GJEPC 'International *' section and city field (if present) is an Indian city; no foreign signal found. Not independently verified.,loose_stones_color_stones,Hall LOTUS,JIO-AL 47e,RAJKOT
EXH944,SAHAJANAND LASER TECHNOLOGY LIMITED,INDIAN-DOMESTIC (default — unconfirmed against a company registry),India (assumed),Default classification: not listed under a GJEPC 'International *' section and city field (if present) is an Indian city; no foreign signal found. Not independently verified.,machinery,Hall 5,5V 606,GANDHINAGAR
EXH494,SAHANARATNABH PRIVATE LIMITED,INDIAN-DOMESTIC (default — unconfirmed against a company registry),India (assumed),Default classification: not listed under a GJEPC 'International *' section and city field (if present) is an Indian city; no foreign signal found. Not independently verified.,diamond_colorstone,Hall 6,6K 069A,MUMBAI
EXH185,SAINATH JEWELLERS,INDIAN-DOMESTIC (default — unconfirmed against a company registry),India (assumed),Default classification: not listed under a GJEPC 'International *' section and city field (if present) is an Indian city; no foreign signal found. Not independently verified.,diamond_colorstone,Hall 6,6N 096D,HYDERABAD
EXH1246,SAINATH JEWELS,INDIAN-DOMESTIC (default — unconfirmed against a company registry),India (assumed),Default classification: not listed under a GJEPC 'International *' section and city field (if present) is an Indian city; no foreign signal found. Not independently verified.,diamond_colorstone,Hall 4,4R 462B,MUMBAI
EXH1470,SALASAR GEMS,INDIAN-DOMESTIC (default — unconfirmed against a company registry),India (assumed),Default classification: not listed under a GJEPC 'International *' section and city field (if present) is an Indian city; no foreign signal found. Not independently verified.,loose_stones_color_stones,Hall JASMINE,JIO-AJ 46c,MUMBAI
EXH645,SALASAR JEWELS,INDIAN-DOMESTIC (default — unconfirmed against a company registry),India (assumed),Default classification: not listed under a GJEPC 'International *' section and city field (if present) is an Indian city; no foreign signal found. Not independently verified.,diamond_colorstone,Hall 2,2H 196,HYDERABAD
EXH1437,SAMARTH DIAMOND,INDIAN-DOMESTIC (default — unconfirmed against a company registry),India (assumed),Default classification: not listed under a GJEPC 'International *' section and city field (if present) is an Indian city; no foreign signal found. Not independently verified.,loose_stones_diamonds,Hall Pavillion,JIO-H 16b,MUMBAI
EXH1117,SAMBHAV GEMS INTERNATIONAL,INDIAN-DOMESTIC (default — unconfirmed against a company registry),India (assumed),Default classification: not listed under a GJEPC 'International *' section and city field (if present) is an Indian city; no foreign signal found. Not independently verified.,loose_stones_color_stones,Hall LOTUS,JIO-AS 59g,JAIPUR
EXH1946,SAMBHAV JEWELLERS,INDIAN-DOMESTIC (default — unconfirmed against a company registry),India (assumed),Default classification: not listed under a GJEPC 'International *' section and city field (if present) is an Indian city; no foreign signal found. Not independently verified.,plain_gold,Hall Pavillion,JIO-F 11e,MUMBAI
EXH110,Samisan Tech Pvt Ltd,INDIAN-DOMESTIC (default — unconfirmed against a company registry),India (assumed),Default classification: not listed under a GJEPC 'International *' section and city field (if present) is an Indian city; no foreign signal found. Not independently verified.,allied,Hall Aurum,AU 046,MUMBAI
EXH1002,SAMOR GOLD PRIVATE LIMITED,INDIAN-DOMESTIC (default — unconfirmed against a company registry),India (assumed),Default classification: not listed under a GJEPC 'International *' section and city field (if present) is an Indian city; no foreign signal found. Not independently verified.,plain_gold,Hall Pavillion,JIO-P 26j,AHMEDABAD
EXH2119,SAMRAT GEMS,INDIAN-DOMESTIC (default — unconfirmed against a company registry),India (assumed),Default classification: not listed under a GJEPC 'International *' section and city field (if present) is an Indian city; no foreign signal found. Not independently verified.,loose_stones_color_stones,Hall LOTUS,JIO-AL 47g,MUMBAI
EXH335,SAMRIDDHI JEWELS PVT. LTD.,INDIAN-DOMESTIC (default — unconfirmed against a company registry),India (assumed),Default classification: not listed under a GJEPC 'International *' section and city field (if present) is an Indian city; no foreign signal found. Not independently verified.,plain_gold,Hall 3,3N 380A,MUMBAI
EXH513,SAMSARA,INDIAN-DOMESTIC (default — unconfirmed against a company registry),India (assumed),Default classification: not listed under a GJEPC 'International *' section and city field (if present) is an Indian city; no foreign signal found. Not independently verified.,diamond_colorstone,Hall 6,6R 125F,JAIPUR
EXH674,SAMYAK LIFESTYLES PVT. LTD.,INDIAN-DOMESTIC (default — unconfirmed against a company registry),India (assumed),Default classification: not listed under a GJEPC 'International *' section and city field (if present) is an Indian city; no foreign signal found. Not independently verified.,plain_gold,Hall 3,3L 332,RAJKOT
EXH87,SAMYAK TOOLS,INDIAN-DOMESTIC (default — unconfirmed against a company registry),India (assumed),Default classification: not listed under a GJEPC 'International *' section and city field (if present) is an Indian city; no foreign signal found. Not independently verified.,machinery,Hall 5,5V 573A,MUMBAI
EXH1958,SANGAM JEWELS,INDIAN-DOMESTIC (default — unconfirmed against a company registry),India (assumed),Default classification: not listed under a GJEPC 'International *' section and city field (if present) is an Indian city; no foreign signal found. Not independently verified.,silver_jewellery_artifacts,Hall Pavillion,JIO-S 31l,MUMBAI
EXH781,SANGEETA DIAMONDS,INDIAN-DOMESTIC (default — unconfirmed against a company registry),India (assumed),Default classification: not listed under a GJEPC 'International *' section and city field (if present) is an Indian city; no foreign signal found. Not independently verified.,diamond_colorstone,Hall 2,2H 224,JAIPUR
EXH362,SANGHVI GOLD,INDIAN-DOMESTIC (default — unconfirmed against a company registry),India (assumed),Default classification: not listed under a GJEPC 'International *' section and city field (if present) is an Indian city; no foreign signal found. Not independently verified.,plain_gold,Hall Pavillion,JIO-P 27c,MUMBAI
EXH1947,SANKALP DIAMOND,INDIAN-DOMESTIC (default — unconfirmed against a company registry),India (assumed),Default classification: not listed under a GJEPC 'International *' section and city field (if present) is an Indian city; no foreign signal found. Not independently verified.,diamond_colorstone,Hall 2,2J 257H,MUMBAI
EXH144,SANKESHWAR JEWELS,INDIAN-DOMESTIC (default — unconfirmed against a company registry),India (assumed),Default classification: not listed under a GJEPC 'International *' section and city field (if present) is an Indian city; no foreign signal found. Not independently verified.,silver_jewellery_artifacts,Hall Pavillion,JIO-W 42g,BENGALURU
EXH1046,SANKET JEWELLERS LLP,INDIAN-DOMESTIC (default — unconfirmed against a company registry),India (assumed),Default classification: not listed under a GJEPC 'International *' section and city field (if present) is an Indian city; no foreign signal found. Not independently verified.,plain_gold,Hall Pavillion,JIO-M 23c,MUMBAI
EXH200,SANSKRITI JEWELS,INDIAN-DOMESTIC (default — unconfirmed against a company registry),India (assumed),Default classification: not listed under a GJEPC 'International *' section and city field (if present) is an Indian city; no foreign signal found. Not independently verified.,the_select_club,Hall JASMINE,Club-AE 23b,THANE
EXH825,SANTLAL JEWELS,INDIAN-DOMESTIC (default — unconfirmed against a company registry),India (assumed),Default classification: not listed under a GJEPC 'International *' section and city field (if present) is an Indian city; no foreign signal found. Not independently verified.,diamond_colorstone,Hall 3,3P 415D,HYDERABAD
EXH31,SAPNA METALS,INDIAN-DOMESTIC (default — unconfirmed against a company registry),India (assumed),Default classification: not listed under a GJEPC 'International *' section and city field (if present) is an Indian city; no foreign signal found. Not independently verified.,machinery,Hall 5,5U 568F,MUMBAI
EXH1287,SAPPHIRE CREATIONS,INDIAN-DOMESTIC (default — unconfirmed against a company registry),India (assumed),Default classification: not listed under a GJEPC 'International *' section and city field (if present) is an Indian city; no foreign signal found. Not independently verified.,loose_stones_color_stones,Hall JASMINE,JIO-AH 41l,JAIPUR
EXH202,SARDA JEWELLERS INDIA PVT LTD,INDIAN-DOMESTIC (default — unconfirmed against a company registry),India (assumed),Default classification: not listed under a GJEPC 'International *' section and city field (if present) is an Indian city; no foreign signal found. Not independently verified.,diamond_colorstone,Hall 6,6Q 122,JAIPUR
EXH1227,SARTHAK JEWELLERS,INDIAN-DOMESTIC (default — unconfirmed against a company registry),India (assumed),Default classification: not listed under a GJEPC 'International *' section and city field (if present) is an Indian city; no foreign signal found. Not independently verified.,plain_gold,Hall 2,2K 289,KOLKATA
EXH131,SATURN BAGS,INDIAN-DOMESTIC (default — unconfirmed against a company registry),India (assumed),Default classification: not listed under a GJEPC 'International *' section and city field (if present) is an Indian city; no foreign signal found. Not independently verified.,allied,Hall Aurum,AU 015,MUMBAI
EXH1686,SATYAM GEMS,INDIAN-DOMESTIC (default — unconfirmed against a company registry),India (assumed),Default classification: not listed under a GJEPC 'International *' section and city field (if present) is an Indian city; no foreign signal found. Not independently verified.,loose_stones_color_stones,Hall JASMINE,JIO-AG 40b,JAIPUR
EXH1927,SATYAM GOLD,INDIAN-DOMESTIC (default — unconfirmed against a company registry),India (assumed),Default classification: not listed under a GJEPC 'International *' section and city field (if present) is an Indian city; no foreign signal found. Not independently verified.,plain_gold,Hall 3,3L 348,MUMBAI
EXH1157,SATYAM JEWELLERS,INDIAN-DOMESTIC (default — unconfirmed against a company registry),India (assumed),Default classification: not listed under a GJEPC 'International *' section and city field (if present) is an Indian city; no foreign signal found. Not independently verified.,silver_jewellery_artifacts,Hall Pavillion,JIO-U 35l,MUMBAI
EXH680,SAUNAY JEWELS PVT.LTD,INDIAN-DOMESTIC (default — unconfirmed against a company registry),India (assumed),Default classification: not listed under a GJEPC 'International *' section and city field (if present) is an Indian city; no foreign signal found. Not independently verified.,diamond_colorstone,Hall 2,2H 220,MUMBAI
EXH497,SAVIO JEWELLERY,INDIAN-DOMESTIC (default — unconfirmed against a company registry),India (assumed),Default classification: not listed under a GJEPC 'International *' section and city field (if present) is an Indian city; no foreign signal found. Not independently verified.,the_select_club,Hall JASMINE,Club-AB 12d,JAIPUR
EXH296,SAWANSUKHA JEWELLERS PVT.LTD.,INDIAN-DOMESTIC (default — unconfirmed against a company registry),India (assumed),Default classification: not listed under a GJEPC 'International *' section and city field (if present) is an Indian city; no foreign signal found. Not independently verified.,the_select_club,Hall JASMINE,Club-AB 13a,KOLKATA
EXH2061,SCENARIO GEMS,FOREIGN,"Hong Kong SAR, China","GJEPC exhibitor-list Section field = 'International Loose' (organizer-assigned foreign/international pavilion category, distinct from domestic sections like plain_gold/diamond_colorstone/silver_jewellery_artifacts); City field = 'HONGKONG' -> country inferred",International Loose,Hall LOTUS,JIO-AN 53d,HONGKONG
EXH1485,SCENTS JEWELRY LLP,INDIAN-DOMESTIC (default — unconfirmed against a company registry),India (assumed),Default classification: not listed under a GJEPC 'International *' section and city field (if present) is an Indian city; no foreign signal found. Not independently verified.,plain_gold,Hall Pavillion,JIO-N 26e,MUMBAI
EXH2083,SCHULTHEISS GMBH,FOREIGN,Germany,"GJEPC exhibitor-list Section field = 'International Machinery' (organizer-assigned foreign/international pavilion category, distinct from domestic sections like plain_gold/diamond_colorstone/silver_jewellery_artifacts); City field = 'HEIMSHEIM' -> country inferred",International Machinery,Hall 5,5V 590,HEIMSHEIM
EXH1737,SEJAL EXPORTS (INDIA),INDIAN-DOMESTIC (default — unconfirmed against a company registry),India (assumed),Default classification: not listed under a GJEPC 'International *' section and city field (if present) is an Indian city; no foreign signal found. Not independently verified.,loose_stones_diamonds,Hall Pavillion,JIO-K 20g,MUMBAI
EXH1937,SEJAL GOLD,INDIAN-DOMESTIC (default — unconfirmed against a company registry),India (assumed),Default classification: not listed under a GJEPC 'International *' section and city field (if present) is an Indian city; no foreign signal found. Not independently verified.,plain_gold,Hall 2,2K 283,MUMBAI
EXH1646,SEJAL JEWELLERS,INDIAN-DOMESTIC (default — unconfirmed against a company registry),India (assumed),Default classification: not listed under a GJEPC 'International *' section and city field (if present) is an Indian city; no foreign signal found. Not independently verified.,plain_gold,Hall 3,3L 323,MUMBAI
EXH1587,SEJAL JEWELLERY,INDIAN-DOMESTIC (default — unconfirmed against a company registry),India (assumed),Default classification: not listed under a GJEPC 'International *' section and city field (if present) is an Indian city; no foreign signal found. Not independently verified.,plain_gold,Hall 4,4T 500B,MUMBAI
EXH77,SEMSONS INTERNATIONAL,INDIAN-DOMESTIC (default — unconfirmed against a company registry),India (assumed),Default classification: not listed under a GJEPC 'International *' section and city field (if present) is an Indian city; no foreign signal found. Not independently verified.,machinery,Hall 5,5V 618,MUMBAI
EXH101,SEMSONS TECH LLP,INDIAN-DOMESTIC (default — unconfirmed against a company registry),India (assumed),Default classification: not listed under a GJEPC 'International *' section and city field (if present) is an Indian city; no foreign signal found. Not independently verified.,machinery,Hall 5,5V 624,MUMBAI
EXH227,SENCO GOLD LIMITED,INDIAN-DOMESTIC (default — unconfirmed against a company registry),India (assumed),Default classification: not listed under a GJEPC 'International *' section and city field (if present) is an Indian city; no foreign signal found. Not independently verified.,plain_gold,Hall Pavillion,JIO-A 1g,KOLKATA
EXH844,SENSUEL,INDIAN-DOMESTIC (default — unconfirmed against a company registry),India (assumed),Default classification: not listed under a GJEPC 'International *' section and city field (if present) is an Indian city; no foreign signal found. Not independently verified.,the_select_club,Hall JASMINE,Club-AD 18c,MUMBAI
EXH1795,SETH SUNDERDAS PVT LTD,INDIAN-DOMESTIC (default — unconfirmed against a company registry),India (assumed),Default classification: not listed under a GJEPC 'International *' section and city field (if present) is an Indian city; no foreign signal found. Not independently verified.,diamond_colorstone,Hall 2,2J 257G,MUMBAI
EXH1379,SETHIA JEWELS GEMS LLP,INDIAN-DOMESTIC (default — unconfirmed against a company registry),India (assumed),Default classification: not listed under a GJEPC 'International *' section and city field (if present) is an Indian city; no foreign signal found. Not independently verified.,loose_stones_color_stones,Hall JASMINE,JIO-AJ 43i,JAIPUR
EXH2102,SGL LABS PRIVATE LIMITED,INDIAN-DOMESTIC (default — unconfirmed against a company registry),India (assumed),Default classification: not listed under a GJEPC 'International *' section and city field (if present) is an Indian city; no foreign signal found. Not independently verified.,lgd_diamond,Hall Pavillion,JIO-D 8d,MUMBAI
EXH1910,SHA KHEMRAJ PRITHVIRAJ & CO.,INDIAN-DOMESTIC (default — unconfirmed against a company registry),India (assumed),Default classification: not listed under a GJEPC 'International *' section and city field (if present) is an Indian city; no foreign signal found. Not independently verified.,silver_jewellery_artifacts,Hall Pavillion,JIO-W 40i,MUMBAI
EXH1679,SHA MADANLAL DALICHAND,INDIAN-DOMESTIC (default — unconfirmed against a company registry),India (assumed),Default classification: not listed under a GJEPC 'International *' section and city field (if present) is an Indian city; no foreign signal found. Not independently verified.,plain_gold,Hall Pavillion,JIO-C 6h,MUMBAI
EXH1808,SHA RATANCHAND DILIPKUMAR OSWAL,INDIAN-DOMESTIC (default — unconfirmed against a company registry),India (assumed),Default classification: not listed under a GJEPC 'International *' section and city field (if present) is an Indian city; no foreign signal found. Not independently verified.,plain_gold,Hall 2,2K 293,KOLHAPUR
EXH1248,SHAGUN JEWELLERS,INDIAN-DOMESTIC (default — unconfirmed against a company registry),India (assumed),Default classification: not listed under a GJEPC 'International *' section and city field (if present) is an Indian city; no foreign signal found. Not independently verified.,plain_gold,Hall 2,2J 262B,MUMBAI
EXH1138,SHAH GEMS,INDIAN-DOMESTIC (default — unconfirmed against a company registry),India (assumed),Default classification: not listed under a GJEPC 'International *' section and city field (if present) is an Indian city; no foreign signal found. Not independently verified.,the_select_club,Hall JASMINE,Club-AE 30d,JAIPUR
EXH300,SHAH TOOLS,INDIAN-DOMESTIC (default — unconfirmed against a company registry),India (assumed),Default classification: not listed under a GJEPC 'International *' section and city field (if present) is an Indian city; no foreign signal found. Not independently verified.,machinery,Hall 5,5V 571H,MUMBAI
EXH866,SHAH VANAJI KESAJI & CO.,INDIAN-DOMESTIC (default — unconfirmed against a company registry),India (assumed),Default classification: not listed under a GJEPC 'International *' section and city field (if present) is an Indian city; no foreign signal found. Not independently verified.,plain_gold,Hall 3,3L 368B,MUMBAI
EXH1948,SHAILESH JEWELLERS,INDIAN-DOMESTIC (default — unconfirmed against a company registry),India (assumed),Default classification: not listed under a GJEPC 'International *' section and city field (if present) is an Indian city; no foreign signal found. Not independently verified.,plain_gold,Hall 3,3M 386,MUMBAI
EXH889,SHAKTI ENTERPRISE,INDIAN-DOMESTIC (default — unconfirmed against a company registry),India (assumed),Default classification: not listed under a GJEPC 'International *' section and city field (if present) is an Indian city; no foreign signal found. Not independently verified.,loose_stones_diamonds,Hall Pavillion,JIO-H 13f,MUMBAI
EXH1134,SHAKTI JEWELLERS PVT. LTD.,INDIAN-DOMESTIC (default — unconfirmed against a company registry),India (assumed),Default classification: not listed under a GJEPC 'International *' section and city field (if present) is an Indian city; no foreign signal found. Not independently verified.,plain_gold,Hall 6,6A 011,MUMBAI
EXH876,SHALINI JEWELS EXPORT,INDIAN-DOMESTIC (default — unconfirmed against a company registry),India (assumed),Default classification: not listed under a GJEPC 'International *' section and city field (if present) is an Indian city; no foreign signal found. Not independently verified.,diamond_colorstone,Hall 6,6Q 108C,MUMBAI
EXH647,SHANKESHWAR JEWELCRAFT PVT LTD,INDIAN-DOMESTIC (default — unconfirmed against a company registry),India (assumed),Default classification: not listed under a GJEPC 'International *' section and city field (if present) is an Indian city; no foreign signal found. Not independently verified.,plain_gold,Hall 6,6R 128A,MUMBAI
EXH1829,SHANKHESHWAR JEWELLERS,INDIAN-DOMESTIC (default — unconfirmed against a company registry),India (assumed),Default classification: not listed under a GJEPC 'International *' section and city field (if present) is an Indian city; no foreign signal found. Not independently verified.,plain_gold,Hall 4,4S 488B,MUMBAI
EXH1457,SHANTI JEWELLERS,INDIAN-DOMESTIC (default — unconfirmed against a company registry),India (assumed),Default classification: not listed under a GJEPC 'International *' section and city field (if present) is an Indian city; no foreign signal found. Not independently verified.,plain_gold,Hall 2,2K 303,MUMBAI
EXH1186,SHANTI SETH JEWELLERS,INDIAN-DOMESTIC (default — unconfirmed against a company registry),India (assumed),Default classification: not listed under a GJEPC 'International *' section and city field (if present) is an Indian city; no foreign signal found. Not independently verified.,the_select_club,Hall JASMINE,Club-AA 2a,MUMBAI
EXH1215,SHANTI SONS,INDIAN-DOMESTIC (default — unconfirmed against a company registry),India (assumed),Default classification: not listed under a GJEPC 'International *' section and city field (if present) is an Indian city; no foreign signal found. Not independently verified.,diamond_colorstone,Hall 2,2H 213,MUMBAI
EXH931,SHANTILAL JEWELLERS,INDIAN-DOMESTIC (default — unconfirmed against a company registry),India (assumed),Default classification: not listed under a GJEPC 'International *' section and city field (if present) is an Indian city; no foreign signal found. Not independently verified.,plain_gold,Hall 2,2K 312,MUMBAI
EXH30,SHARAAN INFOSYSTEMS,INDIAN-DOMESTIC (default — unconfirmed against a company registry),India (assumed),Default classification: not listed under a GJEPC 'International *' section and city field (if present) is an Indian city; no foreign signal found. Not independently verified.,allied,Hall Aurum,AU 014,BENGALURU
EXH1541,SHARAD VIJAY JEWELLERS,INDIAN-DOMESTIC (default — unconfirmed against a company registry),India (assumed),Default classification: not listed under a GJEPC 'International *' section and city field (if present) is an Indian city; no foreign signal found. Not independently verified.,loose_stones_color_stones,Hall LOTUS,JIO-AR 59d,JAIPUR
EXH800,SHARDA JEWELS,INDIAN-DOMESTIC (default — unconfirmed against a company registry),India (assumed),Default classification: not listed under a GJEPC 'International *' section and city field (if present) is an Indian city; no foreign signal found. Not independently verified.,plain_gold,Hall 4,4S 490D,MUMBAI
EXH2050,SHARJAH AIRPORT INTERNATIONAL FREE ZONE AUTHORITY,FOREIGN,United Arab Emirates,"GJEPC exhibitor-list Section field = 'International Loose' (organizer-assigned foreign/international pavilion category, distinct from domestic sections like plain_gold/diamond_colorstone/silver_jewellery_artifacts); City field = 'SHARJAH' -> country inferred",International Loose,Hall LOTUS,JIO-AQ 54e,SHARJAH
EXH115,SHEEN AI,INDIAN-DOMESTIC (default — unconfirmed against a company registry),India (assumed),Default classification: not listed under a GJEPC 'International *' section and city field (if present) is an Indian city; no foreign signal found. Not independently verified.,allied,Hall Aurum,AU 012,MUMBAI
EXH330,SHEETAL JEWELLERY HOUSE LLP,INDIAN-DOMESTIC (default — unconfirmed against a company registry),India (assumed),Default classification: not listed under a GJEPC 'International *' section and city field (if present) is an Indian city; no foreign signal found. Not independently verified.,loose_stones_diamonds,Hall Pavillion,JIO-E 9g,MUMBAI
EXH333,SHEETAL JEWELLERY HOUSE LLP,INDIAN-DOMESTIC (default — unconfirmed against a company registry),India (assumed),Default classification: not listed under a GJEPC 'International *' section and city field (if present) is an Indian city; no foreign signal found. Not independently verified.,diamond_colorstone,Hall 4,4R 456,MUMBAI
EXH541,SHEETAL SOLITAIRE LLP,INDIAN-DOMESTIC (default — unconfirmed against a company registry),India (assumed),Default classification: not listed under a GJEPC 'International *' section and city field (if present) is an Indian city; no foreign signal found. Not independently verified.,diamond_colorstone,Hall 6,6N 098B,MUMBAI
EXH2144,SHENZHEN SHANGYUAN DECORATION DESIGN ENGINEERING CO LTD,FOREIGN,China,"GJEPC exhibitor-list Section field = 'International Machinery' (organizer-assigned foreign/international pavilion category, distinct from domestic sections like plain_gold/diamond_colorstone/silver_jewellery_artifacts); City field = 'SHENZHEN' -> country inferred",International Machinery,Hall 5,5U 518,SHENZHEN
EXH1980,SHILP CHAINS,INDIAN-DOMESTIC (default — unconfirmed against a company registry),India (assumed),Default classification: not listed under a GJEPC 'International *' section and city field (if present) is an Indian city; no foreign signal found. Not independently verified.,plain_gold,Hall Pavillion,JIO-H 14n,SURAT
EXH1764,SHILPAM JEWELS,INDIAN-DOMESTIC (default — unconfirmed against a company registry),India (assumed),Default classification: not listed under a GJEPC 'International *' section and city field (if present) is an Indian city; no foreign signal found. Not independently verified.,plain_gold,Hall 3,3L 346,MUMBAI
EXH1099,SHINJINI JEWELS LLP,INDIAN-DOMESTIC (default — unconfirmed against a company registry),India (assumed),Default classification: not listed under a GJEPC 'International *' section and city field (if present) is an Indian city; no foreign signal found. Not independently verified.,diamond_colorstone,Hall 6,6L 077B,MUMBAI
EXH558,SHIROM,INDIAN-DOMESTIC (default — unconfirmed against a company registry),India (assumed),Default classification: not listed under a GJEPC 'International *' section and city field (if present) is an Indian city; no foreign signal found. Not independently verified.,silver_jewellery_artifacts,Hall Pavillion,JIO-Q 27p,JAIPUR
EXH1760,SHISH JEWELS LIMITED,INDIAN-DOMESTIC (default — unconfirmed against a company registry),India (assumed),Default classification: not listed under a GJEPC 'International *' section and city field (if present) is an Indian city; no foreign signal found. Not independently verified.,diamond_colorstone,Hall 3,3Q 408A,SURAT
EXH1712,SHIV ENTERPRISES,INDIAN-DOMESTIC (default — unconfirmed against a company registry),India (assumed),Default classification: not listed under a GJEPC 'International *' section and city field (if present) is an Indian city; no foreign signal found. Not independently verified.,silver_jewellery_artifacts,Hall Pavillion,JIO-R 32d,NEW DELHI
EXH686,SHIV SILVER,INDIAN-DOMESTIC (default — unconfirmed against a company registry),India (assumed),Default classification: not listed under a GJEPC 'International *' section and city field (if present) is an Indian city; no foreign signal found. Not independently verified.,silver_jewellery_artifacts,Hall Pavillion,JIO-Y 44j,MUMBAI
EXH1325,SHIVA JEWELLERS,INDIAN-DOMESTIC (default — unconfirmed against a company registry),India (assumed),Default classification: not listed under a GJEPC 'International *' section and city field (if present) is an Indian city; no foreign signal found. Not independently verified.,diamond_colorstone,Hall 6,6N 095A,NEW DELHI
EXH376,SHIVAM JEWELLERS,INDIAN-DOMESTIC (default — unconfirmed against a company registry),India (assumed),Default classification: not listed under a GJEPC 'International *' section and city field (if present) is an Indian city; no foreign signal found. Not independently verified.,plain_gold,Hall Pavillion,JIO-D 5n,UDAIPUR
EXH1842,SHIVAM JEWELLERS,INDIAN-DOMESTIC (default — unconfirmed against a company registry),India (assumed),Default classification: not listed under a GJEPC 'International *' section and city field (if present) is an Indian city; no foreign signal found. Not independently verified.,diamond_colorstone,Hall 3,3P 415C,KOLKATA
EXH615,SHIVAM JEWELS AND ARTS LLP,INDIAN-DOMESTIC (default — unconfirmed against a company registry),India (assumed),Default classification: not listed under a GJEPC 'International *' section and city field (if present) is an Indian city; no foreign signal found. Not independently verified.,the_select_club,Hall JASMINE,Club-AB 15d,JAIPUR
EXH975,SHIVANI GEMS,INDIAN-DOMESTIC (default — unconfirmed against a company registry),India (assumed),Default classification: not listed under a GJEPC 'International *' section and city field (if present) is an Indian city; no foreign signal found. Not independently verified.,loose_stones_color_stones,Hall JASMINE,JIO-AG 42e,JAIPUR
EXH1435,SHIVENDRA JEWELLERS PVT LTD,INDIAN-DOMESTIC (default — unconfirmed against a company registry),India (assumed),Default classification: not listed under a GJEPC 'International *' section and city field (if present) is an Indian city; no foreign signal found. Not independently verified.,plain_gold,Hall Pavillion,JIO-D 6j,PUNE
EXH1418,SHIVIN JEWELLERS,INDIAN-DOMESTIC (default — unconfirmed against a company registry),India (assumed),Default classification: not listed under a GJEPC 'International *' section and city field (if present) is an Indian city; no foreign signal found. Not independently verified.,plain_gold,Hall Pavillion,JIO-L 19q,JAIPUR
EXH1161,SHIVNARAYAN JEWELLERS PRIVATE LIMITED,INDIAN-DOMESTIC (default — unconfirmed against a company registry),India (assumed),Default classification: not listed under a GJEPC 'International *' section and city field (if present) is an Indian city; no foreign signal found. Not independently verified.,diamond_colorstone,Hall 6,6K 074A,HYDERABAD
EXH1709,SHOBHAVAT JEWELS,INDIAN-DOMESTIC (default — unconfirmed against a company registry),India (assumed),Default classification: not listed under a GJEPC 'International *' section and city field (if present) is an Indian city; no foreign signal found. Not independently verified.,plain_gold,Hall Pavillion,JIO-B 1k,MUMBAI
EXH604,SHRADDHA GOLDS INDIA PVT LTD,INDIAN-DOMESTIC (default — unconfirmed against a company registry),India (assumed),Default classification: not listed under a GJEPC 'International *' section and city field (if present) is an Indian city; no foreign signal found. Not independently verified.,plain_gold,Hall 2,2K 310,SURAT
EXH725,SHREE AMBIKA GOLD,INDIAN-DOMESTIC (default — unconfirmed against a company registry),India (assumed),Default classification: not listed under a GJEPC 'International *' section and city field (if present) is an Indian city; no foreign signal found. Not independently verified.,plain_gold,Hall Pavillion,JIO-F 11g,MUMBAI
EXH2007,SHREE BALAJI GOLD,INDIAN-DOMESTIC (default — unconfirmed against a company registry),India (assumed),Default classification: not listed under a GJEPC 'International *' section and city field (if present) is an Indian city; no foreign signal found. Not independently verified.,diamond_colorstone,Hall 3,3Q 423,DELHI
EXH12,SHREE CHINTAMANI ORNA,INDIAN-DOMESTIC (default — unconfirmed against a company registry),India (assumed),Default classification: not listed under a GJEPC 'International *' section and city field (if present) is an Indian city; no foreign signal found. Not independently verified.,plain_gold,Hall 2,2G 163,SURAT
EXH1223,SHREE DARSHAN JEWELLERS,INDIAN-DOMESTIC (default — unconfirmed against a company registry),India (assumed),Default classification: not listed under a GJEPC 'International *' section and city field (if present) is an Indian city; no foreign signal found. Not independently verified.,plain_gold,Hall Pavillion,JIO-L 22c,MUMBAI
EXH394,SHREE DEV JEWELS,INDIAN-DOMESTIC (default — unconfirmed against a company registry),India (assumed),Default classification: not listed under a GJEPC 'International *' section and city field (if present) is an Indian city; no foreign signal found. Not independently verified.,plain_gold,Hall 3,3L 374C,MUMBAI
EXH1773,SHREE DHAN VERSHA JEWELLERS,INDIAN-DOMESTIC (default — unconfirmed against a company registry),India (assumed),Default classification: not listed under a GJEPC 'International *' section and city field (if present) is an Indian city; no foreign signal found. Not independently verified.,silver_jewellery_artifacts,Hall Pavillion,JIO-T 35e,BENGALURU
EXH331,SHREE DIAM,INDIAN-DOMESTIC (default — unconfirmed against a company registry),India (assumed),Default classification: not listed under a GJEPC 'International *' section and city field (if present) is an Indian city; no foreign signal found. Not independently verified.,loose_stones_diamonds,Hall Pavillion,JIO-L 20m,DELHI
EXH1019,SHREE DIAMOND,INDIAN-DOMESTIC (default — unconfirmed against a company registry),India (assumed),Default classification: not listed under a GJEPC 'International *' section and city field (if present) is an Indian city; no foreign signal found. Not independently verified.,diamond_colorstone,Hall 3,3P 414C,MUMBAI
EXH1852,SHREE GUPTA JEWELS,INDIAN-DOMESTIC (default — unconfirmed against a company registry),India (assumed),Default classification: not listed under a GJEPC 'International *' section and city field (if present) is an Indian city; no foreign signal found. Not independently verified.,plain_gold,Hall 6,6C 020D,HYDERABAD
EXH819,SHREE HARI KRUPA JEWEL,INDIAN-DOMESTIC (default — unconfirmed against a company registry),India (assumed),Default classification: not listed under a GJEPC 'International *' section and city field (if present) is an Indian city; no foreign signal found. Not independently verified.,diamond_colorstone,Hall 3,3Q 444,SURAT
EXH1162,SHREE HARSIDDHI JEWELLERS LLP,INDIAN-DOMESTIC (default — unconfirmed against a company registry),India (assumed),Default classification: not listed under a GJEPC 'International *' section and city field (if present) is an Indian city; no foreign signal found. Not independently verified.,plain_gold,Hall Pavillion,JIO-K 19a,MUMBAI
EXH592,SHREE JEE EXPORTS,INDIAN-DOMESTIC (default — unconfirmed against a company registry),India (assumed),Default classification: not listed under a GJEPC 'International *' section and city field (if present) is an Indian city; no foreign signal found. Not independently verified.,loose_stones_color_stones,Hall JASMINE,JIO-AG 38b,JAIPUR
EXH1616,SHREE JEE JEWELLERS,INDIAN-DOMESTIC (default — unconfirmed against a company registry),India (assumed),Default classification: not listed under a GJEPC 'International *' section and city field (if present) is an Indian city; no foreign signal found. Not independently verified.,the_select_club,Hall JASMINE,Club-AC 18d,JAIPUR
EXH1994,SHREE JEE JEWELLERS JAIPUR,INDIAN-DOMESTIC (default — unconfirmed against a company registry),India (assumed),Default classification: not listed under a GJEPC 'International *' section and city field (if present) is an Indian city; no foreign signal found. Not independently verified.,plain_gold,Hall Pavillion,JIO-B 1i,JAIPUR
EXH895,SHREE JEWELLERS,INDIAN-DOMESTIC (default — unconfirmed against a company registry),India (assumed),Default classification: not listed under a GJEPC 'International *' section and city field (if present) is an Indian city; no foreign signal found. Not independently verified.,plain_gold,Hall 4,4S 489D,MUMBAI
EXH479,SHREE JEWELS,INDIAN-DOMESTIC (default — unconfirmed against a company registry),India (assumed),Default classification: not listed under a GJEPC 'International *' section and city field (if present) is an Indian city; no foreign signal found. Not independently verified.,diamond_colorstone,Hall 6,6N 093E,JAIPUR
EXH553,SHREE JI IMPEX,INDIAN-DOMESTIC (default — unconfirmed against a company registry),India (assumed),Default classification: not listed under a GJEPC 'International *' section and city field (if present) is an Indian city; no foreign signal found. Not independently verified.,diamond_colorstone,Hall 6,6N 095E,JAIPUR
EXH699,SHREE KRUPA GOLD,INDIAN-DOMESTIC (default — unconfirmed against a company registry),India (assumed),Default classification: not listed under a GJEPC 'International *' section and city field (if present) is an Indian city; no foreign signal found. Not independently verified.,plain_gold,Hall Pavillion,JIO-M 22p,MUMBAI
EXH974,SHREE MAHAVIR SILVER ART,INDIAN-DOMESTIC (default — unconfirmed against a company registry),India (assumed),Default classification: not listed under a GJEPC 'International *' section and city field (if present) is an Indian city; no foreign signal found. Not independently verified.,silver_jewellery_artifacts,Hall Pavillion,JIO-R 31f,RAJKOT
EXH1793,SHREE MANGAL JEWELS PVT LTD,INDIAN-DOMESTIC (default — unconfirmed against a company registry),India (assumed),Default classification: not listed under a GJEPC 'International *' section and city field (if present) is an Indian city; no foreign signal found. Not independently verified.,plain_gold,Hall 3,3Q 416,MUMBAI
EXH354,SHREE MANGAL PALACE,INDIAN-DOMESTIC (default — unconfirmed against a company registry),India (assumed),Default classification: not listed under a GJEPC 'International *' section and city field (if present) is an Indian city; no foreign signal found. Not independently verified.,plain_gold,Hall 2,2K 270A,MUMBAI
EXH489,SHREE NAKODA CREATION,INDIAN-DOMESTIC (default — unconfirmed against a company registry),India (assumed),Default classification: not listed under a GJEPC 'International *' section and city field (if present) is an Indian city; no foreign signal found. Not independently verified.,plain_gold,Hall 6,6A 016C,MUMBAI
EXH492,SHREE NATH ABHUSHAN BHANDAR,INDIAN-DOMESTIC (default — unconfirmed against a company registry),India (assumed),Default classification: not listed under a GJEPC 'International *' section and city field (if present) is an Indian city; no foreign signal found. Not independently verified.,plain_gold,Hall 2,2K 304,JAIPUR
EXH1358,SHREE NATH GEMS,INDIAN-DOMESTIC (default — unconfirmed against a company registry),India (assumed),Default classification: not listed under a GJEPC 'International *' section and city field (if present) is an Indian city; no foreign signal found. Not independently verified.,loose_stones_color_stones,Hall JASMINE,JIO-AJ 44n,JAIPUR
EXH1955,SHREE NIDHI,INDIAN-DOMESTIC (default — unconfirmed against a company registry),India (assumed),Default classification: not listed under a GJEPC 'International *' section and city field (if present) is an Indian city; no foreign signal found. Not independently verified.,loose_stones_color_stones,Hall JASMINE,JIO-AH 43d,JAIPUR
EXH145,SHREE PAGARIYA JEWELLERS PVT LTD,INDIAN-DOMESTIC (default — unconfirmed against a company registry),India (assumed),Default classification: not listed under a GJEPC 'International *' section and city field (if present) is an Indian city; no foreign signal found. Not independently verified.,plain_gold,Hall 3,3L 365B,RAIPUR
EXH2073,"SHREE PETCH & PLOY CO., LTD",FOREIGN,Thailand,"GJEPC exhibitor-list Section field = 'International Loose' (organizer-assigned foreign/international pavilion category, distinct from domestic sections like plain_gold/diamond_colorstone/silver_jewellery_artifacts); City field = 'BANGKOK' -> country inferred",International Loose,Hall LOTUS,JIO-AN 53b,BANGKOK
EXH258,SHREE RADHE DIAMONDS,INDIAN-DOMESTIC (default — unconfirmed against a company registry),India (assumed),Default classification: not listed under a GJEPC 'International *' section and city field (if present) is an Indian city; no foreign signal found. Not independently verified.,diamond_colorstone,Hall 4,4R 461B,HYDERABAD
EXH756,SHREE RAJ MARKETING,INDIAN-DOMESTIC (default — unconfirmed against a company registry),India (assumed),Default classification: not listed under a GJEPC 'International *' section and city field (if present) is an Indian city; no foreign signal found. Not independently verified.,allied,Hall Aurum,AU 019B,HYDERABAD
EXH1270,SHREE RAJ RAJENDRA GOLD,INDIAN-DOMESTIC (default — unconfirmed against a company registry),India (assumed),Default classification: not listed under a GJEPC 'International *' section and city field (if present) is an Indian city; no foreign signal found. Not independently verified.,plain_gold,Hall 2,2G 150,MUMBAI
EXH1687,SHREE RAM INTERNATIONAL,INDIAN-DOMESTIC (default — unconfirmed against a company registry),India (assumed),Default classification: not listed under a GJEPC 'International *' section and city field (if present) is an Indian city; no foreign signal found. Not independently verified.,loose_stones_color_stones,Hall JASMINE,JIO-AH 44c,JAIPUR
EXH873,SHREE RAM KRIPA,INDIAN-DOMESTIC (default — unconfirmed against a company registry),India (assumed),Default classification: not listed under a GJEPC 'International *' section and city field (if present) is an Indian city; no foreign signal found. Not independently verified.,allied,Hall Aurum,AU 020F,MUMBAI
EXH1778,SHREE RAMKRISHNA EXPORTS P.LTD,INDIAN-DOMESTIC (default — unconfirmed against a company registry),India (assumed),Default classification: not listed under a GJEPC 'International *' section and city field (if present) is an Indian city; no foreign signal found. Not independently verified.,loose_stones_diamonds,Hall Pavillion,JIO-F 12d,MUMBAI
EXH107,SHREE RAPID TECHNOLOGIES,INDIAN-DOMESTIC (default — unconfirmed against a company registry),India (assumed),Default classification: not listed under a GJEPC 'International *' section and city field (if present) is an Indian city; no foreign signal found. Not independently verified.,machinery,Hall 5,5V 576A,MUMBAI
EXH1612,SHREE RATNA JEWELS,INDIAN-DOMESTIC (default — unconfirmed against a company registry),India (assumed),Default classification: not listed under a GJEPC 'International *' section and city field (if present) is an Indian city; no foreign signal found. Not independently verified.,plain_gold,Hall Pavillion,JIO-B 4i,RAJKOT
EXH774,SHREE RATNAMANGAL JEWELS  PVT LTD,INDIAN-DOMESTIC (default — unconfirmed against a company registry),India (assumed),Default classification: not listed under a GJEPC 'International *' section and city field (if present) is an Indian city; no foreign signal found. Not independently verified.,plain_gold,Hall 3,3M 387,MUMBAI
EXH1465,SHREE RISHABH GOLD PVT. LTD.,INDIAN-DOMESTIC (default — unconfirmed against a company registry),India (assumed),Default classification: not listed under a GJEPC 'International *' section and city field (if present) is an Indian city; no foreign signal found. Not independently verified.,plain_gold,Hall 2,2F 128,MUMBAI
EXH1504,SHREE SANKHESWAR DARSHAN IMPEX,INDIAN-DOMESTIC (default — unconfirmed against a company registry),India (assumed),Default classification: not listed under a GJEPC 'International *' section and city field (if present) is an Indian city; no foreign signal found. Not independently verified.,plain_gold,Hall 4,4T 491E,MUMBAI
EXH39,SHREE SANTOSHI JEWELLERS LLP,INDIAN-DOMESTIC (default — unconfirmed against a company registry),India (assumed),Default classification: not listed under a GJEPC 'International *' section and city field (if present) is an Indian city; no foreign signal found. Not independently verified.,silver_jewellery_artifacts,Hall Pavillion,JIO-T 35f,AHMEDABAD
EXH1517,SHREE SHARDA CHAINS PVT. LTD.,INDIAN-DOMESTIC (default — unconfirmed against a company registry),India (assumed),Default classification: not listed under a GJEPC 'International *' section and city field (if present) is an Indian city; no foreign signal found. Not independently verified.,plain_gold,Hall 3,3L 366D,DELHI
EXH1094,SHREE SHYAM EXPORTS,INDIAN-DOMESTIC (default — unconfirmed against a company registry),India (assumed),Default classification: not listed under a GJEPC 'International *' section and city field (if present) is an Indian city; no foreign signal found. Not independently verified.,loose_stones_color_stones,Hall JASMINE,JIO-AJ 43j,JAIPUR
EXH1521,SHREE SIDDHI VINAYAK JEWELLERS,INDIAN-DOMESTIC (default — unconfirmed against a company registry),India (assumed),Default classification: not listed under a GJEPC 'International *' section and city field (if present) is an Indian city; no foreign signal found. Not independently verified.,plain_gold,Hall 3,3L 359,KOLKATA
EXH1391,SHREE SIDDHI VINAYAK JEWELS,INDIAN-DOMESTIC (default — unconfirmed against a company registry),India (assumed),Default classification: not listed under a GJEPC 'International *' section and city field (if present) is an Indian city; no foreign signal found. Not independently verified.,diamond_colorstone,Hall 6,6P 105C,HYDERABAD
EXH1705,SHREE SIDDHIVINAYAK  ENTERPRISES,INDIAN-DOMESTIC (default — unconfirmed against a company registry),India (assumed),Default classification: not listed under a GJEPC 'International *' section and city field (if present) is an Indian city; no foreign signal found. Not independently verified.,loose_stones_color_stones,Hall JASMINE,JIO-AH 42i,MUMBAI
EXH1514,SHREE TRADING CO.,INDIAN-DOMESTIC (default — unconfirmed against a company registry),India (assumed),Default classification: not listed under a GJEPC 'International *' section and city field (if present) is an Indian city; no foreign signal found. Not independently verified.,silver_jewellery_artifacts,Hall Pavillion,JIO-R 29g,NEW DELHI
EXH223,SHREE VIKRAM JEWELLERS,INDIAN-DOMESTIC (default — unconfirmed against a company registry),India (assumed),Default classification: not listed under a GJEPC 'International *' section and city field (if present) is an Indian city; no foreign signal found. Not independently verified.,diamond_colorstone,Hall 3,3P 392A,AHMEDABAD
EXH322,SHREEHARI ELECTROCHEM LLP,INDIAN-DOMESTIC (default — unconfirmed against a company registry),India (assumed),Default classification: not listed under a GJEPC 'International *' section and city field (if present) is an Indian city; no foreign signal found. Not independently verified.,machinery,Hall 5,5V 599,SURAT
EXH1664,SHREEJI GEMS,INDIAN-DOMESTIC (default — unconfirmed against a company registry),India (assumed),Default classification: not listed under a GJEPC 'International *' section and city field (if present) is an Indian city; no foreign signal found. Not independently verified.,loose_stones_color_stones,Hall JASMINE,JIO-AG 42c,MUMBAI
EXH1635,SHREEJI JEWELLERS,INDIAN-DOMESTIC (default — unconfirmed against a company registry),India (assumed),Default classification: not listed under a GJEPC 'International *' section and city field (if present) is an Indian city; no foreign signal found. Not independently verified.,plain_gold,Hall Pavillion,JIO-C 6b,RAJKOT
EXH1316,SHREEJI JEWELS,INDIAN-DOMESTIC (default — unconfirmed against a company registry),India (assumed),Default classification: not listed under a GJEPC 'International *' section and city field (if present) is an Indian city; no foreign signal found. Not independently verified.,loose_stones_color_stones,Hall JASMINE,JIO-AJ 43l,MUMBAI
EXH1895,SHREENI JEWELLERS,INDIAN-DOMESTIC (default — unconfirmed against a company registry),India (assumed),Default classification: not listed under a GJEPC 'International *' section and city field (if present) is an Indian city; no foreign signal found. Not independently verified.,plain_gold,Hall 2,2K 288,RAJKOT
EXH1913,SHREESHRISHTI JEWELS,INDIAN-DOMESTIC (default — unconfirmed against a company registry),India (assumed),Default classification: not listed under a GJEPC 'International *' section and city field (if present) is an Indian city; no foreign signal found. Not independently verified.,plain_gold,Hall 4,4T 500F,MUMBAI
EXH1030,SHREEYASH JEWELLERS (INDIA) PVT LTD,INDIAN-DOMESTIC (default — unconfirmed against a company registry),India (assumed),Default classification: not listed under a GJEPC 'International *' section and city field (if present) is an Indian city; no foreign signal found. Not independently verified.,diamond_colorstone,Hall 6,6M 093C,HYDERABAD
EXH51,SHRI AJEETNATH ENTERPRISES,INDIAN-DOMESTIC (default — unconfirmed against a company registry),India (assumed),Default classification: not listed under a GJEPC 'International *' section and city field (if present) is an Indian city; no foreign signal found. Not independently verified.,allied,Hall Aurum,AU 020C,MATHURA
EXH267,SHRI BANU DIAMOND,INDIAN-DOMESTIC (default — unconfirmed against a company registry),India (assumed),Default classification: not listed under a GJEPC 'International *' section and city field (if present) is an Indian city; no foreign signal found. Not independently verified.,diamond_colorstone,Hall 6,6Q 106,COIMBATORE
EXH1070,SHRI J. K. SILVER HOUSE,INDIAN-DOMESTIC (default — unconfirmed against a company registry),India (assumed),Default classification: not listed under a GJEPC 'International *' section and city field (if present) is an Indian city; no foreign signal found. Not independently verified.,silver_jewellery_artifacts,Hall Pavillion,JIO-Y 44h,MUMBAI
EXH849,SHRI MILAN ORNAMENTS PRIVATE LIMITED,INDIAN-DOMESTIC (default — unconfirmed against a company registry),India (assumed),Default classification: not listed under a GJEPC 'International *' section and city field (if present) is an Indian city; no foreign signal found. Not independently verified.,plain_gold,Hall 3,3L 363F,MUMBAI
EXH664,SHRI NAVYAA CREATION JEWELSZ PRIVATE LIMITED,INDIAN-DOMESTIC (default — unconfirmed against a company registry),India (assumed),Default classification: not listed under a GJEPC 'International *' section and city field (if present) is an Indian city; no foreign signal found. Not independently verified.,diamond_colorstone,Hall 3,3N 391B,MUMBAI
EXH255,SHRI PEARL CORAL,INDIAN-DOMESTIC (default — unconfirmed against a company registry),India (assumed),Default classification: not listed under a GJEPC 'International *' section and city field (if present) is an Indian city; no foreign signal found. Not independently verified.,loose_stones_color_stones,Hall LOTUS,JIO-AS 60c,JAIPUR
EXH19,SHRI R K ENGINEERING WORKS,INDIAN-DOMESTIC (default — unconfirmed against a company registry),India (assumed),Default classification: not listed under a GJEPC 'International *' section and city field (if present) is an Indian city; no foreign signal found. Not independently verified.,machinery,Hall Aurum,AU 034,AGRA
EXH1053,SHRI RAGHAV JEWELLERS,INDIAN-DOMESTIC (default — unconfirmed against a company registry),India (assumed),Default classification: not listed under a GJEPC 'International *' section and city field (if present) is an Indian city; no foreign signal found. Not independently verified.,plain_gold,Hall Pavillion,JIO-K 19h,DELHI
EXH2000,SHRI RAM JEWELS,INDIAN-DOMESTIC (default — unconfirmed against a company registry),India (assumed),Default classification: not listed under a GJEPC 'International *' section and city field (if present) is an Indian city; no foreign signal found. Not independently verified.,plain_gold,Hall 3,3L 345,RAJKOT
EXH1661,SHRI RISHAB GOLD,INDIAN-DOMESTIC (default — unconfirmed against a company registry),India (assumed),Default classification: not listed under a GJEPC 'International *' section and city field (if present) is an Indian city; no foreign signal found. Not independently verified.,plain_gold,Hall 2,2G 178,MUMBAI
EXH1537,SHRI VARDHMAN ORNAMENTS  PVT.LTD.,INDIAN-DOMESTIC (default — unconfirmed against a company registry),India (assumed),Default classification: not listed under a GJEPC 'International *' section and city field (if present) is an Indian city; no foreign signal found. Not independently verified.,plain_gold,Hall Pavillion,JIO-D 6l,AHMEDABAD
EXH965,SHRIARIHANT MANGAL EXPO IMPO PVT. LTD.,INDIAN-DOMESTIC (default — unconfirmed against a company registry),India (assumed),Default classification: not listed under a GJEPC 'International *' section and city field (if present) is an Indian city; no foreign signal found. Not independently verified.,silver_jewellery_artifacts,Hall Pavillion,JIO-R 30q,JAIPUR
EXH1952,SHRINGAR CREATIONS,INDIAN-DOMESTIC (default — unconfirmed against a company registry),India (assumed),Default classification: not listed under a GJEPC 'International *' section and city field (if present) is an Indian city; no foreign signal found. Not independently verified.,diamond_colorstone,Hall 6,6Q 103A,BHOPAL
EXH830,SHRIPATI GOLD ORNAMENTS PRIVATE LIMITED,INDIAN-DOMESTIC (default — unconfirmed against a company registry),India (assumed),Default classification: not listed under a GJEPC 'International *' section and city field (if present) is an Indian city; no foreign signal found. Not independently verified.,plain_gold,Hall 4,4S 493B,MUMBAI
EXH353,SHRISANKALP JEWELS INDIA PRIVATE LIMITED,INDIAN-DOMESTIC (default — unconfirmed against a company registry),India (assumed),Default classification: not listed under a GJEPC 'International *' section and city field (if present) is an Indian city; no foreign signal found. Not independently verified.,plain_gold,Hall Pavillion,JIO-P 26k,MUMBAI
EXH454,SHRUNGAR JEWELLERS,INDIAN-DOMESTIC (default — unconfirmed against a company registry),India (assumed),Default classification: not listed under a GJEPC 'International *' section and city field (if present) is an Indian city; no foreign signal found. Not independently verified.,diamond_colorstone,Hall 3,3N 397B,AHMEDABAD
EXH370,SHUBH DIAMONDS,INDIAN-DOMESTIC (default — unconfirmed against a company registry),India (assumed),Default classification: not listed under a GJEPC 'International *' section and city field (if present) is an Indian city; no foreign signal found. Not independently verified.,diamond_colorstone,Hall 3,3P 405D,CHENNAI
EXH1771,SHUBH GOLD,INDIAN-DOMESTIC (default — unconfirmed against a company registry),India (assumed),Default classification: not listed under a GJEPC 'International *' section and city field (if present) is an Indian city; no foreign signal found. Not independently verified.,plain_gold,Hall 3,3L 358A,MUMBAI
EXH1731,SHUBH JEWELLERY INDIA LLP,INDIAN-DOMESTIC (default — unconfirmed against a company registry),India (assumed),Default classification: not listed under a GJEPC 'International *' section and city field (if present) is an Indian city; no foreign signal found. Not independently verified.,the_select_club,Hall JASMINE,Club-AA 3b,MUMBAI
EXH424,SHUBHAM MOTIWALA & JEWELLERS PVT. LTD.,INDIAN-DOMESTIC (default — unconfirmed against a company registry),India (assumed),Default classification: not listed under a GJEPC 'International *' section and city field (if present) is an Indian city; no foreign signal found. Not independently verified.,plain_gold,Hall 6,6C 029B,MUMBAI
EXH1268,SHUBHAM SILVER,INDIAN-DOMESTIC (default — unconfirmed against a company registry),India (assumed),Default classification: not listed under a GJEPC 'International *' section and city field (if present) is an Indian city; no foreign signal found. Not independently verified.,silver_jewellery_artifacts,Hall Pavillion,JIO-S 34b,MUMBAI
EXH813,SHUBHPRATEEK JEWELS,INDIAN-DOMESTIC (default — unconfirmed against a company registry),India (assumed),Default classification: not listed under a GJEPC 'International *' section and city field (if present) is an Indian city; no foreign signal found. Not independently verified.,diamond_colorstone,Hall 6,6R 127E,JAIPUR
EXH1837,SHUKRATARA,INDIAN-DOMESTIC (default — unconfirmed against a company registry),India (assumed),Default classification: not listed under a GJEPC 'International *' section and city field (if present) is an Indian city; no foreign signal found. Not independently verified.,diamond_colorstone,Hall 3,3Q 441,MUMBAI
EXH1187,SHWET RATAN IMPEX,INDIAN-DOMESTIC (default — unconfirmed against a company registry),India (assumed),Default classification: not listed under a GJEPC 'International *' section and city field (if present) is an Indian city; no foreign signal found. Not independently verified.,loose_stones_color_stones,Hall JASMINE,JIO-AG 39b,MUMBAI
EXH603,SHWETA CREATIONS,INDIAN-DOMESTIC (default — unconfirmed against a company registry),India (assumed),Default classification: not listed under a GJEPC 'International *' section and city field (if present) is an Indian city; no foreign signal found. Not independently verified.,diamond_colorstone,Hall 2,2J 257A,JAIPUR
EXH594,SHYAMSUNDER & BROS,INDIAN-DOMESTIC (default — unconfirmed against a company registry),India (assumed),Default classification: not listed under a GJEPC 'International *' section and city field (if present) is an Indian city; no foreign signal found. Not independently verified.,plain_gold,Hall Pavillion,JIO-A 1b,MUMBAI
EXH271,SIAM JEWELS PRIVATE LIMITED,INDIAN-DOMESTIC (default — unconfirmed against a company registry),India (assumed),Default classification: not listed under a GJEPC 'International *' section and city field (if present) is an Indian city; no foreign signal found. Not independently verified.,plain_gold,Hall Pavillion,JIO-D 7e,AHMEDABAD
EXH1509,SIDDHACHAL JEWELLERS,INDIAN-DOMESTIC (default — unconfirmed against a company registry),India (assumed),Default classification: not listed under a GJEPC 'International *' section and city field (if present) is an Indian city; no foreign signal found. Not independently verified.,diamond_colorstone,Hall 2,2H 221,KOLKATA
EXH1762,SIDDHAI ENTERPRISES,INDIAN-DOMESTIC (default — unconfirmed against a company registry),India (assumed),Default classification: not listed under a GJEPC 'International *' section and city field (if present) is an Indian city; no foreign signal found. Not independently verified.,loose_stones_color_stones,Hall LOTUS,JIO-AP 55b,MUMBAI
EXH1107,SIDDHESHWAR GEMS & JEWELS,INDIAN-DOMESTIC (default — unconfirmed against a company registry),India (assumed),Default classification: not listed under a GJEPC 'International *' section and city field (if present) is an Indian city; no foreign signal found. Not independently verified.,loose_stones_color_stones,Hall JASMINE,JIO-AG 41c,JAIPUR
EXH1827,SIDDHI ENTERPRISE,INDIAN-DOMESTIC (default — unconfirmed against a company registry),India (assumed),Default classification: not listed under a GJEPC 'International *' section and city field (if present) is an Indian city; no foreign signal found. Not independently verified.,loose_stones_diamonds,Hall Pavillion,JIO-L 20j,MUMBAI
EXH1682,SIDDHIVINAYAK GOLD,INDIAN-DOMESTIC (default — unconfirmed against a company registry),India (assumed),Default classification: not listed under a GJEPC 'International *' section and city field (if present) is an Indian city; no foreign signal found. Not independently verified.,plain_gold,Hall 2,2K 269A,MUMBAI
EXH2033,SIGNATURE COLLECTION JEWELRY,INDIAN-DOMESTIC (default — unconfirmed against a company registry),India (assumed),Default classification: not listed under a GJEPC 'International *' section and city field (if present) is an Indian city; no foreign signal found. Not independently verified.,loose_stones_color_stones,Hall JASMINE,JIO-AH 41k,JAIPUR
EXH1125,SILBER INTERNATIONAL,INDIAN-DOMESTIC (default — unconfirmed against a company registry),India (assumed),Default classification: not listed under a GJEPC 'International *' section and city field (if present) is an Indian city; no foreign signal found. Not independently verified.,silver_jewellery_artifacts,Hall Pavillion,JIO-V 40b,MUMBAI
EXH1549,SILVEDA,INDIAN-DOMESTIC (default — unconfirmed against a company registry),India (assumed),Default classification: not listed under a GJEPC 'International *' section and city field (if present) is an Indian city; no foreign signal found. Not independently verified.,silver_jewellery_artifacts,Hall Pavillion,JIO-S 31j,MUMBAI
EXH1787,SILVENTIC JEWELS,INDIAN-DOMESTIC (default — unconfirmed against a company registry),India (assumed),Default classification: not listed under a GJEPC 'International *' section and city field (if present) is an Indian city; no foreign signal found. Not independently verified.,silver_jewellery_artifacts,Hall Pavillion,JIO-X 42j,RAJKOT
EXH793,SILVER CREATIONS PVT. LTD.,INDIAN-DOMESTIC (default — unconfirmed against a company registry),India (assumed),Default classification: not listed under a GJEPC 'International *' section and city field (if present) is an Indian city; no foreign signal found. Not independently verified.,silver_jewellery_artifacts,Hall Pavillion,JIO-S 31q,JAIPUR
EXH1473,SILVER EMPIRE,INDIAN-DOMESTIC (default — unconfirmed against a company registry),India (assumed),Default classification: not listed under a GJEPC 'International *' section and city field (if present) is an Indian city; no foreign signal found. Not independently verified.,silver_jewellery_artifacts,Hall Pavillion,JIO-X 42n,BENGALURU
EXH305,SILVER EMPORIUM PVT. LTD.,INDIAN-DOMESTIC (default — unconfirmed against a company registry),India (assumed),Default classification: not listed under a GJEPC 'International *' section and city field (if present) is an Indian city; no foreign signal found. Not independently verified.,plain_gold,Hall 6,6F 042B,MUMBAI
EXH485,SILVER GALAXY,INDIAN-DOMESTIC (default — unconfirmed against a company registry),India (assumed),Default classification: not listed under a GJEPC 'International *' section and city field (if present) is an Indian city; no foreign signal found. Not independently verified.,silver_jewellery_artifacts,Hall Pavillion,JIO-U 36j,MUMBAI
EXH1350,SILVER MOUNTAIN,INDIAN-DOMESTIC (default — unconfirmed against a company registry),India (assumed),Default classification: not listed under a GJEPC 'International *' section and city field (if present) is an Indian city; no foreign signal found. Not independently verified.,silver_jewellery_artifacts,Hall Pavillion,JIO-W 41a,JAIPUR
EXH848,SILVER PLANET,INDIAN-DOMESTIC (default — unconfirmed against a company registry),India (assumed),Default classification: not listed under a GJEPC 'International *' section and city field (if present) is an Indian city; no foreign signal found. Not independently verified.,silver_jewellery_artifacts,Hall Pavillion,JIO-V 38j,MUMBAI
EXH1260,SILVER SEAL,INDIAN-DOMESTIC (default — unconfirmed against a company registry),India (assumed),Default classification: not listed under a GJEPC 'International *' section and city field (if present) is an Indian city; no foreign signal found. Not independently verified.,silver_jewellery_artifacts,Hall Pavillion,JIO-U 38c,JAIPUR
EXH1212,SILVER SHADES,INDIAN-DOMESTIC (default — unconfirmed against a company registry),India (assumed),Default classification: not listed under a GJEPC 'International *' section and city field (if present) is an Indian city; no foreign signal found. Not independently verified.,silver_jewellery_artifacts,Hall Pavillion,JIO-W 42c,MUMBAI
EXH1378,SILVER SHOP,INDIAN-DOMESTIC (default — unconfirmed against a company registry),India (assumed),Default classification: not listed under a GJEPC 'International *' section and city field (if present) is an Indian city; no foreign signal found. Not independently verified.,silver_jewellery_artifacts,Hall Pavillion,JIO-V 38g,JAIPUR
EXH1461,SILVER ZONE,INDIAN-DOMESTIC (default — unconfirmed against a company registry),India (assumed),Default classification: not listed under a GJEPC 'International *' section and city field (if present) is an Indian city; no foreign signal found. Not independently verified.,silver_jewellery_artifacts,Hall Pavillion,JIO-S 33c,MUMBAI
EXH1781,SILVERIO ARTESA PRIVATE LIMITED,INDIAN-DOMESTIC (default — unconfirmed against a company registry),India (assumed),Default classification: not listed under a GJEPC 'International *' section and city field (if present) is an Indian city; no foreign signal found. Not independently verified.,silver_jewellery_artifacts,Hall Pavillion,JIO-V 39c,MUMBAI
EXH390,SIPANI JADAU ANTIQUE PVT. LTD.,INDIAN-DOMESTIC (default — unconfirmed against a company registry),India (assumed),Default classification: not listed under a GJEPC 'International *' section and city field (if present) is an Indian city; no foreign signal found. Not independently verified.,the_select_club,Hall JASMINE,Club-AG 31b,BIKANER
EXH450,SIRMOR JEWELS,INDIAN-DOMESTIC (default — unconfirmed against a company registry),India (assumed),Default classification: not listed under a GJEPC 'International *' section and city field (if present) is an Indian city; no foreign signal found. Not independently verified.,diamond_colorstone,Hall 6,6Q 104F,JAIPUR
EXH2044,SISMA SPA,FOREIGN,Italy,"GJEPC exhibitor-list Section field = 'International Machinery' (organizer-assigned foreign/international pavilion category, distinct from domestic sections like plain_gold/diamond_colorstone/silver_jewellery_artifacts); City field = 'PIOCENE ROCCHETTE' -> country inferred",International Machinery,Hall 5,5U 523,PIOCENE ROCCHETTE
EXH689,SJW SHIVAM JEWELS PVT. LTD.,INDIAN-DOMESTIC (default — unconfirmed against a company registry),India (assumed),Default classification: not listed under a GJEPC 'International *' section and city field (if present) is an Indian city; no foreign signal found. Not independently verified.,loose_stones_diamonds,Hall Pavillion,JIO-L 21b,MUMBAI
EXH420,SKJGOLD,INDIAN-DOMESTIC (default — unconfirmed against a company registry),India (assumed),Default classification: not listed under a GJEPC 'International *' section and city field (if present) is an Indian city; no foreign signal found. Not independently verified.,plain_gold,Hall 2,2G 167,HYDERABAD
EXH741,SKSM DIAMONDS IMPEX LIMITED,INDIAN-DOMESTIC (default — unconfirmed against a company registry),India (assumed),Default classification: not listed under a GJEPC 'International *' section and city field (if present) is an Indian city; no foreign signal found. Not independently verified.,diamond_colorstone,Hall 6,6M 089E,SURAT
EXH1377,SKY JEWELS,INDIAN-DOMESTIC (default — unconfirmed against a company registry),India (assumed),Default classification: not listed under a GJEPC 'International *' section and city field (if present) is an Indian city; no foreign signal found. Not independently verified.,diamond_colorstone,Hall 2,2J 247A,MUMBAI
EXH991,SKYRAH JEWELS,INDIAN-DOMESTIC (default — unconfirmed against a company registry),India (assumed),Default classification: not listed under a GJEPC 'International *' section and city field (if present) is an Indian city; no foreign signal found. Not independently verified.,diamond_colorstone,Hall 6,6M 095B,MUMBAI
EXH1156,SMIT GEMS,INDIAN-DOMESTIC (default — unconfirmed against a company registry),India (assumed),Default classification: not listed under a GJEPC 'International *' section and city field (if present) is an Indian city; no foreign signal found. Not independently verified.,diamond_colorstone,Hall 6,6K 078D,MUMBAI
EXH1924,SMRITI JEWELS PRIVATE LIMITED,INDIAN-DOMESTIC (default — unconfirmed against a company registry),India (assumed),Default classification: not listed under a GJEPC 'International *' section and city field (if present) is an Indian city; no foreign signal found. Not independently verified.,diamond_colorstone,Hall 2,2J 246A,MUMBAI
EXH1152,SNEH JEWELLERS,INDIAN-DOMESTIC (default — unconfirmed against a company registry),India (assumed),Default classification: not listed under a GJEPC 'International *' section and city field (if present) is an Indian city; no foreign signal found. Not independently verified.,diamond_colorstone,Hall 6,6R 126D,NEW DELHI
EXH1911,SOLANKI JEWELLERS,INDIAN-DOMESTIC (default — unconfirmed against a company registry),India (assumed),Default classification: not listed under a GJEPC 'International *' section and city field (if present) is an Indian city; no foreign signal found. Not independently verified.,plain_gold,Hall 2,2J 274B,MUMBAI
EXH62,SOLANKI MECHANIC WORKS PRIVATE LIMITED,INDIAN-DOMESTIC (default — unconfirmed against a company registry),India (assumed),Default classification: not listed under a GJEPC 'International *' section and city field (if present) is an Indian city; no foreign signal found. Not independently verified.,machinery,Hall 5,5V 568B,RAJKOT
EXH1990,SOLID GOLD,INDIAN-DOMESTIC (default — unconfirmed against a company registry),India (assumed),Default classification: not listed under a GJEPC 'International *' section and city field (if present) is an Indian city; no foreign signal found. Not independently verified.,plain_gold,Hall 2,2J 268B,MUMBAI
EXH1434,SOLITAIRE JEWELLERY PVT. LTD.,INDIAN-DOMESTIC (default — unconfirmed against a company registry),India (assumed),Default classification: not listed under a GJEPC 'International *' section and city field (if present) is an Indian city; no foreign signal found. Not independently verified.,diamond_colorstone,Hall 2,2H 246C,MUMBAI
EXH1237,SOMIRA DIAM,INDIAN-DOMESTIC (default — unconfirmed against a company registry),India (assumed),Default classification: not listed under a GJEPC 'International *' section and city field (if present) is an Indian city; no foreign signal found. Not independently verified.,diamond_colorstone,Hall 4,4R 467,MUMBAI
EXH1175,SONA RUPA JEWELLERS,INDIAN-DOMESTIC (default — unconfirmed against a company registry),India (assumed),Default classification: not listed under a GJEPC 'International *' section and city field (if present) is an Indian city; no foreign signal found. Not independently verified.,plain_gold,Hall Pavillion,JIO-N 23n,MUMBAI
EXH1674,SONAM JEWELS LLP,INDIAN-DOMESTIC (default — unconfirmed against a company registry),India (assumed),Default classification: not listed under a GJEPC 'International *' section and city field (if present) is an Indian city; no foreign signal found. Not independently verified.,diamond_colorstone,Hall 6,6P 103F,MUMBAI
EXH1442,SONANI JEWELS,INDIAN-DOMESTIC (default — unconfirmed against a company registry),India (assumed),Default classification: not listed under a GJEPC 'International *' section and city field (if present) is an Indian city; no foreign signal found. Not independently verified.,lgd_diamond,Hall Pavillion,JIO-Z 48e,SURAT
EXH1357,SONI BHARATKUMAR MATHURADAS,INDIAN-DOMESTIC (default — unconfirmed against a company registry),India (assumed),Default classification: not listed under a GJEPC 'International *' section and city field (if present) is an Indian city; no foreign signal found. Not independently verified.,diamond_colorstone,Hall 3,3Q 433,RAJKOT
EXH929,SONI ENTERPRISE,INDIAN-DOMESTIC (default — unconfirmed against a company registry),India (assumed),Default classification: not listed under a GJEPC 'International *' section and city field (if present) is an Indian city; no foreign signal found. Not independently verified.,machinery,Hall 5,5V 569A,MUMBAI
EXH669,SONI SHIVLAL JEWELLERS PVT.   LTD.,INDIAN-DOMESTIC (default — unconfirmed against a company registry),India (assumed),Default classification: not listed under a GJEPC 'International *' section and city field (if present) is an Indian city; no foreign signal found. Not independently verified.,plain_gold,Hall 6,6F 043B,MUMBAI
EXH1440,SONIC JEWELLERS LIMITED,INDIAN-DOMESTIC (default — unconfirmed against a company registry),India (assumed),Default classification: not listed under a GJEPC 'International *' section and city field (if present) is an Indian city; no foreign signal found. Not independently verified.,plain_gold,Hall 3,3L 366C,RAJKOT
EXH1755,SONIGARA GOLD,INDIAN-DOMESTIC (default — unconfirmed against a company registry),India (assumed),Default classification: not listed under a GJEPC 'International *' section and city field (if present) is an Indian city; no foreign signal found. Not independently verified.,plain_gold,Hall 3,3N 384E,MUMBAI
EXH397,SOUTH INDIA JEWELLERS,INDIAN-DOMESTIC (default — unconfirmed against a company registry),India (assumed),Default classification: not listed under a GJEPC 'International *' section and city field (if present) is an Indian city; no foreign signal found. Not independently verified.,plain_gold,Hall 2,2G 186,MUMBAI
EXH154,SOVANN,INDIAN-DOMESTIC (default — unconfirmed against a company registry),India (assumed),Default classification: not listed under a GJEPC 'International *' section and city field (if present) is an Indian city; no foreign signal found. Not independently verified.,silver_jewellery_artifacts,Hall Pavillion,JIO-R 30p,GAUTAM BUDDH NAGAR
EXH1423,SPAACE JEWELS LLP,INDIAN-DOMESTIC (default — unconfirmed against a company registry),India (assumed),Default classification: not listed under a GJEPC 'International *' section and city field (if present) is an Indian city; no foreign signal found. Not independently verified.,diamond_colorstone,Hall 6,6Q 103G,MUMBAI
EXH758,SPARK IMPEX,INDIAN-DOMESTIC (default — unconfirmed against a company registry),India (assumed),Default classification: not listed under a GJEPC 'International *' section and city field (if present) is an Indian city; no foreign signal found. Not independently verified.,loose_stones_diamonds,Hall Pavillion,JIO-G 12f,MUMBAI
EXH930,SPARKLE LASER TECHNOLOGY LLP,INDIAN-DOMESTIC (default — unconfirmed against a company registry),India (assumed),Default classification: not listed under a GJEPC 'International *' section and city field (if present) is an Indian city; no foreign signal found. Not independently verified.,machinery,Hall 5,5U 567C,SURAT
EXH1078,SPARSH DIAMONDS,INDIAN-DOMESTIC (default — unconfirmed against a company registry),India (assumed),Default classification: not listed under a GJEPC 'International *' section and city field (if present) is an Indian city; no foreign signal found. Not independently verified.,diamond_colorstone,Hall 2,2H 222,MUMBAI
EXH56,SPECTROVISION INTRUMENTS PVT LTD,INDIAN-DOMESTIC (default — unconfirmed against a company registry),India (assumed),Default classification: not listed under a GJEPC 'International *' section and city field (if present) is an Indian city; no foreign signal found. Not independently verified.,machinery,Hall Aurum,AU 052,MUMBAI
EXH341,SPH IMPEX,INDIAN-DOMESTIC (default — unconfirmed against a company registry),India (assumed),Default classification: not listed under a GJEPC 'International *' section and city field (if present) is an Indian city; no foreign signal found. Not independently verified.,loose_stones_diamonds,Hall Pavillion,JIO-K 17i,MUMBAI
EXH469,SPHERE,INDIAN-DOMESTIC (default — unconfirmed against a company registry),India (assumed),Default classification: not listed under a GJEPC 'International *' section and city field (if present) is an Indian city; no foreign signal found. Not independently verified.,diamond_colorstone,Hall 6,6N 099B,SURAT
EXH278,SPLURGE JEWELS LLP,INDIAN-DOMESTIC (default — unconfirmed against a company registry),India (assumed),Default classification: not listed under a GJEPC 'International *' section and city field (if present) is an Indian city; no foreign signal found. Not independently verified.,the_select_club,Hall JASMINE,Club-AD 19b,MUMBAI
EXH1733,SR JEWELLERS,INDIAN-DOMESTIC (default — unconfirmed against a company registry),India (assumed),Default classification: not listed under a GJEPC 'International *' section and city field (if present) is an Indian city; no foreign signal found. Not independently verified.,silver_jewellery_artifacts,Hall Pavillion,JIO-U 36h,JAIPUR
EXH773,SREE CHAMUNDI JEWELLERS,INDIAN-DOMESTIC (default — unconfirmed against a company registry),India (assumed),Default classification: not listed under a GJEPC 'International *' section and city field (if present) is an Indian city; no foreign signal found. Not independently verified.,plain_gold,Hall 2,2K 308,NELLORE
EXH1790,SRI BALAJI JEWELLERS & EXPORTE RS,INDIAN-DOMESTIC (default — unconfirmed against a company registry),India (assumed),Default classification: not listed under a GJEPC 'International *' section and city field (if present) is an Indian city; no foreign signal found. Not independently verified.,diamond_colorstone,Hall 3,3N 393B,HYDERABAD
EXH11,SRI GGN GOLD,INDIAN-DOMESTIC (default — unconfirmed against a company registry),India (assumed),Default classification: not listed under a GJEPC 'International *' section and city field (if present) is an Indian city; no foreign signal found. Not independently verified.,plain_gold,Hall 2,2G 171,NELLORE
EXH1991,SRI KISHAN JEWELS,INDIAN-DOMESTIC (default — unconfirmed against a company registry),India (assumed),Default classification: not listed under a GJEPC 'International *' section and city field (if present) is an Indian city; no foreign signal found. Not independently verified.,diamond_colorstone,Hall 3,3Q 446,HYDERABAD
EXH1765,SRI MONDAL JEWELS,INDIAN-DOMESTIC (default — unconfirmed against a company registry),India (assumed),Default classification: not listed under a GJEPC 'International *' section and city field (if present) is an Indian city; no foreign signal found. Not independently verified.,plain_gold,Hall Pavillion,JIO-L 19k,BENGALURU
EXH1893,SRI NAVDURGA GEMS AND JEWELS,INDIAN-DOMESTIC (default — unconfirmed against a company registry),India (assumed),Default classification: not listed under a GJEPC 'International *' section and city field (if present) is an Indian city; no foreign signal found. Not independently verified.,plain_gold,Hall 6,6A 017B,HYDERABAD
EXH260,SRI SIDDI VINAYAK JEWELLERS AND EXPORTS PVT LTD,INDIAN-DOMESTIC (default — unconfirmed against a company registry),India (assumed),Default classification: not listed under a GJEPC 'International *' section and city field (if present) is an Indian city; no foreign signal found. Not independently verified.,diamond_colorstone,Hall 6,6P 099A,HYDERABAD
EXH1688,SRI VIJAY DURGA MAHASHAKTI JEWELLERS & EXPORTERS,INDIAN-DOMESTIC (default — unconfirmed against a company registry),India (assumed),Default classification: not listed under a GJEPC 'International *' section and city field (if present) is an Indian city; no foreign signal found. Not independently verified.,diamond_colorstone,Hall 6,6P 098E,HYDERABAD
EXH1039,SRISHTI GOLD PVT. LTD.,INDIAN-DOMESTIC (default — unconfirmed against a company registry),India (assumed),Default classification: not listed under a GJEPC 'International *' section and city field (if present) is an Indian city; no foreign signal found. Not independently verified.,the_select_club,Hall JASMINE,Club-AB 7c,MUMBAI
EXH2086,SRS GEMS CO. LTD,FOREIGN,Thailand,"GJEPC exhibitor-list Section field = 'International Loose' (organizer-assigned foreign/international pavilion category, distinct from domestic sections like plain_gold/diamond_colorstone/silver_jewellery_artifacts); City field = 'BANGKOK' -> country inferred",International Loose,Hall LOTUS,JIO-AR 57f,BANGKOK
EXH1342,SRUSTI EXPORTS,INDIAN-DOMESTIC (default — unconfirmed against a company registry),India (assumed),Default classification: not listed under a GJEPC 'International *' section and city field (if present) is an Indian city; no foreign signal found. Not independently verified.,loose_stones_diamonds,Hall Pavillion,JIO-L 20l,SURAT
EXH1869,SSP GOLD,INDIAN-DOMESTIC (default — unconfirmed against a company registry),India (assumed),Default classification: not listed under a GJEPC 'International *' section and city field (if present) is an Indian city; no foreign signal found. Not independently verified.,plain_gold,Hall Pavillion,JIO-H 15c,MUMBAI
EXH1067,SSP JEWELS PVT. LTD.,INDIAN-DOMESTIC (default — unconfirmed against a company registry),India (assumed),Default classification: not listed under a GJEPC 'International *' section and city field (if present) is an Indian city; no foreign signal found. Not independently verified.,diamond_colorstone,Hall 4,4R 474F,MUMBAI
EXH207,STAR BRILLIAN,INDIAN-DOMESTIC (default — unconfirmed against a company registry),India (assumed),Default classification: not listed under a GJEPC 'International *' section and city field (if present) is an Indian city; no foreign signal found. Not independently verified.,loose_stones_diamonds,Hall Pavillion,JIO-M 21h,MUMBAI
EXH351,STAR DIAMONDS,INDIAN-DOMESTIC (default — unconfirmed against a company registry),India (assumed),Default classification: not listed under a GJEPC 'International *' section and city field (if present) is an Indian city; no foreign signal found. Not independently verified.,plain_gold,Hall Pavillion,JIO-E 7i,SURAT
EXH894,STAR JEWELLERY,INDIAN-DOMESTIC (default — unconfirmed against a company registry),India (assumed),Default classification: not listed under a GJEPC 'International *' section and city field (if present) is an Indian city; no foreign signal found. Not independently verified.,diamond_colorstone,Hall 3,3Q 431B,SURAT
EXH1088,STAR RAYS,INDIAN-DOMESTIC (default — unconfirmed against a company registry),India (assumed),Default classification: not listed under a GJEPC 'International *' section and city field (if present) is an Indian city; no foreign signal found. Not independently verified.,loose_stones_diamonds,Hall Pavillion,JIO-M 21f,MUMBAI
EXH1402,STERLING JEWELS PVT. LTD.,INDIAN-DOMESTIC (default — unconfirmed against a company registry),India (assumed),Default classification: not listed under a GJEPC 'International *' section and city field (if present) is an Indian city; no foreign signal found. Not independently verified.,diamond_colorstone,Hall 3,3P 402B,MUMBAI
EXH1000,SUBH MANGAL GOLD PVT LTD,INDIAN-DOMESTIC (default — unconfirmed against a company registry),India (assumed),Default classification: not listed under a GJEPC 'International *' section and city field (if present) is an Indian city; no foreign signal found. Not independently verified.,plain_gold,Hall 4,4T 490B,MUMBAI
EXH2097,SUKETU JHAVERI AND CO.,INDIAN-DOMESTIC (default — unconfirmed against a company registry),India (assumed),Default classification: not listed under a GJEPC 'International *' section and city field (if present) is an Indian city; no foreign signal found. Not independently verified.,loose_stones_color_stones,Hall LOTUS,JIO-AL 48c,MUMBAI
EXH877,SUKH BANGLES,INDIAN-DOMESTIC (default — unconfirmed against a company registry),India (assumed),Default classification: not listed under a GJEPC 'International *' section and city field (if present) is an Indian city; no foreign signal found. Not independently verified.,plain_gold,Hall 2,2K 281,MUMBAI
EXH214,SUMAN JEWELLERS LLP,INDIAN-DOMESTIC (default — unconfirmed against a company registry),India (assumed),Default classification: not listed under a GJEPC 'International *' section and city field (if present) is an Indian city; no foreign signal found. Not independently verified.,plain_gold,Hall 6,6R 131A,MUMBAI
EXH1546,SUN JEWELLERY,INDIAN-DOMESTIC (default — unconfirmed against a company registry),India (assumed),Default classification: not listed under a GJEPC 'International *' section and city field (if present) is an Indian city; no foreign signal found. Not independently verified.,diamond_colorstone,Hall 3,3P 400F,MUMBAI
EXH595,SUNBERA EXPORTS,INDIAN-DOMESTIC (default — unconfirmed against a company registry),India (assumed),Default classification: not listed under a GJEPC 'International *' section and city field (if present) is an Indian city; no foreign signal found. Not independently verified.,diamond_colorstone,Hall 2,2H 198,MUMBAI
EXH596,SUNBERA INDIA PRIVATE LIMITED,INDIAN-DOMESTIC (default — unconfirmed against a company registry),India (assumed),Default classification: not listed under a GJEPC 'International *' section and city field (if present) is an Indian city; no foreign signal found. Not independently verified.,silver_jewellery_artifacts,Hall Pavillion,JIO-S 31k,MUMBAI
EXH1360,SUNDHA JEWELS,INDIAN-DOMESTIC (default — unconfirmed against a company registry),India (assumed),Default classification: not listed under a GJEPC 'International *' section and city field (if present) is an Indian city; no foreign signal found. Not independently verified.,plain_gold,Hall Pavillion,JIO-G 11p,MUMBAI
EXH282,SUNIL CHAINS AND ORNAMENTS,INDIAN-DOMESTIC (default — unconfirmed against a company registry),India (assumed),Default classification: not listed under a GJEPC 'International *' section and city field (if present) is an Indian city; no foreign signal found. Not independently verified.,plain_gold,Hall Pavillion,JIO-D 5k,MUMBAI
EXH1321,SUNIL GEMS AND JEWELLERY PVT. LTD,INDIAN-DOMESTIC (default — unconfirmed against a company registry),India (assumed),Default classification: not listed under a GJEPC 'International *' section and city field (if present) is an Indian city; no foreign signal found. Not independently verified.,the_select_club,Hall JASMINE,Club-AE 28a,JAIPUR
EXH1040,SUNITA JEWELS,INDIAN-DOMESTIC (default — unconfirmed against a company registry),India (assumed),Default classification: not listed under a GJEPC 'International *' section and city field (if present) is an Indian city; no foreign signal found. Not independently verified.,diamond_colorstone,Hall 6,6L 090B,HYDERABAD
EXH962,SUNNY MACHINERIES,INDIAN-DOMESTIC (default — unconfirmed against a company registry),India (assumed),Default classification: not listed under a GJEPC 'International *' section and city field (if present) is an Indian city; no foreign signal found. Not independently verified.,machinery,Hall 5,5V 574A,AHMEDABAD
EXH299,SUNSHINE CORPORATION,INDIAN-DOMESTIC (default — unconfirmed against a company registry),India (assumed),Default classification: not listed under a GJEPC 'International *' section and city field (if present) is an Indian city; no foreign signal found. Not independently verified.,diamond_colorstone,Hall 4,4R 473E,MUMBAI
EXH730,SUNVIM EXPORTS,INDIAN-DOMESTIC (default — unconfirmed against a company registry),India (assumed),Default classification: not listed under a GJEPC 'International *' section and city field (if present) is an Indian city; no foreign signal found. Not independently verified.,the_select_club,Hall JASMINE,Club-AC 15b,MUMBAI
EXH1494,SUPARSHWA EXPORTS,INDIAN-DOMESTIC (default — unconfirmed against a company registry),India (assumed),Default classification: not listed under a GJEPC 'International *' section and city field (if present) is an Indian city; no foreign signal found. Not independently verified.,diamond_colorstone,Hall 3,3Q 412A,MUMBAI
EXH96,SUPERSONICS,INDIAN-DOMESTIC (default — unconfirmed against a company registry),India (assumed),Default classification: not listed under a GJEPC 'International *' section and city field (if present) is an Indian city; no foreign signal found. Not independently verified.,machinery,Hall 5,5V 605,MUMBAI
EXH357,SURAAJ JEWELLERS,INDIAN-DOMESTIC (default — unconfirmed against a company registry),India (assumed),Default classification: not listed under a GJEPC 'International *' section and city field (if present) is an Indian city; no foreign signal found. Not independently verified.,plain_gold,Hall 2,2F 137,OOTY
EXH1942,SURANA BROTHERS,INDIAN-DOMESTIC (default — unconfirmed against a company registry),India (assumed),Default classification: not listed under a GJEPC 'International *' section and city field (if present) is an Indian city; no foreign signal found. Not independently verified.,silver_jewellery_artifacts,Hall Pavillion,JIO-X 42i,AGRA
EXH1475,SURANA DIAMOND JEWELLERY PRIVATE LIMITED,INDIAN-DOMESTIC (default — unconfirmed against a company registry),India (assumed),Default classification: not listed under a GJEPC 'International *' section and city field (if present) is an Indian city; no foreign signal found. Not independently verified.,diamond_colorstone,Hall 2,2J 249A,KOLKATA
EXH1673,SURANA SILVER HOUSE,INDIAN-DOMESTIC (default — unconfirmed against a company registry),India (assumed),Default classification: not listed under a GJEPC 'International *' section and city field (if present) is an Indian city; no foreign signal found. Not independently verified.,silver_jewellery_artifacts,Hall Pavillion,JIO-U 35m,MUMBAI
EXH471,SURESH JEWELLERS,INDIAN-DOMESTIC (default — unconfirmed against a company registry),India (assumed),Default classification: not listed under a GJEPC 'International *' section and city field (if present) is an Indian city; no foreign signal found. Not independently verified.,silver_jewellery_artifacts,Hall Pavillion,JIO-S 31m,JAIPUR
EXH1676,SURESH JEWELLERS,INDIAN-DOMESTIC (default — unconfirmed against a company registry),India (assumed),Default classification: not listed under a GJEPC 'International *' section and city field (if present) is an Indian city; no foreign signal found. Not independently verified.,plain_gold,Hall Pavillion,JIO-P 27f,MUMBAI
EXH209,SURYA GOLDS PVT. LTD.,INDIAN-DOMESTIC (default — unconfirmed against a company registry),India (assumed),Default classification: not listed under a GJEPC 'International *' section and city field (if present) is an Indian city; no foreign signal found. Not independently verified.,plain_gold,Hall 6,6G 046A,MUMBAI
EXH1100,SURYABHANU,INDIAN-DOMESTIC (default — unconfirmed against a company registry),India (assumed),Default classification: not listed under a GJEPC 'International *' section and city field (if present) is an Indian city; no foreign signal found. Not independently verified.,diamond_colorstone,Hall 4,4R 474E,JAIPUR
EXH1968,SUTRAM JEWELS PVT LTD,INDIAN-DOMESTIC (default — unconfirmed against a company registry),India (assumed),Default classification: not listed under a GJEPC 'International *' section and city field (if present) is an Indian city; no foreign signal found. Not independently verified.,plain_gold,Hall Pavillion,JIO-H 14j,MUMBAI
EXH1004,SUVARNAM JEWELS,INDIAN-DOMESTIC (default — unconfirmed against a company registry),India (assumed),Default classification: not listed under a GJEPC 'International *' section and city field (if present) is an Indian city; no foreign signal found. Not independently verified.,diamond_colorstone,Hall 2,2J 248A,AHMEDABAD
EXH1882,SWARN BHAVYA MANGAL JEWELS  PVT. LTD.,INDIAN-DOMESTIC (default — unconfirmed against a company registry),India (assumed),Default classification: not listed under a GJEPC 'International *' section and city field (if present) is an Indian city; no foreign signal found. Not independently verified.,plain_gold,Hall 2,2K 316,MUMBAI
EXH1714,SWARN SHRISHTI JEWELLERS,INDIAN-DOMESTIC (default — unconfirmed against a company registry),India (assumed),Default classification: not listed under a GJEPC 'International *' section and city field (if present) is an Indian city; no foreign signal found. Not independently verified.,plain_gold,Hall Pavillion,JIO-K 18n,MUMBAI
EXH1727,SWARNA MANGAL JEWELLERS,INDIAN-DOMESTIC (default — unconfirmed against a company registry),India (assumed),Default classification: not listed under a GJEPC 'International *' section and city field (if present) is an Indian city; no foreign signal found. Not independently verified.,plain_gold,Hall 3,3M 378B,MUMBAI
EXH229,SWASTIK JEWELLERS,INDIAN-DOMESTIC (default — unconfirmed against a company registry),India (assumed),Default classification: not listed under a GJEPC 'International *' section and city field (if present) is an Indian city; no foreign signal found. Not independently verified.,diamond_colorstone,Hall 6,6R 127D,HYDERABAD
EXH1844,SWASTIK JEWELLERS,INDIAN-DOMESTIC (default — unconfirmed against a company registry),India (assumed),Default classification: not listed under a GJEPC 'International *' section and city field (if present) is an Indian city; no foreign signal found. Not independently verified.,plain_gold,Hall Pavillion,JIO-P 26l,MUMBAI
EXH1875,SWASTIK JEWELLERS,INDIAN-DOMESTIC (default — unconfirmed against a company registry),India (assumed),Default classification: not listed under a GJEPC 'International *' section and city field (if present) is an Indian city; no foreign signal found. Not independently verified.,plain_gold,Hall Pavillion,JIO-L 19n,MUMBAI
EXH1025,SWASTIK SALES INCORPORATION,INDIAN-DOMESTIC (default — unconfirmed against a company registry),India (assumed),Default classification: not listed under a GJEPC 'International *' section and city field (if present) is an Indian city; no foreign signal found. Not independently verified.,the_select_club,Hall JASMINE,Club-AC 20d,JAIPUR
EXH1631,SWASTIKK GEMS,INDIAN-DOMESTIC (default — unconfirmed against a company registry),India (assumed),Default classification: not listed under a GJEPC 'International *' section and city field (if present) is an Indian city; no foreign signal found. Not independently verified.,loose_stones_color_stones,Hall LOTUS,JIO-AP 52g,MUMBAI
EXH49,SYNERGICS SOLUTIONS  PVT. LTD.,INDIAN-DOMESTIC (default — unconfirmed against a company registry),India (assumed),Default classification: not listed under a GJEPC 'International *' section and city field (if present) is an Indian city; no foreign signal found. Not independently verified.,allied,Hall Aurum,AU 020G,MUMBAI
EXH1431,T J IMPEX FINE JEWELS LLP,INDIAN-DOMESTIC (default — unconfirmed against a company registry),India (assumed),Default classification: not listed under a GJEPC 'International *' section and city field (if present) is an Indian city; no foreign signal found. Not independently verified.,the_select_club,Hall JASMINE,Club-AG 33b,MUMBAI
EXH1826,T R P IMPEX,INDIAN-DOMESTIC (default — unconfirmed against a company registry),India (assumed),Default classification: not listed under a GJEPC 'International *' section and city field (if present) is an Indian city; no foreign signal found. Not independently verified.,lgd_diamond,Hall Pavillion,JIO-Y 45c,SURAT
EXH861,T T GEMS INDIA LLP,INDIAN-DOMESTIC (default — unconfirmed against a company registry),India (assumed),Default classification: not listed under a GJEPC 'International *' section and city field (if present) is an Indian city; no foreign signal found. Not independently verified.,loose_stones_color_stones,Hall LOTUS,JIO-AM 49c,MUMBAI
EXH2034,T. GIRDHARILAL,INDIAN-DOMESTIC (default — unconfirmed against a company registry),India (assumed),Default classification: not listed under a GJEPC 'International *' section and city field (if present) is an Indian city; no foreign signal found. Not independently verified.,loose_stones_color_stones,Hall LOTUS,JIO-AN 50h,JAIPUR
EXH600,T. GULABCHAND JAIN,INDIAN-DOMESTIC (default — unconfirmed against a company registry),India (assumed),Default classification: not listed under a GJEPC 'International *' section and city field (if present) is an Indian city; no foreign signal found. Not independently verified.,silver_jewellery_artifacts,Hall Pavillion,JIO-W 39m,KOLHAPUR
EXH1706,T. M. JEWELLERS,INDIAN-DOMESTIC (default — unconfirmed against a company registry),India (assumed),Default classification: not listed under a GJEPC 'International *' section and city field (if present) is an Indian city; no foreign signal found. Not independently verified.,silver_jewellery_artifacts,Hall Pavillion,JIO-U 38f,MUMBAI
EXH1559,TAJ JEWELS,INDIAN-DOMESTIC (default — unconfirmed against a company registry),India (assumed),Default classification: not listed under a GJEPC 'International *' section and city field (if present) is an Indian city; no foreign signal found. Not independently verified.,plain_gold,Hall Pavillion,JIO-Q 27l,MUMBAI
EXH1645,TALLIN STUDIO PRIVATE LIMITED,INDIAN-DOMESTIC (default — unconfirmed against a company registry),India (assumed),Default classification: not listed under a GJEPC 'International *' section and city field (if present) is an Indian city; no foreign signal found. Not independently verified.,the_select_club,Hall JASMINE,Club-AE 25c,JAIPUR
EXH1502,TANAY JEWELLERS,INDIAN-DOMESTIC (default — unconfirmed against a company registry),India (assumed),Default classification: not listed under a GJEPC 'International *' section and city field (if present) is an Indian city; no foreign signal found. Not independently verified.,diamond_colorstone,Hall 6,6P 096A,JAIPUR
EXH126,TANIKA TECH JEWELS PVT.LTD,INDIAN-DOMESTIC (default — unconfirmed against a company registry),India (assumed),Default classification: not listed under a GJEPC 'International *' section and city field (if present) is an Indian city; no foreign signal found. Not independently verified.,allied,Hall Aurum,AU 020H,THANE
EXH531,TANKARIA VENTURES PRIVATE LIMITED,INDIAN-DOMESTIC (default — unconfirmed against a company registry),India (assumed),Default classification: not listed under a GJEPC 'International *' section and city field (if present) is an Indian city; no foreign signal found. Not independently verified.,diamond_colorstone,Hall 3,3N 392B,MUMBAI
EXH927,TANVI ETERNALS PRIVATE LIMITED,INDIAN-DOMESTIC (default — unconfirmed against a company registry),India (assumed),Default classification: not listed under a GJEPC 'International *' section and city field (if present) is an Indian city; no foreign signal found. Not independently verified.,diamond_colorstone,Hall 3,3Q 408B,MUMBAI
EXH1610,TANVIRKUMAR & CO.,INDIAN-DOMESTIC (default — unconfirmed against a company registry),India (assumed),Default classification: not listed under a GJEPC 'International *' section and city field (if present) is an Indian city; no foreign signal found. Not independently verified.,the_select_club,Hall JASMINE,Club-AB 12a,MUMBAI
EXH1828,TAPERED JEWELS,INDIAN-DOMESTIC (default — unconfirmed against a company registry),India (assumed),Default classification: not listed under a GJEPC 'International *' section and city field (if present) is an Indian city; no foreign signal found. Not independently verified.,loose_stones_diamonds,Hall Pavillion,JIO-E 9c,MUMBAI
EXH623,TAPTI JEWELS,INDIAN-DOMESTIC (default — unconfirmed against a company registry),India (assumed),Default classification: not listed under a GJEPC 'International *' section and city field (if present) is an Indian city; no foreign signal found. Not independently verified.,diamond_colorstone,Hall 4,4R 466,SURAT
EXH1320,TARA FINE JEWELS,INDIAN-DOMESTIC (default — unconfirmed against a company registry),India (assumed),Default classification: not listed under a GJEPC 'International *' section and city field (if present) is an Indian city; no foreign signal found. Not independently verified.,the_select_club,Hall JASMINE,Club-AE 22b,MUMBAI
EXH1939,TARACHAND JEWELLERS,INDIAN-DOMESTIC (default — unconfirmed against a company registry),India (assumed),Default classification: not listed under a GJEPC 'International *' section and city field (if present) is an Indian city; no foreign signal found. Not independently verified.,silver_jewellery_artifacts,Hall Pavillion,JIO-T 34h,MUMBAI
EXH1940,TARANG DIAMOND,INDIAN-DOMESTIC (default — unconfirmed against a company registry),India (assumed),Default classification: not listed under a GJEPC 'International *' section and city field (if present) is an Indian city; no foreign signal found. Not independently verified.,diamond_colorstone,Hall 6,6R 126E,MUMBAI
EXH495,TATIWALAS GEHNA,INDIAN-DOMESTIC (default — unconfirmed against a company registry),India (assumed),Default classification: not listed under a GJEPC 'International *' section and city field (if present) is an Indian city; no foreign signal found. Not independently verified.,the_select_club,Hall JASMINE,Club-AF 32a,JAIPUR
EXH659,TATVAM JEWELS CORPORATION,INDIAN-DOMESTIC (default — unconfirmed against a company registry),India (assumed),Default classification: not listed under a GJEPC 'International *' section and city field (if present) is an Indian city; no foreign signal found. Not independently verified.,diamond_colorstone,Hall 6,6L 076D,JAIPUR
EXH234,TECHNOCAST MACHINE AND TOOLS LLP,INDIAN-DOMESTIC (default — unconfirmed against a company registry),India (assumed),Default classification: not listed under a GJEPC 'International *' section and city field (if present) is an Indian city; no foreign signal found. Not independently verified.,machinery,Hall 5,5V 581A,JAIPUR
EXH1090,TECHNOVISION ENGINEERING & SER VICES (I) PVT. LTD.,INDIAN-DOMESTIC (default — unconfirmed against a company registry),India (assumed),Default classification: not listed under a GJEPC 'International *' section and city field (if present) is an Indian city; no foreign signal found. Not independently verified.,machinery,Hall 5,5V 572H,MUMBAI
EXH1876,TEJ DIAMOND,INDIAN-DOMESTIC (default — unconfirmed against a company registry),India (assumed),Default classification: not listed under a GJEPC 'International *' section and city field (if present) is an Indian city; no foreign signal found. Not independently verified.,loose_stones_diamonds,Hall Pavillion,JIO-L 20n,SURAT
EXH350,TEYANA JEWELS LLP,INDIAN-DOMESTIC (default — unconfirmed against a company registry),India (assumed),Default classification: not listed under a GJEPC 'International *' section and city field (if present) is an Indian city; no foreign signal found. Not independently verified.,diamond_colorstone,Hall 3,3Q 438,MUMBAI
EXH69,THE BOMBAY DISPLAY COMPANY,INDIAN-DOMESTIC (default — unconfirmed against a company registry),India (assumed),Default classification: not listed under a GJEPC 'International *' section and city field (if present) is an Indian city; no foreign signal found. Not independently verified.,allied,Hall Aurum,AU 019C,MUMBAI
EXH2150,THE JEWELLERS AND DIAMOND TRADERS ASSOCIATION - MADRAS (MJDTA),INDIAN-DOMESTIC (default — unconfirmed against a company registry),India (assumed),Default classification: not listed under a GJEPC 'International *' section and city field (if present) is an Indian city; no foreign signal found. Not independently verified.,plain_gold,Hall 3,3L 377F,CHENNAI
EXH452,THE LEO JEWELS,INDIAN-DOMESTIC (default — unconfirmed against a company registry),India (assumed),Default classification: not listed under a GJEPC 'International *' section and city field (if present) is an Indian city; no foreign signal found. Not independently verified.,the_select_club,Hall JASMINE,Club-AA 9d,MUMBAI
EXH2077,THEA INTERNATIONAL (HK) LIMITED,FOREIGN,"Hong Kong SAR, China","GJEPC exhibitor-list Section field = 'International Jewellery' (organizer-assigned foreign/international pavilion category, distinct from domestic sections like plain_gold/diamond_colorstone/silver_jewellery_artifacts); City field = 'KOWLOON' -> country inferred",International Jewellery,Hall Pavillion,JIO-P 28f,KOWLOON
EXH313,THIRUMALA,INDIAN-DOMESTIC (default — unconfirmed against a company registry),India (assumed),Default classification: not listed under a GJEPC 'International *' section and city field (if present) is an Indian city; no foreign signal found. Not independently verified.,plain_gold,Hall Pavillion,JIO-G 11l,BENGALURU
EXH263,TIARA DIAMONDS,INDIAN-DOMESTIC (default — unconfirmed against a company registry),India (assumed),Default classification: not listed under a GJEPC 'International *' section and city field (if present) is an Indian city; no foreign signal found. Not independently verified.,diamond_colorstone,Hall 2,2H 208,MUMBAI
EXH1072,TIBARUMAL RAMNIVAS GEMS  JEWELS & PEARLS,INDIAN-DOMESTIC (default — unconfirmed against a company registry),India (assumed),Default classification: not listed under a GJEPC 'International *' section and city field (if present) is an Indian city; no foreign signal found. Not independently verified.,the_select_club,Hall JASMINE,Club-AD 18b,HYDERABAD
EXH652,TIKKU MIKKU GEMS,INDIAN-DOMESTIC (default — unconfirmed against a company registry),India (assumed),Default classification: not listed under a GJEPC 'International *' section and city field (if present) is an Indian city; no foreign signal found. Not independently verified.,loose_stones_color_stones,Hall JASMINE,JIO-AH 43f,JAIPUR
EXH15,TIRTH JEWELS,INDIAN-DOMESTIC (default — unconfirmed against a company registry),India (assumed),Default classification: not listed under a GJEPC 'International *' section and city field (if present) is an Indian city; no foreign signal found. Not independently verified.,diamond_colorstone,Hall 3,3Q 432,MUMBAI
EXH1944,TIRUPATI GOLD PRIVATE LIMITED,INDIAN-DOMESTIC (default — unconfirmed against a company registry),India (assumed),Default classification: not listed under a GJEPC 'International *' section and city field (if present) is an Indian city; no foreign signal found. Not independently verified.,plain_gold,Hall Pavillion,JIO-H 15a,KOLKATA
EXH1926,TJ GOLD,INDIAN-DOMESTIC (default — unconfirmed against a company registry),India (assumed),Default classification: not listed under a GJEPC 'International *' section and city field (if present) is an Indian city; no foreign signal found. Not independently verified.,plain_gold,Hall Pavillion,JIO-C 5a,MUMBAI
EXH1834,TJ JEWELS,INDIAN-DOMESTIC (default — unconfirmed against a company registry),India (assumed),Default classification: not listed under a GJEPC 'International *' section and city field (if present) is an Indian city; no foreign signal found. Not independently verified.,plain_gold,Hall Pavillion,JIO-D 6m,MUMBAI
EXH1906,TRESORIE,INDIAN-DOMESTIC (default — unconfirmed against a company registry),India (assumed),Default classification: not listed under a GJEPC 'International *' section and city field (if present) is an Indian city; no foreign signal found. Not independently verified.,silver_jewellery_artifacts,Hall Pavillion,JIO-U 38d,MUMBAI
EXH307,TRIFON JEWELS LLP,INDIAN-DOMESTIC (default — unconfirmed against a company registry),India (assumed),Default classification: not listed under a GJEPC 'International *' section and city field (if present) is an Indian city; no foreign signal found. Not independently verified.,lgd_jewellery,Hall Pavillion,JIO-Z 47f,SURAT
EXH869,TRIJAL ENTERPRISES PVT. LTD.,INDIAN-DOMESTIC (default — unconfirmed against a company registry),India (assumed),Default classification: not listed under a GJEPC 'International *' section and city field (if present) is an Indian city; no foreign signal found. Not independently verified.,plain_gold,Hall 4,4T 500E,BHUBANESWAR
EXH157,TRILLION JEWELS PVT.LTD.,INDIAN-DOMESTIC (default — unconfirmed against a company registry),India (assumed),Default classification: not listed under a GJEPC 'International *' section and city field (if present) is an Indian city; no foreign signal found. Not independently verified.,loose_stones_color_stones,Hall LOTUS,JIO-AS 60a,JAIPUR
EXH2039,TRINITY JEWELLERY CO.,INDIAN-DOMESTIC (default — unconfirmed against a company registry),India (assumed),Default classification: not listed under a GJEPC 'International *' section and city field (if present) is an Indian city; no foreign signal found. Not independently verified.,diamond_colorstone,Hall 3,3Q 404B,JAIPUR
EXH106,TRIOLOGIC ENTERPRISES PRIVATE LIMITED,INDIAN-DOMESTIC (default — unconfirmed against a company registry),India (assumed),Default classification: not listed under a GJEPC 'International *' section and city field (if present) is an Indian city; no foreign signal found. Not independently verified.,allied,Hall Aurum,AU 006,MUMBAI
EXH1124,TRISHUL JEWELLERS,INDIAN-DOMESTIC (default — unconfirmed against a company registry),India (assumed),Default classification: not listed under a GJEPC 'International *' section and city field (if present) is an Indian city; no foreign signal found. Not independently verified.,plain_gold,Hall Pavillion,JIO-L 19l,MUMBAI
EXH860,TRUSHNA EXIM,INDIAN-DOMESTIC (default — unconfirmed against a company registry),India (assumed),Default classification: not listed under a GJEPC 'International *' section and city field (if present) is an Indian city; no foreign signal found. Not independently verified.,lgd_diamond,Hall Pavillion,JIO-Y 45d,SURAT
EXH1160,TUKDI,INDIAN-DOMESTIC (default — unconfirmed against a company registry),India (assumed),Default classification: not listed under a GJEPC 'International *' section and city field (if present) is an Indian city; no foreign signal found. Not independently verified.,diamond_colorstone,Hall 2,2H 201,JAIPUR
EXH232,TULSI DIAMONDS,INDIAN-DOMESTIC (default — unconfirmed against a company registry),India (assumed),Default classification: not listed under a GJEPC 'International *' section and city field (if present) is an Indian city; no foreign signal found. Not independently verified.,diamond_colorstone,Hall 3,3P 398C,BENGALURU
EXH1180,TULSI GOLD,INDIAN-DOMESTIC (default — unconfirmed against a company registry),India (assumed),Default classification: not listed under a GJEPC 'International *' section and city field (if present) is an Indian city; no foreign signal found. Not independently verified.,plain_gold,Hall Pavillion,JIO-J 15j,MUMBAI
EXH1782,TULSI JEWELLERS,INDIAN-DOMESTIC (default — unconfirmed against a company registry),India (assumed),Default classification: not listed under a GJEPC 'International *' section and city field (if present) is an Indian city; no foreign signal found. Not independently verified.,plain_gold,Hall 2,2K 296,MUMBAI
EXH398,TUSHAR JEWELLERS,INDIAN-DOMESTIC (default — unconfirmed against a company registry),India (assumed),Default classification: not listed under a GJEPC 'International *' section and city field (if present) is an Indian city; no foreign signal found. Not independently verified.,diamond_colorstone,Hall 3,3Q 450A,JAIPUR
EXH639,TVISHAJEWLZ,INDIAN-DOMESTIC (default — unconfirmed against a company registry),India (assumed),Default classification: not listed under a GJEPC 'International *' section and city field (if present) is an Indian city; no foreign signal found. Not independently verified.,diamond_colorstone,Hall 3,3Q 449,JAIPUR
EXH2135,TVN TECH S.R.L.,FOREIGN,Italy (inferred from S.R.L./S.p.A. Italian legal-entity suffix in name; city field blank in source),"GJEPC exhibitor-list Section field = 'International Machinery' (organizer-assigned foreign/international pavilion category, distinct from domestic sections like plain_gold/diamond_colorstone/silver_jewellery_artifacts); City field blank in source; country inferred from Italian legal-entity suffix (S.R.L./S.p.A.) in company name",International Machinery,Hall 5,5V 583L,
EXH1658,U. T. ZAVERI & SONS,INDIAN-DOMESTIC (default — unconfirmed against a company registry),India (assumed),Default classification: not listed under a GJEPC 'International *' section and city field (if present) is an Indian city; no foreign signal found. Not independently verified.,diamond_colorstone,Hall 3,3P 404C,MUMBAI
EXH1657,UDAY JEWELS,INDIAN-DOMESTIC (default — unconfirmed against a company registry),India (assumed),Default classification: not listed under a GJEPC 'International *' section and city field (if present) is an Indian city; no foreign signal found. Not independently verified.,diamond_colorstone,Hall 2,2H 203,NEW DELHI
EXH177,UGRA IMPEX,INDIAN-DOMESTIC (default — unconfirmed against a company registry),India (assumed),Default classification: not listed under a GJEPC 'International *' section and city field (if present) is an Indian city; no foreign signal found. Not independently verified.,plain_gold,Hall Pavillion,JIO-N 23h,SURAT
EXH1523,UJALA ART JEWELLERS,INDIAN-DOMESTIC (default — unconfirmed against a company registry),India (assumed),Default classification: not listed under a GJEPC 'International *' section and city field (if present) is an Indian city; no foreign signal found. Not independently verified.,plain_gold,Hall 3,3L 364D,MUMBAI
EXH91,UJWAL PLASTICS,INDIAN-DOMESTIC (default — unconfirmed against a company registry),India (assumed),Default classification: not listed under a GJEPC 'International *' section and city field (if present) is an Indian city; no foreign signal found. Not independently verified.,allied,Hall Aurum,AU 005,MUMBAI
EXH1042,UMA ORNAMENTS PRIVATE LIMITED,INDIAN-DOMESTIC (default — unconfirmed against a company registry),India (assumed),Default classification: not listed under a GJEPC 'International *' section and city field (if present) is an Indian city; no foreign signal found. Not independently verified.,the_select_club,Hall JASMINE,Club-AD 22a,MUMBAI SUBURBAN
EXH293,UNI DIAM JEWELLERY LLP,INDIAN-DOMESTIC (default — unconfirmed against a company registry),India (assumed),Default classification: not listed under a GJEPC 'International *' section and city field (if present) is an Indian city; no foreign signal found. Not independently verified.,diamond_colorstone,Hall 4,4R 471F,MUMBAI
EXH1290,UNIQUE ART DIAMONDS,INDIAN-DOMESTIC (default — unconfirmed against a company registry),India (assumed),Default classification: not listed under a GJEPC 'International *' section and city field (if present) is an Indian city; no foreign signal found. Not independently verified.,plain_gold,Hall 4,4T 505A,MUMBAI
EXH1469,UNIQUE BANGLES,INDIAN-DOMESTIC (default — unconfirmed against a company registry),India (assumed),Default classification: not listed under a GJEPC 'International *' section and city field (if present) is an Indian city; no foreign signal found. Not independently verified.,plain_gold,Hall 4,4T 508B,MUMBAI
EXH286,UNIQUE DIAMAX PRIVATE LIMITED,INDIAN-DOMESTIC (default — unconfirmed against a company registry),India (assumed),Default classification: not listed under a GJEPC 'International *' section and city field (if present) is an Indian city; no foreign signal found. Not independently verified.,loose_stones_diamonds,Hall Pavillion,JIO-F 9j,MUMBAI
EXH1694,UNIQUE VALLEY,INDIAN-DOMESTIC (default — unconfirmed against a company registry),India (assumed),Default classification: not listed under a GJEPC 'International *' section and city field (if present) is an Indian city; no foreign signal found. Not independently verified.,plain_gold,Hall 4,4S 470A,MUMBAI
EXH121,UNIQUE4KEY,INDIAN-DOMESTIC (default — unconfirmed against a company registry),India (assumed),Default classification: not listed under a GJEPC 'International *' section and city field (if present) is an Indian city; no foreign signal found. Not independently verified.,machinery,Hall 5,5U 542,RAJKOT
EXH2093,UNITED PMR INC,FOREIGN,"United States (Alden, NY — inferred from city + International Machinery section)","GJEPC exhibitor-list Section field = 'International Machinery' (organizer-assigned foreign/international pavilion category, distinct from domestic sections like plain_gold/diamond_colorstone/silver_jewellery_artifacts); City field = 'ALDEN' -> country inferred",International Machinery,Hall 5,5U 525,ALDEN
EXH593,UNIVERSAL JEWELS,INDIAN-DOMESTIC (default — unconfirmed against a company registry),India (assumed),Default classification: not listed under a GJEPC 'International *' section and city field (if present) is an Indian city; no foreign signal found. Not independently verified.,silver_jewellery_artifacts,Hall Pavillion,JIO-W 40f,MUMBAI
EXH530,UNNATI DIAMOND JEWELLERY LLP,INDIAN-DOMESTIC (default — unconfirmed against a company registry),India (assumed),Default classification: not listed under a GJEPC 'International *' section and city field (if present) is an Indian city; no foreign signal found. Not independently verified.,diamond_colorstone,Hall 6,6P 096E,MUMBAI
EXH21,UNNATI EXIMP INTERNATONAL,INDIAN-DOMESTIC (default — unconfirmed against a company registry),India (assumed),Default classification: not listed under a GJEPC 'International *' section and city field (if present) is an Indian city; no foreign signal found. Not independently verified.,machinery,Hall 5,5U 569C,JAIPUR
EXH569,URJA JEWELLERS,INDIAN-DOMESTIC (default — unconfirmed against a company registry),India (assumed),Default classification: not listed under a GJEPC 'International *' section and city field (if present) is an Indian city; no foreign signal found. Not independently verified.,plain_gold,Hall 3,3M 363C,MUMBAI
EXH197,UV JEWELS,INDIAN-DOMESTIC (default — unconfirmed against a company registry),India (assumed),Default classification: not listed under a GJEPC 'International *' section and city field (if present) is an Indian city; no foreign signal found. Not independently verified.,diamond_colorstone,Hall 2,2H 233,MUMBAI
EXH359,V J JEWELS,INDIAN-DOMESTIC (default — unconfirmed against a company registry),India (assumed),Default classification: not listed under a GJEPC 'International *' section and city field (if present) is an Indian city; no foreign signal found. Not independently verified.,plain_gold,Hall 3,3L 372C,MUMBAI
EXH1525,V JEWELS,INDIAN-DOMESTIC (default — unconfirmed against a company registry),India (assumed),Default classification: not listed under a GJEPC 'International *' section and city field (if present) is an Indian city; no foreign signal found. Not independently verified.,silver_jewellery_artifacts,Hall Pavillion,JIO-W 39j,AGRA
EXH818,V. DIAM GEMS PVT. LTD.,INDIAN-DOMESTIC (default — unconfirmed against a company registry),India (assumed),Default classification: not listed under a GJEPC 'International *' section and city field (if present) is an Indian city; no foreign signal found. Not independently verified.,loose_stones_diamonds,Hall Pavillion,JIO-L 20i,MUMBAI
EXH1536,V. N. EXPORTS,INDIAN-DOMESTIC (default — unconfirmed against a company registry),India (assumed),Default classification: not listed under a GJEPC 'International *' section and city field (if present) is an Indian city; no foreign signal found. Not independently verified.,diamond_colorstone,Hall 3,3P 411C,AHMEDABAD
EXH926,V. NARENDRA & CO,INDIAN-DOMESTIC (default — unconfirmed against a company registry),India (assumed),Default classification: not listed under a GJEPC 'International *' section and city field (if present) is an Indian city; no foreign signal found. Not independently verified.,loose_stones_color_stones,Hall JASMINE,JIO-AH 41j,MUMBAI
EXH418,V.D. JEWELLERS,INDIAN-DOMESTIC (default — unconfirmed against a company registry),India (assumed),Default classification: not listed under a GJEPC 'International *' section and city field (if present) is an Indian city; no foreign signal found. Not independently verified.,plain_gold,Hall 6,6F 041B,NEW DELHI
EXH1288,V.H. JEWELLERS,INDIAN-DOMESTIC (default — unconfirmed against a company registry),India (assumed),Default classification: not listed under a GJEPC 'International *' section and city field (if present) is an Indian city; no foreign signal found. Not independently verified.,diamond_colorstone,Hall 6,6N 097D,JAIPUR
EXH135,V.J. ENTERPRISES,INDIAN-DOMESTIC (default — unconfirmed against a company registry),India (assumed),Default classification: not listed under a GJEPC 'International *' section and city field (if present) is an Indian city; no foreign signal found. Not independently verified.,machinery,Hall 5,5V 568H,MUMBAI
EXH1856,VABS DIAMOND,INDIAN-DOMESTIC (default — unconfirmed against a company registry),India (assumed),Default classification: not listed under a GJEPC 'International *' section and city field (if present) is an Indian city; no foreign signal found. Not independently verified.,lgd_jewellery,Hall Pavillion,JIO-Z 47c,SURAT
EXH548,VAIBHAV JEWELLERS,INDIAN-DOMESTIC (default — unconfirmed against a company registry),India (assumed),Default classification: not listed under a GJEPC 'International *' section and city field (if present) is an Indian city; no foreign signal found. Not independently verified.,diamond_colorstone,Hall 6,6Q 104G,MUMBAI
EXH1326,VAID JEWELLERS,INDIAN-DOMESTIC (default — unconfirmed against a company registry),India (assumed),Default classification: not listed under a GJEPC 'International *' section and city field (if present) is an Indian city; no foreign signal found. Not independently verified.,diamond_colorstone,Hall 3,3Q 448,JAIPUR
EXH582,VAJRA ENTERPRISES,INDIAN-DOMESTIC (default — unconfirmed against a company registry),India (assumed),Default classification: not listed under a GJEPC 'International *' section and city field (if present) is an Indian city; no foreign signal found. Not independently verified.,machinery,Hall 5,5U 559,THANE
EXH228,VAJRA JEWELS,INDIAN-DOMESTIC (default — unconfirmed against a company registry),India (assumed),Default classification: not listed under a GJEPC 'International *' section and city field (if present) is an Indian city; no foreign signal found. Not independently verified.,diamond_colorstone,Hall 4,4S 476A,AHMEDABAD
EXH696,VALENTINE JEWELLERY INTERNATIONAL,INDIAN-DOMESTIC (default — unconfirmed against a company registry),India (assumed),Default classification: not listed under a GJEPC 'International *' section and city field (if present) is an Indian city; no foreign signal found. Not independently verified.,the_select_club,Hall JASMINE,Club-AB 8b,JAIPUR
EXH2029,VANIOR JEWELS PVT LTD,INDIAN-DOMESTIC (default — unconfirmed against a company registry),India (assumed),Default classification: not listed under a GJEPC 'International *' section and city field (if present) is an Indian city; no foreign signal found. Not independently verified.,lgd_jewellery,Hall Pavillion,JIO-Z 47g,INDORE
EXH614,VANSH GOLD,INDIAN-DOMESTIC (default — unconfirmed against a company registry),India (assumed),Default classification: not listed under a GJEPC 'International *' section and city field (if present) is an Indian city; no foreign signal found. Not independently verified.,plain_gold,Hall 2,2K 321,MUMBAI
EXH1606,VARA JEWELS,INDIAN-DOMESTIC (default — unconfirmed against a company registry),India (assumed),Default classification: not listed under a GJEPC 'International *' section and city field (if present) is an Indian city; no foreign signal found. Not independently verified.,diamond_colorstone,Hall 3,3Q 420,SURAT
EXH1884,VARDHMANKRUPA GOLD PVT LTD,INDIAN-DOMESTIC (default — unconfirmed against a company registry),India (assumed),Default classification: not listed under a GJEPC 'International *' section and city field (if present) is an Indian city; no foreign signal found. Not independently verified.,plain_gold,Hall 2,2G 146,AHMEDABAD
EXH2005,VARK JEWELS,INDIAN-DOMESTIC (default — unconfirmed against a company registry),India (assumed),Default classification: not listed under a GJEPC 'International *' section and city field (if present) is an Indian city; no foreign signal found. Not independently verified.,diamond_colorstone,Hall 6,6M 095C,MUMBAI
EXH1249,VARNI GEMS,INDIAN-DOMESTIC (default — unconfirmed against a company registry),India (assumed),Default classification: not listed under a GJEPC 'International *' section and city field (if present) is an Indian city; no foreign signal found. Not independently verified.,loose_stones_diamonds,Hall Pavillion,JIO-L 20h,MUMBAI
EXH1340,VARNI STAR,INDIAN-DOMESTIC (default — unconfirmed against a company registry),India (assumed),Default classification: not listed under a GJEPC 'International *' section and city field (if present) is an Indian city; no foreign signal found. Not independently verified.,loose_stones_diamonds,Hall Pavillion,JIO-J 16g,MUMBAI
EXH555,VARSHIP JEWELS,INDIAN-DOMESTIC (default — unconfirmed against a company registry),India (assumed),Default classification: not listed under a GJEPC 'International *' section and city field (if present) is an Indian city; no foreign signal found. Not independently verified.,diamond_colorstone,Hall 2,2H 194,MUMBAI
EXH440,VD JEWELS ARTISON PVT.LTD,INDIAN-DOMESTIC (default — unconfirmed against a company registry),India (assumed),Default classification: not listed under a GJEPC 'International *' section and city field (if present) is an Indian city; no foreign signal found. Not independently verified.,diamond_colorstone,Hall 6,6Q 107,MUMBAI
EXH1624,VEEDI JEWELS PRIVATE LIMITED,INDIAN-DOMESTIC (default — unconfirmed against a company registry),India (assumed),Default classification: not listed under a GJEPC 'International *' section and city field (if present) is an Indian city; no foreign signal found. Not independently verified.,diamond_colorstone,Hall 2,2H 197,SURAT
EXH567,VEER GEMS,INDIAN-DOMESTIC (default — unconfirmed against a company registry),India (assumed),Default classification: not listed under a GJEPC 'International *' section and city field (if present) is an Indian city; no foreign signal found. Not independently verified.,loose_stones_diamonds,Hall Pavillion,JIO-M 21j,MUMBAI
EXH1323,VEER GOLD,INDIAN-DOMESTIC (default — unconfirmed against a company registry),India (assumed),Default classification: not listed under a GJEPC 'International *' section and city field (if present) is an Indian city; no foreign signal found. Not independently verified.,plain_gold,Hall 2,2G 147,MUMBAI
EXH809,VEER JEWELLERS,INDIAN-DOMESTIC (default — unconfirmed against a company registry),India (assumed),Default classification: not listed under a GJEPC 'International *' section and city field (if present) is an Indian city; no foreign signal found. Not independently verified.,plain_gold,Hall 3,3Q 418,MUMBAI
EXH2165,VENICE DIA JEWEL PRIVATE LIMITED,INDIAN-DOMESTIC (default — unconfirmed against a company registry),India (assumed),Default classification: not listed under a GJEPC 'International *' section and city field (if present) is an Indian city; no foreign signal found. Not independently verified.,diamond_colorstone,Hall 4,4R 462D,MUMBAI
EXH2035,VENUS JEWEL,INDIAN-DOMESTIC (default — unconfirmed against a company registry),India (assumed),Default classification: not listed under a GJEPC 'International *' section and city field (if present) is an Indian city; no foreign signal found. Not independently verified.,loose_stones_diamonds,Hall Pavillion,JIO-H 16e,MUMBAI
EXH319,VENUS PRECIOUS METALS REFINERY,INDIAN-DOMESTIC (default — unconfirmed against a company registry),India (assumed),Default classification: not listed under a GJEPC 'International *' section and city field (if present) is an Indian city; no foreign signal found. Not independently verified.,machinery,Hall 5,5V 613,MUMBAI
EXH1235,VERAKI JEWELS LLP,INDIAN-DOMESTIC (default — unconfirmed against a company registry),India (assumed),Default classification: not listed under a GJEPC 'International *' section and city field (if present) is an Indian city; no foreign signal found. Not independently verified.,lgd_jewellery,Hall Pavillion,JIO-X 43e,MUMBAI
EXH1092,VERONA JEWELS & CREATIONS PRIVATE LIMITED,INDIAN-DOMESTIC (default — unconfirmed against a company registry),India (assumed),Default classification: not listed under a GJEPC 'International *' section and city field (if present) is an Indian city; no foreign signal found. Not independently verified.,silver_jewellery_artifacts,Hall Pavillion,JIO-T 36b,JAIPUR
EXH1318,VFJ BY VAMA LLP,INDIAN-DOMESTIC (default — unconfirmed against a company registry),India (assumed),Default classification: not listed under a GJEPC 'International *' section and city field (if present) is an Indian city; no foreign signal found. Not independently verified.,the_select_club,Hall JASMINE,Club-AB 7b,MUMBAI
EXH583,VIBHA JEWEL AND GEMS,INDIAN-DOMESTIC (default — unconfirmed against a company registry),India (assumed),Default classification: not listed under a GJEPC 'International *' section and city field (if present) is an Indian city; no foreign signal found. Not independently verified.,diamond_colorstone,Hall 3,3N 390C,HYDERABAD
EXH1908,VIDHAN JEWELLS AND DIAMONDS PVT.LTD,INDIAN-DOMESTIC (default — unconfirmed against a company registry),India (assumed),Default classification: not listed under a GJEPC 'International *' section and city field (if present) is an Indian city; no foreign signal found. Not independently verified.,plain_gold,Hall 3,3L 366B,BENGALURU
EXH520,VIDHI DESIGNS,INDIAN-DOMESTIC (default — unconfirmed against a company registry),India (assumed),Default classification: not listed under a GJEPC 'International *' section and city field (if present) is an Indian city; no foreign signal found. Not independently verified.,diamond_colorstone,Hall 4,4S 494,MUMBAI
EXH605,VIDHI JEWELS,INDIAN-DOMESTIC (default — unconfirmed against a company registry),India (assumed),Default classification: not listed under a GJEPC 'International *' section and city field (if present) is an Indian city; no foreign signal found. Not independently verified.,silver_jewellery_artifacts,Hall Pavillion,JIO-R 30k,MUMBAI
EXH1630,VIE 92 JEWELLERY,INDIAN-DOMESTIC (default — unconfirmed against a company registry),India (assumed),Default classification: not listed under a GJEPC 'International *' section and city field (if present) is an Indian city; no foreign signal found. Not independently verified.,plain_gold,Hall Pavillion,JIO-P 26h,MUMBAI
EXH1118,VIERA CZ JEWELLERY LLP,INDIAN-DOMESTIC (default — unconfirmed against a company registry),India (assumed),Default classification: not listed under a GJEPC 'International *' section and city field (if present) is an Indian city; no foreign signal found. Not independently verified.,plain_gold,Hall 2,2G 177,MUMBAI
EXH1872,VIHIT INVESTMENTS,INDIAN-DOMESTIC (default — unconfirmed against a company registry),India (assumed),Default classification: not listed under a GJEPC 'International *' section and city field (if present) is an Indian city; no foreign signal found. Not independently verified.,diamond_colorstone,Hall 2,2J 245G,SURAT
EXH1410,VIJAY ATELIERR FINE JEWELS PRIVATE LIMITED,INDIAN-DOMESTIC (default — unconfirmed against a company registry),India (assumed),Default classification: not listed under a GJEPC 'International *' section and city field (if present) is an Indian city; no foreign signal found. Not independently verified.,diamond_colorstone,Hall 6,6J 064B,MUMBAI
EXH338,VIJAY SHANTI ARTS,INDIAN-DOMESTIC (default — unconfirmed against a company registry),India (assumed),Default classification: not listed under a GJEPC 'International *' section and city field (if present) is an Indian city; no foreign signal found. Not independently verified.,plain_gold,Hall Pavillion,JIO-H 15d,MUMBAI
EXH843,VIJAY TAK GEMS PVT.LTD,INDIAN-DOMESTIC (default — unconfirmed against a company registry),India (assumed),Default classification: not listed under a GJEPC 'International *' section and city field (if present) is an Indian city; no foreign signal found. Not independently verified.,loose_stones_color_stones,Hall JASMINE,JIO-AG 41d,JAIPUR
EXH721,VIJAYRAJ & SONS,INDIAN-DOMESTIC (default — unconfirmed against a company registry),India (assumed),Default classification: not listed under a GJEPC 'International *' section and city field (if present) is an Indian city; no foreign signal found. Not independently verified.,the_select_club,Hall JASMINE,Club-AB 6b,MUMBAI
EXH589,VIKAS JEWELLERS,INDIAN-DOMESTIC (default — unconfirmed against a company registry),India (assumed),Default classification: not listed under a GJEPC 'International *' section and city field (if present) is an Indian city; no foreign signal found. Not independently verified.,plain_gold,Hall 2,2K 313,MUMBAI
EXH1668,VIKASH JEWELLERS,INDIAN-DOMESTIC (default — unconfirmed against a company registry),India (assumed),Default classification: not listed under a GJEPC 'International *' section and city field (if present) is an Indian city; no foreign signal found. Not independently verified.,plain_gold,Hall 4,4S 496,MUMBAI
EXH491,VIMLACHAL JEWELS,INDIAN-DOMESTIC (default — unconfirmed against a company registry),India (assumed),Default classification: not listed under a GJEPC 'International *' section and city field (if present) is an Indian city; no foreign signal found. Not independently verified.,plain_gold,Hall 2,2K 318,AHMEDABAD
EXH1568,VINAYAK EXPORTS,INDIAN-DOMESTIC (default — unconfirmed against a company registry),India (assumed),Default classification: not listed under a GJEPC 'International *' section and city field (if present) is an Indian city; no foreign signal found. Not independently verified.,silver_jewellery_artifacts,Hall Pavillion,JIO-S 33d,MUMBAI
EXH1182,VINAYAK GEMS,INDIAN-DOMESTIC (default — unconfirmed against a company registry),India (assumed),Default classification: not listed under a GJEPC 'International *' section and city field (if present) is an Indian city; no foreign signal found. Not independently verified.,loose_stones_color_stones,Hall LOTUS,JIO-AQ 56c,MUMBAI
EXH1542,VINAYAK GEMS,INDIAN-DOMESTIC (default — unconfirmed against a company registry),India (assumed),Default classification: not listed under a GJEPC 'International *' section and city field (if present) is an Indian city; no foreign signal found. Not independently verified.,loose_stones_color_stones,Hall LOTUS,JIO-AN 52b,JAIPUR
EXH1395,VINAYAK JEWELLERS,INDIAN-DOMESTIC (default — unconfirmed against a company registry),India (assumed),Default classification: not listed under a GJEPC 'International *' section and city field (if present) is an Indian city; no foreign signal found. Not independently verified.,plain_gold,Hall 3,3L 355,KOLKATA
EXH1292,VINAYAKA JEWELLERS,INDIAN-DOMESTIC (default — unconfirmed against a company registry),India (assumed),Default classification: not listed under a GJEPC 'International *' section and city field (if present) is an Indian city; no foreign signal found. Not independently verified.,plain_gold,Hall 2,2K 307,MUMBAI
EXH1531,VINAYAKA JEWELS,INDIAN-DOMESTIC (default — unconfirmed against a company registry),India (assumed),Default classification: not listed under a GJEPC 'International *' section and city field (if present) is an Indian city; no foreign signal found. Not independently verified.,plain_gold,Hall 6,6R 129C,HYDERABAD
EXH2131,VIOLI MACCHINE S.R.L.,FOREIGN,Italy (inferred from S.R.L./S.p.A. Italian legal-entity suffix in name; city field blank in source),"GJEPC exhibitor-list Section field = 'International Machinery' (organizer-assigned foreign/international pavilion category, distinct from domestic sections like plain_gold/diamond_colorstone/silver_jewellery_artifacts); City field blank in source; country inferred from Italian legal-entity suffix (S.R.L./S.p.A.) in company name",International Machinery,Hall 5,5U 583H,
EXH1898,VIR JEWELS,INDIAN-DOMESTIC (default — unconfirmed against a company registry),India (assumed),Default classification: not listed under a GJEPC 'International *' section and city field (if present) is an Indian city; no foreign signal found. Not independently verified.,diamond_colorstone,Hall 4,4R 462F,JAIPUR
EXH672,VIRANI EXPORTS,INDIAN-DOMESTIC (default — unconfirmed against a company registry),India (assumed),Default classification: not listed under a GJEPC 'International *' section and city field (if present) is an Indian city; no foreign signal found. Not independently verified.,loose_stones_diamonds,Hall Pavillion,JIO-K 20b,MUMBAI
EXH1655,VIRASAT SILVER HOUSE,INDIAN-DOMESTIC (default — unconfirmed against a company registry),India (assumed),Default classification: not listed under a GJEPC 'International *' section and city field (if present) is an Indian city; no foreign signal found. Not independently verified.,silver_jewellery_artifacts,Hall Pavillion,JIO-S 31i,JAIPUR
EXH1195,VIRAT GOLD,INDIAN-DOMESTIC (default — unconfirmed against a company registry),India (assumed),Default classification: not listed under a GJEPC 'International *' section and city field (if present) is an Indian city; no foreign signal found. Not independently verified.,silver_jewellery_artifacts,Hall Pavillion,JIO-V 37g,HOOGHLY
EXH571,VISHAL JEWELLERS,INDIAN-DOMESTIC (default — unconfirmed against a company registry),India (assumed),Default classification: not listed under a GJEPC 'International *' section and city field (if present) is an Indian city; no foreign signal found. Not independently verified.,silver_jewellery_artifacts,Hall Pavillion,JIO-T 35g,SURAT
EXH1690,VISHESH JEWELS,INDIAN-DOMESTIC (default — unconfirmed against a company registry),India (assumed),Default classification: not listed under a GJEPC 'International *' section and city field (if present) is an Indian city; no foreign signal found. Not independently verified.,plain_gold,Hall Pavillion,JIO-Q 27k,MUMBAI
EXH1220,VISHNU AGARWAL AND COMPANY,INDIAN-DOMESTIC (default — unconfirmed against a company registry),India (assumed),Default classification: not listed under a GJEPC 'International *' section and city field (if present) is an Indian city; no foreign signal found. Not independently verified.,loose_stones_color_stones,Hall LOTUS,JIO-AR 56g,JAIPUR
EXH941,VISION BOARD STUDIO,INDIAN-DOMESTIC (default — unconfirmed against a company registry),India (assumed),Default classification: not listed under a GJEPC 'International *' section and city field (if present) is an Indian city; no foreign signal found. Not independently verified.,allied,Hall Aurum,AU 036,MUMBAI
EXH324,VISTARA JEWELLERY LLP,INDIAN-DOMESTIC (default — unconfirmed against a company registry),India (assumed),Default classification: not listed under a GJEPC 'International *' section and city field (if present) is an Indian city; no foreign signal found. Not independently verified.,diamond_colorstone,Hall 6,6N 098C,SURAT
EXH883,VIVAAZ JEWELS PVT.LTD,INDIAN-DOMESTIC (default — unconfirmed against a company registry),India (assumed),Default classification: not listed under a GJEPC 'International *' section and city field (if present) is an Indian city; no foreign signal found. Not independently verified.,diamond_colorstone,Hall 6,6N 099C,MUMBAI
EXH149,VM DESIGN GROUP,INDIAN-DOMESTIC (default — unconfirmed against a company registry),India (assumed),Default classification: not listed under a GJEPC 'International *' section and city field (if present) is an Indian city; no foreign signal found. Not independently verified.,allied,Hall Aurum,AU 017,NEW DELHI
EXH939,VRIT JEWELS PRIVATE LIMITED,INDIAN-DOMESTIC (default — unconfirmed against a company registry),India (assumed),Default classification: not listed under a GJEPC 'International *' section and city field (if present) is an Indian city; no foreign signal found. Not independently verified.,plain_gold,Hall Pavillion,JIO-E 10c,MUMBAI
EXH125,WELL WORTH ENGINEERING,INDIAN-DOMESTIC (default — unconfirmed against a company registry),India (assumed),Default classification: not listed under a GJEPC 'International *' section and city field (if present) is an Indian city; no foreign signal found. Not independently verified.,machinery,Hall 5,5U 543,MUMBAI
EXH210,WHITE FIRE DIAMONDS INDIA  PRIVATE LIMITED,INDIAN-DOMESTIC (default — unconfirmed against a company registry),India (assumed),Default classification: not listed under a GJEPC 'International *' section and city field (if present) is an Indian city; no foreign signal found. Not independently verified.,diamond_colorstone,Hall 3,3P 400E,CHENNAI
EXH413,WILL & WISDOM,INDIAN-DOMESTIC (default — unconfirmed against a company registry),India (assumed),Default classification: not listed under a GJEPC 'International *' section and city field (if present) is an Indian city; no foreign signal found. Not independently verified.,machinery,Hall 5,5U 561,MUMBAI
EXH545,WILMOR ENTERPRISE,INDIAN-DOMESTIC (default — unconfirmed against a company registry),India (assumed),Default classification: not listed under a GJEPC 'International *' section and city field (if present) is an Indian city; no foreign signal found. Not independently verified.,machinery,Hall 5,5V 568A,RAJKOT
EXH93,WINTECH JEWELS EQUIPMENT PVT.  LTD.,INDIAN-DOMESTIC (default — unconfirmed against a company registry),India (assumed),Default classification: not listed under a GJEPC 'International *' section and city field (if present) is an Indian city; no foreign signal found. Not independently verified.,machinery,Hall 5,5V 615,MUMBAI
EXH2125,WORLD GOLD COUNCIL (I) PVT LTD,INDIAN-DOMESTIC (default — unconfirmed against a company registry),India (assumed),Default classification: not listed under a GJEPC 'International *' section and city field (if present) is an Indian city; no foreign signal found. Not independently verified.,plain_gold,Hall 6,6G 047B,MUMBAI
EXH2045,World Jewelry Tools Co. Ltd.,FOREIGN,Thailand,"GJEPC exhibitor-list Section field = 'International Machinery' (organizer-assigned foreign/international pavilion category, distinct from domestic sections like plain_gold/diamond_colorstone/silver_jewellery_artifacts); City field = 'BANGKOK' -> country inferred",International Machinery,Hall 5,5V 583A,BANGKOK
EXH2151,X-ORO S.R.L.,FOREIGN,Italy (inferred from S.R.L./S.p.A. Italian legal-entity suffix in name; city field blank in source),"GJEPC exhibitor-list Section field = 'International Machinery' (organizer-assigned foreign/international pavilion category, distinct from domestic sections like plain_gold/diamond_colorstone/silver_jewellery_artifacts); City field blank in source; country inferred from Italian legal-entity suffix (S.R.L./S.p.A.) in company name",International Machinery,Hall 5,5U 583C,
EXH1400,YAMUNA ENTERPRISE,INDIAN-DOMESTIC (default — unconfirmed against a company registry),India (assumed),Default classification: not listed under a GJEPC 'International *' section and city field (if present) is an Indian city; no foreign signal found. Not independently verified.,loose_stones_diamonds,Hall Pavillion,JIO-K 20f,MUMBAI
EXH1569,YASH JEWELLERS,INDIAN-DOMESTIC (default — unconfirmed against a company registry),India (assumed),Default classification: not listed under a GJEPC 'International *' section and city field (if present) is an Indian city; no foreign signal found. Not independently verified.,plain_gold,Hall 2,2K 272A,MUMBAI
EXH306,YASHEEKA ORNAMENTS,INDIAN-DOMESTIC (default — unconfirmed against a company registry),India (assumed),Default classification: not listed under a GJEPC 'International *' section and city field (if present) is an Indian city; no foreign signal found. Not independently verified.,diamond_colorstone,Hall 3,3Q 408E,SURAT
EXH1266,YASHIKA DIAMONDS PVT. LTD.,INDIAN-DOMESTIC (default — unconfirmed against a company registry),India (assumed),Default classification: not listed under a GJEPC 'International *' section and city field (if present) is an Indian city; no foreign signal found. Not independently verified.,diamond_colorstone,Hall 4,4R 473C,NOIDA
EXH17,YASUI FIELD ENGINEERING P. LTD,INDIAN-DOMESTIC (default — unconfirmed against a company registry),India (assumed),Default classification: not listed under a GJEPC 'International *' section and city field (if present) is an Indian city; no foreign signal found. Not independently verified.,machinery,Hall 5,5U 544,MUMBAI
EXH824,YOGI JEWELLERS,INDIAN-DOMESTIC (default — unconfirmed against a company registry),India (assumed),Default classification: not listed under a GJEPC 'International *' section and city field (if present) is an Indian city; no foreign signal found. Not independently verified.,plain_gold,Hall Pavillion,JIO-K 18i,SURAT
EXH1729,YUG GLOBAL PRIVATE LIMITED,INDIAN-DOMESTIC (default — unconfirmed against a company registry),India (assumed),Default classification: not listed under a GJEPC 'International *' section and city field (if present) is an Indian city; no foreign signal found. Not independently verified.,loose_stones_diamonds,Hall Pavillion,JIO-K 17g,MUMBAI
EXH742,ZAI JEWELLERY TOOLS,INDIAN-DOMESTIC (default — unconfirmed against a company registry),India (assumed),Default classification: not listed under a GJEPC 'International *' section and city field (if present) is an Indian city; no foreign signal found. Not independently verified.,machinery,Hall 5,5V 569G,NAVI MUMBAI
EXH433,ZAR JEWELS PVT. LTD,INDIAN-DOMESTIC (default — unconfirmed against a company registry),India (assumed),Default classification: not listed under a GJEPC 'International *' section and city field (if present) is an Indian city; no foreign signal found. Not independently verified.,plain_gold,Hall 4,4T 484B,MUMBAI
EXH1010,ZAYAH SOLITAIRES,INDIAN-DOMESTIC (default — unconfirmed against a company registry),India (assumed),Default classification: not listed under a GJEPC 'International *' section and city field (if present) is an Indian city; no foreign signal found. Not independently verified.,diamond_colorstone,Hall 2,2H 195,PILIBHIT
EXH339,ZEMERRA JEWELS PRIVATE LIMITED,INDIAN-DOMESTIC (default — unconfirmed against a company registry),India (assumed),Default classification: not listed under a GJEPC 'International *' section and city field (if present) is an Indian city; no foreign signal found. Not independently verified.,diamond_colorstone,Hall 3,3P 390F,SURAT
EXH1500,ZEVAR THE JEWELLERY WORLD,INDIAN-DOMESTIC (default — unconfirmed against a company registry),India (assumed),Default classification: not listed under a GJEPC 'International *' section and city field (if present) is an Indian city; no foreign signal found. Not independently verified.,plain_gold,Hall Pavillion,JIO-J 15q,JAIPUR
EXH1236,ZEWAR,INDIAN-DOMESTIC (default — unconfirmed against a company registry),India (assumed),Default classification: not listed under a GJEPC 'International *' section and city field (if present) is an Indian city; no foreign signal found. Not independently verified.,diamond_colorstone,Hall 6,6P 097H,MUMBAI
EXH1865,ZIANA DIAMOND JEWELLERY,INDIAN-DOMESTIC (default — unconfirmed against a company registry),India (assumed),Default classification: not listed under a GJEPC 'International *' section and city field (if present) is an Indian city; no foreign signal found. Not independently verified.,diamond_colorstone,Hall 6,6R 124C,SURAT
EXH688,ZIVA JEWELLERY PVT.LTD,INDIAN-DOMESTIC (default — unconfirmed against a company registry),India (assumed),Default classification: not listed under a GJEPC 'International *' section and city field (if present) is an Indian city; no foreign signal found. Not independently verified.,diamond_colorstone,Hall 6,6L 089C,MUMBAI
EXH1912,ZORBA DIAMOND PRIVATE LIMITED,INDIAN-DOMESTIC (default — unconfirmed against a company registry),India (assumed),Default classification: not listed under a GJEPC 'International *' section and city field (if present) is an Indian city; no foreign signal found. Not independently verified.,diamond_colorstone,Hall 3,3Q 407C,KOLKATA
EXH1155,ZUNDAA,INDIAN-DOMESTIC (default — unconfirmed against a company registry),India (assumed),Default classification: not listed under a GJEPC 'International *' section and city field (if present) is an Indian city; no foreign signal found. Not independently verified.,diamond_colorstone,Hall 3,3P 399E,MUMBAI
