s_no,name,country_origin,flag,flag_basis,category_segment,hall,stand,source_url
1,ATIR PoliTech Pvt. Ltd.,India,INDIA-DOMESTIC,"Country field in the official convergenceindia.org 'List of Participants' directory (structured per-exhibitor filter data — a 'Country' facet built into the site's own exhibitor search/filter UI, not free text or name-guessed) lists this exhibitor's country as ""India"".",Startup,Hall 1,E1-01,https://www.convergenceindia.org/exhibitors-and-participants-convergence-india.aspx
2,(Montra),India,INDIA-DOMESTIC,"Country field in the official convergenceindia.org 'List of Participants' directory (structured per-exhibitor filter data — a 'Country' facet built into the site's own exhibitor search/filter UI, not free text or name-guessed) lists this exhibitor's country as ""India"".",Smart Mobility,Hall 1,,https://www.convergenceindia.org/exhibitors-and-participants-convergence-india.aspx
3,*astTECS,India,INDIA-DOMESTIC,"Country field in the official convergenceindia.org 'List of Participants' directory (structured per-exhibitor filter data — a 'Country' facet built into the site's own exhibitor search/filter UI, not free text or name-guessed) lists this exhibitor's country as ""India"".",IT & Communications,Hall 5,A5-15,https://www.convergenceindia.org/exhibitors-and-participants-convergence-india.aspx
4,11ZA,India,INDIA-DOMESTIC,"Country field in the official convergenceindia.org 'List of Participants' directory (structured per-exhibitor filter data — a 'Country' facet built into the site's own exhibitor search/filter UI, not free text or name-guessed) lists this exhibitor's country as ""India"".",IT & Communications,Hall 5,B5-99,https://www.convergenceindia.org/exhibitors-and-participants-convergence-india.aspx
5,42 LL,Russia,FOREIGN,"Country field in the official convergenceindia.org 'List of Participants' directory (structured per-exhibitor filter data — a 'Country' facet built into the site's own exhibitor search/filter UI, not free text or name-guessed) lists this exhibitor's country as ""Russia"".",IT & Communications,Hall 3,B3-50,https://www.convergenceindia.org/exhibitors-and-participants-convergence-india.aspx
6,9 Hindway hitech pvt ltd,India,INDIA-DOMESTIC,"Country field in the official convergenceindia.org 'List of Participants' directory (structured per-exhibitor filter data — a 'Country' facet built into the site's own exhibitor search/filter UI, not free text or name-guessed) lists this exhibitor's country as ""India"".",IT & Communications,Hall 5,B5-57,https://www.convergenceindia.org/exhibitors-and-participants-convergence-india.aspx
7,99 Electrical World,India,INDIA-DOMESTIC,"Country field in the official convergenceindia.org 'List of Participants' directory (structured per-exhibitor filter data — a 'Country' facet built into the site's own exhibitor search/filter UI, not free text or name-guessed) lists this exhibitor's country as ""India"".",Media Partner,Hall 3,A3-25,https://www.convergenceindia.org/exhibitors-and-participants-convergence-india.aspx
8,99 Electronics World,India,INDIA-DOMESTIC,"Country field in the official convergenceindia.org 'List of Participants' directory (structured per-exhibitor filter data — a 'Country' facet built into the site's own exhibitor search/filter UI, not free text or name-guessed) lists this exhibitor's country as ""India"".",Media Partner,,,https://www.convergenceindia.org/exhibitors-and-participants-convergence-india.aspx
9,Aabasoft Technologies India Pvt Ltd,India,INDIA-DOMESTIC,"Country field in the official convergenceindia.org 'List of Participants' directory (structured per-exhibitor filter data — a 'Country' facet built into the site's own exhibitor search/filter UI, not free text or name-guessed) lists this exhibitor's country as ""India"".",IT & Communications,Hall 3,C3-08,https://www.convergenceindia.org/exhibitors-and-participants-convergence-india.aspx
10,AAEON Technology Inc.,Taiwan,FOREIGN,"Country field in the official convergenceindia.org 'List of Participants' directory (structured per-exhibitor filter data — a 'Country' facet built into the site's own exhibitor search/filter UI, not free text or name-guessed) lists this exhibitor's country as ""Taiwan"".",IT & Communications,Hall 5,A5-150,https://www.convergenceindia.org/exhibitors-and-participants-convergence-india.aspx
11,Aaritya Technologies Private Limited,India,INDIA-DOMESTIC,"Country field in the official convergenceindia.org 'List of Participants' directory (structured per-exhibitor filter data — a 'Country' facet built into the site's own exhibitor search/filter UI, not free text or name-guessed) lists this exhibitor's country as ""India"".",FinTech,Hall 2,B2-49,https://www.convergenceindia.org/exhibitors-and-participants-convergence-india.aspx
12,Aavishakar Media,India,INDIA-DOMESTIC,"Country field in the official convergenceindia.org 'List of Participants' directory (structured per-exhibitor filter data — a 'Country' facet built into the site's own exhibitor search/filter UI, not free text or name-guessed) lists this exhibitor's country as ""India"".",Media Partner,Hall 5,A5-70,https://www.convergenceindia.org/exhibitors-and-participants-convergence-india.aspx
13,Acceron Infosol Pvt Ltd,India,INDIA-DOMESTIC,"Country field in the official convergenceindia.org 'List of Participants' directory (structured per-exhibitor filter data — a 'Country' facet built into the site's own exhibitor search/filter UI, not free text or name-guessed) lists this exhibitor's country as ""India"".",IT & Communications,Hall 5,A5-140,https://www.convergenceindia.org/exhibitors-and-participants-convergence-india.aspx
14,Acepower,United States,FOREIGN,"Country field in the official convergenceindia.org 'List of Participants' directory (structured per-exhibitor filter data — a 'Country' facet built into the site's own exhibitor search/filter UI, not free text or name-guessed) lists this exhibitor's country as ""United States"".",IT & Communications,Hall 5,E5-85,https://www.convergenceindia.org/exhibitors-and-participants-convergence-india.aspx
15,Acrel,China,FOREIGN,"Country field in the official convergenceindia.org 'List of Participants' directory (structured per-exhibitor filter data — a 'Country' facet built into the site's own exhibitor search/filter UI, not free text or name-guessed) lists this exhibitor's country as ""China"".",Internet of Things,Hall 3,A3-30,https://www.convergenceindia.org/exhibitors-and-participants-convergence-india.aspx
16,Aditi Tracking,India,INDIA-DOMESTIC,"Country field in the official convergenceindia.org 'List of Participants' directory (structured per-exhibitor filter data — a 'Country' facet built into the site's own exhibitor search/filter UI, not free text or name-guessed) lists this exhibitor's country as ""India"".",Internet of Things,Hall 3,A3-46,https://www.convergenceindia.org/exhibitors-and-participants-convergence-india.aspx
17,ADLINK Technology Inc.,Taiwan,FOREIGN,"Country field in the official convergenceindia.org 'List of Participants' directory (structured per-exhibitor filter data — a 'Country' facet built into the site's own exhibitor search/filter UI, not free text or name-guessed) lists this exhibitor's country as ""Taiwan"".",IT & Communications,Hall 5,A5-150,https://www.convergenceindia.org/exhibitors-and-participants-convergence-india.aspx
18,ADM ENGINEERING,India,INDIA-DOMESTIC,"Country field in the official convergenceindia.org 'List of Participants' directory (structured per-exhibitor filter data — a 'Country' facet built into the site's own exhibitor search/filter UI, not free text or name-guessed) lists this exhibitor's country as ""India"".",IT & Communications,Hall 5,B5-107,https://www.convergenceindia.org/exhibitors-and-participants-convergence-india.aspx
19,Adtech Systems Limited,India,INDIA-DOMESTIC,"Country field in the official convergenceindia.org 'List of Participants' directory (structured per-exhibitor filter data — a 'Country' facet built into the site's own exhibitor search/filter UI, not free text or name-guessed) lists this exhibitor's country as ""India"".",Startup,Hall 1,P40,https://www.convergenceindia.org/exhibitors-and-participants-convergence-india.aspx
20,Adtomate Solutions Private Limited,India,INDIA-DOMESTIC,"Country field in the official convergenceindia.org 'List of Participants' directory (structured per-exhibitor filter data — a 'Country' facet built into the site's own exhibitor search/filter UI, not free text or name-guessed) lists this exhibitor's country as ""India"".",Artificial Intelligence,Hall 5,A5-56,https://www.convergenceindia.org/exhibitors-and-participants-convergence-india.aspx
21,Advanced Telemedia Pvt. Ltd.,India,INDIA-DOMESTIC,"Country field in the official convergenceindia.org 'List of Participants' directory (structured per-exhibitor filter data — a 'Country' facet built into the site's own exhibitor search/filter UI, not free text or name-guessed) lists this exhibitor's country as ""India"".",IT & Communications,Hall 5,A5-87,https://www.convergenceindia.org/exhibitors-and-participants-convergence-india.aspx
22,Advergrow Solutions LLP,India,INDIA-DOMESTIC,"Country field in the official convergenceindia.org 'List of Participants' directory (structured per-exhibitor filter data — a 'Country' facet built into the site's own exhibitor search/filter UI, not free text or name-guessed) lists this exhibitor's country as ""India"".",Startup,Hall 1,P108,https://www.convergenceindia.org/exhibitors-and-participants-convergence-india.aspx
23,Aeonx Digital,India,INDIA-DOMESTIC,"Country field in the official convergenceindia.org 'List of Participants' directory (structured per-exhibitor filter data — a 'Country' facet built into the site's own exhibitor search/filter UI, not free text or name-guessed) lists this exhibitor's country as ""India"".",Artificial Intelligence,Hall 3,A3-48,https://www.convergenceindia.org/exhibitors-and-participants-convergence-india.aspx
24,Aetherrax Technologies,India,INDIA-DOMESTIC,"Country field in the official convergenceindia.org 'List of Participants' directory (structured per-exhibitor filter data — a 'Country' facet built into the site's own exhibitor search/filter UI, not free text or name-guessed) lists this exhibitor's country as ""India"".",Artificial Intelligence,Hall 3,C3-14,https://www.convergenceindia.org/exhibitors-and-participants-convergence-india.aspx
25,Aetina Corporation,Taiwan,FOREIGN,"Country field in the official convergenceindia.org 'List of Participants' directory (structured per-exhibitor filter data — a 'Country' facet built into the site's own exhibitor search/filter UI, not free text or name-guessed) lists this exhibitor's country as ""Taiwan"".",IT & Communications,Hall 5,A5-150,https://www.convergenceindia.org/exhibitors-and-participants-convergence-india.aspx
26,AGROFAB SUSTAINABLE  PRIVATE LIMITED,India,INDIA-DOMESTIC,"Country field in the official convergenceindia.org 'List of Participants' directory (structured per-exhibitor filter data — a 'Country' facet built into the site's own exhibitor search/filter UI, not free text or name-guessed) lists this exhibitor's country as ""India"".",Startup,Hall 1,P13,https://www.convergenceindia.org/exhibitors-and-participants-convergence-india.aspx
27,AI Astro Call,India,INDIA-DOMESTIC,"Country field in the official convergenceindia.org 'List of Participants' directory (structured per-exhibitor filter data — a 'Country' facet built into the site's own exhibitor search/filter UI, not free text or name-guessed) lists this exhibitor's country as ""India"".",Artificial Intelligence,Hall 3,A3-17,https://www.convergenceindia.org/exhibitors-and-participants-convergence-india.aspx
28,AI Experts,India,INDIA-DOMESTIC,"Country field in the official convergenceindia.org 'List of Participants' directory (structured per-exhibitor filter data — a 'Country' facet built into the site's own exhibitor search/filter UI, not free text or name-guessed) lists this exhibitor's country as ""India"".",IoT & Embedded Tech,Hall 4,E4-34,https://www.convergenceindia.org/exhibitors-and-participants-convergence-india.aspx
29,AI Governance Platform,India,INDIA-DOMESTIC,"Country field in the official convergenceindia.org 'List of Participants' directory (structured per-exhibitor filter data — a 'Country' facet built into the site's own exhibitor search/filter UI, not free text or name-guessed) lists this exhibitor's country as ""India"".",IoT & Embedded Tech,Hall 5,D5-91,https://www.convergenceindia.org/exhibitors-and-participants-convergence-india.aspx
30,Aimtron Electronics Limited,India,INDIA-DOMESTIC,"Country field in the official convergenceindia.org 'List of Participants' directory (structured per-exhibitor filter data — a 'Country' facet built into the site's own exhibitor search/filter UI, not free text or name-guessed) lists this exhibitor's country as ""India"".",IoT & Embedded Tech,Hall 4,B4-11,https://www.convergenceindia.org/exhibitors-and-participants-convergence-india.aspx
31,Airoha Technology Corp.,Taiwan,FOREIGN,"Country field in the official convergenceindia.org 'List of Participants' directory (structured per-exhibitor filter data — a 'Country' facet built into the site's own exhibitor search/filter UI, not free text or name-guessed) lists this exhibitor's country as ""Taiwan"".",IT & Communications,Hall 5,D5-122,https://www.convergenceindia.org/exhibitors-and-participants-convergence-india.aspx
32,Airpro Technology Ind Pvt Ltd,India,INDIA-DOMESTIC,"Country field in the official convergenceindia.org 'List of Participants' directory (structured per-exhibitor filter data — a 'Country' facet built into the site's own exhibitor search/filter UI, not free text or name-guessed) lists this exhibitor's country as ""India"".",IT & Communications,Hall 5,B5-156,https://www.convergenceindia.org/exhibitors-and-participants-convergence-india.aspx
33,Aitransmute Solutions Private Limited,India,INDIA-DOMESTIC,"Country field in the official convergenceindia.org 'List of Participants' directory (structured per-exhibitor filter data — a 'Country' facet built into the site's own exhibitor search/filter UI, not free text or name-guessed) lists this exhibitor's country as ""India"".",Artificial Intelligence,Hall 5,C5-145,https://www.convergenceindia.org/exhibitors-and-participants-convergence-india.aspx
34,Aizantra Intelligence Private Limited,India,INDIA-DOMESTIC,"Country field in the official convergenceindia.org 'List of Participants' directory (structured per-exhibitor filter data — a 'Country' facet built into the site's own exhibitor search/filter UI, not free text or name-guessed) lists this exhibitor's country as ""India"".",Startup,Hall 1,P115,https://www.convergenceindia.org/exhibitors-and-participants-convergence-india.aspx
35,Akubela,China,FOREIGN,"Country field in the official convergenceindia.org 'List of Participants' directory (structured per-exhibitor filter data — a 'Country' facet built into the site's own exhibitor search/filter UI, not free text or name-guessed) lists this exhibitor's country as ""China"".",IT & Communications,Hall 5,D5-84,https://www.convergenceindia.org/exhibitors-and-participants-convergence-india.aspx
36,Akuvox Networks Pvt Ltd,China,FOREIGN,"Country field in the official convergenceindia.org 'List of Participants' directory (structured per-exhibitor filter data — a 'Country' facet built into the site's own exhibitor search/filter UI, not free text or name-guessed) lists this exhibitor's country as ""China"".",IT & Communications,Hall 5,D5-84,https://www.convergenceindia.org/exhibitors-and-participants-convergence-india.aspx
37,Alaric Securities,Bulgaria,FOREIGN,"Country field in the official convergenceindia.org 'List of Participants' directory (structured per-exhibitor filter data — a 'Country' facet built into the site's own exhibitor search/filter UI, not free text or name-guessed) lists this exhibitor's country as ""Bulgaria"".",FinTech,Hall 2,A2-08,https://www.convergenceindia.org/exhibitors-and-participants-convergence-india.aspx
38,ALERTIS Private Limited,India,INDIA-DOMESTIC,"Country field in the official convergenceindia.org 'List of Participants' directory (structured per-exhibitor filter data — a 'Country' facet built into the site's own exhibitor search/filter UI, not free text or name-guessed) lists this exhibitor's country as ""India"".",Startup,Hall 1,P120,https://www.convergenceindia.org/exhibitors-and-participants-convergence-india.aspx
39,Algo,India,INDIA-DOMESTIC,"Country field in the official convergenceindia.org 'List of Participants' directory (structured per-exhibitor filter data — a 'Country' facet built into the site's own exhibitor search/filter UI, not free text or name-guessed) lists this exhibitor's country as ""India"".",IT & Communications,Hall 5,C5-280,https://www.convergenceindia.org/exhibitors-and-participants-convergence-india.aspx
40,ALi Corporation,India,INDIA-DOMESTIC,"Country field in the official convergenceindia.org 'List of Participants' directory (structured per-exhibitor filter data — a 'Country' facet built into the site's own exhibitor search/filter UI, not free text or name-guessed) lists this exhibitor's country as ""India"".",Broadcast & Satcom,Hall 5,C5-255,https://www.convergenceindia.org/exhibitors-and-participants-convergence-india.aspx
41,Align Info Solutions Pvt. Ltd.,India,INDIA-DOMESTIC,"Country field in the official convergenceindia.org 'List of Participants' directory (structured per-exhibitor filter data — a 'Country' facet built into the site's own exhibitor search/filter UI, not free text or name-guessed) lists this exhibitor's country as ""India"".",FinTech,Hall 2,B2-42,https://www.convergenceindia.org/exhibitors-and-participants-convergence-india.aspx
42,All India Association of Industries: AIAI India,India,INDIA-DOMESTIC,"Country field in the official convergenceindia.org 'List of Participants' directory (structured per-exhibitor filter data — a 'Country' facet built into the site's own exhibitor search/filter UI, not free text or name-guessed) lists this exhibitor's country as ""India"".",Association,,,https://www.convergenceindia.org/exhibitors-and-participants-convergence-india.aspx
43,All India Electronics Association (AIEA),India,INDIA-DOMESTIC,"Country field in the official convergenceindia.org 'List of Participants' directory (structured per-exhibitor filter data — a 'Country' facet built into the site's own exhibitor search/filter UI, not free text or name-guessed) lists this exhibitor's country as ""India"".",Association,,,https://www.convergenceindia.org/exhibitors-and-participants-convergence-india.aspx
44,Alliance Broadband Services Pvt. Ltd.,India,INDIA-DOMESTIC,"Country field in the official convergenceindia.org 'List of Participants' directory (structured per-exhibitor filter data — a 'Country' facet built into the site's own exhibitor search/filter UI, not free text or name-guessed) lists this exhibitor's country as ""India"".",IT & Communications,Hall 5,C5-144,https://www.convergenceindia.org/exhibitors-and-participants-convergence-india.aspx
45,AllSecureX,India,INDIA-DOMESTIC,"Country field in the official convergenceindia.org 'List of Participants' directory (structured per-exhibitor filter data — a 'Country' facet built into the site's own exhibitor search/filter UI, not free text or name-guessed) lists this exhibitor's country as ""India"".",Startup,Hall 1,DST Pavilion,https://www.convergenceindia.org/exhibitors-and-participants-convergence-india.aspx
46,ALLWAYS CREATIVE PVT. LTD.,India,INDIA-DOMESTIC,"Country field in the official convergenceindia.org 'List of Participants' directory (structured per-exhibitor filter data — a 'Country' facet built into the site's own exhibitor search/filter UI, not free text or name-guessed) lists this exhibitor's country as ""India"".",Mobile Devices & Accessories,Hall 2,B2-59,https://www.convergenceindia.org/exhibitors-and-participants-convergence-india.aspx
47,Alpha Bridge Technologies Private Limited,India,INDIA-DOMESTIC,"Country field in the official convergenceindia.org 'List of Participants' directory (structured per-exhibitor filter data — a 'Country' facet built into the site's own exhibitor search/filter UI, not free text or name-guessed) lists this exhibitor's country as ""India"".",IT & Communications,Hall 5,A5-06,https://www.convergenceindia.org/exhibitors-and-participants-convergence-india.aspx
48,ALTA LABS,United States,FOREIGN,"Country field in the official convergenceindia.org 'List of Participants' directory (structured per-exhibitor filter data — a 'Country' facet built into the site's own exhibitor search/filter UI, not free text or name-guessed) lists this exhibitor's country as ""United States"".",IT & Communications,Hall 5,B5-135,https://www.convergenceindia.org/exhibitors-and-participants-convergence-india.aspx
49,ALVIONTECH,India,INDIA-DOMESTIC,"Country field in the official convergenceindia.org 'List of Participants' directory (structured per-exhibitor filter data — a 'Country' facet built into the site's own exhibitor search/filter UI, not free text or name-guessed) lists this exhibitor's country as ""India"".",IT & Communications,Hall 5,B5-100,https://www.convergenceindia.org/exhibitors-and-participants-convergence-india.aspx
50,Amazon Web services,India,INDIA-DOMESTIC,"Country field in the official convergenceindia.org 'List of Participants' directory (structured per-exhibitor filter data — a 'Country' facet built into the site's own exhibitor search/filter UI, not free text or name-guessed) lists this exhibitor's country as ""India"".",Artificial Intelligence,Hall 3,A3-48,https://www.convergenceindia.org/exhibitors-and-participants-convergence-india.aspx
51,Amson Interconnect Pvt. Ltd.,India,INDIA-DOMESTIC,"Country field in the official convergenceindia.org 'List of Participants' directory (structured per-exhibitor filter data — a 'Country' facet built into the site's own exhibitor search/filter UI, not free text or name-guessed) lists this exhibitor's country as ""India"".",Mobile Devices & Accessories,Hall 2,D2-44,https://www.convergenceindia.org/exhibitors-and-participants-convergence-india.aspx
52,ANHUI MADO,China,FOREIGN,"Country field in the official convergenceindia.org 'List of Participants' directory (structured per-exhibitor filter data — a 'Country' facet built into the site's own exhibitor search/filter UI, not free text or name-guessed) lists this exhibitor's country as ""China"".",IoT & Embedded Tech,Hall 5,E5-91,https://www.convergenceindia.org/exhibitors-and-participants-convergence-india.aspx
53,Anhui Mudong Communication,China,FOREIGN,"Country field in the official convergenceindia.org 'List of Participants' directory (structured per-exhibitor filter data — a 'Country' facet built into the site's own exhibitor search/filter UI, not free text or name-guessed) lists this exhibitor's country as ""China"".",IoT & Embedded Tech,Hall 5,E5-91,https://www.convergenceindia.org/exhibitors-and-participants-convergence-india.aspx
54,ANONET COMMUNICATIONS PRIVATE LIMITED,India,INDIA-DOMESTIC,"Country field in the official convergenceindia.org 'List of Participants' directory (structured per-exhibitor filter data — a 'Country' facet built into the site's own exhibitor search/filter UI, not free text or name-guessed) lists this exhibitor's country as ""India"".",IT & Communications,Hall 5,B5-150,https://www.convergenceindia.org/exhibitors-and-participants-convergence-india.aspx
55,Anpo Moscow Export Centre,Russia,FOREIGN,"Country field in the official convergenceindia.org 'List of Participants' directory (structured per-exhibitor filter data — a 'Country' facet built into the site's own exhibitor search/filter UI, not free text or name-guessed) lists this exhibitor's country as ""Russia"".",Country Pavilion,Hall 3,B3-50,https://www.convergenceindia.org/exhibitors-and-participants-convergence-india.aspx
56,Anritsu India Pvt Ltd.,India,INDIA-DOMESTIC,"Country field in the official convergenceindia.org 'List of Participants' directory (structured per-exhibitor filter data — a 'Country' facet built into the site's own exhibitor search/filter UI, not free text or name-guessed) lists this exhibitor's country as ""India"".",IT & Communications,Hall 5,A5-92,https://www.convergenceindia.org/exhibitors-and-participants-convergence-india.aspx
57,ANS IT INDIA,India,INDIA-DOMESTIC,"Country field in the official convergenceindia.org 'List of Participants' directory (structured per-exhibitor filter data — a 'Country' facet built into the site's own exhibitor search/filter UI, not free text or name-guessed) lists this exhibitor's country as ""India"".",Internet of Things,Hall 3,A3-27,https://www.convergenceindia.org/exhibitors-and-participants-convergence-india.aspx
58,Antastic Information Technologies,India,INDIA-DOMESTIC,"Country field in the official convergenceindia.org 'List of Participants' directory (structured per-exhibitor filter data — a 'Country' facet built into the site's own exhibitor search/filter UI, not free text or name-guessed) lists this exhibitor's country as ""India"".",Startup,Hall 1,P65,https://www.convergenceindia.org/exhibitors-and-participants-convergence-india.aspx
59,ANU Enterprises,India,INDIA-DOMESTIC,"Country field in the official convergenceindia.org 'List of Participants' directory (structured per-exhibitor filter data — a 'Country' facet built into the site's own exhibitor search/filter UI, not free text or name-guessed) lists this exhibitor's country as ""India"".",IT & Communications,Hall 5,A5-76,https://www.convergenceindia.org/exhibitors-and-participants-convergence-india.aspx
60,APACER TECHNOLOGIES PVT LTD,India,INDIA-DOMESTIC,"Country field in the official convergenceindia.org 'List of Participants' directory (structured per-exhibitor filter data — a 'Country' facet built into the site's own exhibitor search/filter UI, not free text or name-guessed) lists this exhibitor's country as ""India"".",IT & Communications,Hall 3,B3-71,https://www.convergenceindia.org/exhibitors-and-participants-convergence-india.aspx
61,Apex Space Exploration Pvt Ltd,India,INDIA-DOMESTIC,"Country field in the official convergenceindia.org 'List of Participants' directory (structured per-exhibitor filter data — a 'Country' facet built into the site's own exhibitor search/filter UI, not free text or name-guessed) lists this exhibitor's country as ""India"".",Startup,Hall 1,P9,https://www.convergenceindia.org/exhibitors-and-participants-convergence-india.aspx
62,APLEX Technology Inc.,Taiwan,FOREIGN,"Country field in the official convergenceindia.org 'List of Participants' directory (structured per-exhibitor filter data — a 'Country' facet built into the site's own exhibitor search/filter UI, not free text or name-guessed) lists this exhibitor's country as ""Taiwan"".",IT & Communications,Hall 5,A5-150,https://www.convergenceindia.org/exhibitors-and-participants-convergence-india.aspx
63,Appear,Singapore,FOREIGN,"Country field in the official convergenceindia.org 'List of Participants' directory (structured per-exhibitor filter data — a 'Country' facet built into the site's own exhibitor search/filter UI, not free text or name-guessed) lists this exhibitor's country as ""Singapore"".",Broadcast & Satcom,,,https://www.convergenceindia.org/exhibitors-and-participants-convergence-india.aspx
64,Appear,Singapore,FOREIGN,"Country field in the official convergenceindia.org 'List of Participants' directory (structured per-exhibitor filter data — a 'Country' facet built into the site's own exhibitor search/filter UI, not free text or name-guessed) lists this exhibitor's country as ""Singapore"".",Broadcast & Satcom,,Sponsorship,https://www.convergenceindia.org/exhibitors-and-participants-convergence-india.aspx
65,Apposite Technology,United States,FOREIGN,"Country field in the official convergenceindia.org 'List of Participants' directory (structured per-exhibitor filter data — a 'Country' facet built into the site's own exhibitor search/filter UI, not free text or name-guessed) lists this exhibitor's country as ""United States"".",IT & Communications,Hall 2,B2-45,https://www.convergenceindia.org/exhibitors-and-participants-convergence-india.aspx
66,AppSquadz Software Private Limited,India,INDIA-DOMESTIC,"Country field in the official convergenceindia.org 'List of Participants' directory (structured per-exhibitor filter data — a 'Country' facet built into the site's own exhibitor search/filter UI, not free text or name-guessed) lists this exhibitor's country as ""India"".",Broadcast & Satcom,Hall 5,A5-85,https://www.convergenceindia.org/exhibitors-and-participants-convergence-india.aspx
67,Aptly Technology Pvt Ltd,India,INDIA-DOMESTIC,"Country field in the official convergenceindia.org 'List of Participants' directory (structured per-exhibitor filter data — a 'Country' facet built into the site's own exhibitor search/filter UI, not free text or name-guessed) lists this exhibitor's country as ""India"".",Startup,Hall 1,P122,https://www.convergenceindia.org/exhibitors-and-participants-convergence-india.aspx
68,Aquawelder HyEnergy,India,INDIA-DOMESTIC,"Country field in the official convergenceindia.org 'List of Participants' directory (structured per-exhibitor filter data — a 'Country' facet built into the site's own exhibitor search/filter UI, not free text or name-guessed) lists this exhibitor's country as ""India"".",Startup,Hall 1,P51,https://www.convergenceindia.org/exhibitors-and-participants-convergence-india.aspx
69,ARBOR Technology Corporation,Taiwan,FOREIGN,"Country field in the official convergenceindia.org 'List of Participants' directory (structured per-exhibitor filter data — a 'Country' facet built into the site's own exhibitor search/filter UI, not free text or name-guessed) lists this exhibitor's country as ""Taiwan"".",IT & Communications,Hall 5,A5-150,https://www.convergenceindia.org/exhibitors-and-participants-convergence-india.aspx
70,Archana Enterprises,India,INDIA-DOMESTIC,"Country field in the official convergenceindia.org 'List of Participants' directory (structured per-exhibitor filter data — a 'Country' facet built into the site's own exhibitor search/filter UI, not free text or name-guessed) lists this exhibitor's country as ""India"".",IT & Communications,Hall 5,B5-95,https://www.convergenceindia.org/exhibitors-and-participants-convergence-india.aspx
71,Arctano Solutions Pvt Ltd,India,INDIA-DOMESTIC,"Country field in the official convergenceindia.org 'List of Participants' directory (structured per-exhibitor filter data — a 'Country' facet built into the site's own exhibitor search/filter UI, not free text or name-guessed) lists this exhibitor's country as ""India"".",Internet of Things,Hall 3,C3-16,https://www.convergenceindia.org/exhibitors-and-participants-convergence-india.aspx
72,Arcturus Business Solutions Pvt Ltd,India,INDIA-DOMESTIC,"Country field in the official convergenceindia.org 'List of Participants' directory (structured per-exhibitor filter data — a 'Country' facet built into the site's own exhibitor search/filter UI, not free text or name-guessed) lists this exhibitor's country as ""India"".",Artificial Intelligence,Hall 5,B5-90,https://www.convergenceindia.org/exhibitors-and-participants-convergence-india.aspx
73,ARGUS-M,Russia,FOREIGN,"Country field in the official convergenceindia.org 'List of Participants' directory (structured per-exhibitor filter data — a 'Country' facet built into the site's own exhibitor search/filter UI, not free text or name-guessed) lists this exhibitor's country as ""Russia"".",IT & Communications,Hall 3,B3-50,https://www.convergenceindia.org/exhibitors-and-participants-convergence-india.aspx
74,Arkellis,India,INDIA-DOMESTIC,"Country field in the official convergenceindia.org 'List of Participants' directory (structured per-exhibitor filter data — a 'Country' facet built into the site's own exhibitor search/filter UI, not free text or name-guessed) lists this exhibitor's country as ""India"".",Startup,Hall 1,P1,https://www.convergenceindia.org/exhibitors-and-participants-convergence-india.aspx
75,Aroopa Technologies Private Limited,India,INDIA-DOMESTIC,"Country field in the official convergenceindia.org 'List of Participants' directory (structured per-exhibitor filter data — a 'Country' facet built into the site's own exhibitor search/filter UI, not free text or name-guessed) lists this exhibitor's country as ""India"".",IT & Communications,Hall 5,B5-94,https://www.convergenceindia.org/exhibitors-and-participants-convergence-india.aspx
76,ARVION,United Arab Emirates,FOREIGN,"Country field in the official convergenceindia.org 'List of Participants' directory (structured per-exhibitor filter data — a 'Country' facet built into the site's own exhibitor search/filter UI, not free text or name-guessed) lists this exhibitor's country as ""United Arab Emirates"".",FinTech,Hall 2,B2-27,https://www.convergenceindia.org/exhibitors-and-participants-convergence-india.aspx
77,Aryavrat Infotech Private Limited,India,INDIA-DOMESTIC,"Country field in the official convergenceindia.org 'List of Participants' directory (structured per-exhibitor filter data — a 'Country' facet built into the site's own exhibitor search/filter UI, not free text or name-guessed) lists this exhibitor's country as ""India"".",Startup,Hall 1,P88,https://www.convergenceindia.org/exhibitors-and-participants-convergence-india.aspx
78,Asia Video Industry Association (AVIA),India,INDIA-DOMESTIC,"Country field in the official convergenceindia.org 'List of Participants' directory (structured per-exhibitor filter data — a 'Country' facet built into the site's own exhibitor search/filter UI, not free text or name-guessed) lists this exhibitor's country as ""India"".",Association,,,https://www.convergenceindia.org/exhibitors-and-participants-convergence-india.aspx
79,Asoft Global Solutions Pvt Ltd.,India,INDIA-DOMESTIC,"Country field in the official convergenceindia.org 'List of Participants' directory (structured per-exhibitor filter data — a 'Country' facet built into the site's own exhibitor search/filter UI, not free text or name-guessed) lists this exhibitor's country as ""India"".",Startup,Hall 1,P119,https://www.convergenceindia.org/exhibitors-and-participants-convergence-india.aspx
80,Association of Security & Surveillance Professionals (ASSP),India,INDIA-DOMESTIC,"Country field in the official convergenceindia.org 'List of Participants' directory (structured per-exhibitor filter data — a 'Country' facet built into the site's own exhibitor search/filter UI, not free text or name-guessed) lists this exhibitor's country as ""India"".",Association,,,https://www.convergenceindia.org/exhibitors-and-participants-convergence-india.aspx
81,Astrazure Eventure Private Limited,India,INDIA-DOMESTIC,"Country field in the official convergenceindia.org 'List of Participants' directory (structured per-exhibitor filter data — a 'Country' facet built into the site's own exhibitor search/filter UI, not free text or name-guessed) lists this exhibitor's country as ""India"".",Startup,Hall 1,P92,https://www.convergenceindia.org/exhibitors-and-participants-convergence-india.aspx
82,ASUSTOR Inc.,Taiwan,FOREIGN,"Country field in the official convergenceindia.org 'List of Participants' directory (structured per-exhibitor filter data — a 'Country' facet built into the site's own exhibitor search/filter UI, not free text or name-guessed) lists this exhibitor's country as ""Taiwan"".",IT & Communications,Hall 5,A5-150,https://www.convergenceindia.org/exhibitors-and-participants-convergence-india.aspx
83,Ather Energy Limited,India,INDIA-DOMESTIC,"Country field in the official convergenceindia.org 'List of Participants' directory (structured per-exhibitor filter data — a 'Country' facet built into the site's own exhibitor search/filter UI, not free text or name-guessed) lists this exhibitor's country as ""India"".",Smart Mobility,Hall 1,,https://www.convergenceindia.org/exhibitors-and-participants-convergence-india.aspx
84,Atlas,India,INDIA-DOMESTIC,"Country field in the official convergenceindia.org 'List of Participants' directory (structured per-exhibitor filter data — a 'Country' facet built into the site's own exhibitor search/filter UI, not free text or name-guessed) lists this exhibitor's country as ""India"".",IT & Communications,Hall 5,C5-215,https://www.convergenceindia.org/exhibitors-and-participants-convergence-india.aspx
85,Audax Labs,India,INDIA-DOMESTIC,"Country field in the official convergenceindia.org 'List of Participants' directory (structured per-exhibitor filter data — a 'Country' facet built into the site's own exhibitor search/filter UI, not free text or name-guessed) lists this exhibitor's country as ""India"".",FinTech,Hall 3,A3-43,https://www.convergenceindia.org/exhibitors-and-participants-convergence-india.aspx
86,Augmented Transformations Private Limited,India,INDIA-DOMESTIC,"Country field in the official convergenceindia.org 'List of Participants' directory (structured per-exhibitor filter data — a 'Country' facet built into the site's own exhibitor search/filter UI, not free text or name-guessed) lists this exhibitor's country as ""India"".",Artificial Intelligence,Hall 2,A2-61,https://www.convergenceindia.org/exhibitors-and-participants-convergence-india.aspx
87,Aurangabad Smart City Development Corporation Limited,India,INDIA-DOMESTIC,"Country field in the official convergenceindia.org 'List of Participants' directory (structured per-exhibitor filter data — a 'Country' facet built into the site's own exhibitor search/filter UI, not free text or name-guessed) lists this exhibitor's country as ""India"".",Smart Future Cities,Hall 1,D1-28,https://www.convergenceindia.org/exhibitors-and-participants-convergence-india.aspx
88,Autodefender,India,INDIA-DOMESTIC,"Country field in the official convergenceindia.org 'List of Participants' directory (structured per-exhibitor filter data — a 'Country' facet built into the site's own exhibitor search/filter UI, not free text or name-guessed) lists this exhibitor's country as ""India"".",Internet of Things,Hall 3,A3-10,https://www.convergenceindia.org/exhibitors-and-participants-convergence-india.aspx
89,AutoEVtimes,India,INDIA-DOMESTIC,"Country field in the official convergenceindia.org 'List of Participants' directory (structured per-exhibitor filter data — a 'Country' facet built into the site's own exhibitor search/filter UI, not free text or name-guessed) lists this exhibitor's country as ""India"".",Media Partner,,,https://www.convergenceindia.org/exhibitors-and-participants-convergence-india.aspx
90,AUTOMATE BUSINESS,India,INDIA-DOMESTIC,"Country field in the official convergenceindia.org 'List of Participants' directory (structured per-exhibitor filter data — a 'Country' facet built into the site's own exhibitor search/filter UI, not free text or name-guessed) lists this exhibitor's country as ""India"".",IoT & Embedded Tech,Hall 4,G4-20,https://www.convergenceindia.org/exhibitors-and-participants-convergence-india.aspx
91,Automotive Research Association of India (ARAI),India,INDIA-DOMESTIC,"Country field in the official convergenceindia.org 'List of Participants' directory (structured per-exhibitor filter data — a 'Country' facet built into the site's own exhibitor search/filter UI, not free text or name-guessed) lists this exhibitor's country as ""India"".",Smart Mobility,Hall 1,,https://www.convergenceindia.org/exhibitors-and-participants-convergence-india.aspx
92,AutoNgage by DaveAI,India,INDIA-DOMESTIC,"Country field in the official convergenceindia.org 'List of Participants' directory (structured per-exhibitor filter data — a 'Country' facet built into the site's own exhibitor search/filter UI, not free text or name-guessed) lists this exhibitor's country as ""India"".",Startup,Hall 1,P74,https://www.convergenceindia.org/exhibitors-and-participants-convergence-india.aspx
93,AV Access,China,FOREIGN,"Country field in the official convergenceindia.org 'List of Participants' directory (structured per-exhibitor filter data — a 'Country' facet built into the site's own exhibitor search/filter UI, not free text or name-guessed) lists this exhibitor's country as ""China"".",IT & Communications,Hall 3,A3-12,https://www.convergenceindia.org/exhibitors-and-participants-convergence-india.aspx
94,AWS,India,INDIA-DOMESTIC,"Country field in the official convergenceindia.org 'List of Participants' directory (structured per-exhibitor filter data — a 'Country' facet built into the site's own exhibitor search/filter UI, not free text or name-guessed) lists this exhibitor's country as ""India"".",Artificial Intelligence,Hall 3,C3-08,https://www.convergenceindia.org/exhibitors-and-participants-convergence-india.aspx
95,AXL Infotech Pvt. Ltd.,India,INDIA-DOMESTIC,"Country field in the official convergenceindia.org 'List of Participants' directory (structured per-exhibitor filter data — a 'Country' facet built into the site's own exhibitor search/filter UI, not free text or name-guessed) lists this exhibitor's country as ""India"".",IT & Communications,Hall 5,B5-87,https://www.convergenceindia.org/exhibitors-and-participants-convergence-india.aspx
96,Ayasya Digital Solutions,India,INDIA-DOMESTIC,"Country field in the official convergenceindia.org 'List of Participants' directory (structured per-exhibitor filter data — a 'Country' facet built into the site's own exhibitor search/filter UI, not free text or name-guessed) lists this exhibitor's country as ""India"".",IoT & Embedded Tech,Hall 4,G4-19,https://www.convergenceindia.org/exhibitors-and-participants-convergence-india.aspx
97,Azlogics Private Limited,India,INDIA-DOMESTIC,"Country field in the official convergenceindia.org 'List of Participants' directory (structured per-exhibitor filter data — a 'Country' facet built into the site's own exhibitor search/filter UI, not free text or name-guessed) lists this exhibitor's country as ""India"".",FinTech,Hall 5,B5-106,https://www.convergenceindia.org/exhibitors-and-participants-convergence-india.aspx
98,B- DIA,India,INDIA-DOMESTIC,"Country field in the official convergenceindia.org 'List of Participants' directory (structured per-exhibitor filter data — a 'Country' facet built into the site's own exhibitor search/filter UI, not free text or name-guessed) lists this exhibitor's country as ""India"".",Association,,,https://www.convergenceindia.org/exhibitors-and-participants-convergence-india.aspx
99,B M Infotrade / SnohAI,India,INDIA-DOMESTIC,"Country field in the official convergenceindia.org 'List of Participants' directory (structured per-exhibitor filter data — a 'Country' facet built into the site's own exhibitor search/filter UI, not free text or name-guessed) lists this exhibitor's country as ""India"".",IoT & Embedded Tech,Hall 4,F4-11,https://www.convergenceindia.org/exhibitors-and-participants-convergence-india.aspx
100,BankU India Limited,India,INDIA-DOMESTIC,"Country field in the official convergenceindia.org 'List of Participants' directory (structured per-exhibitor filter data — a 'Country' facet built into the site's own exhibitor search/filter UI, not free text or name-guessed) lists this exhibitor's country as ""India"".",FinTech,Hall 2,B2-29,https://www.convergenceindia.org/exhibitors-and-participants-convergence-india.aspx
101,BaseALT,Russia,FOREIGN,"Country field in the official convergenceindia.org 'List of Participants' directory (structured per-exhibitor filter data — a 'Country' facet built into the site's own exhibitor search/filter UI, not free text or name-guessed) lists this exhibitor's country as ""Russia"".",IT & Communications,Hall 3,C3-75,https://www.convergenceindia.org/exhibitors-and-participants-convergence-india.aspx
102,Basiz Master Draft,India,INDIA-DOMESTIC,"Country field in the official convergenceindia.org 'List of Participants' directory (structured per-exhibitor filter data — a 'Country' facet built into the site's own exhibitor search/filter UI, not free text or name-guessed) lists this exhibitor's country as ""India"".",IoT & Embedded Tech,Hall 4,F4-36,https://www.convergenceindia.org/exhibitors-and-participants-convergence-india.aspx
103,Batoi Systems Pvt Ltd,India,INDIA-DOMESTIC,"Country field in the official convergenceindia.org 'List of Participants' directory (structured per-exhibitor filter data — a 'Country' facet built into the site's own exhibitor search/filter UI, not free text or name-guessed) lists this exhibitor's country as ""India"".",IoT & Embedded Tech,Hall 4,F4-01,https://www.convergenceindia.org/exhibitors-and-participants-convergence-india.aspx
104,BD Software Distribution Pvt Ltd,India,INDIA-DOMESTIC,"Country field in the official convergenceindia.org 'List of Participants' directory (structured per-exhibitor filter data — a 'Country' facet built into the site's own exhibitor search/filter UI, not free text or name-guessed) lists this exhibitor's country as ""India"".",IoT & Embedded Tech,Hall 4,D4-26,https://www.convergenceindia.org/exhibitors-and-participants-convergence-india.aspx
105,Benlycos Private Limited,India,INDIA-DOMESTIC,"Country field in the official convergenceindia.org 'List of Participants' directory (structured per-exhibitor filter data — a 'Country' facet built into the site's own exhibitor search/filter UI, not free text or name-guessed) lists this exhibitor's country as ""India"".",IT & Communications,Hall 5,B5-101,https://www.convergenceindia.org/exhibitors-and-participants-convergence-india.aspx
106,Bharat Test House,India,INDIA-DOMESTIC,"Country field in the official convergenceindia.org 'List of Participants' directory (structured per-exhibitor filter data — a 'Country' facet built into the site's own exhibitor search/filter UI, not free text or name-guessed) lists this exhibitor's country as ""India"".",IoT & Embedded Tech,Hall 5,D5-86A,https://www.convergenceindia.org/exhibitors-and-participants-convergence-india.aspx
107,BinaryRoots Private Limited,India,INDIA-DOMESTIC,"Country field in the official convergenceindia.org 'List of Participants' directory (structured per-exhibitor filter data — a 'Country' facet built into the site's own exhibitor search/filter UI, not free text or name-guessed) lists this exhibitor's country as ""India"".",Startup,Hall 1,P91,https://www.convergenceindia.org/exhibitors-and-participants-convergence-india.aspx
108,BIS Infotech,India,INDIA-DOMESTIC,"Country field in the official convergenceindia.org 'List of Participants' directory (structured per-exhibitor filter data — a 'Country' facet built into the site's own exhibitor search/filter UI, not free text or name-guessed) lists this exhibitor's country as ""India"".",Media Partner,Hall 5,A5-74,https://www.convergenceindia.org/exhibitors-and-participants-convergence-india.aspx
109,BitRaser,India,INDIA-DOMESTIC,"Country field in the official convergenceindia.org 'List of Participants' directory (structured per-exhibitor filter data — a 'Country' facet built into the site's own exhibitor search/filter UI, not free text or name-guessed) lists this exhibitor's country as ""India"".",IoT & Embedded Tech,Hall 4,C4-19,https://www.convergenceindia.org/exhibitors-and-participants-convergence-india.aspx
110,Bizbrolly Solutions Pvt Ltd,India,INDIA-DOMESTIC,"Country field in the official convergenceindia.org 'List of Participants' directory (structured per-exhibitor filter data — a 'Country' facet built into the site's own exhibitor search/filter UI, not free text or name-guessed) lists this exhibitor's country as ""India"".",IoT & Embedded Tech,Hall 4,G4-09,https://www.convergenceindia.org/exhibitors-and-participants-convergence-india.aspx
111,BlocInfra,India,INDIA-DOMESTIC,"Country field in the official convergenceindia.org 'List of Participants' directory (structured per-exhibitor filter data — a 'Country' facet built into the site's own exhibitor search/filter UI, not free text or name-guessed) lists this exhibitor's country as ""India"".",Startup,Hall 1,P106,https://www.convergenceindia.org/exhibitors-and-participants-convergence-india.aspx
112,Blu Cursor,India,INDIA-DOMESTIC,"Country field in the official convergenceindia.org 'List of Participants' directory (structured per-exhibitor filter data — a 'Country' facet built into the site's own exhibitor search/filter UI, not free text or name-guessed) lists this exhibitor's country as ""India"".",IoT & Embedded Tech,Hall 4,G4-26,https://www.convergenceindia.org/exhibitors-and-participants-convergence-india.aspx
113,Blue Copper Technologies Pvt. Ltd,India,INDIA-DOMESTIC,"Country field in the official convergenceindia.org 'List of Participants' directory (structured per-exhibitor filter data — a 'Country' facet built into the site's own exhibitor search/filter UI, not free text or name-guessed) lists this exhibitor's country as ""India"".",IoT & Embedded Tech,Hall 4,F4-28,https://www.convergenceindia.org/exhibitors-and-participants-convergence-india.aspx
114,Bluei,India,INDIA-DOMESTIC,"Country field in the official convergenceindia.org 'List of Participants' directory (structured per-exhibitor filter data — a 'Country' facet built into the site's own exhibitor search/filter UI, not free text or name-guessed) lists this exhibitor's country as ""India"".",Mobile Devices & Accessories,,Barter,https://www.convergenceindia.org/exhibitors-and-participants-convergence-india.aspx
115,Blueprine Technologies (opc) Pvt Ltd,India,INDIA-DOMESTIC,"Country field in the official convergenceindia.org 'List of Participants' directory (structured per-exhibitor filter data — a 'Country' facet built into the site's own exhibitor search/filter UI, not free text or name-guessed) lists this exhibitor's country as ""India"".",Startup,Hall 1,P112,https://www.convergenceindia.org/exhibitors-and-participants-convergence-india.aspx
116,BluSlash Analytics,India,INDIA-DOMESTIC,"Country field in the official convergenceindia.org 'List of Participants' directory (structured per-exhibitor filter data — a 'Country' facet built into the site's own exhibitor search/filter UI, not free text or name-guessed) lists this exhibitor's country as ""India"".",IoT & Embedded Tech,Hall 4,G4-41,https://www.convergenceindia.org/exhibitors-and-participants-convergence-india.aspx
117,BMW India Pvt. Ltd.,India,INDIA-DOMESTIC,"Country field in the official convergenceindia.org 'List of Participants' directory (structured per-exhibitor filter data — a 'Country' facet built into the site's own exhibitor search/filter UI, not free text or name-guessed) lists this exhibitor's country as ""India"".",Smart Mobility,Hall 1,,https://www.convergenceindia.org/exhibitors-and-participants-convergence-india.aspx
118,BOSC Tech Labs Pvt Ltd,India,INDIA-DOMESTIC,"Country field in the official convergenceindia.org 'List of Participants' directory (structured per-exhibitor filter data — a 'Country' facet built into the site's own exhibitor search/filter UI, not free text or name-guessed) lists this exhibitor's country as ""India"".",Artificial Intelligence,Hall 3,B3-18,https://www.convergenceindia.org/exhibitors-and-participants-convergence-india.aspx
119,BotPenguin,India,INDIA-DOMESTIC,"Country field in the official convergenceindia.org 'List of Participants' directory (structured per-exhibitor filter data — a 'Country' facet built into the site's own exhibitor search/filter UI, not free text or name-guessed) lists this exhibitor's country as ""India"".",Artificial Intelligence,Hall 3,C3-30,https://www.convergenceindia.org/exhibitors-and-participants-convergence-india.aspx
120,Bridge Format AIQ,India,INDIA-DOMESTIC,"Country field in the official convergenceindia.org 'List of Participants' directory (structured per-exhibitor filter data — a 'Country' facet built into the site's own exhibitor search/filter UI, not free text or name-guessed) lists this exhibitor's country as ""India"".",Startup,Hall 1,P118,https://www.convergenceindia.org/exhibitors-and-participants-convergence-india.aspx
121,Broadpeak,France,FOREIGN,"Country field in the official convergenceindia.org 'List of Participants' directory (structured per-exhibitor filter data — a 'Country' facet built into the site's own exhibitor search/filter UI, not free text or name-guessed) lists this exhibitor's country as ""France"".",Broadcast & Satcom,Hall 5,C5-154,https://www.convergenceindia.org/exhibitors-and-participants-convergence-india.aspx
122,BSES Rajdhani Power Limited,India,INDIA-DOMESTIC,"Country field in the official convergenceindia.org 'List of Participants' directory (structured per-exhibitor filter data — a 'Country' facet built into the site's own exhibitor search/filter UI, not free text or name-guessed) lists this exhibitor's country as ""India"".",Smart Mobility,Hall 1,A1-17,https://www.convergenceindia.org/exhibitors-and-participants-convergence-india.aspx
123,BSES Yamuna Power Limited,India,INDIA-DOMESTIC,"Country field in the official convergenceindia.org 'List of Participants' directory (structured per-exhibitor filter data — a 'Country' facet built into the site's own exhibitor search/filter UI, not free text or name-guessed) lists this exhibitor's country as ""India"".",Smart Mobility,Hall 1,A1-17,https://www.convergenceindia.org/exhibitors-and-participants-convergence-india.aspx
124,BSI,India,INDIA-DOMESTIC,"Country field in the official convergenceindia.org 'List of Participants' directory (structured per-exhibitor filter data — a 'Country' facet built into the site's own exhibitor search/filter UI, not free text or name-guessed) lists this exhibitor's country as ""India"".",Smart Future Cities,Hall 2,C2-31,https://www.convergenceindia.org/exhibitors-and-participants-convergence-india.aspx
125,Bug Hunters,India,INDIA-DOMESTIC,"Country field in the official convergenceindia.org 'List of Participants' directory (structured per-exhibitor filter data — a 'Country' facet built into the site's own exhibitor search/filter UI, not free text or name-guessed) lists this exhibitor's country as ""India"".",IoT & Embedded Tech,Hall 4,E4-17,https://www.convergenceindia.org/exhibitors-and-participants-convergence-india.aspx
126,Bulwark Technologies Pvt. Ltd,India,INDIA-DOMESTIC,"Country field in the official convergenceindia.org 'List of Participants' directory (structured per-exhibitor filter data — a 'Country' facet built into the site's own exhibitor search/filter UI, not free text or name-guessed) lists this exhibitor's country as ""India"".",IT & Communications,Hall 5,D5-55,https://www.convergenceindia.org/exhibitors-and-participants-convergence-india.aspx
127,Bureau of Energy Efficiency,India,INDIA-DOMESTIC,"Country field in the official convergenceindia.org 'List of Participants' directory (structured per-exhibitor filter data — a 'Country' facet built into the site's own exhibitor search/filter UI, not free text or name-guessed) lists this exhibitor's country as ""India"".",Smart Future Cities,Hall 1,D1-27,https://www.convergenceindia.org/exhibitors-and-participants-convergence-india.aspx
128,Burly Home Appliances Pvt Ltd,India,INDIA-DOMESTIC,"Country field in the official convergenceindia.org 'List of Participants' directory (structured per-exhibitor filter data — a 'Country' facet built into the site's own exhibitor search/filter UI, not free text or name-guessed) lists this exhibitor's country as ""India"".",IoT & Embedded Tech,Hall 4,A4-08,https://www.convergenceindia.org/exhibitors-and-participants-convergence-india.aspx
129,Business Outreach,India,INDIA-DOMESTIC,"Country field in the official convergenceindia.org 'List of Participants' directory (structured per-exhibitor filter data — a 'Country' facet built into the site's own exhibitor search/filter UI, not free text or name-guessed) lists this exhibitor's country as ""India"".",Media Partner,,,https://www.convergenceindia.org/exhibitors-and-participants-convergence-india.aspx
130,Bytestrone India Private Limited,India,INDIA-DOMESTIC,"Country field in the official convergenceindia.org 'List of Participants' directory (structured per-exhibitor filter data — a 'Country' facet built into the site's own exhibitor search/filter UI, not free text or name-guessed) lists this exhibitor's country as ""India"".",Artificial Intelligence,Hall 3,B3-45,https://www.convergenceindia.org/exhibitors-and-participants-convergence-india.aspx
131,C3iHub IIT Kanpur,India,INDIA-DOMESTIC,"Country field in the official convergenceindia.org 'List of Participants' directory (structured per-exhibitor filter data — a 'Country' facet built into the site's own exhibitor search/filter UI, not free text or name-guessed) lists this exhibitor's country as ""India"".",Startup,Hall 1,DST Pavilion,https://www.convergenceindia.org/exhibitors-and-participants-convergence-india.aspx
132,Calibehr BSS,India,INDIA-DOMESTIC,"Country field in the official convergenceindia.org 'List of Participants' directory (structured per-exhibitor filter data — a 'Country' facet built into the site's own exhibitor search/filter UI, not free text or name-guessed) lists this exhibitor's country as ""India"".",IoT & Embedded Tech,Hall 4,G4-07,https://www.convergenceindia.org/exhibitors-and-participants-convergence-india.aspx
133,Calliurbs,India,INDIA-DOMESTIC,"Country field in the official convergenceindia.org 'List of Participants' directory (structured per-exhibitor filter data — a 'Country' facet built into the site's own exhibitor search/filter UI, not free text or name-guessed) lists this exhibitor's country as ""India"".",Internet of Things,Hall 3,A3-27,https://www.convergenceindia.org/exhibitors-and-participants-convergence-india.aspx
134,CalVant,India,INDIA-DOMESTIC,"Country field in the official convergenceindia.org 'List of Participants' directory (structured per-exhibitor filter data — a 'Country' facet built into the site's own exhibitor search/filter UI, not free text or name-guessed) lists this exhibitor's country as ""India"".",IoT & Embedded Tech,Hall 4,F4-26B,https://www.convergenceindia.org/exhibitors-and-participants-convergence-india.aspx
135,Cambium Networks,India,INDIA-DOMESTIC,"Country field in the official convergenceindia.org 'List of Participants' directory (structured per-exhibitor filter data — a 'Country' facet built into the site's own exhibitor search/filter UI, not free text or name-guessed) lists this exhibitor's country as ""India"".",IT & Communications,Hall 5,C5-130,https://www.convergenceindia.org/exhibitors-and-participants-convergence-india.aspx
136,Camnex Innovations Private Limited,India,INDIA-DOMESTIC,"Country field in the official convergenceindia.org 'List of Participants' directory (structured per-exhibitor filter data — a 'Country' facet built into the site's own exhibitor search/filter UI, not free text or name-guessed) lists this exhibitor's country as ""India"".",Broadcast & Satcom,Hall 5,B5-30,https://www.convergenceindia.org/exhibitors-and-participants-convergence-india.aspx
137,CANARA BANK,India,INDIA-DOMESTIC,"Country field in the official convergenceindia.org 'List of Participants' directory (structured per-exhibitor filter data — a 'Country' facet built into the site's own exhibitor search/filter UI, not free text or name-guessed) lists this exhibitor's country as ""India"".",FinTech,Hall 2,B2–15,https://www.convergenceindia.org/exhibitors-and-participants-convergence-india.aspx
138,Canei Technologies,India,INDIA-DOMESTIC,"Country field in the official convergenceindia.org 'List of Participants' directory (structured per-exhibitor filter data — a 'Country' facet built into the site's own exhibitor search/filter UI, not free text or name-guessed) lists this exhibitor's country as ""India"".",Artificial Intelligence,Hall 2,B2-47,https://www.convergenceindia.org/exhibitors-and-participants-convergence-india.aspx
139,Capgemini Technology Services India Limited,India,INDIA-DOMESTIC,"Country field in the official convergenceindia.org 'List of Participants' directory (structured per-exhibitor filter data — a 'Country' facet built into the site's own exhibitor search/filter UI, not free text or name-guessed) lists this exhibitor's country as ""India"".",IT & Communications,,Sponsorship,https://www.convergenceindia.org/exhibitors-and-participants-convergence-india.aspx
140,CARBASKET AUTOMOBILE SERVICES INDIA PRIVATE LIMITED,India,INDIA-DOMESTIC,"Country field in the official convergenceindia.org 'List of Participants' directory (structured per-exhibitor filter data — a 'Country' facet built into the site's own exhibitor search/filter UI, not free text or name-guessed) lists this exhibitor's country as ""India"".",Startup,Hall 1,P55,https://www.convergenceindia.org/exhibitors-and-participants-convergence-india.aspx
141,Carbasket Vehicle Scrapping Platform,India,INDIA-DOMESTIC,"Country field in the official convergenceindia.org 'List of Participants' directory (structured per-exhibitor filter data — a 'Country' facet built into the site's own exhibitor search/filter UI, not free text or name-guessed) lists this exhibitor's country as ""India"".",Startup,Hall 1,P55,https://www.convergenceindia.org/exhibitors-and-participants-convergence-india.aspx
142,CarmaOne,India,INDIA-DOMESTIC,"Country field in the official convergenceindia.org 'List of Participants' directory (structured per-exhibitor filter data — a 'Country' facet built into the site's own exhibitor search/filter UI, not free text or name-guessed) lists this exhibitor's country as ""India"".",FinTech,Hall 2,A2-36,https://www.convergenceindia.org/exhibitors-and-participants-convergence-india.aspx
143,C-DISC Technologies Private Limited,India,INDIA-DOMESTIC,"Country field in the official convergenceindia.org 'List of Participants' directory (structured per-exhibitor filter data — a 'Country' facet built into the site's own exhibitor search/filter UI, not free text or name-guessed) lists this exhibitor's country as ""India"".",Startup,Hall 1,P2,https://www.convergenceindia.org/exhibitors-and-participants-convergence-india.aspx
144,Central Electronics Limited,India,INDIA-DOMESTIC,"Country field in the official convergenceindia.org 'List of Participants' directory (structured per-exhibitor filter data — a 'Country' facet built into the site's own exhibitor search/filter UI, not free text or name-guessed) lists this exhibitor's country as ""India"".",IT & Communications,Hall 5,B5-60,https://www.convergenceindia.org/exhibitors-and-participants-convergence-india.aspx
145,Centre for Development of Telematics (C-DOT),India,INDIA-DOMESTIC,"Country field in the official convergenceindia.org 'List of Participants' directory (structured per-exhibitor filter data — a 'Country' facet built into the site's own exhibitor search/filter UI, not free text or name-guessed) lists this exhibitor's country as ""India"".",IT & Communications,Hall 5,C5-231,https://www.convergenceindia.org/exhibitors-and-participants-convergence-india.aspx
146,Champion,India,INDIA-DOMESTIC,"Country field in the official convergenceindia.org 'List of Participants' directory (structured per-exhibitor filter data — a 'Country' facet built into the site's own exhibitor search/filter UI, not free text or name-guessed) lists this exhibitor's country as ""India"".",IT & Communications,Hall 5,B5-113,https://www.convergenceindia.org/exhibitors-and-participants-convergence-india.aspx
147,CHANNELTECH SYSTEMS PVT LTD,India,INDIA-DOMESTIC,"Country field in the official convergenceindia.org 'List of Participants' directory (structured per-exhibitor filter data — a 'Country' facet built into the site's own exhibitor search/filter UI, not free text or name-guessed) lists this exhibitor's country as ""India"".",IoT & Embedded Tech,Hall 5,D5-81,https://www.convergenceindia.org/exhibitors-and-participants-convergence-india.aspx
148,Checkbox Technology Pvt Ltd,India,INDIA-DOMESTIC,"Country field in the official convergenceindia.org 'List of Participants' directory (structured per-exhibitor filter data — a 'Country' facet built into the site's own exhibitor search/filter UI, not free text or name-guessed) lists this exhibitor's country as ""India"".",IoT & Embedded Tech,Hall 4,D4-13,https://www.convergenceindia.org/exhibitors-and-participants-convergence-india.aspx
149,Chiacon Consulting,India,INDIA-DOMESTIC,"Country field in the official convergenceindia.org 'List of Participants' directory (structured per-exhibitor filter data — a 'Country' facet built into the site's own exhibitor search/filter UI, not free text or name-guessed) lists this exhibitor's country as ""India"".",IoT & Embedded Tech,Hall 4,G4-13,https://www.convergenceindia.org/exhibitors-and-participants-convergence-india.aspx
150,"CHIMEI MOTOR ELECTRONICS CO., LTD.",Taiwan,FOREIGN,"Country field in the official convergenceindia.org 'List of Participants' directory (structured per-exhibitor filter data — a 'Country' facet built into the site's own exhibitor search/filter UI, not free text or name-guessed) lists this exhibitor's country as ""Taiwan"".",IT & Communications,Hall 5,A5-150,https://www.convergenceindia.org/exhibitors-and-participants-convergence-india.aspx
151,CIOTechOutlook,India,INDIA-DOMESTIC,"Country field in the official convergenceindia.org 'List of Participants' directory (structured per-exhibitor filter data — a 'Country' facet built into the site's own exhibitor search/filter UI, not free text or name-guessed) lists this exhibitor's country as ""India"".",Media Partner,,,https://www.convergenceindia.org/exhibitors-and-participants-convergence-india.aspx
152,Citius Solutions Pvt Ltd,India,INDIA-DOMESTIC,"Country field in the official convergenceindia.org 'List of Participants' directory (structured per-exhibitor filter data — a 'Country' facet built into the site's own exhibitor search/filter UI, not free text or name-guessed) lists this exhibitor's country as ""India"".",IoT & Embedded Tech,Hall 4,F4-27,https://www.convergenceindia.org/exhibitors-and-participants-convergence-india.aspx
153,CKS ACOUSTICS INDIA PRIVATE LIMITED,India,INDIA-DOMESTIC,"Country field in the official convergenceindia.org 'List of Participants' directory (structured per-exhibitor filter data — a 'Country' facet built into the site's own exhibitor search/filter UI, not free text or name-guessed) lists this exhibitor's country as ""India"".",IoT & Embedded Tech,Hall 5,E5-113,https://www.convergenceindia.org/exhibitors-and-participants-convergence-india.aspx
154,CleverTech,Russia,FOREIGN,"Country field in the official convergenceindia.org 'List of Participants' directory (structured per-exhibitor filter data — a 'Country' facet built into the site's own exhibitor search/filter UI, not free text or name-guessed) lists this exhibitor's country as ""Russia"".",IT & Communications,Hall 3,B3-50,https://www.convergenceindia.org/exhibitors-and-participants-convergence-india.aspx
155,Clinicdots Healthcare,India,INDIA-DOMESTIC,"Country field in the official convergenceindia.org 'List of Participants' directory (structured per-exhibitor filter data — a 'Country' facet built into the site's own exhibitor search/filter UI, not free text or name-guessed) lists this exhibitor's country as ""India"".",IoT & Embedded Tech,Hall 4,D4-33,https://www.convergenceindia.org/exhibitors-and-participants-convergence-india.aspx
156,Clipo AI Private Limited,India,INDIA-DOMESTIC,"Country field in the official convergenceindia.org 'List of Participants' directory (structured per-exhibitor filter data — a 'Country' facet built into the site's own exhibitor search/filter UI, not free text or name-guessed) lists this exhibitor's country as ""India"".",Startup,Hall 1,E1-01,https://www.convergenceindia.org/exhibitors-and-participants-convergence-india.aspx
157,Cloud Analogy,India,INDIA-DOMESTIC,"Country field in the official convergenceindia.org 'List of Participants' directory (structured per-exhibitor filter data — a 'Country' facet built into the site's own exhibitor search/filter UI, not free text or name-guessed) lists this exhibitor's country as ""India"".",IoT & Embedded Tech,Hall 5,E5-119,https://www.convergenceindia.org/exhibitors-and-participants-convergence-india.aspx
158,Cloud Infotech Private Limited,India,INDIA-DOMESTIC,"Country field in the official convergenceindia.org 'List of Participants' directory (structured per-exhibitor filter data — a 'Country' facet built into the site's own exhibitor search/filter UI, not free text or name-guessed) lists this exhibitor's country as ""India"".",IT & Communications,Hall 5,B5-175,https://www.convergenceindia.org/exhibitors-and-participants-convergence-india.aspx
159,Cloudhouse Technologies Pvt. Ltd.,India,INDIA-DOMESTIC,"Country field in the official convergenceindia.org 'List of Participants' directory (structured per-exhibitor filter data — a 'Country' facet built into the site's own exhibitor search/filter UI, not free text or name-guessed) lists this exhibitor's country as ""India"".",IT & Communications,Hall 3,C3-08,https://www.convergenceindia.org/exhibitors-and-participants-convergence-india.aspx
160,CloudPe - Powered by Leapswitch Networks,India,INDIA-DOMESTIC,"Country field in the official convergenceindia.org 'List of Participants' directory (structured per-exhibitor filter data — a 'Country' facet built into the site's own exhibitor search/filter UI, not free text or name-guessed) lists this exhibitor's country as ""India"".",IT & Communications,Hall 5,B5-92,https://www.convergenceindia.org/exhibitors-and-participants-convergence-india.aspx
161,CloudPhotonix India Pvt. Ltd.,India,INDIA-DOMESTIC,"Country field in the official convergenceindia.org 'List of Participants' directory (structured per-exhibitor filter data — a 'Country' facet built into the site's own exhibitor search/filter UI, not free text or name-guessed) lists this exhibitor's country as ""India"".",IT & Communications,Hall 5,D5-56,https://www.convergenceindia.org/exhibitors-and-participants-convergence-india.aspx
162,Cloudstok Technologies Private Limited,India,INDIA-DOMESTIC,"Country field in the official convergenceindia.org 'List of Participants' directory (structured per-exhibitor filter data — a 'Country' facet built into the site's own exhibitor search/filter UI, not free text or name-guessed) lists this exhibitor's country as ""India"".",Startup,Hall 1,P44,https://www.convergenceindia.org/exhibitors-and-participants-convergence-india.aspx
163,CMP PCB (The Marketing House),India,INDIA-DOMESTIC,"Country field in the official convergenceindia.org 'List of Participants' directory (structured per-exhibitor filter data — a 'Country' facet built into the site's own exhibitor search/filter UI, not free text or name-guessed) lists this exhibitor's country as ""India"".",IoT & Embedded Tech,Hall 4,C4-14,https://www.convergenceindia.org/exhibitors-and-participants-convergence-india.aspx
164,CodeTantra,India,INDIA-DOMESTIC,"Country field in the official convergenceindia.org 'List of Participants' directory (structured per-exhibitor filter data — a 'Country' facet built into the site's own exhibitor search/filter UI, not free text or name-guessed) lists this exhibitor's country as ""India"".",Startup,Hall 1,P77 & P78,https://www.convergenceindia.org/exhibitors-and-participants-convergence-india.aspx
165,Cohesive Technologies Pvt. Ltd,India,INDIA-DOMESTIC,"Country field in the official convergenceindia.org 'List of Participants' directory (structured per-exhibitor filter data — a 'Country' facet built into the site's own exhibitor search/filter UI, not free text or name-guessed) lists this exhibitor's country as ""India"".",IT & Communications,Hall 5,D5-84,https://www.convergenceindia.org/exhibitors-and-participants-convergence-india.aspx
166,Coin Gabbar,India,INDIA-DOMESTIC,"Country field in the official convergenceindia.org 'List of Participants' directory (structured per-exhibitor filter data — a 'Country' facet built into the site's own exhibitor search/filter UI, not free text or name-guessed) lists this exhibitor's country as ""India"".",Media Partner,,,https://www.convergenceindia.org/exhibitors-and-participants-convergence-india.aspx
167,CoinPedia,India,INDIA-DOMESTIC,"Country field in the official convergenceindia.org 'List of Participants' directory (structured per-exhibitor filter data — a 'Country' facet built into the site's own exhibitor search/filter UI, not free text or name-guessed) lists this exhibitor's country as ""India"".",Media Partner,,,https://www.convergenceindia.org/exhibitors-and-participants-convergence-india.aspx
168,Comcares/Galiocas,India,INDIA-DOMESTIC,"Country field in the official convergenceindia.org 'List of Participants' directory (structured per-exhibitor filter data — a 'Country' facet built into the site's own exhibitor search/filter UI, not free text or name-guessed) lists this exhibitor's country as ""India"".",IoT & Embedded Tech,Hall 5,D5-90,https://www.convergenceindia.org/exhibitors-and-participants-convergence-india.aspx
169,Commpolar Inc,China,FOREIGN,"Country field in the official convergenceindia.org 'List of Participants' directory (structured per-exhibitor filter data — a 'Country' facet built into the site's own exhibitor search/filter UI, not free text or name-guessed) lists this exhibitor's country as ""China"".",Broadcast & Satcom,Hall 5,A5-30,https://www.convergenceindia.org/exhibitors-and-participants-convergence-india.aspx
170,Communication & Multimedia International Association (CMAI),India,INDIA-DOMESTIC,"Country field in the official convergenceindia.org 'List of Participants' directory (structured per-exhibitor filter data — a 'Country' facet built into the site's own exhibitor search/filter UI, not free text or name-guessed) lists this exhibitor's country as ""India"".",Association,,,https://www.convergenceindia.org/exhibitors-and-participants-convergence-india.aspx
171,Communications Today,India,INDIA-DOMESTIC,"Country field in the official convergenceindia.org 'List of Participants' directory (structured per-exhibitor filter data — a 'Country' facet built into the site's own exhibitor search/filter UI, not free text or name-guessed) lists this exhibitor's country as ""India"".",Media Partner,Hall 5,A5-90A,https://www.convergenceindia.org/exhibitors-and-participants-convergence-india.aspx
172,Comply Ark,India,INDIA-DOMESTIC,"Country field in the official convergenceindia.org 'List of Participants' directory (structured per-exhibitor filter data — a 'Country' facet built into the site's own exhibitor search/filter UI, not free text or name-guessed) lists this exhibitor's country as ""India"".",Startup,Hall 1,P3,https://www.convergenceindia.org/exhibitors-and-participants-convergence-india.aspx
173,ComplyZen Security Solutions,India,INDIA-DOMESTIC,"Country field in the official convergenceindia.org 'List of Participants' directory (structured per-exhibitor filter data — a 'Country' facet built into the site's own exhibitor search/filter UI, not free text or name-guessed) lists this exhibitor's country as ""India"".",Startup,Hall 1,P105,https://www.convergenceindia.org/exhibitors-and-participants-convergence-india.aspx
174,Comprint,India,INDIA-DOMESTIC,"Country field in the official convergenceindia.org 'List of Participants' directory (structured per-exhibitor filter data — a 'Country' facet built into the site's own exhibitor search/filter UI, not free text or name-guessed) lists this exhibitor's country as ""India"".",Embedded Tech,Hall 3,C3-41,https://www.convergenceindia.org/exhibitors-and-participants-convergence-india.aspx
175,COMTECH DIGITRONICS PVT LTD,India,INDIA-DOMESTIC,"Country field in the official convergenceindia.org 'List of Participants' directory (structured per-exhibitor filter data — a 'Country' facet built into the site's own exhibitor search/filter UI, not free text or name-guessed) lists this exhibitor's country as ""India"".",IT & Communications,Hall 5,A5-142,https://www.convergenceindia.org/exhibitors-and-participants-convergence-india.aspx
176,Constructivist,India,INDIA-DOMESTIC,"Country field in the official convergenceindia.org 'List of Participants' directory (structured per-exhibitor filter data — a 'Country' facet built into the site's own exhibitor search/filter UI, not free text or name-guessed) lists this exhibitor's country as ""India"".",Startup,Hall 1,P41A,https://www.convergenceindia.org/exhibitors-and-participants-convergence-india.aspx
177,Consumer Electronics and Appliances Manufacturers Association (CEAMA),India,INDIA-DOMESTIC,"Country field in the official convergenceindia.org 'List of Participants' directory (structured per-exhibitor filter data — a 'Country' facet built into the site's own exhibitor search/filter UI, not free text or name-guessed) lists this exhibitor's country as ""India"".",Association,,,https://www.convergenceindia.org/exhibitors-and-participants-convergence-india.aspx
178,Consumer Sketch Info P Ltd,India,INDIA-DOMESTIC,"Country field in the official convergenceindia.org 'List of Participants' directory (structured per-exhibitor filter data — a 'Country' facet built into the site's own exhibitor search/filter UI, not free text or name-guessed) lists this exhibitor's country as ""India"".",IoT & Embedded Tech,Hall 4,G4-02,https://www.convergenceindia.org/exhibitors-and-participants-convergence-india.aspx
179,Convey,India,INDIA-DOMESTIC,"Country field in the official convergenceindia.org 'List of Participants' directory (structured per-exhibitor filter data — a 'Country' facet built into the site's own exhibitor search/filter UI, not free text or name-guessed) lists this exhibitor's country as ""India"".",IT & Communications,Hall 5,B5-75,https://www.convergenceindia.org/exhibitors-and-participants-convergence-india.aspx
180,Coplur Technologies,India,INDIA-DOMESTIC,"Country field in the official convergenceindia.org 'List of Participants' directory (structured per-exhibitor filter data — a 'Country' facet built into the site's own exhibitor search/filter UI, not free text or name-guessed) lists this exhibitor's country as ""India"".",Internet of Things,Hall 3,C3-12,https://www.convergenceindia.org/exhibitors-and-participants-convergence-india.aspx
181,CoreIoT Technologies,India,INDIA-DOMESTIC,"Country field in the official convergenceindia.org 'List of Participants' directory (structured per-exhibitor filter data — a 'Country' facet built into the site's own exhibitor search/filter UI, not free text or name-guessed) lists this exhibitor's country as ""India"".",Startup,Hall 1,P97,https://www.convergenceindia.org/exhibitors-and-participants-convergence-india.aspx
182,Corporate Raasta Consulting LLP,India,INDIA-DOMESTIC,"Country field in the official convergenceindia.org 'List of Participants' directory (structured per-exhibitor filter data — a 'Country' facet built into the site's own exhibitor search/filter UI, not free text or name-guessed) lists this exhibitor's country as ""India"".",Startup,Hall 1,E1-01,https://www.convergenceindia.org/exhibitors-and-participants-convergence-india.aspx
183,CP PLUS,India,INDIA-DOMESTIC,"Country field in the official convergenceindia.org 'List of Participants' directory (structured per-exhibitor filter data — a 'Country' facet built into the site's own exhibitor search/filter UI, not free text or name-guessed) lists this exhibitor's country as ""India"".",IT & Communications,Hall 5,C5-290,https://www.convergenceindia.org/exhibitors-and-participants-convergence-india.aspx
184,CrackerJack Biz Tech Private Limited,India,INDIA-DOMESTIC,"Country field in the official convergenceindia.org 'List of Participants' directory (structured per-exhibitor filter data — a 'Country' facet built into the site's own exhibitor search/filter UI, not free text or name-guessed) lists this exhibitor's country as ""India"".",Artificial Intelligence,Hall 5,A5-40,https://www.convergenceindia.org/exhibitors-and-participants-convergence-india.aspx
185,CreateBytes,India,INDIA-DOMESTIC,"Country field in the official convergenceindia.org 'List of Participants' directory (structured per-exhibitor filter data — a 'Country' facet built into the site's own exhibitor search/filter UI, not free text or name-guessed) lists this exhibitor's country as ""India"".",Artificial Intelligence,Hall 1,E1-07,https://www.convergenceindia.org/exhibitors-and-participants-convergence-india.aspx
186,CrowdFeuz,India,INDIA-DOMESTIC,"Country field in the official convergenceindia.org 'List of Participants' directory (structured per-exhibitor filter data — a 'Country' facet built into the site's own exhibitor search/filter UI, not free text or name-guessed) lists this exhibitor's country as ""India"".",Media Partner,,,https://www.convergenceindia.org/exhibitors-and-participants-convergence-india.aspx
187,CRYSTAL SMART SOLUTIONS,India,INDIA-DOMESTIC,"Country field in the official convergenceindia.org 'List of Participants' directory (structured per-exhibitor filter data — a 'Country' facet built into the site's own exhibitor search/filter UI, not free text or name-guessed) lists this exhibitor's country as ""India"".",Smart Mobility,Hall 1,A1-43,https://www.convergenceindia.org/exhibitors-and-participants-convergence-india.aspx
188,CT SQUARE TECHNOLOGIES,India,INDIA-DOMESTIC,"Country field in the official convergenceindia.org 'List of Participants' directory (structured per-exhibitor filter data — a 'Country' facet built into the site's own exhibitor search/filter UI, not free text or name-guessed) lists this exhibitor's country as ""India"".",IT & Communications,Hall 5,B5-51,https://www.convergenceindia.org/exhibitors-and-participants-convergence-india.aspx
189,Ctrlbit,India,INDIA-DOMESTIC,"Country field in the official convergenceindia.org 'List of Participants' directory (structured per-exhibitor filter data — a 'Country' facet built into the site's own exhibitor search/filter UI, not free text or name-guessed) lists this exhibitor's country as ""India"".",IT & Communications,Hall 5,D5-115,https://www.convergenceindia.org/exhibitors-and-participants-convergence-india.aspx
190,CtrlS Datacenters,India,INDIA-DOMESTIC,"Country field in the official convergenceindia.org 'List of Participants' directory (structured per-exhibitor filter data — a 'Country' facet built into the site's own exhibitor search/filter UI, not free text or name-guessed) lists this exhibitor's country as ""India"".",IT & Communications,Hall 5,A5 125,https://www.convergenceindia.org/exhibitors-and-participants-convergence-india.aspx
191,Cudy,India,INDIA-DOMESTIC,"Country field in the official convergenceindia.org 'List of Participants' directory (structured per-exhibitor filter data — a 'Country' facet built into the site's own exhibitor search/filter UI, not free text or name-guessed) lists this exhibitor's country as ""India"".",IT & Communications,Hall 5,C5-260,https://www.convergenceindia.org/exhibitors-and-participants-convergence-india.aspx
192,Cyber Infrastructure “CIS”,India,INDIA-DOMESTIC,"Country field in the official convergenceindia.org 'List of Participants' directory (structured per-exhibitor filter data — a 'Country' facet built into the site's own exhibitor search/filter UI, not free text or name-guessed) lists this exhibitor's country as ""India"".",IoT & Embedded Tech,Hall 4,G4-06A,https://www.convergenceindia.org/exhibitors-and-participants-convergence-india.aspx
193,Cyber Security Association (CSAI),India,INDIA-DOMESTIC,"Country field in the official convergenceindia.org 'List of Participants' directory (structured per-exhibitor filter data — a 'Country' facet built into the site's own exhibitor search/filter UI, not free text or name-guessed) lists this exhibitor's country as ""India"".",Association,,,https://www.convergenceindia.org/exhibitors-and-participants-convergence-india.aspx
194,CyberData Corporation,United States,FOREIGN,"Country field in the official convergenceindia.org 'List of Participants' directory (structured per-exhibitor filter data — a 'Country' facet built into the site's own exhibitor search/filter UI, not free text or name-guessed) lists this exhibitor's country as ""United States"".",IT & Communications,Hall 5,D5-84,https://www.convergenceindia.org/exhibitors-and-participants-convergence-india.aspx
195,Cyfuture India Private Limited,India,INDIA-DOMESTIC,"Country field in the official convergenceindia.org 'List of Participants' directory (structured per-exhibitor filter data — a 'Country' facet built into the site's own exhibitor search/filter UI, not free text or name-guessed) lists this exhibitor's country as ""India"".",IT & Communications,Hall 5,E5-75,https://www.convergenceindia.org/exhibitors-and-participants-convergence-india.aspx
196,DAAKIT TECHNOLOGIES PVT LTD,India,INDIA-DOMESTIC,"Country field in the official convergenceindia.org 'List of Participants' directory (structured per-exhibitor filter data — a 'Country' facet built into the site's own exhibitor search/filter UI, not free text or name-guessed) lists this exhibitor's country as ""India"".",Startup,Hall 1,E1-01,https://www.convergenceindia.org/exhibitors-and-participants-convergence-india.aspx
197,"Dalian Youopto Technology Co.,Ltd",China,FOREIGN,"Country field in the official convergenceindia.org 'List of Participants' directory (structured per-exhibitor filter data — a 'Country' facet built into the site's own exhibitor search/filter UI, not free text or name-guessed) lists this exhibitor's country as ""China"".",IT & Communications,Hall 5,C5-232,https://www.convergenceindia.org/exhibitors-and-participants-convergence-india.aspx
198,DataCouch,India,INDIA-DOMESTIC,"Country field in the official convergenceindia.org 'List of Participants' directory (structured per-exhibitor filter data — a 'Country' facet built into the site's own exhibitor search/filter UI, not free text or name-guessed) lists this exhibitor's country as ""India"".",Artificial Intelligence,Hall 3,C3-65,https://www.convergenceindia.org/exhibitors-and-participants-convergence-india.aspx
199,Datasamudra,India,INDIA-DOMESTIC,"Country field in the official convergenceindia.org 'List of Participants' directory (structured per-exhibitor filter data — a 'Country' facet built into the site's own exhibitor search/filter UI, not free text or name-guessed) lists this exhibitor's country as ""India"".",IT & Communications,Hall 5,C5-142,https://www.convergenceindia.org/exhibitors-and-participants-convergence-india.aspx
200,Datavideo Technologies Co Ltd.,Taiwan,FOREIGN,"Country field in the official convergenceindia.org 'List of Participants' directory (structured per-exhibitor filter data — a 'Country' facet built into the site's own exhibitor search/filter UI, not free text or name-guessed) lists this exhibitor's country as ""Taiwan"".",IT & Communications,Hall 5,A5-150,https://www.convergenceindia.org/exhibitors-and-participants-convergence-india.aspx
201,DBS Pvt Ltd,India,INDIA-DOMESTIC,"Country field in the official convergenceindia.org 'List of Participants' directory (structured per-exhibitor filter data — a 'Country' facet built into the site's own exhibitor search/filter UI, not free text or name-guessed) lists this exhibitor's country as ""India"".",IT & Communications,Hall 5,E5-85,https://www.convergenceindia.org/exhibitors-and-participants-convergence-india.aspx
202,DBYTE FACILITY NETWORK PRIVATE LIMITED,India,INDIA-DOMESTIC,"Country field in the official convergenceindia.org 'List of Participants' directory (structured per-exhibitor filter data — a 'Country' facet built into the site's own exhibitor search/filter UI, not free text or name-guessed) lists this exhibitor's country as ""India"".",IT & Communications,Hall 5,B5-200,https://www.convergenceindia.org/exhibitors-and-participants-convergence-india.aspx
203,Dbyte Infra Services Pvt Ltd,India,INDIA-DOMESTIC,"Country field in the official convergenceindia.org 'List of Participants' directory (structured per-exhibitor filter data — a 'Country' facet built into the site's own exhibitor search/filter UI, not free text or name-guessed) lists this exhibitor's country as ""India"".",IT & Communications,Hall 5,B5-200,https://www.convergenceindia.org/exhibitors-and-participants-convergence-india.aspx
204,DCNET Solutions India Pvt Ltd,India,INDIA-DOMESTIC,"Country field in the official convergenceindia.org 'List of Participants' directory (structured per-exhibitor filter data — a 'Country' facet built into the site's own exhibitor search/filter UI, not free text or name-guessed) lists this exhibitor's country as ""India"".",IT & Communications,Hall 5,C5-260,https://www.convergenceindia.org/exhibitors-and-participants-convergence-india.aspx
205,DCUBE Ai Systems & Services Pvt Ltd,India,INDIA-DOMESTIC,"Country field in the official convergenceindia.org 'List of Participants' directory (structured per-exhibitor filter data — a 'Country' facet built into the site's own exhibitor search/filter UI, not free text or name-guessed) lists this exhibitor's country as ""India"".",Artificial Intelligence,Hall 3,C3-08,https://www.convergenceindia.org/exhibitors-and-participants-convergence-india.aspx
206,DE-CIX India,India,INDIA-DOMESTIC,"Country field in the official convergenceindia.org 'List of Participants' directory (structured per-exhibitor filter data — a 'Country' facet built into the site's own exhibitor search/filter UI, not free text or name-guessed) lists this exhibitor's country as ""India"".",IT & Communications,Hall 5,C5-100,https://www.convergenceindia.org/exhibitors-and-participants-convergence-india.aspx
207,Deeptechgenie Private Limited,India,INDIA-DOMESTIC,"Country field in the official convergenceindia.org 'List of Participants' directory (structured per-exhibitor filter data — a 'Country' facet built into the site's own exhibitor search/filter UI, not free text or name-guessed) lists this exhibitor's country as ""India"".",Startup,Hall 1,P10,https://www.convergenceindia.org/exhibitors-and-participants-convergence-india.aspx
208,Dehradun Smart City Limited,India,INDIA-DOMESTIC,"Country field in the official convergenceindia.org 'List of Participants' directory (structured per-exhibitor filter data — a 'Country' facet built into the site's own exhibitor search/filter UI, not free text or name-guessed) lists this exhibitor's country as ""India"".",Smart Future Cities,Hall 1,D1-35,https://www.convergenceindia.org/exhibitors-and-participants-convergence-india.aspx
209,Delhi Mobile Traders Association (DMTA),India,INDIA-DOMESTIC,"Country field in the official convergenceindia.org 'List of Participants' directory (structured per-exhibitor filter data — a 'Country' facet built into the site's own exhibitor search/filter UI, not free text or name-guessed) lists this exhibitor's country as ""India"".",Association,,,https://www.convergenceindia.org/exhibitors-and-participants-convergence-india.aspx
210,Delta Sys-Tech (India) Pvt Ltd,India,INDIA-DOMESTIC,"Country field in the official convergenceindia.org 'List of Participants' directory (structured per-exhibitor filter data — a 'Country' facet built into the site's own exhibitor search/filter UI, not free text or name-guessed) lists this exhibitor's country as ""India"".",IoT & Embedded Tech,Hall 4,G4-11,https://www.convergenceindia.org/exhibitors-and-participants-convergence-india.aspx
211,Department of Science & Technology,India,INDIA-DOMESTIC,"Country field in the official convergenceindia.org 'List of Participants' directory (structured per-exhibitor filter data — a 'Country' facet built into the site's own exhibitor search/filter UI, not free text or name-guessed) lists this exhibitor's country as ""India"".",Startup,,,https://www.convergenceindia.org/exhibitors-and-participants-convergence-india.aspx
212,Device Next,India,INDIA-DOMESTIC,"Country field in the official convergenceindia.org 'List of Participants' directory (structured per-exhibitor filter data — a 'Country' facet built into the site's own exhibitor search/filter UI, not free text or name-guessed) lists this exhibitor's country as ""India"".",Media Partner,Hall 2,D2-60,https://www.convergenceindia.org/exhibitors-and-participants-convergence-india.aspx
213,DEVKRAFT,India,INDIA-DOMESTIC,"Country field in the official convergenceindia.org 'List of Participants' directory (structured per-exhibitor filter data — a 'Country' facet built into the site's own exhibitor search/filter UI, not free text or name-guessed) lists this exhibitor's country as ""India"".",IoT & Embedded Tech,Hall 4,F4-19,https://www.convergenceindia.org/exhibitors-and-participants-convergence-india.aspx
214,DHANI INDUSTRIAL CORPORATION,India,INDIA-DOMESTIC,"Country field in the official convergenceindia.org 'List of Participants' directory (structured per-exhibitor filter data — a 'Country' facet built into the site's own exhibitor search/filter UI, not free text or name-guessed) lists this exhibitor's country as ""India"".",IT & Communications,Hall 5,B5-108,https://www.convergenceindia.org/exhibitors-and-participants-convergence-india.aspx
215,Dhruv Compusoft Consultancy pvt ltd,India,INDIA-DOMESTIC,"Country field in the official convergenceindia.org 'List of Participants' directory (structured per-exhibitor filter data — a 'Country' facet built into the site's own exhibitor search/filter UI, not free text or name-guessed) lists this exhibitor's country as ""India"".",IT & Communications,Hall 5,A5-20,https://www.convergenceindia.org/exhibitors-and-participants-convergence-india.aspx
216,Diagnomitra Healthcare Solutions Private Limited,India,INDIA-DOMESTIC,"Country field in the official convergenceindia.org 'List of Participants' directory (structured per-exhibitor filter data — a 'Country' facet built into the site's own exhibitor search/filter UI, not free text or name-guessed) lists this exhibitor's country as ""India"".",Startup,Hall 1,E1-01,https://www.convergenceindia.org/exhibitors-and-participants-convergence-india.aspx
217,diagnomitra healthcare solutions pvt ltd,India,INDIA-DOMESTIC,"Country field in the official convergenceindia.org 'List of Participants' directory (structured per-exhibitor filter data — a 'Country' facet built into the site's own exhibitor search/filter UI, not free text or name-guessed) lists this exhibitor's country as ""India"".",Startup,Hall 1,E1-01,https://www.convergenceindia.org/exhibitors-and-participants-convergence-india.aspx
218,DIBS Technologies,India,INDIA-DOMESTIC,"Country field in the official convergenceindia.org 'List of Participants' directory (structured per-exhibitor filter data — a 'Country' facet built into the site's own exhibitor search/filter UI, not free text or name-guessed) lists this exhibitor's country as ""India"".",IoT & Embedded Tech,Hall 4,G4-22,https://www.convergenceindia.org/exhibitors-and-participants-convergence-india.aspx
219,DigiPrima Technologies,India,INDIA-DOMESTIC,"Country field in the official convergenceindia.org 'List of Participants' directory (structured per-exhibitor filter data — a 'Country' facet built into the site's own exhibitor search/filter UI, not free text or name-guessed) lists this exhibitor's country as ""India"".",IoT & Embedded Tech,Hall 4,E4-18A,https://www.convergenceindia.org/exhibitors-and-participants-convergence-india.aspx
220,Digital India Corporation NeGD (MeitY),India,INDIA-DOMESTIC,"Country field in the official convergenceindia.org 'List of Participants' directory (structured per-exhibitor filter data — a 'Country' facet built into the site's own exhibitor search/filter UI, not free text or name-guessed) lists this exhibitor's country as ""India"".",IT & Communications,Hall 5,B5-220,https://www.convergenceindia.org/exhibitors-and-participants-convergence-india.aspx
221,Digital Infrastructure Providers Association (DIPA),India,INDIA-DOMESTIC,"Country field in the official convergenceindia.org 'List of Participants' directory (structured per-exhibitor filter data — a 'Country' facet built into the site's own exhibitor search/filter UI, not free text or name-guessed) lists this exhibitor's country as ""India"".",Association,,,https://www.convergenceindia.org/exhibitors-and-participants-convergence-india.aspx
222,Digital Terminal,India,INDIA-DOMESTIC,"Country field in the official convergenceindia.org 'List of Participants' directory (structured per-exhibitor filter data — a 'Country' facet built into the site's own exhibitor search/filter UI, not free text or name-guessed) lists this exhibitor's country as ""India"".",Media Partner,,,https://www.convergenceindia.org/exhibitors-and-participants-convergence-india.aspx
223,Dignifiedme Technologies,India,INDIA-DOMESTIC,"Country field in the official convergenceindia.org 'List of Participants' directory (structured per-exhibitor filter data — a 'Country' facet built into the site's own exhibitor search/filter UI, not free text or name-guessed) lists this exhibitor's country as ""India"".",IoT & Embedded Tech,Hall 4,D4-32,https://www.convergenceindia.org/exhibitors-and-participants-convergence-india.aspx
224,Dimension Next Infocom Pvt Ltd,India,INDIA-DOMESTIC,"Country field in the official convergenceindia.org 'List of Participants' directory (structured per-exhibitor filter data — a 'Country' facet built into the site's own exhibitor search/filter UI, not free text or name-guessed) lists this exhibitor's country as ""India"".",IT & Communications,Hall 5,B5-113,https://www.convergenceindia.org/exhibitors-and-participants-convergence-india.aspx
225,Dimension Software,New Zealand,FOREIGN,"Country field in the official convergenceindia.org 'List of Participants' directory (structured per-exhibitor filter data — a 'Country' facet built into the site's own exhibitor search/filter UI, not free text or name-guessed) lists this exhibitor's country as ""New Zealand"".",IT & Communications,Hall 5,E5-50,https://www.convergenceindia.org/exhibitors-and-participants-convergence-india.aspx
226,Dinstar,India,INDIA-DOMESTIC,"Country field in the official convergenceindia.org 'List of Participants' directory (structured per-exhibitor filter data — a 'Country' facet built into the site's own exhibitor search/filter UI, not free text or name-guessed) lists this exhibitor's country as ""India"".",IT & Communications,Hall 5,B5-175,https://www.convergenceindia.org/exhibitors-and-participants-convergence-india.aspx
227,Directorate of Industries Chhattisgarh,India,INDIA-DOMESTIC,"Country field in the official convergenceindia.org 'List of Participants' directory (structured per-exhibitor filter data — a 'Country' facet built into the site's own exhibitor search/filter UI, not free text or name-guessed) lists this exhibitor's country as ""India"".",Startup,,,https://www.convergenceindia.org/exhibitors-and-participants-convergence-india.aspx
228,DONGGUAN ERANODE ELECTRONICS LIMITED,China,FOREIGN,"Country field in the official convergenceindia.org 'List of Participants' directory (structured per-exhibitor filter data — a 'Country' facet built into the site's own exhibitor search/filter UI, not free text or name-guessed) lists this exhibitor's country as ""CHINA"".",IT & Communications,Hall 2,D2-34,https://www.convergenceindia.org/exhibitors-and-participants-convergence-india.aspx
229,"Dongguan Shangyuan Electronics Co.,Ltd",China,FOREIGN,"Country field in the official convergenceindia.org 'List of Participants' directory (structured per-exhibitor filter data — a 'Country' facet built into the site's own exhibitor search/filter UI, not free text or name-guessed) lists this exhibitor's country as ""China"".",Mobile Devices & Accessories,Hall 2,D2-36,https://www.convergenceindia.org/exhibitors-and-participants-convergence-india.aspx
230,Dream Filler Software Solution Private Limited,India,INDIA-DOMESTIC,"Country field in the official convergenceindia.org 'List of Participants' directory (structured per-exhibitor filter data — a 'Country' facet built into the site's own exhibitor search/filter UI, not free text or name-guessed) lists this exhibitor's country as ""India"".",Startup,Hall 1,P93,https://www.convergenceindia.org/exhibitors-and-participants-convergence-india.aspx
231,DTOWN Robotics,India,INDIA-DOMESTIC,"Country field in the official convergenceindia.org 'List of Participants' directory (structured per-exhibitor filter data — a 'Country' facet built into the site's own exhibitor search/filter UI, not free text or name-guessed) lists this exhibitor's country as ""India"".",IT & Communications,Hall 5,A5-62,https://www.convergenceindia.org/exhibitors-and-participants-convergence-india.aspx
232,DUST & POLLUTION PURIFIER LAMP,India,INDIA-DOMESTIC,"Country field in the official convergenceindia.org 'List of Participants' directory (structured per-exhibitor filter data — a 'Country' facet built into the site's own exhibitor search/filter UI, not free text or name-guessed) lists this exhibitor's country as ""India"".",IoT & Embedded Tech,Hall 5,D5-79-B,https://www.convergenceindia.org/exhibitors-and-participants-convergence-india.aspx
233,Dynamics Monk,India,INDIA-DOMESTIC,"Country field in the official convergenceindia.org 'List of Participants' directory (structured per-exhibitor filter data — a 'Country' facet built into the site's own exhibitor search/filter UI, not free text or name-guessed) lists this exhibitor's country as ""India"".",Startup,Hall 1,P117,https://www.convergenceindia.org/exhibitors-and-participants-convergence-india.aspx
234,EA Cloud,India,INDIA-DOMESTIC,"Country field in the official convergenceindia.org 'List of Participants' directory (structured per-exhibitor filter data — a 'Country' facet built into the site's own exhibitor search/filter UI, not free text or name-guessed) lists this exhibitor's country as ""India"".",IT & Communications,Hall 3,A3-01,https://www.convergenceindia.org/exhibitors-and-participants-convergence-india.aspx
235,EA Tech Corporations Pvt. Ltd.,India,INDIA-DOMESTIC,"Country field in the official convergenceindia.org 'List of Participants' directory (structured per-exhibitor filter data — a 'Country' facet built into the site's own exhibitor search/filter UI, not free text or name-guessed) lists this exhibitor's country as ""India"".",IoT & Embedded Tech,Hall 4,G4-28,https://www.convergenceindia.org/exhibitors-and-participants-convergence-india.aspx
236,ECLECTIC CREATIONS PRIVATE LIMITED,India,INDIA-DOMESTIC,"Country field in the official convergenceindia.org 'List of Participants' directory (structured per-exhibitor filter data — a 'Country' facet built into the site's own exhibitor search/filter UI, not free text or name-guessed) lists this exhibitor's country as ""India"".",Startup,Hall 1,P59,https://www.convergenceindia.org/exhibitors-and-participants-convergence-india.aspx
237,Ecosmob Technologies Pvt Ltd,India,INDIA-DOMESTIC,"Country field in the official convergenceindia.org 'List of Participants' directory (structured per-exhibitor filter data — a 'Country' facet built into the site's own exhibitor search/filter UI, not free text or name-guessed) lists this exhibitor's country as ""India"".",IT & Communications,Hall 5,C5-161,https://www.convergenceindia.org/exhibitors-and-participants-convergence-india.aspx
238,EDUSAP,India,INDIA-DOMESTIC,"Country field in the official convergenceindia.org 'List of Participants' directory (structured per-exhibitor filter data — a 'Country' facet built into the site's own exhibitor search/filter UI, not free text or name-guessed) lists this exhibitor's country as ""India"".",Startup,Hall 1,P4,https://www.convergenceindia.org/exhibitors-and-participants-convergence-india.aspx
239,Efficient Textile Antennas,India,INDIA-DOMESTIC,"Country field in the official convergenceindia.org 'List of Participants' directory (structured per-exhibitor filter data — a 'Country' facet built into the site's own exhibitor search/filter UI, not free text or name-guessed) lists this exhibitor's country as ""India"".",IoT & Embedded Tech,Hall 5,E5-157,https://www.convergenceindia.org/exhibitors-and-participants-convergence-india.aspx
240,Efuel Products Pvt. Ltd,India,INDIA-DOMESTIC,"Country field in the official convergenceindia.org 'List of Participants' directory (structured per-exhibitor filter data — a 'Country' facet built into the site's own exhibitor search/filter UI, not free text or name-guessed) lists this exhibitor's country as ""India"".",Startup,Hall 1,P76,https://www.convergenceindia.org/exhibitors-and-participants-convergence-india.aspx
241,EHOOME IOT PVT LTD,India,INDIA-DOMESTIC,"Country field in the official convergenceindia.org 'List of Participants' directory (structured per-exhibitor filter data — a 'Country' facet built into the site's own exhibitor search/filter UI, not free text or name-guessed) lists this exhibitor's country as ""India"".",IT & Communications,Hall 5,C5-105,https://www.convergenceindia.org/exhibitors-and-participants-convergence-india.aspx
242,Ek TV,India,INDIA-DOMESTIC,"Country field in the official convergenceindia.org 'List of Participants' directory (structured per-exhibitor filter data — a 'Country' facet built into the site's own exhibitor search/filter UI, not free text or name-guessed) lists this exhibitor's country as ""India"".",Broadcast & Satcom,Hall 5,B5-200,https://www.convergenceindia.org/exhibitors-and-participants-convergence-india.aspx
243,Ekam Internet LLP,India,INDIA-DOMESTIC,"Country field in the official convergenceindia.org 'List of Participants' directory (structured per-exhibitor filter data — a 'Country' facet built into the site's own exhibitor search/filter UI, not free text or name-guessed) lists this exhibitor's country as ""India"".",Startup,Hall 1,P99,https://www.convergenceindia.org/exhibitors-and-participants-convergence-india.aspx
244,EKODEMY INDIA PRIVATE LIMITED,India,INDIA-DOMESTIC,"Country field in the official convergenceindia.org 'List of Participants' directory (structured per-exhibitor filter data — a 'Country' facet built into the site's own exhibitor search/filter UI, not free text or name-guessed) lists this exhibitor's country as ""India"".",Startup,Hall 1,P96,https://www.convergenceindia.org/exhibitors-and-participants-convergence-india.aspx
245,Elcia,India,INDIA-DOMESTIC,"Country field in the official convergenceindia.org 'List of Participants' directory (structured per-exhibitor filter data — a 'Country' facet built into the site's own exhibitor search/filter UI, not free text or name-guessed) lists this exhibitor's country as ""India"".",IoT & Embedded Tech,Hall 5,D5-101,https://www.convergenceindia.org/exhibitors-and-participants-convergence-india.aspx
246,Electro Bits (Digi Electro Media),India,INDIA-DOMESTIC,"Country field in the official convergenceindia.org 'List of Participants' directory (structured per-exhibitor filter data — a 'Country' facet built into the site's own exhibitor search/filter UI, not free text or name-guessed) lists this exhibitor's country as ""India"".",Media Partner,,,https://www.convergenceindia.org/exhibitors-and-participants-convergence-india.aspx
247,Electronic City,India,INDIA-DOMESTIC,"Country field in the official convergenceindia.org 'List of Participants' directory (structured per-exhibitor filter data — a 'Country' facet built into the site's own exhibitor search/filter UI, not free text or name-guessed) lists this exhibitor's country as ""India"".",Media Partner,Hall 3,C3-47,https://www.convergenceindia.org/exhibitors-and-participants-convergence-india.aspx
248,Electronic Security Association of India (ESAI),India,INDIA-DOMESTIC,"Country field in the official convergenceindia.org 'List of Participants' directory (structured per-exhibitor filter data — a 'Country' facet built into the site's own exhibitor search/filter UI, not free text or name-guessed) lists this exhibitor's country as ""India"".",Association,,,https://www.convergenceindia.org/exhibitors-and-participants-convergence-india.aspx
249,Electronics Bazaar,India,INDIA-DOMESTIC,"Country field in the official convergenceindia.org 'List of Participants' directory (structured per-exhibitor filter data — a 'Country' facet built into the site's own exhibitor search/filter UI, not free text or name-guessed) lists this exhibitor's country as ""India"".",IoT & Embedded Tech,Hall 4,A4-05,https://www.convergenceindia.org/exhibitors-and-participants-convergence-india.aspx
250,Electronics Buzz,India,INDIA-DOMESTIC,"Country field in the official convergenceindia.org 'List of Participants' directory (structured per-exhibitor filter data — a 'Country' facet built into the site's own exhibitor search/filter UI, not free text or name-guessed) lists this exhibitor's country as ""India"".",Media Partner,,,https://www.convergenceindia.org/exhibitors-and-participants-convergence-india.aspx
251,Electronics Era,India,INDIA-DOMESTIC,"Country field in the official convergenceindia.org 'List of Participants' directory (structured per-exhibitor filter data — a 'Country' facet built into the site's own exhibitor search/filter UI, not free text or name-guessed) lists this exhibitor's country as ""India"".",Media Partner,Hall 3,C3-38,https://www.convergenceindia.org/exhibitors-and-participants-convergence-india.aspx
252,Electronics Maker,India,INDIA-DOMESTIC,"Country field in the official convergenceindia.org 'List of Participants' directory (structured per-exhibitor filter data — a 'Country' facet built into the site's own exhibitor search/filter UI, not free text or name-guessed) lists this exhibitor's country as ""India"".",Media Partner,,,https://www.convergenceindia.org/exhibitors-and-participants-convergence-india.aspx
253,Electronics Media (Digi Electro Media),India,INDIA-DOMESTIC,"Country field in the official convergenceindia.org 'List of Participants' directory (structured per-exhibitor filter data — a 'Country' facet built into the site's own exhibitor search/filter UI, not free text or name-guessed) lists this exhibitor's country as ""India"".",Media Partner,,,https://www.convergenceindia.org/exhibitors-and-participants-convergence-india.aspx
254,Electronics Sector Skills Council of India,India,INDIA-DOMESTIC,"Country field in the official convergenceindia.org 'List of Participants' directory (structured per-exhibitor filter data — a 'Country' facet built into the site's own exhibitor search/filter UI, not free text or name-guessed) lists this exhibitor's country as ""India"".",IoT & Embedded Tech,Hall 4,A4-12,https://www.convergenceindia.org/exhibitors-and-participants-convergence-india.aspx
255,Electronics Technology Parks - Kerala (Technopark),India,INDIA-DOMESTIC,"Country field in the official convergenceindia.org 'List of Participants' directory (structured per-exhibitor filter data — a 'Country' facet built into the site's own exhibitor search/filter UI, not free text or name-guessed) lists this exhibitor's country as ""India"".",IT & Communications,Hall 3,C3-08,https://www.convergenceindia.org/exhibitors-and-participants-convergence-india.aspx
256,ELEMENT PJSC,Russia,FOREIGN,"Country field in the official convergenceindia.org 'List of Participants' directory (structured per-exhibitor filter data — a 'Country' facet built into the site's own exhibitor search/filter UI, not free text or name-guessed) lists this exhibitor's country as ""Russia"".",IT & Communications,Hall 3,C3-75,https://www.convergenceindia.org/exhibitors-and-participants-convergence-india.aspx
257,ELI Health Solution,India,INDIA-DOMESTIC,"Country field in the official convergenceindia.org 'List of Participants' directory (structured per-exhibitor filter data — a 'Country' facet built into the site's own exhibitor search/filter UI, not free text or name-guessed) lists this exhibitor's country as ""India"".",Startup,Hall 1,P116,https://www.convergenceindia.org/exhibitors-and-participants-convergence-india.aspx
258,Elision Technologies Pvt Ltd,India,INDIA-DOMESTIC,"Country field in the official convergenceindia.org 'List of Participants' directory (structured per-exhibitor filter data — a 'Country' facet built into the site's own exhibitor search/filter UI, not free text or name-guessed) lists this exhibitor's country as ""India"".",Startup,Hall 1,P94,https://www.convergenceindia.org/exhibitors-and-participants-convergence-india.aspx
259,Elroi Software Solution,India,INDIA-DOMESTIC,"Country field in the official convergenceindia.org 'List of Participants' directory (structured per-exhibitor filter data — a 'Country' facet built into the site's own exhibitor search/filter UI, not free text or name-guessed) lists this exhibitor's country as ""India"".",IT & Communications,Hall 3,B3-78,https://www.convergenceindia.org/exhibitors-and-participants-convergence-india.aspx
260,Elventive Tech Private Limited,India,INDIA-DOMESTIC,"Country field in the official convergenceindia.org 'List of Participants' directory (structured per-exhibitor filter data — a 'Country' facet built into the site's own exhibitor search/filter UI, not free text or name-guessed) lists this exhibitor's country as ""India"".",IoT & Embedded Tech,Hall 4,C4-17,https://www.convergenceindia.org/exhibitors-and-participants-convergence-india.aspx
261,ELVICTO TECHNOLOGIES,India,INDIA-DOMESTIC,"Country field in the official convergenceindia.org 'List of Participants' directory (structured per-exhibitor filter data — a 'Country' facet built into the site's own exhibitor search/filter UI, not free text or name-guessed) lists this exhibitor's country as ""India"".",Smart Future Cities,Hall 3,C3-08,https://www.convergenceindia.org/exhibitors-and-participants-convergence-india.aspx
262,Embedsense Solutions,India,INDIA-DOMESTIC,"Country field in the official convergenceindia.org 'List of Participants' directory (structured per-exhibitor filter data — a 'Country' facet built into the site's own exhibitor search/filter UI, not free text or name-guessed) lists this exhibitor's country as ""India"".",Startup,Hall 1,DST Pavilion,https://www.convergenceindia.org/exhibitors-and-participants-convergence-india.aspx
263,EMbox- A brand of Emart Exim Private Limited,India,INDIA-DOMESTIC,"Country field in the official convergenceindia.org 'List of Participants' directory (structured per-exhibitor filter data — a 'Country' facet built into the site's own exhibitor search/filter UI, not free text or name-guessed) lists this exhibitor's country as ""India"".",IT & Communications,Hall 2,A2-62,https://www.convergenceindia.org/exhibitors-and-participants-convergence-india.aspx
264,EMFAI,India,INDIA-DOMESTIC,"Country field in the official convergenceindia.org 'List of Participants' directory (structured per-exhibitor filter data — a 'Country' facet built into the site's own exhibitor search/filter UI, not free text or name-guessed) lists this exhibitor's country as ""India"".",Association,,,https://www.convergenceindia.org/exhibitors-and-participants-convergence-india.aspx
265,Enalytix,India,INDIA-DOMESTIC,"Country field in the official convergenceindia.org 'List of Participants' directory (structured per-exhibitor filter data — a 'Country' facet built into the site's own exhibitor search/filter UI, not free text or name-guessed) lists this exhibitor's country as ""India"".",Artificial Intelligence,Hall 3,A3-19,https://www.convergenceindia.org/exhibitors-and-participants-convergence-india.aspx
266,Energeez,India,INDIA-DOMESTIC,"Country field in the official convergenceindia.org 'List of Participants' directory (structured per-exhibitor filter data — a 'Country' facet built into the site's own exhibitor search/filter UI, not free text or name-guessed) lists this exhibitor's country as ""India"".",Mobile Devices & Accessories,Hall 2,D2-27,https://www.convergenceindia.org/exhibitors-and-participants-convergence-india.aspx
267,Energy Bots Private Limited,India,INDIA-DOMESTIC,"Country field in the official convergenceindia.org 'List of Participants' directory (structured per-exhibitor filter data — a 'Country' facet built into the site's own exhibitor search/filter UI, not free text or name-guessed) lists this exhibitor's country as ""India"".",Internet of Things,Hall 3,C3-19,https://www.convergenceindia.org/exhibitors-and-participants-convergence-india.aspx
268,EnGenius Networks Pvt Ltd,India,INDIA-DOMESTIC,"Country field in the official convergenceindia.org 'List of Participants' directory (structured per-exhibitor filter data — a 'Country' facet built into the site's own exhibitor search/filter UI, not free text or name-guessed) lists this exhibitor's country as ""India"".",IT & Communications,Hall 5,A5-140,https://www.convergenceindia.org/exhibitors-and-participants-convergence-india.aspx
269,Ensmart Controls,India,INDIA-DOMESTIC,"Country field in the official convergenceindia.org 'List of Participants' directory (structured per-exhibitor filter data — a 'Country' facet built into the site's own exhibitor search/filter UI, not free text or name-guessed) lists this exhibitor's country as ""India"".",Internet of Things,Hall 3,A3-30,https://www.convergenceindia.org/exhibitors-and-participants-convergence-india.aspx
270,Ensonic Computech Pvt Ltd,India,INDIA-DOMESTIC,"Country field in the official convergenceindia.org 'List of Participants' directory (structured per-exhibitor filter data — a 'Country' facet built into the site's own exhibitor search/filter UI, not free text or name-guessed) lists this exhibitor's country as ""India"".",IoT & Embedded Tech,Hall 4,B4-22,https://www.convergenceindia.org/exhibitors-and-participants-convergence-india.aspx
271,ENTRY USA,United States,FOREIGN,"Country field in the official convergenceindia.org 'List of Participants' directory (structured per-exhibitor filter data — a 'Country' facet built into the site's own exhibitor search/filter UI, not free text or name-guessed) lists this exhibitor's country as ""United States"".",IoT & Embedded Tech,Hall 4,G4-08,https://www.convergenceindia.org/exhibitors-and-participants-convergence-india.aspx
272,"Epygi Technologies, LLC",United States,FOREIGN,"Country field in the official convergenceindia.org 'List of Participants' directory (structured per-exhibitor filter data — a 'Country' facet built into the site's own exhibitor search/filter UI, not free text or name-guessed) lists this exhibitor's country as ""United States"".",IT & Communications,Hall 5,D5-84,https://www.convergenceindia.org/exhibitors-and-participants-convergence-india.aspx
273,Erkey motors India Pvt. Ltd,India,INDIA-DOMESTIC,"Country field in the official convergenceindia.org 'List of Participants' directory (structured per-exhibitor filter data — a 'Country' facet built into the site's own exhibitor search/filter UI, not free text or name-guessed) lists this exhibitor's country as ""India"".",Startup,Hall 1,P14,https://www.convergenceindia.org/exhibitors-and-participants-convergence-india.aspx
274,ESC Launchpad,India,INDIA-DOMESTIC,"Country field in the official convergenceindia.org 'List of Participants' directory (structured per-exhibitor filter data — a 'Country' facet built into the site's own exhibitor search/filter UI, not free text or name-guessed) lists this exhibitor's country as ""India"".",IoT & Embedded Tech,Hall 5,E5-146,https://www.convergenceindia.org/exhibitors-and-participants-convergence-india.aspx
275,ESC lounge,India,INDIA-DOMESTIC,"Country field in the official convergenceindia.org 'List of Participants' directory (structured per-exhibitor filter data — a 'Country' facet built into the site's own exhibitor search/filter UI, not free text or name-guessed) lists this exhibitor's country as ""India"".",IoT & Embedded Tech,Hall 5,E5-146-A,https://www.convergenceindia.org/exhibitors-and-participants-convergence-india.aspx
276,Esconet Technologies Ltd,India,INDIA-DOMESTIC,"Country field in the official convergenceindia.org 'List of Participants' directory (structured per-exhibitor filter data — a 'Country' facet built into the site's own exhibitor search/filter UI, not free text or name-guessed) lists this exhibitor's country as ""India"".",Internet of Things,Hall 3,A3-01,https://www.convergenceindia.org/exhibitors-and-participants-convergence-india.aspx
277,Escort Monitoring Systems,India,INDIA-DOMESTIC,"Country field in the official convergenceindia.org 'List of Participants' directory (structured per-exhibitor filter data — a 'Country' facet built into the site's own exhibitor search/filter UI, not free text or name-guessed) lists this exhibitor's country as ""India"".",Internet of Things,Hall 3,A3-51,https://www.convergenceindia.org/exhibitors-and-participants-convergence-india.aspx
278,ESSEN INNOVATIONS,India,INDIA-DOMESTIC,"Country field in the official convergenceindia.org 'List of Participants' directory (structured per-exhibitor filter data — a 'Country' facet built into the site's own exhibitor search/filter UI, not free text or name-guessed) lists this exhibitor's country as ""India"".",IT & Communications,Hall 5,A5-65,https://www.convergenceindia.org/exhibitors-and-participants-convergence-india.aspx
279,Ete Solutions India,India,INDIA-DOMESTIC,"Country field in the official convergenceindia.org 'List of Participants' directory (structured per-exhibitor filter data — a 'Country' facet built into the site's own exhibitor search/filter UI, not free text or name-guessed) lists this exhibitor's country as ""India"".",IT & Communications,Hall 5,A5-30,https://www.convergenceindia.org/exhibitors-and-participants-convergence-india.aspx
280,E-Tech Services Pvt Ltd,India,INDIA-DOMESTIC,"Country field in the official convergenceindia.org 'List of Participants' directory (structured per-exhibitor filter data — a 'Country' facet built into the site's own exhibitor search/filter UI, not free text or name-guessed) lists this exhibitor's country as ""India"".",IoT & Embedded Tech,Hall 4,E4-08,https://www.convergenceindia.org/exhibitors-and-participants-convergence-india.aspx
281,Eterna Global Solutions LLP,India,INDIA-DOMESTIC,"Country field in the official convergenceindia.org 'List of Participants' directory (structured per-exhibitor filter data — a 'Country' facet built into the site's own exhibitor search/filter UI, not free text or name-guessed) lists this exhibitor's country as ""India"".",IT & Communications,Hall 5,D5-52,https://www.convergenceindia.org/exhibitors-and-participants-convergence-india.aspx
282,ETHERNEXION NETWORKS PTE. LTD.,Singapore,FOREIGN,"Country field in the official convergenceindia.org 'List of Participants' directory (structured per-exhibitor filter data — a 'Country' facet built into the site's own exhibitor search/filter UI, not free text or name-guessed) lists this exhibitor's country as ""Singapore"".",IT & Communications,Hall 5,D5-52A,https://www.convergenceindia.org/exhibitors-and-participants-convergence-india.aspx
283,EV Mechanica,India,INDIA-DOMESTIC,"Country field in the official convergenceindia.org 'List of Participants' directory (structured per-exhibitor filter data — a 'Country' facet built into the site's own exhibitor search/filter UI, not free text or name-guessed) lists this exhibitor's country as ""India"".",Media Partner,,,https://www.convergenceindia.org/exhibitors-and-participants-convergence-india.aspx
284,EventHex.ai,India,INDIA-DOMESTIC,"Country field in the official convergenceindia.org 'List of Participants' directory (structured per-exhibitor filter data — a 'Country' facet built into the site's own exhibitor search/filter UI, not free text or name-guessed) lists this exhibitor's country as ""India"".",Startup,Hall 1,P5,https://www.convergenceindia.org/exhibitors-and-participants-convergence-india.aspx
285,Evoluzn India Pvt Ltd,India,INDIA-DOMESTIC,"Country field in the official convergenceindia.org 'List of Participants' directory (structured per-exhibitor filter data — a 'Country' facet built into the site's own exhibitor search/filter UI, not free text or name-guessed) lists this exhibitor's country as ""India"".",IoT & Embedded Tech,Hall 5,E5-155,https://www.convergenceindia.org/exhibitors-and-participants-convergence-india.aspx
286,EXA TECHNOLOGY AND SOLUTIONS (OPC) PVT LTD,India,INDIA-DOMESTIC,"Country field in the official convergenceindia.org 'List of Participants' directory (structured per-exhibitor filter data — a 'Country' facet built into the site's own exhibitor search/filter UI, not free text or name-guessed) lists this exhibitor's country as ""India"".",Startup,Hall 1,P15,https://www.convergenceindia.org/exhibitors-and-participants-convergence-india.aspx
287,Excel Rapidtech Private Limited,India,INDIA-DOMESTIC,"Country field in the official convergenceindia.org 'List of Participants' directory (structured per-exhibitor filter data — a 'Country' facet built into the site's own exhibitor search/filter UI, not free text or name-guessed) lists this exhibitor's country as ""India"".",IT & Communications,Hall 3,B3-21,https://www.convergenceindia.org/exhibitors-and-participants-convergence-india.aspx
288,Expeed Software Private Limited,India,INDIA-DOMESTIC,"Country field in the official convergenceindia.org 'List of Participants' directory (structured per-exhibitor filter data — a 'Country' facet built into the site's own exhibitor search/filter UI, not free text or name-guessed) lists this exhibitor's country as ""India"".",Artificial Intelligence,Hall 3,C3-08,https://www.convergenceindia.org/exhibitors-and-participants-convergence-india.aspx
289,EXTREME LABS (INDIA) PVT. LTD.,India,INDIA-DOMESTIC,"Country field in the official convergenceindia.org 'List of Participants' directory (structured per-exhibitor filter data — a 'Country' facet built into the site's own exhibitor search/filter UI, not free text or name-guessed) lists this exhibitor's country as ""India"".",IT & Communications,Hall 5,B5-185,https://www.convergenceindia.org/exhibitors-and-participants-convergence-india.aspx
290,Eyesline Telematics Private Limited,India,INDIA-DOMESTIC,"Country field in the official convergenceindia.org 'List of Participants' directory (structured per-exhibitor filter data — a 'Country' facet built into the site's own exhibitor search/filter UI, not free text or name-guessed) lists this exhibitor's country as ""India"".",Internet of Things,Hall 3,A3-10,https://www.convergenceindia.org/exhibitors-and-participants-convergence-india.aspx
291,Ezeiatech Systems Private Limited,India,INDIA-DOMESTIC,"Country field in the official convergenceindia.org 'List of Participants' directory (structured per-exhibitor filter data — a 'Country' facet built into the site's own exhibitor search/filter UI, not free text or name-guessed) lists this exhibitor's country as ""India"".",IT & Communications,Hall 5,C5-143,https://www.convergenceindia.org/exhibitors-and-participants-convergence-india.aspx
292,FACE,India,INDIA-DOMESTIC,"Country field in the official convergenceindia.org 'List of Participants' directory (structured per-exhibitor filter data — a 'Country' facet built into the site's own exhibitor search/filter UI, not free text or name-guessed) lists this exhibitor's country as ""India"".",Association,,,https://www.convergenceindia.org/exhibitors-and-participants-convergence-india.aspx
293,Fandroro Technologies Pvt Ltd,India,INDIA-DOMESTIC,"Country field in the official convergenceindia.org 'List of Participants' directory (structured per-exhibitor filter data — a 'Country' facet built into the site's own exhibitor search/filter UI, not free text or name-guessed) lists this exhibitor's country as ""India"".",Startup,Hall 1,E1-01,https://www.convergenceindia.org/exhibitors-and-participants-convergence-india.aspx
294,Fanvil,India,INDIA-DOMESTIC,"Country field in the official convergenceindia.org 'List of Participants' directory (structured per-exhibitor filter data — a 'Country' facet built into the site's own exhibitor search/filter UI, not free text or name-guessed) lists this exhibitor's country as ""India"".",IT & Communications,Hall 5,B5-175,https://www.convergenceindia.org/exhibitors-and-participants-convergence-india.aspx
295,Faro Business Technologies India Private Limited,India,INDIA-DOMESTIC,"Country field in the official convergenceindia.org 'List of Participants' directory (structured per-exhibitor filter data — a 'Country' facet built into the site's own exhibitor search/filter UI, not free text or name-guessed) lists this exhibitor's country as ""India"".",Smart Future Cities,Hall 1,D1-30,https://www.convergenceindia.org/exhibitors-and-participants-convergence-india.aspx
296,Fastball,India,INDIA-DOMESTIC,"Country field in the official convergenceindia.org 'List of Participants' directory (structured per-exhibitor filter data — a 'Country' facet built into the site's own exhibitor search/filter UI, not free text or name-guessed) lists this exhibitor's country as ""India"".",IT & Communications,Hall 5,B5-59,https://www.convergenceindia.org/exhibitors-and-participants-convergence-india.aspx
297,Fastway Transmission Private Limited,India,INDIA-DOMESTIC,"Country field in the official convergenceindia.org 'List of Participants' directory (structured per-exhibitor filter data — a 'Country' facet built into the site's own exhibitor search/filter UI, not free text or name-guessed) lists this exhibitor's country as ""India"".",IT & Communications,Hall 5,B5-25,https://www.convergenceindia.org/exhibitors-and-participants-convergence-india.aspx
298,Fetaca (Tracking Redefined),India,INDIA-DOMESTIC,"Country field in the official convergenceindia.org 'List of Participants' directory (structured per-exhibitor filter data — a 'Country' facet built into the site's own exhibitor search/filter UI, not free text or name-guessed) lists this exhibitor's country as ""India"".",IoT & Embedded Tech,Hall 4,C4-23,https://www.convergenceindia.org/exhibitors-and-participants-convergence-india.aspx
299,Fiber Map,India,INDIA-DOMESTIC,"Country field in the official convergenceindia.org 'List of Participants' directory (structured per-exhibitor filter data — a 'Country' facet built into the site's own exhibitor search/filter UI, not free text or name-guessed) lists this exhibitor's country as ""India"".",IT & Communications,Hall 5,C5-110,https://www.convergenceindia.org/exhibitors-and-participants-convergence-india.aspx
300,"FICER TECHNOLOGY CO., LTD.",Taiwan,FOREIGN,"Country field in the official convergenceindia.org 'List of Participants' directory (structured per-exhibitor filter data — a 'Country' facet built into the site's own exhibitor search/filter UI, not free text or name-guessed) lists this exhibitor's country as ""Taiwan"".",IT & Communications,Hall 5,B5-89,https://www.convergenceindia.org/exhibitors-and-participants-convergence-india.aspx
301,FI-ES SYSTEMS PVT LTD,India,INDIA-DOMESTIC,"Country field in the official convergenceindia.org 'List of Participants' directory (structured per-exhibitor filter data — a 'Country' facet built into the site's own exhibitor search/filter UI, not free text or name-guessed) lists this exhibitor's country as ""India"".",IoT & Embedded Tech,Hall 4,F4-21,https://www.convergenceindia.org/exhibitors-and-participants-convergence-india.aspx
302,Figaro,India,INDIA-DOMESTIC,"Country field in the official convergenceindia.org 'List of Participants' directory (structured per-exhibitor filter data — a 'Country' facet built into the site's own exhibitor search/filter UI, not free text or name-guessed) lists this exhibitor's country as ""India"".",IoT & Embedded Tech,Hall 5,D5 - 100,https://www.convergenceindia.org/exhibitors-and-participants-convergence-india.aspx
303,Filesie | Digital Marketing Agency,India,INDIA-DOMESTIC,"Country field in the official convergenceindia.org 'List of Participants' directory (structured per-exhibitor filter data — a 'Country' facet built into the site's own exhibitor search/filter UI, not free text or name-guessed) lists this exhibitor's country as ""India"".",Startup,Hall 1,P56,https://www.convergenceindia.org/exhibitors-and-participants-convergence-india.aspx
304,Financial University under the Government of the Russian Federation,Russia,FOREIGN,"Country field in the official convergenceindia.org 'List of Participants' directory (structured per-exhibitor filter data — a 'Country' facet built into the site's own exhibitor search/filter UI, not free text or name-guessed) lists this exhibitor's country as ""Russia"".",IT & Communications,Hall 3,C3-75,https://www.convergenceindia.org/exhibitors-and-participants-convergence-india.aspx
305,FinStackk,India,INDIA-DOMESTIC,"Country field in the official convergenceindia.org 'List of Participants' directory (structured per-exhibitor filter data — a 'Country' facet built into the site's own exhibitor search/filter UI, not free text or name-guessed) lists this exhibitor's country as ""India"".",IoT & Embedded Tech,Hall 4,F4-26A,https://www.convergenceindia.org/exhibitors-and-participants-convergence-india.aspx
306,Fintech Watch,India,INDIA-DOMESTIC,"Country field in the official convergenceindia.org 'List of Participants' directory (structured per-exhibitor filter data — a 'Country' facet built into the site's own exhibitor search/filter UI, not free text or name-guessed) lists this exhibitor's country as ""India"".",Media Partner,,,https://www.convergenceindia.org/exhibitors-and-participants-convergence-india.aspx
307,FireAlps Distribution Pvt. Ltd.,India,INDIA-DOMESTIC,"Country field in the official convergenceindia.org 'List of Participants' directory (structured per-exhibitor filter data — a 'Country' facet built into the site's own exhibitor search/filter UI, not free text or name-guessed) lists this exhibitor's country as ""India"".",IoT & Embedded Tech,Hall 5,E5-111,https://www.convergenceindia.org/exhibitors-and-participants-convergence-india.aspx
308,Firewires OneIoT Private Limited,India,INDIA-DOMESTIC,"Country field in the official convergenceindia.org 'List of Participants' directory (structured per-exhibitor filter data — a 'Country' facet built into the site's own exhibitor search/filter UI, not free text or name-guessed) lists this exhibitor's country as ""India"".",Internet of Things,Hall 3,B3-27,https://www.convergenceindia.org/exhibitors-and-participants-convergence-india.aspx
309,Flowsec,India,INDIA-DOMESTIC,"Country field in the official convergenceindia.org 'List of Participants' directory (structured per-exhibitor filter data — a 'Country' facet built into the site's own exhibitor search/filter UI, not free text or name-guessed) lists this exhibitor's country as ""India"".",Internet of Things,Hall 5,A5-32,https://www.convergenceindia.org/exhibitors-and-participants-convergence-india.aspx
310,Flying Voice,India,INDIA-DOMESTIC,"Country field in the official convergenceindia.org 'List of Participants' directory (structured per-exhibitor filter data — a 'Country' facet built into the site's own exhibitor search/filter UI, not free text or name-guessed) lists this exhibitor's country as ""India"".",IT & Communications,Hall 5,C5-280,https://www.convergenceindia.org/exhibitors-and-participants-convergence-india.aspx
311,fnCyber Security Consulting,India,INDIA-DOMESTIC,"Country field in the official convergenceindia.org 'List of Participants' directory (structured per-exhibitor filter data — a 'Country' facet built into the site's own exhibitor search/filter UI, not free text or name-guessed) lists this exhibitor's country as ""India"".",IoT & Embedded Tech,Hall 4,F4-14,https://www.convergenceindia.org/exhibitors-and-participants-convergence-india.aspx
312,FonadaLabs,India,INDIA-DOMESTIC,"Country field in the official convergenceindia.org 'List of Participants' directory (structured per-exhibitor filter data — a 'Country' facet built into the site's own exhibitor search/filter UI, not free text or name-guessed) lists this exhibitor's country as ""India"".",IoT & Embedded Tech,Hall 4,G4-32,https://www.convergenceindia.org/exhibitors-and-participants-convergence-india.aspx
313,Fortune Marketing Pvt ltd,India,INDIA-DOMESTIC,"Country field in the official convergenceindia.org 'List of Participants' directory (structured per-exhibitor filter data — a 'Country' facet built into the site's own exhibitor search/filter UI, not free text or name-guessed) lists this exhibitor's country as ""India"".",IT & Communications,Hall 5,C5-295,https://www.convergenceindia.org/exhibitors-and-participants-convergence-india.aspx
314,Forward Edge-AI,United States,FOREIGN,"Country field in the official convergenceindia.org 'List of Participants' directory (structured per-exhibitor filter data — a 'Country' facet built into the site's own exhibitor search/filter UI, not free text or name-guessed) lists this exhibitor's country as ""United States"".",Artificial Intelligence,Hall 3,C3-70,https://www.convergenceindia.org/exhibitors-and-participants-convergence-india.aspx
315,"Foshan Sanfeng Cellphone Accessories Co.,Ltd",China,FOREIGN,"Country field in the official convergenceindia.org 'List of Participants' directory (structured per-exhibitor filter data — a 'Country' facet built into the site's own exhibitor search/filter UI, not free text or name-guessed) lists this exhibitor's country as ""China"".",Mobile Devices & Accessories,Hall 1,D1-18,https://www.convergenceindia.org/exhibitors-and-participants-convergence-india.aspx
316,Foxdale Pvt Ltd,India,INDIA-DOMESTIC,"Country field in the official convergenceindia.org 'List of Participants' directory (structured per-exhibitor filter data — a 'Country' facet built into the site's own exhibitor search/filter UI, not free text or name-guessed) lists this exhibitor's country as ""India"".",IT & Communications,Hall 3,C3-08,https://www.convergenceindia.org/exhibitors-and-participants-convergence-india.aspx
317,Frameo A/S,Denmark,FOREIGN,"Country field in the official convergenceindia.org 'List of Participants' directory (structured per-exhibitor filter data — a 'Country' facet built into the site's own exhibitor search/filter UI, not free text or name-guessed) lists this exhibitor's country as ""Denmark"".",Mobile Devices & Accessories,Hall 2,C2-07,https://www.convergenceindia.org/exhibitors-and-participants-convergence-india.aspx
318,FRONTIER TRADING COMPANY,India,INDIA-DOMESTIC,"Country field in the official convergenceindia.org 'List of Participants' directory (structured per-exhibitor filter data — a 'Country' facet built into the site's own exhibitor search/filter UI, not free text or name-guessed) lists this exhibitor's country as ""India"".",IT & Communications,Hall 5,A5-28,https://www.convergenceindia.org/exhibitors-and-participants-convergence-india.aspx
319,FSSi Technologies,Bahrain,FOREIGN,"Country field in the official convergenceindia.org 'List of Participants' directory (structured per-exhibitor filter data — a 'Country' facet built into the site's own exhibitor search/filter UI, not free text or name-guessed) lists this exhibitor's country as ""Bahrain"".",Startup,Hall 1,P34,https://www.convergenceindia.org/exhibitors-and-participants-convergence-india.aspx
320,"Fujian BelFone Communications Technology Co., Ltd",China,FOREIGN,"Country field in the official convergenceindia.org 'List of Participants' directory (structured per-exhibitor filter data — a 'Country' facet built into the site's own exhibitor search/filter UI, not free text or name-guessed) lists this exhibitor's country as ""China"".",IT & Communications,Hall 5,B5-56,https://www.convergenceindia.org/exhibitors-and-participants-convergence-india.aspx
321,"FUJIAN GUI COMM-TECH CO., LTD.",China,FOREIGN,"Country field in the official convergenceindia.org 'List of Participants' directory (structured per-exhibitor filter data — a 'Country' facet built into the site's own exhibitor search/filter UI, not free text or name-guessed) lists this exhibitor's country as ""China"".",IT & Communications,Hall 5,B5-120,https://www.convergenceindia.org/exhibitors-and-participants-convergence-india.aspx
322,Fujikura,India,INDIA-DOMESTIC,"Country field in the official convergenceindia.org 'List of Participants' directory (structured per-exhibitor filter data — a 'Country' facet built into the site's own exhibitor search/filter UI, not free text or name-guessed) lists this exhibitor's country as ""India"".",IT & Communications,Hall 5,A5-10,https://www.convergenceindia.org/exhibitors-and-participants-convergence-india.aspx
323,Fuselage Innovations Private Limited,India,INDIA-DOMESTIC,"Country field in the official convergenceindia.org 'List of Participants' directory (structured per-exhibitor filter data — a 'Country' facet built into the site's own exhibitor search/filter UI, not free text or name-guessed) lists this exhibitor's country as ""India"".",Startup,Hall 1,P6,https://www.convergenceindia.org/exhibitors-and-participants-convergence-india.aspx
324,Fusionspot,India,INDIA-DOMESTIC,"Country field in the official convergenceindia.org 'List of Participants' directory (structured per-exhibitor filter data — a 'Country' facet built into the site's own exhibitor search/filter UI, not free text or name-guessed) lists this exhibitor's country as ""India"".",IT & Communications,Hall 5,A5-59,https://www.convergenceindia.org/exhibitors-and-participants-convergence-india.aspx
325,Future Mobility Media Pvt Ltd,India,INDIA-DOMESTIC,"Country field in the official convergenceindia.org 'List of Participants' directory (structured per-exhibitor filter data — a 'Country' facet built into the site's own exhibitor search/filter UI, not free text or name-guessed) lists this exhibitor's country as ""India"".",Media Partner,Hall 1,A1-41,https://www.convergenceindia.org/exhibitors-and-participants-convergence-india.aspx
326,Future Skills Prime,India,INDIA-DOMESTIC,"Country field in the official convergenceindia.org 'List of Participants' directory (structured per-exhibitor filter data — a 'Country' facet built into the site's own exhibitor search/filter UI, not free text or name-guessed) lists this exhibitor's country as ""India"".",IT & Communications,Hall 3,A3-01,https://www.convergenceindia.org/exhibitors-and-participants-convergence-india.aspx
327,Gainwell Commosales Limited,India,INDIA-DOMESTIC,"Country field in the official convergenceindia.org 'List of Participants' directory (structured per-exhibitor filter data — a 'Country' facet built into the site's own exhibitor search/filter UI, not free text or name-guessed) lists this exhibitor's country as ""India"".",Internet of Things,Hall 3,C3-22,https://www.convergenceindia.org/exhibitors-and-participants-convergence-india.aspx
328,Galanto Innovations Private Limited,India,INDIA-DOMESTIC,"Country field in the official convergenceindia.org 'List of Participants' directory (structured per-exhibitor filter data — a 'Country' facet built into the site's own exhibitor search/filter UI, not free text or name-guessed) lists this exhibitor's country as ""India"".",Startup,Hall 1,P49,https://www.convergenceindia.org/exhibitors-and-participants-convergence-india.aspx
329,Gallabox India Pvt Ltd,India,INDIA-DOMESTIC,"Country field in the official convergenceindia.org 'List of Participants' directory (structured per-exhibitor filter data — a 'Country' facet built into the site's own exhibitor search/filter UI, not free text or name-guessed) lists this exhibitor's country as ""India"".",Artificial Intelligence,Hall 3,C3-50,https://www.convergenceindia.org/exhibitors-and-participants-convergence-india.aspx
330,Gallagher,New Zealand,FOREIGN,"Country field in the official convergenceindia.org 'List of Participants' directory (structured per-exhibitor filter data — a 'Country' facet built into the site's own exhibitor search/filter UI, not free text or name-guessed) lists this exhibitor's country as ""New Zealand"".",IT & Communications,Hall 5,E5-50,https://www.convergenceindia.org/exhibitors-and-participants-convergence-india.aspx
331,Gallagher Security,New Zealand,FOREIGN,"Country field in the official convergenceindia.org 'List of Participants' directory (structured per-exhibitor filter data — a 'Country' facet built into the site's own exhibitor search/filter UI, not free text or name-guessed) lists this exhibitor's country as ""New Zealand"".",IT & Communications,Hall 5,E5-50,https://www.convergenceindia.org/exhibitors-and-participants-convergence-india.aspx
332,Gatix Drive Pvt Ltd,India,INDIA-DOMESTIC,"Country field in the official convergenceindia.org 'List of Participants' directory (structured per-exhibitor filter data — a 'Country' facet built into the site's own exhibitor search/filter UI, not free text or name-guessed) lists this exhibitor's country as ""India"".",Startup,Hall 1,P52,https://www.convergenceindia.org/exhibitors-and-participants-convergence-india.aspx
333,Gbiome private limited,India,INDIA-DOMESTIC,"Country field in the official convergenceindia.org 'List of Participants' directory (structured per-exhibitor filter data — a 'Country' facet built into the site's own exhibitor search/filter UI, not free text or name-guessed) lists this exhibitor's country as ""India"".",Startup,Hall 1,E1-01,https://www.convergenceindia.org/exhibitors-and-participants-convergence-india.aspx
334,GEEKCHAIN LABS,India,INDIA-DOMESTIC,"Country field in the official convergenceindia.org 'List of Participants' directory (structured per-exhibitor filter data — a 'Country' facet built into the site's own exhibitor search/filter UI, not free text or name-guessed) lists this exhibitor's country as ""India"".",Startup,Hall 1,E1-01,https://www.convergenceindia.org/exhibitors-and-participants-convergence-india.aspx
335,Geesesquads,India,INDIA-DOMESTIC,"Country field in the official convergenceindia.org 'List of Participants' directory (structured per-exhibitor filter data — a 'Country' facet built into the site's own exhibitor search/filter UI, not free text or name-guessed) lists this exhibitor's country as ""India"".",IoT & Embedded Tech,Hall 4,E4-29,https://www.convergenceindia.org/exhibitors-and-participants-convergence-india.aspx
336,GEOSCAN,Russia,FOREIGN,"Country field in the official convergenceindia.org 'List of Participants' directory (structured per-exhibitor filter data — a 'Country' facet built into the site's own exhibitor search/filter UI, not free text or name-guessed) lists this exhibitor's country as ""Russia"".",IT & Communications,Hall 3,B3-50,https://www.convergenceindia.org/exhibitors-and-participants-convergence-india.aspx
337,Getgabs Whatsapp Automation,India,INDIA-DOMESTIC,"Country field in the official convergenceindia.org 'List of Participants' directory (structured per-exhibitor filter data — a 'Country' facet built into the site's own exhibitor search/filter UI, not free text or name-guessed) lists this exhibitor's country as ""India"".",IoT & Embedded Tech,Hall 5,D5-89,https://www.convergenceindia.org/exhibitors-and-participants-convergence-india.aspx
338,GETWAY AI CRM Platform,India,INDIA-DOMESTIC,"Country field in the official convergenceindia.org 'List of Participants' directory (structured per-exhibitor filter data — a 'Country' facet built into the site's own exhibitor search/filter UI, not free text or name-guessed) lists this exhibitor's country as ""India"".",IoT & Embedded Tech,Hall 4,G4-21A,https://www.convergenceindia.org/exhibitors-and-participants-convergence-india.aspx
339,Gigatel,India,INDIA-DOMESTIC,"Country field in the official convergenceindia.org 'List of Participants' directory (structured per-exhibitor filter data — a 'Country' facet built into the site's own exhibitor search/filter UI, not free text or name-guessed) lists this exhibitor's country as ""India"".",IT & Communications,Hall 5,D5-120,https://www.convergenceindia.org/exhibitors-and-participants-convergence-india.aspx
340,Gigkri Technology Private Limited,India,INDIA-DOMESTIC,"Country field in the official convergenceindia.org 'List of Participants' directory (structured per-exhibitor filter data — a 'Country' facet built into the site's own exhibitor search/filter UI, not free text or name-guessed) lists this exhibitor's country as ""India"".",Artificial Intelligence,Hall 5,B5-114,https://www.convergenceindia.org/exhibitors-and-participants-convergence-india.aspx
341,GLA ELECTRONICS PVT LTD,India,INDIA-DOMESTIC,"Country field in the official convergenceindia.org 'List of Participants' directory (structured per-exhibitor filter data — a 'Country' facet built into the site's own exhibitor search/filter UI, not free text or name-guessed) lists this exhibitor's country as ""India"".",IT & Communications,Hall 5,E5-80,https://www.convergenceindia.org/exhibitors-and-participants-convergence-india.aspx
342,GlexScale,France,FOREIGN,"Country field in the official convergenceindia.org 'List of Participants' directory (structured per-exhibitor filter data — a 'Country' facet built into the site's own exhibitor search/filter UI, not free text or name-guessed) lists this exhibitor's country as ""France"".",Internet of Things,Hall 3,A3-34,https://www.convergenceindia.org/exhibitors-and-participants-convergence-india.aspx
343,Global Best HR & Management Consulting Pvt Ltd,India,INDIA-DOMESTIC,"Country field in the official convergenceindia.org 'List of Participants' directory (structured per-exhibitor filter data — a 'Country' facet built into the site's own exhibitor search/filter UI, not free text or name-guessed) lists this exhibitor's country as ""India"".",Startup,Hall 1,P89,https://www.convergenceindia.org/exhibitors-and-participants-convergence-india.aspx
344,Global Electronics,India,INDIA-DOMESTIC,"Country field in the official convergenceindia.org 'List of Participants' directory (structured per-exhibitor filter data — a 'Country' facet built into the site's own exhibitor search/filter UI, not free text or name-guessed) lists this exhibitor's country as ""India"".",IT & Communications,Hall 2,D2-38,https://www.convergenceindia.org/exhibitors-and-participants-convergence-india.aspx
345,Global Satellite Operators Association (GSOA),India,INDIA-DOMESTIC,"Country field in the official convergenceindia.org 'List of Participants' directory (structured per-exhibitor filter data — a 'Country' facet built into the site's own exhibitor search/filter UI, not free text or name-guessed) lists this exhibitor's country as ""India"".",Association,,,https://www.convergenceindia.org/exhibitors-and-participants-convergence-india.aspx
346,Godrej & Boyce Mfg. Co. Ltd.,India,INDIA-DOMESTIC,"Country field in the official convergenceindia.org 'List of Participants' directory (structured per-exhibitor filter data — a 'Country' facet built into the site's own exhibitor search/filter UI, not free text or name-guessed) lists this exhibitor's country as ""India"".",Smart Living,Hall 2,C2-01,https://www.convergenceindia.org/exhibitors-and-participants-convergence-india.aspx
347,Golden Eagle IT Technologies Pvt Ltd,India,INDIA-DOMESTIC,"Country field in the official convergenceindia.org 'List of Participants' directory (structured per-exhibitor filter data — a 'Country' facet built into the site's own exhibitor search/filter UI, not free text or name-guessed) lists this exhibitor's country as ""India"".",Internet of Things,Hall 3,C3-62,https://www.convergenceindia.org/exhibitors-and-participants-convergence-india.aspx
348,Google India Pvt. Ltd.,India,INDIA-DOMESTIC,"Country field in the official convergenceindia.org 'List of Participants' directory (structured per-exhibitor filter data — a 'Country' facet built into the site's own exhibitor search/filter UI, not free text or name-guessed) lists this exhibitor's country as ""India"".",Smart Mobility,Hall 1,,https://www.convergenceindia.org/exhibitors-and-participants-convergence-india.aspx
349,GOPARKK TECHNOLOGY PRIVATE LIMITED,India,INDIA-DOMESTIC,"Country field in the official convergenceindia.org 'List of Participants' directory (structured per-exhibitor filter data — a 'Country' facet built into the site's own exhibitor search/filter UI, not free text or name-guessed) lists this exhibitor's country as ""India"".",Startup,Hall 1,P73,https://www.convergenceindia.org/exhibitors-and-participants-convergence-india.aspx
350,Government of Manipur,India,INDIA-DOMESTIC,"Country field in the official convergenceindia.org 'List of Participants' directory (structured per-exhibitor filter data — a 'Country' facet built into the site's own exhibitor search/filter UI, not free text or name-guessed) lists this exhibitor's country as ""India"".",IoT & Embedded Tech,Hall 5,E5-118,https://www.convergenceindia.org/exhibitors-and-participants-convergence-india.aspx
351,Graeon Ventures Pvt Ltd,India,INDIA-DOMESTIC,"Country field in the official convergenceindia.org 'List of Participants' directory (structured per-exhibitor filter data — a 'Country' facet built into the site's own exhibitor search/filter UI, not free text or name-guessed) lists this exhibitor's country as ""India"".",Startup,Hall 1,P16,https://www.convergenceindia.org/exhibitors-and-participants-convergence-india.aspx
352,Graid Technology Inc.,Taiwan,FOREIGN,"Country field in the official convergenceindia.org 'List of Participants' directory (structured per-exhibitor filter data — a 'Country' facet built into the site's own exhibitor search/filter UI, not free text or name-guessed) lists this exhibitor's country as ""Taiwan"".",IT & Communications,Hall 3,A3-29,https://www.convergenceindia.org/exhibitors-and-participants-convergence-india.aspx
353,Grainkart Private Limited,India,INDIA-DOMESTIC,"Country field in the official convergenceindia.org 'List of Participants' directory (structured per-exhibitor filter data — a 'Country' facet built into the site's own exhibitor search/filter UI, not free text or name-guessed) lists this exhibitor's country as ""India"".",Startup,Hall 1,P17,https://www.convergenceindia.org/exhibitors-and-participants-convergence-india.aspx
354,Grandstream,India,INDIA-DOMESTIC,"Country field in the official convergenceindia.org 'List of Participants' directory (structured per-exhibitor filter data — a 'Country' facet built into the site's own exhibitor search/filter UI, not free text or name-guessed) lists this exhibitor's country as ""India"".",IT & Communications,Hall 5,B5-175,https://www.convergenceindia.org/exhibitors-and-participants-convergence-india.aspx
355,Grandstream Network Inc.,United States,FOREIGN,"Country field in the official convergenceindia.org 'List of Participants' directory (structured per-exhibitor filter data — a 'Country' facet built into the site's own exhibitor search/filter UI, not free text or name-guessed) lists this exhibitor's country as ""United States"".",Smart Mobility,Hall 5,D5-84,https://www.convergenceindia.org/exhibitors-and-participants-convergence-india.aspx
356,GreenAds Global,India,INDIA-DOMESTIC,"Country field in the official convergenceindia.org 'List of Participants' directory (structured per-exhibitor filter data — a 'Country' facet built into the site's own exhibitor search/filter UI, not free text or name-guessed) lists this exhibitor's country as ""India"".",IoT & Embedded Tech,Hall 4,F4-09,https://www.convergenceindia.org/exhibitors-and-participants-convergence-india.aspx
357,GreenAds Global Pvt Ltd,India,INDIA-DOMESTIC,"Country field in the official convergenceindia.org 'List of Participants' directory (structured per-exhibitor filter data — a 'Country' facet built into the site's own exhibitor search/filter UI, not free text or name-guessed) lists this exhibitor's country as ""India"".",Startup,Hall 1,P7,https://www.convergenceindia.org/exhibitors-and-participants-convergence-india.aspx
358,Greenitco technologies Pvt Ltd,India,INDIA-DOMESTIC,"Country field in the official convergenceindia.org 'List of Participants' directory (structured per-exhibitor filter data — a 'Country' facet built into the site's own exhibitor search/filter UI, not free text or name-guessed) lists this exhibitor's country as ""India"".",IT & Communications,Hall 2,B2-50,https://www.convergenceindia.org/exhibitors-and-participants-convergence-india.aspx
359,Griphic,India,INDIA-DOMESTIC,"Country field in the official convergenceindia.org 'List of Participants' directory (structured per-exhibitor filter data — a 'Country' facet built into the site's own exhibitor search/filter UI, not free text or name-guessed) lists this exhibitor's country as ""India"".",Artificial Intelligence,Hall 3,A3-45,https://www.convergenceindia.org/exhibitors-and-participants-convergence-india.aspx
360,Grochenn India Private limited,India,INDIA-DOMESTIC,"Country field in the official convergenceindia.org 'List of Participants' directory (structured per-exhibitor filter data — a 'Country' facet built into the site's own exhibitor search/filter UI, not free text or name-guessed) lists this exhibitor's country as ""India"".",Startup,Hall 1,E1-01,https://www.convergenceindia.org/exhibitors-and-participants-convergence-india.aspx
361,Groweasy,India,INDIA-DOMESTIC,"Country field in the official convergenceindia.org 'List of Participants' directory (structured per-exhibitor filter data — a 'Country' facet built into the site's own exhibitor search/filter UI, not free text or name-guessed) lists this exhibitor's country as ""India"".",Startup,Hall 1,E1-01,https://www.convergenceindia.org/exhibitors-and-participants-convergence-india.aspx
362,GTPL Hathway Limited,India,INDIA-DOMESTIC,"Country field in the official convergenceindia.org 'List of Participants' directory (structured per-exhibitor filter data — a 'Country' facet built into the site's own exhibitor search/filter UI, not free text or name-guessed) lists this exhibitor's country as ""India"".",Broadcast & Satcom,Hall 5,B5-235,https://www.convergenceindia.org/exhibitors-and-participants-convergence-india.aspx
363,"Guangdong Huajiayu Technology Co., Limited",China,FOREIGN,"Country field in the official convergenceindia.org 'List of Participants' directory (structured per-exhibitor filter data — a 'Country' facet built into the site's own exhibitor search/filter UI, not free text or name-guessed) lists this exhibitor's country as ""China"".",IT & Communications,Hall 5,B5-121,https://www.convergenceindia.org/exhibitors-and-participants-convergence-india.aspx
364,Guardian Telecom,Canada,FOREIGN,"Country field in the official convergenceindia.org 'List of Participants' directory (structured per-exhibitor filter data — a 'Country' facet built into the site's own exhibitor search/filter UI, not free text or name-guessed) lists this exhibitor's country as ""Canada"".",IT & Communications,Hall 5,D5-84,https://www.convergenceindia.org/exhibitors-and-participants-convergence-india.aspx
365,Gudhgrams Private Limited,India,INDIA-DOMESTIC,"Country field in the official convergenceindia.org 'List of Participants' directory (structured per-exhibitor filter data — a 'Country' facet built into the site's own exhibitor search/filter UI, not free text or name-guessed) lists this exhibitor's country as ""India"".",Startup,Hall 1,E1-01,https://www.convergenceindia.org/exhibitors-and-participants-convergence-india.aspx
366,Gujarat Informatics Limited (GIL),India,INDIA-DOMESTIC,"Country field in the official convergenceindia.org 'List of Participants' directory (structured per-exhibitor filter data — a 'Country' facet built into the site's own exhibitor search/filter UI, not free text or name-guessed) lists this exhibitor's country as ""India"".",IT & Communications,Hall 5,C5-235,https://www.convergenceindia.org/exhibitors-and-participants-convergence-india.aspx
367,HabileLabs,India,INDIA-DOMESTIC,"Country field in the official convergenceindia.org 'List of Participants' directory (structured per-exhibitor filter data — a 'Country' facet built into the site's own exhibitor search/filter UI, not free text or name-guessed) lists this exhibitor's country as ""India"".",IoT & Embedded Tech,Hall 5,D5-95,https://www.convergenceindia.org/exhibitors-and-participants-convergence-india.aspx
368,HashStudioz Technologies Pvt Ltd,India,INDIA-DOMESTIC,"Country field in the official convergenceindia.org 'List of Participants' directory (structured per-exhibitor filter data — a 'Country' facet built into the site's own exhibitor search/filter UI, not free text or name-guessed) lists this exhibitor's country as ""India"".",Internet of Things,Hall 3,C3-15,https://www.convergenceindia.org/exhibitors-and-participants-convergence-india.aspx
369,Hbeonlabs Technologies Pvt Ltd,India,INDIA-DOMESTIC,"Country field in the official convergenceindia.org 'List of Participants' directory (structured per-exhibitor filter data — a 'Country' facet built into the site's own exhibitor search/filter UI, not free text or name-guessed) lists this exhibitor's country as ""India"".",IoT & Embedded Tech,Hall 4,C4-08,https://www.convergenceindia.org/exhibitors-and-participants-convergence-india.aspx
370,Healthplix Technologies Private Limited,India,INDIA-DOMESTIC,"Country field in the official convergenceindia.org 'List of Participants' directory (structured per-exhibitor filter data — a 'Country' facet built into the site's own exhibitor search/filter UI, not free text or name-guessed) lists this exhibitor's country as ""India"".",Artificial Intelligence,Hall 3,B3-31,https://www.convergenceindia.org/exhibitors-and-participants-convergence-india.aspx
371,"Hefei Maniron Electronic and Technology  Co.,Ltd",China,FOREIGN,"Country field in the official convergenceindia.org 'List of Participants' directory (structured per-exhibitor filter data — a 'Country' facet built into the site's own exhibitor search/filter UI, not free text or name-guessed) lists this exhibitor's country as ""China"".",IT & Communications,Hall 5,B5-53,https://www.convergenceindia.org/exhibitors-and-participants-convergence-india.aspx
372,Height 8 Technologies Private Limited,India,INDIA-DOMESTIC,"Country field in the official convergenceindia.org 'List of Participants' directory (structured per-exhibitor filter data — a 'Country' facet built into the site's own exhibitor search/filter UI, not free text or name-guessed) lists this exhibitor's country as ""India"".",IT & Communications,Hall 5,C5-141,https://www.convergenceindia.org/exhibitors-and-participants-convergence-india.aspx
373,"Henan Huachuang Communication Equipment Co.,Ltd.",China,FOREIGN,"Country field in the official convergenceindia.org 'List of Participants' directory (structured per-exhibitor filter data — a 'Country' facet built into the site's own exhibitor search/filter UI, not free text or name-guessed) lists this exhibitor's country as ""China"".",IT & Communications,Hall 5,B5-125,https://www.convergenceindia.org/exhibitors-and-participants-convergence-india.aspx
374,HERE Solutions India Pvt. Ltd.,India,INDIA-DOMESTIC,"Country field in the official convergenceindia.org 'List of Participants' directory (structured per-exhibitor filter data — a 'Country' facet built into the site's own exhibitor search/filter UI, not free text or name-guessed) lists this exhibitor's country as ""India"".",Smart Mobility,Hall 1,,https://www.convergenceindia.org/exhibitors-and-participants-convergence-india.aspx
375,Heritage India,India,INDIA-DOMESTIC,"Country field in the official convergenceindia.org 'List of Participants' directory (structured per-exhibitor filter data — a 'Country' facet built into the site's own exhibitor search/filter UI, not free text or name-guessed) lists this exhibitor's country as ""India"".",IT & Communications,Hall 5,B5-111,https://www.convergenceindia.org/exhibitors-and-participants-convergence-india.aspx
376,Hero MotoCorp,India,INDIA-DOMESTIC,"Country field in the official convergenceindia.org 'List of Participants' directory (structured per-exhibitor filter data — a 'Country' facet built into the site's own exhibitor search/filter UI, not free text or name-guessed) lists this exhibitor's country as ""India"".",Smart Mobility,Hall 1,,https://www.convergenceindia.org/exhibitors-and-participants-convergence-india.aspx
377,Heuristics Informatics Pvt. Ltd.,India,INDIA-DOMESTIC,"Country field in the official convergenceindia.org 'List of Participants' directory (structured per-exhibitor filter data — a 'Country' facet built into the site's own exhibitor search/filter UI, not free text or name-guessed) lists this exhibitor's country as ""India"".",Artificial Intelligence,Hall 3,C3-21,https://www.convergenceindia.org/exhibitors-and-participants-convergence-india.aspx
378,Heuronics,India,INDIA-DOMESTIC,"Country field in the official convergenceindia.org 'List of Participants' directory (structured per-exhibitor filter data — a 'Country' facet built into the site's own exhibitor search/filter UI, not free text or name-guessed) lists this exhibitor's country as ""India"".",Startup,Hall 1,DST Pavilion,https://www.convergenceindia.org/exhibitors-and-participants-convergence-india.aspx
379,Hexa Coder Technologies,India,INDIA-DOMESTIC,"Country field in the official convergenceindia.org 'List of Participants' directory (structured per-exhibitor filter data — a 'Country' facet built into the site's own exhibitor search/filter UI, not free text or name-guessed) lists this exhibitor's country as ""India"".",IoT & Embedded Tech,Hall 4,D4-29,https://www.convergenceindia.org/exhibitors-and-participants-convergence-india.aspx
380,Hexadata,India,INDIA-DOMESTIC,"Country field in the official convergenceindia.org 'List of Participants' directory (structured per-exhibitor filter data — a 'Country' facet built into the site's own exhibitor search/filter UI, not free text or name-guessed) lists this exhibitor's country as ""India"".",IT & Communications,Hall 3,A3-01,https://www.convergenceindia.org/exhibitors-and-participants-convergence-india.aspx
381,HIFOCUS ELECTRONICS INDIA PRIVATE LIMITED,India,INDIA-DOMESTIC,"Country field in the official convergenceindia.org 'List of Participants' directory (structured per-exhibitor filter data — a 'Country' facet built into the site's own exhibitor search/filter UI, not free text or name-guessed) lists this exhibitor's country as ""India"".",IT & Communications,Hall 5,D5-140,https://www.convergenceindia.org/exhibitors-and-participants-convergence-india.aspx
382,HIOPTEL TECHNOLOGY (MALAYSIA) SDN. BHD.,Malaysia,FOREIGN,"Country field in the official convergenceindia.org 'List of Participants' directory (structured per-exhibitor filter data — a 'Country' facet built into the site's own exhibitor search/filter UI, not free text or name-guessed) lists this exhibitor's country as ""Malaysia"".",IT & Communications,Hall 5,B5-54,https://www.convergenceindia.org/exhibitors-and-participants-convergence-india.aspx
383,Hiredeveloper.dev™,India,INDIA-DOMESTIC,"Country field in the official convergenceindia.org 'List of Participants' directory (structured per-exhibitor filter data — a 'Country' facet built into the site's own exhibitor search/filter UI, not free text or name-guessed) lists this exhibitor's country as ""India"".",IoT & Embedded Tech,Hall 4,D4-27B,https://www.convergenceindia.org/exhibitors-and-participants-convergence-india.aspx
384,HiredMetrix - METRIC TREE LABS,India,INDIA-DOMESTIC,"Country field in the official convergenceindia.org 'List of Participants' directory (structured per-exhibitor filter data — a 'Country' facet built into the site's own exhibitor search/filter UI, not free text or name-guessed) lists this exhibitor's country as ""India"".",IoT & Embedded Tech,Hall 4,G4-42,https://www.convergenceindia.org/exhibitors-and-participants-convergence-india.aspx
385,HITECH INDUSTRY,India,INDIA-DOMESTIC,"Country field in the official convergenceindia.org 'List of Participants' directory (structured per-exhibitor filter data — a 'Country' facet built into the site's own exhibitor search/filter UI, not free text or name-guessed) lists this exhibitor's country as ""India"".",IT & Communications,Hall 5,B5-77,https://www.convergenceindia.org/exhibitors-and-participants-convergence-india.aspx
386,Hive Electronics LLP,India,INDIA-DOMESTIC,"Country field in the official convergenceindia.org 'List of Participants' directory (structured per-exhibitor filter data — a 'Country' facet built into the site's own exhibitor search/filter UI, not free text or name-guessed) lists this exhibitor's country as ""India"".",Mobile Devices & Accessories,Hall 2,D2-14,https://www.convergenceindia.org/exhibitors-and-participants-convergence-india.aspx
387,"Hollyland Technology Co., Limited",Hong Kong,FOREIGN,"Country field in the official convergenceindia.org 'List of Participants' directory (structured per-exhibitor filter data — a 'Country' facet built into the site's own exhibitor search/filter UI, not free text or name-guessed) lists this exhibitor's country as ""Hong Kong"".",IT & Communications,Hall 5,B5-78,https://www.convergenceindia.org/exhibitors-and-participants-convergence-india.aspx
388,Honda Cars India Ltd.,India,INDIA-DOMESTIC,"Country field in the official convergenceindia.org 'List of Participants' directory (structured per-exhibitor filter data — a 'Country' facet built into the site's own exhibitor search/filter UI, not free text or name-guessed) lists this exhibitor's country as ""India"".",Smart Mobility,Hall 1,,https://www.convergenceindia.org/exhibitors-and-participants-convergence-india.aspx
389,Honda Motorcycle & Scooter India Pvt. Ltd.,India,INDIA-DOMESTIC,"Country field in the official convergenceindia.org 'List of Participants' directory (structured per-exhibitor filter data — a 'Country' facet built into the site's own exhibitor search/filter UI, not free text or name-guessed) lists this exhibitor's country as ""India"".",Smart Mobility,Hall 1,,https://www.convergenceindia.org/exhibitors-and-participants-convergence-india.aspx
390,Honor,Hong Kong,FOREIGN,"Country field in the official convergenceindia.org 'List of Participants' directory (structured per-exhibitor filter data — a 'Country' facet built into the site's own exhibitor search/filter UI, not free text or name-guessed) lists this exhibitor's country as ""Hong Kong"".",IT & Communications,Hall 5,E5-85,https://www.convergenceindia.org/exhibitors-and-participants-convergence-india.aspx
391,HOSPLUS TECHNOLOGY,India,INDIA-DOMESTIC,"Country field in the official convergenceindia.org 'List of Participants' directory (structured per-exhibitor filter data — a 'Country' facet built into the site's own exhibitor search/filter UI, not free text or name-guessed) lists this exhibitor's country as ""India"".",Mobile Devices & Accessories,Hall 2,D2-42,https://www.convergenceindia.org/exhibitors-and-participants-convergence-india.aspx
392,HOTO,China,FOREIGN,"Country field in the official convergenceindia.org 'List of Participants' directory (structured per-exhibitor filter data — a 'Country' facet built into the site's own exhibitor search/filter UI, not free text or name-guessed) lists this exhibitor's country as ""China"".",IT & Communications,Hall 3,A3-12,https://www.convergenceindia.org/exhibitors-and-participants-convergence-india.aspx
393,"HuNan Fullriver Information Technology CO., LTD",China,FOREIGN,"Country field in the official convergenceindia.org 'List of Participants' directory (structured per-exhibitor filter data — a 'Country' facet built into the site's own exhibitor search/filter UI, not free text or name-guessed) lists this exhibitor's country as ""China"".",IT & Communications,Hall 5,B5-131,https://www.convergenceindia.org/exhibitors-and-participants-convergence-india.aspx
394,Hunan Yideng New Energy,China,FOREIGN,"Country field in the official convergenceindia.org 'List of Participants' directory (structured per-exhibitor filter data — a 'Country' facet built into the site's own exhibitor search/filter UI, not free text or name-guessed) lists this exhibitor's country as ""China"".",IoT & Embedded Tech,Hall 5,D5-86,https://www.convergenceindia.org/exhibitors-and-participants-convergence-india.aspx
395,Hunan Yideng New Energy Co. Ltd,China,FOREIGN,"Country field in the official convergenceindia.org 'List of Participants' directory (structured per-exhibitor filter data — a 'Country' facet built into the site's own exhibitor search/filter UI, not free text or name-guessed) lists this exhibitor's country as ""China"".",IoT & Embedded Tech,Hall 5,D5-86,https://www.convergenceindia.org/exhibitors-and-participants-convergence-india.aspx
396,Hundia Infosolutions Pvt. Ltd.,India,INDIA-DOMESTIC,"Country field in the official convergenceindia.org 'List of Participants' directory (structured per-exhibitor filter data — a 'Country' facet built into the site's own exhibitor search/filter UI, not free text or name-guessed) lists this exhibitor's country as ""India"".",Mobile Devices & Accessories,Hall 2,D2-18,https://www.convergenceindia.org/exhibitors-and-participants-convergence-india.aspx
397,HW Group,Czech Republic,FOREIGN,"Country field in the official convergenceindia.org 'List of Participants' directory (structured per-exhibitor filter data — a 'Country' facet built into the site's own exhibitor search/filter UI, not free text or name-guessed) lists this exhibitor's country as ""Czech Republic"".",Internet of Things,Hall 3,C3-66,https://www.convergenceindia.org/exhibitors-and-participants-convergence-india.aspx
398,HYPERTEXT MARKETING PRIVATE LIMITED,India,INDIA-DOMESTIC,"Country field in the official convergenceindia.org 'List of Participants' directory (structured per-exhibitor filter data — a 'Country' facet built into the site's own exhibitor search/filter UI, not free text or name-guessed) lists this exhibitor's country as ""India"".",Mobile Devices & Accessories,Hall 2,D2-45,https://www.convergenceindia.org/exhibitors-and-participants-convergence-india.aspx
399,Hyundai Motor India Ltd.,India,INDIA-DOMESTIC,"Country field in the official convergenceindia.org 'List of Participants' directory (structured per-exhibitor filter data — a 'Country' facet built into the site's own exhibitor search/filter UI, not free text or name-guessed) lists this exhibitor's country as ""India"".",Smart Mobility,Hall 1,,https://www.convergenceindia.org/exhibitors-and-participants-convergence-india.aspx
400,IB Solar & IB Energy,India,INDIA-DOMESTIC,"Country field in the official convergenceindia.org 'List of Participants' directory (structured per-exhibitor filter data — a 'Country' facet built into the site's own exhibitor search/filter UI, not free text or name-guessed) lists this exhibitor's country as ""India"".",IoT & Embedded Tech,Hall 4,B4-02,https://www.convergenceindia.org/exhibitors-and-participants-convergence-india.aspx
401,IBASE Technology Inc.,Taiwan,FOREIGN,"Country field in the official convergenceindia.org 'List of Participants' directory (structured per-exhibitor filter data — a 'Country' facet built into the site's own exhibitor search/filter UI, not free text or name-guessed) lists this exhibitor's country as ""Taiwan"".",IT & Communications,Hall 5,A5-150,https://www.convergenceindia.org/exhibitors-and-participants-convergence-india.aspx
402,IBI Group India Pvt. Ltd.,India,INDIA-DOMESTIC,"Country field in the official convergenceindia.org 'List of Participants' directory (structured per-exhibitor filter data — a 'Country' facet built into the site's own exhibitor search/filter UI, not free text or name-guessed) lists this exhibitor's country as ""India"".",Smart Mobility,,Sponsorship,https://www.convergenceindia.org/exhibitors-and-participants-convergence-india.aspx
403,IBIK,Russia,FOREIGN,"Country field in the official convergenceindia.org 'List of Participants' directory (structured per-exhibitor filter data — a 'Country' facet built into the site's own exhibitor search/filter UI, not free text or name-guessed) lists this exhibitor's country as ""Russia"".",IT & Communications,Hall 3,B3-50,https://www.convergenceindia.org/exhibitors-and-participants-convergence-india.aspx
404,IBITF,India,INDIA-DOMESTIC,"Country field in the official convergenceindia.org 'List of Participants' directory (structured per-exhibitor filter data — a 'Country' facet built into the site's own exhibitor search/filter UI, not free text or name-guessed) lists this exhibitor's country as ""India"".",Startup,Hall 1,DST Pavilion,https://www.convergenceindia.org/exhibitors-and-participants-convergence-india.aspx
405,IBOTIX AI,India,INDIA-DOMESTIC,"Country field in the official convergenceindia.org 'List of Participants' directory (structured per-exhibitor filter data — a 'Country' facet built into the site's own exhibitor search/filter UI, not free text or name-guessed) lists this exhibitor's country as ""India"".",IoT & Embedded Tech,Hall 4,E4-18,https://www.convergenceindia.org/exhibitors-and-participants-convergence-india.aspx
406,Iconspiral Electronics,India,INDIA-DOMESTIC,"Country field in the official convergenceindia.org 'List of Participants' directory (structured per-exhibitor filter data — a 'Country' facet built into the site's own exhibitor search/filter UI, not free text or name-guessed) lists this exhibitor's country as ""India"".",IoT & Embedded Tech,Hall 5,D5-102,https://www.convergenceindia.org/exhibitors-and-participants-convergence-india.aspx
407,iCyberPro Private Limited,India,INDIA-DOMESTIC,"Country field in the official convergenceindia.org 'List of Participants' directory (structured per-exhibitor filter data — a 'Country' facet built into the site's own exhibitor search/filter UI, not free text or name-guessed) lists this exhibitor's country as ""India"".",IT & Communications,Hall 5,B5-135,https://www.convergenceindia.org/exhibitors-and-participants-convergence-india.aspx
408,IdamTat Technologies,India,INDIA-DOMESTIC,"Country field in the official convergenceindia.org 'List of Participants' directory (structured per-exhibitor filter data — a 'Country' facet built into the site's own exhibitor search/filter UI, not free text or name-guessed) lists this exhibitor's country as ""India"".",IoT & Embedded Tech,Hall 4,F4-18,https://www.convergenceindia.org/exhibitors-and-participants-convergence-india.aspx
409,IHA Cloud,India,INDIA-DOMESTIC,"Country field in the official convergenceindia.org 'List of Participants' directory (structured per-exhibitor filter data — a 'Country' facet built into the site's own exhibitor search/filter UI, not free text or name-guessed) lists this exhibitor's country as ""India"".",IT & Communications,Hall 5,C5-215,https://www.convergenceindia.org/exhibitors-and-participants-convergence-india.aspx
410,IHA Telephony Pvt. Ltd.,India,INDIA-DOMESTIC,"Country field in the official convergenceindia.org 'List of Participants' directory (structured per-exhibitor filter data — a 'Country' facet built into the site's own exhibitor search/filter UI, not free text or name-guessed) lists this exhibitor's country as ""India"".",IT & Communications,Hall 5,C5-215,https://www.convergenceindia.org/exhibitors-and-participants-convergence-india.aspx
411,"IHFC , TIH IIT D",India,INDIA-DOMESTIC,"Country field in the official convergenceindia.org 'List of Participants' directory (structured per-exhibitor filter data — a 'Country' facet built into the site's own exhibitor search/filter UI, not free text or name-guessed) lists this exhibitor's country as ""India"".",Startup,Hall 1,DST Pavilion,https://www.convergenceindia.org/exhibitors-and-participants-convergence-india.aspx
412,IIM Lucknow Enterprise Incubation Centre (IIML EIC),India,INDIA-DOMESTIC,"Country field in the official convergenceindia.org 'List of Participants' directory (structured per-exhibitor filter data — a 'Country' facet built into the site's own exhibitor search/filter UI, not free text or name-guessed) lists this exhibitor's country as ""India"".",Startup,Hall 1,E1-01,https://www.convergenceindia.org/exhibitors-and-participants-convergence-india.aspx
413,IIT Bhilai,India,INDIA-DOMESTIC,"Country field in the official convergenceindia.org 'List of Participants' directory (structured per-exhibitor filter data — a 'Country' facet built into the site's own exhibitor search/filter UI, not free text or name-guessed) lists this exhibitor's country as ""India"".",Startup,Hall 1,DST Pavilion,https://www.convergenceindia.org/exhibitors-and-participants-convergence-india.aspx
414,IIT Bombay,India,INDIA-DOMESTIC,"Country field in the official convergenceindia.org 'List of Participants' directory (structured per-exhibitor filter data — a 'Country' facet built into the site's own exhibitor search/filter UI, not free text or name-guessed) lists this exhibitor's country as ""India"".",Startup,Hall 1,DST Pavilion,https://www.convergenceindia.org/exhibitors-and-participants-convergence-india.aspx
415,IIT Delhi,India,INDIA-DOMESTIC,"Country field in the official convergenceindia.org 'List of Participants' directory (structured per-exhibitor filter data — a 'Country' facet built into the site's own exhibitor search/filter UI, not free text or name-guessed) lists this exhibitor's country as ""India"".",Startup,Hall 1,DST Pavilion,https://www.convergenceindia.org/exhibitors-and-participants-convergence-india.aspx
416,IIT Hyderabad,India,INDIA-DOMESTIC,"Country field in the official convergenceindia.org 'List of Participants' directory (structured per-exhibitor filter data — a 'Country' facet built into the site's own exhibitor search/filter UI, not free text or name-guessed) lists this exhibitor's country as ""India"".",Startup,Hall 1,DST Pavilion,https://www.convergenceindia.org/exhibitors-and-participants-convergence-india.aspx
417,IIT Indore,India,INDIA-DOMESTIC,"Country field in the official convergenceindia.org 'List of Participants' directory (structured per-exhibitor filter data — a 'Country' facet built into the site's own exhibitor search/filter UI, not free text or name-guessed) lists this exhibitor's country as ""India"".",Startup,Hall 1,DST Pavilion,https://www.convergenceindia.org/exhibitors-and-participants-convergence-india.aspx
418,IIT Kanpur,India,INDIA-DOMESTIC,"Country field in the official convergenceindia.org 'List of Participants' directory (structured per-exhibitor filter data — a 'Country' facet built into the site's own exhibitor search/filter UI, not free text or name-guessed) lists this exhibitor's country as ""India"".",Startup,Hall 1,DST Pavilion,https://www.convergenceindia.org/exhibitors-and-participants-convergence-india.aspx
419,IITI DRISHTI CPS FOUNDATION,India,INDIA-DOMESTIC,"Country field in the official convergenceindia.org 'List of Participants' directory (structured per-exhibitor filter data — a 'Country' facet built into the site's own exhibitor search/filter UI, not free text or name-guessed) lists this exhibitor's country as ""India"".",Startup,Hall 1,DST Pavilion,https://www.convergenceindia.org/exhibitors-and-participants-convergence-india.aspx
420,ILLUME INTELLIGENCE,India,INDIA-DOMESTIC,"Country field in the official convergenceindia.org 'List of Participants' directory (structured per-exhibitor filter data — a 'Country' facet built into the site's own exhibitor search/filter UI, not free text or name-guessed) lists this exhibitor's country as ""India"".",Startup,Hall 1,P8,https://www.convergenceindia.org/exhibitors-and-participants-convergence-india.aspx
421,Immortech,India,INDIA-DOMESTIC,"Country field in the official convergenceindia.org 'List of Participants' directory (structured per-exhibitor filter data — a 'Country' facet built into the site's own exhibitor search/filter UI, not free text or name-guessed) lists this exhibitor's country as ""India"".",IoT & Embedded Tech,Hall 4,A4-01,https://www.convergenceindia.org/exhibitors-and-participants-convergence-india.aspx
422,Incise Infotech Limited,India,INDIA-DOMESTIC,"Country field in the official convergenceindia.org 'List of Participants' directory (structured per-exhibitor filter data — a 'Country' facet built into the site's own exhibitor search/filter UI, not free text or name-guessed) lists this exhibitor's country as ""India"".",IoT & Embedded Tech,Hall 5,D5-83,https://www.convergenceindia.org/exhibitors-and-participants-convergence-india.aspx
423,INCREDIBLE SOLUTIONS PVT LTD,India,INDIA-DOMESTIC,"Country field in the official convergenceindia.org 'List of Participants' directory (structured per-exhibitor filter data — a 'Country' facet built into the site's own exhibitor search/filter UI, not free text or name-guessed) lists this exhibitor's country as ""India"".",IT & Communications,Hall 3,C3-08,https://www.convergenceindia.org/exhibitors-and-participants-convergence-india.aspx
424,Incredible Visibility Solutions Pvt Ltd,India,INDIA-DOMESTIC,"Country field in the official convergenceindia.org 'List of Participants' directory (structured per-exhibitor filter data — a 'Country' facet built into the site's own exhibitor search/filter UI, not free text or name-guessed) lists this exhibitor's country as ""India"".",IT & Communications,Hall 3,C3-08,https://www.convergenceindia.org/exhibitors-and-participants-convergence-india.aspx
425,Indalio,India,INDIA-DOMESTIC,"Country field in the official convergenceindia.org 'List of Participants' directory (structured per-exhibitor filter data — a 'Country' facet built into the site's own exhibitor search/filter UI, not free text or name-guessed) lists this exhibitor's country as ""India"".",IT & Communications,Hall 5,A5-65,https://www.convergenceindia.org/exhibitors-and-participants-convergence-india.aspx
426,Indiacloud.AI,India,INDIA-DOMESTIC,"Country field in the official convergenceindia.org 'List of Participants' directory (structured per-exhibitor filter data — a 'Country' facet built into the site's own exhibitor search/filter UI, not free text or name-guessed) lists this exhibitor's country as ""India"".",IT & Communications,Hall 5,A5-44,https://www.convergenceindia.org/exhibitors-and-participants-convergence-india.aspx
427,Indian Institute of Information Technology and Management -Kerala (IIITM-K),India,INDIA-DOMESTIC,"Country field in the official convergenceindia.org 'List of Participants' directory (structured per-exhibitor filter data — a 'Country' facet built into the site's own exhibitor search/filter UI, not free text or name-guessed) lists this exhibitor's country as ""India"".",IT & Communications,Hall 3,C3-08,https://www.convergenceindia.org/exhibitors-and-participants-convergence-india.aspx
428,Indian Society of Artificial Intelligence Law (ISAIL),India,INDIA-DOMESTIC,"Country field in the official convergenceindia.org 'List of Participants' directory (structured per-exhibitor filter data — a 'Country' facet built into the site's own exhibitor search/filter UI, not free text or name-guessed) lists this exhibitor's country as ""India"".",Association,,,https://www.convergenceindia.org/exhibitors-and-participants-convergence-india.aspx
429,Indian Space Research Organisation,India,INDIA-DOMESTIC,"Country field in the official convergenceindia.org 'List of Participants' directory (structured per-exhibitor filter data — a 'Country' facet built into the site's own exhibitor search/filter UI, not free text or name-guessed) lists this exhibitor's country as ""India"".",Broadcast & Satcom,Hall 5,B5-80,https://www.convergenceindia.org/exhibitors-and-participants-convergence-india.aspx
430,Indigenous Instruments for Protective Textiles,India,INDIA-DOMESTIC,"Country field in the official convergenceindia.org 'List of Participants' directory (structured per-exhibitor filter data — a 'Country' facet built into the site's own exhibitor search/filter UI, not free text or name-guessed) lists this exhibitor's country as ""India"".",IoT & Embedded Tech,Hall 5,E5-161,https://www.convergenceindia.org/exhibitors-and-participants-convergence-india.aspx
431,Indio Networks,India,INDIA-DOMESTIC,"Country field in the official convergenceindia.org 'List of Participants' directory (structured per-exhibitor filter data — a 'Country' facet built into the site's own exhibitor search/filter UI, not free text or name-guessed) lists this exhibitor's country as ""India"".",IT & Communications,Hall 5,A5-90,https://www.convergenceindia.org/exhibitors-and-participants-convergence-india.aspx
432,Indus Net Technologies Ltd.,India,INDIA-DOMESTIC,"Country field in the official convergenceindia.org 'List of Participants' directory (structured per-exhibitor filter data — a 'Country' facet built into the site's own exhibitor search/filter UI, not free text or name-guessed) lists this exhibitor's country as ""India"".",IoT & Embedded Tech,Hall 4,E4-15,https://www.convergenceindia.org/exhibitors-and-participants-convergence-india.aspx
433,Industrial Extension Bureau,India,INDIA-DOMESTIC,"Country field in the official convergenceindia.org 'List of Participants' directory (structured per-exhibitor filter data — a 'Country' facet built into the site's own exhibitor search/filter UI, not free text or name-guessed) lists this exhibitor's country as ""India"".",Startup,,,https://www.convergenceindia.org/exhibitors-and-participants-convergence-india.aspx
434,Industry Outlook,India,INDIA-DOMESTIC,"Country field in the official convergenceindia.org 'List of Participants' directory (structured per-exhibitor filter data — a 'Country' facet built into the site's own exhibitor search/filter UI, not free text or name-guessed) lists this exhibitor's country as ""India"".",Media Partner,,,https://www.convergenceindia.org/exhibitors-and-participants-convergence-india.aspx
435,Inference Labs,India,INDIA-DOMESTIC,"Country field in the official convergenceindia.org 'List of Participants' directory (structured per-exhibitor filter data — a 'Country' facet built into the site's own exhibitor search/filter UI, not free text or name-guessed) lists this exhibitor's country as ""India"".",Startup,Hall 1,P85,https://www.convergenceindia.org/exhibitors-and-participants-convergence-india.aspx
436,Info Fiber Solutions Pvt Ltd,India,INDIA-DOMESTIC,"Country field in the official convergenceindia.org 'List of Participants' directory (structured per-exhibitor filter data — a 'Country' facet built into the site's own exhibitor search/filter UI, not free text or name-guessed) lists this exhibitor's country as ""India"".",IT & Communications,Hall 5,B5-155,https://www.convergenceindia.org/exhibitors-and-participants-convergence-india.aspx
437,Info Science Labs,India,INDIA-DOMESTIC,"Country field in the official convergenceindia.org 'List of Participants' directory (structured per-exhibitor filter data — a 'Country' facet built into the site's own exhibitor search/filter UI, not free text or name-guessed) lists this exhibitor's country as ""India"".",FinTech,Hall 2,B2-46,https://www.convergenceindia.org/exhibitors-and-participants-convergence-india.aspx
438,Infograins Software Solutions Pvt Ltd,India,INDIA-DOMESTIC,"Country field in the official convergenceindia.org 'List of Participants' directory (structured per-exhibitor filter data — a 'Country' facet built into the site's own exhibitor search/filter UI, not free text or name-guessed) lists this exhibitor's country as ""India"".",IoT & Embedded Tech,Hall 5,D5-93,https://www.convergenceindia.org/exhibitors-and-participants-convergence-india.aspx
439,InIT Solutions Pvt Ltd,India,INDIA-DOMESTIC,"Country field in the official convergenceindia.org 'List of Participants' directory (structured per-exhibitor filter data — a 'Country' facet built into the site's own exhibitor search/filter UI, not free text or name-guessed) lists this exhibitor's country as ""India"".",Startup,Hall 1,P25,https://www.convergenceindia.org/exhibitors-and-participants-convergence-india.aspx
440,initiumnet technologies pvt ltd,India,INDIA-DOMESTIC,"Country field in the official convergenceindia.org 'List of Participants' directory (structured per-exhibitor filter data — a 'Country' facet built into the site's own exhibitor search/filter UI, not free text or name-guessed) lists this exhibitor's country as ""India"".",Artificial Intelligence,Hall 3,A3-16,https://www.convergenceindia.org/exhibitors-and-participants-convergence-india.aspx
441,Innodisk Corporation,Taiwan,FOREIGN,"Country field in the official convergenceindia.org 'List of Participants' directory (structured per-exhibitor filter data — a 'Country' facet built into the site's own exhibitor search/filter UI, not free text or name-guessed) lists this exhibitor's country as ""Taiwan"".",IT & Communications,Hall 5,A5-150,https://www.convergenceindia.org/exhibitors-and-participants-convergence-india.aspx
442,INNOTECH ADVANCE MACHINES PVT. LTD.,India,INDIA-DOMESTIC,"Country field in the official convergenceindia.org 'List of Participants' directory (structured per-exhibitor filter data — a 'Country' facet built into the site's own exhibitor search/filter UI, not free text or name-guessed) lists this exhibitor's country as ""India"".",Mobile Devices & Accessories,Hall 2,A2-55,https://www.convergenceindia.org/exhibitors-and-participants-convergence-india.aspx
443,INP Cyber shield,India,INDIA-DOMESTIC,"Country field in the official convergenceindia.org 'List of Participants' directory (structured per-exhibitor filter data — a 'Country' facet built into the site's own exhibitor search/filter UI, not free text or name-guessed) lists this exhibitor's country as ""India"".",Internet of Things,Hall 3,C3-59,https://www.convergenceindia.org/exhibitors-and-participants-convergence-india.aspx
444,INP Technologies Limited,India,INDIA-DOMESTIC,"Country field in the official convergenceindia.org 'List of Participants' directory (structured per-exhibitor filter data — a 'Country' facet built into the site's own exhibitor search/filter UI, not free text or name-guessed) lists this exhibitor's country as ""India"".",Internet of Things,Hall 3,C3-59,https://www.convergenceindia.org/exhibitors-and-participants-convergence-india.aspx
445,InspiroWorks,India,INDIA-DOMESTIC,"Country field in the official convergenceindia.org 'List of Participants' directory (structured per-exhibitor filter data — a 'Country' facet built into the site's own exhibitor search/filter UI, not free text or name-guessed) lists this exhibitor's country as ""India"".",IoT & Embedded Tech,Hall 4,F4-25,https://www.convergenceindia.org/exhibitors-and-participants-convergence-india.aspx
446,Institution of Electronics and Telecommunication Engineers  (IETE),India,INDIA-DOMESTIC,"Country field in the official convergenceindia.org 'List of Participants' directory (structured per-exhibitor filter data — a 'Country' facet built into the site's own exhibitor search/filter UI, not free text or name-guessed) lists this exhibitor's country as ""India"".",Association,,,https://www.convergenceindia.org/exhibitors-and-participants-convergence-india.aspx
447,INTECH ONLINE PRIVATE LIMITED,India,INDIA-DOMESTIC,"Country field in the official convergenceindia.org 'List of Participants' directory (structured per-exhibitor filter data — a 'Country' facet built into the site's own exhibitor search/filter UI, not free text or name-guessed) lists this exhibitor's country as ""India"".",IT & Communications,Hall 5,B5-189,https://www.convergenceindia.org/exhibitors-and-participants-convergence-india.aspx
448,IntelliDB Enterprise Pvt Ltd,India,INDIA-DOMESTIC,"Country field in the official convergenceindia.org 'List of Participants' directory (structured per-exhibitor filter data — a 'Country' facet built into the site's own exhibitor search/filter UI, not free text or name-guessed) lists this exhibitor's country as ""India"".",IoT & Embedded Tech,Hall 4,G4-40,https://www.convergenceindia.org/exhibitors-and-participants-convergence-india.aspx
449,INTROBOT,India,INDIA-DOMESTIC,"Country field in the official convergenceindia.org 'List of Participants' directory (structured per-exhibitor filter data — a 'Country' facet built into the site's own exhibitor search/filter UI, not free text or name-guessed) lists this exhibitor's country as ""India"".",Artificial Intelligence,Hall 3,C3-52,https://www.convergenceindia.org/exhibitors-and-participants-convergence-india.aspx
450,IoT Enabled Wearable Textiles,India,INDIA-DOMESTIC,"Country field in the official convergenceindia.org 'List of Participants' directory (structured per-exhibitor filter data — a 'Country' facet built into the site's own exhibitor search/filter UI, not free text or name-guessed) lists this exhibitor's country as ""India"".",IoT & Embedded Tech,Hall 5,E5-156,https://www.convergenceindia.org/exhibitors-and-participants-convergence-india.aspx
451,IoT Society of India,India,INDIA-DOMESTIC,"Country field in the official convergenceindia.org 'List of Participants' directory (structured per-exhibitor filter data — a 'Country' facet built into the site's own exhibitor search/filter UI, not free text or name-guessed) lists this exhibitor's country as ""India"".",Association,,,https://www.convergenceindia.org/exhibitors-and-participants-convergence-india.aspx
452,IPACCT SUPPORT PRIVATE LIMITED,India,INDIA-DOMESTIC,"Country field in the official convergenceindia.org 'List of Participants' directory (structured per-exhibitor filter data — a 'Country' facet built into the site's own exhibitor search/filter UI, not free text or name-guessed) lists this exhibitor's country as ""India"".",IT & Communications,Hall 5,C5 -256,https://www.convergenceindia.org/exhibitors-and-participants-convergence-india.aspx
453,Island Computing Services,India,INDIA-DOMESTIC,"Country field in the official convergenceindia.org 'List of Participants' directory (structured per-exhibitor filter data — a 'Country' facet built into the site's own exhibitor search/filter UI, not free text or name-guessed) lists this exhibitor's country as ""India"".",IT & Communications,Hall 5,A5-89,https://www.convergenceindia.org/exhibitors-and-participants-convergence-india.aspx
454,iSmarch Manufacture,China,FOREIGN,"Country field in the official convergenceindia.org 'List of Participants' directory (structured per-exhibitor filter data — a 'Country' facet built into the site's own exhibitor search/filter UI, not free text or name-guessed) lists this exhibitor's country as ""China"".",Internet of Things,Hall 3,A3-30,https://www.convergenceindia.org/exhibitors-and-participants-convergence-india.aspx
455,ISPAI,India,INDIA-DOMESTIC,"Country field in the official convergenceindia.org 'List of Participants' directory (structured per-exhibitor filter data — a 'Country' facet built into the site's own exhibitor search/filter UI, not free text or name-guessed) lists this exhibitor's country as ""India"".",Association,,,https://www.convergenceindia.org/exhibitors-and-participants-convergence-india.aspx
456,IT Voice,India,INDIA-DOMESTIC,"Country field in the official convergenceindia.org 'List of Participants' directory (structured per-exhibitor filter data — a 'Country' facet built into the site's own exhibitor search/filter UI, not free text or name-guessed) lists this exhibitor's country as ""India"".",Media Partner,Hall 5,B5-88,https://www.convergenceindia.org/exhibitors-and-participants-convergence-india.aspx
457,Itenest,China,FOREIGN,"Country field in the official convergenceindia.org 'List of Participants' directory (structured per-exhibitor filter data — a 'Country' facet built into the site's own exhibitor search/filter UI, not free text or name-guessed) lists this exhibitor's country as ""China"".",Broadcast & Satcom,Hall 5,A5-30,https://www.convergenceindia.org/exhibitors-and-participants-convergence-india.aspx
458,IT-ITeS SSC Nasscom,India,INDIA-DOMESTIC,"Country field in the official convergenceindia.org 'List of Participants' directory (structured per-exhibitor filter data — a 'Country' facet built into the site's own exhibitor search/filter UI, not free text or name-guessed) lists this exhibitor's country as ""India"".",IoT & Embedded Tech,Hall 4,G4-03,https://www.convergenceindia.org/exhibitors-and-participants-convergence-india.aspx
459,ITP SOFTWARE INDIA PVT LTD,India,INDIA-DOMESTIC,"Country field in the official convergenceindia.org 'List of Participants' directory (structured per-exhibitor filter data — a 'Country' facet built into the site's own exhibitor search/filter UI, not free text or name-guessed) lists this exhibitor's country as ""India"".",IT & Communications,Hall 5,A5-95,https://www.convergenceindia.org/exhibitors-and-participants-convergence-india.aspx
460,ITPN Corporate Network [300+],India,INDIA-DOMESTIC,"Country field in the official convergenceindia.org 'List of Participants' directory (structured per-exhibitor filter data — a 'Country' facet built into the site's own exhibitor search/filter UI, not free text or name-guessed) lists this exhibitor's country as ""India"".",IoT & Embedded Tech,Hall 4,D4-04,https://www.convergenceindia.org/exhibitors-and-participants-convergence-india.aspx
461,J P CABLES PVT. LTD.,India,INDIA-DOMESTIC,"Country field in the official convergenceindia.org 'List of Participants' directory (structured per-exhibitor filter data — a 'Country' facet built into the site's own exhibitor search/filter UI, not free text or name-guessed) lists this exhibitor's country as ""India"".",IT & Communications,Hall 5,A5-31,https://www.convergenceindia.org/exhibitors-and-participants-convergence-india.aspx
462,J.B.B Traders,India,INDIA-DOMESTIC,"Country field in the official convergenceindia.org 'List of Participants' directory (structured per-exhibitor filter data — a 'Country' facet built into the site's own exhibitor search/filter UI, not free text or name-guessed) lists this exhibitor's country as ""India"".",IT & Communications,Hall 5,A5-25,https://www.convergenceindia.org/exhibitors-and-participants-convergence-india.aspx
463,J4S Tech Innovation,India,INDIA-DOMESTIC,"Country field in the official convergenceindia.org 'List of Participants' directory (structured per-exhibitor filter data — a 'Country' facet built into the site's own exhibitor search/filter UI, not free text or name-guessed) lists this exhibitor's country as ""India"".",Mobile Devices & Accessories,Hall 2,D2-29,https://www.convergenceindia.org/exhibitors-and-participants-convergence-india.aspx
464,Jaymit Security Systems Pvt. Ltd.,India,INDIA-DOMESTIC,"Country field in the official convergenceindia.org 'List of Participants' directory (structured per-exhibitor filter data — a 'Country' facet built into the site's own exhibitor search/filter UI, not free text or name-guessed) lists this exhibitor's country as ""India"".",IT & Communications,Hall 5,B5-135,https://www.convergenceindia.org/exhibitors-and-participants-convergence-india.aspx
465,Jaze Networks Private Limited,India,INDIA-DOMESTIC,"Country field in the official convergenceindia.org 'List of Participants' directory (structured per-exhibitor filter data — a 'Country' facet built into the site's own exhibitor search/filter UI, not free text or name-guessed) lists this exhibitor's country as ""India"".",IT & Communications,Hall 5,C5-110,https://www.convergenceindia.org/exhibitors-and-participants-convergence-india.aspx
466,Jezt Technologies (GST no:32AAGCJ6880J1Z9),India,INDIA-DOMESTIC,"Country field in the official convergenceindia.org 'List of Participants' directory (structured per-exhibitor filter data — a 'Country' facet built into the site's own exhibitor search/filter UI, not free text or name-guessed) lists this exhibitor's country as ""India"".",Startup,Hall 1,P26,https://www.convergenceindia.org/exhibitors-and-participants-convergence-india.aspx
467,Jindal Industries,India,INDIA-DOMESTIC,"Country field in the official convergenceindia.org 'List of Participants' directory (structured per-exhibitor filter data — a 'Country' facet built into the site's own exhibitor search/filter UI, not free text or name-guessed) lists this exhibitor's country as ""India"".",Mobile Devices & Accessories,Hall 2,C2-24,https://www.convergenceindia.org/exhibitors-and-participants-convergence-india.aspx
468,JK INFOBIT PRIVATE LIMITED,India,INDIA-DOMESTIC,"Country field in the official convergenceindia.org 'List of Participants' directory (structured per-exhibitor filter data — a 'Country' facet built into the site's own exhibitor search/filter UI, not free text or name-guessed) lists this exhibitor's country as ""India"".",IT & Communications,Hall 5,D5-115,https://www.convergenceindia.org/exhibitors-and-participants-convergence-india.aspx
469,JM Financial Services Limited,India,INDIA-DOMESTIC,"Country field in the official convergenceindia.org 'List of Participants' directory (structured per-exhibitor filter data — a 'Country' facet built into the site's own exhibitor search/filter UI, not free text or name-guessed) lists this exhibitor's country as ""India"".",FinTech,Hall 2,A2-44,https://www.convergenceindia.org/exhibitors-and-participants-convergence-india.aspx
470,JMS Advisory Services Private Limited,India,INDIA-DOMESTIC,"Country field in the official convergenceindia.org 'List of Participants' directory (structured per-exhibitor filter data — a 'Country' facet built into the site's own exhibitor search/filter UI, not free text or name-guessed) lists this exhibitor's country as ""India"".",Artificial Intelligence,Hall 3,B3-75,https://www.convergenceindia.org/exhibitors-and-participants-convergence-india.aspx
471,Jothi Software Pvt Ltd,India,INDIA-DOMESTIC,"Country field in the official convergenceindia.org 'List of Participants' directory (structured per-exhibitor filter data — a 'Country' facet built into the site's own exhibitor search/filter UI, not free text or name-guessed) lists this exhibitor's country as ""India"".",Artificial Intelligence,Hall 3,C3-36,https://www.convergenceindia.org/exhibitors-and-participants-convergence-india.aspx
472,JRS Global Networks Pvt Ltd,India,INDIA-DOMESTIC,"Country field in the official convergenceindia.org 'List of Participants' directory (structured per-exhibitor filter data — a 'Country' facet built into the site's own exhibitor search/filter UI, not free text or name-guessed) lists this exhibitor's country as ""India"".",IT & Communications,Hall 5,C5-130,https://www.convergenceindia.org/exhibitors-and-participants-convergence-india.aspx
473,JSD Electronics,India,INDIA-DOMESTIC,"Country field in the official convergenceindia.org 'List of Participants' directory (structured per-exhibitor filter data — a 'Country' facet built into the site's own exhibitor search/filter UI, not free text or name-guessed) lists this exhibitor's country as ""India"".",IoT & Embedded Tech,Hall 4,C4-15,https://www.convergenceindia.org/exhibitors-and-participants-convergence-india.aspx
474,JSR GLOBAL CONNECT PRIVATE LIMITED,India,INDIA-DOMESTIC,"Country field in the official convergenceindia.org 'List of Participants' directory (structured per-exhibitor filter data — a 'Country' facet built into the site's own exhibitor search/filter UI, not free text or name-guessed) lists this exhibitor's country as ""India"".",Mobile Devices & Accessories,Hall 2,C2-22,https://www.convergenceindia.org/exhibitors-and-participants-convergence-india.aspx
475,JSW MG Motor India,India,INDIA-DOMESTIC,"Country field in the official convergenceindia.org 'List of Participants' directory (structured per-exhibitor filter data — a 'Country' facet built into the site's own exhibitor search/filter UI, not free text or name-guessed) lists this exhibitor's country as ""India"".",Smart Mobility,Hall 1,B1-17,https://www.convergenceindia.org/exhibitors-and-participants-convergence-india.aspx
476,Kachhua Solutions Private Limited,India,INDIA-DOMESTIC,"Country field in the official convergenceindia.org 'List of Participants' directory (structured per-exhibitor filter data — a 'Country' facet built into the site's own exhibitor search/filter UI, not free text or name-guessed) lists this exhibitor's country as ""India"".",Startup,Hall 1,P69,https://www.convergenceindia.org/exhibitors-and-participants-convergence-india.aspx
477,kapsun Resources corporation,India,INDIA-DOMESTIC,"Country field in the official convergenceindia.org 'List of Participants' directory (structured per-exhibitor filter data — a 'Country' facet built into the site's own exhibitor search/filter UI, not free text or name-guessed) lists this exhibitor's country as ""India"".",Mobile Devices & Accessories,Hall 2,D2-39,https://www.convergenceindia.org/exhibitors-and-participants-convergence-india.aspx
478,Kaptune Media India Private Limited,India,INDIA-DOMESTIC,"Country field in the official convergenceindia.org 'List of Participants' directory (structured per-exhibitor filter data — a 'Country' facet built into the site's own exhibitor search/filter UI, not free text or name-guessed) lists this exhibitor's country as ""India"".",FinTech,Hall 3,C3-29,https://www.convergenceindia.org/exhibitors-and-participants-convergence-india.aspx
479,Karmick Solutions,India,INDIA-DOMESTIC,"Country field in the official convergenceindia.org 'List of Participants' directory (structured per-exhibitor filter data — a 'Country' facet built into the site's own exhibitor search/filter UI, not free text or name-guessed) lists this exhibitor's country as ""India"".",IoT & Embedded Tech,Hall 4,E4-33,https://www.convergenceindia.org/exhibitors-and-participants-convergence-india.aspx
480,Kawach.AI,India,INDIA-DOMESTIC,"Country field in the official convergenceindia.org 'List of Participants' directory (structured per-exhibitor filter data — a 'Country' facet built into the site's own exhibitor search/filter UI, not free text or name-guessed) lists this exhibitor's country as ""India"".",Startup,Hall 1,P107,https://www.convergenceindia.org/exhibitors-and-participants-convergence-india.aspx
481,Keith Electronics Pvt Ltd.,India,INDIA-DOMESTIC,"Country field in the official convergenceindia.org 'List of Participants' directory (structured per-exhibitor filter data — a 'Country' facet built into the site's own exhibitor search/filter UI, not free text or name-guessed) lists this exhibitor's country as ""India"".",IT & Communications,Hall 5,A5-10,https://www.convergenceindia.org/exhibitors-and-participants-convergence-india.aspx
482,Kepler Software Inc,United States,FOREIGN,"Country field in the official convergenceindia.org 'List of Participants' directory (structured per-exhibitor filter data — a 'Country' facet built into the site's own exhibitor search/filter UI, not free text or name-guessed) lists this exhibitor's country as ""United States"".",Artificial Intelligence,,Sponsorship,https://www.convergenceindia.org/exhibitors-and-participants-convergence-india.aspx
483,Kerala Spacepark (KSPACE),India,INDIA-DOMESTIC,"Country field in the official convergenceindia.org 'List of Participants' directory (structured per-exhibitor filter data — a 'Country' facet built into the site's own exhibitor search/filter UI, not free text or name-guessed) lists this exhibitor's country as ""India"".",IT & Communications,Hall 3,C3-08,https://www.convergenceindia.org/exhibitors-and-participants-convergence-india.aspx
484,Kerala Startup Mission,India,INDIA-DOMESTIC,"Country field in the official convergenceindia.org 'List of Participants' directory (structured per-exhibitor filter data — a 'Country' facet built into the site's own exhibitor search/filter UI, not free text or name-guessed) lists this exhibitor's country as ""India"".",Startup,,,https://www.convergenceindia.org/exhibitors-and-participants-convergence-india.aspx
485,KESHAV MADHAV/ KJ OEM,India,INDIA-DOMESTIC,"Country field in the official convergenceindia.org 'List of Participants' directory (structured per-exhibitor filter data — a 'Country' facet built into the site's own exhibitor search/filter UI, not free text or name-guessed) lists this exhibitor's country as ""India"".",Mobile Devices & Accessories,Hall 2,D2-30,https://www.convergenceindia.org/exhibitors-and-participants-convergence-india.aspx
486,KGC Infotech Private Limited,India,INDIA-DOMESTIC,"Country field in the official convergenceindia.org 'List of Participants' directory (structured per-exhibitor filter data — a 'Country' facet built into the site's own exhibitor search/filter UI, not free text or name-guessed) lists this exhibitor's country as ""India"".",FinTech,Hall 2,B2-24,https://www.convergenceindia.org/exhibitors-and-participants-convergence-india.aspx
487,KIA India Pvt. Ltd.,India,INDIA-DOMESTIC,"Country field in the official convergenceindia.org 'List of Participants' directory (structured per-exhibitor filter data — a 'Country' facet built into the site's own exhibitor search/filter UI, not free text or name-guessed) lists this exhibitor's country as ""India"".",Smart Mobility,Hall 1,,https://www.convergenceindia.org/exhibitors-and-participants-convergence-india.aspx
488,Kisan mitra swastic organic Pvt Ltd,India,INDIA-DOMESTIC,"Country field in the official convergenceindia.org 'List of Participants' directory (structured per-exhibitor filter data — a 'Country' facet built into the site's own exhibitor search/filter UI, not free text or name-guessed) lists this exhibitor's country as ""India"".",Startup,Hall 1,P18,https://www.convergenceindia.org/exhibitors-and-participants-convergence-india.aspx
489,KIVO,India,INDIA-DOMESTIC,"Country field in the official convergenceindia.org 'List of Participants' directory (structured per-exhibitor filter data — a 'Country' facet built into the site's own exhibitor search/filter UI, not free text or name-guessed) lists this exhibitor's country as ""India"".",IoT & Embedded Tech,Hall 4,G4-27,https://www.convergenceindia.org/exhibitors-and-participants-convergence-india.aspx
490,KMTS ENGINEERING PVT LTD,India,INDIA-DOMESTIC,"Country field in the official convergenceindia.org 'List of Participants' directory (structured per-exhibitor filter data — a 'Country' facet built into the site's own exhibitor search/filter UI, not free text or name-guessed) lists this exhibitor's country as ""India"".",Broadcast & Satcom,Hall 5,B5-112,https://www.convergenceindia.org/exhibitors-and-participants-convergence-india.aspx
491,KolOraX Agentic Labs,India,INDIA-DOMESTIC,"Country field in the official convergenceindia.org 'List of Participants' directory (structured per-exhibitor filter data — a 'Country' facet built into the site's own exhibitor search/filter UI, not free text or name-guessed) lists this exhibitor's country as ""India"".",Artificial Intelligence,Hall 3,A3-17,https://www.convergenceindia.org/exhibitors-and-participants-convergence-india.aspx
492,KRIS NETIX PVT LTD,India,INDIA-DOMESTIC,"Country field in the official convergenceindia.org 'List of Participants' directory (structured per-exhibitor filter data — a 'Country' facet built into the site's own exhibitor search/filter UI, not free text or name-guessed) lists this exhibitor's country as ""India"".",IT & Communications,Hall 5,C5-245,https://www.convergenceindia.org/exhibitors-and-participants-convergence-india.aspx
493,Kritrima Prajna Innovations Private Limited,India,INDIA-DOMESTIC,"Country field in the official convergenceindia.org 'List of Participants' directory (structured per-exhibitor filter data — a 'Country' facet built into the site's own exhibitor search/filter UI, not free text or name-guessed) lists this exhibitor's country as ""India"".",IT & Communications,,Sponsorship,https://www.convergenceindia.org/exhibitors-and-participants-convergence-india.aspx
494,L R PACKAGING,India,INDIA-DOMESTIC,"Country field in the official convergenceindia.org 'List of Participants' directory (structured per-exhibitor filter data — a 'Country' facet built into the site's own exhibitor search/filter UI, not free text or name-guessed) lists this exhibitor's country as ""India"".",Mobile Devices & Accessories,Hall 2,D2-32,https://www.convergenceindia.org/exhibitors-and-participants-convergence-india.aspx
495,"Laboratory Of Intelligent Robotic Technologies, Moscow Institute of Physics and Technology (MIPT)",Russia,FOREIGN,"Country field in the official convergenceindia.org 'List of Participants' directory (structured per-exhibitor filter data — a 'Country' facet built into the site's own exhibitor search/filter UI, not free text or name-guessed) lists this exhibitor's country as ""Russia"".",Artificial Intelligence,Hall 3,C3-75,https://www.convergenceindia.org/exhibitors-and-participants-convergence-india.aspx
496,Lairak Ai telematic Private limited,India,INDIA-DOMESTIC,"Country field in the official convergenceindia.org 'List of Participants' directory (structured per-exhibitor filter data — a 'Country' facet built into the site's own exhibitor search/filter UI, not free text or name-guessed) lists this exhibitor's country as ""India"".",Startup,Hall 1,P19,https://www.convergenceindia.org/exhibitors-and-participants-convergence-india.aspx
497,Lanner Electronics Inc.,Taiwan,FOREIGN,"Country field in the official convergenceindia.org 'List of Participants' directory (structured per-exhibitor filter data — a 'Country' facet built into the site's own exhibitor search/filter UI, not free text or name-guessed) lists this exhibitor's country as ""Taiwan"".",IT & Communications,Hall 5,A5-150,https://www.convergenceindia.org/exhibitors-and-participants-convergence-india.aspx
498,LDT Technology,India,INDIA-DOMESTIC,"Country field in the official convergenceindia.org 'List of Participants' directory (structured per-exhibitor filter data — a 'Country' facet built into the site's own exhibitor search/filter UI, not free text or name-guessed) lists this exhibitor's country as ""India"".",Startup,Hall 1,"P45, P46, P47, P48",https://www.convergenceindia.org/exhibitors-and-participants-convergence-india.aspx
499,Leadchain Systems,India,INDIA-DOMESTIC,"Country field in the official convergenceindia.org 'List of Participants' directory (structured per-exhibitor filter data — a 'Country' facet built into the site's own exhibitor search/filter UI, not free text or name-guessed) lists this exhibitor's country as ""India"".",IoT & Embedded Tech,Hall 4,E4-22,https://www.convergenceindia.org/exhibitors-and-participants-convergence-india.aspx
500,"LEADER LAO CO.,LTD (LAO PDR)",Laos,FOREIGN,"Country field in the official convergenceindia.org 'List of Participants' directory (structured per-exhibitor filter data — a 'Country' facet built into the site's own exhibitor search/filter UI, not free text or name-guessed) lists this exhibitor's country as ""Laos"".",Mobile Devices & Accessories,Hall 3,C3-39,https://www.convergenceindia.org/exhibitors-and-participants-convergence-india.aspx
501,Leadmetrics,India,INDIA-DOMESTIC,"Country field in the official convergenceindia.org 'List of Participants' directory (structured per-exhibitor filter data — a 'Country' facet built into the site's own exhibitor search/filter UI, not free text or name-guessed) lists this exhibitor's country as ""India"".",Startup,Hall 1,P27,https://www.convergenceindia.org/exhibitors-and-participants-convergence-india.aspx
502,Leecycle,India,INDIA-DOMESTIC,"Country field in the official convergenceindia.org 'List of Participants' directory (structured per-exhibitor filter data — a 'Country' facet built into the site's own exhibitor search/filter UI, not free text or name-guessed) lists this exhibitor's country as ""India"".",Startup,Hall 1,P104,https://www.convergenceindia.org/exhibitors-and-participants-convergence-india.aspx
503,Leemo Systems Inc,India,INDIA-DOMESTIC,"Country field in the official convergenceindia.org 'List of Participants' directory (structured per-exhibitor filter data — a 'Country' facet built into the site's own exhibitor search/filter UI, not free text or name-guessed) lists this exhibitor's country as ""India"".",Startup,Hall 1,P103,https://www.convergenceindia.org/exhibitors-and-participants-convergence-india.aspx
504,Leeway Soft-Tech Private Limited,India,INDIA-DOMESTIC,"Country field in the official convergenceindia.org 'List of Participants' directory (structured per-exhibitor filter data — a 'Country' facet built into the site's own exhibitor search/filter UI, not free text or name-guessed) lists this exhibitor's country as ""India"".",IT & Communications,Hall 5,C5-147,https://www.convergenceindia.org/exhibitors-and-participants-convergence-india.aspx
505,LEEYET TECHNO HUB LLP,India,INDIA-DOMESTIC,"Country field in the official convergenceindia.org 'List of Participants' directory (structured per-exhibitor filter data — a 'Country' facet built into the site's own exhibitor search/filter UI, not free text or name-guessed) lists this exhibitor's country as ""India"".",IT & Communications,Hall 3,C3-08,https://www.convergenceindia.org/exhibitors-and-participants-convergence-india.aspx
506,LEGAPRENEUR SOLUTIONS PRIVATE LIMITED,India,INDIA-DOMESTIC,"Country field in the official convergenceindia.org 'List of Participants' directory (structured per-exhibitor filter data — a 'Country' facet built into the site's own exhibitor search/filter UI, not free text or name-guessed) lists this exhibitor's country as ""India"".",IT & Communications,Hall 5,B5-99A,https://www.convergenceindia.org/exhibitors-and-participants-convergence-india.aspx
507,LEXAR,India,INDIA-DOMESTIC,"Country field in the official convergenceindia.org 'List of Participants' directory (structured per-exhibitor filter data — a 'Country' facet built into the site's own exhibitor search/filter UI, not free text or name-guessed) lists this exhibitor's country as ""India"".",IT & Communications,Hall 5,B5-63,https://www.convergenceindia.org/exhibitors-and-participants-convergence-india.aspx
508,Locate365: Custom AI Solution,India,INDIA-DOMESTIC,"Country field in the official convergenceindia.org 'List of Participants' directory (structured per-exhibitor filter data — a 'Country' facet built into the site's own exhibitor search/filter UI, not free text or name-guessed) lists this exhibitor's country as ""India"".",IoT & Embedded Tech,Hall 4,D4-07,https://www.convergenceindia.org/exhibitors-and-participants-convergence-india.aspx
509,LogicHive,India,INDIA-DOMESTIC,"Country field in the official convergenceindia.org 'List of Participants' directory (structured per-exhibitor filter data — a 'Country' facet built into the site's own exhibitor search/filter UI, not free text or name-guessed) lists this exhibitor's country as ""India"".",IoT & Embedded Tech,Hall 4,G4-17,https://www.convergenceindia.org/exhibitors-and-participants-convergence-india.aspx
510,LOGICSTAT INTL' PVT. LTD.,India,INDIA-DOMESTIC,"Country field in the official convergenceindia.org 'List of Participants' directory (structured per-exhibitor filter data — a 'Country' facet built into the site's own exhibitor search/filter UI, not free text or name-guessed) lists this exhibitor's country as ""India"".",IoT & Embedded Tech,Hall 4,D4-10,https://www.convergenceindia.org/exhibitors-and-participants-convergence-india.aspx
511,Loom Solar Private Limited,India,INDIA-DOMESTIC,"Country field in the official convergenceindia.org 'List of Participants' directory (structured per-exhibitor filter data — a 'Country' facet built into the site's own exhibitor search/filter UI, not free text or name-guessed) lists this exhibitor's country as ""India"".",IoT & Embedded Tech,Hall 4,B4-03,https://www.convergenceindia.org/exhibitors-and-participants-convergence-india.aspx
512,"Loudoun County, Virginia, USA",United States,FOREIGN,"Country field in the official convergenceindia.org 'List of Participants' directory (structured per-exhibitor filter data — a 'Country' facet built into the site's own exhibitor search/filter UI, not free text or name-guessed) lists this exhibitor's country as ""United States"".",IoT & Embedded Tech,Hall 4,D4-06,https://www.convergenceindia.org/exhibitors-and-participants-convergence-india.aspx
513,LTG Consultancy Pvt Ltd,India,INDIA-DOMESTIC,"Country field in the official convergenceindia.org 'List of Participants' directory (structured per-exhibitor filter data — a 'Country' facet built into the site's own exhibitor search/filter UI, not free text or name-guessed) lists this exhibitor's country as ""India"".",IoT & Embedded Tech,Hall 4,G4-14,https://www.convergenceindia.org/exhibitors-and-participants-convergence-india.aspx
514,LuMay AI Technologies PVT.LTD,India,INDIA-DOMESTIC,"Country field in the official convergenceindia.org 'List of Participants' directory (structured per-exhibitor filter data — a 'Country' facet built into the site's own exhibitor search/filter UI, not free text or name-guessed) lists this exhibitor's country as ""India"".",Startup,Hall 1,P100,https://www.convergenceindia.org/exhibitors-and-participants-convergence-india.aspx
515,Lumin,New Zealand,FOREIGN,"Country field in the official convergenceindia.org 'List of Participants' directory (structured per-exhibitor filter data — a 'Country' facet built into the site's own exhibitor search/filter UI, not free text or name-guessed) lists this exhibitor's country as ""New Zealand"".",IT & Communications,Hall 5,E5-50,https://www.convergenceindia.org/exhibitors-and-participants-convergence-india.aspx
516,LumoraGPT Technology,India,INDIA-DOMESTIC,"Country field in the official convergenceindia.org 'List of Participants' directory (structured per-exhibitor filter data — a 'Country' facet built into the site's own exhibitor search/filter UI, not free text or name-guessed) lists this exhibitor's country as ""India"".",Startup,Hall 1,P80,https://www.convergenceindia.org/exhibitors-and-participants-convergence-india.aspx
517,LUNAR SPACE Agency Pvt. Ltd.,India,INDIA-DOMESTIC,"Country field in the official convergenceindia.org 'List of Participants' directory (structured per-exhibitor filter data — a 'Country' facet built into the site's own exhibitor search/filter UI, not free text or name-guessed) lists this exhibitor's country as ""India"".",Startup,Hall 1,P20,https://www.convergenceindia.org/exhibitors-and-participants-convergence-india.aspx
518,Lysora Technology,India,INDIA-DOMESTIC,"Country field in the official convergenceindia.org 'List of Participants' directory (structured per-exhibitor filter data — a 'Country' facet built into the site's own exhibitor search/filter UI, not free text or name-guessed) lists this exhibitor's country as ""India"".",IT & Communications,Hall 5,A5-05,https://www.convergenceindia.org/exhibitors-and-participants-convergence-india.aspx
519,M2JL Gadgetree PVt ltd,India,INDIA-DOMESTIC,"Country field in the official convergenceindia.org 'List of Participants' directory (structured per-exhibitor filter data — a 'Country' facet built into the site's own exhibitor search/filter UI, not free text or name-guessed) lists this exhibitor's country as ""India"".",IT & Communications,Hall 2,D2-46,https://www.convergenceindia.org/exhibitors-and-participants-convergence-india.aspx
520,Macnman,India,INDIA-DOMESTIC,"Country field in the official convergenceindia.org 'List of Participants' directory (structured per-exhibitor filter data — a 'Country' facet built into the site's own exhibitor search/filter UI, not free text or name-guessed) lists this exhibitor's country as ""India"".",Internet of Things,Hall 3,A3-30,https://www.convergenceindia.org/exhibitors-and-participants-convergence-india.aspx
521,Mahindra Electric Automobile Ltd.,India,INDIA-DOMESTIC,"Country field in the official convergenceindia.org 'List of Participants' directory (structured per-exhibitor filter data — a 'Country' facet built into the site's own exhibitor search/filter UI, not free text or name-guessed) lists this exhibitor's country as ""India"".",Smart Mobility,Hall 1,C1-01,https://www.convergenceindia.org/exhibitors-and-participants-convergence-india.aspx
522,Mahindra Last Mile Mobility Ltd.,India,INDIA-DOMESTIC,"Country field in the official convergenceindia.org 'List of Participants' directory (structured per-exhibitor filter data — a 'Country' facet built into the site's own exhibitor search/filter UI, not free text or name-guessed) lists this exhibitor's country as ""India"".",Smart Mobility,Hall 1,,https://www.convergenceindia.org/exhibitors-and-participants-convergence-india.aspx
523,MARSIN TECHNOLOGY LLP,India,INDIA-DOMESTIC,"Country field in the official convergenceindia.org 'List of Participants' directory (structured per-exhibitor filter data — a 'Country' facet built into the site's own exhibitor search/filter UI, not free text or name-guessed) lists this exhibitor's country as ""India"".",Mobile Devices & Accessories,Hall 2,C2-09,https://www.convergenceindia.org/exhibitors-and-participants-convergence-india.aspx
524,Marwari Catalysts Pvt Ltd,India,INDIA-DOMESTIC,"Country field in the official convergenceindia.org 'List of Participants' directory (structured per-exhibitor filter data — a 'Country' facet built into the site's own exhibitor search/filter UI, not free text or name-guessed) lists this exhibitor's country as ""India"".",IoT & Embedded Tech,Hall 4,C4-01,https://www.convergenceindia.org/exhibitors-and-participants-convergence-india.aspx
525,Mask Enterprise LLP,India,INDIA-DOMESTIC,"Country field in the official convergenceindia.org 'List of Participants' directory (structured per-exhibitor filter data — a 'Country' facet built into the site's own exhibitor search/filter UI, not free text or name-guessed) lists this exhibitor's country as ""India"".",Mobile Devices & Accessories,Hall 2,D2-04,https://www.convergenceindia.org/exhibitors-and-participants-convergence-india.aspx
526,Matrix Media Solutions,India,INDIA-DOMESTIC,"Country field in the official convergenceindia.org 'List of Participants' directory (structured per-exhibitor filter data — a 'Country' facet built into the site's own exhibitor search/filter UI, not free text or name-guessed) lists this exhibitor's country as ""India"".",IoT & Embedded Tech,Hall 4,E4-28,https://www.convergenceindia.org/exhibitors-and-participants-convergence-india.aspx
527,MATRIX Robotics System,Taiwan,FOREIGN,"Country field in the official convergenceindia.org 'List of Participants' directory (structured per-exhibitor filter data — a 'Country' facet built into the site's own exhibitor search/filter UI, not free text or name-guessed) lists this exhibitor's country as ""Taiwan"".",Internet of Things,Hall 1,P15,https://www.convergenceindia.org/exhibitors-and-participants-convergence-india.aspx
528,MAXOBULL ASJS INDIA MARKETING,India,INDIA-DOMESTIC,"Country field in the official convergenceindia.org 'List of Participants' directory (structured per-exhibitor filter data — a 'Country' facet built into the site's own exhibitor search/filter UI, not free text or name-guessed) lists this exhibitor's country as ""India"".",Mobile Devices & Accessories,Hall 2,D2-49,https://www.convergenceindia.org/exhibitors-and-participants-convergence-india.aspx
529,MCS Cargar Pvt. Ltd.,India,INDIA-DOMESTIC,"Country field in the official convergenceindia.org 'List of Participants' directory (structured per-exhibitor filter data — a 'Country' facet built into the site's own exhibitor search/filter UI, not free text or name-guessed) lists this exhibitor's country as ""India"".",Startup,Hall 1,P84,https://www.convergenceindia.org/exhibitors-and-participants-convergence-india.aspx
530,Medallion Capital,India,INDIA-DOMESTIC,"Country field in the official convergenceindia.org 'List of Participants' directory (structured per-exhibitor filter data — a 'Country' facet built into the site's own exhibitor search/filter UI, not free text or name-guessed) lists this exhibitor's country as ""India"".",FinTech,Hall 2,B2-34,https://www.convergenceindia.org/exhibitors-and-participants-convergence-india.aspx
531,Megaport,India,INDIA-DOMESTIC,"Country field in the official convergenceindia.org 'List of Participants' directory (structured per-exhibitor filter data — a 'Country' facet built into the site's own exhibitor search/filter UI, not free text or name-guessed) lists this exhibitor's country as ""India"".",IT & Communications,Hall 5,B5-185,https://www.convergenceindia.org/exhibitors-and-participants-convergence-india.aspx
532,Mera Monitor / Mera Work,India,INDIA-DOMESTIC,"Country field in the official convergenceindia.org 'List of Participants' directory (structured per-exhibitor filter data — a 'Country' facet built into the site's own exhibitor search/filter UI, not free text or name-guessed) lists this exhibitor's country as ""India"".",IoT & Embedded Tech,Hall 4,F4-31,https://www.convergenceindia.org/exhibitors-and-participants-convergence-india.aspx
533,Mercetech Innovations Pvt Ltd,India,INDIA-DOMESTIC,"Country field in the official convergenceindia.org 'List of Participants' directory (structured per-exhibitor filter data — a 'Country' facet built into the site's own exhibitor search/filter UI, not free text or name-guessed) lists this exhibitor's country as ""India"".",Smart Mobility,Hall 3,B3-66,https://www.convergenceindia.org/exhibitors-and-participants-convergence-india.aspx
534,MERKADO RHA,India,INDIA-DOMESTIC,"Country field in the official convergenceindia.org 'List of Participants' directory (structured per-exhibitor filter data — a 'Country' facet built into the site's own exhibitor search/filter UI, not free text or name-guessed) lists this exhibitor's country as ""India"".",Startup,Hall 1,P75,https://www.convergenceindia.org/exhibitors-and-participants-convergence-india.aspx
535,Metclouds Technologies,India,INDIA-DOMESTIC,"Country field in the official convergenceindia.org 'List of Participants' directory (structured per-exhibitor filter data — a 'Country' facet built into the site's own exhibitor search/filter UI, not free text or name-guessed) lists this exhibitor's country as ""India"".",Artificial Intelligence,Hall 3,C3-08,https://www.convergenceindia.org/exhibitors-and-participants-convergence-india.aspx
536,Metdroid Technologies Private Limited,India,INDIA-DOMESTIC,"Country field in the official convergenceindia.org 'List of Participants' directory (structured per-exhibitor filter data — a 'Country' facet built into the site's own exhibitor search/filter UI, not free text or name-guessed) lists this exhibitor's country as ""India"".",Startup,Hall 1,P42,https://www.convergenceindia.org/exhibitors-and-participants-convergence-india.aspx
537,metR by Metapercept,India,INDIA-DOMESTIC,"Country field in the official convergenceindia.org 'List of Participants' directory (structured per-exhibitor filter data — a 'Country' facet built into the site's own exhibitor search/filter UI, not free text or name-guessed) lists this exhibitor's country as ""India"".",IoT & Embedded Tech,Hall 4,D4-15,https://www.convergenceindia.org/exhibitors-and-participants-convergence-india.aspx
538,Micro Will,India,INDIA-DOMESTIC,"Country field in the official convergenceindia.org 'List of Participants' directory (structured per-exhibitor filter data — a 'Country' facet built into the site's own exhibitor search/filter UI, not free text or name-guessed) lists this exhibitor's country as ""India"".",IT & Communications,Hall 5,C5-280,https://www.convergenceindia.org/exhibitors-and-participants-convergence-india.aspx
539,Micromap Electronic Systems Pvt.Ltd.,India,INDIA-DOMESTIC,"Country field in the official convergenceindia.org 'List of Participants' directory (structured per-exhibitor filter data — a 'Country' facet built into the site's own exhibitor search/filter UI, not free text or name-guessed) lists this exhibitor's country as ""India"".",IT & Communications,Hall 5,B5-75,https://www.convergenceindia.org/exhibitors-and-participants-convergence-india.aspx
540,Micron Technology,India,INDIA-DOMESTIC,"Country field in the official convergenceindia.org 'List of Participants' directory (structured per-exhibitor filter data — a 'Country' facet built into the site's own exhibitor search/filter UI, not free text or name-guessed) lists this exhibitor's country as ""India"".",IT & Communications,Hall 3,C3-72,https://www.convergenceindia.org/exhibitors-and-participants-convergence-india.aspx
541,Microsoft,India,INDIA-DOMESTIC,"Country field in the official convergenceindia.org 'List of Participants' directory (structured per-exhibitor filter data — a 'Country' facet built into the site's own exhibitor search/filter UI, not free text or name-guessed) lists this exhibitor's country as ""India"".",Artificial Intelligence,Hall 3,C3-73,https://www.convergenceindia.org/exhibitors-and-participants-convergence-india.aspx
542,Microsoft Cloud Solutions,India,INDIA-DOMESTIC,"Country field in the official convergenceindia.org 'List of Participants' directory (structured per-exhibitor filter data — a 'Country' facet built into the site's own exhibitor search/filter UI, not free text or name-guessed) lists this exhibitor's country as ""India"".",Artificial Intelligence,Hall 3,C3-08,https://www.convergenceindia.org/exhibitors-and-participants-convergence-india.aspx
543,Microvillage Communications Pvt Ltd,India,INDIA-DOMESTIC,"Country field in the official convergenceindia.org 'List of Participants' directory (structured per-exhibitor filter data — a 'Country' facet built into the site's own exhibitor search/filter UI, not free text or name-guessed) lists this exhibitor's country as ""India"".",IT & Communications,Hall 5,C5-280,https://www.convergenceindia.org/exhibitors-and-participants-convergence-india.aspx
544,Mieux Technologies Private Limited,India,INDIA-DOMESTIC,"Country field in the official convergenceindia.org 'List of Participants' directory (structured per-exhibitor filter data — a 'Country' facet built into the site's own exhibitor search/filter UI, not free text or name-guessed) lists this exhibitor's country as ""India"".",IT & Communications,Hall 5,A5-44,https://www.convergenceindia.org/exhibitors-and-participants-convergence-india.aspx
545,MIKROTIK,Latvia,FOREIGN,"Country field in the official convergenceindia.org 'List of Participants' directory (structured per-exhibitor filter data — a 'Country' facet built into the site's own exhibitor search/filter UI, not free text or name-guessed) lists this exhibitor's country as ""Latvia"".",IT & Communications,Hall 5,C5-115,https://www.convergenceindia.org/exhibitors-and-participants-convergence-india.aspx
546,Mimosa,India,INDIA-DOMESTIC,"Country field in the official convergenceindia.org 'List of Participants' directory (structured per-exhibitor filter data — a 'Country' facet built into the site's own exhibitor search/filter UI, not free text or name-guessed) lists this exhibitor's country as ""India"".",IT & Communications,Hall 5,C5-130,https://www.convergenceindia.org/exhibitors-and-participants-convergence-india.aspx
547,MINAIONS AI AUTOMATION,India,INDIA-DOMESTIC,"Country field in the official convergenceindia.org 'List of Participants' directory (structured per-exhibitor filter data — a 'Country' facet built into the site's own exhibitor search/filter UI, not free text or name-guessed) lists this exhibitor's country as ""India"".",IoT & Embedded Tech,Hall 4,F4-16,https://www.convergenceindia.org/exhibitors-and-participants-convergence-india.aspx
548,Mind & Matter – EdTech & ITeS,India,INDIA-DOMESTIC,"Country field in the official convergenceindia.org 'List of Participants' directory (structured per-exhibitor filter data — a 'Country' facet built into the site's own exhibitor search/filter UI, not free text or name-guessed) lists this exhibitor's country as ""India"".",IoT & Embedded Tech,Hall 4,F4-32,https://www.convergenceindia.org/exhibitors-and-participants-convergence-india.aspx
549,"Minno Cooling Technology (Hainan) Co., Ltd.",China,FOREIGN,"Country field in the official convergenceindia.org 'List of Participants' directory (structured per-exhibitor filter data — a 'Country' facet built into the site's own exhibitor search/filter UI, not free text or name-guessed) lists this exhibitor's country as ""China"".",IT & Communications,Hall 5,B5-132,https://www.convergenceindia.org/exhibitors-and-participants-convergence-india.aspx
550,Minosa,India,INDIA-DOMESTIC,"Country field in the official convergenceindia.org 'List of Participants' directory (structured per-exhibitor filter data — a 'Country' facet built into the site's own exhibitor search/filter UI, not free text or name-guessed) lists this exhibitor's country as ""India"".",IT & Communications,Hall 5,D5-63,https://www.convergenceindia.org/exhibitors-and-participants-convergence-india.aspx
551,MiPhi Semiconductors Pvt Ltd,India,INDIA-DOMESTIC,"Country field in the official convergenceindia.org 'List of Participants' directory (structured per-exhibitor filter data — a 'Country' facet built into the site's own exhibitor search/filter UI, not free text or name-guessed) lists this exhibitor's country as ""India"".",IT & Communications,Hall 3,C3-41,https://www.convergenceindia.org/exhibitors-and-participants-convergence-india.aspx
552,MIR Universe,India,INDIA-DOMESTIC,"Country field in the official convergenceindia.org 'List of Participants' directory (structured per-exhibitor filter data — a 'Country' facet built into the site's own exhibitor search/filter UI, not free text or name-guessed) lists this exhibitor's country as ""India"".",FinTech,Hall 2,B2-34,https://www.convergenceindia.org/exhibitors-and-participants-convergence-india.aspx
553,Mismo Systems Private Limited,India,INDIA-DOMESTIC,"Country field in the official convergenceindia.org 'List of Participants' directory (structured per-exhibitor filter data — a 'Country' facet built into the site's own exhibitor search/filter UI, not free text or name-guessed) lists this exhibitor's country as ""India"".",IT & Communications,Hall 2,A2-32,https://www.convergenceindia.org/exhibitors-and-participants-convergence-india.aspx
554,MiTAC Computing Technology Corporation,Taiwan,FOREIGN,"Country field in the official convergenceindia.org 'List of Participants' directory (structured per-exhibitor filter data — a 'Country' facet built into the site's own exhibitor search/filter UI, not free text or name-guessed) lists this exhibitor's country as ""Taiwan"".",Artificial Intelligence,Hall 3,B3-28,https://www.convergenceindia.org/exhibitors-and-participants-convergence-india.aspx
555,MITRAHSOFT,India,INDIA-DOMESTIC,"Country field in the official convergenceindia.org 'List of Participants' directory (structured per-exhibitor filter data — a 'Country' facet built into the site's own exhibitor search/filter UI, not free text or name-guessed) lists this exhibitor's country as ""India"".",IoT & Embedded Tech,Hall 4,E4-12,https://www.convergenceindia.org/exhibitors-and-participants-convergence-india.aspx
556,Mobility India,India,INDIA-DOMESTIC,"Country field in the official convergenceindia.org 'List of Participants' directory (structured per-exhibitor filter data — a 'Country' facet built into the site's own exhibitor search/filter UI, not free text or name-guessed) lists this exhibitor's country as ""India"".",Media Partner,Hall 2,B2-53,https://www.convergenceindia.org/exhibitors-and-participants-convergence-india.aspx
557,MOBOTIX,Germany,FOREIGN,"Country field in the official convergenceindia.org 'List of Participants' directory (structured per-exhibitor filter data — a 'Country' facet built into the site's own exhibitor search/filter UI, not free text or name-guessed) lists this exhibitor's country as ""Germany"".",IT & Communications,Hall 5,B5-135,https://www.convergenceindia.org/exhibitors-and-participants-convergence-india.aspx
558,Modern Streaming Solutions Pvt Ltd,India,INDIA-DOMESTIC,"Country field in the official convergenceindia.org 'List of Participants' directory (structured per-exhibitor filter data — a 'Country' facet built into the site's own exhibitor search/filter UI, not free text or name-guessed) lists this exhibitor's country as ""India"".",Broadcast & Satcom,Hall 5,A5-60,https://www.convergenceindia.org/exhibitors-and-participants-convergence-india.aspx
559,Modli 3D Private Limited,India,INDIA-DOMESTIC,"Country field in the official convergenceindia.org 'List of Participants' directory (structured per-exhibitor filter data — a 'Country' facet built into the site's own exhibitor search/filter UI, not free text or name-guessed) lists this exhibitor's country as ""India"".",Internet of Things,Hall 3,C3-35,https://www.convergenceindia.org/exhibitors-and-participants-convergence-india.aspx
560,"Montage LZ Technologies (Chengdu) Co., Ltd.",China,FOREIGN,"Country field in the official convergenceindia.org 'List of Participants' directory (structured per-exhibitor filter data — a 'Country' facet built into the site's own exhibitor search/filter UI, not free text or name-guessed) lists this exhibitor's country as ""China"".",IT & Communications,Hall 5,C5-230,https://www.convergenceindia.org/exhibitors-and-participants-convergence-india.aspx
561,Moscow Center Of International Cooperation The Govt. of Moscow,Russia,FOREIGN,"Country field in the official convergenceindia.org 'List of Participants' directory (structured per-exhibitor filter data — a 'Country' facet built into the site's own exhibitor search/filter UI, not free text or name-guessed) lists this exhibitor's country as ""Russia"".",Country Pavilion,Hall 3,C3-75,https://www.convergenceindia.org/exhibitors-and-participants-convergence-india.aspx
562,Motadata,India,INDIA-DOMESTIC,"Country field in the official convergenceindia.org 'List of Participants' directory (structured per-exhibitor filter data — a 'Country' facet built into the site's own exhibitor search/filter UI, not free text or name-guessed) lists this exhibitor's country as ""India"".",IT & Communications,Hall 5,B5-135,https://www.convergenceindia.org/exhibitors-and-participants-convergence-india.aspx
563,MSol Technologies Pvt Ltd,India,INDIA-DOMESTIC,"Country field in the official convergenceindia.org 'List of Participants' directory (structured per-exhibitor filter data — a 'Country' facet built into the site's own exhibitor search/filter UI, not free text or name-guessed) lists this exhibitor's country as ""India"".",IoT & Embedded Tech,Hall 4,G4-39,https://www.convergenceindia.org/exhibitors-and-participants-convergence-india.aspx
564,MULTI CONCEPT INDIA,India,INDIA-DOMESTIC,"Country field in the official convergenceindia.org 'List of Participants' directory (structured per-exhibitor filter data — a 'Country' facet built into the site's own exhibitor search/filter UI, not free text or name-guessed) lists this exhibitor's country as ""India"".",IT & Communications,Hall 5,B5-58,https://www.convergenceindia.org/exhibitors-and-participants-convergence-india.aspx
565,Multiline Technolabs LLP,India,INDIA-DOMESTIC,"Country field in the official convergenceindia.org 'List of Participants' directory (structured per-exhibitor filter data — a 'Country' facet built into the site's own exhibitor search/filter UI, not free text or name-guessed) lists this exhibitor's country as ""India"".",Startup,Hall 1,P98,https://www.convergenceindia.org/exhibitors-and-participants-convergence-india.aspx
566,MULTIVIRT INDIA PRIVATE LIMITED,India,INDIA-DOMESTIC,"Country field in the official convergenceindia.org 'List of Participants' directory (structured per-exhibitor filter data — a 'Country' facet built into the site's own exhibitor search/filter UI, not free text or name-guessed) lists this exhibitor's country as ""India"".",Broadcast & Satcom,Hall 5,A5-58,https://www.convergenceindia.org/exhibitors-and-participants-convergence-india.aspx
567,MX Techies,India,INDIA-DOMESTIC,"Country field in the official convergenceindia.org 'List of Participants' directory (structured per-exhibitor filter data — a 'Country' facet built into the site's own exhibitor search/filter UI, not free text or name-guessed) lists this exhibitor's country as ""India"".",IT & Communications,Hall 5,B5-105,https://www.convergenceindia.org/exhibitors-and-participants-convergence-india.aspx
568,MXTechies - MX Omega Technologies Private Limited,India,INDIA-DOMESTIC,"Country field in the official convergenceindia.org 'List of Participants' directory (structured per-exhibitor filter data — a 'Country' facet built into the site's own exhibitor search/filter UI, not free text or name-guessed) lists this exhibitor's country as ""India"".",IT & Communications,Hall 5,B5-105,https://www.convergenceindia.org/exhibitors-and-participants-convergence-india.aspx
569,My Mudra Fincorp Limited,India,INDIA-DOMESTIC,"Country field in the official convergenceindia.org 'List of Participants' directory (structured per-exhibitor filter data — a 'Country' facet built into the site's own exhibitor search/filter UI, not free text or name-guessed) lists this exhibitor's country as ""India"".",FinTech,Hall 2,B2-40,https://www.convergenceindia.org/exhibitors-and-participants-convergence-india.aspx
570,MyTV,India,INDIA-DOMESTIC,"Country field in the official convergenceindia.org 'List of Participants' directory (structured per-exhibitor filter data — a 'Country' facet built into the site's own exhibitor search/filter UI, not free text or name-guessed) lists this exhibitor's country as ""India"".",IT & Communications,Hall 5,B5-189,https://www.convergenceindia.org/exhibitors-and-participants-convergence-india.aspx
571,Nach Innovatives Private Limited,India,INDIA-DOMESTIC,"Country field in the official convergenceindia.org 'List of Participants' directory (structured per-exhibitor filter data — a 'Country' facet built into the site's own exhibitor search/filter UI, not free text or name-guessed) lists this exhibitor's country as ""India"".",IT & Communications,Hall 5,A5-67,https://www.convergenceindia.org/exhibitors-and-participants-convergence-india.aspx
572,Nakoa Technologies,India,INDIA-DOMESTIC,"Country field in the official convergenceindia.org 'List of Participants' directory (structured per-exhibitor filter data — a 'Country' facet built into the site's own exhibitor search/filter UI, not free text or name-guessed) lists this exhibitor's country as ""India"".",IoT & Embedded Tech,Hall 4,D4-18,https://www.convergenceindia.org/exhibitors-and-participants-convergence-india.aspx
573,Nandyavart Consultancy Services,India,INDIA-DOMESTIC,"Country field in the official convergenceindia.org 'List of Participants' directory (structured per-exhibitor filter data — a 'Country' facet built into the site's own exhibitor search/filter UI, not free text or name-guessed) lists this exhibitor's country as ""India"".",IoT & Embedded Tech,Hall 4,D4-27A,https://www.convergenceindia.org/exhibitors-and-participants-convergence-india.aspx
574,"Nanjing Hanlong Technology Co., Ltd.(Htek)",China,FOREIGN,"Country field in the official convergenceindia.org 'List of Participants' directory (structured per-exhibitor filter data — a 'Country' facet built into the site's own exhibitor search/filter UI, not free text or name-guessed) lists this exhibitor's country as ""China"".",IT & Communications,Hall 5,A5-73,https://www.convergenceindia.org/exhibitors-and-participants-convergence-india.aspx
575,NASH Industries (I) Private Limited,India,INDIA-DOMESTIC,"Country field in the official convergenceindia.org 'List of Participants' directory (structured per-exhibitor filter data — a 'Country' facet built into the site's own exhibitor search/filter UI, not free text or name-guessed) lists this exhibitor's country as ""India"".",IoT & Embedded Tech,Hall 4,A4-02,https://www.convergenceindia.org/exhibitors-and-participants-convergence-india.aspx
576,National Highways Authority of India,India,INDIA-DOMESTIC,"Country field in the official convergenceindia.org 'List of Participants' directory (structured per-exhibitor filter data — a 'Country' facet built into the site's own exhibitor search/filter UI, not free text or name-guessed) lists this exhibitor's country as ""India"".",Smart Mobility,Hall 1,D1-15,https://www.convergenceindia.org/exhibitors-and-participants-convergence-india.aspx
577,National Industrial Corridor Development Corporation Limited + NLDS,India,INDIA-DOMESTIC,"Country field in the official convergenceindia.org 'List of Participants' directory (structured per-exhibitor filter data — a 'Country' facet built into the site's own exhibitor search/filter UI, not free text or name-guessed) lists this exhibitor's country as ""India"".",Smart Mobility,Hall 1,D1-40,https://www.convergenceindia.org/exhibitors-and-participants-convergence-india.aspx
578,National Pension System Trust,India,INDIA-DOMESTIC,"Country field in the official convergenceindia.org 'List of Participants' directory (structured per-exhibitor filter data — a 'Country' facet built into the site's own exhibitor search/filter UI, not free text or name-guessed) lists this exhibitor's country as ""India"".",FinTech,Hall 2,B2-33,https://www.convergenceindia.org/exhibitors-and-participants-convergence-india.aspx
579,National Technical Textiles Mission,India,INDIA-DOMESTIC,"Country field in the official convergenceindia.org 'List of Participants' directory (structured per-exhibitor filter data — a 'Country' facet built into the site's own exhibitor search/filter UI, not free text or name-guessed) lists this exhibitor's country as ""India"".",IoT & Embedded Tech,Hall 5,E5-158,https://www.convergenceindia.org/exhibitors-and-participants-convergence-india.aspx
580,Navigators Software Pvt. Ltd.,India,INDIA-DOMESTIC,"Country field in the official convergenceindia.org 'List of Participants' directory (structured per-exhibitor filter data — a 'Country' facet built into the site's own exhibitor search/filter UI, not free text or name-guessed) lists this exhibitor's country as ""India"".",Artificial Intelligence,Hall 3,B3-15,https://www.convergenceindia.org/exhibitors-and-participants-convergence-india.aspx
581,Naviture,India,INDIA-DOMESTIC,"Country field in the official convergenceindia.org 'List of Participants' directory (structured per-exhibitor filter data — a 'Country' facet built into the site's own exhibitor search/filter UI, not free text or name-guessed) lists this exhibitor's country as ""India"".",Internet of Things,Hall 3,A3-27,https://www.convergenceindia.org/exhibitors-and-participants-convergence-india.aspx
582,NAVO HOSTING,India,INDIA-DOMESTIC,"Country field in the official convergenceindia.org 'List of Participants' directory (structured per-exhibitor filter data — a 'Country' facet built into the site's own exhibitor search/filter UI, not free text or name-guessed) lists this exhibitor's country as ""India"".",Internet of Things,Hall 3,C3-31,https://www.convergenceindia.org/exhibitors-and-participants-convergence-india.aspx
583,NAVTELECOM,India,INDIA-DOMESTIC,"Country field in the official convergenceindia.org 'List of Participants' directory (structured per-exhibitor filter data — a 'Country' facet built into the site's own exhibitor search/filter UI, not free text or name-guessed) lists this exhibitor's country as ""India"".",Internet of Things,Hall 3,B3-12,https://www.convergenceindia.org/exhibitors-and-participants-convergence-india.aspx
584,NdimensionZ Solutions Pvt Ltd,India,INDIA-DOMESTIC,"Country field in the official convergenceindia.org 'List of Participants' directory (structured per-exhibitor filter data — a 'Country' facet built into the site's own exhibitor search/filter UI, not free text or name-guessed) lists this exhibitor's country as ""India"".",IT & Communications,Hall 3,C3-08,https://www.convergenceindia.org/exhibitors-and-participants-convergence-india.aspx
585,NEMILINK TECHNOLOGIES,India,INDIA-DOMESTIC,"Country field in the official convergenceindia.org 'List of Participants' directory (structured per-exhibitor filter data — a 'Country' facet built into the site's own exhibitor search/filter UI, not free text or name-guessed) lists this exhibitor's country as ""India"".",IoT & Embedded Tech,Hall 4,F4-17,https://www.convergenceindia.org/exhibitors-and-participants-convergence-india.aspx
586,NeoCrew,India,INDIA-DOMESTIC,"Country field in the official convergenceindia.org 'List of Participants' directory (structured per-exhibitor filter data — a 'Country' facet built into the site's own exhibitor search/filter UI, not free text or name-guessed) lists this exhibitor's country as ""India"".",IT & Communications,Hall 3,B3-24,https://www.convergenceindia.org/exhibitors-and-participants-convergence-india.aspx
587,NeoSOFT,India,INDIA-DOMESTIC,"Country field in the official convergenceindia.org 'List of Participants' directory (structured per-exhibitor filter data — a 'Country' facet built into the site's own exhibitor search/filter UI, not free text or name-guessed) lists this exhibitor's country as ""India"".",IoT & Embedded Tech,Hall 4,F4-33,https://www.convergenceindia.org/exhibitors-and-participants-convergence-india.aspx
588,Netforchoice Solutions Pvt Ltd,India,INDIA-DOMESTIC,"Country field in the official convergenceindia.org 'List of Participants' directory (structured per-exhibitor filter data — a 'Country' facet built into the site's own exhibitor search/filter UI, not free text or name-guessed) lists this exhibitor's country as ""India"".",IT & Communications,Hall 5,D5-67,https://www.convergenceindia.org/exhibitors-and-participants-convergence-india.aspx
589,NETLINK ICT PRIVATE LIMITED,India,INDIA-DOMESTIC,"Country field in the official convergenceindia.org 'List of Participants' directory (structured per-exhibitor filter data — a 'Country' facet built into the site's own exhibitor search/filter UI, not free text or name-guessed) lists this exhibitor's country as ""India"".",IT & Communications,Hall 5,E5-77,https://www.convergenceindia.org/exhibitors-and-participants-convergence-india.aspx
590,Netplus Broadband Services Pvt Ltd,India,INDIA-DOMESTIC,"Country field in the official convergenceindia.org 'List of Participants' directory (structured per-exhibitor filter data — a 'Country' facet built into the site's own exhibitor search/filter UI, not free text or name-guessed) lists this exhibitor's country as ""India"".",IT & Communications,Hall 5,B5-25,https://www.convergenceindia.org/exhibitors-and-participants-convergence-india.aspx
591,NETRAUM AYURVEDA,India,INDIA-DOMESTIC,"Country field in the official convergenceindia.org 'List of Participants' directory (structured per-exhibitor filter data — a 'Country' facet built into the site's own exhibitor search/filter UI, not free text or name-guessed) lists this exhibitor's country as ""India"".",Startup,Hall 1,P42A,https://www.convergenceindia.org/exhibitors-and-participants-convergence-india.aspx
592,Netserve IT Solutions Pvt. Ltd,India,INDIA-DOMESTIC,"Country field in the official convergenceindia.org 'List of Participants' directory (structured per-exhibitor filter data — a 'Country' facet built into the site's own exhibitor search/filter UI, not free text or name-guessed) lists this exhibitor's country as ""India"".",IT & Communications,Hall 5,D5-63,https://www.convergenceindia.org/exhibitors-and-participants-convergence-india.aspx
593,Netvox,China,FOREIGN,"Country field in the official convergenceindia.org 'List of Participants' directory (structured per-exhibitor filter data — a 'Country' facet built into the site's own exhibitor search/filter UI, not free text or name-guessed) lists this exhibitor's country as ""China"".",Internet of Things,Hall 3,A3-30,https://www.convergenceindia.org/exhibitors-and-participants-convergence-india.aspx
594,Netwrix Corporation,Philippines,FOREIGN,"Country field in the official convergenceindia.org 'List of Participants' directory (structured per-exhibitor filter data — a 'Country' facet built into the site's own exhibitor search/filter UI, not free text or name-guessed) lists this exhibitor's country as ""Philippines"".",FinTech,Hall 2,A2-10,https://www.convergenceindia.org/exhibitors-and-participants-convergence-india.aspx
595,Neurabit Solution LLP,India,INDIA-DOMESTIC,"Country field in the official convergenceindia.org 'List of Participants' directory (structured per-exhibitor filter data — a 'Country' facet built into the site's own exhibitor search/filter UI, not free text or name-guessed) lists this exhibitor's country as ""India"".",IT & Communications,Hall 5,A5-66,https://www.convergenceindia.org/exhibitors-and-participants-convergence-india.aspx
596,Neutrino Tech Systems,India,INDIA-DOMESTIC,"Country field in the official convergenceindia.org 'List of Participants' directory (structured per-exhibitor filter data — a 'Country' facet built into the site's own exhibitor search/filter UI, not free text or name-guessed) lists this exhibitor's country as ""India"".",IoT & Embedded Tech,Hall 4,G4-47,https://www.convergenceindia.org/exhibitors-and-participants-convergence-india.aspx
597,New Zealand Trade & Enterprise,New Zealand,FOREIGN,"Country field in the official convergenceindia.org 'List of Participants' directory (structured per-exhibitor filter data — a 'Country' facet built into the site's own exhibitor search/filter UI, not free text or name-guessed) lists this exhibitor's country as ""New Zealand"".",Country Pavilion,Hall 5,E5-50,https://www.convergenceindia.org/exhibitors-and-participants-convergence-india.aspx
598,"NEWMOSHINE ELECTRONIC (HK) CO, LIMITED",India,INDIA-DOMESTIC,"Country field in the official convergenceindia.org 'List of Participants' directory (structured per-exhibitor filter data — a 'Country' facet built into the site's own exhibitor search/filter UI, not free text or name-guessed) lists this exhibitor's country as ""India"".",Artificial Intelligence,Hall 3,C3-13,https://www.convergenceindia.org/exhibitors-and-participants-convergence-india.aspx
599,NEXT INNOVATION,India,INDIA-DOMESTIC,"Country field in the official convergenceindia.org 'List of Participants' directory (structured per-exhibitor filter data — a 'Country' facet built into the site's own exhibitor search/filter UI, not free text or name-guessed) lists this exhibitor's country as ""India"".",IT & Communications,Hall 5,B5-96,https://www.convergenceindia.org/exhibitors-and-participants-convergence-india.aspx
600,Next Trillion Technologies Pvt Ltd (PlayBox TV),India,INDIA-DOMESTIC,"Country field in the official convergenceindia.org 'List of Participants' directory (structured per-exhibitor filter data — a 'Country' facet built into the site's own exhibitor search/filter UI, not free text or name-guessed) lists this exhibitor's country as ""India"".",Broadcast & Satcom,Hall 5,A5-77,https://www.convergenceindia.org/exhibitors-and-participants-convergence-india.aspx
601,NexTik,India,INDIA-DOMESTIC,"Country field in the official convergenceindia.org 'List of Participants' directory (structured per-exhibitor filter data — a 'Country' facet built into the site's own exhibitor search/filter UI, not free text or name-guessed) lists this exhibitor's country as ""India"".",IT & Communications,Hall 5,B5-96,https://www.convergenceindia.org/exhibitors-and-participants-convergence-india.aspx
602,Nexus World,India,INDIA-DOMESTIC,"Country field in the official convergenceindia.org 'List of Participants' directory (structured per-exhibitor filter data — a 'Country' facet built into the site's own exhibitor search/filter UI, not free text or name-guessed) lists this exhibitor's country as ""India"".",Internet of Things,Hall 3,C3-66,https://www.convergenceindia.org/exhibitors-and-participants-convergence-india.aspx
603,NICHI-IN SOFTWARE SOLNS,India,INDIA-DOMESTIC,"Country field in the official convergenceindia.org 'List of Participants' directory (structured per-exhibitor filter data — a 'Country' facet built into the site's own exhibitor search/filter UI, not free text or name-guessed) lists this exhibitor's country as ""India"".",IoT & Embedded Tech,Hall 4,G4-18,https://www.convergenceindia.org/exhibitors-and-participants-convergence-india.aspx
604,"Ningbo Myray Network Equipment Co., Ltd.",China,FOREIGN,"Country field in the official convergenceindia.org 'List of Participants' directory (structured per-exhibitor filter data — a 'Country' facet built into the site's own exhibitor search/filter UI, not free text or name-guessed) lists this exhibitor's country as ""China"".",IT & Communications,Hall 5,B5-123,https://www.convergenceindia.org/exhibitors-and-participants-convergence-india.aspx
605,Nippon Data Systems Ltd,India,INDIA-DOMESTIC,"Country field in the official convergenceindia.org 'List of Participants' directory (structured per-exhibitor filter data — a 'Country' facet built into the site's own exhibitor search/filter UI, not free text or name-guessed) lists this exhibitor's country as ""India"".",IoT & Embedded Tech,Hall 4,D4-05,https://www.convergenceindia.org/exhibitors-and-participants-convergence-india.aspx
606,NIRMAL VASUNDHARA PRIVATE LIMITED,India,INDIA-DOMESTIC,"Country field in the official convergenceindia.org 'List of Participants' directory (structured per-exhibitor filter data — a 'Country' facet built into the site's own exhibitor search/filter UI, not free text or name-guessed) lists this exhibitor's country as ""India"".",Internet of Things,Hall 2,B2-55,https://www.convergenceindia.org/exhibitors-and-participants-convergence-india.aspx
607,NIXI,India,INDIA-DOMESTIC,"Country field in the official convergenceindia.org 'List of Participants' directory (structured per-exhibitor filter data — a 'Country' facet built into the site's own exhibitor search/filter UI, not free text or name-guessed) lists this exhibitor's country as ""India"".",IT & Communications,Hall 5,C5-135,https://www.convergenceindia.org/exhibitors-and-participants-convergence-india.aspx
608,NMT Security Innovations,India,INDIA-DOMESTIC,"Country field in the official convergenceindia.org 'List of Participants' directory (structured per-exhibitor filter data — a 'Country' facet built into the site's own exhibitor search/filter UI, not free text or name-guessed) lists this exhibitor's country as ""India"".",FinTech,Hall 2,B2-35,https://www.convergenceindia.org/exhibitors-and-participants-convergence-india.aspx
609,Normality Technologies Private Limited,India,INDIA-DOMESTIC,"Country field in the official convergenceindia.org 'List of Participants' directory (structured per-exhibitor filter data — a 'Country' facet built into the site's own exhibitor search/filter UI, not free text or name-guessed) lists this exhibitor's country as ""India"".",Artificial Intelligence,Hall 3,C3-08,https://www.convergenceindia.org/exhibitors-and-participants-convergence-india.aspx
610,NtechLab,Russia,FOREIGN,"Country field in the official convergenceindia.org 'List of Participants' directory (structured per-exhibitor filter data — a 'Country' facet built into the site's own exhibitor search/filter UI, not free text or name-guessed) lists this exhibitor's country as ""Russia"".",IT & Communications,Hall 3,B3-50,https://www.convergenceindia.org/exhibitors-and-participants-convergence-india.aspx
611,Nudron IoT Solutions LLP,India,INDIA-DOMESTIC,"Country field in the official convergenceindia.org 'List of Participants' directory (structured per-exhibitor filter data — a 'Country' facet built into the site's own exhibitor search/filter UI, not free text or name-guessed) lists this exhibitor's country as ""India"".",Internet of Things,Hall 3,C3-32,https://www.convergenceindia.org/exhibitors-and-participants-convergence-india.aspx
612,Numismatics Academy (NAC) Private Limited,India,INDIA-DOMESTIC,"Country field in the official convergenceindia.org 'List of Participants' directory (structured per-exhibitor filter data — a 'Country' facet built into the site's own exhibitor search/filter UI, not free text or name-guessed) lists this exhibitor's country as ""India"".",Startup,Hall 1,E1-01,https://www.convergenceindia.org/exhibitors-and-participants-convergence-india.aspx
613,NumoData,United States,FOREIGN,"Country field in the official convergenceindia.org 'List of Participants' directory (structured per-exhibitor filter data — a 'Country' facet built into the site's own exhibitor search/filter UI, not free text or name-guessed) lists this exhibitor's country as ""United States"".",IT & Communications,Hall 2,B2-45,https://www.convergenceindia.org/exhibitors-and-participants-convergence-india.aspx
614,Nxtgenix Solutions Private Ltd,India,INDIA-DOMESTIC,"Country field in the official convergenceindia.org 'List of Participants' directory (structured per-exhibitor filter data — a 'Country' facet built into the site's own exhibitor search/filter UI, not free text or name-guessed) lists this exhibitor's country as ""India"".",IT & Communications,Hall 3,C3-08,https://www.convergenceindia.org/exhibitors-and-participants-convergence-india.aspx
615,OBSBOТ,India,INDIA-DOMESTIC,"Country field in the official convergenceindia.org 'List of Participants' directory (structured per-exhibitor filter data — a 'Country' facet built into the site's own exhibitor search/filter UI, not free text or name-guessed) lists this exhibitor's country as ""India"".",IoT & Embedded Tech,Hall 5,E5-120,https://www.convergenceindia.org/exhibitors-and-participants-convergence-india.aspx
616,Odoo,India,INDIA-DOMESTIC,"Country field in the official convergenceindia.org 'List of Participants' directory (structured per-exhibitor filter data — a 'Country' facet built into the site's own exhibitor search/filter UI, not free text or name-guessed) lists this exhibitor's country as ""India"".",FinTech,Hall 2,A2-06,https://www.convergenceindia.org/exhibitors-and-participants-convergence-india.aspx
617,OFR Telecom Pvt Ltd,India,INDIA-DOMESTIC,"Country field in the official convergenceindia.org 'List of Participants' directory (structured per-exhibitor filter data — a 'Country' facet built into the site's own exhibitor search/filter UI, not free text or name-guessed) lists this exhibitor's country as ""India"".",IT & Communications,Hall 5,B5-61,https://www.convergenceindia.org/exhibitors-and-participants-convergence-india.aspx
618,OM GARUDA GROUP,India,INDIA-DOMESTIC,"Country field in the official convergenceindia.org 'List of Participants' directory (structured per-exhibitor filter data — a 'Country' facet built into the site's own exhibitor search/filter UI, not free text or name-guessed) lists this exhibitor's country as ""India"".",Mobile Devices & Accessories,Hall 2,D2-26,https://www.convergenceindia.org/exhibitors-and-participants-convergence-india.aspx
619,Omnicomm Fuel Monitoring Technologies,India,INDIA-DOMESTIC,"Country field in the official convergenceindia.org 'List of Participants' directory (structured per-exhibitor filter data — a 'Country' facet built into the site's own exhibitor search/filter UI, not free text or name-guessed) lists this exhibitor's country as ""India"".",Internet of Things,Hall 3,A3-31,https://www.convergenceindia.org/exhibitors-and-participants-convergence-india.aspx
620,OmniWOT Technologies Pvt Ltd,India,INDIA-DOMESTIC,"Country field in the official convergenceindia.org 'List of Participants' directory (structured per-exhibitor filter data — a 'Country' facet built into the site's own exhibitor search/filter UI, not free text or name-guessed) lists this exhibitor's country as ""India"".",Internet of Things,Hall 3,A3-30,https://www.convergenceindia.org/exhibitors-and-participants-convergence-india.aspx
621,Online PSB Loans,India,INDIA-DOMESTIC,"Country field in the official convergenceindia.org 'List of Participants' directory (structured per-exhibitor filter data — a 'Country' facet built into the site's own exhibitor search/filter UI, not free text or name-guessed) lists this exhibitor's country as ""India"".",FinTech,Hall 2,B2-41,https://www.convergenceindia.org/exhibitors-and-participants-convergence-india.aspx
622,Onnyx Electronisys Pvt. Ltd.,India,INDIA-DOMESTIC,"Country field in the official convergenceindia.org 'List of Participants' directory (structured per-exhibitor filter data — a 'Country' facet built into the site's own exhibitor search/filter UI, not free text or name-guessed) lists this exhibitor's country as ""India"".",Smart Mobility,Hall 1,,https://www.convergenceindia.org/exhibitors-and-participants-convergence-india.aspx
623,OpenBusiness.ai,India,INDIA-DOMESTIC,"Country field in the official convergenceindia.org 'List of Participants' directory (structured per-exhibitor filter data — a 'Country' facet built into the site's own exhibitor search/filter UI, not free text or name-guessed) lists this exhibitor's country as ""India"".",IoT & Embedded Tech,Hall 4,D4-09,https://www.convergenceindia.org/exhibitors-and-participants-convergence-india.aspx
624,Operisoft Technologies Pvt Ltd.,India,INDIA-DOMESTIC,"Country field in the official convergenceindia.org 'List of Participants' directory (structured per-exhibitor filter data — a 'Country' facet built into the site's own exhibitor search/filter UI, not free text or name-guessed) lists this exhibitor's country as ""India"".",Artificial Intelligence,Hall 3,C3-11,https://www.convergenceindia.org/exhibitors-and-participants-convergence-india.aspx
625,OPL Innovate,India,INDIA-DOMESTIC,"Country field in the official convergenceindia.org 'List of Participants' directory (structured per-exhibitor filter data — a 'Country' facet built into the site's own exhibitor search/filter UI, not free text or name-guessed) lists this exhibitor's country as ""India"".",FinTech,Hall 2,B2-41,https://www.convergenceindia.org/exhibitors-and-participants-convergence-india.aspx
626,OPTILINK NETWORK PVT LTD,India,INDIA-DOMESTIC,"Country field in the official convergenceindia.org 'List of Participants' directory (structured per-exhibitor filter data — a 'Country' facet built into the site's own exhibitor search/filter UI, not free text or name-guessed) lists this exhibitor's country as ""India"".",IT & Communications,Hall 5,A5-86,https://www.convergenceindia.org/exhibitors-and-participants-convergence-india.aspx
627,Optitera,India,INDIA-DOMESTIC,"Country field in the official convergenceindia.org 'List of Participants' directory (structured per-exhibitor filter data — a 'Country' facet built into the site's own exhibitor search/filter UI, not free text or name-guessed) lists this exhibitor's country as ""India"".",IT & Communications,Hall 5,C5-130,https://www.convergenceindia.org/exhibitors-and-participants-convergence-india.aspx
628,ORGALIFE FOOD AND BEVERAGES PVT LTD,India,INDIA-DOMESTIC,"Country field in the official convergenceindia.org 'List of Participants' directory (structured per-exhibitor filter data — a 'Country' facet built into the site's own exhibitor search/filter UI, not free text or name-guessed) lists this exhibitor's country as ""India"".",Startup,Hall 1,P43A,https://www.convergenceindia.org/exhibitors-and-participants-convergence-india.aspx
629,Orient Systems,Russia,FOREIGN,"Country field in the official convergenceindia.org 'List of Participants' directory (structured per-exhibitor filter data — a 'Country' facet built into the site's own exhibitor search/filter UI, not free text or name-guessed) lists this exhibitor's country as ""Russia"".",IT & Communications,Hall 3,B3-50,https://www.convergenceindia.org/exhibitors-and-participants-convergence-india.aspx
630,ORIGINAL PRODUCTS PRIVATE LIMITED,India,INDIA-DOMESTIC,"Country field in the official convergenceindia.org 'List of Participants' directory (structured per-exhibitor filter data — a 'Country' facet built into the site's own exhibitor search/filter UI, not free text or name-guessed) lists this exhibitor's country as ""India"".",IT & Communications,Hall 5,D5-64,https://www.convergenceindia.org/exhibitors-and-participants-convergence-india.aspx
631,Orion eSolutions Pvt Ltd,India,INDIA-DOMESTIC,"Country field in the official convergenceindia.org 'List of Participants' directory (structured per-exhibitor filter data — a 'Country' facet built into the site's own exhibitor search/filter UI, not free text or name-guessed) lists this exhibitor's country as ""India"".",IoT & Embedded Tech,Hall 4,G4-43,https://www.convergenceindia.org/exhibitors-and-participants-convergence-india.aspx
632,Oriona Global,United Arab Emirates,FOREIGN,"Country field in the official convergenceindia.org 'List of Participants' directory (structured per-exhibitor filter data — a 'Country' facet built into the site's own exhibitor search/filter UI, not free text or name-guessed) lists this exhibitor's country as ""United Arab Emirates"".",Internet of Things,Hall 3,A3-30,https://www.convergenceindia.org/exhibitors-and-participants-convergence-india.aspx
633,OSEL,India,INDIA-DOMESTIC,"Country field in the official convergenceindia.org 'List of Participants' directory (structured per-exhibitor filter data — a 'Country' facet built into the site's own exhibitor search/filter UI, not free text or name-guessed) lists this exhibitor's country as ""India"".",IT & Communications,Hall 5,D5-62,https://www.convergenceindia.org/exhibitors-and-participants-convergence-india.aspx
634,Ovalon Solutions Private Limited,India,INDIA-DOMESTIC,"Country field in the official convergenceindia.org 'List of Participants' directory (structured per-exhibitor filter data — a 'Country' facet built into the site's own exhibitor search/filter UI, not free text or name-guessed) lists this exhibitor's country as ""India"".",Startup,Hall 1,E1-01,https://www.convergenceindia.org/exhibitors-and-participants-convergence-india.aspx
635,Oxygen Technologies Group Ltd.,Russia,FOREIGN,"Country field in the official convergenceindia.org 'List of Participants' directory (structured per-exhibitor filter data — a 'Country' facet built into the site's own exhibitor search/filter UI, not free text or name-guessed) lists this exhibitor's country as ""Russia"".",Artificial Intelligence,Hall 3,C3-75,https://www.convergenceindia.org/exhibitors-and-participants-convergence-india.aspx
636,PAPERZANIA,India,INDIA-DOMESTIC,"Country field in the official convergenceindia.org 'List of Participants' directory (structured per-exhibitor filter data — a 'Country' facet built into the site's own exhibitor search/filter UI, not free text or name-guessed) lists this exhibitor's country as ""India"".",Mobile Devices & Accessories,Hall 2,C2-23,https://www.convergenceindia.org/exhibitors-and-participants-convergence-india.aspx
637,Paramount Communications Limited,India,INDIA-DOMESTIC,"Country field in the official convergenceindia.org 'List of Participants' directory (structured per-exhibitor filter data — a 'Country' facet built into the site's own exhibitor search/filter UI, not free text or name-guessed) lists this exhibitor's country as ""India"".",IT & Communications,Hall 5,D5-61,https://www.convergenceindia.org/exhibitors-and-participants-convergence-india.aspx
638,PARASMANI TECHNOLOGIES,India,INDIA-DOMESTIC,"Country field in the official convergenceindia.org 'List of Participants' directory (structured per-exhibitor filter data — a 'Country' facet built into the site's own exhibitor search/filter UI, not free text or name-guessed) lists this exhibitor's country as ""India"".",Mobile Devices & Accessories,Hall 2,D2-43,https://www.convergenceindia.org/exhibitors-and-participants-convergence-india.aspx
639,Parinaamaa.ai Pvt Ltd,India,INDIA-DOMESTIC,"Country field in the official convergenceindia.org 'List of Participants' directory (structured per-exhibitor filter data — a 'Country' facet built into the site's own exhibitor search/filter UI, not free text or name-guessed) lists this exhibitor's country as ""India"".",Startup,Hall 1,P28,https://www.convergenceindia.org/exhibitors-and-participants-convergence-india.aspx
640,Pathoscribeai,India,INDIA-DOMESTIC,"Country field in the official convergenceindia.org 'List of Participants' directory (structured per-exhibitor filter data — a 'Country' facet built into the site's own exhibitor search/filter UI, not free text or name-guessed) lists this exhibitor's country as ""India"".",Startup,Hall 1,P12,https://www.convergenceindia.org/exhibitors-and-participants-convergence-india.aspx
641,Pattanaik Capital Management Llp,India,INDIA-DOMESTIC,"Country field in the official convergenceindia.org 'List of Participants' directory (structured per-exhibitor filter data — a 'Country' facet built into the site's own exhibitor search/filter UI, not free text or name-guessed) lists this exhibitor's country as ""India"".",Startup,Hall 1,P21,https://www.convergenceindia.org/exhibitors-and-participants-convergence-india.aspx
642,PCA & GREEN-TECH,India,INDIA-DOMESTIC,"Country field in the official convergenceindia.org 'List of Participants' directory (structured per-exhibitor filter data — a 'Country' facet built into the site's own exhibitor search/filter UI, not free text or name-guessed) lists this exhibitor's country as ""India"".",IoT & Embedded Tech,Hall 4,G4-30,https://www.convergenceindia.org/exhibitors-and-participants-convergence-india.aspx
643,Pergamon Labs,India,INDIA-DOMESTIC,"Country field in the official convergenceindia.org 'List of Participants' directory (structured per-exhibitor filter data — a 'Country' facet built into the site's own exhibitor search/filter UI, not free text or name-guessed) lists this exhibitor's country as ""India"".",IoT & Embedded Tech,Hall 4,D4-08,https://www.convergenceindia.org/exhibitors-and-participants-convergence-india.aspx
644,Perovskite Powered Smart Textiles,India,INDIA-DOMESTIC,"Country field in the official convergenceindia.org 'List of Participants' directory (structured per-exhibitor filter data — a 'Country' facet built into the site's own exhibitor search/filter UI, not free text or name-guessed) lists this exhibitor's country as ""India"".",IoT & Embedded Tech,Hall 5,E5-160,https://www.convergenceindia.org/exhibitors-and-participants-convergence-india.aspx
645,Pet Pooja,India,INDIA-DOMESTIC,"Country field in the official convergenceindia.org 'List of Participants' directory (structured per-exhibitor filter data — a 'Country' facet built into the site's own exhibitor search/filter UI, not free text or name-guessed) lists this exhibitor's country as ""India"".",FinTech,Hall 5,A5-88,https://www.convergenceindia.org/exhibitors-and-participants-convergence-india.aspx
646,Philiray Electronics Private Limited,India,INDIA-DOMESTIC,"Country field in the official convergenceindia.org 'List of Participants' directory (structured per-exhibitor filter data — a 'Country' facet built into the site's own exhibitor search/filter UI, not free text or name-guessed) lists this exhibitor's country as ""India"".",Mobile Devices & Accessories,Hall 2,C2-36,https://www.convergenceindia.org/exhibitors-and-participants-convergence-india.aspx
647,Phison Electronics Corp,Taiwan,FOREIGN,"Country field in the official convergenceindia.org 'List of Participants' directory (structured per-exhibitor filter data — a 'Country' facet built into the site's own exhibitor search/filter UI, not free text or name-guessed) lists this exhibitor's country as ""Taiwan"".",IT & Communications,Hall 5,A5-150,https://www.convergenceindia.org/exhibitors-and-participants-convergence-india.aspx
648,PHP INFOSEC,India,INDIA-DOMESTIC,"Country field in the official convergenceindia.org 'List of Participants' directory (structured per-exhibitor filter data — a 'Country' facet built into the site's own exhibitor search/filter UI, not free text or name-guessed) lists this exhibitor's country as ""India"".",IT & Communications,Hall 5,A5-59,https://www.convergenceindia.org/exhibitors-and-participants-convergence-india.aspx
649,PHP Radius,India,INDIA-DOMESTIC,"Country field in the official convergenceindia.org 'List of Participants' directory (structured per-exhibitor filter data — a 'Country' facet built into the site's own exhibitor search/filter UI, not free text or name-guessed) lists this exhibitor's country as ""India"".",IT & Communications,Hall 5,A5-59,https://www.convergenceindia.org/exhibitors-and-participants-convergence-india.aspx
650,Pinnacle Mobility Solutions Pvt. Ltd.,India,INDIA-DOMESTIC,"Country field in the official convergenceindia.org 'List of Participants' directory (structured per-exhibitor filter data — a 'Country' facet built into the site's own exhibitor search/filter UI, not free text or name-guessed) lists this exhibitor's country as ""India"".",Smart Mobility,Hall 1,,https://www.convergenceindia.org/exhibitors-and-participants-convergence-india.aspx
651,PiTangent,India,INDIA-DOMESTIC,"Country field in the official convergenceindia.org 'List of Participants' directory (structured per-exhibitor filter data — a 'Country' facet built into the site's own exhibitor search/filter UI, not free text or name-guessed) lists this exhibitor's country as ""India"".",IoT & Embedded Tech,Hall 5,D5-82,https://www.convergenceindia.org/exhibitors-and-participants-convergence-india.aspx
652,Planar JSC,Ukraine,FOREIGN,"Country field in the official convergenceindia.org 'List of Participants' directory (structured per-exhibitor filter data — a 'Country' facet built into the site's own exhibitor search/filter UI, not free text or name-guessed) lists this exhibitor's country as ""Ukraine"".",IoT & Embedded Tech,Hall 5,E5-93,https://www.convergenceindia.org/exhibitors-and-participants-convergence-india.aspx
653,PLANET Technology Corporation,Taiwan,FOREIGN,"Country field in the official convergenceindia.org 'List of Participants' directory (structured per-exhibitor filter data — a 'Country' facet built into the site's own exhibitor search/filter UI, not free text or name-guessed) lists this exhibitor's country as ""Taiwan"".",IT & Communications,Hall 5,A5-150,https://www.convergenceindia.org/exhibitors-and-participants-convergence-india.aspx
654,Playspots,India,INDIA-DOMESTIC,"Country field in the official convergenceindia.org 'List of Participants' directory (structured per-exhibitor filter data — a 'Country' facet built into the site's own exhibitor search/filter UI, not free text or name-guessed) lists this exhibitor's country as ""India"".",Startup,Hall 1,P29,https://www.convergenceindia.org/exhibitors-and-participants-convergence-india.aspx
655,Positive Technologies,Russia,FOREIGN,"Country field in the official convergenceindia.org 'List of Participants' directory (structured per-exhibitor filter data — a 'Country' facet built into the site's own exhibitor search/filter UI, not free text or name-guessed) lists this exhibitor's country as ""Russia"".",IT & Communications,Hall 3,B3-50,https://www.convergenceindia.org/exhibitors-and-participants-convergence-india.aspx
656,"Potron Technology Co.,Ltd.",China,FOREIGN,"Country field in the official convergenceindia.org 'List of Participants' directory (structured per-exhibitor filter data — a 'Country' facet built into the site's own exhibitor search/filter UI, not free text or name-guessed) lists this exhibitor's country as ""China"".",IT & Communications,Hall 5,B5-127,https://www.convergenceindia.org/exhibitors-and-participants-convergence-india.aspx
657,PowerShield,New Zealand,FOREIGN,"Country field in the official convergenceindia.org 'List of Participants' directory (structured per-exhibitor filter data — a 'Country' facet built into the site's own exhibitor search/filter UI, not free text or name-guessed) lists this exhibitor's country as ""New Zealand"".",IT & Communications,Hall 5,E5-50,https://www.convergenceindia.org/exhibitors-and-participants-convergence-india.aspx
658,PPLIO Technologies,India,INDIA-DOMESTIC,"Country field in the official convergenceindia.org 'List of Participants' directory (structured per-exhibitor filter data — a 'Country' facet built into the site's own exhibitor search/filter UI, not free text or name-guessed) lists this exhibitor's country as ""India"".",Startup,Hall 1,P30,https://www.convergenceindia.org/exhibitors-and-participants-convergence-india.aspx
659,Pragatipack Noida Pvt Ltd,India,INDIA-DOMESTIC,"Country field in the official convergenceindia.org 'List of Participants' directory (structured per-exhibitor filter data — a 'Country' facet built into the site's own exhibitor search/filter UI, not free text or name-guessed) lists this exhibitor's country as ""India"".",Mobile Devices & Accessories,Hall 2,D2-16,https://www.convergenceindia.org/exhibitors-and-participants-convergence-india.aspx
660,Prahantam Pvt. Ltd.,India,INDIA-DOMESTIC,"Country field in the official convergenceindia.org 'List of Participants' directory (structured per-exhibitor filter data — a 'Country' facet built into the site's own exhibitor search/filter UI, not free text or name-guessed) lists this exhibitor's country as ""India"".",Startup,Hall 1,P71,https://www.convergenceindia.org/exhibitors-and-participants-convergence-india.aspx
661,PrahiX,India,INDIA-DOMESTIC,"Country field in the official convergenceindia.org 'List of Participants' directory (structured per-exhibitor filter data — a 'Country' facet built into the site's own exhibitor search/filter UI, not free text or name-guessed) lists this exhibitor's country as ""India"".",IoT & Embedded Tech,Hall 4,E4-24,https://www.convergenceindia.org/exhibitors-and-participants-convergence-india.aspx
662,PRAKASH CHAND PREM CHAND JAIN,India,INDIA-DOMESTIC,"Country field in the official convergenceindia.org 'List of Participants' directory (structured per-exhibitor filter data — a 'Country' facet built into the site's own exhibitor search/filter UI, not free text or name-guessed) lists this exhibitor's country as ""India"".",Mobile Devices & Accessories,Hall 2,D2-55,https://www.convergenceindia.org/exhibitors-and-participants-convergence-india.aspx
663,PRAMA INDIA PRIVATE LIMITED,India,INDIA-DOMESTIC,"Country field in the official convergenceindia.org 'List of Participants' directory (structured per-exhibitor filter data — a 'Country' facet built into the site's own exhibitor search/filter UI, not free text or name-guessed) lists this exhibitor's country as ""India"".",IT & Communications,Hall 5,E5-180,https://www.convergenceindia.org/exhibitors-and-participants-convergence-india.aspx
664,Pramaan,India,INDIA-DOMESTIC,"Country field in the official convergenceindia.org 'List of Participants' directory (structured per-exhibitor filter data — a 'Country' facet built into the site's own exhibitor search/filter UI, not free text or name-guessed) lists this exhibitor's country as ""India"".",IT & Communications,Hall 5,B5-111,https://www.convergenceindia.org/exhibitors-and-participants-convergence-india.aspx
665,Prayosha Food Services Private Limited,India,INDIA-DOMESTIC,"Country field in the official convergenceindia.org 'List of Participants' directory (structured per-exhibitor filter data — a 'Country' facet built into the site's own exhibitor search/filter UI, not free text or name-guessed) lists this exhibitor's country as ""India"".",FinTech,Hall 5,A5-88,https://www.convergenceindia.org/exhibitors-and-participants-convergence-india.aspx
666,Presence 360,India,INDIA-DOMESTIC,"Country field in the official convergenceindia.org 'List of Participants' directory (structured per-exhibitor filter data — a 'Country' facet built into the site's own exhibitor search/filter UI, not free text or name-guessed) lists this exhibitor's country as ""India"".",IT & Communications,Hall 5,B5-135,https://www.convergenceindia.org/exhibitors-and-participants-convergence-india.aspx
667,Prime Finverse Private Limited,India,INDIA-DOMESTIC,"Country field in the official convergenceindia.org 'List of Participants' directory (structured per-exhibitor filter data — a 'Country' facet built into the site's own exhibitor search/filter UI, not free text or name-guessed) lists this exhibitor's country as ""India"".",Startup,Hall 1,P22,https://www.convergenceindia.org/exhibitors-and-participants-convergence-india.aspx
668,"Production Firm ""LOGOS""",Russia,FOREIGN,"Country field in the official convergenceindia.org 'List of Participants' directory (structured per-exhibitor filter data — a 'Country' facet built into the site's own exhibitor search/filter UI, not free text or name-guessed) lists this exhibitor's country as ""Russia"".",IT & Communications,Hall 3,C3-75,https://www.convergenceindia.org/exhibitors-and-participants-convergence-india.aspx
669,Proeffico Solutions Pvt Ltd,India,INDIA-DOMESTIC,"Country field in the official convergenceindia.org 'List of Participants' directory (structured per-exhibitor filter data — a 'Country' facet built into the site's own exhibitor search/filter UI, not free text or name-guessed) lists this exhibitor's country as ""India"".",Artificial Intelligence,Hall 3,B3-19,https://www.convergenceindia.org/exhibitors-and-participants-convergence-india.aspx
670,PROMPT ERP LIMITED,India,INDIA-DOMESTIC,"Country field in the official convergenceindia.org 'List of Participants' directory (structured per-exhibitor filter data — a 'Country' facet built into the site's own exhibitor search/filter UI, not free text or name-guessed) lists this exhibitor's country as ""India"".",IoT & Embedded Tech,Hall 4,D4-03,https://www.convergenceindia.org/exhibitors-and-participants-convergence-india.aspx
671,Prosonic Technologies Pvt. Ltd,India,INDIA-DOMESTIC,"Country field in the official convergenceindia.org 'List of Participants' directory (structured per-exhibitor filter data — a 'Country' facet built into the site's own exhibitor search/filter UI, not free text or name-guessed) lists this exhibitor's country as ""India"".",IoT & Embedded Tech,Hall 5,E5-90,https://www.convergenceindia.org/exhibitors-and-participants-convergence-india.aspx
672,Protomont Technologies LLP,India,INDIA-DOMESTIC,"Country field in the official convergenceindia.org 'List of Participants' directory (structured per-exhibitor filter data — a 'Country' facet built into the site's own exhibitor search/filter UI, not free text or name-guessed) lists this exhibitor's country as ""India"".",Startup,Hall 1,P68,https://www.convergenceindia.org/exhibitors-and-participants-convergence-india.aspx
673,Provis Technologies,India,INDIA-DOMESTIC,"Country field in the official convergenceindia.org 'List of Participants' directory (structured per-exhibitor filter data — a 'Country' facet built into the site's own exhibitor search/filter UI, not free text or name-guessed) lists this exhibitor's country as ""India"".",Startup,Hall 1,P109,https://www.convergenceindia.org/exhibitors-and-participants-convergence-india.aspx
674,PSYXI Machines LLP,India,INDIA-DOMESTIC,"Country field in the official convergenceindia.org 'List of Participants' directory (structured per-exhibitor filter data — a 'Country' facet built into the site's own exhibitor search/filter UI, not free text or name-guessed) lists this exhibitor's country as ""India"".",Smart Mobility,Hall 1,A1-40,https://www.convergenceindia.org/exhibitors-and-participants-convergence-india.aspx
675,Puducherry Pavillion,India,INDIA-DOMESTIC,"Country field in the official convergenceindia.org 'List of Participants' directory (structured per-exhibitor filter data — a 'Country' facet built into the site's own exhibitor search/filter UI, not free text or name-guessed) lists this exhibitor's country as ""India"".",IoT & Embedded Tech,Hall 4,G4-4,https://www.convergenceindia.org/exhibitors-and-participants-convergence-india.aspx
676,Pune Smart City Development Corporation Limited,India,INDIA-DOMESTIC,"Country field in the official convergenceindia.org 'List of Participants' directory (structured per-exhibitor filter data — a 'Country' facet built into the site's own exhibitor search/filter UI, not free text or name-guessed) lists this exhibitor's country as ""India"".",Smart Future Cities,Hall 1,A1-42,https://www.convergenceindia.org/exhibitors-and-participants-convergence-india.aspx
677,QAF Lab India,India,INDIA-DOMESTIC,"Country field in the official convergenceindia.org 'List of Participants' directory (structured per-exhibitor filter data — a 'Country' facet built into the site's own exhibitor search/filter UI, not free text or name-guessed) lists this exhibitor's country as ""India"".",Artificial Intelligence,Hall 5,B5-114,https://www.convergenceindia.org/exhibitors-and-participants-convergence-india.aspx
678,QAWebPrints Infocorp LLP,India,INDIA-DOMESTIC,"Country field in the official convergenceindia.org 'List of Participants' directory (structured per-exhibitor filter data — a 'Country' facet built into the site's own exhibitor search/filter UI, not free text or name-guessed) lists this exhibitor's country as ""India"".",Startup,Hall 1,P31,https://www.convergenceindia.org/exhibitors-and-participants-convergence-india.aspx
679,QT Load,India,INDIA-DOMESTIC,"Country field in the official convergenceindia.org 'List of Participants' directory (structured per-exhibitor filter data — a 'Country' facet built into the site's own exhibitor search/filter UI, not free text or name-guessed) lists this exhibitor's country as ""India"".",Internet of Things,Hall 3,A3-55,https://www.convergenceindia.org/exhibitors-and-participants-convergence-india.aspx
680,Quadleo Techno Solution Pvt Ltd,India,INDIA-DOMESTIC,"Country field in the official convergenceindia.org 'List of Participants' directory (structured per-exhibitor filter data — a 'Country' facet built into the site's own exhibitor search/filter UI, not free text or name-guessed) lists this exhibitor's country as ""India"".",Startup,Hall 1,P32,https://www.convergenceindia.org/exhibitors-and-participants-convergence-india.aspx
681,Qualcomm India Pvt. Ltd.,India,INDIA-DOMESTIC,"Country field in the official convergenceindia.org 'List of Participants' directory (structured per-exhibitor filter data — a 'Country' facet built into the site's own exhibitor search/filter UI, not free text or name-guessed) lists this exhibitor's country as ""India"".",Smart Mobility,Hall 1,,https://www.convergenceindia.org/exhibitors-and-participants-convergence-india.aspx
682,Quantumweave Intelligence Private Limited,India,INDIA-DOMESTIC,"Country field in the official convergenceindia.org 'List of Participants' directory (structured per-exhibitor filter data — a 'Country' facet built into the site's own exhibitor search/filter UI, not free text or name-guessed) lists this exhibitor's country as ""India"".",Startup,Hall 1,P33,https://www.convergenceindia.org/exhibitors-and-participants-convergence-india.aspx
683,Queclink Wireless Solution,India,INDIA-DOMESTIC,"Country field in the official convergenceindia.org 'List of Participants' directory (structured per-exhibitor filter data — a 'Country' facet built into the site's own exhibitor search/filter UI, not free text or name-guessed) lists this exhibitor's country as ""India"".",Internet of Things,Hall 3,A3-55,https://www.convergenceindia.org/exhibitors-and-participants-convergence-india.aspx
684,Qwikprint Technologies Private Limited,India,INDIA-DOMESTIC,"Country field in the official convergenceindia.org 'List of Participants' directory (structured per-exhibitor filter data — a 'Country' facet built into the site's own exhibitor search/filter UI, not free text or name-guessed) lists this exhibitor's country as ""India"".",Startup,Hall 1,P87,https://www.convergenceindia.org/exhibitors-and-participants-convergence-india.aspx
685,R R Industries,India,INDIA-DOMESTIC,"Country field in the official convergenceindia.org 'List of Participants' directory (structured per-exhibitor filter data — a 'Country' facet built into the site's own exhibitor search/filter UI, not free text or name-guessed) lists this exhibitor's country as ""India"".",Internet of Things,Hall 5,D5-56,https://www.convergenceindia.org/exhibitors-and-participants-convergence-india.aspx
686,Rakon,New Zealand,FOREIGN,"Country field in the official convergenceindia.org 'List of Participants' directory (structured per-exhibitor filter data — a 'Country' facet built into the site's own exhibitor search/filter UI, not free text or name-guessed) lists this exhibitor's country as ""New Zealand"".",IT & Communications,Hall 5,E5-50,https://www.convergenceindia.org/exhibitors-and-participants-convergence-india.aspx
687,Ranchi Smart City Corporation Ltd.,India,INDIA-DOMESTIC,"Country field in the official convergenceindia.org 'List of Participants' directory (structured per-exhibitor filter data — a 'Country' facet built into the site's own exhibitor search/filter UI, not free text or name-guessed) lists this exhibitor's country as ""India"".",Smart Future Cities,Hall 1,D1–39,https://www.convergenceindia.org/exhibitors-and-participants-convergence-india.aspx
688,Rankkking,India,INDIA-DOMESTIC,"Country field in the official convergenceindia.org 'List of Participants' directory (structured per-exhibitor filter data — a 'Country' facet built into the site's own exhibitor search/filter UI, not free text or name-guessed) lists this exhibitor's country as ""India"".",Startup,Hall 1,P90,https://www.convergenceindia.org/exhibitors-and-participants-convergence-india.aspx
689,Ranvox Technology Pvt Ltd,India,INDIA-DOMESTIC,"Country field in the official convergenceindia.org 'List of Participants' directory (structured per-exhibitor filter data — a 'Country' facet built into the site's own exhibitor search/filter UI, not free text or name-guessed) lists this exhibitor's country as ""India"".",Startup,Hall 1,P23,https://www.convergenceindia.org/exhibitors-and-participants-convergence-india.aspx
690,RAPIFUZZ Private Limited,India,INDIA-DOMESTIC,"Country field in the official convergenceindia.org 'List of Participants' directory (structured per-exhibitor filter data — a 'Country' facet built into the site's own exhibitor search/filter UI, not free text or name-guessed) lists this exhibitor's country as ""India"".",IoT & Embedded Tech,Hall 4,F4-40,https://www.convergenceindia.org/exhibitors-and-participants-convergence-india.aspx
691,Rare Agriculture wealth pvt ltd,India,INDIA-DOMESTIC,"Country field in the official convergenceindia.org 'List of Participants' directory (structured per-exhibitor filter data — a 'Country' facet built into the site's own exhibitor search/filter UI, not free text or name-guessed) lists this exhibitor's country as ""India"".",Startup,Hall 1,P44A,https://www.convergenceindia.org/exhibitors-and-participants-convergence-india.aspx
692,Rashmi Group,India,INDIA-DOMESTIC,"Country field in the official convergenceindia.org 'List of Participants' directory (structured per-exhibitor filter data — a 'Country' facet built into the site's own exhibitor search/filter UI, not free text or name-guessed) lists this exhibitor's country as ""India"".",IT & Communications,Hall 5,C5-105,https://www.convergenceindia.org/exhibitors-and-participants-convergence-india.aspx
693,Real Time Data Services Private Limited,India,INDIA-DOMESTIC,"Country field in the official convergenceindia.org 'List of Participants' directory (structured per-exhibitor filter data — a 'Country' facet built into the site's own exhibitor search/filter UI, not free text or name-guessed) lists this exhibitor's country as ""India"".",IT & Communications,Hall 2,B2-05,https://www.convergenceindia.org/exhibitors-and-participants-convergence-india.aspx
694,Realtek Semiconductor Corp.,Taiwan,FOREIGN,"Country field in the official convergenceindia.org 'List of Participants' directory (structured per-exhibitor filter data — a 'Country' facet built into the site's own exhibitor search/filter UI, not free text or name-guessed) lists this exhibitor's country as ""Taiwan"".",IT & Communications,Hall 5,C5-275,https://www.convergenceindia.org/exhibitors-and-participants-convergence-india.aspx
695,Rechner Infosystems Pvt Ltd,India,INDIA-DOMESTIC,"Country field in the official convergenceindia.org 'List of Participants' directory (structured per-exhibitor filter data — a 'Country' facet built into the site's own exhibitor search/filter UI, not free text or name-guessed) lists this exhibitor's country as ""India"".",IoT & Embedded Tech,Hall 4,E4-07,https://www.convergenceindia.org/exhibitors-and-participants-convergence-india.aspx
696,Reconstructive Healthcare Solutions Pvt Ltd,India,INDIA-DOMESTIC,"Country field in the official convergenceindia.org 'List of Participants' directory (structured per-exhibitor filter data — a 'Country' facet built into the site's own exhibitor search/filter UI, not free text or name-guessed) lists this exhibitor's country as ""India"".",Startup,Hall 1,E1-01,https://www.convergenceindia.org/exhibitors-and-participants-convergence-india.aspx
697,RecruitmentBricks,India,INDIA-DOMESTIC,"Country field in the official convergenceindia.org 'List of Participants' directory (structured per-exhibitor filter data — a 'Country' facet built into the site's own exhibitor search/filter UI, not free text or name-guessed) lists this exhibitor's country as ""India"".",Artificial Intelligence,Hall 3,C3-08,https://www.convergenceindia.org/exhibitors-and-participants-convergence-india.aspx
698,Redian Software,India,INDIA-DOMESTIC,"Country field in the official convergenceindia.org 'List of Participants' directory (structured per-exhibitor filter data — a 'Country' facet built into the site's own exhibitor search/filter UI, not free text or name-guessed) lists this exhibitor's country as ""India"".",IoT & Embedded Tech,Hall 4,E4-27,https://www.convergenceindia.org/exhibitors-and-participants-convergence-india.aspx
699,Redington Limited,India,INDIA-DOMESTIC,"Country field in the official convergenceindia.org 'List of Participants' directory (structured per-exhibitor filter data — a 'Country' facet built into the site's own exhibitor search/filter UI, not free text or name-guessed) lists this exhibitor's country as ""India"".",Artificial Intelligence,Hall 3,A3-50,https://www.convergenceindia.org/exhibitors-and-participants-convergence-india.aspx
700,Reeloid Media Pvt Ltd,India,INDIA-DOMESTIC,"Country field in the official convergenceindia.org 'List of Participants' directory (structured per-exhibitor filter data — a 'Country' facet built into the site's own exhibitor search/filter UI, not free text or name-guessed) lists this exhibitor's country as ""India"".",IoT & Embedded Tech,Hall 5,D5-88,https://www.convergenceindia.org/exhibitors-and-participants-convergence-india.aspx
701,Reeyam Engineering And Technology Private Limited,India,INDIA-DOMESTIC,"Country field in the official convergenceindia.org 'List of Participants' directory (structured per-exhibitor filter data — a 'Country' facet built into the site's own exhibitor search/filter UI, not free text or name-guessed) lists this exhibitor's country as ""India"".",Startup,Hall 1,P24,https://www.convergenceindia.org/exhibitors-and-participants-convergence-india.aspx
702,Regard Network Solution Ltd,India,INDIA-DOMESTIC,"Country field in the official convergenceindia.org 'List of Participants' directory (structured per-exhibitor filter data — a 'Country' facet built into the site's own exhibitor search/filter UI, not free text or name-guessed) lists this exhibitor's country as ""India"".",Internet of Things,Hall 5,A5-61,https://www.convergenceindia.org/exhibitors-and-participants-convergence-india.aspx
703,Regashri Technolgies Pvt Ltd,India,INDIA-DOMESTIC,"Country field in the official convergenceindia.org 'List of Participants' directory (structured per-exhibitor filter data — a 'Country' facet built into the site's own exhibitor search/filter UI, not free text or name-guessed) lists this exhibitor's country as ""India"".",IT & Communications,Hall 5,A5-62,https://www.convergenceindia.org/exhibitors-and-participants-convergence-india.aspx
704,Responscity Systems,India,INDIA-DOMESTIC,"Country field in the official convergenceindia.org 'List of Participants' directory (structured per-exhibitor filter data — a 'Country' facet built into the site's own exhibitor search/filter UI, not free text or name-guessed) lists this exhibitor's country as ""India"".",Smart Future Cities,Hall 3,B3-64,https://www.convergenceindia.org/exhibitors-and-participants-convergence-india.aspx
705,Rhino Services Private Limited,India,INDIA-DOMESTIC,"Country field in the official convergenceindia.org 'List of Participants' directory (structured per-exhibitor filter data — a 'Country' facet built into the site's own exhibitor search/filter UI, not free text or name-guessed) lists this exhibitor's country as ""India"".",Smart Mobility,Hall 1,A1-41,https://www.convergenceindia.org/exhibitors-and-participants-convergence-india.aspx
706,RingMoney,India,INDIA-DOMESTIC,"Country field in the official convergenceindia.org 'List of Participants' directory (structured per-exhibitor filter data — a 'Country' facet built into the site's own exhibitor search/filter UI, not free text or name-guessed) lists this exhibitor's country as ""India"".",Startup,Hall 1,P116,https://www.convergenceindia.org/exhibitors-and-participants-convergence-india.aspx
707,RishiKirti Technologies,India,INDIA-DOMESTIC,"Country field in the official convergenceindia.org 'List of Participants' directory (structured per-exhibitor filter data — a 'Country' facet built into the site's own exhibitor search/filter UI, not free text or name-guessed) lists this exhibitor's country as ""India"".",IoT & Embedded Tech,Hall 4,E4-14,https://www.convergenceindia.org/exhibitors-and-participants-convergence-india.aspx
708,Risknox.ai,India,INDIA-DOMESTIC,"Country field in the official convergenceindia.org 'List of Participants' directory (structured per-exhibitor filter data — a 'Country' facet built into the site's own exhibitor search/filter UI, not free text or name-guessed) lists this exhibitor's country as ""India"".",Startup,Hall 1,P34,https://www.convergenceindia.org/exhibitors-and-participants-convergence-india.aspx
709,RLAI Consultancy Pvt. Ltd.,India,INDIA-DOMESTIC,"Country field in the official convergenceindia.org 'List of Participants' directory (structured per-exhibitor filter data — a 'Country' facet built into the site's own exhibitor search/filter UI, not free text or name-guessed) lists this exhibitor's country as ""India"".",Startup,Hall 1,E1-01,https://www.convergenceindia.org/exhibitors-and-participants-convergence-india.aspx
710,RLG Systems India Pvt Ltd,India,INDIA-DOMESTIC,"Country field in the official convergenceindia.org 'List of Participants' directory (structured per-exhibitor filter data — a 'Country' facet built into the site's own exhibitor search/filter UI, not free text or name-guessed) lists this exhibitor's country as ""India"".",IoT & Embedded Tech,Hall 4,C4-09,https://www.convergenceindia.org/exhibitors-and-participants-convergence-india.aspx
711,"RoadAthena®, Road for Growth",India,INDIA-DOMESTIC,"Country field in the official convergenceindia.org 'List of Participants' directory (structured per-exhibitor filter data — a 'Country' facet built into the site's own exhibitor search/filter UI, not free text or name-guessed) lists this exhibitor's country as ""India"".",IoT & Embedded Tech,Hall 5,D5-80-A,https://www.convergenceindia.org/exhibitors-and-participants-convergence-india.aspx
712,ROBBO TECHNOLOGIES,Russia,FOREIGN,"Country field in the official convergenceindia.org 'List of Participants' directory (structured per-exhibitor filter data — a 'Country' facet built into the site's own exhibitor search/filter UI, not free text or name-guessed) lists this exhibitor's country as ""Russia"".",IT & Communications,Hall 3,B3-50,https://www.convergenceindia.org/exhibitors-and-participants-convergence-india.aspx
713,Robonite Robotics & STEAM Education Pvt Ltd.,India,INDIA-DOMESTIC,"Country field in the official convergenceindia.org 'List of Participants' directory (structured per-exhibitor filter data — a 'Country' facet built into the site's own exhibitor search/filter UI, not free text or name-guessed) lists this exhibitor's country as ""India"".",Startup,Hall 1,P57,https://www.convergenceindia.org/exhibitors-and-participants-convergence-india.aspx
714,Robotics Business News,India,INDIA-DOMESTIC,"Country field in the official convergenceindia.org 'List of Participants' directory (structured per-exhibitor filter data — a 'Country' facet built into the site's own exhibitor search/filter UI, not free text or name-guessed) lists this exhibitor's country as ""India"".",Media Partner,,,https://www.convergenceindia.org/exhibitors-and-participants-convergence-india.aspx
715,ROOTLE VOCONV PRIVATE LIMITED,India,INDIA-DOMESTIC,"Country field in the official convergenceindia.org 'List of Participants' directory (structured per-exhibitor filter data — a 'Country' facet built into the site's own exhibitor search/filter UI, not free text or name-guessed) lists this exhibitor's country as ""India"".",Artificial Intelligence,Hall 5,B5-98,https://www.convergenceindia.org/exhibitors-and-participants-convergence-india.aspx
716,RoshAi,India,INDIA-DOMESTIC,"Country field in the official convergenceindia.org 'List of Participants' directory (structured per-exhibitor filter data — a 'Country' facet built into the site's own exhibitor search/filter UI, not free text or name-guessed) lists this exhibitor's country as ""India"".",IoT & Embedded Tech,Hall 5,E5-110,https://www.convergenceindia.org/exhibitors-and-participants-convergence-india.aspx
717,Round Robin Tech Services Pvt Ltd,India,INDIA-DOMESTIC,"Country field in the official convergenceindia.org 'List of Participants' directory (structured per-exhibitor filter data — a 'Country' facet built into the site's own exhibitor search/filter UI, not free text or name-guessed) lists this exhibitor's country as ""India"".",IT & Communications,Hall 5,A5-140,https://www.convergenceindia.org/exhibitors-and-participants-convergence-india.aspx
718,Royal Impact Certification Limited,India,INDIA-DOMESTIC,"Country field in the official convergenceindia.org 'List of Participants' directory (structured per-exhibitor filter data — a 'Country' facet built into the site's own exhibitor search/filter UI, not free text or name-guessed) lists this exhibitor's country as ""India"".",IT & Communications,Hall 3,C3-71,https://www.convergenceindia.org/exhibitors-and-participants-convergence-india.aspx
719,Rublevo-Arkhangelskoye JSC,Russia,FOREIGN,"Country field in the official convergenceindia.org 'List of Participants' directory (structured per-exhibitor filter data — a 'Country' facet built into the site's own exhibitor search/filter UI, not free text or name-guessed) lists this exhibitor's country as ""Russia"".",Smart Future Cities,Hall 3,C3-75,https://www.convergenceindia.org/exhibitors-and-participants-convergence-india.aspx
720,Rugged Solar Products Private Limited,India,INDIA-DOMESTIC,"Country field in the official convergenceindia.org 'List of Participants' directory (structured per-exhibitor filter data — a 'Country' facet built into the site's own exhibitor search/filter UI, not free text or name-guessed) lists this exhibitor's country as ""India"".",Smart Future Cities,,,https://www.convergenceindia.org/exhibitors-and-participants-convergence-india.aspx
721,RUNTIME SOLUTIONS,India,INDIA-DOMESTIC,"Country field in the official convergenceindia.org 'List of Participants' directory (structured per-exhibitor filter data — a 'Country' facet built into the site's own exhibitor search/filter UI, not free text or name-guessed) lists this exhibitor's country as ""India"".",IoT & Embedded Tech,Hall 4,D4-25,https://www.convergenceindia.org/exhibitors-and-participants-convergence-india.aspx
722,Ruptela,India,INDIA-DOMESTIC,"Country field in the official convergenceindia.org 'List of Participants' directory (structured per-exhibitor filter data — a 'Country' facet built into the site's own exhibitor search/filter UI, not free text or name-guessed) lists this exhibitor's country as ""India"".",Internet of Things,Hall 3,A3-46,https://www.convergenceindia.org/exhibitors-and-participants-convergence-india.aspx
723,RURU TEK PRIVATE LIMITED,India,INDIA-DOMESTIC,"Country field in the official convergenceindia.org 'List of Participants' directory (structured per-exhibitor filter data — a 'Country' facet built into the site's own exhibitor search/filter UI, not free text or name-guessed) lists this exhibitor's country as ""India"".",Broadcast & Satcom,,Sponsorship,https://www.convergenceindia.org/exhibitors-and-participants-convergence-india.aspx
724,RYVON INTELLIGENCE,India,INDIA-DOMESTIC,"Country field in the official convergenceindia.org 'List of Participants' directory (structured per-exhibitor filter data — a 'Country' facet built into the site's own exhibitor search/filter UI, not free text or name-guessed) lists this exhibitor's country as ""India"".",Startup,Hall 1,P110,https://www.convergenceindia.org/exhibitors-and-participants-convergence-india.aspx
725,S.L.N Technologies Pvt. Ltd,India,INDIA-DOMESTIC,"Country field in the official convergenceindia.org 'List of Participants' directory (structured per-exhibitor filter data — a 'Country' facet built into the site's own exhibitor search/filter UI, not free text or name-guessed) lists this exhibitor's country as ""India"".",IoT & Embedded Tech,Hall 4,C4-03,https://www.convergenceindia.org/exhibitors-and-participants-convergence-india.aspx
726,Saarthi AI,India,INDIA-DOMESTIC,"Country field in the official convergenceindia.org 'List of Participants' directory (structured per-exhibitor filter data — a 'Country' facet built into the site's own exhibitor search/filter UI, not free text or name-guessed) lists this exhibitor's country as ""India"".",IT & Communications,Hall 5,B5-111,https://www.convergenceindia.org/exhibitors-and-participants-convergence-india.aspx
727,Safe Secure,India,INDIA-DOMESTIC,"Country field in the official convergenceindia.org 'List of Participants' directory (structured per-exhibitor filter data — a 'Country' facet built into the site's own exhibitor search/filter UI, not free text or name-guessed) lists this exhibitor's country as ""India"".",Media Partner,Hall 5,B5-84,https://www.convergenceindia.org/exhibitors-and-participants-convergence-india.aspx
728,Sage Software Solutions Pvt Ltd,India,INDIA-DOMESTIC,"Country field in the official convergenceindia.org 'List of Participants' directory (structured per-exhibitor filter data — a 'Country' facet built into the site's own exhibitor search/filter UI, not free text or name-guessed) lists this exhibitor's country as ""India"".",IoT & Embedded Tech,Hall 4,G4-15,https://www.convergenceindia.org/exhibitors-and-participants-convergence-india.aspx
729,Saharanpur Smart City Limited,India,INDIA-DOMESTIC,"Country field in the official convergenceindia.org 'List of Participants' directory (structured per-exhibitor filter data — a 'Country' facet built into the site's own exhibitor search/filter UI, not free text or name-guessed) lists this exhibitor's country as ""India"".",Smart Future Cities,Hall 1,D1-23,https://www.convergenceindia.org/exhibitors-and-participants-convergence-india.aspx
730,Sahasra Electronic Solutions Limited,India,INDIA-DOMESTIC,"Country field in the official convergenceindia.org 'List of Participants' directory (structured per-exhibitor filter data — a 'Country' facet built into the site's own exhibitor search/filter UI, not free text or name-guessed) lists this exhibitor's country as ""India"".",IoT & Embedded Tech,Hall 4,B4-01,https://www.convergenceindia.org/exhibitors-and-participants-convergence-india.aspx
731,SAHI,India,INDIA-DOMESTIC,"Country field in the official convergenceindia.org 'List of Participants' directory (structured per-exhibitor filter data — a 'Country' facet built into the site's own exhibitor search/filter UI, not free text or name-guessed) lists this exhibitor's country as ""India"".",FinTech,Hall 2,B2-49,https://www.convergenceindia.org/exhibitors-and-participants-convergence-india.aspx
732,Sai Super Pack,India,INDIA-DOMESTIC,"Country field in the official convergenceindia.org 'List of Participants' directory (structured per-exhibitor filter data — a 'Country' facet built into the site's own exhibitor search/filter UI, not free text or name-guessed) lists this exhibitor's country as ""India"".",Smart Mobility,Hall 1,B1-25,https://www.convergenceindia.org/exhibitors-and-participants-convergence-india.aspx
733,Saltech Design Labs Pvt. Ltd,India,INDIA-DOMESTIC,"Country field in the official convergenceindia.org 'List of Participants' directory (structured per-exhibitor filter data — a 'Country' facet built into the site's own exhibitor search/filter UI, not free text or name-guessed) lists this exhibitor's country as ""India"".",Startup,Hall 1,P72,https://www.convergenceindia.org/exhibitors-and-participants-convergence-india.aspx
734,SAMYAK INFOTECH,India,INDIA-DOMESTIC,"Country field in the official convergenceindia.org 'List of Participants' directory (structured per-exhibitor filter data — a 'Country' facet built into the site's own exhibitor search/filter UI, not free text or name-guessed) lists this exhibitor's country as ""India"".",IoT & Embedded Tech,Hall 4,E4-21,https://www.convergenceindia.org/exhibitors-and-participants-convergence-india.aspx
735,Samyotech,India,INDIA-DOMESTIC,"Country field in the official convergenceindia.org 'List of Participants' directory (structured per-exhibitor filter data — a 'Country' facet built into the site's own exhibitor search/filter UI, not free text or name-guessed) lists this exhibitor's country as ""India"".",IoT & Embedded Tech,Hall 4,G4-45,https://www.convergenceindia.org/exhibitors-and-participants-convergence-india.aspx
736,Sandisk,India,INDIA-DOMESTIC,"Country field in the official convergenceindia.org 'List of Participants' directory (structured per-exhibitor filter data — a 'Country' facet built into the site's own exhibitor search/filter UI, not free text or name-guessed) lists this exhibitor's country as ""India"".",Embedded Tech,Hall 3,B3-43,https://www.convergenceindia.org/exhibitors-and-participants-convergence-india.aspx
737,SAP india,India,INDIA-DOMESTIC,"Country field in the official convergenceindia.org 'List of Participants' directory (structured per-exhibitor filter data — a 'Country' facet built into the site's own exhibitor search/filter UI, not free text or name-guessed) lists this exhibitor's country as ""India"".",Artificial Intelligence,Hall 3,A3-48,https://www.convergenceindia.org/exhibitors-and-participants-convergence-india.aspx
738,SapidBlue Technologies,India,INDIA-DOMESTIC,"Country field in the official convergenceindia.org 'List of Participants' directory (structured per-exhibitor filter data — a 'Country' facet built into the site's own exhibitor search/filter UI, not free text or name-guessed) lists this exhibitor's country as ""India"".",IoT & Embedded Tech,Hall 4,E4-31,https://www.convergenceindia.org/exhibitors-and-participants-convergence-india.aspx
739,Saranyu Technologies Pvt Ltd,India,INDIA-DOMESTIC,"Country field in the official convergenceindia.org 'List of Participants' directory (structured per-exhibitor filter data — a 'Country' facet built into the site's own exhibitor search/filter UI, not free text or name-guessed) lists this exhibitor's country as ""India"".",IT & Communications,Hall 5,B5-102,https://www.convergenceindia.org/exhibitors-and-participants-convergence-india.aspx
740,SAUR ENERGY INTERNATIONAL,India,INDIA-DOMESTIC,"Country field in the official convergenceindia.org 'List of Participants' directory (structured per-exhibitor filter data — a 'Country' facet built into the site's own exhibitor search/filter UI, not free text or name-guessed) lists this exhibitor's country as ""India"".",Media Partner,,,https://www.convergenceindia.org/exhibitors-and-participants-convergence-india.aspx
741,Saurashtra Security & Surveillance Association (SSSA),India,INDIA-DOMESTIC,"Country field in the official convergenceindia.org 'List of Participants' directory (structured per-exhibitor filter data — a 'Country' facet built into the site's own exhibitor search/filter UI, not free text or name-guessed) lists this exhibitor's country as ""India"".",Association,,,https://www.convergenceindia.org/exhibitors-and-participants-convergence-india.aspx
742,Savex Technologies Pvt Ltd,India,INDIA-DOMESTIC,"Country field in the official convergenceindia.org 'List of Participants' directory (structured per-exhibitor filter data — a 'Country' facet built into the site's own exhibitor search/filter UI, not free text or name-guessed) lists this exhibitor's country as ""India"".",Artificial Intelligence,Hall 3,C3-40,https://www.convergenceindia.org/exhibitors-and-participants-convergence-india.aspx
743,Scalefusion,India,INDIA-DOMESTIC,"Country field in the official convergenceindia.org 'List of Participants' directory (structured per-exhibitor filter data — a 'Country' facet built into the site's own exhibitor search/filter UI, not free text or name-guessed) lists this exhibitor's country as ""India"".",IT & Communications,Hall 2,A2-01,https://www.convergenceindia.org/exhibitors-and-participants-convergence-india.aspx
744,SCALEUP INFRATECH PRIVATE LIMITED,India,INDIA-DOMESTIC,"Country field in the official convergenceindia.org 'List of Participants' directory (structured per-exhibitor filter data — a 'Country' facet built into the site's own exhibitor search/filter UI, not free text or name-guessed) lists this exhibitor's country as ""India"".",Artificial Intelligence,Hall 3,B3-26,https://www.convergenceindia.org/exhibitors-and-participants-convergence-india.aspx
745,Schedio Scientific pvt ltd,India,INDIA-DOMESTIC,"Country field in the official convergenceindia.org 'List of Participants' directory (structured per-exhibitor filter data — a 'Country' facet built into the site's own exhibitor search/filter UI, not free text or name-guessed) lists this exhibitor's country as ""India"".",Startup,Hall 1,P35,https://www.convergenceindia.org/exhibitors-and-participants-convergence-india.aspx
746,Search Mart India,India,INDIA-DOMESTIC,"Country field in the official convergenceindia.org 'List of Participants' directory (structured per-exhibitor filter data — a 'Country' facet built into the site's own exhibitor search/filter UI, not free text or name-guessed) lists this exhibitor's country as ""India"".",Media Partner,Hall 2,B2-52,https://www.convergenceindia.org/exhibitors-and-participants-convergence-india.aspx
747,SearchMyTenders,India,INDIA-DOMESTIC,"Country field in the official convergenceindia.org 'List of Participants' directory (structured per-exhibitor filter data — a 'Country' facet built into the site's own exhibitor search/filter UI, not free text or name-guessed) lists this exhibitor's country as ""India"".",Startup,Hall 1,P67,https://www.convergenceindia.org/exhibitors-and-participants-convergence-india.aspx
748,SECURACY.AI,India,INDIA-DOMESTIC,"Country field in the official convergenceindia.org 'List of Participants' directory (structured per-exhibitor filter data — a 'Country' facet built into the site's own exhibitor search/filter UI, not free text or name-guessed) lists this exhibitor's country as ""India"".",IoT & Embedded Tech,Hall 4,D4-28,https://www.convergenceindia.org/exhibitors-and-participants-convergence-india.aspx
749,Secure Connection Private Limited,India,INDIA-DOMESTIC,"Country field in the official convergenceindia.org 'List of Participants' directory (structured per-exhibitor filter data — a 'Country' facet built into the site's own exhibitor search/filter UI, not free text or name-guessed) lists this exhibitor's country as ""India"".",Mobile Devices & Accessories,Hall 2,D2-10,https://www.convergenceindia.org/exhibitors-and-participants-convergence-india.aspx
750,Secureye,India,INDIA-DOMESTIC,"Country field in the official convergenceindia.org 'List of Participants' directory (structured per-exhibitor filter data — a 'Country' facet built into the site's own exhibitor search/filter UI, not free text or name-guessed) lists this exhibitor's country as ""India"".",IT & Communications,Hall 5,C5-295,https://www.convergenceindia.org/exhibitors-and-participants-convergence-india.aspx
751,Security Link India,India,INDIA-DOMESTIC,"Country field in the official convergenceindia.org 'List of Participants' directory (structured per-exhibitor filter data — a 'Country' facet built into the site's own exhibitor search/filter UI, not free text or name-guessed) lists this exhibitor's country as ""India"".",Media Partner,Hall 5,A5-75,https://www.convergenceindia.org/exhibitors-and-participants-convergence-india.aspx
752,Senseoriginal Technologies Pvt.Ltd,India,INDIA-DOMESTIC,"Country field in the official convergenceindia.org 'List of Participants' directory (structured per-exhibitor filter data — a 'Country' facet built into the site's own exhibitor search/filter UI, not free text or name-guessed) lists this exhibitor's country as ""India"".",Startup,Hall 1,E1-01,https://www.convergenceindia.org/exhibitors-and-participants-convergence-india.aspx
753,Serko,New Zealand,FOREIGN,"Country field in the official convergenceindia.org 'List of Participants' directory (structured per-exhibitor filter data — a 'Country' facet built into the site's own exhibitor search/filter UI, not free text or name-guessed) lists this exhibitor's country as ""New Zealand"".",IT & Communications,Hall 5,E5-50,https://www.convergenceindia.org/exhibitors-and-participants-convergence-india.aspx
754,ServerGurus,India,INDIA-DOMESTIC,"Country field in the official convergenceindia.org 'List of Participants' directory (structured per-exhibitor filter data — a 'Country' facet built into the site's own exhibitor search/filter UI, not free text or name-guessed) lists this exhibitor's country as ""India"".",Internet of Things,Hall 3,C3-24,https://www.convergenceindia.org/exhibitors-and-participants-convergence-india.aspx
755,SESHAASAI TECHNOLOGIES LIMITED,India,INDIA-DOMESTIC,"Country field in the official convergenceindia.org 'List of Participants' directory (structured per-exhibitor filter data — a 'Country' facet built into the site's own exhibitor search/filter UI, not free text or name-guessed) lists this exhibitor's country as ""India"".",FinTech,Hall 2,A2-45,https://www.convergenceindia.org/exhibitors-and-participants-convergence-india.aspx
756,Shareperks Technologies Private Limited,India,INDIA-DOMESTIC,"Country field in the official convergenceindia.org 'List of Participants' directory (structured per-exhibitor filter data — a 'Country' facet built into the site's own exhibitor search/filter UI, not free text or name-guessed) lists this exhibitor's country as ""India"".",FinTech,Hall 2,A2-43,https://www.convergenceindia.org/exhibitors-and-participants-convergence-india.aspx
757,"Shenzhen Bat Wireless Technology Co.,Ltd",China,FOREIGN,"Country field in the official convergenceindia.org 'List of Participants' directory (structured per-exhibitor filter data — a 'Country' facet built into the site's own exhibitor search/filter UI, not free text or name-guessed) lists this exhibitor's country as ""China"".",IT & Communications,Hall 5,B5-122,https://www.convergenceindia.org/exhibitors-and-participants-convergence-india.aspx
758,"Shenzhen CYX Industrial CO., LTD",China,FOREIGN,"Country field in the official convergenceindia.org 'List of Participants' directory (structured per-exhibitor filter data — a 'Country' facet built into the site's own exhibitor search/filter UI, not free text or name-guessed) lists this exhibitor's country as ""China"".",Mobile Devices & Accessories,Hall 2,C2-30,https://www.convergenceindia.org/exhibitors-and-participants-convergence-india.aspx
759,"Shenzhen ISEELINK Communication Co., Ltd",China,FOREIGN,"Country field in the official convergenceindia.org 'List of Participants' directory (structured per-exhibitor filter data — a 'Country' facet built into the site's own exhibitor search/filter UI, not free text or name-guessed) lists this exhibitor's country as ""CHINA"".",IT & Communications,Hall 5,B5-124,https://www.convergenceindia.org/exhibitors-and-participants-convergence-india.aspx
760,"Shenzhen MAITUO Technology Co., Ltd",China,FOREIGN,"Country field in the official convergenceindia.org 'List of Participants' directory (structured per-exhibitor filter data — a 'Country' facet built into the site's own exhibitor search/filter UI, not free text or name-guessed) lists this exhibitor's country as ""China"".",Embedded Tech,Hall 3,C3-10,https://www.convergenceindia.org/exhibitors-and-participants-convergence-india.aspx
761,"Shenzhen Skyworth Digital Technology Co., LTD.",China,FOREIGN,"Country field in the official convergenceindia.org 'List of Participants' directory (structured per-exhibitor filter data — a 'Country' facet built into the site's own exhibitor search/filter UI, not free text or name-guessed) lists this exhibitor's country as ""China"".",IT & Communications,Hall 5,C5-125,https://www.convergenceindia.org/exhibitors-and-participants-convergence-india.aspx
762,Shenzhen Transcom Technology Limited,China,FOREIGN,"Country field in the official convergenceindia.org 'List of Participants' directory (structured per-exhibitor filter data — a 'Country' facet built into the site's own exhibitor search/filter UI, not free text or name-guessed) lists this exhibitor's country as ""China"".",IT & Communications,Hall 5,B5-133,https://www.convergenceindia.org/exhibitors-and-participants-convergence-india.aspx
763,"Shenzhen Wayos Technology Co., Ltd",China,FOREIGN,"Country field in the official convergenceindia.org 'List of Participants' directory (structured per-exhibitor filter data — a 'Country' facet built into the site's own exhibitor search/filter UI, not free text or name-guessed) lists this exhibitor's country as ""China"".",IT & Communications,Hall 5,B5-52,https://www.convergenceindia.org/exhibitors-and-participants-convergence-india.aspx
764,Shigan Electronics Private Limited,India,INDIA-DOMESTIC,"Country field in the official convergenceindia.org 'List of Participants' directory (structured per-exhibitor filter data — a 'Country' facet built into the site's own exhibitor search/filter UI, not free text or name-guessed) lists this exhibitor's country as ""India"".",IoT & Embedded Tech,Hall 4,B4-15,https://www.convergenceindia.org/exhibitors-and-participants-convergence-india.aspx
765,Shilpmis Technologies Private Limited,India,INDIA-DOMESTIC,"Country field in the official convergenceindia.org 'List of Participants' directory (structured per-exhibitor filter data — a 'Country' facet built into the site's own exhibitor search/filter UI, not free text or name-guessed) lists this exhibitor's country as ""India"".",IT & Communications,Hall 5,A5-45,https://www.convergenceindia.org/exhibitors-and-participants-convergence-india.aspx
766,Shinkoh Elecs,India,INDIA-DOMESTIC,"Country field in the official convergenceindia.org 'List of Participants' directory (structured per-exhibitor filter data — a 'Country' facet built into the site's own exhibitor search/filter UI, not free text or name-guessed) lists this exhibitor's country as ""India"".",IoT & Embedded Tech,Hall 5,D5 - 100,https://www.convergenceindia.org/exhibitors-and-participants-convergence-india.aspx
767,Shivaami,India,INDIA-DOMESTIC,"Country field in the official convergenceindia.org 'List of Participants' directory (structured per-exhibitor filter data — a 'Country' facet built into the site's own exhibitor search/filter UI, not free text or name-guessed) lists this exhibitor's country as ""India"".",IoT & Embedded Tech,Hall 4,G4-16,https://www.convergenceindia.org/exhibitors-and-participants-convergence-india.aspx
768,SHIVAM ELECTRONICS,India,INDIA-DOMESTIC,"Country field in the official convergenceindia.org 'List of Participants' directory (structured per-exhibitor filter data — a 'Country' facet built into the site's own exhibitor search/filter UI, not free text or name-guessed) lists this exhibitor's country as ""India"".",IT & Communications,Hall 5,D5-53,https://www.convergenceindia.org/exhibitors-and-participants-convergence-india.aspx
769,ShopLinx,India,INDIA-DOMESTIC,"Country field in the official convergenceindia.org 'List of Participants' directory (structured per-exhibitor filter data — a 'Country' facet built into the site's own exhibitor search/filter UI, not free text or name-guessed) lists this exhibitor's country as ""India"".",Startup,Hall 1,P111,https://www.convergenceindia.org/exhibitors-and-participants-convergence-india.aspx
770,Shree Krishna infotech,India,INDIA-DOMESTIC,"Country field in the official convergenceindia.org 'List of Participants' directory (structured per-exhibitor filter data — a 'Country' facet built into the site's own exhibitor search/filter UI, not free text or name-guessed) lists this exhibitor's country as ""India"".",FinTech,Hall 3,B3-74,https://www.convergenceindia.org/exhibitors-and-participants-convergence-india.aspx
771,Shree Sai Infocomm,India,INDIA-DOMESTIC,"Country field in the official convergenceindia.org 'List of Participants' directory (structured per-exhibitor filter data — a 'Country' facet built into the site's own exhibitor search/filter UI, not free text or name-guessed) lists this exhibitor's country as ""India"".",IT & Communications,Hall 2,C2-29,https://www.convergenceindia.org/exhibitors-and-participants-convergence-india.aspx
772,Shree Vinayaga,India,INDIA-DOMESTIC,"Country field in the official convergenceindia.org 'List of Participants' directory (structured per-exhibitor filter data — a 'Country' facet built into the site's own exhibitor search/filter UI, not free text or name-guessed) lists this exhibitor's country as ""India"".",IT & Communications,Hall 5,B5-77,https://www.convergenceindia.org/exhibitors-and-participants-convergence-india.aspx
773,Shupletsov Aleksei Ivanovich (IP),Russia,FOREIGN,"Country field in the official convergenceindia.org 'List of Participants' directory (structured per-exhibitor filter data — a 'Country' facet built into the site's own exhibitor search/filter UI, not free text or name-guessed) lists this exhibitor's country as ""Russia"".",Smart Mobility,Hall 3,B3–33,https://www.convergenceindia.org/exhibitors-and-participants-convergence-india.aspx
774,Shyam Future Tech Pvt. Ltd.,India,INDIA-DOMESTIC,"Country field in the official convergenceindia.org 'List of Participants' directory (structured per-exhibitor filter data — a 'Country' facet built into the site's own exhibitor search/filter UI, not free text or name-guessed) lists this exhibitor's country as ""India"".",Internet of Things,Hall 3,C3-78,https://www.convergenceindia.org/exhibitors-and-participants-convergence-india.aspx
775,SIA India,India,INDIA-DOMESTIC,"Country field in the official convergenceindia.org 'List of Participants' directory (structured per-exhibitor filter data — a 'Country' facet built into the site's own exhibitor search/filter UI, not free text or name-guessed) lists this exhibitor's country as ""India"".",Association,,,https://www.convergenceindia.org/exhibitors-and-participants-convergence-india.aspx
776,Siemens,India,INDIA-DOMESTIC,"Country field in the official convergenceindia.org 'List of Participants' directory (structured per-exhibitor filter data — a 'Country' facet built into the site's own exhibitor search/filter UI, not free text or name-guessed) lists this exhibitor's country as ""India"".",IT & Communications,Hall 5,A5-20,https://www.convergenceindia.org/exhibitors-and-participants-convergence-india.aspx
777,Signal File,India,INDIA-DOMESTIC,"Country field in the official convergenceindia.org 'List of Participants' directory (structured per-exhibitor filter data — a 'Country' facet built into the site's own exhibitor search/filter UI, not free text or name-guessed) lists this exhibitor's country as ""India"".",IT & Communications,Hall 5,B5-59,https://www.convergenceindia.org/exhibitors-and-participants-convergence-india.aspx
778,"SIGNAL FIRE TECHNOLOGY CO., LTD.",China,FOREIGN,"Country field in the official convergenceindia.org 'List of Participants' directory (structured per-exhibitor filter data — a 'Country' facet built into the site's own exhibitor search/filter UI, not free text or name-guessed) lists this exhibitor's country as ""China"".",IT & Communications,Hall 5,B5-59,https://www.convergenceindia.org/exhibitors-and-participants-convergence-india.aspx
779,Silicon India,India,INDIA-DOMESTIC,"Country field in the official convergenceindia.org 'List of Participants' directory (structured per-exhibitor filter data — a 'Country' facet built into the site's own exhibitor search/filter UI, not free text or name-guessed) lists this exhibitor's country as ""India"".",Media Partner,,,https://www.convergenceindia.org/exhibitors-and-participants-convergence-india.aspx
780,Silicon IT Hub Pvt Ltd,India,INDIA-DOMESTIC,"Country field in the official convergenceindia.org 'List of Participants' directory (structured per-exhibitor filter data — a 'Country' facet built into the site's own exhibitor search/filter UI, not free text or name-guessed) lists this exhibitor's country as ""India"".",IoT & Embedded Tech,Hall 5,E5-115,https://www.convergenceindia.org/exhibitors-and-participants-convergence-india.aspx
781,Simple Logic It Pvt Ltd,India,INDIA-DOMESTIC,"Country field in the official convergenceindia.org 'List of Participants' directory (structured per-exhibitor filter data — a 'Country' facet built into the site's own exhibitor search/filter UI, not free text or name-guessed) lists this exhibitor's country as ""India"".",Artificial Intelligence,Hall 3,B3-76,https://www.convergenceindia.org/exhibitors-and-participants-convergence-india.aspx
782,Singularity India,India,INDIA-DOMESTIC,"Country field in the official convergenceindia.org 'List of Participants' directory (structured per-exhibitor filter data — a 'Country' facet built into the site's own exhibitor search/filter UI, not free text or name-guessed) lists this exhibitor's country as ""India"".",FinTech,Hall 3,B3-74,https://www.convergenceindia.org/exhibitors-and-participants-convergence-india.aspx
783,Sinisys Software Pvt Ltd,India,INDIA-DOMESTIC,"Country field in the official convergenceindia.org 'List of Participants' directory (structured per-exhibitor filter data — a 'Country' facet built into the site's own exhibitor search/filter UI, not free text or name-guessed) lists this exhibitor's country as ""India"".",Artificial Intelligence,Hall 5,C5-146,https://www.convergenceindia.org/exhibitors-and-participants-convergence-india.aspx
784,Skydro Aqua Private Limited,India,INDIA-DOMESTIC,"Country field in the official convergenceindia.org 'List of Participants' directory (structured per-exhibitor filter data — a 'Country' facet built into the site's own exhibitor search/filter UI, not free text or name-guessed) lists this exhibitor's country as ""India"".",Startup,Hall 1,P11,https://www.convergenceindia.org/exhibitors-and-participants-convergence-india.aspx
785,Smadlytics Inc,India,INDIA-DOMESTIC,"Country field in the official convergenceindia.org 'List of Participants' directory (structured per-exhibitor filter data — a 'Country' facet built into the site's own exhibitor search/filter UI, not free text or name-guessed) lists this exhibitor's country as ""India"".",Startup,Hall 1,P75,https://www.convergenceindia.org/exhibitors-and-participants-convergence-india.aspx
786,SMARTBOX LOCKERS,India,INDIA-DOMESTIC,"Country field in the official convergenceindia.org 'List of Participants' directory (structured per-exhibitor filter data — a 'Country' facet built into the site's own exhibitor search/filter UI, not free text or name-guessed) lists this exhibitor's country as ""India"".",IT & Communications,Hall 3,A3-33,https://www.convergenceindia.org/exhibitors-and-participants-convergence-india.aspx
787,Smartfox Technologies,India,INDIA-DOMESTIC,"Country field in the official convergenceindia.org 'List of Participants' directory (structured per-exhibitor filter data — a 'Country' facet built into the site's own exhibitor search/filter UI, not free text or name-guessed) lists this exhibitor's country as ""India"".",IT & Communications,Hall 3,B3-22,https://www.convergenceindia.org/exhibitors-and-participants-convergence-india.aspx
788,Smartping AI Pvt. Ltd.,India,INDIA-DOMESTIC,"Country field in the official convergenceindia.org 'List of Participants' directory (structured per-exhibitor filter data — a 'Country' facet built into the site's own exhibitor search/filter UI, not free text or name-guessed) lists this exhibitor's country as ""India"".",FinTech,Hall 2,A2-40,https://www.convergenceindia.org/exhibitors-and-participants-convergence-india.aspx
789,SMARTSTATION,India,INDIA-DOMESTIC,"Country field in the official convergenceindia.org 'List of Participants' directory (structured per-exhibitor filter data — a 'Country' facet built into the site's own exhibitor search/filter UI, not free text or name-guessed) lists this exhibitor's country as ""India"".",IoT & Embedded Tech,Hall 4,E4-16,https://www.convergenceindia.org/exhibitors-and-participants-convergence-india.aspx
790,smile security and surveillance private limited,India,INDIA-DOMESTIC,"Country field in the official convergenceindia.org 'List of Participants' directory (structured per-exhibitor filter data — a 'Country' facet built into the site's own exhibitor search/filter UI, not free text or name-guessed) lists this exhibitor's country as ""India"".",IT & Communications,Hall 3,B3-75,https://www.convergenceindia.org/exhibitors-and-participants-convergence-india.aspx
791,Snom Technology GmbH,Germany,FOREIGN,"Country field in the official convergenceindia.org 'List of Participants' directory (structured per-exhibitor filter data — a 'Country' facet built into the site's own exhibitor search/filter UI, not free text or name-guessed) lists this exhibitor's country as ""Germany"".",IT & Communications,Hall 5,D5-84,https://www.convergenceindia.org/exhibitors-and-participants-convergence-india.aspx
792,Society of Indian Automobile Manufacturers,India,INDIA-DOMESTIC,"Country field in the official convergenceindia.org 'List of Participants' directory (structured per-exhibitor filter data — a 'Country' facet built into the site's own exhibitor search/filter UI, not free text or name-guessed) lists this exhibitor's country as ""India"".",Smart Mobility,,,https://www.convergenceindia.org/exhibitors-and-participants-convergence-india.aspx
793,Society of Smart E-Mobility (SSEM),India,INDIA-DOMESTIC,"Country field in the official convergenceindia.org 'List of Participants' directory (structured per-exhibitor filter data — a 'Country' facet built into the site's own exhibitor search/filter UI, not free text or name-guessed) lists this exhibitor's country as ""India"".",Association,,,https://www.convergenceindia.org/exhibitors-and-participants-convergence-india.aspx
794,Sociovia AI,India,INDIA-DOMESTIC,"Country field in the official convergenceindia.org 'List of Participants' directory (structured per-exhibitor filter data — a 'Country' facet built into the site's own exhibitor search/filter UI, not free text or name-guessed) lists this exhibitor's country as ""India"".",Artificial Intelligence,Hall 5,A5-56,https://www.convergenceindia.org/exhibitors-and-participants-convergence-india.aspx
795,Sofrik Services Private Limited,India,INDIA-DOMESTIC,"Country field in the official convergenceindia.org 'List of Participants' directory (structured per-exhibitor filter data — a 'Country' facet built into the site's own exhibitor search/filter UI, not free text or name-guessed) lists this exhibitor's country as ""India"".",Startup,Hall 1,P86,https://www.convergenceindia.org/exhibitors-and-participants-convergence-india.aspx
796,Softcruise Technologies Pvt Ltd,India,INDIA-DOMESTIC,"Country field in the official convergenceindia.org 'List of Participants' directory (structured per-exhibitor filter data — a 'Country' facet built into the site's own exhibitor search/filter UI, not free text or name-guessed) lists this exhibitor's country as ""India"".",IoT & Embedded Tech,Hall 4,D4-31,https://www.convergenceindia.org/exhibitors-and-participants-convergence-india.aspx
797,Sokul,Russia,FOREIGN,"Country field in the official convergenceindia.org 'List of Participants' directory (structured per-exhibitor filter data — a 'Country' facet built into the site's own exhibitor search/filter UI, not free text or name-guessed) lists this exhibitor's country as ""Russia"".",Internet of Things,Hall 3,A3-51,https://www.convergenceindia.org/exhibitors-and-participants-convergence-india.aspx
798,SOLID4YOU EMARKKETING,India,INDIA-DOMESTIC,"Country field in the official convergenceindia.org 'List of Participants' directory (structured per-exhibitor filter data — a 'Country' facet built into the site's own exhibitor search/filter UI, not free text or name-guessed) lists this exhibitor's country as ""India"".",Broadcast & Satcom,Hall 5,B5-112,https://www.convergenceindia.org/exhibitors-and-participants-convergence-india.aspx
799,Solvinn Medtech,India,INDIA-DOMESTIC,"Country field in the official convergenceindia.org 'List of Participants' directory (structured per-exhibitor filter data — a 'Country' facet built into the site's own exhibitor search/filter UI, not free text or name-guessed) lists this exhibitor's country as ""India"".",Startup,Hall 1,DST Pavilion,https://www.convergenceindia.org/exhibitors-and-participants-convergence-india.aspx
800,Somireddy Law Group,United States,FOREIGN,"Country field in the official convergenceindia.org 'List of Participants' directory (structured per-exhibitor filter data — a 'Country' facet built into the site's own exhibitor search/filter UI, not free text or name-guessed) lists this exhibitor's country as ""United States"".",IoT & Embedded Tech,Hall 4,G4-06,https://www.convergenceindia.org/exhibitors-and-participants-convergence-india.aspx
801,Sophos,India,INDIA-DOMESTIC,"Country field in the official convergenceindia.org 'List of Participants' directory (structured per-exhibitor filter data — a 'Country' facet built into the site's own exhibitor search/filter UI, not free text or name-guessed) lists this exhibitor's country as ""India"".",Artificial Intelligence,Hall 3,C3-08,https://www.convergenceindia.org/exhibitors-and-participants-convergence-india.aspx
802,Sophus Technosol Private Limited,India,INDIA-DOMESTIC,"Country field in the official convergenceindia.org 'List of Participants' directory (structured per-exhibitor filter data — a 'Country' facet built into the site's own exhibitor search/filter UI, not free text or name-guessed) lists this exhibitor's country as ""India"".",Internet of Things,Hall 3,A3-12,https://www.convergenceindia.org/exhibitors-and-participants-convergence-india.aspx
803,SORADIS DIGITAL,India,INDIA-DOMESTIC,"Country field in the official convergenceindia.org 'List of Participants' directory (structured per-exhibitor filter data — a 'Country' facet built into the site's own exhibitor search/filter UI, not free text or name-guessed) lists this exhibitor's country as ""India"".",IoT & Embedded Tech,Hall 4,G4-21,https://www.convergenceindia.org/exhibitors-and-participants-convergence-india.aspx
804,Sparsa Digital Pvt. Ltd.,India,INDIA-DOMESTIC,"Country field in the official convergenceindia.org 'List of Participants' directory (structured per-exhibitor filter data — a 'Country' facet built into the site's own exhibitor search/filter UI, not free text or name-guessed) lists this exhibitor's country as ""India"".",Internet of Things,Hall 3,C3-27,https://www.convergenceindia.org/exhibitors-and-participants-convergence-india.aspx
805,Sparsh CCTV,India,INDIA-DOMESTIC,"Country field in the official convergenceindia.org 'List of Participants' directory (structured per-exhibitor filter data — a 'Country' facet built into the site's own exhibitor search/filter UI, not free text or name-guessed) lists this exhibitor's country as ""India"".",IoT & Embedded Tech,Hall 4,D4-01,https://www.convergenceindia.org/exhibitors-and-participants-convergence-india.aspx
806,Sphinx Solutions Pvt. Ltd.,India,INDIA-DOMESTIC,"Country field in the official convergenceindia.org 'List of Participants' directory (structured per-exhibitor filter data — a 'Country' facet built into the site's own exhibitor search/filter UI, not free text or name-guessed) lists this exhibitor's country as ""India"".",Artificial Intelligence,Hall 3,C3-67,https://www.convergenceindia.org/exhibitors-and-participants-convergence-india.aspx
807,SPIDERLINK,India,INDIA-DOMESTIC,"Country field in the official convergenceindia.org 'List of Participants' directory (structured per-exhibitor filter data — a 'Country' facet built into the site's own exhibitor search/filter UI, not free text or name-guessed) lists this exhibitor's country as ""India"".",IT & Communications,Hall 5,C5-140,https://www.convergenceindia.org/exhibitors-and-participants-convergence-india.aspx
808,SPS TOOLS,India,INDIA-DOMESTIC,"Country field in the official convergenceindia.org 'List of Participants' directory (structured per-exhibitor filter data — a 'Country' facet built into the site's own exhibitor search/filter UI, not free text or name-guessed) lists this exhibitor's country as ""India"".",Mobile Devices & Accessories,Hall 2,D2-53,https://www.convergenceindia.org/exhibitors-and-participants-convergence-india.aspx
809,Sputnik,Russia,FOREIGN,"Country field in the official convergenceindia.org 'List of Participants' directory (structured per-exhibitor filter data — a 'Country' facet built into the site's own exhibitor search/filter UI, not free text or name-guessed) lists this exhibitor's country as ""Russia"".",IT & Communications,Hall 3,B3-50,https://www.convergenceindia.org/exhibitors-and-participants-convergence-india.aspx
810,Squirrel Softech Services,India,INDIA-DOMESTIC,"Country field in the official convergenceindia.org 'List of Participants' directory (structured per-exhibitor filter data — a 'Country' facet built into the site's own exhibitor search/filter UI, not free text or name-guessed) lists this exhibitor's country as ""India"".",IoT & Embedded Tech,Hall 4,G4-23,https://www.convergenceindia.org/exhibitors-and-participants-convergence-india.aspx
811,SSG Netq Pvt. Ltd,India,INDIA-DOMESTIC,"Country field in the official convergenceindia.org 'List of Participants' directory (structured per-exhibitor filter data — a 'Country' facet built into the site's own exhibitor search/filter UI, not free text or name-guessed) lists this exhibitor's country as ""India"".",IT & Communications,Hall 5,D5-55,https://www.convergenceindia.org/exhibitors-and-participants-convergence-india.aspx
812,STAAH,New Zealand,FOREIGN,"Country field in the official convergenceindia.org 'List of Participants' directory (structured per-exhibitor filter data — a 'Country' facet built into the site's own exhibitor search/filter UI, not free text or name-guessed) lists this exhibitor's country as ""New Zealand"".",IT & Communications,Hall 5,E5-50,https://www.convergenceindia.org/exhibitors-and-participants-convergence-india.aspx
813,Startup Chhattisgarh,India,INDIA-DOMESTIC,"Country field in the official convergenceindia.org 'List of Participants' directory (structured per-exhibitor filter data — a 'Country' facet built into the site's own exhibitor search/filter UI, not free text or name-guessed) lists this exhibitor's country as ""India"".",Startup,Hall 1,P58,https://www.convergenceindia.org/exhibitors-and-participants-convergence-india.aspx
814,Startup Odisha,India,INDIA-DOMESTIC,"Country field in the official convergenceindia.org 'List of Participants' directory (structured per-exhibitor filter data — a 'Country' facet built into the site's own exhibitor search/filter UI, not free text or name-guessed) lists this exhibitor's country as ""India"".",Startup,,,https://www.convergenceindia.org/exhibitors-and-participants-convergence-india.aspx
815,STPI Connextions Launchpad @ Indiasoft,India,INDIA-DOMESTIC,"Country field in the official convergenceindia.org 'List of Participants' directory (structured per-exhibitor filter data — a 'Country' facet built into the site's own exhibitor search/filter UI, not free text or name-guessed) lists this exhibitor's country as ""India"".",IoT & Embedded Tech,Hall 4,E4-01,https://www.convergenceindia.org/exhibitors-and-participants-convergence-india.aspx
816,STRATEWORKS SOLUTIONS,India,INDIA-DOMESTIC,"Country field in the official convergenceindia.org 'List of Participants' directory (structured per-exhibitor filter data — a 'Country' facet built into the site's own exhibitor search/filter UI, not free text or name-guessed) lists this exhibitor's country as ""India"".",Artificial Intelligence,Hall 3,B3-69,https://www.convergenceindia.org/exhibitors-and-participants-convergence-india.aspx
817,Stride Fintree Private Ltd,India,INDIA-DOMESTIC,"Country field in the official convergenceindia.org 'List of Participants' directory (structured per-exhibitor filter data — a 'Country' facet built into the site's own exhibitor search/filter UI, not free text or name-guessed) lists this exhibitor's country as ""India"".",FinTech,Hall 2,A2-36,https://www.convergenceindia.org/exhibitors-and-participants-convergence-india.aspx
818,STRINGEE,India,INDIA-DOMESTIC,"Country field in the official convergenceindia.org 'List of Participants' directory (structured per-exhibitor filter data — a 'Country' facet built into the site's own exhibitor search/filter UI, not free text or name-guessed) lists this exhibitor's country as ""India"".",IT & Communications,Hall 2,A2-33,https://www.convergenceindia.org/exhibitors-and-participants-convergence-india.aspx
819,SUPERTRON,India,INDIA-DOMESTIC,"Country field in the official convergenceindia.org 'List of Participants' directory (structured per-exhibitor filter data — a 'Country' facet built into the site's own exhibitor search/filter UI, not free text or name-guessed) lists this exhibitor's country as ""India"".",IT & Communications,Hall 5,B5-63,https://www.convergenceindia.org/exhibitors-and-participants-convergence-india.aspx
820,superU,India,INDIA-DOMESTIC,"Country field in the official convergenceindia.org 'List of Participants' directory (structured per-exhibitor filter data — a 'Country' facet built into the site's own exhibitor search/filter UI, not free text or name-guessed) lists this exhibitor's country as ""India"".",Startup,Hall 1,P60,https://www.convergenceindia.org/exhibitors-and-participants-convergence-india.aspx
821,Suresolutions (Deki),India,INDIA-DOMESTIC,"Country field in the official convergenceindia.org 'List of Participants' directory (structured per-exhibitor filter data — a 'Country' facet built into the site's own exhibitor search/filter UI, not free text or name-guessed) lists this exhibitor's country as ""India"".",IoT & Embedded Tech,Hall 4,B4-28,https://www.convergenceindia.org/exhibitors-and-participants-convergence-india.aspx
822,Synamedia,India,INDIA-DOMESTIC,"Country field in the official convergenceindia.org 'List of Participants' directory (structured per-exhibitor filter data — a 'Country' facet built into the site's own exhibitor search/filter UI, not free text or name-guessed) lists this exhibitor's country as ""India"".",Broadcast & Satcom,Hall 5,B5-170,https://www.convergenceindia.org/exhibitors-and-participants-convergence-india.aspx
823,Synerthink Solutions LLP,India,INDIA-DOMESTIC,"Country field in the official convergenceindia.org 'List of Participants' directory (structured per-exhibitor filter data — a 'Country' facet built into the site's own exhibitor search/filter UI, not free text or name-guessed) lists this exhibitor's country as ""India"".",FinTech,Hall 2,B2-44,https://www.convergenceindia.org/exhibitors-and-participants-convergence-india.aspx
824,Syrma SGS Technology Ltd,India,INDIA-DOMESTIC,"Country field in the official convergenceindia.org 'List of Participants' directory (structured per-exhibitor filter data — a 'Country' facet built into the site's own exhibitor search/filter UI, not free text or name-guessed) lists this exhibitor's country as ""India"".",IoT & Embedded Tech,Hall 4,C4-11,https://www.convergenceindia.org/exhibitors-and-participants-convergence-india.aspx
825,Syrotech,India,INDIA-DOMESTIC,"Country field in the official convergenceindia.org 'List of Participants' directory (structured per-exhibitor filter data — a 'Country' facet built into the site's own exhibitor search/filter UI, not free text or name-guessed) lists this exhibitor's country as ""India"".",IT & Communications,Hall 5,B5-215,https://www.convergenceindia.org/exhibitors-and-participants-convergence-india.aspx
826,Sysmobi,India,INDIA-DOMESTIC,"Country field in the official convergenceindia.org 'List of Participants' directory (structured per-exhibitor filter data — a 'Country' facet built into the site's own exhibitor search/filter UI, not free text or name-guessed) lists this exhibitor's country as ""India"".",IT & Communications,Hall 5,D5-125,https://www.convergenceindia.org/exhibitors-and-participants-convergence-india.aspx
827,Systems India Technologies,India,INDIA-DOMESTIC,"Country field in the official convergenceindia.org 'List of Participants' directory (structured per-exhibitor filter data — a 'Country' facet built into the site's own exhibitor search/filter UI, not free text or name-guessed) lists this exhibitor's country as ""India"".",Embedded Tech,Hall 2,D2-33,https://www.convergenceindia.org/exhibitors-and-participants-convergence-india.aspx
828,SYSTROME NETWORKS (INDIA) PVT. LTD.,India,INDIA-DOMESTIC,"Country field in the official convergenceindia.org 'List of Participants' directory (structured per-exhibitor filter data — a 'Country' facet built into the site's own exhibitor search/filter UI, not free text or name-guessed) lists this exhibitor's country as ""India"".",IT & Communications,Hall 5,E5-70,https://www.convergenceindia.org/exhibitors-and-participants-convergence-india.aspx
829,Tait,New Zealand,FOREIGN,"Country field in the official convergenceindia.org 'List of Participants' directory (structured per-exhibitor filter data — a 'Country' facet built into the site's own exhibitor search/filter UI, not free text or name-guessed) lists this exhibitor's country as ""New Zealand"".",IT & Communications,Hall 5,E5-50,https://www.convergenceindia.org/exhibitors-and-participants-convergence-india.aspx
830,Tait Communications,New Zealand,FOREIGN,"Country field in the official convergenceindia.org 'List of Participants' directory (structured per-exhibitor filter data — a 'Country' facet built into the site's own exhibitor search/filter UI, not free text or name-guessed) lists this exhibitor's country as ""New Zealand"".",IT & Communications,Hall 5,E5-50,https://www.convergenceindia.org/exhibitors-and-participants-convergence-india.aspx
831,Taiwan Excellence (TAITRA),Taiwan,FOREIGN,"Country field in the official convergenceindia.org 'List of Participants' directory (structured per-exhibitor filter data — a 'Country' facet built into the site's own exhibitor search/filter UI, not free text or name-guessed) lists this exhibitor's country as ""Taiwan"".",Country Pavilion,Hall 5,A5-150,https://www.convergenceindia.org/exhibitors-and-participants-convergence-india.aspx
832,TalentOnLease Pvt Ltd,India,INDIA-DOMESTIC,"Country field in the official convergenceindia.org 'List of Participants' directory (structured per-exhibitor filter data — a 'Country' facet built into the site's own exhibitor search/filter UI, not free text or name-guessed) lists this exhibitor's country as ""India"".",IoT & Embedded Tech,Hall 4,D4-17,https://www.convergenceindia.org/exhibitors-and-participants-convergence-india.aspx
833,Tanacet Solutions LLP,India,INDIA-DOMESTIC,"Country field in the official convergenceindia.org 'List of Participants' directory (structured per-exhibitor filter data — a 'Country' facet built into the site's own exhibitor search/filter UI, not free text or name-guessed) lists this exhibitor's country as ""India"".",Startup,Hall 1,P113,https://www.convergenceindia.org/exhibitors-and-participants-convergence-india.aspx
834,Tango Vision LLC,Russia,FOREIGN,"Country field in the official convergenceindia.org 'List of Participants' directory (structured per-exhibitor filter data — a 'Country' facet built into the site's own exhibitor search/filter UI, not free text or name-guessed) lists this exhibitor's country as ""Russia"".",IT & Communications,Hall 3,B3-50,https://www.convergenceindia.org/exhibitors-and-participants-convergence-india.aspx
835,Tankha Pay,India,INDIA-DOMESTIC,"Country field in the official convergenceindia.org 'List of Participants' directory (structured per-exhibitor filter data — a 'Country' facet built into the site's own exhibitor search/filter UI, not free text or name-guessed) lists this exhibitor's country as ""India"".",IoT & Embedded Tech,Hall 4,F4-15,https://www.convergenceindia.org/exhibitors-and-participants-convergence-india.aspx
836,TASTECH INNOVATIONS PRIVATE LIMITED,India,INDIA-DOMESTIC,"Country field in the official convergenceindia.org 'List of Participants' directory (structured per-exhibitor filter data — a 'Country' facet built into the site's own exhibitor search/filter UI, not free text or name-guessed) lists this exhibitor's country as ""India"".",Mobile Devices & Accessories,Hall 2,D2-35,https://www.convergenceindia.org/exhibitors-and-participants-convergence-india.aspx
837,Tata Motors Ltd,India,INDIA-DOMESTIC,"Country field in the official convergenceindia.org 'List of Participants' directory (structured per-exhibitor filter data — a 'Country' facet built into the site's own exhibitor search/filter UI, not free text or name-guessed) lists this exhibitor's country as ""India"".",Smart Mobility,Hall 1,,https://www.convergenceindia.org/exhibitors-and-participants-convergence-india.aspx
838,Tatras Data,India,INDIA-DOMESTIC,"Country field in the official convergenceindia.org 'List of Participants' directory (structured per-exhibitor filter data — a 'Country' facet built into the site's own exhibitor search/filter UI, not free text or name-guessed) lists this exhibitor's country as ""India"".",Artificial Intelligence,Hall 3,C3-49,https://www.convergenceindia.org/exhibitors-and-participants-convergence-india.aspx
839,TEBILLION SYSTEMS PVT. LTD.,India,INDIA-DOMESTIC,"Country field in the official convergenceindia.org 'List of Participants' directory (structured per-exhibitor filter data — a 'Country' facet built into the site's own exhibitor search/filter UI, not free text or name-guessed) lists this exhibitor's country as ""India"".",IT & Communications,Hall 5,A5-01,https://www.convergenceindia.org/exhibitors-and-participants-convergence-india.aspx
840,Tech2globe Web Solutions,India,INDIA-DOMESTIC,"Country field in the official convergenceindia.org 'List of Participants' directory (structured per-exhibitor filter data — a 'Country' facet built into the site's own exhibitor search/filter UI, not free text or name-guessed) lists this exhibitor's country as ""India"".",IoT & Embedded Tech,Hall 4,F4-13,https://www.convergenceindia.org/exhibitors-and-participants-convergence-india.aspx
841,TechBridge,India,INDIA-DOMESTIC,"Country field in the official convergenceindia.org 'List of Participants' directory (structured per-exhibitor filter data — a 'Country' facet built into the site's own exhibitor search/filter UI, not free text or name-guessed) lists this exhibitor's country as ""India"".",IoT & Embedded Tech,Hall 4,F4-22,https://www.convergenceindia.org/exhibitors-and-participants-convergence-india.aspx
842,TECHIE,India,INDIA-DOMESTIC,"Country field in the official convergenceindia.org 'List of Participants' directory (structured per-exhibitor filter data — a 'Country' facet built into the site's own exhibitor search/filter UI, not free text or name-guessed) lists this exhibitor's country as ""India"".",Mobile Devices & Accessories,Hall 2,D2-25,https://www.convergenceindia.org/exhibitors-and-participants-convergence-india.aspx
843,Techmezine(All About Electronics),India,INDIA-DOMESTIC,"Country field in the official convergenceindia.org 'List of Participants' directory (structured per-exhibitor filter data — a 'Country' facet built into the site's own exhibitor search/filter UI, not free text or name-guessed) lists this exhibitor's country as ""India"".",Media Partner,,,https://www.convergenceindia.org/exhibitors-and-participants-convergence-india.aspx
844,Techno Digital,India,INDIA-DOMESTIC,"Country field in the official convergenceindia.org 'List of Participants' directory (structured per-exhibitor filter data — a 'Country' facet built into the site's own exhibitor search/filter UI, not free text or name-guessed) lists this exhibitor's country as ""India"".",IT & Communications,Hall 3,C3-41,https://www.convergenceindia.org/exhibitors-and-participants-convergence-india.aspx
845,TECHNO EXPONENT,India,INDIA-DOMESTIC,"Country field in the official convergenceindia.org 'List of Participants' directory (structured per-exhibitor filter data — a 'Country' facet built into the site's own exhibitor search/filter UI, not free text or name-guessed) lists this exhibitor's country as ""India"".",IoT & Embedded Tech,Hall 4,E4-32,https://www.convergenceindia.org/exhibitors-and-participants-convergence-india.aspx
846,Techotd Solutions Private Limited,India,INDIA-DOMESTIC,"Country field in the official convergenceindia.org 'List of Participants' directory (structured per-exhibitor filter data — a 'Country' facet built into the site's own exhibitor search/filter UI, not free text or name-guessed) lists this exhibitor's country as ""India"".",Artificial Intelligence,Hall 5,B5-116,https://www.convergenceindia.org/exhibitors-and-participants-convergence-india.aspx
847,TECHROUTES NETWORK PVT LIMITED,India,INDIA-DOMESTIC,"Country field in the official convergenceindia.org 'List of Participants' directory (structured per-exhibitor filter data — a 'Country' facet built into the site's own exhibitor search/filter UI, not free text or name-guessed) lists this exhibitor's country as ""India"".",IT & Communications,Hall 5,D5-125,https://www.convergenceindia.org/exhibitors-and-participants-convergence-india.aspx
848,Techstaunch Solutions,India,INDIA-DOMESTIC,"Country field in the official convergenceindia.org 'List of Participants' directory (structured per-exhibitor filter data — a 'Country' facet built into the site's own exhibitor search/filter UI, not free text or name-guessed) lists this exhibitor's country as ""India"".",IT & Communications,Hall 5,B5-103,https://www.convergenceindia.org/exhibitors-and-participants-convergence-india.aspx
849,TechTez,India,INDIA-DOMESTIC,"Country field in the official convergenceindia.org 'List of Participants' directory (structured per-exhibitor filter data — a 'Country' facet built into the site's own exhibitor search/filter UI, not free text or name-guessed) lists this exhibitor's country as ""India"".",Artificial Intelligence,Hall 3,C3-34,https://www.convergenceindia.org/exhibitors-and-participants-convergence-india.aspx
850,Tecniqua,India,INDIA-DOMESTIC,"Country field in the official convergenceindia.org 'List of Participants' directory (structured per-exhibitor filter data — a 'Country' facet built into the site's own exhibitor search/filter UI, not free text or name-guessed) lists this exhibitor's country as ""India"".",Embedded Tech,Hall 5,C5-295,https://www.convergenceindia.org/exhibitors-and-participants-convergence-india.aspx
851,Tecstaq Technology Solution,India,INDIA-DOMESTIC,"Country field in the official convergenceindia.org 'List of Participants' directory (structured per-exhibitor filter data — a 'Country' facet built into the site's own exhibitor search/filter UI, not free text or name-guessed) lists this exhibitor's country as ""India"".",IT & Communications,Hall 2,B2-50,https://www.convergenceindia.org/exhibitors-and-participants-convergence-india.aspx
852,Telecom Equipment Manufacturers Association of India (TEMA),India,INDIA-DOMESTIC,"Country field in the official convergenceindia.org 'List of Participants' directory (structured per-exhibitor filter data — a 'Country' facet built into the site's own exhibitor search/filter UI, not free text or name-guessed) lists this exhibitor's country as ""India"".",Association,,,https://www.convergenceindia.org/exhibitors-and-participants-convergence-india.aspx
853,Telecom Sector Skill Council (TSSC),India,INDIA-DOMESTIC,"Country field in the official convergenceindia.org 'List of Participants' directory (structured per-exhibitor filter data — a 'Country' facet built into the site's own exhibitor search/filter UI, not free text or name-guessed) lists this exhibitor's country as ""India"".",Association,,,https://www.convergenceindia.org/exhibitors-and-participants-convergence-india.aspx
854,Telecommunications Consultants India Ltd.,India,INDIA-DOMESTIC,"Country field in the official convergenceindia.org 'List of Participants' directory (structured per-exhibitor filter data — a 'Country' facet built into the site's own exhibitor search/filter UI, not free text or name-guessed) lists this exhibitor's country as ""India"".",IT & Communications,Hall 5,E5-74,https://www.convergenceindia.org/exhibitors-and-participants-convergence-india.aspx
855,TELEINDIA DATACENTER PRIVATE LIMITED,India,INDIA-DOMESTIC,"Country field in the official convergenceindia.org 'List of Participants' directory (structured per-exhibitor filter data — a 'Country' facet built into the site's own exhibitor search/filter UI, not free text or name-guessed) lists this exhibitor's country as ""India"".",IT & Communications,Hall 5,C5-142,https://www.convergenceindia.org/exhibitors-and-participants-convergence-india.aspx
856,Telit Cinterion,India,INDIA-DOMESTIC,"Country field in the official convergenceindia.org 'List of Participants' directory (structured per-exhibitor filter data — a 'Country' facet built into the site's own exhibitor search/filter UI, not free text or name-guessed) lists this exhibitor's country as ""India"".",Internet of Things,Hall 3,B3-46,https://www.convergenceindia.org/exhibitors-and-participants-convergence-india.aspx
857,Tenda,China,FOREIGN,"Country field in the official convergenceindia.org 'List of Participants' directory (structured per-exhibitor filter data — a 'Country' facet built into the site's own exhibitor search/filter UI, not free text or name-guessed) lists this exhibitor's country as ""China"".",Internet of Things,Hall 5,C5-295,https://www.convergenceindia.org/exhibitors-and-participants-convergence-india.aspx
858,Tender360.AI,India,INDIA-DOMESTIC,"Country field in the official convergenceindia.org 'List of Participants' directory (structured per-exhibitor filter data — a 'Country' facet built into the site's own exhibitor search/filter UI, not free text or name-guessed) lists this exhibitor's country as ""India"".",IoT & Embedded Tech,Hall 5,E5-114,https://www.convergenceindia.org/exhibitors-and-participants-convergence-india.aspx
859,Tesca Technologies Pvt. Ltd.,India,INDIA-DOMESTIC,"Country field in the official convergenceindia.org 'List of Participants' directory (structured per-exhibitor filter data — a 'Country' facet built into the site's own exhibitor search/filter UI, not free text or name-guessed) lists this exhibitor's country as ""India"".",IoT & Embedded Tech,Hall 4,C4-02,https://www.convergenceindia.org/exhibitors-and-participants-convergence-india.aspx
860,Tescom Electronics Private Limited,India,INDIA-DOMESTIC,"Country field in the official convergenceindia.org 'List of Participants' directory (structured per-exhibitor filter data — a 'Country' facet built into the site's own exhibitor search/filter UI, not free text or name-guessed) lists this exhibitor's country as ""India"".",IoT & Embedded Tech,Hall 5,D5-101,https://www.convergenceindia.org/exhibitors-and-participants-convergence-india.aspx
861,Tescom Private Limited,India,INDIA-DOMESTIC,"Country field in the official convergenceindia.org 'List of Participants' directory (structured per-exhibitor filter data — a 'Country' facet built into the site's own exhibitor search/filter UI, not free text or name-guessed) lists this exhibitor's country as ""India"".",IoT & Embedded Tech,Hall 5,D5-101,https://www.convergenceindia.org/exhibitors-and-participants-convergence-india.aspx
862,Tesvolts,India,INDIA-DOMESTIC,"Country field in the official convergenceindia.org 'List of Participants' directory (structured per-exhibitor filter data — a 'Country' facet built into the site's own exhibitor search/filter UI, not free text or name-guessed) lists this exhibitor's country as ""India"".",Startup,Hall 1,P81,https://www.convergenceindia.org/exhibitors-and-participants-convergence-india.aspx
863,Texonic Instruments Pvt ltd,India,INDIA-DOMESTIC,"Country field in the official convergenceindia.org 'List of Participants' directory (structured per-exhibitor filter data — a 'Country' facet built into the site's own exhibitor search/filter UI, not free text or name-guessed) lists this exhibitor's country as ""India"".",IT & Communications,Hall 5,A5-140,https://www.convergenceindia.org/exhibitors-and-participants-convergence-india.aspx
864,THALES DIS INDIA PVT LTD,France,FOREIGN,"Country field in the official convergenceindia.org 'List of Participants' directory (structured per-exhibitor filter data — a 'Country' facet built into the site's own exhibitor search/filter UI, not free text or name-guessed) lists this exhibitor's country as ""France"".",IoT & Embedded Tech,Hall 4,G4-29,https://www.convergenceindia.org/exhibitors-and-participants-convergence-india.aspx
865,The Battery Magazine,India,INDIA-DOMESTIC,"Country field in the official convergenceindia.org 'List of Participants' directory (structured per-exhibitor filter data — a 'Country' facet built into the site's own exhibitor search/filter UI, not free text or name-guessed) lists this exhibitor's country as ""India"".",Media Partner,,,https://www.convergenceindia.org/exhibitors-and-participants-convergence-india.aspx
866,The Power Hub Accessories,India,INDIA-DOMESTIC,"Country field in the official convergenceindia.org 'List of Participants' directory (structured per-exhibitor filter data — a 'Country' facet built into the site's own exhibitor search/filter UI, not free text or name-guessed) lists this exhibitor's country as ""India"".",Mobile Devices & Accessories,Hall 2,'C2-20,https://www.convergenceindia.org/exhibitors-and-participants-convergence-india.aspx
867,ThingsHorizon Private Limited,India,INDIA-DOMESTIC,"Country field in the official convergenceindia.org 'List of Participants' directory (structured per-exhibitor filter data — a 'Country' facet built into the site's own exhibitor search/filter UI, not free text or name-guessed) lists this exhibitor's country as ""India"".",IT & Communications,Hall 5,A5-62,https://www.convergenceindia.org/exhibitors-and-participants-convergence-india.aspx
868,Think Future Technologies,India,INDIA-DOMESTIC,"Country field in the official convergenceindia.org 'List of Participants' directory (structured per-exhibitor filter data — a 'Country' facet built into the site's own exhibitor search/filter UI, not free text or name-guessed) lists this exhibitor's country as ""India"".",IoT & Embedded Tech,Hall 4,G4-12,https://www.convergenceindia.org/exhibitors-and-participants-convergence-india.aspx
869,Thinkscoop Technologies,India,INDIA-DOMESTIC,"Country field in the official convergenceindia.org 'List of Participants' directory (structured per-exhibitor filter data — a 'Country' facet built into the site's own exhibitor search/filter UI, not free text or name-guessed) lists this exhibitor's country as ""India"".",IT & Communications,Hall 3,C3-25,https://www.convergenceindia.org/exhibitors-and-participants-convergence-india.aspx
870,Thinvent Technologies Private Limited,India,INDIA-DOMESTIC,"Country field in the official convergenceindia.org 'List of Participants' directory (structured per-exhibitor filter data — a 'Country' facet built into the site's own exhibitor search/filter UI, not free text or name-guessed) lists this exhibitor's country as ""India"".",IT & Communications,Hall 5,A5-41,https://www.convergenceindia.org/exhibitors-and-participants-convergence-india.aspx
871,Thoughtsol,India,INDIA-DOMESTIC,"Country field in the official convergenceindia.org 'List of Participants' directory (structured per-exhibitor filter data — a 'Country' facet built into the site's own exhibitor search/filter UI, not free text or name-guessed) lists this exhibitor's country as ""India"".",Artificial Intelligence,Hall 3,C3-70,https://www.convergenceindia.org/exhibitors-and-participants-convergence-india.aspx
872,TI Clean Mobility Pvt. Ltd.,India,INDIA-DOMESTIC,"Country field in the official convergenceindia.org 'List of Participants' directory (structured per-exhibitor filter data — a 'Country' facet built into the site's own exhibitor search/filter UI, not free text or name-guessed) lists this exhibitor's country as ""India"".",Smart Mobility,Hall 1,,https://www.convergenceindia.org/exhibitors-and-participants-convergence-india.aspx
873,TIH AT IIT BOMBAY,India,INDIA-DOMESTIC,"Country field in the official convergenceindia.org 'List of Participants' directory (structured per-exhibitor filter data — a 'Country' facet built into the site's own exhibitor search/filter UI, not free text or name-guessed) lists this exhibitor's country as ""India"".",Startup,Hall 1,DST Pavilion,https://www.convergenceindia.org/exhibitors-and-participants-convergence-india.aspx
874,TIH Foundation of IoT IoE (IIT Bombay),India,INDIA-DOMESTIC,"Country field in the official convergenceindia.org 'List of Participants' directory (structured per-exhibitor filter data — a 'Country' facet built into the site's own exhibitor search/filter UI, not free text or name-guessed) lists this exhibitor's country as ""India"".",FinTech,Hall 2,A2-15,https://www.convergenceindia.org/exhibitors-and-participants-convergence-india.aspx
875,TiHAN-IITH,India,INDIA-DOMESTIC,"Country field in the official convergenceindia.org 'List of Participants' directory (structured per-exhibitor filter data — a 'Country' facet built into the site's own exhibitor search/filter UI, not free text or name-guessed) lists this exhibitor's country as ""India"".",Startup,Hall 1,DST Pavilion,https://www.convergenceindia.org/exhibitors-and-participants-convergence-india.aspx
876,Times of AI,India,INDIA-DOMESTIC,"Country field in the official convergenceindia.org 'List of Participants' directory (structured per-exhibitor filter data — a 'Country' facet built into the site's own exhibitor search/filter UI, not free text or name-guessed) lists this exhibitor's country as ""India"".",Media Partner,,,https://www.convergenceindia.org/exhibitors-and-participants-convergence-india.aspx
877,Times-7,New Zealand,FOREIGN,"Country field in the official convergenceindia.org 'List of Participants' directory (structured per-exhibitor filter data — a 'Country' facet built into the site's own exhibitor search/filter UI, not free text or name-guessed) lists this exhibitor's country as ""New Zealand"".",IT & Communications,Hall 5,E5-50,https://www.convergenceindia.org/exhibitors-and-participants-convergence-india.aspx
878,TimesTech,India,INDIA-DOMESTIC,"Country field in the official convergenceindia.org 'List of Participants' directory (structured per-exhibitor filter data — a 'Country' facet built into the site's own exhibitor search/filter UI, not free text or name-guessed) lists this exhibitor's country as ""India"".",Media Partner,Hall 5,A5-80,https://www.convergenceindia.org/exhibitors-and-participants-convergence-india.aspx
879,TNP CONSULTANTS,India,INDIA-DOMESTIC,"Country field in the official convergenceindia.org 'List of Participants' directory (structured per-exhibitor filter data — a 'Country' facet built into the site's own exhibitor search/filter UI, not free text or name-guessed) lists this exhibitor's country as ""India"".",Artificial Intelligence,Hall 3,C3-08,https://www.convergenceindia.org/exhibitors-and-participants-convergence-india.aspx
880,Tonmind Technology Co Ltd,China,FOREIGN,"Country field in the official convergenceindia.org 'List of Participants' directory (structured per-exhibitor filter data — a 'Country' facet built into the site's own exhibitor search/filter UI, not free text or name-guessed) lists this exhibitor's country as ""China"".",IT & Communications,Hall 5,D5-84,https://www.convergenceindia.org/exhibitors-and-participants-convergence-india.aspx
881,TOPFLYtech,India,INDIA-DOMESTIC,"Country field in the official convergenceindia.org 'List of Participants' directory (structured per-exhibitor filter data — a 'Country' facet built into the site's own exhibitor search/filter UI, not free text or name-guessed) lists this exhibitor's country as ""India"".",Internet of Things,Hall 3,B3-16,https://www.convergenceindia.org/exhibitors-and-participants-convergence-india.aspx
882,Torchlight,United States,FOREIGN,"Country field in the official convergenceindia.org 'List of Participants' directory (structured per-exhibitor filter data — a 'Country' facet built into the site's own exhibitor search/filter UI, not free text or name-guessed) lists this exhibitor's country as ""United States"".",IoT & Embedded Tech,Hall 4,A4-01,https://www.convergenceindia.org/exhibitors-and-participants-convergence-india.aspx
883,TORNADO BOOM,India,INDIA-DOMESTIC,"Country field in the official convergenceindia.org 'List of Participants' directory (structured per-exhibitor filter data — a 'Country' facet built into the site's own exhibitor search/filter UI, not free text or name-guessed) lists this exhibitor's country as ""India"".",IoT & Embedded Tech,Hall 4,D4-23,https://www.convergenceindia.org/exhibitors-and-participants-convergence-india.aspx
884,Toshniwal Sensing Devices Pvt. Ltd,India,INDIA-DOMESTIC,"Country field in the official convergenceindia.org 'List of Participants' directory (structured per-exhibitor filter data — a 'Country' facet built into the site's own exhibitor search/filter UI, not free text or name-guessed) lists this exhibitor's country as ""India"".",IoT & Embedded Tech,Hall 5,D5 - 100,https://www.convergenceindia.org/exhibitors-and-participants-convergence-india.aspx
885,Touch LCD Displays,China,FOREIGN,"Country field in the official convergenceindia.org 'List of Participants' directory (structured per-exhibitor filter data — a 'Country' facet built into the site's own exhibitor search/filter UI, not free text or name-guessed) lists this exhibitor's country as ""China"".",IoT & Embedded Tech,Hall 4,B4-08,https://www.convergenceindia.org/exhibitors-and-participants-convergence-india.aspx
886,Toyota Kirloskar Motor Pvt. Ltd.,India,INDIA-DOMESTIC,"Country field in the official convergenceindia.org 'List of Participants' directory (structured per-exhibitor filter data — a 'Country' facet built into the site's own exhibitor search/filter UI, not free text or name-guessed) lists this exhibitor's country as ""India"".",Smart Mobility,Hall 1,,https://www.convergenceindia.org/exhibitors-and-participants-convergence-india.aspx
887,TP Link,India,INDIA-DOMESTIC,"Country field in the official convergenceindia.org 'List of Participants' directory (structured per-exhibitor filter data — a 'Country' facet built into the site's own exhibitor search/filter UI, not free text or name-guessed) lists this exhibitor's country as ""India"".",IT & Communications,Hall 5,A5-28,https://www.convergenceindia.org/exhibitors-and-participants-convergence-india.aspx
888,TQ Network Pvt Limited,India,INDIA-DOMESTIC,"Country field in the official convergenceindia.org 'List of Participants' directory (structured per-exhibitor filter data — a 'Country' facet built into the site's own exhibitor search/filter UI, not free text or name-guessed) lists this exhibitor's country as ""India"".",IT & Communications,Hall 3,A3-44,https://www.convergenceindia.org/exhibitors-and-participants-convergence-india.aspx
889,Tractors India Limited,India,INDIA-DOMESTIC,"Country field in the official convergenceindia.org 'List of Participants' directory (structured per-exhibitor filter data — a 'Country' facet built into the site's own exhibitor search/filter UI, not free text or name-guessed) lists this exhibitor's country as ""India"".",Internet of Things,Hall 3,C3-22,https://www.convergenceindia.org/exhibitors-and-participants-convergence-india.aspx
890,Tracxn Technologies Limited,India,INDIA-DOMESTIC,"Country field in the official convergenceindia.org 'List of Participants' directory (structured per-exhibitor filter data — a 'Country' facet built into the site's own exhibitor search/filter UI, not free text or name-guessed) lists this exhibitor's country as ""India"".",FinTech,Hall 3,B3-35,https://www.convergenceindia.org/exhibitors-and-participants-convergence-india.aspx
891,Trade360.ai,India,INDIA-DOMESTIC,"Country field in the official convergenceindia.org 'List of Participants' directory (structured per-exhibitor filter data — a 'Country' facet built into the site's own exhibitor search/filter UI, not free text or name-guessed) lists this exhibitor's country as ""India"".",Artificial Intelligence,Hall 3,B3-68,https://www.convergenceindia.org/exhibitors-and-participants-convergence-india.aspx
892,TRADING REBOOT,India,INDIA-DOMESTIC,"Country field in the official convergenceindia.org 'List of Participants' directory (structured per-exhibitor filter data — a 'Country' facet built into the site's own exhibitor search/filter UI, not free text or name-guessed) lists this exhibitor's country as ""India"".",IT & Communications,Hall 5,C5-115,https://www.convergenceindia.org/exhibitors-and-participants-convergence-india.aspx
893,TrafficAro,India,INDIA-DOMESTIC,"Country field in the official convergenceindia.org 'List of Participants' directory (structured per-exhibitor filter data — a 'Country' facet built into the site's own exhibitor search/filter UI, not free text or name-guessed) lists this exhibitor's country as ""India"".",Artificial Intelligence,Hall 3,A3-17,https://www.convergenceindia.org/exhibitors-and-participants-convergence-india.aspx
894,TrafficX,India,INDIA-DOMESTIC,"Country field in the official convergenceindia.org 'List of Participants' directory (structured per-exhibitor filter data — a 'Country' facet built into the site's own exhibitor search/filter UI, not free text or name-guessed) lists this exhibitor's country as ""India"".",Smart Mobility,Hall 1,B1-20,https://www.convergenceindia.org/exhibitors-and-participants-convergence-india.aspx
895,Tragofone,India,INDIA-DOMESTIC,"Country field in the official convergenceindia.org 'List of Participants' directory (structured per-exhibitor filter data — a 'Country' facet built into the site's own exhibitor search/filter UI, not free text or name-guessed) lists this exhibitor's country as ""India"".",IT & Communications,Hall 5,C5-161,https://www.convergenceindia.org/exhibitors-and-participants-convergence-india.aspx
896,Tranistics Data Technologies,India,INDIA-DOMESTIC,"Country field in the official convergenceindia.org 'List of Participants' directory (structured per-exhibitor filter data — a 'Country' facet built into the site's own exhibitor search/filter UI, not free text or name-guessed) lists this exhibitor's country as ""India"".",IoT & Embedded Tech,Hall 4,D4-24,https://www.convergenceindia.org/exhibitors-and-participants-convergence-india.aspx
897,Tranquility IoT & Big Data Solutions,India,INDIA-DOMESTIC,"Country field in the official convergenceindia.org 'List of Participants' directory (structured per-exhibitor filter data — a 'Country' facet built into the site's own exhibitor search/filter UI, not free text or name-guessed) lists this exhibitor's country as ""India"".",Startup,Hall 1,P36,https://www.convergenceindia.org/exhibitors-and-participants-convergence-india.aspx
898,Transcend Information. Inc.,Taiwan,FOREIGN,"Country field in the official convergenceindia.org 'List of Participants' directory (structured per-exhibitor filter data — a 'Country' facet built into the site's own exhibitor search/filter UI, not free text or name-guessed) lists this exhibitor's country as ""Taiwan"".",IT & Communications,Hall 5,A5-150,https://www.convergenceindia.org/exhibitors-and-participants-convergence-india.aspx
899,TransNational Computer / 1C Company,Russia,FOREIGN,"Country field in the official convergenceindia.org 'List of Participants' directory (structured per-exhibitor filter data — a 'Country' facet built into the site's own exhibitor search/filter UI, not free text or name-guessed) lists this exhibitor's country as ""Russia"".",IoT & Embedded Tech,Hall 4,G4-31,https://www.convergenceindia.org/exhibitors-and-participants-convergence-india.aspx
900,Transport Corporation Of India Limited,India,INDIA-DOMESTIC,"Country field in the official convergenceindia.org 'List of Participants' directory (structured per-exhibitor filter data — a 'Country' facet built into the site's own exhibitor search/filter UI, not free text or name-guessed) lists this exhibitor's country as ""India"".",Smart Mobility,Hall 5,A5-93,https://www.convergenceindia.org/exhibitors-and-participants-convergence-india.aspx
901,TRIDENT SYSTECH PRIVATE LIMITED,India,INDIA-DOMESTIC,"Country field in the official convergenceindia.org 'List of Participants' directory (structured per-exhibitor filter data — a 'Country' facet built into the site's own exhibitor search/filter UI, not free text or name-guessed) lists this exhibitor's country as ""India"".",Internet of Things,Hall 3,C3-22,https://www.convergenceindia.org/exhibitors-and-participants-convergence-india.aspx
902,Tripgain Travel & Expense Management Solutions Private Limited,India,INDIA-DOMESTIC,"Country field in the official convergenceindia.org 'List of Participants' directory (structured per-exhibitor filter data — a 'Country' facet built into the site's own exhibitor search/filter UI, not free text or name-guessed) lists this exhibitor's country as ""India"".",FinTech,Hall 2,B2-43,https://www.convergenceindia.org/exhibitors-and-participants-convergence-india.aspx
903,Trishulopulsion Technology,India,INDIA-DOMESTIC,"Country field in the official convergenceindia.org 'List of Participants' directory (structured per-exhibitor filter data — a 'Country' facet built into the site's own exhibitor search/filter UI, not free text or name-guessed) lists this exhibitor's country as ""India"".",Startup,Hall 1,DST Pavilion,https://www.convergenceindia.org/exhibitors-and-participants-convergence-india.aspx
904,TrueConf,United States,FOREIGN,"Country field in the official convergenceindia.org 'List of Participants' directory (structured per-exhibitor filter data — a 'Country' facet built into the site's own exhibitor search/filter UI, not free text or name-guessed) lists this exhibitor's country as ""United States"".",IT & Communications,Hall 3,B3-50,https://www.convergenceindia.org/exhibitors-and-participants-convergence-india.aspx
905,TruScholar,India,INDIA-DOMESTIC,"Country field in the official convergenceindia.org 'List of Participants' directory (structured per-exhibitor filter data — a 'Country' facet built into the site's own exhibitor search/filter UI, not free text or name-guessed) lists this exhibitor's country as ""India"".",IoT & Embedded Tech,Hall 4,D4-19,https://www.convergenceindia.org/exhibitors-and-participants-convergence-india.aspx
906,Trust Electronics,India,INDIA-DOMESTIC,"Country field in the official convergenceindia.org 'List of Participants' directory (structured per-exhibitor filter data — a 'Country' facet built into the site's own exhibitor search/filter UI, not free text or name-guessed) lists this exhibitor's country as ""India"".",IT & Communications,Hall 5,B5-97,https://www.convergenceindia.org/exhibitors-and-participants-convergence-india.aspx
907,TurnB,India,INDIA-DOMESTIC,"Country field in the official convergenceindia.org 'List of Participants' directory (structured per-exhibitor filter data — a 'Country' facet built into the site's own exhibitor search/filter UI, not free text or name-guessed) lists this exhibitor's country as ""India"".",Artificial Intelligence,Hall 3,C3-26,https://www.convergenceindia.org/exhibitors-and-participants-convergence-india.aspx
908,Turvas Technology Solutions Private Limited,India,INDIA-DOMESTIC,"Country field in the official convergenceindia.org 'List of Participants' directory (structured per-exhibitor filter data — a 'Country' facet built into the site's own exhibitor search/filter UI, not free text or name-guessed) lists this exhibitor's country as ""India"".",IT & Communications,Hall 5,A5-55,https://www.convergenceindia.org/exhibitors-and-participants-convergence-india.aspx
909,Tuxuci global solution,India,INDIA-DOMESTIC,"Country field in the official convergenceindia.org 'List of Participants' directory (structured per-exhibitor filter data — a 'Country' facet built into the site's own exhibitor search/filter UI, not free text or name-guessed) lists this exhibitor's country as ""India"".",Internet of Things,Hall 3,C3-59,https://www.convergenceindia.org/exhibitors-and-participants-convergence-india.aspx
910,TVS Motor Company,India,INDIA-DOMESTIC,"Country field in the official convergenceindia.org 'List of Participants' directory (structured per-exhibitor filter data — a 'Country' facet built into the site's own exhibitor search/filter UI, not free text or name-guessed) lists this exhibitor's country as ""India"".",Smart Mobility,Hall 1,,https://www.convergenceindia.org/exhibitors-and-participants-convergence-india.aspx
911,Twozo Technologies Pvt. Ltd.,India,INDIA-DOMESTIC,"Country field in the official convergenceindia.org 'List of Participants' directory (structured per-exhibitor filter data — a 'Country' facet built into the site's own exhibitor search/filter UI, not free text or name-guessed) lists this exhibitor's country as ""India"".",IT & Communications,Hall 3,B3-77,https://www.convergenceindia.org/exhibitors-and-participants-convergence-india.aspx
912,Tycho Technologies Private Limited,India,INDIA-DOMESTIC,"Country field in the official convergenceindia.org 'List of Participants' directory (structured per-exhibitor filter data — a 'Country' facet built into the site's own exhibitor search/filter UI, not free text or name-guessed) lists this exhibitor's country as ""India"".",Startup,Hall 1,P101,https://www.convergenceindia.org/exhibitors-and-participants-convergence-india.aspx
913,UBIQCOM,India,INDIA-DOMESTIC,"Country field in the official convergenceindia.org 'List of Participants' directory (structured per-exhibitor filter data — a 'Country' facet built into the site's own exhibitor search/filter UI, not free text or name-guessed) lists this exhibitor's country as ""India"".",IT & Communications,Hall 5,B5-175,https://www.convergenceindia.org/exhibitors-and-participants-convergence-india.aspx
914,"Ufi Space Co., Ltd.",Taiwan,FOREIGN,"Country field in the official convergenceindia.org 'List of Participants' directory (structured per-exhibitor filter data — a 'Country' facet built into the site's own exhibitor search/filter UI, not free text or name-guessed) lists this exhibitor's country as ""Taiwan"".",IT & Communications,Hall 5,A5-150,https://www.convergenceindia.org/exhibitors-and-participants-convergence-india.aspx
915,UGREEN,China,FOREIGN,"Country field in the official convergenceindia.org 'List of Participants' directory (structured per-exhibitor filter data — a 'Country' facet built into the site's own exhibitor search/filter UI, not free text or name-guessed) lists this exhibitor's country as ""China"".",Mobile Devices & Accessories,Hall 3,A3-12,https://www.convergenceindia.org/exhibitors-and-participants-convergence-india.aspx
916,Ujjain Smart City Limited,India,INDIA-DOMESTIC,"Country field in the official convergenceindia.org 'List of Participants' directory (structured per-exhibitor filter data — a 'Country' facet built into the site's own exhibitor search/filter UI, not free text or name-guessed) lists this exhibitor's country as ""India"".",,Hall 1,""" D1-29",https://www.convergenceindia.org/exhibitors-and-participants-convergence-india.aspx
917,Ultrashield Technology Private Limited,India,INDIA-DOMESTIC,"Country field in the official convergenceindia.org 'List of Participants' directory (structured per-exhibitor filter data — a 'Country' facet built into the site's own exhibitor search/filter UI, not free text or name-guessed) lists this exhibitor's country as ""India"".",Startup,Hall 1,P82,https://www.convergenceindia.org/exhibitors-and-participants-convergence-india.aspx
918,UMEC Space,Russia,FOREIGN,"Country field in the official convergenceindia.org 'List of Participants' directory (structured per-exhibitor filter data — a 'Country' facet built into the site's own exhibitor search/filter UI, not free text or name-guessed) lists this exhibitor's country as ""Russia"".",IT & Communications,Hall 3,B3-50,https://www.convergenceindia.org/exhibitors-and-participants-convergence-india.aspx
919,Unified Fintech Forum (UFF),India,INDIA-DOMESTIC,"Country field in the official convergenceindia.org 'List of Participants' directory (structured per-exhibitor filter data — a 'Country' facet built into the site's own exhibitor search/filter UI, not free text or name-guessed) lists this exhibitor's country as ""India"".",Association,,,https://www.convergenceindia.org/exhibitors-and-participants-convergence-india.aspx
920,Union Bank of India,India,INDIA-DOMESTIC,"Country field in the official convergenceindia.org 'List of Participants' directory (structured per-exhibitor filter data — a 'Country' facet built into the site's own exhibitor search/filter UI, not free text or name-guessed) lists this exhibitor's country as ""India"".",FinTech,Hall 2,B2-17,https://www.convergenceindia.org/exhibitors-and-participants-convergence-india.aspx
921,United PCB,China,FOREIGN,"Country field in the official convergenceindia.org 'List of Participants' directory (structured per-exhibitor filter data — a 'Country' facet built into the site's own exhibitor search/filter UI, not free text or name-guessed) lists this exhibitor's country as ""China"".",IoT & Embedded Tech,Hall 4,D4-12,https://www.convergenceindia.org/exhibitors-and-participants-convergence-india.aspx
922,United Trademart Private Limited,India,INDIA-DOMESTIC,"Country field in the official convergenceindia.org 'List of Participants' directory (structured per-exhibitor filter data — a 'Country' facet built into the site's own exhibitor search/filter UI, not free text or name-guessed) lists this exhibitor's country as ""India"".",Mobile Devices & Accessories,Hall 2,D2-27,https://www.convergenceindia.org/exhibitors-and-participants-convergence-india.aspx
923,Uniway Digitronics LLP,India,INDIA-DOMESTIC,"Country field in the official convergenceindia.org 'List of Participants' directory (structured per-exhibitor filter data — a 'Country' facet built into the site's own exhibitor search/filter UI, not free text or name-guessed) lists this exhibitor's country as ""India"".",Mobile Devices & Accessories,Hall 2,C2-19,https://www.convergenceindia.org/exhibitors-and-participants-convergence-india.aspx
924,Uniway Infocom,India,INDIA-DOMESTIC,"Country field in the official convergenceindia.org 'List of Participants' directory (structured per-exhibitor filter data — a 'Country' facet built into the site's own exhibitor search/filter UI, not free text or name-guessed) lists this exhibitor's country as ""India"".",IT & Communications,Hall 5,C5-250,https://www.convergenceindia.org/exhibitors-and-participants-convergence-india.aspx
925,Unmukti Technology,India,INDIA-DOMESTIC,"Country field in the official convergenceindia.org 'List of Participants' directory (structured per-exhibitor filter data — a 'Country' facet built into the site's own exhibitor search/filter UI, not free text or name-guessed) lists this exhibitor's country as ""India"".",IT & Communications,Hall 5,A5-34,https://www.convergenceindia.org/exhibitors-and-participants-convergence-india.aspx
926,Untrash,India,INDIA-DOMESTIC,"Country field in the official convergenceindia.org 'List of Participants' directory (structured per-exhibitor filter data — a 'Country' facet built into the site's own exhibitor search/filter UI, not free text or name-guessed) lists this exhibitor's country as ""India"".",Startup,Hall 1,P61,https://www.convergenceindia.org/exhibitors-and-participants-convergence-india.aspx
927,upDt Education Technology Private Limited,India,INDIA-DOMESTIC,"Country field in the official convergenceindia.org 'List of Participants' directory (structured per-exhibitor filter data — a 'Country' facet built into the site's own exhibitor search/filter UI, not free text or name-guessed) lists this exhibitor's country as ""India"".",Startup,Hall 1,P62,https://www.convergenceindia.org/exhibitors-and-participants-convergence-india.aspx
928,Uprate Technologies Pvt Ltd,India,INDIA-DOMESTIC,"Country field in the official convergenceindia.org 'List of Participants' directory (structured per-exhibitor filter data — a 'Country' facet built into the site's own exhibitor search/filter UI, not free text or name-guessed) lists this exhibitor's country as ""India"".",Startup,Hall 1,P37,https://www.convergenceindia.org/exhibitors-and-participants-convergence-india.aspx
929,URALINNOVACIIA,India,INDIA-DOMESTIC,"Country field in the official convergenceindia.org 'List of Participants' directory (structured per-exhibitor filter data — a 'Country' facet built into the site's own exhibitor search/filter UI, not free text or name-guessed) lists this exhibitor's country as ""India"".",IT & Communications,Hall 3,B3-50,https://www.convergenceindia.org/exhibitors-and-participants-convergence-india.aspx
930,Urbox,United Arab Emirates,FOREIGN,"Country field in the official convergenceindia.org 'List of Participants' directory (structured per-exhibitor filter data — a 'Country' facet built into the site's own exhibitor search/filter UI, not free text or name-guessed) lists this exhibitor's country as ""United Arab Emirates"".",IoT & Embedded Tech,Hall 5,D5-103,https://www.convergenceindia.org/exhibitors-and-participants-convergence-india.aspx
931,Urvarak Industries Pvt. Ltd.,India,INDIA-DOMESTIC,"Country field in the official convergenceindia.org 'List of Participants' directory (structured per-exhibitor filter data — a 'Country' facet built into the site's own exhibitor search/filter UI, not free text or name-guessed) lists this exhibitor's country as ""India"".",Startup,Hall 1,P63,https://www.convergenceindia.org/exhibitors-and-participants-convergence-india.aspx
932,USA Business Connect @ Indiasoft,United States,FOREIGN,"Country field in the official convergenceindia.org 'List of Participants' directory (structured per-exhibitor filter data — a 'Country' facet built into the site's own exhibitor search/filter UI, not free text or name-guessed) lists this exhibitor's country as ""United States"".",IoT & Embedded Tech,Hall 4,G4-38,https://www.convergenceindia.org/exhibitors-and-participants-convergence-india.aspx
933,USMR TECH,India,INDIA-DOMESTIC,"Country field in the official convergenceindia.org 'List of Participants' directory (structured per-exhibitor filter data — a 'Country' facet built into the site's own exhibitor search/filter UI, not free text or name-guessed) lists this exhibitor's country as ""India"".",Mobile Devices & Accessories,Hall 2,C2-21,https://www.convergenceindia.org/exhibitors-and-participants-convergence-india.aspx
934,UTECH Technologies (PVT) LTD.,Sri Lanka,FOREIGN,"Country field in the official convergenceindia.org 'List of Participants' directory (structured per-exhibitor filter data — a 'Country' facet built into the site's own exhibitor search/filter UI, not free text or name-guessed) lists this exhibitor's country as ""Sri Lanka"".",Internet of Things,Hall 3,C3-22,https://www.convergenceindia.org/exhibitors-and-participants-convergence-india.aspx
935,Utho,India,INDIA-DOMESTIC,"Country field in the official convergenceindia.org 'List of Participants' directory (structured per-exhibitor filter data — a 'Country' facet built into the site's own exhibitor search/filter UI, not free text or name-guessed) lists this exhibitor's country as ""India"".",Artificial Intelligence,Hall 3,B3-70,https://www.convergenceindia.org/exhibitors-and-participants-convergence-india.aspx
936,UTOPIA TECH PVT LTD,India,INDIA-DOMESTIC,"Country field in the official convergenceindia.org 'List of Participants' directory (structured per-exhibitor filter data — a 'Country' facet built into the site's own exhibitor search/filter UI, not free text or name-guessed) lists this exhibitor's country as ""India"".",Internet of Things,Hall 3,B3-20,https://www.convergenceindia.org/exhibitors-and-participants-convergence-india.aspx
937,Uttar Pradesh Micro Finance Association (UPMA),India,INDIA-DOMESTIC,"Country field in the official convergenceindia.org 'List of Participants' directory (structured per-exhibitor filter data — a 'Country' facet built into the site's own exhibitor search/filter UI, not free text or name-guessed) lists this exhibitor's country as ""India"".",Association,,,https://www.convergenceindia.org/exhibitors-and-participants-convergence-india.aspx
938,Vakeel AI Solution Private Limited,India,INDIA-DOMESTIC,"Country field in the official convergenceindia.org 'List of Participants' directory (structured per-exhibitor filter data — a 'Country' facet built into the site's own exhibitor search/filter UI, not free text or name-guessed) lists this exhibitor's country as ""India"".",Startup,Hall 1,P54,https://www.convergenceindia.org/exhibitors-and-participants-convergence-india.aspx
939,Valocity,New Zealand,FOREIGN,"Country field in the official convergenceindia.org 'List of Participants' directory (structured per-exhibitor filter data — a 'Country' facet built into the site's own exhibitor search/filter UI, not free text or name-guessed) lists this exhibitor's country as ""New Zealand"".",IT & Communications,Hall 5,E5-50,https://www.convergenceindia.org/exhibitors-and-participants-convergence-india.aspx
940,Valuecoders India LLP,India,INDIA-DOMESTIC,"Country field in the official convergenceindia.org 'List of Participants' directory (structured per-exhibitor filter data — a 'Country' facet built into the site's own exhibitor search/filter UI, not free text or name-guessed) lists this exhibitor's country as ""India"".",FinTech,Hall 2,B2-30,https://www.convergenceindia.org/exhibitors-and-participants-convergence-india.aspx
941,ValueMentor Infosec Pvt. Ltd.,India,INDIA-DOMESTIC,"Country field in the official convergenceindia.org 'List of Participants' directory (structured per-exhibitor filter data — a 'Country' facet built into the site's own exhibitor search/filter UI, not free text or name-guessed) lists this exhibitor's country as ""India"".",IT & Communications,Hall 3,C3-08,https://www.convergenceindia.org/exhibitors-and-participants-convergence-india.aspx
942,Vantageo Private Limited,India,INDIA-DOMESTIC,"Country field in the official convergenceindia.org 'List of Participants' directory (structured per-exhibitor filter data — a 'Country' facet built into the site's own exhibitor search/filter UI, not free text or name-guessed) lists this exhibitor's country as ""India"".",Smart Living,Hall 2,C2-02B,https://www.convergenceindia.org/exhibitors-and-participants-convergence-india.aspx
943,Vayunotics,India,INDIA-DOMESTIC,"Country field in the official convergenceindia.org 'List of Participants' directory (structured per-exhibitor filter data — a 'Country' facet built into the site's own exhibitor search/filter UI, not free text or name-guessed) lists this exhibitor's country as ""India"".",Startup,Hall 1,P50,https://www.convergenceindia.org/exhibitors-and-participants-convergence-india.aspx
944,vConnect iDees (Powered by Zigtex CRM),India,INDIA-DOMESTIC,"Country field in the official convergenceindia.org 'List of Participants' directory (structured per-exhibitor filter data — a 'Country' facet built into the site's own exhibitor search/filter UI, not free text or name-guessed) lists this exhibitor's country as ""India"".",Startup,Hall 1,P79,https://www.convergenceindia.org/exhibitors-and-participants-convergence-india.aspx
945,Veeam,India,INDIA-DOMESTIC,"Country field in the official convergenceindia.org 'List of Participants' directory (structured per-exhibitor filter data — a 'Country' facet built into the site's own exhibitor search/filter UI, not free text or name-guessed) lists this exhibitor's country as ""India"".",IT & Communications,Hall 5,A5-44,https://www.convergenceindia.org/exhibitors-and-participants-convergence-india.aspx
946,Velmenni Research & Development,India,INDIA-DOMESTIC,"Country field in the official convergenceindia.org 'List of Participants' directory (structured per-exhibitor filter data — a 'Country' facet built into the site's own exhibitor search/filter UI, not free text or name-guessed) lists this exhibitor's country as ""India"".",Startup,Hall 1,DST Pavilion,https://www.convergenceindia.org/exhibitors-and-participants-convergence-india.aspx
947,Vembu Technologies Pvt Ltd,India,INDIA-DOMESTIC,"Country field in the official convergenceindia.org 'List of Participants' directory (structured per-exhibitor filter data — a 'Country' facet built into the site's own exhibitor search/filter UI, not free text or name-guessed) lists this exhibitor's country as ""India"".",IT & Communications,Hall 5,D5-55,https://www.convergenceindia.org/exhibitors-and-participants-convergence-india.aspx
948,VerblyAI,India,INDIA-DOMESTIC,"Country field in the official convergenceindia.org 'List of Participants' directory (structured per-exhibitor filter data — a 'Country' facet built into the site's own exhibitor search/filter UI, not free text or name-guessed) lists this exhibitor's country as ""India"".",Startup,Hall 1,P64,https://www.convergenceindia.org/exhibitors-and-participants-convergence-india.aspx
949,Vias3D India,India,INDIA-DOMESTIC,"Country field in the official convergenceindia.org 'List of Participants' directory (structured per-exhibitor filter data — a 'Country' facet built into the site's own exhibitor search/filter UI, not free text or name-guessed) lists this exhibitor's country as ""India"".",IoT & Embedded Tech,Hall 5,E5-92,https://www.convergenceindia.org/exhibitors-and-participants-convergence-india.aspx
950,Vicrt Systems LLP.,United Arab Emirates,FOREIGN,"Country field in the official convergenceindia.org 'List of Participants' directory (structured per-exhibitor filter data — a 'Country' facet built into the site's own exhibitor search/filter UI, not free text or name-guessed) lists this exhibitor's country as ""United Arab Emirates"".",IT & Communications,Hall 2,B2-45,https://www.convergenceindia.org/exhibitors-and-participants-convergence-india.aspx
951,Vidoc Technologies,India,INDIA-DOMESTIC,"Country field in the official convergenceindia.org 'List of Participants' directory (structured per-exhibitor filter data — a 'Country' facet built into the site's own exhibitor search/filter UI, not free text or name-guessed) lists this exhibitor's country as ""India"".",IoT & Embedded Tech,Hall 4,G4-44,https://www.convergenceindia.org/exhibitors-and-participants-convergence-india.aspx
952,VIGYAM GBK LEARN & TECH PRIVATE LIMITED,India,INDIA-DOMESTIC,"Country field in the official convergenceindia.org 'List of Participants' directory (structured per-exhibitor filter data — a 'Country' facet built into the site's own exhibitor search/filter UI, not free text or name-guessed) lists this exhibitor's country as ""India"".",Startup,Hall 1,P83,https://www.convergenceindia.org/exhibitors-and-participants-convergence-india.aspx
953,Vigyanlabs,India,INDIA-DOMESTIC,"Country field in the official convergenceindia.org 'List of Participants' directory (structured per-exhibitor filter data — a 'Country' facet built into the site's own exhibitor search/filter UI, not free text or name-guessed) lists this exhibitor's country as ""India"".",IT & Communications,Hall 3,B3-22,https://www.convergenceindia.org/exhibitors-and-participants-convergence-india.aspx
954,Vimatch India Private Limited,India,INDIA-DOMESTIC,"Country field in the official convergenceindia.org 'List of Participants' directory (structured per-exhibitor filter data — a 'Country' facet built into the site's own exhibitor search/filter UI, not free text or name-guessed) lists this exhibitor's country as ""India"".",Broadcast & Satcom,Hall 5,B5-30,https://www.convergenceindia.org/exhibitors-and-participants-convergence-india.aspx
955,Vindaloo Softtech Pvt. Ltd,India,INDIA-DOMESTIC,"Country field in the official convergenceindia.org 'List of Participants' directory (structured per-exhibitor filter data — a 'Country' facet built into the site's own exhibitor search/filter UI, not free text or name-guessed) lists this exhibitor's country as ""India"".",IoT & Embedded Tech,Hall 4,F4-24,https://www.convergenceindia.org/exhibitors-and-participants-convergence-india.aspx
956,Vinrox Technologies Private Limited,India,INDIA-DOMESTIC,"Country field in the official convergenceindia.org 'List of Participants' directory (structured per-exhibitor filter data — a 'Country' facet built into the site's own exhibitor search/filter UI, not free text or name-guessed) lists this exhibitor's country as ""India"".",IoT & Embedded Tech,Hall 4,B4-19,https://www.convergenceindia.org/exhibitors-and-participants-convergence-india.aspx
957,VINSURWAVES,India,INDIA-DOMESTIC,"Country field in the official convergenceindia.org 'List of Participants' directory (structured per-exhibitor filter data — a 'Country' facet built into the site's own exhibitor search/filter UI, not free text or name-guessed) lists this exhibitor's country as ""India"".",IT & Communications,Hall 5,A5-39,https://www.convergenceindia.org/exhibitors-and-participants-convergence-india.aspx
958,Virtual Height IT Services Pvt Ltd,India,INDIA-DOMESTIC,"Country field in the official convergenceindia.org 'List of Participants' directory (structured per-exhibitor filter data — a 'Country' facet built into the site's own exhibitor search/filter UI, not free text or name-guessed) lists this exhibitor's country as ""India"".",IT & Communications,Hall 5,P106,https://www.convergenceindia.org/exhibitors-and-participants-convergence-india.aspx
959,Virtual Human Resource Assistan,India,INDIA-DOMESTIC,"Country field in the official convergenceindia.org 'List of Participants' directory (structured per-exhibitor filter data — a 'Country' facet built into the site's own exhibitor search/filter UI, not free text or name-guessed) lists this exhibitor's country as ""India"".",Artificial Intelligence,Hall 3,A3-17,https://www.convergenceindia.org/exhibitors-and-participants-convergence-india.aspx
960,Visha World,India,INDIA-DOMESTIC,"Country field in the official convergenceindia.org 'List of Participants' directory (structured per-exhibitor filter data — a 'Country' facet built into the site's own exhibitor search/filter UI, not free text or name-guessed) lists this exhibitor's country as ""India"".",IoT & Embedded Tech,Hall 4,B4-09,https://www.convergenceindia.org/exhibitors-and-participants-convergence-india.aspx
961,VisionBot.com,India,INDIA-DOMESTIC,"Country field in the official convergenceindia.org 'List of Participants' directory (structured per-exhibitor filter data — a 'Country' facet built into the site's own exhibitor search/filter UI, not free text or name-guessed) lists this exhibitor's country as ""India"".",IoT & Embedded Tech,Hall 5,D5-80B,https://www.convergenceindia.org/exhibitors-and-participants-convergence-india.aspx
962,VisionLabs,United Arab Emirates,FOREIGN,"Country field in the official convergenceindia.org 'List of Participants' directory (structured per-exhibitor filter data — a 'Country' facet built into the site's own exhibitor search/filter UI, not free text or name-guessed) lists this exhibitor's country as ""United Arab Emirates"".",IT & Communications,Hall 3,B3-50,https://www.convergenceindia.org/exhibitors-and-participants-convergence-india.aspx
963,Visionplus PMS,United Kingdom,FOREIGN,"Country field in the official convergenceindia.org 'List of Participants' directory (structured per-exhibitor filter data — a 'Country' facet built into the site's own exhibitor search/filter UI, not free text or name-guessed) lists this exhibitor's country as ""United Kingdom"".",IT & Communications,Hall 3,B3-22,https://www.convergenceindia.org/exhibitors-and-participants-convergence-india.aspx
964,VITRACX SOLUTIONS PRIVATE LIMITED,India,INDIA-DOMESTIC,"Country field in the official convergenceindia.org 'List of Participants' directory (structured per-exhibitor filter data — a 'Country' facet built into the site's own exhibitor search/filter UI, not free text or name-guessed) lists this exhibitor's country as ""India"".",Internet of Things,Hall 3,A3-18,https://www.convergenceindia.org/exhibitors-and-participants-convergence-india.aspx
965,VMukti Solutions Pvt. Ltd.,India,INDIA-DOMESTIC,"Country field in the official convergenceindia.org 'List of Participants' directory (structured per-exhibitor filter data — a 'Country' facet built into the site's own exhibitor search/filter UI, not free text or name-guessed) lists this exhibitor's country as ""India"".",IoT & Embedded Tech,Hall 4,F4-06,https://www.convergenceindia.org/exhibitors-and-participants-convergence-india.aspx
966,VOCARIX AI,India,INDIA-DOMESTIC,"Country field in the official convergenceindia.org 'List of Participants' directory (structured per-exhibitor filter data — a 'Country' facet built into the site's own exhibitor search/filter UI, not free text or name-guessed) lists this exhibitor's country as ""India"".",Startup,Hall 1,P114,https://www.convergenceindia.org/exhibitors-and-participants-convergence-india.aspx
967,Vomyra AI,India,INDIA-DOMESTIC,"Country field in the official convergenceindia.org 'List of Participants' directory (structured per-exhibitor filter data — a 'Country' facet built into the site's own exhibitor search/filter UI, not free text or name-guessed) lists this exhibitor's country as ""India"".",Artificial Intelligence,Hall 3,C3-68,https://www.convergenceindia.org/exhibitors-and-participants-convergence-india.aspx
968,Vvoip Setu,India,INDIA-DOMESTIC,"Country field in the official convergenceindia.org 'List of Participants' directory (structured per-exhibitor filter data — a 'Country' facet built into the site's own exhibitor search/filter UI, not free text or name-guessed) lists this exhibitor's country as ""India"".",IT & Communications,Hall 5,C5-215,https://www.convergenceindia.org/exhibitors-and-participants-convergence-india.aspx
969,W3LABS,India,INDIA-DOMESTIC,"Country field in the official convergenceindia.org 'List of Participants' directory (structured per-exhibitor filter data — a 'Country' facet built into the site's own exhibitor search/filter UI, not free text or name-guessed) lists this exhibitor's country as ""India"".",IoT & Embedded Tech,Hall 5,D5-92,https://www.convergenceindia.org/exhibitors-and-participants-convergence-india.aspx
970,WalkingTree Technologies,India,INDIA-DOMESTIC,"Country field in the official convergenceindia.org 'List of Participants' directory (structured per-exhibitor filter data — a 'Country' facet built into the site's own exhibitor search/filter UI, not free text or name-guessed) lists this exhibitor's country as ""India"".",IoT & Embedded Tech,Hall 4,E4-23,https://www.convergenceindia.org/exhibitors-and-participants-convergence-india.aspx
971,WALVIS ARTS PRIVATE LIMITED,India,INDIA-DOMESTIC,"Country field in the official convergenceindia.org 'List of Participants' directory (structured per-exhibitor filter data — a 'Country' facet built into the site's own exhibitor search/filter UI, not free text or name-guessed) lists this exhibitor's country as ""India"".",Startup,Hall 1,P66,https://www.convergenceindia.org/exhibitors-and-participants-convergence-india.aspx
972,Warmup IP,India,INDIA-DOMESTIC,"Country field in the official convergenceindia.org 'List of Participants' directory (structured per-exhibitor filter data — a 'Country' facet built into the site's own exhibitor search/filter UI, not free text or name-guessed) lists this exhibitor's country as ""India"".",FinTech,Hall 2,B2-46,https://www.convergenceindia.org/exhibitors-and-participants-convergence-india.aspx
973,Wattlecorp Cybersecurity Labs,India,INDIA-DOMESTIC,"Country field in the official convergenceindia.org 'List of Participants' directory (structured per-exhibitor filter data — a 'Country' facet built into the site's own exhibitor search/filter UI, not free text or name-guessed) lists this exhibitor's country as ""India"".",Startup,Hall 1,P38,https://www.convergenceindia.org/exhibitors-and-participants-convergence-india.aspx
974,Watts Electronics Pvt. Ltd.,India,INDIA-DOMESTIC,"Country field in the official convergenceindia.org 'List of Participants' directory (structured per-exhibitor filter data — a 'Country' facet built into the site's own exhibitor search/filter UI, not free text or name-guessed) lists this exhibitor's country as ""India"".",IoT & Embedded Tech,Hall 4,D4-14,https://www.convergenceindia.org/exhibitors-and-participants-convergence-india.aspx
975,Wealthoak Advisory LLP,India,INDIA-DOMESTIC,"Country field in the official convergenceindia.org 'List of Participants' directory (structured per-exhibitor filter data — a 'Country' facet built into the site's own exhibitor search/filter UI, not free text or name-guessed) lists this exhibitor's country as ""India"".",Artificial Intelligence,Hall 3,B3-68,https://www.convergenceindia.org/exhibitors-and-participants-convergence-india.aspx
976,Wearable Smart Textile Antennas,India,INDIA-DOMESTIC,"Country field in the official convergenceindia.org 'List of Participants' directory (structured per-exhibitor filter data — a 'Country' facet built into the site's own exhibitor search/filter UI, not free text or name-guessed) lists this exhibitor's country as ""India"".",IoT & Embedded Tech,Hall 5,E5-159,https://www.convergenceindia.org/exhibitors-and-participants-convergence-india.aspx
977,Wearetwodo Digital Services Pvt Ltd,India,INDIA-DOMESTIC,"Country field in the official convergenceindia.org 'List of Participants' directory (structured per-exhibitor filter data — a 'Country' facet built into the site's own exhibitor search/filter UI, not free text or name-guessed) lists this exhibitor's country as ""India"".",IT & Communications,Hall 2,D2-51,https://www.convergenceindia.org/exhibitors-and-participants-convergence-india.aspx
978,Web 3.0 India,India,INDIA-DOMESTIC,"Country field in the official convergenceindia.org 'List of Participants' directory (structured per-exhibitor filter data — a 'Country' facet built into the site's own exhibitor search/filter UI, not free text or name-guessed) lists this exhibitor's country as ""India"".",IoT & Embedded Tech,Hall 4,G4-23A,https://www.convergenceindia.org/exhibitors-and-participants-convergence-india.aspx
979,Webmobril Technologies,India,INDIA-DOMESTIC,"Country field in the official convergenceindia.org 'List of Participants' directory (structured per-exhibitor filter data — a 'Country' facet built into the site's own exhibitor search/filter UI, not free text or name-guessed) lists this exhibitor's country as ""India"".",IoT & Embedded Tech,Hall 4,G4-46,https://www.convergenceindia.org/exhibitors-and-participants-convergence-india.aspx
980,WebReinvent,India,INDIA-DOMESTIC,"Country field in the official convergenceindia.org 'List of Participants' directory (structured per-exhibitor filter data — a 'Country' facet built into the site's own exhibitor search/filter UI, not free text or name-guessed) lists this exhibitor's country as ""India"".",IoT & Embedded Tech,Hall 4,E4-13,https://www.convergenceindia.org/exhibitors-and-participants-convergence-india.aspx
981,Webspiders Interweb Private Limited,India,INDIA-DOMESTIC,"Country field in the official convergenceindia.org 'List of Participants' directory (structured per-exhibitor filter data — a 'Country' facet built into the site's own exhibitor search/filter UI, not free text or name-guessed) lists this exhibitor's country as ""India"".",IT & Communications,Hall 3,B3-80,https://www.convergenceindia.org/exhibitors-and-participants-convergence-india.aspx
982,Wemonde Pvt Ltd,India,INDIA-DOMESTIC,"Country field in the official convergenceindia.org 'List of Participants' directory (structured per-exhibitor filter data — a 'Country' facet built into the site's own exhibitor search/filter UI, not free text or name-guessed) lists this exhibitor's country as ""India"".",IoT & Embedded Tech,Hall 5,D5-87,https://www.convergenceindia.org/exhibitors-and-participants-convergence-india.aspx
983,WESTERN DIGITAL,India,INDIA-DOMESTIC,"Country field in the official convergenceindia.org 'List of Participants' directory (structured per-exhibitor filter data — a 'Country' facet built into the site's own exhibitor search/filter UI, not free text or name-guessed) lists this exhibitor's country as ""India"".",IT & Communications,Hall 5,A5-91,https://www.convergenceindia.org/exhibitors-and-participants-convergence-india.aspx
984,Westway Electronics,India,INDIA-DOMESTIC,"Country field in the official convergenceindia.org 'List of Participants' directory (structured per-exhibitor filter data — a 'Country' facet built into the site's own exhibitor search/filter UI, not free text or name-guessed) lists this exhibitor's country as ""India"".",IoT & Embedded Tech,Hall 4,D4-16,https://www.convergenceindia.org/exhibitors-and-participants-convergence-india.aspx
985,Whalebone Peacemaker,India,INDIA-DOMESTIC,"Country field in the official convergenceindia.org 'List of Participants' directory (structured per-exhibitor filter data — a 'Country' facet built into the site's own exhibitor search/filter UI, not free text or name-guessed) lists this exhibitor's country as ""India"".",Internet of Things,Hall 5,A5-32,https://www.convergenceindia.org/exhibitors-and-participants-convergence-india.aspx
986,Whistlemind Technologies LLP,India,INDIA-DOMESTIC,"Country field in the official convergenceindia.org 'List of Participants' directory (structured per-exhibitor filter data — a 'Country' facet built into the site's own exhibitor search/filter UI, not free text or name-guessed) lists this exhibitor's country as ""India"".",Startup,Hall 1,P95,https://www.convergenceindia.org/exhibitors-and-participants-convergence-india.aspx
987,WILD CATS MEDIA,India,INDIA-DOMESTIC,"Country field in the official convergenceindia.org 'List of Participants' directory (structured per-exhibitor filter data — a 'Country' facet built into the site's own exhibitor search/filter UI, not free text or name-guessed) lists this exhibitor's country as ""India"".",Artificial Intelligence,Hall 3,A3-17,https://www.convergenceindia.org/exhibitors-and-participants-convergence-india.aspx
988,Wincomm Corporation,Taiwan,FOREIGN,"Country field in the official convergenceindia.org 'List of Participants' directory (structured per-exhibitor filter data — a 'Country' facet built into the site's own exhibitor search/filter UI, not free text or name-guessed) lists this exhibitor's country as ""Taiwan"".",IT & Communications,Hall 5,A5-150,https://www.convergenceindia.org/exhibitors-and-participants-convergence-india.aspx
989,Windsor Exports,India,INDIA-DOMESTIC,"Country field in the official convergenceindia.org 'List of Participants' directory (structured per-exhibitor filter data — a 'Country' facet built into the site's own exhibitor search/filter UI, not free text or name-guessed) lists this exhibitor's country as ""India"".",Smart Mobility,Hall 1,A1-18,https://www.convergenceindia.org/exhibitors-and-participants-convergence-india.aspx
990,WISEPOWER ENTERPRISE INDIA PVT. LTD.,India,INDIA-DOMESTIC,"Country field in the official convergenceindia.org 'List of Participants' directory (structured per-exhibitor filter data — a 'Country' facet built into the site's own exhibitor search/filter UI, not free text or name-guessed) lists this exhibitor's country as ""India"".",Smart Mobility,Hall 5,C5-120,https://www.convergenceindia.org/exhibitors-and-participants-convergence-india.aspx
991,WITSCLASS SOLUTIONS PRIVATE LIMITED,India,INDIA-DOMESTIC,"Country field in the official convergenceindia.org 'List of Participants' directory (structured per-exhibitor filter data — a 'Country' facet built into the site's own exhibitor search/filter UI, not free text or name-guessed) lists this exhibitor's country as ""India"".",Startup,Hall 1,P39,https://www.convergenceindia.org/exhibitors-and-participants-convergence-india.aspx
992,WORKVANA - TO ACHIEVE NIRVANA,India,INDIA-DOMESTIC,"Country field in the official convergenceindia.org 'List of Participants' directory (structured per-exhibitor filter data — a 'Country' facet built into the site's own exhibitor search/filter UI, not free text or name-guessed) lists this exhibitor's country as ""India"".",IoT & Embedded Tech,Hall 4,G4-07A,https://www.convergenceindia.org/exhibitors-and-participants-convergence-india.aspx
993,Wyse Biometrics Systems Pvt Ltd,India,INDIA-DOMESTIC,"Country field in the official convergenceindia.org 'List of Participants' directory (structured per-exhibitor filter data — a 'Country' facet built into the site's own exhibitor search/filter UI, not free text or name-guessed) lists this exhibitor's country as ""India"".",IoT & Embedded Tech,Hall 4,B4-29,https://www.convergenceindia.org/exhibitors-and-participants-convergence-india.aspx
994,Xapien Innovatus Private Limited,India,INDIA-DOMESTIC,"Country field in the official convergenceindia.org 'List of Participants' directory (structured per-exhibitor filter data — a 'Country' facet built into the site's own exhibitor search/filter UI, not free text or name-guessed) lists this exhibitor's country as ""India"".",Startup,Hall 1,P40,https://www.convergenceindia.org/exhibitors-and-participants-convergence-india.aspx
995,X-Biz Techventures Private Limited,India,INDIA-DOMESTIC,"Country field in the official convergenceindia.org 'List of Participants' directory (structured per-exhibitor filter data — a 'Country' facet built into the site's own exhibitor search/filter UI, not free text or name-guessed) lists this exhibitor's country as ""India"".",IoT & Embedded Tech,Hall 4,G4-05,https://www.convergenceindia.org/exhibitors-and-participants-convergence-india.aspx
996,Xcelore,India,INDIA-DOMESTIC,"Country field in the official convergenceindia.org 'List of Participants' directory (structured per-exhibitor filter data — a 'Country' facet built into the site's own exhibitor search/filter UI, not free text or name-guessed) lists this exhibitor's country as ""India"".",Artificial Intelligence,Hall 3,C3-23,https://www.convergenceindia.org/exhibitors-and-participants-convergence-india.aspx
997,XELE Labs LLP,India,INDIA-DOMESTIC,"Country field in the official convergenceindia.org 'List of Participants' directory (structured per-exhibitor filter data — a 'Country' facet built into the site's own exhibitor search/filter UI, not free text or name-guessed) lists this exhibitor's country as ""India"".",Internet of Things,Hall 5,A5-32,https://www.convergenceindia.org/exhibitors-and-participants-convergence-india.aspx
998,Xflow Payments,India,INDIA-DOMESTIC,"Country field in the official convergenceindia.org 'List of Participants' directory (structured per-exhibitor filter data — a 'Country' facet built into the site's own exhibitor search/filter UI, not free text or name-guessed) lists this exhibitor's country as ""India"".",FinTech,Hall 2,A2- 37,https://www.convergenceindia.org/exhibitors-and-participants-convergence-india.aspx
999,"Xiamen CHEERZING IoT Technology Co., Ltd.",China,FOREIGN,"Country field in the official convergenceindia.org 'List of Participants' directory (structured per-exhibitor filter data — a 'Country' facet built into the site's own exhibitor search/filter UI, not free text or name-guessed) lists this exhibitor's country as ""China"".",Internet of Things,Hall 3,B3-25,https://www.convergenceindia.org/exhibitors-and-participants-convergence-india.aspx
1000,Xmonies (XeOPAR Fintech Pvt. Ltd.),India,INDIA-DOMESTIC,"Country field in the official convergenceindia.org 'List of Participants' directory (structured per-exhibitor filter data — a 'Country' facet built into the site's own exhibitor search/filter UI, not free text or name-guessed) lists this exhibitor's country as ""India"".",Startup,Hall 1,E1-01,https://www.convergenceindia.org/exhibitors-and-participants-convergence-india.aspx
1001,Xorcom,India,INDIA-DOMESTIC,"Country field in the official convergenceindia.org 'List of Participants' directory (structured per-exhibitor filter data — a 'Country' facet built into the site's own exhibitor search/filter UI, not free text or name-guessed) lists this exhibitor's country as ""India"".",IT & Communications,Hall 5,C5-280,https://www.convergenceindia.org/exhibitors-and-participants-convergence-india.aspx
1002,Xproguard,India,INDIA-DOMESTIC,"Country field in the official convergenceindia.org 'List of Participants' directory (structured per-exhibitor filter data — a 'Country' facet built into the site's own exhibitor search/filter UI, not free text or name-guessed) lists this exhibitor's country as ""India"".",Startup,Hall 1,P53,https://www.convergenceindia.org/exhibitors-and-participants-convergence-india.aspx
1003,XXR COMMUNICATION,China,FOREIGN,"Country field in the official convergenceindia.org 'List of Participants' directory (structured per-exhibitor filter data — a 'Country' facet built into the site's own exhibitor search/filter UI, not free text or name-guessed) lists this exhibitor's country as ""China"".",IT & Communications,Hall 5,B5-130,https://www.convergenceindia.org/exhibitors-and-participants-convergence-india.aspx
1004,Yeastar Information Technology  Co. Ltd,China,FOREIGN,"Country field in the official convergenceindia.org 'List of Participants' directory (structured per-exhibitor filter data — a 'Country' facet built into the site's own exhibitor search/filter UI, not free text or name-guessed) lists this exhibitor's country as ""China"".",IT & Communications,Hall 5,D5-84,https://www.convergenceindia.org/exhibitors-and-participants-convergence-india.aspx
1005,Yesautomate,India,INDIA-DOMESTIC,"Country field in the official convergenceindia.org 'List of Participants' directory (structured per-exhibitor filter data — a 'Country' facet built into the site's own exhibitor search/filter UI, not free text or name-guessed) lists this exhibitor's country as ""India"".",IoT & Embedded Tech,Hall 5,D5-94,https://www.convergenceindia.org/exhibitors-and-participants-convergence-india.aspx
1006,Yokogawa,India,INDIA-DOMESTIC,"Country field in the official convergenceindia.org 'List of Participants' directory (structured per-exhibitor filter data — a 'Country' facet built into the site's own exhibitor search/filter UI, not free text or name-guessed) lists this exhibitor's country as ""India"".",IT & Communications,Hall 5,A5-10,https://www.convergenceindia.org/exhibitors-and-participants-convergence-india.aspx
1007,Yugtronics Bharat-Yuge,India,INDIA-DOMESTIC,"Country field in the official convergenceindia.org 'List of Participants' directory (structured per-exhibitor filter data — a 'Country' facet built into the site's own exhibitor search/filter UI, not free text or name-guessed) lists this exhibitor's country as ""India"".",IoT & Embedded Tech,Hall 4,B4-16,https://www.convergenceindia.org/exhibitors-and-participants-convergence-india.aspx
1008,ZAPIM (Quick SMS Networks),India,INDIA-DOMESTIC,"Country field in the official convergenceindia.org 'List of Participants' directory (structured per-exhibitor filter data — a 'Country' facet built into the site's own exhibitor search/filter UI, not free text or name-guessed) lists this exhibitor's country as ""India"".",IT & Communications,Hall 5,B5-85,https://www.convergenceindia.org/exhibitors-and-participants-convergence-india.aspx
1009,Zeblok Comp.,India,INDIA-DOMESTIC,"Country field in the official convergenceindia.org 'List of Participants' directory (structured per-exhibitor filter data — a 'Country' facet built into the site's own exhibitor search/filter UI, not free text or name-guessed) lists this exhibitor's country as ""India"".",IT & Communications,Hall 3,C3-41,https://www.convergenceindia.org/exhibitors-and-participants-convergence-india.aspx
1010,Zenisk Insurance Brokers Private Ltd,India,INDIA-DOMESTIC,"Country field in the official convergenceindia.org 'List of Participants' directory (structured per-exhibitor filter data — a 'Country' facet built into the site's own exhibitor search/filter UI, not free text or name-guessed) lists this exhibitor's country as ""India"".",Startup,Hall 1,P43,https://www.convergenceindia.org/exhibitors-and-participants-convergence-india.aspx
1011,Zentrixel Private Limited,India,INDIA-DOMESTIC,"Country field in the official convergenceindia.org 'List of Participants' directory (structured per-exhibitor filter data — a 'Country' facet built into the site's own exhibitor search/filter UI, not free text or name-guessed) lists this exhibitor's country as ""India"".",Startup,Hall 1,P102,https://www.convergenceindia.org/exhibitors-and-participants-convergence-india.aspx
1012,Zerowatt Energy,India,INDIA-DOMESTIC,"Country field in the official convergenceindia.org 'List of Participants' directory (structured per-exhibitor filter data — a 'Country' facet built into the site's own exhibitor search/filter UI, not free text or name-guessed) lists this exhibitor's country as ""India"".",Startup,Hall 1,P41,https://www.convergenceindia.org/exhibitors-and-participants-convergence-india.aspx
1013,"Zhejiang Grandway Telecommunication Technology Co., Limited",China,FOREIGN,"Country field in the official convergenceindia.org 'List of Participants' directory (structured per-exhibitor filter data — a 'Country' facet built into the site's own exhibitor search/filter UI, not free text or name-guessed) lists this exhibitor's country as ""China"".",IT & Communications,Hall 5,B5-55,https://www.convergenceindia.org/exhibitors-and-participants-convergence-india.aspx
1014,"Zhuhai Gotech Intelligent Technology Co., Ltd.",China,FOREIGN,"Country field in the official convergenceindia.org 'List of Participants' directory (structured per-exhibitor filter data — a 'Country' facet built into the site's own exhibitor search/filter UI, not free text or name-guessed) lists this exhibitor's country as ""China"".",IT & Communications,Hall 5,B5-126,https://www.convergenceindia.org/exhibitors-and-participants-convergence-india.aspx
1015,Zoho Corporation Pvt Ltd,India,INDIA-DOMESTIC,"Country field in the official convergenceindia.org 'List of Participants' directory (structured per-exhibitor filter data — a 'Country' facet built into the site's own exhibitor search/filter UI, not free text or name-guessed) lists this exhibitor's country as ""India"".",FinTech,Hall 2,A2-42,https://www.convergenceindia.org/exhibitors-and-participants-convergence-india.aspx
1016,Zoom,India,INDIA-DOMESTIC,"Country field in the official convergenceindia.org 'List of Participants' directory (structured per-exhibitor filter data — a 'Country' facet built into the site's own exhibitor search/filter UI, not free text or name-guessed) lists this exhibitor's country as ""India"".",Artificial Intelligence,Hall 3,C3-40,https://www.convergenceindia.org/exhibitors-and-participants-convergence-india.aspx
1017,Zozo Connect Private Limited,India,INDIA-DOMESTIC,"Country field in the official convergenceindia.org 'List of Participants' directory (structured per-exhibitor filter data — a 'Country' facet built into the site's own exhibitor search/filter UI, not free text or name-guessed) lists this exhibitor's country as ""India"".",Startup,Hall 1,P121,https://www.convergenceindia.org/exhibitors-and-participants-convergence-india.aspx
1018,Zwift Solutions,India,INDIA-DOMESTIC,"Country field in the official convergenceindia.org 'List of Participants' directory (structured per-exhibitor filter data — a 'Country' facet built into the site's own exhibitor search/filter UI, not free text or name-guessed) lists this exhibitor's country as ""India"".",Startup,Hall 1,P34,https://www.convergenceindia.org/exhibitors-and-participants-convergence-india.aspx
1019,Zybra Pvt Ltd,India,INDIA-DOMESTIC,"Country field in the official convergenceindia.org 'List of Participants' directory (structured per-exhibitor filter data — a 'Country' facet built into the site's own exhibitor search/filter UI, not free text or name-guessed) lists this exhibitor's country as ""India"".",Startup,Hall 1,P70,https://www.convergenceindia.org/exhibitors-and-participants-convergence-india.aspx
1020,Zyro,India,INDIA-DOMESTIC,"Country field in the official convergenceindia.org 'List of Participants' directory (structured per-exhibitor filter data — a 'Country' facet built into the site's own exhibitor search/filter UI, not free text or name-guessed) lists this exhibitor's country as ""India"".",FinTech,Hall 2,B2-24,https://www.convergenceindia.org/exhibitors-and-participants-convergence-india.aspx
1021,Zyxel Networks,Taiwan,FOREIGN,"Country field in the official convergenceindia.org 'List of Participants' directory (structured per-exhibitor filter data — a 'Country' facet built into the site's own exhibitor search/filter UI, not free text or name-guessed) lists this exhibitor's country as ""Taiwan"".",IT & Communications,Hall 5,A5-150,https://www.convergenceindia.org/exhibitors-and-participants-convergence-india.aspx
